slot_id,season_id,division,graphic_group,graphic_row,slot_number,image_path,source_file,crop_x,crop_y,crop_width,crop_height,team_name,team_name_normalized,person_name,person_name_normalized,suggested_pokemon,suggested_pokemon_normalized,suggestion_rank,suggestion_confidence,data_status,source_urls
season_003_gpl_teams_spieltag_14_1_row_1_01,season_003,Regular Season,season_003_gpl_teams_spieltag_14_1_row_1,1,1,../output/team-graphics/s3/GPL Teams Spieltag 14 (1).jpg,output/team-graphics/s3/GPL Teams Spieltag 14 (1).jpg,210,64,76,76,,,,,,,,,graphic_slot,output/team-graphics/s3/GPL Teams Spieltag 14 (1).jpg
season_003_gpl_teams_spieltag_14_1_row_1_02,season_003,Regular Season,season_003_gpl_teams_spieltag_14_1_row_1,1,2,../output/team-graphics/s3/GPL Teams Spieltag 14 (1).jpg,output/team-graphics/s3/GPL Teams Spieltag 14 (1).jpg,302,64,76,76,,,,,,,,,graphic_slot,output/team-graphics/s3/GPL Teams Spieltag 14 (1).jpg
season_003_gpl_teams_spieltag_14_1_row_1_03,season_003,Regular Season,season_003_gpl_teams_spieltag_14_1_row_1,1,3,../output/team-graphics/s3/GPL Teams Spieltag 14 (1).jpg,output/team-graphics/s3/GPL Teams Spieltag 14 (1).jpg,394,64,76,76,,,,,,,,,graphic_slot,output/team-graphics/s3/GPL Teams Spieltag 14 (1).jpg
season_003_gpl_teams_spieltag_14_1_row_1_04,season_003,Regular Season,season_003_gpl_teams_spieltag_14_1_row_1,1,4,../output/team-graphics/s3/GPL Teams Spieltag 14 (1).jpg,output/team-graphics/s3/GPL Teams Spieltag 14 (1).jpg,486,64,76,76,,,,,,,,,graphic_slot,output/team-graphics/s3/GPL Teams Spieltag 14 (1).jpg
season_003_gpl_teams_spieltag_14_1_row_1_05,season_003,Regular Season,season_003_gpl_teams_spieltag_14_1_row_1,1,5,../output/team-graphics/s3/GPL Teams Spieltag 14 (1).jpg,output/team-graphics/s3/GPL Teams Spieltag 14 (1).jpg,578,64,76,76,,,,,,,,,graphic_slot,output/team-graphics/s3/GPL Teams Spieltag 14 (1).jpg
season_003_gpl_teams_spieltag_14_1_row_1_06,season_003,Regular Season,season_003_gpl_teams_spieltag_14_1_row_1,1,6,../output/team-graphics/s3/GPL Teams Spieltag 14 (1).jpg,output/team-graphics/s3/GPL Teams Spieltag 14 (1).jpg,670,64,76,76,,,,,,,,,graphic_slot,output/team-graphics/s3/GPL Teams Spieltag 14 (1).jpg
season_003_gpl_teams_spieltag_14_1_row_1_07,season_003,Regular Season,season_003_gpl_teams_spieltag_14_1_row_1,1,7,../output/team-graphics/s3/GPL Teams Spieltag 14 (1).jpg,output/team-graphics/s3/GPL Teams Spieltag 14 (1).jpg,762,64,76,76,,,,,,,,,graphic_slot,output/team-graphics/s3/GPL Teams Spieltag 14 (1).jpg
season_003_gpl_teams_spieltag_14_1_row_1_08,season_003,Regular Season,season_003_gpl_teams_spieltag_14_1_row_1,1,8,../output/team-graphics/s3/GPL Teams Spieltag 14 (1).jpg,output/team-graphics/s3/GPL Teams Spieltag 14 (1).jpg,854,64,76,76,,,,,,,,,graphic_slot,output/team-graphics/s3/GPL Teams Spieltag 14 (1).jpg
season_003_gpl_teams_spieltag_14_1_row_1_09,season_003,Regular Season,season_003_gpl_teams_spieltag_14_1_row_1,1,9,../output/team-graphics/s3/GPL Teams Spieltag 14 (1).jpg,output/team-graphics/s3/GPL Teams Spieltag 14 (1).jpg,946,64,76,76,,,,,,,,,graphic_slot,output/team-graphics/s3/GPL Teams Spieltag 14 (1).jpg
season_003_gpl_teams_spieltag_14_1_row_1_10,season_003,Regular Season,season_003_gpl_teams_spieltag_14_1_row_1,1,10,../output/team-graphics/s3/GPL Teams Spieltag 14 (1).jpg,output/team-graphics/s3/GPL Teams Spieltag 14 (1).jpg,1038,64,76,76,,,,,,,,,graphic_slot,output/team-graphics/s3/GPL Teams Spieltag 14 (1).jpg
season_003_gpl_teams_spieltag_14_1_row_1_11,season_003,Regular Season,season_003_gpl_teams_spieltag_14_1_row_1,1,11,../output/team-graphics/s3/GPL Teams Spieltag 14 (1).jpg,output/team-graphics/s3/GPL Teams Spieltag 14 (1).jpg,1130,64,76,76,,,,,,,,,graphic_slot,output/team-graphics/s3/GPL Teams Spieltag 14 (1).jpg
season_003_gpl_teams_spieltag_14_1_row_2_12,season_003,Regular Season,season_003_gpl_teams_spieltag_14_1_row_2,2,12,../output/team-graphics/s3/GPL Teams Spieltag 14 (1).jpg,output/team-graphics/s3/GPL Teams Spieltag 14 (1).jpg,210,151,76,76,,,,,,,,,graphic_slot,output/team-graphics/s3/GPL Teams Spieltag 14 (1).jpg
season_003_gpl_teams_spieltag_14_1_row_2_13,season_003,Regular Season,season_003_gpl_teams_spieltag_14_1_row_2,2,13,../output/team-graphics/s3/GPL Teams Spieltag 14 (1).jpg,output/team-graphics/s3/GPL Teams Spieltag 14 (1).jpg,302,151,76,76,,,,,,,,,graphic_slot,output/team-graphics/s3/GPL Teams Spieltag 14 (1).jpg
season_003_gpl_teams_spieltag_14_1_row_2_14,season_003,Regular Season,season_003_gpl_teams_spieltag_14_1_row_2,2,14,../output/team-graphics/s3/GPL Teams Spieltag 14 (1).jpg,output/team-graphics/s3/GPL Teams Spieltag 14 (1).jpg,394,151,76,76,,,,,,,,,graphic_slot,output/team-graphics/s3/GPL Teams Spieltag 14 (1).jpg
season_003_gpl_teams_spieltag_14_1_row_2_15,season_003,Regular Season,season_003_gpl_teams_spieltag_14_1_row_2,2,15,../output/team-graphics/s3/GPL Teams Spieltag 14 (1).jpg,output/team-graphics/s3/GPL Teams Spieltag 14 (1).jpg,486,151,76,76,,,,,,,,,graphic_slot,output/team-graphics/s3/GPL Teams Spieltag 14 (1).jpg
season_003_gpl_teams_spieltag_14_1_row_2_16,season_003,Regular Season,season_003_gpl_teams_spieltag_14_1_row_2,2,16,../output/team-graphics/s3/GPL Teams Spieltag 14 (1).jpg,output/team-graphics/s3/GPL Teams Spieltag 14 (1).jpg,578,151,76,76,,,,,,,,,graphic_slot,output/team-graphics/s3/GPL Teams Spieltag 14 (1).jpg
season_003_gpl_teams_spieltag_14_1_row_2_17,season_003,Regular Season,season_003_gpl_teams_spieltag_14_1_row_2,2,17,../output/team-graphics/s3/GPL Teams Spieltag 14 (1).jpg,output/team-graphics/s3/GPL Teams Spieltag 14 (1).jpg,670,151,76,76,,,,,,,,,graphic_slot,output/team-graphics/s3/GPL Teams Spieltag 14 (1).jpg
season_003_gpl_teams_spieltag_14_1_row_2_18,season_003,Regular Season,season_003_gpl_teams_spieltag_14_1_row_2,2,18,../output/team-graphics/s3/GPL Teams Spieltag 14 (1).jpg,output/team-graphics/s3/GPL Teams Spieltag 14 (1).jpg,762,151,76,76,,,,,,,,,graphic_slot,output/team-graphics/s3/GPL Teams Spieltag 14 (1).jpg
season_003_gpl_teams_spieltag_14_1_row_2_19,season_003,Regular Season,season_003_gpl_teams_spieltag_14_1_row_2,2,19,../output/team-graphics/s3/GPL Teams Spieltag 14 (1).jpg,output/team-graphics/s3/GPL Teams Spieltag 14 (1).jpg,854,151,76,76,,,,,,,,,graphic_slot,output/team-graphics/s3/GPL Teams Spieltag 14 (1).jpg
season_003_gpl_teams_spieltag_14_1_row_2_20,season_003,Regular Season,season_003_gpl_teams_spieltag_14_1_row_2,2,20,../output/team-graphics/s3/GPL Teams Spieltag 14 (1).jpg,output/team-graphics/s3/GPL Teams Spieltag 14 (1).jpg,946,151,76,76,,,,,,,,,graphic_slot,output/team-graphics/s3/GPL Teams Spieltag 14 (1).jpg
season_003_gpl_teams_spieltag_14_1_row_2_21,season_003,Regular Season,season_003_gpl_teams_spieltag_14_1_row_2,2,21,../output/team-graphics/s3/GPL Teams Spieltag 14 (1).jpg,output/team-graphics/s3/GPL Teams Spieltag 14 (1).jpg,1038,151,76,76,,,,,,,,,graphic_slot,output/team-graphics/s3/GPL Teams Spieltag 14 (1).jpg
season_003_gpl_teams_spieltag_14_1_row_2_22,season_003,Regular Season,season_003_gpl_teams_spieltag_14_1_row_2,2,22,../output/team-graphics/s3/GPL Teams Spieltag 14 (1).jpg,output/team-graphics/s3/GPL Teams Spieltag 14 (1).jpg,1130,151,76,76,,,,,,,,,graphic_slot,output/team-graphics/s3/GPL Teams Spieltag 14 (1).jpg
season_003_gpl_teams_spieltag_14_1_row_3_23,season_003,Regular Season,season_003_gpl_teams_spieltag_14_1_row_3,3,23,../output/team-graphics/s3/GPL Teams Spieltag 14 (1).jpg,output/team-graphics/s3/GPL Teams Spieltag 14 (1).jpg,210,238,76,76,,,,,,,,,graphic_slot,output/team-graphics/s3/GPL Teams Spieltag 14 (1).jpg
season_003_gpl_teams_spieltag_14_1_row_3_24,season_003,Regular Season,season_003_gpl_teams_spieltag_14_1_row_3,3,24,../output/team-graphics/s3/GPL Teams Spieltag 14 (1).jpg,output/team-graphics/s3/GPL Teams Spieltag 14 (1).jpg,302,238,76,76,,,,,,,,,graphic_slot,output/team-graphics/s3/GPL Teams Spieltag 14 (1).jpg
season_003_gpl_teams_spieltag_14_1_row_3_25,season_003,Regular Season,season_003_gpl_teams_spieltag_14_1_row_3,3,25,../output/team-graphics/s3/GPL Teams Spieltag 14 (1).jpg,output/team-graphics/s3/GPL Teams Spieltag 14 (1).jpg,394,238,76,76,,,,,,,,,graphic_slot,output/team-graphics/s3/GPL Teams Spieltag 14 (1).jpg
season_003_gpl_teams_spieltag_14_1_row_3_26,season_003,Regular Season,season_003_gpl_teams_spieltag_14_1_row_3,3,26,../output/team-graphics/s3/GPL Teams Spieltag 14 (1).jpg,output/team-graphics/s3/GPL Teams Spieltag 14 (1).jpg,486,238,76,76,,,,,,,,,graphic_slot,output/team-graphics/s3/GPL Teams Spieltag 14 (1).jpg
season_003_gpl_teams_spieltag_14_1_row_3_27,season_003,Regular Season,season_003_gpl_teams_spieltag_14_1_row_3,3,27,../output/team-graphics/s3/GPL Teams Spieltag 14 (1).jpg,output/team-graphics/s3/GPL Teams Spieltag 14 (1).jpg,578,238,76,76,,,,,,,,,graphic_slot,output/team-graphics/s3/GPL Teams Spieltag 14 (1).jpg
season_003_gpl_teams_spieltag_14_1_row_3_28,season_003,Regular Season,season_003_gpl_teams_spieltag_14_1_row_3,3,28,../output/team-graphics/s3/GPL Teams Spieltag 14 (1).jpg,output/team-graphics/s3/GPL Teams Spieltag 14 (1).jpg,670,238,76,76,,,,,,,,,graphic_slot,output/team-graphics/s3/GPL Teams Spieltag 14 (1).jpg
season_003_gpl_teams_spieltag_14_1_row_3_29,season_003,Regular Season,season_003_gpl_teams_spieltag_14_1_row_3,3,29,../output/team-graphics/s3/GPL Teams Spieltag 14 (1).jpg,output/team-graphics/s3/GPL Teams Spieltag 14 (1).jpg,762,238,76,76,,,,,,,,,graphic_slot,output/team-graphics/s3/GPL Teams Spieltag 14 (1).jpg
season_003_gpl_teams_spieltag_14_1_row_3_30,season_003,Regular Season,season_003_gpl_teams_spieltag_14_1_row_3,3,30,../output/team-graphics/s3/GPL Teams Spieltag 14 (1).jpg,output/team-graphics/s3/GPL Teams Spieltag 14 (1).jpg,854,238,76,76,,,,,,,,,graphic_slot,output/team-graphics/s3/GPL Teams Spieltag 14 (1).jpg
season_003_gpl_teams_spieltag_14_1_row_3_31,season_003,Regular Season,season_003_gpl_teams_spieltag_14_1_row_3,3,31,../output/team-graphics/s3/GPL Teams Spieltag 14 (1).jpg,output/team-graphics/s3/GPL Teams Spieltag 14 (1).jpg,946,238,76,76,,,,,,,,,graphic_slot,output/team-graphics/s3/GPL Teams Spieltag 14 (1).jpg
season_003_gpl_teams_spieltag_14_1_row_3_32,season_003,Regular Season,season_003_gpl_teams_spieltag_14_1_row_3,3,32,../output/team-graphics/s3/GPL Teams Spieltag 14 (1).jpg,output/team-graphics/s3/GPL Teams Spieltag 14 (1).jpg,1038,238,76,76,,,,,,,,,graphic_slot,output/team-graphics/s3/GPL Teams Spieltag 14 (1).jpg
season_003_gpl_teams_spieltag_14_1_row_3_33,season_003,Regular Season,season_003_gpl_teams_spieltag_14_1_row_3,3,33,../output/team-graphics/s3/GPL Teams Spieltag 14 (1).jpg,output/team-graphics/s3/GPL Teams Spieltag 14 (1).jpg,1130,238,76,76,,,,,,,,,graphic_slot,output/team-graphics/s3/GPL Teams Spieltag 14 (1).jpg
season_003_gpl_teams_spieltag_14_1_row_4_34,season_003,Regular Season,season_003_gpl_teams_spieltag_14_1_row_4,4,34,../output/team-graphics/s3/GPL Teams Spieltag 14 (1).jpg,output/team-graphics/s3/GPL Teams Spieltag 14 (1).jpg,210,325,76,76,,,,,,,,,graphic_slot,output/team-graphics/s3/GPL Teams Spieltag 14 (1).jpg
season_003_gpl_teams_spieltag_14_1_row_4_35,season_003,Regular Season,season_003_gpl_teams_spieltag_14_1_row_4,4,35,../output/team-graphics/s3/GPL Teams Spieltag 14 (1).jpg,output/team-graphics/s3/GPL Teams Spieltag 14 (1).jpg,302,325,76,76,,,,,,,,,graphic_slot,output/team-graphics/s3/GPL Teams Spieltag 14 (1).jpg
season_003_gpl_teams_spieltag_14_1_row_4_36,season_003,Regular Season,season_003_gpl_teams_spieltag_14_1_row_4,4,36,../output/team-graphics/s3/GPL Teams Spieltag 14 (1).jpg,output/team-graphics/s3/GPL Teams Spieltag 14 (1).jpg,394,325,76,76,,,,,,,,,graphic_slot,output/team-graphics/s3/GPL Teams Spieltag 14 (1).jpg
season_003_gpl_teams_spieltag_14_1_row_4_37,season_003,Regular Season,season_003_gpl_teams_spieltag_14_1_row_4,4,37,../output/team-graphics/s3/GPL Teams Spieltag 14 (1).jpg,output/team-graphics/s3/GPL Teams Spieltag 14 (1).jpg,486,325,76,76,,,,,,,,,graphic_slot,output/team-graphics/s3/GPL Teams Spieltag 14 (1).jpg
season_003_gpl_teams_spieltag_14_1_row_4_38,season_003,Regular Season,season_003_gpl_teams_spieltag_14_1_row_4,4,38,../output/team-graphics/s3/GPL Teams Spieltag 14 (1).jpg,output/team-graphics/s3/GPL Teams Spieltag 14 (1).jpg,578,325,76,76,,,,,,,,,graphic_slot,output/team-graphics/s3/GPL Teams Spieltag 14 (1).jpg
season_003_gpl_teams_spieltag_14_1_row_4_39,season_003,Regular Season,season_003_gpl_teams_spieltag_14_1_row_4,4,39,../output/team-graphics/s3/GPL Teams Spieltag 14 (1).jpg,output/team-graphics/s3/GPL Teams Spieltag 14 (1).jpg,670,325,76,76,,,,,,,,,graphic_slot,output/team-graphics/s3/GPL Teams Spieltag 14 (1).jpg
season_003_gpl_teams_spieltag_14_1_row_4_40,season_003,Regular Season,season_003_gpl_teams_spieltag_14_1_row_4,4,40,../output/team-graphics/s3/GPL Teams Spieltag 14 (1).jpg,output/team-graphics/s3/GPL Teams Spieltag 14 (1).jpg,762,325,76,76,,,,,,,,,graphic_slot,output/team-graphics/s3/GPL Teams Spieltag 14 (1).jpg
season_003_gpl_teams_spieltag_14_1_row_4_41,season_003,Regular Season,season_003_gpl_teams_spieltag_14_1_row_4,4,41,../output/team-graphics/s3/GPL Teams Spieltag 14 (1).jpg,output/team-graphics/s3/GPL Teams Spieltag 14 (1).jpg,854,325,76,76,,,,,,,,,graphic_slot,output/team-graphics/s3/GPL Teams Spieltag 14 (1).jpg
season_003_gpl_teams_spieltag_14_1_row_4_42,season_003,Regular Season,season_003_gpl_teams_spieltag_14_1_row_4,4,42,../output/team-graphics/s3/GPL Teams Spieltag 14 (1).jpg,output/team-graphics/s3/GPL Teams Spieltag 14 (1).jpg,946,325,76,76,,,,,,,,,graphic_slot,output/team-graphics/s3/GPL Teams Spieltag 14 (1).jpg
season_003_gpl_teams_spieltag_14_1_row_4_43,season_003,Regular Season,season_003_gpl_teams_spieltag_14_1_row_4,4,43,../output/team-graphics/s3/GPL Teams Spieltag 14 (1).jpg,output/team-graphics/s3/GPL Teams Spieltag 14 (1).jpg,1038,325,76,76,,,,,,,,,graphic_slot,output/team-graphics/s3/GPL Teams Spieltag 14 (1).jpg
season_003_gpl_teams_spieltag_14_1_row_4_44,season_003,Regular Season,season_003_gpl_teams_spieltag_14_1_row_4,4,44,../output/team-graphics/s3/GPL Teams Spieltag 14 (1).jpg,output/team-graphics/s3/GPL Teams Spieltag 14 (1).jpg,1130,325,76,76,,,,,,,,,graphic_slot,output/team-graphics/s3/GPL Teams Spieltag 14 (1).jpg
season_003_gpl_teams_spieltag_14_1_row_5_45,season_003,Regular Season,season_003_gpl_teams_spieltag_14_1_row_5,5,45,../output/team-graphics/s3/GPL Teams Spieltag 14 (1).jpg,output/team-graphics/s3/GPL Teams Spieltag 14 (1).jpg,210,412,76,76,,,,,,,,,graphic_slot,output/team-graphics/s3/GPL Teams Spieltag 14 (1).jpg
season_003_gpl_teams_spieltag_14_1_row_5_46,season_003,Regular Season,season_003_gpl_teams_spieltag_14_1_row_5,5,46,../output/team-graphics/s3/GPL Teams Spieltag 14 (1).jpg,output/team-graphics/s3/GPL Teams Spieltag 14 (1).jpg,302,412,76,76,,,,,,,,,graphic_slot,output/team-graphics/s3/GPL Teams Spieltag 14 (1).jpg
season_003_gpl_teams_spieltag_14_1_row_5_47,season_003,Regular Season,season_003_gpl_teams_spieltag_14_1_row_5,5,47,../output/team-graphics/s3/GPL Teams Spieltag 14 (1).jpg,output/team-graphics/s3/GPL Teams Spieltag 14 (1).jpg,394,412,76,76,,,,,,,,,graphic_slot,output/team-graphics/s3/GPL Teams Spieltag 14 (1).jpg
season_003_gpl_teams_spieltag_14_1_row_5_48,season_003,Regular Season,season_003_gpl_teams_spieltag_14_1_row_5,5,48,../output/team-graphics/s3/GPL Teams Spieltag 14 (1).jpg,output/team-graphics/s3/GPL Teams Spieltag 14 (1).jpg,486,412,76,76,,,,,,,,,graphic_slot,output/team-graphics/s3/GPL Teams Spieltag 14 (1).jpg
season_003_gpl_teams_spieltag_14_1_row_5_49,season_003,Regular Season,season_003_gpl_teams_spieltag_14_1_row_5,5,49,../output/team-graphics/s3/GPL Teams Spieltag 14 (1).jpg,output/team-graphics/s3/GPL Teams Spieltag 14 (1).jpg,578,412,76,76,,,,,,,,,graphic_slot,output/team-graphics/s3/GPL Teams Spieltag 14 (1).jpg
season_003_gpl_teams_spieltag_14_1_row_5_50,season_003,Regular Season,season_003_gpl_teams_spieltag_14_1_row_5,5,50,../output/team-graphics/s3/GPL Teams Spieltag 14 (1).jpg,output/team-graphics/s3/GPL Teams Spieltag 14 (1).jpg,670,412,76,76,,,,,,,,,graphic_slot,output/team-graphics/s3/GPL Teams Spieltag 14 (1).jpg
season_003_gpl_teams_spieltag_14_1_row_5_51,season_003,Regular Season,season_003_gpl_teams_spieltag_14_1_row_5,5,51,../output/team-graphics/s3/GPL Teams Spieltag 14 (1).jpg,output/team-graphics/s3/GPL Teams Spieltag 14 (1).jpg,762,412,76,76,,,,,,,,,graphic_slot,output/team-graphics/s3/GPL Teams Spieltag 14 (1).jpg
season_003_gpl_teams_spieltag_14_1_row_5_52,season_003,Regular Season,season_003_gpl_teams_spieltag_14_1_row_5,5,52,../output/team-graphics/s3/GPL Teams Spieltag 14 (1).jpg,output/team-graphics/s3/GPL Teams Spieltag 14 (1).jpg,854,412,76,76,,,,,,,,,graphic_slot,output/team-graphics/s3/GPL Teams Spieltag 14 (1).jpg
season_003_gpl_teams_spieltag_14_1_row_5_53,season_003,Regular Season,season_003_gpl_teams_spieltag_14_1_row_5,5,53,../output/team-graphics/s3/GPL Teams Spieltag 14 (1).jpg,output/team-graphics/s3/GPL Teams Spieltag 14 (1).jpg,946,412,76,76,,,,,,,,,graphic_slot,output/team-graphics/s3/GPL Teams Spieltag 14 (1).jpg
season_003_gpl_teams_spieltag_14_1_row_5_54,season_003,Regular Season,season_003_gpl_teams_spieltag_14_1_row_5,5,54,../output/team-graphics/s3/GPL Teams Spieltag 14 (1).jpg,output/team-graphics/s3/GPL Teams Spieltag 14 (1).jpg,1038,412,76,76,,,,,,,,,graphic_slot,output/team-graphics/s3/GPL Teams Spieltag 14 (1).jpg
season_003_gpl_teams_spieltag_14_1_row_5_55,season_003,Regular Season,season_003_gpl_teams_spieltag_14_1_row_5,5,55,../output/team-graphics/s3/GPL Teams Spieltag 14 (1).jpg,output/team-graphics/s3/GPL Teams Spieltag 14 (1).jpg,1130,412,76,76,,,,,,,,,graphic_slot,output/team-graphics/s3/GPL Teams Spieltag 14 (1).jpg
season_003_gpl_teams_spieltag_14_1_row_6_56,season_003,Regular Season,season_003_gpl_teams_spieltag_14_1_row_6,6,56,../output/team-graphics/s3/GPL Teams Spieltag 14 (1).jpg,output/team-graphics/s3/GPL Teams Spieltag 14 (1).jpg,210,499,76,76,,,,,,,,,graphic_slot,output/team-graphics/s3/GPL Teams Spieltag 14 (1).jpg
season_003_gpl_teams_spieltag_14_1_row_6_57,season_003,Regular Season,season_003_gpl_teams_spieltag_14_1_row_6,6,57,../output/team-graphics/s3/GPL Teams Spieltag 14 (1).jpg,output/team-graphics/s3/GPL Teams Spieltag 14 (1).jpg,302,499,76,76,,,,,,,,,graphic_slot,output/team-graphics/s3/GPL Teams Spieltag 14 (1).jpg
season_003_gpl_teams_spieltag_14_1_row_6_58,season_003,Regular Season,season_003_gpl_teams_spieltag_14_1_row_6,6,58,../output/team-graphics/s3/GPL Teams Spieltag 14 (1).jpg,output/team-graphics/s3/GPL Teams Spieltag 14 (1).jpg,394,499,76,76,,,,,,,,,graphic_slot,output/team-graphics/s3/GPL Teams Spieltag 14 (1).jpg
season_003_gpl_teams_spieltag_14_1_row_6_59,season_003,Regular Season,season_003_gpl_teams_spieltag_14_1_row_6,6,59,../output/team-graphics/s3/GPL Teams Spieltag 14 (1).jpg,output/team-graphics/s3/GPL Teams Spieltag 14 (1).jpg,486,499,76,76,,,,,,,,,graphic_slot,output/team-graphics/s3/GPL Teams Spieltag 14 (1).jpg
season_003_gpl_teams_spieltag_14_1_row_6_60,season_003,Regular Season,season_003_gpl_teams_spieltag_14_1_row_6,6,60,../output/team-graphics/s3/GPL Teams Spieltag 14 (1).jpg,output/team-graphics/s3/GPL Teams Spieltag 14 (1).jpg,578,499,76,76,,,,,,,,,graphic_slot,output/team-graphics/s3/GPL Teams Spieltag 14 (1).jpg
season_003_gpl_teams_spieltag_14_1_row_6_61,season_003,Regular Season,season_003_gpl_teams_spieltag_14_1_row_6,6,61,../output/team-graphics/s3/GPL Teams Spieltag 14 (1).jpg,output/team-graphics/s3/GPL Teams Spieltag 14 (1).jpg,670,499,76,76,,,,,,,,,graphic_slot,output/team-graphics/s3/GPL Teams Spieltag 14 (1).jpg
season_003_gpl_teams_spieltag_14_1_row_6_62,season_003,Regular Season,season_003_gpl_teams_spieltag_14_1_row_6,6,62,../output/team-graphics/s3/GPL Teams Spieltag 14 (1).jpg,output/team-graphics/s3/GPL Teams Spieltag 14 (1).jpg,762,499,76,76,,,,,,,,,graphic_slot,output/team-graphics/s3/GPL Teams Spieltag 14 (1).jpg
season_003_gpl_teams_spieltag_14_1_row_6_63,season_003,Regular Season,season_003_gpl_teams_spieltag_14_1_row_6,6,63,../output/team-graphics/s3/GPL Teams Spieltag 14 (1).jpg,output/team-graphics/s3/GPL Teams Spieltag 14 (1).jpg,854,499,76,76,,,,,,,,,graphic_slot,output/team-graphics/s3/GPL Teams Spieltag 14 (1).jpg
season_003_gpl_teams_spieltag_14_1_row_6_64,season_003,Regular Season,season_003_gpl_teams_spieltag_14_1_row_6,6,64,../output/team-graphics/s3/GPL Teams Spieltag 14 (1).jpg,output/team-graphics/s3/GPL Teams Spieltag 14 (1).jpg,946,499,76,76,,,,,,,,,graphic_slot,output/team-graphics/s3/GPL Teams Spieltag 14 (1).jpg
season_003_gpl_teams_spieltag_14_1_row_6_65,season_003,Regular Season,season_003_gpl_teams_spieltag_14_1_row_6,6,65,../output/team-graphics/s3/GPL Teams Spieltag 14 (1).jpg,output/team-graphics/s3/GPL Teams Spieltag 14 (1).jpg,1038,499,76,76,,,,,,,,,graphic_slot,output/team-graphics/s3/GPL Teams Spieltag 14 (1).jpg
season_003_gpl_teams_spieltag_14_1_row_6_66,season_003,Regular Season,season_003_gpl_teams_spieltag_14_1_row_6,6,66,../output/team-graphics/s3/GPL Teams Spieltag 14 (1).jpg,output/team-graphics/s3/GPL Teams Spieltag 14 (1).jpg,1130,499,76,76,,,,,,,,,graphic_slot,output/team-graphics/s3/GPL Teams Spieltag 14 (1).jpg
season_003_gpl_teams_spieltag_14_1_row_7_67,season_003,Regular Season,season_003_gpl_teams_spieltag_14_1_row_7,7,67,../output/team-graphics/s3/GPL Teams Spieltag 14 (1).jpg,output/team-graphics/s3/GPL Teams Spieltag 14 (1).jpg,210,586,76,76,,,,,,,,,graphic_slot,output/team-graphics/s3/GPL Teams Spieltag 14 (1).jpg
season_003_gpl_teams_spieltag_14_1_row_7_68,season_003,Regular Season,season_003_gpl_teams_spieltag_14_1_row_7,7,68,../output/team-graphics/s3/GPL Teams Spieltag 14 (1).jpg,output/team-graphics/s3/GPL Teams Spieltag 14 (1).jpg,302,586,76,76,,,,,,,,,graphic_slot,output/team-graphics/s3/GPL Teams Spieltag 14 (1).jpg
season_003_gpl_teams_spieltag_14_1_row_7_69,season_003,Regular Season,season_003_gpl_teams_spieltag_14_1_row_7,7,69,../output/team-graphics/s3/GPL Teams Spieltag 14 (1).jpg,output/team-graphics/s3/GPL Teams Spieltag 14 (1).jpg,394,586,76,76,,,,,,,,,graphic_slot,output/team-graphics/s3/GPL Teams Spieltag 14 (1).jpg
season_003_gpl_teams_spieltag_14_1_row_7_70,season_003,Regular Season,season_003_gpl_teams_spieltag_14_1_row_7,7,70,../output/team-graphics/s3/GPL Teams Spieltag 14 (1).jpg,output/team-graphics/s3/GPL Teams Spieltag 14 (1).jpg,486,586,76,76,,,,,,,,,graphic_slot,output/team-graphics/s3/GPL Teams Spieltag 14 (1).jpg
season_003_gpl_teams_spieltag_14_1_row_7_71,season_003,Regular Season,season_003_gpl_teams_spieltag_14_1_row_7,7,71,../output/team-graphics/s3/GPL Teams Spieltag 14 (1).jpg,output/team-graphics/s3/GPL Teams Spieltag 14 (1).jpg,578,586,76,76,,,,,,,,,graphic_slot,output/team-graphics/s3/GPL Teams Spieltag 14 (1).jpg
season_003_gpl_teams_spieltag_14_1_row_7_72,season_003,Regular Season,season_003_gpl_teams_spieltag_14_1_row_7,7,72,../output/team-graphics/s3/GPL Teams Spieltag 14 (1).jpg,output/team-graphics/s3/GPL Teams Spieltag 14 (1).jpg,670,586,76,76,,,,,,,,,graphic_slot,output/team-graphics/s3/GPL Teams Spieltag 14 (1).jpg
season_003_gpl_teams_spieltag_14_1_row_7_73,season_003,Regular Season,season_003_gpl_teams_spieltag_14_1_row_7,7,73,../output/team-graphics/s3/GPL Teams Spieltag 14 (1).jpg,output/team-graphics/s3/GPL Teams Spieltag 14 (1).jpg,762,586,76,76,,,,,,,,,graphic_slot,output/team-graphics/s3/GPL Teams Spieltag 14 (1).jpg
season_003_gpl_teams_spieltag_14_1_row_7_74,season_003,Regular Season,season_003_gpl_teams_spieltag_14_1_row_7,7,74,../output/team-graphics/s3/GPL Teams Spieltag 14 (1).jpg,output/team-graphics/s3/GPL Teams Spieltag 14 (1).jpg,854,586,76,76,,,,,,,,,graphic_slot,output/team-graphics/s3/GPL Teams Spieltag 14 (1).jpg
season_003_gpl_teams_spieltag_14_1_row_7_75,season_003,Regular Season,season_003_gpl_teams_spieltag_14_1_row_7,7,75,../output/team-graphics/s3/GPL Teams Spieltag 14 (1).jpg,output/team-graphics/s3/GPL Teams Spieltag 14 (1).jpg,946,586,76,76,,,,,,,,,graphic_slot,output/team-graphics/s3/GPL Teams Spieltag 14 (1).jpg
season_003_gpl_teams_spieltag_14_1_row_7_76,season_003,Regular Season,season_003_gpl_teams_spieltag_14_1_row_7,7,76,../output/team-graphics/s3/GPL Teams Spieltag 14 (1).jpg,output/team-graphics/s3/GPL Teams Spieltag 14 (1).jpg,1038,586,76,76,,,,,,,,,graphic_slot,output/team-graphics/s3/GPL Teams Spieltag 14 (1).jpg
season_003_gpl_teams_spieltag_14_1_row_7_77,season_003,Regular Season,season_003_gpl_teams_spieltag_14_1_row_7,7,77,../output/team-graphics/s3/GPL Teams Spieltag 14 (1).jpg,output/team-graphics/s3/GPL Teams Spieltag 14 (1).jpg,1130,586,76,76,,,,,,,,,graphic_slot,output/team-graphics/s3/GPL Teams Spieltag 14 (1).jpg
season_003_gpl_teams_spieltag_14_2_row_1_01,season_003,Regular Season,season_003_gpl_teams_spieltag_14_2_row_1,1,1,../output/team-graphics/s3/GPL Teams Spieltag 14 (2).jpg,output/team-graphics/s3/GPL Teams Spieltag 14 (2).jpg,210,64,76,76,,,,,,,,,graphic_slot,output/team-graphics/s3/GPL Teams Spieltag 14 (2).jpg
season_003_gpl_teams_spieltag_14_2_row_1_02,season_003,Regular Season,season_003_gpl_teams_spieltag_14_2_row_1,1,2,../output/team-graphics/s3/GPL Teams Spieltag 14 (2).jpg,output/team-graphics/s3/GPL Teams Spieltag 14 (2).jpg,302,64,76,76,,,,,,,,,graphic_slot,output/team-graphics/s3/GPL Teams Spieltag 14 (2).jpg
season_003_gpl_teams_spieltag_14_2_row_1_03,season_003,Regular Season,season_003_gpl_teams_spieltag_14_2_row_1,1,3,../output/team-graphics/s3/GPL Teams Spieltag 14 (2).jpg,output/team-graphics/s3/GPL Teams Spieltag 14 (2).jpg,394,64,76,76,,,,,,,,,graphic_slot,output/team-graphics/s3/GPL Teams Spieltag 14 (2).jpg
season_003_gpl_teams_spieltag_14_2_row_1_04,season_003,Regular Season,season_003_gpl_teams_spieltag_14_2_row_1,1,4,../output/team-graphics/s3/GPL Teams Spieltag 14 (2).jpg,output/team-graphics/s3/GPL Teams Spieltag 14 (2).jpg,486,64,76,76,,,,,,,,,graphic_slot,output/team-graphics/s3/GPL Teams Spieltag 14 (2).jpg
season_003_gpl_teams_spieltag_14_2_row_1_05,season_003,Regular Season,season_003_gpl_teams_spieltag_14_2_row_1,1,5,../output/team-graphics/s3/GPL Teams Spieltag 14 (2).jpg,output/team-graphics/s3/GPL Teams Spieltag 14 (2).jpg,578,64,76,76,,,,,,,,,graphic_slot,output/team-graphics/s3/GPL Teams Spieltag 14 (2).jpg
season_003_gpl_teams_spieltag_14_2_row_1_06,season_003,Regular Season,season_003_gpl_teams_spieltag_14_2_row_1,1,6,../output/team-graphics/s3/GPL Teams Spieltag 14 (2).jpg,output/team-graphics/s3/GPL Teams Spieltag 14 (2).jpg,670,64,76,76,,,,,,,,,graphic_slot,output/team-graphics/s3/GPL Teams Spieltag 14 (2).jpg
season_003_gpl_teams_spieltag_14_2_row_1_07,season_003,Regular Season,season_003_gpl_teams_spieltag_14_2_row_1,1,7,../output/team-graphics/s3/GPL Teams Spieltag 14 (2).jpg,output/team-graphics/s3/GPL Teams Spieltag 14 (2).jpg,762,64,76,76,,,,,,,,,graphic_slot,output/team-graphics/s3/GPL Teams Spieltag 14 (2).jpg
season_003_gpl_teams_spieltag_14_2_row_1_08,season_003,Regular Season,season_003_gpl_teams_spieltag_14_2_row_1,1,8,../output/team-graphics/s3/GPL Teams Spieltag 14 (2).jpg,output/team-graphics/s3/GPL Teams Spieltag 14 (2).jpg,854,64,76,76,,,,,,,,,graphic_slot,output/team-graphics/s3/GPL Teams Spieltag 14 (2).jpg
season_003_gpl_teams_spieltag_14_2_row_1_09,season_003,Regular Season,season_003_gpl_teams_spieltag_14_2_row_1,1,9,../output/team-graphics/s3/GPL Teams Spieltag 14 (2).jpg,output/team-graphics/s3/GPL Teams Spieltag 14 (2).jpg,946,64,76,76,,,,,,,,,graphic_slot,output/team-graphics/s3/GPL Teams Spieltag 14 (2).jpg
season_003_gpl_teams_spieltag_14_2_row_1_10,season_003,Regular Season,season_003_gpl_teams_spieltag_14_2_row_1,1,10,../output/team-graphics/s3/GPL Teams Spieltag 14 (2).jpg,output/team-graphics/s3/GPL Teams Spieltag 14 (2).jpg,1038,64,76,76,,,,,,,,,graphic_slot,output/team-graphics/s3/GPL Teams Spieltag 14 (2).jpg
season_003_gpl_teams_spieltag_14_2_row_1_11,season_003,Regular Season,season_003_gpl_teams_spieltag_14_2_row_1,1,11,../output/team-graphics/s3/GPL Teams Spieltag 14 (2).jpg,output/team-graphics/s3/GPL Teams Spieltag 14 (2).jpg,1130,64,76,76,,,,,,,,,graphic_slot,output/team-graphics/s3/GPL Teams Spieltag 14 (2).jpg
season_003_gpl_teams_spieltag_14_2_row_2_12,season_003,Regular Season,season_003_gpl_teams_spieltag_14_2_row_2,2,12,../output/team-graphics/s3/GPL Teams Spieltag 14 (2).jpg,output/team-graphics/s3/GPL Teams Spieltag 14 (2).jpg,210,151,76,76,,,,,,,,,graphic_slot,output/team-graphics/s3/GPL Teams Spieltag 14 (2).jpg
season_003_gpl_teams_spieltag_14_2_row_2_13,season_003,Regular Season,season_003_gpl_teams_spieltag_14_2_row_2,2,13,../output/team-graphics/s3/GPL Teams Spieltag 14 (2).jpg,output/team-graphics/s3/GPL Teams Spieltag 14 (2).jpg,302,151,76,76,,,,,,,,,graphic_slot,output/team-graphics/s3/GPL Teams Spieltag 14 (2).jpg
season_003_gpl_teams_spieltag_14_2_row_2_14,season_003,Regular Season,season_003_gpl_teams_spieltag_14_2_row_2,2,14,../output/team-graphics/s3/GPL Teams Spieltag 14 (2).jpg,output/team-graphics/s3/GPL Teams Spieltag 14 (2).jpg,394,151,76,76,,,,,,,,,graphic_slot,output/team-graphics/s3/GPL Teams Spieltag 14 (2).jpg
season_003_gpl_teams_spieltag_14_2_row_2_15,season_003,Regular Season,season_003_gpl_teams_spieltag_14_2_row_2,2,15,../output/team-graphics/s3/GPL Teams Spieltag 14 (2).jpg,output/team-graphics/s3/GPL Teams Spieltag 14 (2).jpg,486,151,76,76,,,,,,,,,graphic_slot,output/team-graphics/s3/GPL Teams Spieltag 14 (2).jpg
season_003_gpl_teams_spieltag_14_2_row_2_16,season_003,Regular Season,season_003_gpl_teams_spieltag_14_2_row_2,2,16,../output/team-graphics/s3/GPL Teams Spieltag 14 (2).jpg,output/team-graphics/s3/GPL Teams Spieltag 14 (2).jpg,578,151,76,76,,,,,,,,,graphic_slot,output/team-graphics/s3/GPL Teams Spieltag 14 (2).jpg
season_003_gpl_teams_spieltag_14_2_row_2_17,season_003,Regular Season,season_003_gpl_teams_spieltag_14_2_row_2,2,17,../output/team-graphics/s3/GPL Teams Spieltag 14 (2).jpg,output/team-graphics/s3/GPL Teams Spieltag 14 (2).jpg,670,151,76,76,,,,,,,,,graphic_slot,output/team-graphics/s3/GPL Teams Spieltag 14 (2).jpg
season_003_gpl_teams_spieltag_14_2_row_2_18,season_003,Regular Season,season_003_gpl_teams_spieltag_14_2_row_2,2,18,../output/team-graphics/s3/GPL Teams Spieltag 14 (2).jpg,output/team-graphics/s3/GPL Teams Spieltag 14 (2).jpg,762,151,76,76,,,,,,,,,graphic_slot,output/team-graphics/s3/GPL Teams Spieltag 14 (2).jpg
season_003_gpl_teams_spieltag_14_2_row_2_19,season_003,Regular Season,season_003_gpl_teams_spieltag_14_2_row_2,2,19,../output/team-graphics/s3/GPL Teams Spieltag 14 (2).jpg,output/team-graphics/s3/GPL Teams Spieltag 14 (2).jpg,854,151,76,76,,,,,,,,,graphic_slot,output/team-graphics/s3/GPL Teams Spieltag 14 (2).jpg
season_003_gpl_teams_spieltag_14_2_row_2_20,season_003,Regular Season,season_003_gpl_teams_spieltag_14_2_row_2,2,20,../output/team-graphics/s3/GPL Teams Spieltag 14 (2).jpg,output/team-graphics/s3/GPL Teams Spieltag 14 (2).jpg,946,151,76,76,,,,,,,,,graphic_slot,output/team-graphics/s3/GPL Teams Spieltag 14 (2).jpg
season_003_gpl_teams_spieltag_14_2_row_2_21,season_003,Regular Season,season_003_gpl_teams_spieltag_14_2_row_2,2,21,../output/team-graphics/s3/GPL Teams Spieltag 14 (2).jpg,output/team-graphics/s3/GPL Teams Spieltag 14 (2).jpg,1038,151,76,76,,,,,,,,,graphic_slot,output/team-graphics/s3/GPL Teams Spieltag 14 (2).jpg
season_003_gpl_teams_spieltag_14_2_row_2_22,season_003,Regular Season,season_003_gpl_teams_spieltag_14_2_row_2,2,22,../output/team-graphics/s3/GPL Teams Spieltag 14 (2).jpg,output/team-graphics/s3/GPL Teams Spieltag 14 (2).jpg,1130,151,76,76,,,,,,,,,graphic_slot,output/team-graphics/s3/GPL Teams Spieltag 14 (2).jpg
season_003_gpl_teams_spieltag_14_2_row_3_23,season_003,Regular Season,season_003_gpl_teams_spieltag_14_2_row_3,3,23,../output/team-graphics/s3/GPL Teams Spieltag 14 (2).jpg,output/team-graphics/s3/GPL Teams Spieltag 14 (2).jpg,210,238,76,76,,,,,,,,,graphic_slot,output/team-graphics/s3/GPL Teams Spieltag 14 (2).jpg
season_003_gpl_teams_spieltag_14_2_row_3_24,season_003,Regular Season,season_003_gpl_teams_spieltag_14_2_row_3,3,24,../output/team-graphics/s3/GPL Teams Spieltag 14 (2).jpg,output/team-graphics/s3/GPL Teams Spieltag 14 (2).jpg,302,238,76,76,,,,,,,,,graphic_slot,output/team-graphics/s3/GPL Teams Spieltag 14 (2).jpg
season_003_gpl_teams_spieltag_14_2_row_3_25,season_003,Regular Season,season_003_gpl_teams_spieltag_14_2_row_3,3,25,../output/team-graphics/s3/GPL Teams Spieltag 14 (2).jpg,output/team-graphics/s3/GPL Teams Spieltag 14 (2).jpg,394,238,76,76,,,,,,,,,graphic_slot,output/team-graphics/s3/GPL Teams Spieltag 14 (2).jpg
season_003_gpl_teams_spieltag_14_2_row_3_26,season_003,Regular Season,season_003_gpl_teams_spieltag_14_2_row_3,3,26,../output/team-graphics/s3/GPL Teams Spieltag 14 (2).jpg,output/team-graphics/s3/GPL Teams Spieltag 14 (2).jpg,486,238,76,76,,,,,,,,,graphic_slot,output/team-graphics/s3/GPL Teams Spieltag 14 (2).jpg
season_003_gpl_teams_spieltag_14_2_row_3_27,season_003,Regular Season,season_003_gpl_teams_spieltag_14_2_row_3,3,27,../output/team-graphics/s3/GPL Teams Spieltag 14 (2).jpg,output/team-graphics/s3/GPL Teams Spieltag 14 (2).jpg,578,238,76,76,,,,,,,,,graphic_slot,output/team-graphics/s3/GPL Teams Spieltag 14 (2).jpg
season_003_gpl_teams_spieltag_14_2_row_3_28,season_003,Regular Season,season_003_gpl_teams_spieltag_14_2_row_3,3,28,../output/team-graphics/s3/GPL Teams Spieltag 14 (2).jpg,output/team-graphics/s3/GPL Teams Spieltag 14 (2).jpg,670,238,76,76,,,,,,,,,graphic_slot,output/team-graphics/s3/GPL Teams Spieltag 14 (2).jpg
season_003_gpl_teams_spieltag_14_2_row_3_29,season_003,Regular Season,season_003_gpl_teams_spieltag_14_2_row_3,3,29,../output/team-graphics/s3/GPL Teams Spieltag 14 (2).jpg,output/team-graphics/s3/GPL Teams Spieltag 14 (2).jpg,762,238,76,76,,,,,,,,,graphic_slot,output/team-graphics/s3/GPL Teams Spieltag 14 (2).jpg
season_003_gpl_teams_spieltag_14_2_row_3_30,season_003,Regular Season,season_003_gpl_teams_spieltag_14_2_row_3,3,30,../output/team-graphics/s3/GPL Teams Spieltag 14 (2).jpg,output/team-graphics/s3/GPL Teams Spieltag 14 (2).jpg,854,238,76,76,,,,,,,,,graphic_slot,output/team-graphics/s3/GPL Teams Spieltag 14 (2).jpg
season_003_gpl_teams_spieltag_14_2_row_3_31,season_003,Regular Season,season_003_gpl_teams_spieltag_14_2_row_3,3,31,../output/team-graphics/s3/GPL Teams Spieltag 14 (2).jpg,output/team-graphics/s3/GPL Teams Spieltag 14 (2).jpg,946,238,76,76,,,,,,,,,graphic_slot,output/team-graphics/s3/GPL Teams Spieltag 14 (2).jpg
season_003_gpl_teams_spieltag_14_2_row_3_32,season_003,Regular Season,season_003_gpl_teams_spieltag_14_2_row_3,3,32,../output/team-graphics/s3/GPL Teams Spieltag 14 (2).jpg,output/team-graphics/s3/GPL Teams Spieltag 14 (2).jpg,1038,238,76,76,,,,,,,,,graphic_slot,output/team-graphics/s3/GPL Teams Spieltag 14 (2).jpg
season_003_gpl_teams_spieltag_14_2_row_3_33,season_003,Regular Season,season_003_gpl_teams_spieltag_14_2_row_3,3,33,../output/team-graphics/s3/GPL Teams Spieltag 14 (2).jpg,output/team-graphics/s3/GPL Teams Spieltag 14 (2).jpg,1130,238,76,76,,,,,,,,,graphic_slot,output/team-graphics/s3/GPL Teams Spieltag 14 (2).jpg
season_003_gpl_teams_spieltag_14_2_row_4_34,season_003,Regular Season,season_003_gpl_teams_spieltag_14_2_row_4,4,34,../output/team-graphics/s3/GPL Teams Spieltag 14 (2).jpg,output/team-graphics/s3/GPL Teams Spieltag 14 (2).jpg,210,325,76,76,,,,,,,,,graphic_slot,output/team-graphics/s3/GPL Teams Spieltag 14 (2).jpg
season_003_gpl_teams_spieltag_14_2_row_4_35,season_003,Regular Season,season_003_gpl_teams_spieltag_14_2_row_4,4,35,../output/team-graphics/s3/GPL Teams Spieltag 14 (2).jpg,output/team-graphics/s3/GPL Teams Spieltag 14 (2).jpg,302,325,76,76,,,,,,,,,graphic_slot,output/team-graphics/s3/GPL Teams Spieltag 14 (2).jpg
season_003_gpl_teams_spieltag_14_2_row_4_36,season_003,Regular Season,season_003_gpl_teams_spieltag_14_2_row_4,4,36,../output/team-graphics/s3/GPL Teams Spieltag 14 (2).jpg,output/team-graphics/s3/GPL Teams Spieltag 14 (2).jpg,394,325,76,76,,,,,,,,,graphic_slot,output/team-graphics/s3/GPL Teams Spieltag 14 (2).jpg
season_003_gpl_teams_spieltag_14_2_row_4_37,season_003,Regular Season,season_003_gpl_teams_spieltag_14_2_row_4,4,37,../output/team-graphics/s3/GPL Teams Spieltag 14 (2).jpg,output/team-graphics/s3/GPL Teams Spieltag 14 (2).jpg,486,325,76,76,,,,,,,,,graphic_slot,output/team-graphics/s3/GPL Teams Spieltag 14 (2).jpg
season_003_gpl_teams_spieltag_14_2_row_4_38,season_003,Regular Season,season_003_gpl_teams_spieltag_14_2_row_4,4,38,../output/team-graphics/s3/GPL Teams Spieltag 14 (2).jpg,output/team-graphics/s3/GPL Teams Spieltag 14 (2).jpg,578,325,76,76,,,,,,,,,graphic_slot,output/team-graphics/s3/GPL Teams Spieltag 14 (2).jpg
season_003_gpl_teams_spieltag_14_2_row_4_39,season_003,Regular Season,season_003_gpl_teams_spieltag_14_2_row_4,4,39,../output/team-graphics/s3/GPL Teams Spieltag 14 (2).jpg,output/team-graphics/s3/GPL Teams Spieltag 14 (2).jpg,670,325,76,76,,,,,,,,,graphic_slot,output/team-graphics/s3/GPL Teams Spieltag 14 (2).jpg
season_003_gpl_teams_spieltag_14_2_row_4_40,season_003,Regular Season,season_003_gpl_teams_spieltag_14_2_row_4,4,40,../output/team-graphics/s3/GPL Teams Spieltag 14 (2).jpg,output/team-graphics/s3/GPL Teams Spieltag 14 (2).jpg,762,325,76,76,,,,,,,,,graphic_slot,output/team-graphics/s3/GPL Teams Spieltag 14 (2).jpg
season_003_gpl_teams_spieltag_14_2_row_4_41,season_003,Regular Season,season_003_gpl_teams_spieltag_14_2_row_4,4,41,../output/team-graphics/s3/GPL Teams Spieltag 14 (2).jpg,output/team-graphics/s3/GPL Teams Spieltag 14 (2).jpg,854,325,76,76,,,,,,,,,graphic_slot,output/team-graphics/s3/GPL Teams Spieltag 14 (2).jpg
season_003_gpl_teams_spieltag_14_2_row_4_42,season_003,Regular Season,season_003_gpl_teams_spieltag_14_2_row_4,4,42,../output/team-graphics/s3/GPL Teams Spieltag 14 (2).jpg,output/team-graphics/s3/GPL Teams Spieltag 14 (2).jpg,946,325,76,76,,,,,,,,,graphic_slot,output/team-graphics/s3/GPL Teams Spieltag 14 (2).jpg
season_003_gpl_teams_spieltag_14_2_row_4_43,season_003,Regular Season,season_003_gpl_teams_spieltag_14_2_row_4,4,43,../output/team-graphics/s3/GPL Teams Spieltag 14 (2).jpg,output/team-graphics/s3/GPL Teams Spieltag 14 (2).jpg,1038,325,76,76,,,,,,,,,graphic_slot,output/team-graphics/s3/GPL Teams Spieltag 14 (2).jpg
season_003_gpl_teams_spieltag_14_2_row_4_44,season_003,Regular Season,season_003_gpl_teams_spieltag_14_2_row_4,4,44,../output/team-graphics/s3/GPL Teams Spieltag 14 (2).jpg,output/team-graphics/s3/GPL Teams Spieltag 14 (2).jpg,1130,325,76,76,,,,,,,,,graphic_slot,output/team-graphics/s3/GPL Teams Spieltag 14 (2).jpg
season_003_gpl_teams_spieltag_14_2_row_5_45,season_003,Regular Season,season_003_gpl_teams_spieltag_14_2_row_5,5,45,../output/team-graphics/s3/GPL Teams Spieltag 14 (2).jpg,output/team-graphics/s3/GPL Teams Spieltag 14 (2).jpg,210,412,76,76,,,,,,,,,graphic_slot,output/team-graphics/s3/GPL Teams Spieltag 14 (2).jpg
season_003_gpl_teams_spieltag_14_2_row_5_46,season_003,Regular Season,season_003_gpl_teams_spieltag_14_2_row_5,5,46,../output/team-graphics/s3/GPL Teams Spieltag 14 (2).jpg,output/team-graphics/s3/GPL Teams Spieltag 14 (2).jpg,302,412,76,76,,,,,,,,,graphic_slot,output/team-graphics/s3/GPL Teams Spieltag 14 (2).jpg
season_003_gpl_teams_spieltag_14_2_row_5_47,season_003,Regular Season,season_003_gpl_teams_spieltag_14_2_row_5,5,47,../output/team-graphics/s3/GPL Teams Spieltag 14 (2).jpg,output/team-graphics/s3/GPL Teams Spieltag 14 (2).jpg,394,412,76,76,,,,,,,,,graphic_slot,output/team-graphics/s3/GPL Teams Spieltag 14 (2).jpg
season_003_gpl_teams_spieltag_14_2_row_5_48,season_003,Regular Season,season_003_gpl_teams_spieltag_14_2_row_5,5,48,../output/team-graphics/s3/GPL Teams Spieltag 14 (2).jpg,output/team-graphics/s3/GPL Teams Spieltag 14 (2).jpg,486,412,76,76,,,,,,,,,graphic_slot,output/team-graphics/s3/GPL Teams Spieltag 14 (2).jpg
season_003_gpl_teams_spieltag_14_2_row_5_49,season_003,Regular Season,season_003_gpl_teams_spieltag_14_2_row_5,5,49,../output/team-graphics/s3/GPL Teams Spieltag 14 (2).jpg,output/team-graphics/s3/GPL Teams Spieltag 14 (2).jpg,578,412,76,76,,,,,,,,,graphic_slot,output/team-graphics/s3/GPL Teams Spieltag 14 (2).jpg
season_003_gpl_teams_spieltag_14_2_row_5_50,season_003,Regular Season,season_003_gpl_teams_spieltag_14_2_row_5,5,50,../output/team-graphics/s3/GPL Teams Spieltag 14 (2).jpg,output/team-graphics/s3/GPL Teams Spieltag 14 (2).jpg,670,412,76,76,,,,,,,,,graphic_slot,output/team-graphics/s3/GPL Teams Spieltag 14 (2).jpg
season_003_gpl_teams_spieltag_14_2_row_5_51,season_003,Regular Season,season_003_gpl_teams_spieltag_14_2_row_5,5,51,../output/team-graphics/s3/GPL Teams Spieltag 14 (2).jpg,output/team-graphics/s3/GPL Teams Spieltag 14 (2).jpg,762,412,76,76,,,,,,,,,graphic_slot,output/team-graphics/s3/GPL Teams Spieltag 14 (2).jpg
season_003_gpl_teams_spieltag_14_2_row_5_52,season_003,Regular Season,season_003_gpl_teams_spieltag_14_2_row_5,5,52,../output/team-graphics/s3/GPL Teams Spieltag 14 (2).jpg,output/team-graphics/s3/GPL Teams Spieltag 14 (2).jpg,854,412,76,76,,,,,,,,,graphic_slot,output/team-graphics/s3/GPL Teams Spieltag 14 (2).jpg
season_003_gpl_teams_spieltag_14_2_row_5_53,season_003,Regular Season,season_003_gpl_teams_spieltag_14_2_row_5,5,53,../output/team-graphics/s3/GPL Teams Spieltag 14 (2).jpg,output/team-graphics/s3/GPL Teams Spieltag 14 (2).jpg,946,412,76,76,,,,,,,,,graphic_slot,output/team-graphics/s3/GPL Teams Spieltag 14 (2).jpg
season_003_gpl_teams_spieltag_14_2_row_5_54,season_003,Regular Season,season_003_gpl_teams_spieltag_14_2_row_5,5,54,../output/team-graphics/s3/GPL Teams Spieltag 14 (2).jpg,output/team-graphics/s3/GPL Teams Spieltag 14 (2).jpg,1038,412,76,76,,,,,,,,,graphic_slot,output/team-graphics/s3/GPL Teams Spieltag 14 (2).jpg
season_003_gpl_teams_spieltag_14_2_row_5_55,season_003,Regular Season,season_003_gpl_teams_spieltag_14_2_row_5,5,55,../output/team-graphics/s3/GPL Teams Spieltag 14 (2).jpg,output/team-graphics/s3/GPL Teams Spieltag 14 (2).jpg,1130,412,76,76,,,,,,,,,graphic_slot,output/team-graphics/s3/GPL Teams Spieltag 14 (2).jpg
season_003_gpl_teams_spieltag_14_2_row_6_56,season_003,Regular Season,season_003_gpl_teams_spieltag_14_2_row_6,6,56,../output/team-graphics/s3/GPL Teams Spieltag 14 (2).jpg,output/team-graphics/s3/GPL Teams Spieltag 14 (2).jpg,210,499,76,76,,,,,,,,,graphic_slot,output/team-graphics/s3/GPL Teams Spieltag 14 (2).jpg
season_003_gpl_teams_spieltag_14_2_row_6_57,season_003,Regular Season,season_003_gpl_teams_spieltag_14_2_row_6,6,57,../output/team-graphics/s3/GPL Teams Spieltag 14 (2).jpg,output/team-graphics/s3/GPL Teams Spieltag 14 (2).jpg,302,499,76,76,,,,,,,,,graphic_slot,output/team-graphics/s3/GPL Teams Spieltag 14 (2).jpg
season_003_gpl_teams_spieltag_14_2_row_6_58,season_003,Regular Season,season_003_gpl_teams_spieltag_14_2_row_6,6,58,../output/team-graphics/s3/GPL Teams Spieltag 14 (2).jpg,output/team-graphics/s3/GPL Teams Spieltag 14 (2).jpg,394,499,76,76,,,,,,,,,graphic_slot,output/team-graphics/s3/GPL Teams Spieltag 14 (2).jpg
season_003_gpl_teams_spieltag_14_2_row_6_59,season_003,Regular Season,season_003_gpl_teams_spieltag_14_2_row_6,6,59,../output/team-graphics/s3/GPL Teams Spieltag 14 (2).jpg,output/team-graphics/s3/GPL Teams Spieltag 14 (2).jpg,486,499,76,76,,,,,,,,,graphic_slot,output/team-graphics/s3/GPL Teams Spieltag 14 (2).jpg
season_003_gpl_teams_spieltag_14_2_row_6_60,season_003,Regular Season,season_003_gpl_teams_spieltag_14_2_row_6,6,60,../output/team-graphics/s3/GPL Teams Spieltag 14 (2).jpg,output/team-graphics/s3/GPL Teams Spieltag 14 (2).jpg,578,499,76,76,,,,,,,,,graphic_slot,output/team-graphics/s3/GPL Teams Spieltag 14 (2).jpg
season_003_gpl_teams_spieltag_14_2_row_6_61,season_003,Regular Season,season_003_gpl_teams_spieltag_14_2_row_6,6,61,../output/team-graphics/s3/GPL Teams Spieltag 14 (2).jpg,output/team-graphics/s3/GPL Teams Spieltag 14 (2).jpg,670,499,76,76,,,,,,,,,graphic_slot,output/team-graphics/s3/GPL Teams Spieltag 14 (2).jpg
season_003_gpl_teams_spieltag_14_2_row_6_62,season_003,Regular Season,season_003_gpl_teams_spieltag_14_2_row_6,6,62,../output/team-graphics/s3/GPL Teams Spieltag 14 (2).jpg,output/team-graphics/s3/GPL Teams Spieltag 14 (2).jpg,762,499,76,76,,,,,,,,,graphic_slot,output/team-graphics/s3/GPL Teams Spieltag 14 (2).jpg
season_003_gpl_teams_spieltag_14_2_row_6_63,season_003,Regular Season,season_003_gpl_teams_spieltag_14_2_row_6,6,63,../output/team-graphics/s3/GPL Teams Spieltag 14 (2).jpg,output/team-graphics/s3/GPL Teams Spieltag 14 (2).jpg,854,499,76,76,,,,,,,,,graphic_slot,output/team-graphics/s3/GPL Teams Spieltag 14 (2).jpg
season_003_gpl_teams_spieltag_14_2_row_6_64,season_003,Regular Season,season_003_gpl_teams_spieltag_14_2_row_6,6,64,../output/team-graphics/s3/GPL Teams Spieltag 14 (2).jpg,output/team-graphics/s3/GPL Teams Spieltag 14 (2).jpg,946,499,76,76,,,,,,,,,graphic_slot,output/team-graphics/s3/GPL Teams Spieltag 14 (2).jpg
season_003_gpl_teams_spieltag_14_2_row_6_65,season_003,Regular Season,season_003_gpl_teams_spieltag_14_2_row_6,6,65,../output/team-graphics/s3/GPL Teams Spieltag 14 (2).jpg,output/team-graphics/s3/GPL Teams Spieltag 14 (2).jpg,1038,499,76,76,,,,,,,,,graphic_slot,output/team-graphics/s3/GPL Teams Spieltag 14 (2).jpg
season_003_gpl_teams_spieltag_14_2_row_6_66,season_003,Regular Season,season_003_gpl_teams_spieltag_14_2_row_6,6,66,../output/team-graphics/s3/GPL Teams Spieltag 14 (2).jpg,output/team-graphics/s3/GPL Teams Spieltag 14 (2).jpg,1130,499,76,76,,,,,,,,,graphic_slot,output/team-graphics/s3/GPL Teams Spieltag 14 (2).jpg
season_003_gpl_teams_spieltag_14_2_row_7_67,season_003,Regular Season,season_003_gpl_teams_spieltag_14_2_row_7,7,67,../output/team-graphics/s3/GPL Teams Spieltag 14 (2).jpg,output/team-graphics/s3/GPL Teams Spieltag 14 (2).jpg,210,586,76,76,,,,,,,,,graphic_slot,output/team-graphics/s3/GPL Teams Spieltag 14 (2).jpg
season_003_gpl_teams_spieltag_14_2_row_7_68,season_003,Regular Season,season_003_gpl_teams_spieltag_14_2_row_7,7,68,../output/team-graphics/s3/GPL Teams Spieltag 14 (2).jpg,output/team-graphics/s3/GPL Teams Spieltag 14 (2).jpg,302,586,76,76,,,,,,,,,graphic_slot,output/team-graphics/s3/GPL Teams Spieltag 14 (2).jpg
season_003_gpl_teams_spieltag_14_2_row_7_69,season_003,Regular Season,season_003_gpl_teams_spieltag_14_2_row_7,7,69,../output/team-graphics/s3/GPL Teams Spieltag 14 (2).jpg,output/team-graphics/s3/GPL Teams Spieltag 14 (2).jpg,394,586,76,76,,,,,,,,,graphic_slot,output/team-graphics/s3/GPL Teams Spieltag 14 (2).jpg
season_003_gpl_teams_spieltag_14_2_row_7_70,season_003,Regular Season,season_003_gpl_teams_spieltag_14_2_row_7,7,70,../output/team-graphics/s3/GPL Teams Spieltag 14 (2).jpg,output/team-graphics/s3/GPL Teams Spieltag 14 (2).jpg,486,586,76,76,,,,,,,,,graphic_slot,output/team-graphics/s3/GPL Teams Spieltag 14 (2).jpg
season_003_gpl_teams_spieltag_14_2_row_7_71,season_003,Regular Season,season_003_gpl_teams_spieltag_14_2_row_7,7,71,../output/team-graphics/s3/GPL Teams Spieltag 14 (2).jpg,output/team-graphics/s3/GPL Teams Spieltag 14 (2).jpg,578,586,76,76,,,,,,,,,graphic_slot,output/team-graphics/s3/GPL Teams Spieltag 14 (2).jpg
season_003_gpl_teams_spieltag_14_2_row_7_72,season_003,Regular Season,season_003_gpl_teams_spieltag_14_2_row_7,7,72,../output/team-graphics/s3/GPL Teams Spieltag 14 (2).jpg,output/team-graphics/s3/GPL Teams Spieltag 14 (2).jpg,670,586,76,76,,,,,,,,,graphic_slot,output/team-graphics/s3/GPL Teams Spieltag 14 (2).jpg
season_003_gpl_teams_spieltag_14_2_row_7_73,season_003,Regular Season,season_003_gpl_teams_spieltag_14_2_row_7,7,73,../output/team-graphics/s3/GPL Teams Spieltag 14 (2).jpg,output/team-graphics/s3/GPL Teams Spieltag 14 (2).jpg,762,586,76,76,,,,,,,,,graphic_slot,output/team-graphics/s3/GPL Teams Spieltag 14 (2).jpg
season_003_gpl_teams_spieltag_14_2_row_7_74,season_003,Regular Season,season_003_gpl_teams_spieltag_14_2_row_7,7,74,../output/team-graphics/s3/GPL Teams Spieltag 14 (2).jpg,output/team-graphics/s3/GPL Teams Spieltag 14 (2).jpg,854,586,76,76,,,,,,,,,graphic_slot,output/team-graphics/s3/GPL Teams Spieltag 14 (2).jpg
season_003_gpl_teams_spieltag_14_2_row_7_75,season_003,Regular Season,season_003_gpl_teams_spieltag_14_2_row_7,7,75,../output/team-graphics/s3/GPL Teams Spieltag 14 (2).jpg,output/team-graphics/s3/GPL Teams Spieltag 14 (2).jpg,946,586,76,76,,,,,,,,,graphic_slot,output/team-graphics/s3/GPL Teams Spieltag 14 (2).jpg
season_003_gpl_teams_spieltag_14_2_row_7_76,season_003,Regular Season,season_003_gpl_teams_spieltag_14_2_row_7,7,76,../output/team-graphics/s3/GPL Teams Spieltag 14 (2).jpg,output/team-graphics/s3/GPL Teams Spieltag 14 (2).jpg,1038,586,76,76,,,,,,,,,graphic_slot,output/team-graphics/s3/GPL Teams Spieltag 14 (2).jpg
season_003_gpl_teams_spieltag_14_2_row_7_77,season_003,Regular Season,season_003_gpl_teams_spieltag_14_2_row_7,7,77,../output/team-graphics/s3/GPL Teams Spieltag 14 (2).jpg,output/team-graphics/s3/GPL Teams Spieltag 14 (2).jpg,1130,586,76,76,,,,,,,,,graphic_slot,output/team-graphics/s3/GPL Teams Spieltag 14 (2).jpg
season_004_enteikutierung_lauris_enteitainment_01,season_004,Regular Season,season_004_enteikutierung_lauris_enteitainment,,1,../output/team-graphics/s4/Enteikutierung - Lauris Enteitainment.png,output/team-graphics/s4/Enteikutierung - Lauris Enteitainment.png,286,119,179,102,Enteikutierung,enteikutierung,Lauris,lauris,,,,,graphic_slot,output/team-graphics/s4/Enteikutierung - Lauris Enteitainment.png
season_004_enteikutierung_lauris_enteitainment_02,season_004,Regular Season,season_004_enteikutierung_lauris_enteitainment,,2,../output/team-graphics/s4/Enteikutierung - Lauris Enteitainment.png,output/team-graphics/s4/Enteikutierung - Lauris Enteitainment.png,583,119,179,102,Enteikutierung,enteikutierung,Lauris,lauris,,,,,graphic_slot,output/team-graphics/s4/Enteikutierung - Lauris Enteitainment.png
season_004_enteikutierung_lauris_enteitainment_03,season_004,Regular Season,season_004_enteikutierung_lauris_enteitainment,,3,../output/team-graphics/s4/Enteikutierung - Lauris Enteitainment.png,output/team-graphics/s4/Enteikutierung - Lauris Enteitainment.png,879,119,179,102,Enteikutierung,enteikutierung,Lauris,lauris,,,,,graphic_slot,output/team-graphics/s4/Enteikutierung - Lauris Enteitainment.png
season_004_enteikutierung_lauris_enteitainment_04,season_004,Regular Season,season_004_enteikutierung_lauris_enteitainment,,4,../output/team-graphics/s4/Enteikutierung - Lauris Enteitainment.png,output/team-graphics/s4/Enteikutierung - Lauris Enteitainment.png,286,247,179,102,Enteikutierung,enteikutierung,Lauris,lauris,,,,,graphic_slot,output/team-graphics/s4/Enteikutierung - Lauris Enteitainment.png
season_004_enteikutierung_lauris_enteitainment_05,season_004,Regular Season,season_004_enteikutierung_lauris_enteitainment,,5,../output/team-graphics/s4/Enteikutierung - Lauris Enteitainment.png,output/team-graphics/s4/Enteikutierung - Lauris Enteitainment.png,583,247,179,102,Enteikutierung,enteikutierung,Lauris,lauris,,,,,graphic_slot,output/team-graphics/s4/Enteikutierung - Lauris Enteitainment.png
season_004_enteikutierung_lauris_enteitainment_06,season_004,Regular Season,season_004_enteikutierung_lauris_enteitainment,,6,../output/team-graphics/s4/Enteikutierung - Lauris Enteitainment.png,output/team-graphics/s4/Enteikutierung - Lauris Enteitainment.png,879,247,179,102,Enteikutierung,enteikutierung,Lauris,lauris,,,,,graphic_slot,output/team-graphics/s4/Enteikutierung - Lauris Enteitainment.png
season_004_enteikutierung_lauris_enteitainment_07,season_004,Regular Season,season_004_enteikutierung_lauris_enteitainment,,7,../output/team-graphics/s4/Enteikutierung - Lauris Enteitainment.png,output/team-graphics/s4/Enteikutierung - Lauris Enteitainment.png,435,376,179,102,Enteikutierung,enteikutierung,Lauris,lauris,,,,,graphic_slot,output/team-graphics/s4/Enteikutierung - Lauris Enteitainment.png
season_004_enteikutierung_lauris_enteitainment_08,season_004,Regular Season,season_004_enteikutierung_lauris_enteitainment,,8,../output/team-graphics/s4/Enteikutierung - Lauris Enteitainment.png,output/team-graphics/s4/Enteikutierung - Lauris Enteitainment.png,731,376,179,102,Enteikutierung,enteikutierung,Lauris,lauris,,,,,graphic_slot,output/team-graphics/s4/Enteikutierung - Lauris Enteitainment.png
season_004_enteikutierung_lauris_enteitainment_09,season_004,Regular Season,season_004_enteikutierung_lauris_enteitainment,,9,../output/team-graphics/s4/Enteikutierung - Lauris Enteitainment.png,output/team-graphics/s4/Enteikutierung - Lauris Enteitainment.png,286,502,179,102,Enteikutierung,enteikutierung,Lauris,lauris,,,,,graphic_slot,output/team-graphics/s4/Enteikutierung - Lauris Enteitainment.png
season_004_enteikutierung_lauris_enteitainment_10,season_004,Regular Season,season_004_enteikutierung_lauris_enteitainment,,10,../output/team-graphics/s4/Enteikutierung - Lauris Enteitainment.png,output/team-graphics/s4/Enteikutierung - Lauris Enteitainment.png,583,502,179,102,Enteikutierung,enteikutierung,Lauris,lauris,,,,,graphic_slot,output/team-graphics/s4/Enteikutierung - Lauris Enteitainment.png
season_004_enteikutierung_lauris_enteitainment_11,season_004,Regular Season,season_004_enteikutierung_lauris_enteitainment,,11,../output/team-graphics/s4/Enteikutierung - Lauris Enteitainment.png,output/team-graphics/s4/Enteikutierung - Lauris Enteitainment.png,879,502,179,102,Enteikutierung,enteikutierung,Lauris,lauris,,,,,graphic_slot,output/team-graphics/s4/Enteikutierung - Lauris Enteitainment.png
season_004_flexing_masskito_regibang_01,season_004,Regular Season,season_004_flexing_masskito_regibang,,1,../output/team-graphics/s4/Flexing Masskito - RegiBang.png,output/team-graphics/s4/Flexing Masskito - RegiBang.png,286,119,179,102,Flexing Masskito,flexing masskito,RegiBang,regibang,,,,,graphic_slot,output/team-graphics/s4/Flexing Masskito - RegiBang.png
season_004_flexing_masskito_regibang_02,season_004,Regular Season,season_004_flexing_masskito_regibang,,2,../output/team-graphics/s4/Flexing Masskito - RegiBang.png,output/team-graphics/s4/Flexing Masskito - RegiBang.png,583,119,179,102,Flexing Masskito,flexing masskito,RegiBang,regibang,,,,,graphic_slot,output/team-graphics/s4/Flexing Masskito - RegiBang.png
season_004_flexing_masskito_regibang_03,season_004,Regular Season,season_004_flexing_masskito_regibang,,3,../output/team-graphics/s4/Flexing Masskito - RegiBang.png,output/team-graphics/s4/Flexing Masskito - RegiBang.png,879,119,179,102,Flexing Masskito,flexing masskito,RegiBang,regibang,,,,,graphic_slot,output/team-graphics/s4/Flexing Masskito - RegiBang.png
season_004_flexing_masskito_regibang_04,season_004,Regular Season,season_004_flexing_masskito_regibang,,4,../output/team-graphics/s4/Flexing Masskito - RegiBang.png,output/team-graphics/s4/Flexing Masskito - RegiBang.png,286,247,179,102,Flexing Masskito,flexing masskito,RegiBang,regibang,,,,,graphic_slot,output/team-graphics/s4/Flexing Masskito - RegiBang.png
season_004_flexing_masskito_regibang_05,season_004,Regular Season,season_004_flexing_masskito_regibang,,5,../output/team-graphics/s4/Flexing Masskito - RegiBang.png,output/team-graphics/s4/Flexing Masskito - RegiBang.png,583,247,179,102,Flexing Masskito,flexing masskito,RegiBang,regibang,,,,,graphic_slot,output/team-graphics/s4/Flexing Masskito - RegiBang.png
season_004_flexing_masskito_regibang_06,season_004,Regular Season,season_004_flexing_masskito_regibang,,6,../output/team-graphics/s4/Flexing Masskito - RegiBang.png,output/team-graphics/s4/Flexing Masskito - RegiBang.png,879,247,179,102,Flexing Masskito,flexing masskito,RegiBang,regibang,,,,,graphic_slot,output/team-graphics/s4/Flexing Masskito - RegiBang.png
season_004_flexing_masskito_regibang_07,season_004,Regular Season,season_004_flexing_masskito_regibang,,7,../output/team-graphics/s4/Flexing Masskito - RegiBang.png,output/team-graphics/s4/Flexing Masskito - RegiBang.png,435,376,179,102,Flexing Masskito,flexing masskito,RegiBang,regibang,,,,,graphic_slot,output/team-graphics/s4/Flexing Masskito - RegiBang.png
season_004_flexing_masskito_regibang_08,season_004,Regular Season,season_004_flexing_masskito_regibang,,8,../output/team-graphics/s4/Flexing Masskito - RegiBang.png,output/team-graphics/s4/Flexing Masskito - RegiBang.png,731,376,179,102,Flexing Masskito,flexing masskito,RegiBang,regibang,,,,,graphic_slot,output/team-graphics/s4/Flexing Masskito - RegiBang.png
season_004_flexing_masskito_regibang_09,season_004,Regular Season,season_004_flexing_masskito_regibang,,9,../output/team-graphics/s4/Flexing Masskito - RegiBang.png,output/team-graphics/s4/Flexing Masskito - RegiBang.png,286,502,179,102,Flexing Masskito,flexing masskito,RegiBang,regibang,,,,,graphic_slot,output/team-graphics/s4/Flexing Masskito - RegiBang.png
season_004_flexing_masskito_regibang_10,season_004,Regular Season,season_004_flexing_masskito_regibang,,10,../output/team-graphics/s4/Flexing Masskito - RegiBang.png,output/team-graphics/s4/Flexing Masskito - RegiBang.png,583,502,179,102,Flexing Masskito,flexing masskito,RegiBang,regibang,,,,,graphic_slot,output/team-graphics/s4/Flexing Masskito - RegiBang.png
season_004_flexing_masskito_regibang_11,season_004,Regular Season,season_004_flexing_masskito_regibang,,11,../output/team-graphics/s4/Flexing Masskito - RegiBang.png,output/team-graphics/s4/Flexing Masskito - RegiBang.png,879,502,179,102,Flexing Masskito,flexing masskito,RegiBang,regibang,,,,,graphic_slot,output/team-graphics/s4/Flexing Masskito - RegiBang.png
season_004_minetube_triyolotree_01,season_004,Regular Season,season_004_minetube_triyolotree,,1,../output/team-graphics/s4/Minetube - Triyolotree.png,output/team-graphics/s4/Minetube - Triyolotree.png,286,119,179,102,Triyolotree,triyolotree,Minetube,minetube,,,,,graphic_slot,output/team-graphics/s4/Minetube - Triyolotree.png
season_004_minetube_triyolotree_02,season_004,Regular Season,season_004_minetube_triyolotree,,2,../output/team-graphics/s4/Minetube - Triyolotree.png,output/team-graphics/s4/Minetube - Triyolotree.png,583,119,179,102,Triyolotree,triyolotree,Minetube,minetube,,,,,graphic_slot,output/team-graphics/s4/Minetube - Triyolotree.png
season_004_minetube_triyolotree_03,season_004,Regular Season,season_004_minetube_triyolotree,,3,../output/team-graphics/s4/Minetube - Triyolotree.png,output/team-graphics/s4/Minetube - Triyolotree.png,879,119,179,102,Triyolotree,triyolotree,Minetube,minetube,,,,,graphic_slot,output/team-graphics/s4/Minetube - Triyolotree.png
season_004_minetube_triyolotree_04,season_004,Regular Season,season_004_minetube_triyolotree,,4,../output/team-graphics/s4/Minetube - Triyolotree.png,output/team-graphics/s4/Minetube - Triyolotree.png,286,247,179,102,Triyolotree,triyolotree,Minetube,minetube,,,,,graphic_slot,output/team-graphics/s4/Minetube - Triyolotree.png
season_004_minetube_triyolotree_05,season_004,Regular Season,season_004_minetube_triyolotree,,5,../output/team-graphics/s4/Minetube - Triyolotree.png,output/team-graphics/s4/Minetube - Triyolotree.png,583,247,179,102,Triyolotree,triyolotree,Minetube,minetube,,,,,graphic_slot,output/team-graphics/s4/Minetube - Triyolotree.png
season_004_minetube_triyolotree_06,season_004,Regular Season,season_004_minetube_triyolotree,,6,../output/team-graphics/s4/Minetube - Triyolotree.png,output/team-graphics/s4/Minetube - Triyolotree.png,879,247,179,102,Triyolotree,triyolotree,Minetube,minetube,,,,,graphic_slot,output/team-graphics/s4/Minetube - Triyolotree.png
season_004_minetube_triyolotree_07,season_004,Regular Season,season_004_minetube_triyolotree,,7,../output/team-graphics/s4/Minetube - Triyolotree.png,output/team-graphics/s4/Minetube - Triyolotree.png,435,376,179,102,Triyolotree,triyolotree,Minetube,minetube,,,,,graphic_slot,output/team-graphics/s4/Minetube - Triyolotree.png
season_004_minetube_triyolotree_08,season_004,Regular Season,season_004_minetube_triyolotree,,8,../output/team-graphics/s4/Minetube - Triyolotree.png,output/team-graphics/s4/Minetube - Triyolotree.png,731,376,179,102,Triyolotree,triyolotree,Minetube,minetube,,,,,graphic_slot,output/team-graphics/s4/Minetube - Triyolotree.png
season_004_minetube_triyolotree_09,season_004,Regular Season,season_004_minetube_triyolotree,,9,../output/team-graphics/s4/Minetube - Triyolotree.png,output/team-graphics/s4/Minetube - Triyolotree.png,286,502,179,102,Triyolotree,triyolotree,Minetube,minetube,,,,,graphic_slot,output/team-graphics/s4/Minetube - Triyolotree.png
season_004_minetube_triyolotree_10,season_004,Regular Season,season_004_minetube_triyolotree,,10,../output/team-graphics/s4/Minetube - Triyolotree.png,output/team-graphics/s4/Minetube - Triyolotree.png,583,502,179,102,Triyolotree,triyolotree,Minetube,minetube,,,,,graphic_slot,output/team-graphics/s4/Minetube - Triyolotree.png
season_004_minetube_triyolotree_11,season_004,Regular Season,season_004_minetube_triyolotree,,11,../output/team-graphics/s4/Minetube - Triyolotree.png,output/team-graphics/s4/Minetube - Triyolotree.png,879,502,179,102,Triyolotree,triyolotree,Minetube,minetube,,,,,graphic_slot,output/team-graphics/s4/Minetube - Triyolotree.png
season_004_prekani_presentlp_01,season_004,Regular Season,season_004_prekani_presentlp,,1,../output/team-graphics/s4/Prekani - PresentLP.png,output/team-graphics/s4/Prekani - PresentLP.png,286,119,179,102,Prekani,prekani,PresentLP,present,,,,,graphic_slot,output/team-graphics/s4/Prekani - PresentLP.png
season_004_prekani_presentlp_02,season_004,Regular Season,season_004_prekani_presentlp,,2,../output/team-graphics/s4/Prekani - PresentLP.png,output/team-graphics/s4/Prekani - PresentLP.png,583,119,179,102,Prekani,prekani,PresentLP,present,,,,,graphic_slot,output/team-graphics/s4/Prekani - PresentLP.png
season_004_prekani_presentlp_03,season_004,Regular Season,season_004_prekani_presentlp,,3,../output/team-graphics/s4/Prekani - PresentLP.png,output/team-graphics/s4/Prekani - PresentLP.png,879,119,179,102,Prekani,prekani,PresentLP,present,,,,,graphic_slot,output/team-graphics/s4/Prekani - PresentLP.png
season_004_prekani_presentlp_04,season_004,Regular Season,season_004_prekani_presentlp,,4,../output/team-graphics/s4/Prekani - PresentLP.png,output/team-graphics/s4/Prekani - PresentLP.png,286,247,179,102,Prekani,prekani,PresentLP,present,,,,,graphic_slot,output/team-graphics/s4/Prekani - PresentLP.png
season_004_prekani_presentlp_05,season_004,Regular Season,season_004_prekani_presentlp,,5,../output/team-graphics/s4/Prekani - PresentLP.png,output/team-graphics/s4/Prekani - PresentLP.png,583,247,179,102,Prekani,prekani,PresentLP,present,,,,,graphic_slot,output/team-graphics/s4/Prekani - PresentLP.png
season_004_prekani_presentlp_06,season_004,Regular Season,season_004_prekani_presentlp,,6,../output/team-graphics/s4/Prekani - PresentLP.png,output/team-graphics/s4/Prekani - PresentLP.png,879,247,179,102,Prekani,prekani,PresentLP,present,,,,,graphic_slot,output/team-graphics/s4/Prekani - PresentLP.png
season_004_prekani_presentlp_07,season_004,Regular Season,season_004_prekani_presentlp,,7,../output/team-graphics/s4/Prekani - PresentLP.png,output/team-graphics/s4/Prekani - PresentLP.png,435,376,179,102,Prekani,prekani,PresentLP,present,,,,,graphic_slot,output/team-graphics/s4/Prekani - PresentLP.png
season_004_prekani_presentlp_08,season_004,Regular Season,season_004_prekani_presentlp,,8,../output/team-graphics/s4/Prekani - PresentLP.png,output/team-graphics/s4/Prekani - PresentLP.png,731,376,179,102,Prekani,prekani,PresentLP,present,,,,,graphic_slot,output/team-graphics/s4/Prekani - PresentLP.png
season_004_prekani_presentlp_09,season_004,Regular Season,season_004_prekani_presentlp,,9,../output/team-graphics/s4/Prekani - PresentLP.png,output/team-graphics/s4/Prekani - PresentLP.png,286,502,179,102,Prekani,prekani,PresentLP,present,,,,,graphic_slot,output/team-graphics/s4/Prekani - PresentLP.png
season_004_prekani_presentlp_10,season_004,Regular Season,season_004_prekani_presentlp,,10,../output/team-graphics/s4/Prekani - PresentLP.png,output/team-graphics/s4/Prekani - PresentLP.png,583,502,179,102,Prekani,prekani,PresentLP,present,,,,,graphic_slot,output/team-graphics/s4/Prekani - PresentLP.png
season_004_prekani_presentlp_11,season_004,Regular Season,season_004_prekani_presentlp,,11,../output/team-graphics/s4/Prekani - PresentLP.png,output/team-graphics/s4/Prekani - PresentLP.png,879,502,179,102,Prekani,prekani,PresentLP,present,,,,,graphic_slot,output/team-graphics/s4/Prekani - PresentLP.png
season_004_pyroars_of_the_carribean_art_n_gaming_01,season_004,Regular Season,season_004_pyroars_of_the_carribean_art_n_gaming,,1,../output/team-graphics/s4/Pyroars of The Carribean - Art 'n' Gaming.png,output/team-graphics/s4/Pyroars of The Carribean - Art 'n' Gaming.png,286,119,179,102,Pyroars of the Carribean,pyroars of the carribean,Art'n'Gaming,art n gaming,,,,,graphic_slot,output/team-graphics/s4/Pyroars of The Carribean - Art 'n' Gaming.png
season_004_pyroars_of_the_carribean_art_n_gaming_02,season_004,Regular Season,season_004_pyroars_of_the_carribean_art_n_gaming,,2,../output/team-graphics/s4/Pyroars of The Carribean - Art 'n' Gaming.png,output/team-graphics/s4/Pyroars of The Carribean - Art 'n' Gaming.png,583,119,179,102,Pyroars of the Carribean,pyroars of the carribean,Art'n'Gaming,art n gaming,,,,,graphic_slot,output/team-graphics/s4/Pyroars of The Carribean - Art 'n' Gaming.png
season_004_pyroars_of_the_carribean_art_n_gaming_03,season_004,Regular Season,season_004_pyroars_of_the_carribean_art_n_gaming,,3,../output/team-graphics/s4/Pyroars of The Carribean - Art 'n' Gaming.png,output/team-graphics/s4/Pyroars of The Carribean - Art 'n' Gaming.png,879,119,179,102,Pyroars of the Carribean,pyroars of the carribean,Art'n'Gaming,art n gaming,,,,,graphic_slot,output/team-graphics/s4/Pyroars of The Carribean - Art 'n' Gaming.png
season_004_pyroars_of_the_carribean_art_n_gaming_04,season_004,Regular Season,season_004_pyroars_of_the_carribean_art_n_gaming,,4,../output/team-graphics/s4/Pyroars of The Carribean - Art 'n' Gaming.png,output/team-graphics/s4/Pyroars of The Carribean - Art 'n' Gaming.png,286,247,179,102,Pyroars of the Carribean,pyroars of the carribean,Art'n'Gaming,art n gaming,,,,,graphic_slot,output/team-graphics/s4/Pyroars of The Carribean - Art 'n' Gaming.png
season_004_pyroars_of_the_carribean_art_n_gaming_05,season_004,Regular Season,season_004_pyroars_of_the_carribean_art_n_gaming,,5,../output/team-graphics/s4/Pyroars of The Carribean - Art 'n' Gaming.png,output/team-graphics/s4/Pyroars of The Carribean - Art 'n' Gaming.png,583,247,179,102,Pyroars of the Carribean,pyroars of the carribean,Art'n'Gaming,art n gaming,,,,,graphic_slot,output/team-graphics/s4/Pyroars of The Carribean - Art 'n' Gaming.png
season_004_pyroars_of_the_carribean_art_n_gaming_06,season_004,Regular Season,season_004_pyroars_of_the_carribean_art_n_gaming,,6,../output/team-graphics/s4/Pyroars of The Carribean - Art 'n' Gaming.png,output/team-graphics/s4/Pyroars of The Carribean - Art 'n' Gaming.png,879,247,179,102,Pyroars of the Carribean,pyroars of the carribean,Art'n'Gaming,art n gaming,,,,,graphic_slot,output/team-graphics/s4/Pyroars of The Carribean - Art 'n' Gaming.png
season_004_pyroars_of_the_carribean_art_n_gaming_07,season_004,Regular Season,season_004_pyroars_of_the_carribean_art_n_gaming,,7,../output/team-graphics/s4/Pyroars of The Carribean - Art 'n' Gaming.png,output/team-graphics/s4/Pyroars of The Carribean - Art 'n' Gaming.png,435,376,179,102,Pyroars of the Carribean,pyroars of the carribean,Art'n'Gaming,art n gaming,,,,,graphic_slot,output/team-graphics/s4/Pyroars of The Carribean - Art 'n' Gaming.png
season_004_pyroars_of_the_carribean_art_n_gaming_08,season_004,Regular Season,season_004_pyroars_of_the_carribean_art_n_gaming,,8,../output/team-graphics/s4/Pyroars of The Carribean - Art 'n' Gaming.png,output/team-graphics/s4/Pyroars of The Carribean - Art 'n' Gaming.png,731,376,179,102,Pyroars of the Carribean,pyroars of the carribean,Art'n'Gaming,art n gaming,,,,,graphic_slot,output/team-graphics/s4/Pyroars of The Carribean - Art 'n' Gaming.png
season_004_pyroars_of_the_carribean_art_n_gaming_09,season_004,Regular Season,season_004_pyroars_of_the_carribean_art_n_gaming,,9,../output/team-graphics/s4/Pyroars of The Carribean - Art 'n' Gaming.png,output/team-graphics/s4/Pyroars of The Carribean - Art 'n' Gaming.png,286,502,179,102,Pyroars of the Carribean,pyroars of the carribean,Art'n'Gaming,art n gaming,,,,,graphic_slot,output/team-graphics/s4/Pyroars of The Carribean - Art 'n' Gaming.png
season_004_pyroars_of_the_carribean_art_n_gaming_10,season_004,Regular Season,season_004_pyroars_of_the_carribean_art_n_gaming,,10,../output/team-graphics/s4/Pyroars of The Carribean - Art 'n' Gaming.png,output/team-graphics/s4/Pyroars of The Carribean - Art 'n' Gaming.png,583,502,179,102,Pyroars of the Carribean,pyroars of the carribean,Art'n'Gaming,art n gaming,,,,,graphic_slot,output/team-graphics/s4/Pyroars of The Carribean - Art 'n' Gaming.png
season_004_pyroars_of_the_carribean_art_n_gaming_11,season_004,Regular Season,season_004_pyroars_of_the_carribean_art_n_gaming,,11,../output/team-graphics/s4/Pyroars of The Carribean - Art 'n' Gaming.png,output/team-graphics/s4/Pyroars of The Carribean - Art 'n' Gaming.png,879,502,179,102,Pyroars of the Carribean,pyroars of the carribean,Art'n'Gaming,art n gaming,,,,,graphic_slot,output/team-graphics/s4/Pyroars of The Carribean - Art 'n' Gaming.png
season_004_ritter_der_tapukokosnuss_fulllifegames_01,season_004,Regular Season,season_004_ritter_der_tapukokosnuss_fulllifegames,,1,../output/team-graphics/s4/Ritter der Tapukokosnuss - FullLifeGames.png,output/team-graphics/s4/Ritter der Tapukokosnuss - FullLifeGames.png,286,119,179,102,Ritter der Tapukokosnuss,ritter der tapukokosnuss,Bene,bene,,,,,graphic_slot,output/team-graphics/s4/Ritter der Tapukokosnuss - FullLifeGames.png
season_004_ritter_der_tapukokosnuss_fulllifegames_02,season_004,Regular Season,season_004_ritter_der_tapukokosnuss_fulllifegames,,2,../output/team-graphics/s4/Ritter der Tapukokosnuss - FullLifeGames.png,output/team-graphics/s4/Ritter der Tapukokosnuss - FullLifeGames.png,583,119,179,102,Ritter der Tapukokosnuss,ritter der tapukokosnuss,Bene,bene,,,,,graphic_slot,output/team-graphics/s4/Ritter der Tapukokosnuss - FullLifeGames.png
season_004_ritter_der_tapukokosnuss_fulllifegames_03,season_004,Regular Season,season_004_ritter_der_tapukokosnuss_fulllifegames,,3,../output/team-graphics/s4/Ritter der Tapukokosnuss - FullLifeGames.png,output/team-graphics/s4/Ritter der Tapukokosnuss - FullLifeGames.png,879,119,179,102,Ritter der Tapukokosnuss,ritter der tapukokosnuss,Bene,bene,,,,,graphic_slot,output/team-graphics/s4/Ritter der Tapukokosnuss - FullLifeGames.png
season_004_ritter_der_tapukokosnuss_fulllifegames_04,season_004,Regular Season,season_004_ritter_der_tapukokosnuss_fulllifegames,,4,../output/team-graphics/s4/Ritter der Tapukokosnuss - FullLifeGames.png,output/team-graphics/s4/Ritter der Tapukokosnuss - FullLifeGames.png,286,247,179,102,Ritter der Tapukokosnuss,ritter der tapukokosnuss,Bene,bene,,,,,graphic_slot,output/team-graphics/s4/Ritter der Tapukokosnuss - FullLifeGames.png
season_004_ritter_der_tapukokosnuss_fulllifegames_05,season_004,Regular Season,season_004_ritter_der_tapukokosnuss_fulllifegames,,5,../output/team-graphics/s4/Ritter der Tapukokosnuss - FullLifeGames.png,output/team-graphics/s4/Ritter der Tapukokosnuss - FullLifeGames.png,583,247,179,102,Ritter der Tapukokosnuss,ritter der tapukokosnuss,Bene,bene,,,,,graphic_slot,output/team-graphics/s4/Ritter der Tapukokosnuss - FullLifeGames.png
season_004_ritter_der_tapukokosnuss_fulllifegames_06,season_004,Regular Season,season_004_ritter_der_tapukokosnuss_fulllifegames,,6,../output/team-graphics/s4/Ritter der Tapukokosnuss - FullLifeGames.png,output/team-graphics/s4/Ritter der Tapukokosnuss - FullLifeGames.png,879,247,179,102,Ritter der Tapukokosnuss,ritter der tapukokosnuss,Bene,bene,,,,,graphic_slot,output/team-graphics/s4/Ritter der Tapukokosnuss - FullLifeGames.png
season_004_ritter_der_tapukokosnuss_fulllifegames_07,season_004,Regular Season,season_004_ritter_der_tapukokosnuss_fulllifegames,,7,../output/team-graphics/s4/Ritter der Tapukokosnuss - FullLifeGames.png,output/team-graphics/s4/Ritter der Tapukokosnuss - FullLifeGames.png,435,376,179,102,Ritter der Tapukokosnuss,ritter der tapukokosnuss,Bene,bene,,,,,graphic_slot,output/team-graphics/s4/Ritter der Tapukokosnuss - FullLifeGames.png
season_004_ritter_der_tapukokosnuss_fulllifegames_08,season_004,Regular Season,season_004_ritter_der_tapukokosnuss_fulllifegames,,8,../output/team-graphics/s4/Ritter der Tapukokosnuss - FullLifeGames.png,output/team-graphics/s4/Ritter der Tapukokosnuss - FullLifeGames.png,731,376,179,102,Ritter der Tapukokosnuss,ritter der tapukokosnuss,Bene,bene,,,,,graphic_slot,output/team-graphics/s4/Ritter der Tapukokosnuss - FullLifeGames.png
season_004_ritter_der_tapukokosnuss_fulllifegames_09,season_004,Regular Season,season_004_ritter_der_tapukokosnuss_fulllifegames,,9,../output/team-graphics/s4/Ritter der Tapukokosnuss - FullLifeGames.png,output/team-graphics/s4/Ritter der Tapukokosnuss - FullLifeGames.png,286,502,179,102,Ritter der Tapukokosnuss,ritter der tapukokosnuss,Bene,bene,,,,,graphic_slot,output/team-graphics/s4/Ritter der Tapukokosnuss - FullLifeGames.png
season_004_ritter_der_tapukokosnuss_fulllifegames_10,season_004,Regular Season,season_004_ritter_der_tapukokosnuss_fulllifegames,,10,../output/team-graphics/s4/Ritter der Tapukokosnuss - FullLifeGames.png,output/team-graphics/s4/Ritter der Tapukokosnuss - FullLifeGames.png,583,502,179,102,Ritter der Tapukokosnuss,ritter der tapukokosnuss,Bene,bene,,,,,graphic_slot,output/team-graphics/s4/Ritter der Tapukokosnuss - FullLifeGames.png
season_004_ritter_der_tapukokosnuss_fulllifegames_11,season_004,Regular Season,season_004_ritter_der_tapukokosnuss_fulllifegames,,11,../output/team-graphics/s4/Ritter der Tapukokosnuss - FullLifeGames.png,output/team-graphics/s4/Ritter der Tapukokosnuss - FullLifeGames.png,879,502,179,102,Ritter der Tapukokosnuss,ritter der tapukokosnuss,Bene,bene,,,,,graphic_slot,output/team-graphics/s4/Ritter der Tapukokosnuss - FullLifeGames.png
season_004_schnittlauchs_pokebazi_01,season_004,Regular Season,season_004_schnittlauchs_pokebazi,,1,../output/team-graphics/s4/Schnittlauchs - PokeBazi.png,output/team-graphics/s4/Schnittlauchs - PokeBazi.png,286,119,179,102,Schnittlauchs,schnittlauchs,PokeBazi,pokebazi,,,,,graphic_slot,output/team-graphics/s4/Schnittlauchs - PokeBazi.png
season_004_schnittlauchs_pokebazi_02,season_004,Regular Season,season_004_schnittlauchs_pokebazi,,2,../output/team-graphics/s4/Schnittlauchs - PokeBazi.png,output/team-graphics/s4/Schnittlauchs - PokeBazi.png,583,119,179,102,Schnittlauchs,schnittlauchs,PokeBazi,pokebazi,,,,,graphic_slot,output/team-graphics/s4/Schnittlauchs - PokeBazi.png
season_004_schnittlauchs_pokebazi_03,season_004,Regular Season,season_004_schnittlauchs_pokebazi,,3,../output/team-graphics/s4/Schnittlauchs - PokeBazi.png,output/team-graphics/s4/Schnittlauchs - PokeBazi.png,879,119,179,102,Schnittlauchs,schnittlauchs,PokeBazi,pokebazi,,,,,graphic_slot,output/team-graphics/s4/Schnittlauchs - PokeBazi.png
season_004_schnittlauchs_pokebazi_04,season_004,Regular Season,season_004_schnittlauchs_pokebazi,,4,../output/team-graphics/s4/Schnittlauchs - PokeBazi.png,output/team-graphics/s4/Schnittlauchs - PokeBazi.png,286,247,179,102,Schnittlauchs,schnittlauchs,PokeBazi,pokebazi,,,,,graphic_slot,output/team-graphics/s4/Schnittlauchs - PokeBazi.png
season_004_schnittlauchs_pokebazi_05,season_004,Regular Season,season_004_schnittlauchs_pokebazi,,5,../output/team-graphics/s4/Schnittlauchs - PokeBazi.png,output/team-graphics/s4/Schnittlauchs - PokeBazi.png,583,247,179,102,Schnittlauchs,schnittlauchs,PokeBazi,pokebazi,,,,,graphic_slot,output/team-graphics/s4/Schnittlauchs - PokeBazi.png
season_004_schnittlauchs_pokebazi_06,season_004,Regular Season,season_004_schnittlauchs_pokebazi,,6,../output/team-graphics/s4/Schnittlauchs - PokeBazi.png,output/team-graphics/s4/Schnittlauchs - PokeBazi.png,879,247,179,102,Schnittlauchs,schnittlauchs,PokeBazi,pokebazi,,,,,graphic_slot,output/team-graphics/s4/Schnittlauchs - PokeBazi.png
season_004_schnittlauchs_pokebazi_07,season_004,Regular Season,season_004_schnittlauchs_pokebazi,,7,../output/team-graphics/s4/Schnittlauchs - PokeBazi.png,output/team-graphics/s4/Schnittlauchs - PokeBazi.png,435,376,179,102,Schnittlauchs,schnittlauchs,PokeBazi,pokebazi,,,,,graphic_slot,output/team-graphics/s4/Schnittlauchs - PokeBazi.png
season_004_schnittlauchs_pokebazi_08,season_004,Regular Season,season_004_schnittlauchs_pokebazi,,8,../output/team-graphics/s4/Schnittlauchs - PokeBazi.png,output/team-graphics/s4/Schnittlauchs - PokeBazi.png,731,376,179,102,Schnittlauchs,schnittlauchs,PokeBazi,pokebazi,,,,,graphic_slot,output/team-graphics/s4/Schnittlauchs - PokeBazi.png
season_004_schnittlauchs_pokebazi_09,season_004,Regular Season,season_004_schnittlauchs_pokebazi,,9,../output/team-graphics/s4/Schnittlauchs - PokeBazi.png,output/team-graphics/s4/Schnittlauchs - PokeBazi.png,286,502,179,102,Schnittlauchs,schnittlauchs,PokeBazi,pokebazi,,,,,graphic_slot,output/team-graphics/s4/Schnittlauchs - PokeBazi.png
season_004_schnittlauchs_pokebazi_10,season_004,Regular Season,season_004_schnittlauchs_pokebazi,,10,../output/team-graphics/s4/Schnittlauchs - PokeBazi.png,output/team-graphics/s4/Schnittlauchs - PokeBazi.png,583,502,179,102,Schnittlauchs,schnittlauchs,PokeBazi,pokebazi,,,,,graphic_slot,output/team-graphics/s4/Schnittlauchs - PokeBazi.png
season_004_schnittlauchs_pokebazi_11,season_004,Regular Season,season_004_schnittlauchs_pokebazi,,11,../output/team-graphics/s4/Schnittlauchs - PokeBazi.png,output/team-graphics/s4/Schnittlauchs - PokeBazi.png,879,502,179,102,Schnittlauchs,schnittlauchs,PokeBazi,pokebazi,,,,,graphic_slot,output/team-graphics/s4/Schnittlauchs - PokeBazi.png
season_004_shocking_shaymins_melevies_01,season_004,Regular Season,season_004_shocking_shaymins_melevies,,1,../output/team-graphics/s4/Shocking Shaymins - MeLevies.png,output/team-graphics/s4/Shocking Shaymins - MeLevies.png,286,119,179,102,Shocking Shaymins,shocking shaymins,MeLevies,melevies,,,,,graphic_slot,output/team-graphics/s4/Shocking Shaymins - MeLevies.png
season_004_shocking_shaymins_melevies_02,season_004,Regular Season,season_004_shocking_shaymins_melevies,,2,../output/team-graphics/s4/Shocking Shaymins - MeLevies.png,output/team-graphics/s4/Shocking Shaymins - MeLevies.png,583,119,179,102,Shocking Shaymins,shocking shaymins,MeLevies,melevies,,,,,graphic_slot,output/team-graphics/s4/Shocking Shaymins - MeLevies.png
season_004_shocking_shaymins_melevies_03,season_004,Regular Season,season_004_shocking_shaymins_melevies,,3,../output/team-graphics/s4/Shocking Shaymins - MeLevies.png,output/team-graphics/s4/Shocking Shaymins - MeLevies.png,879,119,179,102,Shocking Shaymins,shocking shaymins,MeLevies,melevies,,,,,graphic_slot,output/team-graphics/s4/Shocking Shaymins - MeLevies.png
season_004_shocking_shaymins_melevies_04,season_004,Regular Season,season_004_shocking_shaymins_melevies,,4,../output/team-graphics/s4/Shocking Shaymins - MeLevies.png,output/team-graphics/s4/Shocking Shaymins - MeLevies.png,286,247,179,102,Shocking Shaymins,shocking shaymins,MeLevies,melevies,,,,,graphic_slot,output/team-graphics/s4/Shocking Shaymins - MeLevies.png
season_004_shocking_shaymins_melevies_05,season_004,Regular Season,season_004_shocking_shaymins_melevies,,5,../output/team-graphics/s4/Shocking Shaymins - MeLevies.png,output/team-graphics/s4/Shocking Shaymins - MeLevies.png,583,247,179,102,Shocking Shaymins,shocking shaymins,MeLevies,melevies,,,,,graphic_slot,output/team-graphics/s4/Shocking Shaymins - MeLevies.png
season_004_shocking_shaymins_melevies_06,season_004,Regular Season,season_004_shocking_shaymins_melevies,,6,../output/team-graphics/s4/Shocking Shaymins - MeLevies.png,output/team-graphics/s4/Shocking Shaymins - MeLevies.png,879,247,179,102,Shocking Shaymins,shocking shaymins,MeLevies,melevies,,,,,graphic_slot,output/team-graphics/s4/Shocking Shaymins - MeLevies.png
season_004_shocking_shaymins_melevies_07,season_004,Regular Season,season_004_shocking_shaymins_melevies,,7,../output/team-graphics/s4/Shocking Shaymins - MeLevies.png,output/team-graphics/s4/Shocking Shaymins - MeLevies.png,435,376,179,102,Shocking Shaymins,shocking shaymins,MeLevies,melevies,,,,,graphic_slot,output/team-graphics/s4/Shocking Shaymins - MeLevies.png
season_004_shocking_shaymins_melevies_08,season_004,Regular Season,season_004_shocking_shaymins_melevies,,8,../output/team-graphics/s4/Shocking Shaymins - MeLevies.png,output/team-graphics/s4/Shocking Shaymins - MeLevies.png,731,376,179,102,Shocking Shaymins,shocking shaymins,MeLevies,melevies,,,,,graphic_slot,output/team-graphics/s4/Shocking Shaymins - MeLevies.png
season_004_shocking_shaymins_melevies_09,season_004,Regular Season,season_004_shocking_shaymins_melevies,,9,../output/team-graphics/s4/Shocking Shaymins - MeLevies.png,output/team-graphics/s4/Shocking Shaymins - MeLevies.png,286,502,179,102,Shocking Shaymins,shocking shaymins,MeLevies,melevies,,,,,graphic_slot,output/team-graphics/s4/Shocking Shaymins - MeLevies.png
season_004_shocking_shaymins_melevies_10,season_004,Regular Season,season_004_shocking_shaymins_melevies,,10,../output/team-graphics/s4/Shocking Shaymins - MeLevies.png,output/team-graphics/s4/Shocking Shaymins - MeLevies.png,583,502,179,102,Shocking Shaymins,shocking shaymins,MeLevies,melevies,,,,,graphic_slot,output/team-graphics/s4/Shocking Shaymins - MeLevies.png
season_004_shocking_shaymins_melevies_11,season_004,Regular Season,season_004_shocking_shaymins_melevies,,11,../output/team-graphics/s4/Shocking Shaymins - MeLevies.png,output/team-graphics/s4/Shocking Shaymins - MeLevies.png,879,502,179,102,Shocking Shaymins,shocking shaymins,MeLevies,melevies,,,,,graphic_slot,output/team-graphics/s4/Shocking Shaymins - MeLevies.png
season_004_slicing_knights_cabgolord_01,season_004,Regular Season,season_004_slicing_knights_cabgolord,,1,../output/team-graphics/s4/Slicing Knights - Cabgolord.png,output/team-graphics/s4/Slicing Knights - Cabgolord.png,286,119,179,102,Slicing Knights,slicing knights,Fnupa,fnupa,,,,,graphic_slot,output/team-graphics/s4/Slicing Knights - Cabgolord.png
season_004_slicing_knights_cabgolord_02,season_004,Regular Season,season_004_slicing_knights_cabgolord,,2,../output/team-graphics/s4/Slicing Knights - Cabgolord.png,output/team-graphics/s4/Slicing Knights - Cabgolord.png,583,119,179,102,Slicing Knights,slicing knights,Fnupa,fnupa,,,,,graphic_slot,output/team-graphics/s4/Slicing Knights - Cabgolord.png
season_004_slicing_knights_cabgolord_03,season_004,Regular Season,season_004_slicing_knights_cabgolord,,3,../output/team-graphics/s4/Slicing Knights - Cabgolord.png,output/team-graphics/s4/Slicing Knights - Cabgolord.png,879,119,179,102,Slicing Knights,slicing knights,Fnupa,fnupa,,,,,graphic_slot,output/team-graphics/s4/Slicing Knights - Cabgolord.png
season_004_slicing_knights_cabgolord_04,season_004,Regular Season,season_004_slicing_knights_cabgolord,,4,../output/team-graphics/s4/Slicing Knights - Cabgolord.png,output/team-graphics/s4/Slicing Knights - Cabgolord.png,286,247,179,102,Slicing Knights,slicing knights,Fnupa,fnupa,,,,,graphic_slot,output/team-graphics/s4/Slicing Knights - Cabgolord.png
season_004_slicing_knights_cabgolord_05,season_004,Regular Season,season_004_slicing_knights_cabgolord,,5,../output/team-graphics/s4/Slicing Knights - Cabgolord.png,output/team-graphics/s4/Slicing Knights - Cabgolord.png,583,247,179,102,Slicing Knights,slicing knights,Fnupa,fnupa,,,,,graphic_slot,output/team-graphics/s4/Slicing Knights - Cabgolord.png
season_004_slicing_knights_cabgolord_06,season_004,Regular Season,season_004_slicing_knights_cabgolord,,6,../output/team-graphics/s4/Slicing Knights - Cabgolord.png,output/team-graphics/s4/Slicing Knights - Cabgolord.png,879,247,179,102,Slicing Knights,slicing knights,Fnupa,fnupa,,,,,graphic_slot,output/team-graphics/s4/Slicing Knights - Cabgolord.png
season_004_slicing_knights_cabgolord_07,season_004,Regular Season,season_004_slicing_knights_cabgolord,,7,../output/team-graphics/s4/Slicing Knights - Cabgolord.png,output/team-graphics/s4/Slicing Knights - Cabgolord.png,435,376,179,102,Slicing Knights,slicing knights,Fnupa,fnupa,,,,,graphic_slot,output/team-graphics/s4/Slicing Knights - Cabgolord.png
season_004_slicing_knights_cabgolord_08,season_004,Regular Season,season_004_slicing_knights_cabgolord,,8,../output/team-graphics/s4/Slicing Knights - Cabgolord.png,output/team-graphics/s4/Slicing Knights - Cabgolord.png,731,376,179,102,Slicing Knights,slicing knights,Fnupa,fnupa,,,,,graphic_slot,output/team-graphics/s4/Slicing Knights - Cabgolord.png
season_004_slicing_knights_cabgolord_09,season_004,Regular Season,season_004_slicing_knights_cabgolord,,9,../output/team-graphics/s4/Slicing Knights - Cabgolord.png,output/team-graphics/s4/Slicing Knights - Cabgolord.png,286,502,179,102,Slicing Knights,slicing knights,Fnupa,fnupa,,,,,graphic_slot,output/team-graphics/s4/Slicing Knights - Cabgolord.png
season_004_slicing_knights_cabgolord_10,season_004,Regular Season,season_004_slicing_knights_cabgolord,,10,../output/team-graphics/s4/Slicing Knights - Cabgolord.png,output/team-graphics/s4/Slicing Knights - Cabgolord.png,583,502,179,102,Slicing Knights,slicing knights,Fnupa,fnupa,,,,,graphic_slot,output/team-graphics/s4/Slicing Knights - Cabgolord.png
season_004_slicing_knights_cabgolord_11,season_004,Regular Season,season_004_slicing_knights_cabgolord,,11,../output/team-graphics/s4/Slicing Knights - Cabgolord.png,output/team-graphics/s4/Slicing Knights - Cabgolord.png,879,502,179,102,Slicing Knights,slicing knights,Fnupa,fnupa,,,,,graphic_slot,output/team-graphics/s4/Slicing Knights - Cabgolord.png
season_004_suicide_squad_captaincrinch_01,season_004,Regular Season,season_004_suicide_squad_captaincrinch,,1,../output/team-graphics/s4/Suicide Squad - CaptainCrinch.png,output/team-graphics/s4/Suicide Squad - CaptainCrinch.png,286,119,179,102,Suicide Squad,suicide squad,CaptainCrinch,captaincrinch,,,,,graphic_slot,output/team-graphics/s4/Suicide Squad - CaptainCrinch.png
season_004_suicide_squad_captaincrinch_02,season_004,Regular Season,season_004_suicide_squad_captaincrinch,,2,../output/team-graphics/s4/Suicide Squad - CaptainCrinch.png,output/team-graphics/s4/Suicide Squad - CaptainCrinch.png,583,119,179,102,Suicide Squad,suicide squad,CaptainCrinch,captaincrinch,,,,,graphic_slot,output/team-graphics/s4/Suicide Squad - CaptainCrinch.png
season_004_suicide_squad_captaincrinch_03,season_004,Regular Season,season_004_suicide_squad_captaincrinch,,3,../output/team-graphics/s4/Suicide Squad - CaptainCrinch.png,output/team-graphics/s4/Suicide Squad - CaptainCrinch.png,879,119,179,102,Suicide Squad,suicide squad,CaptainCrinch,captaincrinch,,,,,graphic_slot,output/team-graphics/s4/Suicide Squad - CaptainCrinch.png
season_004_suicide_squad_captaincrinch_04,season_004,Regular Season,season_004_suicide_squad_captaincrinch,,4,../output/team-graphics/s4/Suicide Squad - CaptainCrinch.png,output/team-graphics/s4/Suicide Squad - CaptainCrinch.png,286,247,179,102,Suicide Squad,suicide squad,CaptainCrinch,captaincrinch,,,,,graphic_slot,output/team-graphics/s4/Suicide Squad - CaptainCrinch.png
season_004_suicide_squad_captaincrinch_05,season_004,Regular Season,season_004_suicide_squad_captaincrinch,,5,../output/team-graphics/s4/Suicide Squad - CaptainCrinch.png,output/team-graphics/s4/Suicide Squad - CaptainCrinch.png,583,247,179,102,Suicide Squad,suicide squad,CaptainCrinch,captaincrinch,,,,,graphic_slot,output/team-graphics/s4/Suicide Squad - CaptainCrinch.png
season_004_suicide_squad_captaincrinch_06,season_004,Regular Season,season_004_suicide_squad_captaincrinch,,6,../output/team-graphics/s4/Suicide Squad - CaptainCrinch.png,output/team-graphics/s4/Suicide Squad - CaptainCrinch.png,879,247,179,102,Suicide Squad,suicide squad,CaptainCrinch,captaincrinch,,,,,graphic_slot,output/team-graphics/s4/Suicide Squad - CaptainCrinch.png
season_004_suicide_squad_captaincrinch_07,season_004,Regular Season,season_004_suicide_squad_captaincrinch,,7,../output/team-graphics/s4/Suicide Squad - CaptainCrinch.png,output/team-graphics/s4/Suicide Squad - CaptainCrinch.png,435,376,179,102,Suicide Squad,suicide squad,CaptainCrinch,captaincrinch,,,,,graphic_slot,output/team-graphics/s4/Suicide Squad - CaptainCrinch.png
season_004_suicide_squad_captaincrinch_08,season_004,Regular Season,season_004_suicide_squad_captaincrinch,,8,../output/team-graphics/s4/Suicide Squad - CaptainCrinch.png,output/team-graphics/s4/Suicide Squad - CaptainCrinch.png,731,376,179,102,Suicide Squad,suicide squad,CaptainCrinch,captaincrinch,,,,,graphic_slot,output/team-graphics/s4/Suicide Squad - CaptainCrinch.png
season_004_suicide_squad_captaincrinch_09,season_004,Regular Season,season_004_suicide_squad_captaincrinch,,9,../output/team-graphics/s4/Suicide Squad - CaptainCrinch.png,output/team-graphics/s4/Suicide Squad - CaptainCrinch.png,286,502,179,102,Suicide Squad,suicide squad,CaptainCrinch,captaincrinch,,,,,graphic_slot,output/team-graphics/s4/Suicide Squad - CaptainCrinch.png
season_004_suicide_squad_captaincrinch_10,season_004,Regular Season,season_004_suicide_squad_captaincrinch,,10,../output/team-graphics/s4/Suicide Squad - CaptainCrinch.png,output/team-graphics/s4/Suicide Squad - CaptainCrinch.png,583,502,179,102,Suicide Squad,suicide squad,CaptainCrinch,captaincrinch,,,,,graphic_slot,output/team-graphics/s4/Suicide Squad - CaptainCrinch.png
season_004_suicide_squad_captaincrinch_11,season_004,Regular Season,season_004_suicide_squad_captaincrinch,,11,../output/team-graphics/s4/Suicide Squad - CaptainCrinch.png,output/team-graphics/s4/Suicide Squad - CaptainCrinch.png,879,502,179,102,Suicide Squad,suicide squad,CaptainCrinch,captaincrinch,,,,,graphic_slot,output/team-graphics/s4/Suicide Squad - CaptainCrinch.png
season_004_surstars_surskittv_01,season_004,Regular Season,season_004_surstars_surskittv,,1,../output/team-graphics/s4/Surstars - SurskitTV.png,output/team-graphics/s4/Surstars - SurskitTV.png,286,119,179,102,Surstars,surstars,SurskitTV,surskittv,,,,,graphic_slot,output/team-graphics/s4/Surstars - SurskitTV.png
season_004_surstars_surskittv_02,season_004,Regular Season,season_004_surstars_surskittv,,2,../output/team-graphics/s4/Surstars - SurskitTV.png,output/team-graphics/s4/Surstars - SurskitTV.png,583,119,179,102,Surstars,surstars,SurskitTV,surskittv,,,,,graphic_slot,output/team-graphics/s4/Surstars - SurskitTV.png
season_004_surstars_surskittv_03,season_004,Regular Season,season_004_surstars_surskittv,,3,../output/team-graphics/s4/Surstars - SurskitTV.png,output/team-graphics/s4/Surstars - SurskitTV.png,879,119,179,102,Surstars,surstars,SurskitTV,surskittv,,,,,graphic_slot,output/team-graphics/s4/Surstars - SurskitTV.png
season_004_surstars_surskittv_04,season_004,Regular Season,season_004_surstars_surskittv,,4,../output/team-graphics/s4/Surstars - SurskitTV.png,output/team-graphics/s4/Surstars - SurskitTV.png,286,247,179,102,Surstars,surstars,SurskitTV,surskittv,,,,,graphic_slot,output/team-graphics/s4/Surstars - SurskitTV.png
season_004_surstars_surskittv_05,season_004,Regular Season,season_004_surstars_surskittv,,5,../output/team-graphics/s4/Surstars - SurskitTV.png,output/team-graphics/s4/Surstars - SurskitTV.png,583,247,179,102,Surstars,surstars,SurskitTV,surskittv,,,,,graphic_slot,output/team-graphics/s4/Surstars - SurskitTV.png
season_004_surstars_surskittv_06,season_004,Regular Season,season_004_surstars_surskittv,,6,../output/team-graphics/s4/Surstars - SurskitTV.png,output/team-graphics/s4/Surstars - SurskitTV.png,879,247,179,102,Surstars,surstars,SurskitTV,surskittv,,,,,graphic_slot,output/team-graphics/s4/Surstars - SurskitTV.png
season_004_surstars_surskittv_07,season_004,Regular Season,season_004_surstars_surskittv,,7,../output/team-graphics/s4/Surstars - SurskitTV.png,output/team-graphics/s4/Surstars - SurskitTV.png,435,376,179,102,Surstars,surstars,SurskitTV,surskittv,,,,,graphic_slot,output/team-graphics/s4/Surstars - SurskitTV.png
season_004_surstars_surskittv_08,season_004,Regular Season,season_004_surstars_surskittv,,8,../output/team-graphics/s4/Surstars - SurskitTV.png,output/team-graphics/s4/Surstars - SurskitTV.png,731,376,179,102,Surstars,surstars,SurskitTV,surskittv,,,,,graphic_slot,output/team-graphics/s4/Surstars - SurskitTV.png
season_004_surstars_surskittv_09,season_004,Regular Season,season_004_surstars_surskittv,,9,../output/team-graphics/s4/Surstars - SurskitTV.png,output/team-graphics/s4/Surstars - SurskitTV.png,286,502,179,102,Surstars,surstars,SurskitTV,surskittv,,,,,graphic_slot,output/team-graphics/s4/Surstars - SurskitTV.png
season_004_surstars_surskittv_10,season_004,Regular Season,season_004_surstars_surskittv,,10,../output/team-graphics/s4/Surstars - SurskitTV.png,output/team-graphics/s4/Surstars - SurskitTV.png,583,502,179,102,Surstars,surstars,SurskitTV,surskittv,,,,,graphic_slot,output/team-graphics/s4/Surstars - SurskitTV.png
season_004_surstars_surskittv_11,season_004,Regular Season,season_004_surstars_surskittv,,11,../output/team-graphics/s4/Surstars - SurskitTV.png,output/team-graphics/s4/Surstars - SurskitTV.png,879,502,179,102,Surstars,surstars,SurskitTV,surskittv,,,,,graphic_slot,output/team-graphics/s4/Surstars - SurskitTV.png
season_004_variant_vulpix_crowdcontroller_01,season_004,Regular Season,season_004_variant_vulpix_crowdcontroller,,1,../output/team-graphics/s4/Variant Vulpix - CrowdController.png,output/team-graphics/s4/Variant Vulpix - CrowdController.png,286,119,179,102,Variant Vulpix,variant vulpix,CrowdController,crowdcontroller,,,,,graphic_slot,output/team-graphics/s4/Variant Vulpix - CrowdController.png
season_004_variant_vulpix_crowdcontroller_02,season_004,Regular Season,season_004_variant_vulpix_crowdcontroller,,2,../output/team-graphics/s4/Variant Vulpix - CrowdController.png,output/team-graphics/s4/Variant Vulpix - CrowdController.png,583,119,179,102,Variant Vulpix,variant vulpix,CrowdController,crowdcontroller,,,,,graphic_slot,output/team-graphics/s4/Variant Vulpix - CrowdController.png
season_004_variant_vulpix_crowdcontroller_03,season_004,Regular Season,season_004_variant_vulpix_crowdcontroller,,3,../output/team-graphics/s4/Variant Vulpix - CrowdController.png,output/team-graphics/s4/Variant Vulpix - CrowdController.png,879,119,179,102,Variant Vulpix,variant vulpix,CrowdController,crowdcontroller,,,,,graphic_slot,output/team-graphics/s4/Variant Vulpix - CrowdController.png
season_004_variant_vulpix_crowdcontroller_04,season_004,Regular Season,season_004_variant_vulpix_crowdcontroller,,4,../output/team-graphics/s4/Variant Vulpix - CrowdController.png,output/team-graphics/s4/Variant Vulpix - CrowdController.png,286,247,179,102,Variant Vulpix,variant vulpix,CrowdController,crowdcontroller,,,,,graphic_slot,output/team-graphics/s4/Variant Vulpix - CrowdController.png
season_004_variant_vulpix_crowdcontroller_05,season_004,Regular Season,season_004_variant_vulpix_crowdcontroller,,5,../output/team-graphics/s4/Variant Vulpix - CrowdController.png,output/team-graphics/s4/Variant Vulpix - CrowdController.png,583,247,179,102,Variant Vulpix,variant vulpix,CrowdController,crowdcontroller,,,,,graphic_slot,output/team-graphics/s4/Variant Vulpix - CrowdController.png
season_004_variant_vulpix_crowdcontroller_06,season_004,Regular Season,season_004_variant_vulpix_crowdcontroller,,6,../output/team-graphics/s4/Variant Vulpix - CrowdController.png,output/team-graphics/s4/Variant Vulpix - CrowdController.png,879,247,179,102,Variant Vulpix,variant vulpix,CrowdController,crowdcontroller,,,,,graphic_slot,output/team-graphics/s4/Variant Vulpix - CrowdController.png
season_004_variant_vulpix_crowdcontroller_07,season_004,Regular Season,season_004_variant_vulpix_crowdcontroller,,7,../output/team-graphics/s4/Variant Vulpix - CrowdController.png,output/team-graphics/s4/Variant Vulpix - CrowdController.png,435,376,179,102,Variant Vulpix,variant vulpix,CrowdController,crowdcontroller,,,,,graphic_slot,output/team-graphics/s4/Variant Vulpix - CrowdController.png
season_004_variant_vulpix_crowdcontroller_08,season_004,Regular Season,season_004_variant_vulpix_crowdcontroller,,8,../output/team-graphics/s4/Variant Vulpix - CrowdController.png,output/team-graphics/s4/Variant Vulpix - CrowdController.png,731,376,179,102,Variant Vulpix,variant vulpix,CrowdController,crowdcontroller,,,,,graphic_slot,output/team-graphics/s4/Variant Vulpix - CrowdController.png
season_004_variant_vulpix_crowdcontroller_09,season_004,Regular Season,season_004_variant_vulpix_crowdcontroller,,9,../output/team-graphics/s4/Variant Vulpix - CrowdController.png,output/team-graphics/s4/Variant Vulpix - CrowdController.png,286,502,179,102,Variant Vulpix,variant vulpix,CrowdController,crowdcontroller,,,,,graphic_slot,output/team-graphics/s4/Variant Vulpix - CrowdController.png
season_004_variant_vulpix_crowdcontroller_10,season_004,Regular Season,season_004_variant_vulpix_crowdcontroller,,10,../output/team-graphics/s4/Variant Vulpix - CrowdController.png,output/team-graphics/s4/Variant Vulpix - CrowdController.png,583,502,179,102,Variant Vulpix,variant vulpix,CrowdController,crowdcontroller,,,,,graphic_slot,output/team-graphics/s4/Variant Vulpix - CrowdController.png
season_004_variant_vulpix_crowdcontroller_11,season_004,Regular Season,season_004_variant_vulpix_crowdcontroller,,11,../output/team-graphics/s4/Variant Vulpix - CrowdController.png,output/team-graphics/s4/Variant Vulpix - CrowdController.png,879,502,179,102,Variant Vulpix,variant vulpix,CrowdController,crowdcontroller,,,,,graphic_slot,output/team-graphics/s4/Variant Vulpix - CrowdController.png
season_005_aggron_berlin_01,season_005,Liga 1,season_005_aggron_berlin,,1,../output/team-graphics/s5/Aggron Berlin.png,output/team-graphics/s5/Aggron Berlin.png,61,119,270,143,Aggron Successors*,aggron successors,Parsifani,parsifani,,,,,graphic_slot,output/team-graphics/s5/Aggron Berlin.png
season_005_aggron_berlin_02,season_005,Liga 1,season_005_aggron_berlin,,2,../output/team-graphics/s5/Aggron Berlin.png,output/team-graphics/s5/Aggron Berlin.png,382,119,270,143,Aggron Successors*,aggron successors,Parsifani,parsifani,,,,,graphic_slot,output/team-graphics/s5/Aggron Berlin.png
season_005_aggron_berlin_03,season_005,Liga 1,season_005_aggron_berlin,,3,../output/team-graphics/s5/Aggron Berlin.png,output/team-graphics/s5/Aggron Berlin.png,224,294,270,143,Aggron Successors*,aggron successors,Parsifani,parsifani,,,,,graphic_slot,output/team-graphics/s5/Aggron Berlin.png
season_005_aggron_berlin_04,season_005,Liga 1,season_005_aggron_berlin,,4,../output/team-graphics/s5/Aggron Berlin.png,output/team-graphics/s5/Aggron Berlin.png,544,294,270,143,Aggron Successors*,aggron successors,Parsifani,parsifani,,,,,graphic_slot,output/team-graphics/s5/Aggron Berlin.png
season_005_aggron_berlin_05,season_005,Liga 1,season_005_aggron_berlin,,5,../output/team-graphics/s5/Aggron Berlin.png,output/team-graphics/s5/Aggron Berlin.png,61,469,270,143,Aggron Successors*,aggron successors,Parsifani,parsifani,,,,,graphic_slot,output/team-graphics/s5/Aggron Berlin.png
season_005_aggron_berlin_06,season_005,Liga 1,season_005_aggron_berlin,,6,../output/team-graphics/s5/Aggron Berlin.png,output/team-graphics/s5/Aggron Berlin.png,382,469,270,143,Aggron Successors*,aggron successors,Parsifani,parsifani,,,,,graphic_slot,output/team-graphics/s5/Aggron Berlin.png
season_005_aggron_berlin_07,season_005,Liga 1,season_005_aggron_berlin,,7,../output/team-graphics/s5/Aggron Berlin.png,output/team-graphics/s5/Aggron Berlin.png,705,469,270,143,Aggron Successors*,aggron successors,Parsifani,parsifani,,,,,graphic_slot,output/team-graphics/s5/Aggron Berlin.png
season_005_aggron_berlin_08,season_005,Liga 1,season_005_aggron_berlin,,8,../output/team-graphics/s5/Aggron Berlin.png,output/team-graphics/s5/Aggron Berlin.png,224,644,270,143,Aggron Successors*,aggron successors,Parsifani,parsifani,,,,,graphic_slot,output/team-graphics/s5/Aggron Berlin.png
season_005_aggron_berlin_09,season_005,Liga 1,season_005_aggron_berlin,,9,../output/team-graphics/s5/Aggron Berlin.png,output/team-graphics/s5/Aggron Berlin.png,544,644,270,143,Aggron Successors*,aggron successors,Parsifani,parsifani,,,,,graphic_slot,output/team-graphics/s5/Aggron Berlin.png
season_005_aggron_berlin_10,season_005,Liga 1,season_005_aggron_berlin,,10,../output/team-graphics/s5/Aggron Berlin.png,output/team-graphics/s5/Aggron Berlin.png,61,819,270,143,Aggron Successors*,aggron successors,Parsifani,parsifani,,,,,graphic_slot,output/team-graphics/s5/Aggron Berlin.png
season_005_aggron_berlin_11,season_005,Liga 1,season_005_aggron_berlin,,11,../output/team-graphics/s5/Aggron Berlin.png,output/team-graphics/s5/Aggron Berlin.png,382,819,270,143,Aggron Successors*,aggron successors,Parsifani,parsifani,,,,,graphic_slot,output/team-graphics/s5/Aggron Berlin.png
season_005_cabgosport_01,season_005,Liga 1,season_005_cabgosport,,1,../output/team-graphics/s5/Cabgosport.png,output/team-graphics/s5/Cabgosport.png,61,119,270,143,Cabgosport,cabgosport,Fnupa,fnupa,,,,,graphic_slot,output/team-graphics/s5/Cabgosport.png
season_005_cabgosport_02,season_005,Liga 1,season_005_cabgosport,,2,../output/team-graphics/s5/Cabgosport.png,output/team-graphics/s5/Cabgosport.png,382,119,270,143,Cabgosport,cabgosport,Fnupa,fnupa,,,,,graphic_slot,output/team-graphics/s5/Cabgosport.png
season_005_cabgosport_03,season_005,Liga 1,season_005_cabgosport,,3,../output/team-graphics/s5/Cabgosport.png,output/team-graphics/s5/Cabgosport.png,224,294,270,143,Cabgosport,cabgosport,Fnupa,fnupa,,,,,graphic_slot,output/team-graphics/s5/Cabgosport.png
season_005_cabgosport_04,season_005,Liga 1,season_005_cabgosport,,4,../output/team-graphics/s5/Cabgosport.png,output/team-graphics/s5/Cabgosport.png,544,294,270,143,Cabgosport,cabgosport,Fnupa,fnupa,,,,,graphic_slot,output/team-graphics/s5/Cabgosport.png
season_005_cabgosport_05,season_005,Liga 1,season_005_cabgosport,,5,../output/team-graphics/s5/Cabgosport.png,output/team-graphics/s5/Cabgosport.png,61,469,270,143,Cabgosport,cabgosport,Fnupa,fnupa,,,,,graphic_slot,output/team-graphics/s5/Cabgosport.png
season_005_cabgosport_06,season_005,Liga 1,season_005_cabgosport,,6,../output/team-graphics/s5/Cabgosport.png,output/team-graphics/s5/Cabgosport.png,382,469,270,143,Cabgosport,cabgosport,Fnupa,fnupa,,,,,graphic_slot,output/team-graphics/s5/Cabgosport.png
season_005_cabgosport_07,season_005,Liga 1,season_005_cabgosport,,7,../output/team-graphics/s5/Cabgosport.png,output/team-graphics/s5/Cabgosport.png,705,469,270,143,Cabgosport,cabgosport,Fnupa,fnupa,,,,,graphic_slot,output/team-graphics/s5/Cabgosport.png
season_005_cabgosport_08,season_005,Liga 1,season_005_cabgosport,,8,../output/team-graphics/s5/Cabgosport.png,output/team-graphics/s5/Cabgosport.png,224,644,270,143,Cabgosport,cabgosport,Fnupa,fnupa,,,,,graphic_slot,output/team-graphics/s5/Cabgosport.png
season_005_cabgosport_09,season_005,Liga 1,season_005_cabgosport,,9,../output/team-graphics/s5/Cabgosport.png,output/team-graphics/s5/Cabgosport.png,544,644,270,143,Cabgosport,cabgosport,Fnupa,fnupa,,,,,graphic_slot,output/team-graphics/s5/Cabgosport.png
season_005_cabgosport_10,season_005,Liga 1,season_005_cabgosport,,10,../output/team-graphics/s5/Cabgosport.png,output/team-graphics/s5/Cabgosport.png,61,819,270,143,Cabgosport,cabgosport,Fnupa,fnupa,,,,,graphic_slot,output/team-graphics/s5/Cabgosport.png
season_005_cabgosport_11,season_005,Liga 1,season_005_cabgosport,,11,../output/team-graphics/s5/Cabgosport.png,output/team-graphics/s5/Cabgosport.png,382,819,270,143,Cabgosport,cabgosport,Fnupa,fnupa,,,,,graphic_slot,output/team-graphics/s5/Cabgosport.png
season_005_crinchilla_01,season_005,Liga 1,season_005_crinchilla,,1,../output/team-graphics/s5/Crinchilla.png,output/team-graphics/s5/Crinchilla.png,61,119,270,143,Crinchilla,crinchilla,CaptainCrinch,captaincrinch,,,,,graphic_slot,output/team-graphics/s5/Crinchilla.png
season_005_crinchilla_02,season_005,Liga 1,season_005_crinchilla,,2,../output/team-graphics/s5/Crinchilla.png,output/team-graphics/s5/Crinchilla.png,382,119,270,143,Crinchilla,crinchilla,CaptainCrinch,captaincrinch,,,,,graphic_slot,output/team-graphics/s5/Crinchilla.png
season_005_crinchilla_03,season_005,Liga 1,season_005_crinchilla,,3,../output/team-graphics/s5/Crinchilla.png,output/team-graphics/s5/Crinchilla.png,224,294,270,143,Crinchilla,crinchilla,CaptainCrinch,captaincrinch,,,,,graphic_slot,output/team-graphics/s5/Crinchilla.png
season_005_crinchilla_04,season_005,Liga 1,season_005_crinchilla,,4,../output/team-graphics/s5/Crinchilla.png,output/team-graphics/s5/Crinchilla.png,544,294,270,143,Crinchilla,crinchilla,CaptainCrinch,captaincrinch,,,,,graphic_slot,output/team-graphics/s5/Crinchilla.png
season_005_crinchilla_05,season_005,Liga 1,season_005_crinchilla,,5,../output/team-graphics/s5/Crinchilla.png,output/team-graphics/s5/Crinchilla.png,61,469,270,143,Crinchilla,crinchilla,CaptainCrinch,captaincrinch,,,,,graphic_slot,output/team-graphics/s5/Crinchilla.png
season_005_crinchilla_06,season_005,Liga 1,season_005_crinchilla,,6,../output/team-graphics/s5/Crinchilla.png,output/team-graphics/s5/Crinchilla.png,382,469,270,143,Crinchilla,crinchilla,CaptainCrinch,captaincrinch,,,,,graphic_slot,output/team-graphics/s5/Crinchilla.png
season_005_crinchilla_07,season_005,Liga 1,season_005_crinchilla,,7,../output/team-graphics/s5/Crinchilla.png,output/team-graphics/s5/Crinchilla.png,705,469,270,143,Crinchilla,crinchilla,CaptainCrinch,captaincrinch,,,,,graphic_slot,output/team-graphics/s5/Crinchilla.png
season_005_crinchilla_08,season_005,Liga 1,season_005_crinchilla,,8,../output/team-graphics/s5/Crinchilla.png,output/team-graphics/s5/Crinchilla.png,224,644,270,143,Crinchilla,crinchilla,CaptainCrinch,captaincrinch,,,,,graphic_slot,output/team-graphics/s5/Crinchilla.png
season_005_crinchilla_09,season_005,Liga 1,season_005_crinchilla,,9,../output/team-graphics/s5/Crinchilla.png,output/team-graphics/s5/Crinchilla.png,544,644,270,143,Crinchilla,crinchilla,CaptainCrinch,captaincrinch,,,,,graphic_slot,output/team-graphics/s5/Crinchilla.png
season_005_crinchilla_10,season_005,Liga 1,season_005_crinchilla,,10,../output/team-graphics/s5/Crinchilla.png,output/team-graphics/s5/Crinchilla.png,61,819,270,143,Crinchilla,crinchilla,CaptainCrinch,captaincrinch,,,,,graphic_slot,output/team-graphics/s5/Crinchilla.png
season_005_crinchilla_11,season_005,Liga 1,season_005_crinchilla,,11,../output/team-graphics/s5/Crinchilla.png,output/team-graphics/s5/Crinchilla.png,382,819,270,143,Crinchilla,crinchilla,CaptainCrinch,captaincrinch,,,,,graphic_slot,output/team-graphics/s5/Crinchilla.png
season_005_energie_tobutz_01,season_005,Liga 1,season_005_energie_tobutz,,1,../output/team-graphics/s5/Energie Tobutz.png,output/team-graphics/s5/Energie Tobutz.png,61,119,270,143,Energie Tobutz,energie tobutz,glebber,glebber,,,,,graphic_slot,output/team-graphics/s5/Energie Tobutz.png
season_005_energie_tobutz_02,season_005,Liga 1,season_005_energie_tobutz,,2,../output/team-graphics/s5/Energie Tobutz.png,output/team-graphics/s5/Energie Tobutz.png,382,119,270,143,Energie Tobutz,energie tobutz,glebber,glebber,,,,,graphic_slot,output/team-graphics/s5/Energie Tobutz.png
season_005_energie_tobutz_03,season_005,Liga 1,season_005_energie_tobutz,,3,../output/team-graphics/s5/Energie Tobutz.png,output/team-graphics/s5/Energie Tobutz.png,224,294,270,143,Energie Tobutz,energie tobutz,glebber,glebber,,,,,graphic_slot,output/team-graphics/s5/Energie Tobutz.png
season_005_energie_tobutz_04,season_005,Liga 1,season_005_energie_tobutz,,4,../output/team-graphics/s5/Energie Tobutz.png,output/team-graphics/s5/Energie Tobutz.png,544,294,270,143,Energie Tobutz,energie tobutz,glebber,glebber,,,,,graphic_slot,output/team-graphics/s5/Energie Tobutz.png
season_005_energie_tobutz_05,season_005,Liga 1,season_005_energie_tobutz,,5,../output/team-graphics/s5/Energie Tobutz.png,output/team-graphics/s5/Energie Tobutz.png,61,469,270,143,Energie Tobutz,energie tobutz,glebber,glebber,,,,,graphic_slot,output/team-graphics/s5/Energie Tobutz.png
season_005_energie_tobutz_06,season_005,Liga 1,season_005_energie_tobutz,,6,../output/team-graphics/s5/Energie Tobutz.png,output/team-graphics/s5/Energie Tobutz.png,382,469,270,143,Energie Tobutz,energie tobutz,glebber,glebber,,,,,graphic_slot,output/team-graphics/s5/Energie Tobutz.png
season_005_energie_tobutz_07,season_005,Liga 1,season_005_energie_tobutz,,7,../output/team-graphics/s5/Energie Tobutz.png,output/team-graphics/s5/Energie Tobutz.png,705,469,270,143,Energie Tobutz,energie tobutz,glebber,glebber,,,,,graphic_slot,output/team-graphics/s5/Energie Tobutz.png
season_005_energie_tobutz_08,season_005,Liga 1,season_005_energie_tobutz,,8,../output/team-graphics/s5/Energie Tobutz.png,output/team-graphics/s5/Energie Tobutz.png,224,644,270,143,Energie Tobutz,energie tobutz,glebber,glebber,,,,,graphic_slot,output/team-graphics/s5/Energie Tobutz.png
season_005_energie_tobutz_09,season_005,Liga 1,season_005_energie_tobutz,,9,../output/team-graphics/s5/Energie Tobutz.png,output/team-graphics/s5/Energie Tobutz.png,544,644,270,143,Energie Tobutz,energie tobutz,glebber,glebber,,,,,graphic_slot,output/team-graphics/s5/Energie Tobutz.png
season_005_energie_tobutz_10,season_005,Liga 1,season_005_energie_tobutz,,10,../output/team-graphics/s5/Energie Tobutz.png,output/team-graphics/s5/Energie Tobutz.png,61,819,270,143,Energie Tobutz,energie tobutz,glebber,glebber,,,,,graphic_slot,output/team-graphics/s5/Energie Tobutz.png
season_005_energie_tobutz_11,season_005,Liga 1,season_005_energie_tobutz,,11,../output/team-graphics/s5/Energie Tobutz.png,output/team-graphics/s5/Energie Tobutz.png,382,819,270,143,Energie Tobutz,energie tobutz,glebber,glebber,,,,,graphic_slot,output/team-graphics/s5/Energie Tobutz.png
season_005_howling_commandos_01,season_005,Liga 1,season_005_howling_commandos,,1,../output/team-graphics/s5/Howling Commandos.png,output/team-graphics/s5/Howling Commandos.png,61,119,270,143,Howling Commandos,howling commandos,Professor N,professor n,,,,,graphic_slot,output/team-graphics/s5/Howling Commandos.png
season_005_howling_commandos_02,season_005,Liga 1,season_005_howling_commandos,,2,../output/team-graphics/s5/Howling Commandos.png,output/team-graphics/s5/Howling Commandos.png,382,119,270,143,Howling Commandos,howling commandos,Professor N,professor n,,,,,graphic_slot,output/team-graphics/s5/Howling Commandos.png
season_005_howling_commandos_03,season_005,Liga 1,season_005_howling_commandos,,3,../output/team-graphics/s5/Howling Commandos.png,output/team-graphics/s5/Howling Commandos.png,224,294,270,143,Howling Commandos,howling commandos,Professor N,professor n,,,,,graphic_slot,output/team-graphics/s5/Howling Commandos.png
season_005_howling_commandos_04,season_005,Liga 1,season_005_howling_commandos,,4,../output/team-graphics/s5/Howling Commandos.png,output/team-graphics/s5/Howling Commandos.png,544,294,270,143,Howling Commandos,howling commandos,Professor N,professor n,,,,,graphic_slot,output/team-graphics/s5/Howling Commandos.png
season_005_howling_commandos_05,season_005,Liga 1,season_005_howling_commandos,,5,../output/team-graphics/s5/Howling Commandos.png,output/team-graphics/s5/Howling Commandos.png,61,469,270,143,Howling Commandos,howling commandos,Professor N,professor n,,,,,graphic_slot,output/team-graphics/s5/Howling Commandos.png
season_005_howling_commandos_06,season_005,Liga 1,season_005_howling_commandos,,6,../output/team-graphics/s5/Howling Commandos.png,output/team-graphics/s5/Howling Commandos.png,382,469,270,143,Howling Commandos,howling commandos,Professor N,professor n,,,,,graphic_slot,output/team-graphics/s5/Howling Commandos.png
season_005_howling_commandos_07,season_005,Liga 1,season_005_howling_commandos,,7,../output/team-graphics/s5/Howling Commandos.png,output/team-graphics/s5/Howling Commandos.png,705,469,270,143,Howling Commandos,howling commandos,Professor N,professor n,,,,,graphic_slot,output/team-graphics/s5/Howling Commandos.png
season_005_howling_commandos_08,season_005,Liga 1,season_005_howling_commandos,,8,../output/team-graphics/s5/Howling Commandos.png,output/team-graphics/s5/Howling Commandos.png,224,644,270,143,Howling Commandos,howling commandos,Professor N,professor n,,,,,graphic_slot,output/team-graphics/s5/Howling Commandos.png
season_005_howling_commandos_09,season_005,Liga 1,season_005_howling_commandos,,9,../output/team-graphics/s5/Howling Commandos.png,output/team-graphics/s5/Howling Commandos.png,544,644,270,143,Howling Commandos,howling commandos,Professor N,professor n,,,,,graphic_slot,output/team-graphics/s5/Howling Commandos.png
season_005_howling_commandos_10,season_005,Liga 1,season_005_howling_commandos,,10,../output/team-graphics/s5/Howling Commandos.png,output/team-graphics/s5/Howling Commandos.png,61,819,270,143,Howling Commandos,howling commandos,Professor N,professor n,,,,,graphic_slot,output/team-graphics/s5/Howling Commandos.png
season_005_howling_commandos_11,season_005,Liga 1,season_005_howling_commandos,,11,../output/team-graphics/s5/Howling Commandos.png,output/team-graphics/s5/Howling Commandos.png,382,819,270,143,Howling Commandos,howling commandos,Professor N,professor n,,,,,graphic_slot,output/team-graphics/s5/Howling Commandos.png
season_005_marvelous_speedsters_01,season_005,Liga 1,season_005_marvelous_speedsters,,1,../output/team-graphics/s5/Marvelous Speedsters.png,output/team-graphics/s5/Marvelous Speedsters.png,61,119,270,143,Marvelous Speedsters,marvelous speedsters,Barry D. Sin of Speed,barry d sin of speed,,,,,graphic_slot,output/team-graphics/s5/Marvelous Speedsters.png
season_005_marvelous_speedsters_02,season_005,Liga 1,season_005_marvelous_speedsters,,2,../output/team-graphics/s5/Marvelous Speedsters.png,output/team-graphics/s5/Marvelous Speedsters.png,382,119,270,143,Marvelous Speedsters,marvelous speedsters,Barry D. Sin of Speed,barry d sin of speed,,,,,graphic_slot,output/team-graphics/s5/Marvelous Speedsters.png
season_005_marvelous_speedsters_03,season_005,Liga 1,season_005_marvelous_speedsters,,3,../output/team-graphics/s5/Marvelous Speedsters.png,output/team-graphics/s5/Marvelous Speedsters.png,224,294,270,143,Marvelous Speedsters,marvelous speedsters,Barry D. Sin of Speed,barry d sin of speed,,,,,graphic_slot,output/team-graphics/s5/Marvelous Speedsters.png
season_005_marvelous_speedsters_04,season_005,Liga 1,season_005_marvelous_speedsters,,4,../output/team-graphics/s5/Marvelous Speedsters.png,output/team-graphics/s5/Marvelous Speedsters.png,544,294,270,143,Marvelous Speedsters,marvelous speedsters,Barry D. Sin of Speed,barry d sin of speed,,,,,graphic_slot,output/team-graphics/s5/Marvelous Speedsters.png
season_005_marvelous_speedsters_05,season_005,Liga 1,season_005_marvelous_speedsters,,5,../output/team-graphics/s5/Marvelous Speedsters.png,output/team-graphics/s5/Marvelous Speedsters.png,61,469,270,143,Marvelous Speedsters,marvelous speedsters,Barry D. Sin of Speed,barry d sin of speed,,,,,graphic_slot,output/team-graphics/s5/Marvelous Speedsters.png
season_005_marvelous_speedsters_06,season_005,Liga 1,season_005_marvelous_speedsters,,6,../output/team-graphics/s5/Marvelous Speedsters.png,output/team-graphics/s5/Marvelous Speedsters.png,382,469,270,143,Marvelous Speedsters,marvelous speedsters,Barry D. Sin of Speed,barry d sin of speed,,,,,graphic_slot,output/team-graphics/s5/Marvelous Speedsters.png
season_005_marvelous_speedsters_07,season_005,Liga 1,season_005_marvelous_speedsters,,7,../output/team-graphics/s5/Marvelous Speedsters.png,output/team-graphics/s5/Marvelous Speedsters.png,705,469,270,143,Marvelous Speedsters,marvelous speedsters,Barry D. Sin of Speed,barry d sin of speed,,,,,graphic_slot,output/team-graphics/s5/Marvelous Speedsters.png
season_005_marvelous_speedsters_08,season_005,Liga 1,season_005_marvelous_speedsters,,8,../output/team-graphics/s5/Marvelous Speedsters.png,output/team-graphics/s5/Marvelous Speedsters.png,224,644,270,143,Marvelous Speedsters,marvelous speedsters,Barry D. Sin of Speed,barry d sin of speed,,,,,graphic_slot,output/team-graphics/s5/Marvelous Speedsters.png
season_005_marvelous_speedsters_09,season_005,Liga 1,season_005_marvelous_speedsters,,9,../output/team-graphics/s5/Marvelous Speedsters.png,output/team-graphics/s5/Marvelous Speedsters.png,544,644,270,143,Marvelous Speedsters,marvelous speedsters,Barry D. Sin of Speed,barry d sin of speed,,,,,graphic_slot,output/team-graphics/s5/Marvelous Speedsters.png
season_005_marvelous_speedsters_10,season_005,Liga 1,season_005_marvelous_speedsters,,10,../output/team-graphics/s5/Marvelous Speedsters.png,output/team-graphics/s5/Marvelous Speedsters.png,61,819,270,143,Marvelous Speedsters,marvelous speedsters,Barry D. Sin of Speed,barry d sin of speed,,,,,graphic_slot,output/team-graphics/s5/Marvelous Speedsters.png
season_005_marvelous_speedsters_11,season_005,Liga 1,season_005_marvelous_speedsters,,11,../output/team-graphics/s5/Marvelous Speedsters.png,output/team-graphics/s5/Marvelous Speedsters.png,382,819,270,143,Marvelous Speedsters,marvelous speedsters,Barry D. Sin of Speed,barry d sin of speed,,,,,graphic_slot,output/team-graphics/s5/Marvelous Speedsters.png
season_005_prekani_01,season_005,Liga 1,season_005_prekani,,1,../output/team-graphics/s5/Prekani.png,output/team-graphics/s5/Prekani.png,61,119,270,143,Prekani,prekani,PresentLP,present,,,,,graphic_slot,output/team-graphics/s5/Prekani.png
season_005_prekani_02,season_005,Liga 1,season_005_prekani,,2,../output/team-graphics/s5/Prekani.png,output/team-graphics/s5/Prekani.png,382,119,270,143,Prekani,prekani,PresentLP,present,,,,,graphic_slot,output/team-graphics/s5/Prekani.png
season_005_prekani_03,season_005,Liga 1,season_005_prekani,,3,../output/team-graphics/s5/Prekani.png,output/team-graphics/s5/Prekani.png,224,294,270,143,Prekani,prekani,PresentLP,present,,,,,graphic_slot,output/team-graphics/s5/Prekani.png
season_005_prekani_04,season_005,Liga 1,season_005_prekani,,4,../output/team-graphics/s5/Prekani.png,output/team-graphics/s5/Prekani.png,544,294,270,143,Prekani,prekani,PresentLP,present,,,,,graphic_slot,output/team-graphics/s5/Prekani.png
season_005_prekani_05,season_005,Liga 1,season_005_prekani,,5,../output/team-graphics/s5/Prekani.png,output/team-graphics/s5/Prekani.png,61,469,270,143,Prekani,prekani,PresentLP,present,,,,,graphic_slot,output/team-graphics/s5/Prekani.png
season_005_prekani_06,season_005,Liga 1,season_005_prekani,,6,../output/team-graphics/s5/Prekani.png,output/team-graphics/s5/Prekani.png,382,469,270,143,Prekani,prekani,PresentLP,present,,,,,graphic_slot,output/team-graphics/s5/Prekani.png
season_005_prekani_07,season_005,Liga 1,season_005_prekani,,7,../output/team-graphics/s5/Prekani.png,output/team-graphics/s5/Prekani.png,705,469,270,143,Prekani,prekani,PresentLP,present,,,,,graphic_slot,output/team-graphics/s5/Prekani.png
season_005_prekani_08,season_005,Liga 1,season_005_prekani,,8,../output/team-graphics/s5/Prekani.png,output/team-graphics/s5/Prekani.png,224,644,270,143,Prekani,prekani,PresentLP,present,,,,,graphic_slot,output/team-graphics/s5/Prekani.png
season_005_prekani_09,season_005,Liga 1,season_005_prekani,,9,../output/team-graphics/s5/Prekani.png,output/team-graphics/s5/Prekani.png,544,644,270,143,Prekani,prekani,PresentLP,present,,,,,graphic_slot,output/team-graphics/s5/Prekani.png
season_005_prekani_10,season_005,Liga 1,season_005_prekani,,10,../output/team-graphics/s5/Prekani.png,output/team-graphics/s5/Prekani.png,61,819,270,143,Prekani,prekani,PresentLP,present,,,,,graphic_slot,output/team-graphics/s5/Prekani.png
season_005_prekani_11,season_005,Liga 1,season_005_prekani,,11,../output/team-graphics/s5/Prekani.png,output/team-graphics/s5/Prekani.png,382,819,270,143,Prekani,prekani,PresentLP,present,,,,,graphic_slot,output/team-graphics/s5/Prekani.png
season_005_shocking_shaymins_01,season_005,Liga 1,season_005_shocking_shaymins,,1,../output/team-graphics/s5/Shocking Shaymins.png,output/team-graphics/s5/Shocking Shaymins.png,61,119,270,143,Shocking Shaymins,shocking shaymins,MeLevies,melevies,,,,,graphic_slot,output/team-graphics/s5/Shocking Shaymins.png
season_005_shocking_shaymins_02,season_005,Liga 1,season_005_shocking_shaymins,,2,../output/team-graphics/s5/Shocking Shaymins.png,output/team-graphics/s5/Shocking Shaymins.png,382,119,270,143,Shocking Shaymins,shocking shaymins,MeLevies,melevies,,,,,graphic_slot,output/team-graphics/s5/Shocking Shaymins.png
season_005_shocking_shaymins_03,season_005,Liga 1,season_005_shocking_shaymins,,3,../output/team-graphics/s5/Shocking Shaymins.png,output/team-graphics/s5/Shocking Shaymins.png,224,294,270,143,Shocking Shaymins,shocking shaymins,MeLevies,melevies,,,,,graphic_slot,output/team-graphics/s5/Shocking Shaymins.png
season_005_shocking_shaymins_04,season_005,Liga 1,season_005_shocking_shaymins,,4,../output/team-graphics/s5/Shocking Shaymins.png,output/team-graphics/s5/Shocking Shaymins.png,544,294,270,143,Shocking Shaymins,shocking shaymins,MeLevies,melevies,,,,,graphic_slot,output/team-graphics/s5/Shocking Shaymins.png
season_005_shocking_shaymins_05,season_005,Liga 1,season_005_shocking_shaymins,,5,../output/team-graphics/s5/Shocking Shaymins.png,output/team-graphics/s5/Shocking Shaymins.png,61,469,270,143,Shocking Shaymins,shocking shaymins,MeLevies,melevies,,,,,graphic_slot,output/team-graphics/s5/Shocking Shaymins.png
season_005_shocking_shaymins_06,season_005,Liga 1,season_005_shocking_shaymins,,6,../output/team-graphics/s5/Shocking Shaymins.png,output/team-graphics/s5/Shocking Shaymins.png,382,469,270,143,Shocking Shaymins,shocking shaymins,MeLevies,melevies,,,,,graphic_slot,output/team-graphics/s5/Shocking Shaymins.png
season_005_shocking_shaymins_07,season_005,Liga 1,season_005_shocking_shaymins,,7,../output/team-graphics/s5/Shocking Shaymins.png,output/team-graphics/s5/Shocking Shaymins.png,705,469,270,143,Shocking Shaymins,shocking shaymins,MeLevies,melevies,,,,,graphic_slot,output/team-graphics/s5/Shocking Shaymins.png
season_005_shocking_shaymins_08,season_005,Liga 1,season_005_shocking_shaymins,,8,../output/team-graphics/s5/Shocking Shaymins.png,output/team-graphics/s5/Shocking Shaymins.png,224,644,270,143,Shocking Shaymins,shocking shaymins,MeLevies,melevies,,,,,graphic_slot,output/team-graphics/s5/Shocking Shaymins.png
season_005_shocking_shaymins_09,season_005,Liga 1,season_005_shocking_shaymins,,9,../output/team-graphics/s5/Shocking Shaymins.png,output/team-graphics/s5/Shocking Shaymins.png,544,644,270,143,Shocking Shaymins,shocking shaymins,MeLevies,melevies,,,,,graphic_slot,output/team-graphics/s5/Shocking Shaymins.png
season_005_shocking_shaymins_10,season_005,Liga 1,season_005_shocking_shaymins,,10,../output/team-graphics/s5/Shocking Shaymins.png,output/team-graphics/s5/Shocking Shaymins.png,61,819,270,143,Shocking Shaymins,shocking shaymins,MeLevies,melevies,,,,,graphic_slot,output/team-graphics/s5/Shocking Shaymins.png
season_005_shocking_shaymins_11,season_005,Liga 1,season_005_shocking_shaymins,,11,../output/team-graphics/s5/Shocking Shaymins.png,output/team-graphics/s5/Shocking Shaymins.png,382,819,270,143,Shocking Shaymins,shocking shaymins,MeLevies,melevies,,,,,graphic_slot,output/team-graphics/s5/Shocking Shaymins.png
season_005_shockwaving_magearnas_01,season_005,Liga 1,season_005_shockwaving_magearnas,,1,../output/team-graphics/s5/Shockwaving Magearnas.png,output/team-graphics/s5/Shockwaving Magearnas.png,61,119,270,143,Shockwaving Magearnas,shockwaving magearnas,Lauris,lauris,,,,,graphic_slot,output/team-graphics/s5/Shockwaving Magearnas.png
season_005_shockwaving_magearnas_02,season_005,Liga 1,season_005_shockwaving_magearnas,,2,../output/team-graphics/s5/Shockwaving Magearnas.png,output/team-graphics/s5/Shockwaving Magearnas.png,382,119,270,143,Shockwaving Magearnas,shockwaving magearnas,Lauris,lauris,,,,,graphic_slot,output/team-graphics/s5/Shockwaving Magearnas.png
season_005_shockwaving_magearnas_03,season_005,Liga 1,season_005_shockwaving_magearnas,,3,../output/team-graphics/s5/Shockwaving Magearnas.png,output/team-graphics/s5/Shockwaving Magearnas.png,224,294,270,143,Shockwaving Magearnas,shockwaving magearnas,Lauris,lauris,,,,,graphic_slot,output/team-graphics/s5/Shockwaving Magearnas.png
season_005_shockwaving_magearnas_04,season_005,Liga 1,season_005_shockwaving_magearnas,,4,../output/team-graphics/s5/Shockwaving Magearnas.png,output/team-graphics/s5/Shockwaving Magearnas.png,544,294,270,143,Shockwaving Magearnas,shockwaving magearnas,Lauris,lauris,,,,,graphic_slot,output/team-graphics/s5/Shockwaving Magearnas.png
season_005_shockwaving_magearnas_05,season_005,Liga 1,season_005_shockwaving_magearnas,,5,../output/team-graphics/s5/Shockwaving Magearnas.png,output/team-graphics/s5/Shockwaving Magearnas.png,61,469,270,143,Shockwaving Magearnas,shockwaving magearnas,Lauris,lauris,,,,,graphic_slot,output/team-graphics/s5/Shockwaving Magearnas.png
season_005_shockwaving_magearnas_06,season_005,Liga 1,season_005_shockwaving_magearnas,,6,../output/team-graphics/s5/Shockwaving Magearnas.png,output/team-graphics/s5/Shockwaving Magearnas.png,382,469,270,143,Shockwaving Magearnas,shockwaving magearnas,Lauris,lauris,,,,,graphic_slot,output/team-graphics/s5/Shockwaving Magearnas.png
season_005_shockwaving_magearnas_07,season_005,Liga 1,season_005_shockwaving_magearnas,,7,../output/team-graphics/s5/Shockwaving Magearnas.png,output/team-graphics/s5/Shockwaving Magearnas.png,705,469,270,143,Shockwaving Magearnas,shockwaving magearnas,Lauris,lauris,,,,,graphic_slot,output/team-graphics/s5/Shockwaving Magearnas.png
season_005_shockwaving_magearnas_08,season_005,Liga 1,season_005_shockwaving_magearnas,,8,../output/team-graphics/s5/Shockwaving Magearnas.png,output/team-graphics/s5/Shockwaving Magearnas.png,224,644,270,143,Shockwaving Magearnas,shockwaving magearnas,Lauris,lauris,,,,,graphic_slot,output/team-graphics/s5/Shockwaving Magearnas.png
season_005_shockwaving_magearnas_09,season_005,Liga 1,season_005_shockwaving_magearnas,,9,../output/team-graphics/s5/Shockwaving Magearnas.png,output/team-graphics/s5/Shockwaving Magearnas.png,544,644,270,143,Shockwaving Magearnas,shockwaving magearnas,Lauris,lauris,,,,,graphic_slot,output/team-graphics/s5/Shockwaving Magearnas.png
season_005_shockwaving_magearnas_10,season_005,Liga 1,season_005_shockwaving_magearnas,,10,../output/team-graphics/s5/Shockwaving Magearnas.png,output/team-graphics/s5/Shockwaving Magearnas.png,61,819,270,143,Shockwaving Magearnas,shockwaving magearnas,Lauris,lauris,,,,,graphic_slot,output/team-graphics/s5/Shockwaving Magearnas.png
season_005_shockwaving_magearnas_11,season_005,Liga 1,season_005_shockwaving_magearnas,,11,../output/team-graphics/s5/Shockwaving Magearnas.png,output/team-graphics/s5/Shockwaving Magearnas.png,382,819,270,143,Shockwaving Magearnas,shockwaving magearnas,Lauris,lauris,,,,,graphic_slot,output/team-graphics/s5/Shockwaving Magearnas.png
season_005_soulstealer_01,season_005,Liga 1,season_005_soulstealer,,1,../output/team-graphics/s5/SoulStealer.png,output/team-graphics/s5/SoulStealer.png,61,119,270,143,Soulstealer,soulstealer,Raizor,raizor,,,,,graphic_slot,output/team-graphics/s5/SoulStealer.png
season_005_soulstealer_02,season_005,Liga 1,season_005_soulstealer,,2,../output/team-graphics/s5/SoulStealer.png,output/team-graphics/s5/SoulStealer.png,382,119,270,143,Soulstealer,soulstealer,Raizor,raizor,,,,,graphic_slot,output/team-graphics/s5/SoulStealer.png
season_005_soulstealer_03,season_005,Liga 1,season_005_soulstealer,,3,../output/team-graphics/s5/SoulStealer.png,output/team-graphics/s5/SoulStealer.png,224,294,270,143,Soulstealer,soulstealer,Raizor,raizor,,,,,graphic_slot,output/team-graphics/s5/SoulStealer.png
season_005_soulstealer_04,season_005,Liga 1,season_005_soulstealer,,4,../output/team-graphics/s5/SoulStealer.png,output/team-graphics/s5/SoulStealer.png,544,294,270,143,Soulstealer,soulstealer,Raizor,raizor,,,,,graphic_slot,output/team-graphics/s5/SoulStealer.png
season_005_soulstealer_05,season_005,Liga 1,season_005_soulstealer,,5,../output/team-graphics/s5/SoulStealer.png,output/team-graphics/s5/SoulStealer.png,61,469,270,143,Soulstealer,soulstealer,Raizor,raizor,,,,,graphic_slot,output/team-graphics/s5/SoulStealer.png
season_005_soulstealer_06,season_005,Liga 1,season_005_soulstealer,,6,../output/team-graphics/s5/SoulStealer.png,output/team-graphics/s5/SoulStealer.png,382,469,270,143,Soulstealer,soulstealer,Raizor,raizor,,,,,graphic_slot,output/team-graphics/s5/SoulStealer.png
season_005_soulstealer_07,season_005,Liga 1,season_005_soulstealer,,7,../output/team-graphics/s5/SoulStealer.png,output/team-graphics/s5/SoulStealer.png,705,469,270,143,Soulstealer,soulstealer,Raizor,raizor,,,,,graphic_slot,output/team-graphics/s5/SoulStealer.png
season_005_soulstealer_08,season_005,Liga 1,season_005_soulstealer,,8,../output/team-graphics/s5/SoulStealer.png,output/team-graphics/s5/SoulStealer.png,224,644,270,143,Soulstealer,soulstealer,Raizor,raizor,,,,,graphic_slot,output/team-graphics/s5/SoulStealer.png
season_005_soulstealer_09,season_005,Liga 1,season_005_soulstealer,,9,../output/team-graphics/s5/SoulStealer.png,output/team-graphics/s5/SoulStealer.png,544,644,270,143,Soulstealer,soulstealer,Raizor,raizor,,,,,graphic_slot,output/team-graphics/s5/SoulStealer.png
season_005_soulstealer_10,season_005,Liga 1,season_005_soulstealer,,10,../output/team-graphics/s5/SoulStealer.png,output/team-graphics/s5/SoulStealer.png,61,819,270,143,Soulstealer,soulstealer,Raizor,raizor,,,,,graphic_slot,output/team-graphics/s5/SoulStealer.png
season_005_soulstealer_11,season_005,Liga 1,season_005_soulstealer,,11,../output/team-graphics/s5/SoulStealer.png,output/team-graphics/s5/SoulStealer.png,382,819,270,143,Soulstealer,soulstealer,Raizor,raizor,,,,,graphic_slot,output/team-graphics/s5/SoulStealer.png
season_005_triyolotree_01,season_005,Liga 1,season_005_triyolotree,,1,../output/team-graphics/s5/Triyolotree.png,output/team-graphics/s5/Triyolotree.png,61,119,270,143,Triyolotree,triyolotree,Minetube,minetube,,,,,graphic_slot,output/team-graphics/s5/Triyolotree.png
season_005_triyolotree_02,season_005,Liga 1,season_005_triyolotree,,2,../output/team-graphics/s5/Triyolotree.png,output/team-graphics/s5/Triyolotree.png,382,119,270,143,Triyolotree,triyolotree,Minetube,minetube,,,,,graphic_slot,output/team-graphics/s5/Triyolotree.png
season_005_triyolotree_03,season_005,Liga 1,season_005_triyolotree,,3,../output/team-graphics/s5/Triyolotree.png,output/team-graphics/s5/Triyolotree.png,224,294,270,143,Triyolotree,triyolotree,Minetube,minetube,,,,,graphic_slot,output/team-graphics/s5/Triyolotree.png
season_005_triyolotree_04,season_005,Liga 1,season_005_triyolotree,,4,../output/team-graphics/s5/Triyolotree.png,output/team-graphics/s5/Triyolotree.png,544,294,270,143,Triyolotree,triyolotree,Minetube,minetube,,,,,graphic_slot,output/team-graphics/s5/Triyolotree.png
season_005_triyolotree_05,season_005,Liga 1,season_005_triyolotree,,5,../output/team-graphics/s5/Triyolotree.png,output/team-graphics/s5/Triyolotree.png,61,469,270,143,Triyolotree,triyolotree,Minetube,minetube,,,,,graphic_slot,output/team-graphics/s5/Triyolotree.png
season_005_triyolotree_06,season_005,Liga 1,season_005_triyolotree,,6,../output/team-graphics/s5/Triyolotree.png,output/team-graphics/s5/Triyolotree.png,382,469,270,143,Triyolotree,triyolotree,Minetube,minetube,,,,,graphic_slot,output/team-graphics/s5/Triyolotree.png
season_005_triyolotree_07,season_005,Liga 1,season_005_triyolotree,,7,../output/team-graphics/s5/Triyolotree.png,output/team-graphics/s5/Triyolotree.png,705,469,270,143,Triyolotree,triyolotree,Minetube,minetube,,,,,graphic_slot,output/team-graphics/s5/Triyolotree.png
season_005_triyolotree_08,season_005,Liga 1,season_005_triyolotree,,8,../output/team-graphics/s5/Triyolotree.png,output/team-graphics/s5/Triyolotree.png,224,644,270,143,Triyolotree,triyolotree,Minetube,minetube,,,,,graphic_slot,output/team-graphics/s5/Triyolotree.png
season_005_triyolotree_09,season_005,Liga 1,season_005_triyolotree,,9,../output/team-graphics/s5/Triyolotree.png,output/team-graphics/s5/Triyolotree.png,544,644,270,143,Triyolotree,triyolotree,Minetube,minetube,,,,,graphic_slot,output/team-graphics/s5/Triyolotree.png
season_005_triyolotree_10,season_005,Liga 1,season_005_triyolotree,,10,../output/team-graphics/s5/Triyolotree.png,output/team-graphics/s5/Triyolotree.png,61,819,270,143,Triyolotree,triyolotree,Minetube,minetube,,,,,graphic_slot,output/team-graphics/s5/Triyolotree.png
season_005_triyolotree_11,season_005,Liga 1,season_005_triyolotree,,11,../output/team-graphics/s5/Triyolotree.png,output/team-graphics/s5/Triyolotree.png,382,819,270,143,Triyolotree,triyolotree,Minetube,minetube,,,,,graphic_slot,output/team-graphics/s5/Triyolotree.png
season_005_victini_bottom_01,season_005,Liga 1,season_005_victini_bottom,,1,../output/team-graphics/s5/Victini Bottom.png,output/team-graphics/s5/Victini Bottom.png,61,119,270,143,Victini Bottom,victini bottom,Bene,bene,,,,,graphic_slot,output/team-graphics/s5/Victini Bottom.png
season_005_victini_bottom_02,season_005,Liga 1,season_005_victini_bottom,,2,../output/team-graphics/s5/Victini Bottom.png,output/team-graphics/s5/Victini Bottom.png,382,119,270,143,Victini Bottom,victini bottom,Bene,bene,,,,,graphic_slot,output/team-graphics/s5/Victini Bottom.png
season_005_victini_bottom_03,season_005,Liga 1,season_005_victini_bottom,,3,../output/team-graphics/s5/Victini Bottom.png,output/team-graphics/s5/Victini Bottom.png,224,294,270,143,Victini Bottom,victini bottom,Bene,bene,,,,,graphic_slot,output/team-graphics/s5/Victini Bottom.png
season_005_victini_bottom_04,season_005,Liga 1,season_005_victini_bottom,,4,../output/team-graphics/s5/Victini Bottom.png,output/team-graphics/s5/Victini Bottom.png,544,294,270,143,Victini Bottom,victini bottom,Bene,bene,,,,,graphic_slot,output/team-graphics/s5/Victini Bottom.png
season_005_victini_bottom_05,season_005,Liga 1,season_005_victini_bottom,,5,../output/team-graphics/s5/Victini Bottom.png,output/team-graphics/s5/Victini Bottom.png,61,469,270,143,Victini Bottom,victini bottom,Bene,bene,,,,,graphic_slot,output/team-graphics/s5/Victini Bottom.png
season_005_victini_bottom_06,season_005,Liga 1,season_005_victini_bottom,,6,../output/team-graphics/s5/Victini Bottom.png,output/team-graphics/s5/Victini Bottom.png,382,469,270,143,Victini Bottom,victini bottom,Bene,bene,,,,,graphic_slot,output/team-graphics/s5/Victini Bottom.png
season_005_victini_bottom_07,season_005,Liga 1,season_005_victini_bottom,,7,../output/team-graphics/s5/Victini Bottom.png,output/team-graphics/s5/Victini Bottom.png,705,469,270,143,Victini Bottom,victini bottom,Bene,bene,,,,,graphic_slot,output/team-graphics/s5/Victini Bottom.png
season_005_victini_bottom_08,season_005,Liga 1,season_005_victini_bottom,,8,../output/team-graphics/s5/Victini Bottom.png,output/team-graphics/s5/Victini Bottom.png,224,644,270,143,Victini Bottom,victini bottom,Bene,bene,,,,,graphic_slot,output/team-graphics/s5/Victini Bottom.png
season_005_victini_bottom_09,season_005,Liga 1,season_005_victini_bottom,,9,../output/team-graphics/s5/Victini Bottom.png,output/team-graphics/s5/Victini Bottom.png,544,644,270,143,Victini Bottom,victini bottom,Bene,bene,,,,,graphic_slot,output/team-graphics/s5/Victini Bottom.png
season_005_victini_bottom_10,season_005,Liga 1,season_005_victini_bottom,,10,../output/team-graphics/s5/Victini Bottom.png,output/team-graphics/s5/Victini Bottom.png,61,819,270,143,Victini Bottom,victini bottom,Bene,bene,,,,,graphic_slot,output/team-graphics/s5/Victini Bottom.png
season_005_victini_bottom_11,season_005,Liga 1,season_005_victini_bottom,,11,../output/team-graphics/s5/Victini Bottom.png,output/team-graphics/s5/Victini Bottom.png,382,819,270,143,Victini Bottom,victini bottom,Bene,bene,,,,,graphic_slot,output/team-graphics/s5/Victini Bottom.png
