#,Pokémon,Pokémon (dt.),,,Type 1,Type 2,HP,Atk,Def,SpA,SpD,Spe,Total,Average,Ability 1,Ability 2,Ability 3,TIER,POINTS,,,,Momentum,Voltwechsel,Kehrtwende,Rollwende,Teleport,Abgangstirade,Stafette,Trick Room,Tail Wind,Hazards,Tarnsteine,Stachler,Giftspitzen,Klebenetz,Removal,Auflockern,Turbodreher,Seitenwechsel,Recovery,Wunschtraum,Genesung,Ruheort,Synthese,Tagedieb,Mondschein,Morgengrauen,Dschungelheilung,Heilbefehl,Milchgetränk,Sandsammler,Weichei,Prios,Turbotempo,Überrumpler,Tiefschlag,Mogelhieb,Turbofelsen,Tempohieb,Patronenhieb,Wasserdüse,Eissplitter,Schattenstoß,Ruckzuckhieb,Grasrutsche*,Wasser-Shuriken,Vakuumwelle,Gigasauger/Diebeskuss*,Screens,Auroraschleier,Reflektor,Lichtschild,Min Speed Lv 50,Max Speed Lv 50,Min Speed Lv 100,Max Speed Lv 100,Pokemon zusammen,Pokemon klein for Tampermonkey,"""",Schreibweise für Tampermonkey,Nightbot
367,Huntail,Aalabyss,,,WATER,- -,55,104,105,94,75,52,485,"80,83",Swift Swim,,Water Veil,40,3,,,,1,,,,,,ja,,,0,,,,,0,,,,0,,,,,,,,,,,,,1,,,ja,,,,,,,,,,,,,,,,,51,114,98,223,Huntail,huntail,"""","[""pokemon"",""huntail""],",Aalabyss # 
63,Abra,Abra,,,PSYCHIC,- -,25,20,15,105,55,90,310,"51,67",Synchronize,Inner Focus,Magic Guard,40,2,,,,1,,,,ja,,,ja,,0,,,,,0,,,,0,,,,,,,,,,,,,0,,,,,,,,,,,,,,,,,,,,85,156,166,306,Abra,abra,"""","[""pokemon"",""abra""],",Abra # 
359,Absol,Absol,,,DARK,- -,65,130,60,75,60,75,465,"77,5",Pressure,Super Luck,Justified,60,3,,,,1,,,,,,ja,,,0,,,,,0,,,,1,ja,,,,,,,,,,,,2,,,ja,,,,,,,,ja,,,,,,,,,72,139,139,273,Absol,absol,"""","[""pokemon"",""absol""],",Absol # 
503,Samurott,Admurai,,,WATER,- -,95,100,85,108,70,70,528,88,Torrent,,Shell Armor,40,2,,,,0,,,,,,,,,0,,,,,0,,,,0,,,,,,,,,,,,,1,,,,,,,,ja,,,,,,,,,,,,67,134,130,262,Samurott,samurott,"""","[""pokemon"",""samurott""],",Admurai # 
142,Aerodactyl,Aerodactyl,,,ROCK,FLYING,80,105,65,60,75,130,515,"85,83",Rock Head,Pressure,Unnerve,100,10,,,,0,,,,,,,,ja,1,ja,,,,1,ja,,,1,,,ja,,,,,,,,,,0,,,,,,,,,,,,,,,,,,,,121,200,238,394,Aerodactyl,aerodactyl,"""","[""pokemon"",""aerodactyl""],",Aerodactyl # 
567,Archeops,Aeropteryx,,,ROCK,FLYING,75,140,65,112,65,110,567,"94,5",Defeatist,,,40,5,,,,1,,ja,,,,,,ja,1,ja,,,,1,ja,,,1,,,ja,,,,,,,,,,1,,,,,,,,,,,ja,,,,,,,,,103,178,202,350,Archeops,archeops,"""","[""pokemon"",""archeops""],",Aeropteryx # 
748,Toxapex,Aggrostella,,,POISON,WATER,50,63,152,53,142,35,495,"82,5",Merciless,Limber,Regenerator,120,14,,,,0,,,,,,,,,1,,,ja,,0,,,,1,,ja,,,,,,,,,,,0,,,,,,,,,,,,,,,,,,,,36,95,67,185,Toxapex,toxapex,"""","[""pokemon"",""toxapex""],",Aggrostella # 
804,Naganadel,Agoyon,,,POISON,DRAGON,73,73,73,127,73,121,540,90,Beast Boost,,,BANNED,BANNED,,,,1,,ja,,,,,,ja,2,,ja,ja,,0,,,,0,,,,,,,,,,,,,0,,,,,,,,,,,,,,,,,,,,113,190,222,375,Naganadel,naganadel,"""","[""pokemon"",""naganadel""],",Agoyon # 
737,Charjabug,Akkup,,,BUG,ELECTRIC,57,82,95,55,75,36,400,"66,67",Battery,,,40,2,,,,1,ja,,,,,,,,1,,,,ja,0,,,,0,,,,,,,,,,,,,0,,,,,,,,,,,,,,,,,,,,36,96,69,188,Charjabug,charjabug,"""","[""pokemon"",""charjabug""],",Akkup # 
690,Skrelp,Algitt,,,POISON,WATER,50,60,60,60,60,30,320,"53,33",Poison Point,Poison Touch,Adaptability,40,1,,,,1,,,ja,,,,,,1,,,ja,,0,,,,0,,,,,,,,,,,,,0,,,,,,,,,,,,,,,,,,,,31,90,58,174,Skrelp,skrelp,"""","[""pokemon"",""skrelp""],",Algitt # 
50,Diglett-Alola,Alola-Digda,,,GROUND,STEEL,10,55,30,35,45,90,265,"44,17",Sand Veil,Tangling Hair,Sand Force,40,1,,,,0,,,,,,,,,1,ja,,,,0,,,,0,,,,,,,,,,,,,1,,,ja,,,,,,,,,,,,,,,,,85,156,166,306,DiglettAlola,diglettalola,"""","[""pokemon"",""diglettalola""],",Alola-Digda # 
51,Dugtrio-Alola,Alola-Digdri,,,GROUND,STEEL,35,100,60,50,70,110,425,"70,83",Sand Veil,Tangling Hair,Sand Force,40,4,,,,0,,,,,,,,,1,ja,,,,0,,,,0,,,,,,,,,,,,,1,,,ja,,,,,,,,,,,,,,,,,103,178,202,350,DugtrioAlola,dugtrioalola,"""","[""pokemon"",""dugtrioalola""],",Alola-Digdri # 
75,Graveler-Alola,Alola-Georok,,,ROCK,ELECTRIC,55,95,115,45,45,35,390,65,Magnet Pull,Sturdy,Galvanize,40,2,,,,1,ja,,,,,,,,1,ja,,,,0,,,,0,,,,,,,,,,,,,0,,,,,,,,,,,,,,,,,,,,36,95,67,185,GravelerAlola,graveleralola,"""","[""pokemon"",""graveleralola""],",Alola-Georok # 
76,Golem-Alola,Alola-Geowaz,,,ROCK,ELECTRIC,80,120,130,55,65,45,495,"82,5",Magnet Pull,Sturdy,Galvanize,40,4,,,,1,ja,,,,,,,,1,ja,,,,0,,,,0,,,,,,,,,,,,,0,,,,,,,,,,,,,,,,,,,,45,106,85,207,GolemAlola,golemalola,"""","[""pokemon"",""golemalola""],",Alola-Geowaz # 
74,Geodude-Alola,Alola-Kleinstein,,,ROCK,ELECTRIC,40,80,100,30,30,20,300,50,Magnet Pull,Sturdy,Galvanize,40,1,,,,1,ja,,,,,,,,1,ja,,,,0,,,,0,,,,,,,,,,,,,0,,,,,,,,,,,,,,,,,,,,22,79,40,152,GeodudeAlola,geodudealola,"""","[""pokemon"",""geodudealola""],",Alola-Kleinstein # 
105,Marowak-Alola,Alola-Knogga,,,FIRE,GHOST,60,80,110,50,80,45,425,"70,83",Cursed Body,Lightning Rod,Rock Head,100,9,,,,0,,,,,,,,,1,ja,,,,0,,,,0,,,,,,,,,,,,,0,,,,,,,,,,,,,,,,,,,,45,106,85,207,MarowakAlola,marowakalola,"""","[""pokemon"",""marowakalola""],",Alola-Knogga # 
103,Exeggutor-Alola,Alola-Kokowei,,,GRASS,DRAGON,95,105,85,125,75,45,530,"88,33",Frisk,,Harvest,40,4,,,,1,,,,ja,,,ja,,0,,,,,0,,,,3,ja,,,ja,,ja,,,,,,,0,,,,,,,,,,,,,,,,,,,,45,106,85,207,ExeggutorAlola,exeggutoralola,"""","[""pokemon"",""exeggutoralola""],",Alola-Kokowei # 
52,Meowth-Alola,Alola-Mauzi,,,DARK,- -,40,35,35,50,40,90,290,"48,33",Pickup,Technician,Rattled,40,1,,,,1,,ja,,,,,,,0,,,,,0,,,,0,,,,,,,,,,,,,1,,,,ja,,,,,,,,,,,,,,,,85,156,166,306,MeowthAlola,meowthalola,"""","[""pokemon"",""meowthalola""],",Alola-Mauzi # 
26,Raichu-Alola,Alola-Raichu,,,ELECTRIC,PSYCHIC,60,85,50,95,85,110,485,"80,83",Surge Surfer,,,40,5,,,,2,ja,,,ja,,,,,0,,,,,0,,,,1,ja,,,,,,,,,,,,3,ja,,,ja,,,,,,,ja,,,,,,,,,103,178,202,350,RaichuAlola,raichualola,"""","[""pokemon"",""raichualola""],",Alola-Raichu # 
19,Rattata-Alola,Alola-Rattfratz,,,DARK,NORMAL,30,56,35,25,35,72,253,"42,17",Gluttony,Hustle,Thick Fat,40,1,,,,1,,ja,,,,,,,0,,,,,0,,,,0,,,,,,,,,,,,,2,,,ja,,,,,,,,ja,,,,,,,,,69,136,134,267,RattataAlola,rattataalola,"""","[""pokemon"",""rattataalola""],",Alola-Rattfratz # 
20,Raticate-Alola,Alola-Rattikarl,,,DARK,NORMAL,75,71,70,40,80,77,413,"68,83",Gluttony,Hustle,Thick Fat,40,3,,,,1,,ja,,,,,,,0,,,,,0,,,,0,,,,,,,,,,,,,2,,,ja,,,,,,,,ja,,,,,,,,,73,141,143,278,RaticateAlola,raticatealola,"""","[""pokemon"",""raticatealola""],",Alola-Rattikarl # 
28,Sandslash-Alola,Alola-Sandamer,,,ICE,STEEL,75,100,120,25,65,65,450,75,Snow Cloak,,Slush Rush,40,4,,,,0,,,,,,,,,2,ja,ja,,,1,,ja,,0,,,,,,,,,,,,,1,,,,,,,,,ja,,,,,,,,,,,63,128,121,251,SandslashAlola,sandslashalola,"""","[""pokemon"",""sandslashalola""],",Alola-Sandamer # 
27,Sandshrew-Alola,Alola-Sandan,,,ICE,STEEL,50,75,90,10,35,40,300,50,Snow Cloak,,Slush Rush,40,1,,,,0,,,,,,,,,1,ja,,,,1,,ja,,0,,,,,,,,,,,,,1,,,,,,,,,ja,,,,,,,,,,,40,101,76,196,SandshrewAlola,sandshrewalola,"""","[""pokemon"",""sandshrewalola""],",Alola-Sandan # 
88,Grimer-Alola,Alola-Sleima,,,POISON,DARK,80,80,50,40,50,25,325,"54,17",Poison Touch,Gluttony,Power of Alchemy,40,1,,,,0,,,,,,,,,0,,,,,0,,,,0,,,,,,,,,,,,,1,,,,,,,,,,ja,,,,,,,,,,27,84,49,163,GrimerAlola,grimeralola,"""","[""pokemon"",""grimeralola""],",Alola-Sleima # 
89,Muk-Alola,Alola-Sleimok,,,POISON,DARK,105,105,75,65,100,50,500,"83,33",Poison Touch,Gluttony,Power of Alchemy,120,13,,,,0,,,,,,,,,0,,,,,0,,,,0,,,,,,,,,,,,,1,,,,,,,,,,ja,,,,,,,,,,49,112,94,218,MukAlola,mukalola,"""","[""pokemon"",""mukalola""],",Alola-Sleimok # 
53,Persian-Alola,Alola-Snobilikat,,,DARK,- -,65,60,60,75,65,115,440,"73,33",Fur Coat,Technician,Rattled,60,8,,,,2,,ja,,,ja,,,,0,,,,,0,,,,0,,,,,,,,,,,,,1,,,,ja,,,,,,,,,,,,,,,,108,183,211,361,PersianAlola,persianalola,"""","[""pokemon"",""persianalola""],",Alola-Snobilikat # 
38,Ninetales-Alola,Alola-Vulnona,,,ICE,FAIRY,73,67,75,81,100,109,505,"84,17",Snow Cloak,,Snow Warning,120,11,,,,0,,,,,,,,,0,,,,,0,,,,0,,,,,,,,,,,,,1,,,,,,,,,ja,,,,,,,ja,ja,,,102,177,200,348,NinetalesAlola,ninetalesalola,"""","[""pokemon"",""ninetalesalola""],",Alola-Vulnona # 
37,Vulpix-Alola,Alola-Vulpix,,,ICE,- -,38,41,40,50,65,65,299,"49,83",Snow Cloak,,Snow Warning,40,1,,,,0,,,,,,,,,0,,,,,0,,,,0,,,,,,,,,,,,,1,,,,,,,,,ja,,,,,,,ja,ja,,,63,128,121,251,VulpixAlola,vulpixalola,"""","[""pokemon"",""vulpixalola""],",Alola-Vulpix # 
93,Haunter,Alpollo,,,GHOST,POISON,45,50,45,115,55,95,405,"67,5",Levitate,,,40,3,,,,0,,,,,,,ja,,0,,,,,0,,,,0,,,,,,,,,,,,,1,,,ja,,,,,,,,,,,,,,,,,90,161,175,317,Haunter,haunter,"""","[""pokemon"",""haunter""],",Alpollo # 
334,Altaria,Altaria,,,DRAGON,FLYING,75,70,90,70,105,80,490,"81,67",Natural Cure,,Cloud Nine,40,2,,,,0,,,,,,,,ja,0,,,,,1,ja,,,1,,,ja,,,,,,,,,,0,,,,,,,,,,,,,,,,,,,,76,145,148,284,Altaria,altaria,"""","[""pokemon"",""altaria""],",Altaria # 
699,Aurorus,Amagarga,,,ROCK,ICE,123,77,72,99,92,58,521,"86,83",Refrigerate,,Snow Warning,40,2,,,,0,,,,,,,,,1,ja,,,,0,,,,0,,,,,,,,,,,,,0,,,,,,,,,,,,,,,,ja,ja,,,56,121,108,236,Aurorus,aurorus,"""","[""pokemon"",""aurorus""],",Amagarga # 
698,Amaura,Amarino,,,ROCK,ICE,77,59,50,67,63,46,362,"60,33",Refrigerate,,Snow Warning,40,1,,,,0,,,,,,,,,1,ja,,,,0,,,,0,,,,,,,,,,,,,0,,,,,,,,,,,,,,,,ja,ja,,,45,107,87,210,Amaura,amaura,"""","[""pokemon"",""amaura""],",Amarino # 
424,Ambipom,Ambidiffel,,,NORMAL,- -,75,100,66,60,66,115,482,"80,33",Technician,Pickup,Skill Link,60,6,,,,2,,ja,,,,ja,,,0,,,,,0,,,,0,,,,,,,,,,,,,1,,,,ja,,,,,,,,,,,,,,,,108,183,211,361,Ambipom,ambipom,"""","[""pokemon"",""ambipom""],",Ambidiffel # 
758,Salazzle,Amfira,,,POISON,FIRE,68,64,60,111,60,117,480,80,Corrosion,,Oblivious,100,11,,,,0,,,,,,,,,0,,,,,0,,,,0,,,,,,,,,,,,,1,,,,ja,,,,,,,,,,,,,,,,109,185,215,366,Salazzle,salazzle,"""","[""pokemon"",""salazzle""],",Amfira # 
773,Silvally-Ground,Amigento-Boden,,,GROUND,- -,95,95,95,95,95,95,570,95,RKS System,,,60,9,,,,2,,ja,,,ja,,,ja,0,,,,,1,ja,,,0,,,,,,,,,,,,,0,,,,,,,,,,,,,,,,,,,,90,161,175,317,SilvallyGround,silvallyground,"""","[""pokemon"",""silvallyground""],",Amigento-Boden # 
773,Silvally-Dragon,Amigento-Drache,,,DRAGON,- -,95,95,95,95,95,95,570,95,RKS System,,,,,,,,2,,ja,,,ja,,,ja,0,,,,,1,ja,,,0,,,,,,,,,,,,,0,,,,,,,,,,,,,,,,,,,,90,161,175,317,SilvallyDragon,silvallydragon,"""","[""pokemon"",""silvallydragon""],",Amigento-Drache # 
773,Silvally-Ice,Amigento-Eis,,,ICE,- -,95,95,95,95,95,95,570,95,RKS System,,,,,,,,2,,ja,,,ja,,,ja,0,,,,,1,ja,,,0,,,,,,,,,,,,,0,,,,,,,,,,,,,,,,,,,,90,161,175,317,SilvallyIce,silvallyice,"""","[""pokemon"",""silvallyice""],",Amigento-Eis # 
773,Silvally-Electric,Amigento-Elektro,,,ELECTRIC,- -,95,95,95,95,95,95,570,95,RKS System,,,,,,,,2,,ja,,,ja,,,ja,0,,,,,1,ja,,,0,,,,,,,,,,,,,0,,,,,,,,,,,,,,,,,,,,90,161,175,317,SilvallyElectric,silvallyelectric,"""","[""pokemon"",""silvallyelectric""],",Amigento-Elektro # 
773,Silvally-Fairy,Amigento-Fee,,,FAIRY,- -,95,95,95,95,95,95,570,95,RKS System,,,,,,,,2,,ja,,,ja,,,ja,0,,,,,1,ja,,,0,,,,,,,,,,,,,0,,,,,,,,,,,,,,,,,,,,90,161,175,317,SilvallyFairy,silvallyfairy,"""","[""pokemon"",""silvallyfairy""],",Amigento-Fee # 
773,Silvally-Fire,Amigento-Feuer,,,FIRE,- -,95,95,95,95,95,95,570,95,RKS System,,,,,,,,2,,ja,,,ja,,,ja,0,,,,,1,ja,,,0,,,,,,,,,,,,,0,,,,,,,,,,,,,,,,,,,,90,161,175,317,SilvallyFire,silvallyfire,"""","[""pokemon"",""silvallyfire""],",Amigento-Feuer # 
773,Silvally-Flying,Amigento-Flug,,,FLYING,- -,95,95,95,95,95,95,570,95,RKS System,,,,,,,,2,,ja,,,ja,,,ja,0,,,,,1,ja,,,0,,,,,,,,,,,,,0,,,,,,,,,,,,,,,,,,,,90,161,175,317,SilvallyFlying,silvallyflying,"""","[""pokemon"",""silvallyflying""],",Amigento-Flug # 
773,Silvally-Ghost,Amigento-Geist,,,GHOST,- -,95,95,95,95,95,95,570,95,RKS System,,,,,,,,2,,ja,,,ja,,,ja,0,,,,,1,ja,,,0,,,,,,,,,,,,,0,,,,,,,,,,,,,,,,,,,,90,161,175,317,SilvallyGhost,silvallyghost,"""","[""pokemon"",""silvallyghost""],",Amigento-Geist # 
773,Silvally-Rock,Amigento-Gestein,,,ROCK,- -,95,95,95,95,95,95,570,95,RKS System,,,,,,,,2,,ja,,,ja,,,ja,0,,,,,1,ja,,,0,,,,,,,,,,,,,0,,,,,,,,,,,,,,,,,,,,90,161,175,317,SilvallyRock,silvallyrock,"""","[""pokemon"",""silvallyrock""],",Amigento-Gestein # 
773,Silvally-Poison,Amigento-Gift,,,POISON,- -,95,95,95,95,95,95,570,95,RKS System,,,,,,,,2,,ja,,,ja,,,ja,0,,,,,1,ja,,,0,,,,,,,,,,,,,0,,,,,,,,,,,,,,,,,,,,90,161,175,317,SilvallyPoison,silvallypoison,"""","[""pokemon"",""silvallypoison""],",Amigento-Gift # 
773,Silvally-Bug,Amigento-Käfer,,,BUG,- -,95,95,95,95,95,95,570,95,RKS System,,,,,,,,2,,ja,,,ja,,,ja,0,,,,,1,ja,,,0,,,,,,,,,,,,,0,,,,,,,,,,,,,,,,,,,,90,161,175,317,SilvallyBug,silvallybug,"""","[""pokemon"",""silvallybug""],",Amigento-Käfer # 
773,Silvally-Fighting,Amigento-Kampf,,,FIGHTING,- -,95,95,95,95,95,95,570,95,RKS System,,,,,,,,2,,ja,,,ja,,,ja,0,,,,,1,ja,,,0,,,,,,,,,,,,,0,,,,,,,,,,,,,,,,,,,,90,161,175,317,SilvallyFighting,silvallyfighting,"""","[""pokemon"",""silvallyfighting""],",Amigento-Kampf # 
773,Silvally,Amigento-Normal,,,NORMAL,- -,95,95,95,95,95,95,570,95,RKS System,,,,,,,,2,,ja,,,ja,,,ja,0,,,,,1,ja,,,0,,,,,,,,,,,,,0,,,,,,,,,,,,,,,,,,,,90,161,175,317,Silvally,silvally,"""","[""pokemon"",""silvally""],",Amigento-Normal # 
773,Silvally-Grass,Amigento-Pflanze,,,GRASS,- -,95,95,95,95,95,95,570,95,RKS System,,,,,,,,2,,ja,,,ja,,,ja,0,,,,,1,ja,,,0,,,,,,,,,,,,,0,,,,,,,,,,,,,,,,,,,,90,161,175,317,SilvallyGrass,silvallygrass,"""","[""pokemon"",""silvallygrass""],",Amigento-Pflanze # 
773,Silvally-Psychic,Amigento-Psycho,,,PSYCHIC,- -,95,95,95,95,95,95,570,95,RKS System,,,,,,,,2,,ja,,,ja,,,ja,0,,,,,1,ja,,,0,,,,,,,,,,,,,0,,,,,,,,,,,,,,,,,,,,90,161,175,317,SilvallyPsychic,silvallypsychic,"""","[""pokemon"",""silvallypsychic""],",Amigento-Psycho # 
773,Silvally-Steel,Amigento-Stahl,,,STEEL,- -,95,95,95,95,95,95,570,95,RKS System,,,,,,,,2,,ja,,,ja,,,ja,0,,,,,1,ja,,,0,,,,,,,,,,,,,0,,,,,,,,,,,,,,,,,,,,90,161,175,317,SilvallySteel,silvallysteel,"""","[""pokemon"",""silvallysteel""],",Amigento-Stahl # 
773,Silvally-Dark,Amigento-Unlicht,,,DARK,- -,95,95,95,95,95,95,570,95,RKS System,,,,,,,,2,,ja,,,ja,,,ja,0,,,,,1,ja,,,0,,,,,,,,,,,,,0,,,,,,,,,,,,,,,,,,,,90,161,175,317,SilvallyDark,silvallydark,"""","[""pokemon"",""silvallydark""],",Amigento-Unlicht # 
773,Silvally-Water,Amigento-Wasser,,,WATER,- -,95,95,95,95,95,95,570,95,RKS System,,,,,,,,2,,ja,,,ja,,,ja,0,,,,,1,ja,,,0,,,,,,,,,,,,,0,,,,,,,,,,,,,,,,,,,,90,161,175,317,SilvallyWater,silvallywater,"""","[""pokemon"",""silvallywater""],",Amigento-Wasser # 
138,Omanyte,Amonitas,,,ROCK,WATER,35,40,100,90,55,35,355,"59,17",Swift Swim,Shell Armor,Weak Armor,40,1,,,,0,,,,,,,,,3,ja,ja,ja,,0,,,,0,,,,,,,,,,,,,0,,,,,,,,,,,,,,,,,,,,36,95,67,185,Omanyte,omanyte,"""","[""pokemon"",""omanyte""],",Amonitas # 
139,Omastar,Amoroso,,,ROCK,WATER,70,60,125,115,70,55,495,"82,5",Swift Swim,Shell Armor,Weak Armor,60,6,,,,0,,,,,,,,,3,ja,ja,ja,,0,,,,0,,,,,,,,,,,,,0,,,,,,,,,,,,,,,,,,,,54,117,103,229,Omastar,omastar,"""","[""pokemon"",""omastar""],",Amoroso # 
181,Ampharos,Ampharos,,,ELECTRIC,- -,90,75,85,115,90,55,510,85,Static,,Plus,40,3,,,,1,ja,,,,,,,,0,,,,,0,,,,0,,,,,,,,,,,,,0,,,,,,,,,,,,,,,,,,,,54,117,103,229,Ampharos,ampharos,"""","[""pokemon"",""ampharos""],",Ampharos # 
657,Frogadier,Amphizel,,,WATER,- -,54,63,52,83,56,97,405,"67,5",Torrent,,Protean,40,3,,,,1,,ja,,,,,,,1,,,ja,,0,,,,0,,,,,,,,,,,,,1,,,,,,,,,,,ja,,,,,,,,,91,163,179,322,Frogadier,frogadier,"""","[""pokemon"",""frogadier""],",Amphizel # 
793,Nihilego,Anego,,,ROCK,POISON,109,53,47,127,131,103,570,95,Beast Boost,,,120,13,,,,0,,,,,,,ja,,2,ja,,ja,,0,,,,0,,,,,,,,,,,,,0,,,,,,,,,,,,,,,,,,,,97,170,189,335,Nihilego,nihilego,"""","[""pokemon"",""nihilego""],",Anego # 
347,Anorith,Anorith,,,ROCK,BUG,45,95,50,40,50,75,355,"59,17",Battle Armor,,Swift Swim,40,1,,,,0,,,,,,,,,1,ja,,,,1,,ja,,0,,,,,,,,,,,,,1,,,,,,,,ja,,,,,,,,,,,,72,139,139,273,Anorith,anorith,"""","[""pokemon"",""anorith""],",Anorith # 
593,Jellicent,Apoquallyp,,,WATER,GHOST,100,60,70,85,105,60,480,80,Water Absorb,Cursed Body,Damp,60,8,,,,0,,,,,,,ja,,0,,,,,0,,,,1,,ja,,,,,,,,,,,0,,,,,,,,,,,,,,,,,,,,58,123,112,240,Jellicent,jellicent,"""","[""pokemon"",""jellicent""],",Apoquallyp # 
134,Vaporeon,Aquana,,,WATER,- -,130,65,60,110,95,65,525,"87,5",Water Absorb,,Hydration,100,10,,,,2,,,ja,,,ja,,,0,,,,,0,,,,1,ja,,,,,,,,,,,,1,,,,,,,,,,,ja,,,,,,,,,63,128,121,251,Vaporeon,vaporeon,"""","[""pokemon"",""vaporeon""],",Aquana # 
752,Araquanid,Aranestro,,,WATER,BUG,68,70,92,50,132,42,454,"75,67",Water Bubble,,Water Absorb,60,10,,,,0,,,,,,,,,1,,,,ja,0,,,,0,,,,,,,,,,,,,0,,,,,,,,,,,,,,,,,,,,42,103,80,201,Araquanid,araquanid,"""","[""pokemon"",""araquanid""],",Aranestro # 
751,Dewpider,Araqua,,,WATER,BUG,38,40,52,40,72,27,269,"44,83",Water Bubble,,Water Absorb,40,1,,,,0,,,,,,,,,1,,,,ja,0,,,,0,,,,,,,,,,,,,0,,,,,,,,,,,,,,,,,,,,28,86,53,168,Dewpider,dewpider,"""","[""pokemon"",""dewpider""],",Araqua # 
24,Arbok,Arbok,,,POISON,- -,60,95,69,65,79,80,448,"74,67",Intimidate,Shed Skin,Unnerve,40,2,,,,0,,,,,,,,,0,,,,,0,,,,0,,,,,,,,,,,,,1,,,ja,,,,,,,,,,,,,,,,,76,145,148,284,Arbok,arbok,"""","[""pokemon"",""arbok""],",Arbok # 
723,Dartrix,Arboretoss,,,GRASS,FLYING,78,75,75,70,70,52,420,70,Overgrow,,Long Reach,40,2,,,,1,,,,,,ja,,,0,,,,,1,ja,,,2,,,ja,ja,,,,,,,,,2,,,ja,,,,,,,ja,,,,,,,,,,51,114,98,223,Dartrix,dartrix,"""","[""pokemon"",""dartrix""],",Arboretoss # 
493,Arceus,Arceus,,,NORMAL,- -,120,120,120,120,120,120,720,120,Multitype,,,BANNED,BANNED,,,,0,,,,,,,ja,ja,1,ja,,,,1,ja,,,1,,ja,,,,,,,,,,,1,ja,,,,,,,,,,,,,,,,,,,112,189,220,372,Arceus,arceus,"""","[""pokemon"",""arceus""],",Arceus # 
493,Arceus-Ground,Arceus-Boden,,,GROUND,- -,120,120,120,120,120,120,720,120,Multitype,,,,,,,,0,,,,,,,ja,ja,1,ja,,,,1,ja,,,1,,ja,,,,,,,,,,,1,ja,,,,,,,,,,,,,,,,,,,112,189,220,372,ArceusGround,arceusground,"""","[""pokemon"",""arceusground""],",Arceus-Boden # 
493,Arceus-Dragon,Arceus-Drache,,,DRAGON,- -,120,120,120,120,120,120,720,120,Multitype,,,,,,,,0,,,,,,,ja,ja,1,ja,,,,1,ja,,,1,,ja,,,,,,,,,,,1,ja,,,,,,,,,,,,,,,,,,,112,189,220,372,ArceusDragon,arceusdragon,"""","[""pokemon"",""arceusdragon""],",Arceus-Drache # 
493,Arceus-Ice,Arceus-Eis,,,ICE,- -,120,120,120,120,120,120,720,120,Multitype,,,,,,,,0,,,,,,,ja,ja,1,ja,,,,1,ja,,,1,,ja,,,,,,,,,,,1,ja,,,,,,,,,,,,,,,,,,,112,189,220,372,ArceusIce,arceusice,"""","[""pokemon"",""arceusice""],",Arceus-Eis # 
493,Arceus-Electric,Arceus-Elektro,,,ELECTRIC,- -,120,120,120,120,120,120,720,120,Multitype,,,,,,,,0,,,,,,,ja,ja,1,ja,,,,1,ja,,,1,,ja,,,,,,,,,,,1,ja,,,,,,,,,,,,,,,,,,,112,189,220,372,ArceusElectric,arceuselectric,"""","[""pokemon"",""arceuselectric""],",Arceus-Elektro # 
493,Arceus-Fairy,Arceus-Fee,,,FAIRY,- -,120,120,120,120,120,120,720,120,Multitype,,,,,,,,0,,,,,,,ja,ja,1,ja,,,,1,ja,,,1,,ja,,,,,,,,,,,1,ja,,,,,,,,,,,,,,,,,,,112,189,220,372,ArceusFairy,arceusfairy,"""","[""pokemon"",""arceusfairy""],",Arceus-Fee # 
493,Arceus-Fire,Arceus-Feuer,,,FIRE,- -,120,120,120,120,120,120,720,120,Multitype,,,,,,,,0,,,,,,,ja,ja,1,ja,,,,1,ja,,,1,,ja,,,,,,,,,,,1,ja,,,,,,,,,,,,,,,,,,,112,189,220,372,ArceusFire,arceusfire,"""","[""pokemon"",""arceusfire""],",Arceus-Feuer # 
493,Arceus-Flying,Arceus-Flug,,,FLYING,- -,120,120,120,120,120,120,720,120,Multitype,,,,,,,,0,,,,,,,ja,ja,1,ja,,,,1,ja,,,1,,ja,,,,,,,,,,,1,ja,,,,,,,,,,,,,,,,,,,112,189,220,372,ArceusFlying,arceusflying,"""","[""pokemon"",""arceusflying""],",Arceus-Flug # 
493,Arceus-Ghost,Arceus-Geist,,,GHOST,- -,120,120,120,120,120,120,720,120,Multitype,,,,,,,,0,,,,,,,ja,ja,1,ja,,,,1,ja,,,1,,ja,,,,,,,,,,,1,ja,,,,,,,,,,,,,,,,,,,112,189,220,372,ArceusGhost,arceusghost,"""","[""pokemon"",""arceusghost""],",Arceus-Geist # 
493,Arceus-Rock,Arceus-Gestein,,,ROCK,- -,120,120,120,120,120,120,720,120,Multitype,,,,,,,,0,,,,,,,ja,ja,1,ja,,,,1,ja,,,1,,ja,,,,,,,,,,,1,ja,,,,,,,,,,,,,,,,,,,112,189,220,372,ArceusRock,arceusrock,"""","[""pokemon"",""arceusrock""],",Arceus-Gestein # 
493,Arceus-Poison,Arceus-Gift,,,POISON,- -,120,120,120,120,120,120,720,120,Multitype,,,,,,,,0,,,,,,,ja,ja,1,ja,,,,1,ja,,,1,,ja,,,,,,,,,,,1,ja,,,,,,,,,,,,,,,,,,,112,189,220,372,ArceusPoison,arceuspoison,"""","[""pokemon"",""arceuspoison""],",Arceus-Gift # 
493,Arceus-Bug,Arceus-Käfer,,,BUG,- -,120,120,120,120,120,120,720,120,Multitype,,,,,,,,0,,,,,,,ja,ja,1,ja,,,,1,ja,,,1,,ja,,,,,,,,,,,1,ja,,,,,,,,,,,,,,,,,,,112,189,220,372,ArceusBug,arceusbug,"""","[""pokemon"",""arceusbug""],",Arceus-Käfer # 
493,Arceus-Fighting,Arceus-Kampf,,,FIGHTING,- -,120,120,120,120,120,120,720,120,Multitype,,,,,,,,0,,,,,,,ja,ja,1,ja,,,,1,ja,,,1,,ja,,,,,,,,,,,1,ja,,,,,,,,,,,,,,,,,,,112,189,220,372,ArceusFighting,arceusfighting,"""","[""pokemon"",""arceusfighting""],",Arceus-Kampf # 
493,Arceus-Grass,Arceus-Pflanze,,,GRASS,- -,120,120,120,120,120,120,720,120,Multitype,,,,,,,,0,,,,,,,ja,ja,1,ja,,,,1,ja,,,1,,ja,,,,,,,,,,,1,ja,,,,,,,,,,,,,,,,,,,112,189,220,372,ArceusGrass,arceusgrass,"""","[""pokemon"",""arceusgrass""],",Arceus-Pflanze # 
493,Arceus-Psychic,Arceus-Psycho,,,PSYCHIC,- -,120,120,120,120,120,120,720,120,Multitype,,,,,,,,0,,,,,,,ja,ja,1,ja,,,,1,ja,,,1,,ja,,,,,,,,,,,1,ja,,,,,,,,,,,,,,,,,,,112,189,220,372,ArceusPsychic,arceuspsychic,"""","[""pokemon"",""arceuspsychic""],",Arceus-Psycho # 
493,Arceus-Steel,Arceus-Stahl,,,STEEL,- -,120,120,120,120,120,120,720,120,Multitype,,,,,,,,0,,,,,,,ja,ja,1,ja,,,,1,ja,,,1,,ja,,,,,,,,,,,1,ja,,,,,,,,,,,,,,,,,,,112,189,220,372,ArceusSteel,arceussteel,"""","[""pokemon"",""arceussteel""],",Arceus-Stahl # 
493,Arceus-Dark,Arceus-Unlicht,,,DARK,- -,120,120,120,120,120,120,720,120,Multitype,,,,,,,,0,,,,,,,ja,ja,1,ja,,,,1,ja,,,1,,ja,,,,,,,,,,,1,ja,,,,,,,,,,,,,,,,,,,112,189,220,372,ArceusDark,arceusdark,"""","[""pokemon"",""arceusdark""],",Arceus-Unlicht # 
493,Arceus-Water,Arceus-Wasser,,,WATER,- -,120,120,120,120,120,120,720,120,Multitype,,,,,,,,0,,,,,,,ja,ja,1,ja,,,,1,ja,,,1,,ja,,,,,,,,,,,1,ja,,,,,,,,,,,,,,,,,,,112,189,220,372,ArceusWater,arceuswater,"""","[""pokemon"",""arceuswater""],",Arceus-Wasser # 
168,Ariados,Ariados,,,BUG,POISON,70,90,70,60,70,40,400,"66,67",Swarm,Insomnia,Sniper,40,3,,,,1,,,,,,ja,,,2,,,ja,ja,0,,,,0,,,,,,,,,,,,,2,,,ja,,,,,,,ja,,,,,,,,,,40,101,76,196,Ariados,ariados,"""","[""pokemon"",""ariados""],",Ariados # 
59,Arcanine,Arkani,,,FIRE,- -,90,110,80,100,80,95,555,"92,5",Intimidate,Flash Fire,Justified,120,13,,,,1,,,,ja,,,,,0,,,,,0,,,,1,,,,,,,ja,,,,,,1,ja,,,,,,,,,,,,,,,,,,,90,161,175,317,Arcanine,arcanine,"""","[""pokemon"",""arcanine""],",Arkani # 
713,Avalugg,Arktilas,,,ICE,- -,95,117,184,44,46,28,514,"85,67",Own Tempo,Ice Body,Sturdy,40,2,,,,0,,,,,,,,,0,,,,,1,,ja,,1,,ja,,,,,,,,,,,0,,,,,,,,,,,,,,,,,,,,29,88,54,170,Avalugg,avalugg,"""","[""pokemon"",""avalugg""],",Arktilas # 
712,Bergmite,Arktip,,,ICE,- -,55,69,85,32,35,28,304,"50,67",Own Tempo,Ice Body,Sturdy,40,1,,,,0,,,,,,,,,0,,,,,1,,ja,,1,,ja,,,,,,,,,,,0,,,,,,,,,,,,,,,,,,,,29,88,54,170,Bergmite,bergmite,"""","[""pokemon"",""bergmite""],",Arktip # 
144,Articuno,Arktos,,,ICE,FLYING,90,85,100,95,125,85,580,"96,67",Pressure,,Snow Cloak,40,2,,,,1,,ja,,,,,,ja,0,,,,,1,ja,,,1,,,ja,,,,,,,,,,1,,,,,,,,,ja,,,,,,,,,,,81,150,157,295,Articuno,articuno,"""","[""pokemon"",""articuno""],",Arktos # 
348,Armaldo,Armaldo,,,ROCK,BUG,75,125,100,70,80,45,495,"82,5",Battle Armor,,Swift Swim,40,4,,,,0,,,,,,,,,1,ja,,,,1,,ja,,0,,,,,,,,,,,,,1,,,,,,,,ja,,,,,,,,,,,,45,106,85,207,Armaldo,armaldo,"""","[""pokemon"",""armaldo""],",Armaldo # 
91,Cloyster,Austos,,,WATER,ICE,50,95,180,85,45,70,525,"87,5",Shell Armor,Skill Link,Overcoat,100,9,,,,0,,,,,,,,,2,,ja,ja,,1,,ja,,0,,,,,,,,,,,,,1,,,,,,,,,ja,,,,,,,,,,,67,134,130,262,Cloyster,cloyster,"""","[""pokemon"",""cloyster""],",Austos # 
184,Azumarill,Azumarill,,,WATER,FAIRY,100,50,80,60,80,50,420,70,Thick Fat,Huge Power,Sap Sipper,180,13,,,,0,,,,,,,,,0,,,,,0,,,,0,,,,,,,,,,,,,1,,,,,,,,ja,,,,,,,,,,,,49,112,94,218,Azumarill,azumarill,"""","[""pokemon"",""azumarill""],",Azumarill # 
298,Azurill,Azurill,,,NORMAL,FAIRY,50,20,40,20,40,20,190,"31,67",Thick Fat,Huge Power,Sap Sipper,40,1,,,,0,,,,,,,,,0,,,,,0,,,,0,,,,,,,,,,,,,1,,,,,,,,ja,,,,,,,,,,,,22,79,40,152,Azurill,azurill,"""","[""pokemon"",""azurill""],",Azurill # 
859,Impidimp,Bähmon,,,DARK,FAIRY,45,45,30,55,40,50,265,"44,17",Prankster,Frisk,Pickpocket,,,,,,0,,,,,,,,,0,,,,,0,,,,0,,,,,,,,,,,,,2,,,ja,ja,,,,,,,,,,,,,,,,49,112,94,218,Impidimp,impidimp,"""","[""pokemon"",""impidimp""],",Bähmon # 
211,Qwilfish,Baldorfish,,,WATER,POISON,65,95,85,55,55,85,440,"73,33",Poison Point,Swift Swim,Intimidate,60,5,,,,0,,,,,,,,,2,,ja,ja,,0,,,,0,,,,,,,,,,,,,1,,,,,,,,ja,,,,,,,,,,,,81,150,157,295,Qwilfish,qwilfish,"""","[""pokemon"",""qwilfish""],",Baldorfish # 
696,Tyrunt,Balgoras,,,ROCK,DRAGON,58,89,77,45,45,48,362,"60,33",Strong Jaw,,Sturdy,40,1,,,,0,,,,,,,,,1,ja,,,,0,,,,0,,,,,,,,,,,,,0,,,,,,,,,,,,,,,,,,,,47,110,90,214,Tyrunt,tyrunt,"""","[""pokemon"",""tyrunt""],",Balgoras # 
418,Buizel,Bamelin,,,WATER,- -,55,65,35,60,30,85,330,55,Swift Swim,,Water Veil,40,1,,,,1,,,,,,ja,,,0,,,,,0,,,,0,,,,,,,,,,,,,2,,,,,,,,ja,,,ja,,,,,,,,,81,150,157,295,Buizel,buizel,"""","[""pokemon"",""buizel""],",Bamelin # 
743,Ribombee,Bandelby,,,BUG,FAIRY,60,55,60,95,70,124,464,"77,33",Honey Gather,Shield Dust,Sweet Veil,100,9,,,,2,,ja,,,,ja,,ja,1,,,,ja,1,ja,,,1,,,ja,,,,,,,,,,0,,,,,,,,,,,,,,,,,,,,116,193,227,381,Ribombee,ribombee,"""","[""pokemon"",""ribombee""],",Bandelby # 
354,Banette,Banette,,,GHOST,- -,64,115,65,83,63,65,455,"75,83",Insomnia,Frisk,Cursed Body,40,1,,,,0,,,,,,,ja,,0,,,,,0,,,,0,,,,,,,,,,,,,2,,,ja,,,,,,,ja,,,,,,,,,,63,128,121,251,Banette,banette,"""","[""pokemon"",""banette""],",Banette # 
847,Barraskewda,Barrakiefa,,,WATER,- -,61,123,60,60,50,136,490,"81,67",Swift Swim,,Propeller Tail,,,,,,1,,,ja,,,,,,0,,,,,0,,,,0,,,,,,,,,,,,,1,,,,,,,,ja,,,,,,,,,,,,126,206,249,408,Barraskewda,barraskewda,"""","[""pokemon"",""barraskewda""],",Barrakiefa # 
862,Obstagoon,Barrikadax,,,DARK,NORMAL,93,90,101,60,81,95,520,"86,67",Reckless,Guts,Defiant,,,,,,1,,,,,ja,,,,0,,,,,0,,,,0,,,,,,,,,,,,,0,,,,,,,,,,,,,,,,,,,,90,161,175,317,Obstagoon,obstagoon,"""","[""pokemon"",""obstagoon""],",Barrikadax # 
550,Basculin,Barschuft,,,WATER,- -,70,92,65,80,55,98,460,"76,67",Reckless,Adaptability,Mold Breaker,40,3,,,,1,,,ja,,,,,,0,,,,,0,,,,0,,,,,,,,,,,,,1,,,,,,,,ja,,,,,,,,,,,,92,165,180,324,Basculin,basculin,"""","[""pokemon"",""basculin""],",Barschuft # 
349,Feebas,Barschwa,,,WATER,- -,20,15,20,10,55,80,200,"33,33",Swift Swim,Oblivious,Adaptability,40,1,,,,0,,,,,,,,,0,,,,,0,,,,0,,,,,,,,,,,,,0,,,,,,,,,,,,,,,,,,,,76,145,148,284,Feebas,feebas,"""","[""pokemon"",""feebas""],",Barschwa # 
722,Rowlet,Bauz,,,GRASS,FLYING,68,55,55,50,50,42,320,"53,33",Overgrow,,Long Reach,40,1,,,,1,,,,,,ja,,,0,,,,,1,ja,,,2,,,ja,ja,,,,,,,,,2,,,ja,,,,,,,ja,,,,,,,,,,42,103,80,201,Rowlet,rowlet,"""","[""pokemon"",""rowlet""],",Bauz # 
836,Boltund,Bellektro,,,ELECTRIC,- -,69,90,60,90,60,121,490,"81,67",Strong Jaw,,Competitive,,,,,,1,ja,,,,,,,,0,,,,,0,,,,0,,,,,,,,,,,,,0,,,,,,,,,,,,,,,,,,,,113,190,222,375,Boltund,boltund,"""","[""pokemon"",""boltund""],",Bellektro # 
15,Beedrill,Bibor,,,BUG,POISON,65,90,40,45,80,75,395,"65,83",Swarm,,Sniper,40,1,,,,2,,ja,,,,ja,,ja,1,,,ja,,1,ja,,,1,,,ja,,,,,,,,,,0,,,,,,,,,,,,,,,,,,,,72,139,139,273,Beedrill,beedrill,"""","[""pokemon"",""beedrill""],",Bibor # 
400,Bibarel,Bidifas,,,NORMAL,WATER,79,85,60,55,60,71,410,"68,33",Simple,Unaware,Moody,40,5,,,,0,,,,,,,,,1,ja,,,,0,,,,0,,,,,,,,,,,,,2,,,,,,,,ja,,,ja,,,,,,,,,68,135,132,265,Bibarel,bibarel,"""","[""pokemon"",""bibarel""],",Bidifas # 
399,Bidoof,Bidiza,,,NORMAL,- -,59,45,40,35,40,31,250,"41,67",Simple,Unaware,Moody,40,1,,,,0,,,,,,,,,1,ja,,,,0,,,,0,,,,,,,,,,,,,1,,,,,,,,,,,ja,,,,,,,,,32,91,60,177,Bidoof,bidoof,"""","[""pokemon"",""bidoof""],",Bidiza # 
3,Venusaur,Bisaflor,,,GRASS,POISON,80,82,83,100,100,80,525,"87,5",Overgrow,,Chlorophyll,100,8,,,,0,,,,,,,,,0,,,,,0,,,,1,,,,ja,,,,,,,,,0,,,,,,,,,,,,,,,,,,,,76,145,148,284,Venusaur,venusaur,"""","[""pokemon"",""venusaur""],",Bisaflor # 
2,Ivysaur,Bisaknosp,,,GRASS,POISON,60,62,63,80,80,60,405,"67,5",Overgrow,,Chlorophyll,40,1,,,,0,,,,,,,,,0,,,,,0,,,,1,,,,ja,,,,,,,,,0,,,,,,,,,,,,,,,,,,,,58,123,112,240,Ivysaur,ivysaur,"""","[""pokemon"",""ivysaur""],",Bisaknosp # 
1,Bulbasaur,Bisasam,,,GRASS,POISON,45,49,49,65,65,45,318,53,Overgrow,,Chlorophyll,40,1,,,,0,,,,,,,,,0,,,,,0,,,,1,,,,ja,,,,,,,,,0,,,,,,,,,,,,,,,,,,,,45,106,85,207,Bulbasaur,bulbasaur,"""","[""pokemon"",""bulbasaur""],",Bisasam # 
626,Bouffalant,Bisofank,,,NORMAL,- -,95,110,95,40,95,55,490,"81,67",Reckless,Sap Sipper,Soundproof,40,3,,,,0,,,,,,,,,0,,,,,0,,,,0,,,,,,,,,,,,,0,,,,,,,,,,,,,,,,,,,,54,117,103,229,Bouffalant,bouffalant,"""","[""pokemon"",""bouffalant""],",Bisofank # 
508,Stoutland,Bissbark,,,NORMAL,- -,85,110,90,45,90,80,500,"83,33",Intimidate,Sand Rush,Scrappy,40,6,,,,0,,,,,,,,,0,,,,,0,,,,0,,,,,,,,,,,,,0,,,,,,,,,,,,,,,,,,,,76,145,148,284,Stoutland,stoutland,"""","[""pokemon"",""stoutland""],",Bissbark # 
688,Binacle,Bithora,,,ROCK,WATER,42,52,67,39,56,50,306,51,Sniper,Tough Claws,Pickpocket,40,1,,,,0,,,,,,,,,1,ja,,,,0,,,,0,,,,,,,,,,,,,0,,,,,,,,,,,,,,,,,,,,49,112,94,218,Binacle,binacle,"""","[""pokemon"",""binacle""],",Bithora # 
274,Nuzleaf,Blanas,,,GRASS,DARK,70,70,40,60,40,60,340,"56,67",Chlorophyll,Early Bird,Pickpocket,40,1,,,,0,,,,,,,,,0,,,,,1,ja,,,1,,,,ja,,,,,,,,,3,,,ja,ja,,,,,,,ja,,,,,,,,,58,123,112,240,Nuzleaf,nuzleaf,"""","[""pokemon"",""nuzleaf""],",Blanas # 
135,Jolteon,Blitza,,,ELECTRIC,- -,65,65,60,110,95,130,525,"87,5",Volt Absorb,,Quick Feet,100,9,,,,2,ja,,,,,ja,,,0,,,,,0,,,,1,ja,,,,,,,,,,,,1,,,,,,,,,,,ja,,,,,,,,,121,200,238,394,Jolteon,jolteon,"""","[""pokemon"",""jolteon""],",Blitza # 
182,Bellossom,Blubella,,,GRASS,- -,75,80,95,90,100,50,490,"81,67",Chlorophyll,,Healer,40,2,,,,1,,,,,,ja,,,0,,,,,0,,,,2,,,,ja,,ja,,,,,,,0,,,,,,,,,,,,,,,,,,,,49,112,94,218,Bellossom,bellossom,"""","[""pokemon"",""bellossom""],",Blubella # 
48,Venonat,Bluzuk,,,BUG,POISON,60,55,50,40,55,45,305,"50,83",Compound Eyes,Tinted Lens,Run Away,40,1,,,,1,,,,,,ja,,,1,,,ja,,0,,,,1,,,,,,,ja,,,,,,0,,,,,,,,,,,,,,,,,,,,45,106,85,207,Venonat,venonat,"""","[""pokemon"",""venonat""],",Bluzuk # 
419,Floatzel,Bojelin,,,WATER,- -,85,105,55,85,50,115,495,"82,5",Swift Swim,,Water Veil,40,3,,,,1,,,,,,ja,,,0,,,,,0,,,,0,,,,,,,,,,,,,2,,,,,,,,ja,,,ja,,,,,,,,,108,183,211,361,Floatzel,floatzel,"""","[""pokemon"",""floatzel""],",Bojelin # 
411,Bastiodon,Bollterus,,,ROCK,STEEL,60,52,168,47,138,30,495,"82,5",Sturdy,,Soundproof,40,1,,,,0,,,,,,,,,1,ja,,,,0,,,,0,,,,,,,,,,,,,0,,,,,,,,,,,,,,,,,,,,31,90,58,174,Bastiodon,bastiodon,"""","[""pokemon"",""bastiodon""],",Bollterus # 
641,Tornadus,Boreos,,,FLYING,- -,79,115,70,125,80,111,580,"96,67",Prankster,,Defiant,120,11,,,,1,,ja,,,,,,ja,0,,,,,1,ja,,,0,,,,,,,,,,,,,0,,,,,,,,,,,,,,,,,,,,104,179,204,353,Tornadus,tornadus,"""","[""pokemon"",""tornadus""],",Boreos # 
641,Tornadus-Therian,Boreos-Therian,,,FLYING,- -,79,100,80,110,90,121,580,"96,67",Regenerator,,,180,15,,,,1,,ja,,,,,,ja,0,,,,,1,ja,,,0,,,,,,,,,,,,,0,,,,,,,,,,,,,,,,,,,,113,190,222,375,TornadusTherian,tornadustherian,"""","[""pokemon"",""tornadustherian""],",Boreos-Therian # 
225,Delibird,Botogel,,,ICE,FLYING,45,55,45,65,45,75,330,55,Vital Spirit,Hustle,Insomnia,40,1,,,,1,,,,,,ja,,,1,,ja,,,2,ja,ja,,0,,,,,,,,,,,,,3,,,,ja,,,,,ja,,ja,,,,,,,,,72,139,139,273,Delibird,delibird,"""","[""pokemon"",""delibird""],",Botogel # 
537,Seismitoad,Branawarz,,,WATER,GROUND,105,95,75,85,75,74,509,"84,83",Swift Swim,Poison Touch,Water Absorb,60,8,,,,0,,,,,,,,,1,ja,,,,0,,,,0,,,,,,,,,,,,,0,,,,,,,,,,,,,,,,,,,,71,138,137,271,Seismitoad,seismitoad,"""","[""pokemon"",""seismitoad""],",Branawarz # 
652,Chesnaught,Brigaron,,,GRASS,FIGHTING,88,107,122,74,75,64,530,"88,33",Overgrow,,Bulletproof,100,9,,,,0,,,,,,,,,1,,ja,,,0,,,,1,,,,ja,,,,,,,,,0,,,,,,,,,,,,,,,,,,,,62,127,119,249,Chesnaught,chesnaught,"""","[""pokemon"",""chesnaught""],",Brigaron # 
857,Hattrem,Brimano,,,PSYCHIC,- -,57,40,65,86,73,49,370,"61,67",Healer,Anticipation,Magic Bounce,,,,,,1,,,,,,ja,,,0,,,,,0,,,,0,,,,,,,,,,,,,0,,,,,,,,,,,,,,,,,,,,48,111,92,216,Hattrem,hattrem,"""","[""pokemon"",""hattrem""],",Brimano # 
856,Hatenna,Brimova,,,PSYCHIC,- -,42,30,45,56,53,39,265,"44,17",Healer,Anticipation,Magic Bounce,,,,,,1,,,,,,ja,,,0,,,,,0,,,,0,,,,,,,,,,,,,0,,,,,,,,,,,,,,,,,,,,39,100,74,194,Hatenna,hatenna,"""","[""pokemon"",""hatenna""],",Brimova # 
871,Pincurchin,Britzigel,,,ELECTRIC,- -,48,101,95,91,85,15,435,"72,5",Lightning Rod,,Electric Surge,,,,,,0,,,,,,,,,2,,ja,ja,,0,,,,1,,ja,,,,,,,,,,,1,,,ja,,,,,,,,,,,,,,,,,18,73,31,141,Pincurchin,pincurchin,"""","[""pokemon"",""pincurchin""],",Britzigel # 
526,Gigalith,Brockoloss,,,ROCK,- -,85,135,130,60,80,25,515,"85,83",Sturdy,Sand Stream,Sand Force,60,8,,,,0,,,,,,,,,1,ja,,,,0,,,,0,,,,,,,,,,,,,0,,,,,,,,,,,,,,,,,,,,27,84,49,163,Gigalith,gigalith,"""","[""pokemon"",""gigalith""],",Brockoloss # 
436,Bronzor,Bronzel,,,STEEL,PSYCHIC,57,24,86,24,86,23,300,50,Levitate,Heatproof,Heavy Metal,40,1,,,,0,,,,,,,ja,,1,ja,,,,0,,,,0,,,,,,,,,,,,,0,,,,,,,,,,,,,,,,,,,,25,82,45,159,Bronzor,bronzor,"""","[""pokemon"",""bronzor""],",Bronzel # 
437,Bronzong,Bronzong,,,STEEL,PSYCHIC,67,89,116,79,116,33,500,"83,33",Levitate,Heatproof,Heavy Metal,60,9,,,,0,,,,,,,ja,,1,ja,,,,0,,,,0,,,,,,,,,,,,,0,,,,,,,,,,,,,,,,,,,,34,93,63,181,Bronzong,bronzong,"""","[""pokemon"",""bronzong""],",Bronzong # 
373,Salamence,Brutalanda,,,DRAGON,FLYING,95,135,80,110,80,100,600,100,Intimidate,,Moxie,120,14,,,,0,,,,,,,,ja,0,,,,,1,ja,,,2,ja,,ja,,,,,,,,,,0,,,,,,,,,,,,,,,,,,,,94,167,184,328,Salamence,salamence,"""","[""pokemon"",""salamence""],",Brutalanda # 
755,Morelull,Bubungus,,,GRASS,FAIRY,40,35,55,65,75,15,285,"47,5",Illuminate,Effect Spore,Rain Dish,40,1,,,,0,,,,,,,,,0,,,,,0,,,,2,,,,ja,,ja,,,,,,,0,,,,,,,,,,,,,,,,,,,,18,73,31,141,Morelull,morelull,"""","[""pokemon"",""morelull""],",Bubungus # 
287,Slakoth,Bummelz,,,NORMAL,- -,60,60,60,35,35,30,280,"46,67",Truant,,,40,1,,,,0,,,,,,,,,0,,,,,0,,,,1,,,,,ja,,,,,,,,1,,,ja,,,,,,,,,,,,,,,,,31,90,58,174,Slakoth,slakoth,"""","[""pokemon"",""slakoth""],",Bummelz # 
413,Wormadam-Trash,Burmadam-Lumpen,,,BUG,STEEL,60,69,95,69,95,36,424,"70,67",Shed Skin,,Overcoat,40,1,,,,0,,,,,,,,,1,ja,,,,0,,,,0,,,,,,,,,,,,,1,,,ja,,,,,,,,,,,,,,,,,36,96,69,188,WormadamTrash,wormadamtrash,"""","[""pokemon"",""wormadamtrash""],",Burmadam-Lumpen # 
413,Wormadam-Plant,Burmadam-Pflanze,,,BUG,GRASS,60,59,85,79,105,36,424,"70,67",Shed Skin,,Overcoat,40,1,,,,0,,,,,,,,,0,,,,,0,,,,1,,,,ja,,,,,,,,,1,,,ja,,,,,,,,,,,,,,,,,36,96,69,188,Wormadam,wormadam,"""","[""pokemon"",""wormadam""],",Burmadam-Pflanze # 
413,Wormadam-Sandy,Burmadam-Sand,,,BUG,GROUND,60,79,105,59,85,36,424,"70,67",Shed Skin,,Overcoat,40,1,,,,0,,,,,,,,,1,ja,,,,0,,,,0,,,,,,,,,,,,,1,,,ja,,,,,,,,,,,,,,,,,36,96,69,188,WormadamSandy,wormadamsandy,"""","[""pokemon"",""wormadamsandy""],",Burmadam-Sand # 
412,Burmy,Burmy,,,BUG,- -,40,29,45,29,45,36,224,"37,33",Shed Skin,,Overcoat,40,1,,,,0,,,,,,,,,0,,,,,0,,,,0,,,,,,,,,,,,,0,,,,,,,,,,,,,,,,,,,,36,96,69,188,Burmy,burmy,"""","[""pokemon"",""burmy""],",Burmy # 
625,Bisharp,Caesurio,,,DARK,STEEL,65,125,100,60,70,70,490,"81,67",Defiant,Inner Focus,Pressure,120,10,,,,0,,,,,,,,,1,ja,,,,0,,,,0,,,,,,,,,,,,,1,,,ja,,,,,,,,,,,,,,,,,67,134,130,262,Bisharp,bisharp,"""","[""pokemon"",""bisharp""],",Caesurio # 
687,Malamar,Calamanero,,,DARK,PSYCHIC,86,92,88,68,75,73,482,"80,33",Contrary,Suction Cups,Infiltrator,40,3,,,,1,,,,,,ja,ja,,0,,,,,0,,,,0,,,,,,,,,,,,,0,,,,,,,,,,,,,,,,,,,,70,137,135,269,Malamar,malamar,"""","[""pokemon"",""malamar""],",Calamanero # 
322,Numel,Camaub,,,FIRE,GROUND,60,60,40,65,45,35,305,"50,83",Oblivious,Simple,Own Tempo,40,1,,,,0,,,,,,,,,1,ja,,,,0,,,,0,,,,,,,,,,,,,0,,,,,,,,,,,,,,,,,,,,36,95,67,185,Numel,numel,"""","[""pokemon"",""numel""],",Camaub # 
323,Camerupt,Camerupt,,,FIRE,GROUND,70,100,70,105,75,40,460,"76,67",Magma Armor,Solid Rock,Anger Point,40,2,,,,0,,,,,,,,,1,ja,,,,0,,,,0,,,,,,,,,,,,,0,,,,,,,,,,,,,,,,,,,,40,101,76,196,Camerupt,camerupt,"""","[""pokemon"",""camerupt""],",Camerupt # 
558,Crustle,Castellith,,,BUG,ROCK,70,105,125,65,75,45,485,"80,83",Sturdy,Shell Armor,Weak Armor,40,3,,,,0,,,,,,,,,2,ja,ja,,,0,,,,0,,,,,,,,,,,,,0,,,,,,,,,,,,,,,,,,,,45,106,85,207,Crustle,crustle,"""","[""pokemon"",""crustle""],",Castellith # 
589,Escavalier,Cavalanzas,,,BUG,STEEL,70,135,105,60,105,20,495,"82,5",Swarm,Shell Armor,Overcoat,60,7,,,,0,,,,,,,,,0,,,,,0,,,,0,,,,,,,,,,,,,0,,,,,,,,,,,,,,,,,,,,22,79,40,152,Escavalier,escavalier,"""","[""pokemon"",""escavalier""],",Cavalanzas # 
251,Celebi,Celebi,,,GRASS,PSYCHIC,100,100,100,100,100,100,600,100,Natural Cure,,,120,12,,,,2,,ja,,,,ja,ja,,1,ja,,,,0,,,,2,,ja,,ja,,,,,,,,,1,,,ja,,,,,,,,,,,,,,,,,94,167,184,328,Celebi,celebi,"""","[""pokemon"",""celebi""],",Celebi # 
545,Scolipede,Cerapendra,,,BUG,POISON,60,100,89,55,69,112,485,"80,83",Poison Point,Swarm,Speed Boost,120,14,,,,1,,,,,,ja,,,2,,ja,ja,,0,,,,0,,,,,,,,,,,,,0,,,,,,,,,,,,,,,,,,,,105,180,206,355,Scolipede,scolipede,"""","[""pokemon"",""scolipede""],",Cerapendra # 
113,Chansey,Chaneira,,,NORMAL,- -,250,5,5,35,105,50,450,75,Natural Cure,Serene Grace,Healer,120,9,,,,1,,,,ja,,,,,1,ja,,,,0,,,,2,ja,,,,,,,,,,,ja,0,,,,,,,,,,,,,,,,,,,,49,112,94,218,Chansey,chansey,"""","[""pokemon"",""chansey""],",Chaneira # 
431,Glameow,Charmian,,,NORMAL,- -,49,55,42,42,37,85,310,"51,67",Limber,Own Tempo,Keen Eye,40,1,,,,1,,ja,,,,,,,0,,,,,0,,,,0,,,,,,,,,,,,,3,,,ja,ja,,,,,,,ja,,,,,,,,,81,150,157,295,Glameow,glameow,"""","[""pokemon"",""glameow""],",Charmian # 
387,Turtwig,Chelast,,,GRASS,- -,55,68,64,45,55,31,318,53,Overgrow,,Shell Armor,40,1,,,,0,,,,,,,,,1,ja,,,,0,,,,1,,,,ja,,,,,,,,,0,,,,,,,,,,,,,,,,,,,,32,91,60,177,Turtwig,turtwig,"""","[""pokemon"",""turtwig""],",Chelast # 
388,Grotle,Chelcarain,,,GRASS,- -,75,89,85,55,65,36,405,"67,5",Overgrow,,Shell Armor,40,1,,,,0,,,,,,,,,1,ja,,,,0,,,,1,,,,ja,,,,,,,,,0,,,,,,,,,,,,,,,,,,,,36,96,69,188,Grotle,grotle,"""","[""pokemon"",""grotle""],",Chelcarain # 
389,Torterra,Chelterrar,,,GRASS,GROUND,95,109,105,75,85,56,525,"87,5",Overgrow,,Shell Armor,40,3,,,,0,,,,,,,,,1,ja,,,,0,,,,1,,,,ja,,,,,,,,,0,,,,,,,,,,,,,,,,,,,,54,118,105,232,Torterra,torterra,"""","[""pokemon"",""torterra""],",Chelterrar # 
673,Gogoat,Chevrumm,,,GRASS,- -,123,100,62,97,81,68,531,"88,5",Sap Sipper,,Grass Pelt,40,3,,,,0,,,,,,,,,0,,,,,0,,,,2,,,,ja,,,,,,ja,,,0,,,,,,,,,,,,,,,,,,,,65,132,126,258,Gogoat,gogoat,"""","[""pokemon"",""gogoat""],",Chevrumm # 
573,Cinccino,Chillabell,,,NORMAL,- -,75,95,60,65,60,115,470,"78,33",Cute Charm,Technician,Skill Link,60,5,,,,1,,ja,,,,,,,0,,,,,0,,,,0,,,,,,,,,,,,,0,,,,,,,,,,,,,,,,,,,,108,183,211,361,Cinccino,cinccino,"""","[""pokemon"",""cinccino""],",Chillabell # 
810,Grookey,Chimpep,,,GRASS,- -,50,65,50,40,40,65,310,"51,67",Overgrow,,Grassy Surge,,,,,,1,,ja,,,,,,,0,,,,,0,,,,0,,,,,,,,,,,,,2,,,,ja,,,,,,,,ja,,,,,,,,63,128,121,251,Grookey,grookey,"""","[""pokemon"",""grookey""],",Chimpep # 
811,Thwackey,Chimstix,,,GRASS,- -,70,85,70,55,60,80,420,70,Overgrow,,Grassy Surge,,,,,,1,,ja,,,,,,,0,,,,,0,,,,0,,,,,,,,,,,,,2,,,,ja,,,,,,,,ja,,,,,,,,76,145,148,284,Thwackey,thwackey,"""","[""pokemon"",""thwackey""],",Chimstix # 
741,Oricorio,Choreogel,,,FIRE,FLYING,75,70,70,98,70,93,476,"79,33",Dancer,,,40,4,,,,2,,ja,,,,ja,,ja,0,,,,,1,ja,,,1,,,ja,,,,,,,,,,0,,,,,,,,,,,,,,,,,,,,88,159,171,313,Oricorio,oricorio,"""","[""pokemon"",""oricorio""],",Choreogel # 
741,Oricorio-Sensu,Choreogel-Buyo,,,GHOST,FLYING,75,70,70,98,70,93,476,"79,33",Dancer,,,BANNED,BANNED,,,,2,,ja,,,,ja,,ja,0,,,,,1,ja,,,1,,,ja,,,,,,,,,,0,,,,,,,,,,,,,,,,,,,,88,159,171,313,OricorioSensu,oricoriosensu,"""","[""pokemon"",""oricoriosensu""],",Choreogel-Buyo # 
741,Oricorio-PomPom,Choreogel-Cheerleading,,,ELECTRIC,FLYING,75,70,70,98,70,93,476,"79,33",Dancer,,,BANNED,BANNED,,,,2,,ja,,,,ja,,ja,0,,,,,1,ja,,,1,,,ja,,,,,,,,,,0,,,,,,,,,,,,,,,,,,,,88,159,171,313,OricorioPomPom,oricoriopompom,"""","[""pokemon"",""oricoriopompom""],",Choreogel-Cheerleading # 
741,Oricorio-Pau,Choreogel-Hula,,,PSYCHIC,FLYING,75,70,70,98,70,93,476,"79,33",Dancer,,,BANNED,BANNED,,,,2,,ja,,,,ja,,ja,0,,,,,1,ja,,,1,,,ja,,,,,,,,,,0,,,,,,,,,,,,,,,,,,,,88,159,171,313,OricorioPau,oricoriopau,"""","[""pokemon"",""oricoriopau""],",Choreogel-Hula # 
707,Klefki,Clavion,,,STEEL,FAIRY,57,80,91,80,87,75,470,"78,33",Prankster,,Magician,100,11,,,,0,,,,,,,,,0,,,,,1,ja,,,0,,,,,,,,,,,,,0,,,,,,,,,,,,,,,,,,,,72,139,139,273,Klefki,klefki,"""","[""pokemon"",""klefki""],",Clavion # 
676,Furfrou,Coiffwaff,,,NORMAL,- -,75,80,60,65,90,102,472,"78,67",Fur Coat,,,40,2,,,,1,,ja,,,,,,,0,,,,,0,,,,0,,,,,,,,,,,,,1,,,ja,,,,,,,,,,,,,,,,,96,169,188,333,Furfrou,furfrou,"""","[""pokemon"",""furfrou""],",Coiffwaff # 
770,Palossand,Colossand,,,GHOST,GROUND,85,75,110,100,75,35,480,80,Water Compaction,,Sand Veil,40,6,,,,0,,,,,,,,,1,ja,,,,0,,,,1,,,,,,,,,,,ja,,0,,,,,,,,,,,,,,,,,,,,36,95,67,185,Palossand,palossand,"""","[""pokemon"",""palossand""],",Colossand # 
222,Corsola,Corasonn,,,WATER,ROCK,65,55,95,65,95,35,410,"68,33",Hustle,Natural Cure,Regenerator,40,1,,,,0,,,,,,,,,1,ja,,,,0,,,,1,,ja,,,,,,,,,,,1,,,ja,,,,,,,,,,,,,,,,,36,95,67,185,Corsola,corsola,"""","[""pokemon"",""corsola""],",Corasonn # 
898,Calyrex,Coronospa,,,PSYCHIC,GRASS,100,80,80,80,80,80,500,"83,33",Unnerve,,,,,,,,1,,,,,,ja,ja,,0,,,,,0,,,,0,,,,,,,,,,,,,0,,,,,,,,,,,,,,,,,,,,76,145,148,284,Calyrex,calyrex,"""","[""pokemon"",""calyrex""],",Coronospa # 
898,Calyrex-Shadow,Coronospa (Rappenreiter),,,PSYCHIC,GHOST,100,85,80,165,100,150,680,"113,33",As One (Spectrier),,,,,,,,1,,,,,,ja,ja,,0,,,,,0,,,,0,,,,,,,,,,,,,0,,,,,,,,,,,,,,,,,,,,139,222,274,438,CalyrexShadow,calyrexshadow,"""","[""pokemon"",""calyrexshadow""],",Coronospa (Rappenreiter) # 
898,Calyrex-Ice,Coronospa (Schimmelreiter),,,PSYCHIC,ICE,100,165,150,85,130,50,680,"113,33",As One (Glastrier),,,,,,,,1,,,,,,ja,ja,,0,,,,,0,,,,0,,,,,,,,,,,,,0,,,,,,,,,,,,,,,,,,,,49,112,94,218,CalyrexIce,calyrexice,"""","[""pokemon"",""calyrexice""],",Coronospa (Schimmelreiter) # 
789,Cosmog,Cosmog,,,PSYCHIC,- -,43,29,31,29,31,37,200,"33,33",Unaware,,,40,1,,,,1,,,,ja,,,,,0,,,,,0,,,,0,,,,,,,,,,,,,0,,,,,,,,,,,,,,,,,,,,37,97,71,190,Cosmog,cosmog,"""","[""pokemon"",""cosmog""],",Cosmog # 
790,Cosmoem,Cosmovum,,,PSYCHIC,- -,43,29,131,29,131,37,400,"66,67",Sturdy,,,40,1,,,,1,,,,ja,,,,,0,,,,,0,,,,0,,,,,,,,,,,,,0,,,,,,,,,,,,,,,,,,,,37,97,71,190,Cosmoem,cosmoem,"""","[""pokemon"",""cosmoem""],",Cosmovum # 
829,Gossifleur,Cottini,,,GRASS,- -,40,40,60,40,60,10,250,"41,67",Cotton Down,Regenerator,Effect Spore,,,,,,0,,,,,,,,,0,,,,,1,,ja,,1,,,,ja,,,,,,,,,0,,,,,,,,,,,,,,,,,,,,13,68,22,130,Gossifleur,gossifleur,"""","[""pokemon"",""gossifleur""],",Cottini # 
830,Eldegoss,Cottomi,,,GRASS,- -,60,50,90,80,120,60,460,"76,67",Cotton Down,Regenerator,Effect Spore,,,,,,0,,,,,,,,,0,,,,,1,,ja,,1,,,,ja,,,,,,,,,0,,,,,,,,,,,,,,,,,,,,58,123,112,240,Eldegoss,eldegoss,"""","[""pokemon"",""eldegoss""],",Cottomi # 
488,Cresselia,Cresselia,,,PSYCHIC,- -,120,70,120,75,130,85,600,100,Levitate,,,120,13,,,,0,,,,,,,ja,,0,,,,,0,,,,1,,,,,,ja,,,,,,,0,,,,,,,,,,,,,,,,,,,,81,150,157,295,Cresselia,cresselia,"""","[""pokemon"",""cresselia""],",Cresselia # 
764,Comfey,Curelei,,,FAIRY,- -,51,52,90,82,110,100,485,"80,83",Flower Veil,Triage,Natural Cure,60,8,,,,1,,ja,,,,,ja,ja,0,,,,,1,ja,,,1,,,,ja,,,,,,,,,1,,,,,,,,,,,,,,,ja,,,,,94,167,184,328,Comfey,comfey,"""","[""pokemon"",""comfey""],",Curelei # 
891,Kubfu,Dakuma,,,FIGHTING,- -,60,90,60,53,50,72,385,"64,17",Inner Focus,,,,,,,,1,,ja,,,,,,,0,,,,,0,,,,0,,,,,,,,,,,,,0,,,,,,,,,,,,,,,,,,,,69,136,134,267,Kubfu,kubfu,"""","[""pokemon"",""kubfu""],",Dakuma # 
234,Stantler,Damhirplex,,,NORMAL,- -,73,95,62,85,65,85,465,"77,5",Intimidate,Frisk,Sap Sipper,40,1,,,,0,,,,,,,ja,,0,,,,,0,,,,0,,,,,,,,,,,,,1,,,ja,,,,,,,,,,,,,,,,,81,150,157,295,Stantler,stantler,"""","[""pokemon"",""stantler""],",Damhirplex # 
491,Darkrai,Darkrai,,,DARK,- -,70,90,90,135,90,125,600,100,Bad Dreams,,,BANNED,BANNED,,,,0,,,,,,,,,0,,,,,0,,,,0,,,,,,,,,,,,,2,,,ja,,,,,,,,ja,,,,,,,,,117,194,229,383,Darkrai,darkrai,"""","[""pokemon"",""darkrai""],",Darkrai # 
662,Fletchinder,Dartignis,,,FIRE,FLYING,62,73,55,56,52,84,382,"63,67",Flame Body,,Gale Wings,40,2,,,,1,,ja,,,,,,ja,0,,,,,1,ja,,,1,,,ja,,,,,,,,,,1,,,,,,,,,,,ja,,,,,,,,,80,149,155,293,Fletchinder,fletchinder,"""","[""pokemon"",""fletchinder""],",Dartignis # 
661,Fletchling,Dartiri,,,NORMAL,FLYING,45,50,43,40,38,62,278,"46,33",Big Pecks,,Gale Wings,40,1,,,,1,,ja,,,,,,ja,0,,,,,1,ja,,,1,,,ja,,,,,,,,,,1,,,,,,,,,,,ja,,,,,,,,,60,125,116,245,Fletchling,fletchling,"""","[""pokemon"",""fletchling""],",Dartiri # 
702,Dedenne,Dedenne,,,ELECTRIC,FAIRY,67,58,57,81,67,101,431,"71,83",Cheek Pouch,Pickup,Plus,40,1,,,,2,ja,ja,,,,,,,0,,,,,0,,,,0,,,,,,,,,,,,,0,,,,,,,,,,,,,,,,,,,,95,168,186,331,Dedenne,dedenne,"""","[""pokemon"",""dedenne""],",Dedenne # 
645,Landorus,Demeteros,,,GROUND,FLYING,89,125,90,115,80,101,600,100,Sand Force,,Sheer Force,120,17,,,,1,,ja,,,,,,,1,ja,,,,1,ja,,,0,,,,,,,,,,,,,0,,,,,,,,,,,,,,,,,,,,95,168,186,331,Landorus,landorus,"""","[""pokemon"",""landorus""],",Demeteros # 
645,Landorus-Therian,Demeteros-Therian,,,GROUND,FLYING,89,145,90,105,80,91,600,100,Intimidate,,,180,17,,,,1,,ja,,,,,,,1,ja,,,,1,ja,,,0,,,,,,,,,,,,,0,,,,,,,,,,,,,,,,,,,,86,157,168,309,LandorusTherian,landorustherian,"""","[""pokemon"",""landorustherian""],",Demeteros-Therian # 
386,Deoxys,Deoxys,,,PSYCHIC,- -,50,150,50,150,50,150,600,100,Pressure,,,BANNED,BANNED,,,,1,,,,ja,,,ja,,2,ja,ja,,,0,,,,1,,ja,,,,,,,,,,,1,ja,,,,,,,,,,,,,,,,,,,139,222,274,438,Deoxys,deoxys,"""","[""pokemon"",""deoxys""],",Deoxys # 
386,Deoxys-Attack,Deoxys-Angriff,,,PSYCHIC,- -,50,180,20,180,20,150,600,100,Pressure,,,BANNED,BANNED,,,,1,,,,ja,,,ja,,2,ja,ja,,,0,,,,1,,ja,,,,,,,,,,,1,ja,,,,,,,,,,,,,,,,,,,139,222,274,438,DeoxysAttack,deoxysattack,"""","[""pokemon"",""deoxysattack""],",Deoxys-Angriff # 
386,Deoxys-Speed,Deoxys-Geschwindigkeit,,,PSYCHIC,- -,50,95,90,95,90,180,600,100,Pressure,,,BANNED,BANNED,,,,1,,,,ja,,,ja,,2,ja,ja,,,0,,,,1,,ja,,,,,,,,,,,1,ja,,,,,,,,,,,,,,,,,,,166,255,328,504,DeoxysSpeed,deoxysspeed,"""","[""pokemon"",""deoxysspeed""],",Deoxys-Geschwindigkeit # 
386,Deoxys-Defense,Deoxys-Verteidigung,,,PSYCHIC,- -,50,70,160,70,160,90,600,100,Pressure,,,BANNED,BANNED,,,,1,,,,ja,,,ja,,2,ja,ja,,,0,,,,1,,ja,,,,,,,,,,,1,ja,,,,,,,,,,,,,,,,,,,85,156,166,306,DeoxysDefense,deoxysdefense,"""","[""pokemon"",""deoxysdefense""],",Deoxys-Verteidigung # 
569,Garbodor,Deponitox,,,POISON,- -,80,95,82,60,82,75,474,79,Stench,Weak Armor,Aftermath,40,6,,,,0,,,,,,,,,2,,ja,ja,,0,,,,0,,,,,,,,,,,,,0,,,,,,,,,,,,,,,,,,,,72,139,139,273,Garbodor,garbodor,"""","[""pokemon"",""garbodor""],",Deponitox # 
248,Tyranitar,Despotar,,,ROCK,DARK,100,134,110,95,100,61,600,100,Sand Stream,,Unnerve,180,15,,,,0,,,,,,,,,1,ja,,,,0,,,,0,,,,,,,,,,,,,0,,,,,,,,,,,,,,,,,,,,59,124,114,243,Tyranitar,tyranitar,"""","[""pokemon"",""tyranitar""],",Despotar # 
483,Dialga,Dialga,,,STEEL,DRAGON,100,120,120,150,100,90,680,"113,33",Pressure,,Telepathy,BANNED,BANNED,,,,0,,,,,,,ja,,1,ja,,,,0,,,,0,,,,,,,,,,,,,0,,,,,,,,,,,,,,,,,,,,85,156,166,306,Dialga,dialga,"""","[""pokemon"",""dialga""],",Dialga # 
719,Diancie,Diancie,,,ROCK,FAIRY,50,100,150,100,150,50,600,100,Clear Body,,,60,7,,,,1,,,,,,ja,ja,,1,ja,,,,0,,,,0,,,,,,,,,,,,,0,,,,,,,,,,,,,,,,,,,,49,112,94,218,Diancie,diancie,"""","[""pokemon"",""diancie""],",Diancie # 
50,Diglett,Digda,,,GROUND,- -,10,55,25,35,45,95,265,"44,17",Sand Veil,Arena Trap,Sand Force,40,1,,,,0,,,,,,,,,1,ja,,,,0,,,,0,,,,,,,,,,,,,1,,,ja,,,,,,,,,,,,,,,,,90,161,175,317,Diglett,diglett,"""","[""pokemon"",""diglett""],",Digda # 
51,Dugtrio,Digdri,,,GROUND,- -,35,100,50,50,70,120,425,"70,83",Sand Veil,Arena Trap,Sand Force,60,7,,,,0,,,,,,,,,1,ja,,,,0,,,,0,,,,,,,,,,,,,1,,,ja,,,,,,,,,,,,,,,,,112,189,220,372,Dugtrio,dugtrio,"""","[""pokemon"",""dugtrio""],",Digdri # 
132,Ditto,Ditto,,,NORMAL,- -,48,48,48,48,48,48,288,48,Limber,,Imposter,60,7,,,,0,,,,,,,,,0,,,,,0,,,,0,,,,,,,,,,,,,0,,,,,,,,,,,,,,,,,,,,47,110,90,214,Ditto,ditto,"""","[""pokemon"",""ditto""],",Ditto # 
85,Dodrio,Dodri,,,NORMAL,FLYING,60,110,70,60,60,110,470,"78,33",Run Away,Early Bird,Tangled Feet,60,6,,,,1,,,,,,ja,,,0,,,,,0,,,,1,,,ja,,,,,,,,,,1,,,,,,,,,,,ja,,,,,,,,,103,178,202,350,Dodrio,dodrio,"""","[""pokemon"",""dodrio""],",Dodri # 
84,Doduo,Dodu,,,NORMAL,FLYING,35,85,45,35,35,75,310,"51,67",Run Away,Early Bird,Tangled Feet,40,1,,,,0,,,,,,,,,0,,,,,0,,,,1,,,ja,,,,,,,,,,1,,,,,,,,,,,ja,,,,,,,,,72,139,139,273,Doduo,doduo,"""","[""pokemon"",""doduo""],",Dodu # 
738,Vikavolt,Donarion,,,BUG,ELECTRIC,77,70,90,145,75,43,500,"83,33",Levitate,,,40,6,,,,1,ja,,,,,,,,1,,,,ja,0,,,,1,,,ja,,,,,,,,,,0,,,,,,,,,,,,,,,,,,,,43,104,81,203,Vikavolt,vikavolt,"""","[""pokemon"",""vikavolt""],",Donarion # 
232,Donphan,Donphan,,,GROUND,- -,90,120,120,60,60,50,500,"83,33",Sturdy,,Sand Veil,100,9,,,,0,,,,,,,,,1,ja,,,,1,,ja,,0,,,,,,,,,,,,,1,,,,,,,,,ja,,,,,,,,,,,49,112,94,218,Donphan,donphan,"""","[""pokemon"",""donphan""],",Donphan # 
148,Dragonair,Dragonir,,,DRAGON,- -,61,84,65,70,70,70,420,70,Shed Skin,,Marvel Scale,40,1,,,,0,,,,,,,,,0,,,,,0,,,,0,,,,,,,,,,,,,2,ja,,,,,,,ja,,,,,,,,,,,,67,134,130,262,Dragonair,dragonair,"""","[""pokemon"",""dragonair""],",Dragonir # 
149,Dragonite,Dragoran,,,DRAGON,FLYING,91,134,95,100,100,80,600,100,Inner Focus,,Multiscale,120,14,,,,0,,,,,,,,ja,0,,,,,1,ja,,,1,,,ja,,,,,,,,,,2,ja,,,,,,,ja,,,,,,,,,,,,76,145,148,284,Dragonite,dragonite,"""","[""pokemon"",""dragonite""],",Dragoran # 
841,Flapple,Drapfel,,,GRASS,DRAGON,70,110,80,95,60,70,485,"80,83",Ripen,Gluttony,Hustle,,,,,,1,,ja,,,,,,,0,,,,,0,,,,0,,,,,,,,,,,,,1,,,ja,,,,,,,,,,,,,,,,,67,134,130,262,Flapple,flapple,"""","[""pokemon"",""flapple""],",Drapfel # 
372,Shelgon,Draschel,,,DRAGON,- -,65,95,100,60,50,50,420,70,Rock Head,,Overcoat,40,1,,,,0,,,,,,,,,0,,,,,0,,,,1,ja,,,,,,,,,,,,0,,,,,,,,,,,,,,,,,,,,49,112,94,218,Shelgon,shelgon,"""","[""pokemon"",""shelgon""],",Draschel # 
147,Dratini,Dratini,,,DRAGON,- -,41,64,45,50,50,50,300,50,Shed Skin,,Marvel Scale,40,1,,,,0,,,,,,,,,0,,,,,0,,,,0,,,,,,,,,,,,,2,ja,,,,,,,ja,,,,,,,,,,,,49,112,94,218,Dratini,dratini,"""","[""pokemon"",""dratini""],",Dratini # 
549,Lilligant,Dressella,,,GRASS,- -,70,60,75,110,75,90,480,80,Chlorophyll,Own Tempo,Leaf Guard,40,4,,,,0,,,,,,,,,0,,,,,0,,,,1,,,,ja,,,,,,,,,0,,,,,,,,,,,,,,,,,,,,85,156,166,306,Lilligant,lilligant,"""","[""pokemon"",""lilligant""],",Dressella # 
425,Drifloon,Driftlon,,,GHOST,FLYING,90,50,34,60,44,70,348,58,Aftermath,Unburden,Flare Boost,40,1,,,,1,,,,,,ja,,ja,0,,,,,1,ja,,,0,,,,,,,,,,,,,1,,,ja,,,,,,,,,,,,,,,,,67,134,130,262,Drifloon,drifloon,"""","[""pokemon"",""drifloon""],",Driftlon # 
426,Drifblim,Drifzepeli,,,GHOST,FLYING,150,80,44,90,54,80,498,83,Aftermath,Unburden,Flare Boost,40,2,,,,1,,,,,,ja,,ja,0,,,,,1,ja,,,0,,,,,,,,,,,,,1,,,ja,,,,,,,,,,,,,,,,,76,145,148,284,Drifblim,drifblim,"""","[""pokemon"",""drifblim""],",Drifzepeli # 
44,Gloom,Duflor,,,GRASS,POISON,60,65,70,85,75,40,395,"65,83",Chlorophyll,,Stench,40,1,,,,0,,,,,,,,,0,,,,,0,,,,2,,,,ja,,ja,,,,,,,0,,,,,,,,,,,,,,,,,,,,40,101,76,196,Gloom,gloom,"""","[""pokemon"",""gloom""],",Duflor # 
206,Dunsparce,Dummisel,,,NORMAL,- -,100,70,70,65,65,45,415,"69,17",Serene Grace,Run Away,Rattled,40,3,,,,1,,,,,,ja,,,1,ja,,,,0,,,,1,,,ja,,,,,,,,,,0,,,,,,,,,,,,,,,,,,,,45,106,85,207,Dunsparce,dunsparce,"""","[""pokemon"",""dunsparce""],",Dummisel # 
634,Zweilous,Duodino,,,DARK,DRAGON,72,85,70,65,70,58,420,70,Hustle,,,40,2,,,,0,,,,,,,,,0,,,,,0,,,,0,,,,,,,,,,,,,0,,,,,,,,,,,,,,,,,,,,56,121,108,236,Zweilous,zweilous,"""","[""pokemon"",""zweilous""],",Duodino # 
680,Doublade,Duokles,,,STEEL,GHOST,59,110,150,45,49,35,448,"74,67",No Guard,,,100,8,,,,0,,,,,,,,,0,,,,,0,,,,0,,,,,,,,,,,,,1,,,,,,,,,,ja,,,,,,,,,,36,95,67,185,Doublade,doublade,"""","[""pokemon"",""doublade""],",Duokles # 
884,Duraludon,Duraludon,,,STEEL,DRAGON,70,95,115,120,50,85,535,"89,17",Light Metal,Heavy Metal,Stalwart,,,,,,0,,,,,,,,,1,ja,,,,0,,,,0,,,,,,,,,,,,,0,,,,,,,,,,,,,,,,,,,,81,150,157,295,Duraludon,duraludon,"""","[""pokemon"",""duraludon""],",Duraludon # 
681,Aegislash,Durengard,,,STEEL,GHOST,60,50,140,50,140,60,500,"83,33",Stance Change,,,BANNED,BANNED,,,,0,,,,,,,,,0,,,,,0,,,,0,,,,,,,,,,,,,1,,,,,,,,,,ja,,,,,,,,,,58,123,112,240,Aegislash,aegislash,"""","[""pokemon"",""aegislash""],",Durengard # 
681,Aegislash-Blade,Durengard-Klinge,,,STEEL,GHOST,60,140,50,140,50,60,500,"83,33",Stance Change,,,BANNED,BANNED,,,,0,,,,,,,,,0,,,,,0,,,,0,,,,,,,,,,,,,1,,,,,,,,,,ja,,,,,,,,,,58,123,112,240,AegislashBlade,aegislashblade,"""","[""pokemon"",""aegislashblade""],",Durengard-Klinge # 
519,Pidove,Dusselgurr,,,NORMAL,FLYING,50,55,50,36,30,43,264,44,Big Pecks,Super Luck,Rivalry,40,1,,,,1,,ja,,,,,,ja,0,,,,,1,ja,,,1,,,ja,,,,,,,,,,1,,,,,,,,,,,ja,,,,,,,,,43,104,81,203,Pidove,pidove,"""","[""pokemon"",""pidove""],",Dusselgurr # 
563,Cofagrigus,Echnatoll,,,GHOST,- -,58,50,145,95,105,30,483,"80,5",Mummy,,,60,10,,,,0,,,,,,,ja,,1,,,ja,,0,,,,0,,,,,,,,,,,,,0,,,,,,,,,,,,,,,,,,,,31,90,58,174,Cofagrigus,cofagrigus,"""","[""pokemon"",""cofagrigus""],",Echnatoll # 
714,Noibat,eF-eM,,,DRAGON,FLYING,40,30,35,45,40,55,245,"40,83",Frisk,Infiltrator,Telepathy,40,1,,,,1,,ja,,,,,,ja,0,,,,,1,ja,,,1,,,ja,,,,,,,,,,0,,,,,,,,,,,,,,,,,,,,54,117,103,229,Noibat,noibat,"""","[""pokemon"",""noibat""],",eF-eM # 
496,Servine,Efoserp,,,GRASS,- -,60,60,75,60,75,83,413,"68,83",Overgrow,,Contrary,40,2,,,,0,,,,,,,,,0,,,,,1,ja,,,1,,,,ja,,,,,,,,,0,,,,,,,,,,,,,,,,,,,,79,148,153,291,Servine,servine,"""","[""pokemon"",""servine""],",Efoserp # 
694,Helioptile,Eguana,,,ELECTRIC,NORMAL,44,38,33,61,43,70,289,"48,17",Dry Skin,Sand Veil,Solar Power,40,1,,,,2,ja,ja,,,,,,,0,,,,,0,,,,0,,,,,,,,,,,,,1,,,,,,,,,,,ja,,,,,,,,,67,134,130,262,Helioptile,helioptile,"""","[""pokemon"",""helioptile""],",Eguana # 
239,Elekid,Elekid,,,ELECTRIC,- -,45,63,37,65,55,95,360,60,Static,,Vital Spirit,40,1,,,,1,ja,,,,,,,,0,,,,,0,,,,0,,,,,,,,,,,,,1,,,,,,,,,,,ja,,,,,,,,,90,161,175,317,Elekid,elekid,"""","[""pokemon"",""elekid""],",Elekid # 
125,Electabuzz,Elektek,,,ELECTRIC,- -,65,83,57,95,85,105,490,"81,67",Static,,Vital Spirit,40,4,,,,2,ja,,,ja,,,,,0,,,,,0,,,,0,,,,,,,,,,,,,1,,,,,,,,,,,ja,,,,,,,,,99,172,193,339,Electabuzz,electabuzz,"""","[""pokemon"",""electabuzz""],",Elektek # 
466,Electivire,Elevoltek,,,ELECTRIC,- -,75,123,67,95,85,95,540,90,Motor Drive,,Vital Spirit,60,6,,,,2,ja,,,ja,,,,,0,,,,,0,,,,0,,,,,,,,,,,,,1,,,,,,,,,,,ja,,,,,,,,,90,161,175,317,Electivire,electivire,"""","[""pokemon"",""electivire""],",Elevoltek # 
695,Heliolisk,Elezard,,,ELECTRIC,NORMAL,62,55,52,109,94,109,481,"80,17",Dry Skin,Sand Veil,Solar Power,100,10,,,,2,ja,ja,,,,,,,0,,,,,0,,,,0,,,,,,,,,,,,,1,,,,,,,,,,,ja,,,,,,,,,102,177,200,348,Heliolisk,heliolisk,"""","[""pokemon"",""heliolisk""],",Elezard # 
522,Blitzle,Elezeba,,,ELECTRIC,- -,45,60,32,50,32,76,295,"49,17",Lightning Rod,Motor Drive,Sap Sipper,40,1,,,,1,ja,,,,,,,,0,,,,,0,,,,0,,,,,,,,,,,,,1,,,,,,,,,,,ja,,,,,,,,,72,140,141,276,Blitzle,blitzle,"""","[""pokemon"",""blitzle""],",Elezeba # 
547,Whimsicott,Elfun,,,GRASS,FAIRY,60,67,85,77,75,116,480,80,Prankster,Infiltrator,Chlorophyll,100,9,,,,1,,ja,,,,,ja,ja,0,,,,,1,ja,,,0,,,,,,,,,,,,,0,,,,,,,,,,,,,,,,,,,,108,184,213,364,Whimsicott,whimsicott,"""","[""pokemon"",""whimsicott""],",Elfun # 
587,Emolga,Emolga,,,ELECTRIC,FLYING,55,75,60,75,60,103,428,"71,33",Static,,Motor Drive,40,1,,,,3,ja,ja,,,,ja,,ja,0,,,,,1,ja,,,1,,,ja,,,,,,,,,,1,,,,,,,,,,,ja,,,,,,,,,97,170,189,335,Emolga,emolga,"""","[""pokemon"",""emolga""],",Emolga # 
152,Chikorita,Endivie,,,GRASS,- -,45,49,65,49,65,45,318,53,Overgrow,,Leaf Guard,40,1,,,,0,,,,,,,,,0,,,,,0,,,,1,,,,ja,,,,,,,,,0,,,,,,,,,,,,,,,,,,,,45,106,85,207,Chikorita,chikorita,"""","[""pokemon"",""chikorita""],",Endivie # 
890,Eternatus,Endynalos,,,POISON,DRAGON,140,85,95,145,95,130,690,115,Pressure,,,,,,,,0,,,,,,,,,1,,,ja,,0,,,,1,,ja,,,,,,,,,,,0,,,,,,,,,,,,,,,,,,,,121,200,238,394,Eternatus,eternatus,"""","[""pokemon"",""eternatus""],",Endynalos # 
890,Eternatus-Eternamax,Endynalos Unendynamax,,,POISON,DRAGON,255,115,250,125,250,130,1125,"187,5",Pressure,,,,,,,,0,,,,,,,,,1,,,ja,,0,,,,1,,ja,,,,,,,,,,,0,,,,,,,,,,,,,,,,,,,,121,200,238,394,EternatusEternamax,eternatuseternamax,"""","[""pokemon"",""eternatuseternamax""],",Endynalos Unendynamax # 
300,Skitty,Eneco,,,NORMAL,- -,50,45,45,35,35,50,260,"43,33",Cute Charm,Normalize,Wonder Skin,40,1,,,,1,,,,,,ja,,,0,,,,,0,,,,1,ja,,,,,,,,,,,,2,,,ja,ja,,,,,,,,,,,,,,,,49,112,94,218,Skitty,skitty,"""","[""pokemon"",""skitty""],",Eneco # 
301,Delcatty,Enekoro,,,NORMAL,- -,70,65,65,55,55,90,400,"66,67",Cute Charm,Normalize,Wonder Skin,40,2,,,,0,,,,,,,,,0,,,,,0,,,,1,ja,,,,,,,,,,,,2,,,ja,ja,,,,,,,,,,,,,,,,85,156,166,306,Delcatty,delcatty,"""","[""pokemon"",""delcatty""],",Enekoro # 
244,Entei,Entei,,,FIRE,- -,115,115,85,90,75,100,580,"96,67",Pressure,,Inner Focus,100,12,,,,0,,,,,,,,,0,,,,,0,,,,0,,,,,,,,,,,,,1,ja,,,,,,,,,,,,,,,,,,,94,167,184,328,Entei,entei,"""","[""pokemon"",""entei""],",Entei # 
54,Psyduck,Enton,,,WATER,- -,50,52,48,65,50,55,320,"53,33",Damp,Cloud Nine,Swift Swim,40,1,,,,0,,,,,,,,,0,,,,,0,,,,0,,,,,,,,,,,,,0,,,,,,,,,,,,,,,,,,,,54,117,103,229,Psyduck,psyduck,"""","[""pokemon"",""psyduck""],",Enton # 
55,Golduck,Entoron,,,WATER,- -,80,82,78,95,80,85,500,"83,33",Damp,Cloud Nine,Swift Swim,40,1,,,,1,,,ja,,,,,,0,,,,,0,,,,0,,,,,,,,,,,,,1,,,,,,,,ja,,,,,,,,,,,,81,150,157,295,Golduck,golduck,"""","[""pokemon"",""golduck""],",Entoron # 
133,Eevee,Evoli,,,NORMAL,- -,55,55,50,45,65,55,325,"54,17",Run Away,Adaptability,Anticipation,60,1,,,,1,,,,,,ja,,,0,,,,,0,,,,1,ja,,,,,,,,,,,,1,,,,,,,,,,,ja,,,,,,,,,54,117,103,229,Eevee,eevee,"""","[""pokemon"",""eevee""],",Evoli # 
235,Smeargle,Farbeagle,,,NORMAL,- -,55,20,35,20,45,75,250,"41,67",Own Tempo,Technician,Moody,100,5,,,,6,ja,ja,ja,ja,ja,ja,ja,ja,4,ja,ja,ja,ja,3,ja,ja,ja,11,ja,ja,ja,ja,ja,ja,ja,ja,ja,,ja,ja,13,ja,ja,ja,ja,ja,ja,ja,ja,ja,ja,ja,,ja,ja,,,,,,72,139,139,273,Smeargle,smeargle,"""","[""pokemon"",""smeargle""],",Farbeagle # 
521,Unfezant,Fasasnob,,,NORMAL,FLYING,80,115,80,65,55,93,488,"81,33",Big Pecks,Super Luck,Rivalry,40,1,,,,1,,ja,,,,,,ja,0,,,,,1,ja,,,3,ja,,ja,,,,ja,,,,,,1,,,,,,,,,,,ja,,,,,,,,,88,159,171,313,Unfezant,unfezant,"""","[""pokemon"",""unfezant""],",Fasasnob # 
854,Sinistea,Fatalitee,,,GHOST,- -,40,45,45,74,54,50,308,"51,33",Weak Armor,,Cursed Body,,,,,,1,,,,,,ja,,,0,,,,,0,,,,0,,,,,,,,,,,,,1,,,ja,,,,,,,,,,,,,,,,,49,112,94,218,Sinistea,sinistea,"""","[""pokemon"",""sinistea""],",Fatalitee # 
700,Sylveon,Feelinara,,,FAIRY,- -,95,65,65,110,130,60,525,"87,5",Cute Charm,,Pixilate,120,13,,,,1,,,,,,ja,,,0,,,,,0,,,,1,ja,,,,,,,,,,,,1,,,,,,,,,,,ja,,,,,,,,,58,123,112,240,Sylveon,sylveon,"""","[""pokemon"",""sylveon""],",Feelinara # 
509,Purrloin,Felilou,,,DARK,- -,41,50,37,50,37,66,281,"46,83",Limber,Unburden,Prankster,40,1,,,,2,,ja,,,,ja,,,0,,,,,0,,,,0,,,,,,,,,,,,,3,,,ja,ja,,,,,,,ja,,,,,,,,,63,129,123,254,Purrloin,purrloin,"""","[""pokemon"",""purrloin""],",Felilou # 
194,Wooper,Felino,,,WATER,- -,55,45,45,25,25,15,210,35,Damp,Water Absorb,Unaware,40,1,,,,0,,,,,,,,,0,,,,,0,,,,1,,ja,,,,,,,,,,,0,,,,,,,,,,,,,,,,,,,,18,73,31,141,Wooper,wooper,"""","[""pokemon"",""wooper""],",Felino # 
655,Delphox,Fennexis,,,FIRE,PSYCHIC,75,69,72,114,100,104,534,89,Blaze,,Magician,60,7,,,,0,,,,,,,ja,,0,,,,,0,,,,1,ja,,,,,,,,,,,,0,,,,,,,,,,,,,,,,,,,,98,171,191,337,Delphox,delphox,"""","[""pokemon"",""delphox""],",Fennexis # 
499,Pignite,Ferkokel,,,FIRE,FIGHTING,90,93,55,70,55,55,418,"69,67",Blaze,,Thick Fat,40,1,,,,0,,,,,,,,,0,,,,,0,,,,1,,,,,,,ja,,,,,,1,,,ja,,,,,,,,,,,,,,,,,54,117,103,229,Pignite,pignite,"""","[""pokemon"",""pignite""],",Ferkokel # 
632,Durant,Fermicula,,,BUG,STEEL,58,109,112,48,48,109,484,"80,67",Swarm,Hustle,Truant,60,7,,,,1,,,,,,ja,,,0,,,,,0,,,,0,,,,,,,,,,,,,1,,ja,,,,,,,,,,,,,,,,,,102,177,200,348,Durant,durant,"""","[""pokemon"",""durant""],",Fermicula # 
155,Cyndaquil,Feurigel,,,FIRE,- -,39,52,43,60,50,65,309,"51,5",Blaze,,Flash Fire,40,1,,,,0,,,,,,,,,0,,,,,0,,,,0,,,,,,,,,,,,,1,,,,,,,,,,,ja,,,,,,,,,63,128,121,251,Cyndaquil,cyndaquil,"""","[""pokemon"",""cyndaquil""],",Feurigel # 
663,Talonflame,Fiaro,,,FIRE,FLYING,78,81,71,74,69,126,499,"83,17",Flame Body,,Gale Wings,60,7,,,,1,,ja,,,,,,ja,0,,,,,1,ja,,,1,,,ja,,,,,,,,,,1,,,,,,,,,,,ja,,,,,,,,,117,195,231,386,Talonflame,talonflame,"""","[""pokemon"",""talonflame""],",Fiaro # 
261,Poochyena,Fiffyen,,,DARK,- -,35,55,35,30,30,35,220,"36,67",Run Away,Quick Feet,Rattled,40,1,,,,0,,,,,,,,,0,,,,,0,,,,0,,,,,,,,,,,,,1,,,ja,,,,,,,,,,,,,,,,,36,95,67,185,Poochyena,poochyena,"""","[""pokemon"",""poochyena""],",Fiffyen # 
456,Finneon,Finneon,,,WATER,- -,49,49,56,49,61,66,330,55,Swift Swim,Storm Drain,Water Veil,40,1,,,,1,,ja,,,,,,ja,0,,,,,1,ja,,,0,,,,,,,,,,,,,0,,,,,,,,,,,,,,,,,,,,63,129,123,254,Finneon,finneon,"""","[""pokemon"",""finneon""],",Finneon # 
362,Glalie,Firnontor,,,ICE,- -,80,80,80,80,80,80,480,80,Inner Focus,Ice Body,Moody,40,1,,,,0,,,,,,,,,1,,ja,,,0,,,,0,,,,,,,,,,,,,1,,,,,,,,,ja,,,,,,,,,,,76,145,148,284,Glalie,glalie,"""","[""pokemon"",""glalie""],",Firnontor # 
669,Flabebe,Flabebe,,,FAIRY,- -,44,38,39,61,79,42,303,"50,5",Flower Veil,,,40,1,,,,0,,,,,,,,,0,,,,,0,,,,2,ja,,,ja,,,,,,,,,0,,,,,,,,,,,,,,,,,,,,42,103,80,201,Flabebe,flabebe,"""","[""pokemon"",""flabebe""],",Flabebe # 
136,Flareon,Flamara,,,FIRE,- -,65,130,60,95,110,65,525,"87,5",Flash Fire,,Guts,40,3,,,,1,,,,,,ja,,,0,,,,,0,,,,1,ja,,,,,,,,,,,,1,,,,,,,,,,,ja,,,,,,,,,63,128,121,251,Flareon,flareon,"""","[""pokemon"",""flareon""],",Flamara # 
500,Emboar,Flambirex,,,FIRE,FIGHTING,110,123,65,100,65,65,528,88,Blaze,,Reckless,60,9,,,,0,,,,,,,,,0,,,,,0,,,,0,,,,,,,,,,,,,1,,,ja,,,,,,,,,,,,,,,,,63,128,121,251,Emboar,emboar,"""","[""pokemon"",""emboar""],",Flambirex # 
725,Litten,Flamiau,,,FIRE,- -,45,65,40,60,40,70,320,"53,33",Blaze,,Intimidate,40,1,,,,1,,,,,ja,,,,0,,,,,0,,,,0,,,,,,,,,,,,,1,,,,ja,,,,,,,,,,,,,,,,67,134,130,262,Litten,litten,"""","[""pokemon"",""litten""],",Flamiau # 
554,Darumaka,Flampion,,,FIRE,- -,70,90,45,15,45,50,315,"52,5",Hustle,,Inner Focus,40,1,,,,1,,ja,,,,,,,0,,,,,0,,,,0,,,,,,,,,,,,,0,,,,,,,,,,,,,,,,,,,,49,112,94,218,Darumaka,darumaka,"""","[""pokemon"",""darumaka""],",Flampion # 
555,Darmanitan,Flampivian,,,FIRE,- -,105,140,55,30,55,95,480,80,Sheer Force,,Zen Mode,100,11,,,,1,,ja,,,,,,,0,,,,,0,,,,0,,,,,,,,,,,,,0,,,,,,,,,,,,,,,,,,,,90,161,175,317,Darmanitan,darmanitan,"""","[""pokemon"",""darmanitan""],",Flampivian # 
555,Darmanitan-Zen,Flampivian-Zen,,,FIRE,PSYCHIC,105,30,105,140,105,55,540,90,Zen Mode,,,BANNED,BANNED,,,,1,,ja,,,,,,,0,,,,,0,,,,0,,,,,,,,,,,,,0,,,,,,,,,,,,,,,,,,,,54,117,103,229,DarmanitanZen,darmanitanzen,"""","[""pokemon"",""darmanitanzen""],",Flampivian-Zen # 
566,Archen,Flapteryx,,,ROCK,FLYING,55,112,45,74,45,70,401,"66,83",Defeatist,,,40,1,,,,1,,ja,,,,,,ja,1,ja,,,,1,ja,,,1,,,ja,,,,,,,,,,1,,,,,,,,,,,ja,,,,,,,,,67,134,130,262,Archen,archen,"""","[""pokemon"",""archen""],",Flapteryx # 
684,Swirlix,Flauschling,,,FAIRY,- -,62,48,66,59,57,49,341,"56,83",Sweet Veil,,Unburden,40,1,,,,0,,,,,,,,,1,,,,ja,0,,,,1,ja,,,,,,,,,,,,0,,,,,,,,,,,,,,,,,,,,48,111,92,216,Swirlix,swirlix,"""","[""pokemon"",""swirlix""],",Flauschling # 
79,Slowpoke,Flegmon,,,WATER,PSYCHIC,90,65,65,40,40,15,315,"52,5",Oblivious,Own Tempo,Regenerator,40,1,,,,1,,,,ja,,,ja,,0,,,,,0,,,,1,,,,,ja,,,,,,,,0,,,,,,,,,,,,,,,,,,,,18,73,31,141,Slowpoke,slowpoke,"""","[""pokemon"",""slowpoke""],",Flegmon # 
527,Woobat,Fleknoil,,,PSYCHIC,FLYING,65,45,43,55,43,72,323,"53,83",Unaware,Klutz,Simple,40,1,,,,2,,ja,,,,ja,ja,ja,0,,,,,1,ja,,,1,,,ja,,,,,,,,,,0,,,,,,,,,,,,,,,,,,,,69,136,134,267,Woobat,woobat,"""","[""pokemon"",""woobat""],",Fleknoil # 
255,Torchic,Flemmli,,,FIRE,- -,45,60,40,70,50,45,310,"51,67",Blaze,,Speed Boost,40,1,,,,1,,,,,,ja,,,0,,,,,1,ja,,,0,,,,,,,,,,,,,1,,,,,,,,,,,ja,,,,,,,,,45,106,85,207,Torchic,torchic,"""","[""pokemon"",""torchic""],",Flemmli # 
528,Swoobat,Fletiamo,,,PSYCHIC,FLYING,67,57,55,77,55,114,425,"70,83",Unaware,Klutz,Simple,40,2,,,,2,,ja,,,,ja,ja,ja,0,,,,,1,ja,,,1,,,ja,,,,,,,,,,0,,,,,,,,,,,,,,,,,,,,107,182,209,359,Swoobat,swoobat,"""","[""pokemon"",""swoobat""],",Fletiamo # 
670,Floette,Floette,,,FAIRY,- -,54,45,47,75,98,52,371,"61,83",Flower Veil,,Symbiosis,40,1,,,,0,,,,,,,,,0,,,,,0,,,,2,ja,,,ja,,,,,,,,,0,,,,,,,,,,,,,,,,,,,,51,114,98,223,Floette,floette,"""","[""pokemon"",""floette""],",Floette # 
670,Floette-Eternal,Floette-Ewig,,,FAIRY,- -,74,65,67,125,128,92,551,"91,83",Flower Veil,,,BANNED,BANNED,,,,0,,,,,,,,,0,,,,,0,,,,2,ja,,,ja,,,,,,,,,0,,,,,,,,,,,,,,,,,,,,87,158,170,311,FloetteEternal,floetteeternal,"""","[""pokemon"",""floetteeternal""],",Floette-Ewig # 
498,Tepig,Floink,,,FIRE,- -,65,63,45,45,45,45,308,"51,33",Blaze,,Thick Fat,40,1,,,,0,,,,,,,,,0,,,,,0,,,,0,,,,,,,,,,,,,1,,,ja,,,,,,,,,,,,,,,,,45,106,85,207,Tepig,tepig,"""","[""pokemon"",""tepig""],",Floink # 
671,Florges,Florges,,,FAIRY,- -,78,65,68,112,154,75,552,92,Flower Veil,,Symbiosis,100,12,,,,0,,,,,,,,,0,,,,,1,ja,,,2,ja,,,ja,,,,,,,,,0,,,,,,,,,,,,,,,,,,,,72,139,139,273,Florges,florges,"""","[""pokemon"",""florges""],",Florges # 
174,Igglybuff,Fluffeluff,,,NORMAL,FAIRY,90,30,15,40,20,15,210,35,Cute Charm,Competitive,Friend Guard,40,1,,,,0,,,,,,,,,0,,,,,0,,,,1,ja,,,,,,,,,,,,0,,,,,,,,,,,,,,,,,,,,18,73,31,141,Igglybuff,igglybuff,"""","[""pokemon"",""igglybuff""],",Fluffeluff # 
303,Mawile,Flunkifer,,,STEEL,FAIRY,50,85,85,55,55,50,380,"63,33",Hyper Cutter,Intimidate,Sheer Force,40,3,,,,1,,,,,,ja,,,1,ja,,,,0,,,,0,,,,,,,,,,,,,1,,,ja,,,,,,,,,,,,,,,,,49,112,94,218,Mawile,mawile,"""","[""pokemon"",""mawile""],",Flunkifer # 
618,Stunfisk,Flunschlik,,,GROUND,ELECTRIC,109,66,84,81,99,32,471,"78,5",Static,Limber,Sand Veil,40,5,,,,0,,,,,,,,,1,ja,,,,0,,,,0,,,,,,,,,,,,,1,,,ja,,,,,,,,,,,,,,,,,33,92,62,179,Stunfisk,stunfisk,"""","[""pokemon"",""stunfisk""],",Flunschlik # 
293,Whismur,Flurmel,,,NORMAL,- -,64,51,23,51,23,28,240,40,Soundproof,,Rattled,40,1,,,,0,,,,,,,,,0,,,,,0,,,,0,,,,,,,,,,,,,0,,,,,,,,,,,,,,,,,,,,29,88,54,170,Whismur,whismur,"""","[""pokemon"",""whismur""],",Flurmel # 
541,Swadloon,Folikon,,,BUG,GRASS,55,63,90,50,80,42,380,"63,33",Leaf Guard,Chlorophyll,Overcoat,40,2,,,,1,,,,,,ja,,,1,,,,ja,0,,,,1,,,,ja,,,,,,,,,0,,,,,,,,,,,,,,,,,,,,42,103,80,201,Swadloon,swadloon,"""","[""pokemon"",""swadloon""],",Folikon # 
470,Leafeon,Folipurba,,,GRASS,- -,65,110,130,60,65,95,525,"87,5",Leaf Guard,,Chlorophyll,40,2,,,,1,,,,,,ja,,,0,,,,,0,,,,2,ja,,,ja,,,,,,,,,1,,,,,,,,,,,ja,,,,,,,,,90,161,175,317,Leafeon,leafeon,"""","[""pokemon"",""leafeon""],",Folipurba # 
351,Castform,Formeo,,,NORMAL,- -,70,70,70,70,70,70,420,70,Forecast,,,40,1,,,,0,,,,,,,,ja,0,,,,,1,ja,,,0,,,,,,,,,,,,,0,,,,,,,,,,,,,,,,,,,,67,134,130,262,Castform,castform,"""","[""pokemon"",""castform""],",Formeo # 
205,Forretress,Forstellka,,,BUG,STEEL,75,90,140,60,60,40,465,"77,5",Sturdy,,Overcoat,100,8,,,,1,ja,,,,,,,,3,ja,ja,ja,,1,,ja,,0,,,,,,,,,,,,,0,,,,,,,,,,,,,,,,,,,,40,101,76,196,Forretress,forretress,"""","[""pokemon"",""forretress""],",Forstellka # 
615,Cryogonal,Frigometri,,,ICE,- -,80,50,50,95,135,105,515,"85,83",Levitate,,,40,6,,,,0,,,,,,,,,0,,,,,1,,ja,,1,,ja,,,,,,,,,,,1,,,,,,,,,ja,,,,,,,,,,,99,172,193,339,Cryogonal,cryogonal,"""","[""pokemon"",""cryogonal""],",Frigometri # 
309,Electrike,Frizelbliz,,,ELECTRIC,- -,40,45,40,65,40,65,295,"49,17",Static,Lightning Rod,Minus,40,1,,,,1,ja,,,,,,,,0,,,,,0,,,,0,,,,,,,,,,,,,1,,,,,,,,,,,ja,,,,,,,,,63,128,121,251,Electrike,electrike,"""","[""pokemon"",""electrike""],",Frizelbliz # 
478,Froslass,Frosdedje,,,ICE,GHOST,70,80,70,80,70,110,480,80,Snow Cloak,,Cursed Body,60,7,,,,0,,,,,,,,,1,,ja,,,0,,,,0,,,,,,,,,,,,,2,,,ja,,,,,,ja,,,,,,,,,,,103,178,202,350,Froslass,froslass,"""","[""pokemon"",""froslass""],",Frosdedje # 
656,Froakie,Froxy,,,WATER,- -,41,56,40,62,44,71,314,"52,33",Torrent,,Protean,40,1,,,,1,,ja,,,,,,,1,,,ja,,0,,,,0,,,,,,,,,,,,,1,,,,,,,,,,,ja,,,,,,,,,68,135,132,265,Froakie,froakie,"""","[""pokemon"",""froakie""],",Froxy # 
762,Steenee,Frubaila,,,GRASS,- -,52,40,48,40,48,62,290,"48,33",Leaf Guard,Oblivious,Sweet Veil,40,1,,,,0,,,,,,,,,0,,,,,1,,ja,,1,,,,ja,,,,,,,,,0,,,,,,,,,,,,,,,,,,,,60,125,116,245,Steenee,steenee,"""","[""pokemon"",""steenee""],",Frubaila # 
761,Bounsweet,Frubberl,,,GRASS,- -,42,30,38,30,38,32,210,35,Leaf Guard,Oblivious,Sweet Veil,40,1,,,,0,,,,,,,,,0,,,,,1,,ja,,1,,,,ja,,,,,,,,,0,,,,,,,,,,,,,,,,,,,,33,92,62,179,Bounsweet,bounsweet,"""","[""pokemon"",""bounsweet""],",Frubberl # 
763,Tsareena,Fruyal,,,GRASS,- -,72,120,98,50,98,72,510,85,Leaf Guard,Queenly Majesty,Sweet Veil,100,9,,,,1,,ja,,,,,,,0,,,,,1,,ja,,1,,,,ja,,,,,,,,,0,,,,,,,,,,,,,,,,,,,,69,136,134,267,Tsareena,tsareena,"""","[""pokemon"",""tsareena""],",Fruyal # 
727,Incineroar,Fuegro,,,FIRE,DARK,95,115,90,80,90,60,530,"88,33",Blaze,,Intimidate,60,10,,,,2,,ja,,,ja,,,,0,,,,,0,,,,0,,,,,,,,,,,,,1,,,,ja,,,,,,,,,,,,,,,,58,123,112,240,Incineroar,incineroar,"""","[""pokemon"",""incineroar""],",Fuegro # 
58,Growlithe,Fukano,,,FIRE,- -,55,70,45,70,50,60,350,"58,33",Intimidate,Flash Fire,Justified,40,1,,,,0,,,,,,,,,0,,,,,0,,,,1,,,,,,,ja,,,,,,0,,,,,,,,,,,,,,,,,,,,58,123,112,240,Growlithe,growlithe,"""","[""pokemon"",""growlithe""],",Fukano # 
631,Heatmor,Furnifraß,,,FIRE,- -,85,97,66,105,66,65,484,"80,67",Gluttony,Flash Fire,White Smoke,40,4,,,,0,,,,,,,,,0,,,,,0,,,,0,,,,,,,,,,,,,1,,,ja,,,,,,,,,,,,,,,,,63,128,121,251,Heatmor,heatmor,"""","[""pokemon"",""heatmor""],",Furnifraß # 
653,Fennekin,Fynx,,,FIRE,- -,40,45,40,62,60,60,307,"51,17",Blaze,,Magician,40,1,,,,0,,,,,,,,,0,,,,,0,,,,1,ja,,,,,,,,,,,,0,,,,,,,,,,,,,,,,,,,,58,123,112,240,Fennekin,fennekin,"""","[""pokemon"",""fennekin""],",Fynx # 
475,Gallade,Galagladi,,,PSYCHIC,FIGHTING,68,125,65,65,115,80,518,"86,33",Steadfast,,Justified,60,6,,,,1,,,,ja,,,ja,,0,,,,,0,,,,1,ja,,,,,,,,,,,,2,,,,,,,,,,ja,,,,ja,,,,,,76,145,148,284,Gallade,gallade,"""","[""pokemon"",""gallade""],",Galagladi # 
564,Tirtouga,Galapaflos,,,WATER,ROCK,54,78,103,53,45,22,355,"59,17",Solid Rock,Sturdy,Swift Swim,40,1,,,,0,,,,,,,,,1,ja,,,,0,,,,0,,,,,,,,,,,,,1,,,,,,,,ja,,,,,,,,,,,,24,81,44,157,Tirtouga,tirtouga,"""","[""pokemon"",""tirtouga""],",Galapaflos # 
144,Articuno-Galar,Galar-Arktos,,,PSYCHIC,FLYING,90,85,85,125,100,95,580,"96,67",Competitive,,,,,,,,1,,ja,,,,,ja,ja,0,,,,,0,,,,1,,ja,,,,,,,,,,,0,,,,,,,,,,,,,,,,,,,,90,161,175,317,ArticunoGalar,articunogalar,"""","[""pokemon"",""articunogalar""],",Galar-Arktos # 
222,Corsola-Galar,Galar-Corasonn,,,GHOST,- -,60,55,100,65,100,30,410,"68,33",Weak Armor,,Cursed Body,,,,,,0,,,,,,,,,1,ja,,,,0,,,,0,,,,,,,,,,,,,0,,,,,,,,,,,,,,,,,,,,31,90,58,174,CorsolaGalar,corsolagalar,"""","[""pokemon"",""corsolagalar""],",Galar-Corasonn # 
554,Darumaka-Galar,Galar-Flampion,,,ICE,- -,70,90,45,15,45,50,315,"52,5",Hustle,,Inner Focus,,,,,,1,,ja,,,,,,,0,,,,,0,,,,0,,,,,,,,,,,,,0,,,,,,,,,,,,,,,,,,,,49,112,94,218,DarumakaGalar,darumakagalar,"""","[""pokemon"",""darumakagalar""],",Galar-Flampion # 
555,Darmanitan-Galar,Galar-Flampivian,,,ICE,- -,105,140,55,30,55,95,480,80,Gorilla Tactics,,Zen Mode,,,,,,1,,ja,,,,,,,0,,,,,0,,,,0,,,,,,,,,,,,,0,,,,,,,,,,,,,,,,,,,,90,161,175,317,DarmanitanGalar,darmanitangalar,"""","[""pokemon"",""darmanitangalar""],",Galar-Flampivian # 
555,Darmanitan-Galar-Zen,Galar-Flampivian-Zen,,,ICE,FIRE,105,160,55,30,55,135,540,90,Zen Mode,,,,,,,,1,,ja,,,,,,,0,,,,,0,,,,0,,,,,,,,,,,,,0,,,,,,,,,,,,,,,,,,,,126,205,247,405,DarmanitanGalarZen,darmanitangalarzen,"""","[""pokemon"",""darmanitangalarzen""],",Galar-Flampivian-Zen # 
79,Slowpoke-Galar,Galar-Flegmon,,,PSYCHIC,,90,65,65,40,40,15,315,"52,5",Gluttony,Own Tempo,Regenerator,,,,,,0,,,,,,,ja,,0,,,,,0,,,,1,,,,,ja,,,,,,,,0,,,,,,,,,,,,,,,,,,,,18,73,31,141,SlowpokeGalar,slowpokegalar,"""","[""pokemon"",""slowpokegalar""],",Galar-Flegmon # 
618,Stunfisk-Galar,Galar-Flunschlik,,,STEEL,GROUND,109,81,99,66,84,32,471,"78,5",Mimicry,,,,,,,,0,,,,,,,,,1,ja,,,,0,,,,0,,,,,,,,,,,,,1,,,ja,,,,,,,,,,,,,,,,,33,92,62,179,StunfiskGalar,stunfiskgalar,"""","[""pokemon"",""stunfiskgalar""],",Galar-Flunschlik # 
78,Rapidash-Galar,Galar-Gallopa,,,PSYCHIC,FAIRY,65,100,70,80,80,105,500,"83,33",Run Away,Pastel Veil,Anticipation,,,,,,1,,,,,,ja,ja,,0,,,,,0,,,,1,,,,,,,ja,,,,,,1,,,,,,,,,,,ja,,,,,,,,,99,172,193,339,RapidashGalar,rapidashgalar,"""","[""pokemon"",""rapidashgalar""],",Galar-Gallopa # 
264,Linoone-Galar,Galar-Geradaks,,,DARK,NORMAL,78,70,61,50,61,100,420,70,Pickup,Gluttony,Quick Feet,,,,,,1,,,,,ja,,,,0,,,,,0,,,,0,,,,,,,,,,,,,0,,,,,,,,,,,,,,,,,,,,94,167,184,328,LinooneGalar,linoonegalar,"""","[""pokemon"",""linoonegalar""],",Galar-Geradaks # 
80,Slowbro-Galar,Galar-Lahmus,,,POISON,PSYCHIC,95,100,95,100,70,30,490,"81,67",Quick Draw,Own Tempo,Regenerator,,,,,,0,,,,,,,ja,,0,,,,,0,,,,1,,,,,ja,,,,,,,,0,,,,,,,,,,,,,,,,,,,,31,90,58,174,SlowbroGalar,slowbrogalar,"""","[""pokemon"",""slowbrogalar""],",Galar-Lahmus # 
199,Slowking-Galar,Galar-Laschoking,,,POISON,PSYCHIC,95,65,80,110,110,30,490,"81,67",Curious Medicine,Own Tempo,Regenerator,,,,,,0,,,,,,,ja,,0,,,,,0,,,,1,,,,,ja,,,,,,,,0,,,,,,,,,,,,,,,,,,,,31,90,58,174,SlowkingGalar,slowkinggalar,"""","[""pokemon"",""slowkinggalar""],",Galar-Laschoking # 
146,Moltres-Galar,Galar-Lavados,,,DARK,FLYING,90,85,90,100,125,90,580,"96,67",Berserk,,,,,,,,1,,ja,,,,,,,0,,,,,0,,,,0,,,,,,,,,,,,,1,,,ja,,,,,,,,,,,,,,,,,85,156,166,306,MoltresGalar,moltresgalar,"""","[""pokemon"",""moltresgalar""],",Galar-Lavados # 
562,Yamask-Galar,Galar-Makabaja,,,GROUND,GHOST,38,55,85,30,65,30,303,"50,5",Wandering Spirit,,,,,,,,0,,,,,,,ja,,1,,,ja,,0,,,,0,,,,,,,,,,,,,0,,,,,,,,,,,,,,,,,,,,31,90,58,174,YamaskGalar,yamaskgalar,"""","[""pokemon"",""yamaskgalar""],",Galar-Makabaja # 
52,Meowth-Galar,Galar-Mauzi,,,STEEL,- -,50,65,55,40,40,40,290,"48,33",Pickup,Tough Claws,Unnerve,,,,,,2,,ja,,,ja,,,,0,,,,,0,,,,0,,,,,,,,,,,,,1,,,,ja,,,,,,,,,,,,,,,,40,101,76,196,MeowthGalar,meowthgalar,"""","[""pokemon"",""meowthgalar""],",Galar-Mauzi # 
122,Mr. Mime-Galar,Galar-Pantimos,,,ICE,PSYCHIC,50,65,65,90,90,100,460,"76,67",Vital Spirit,Screen Cleaner,Ice Body,,,,,,1,,,,,,ja,ja,,0,,,,,1,,ja,,0,,,,,,,,,,,,,3,,,ja,ja,,,,,ja,,,,,,,,,,,94,167,184,328,MrMimeGalar,mrmimegalar,"""","[""pokemon"",""mrmimegalar""],",Galar-Pantimos # 
77,Ponyta-Galar,Galar-Ponita,,,PSYCHIC,- -,50,85,55,65,65,90,410,"68,33",Run Away,Pastel Veil,Anticipation,,,,,,0,,,,,,,,,0,,,,,0,,,,1,,,,,,,ja,,,,,,0,,,,,,,,,,,,,,,,,,,,85,156,166,306,PonytaGalar,ponytagalar,"""","[""pokemon"",""ponytagalar""],",Galar-Ponita # 
83,Farfetch’d-Galar,Galar-Porenta,,,FIGHTING,- -,52,95,55,58,62,55,377,"62,83",Steadfast,,Scrappy,,,,,,0,,,,,,,,,0,,,,,1,ja,,,0,,,,,,,,,,,,,1,,,,,,,,,,,ja,,,,,,,,,54,117,103,229,FarfetchdGalar,farfetchdgalar,"""","[""pokemon"",""farfetchdgalar""],",Galar-Porenta # 
110,Weezing-Galar,Galar-Smogmog,,,POISON,FAIRY,65,90,120,85,70,60,490,"81,67",Levitate,Neutralizing Gas,Misty Surge,,,,,,0,,,,,,,,,1,,,ja,,1,ja,,,0,,,,,,,,,,,,,0,,,,,,,,,,,,,,,,,,,,58,123,112,240,WeezingGalar,weezinggalar,"""","[""pokemon"",""weezinggalar""],",Galar-Smogmog # 
145,Zapdos-Galar,Galar-Zapdos,,,FIGHTING,FLYING,90,125,90,85,90,100,580,"96,67",Defiant,,,,,,,,1,,ja,,,,,,,0,,,,,0,,,,0,,,,,,,,,,,,,0,,,,,,,,,,,,,,,,,,,,94,167,184,328,ZapdosGalar,zapdosgalar,"""","[""pokemon"",""zapdosgalar""],",Galar-Zapdos # 
263,Zigzagoon-Galar,Galar-Zigzachs,,,DARK,NORMAL,8,30,41,30,41,60,210,35,Pickup,Gluttony,Quick Feet,,,,,,1,,,,,ja,,,,0,,,,,0,,,,0,,,,,,,,,,,,,0,,,,,,,,,,,,,,,,,,,,58,123,112,240,ZigzagoonGalar,zigzagoongalar,"""","[""pokemon"",""zigzagoongalar""],",Galar-Zigzachs # 
78,Rapidash,Gallopa,,,FIRE,- -,65,100,70,80,80,105,500,"83,33",Run Away,Flash Fire,Flame Body,40,4,,,,1,,,,,,ja,,,0,,,,,0,,,,1,,,,,,,ja,,,,,,1,,,,,,,,,,,ja,,,,,,,,,99,172,193,339,Rapidash,rapidash,"""","[""pokemon"",""rapidash""],",Gallopa # 
551,Sandile,Ganovil,,,GROUND,DARK,50,72,35,35,35,65,292,"48,67",Intimidate,Moxie,Anger Point,40,1,,,,0,,,,,,,,,1,ja,,,,0,,,,0,,,,,,,,,,,,,0,,,,,,,,,,,,,,,,,,,,63,128,121,251,Sandile,sandile,"""","[""pokemon"",""sandile""],",Ganovil # 
130,Gyarados,Garados,,,WATER,FLYING,95,125,79,60,100,81,540,90,Intimidate,,Moxie,120,12,,,,0,,,,,,,,,0,,,,,0,,,,0,,,,,,,,,,,,,0,,,,,,,,,,,,,,,,,,,,77,146,150,287,Gyarados,gyarados,"""","[""pokemon"",""gyarados""],",Garados # 
747,Mareanie,Garstella,,,POISON,WATER,50,53,62,43,52,45,305,"50,83",Merciless,Limber,Regenerator,40,1,,,,0,,,,,,,,,1,,,ja,,0,,,,1,,ja,,,,,,,,,,,0,,,,,,,,,,,,,,,,,,,,45,106,85,207,Mareanie,mareanie,"""","[""pokemon"",""mareanie""],",Garstella # 
423,Gastrodon,Gastrodon,,,WATER,GROUND,111,83,68,92,82,39,475,"79,17",Sticky Hold,Storm Drain,Sand Force,100,8,,,,0,,,,,,,,,0,,,,,0,,,,1,,ja,,,,,,,,,,,0,,,,,,,,,,,,,,,,,,,,39,100,74,194,Gastrodon,gastrodon,"""","[""pokemon"",""gastrodon""],",Gastrodon # 
828,Thievul,Gaunux,,,DARK,- -,70,58,58,87,92,90,455,"75,83",Run Away,Unburden,Stakeout,,,,,,3,,ja,,,ja,ja,,,0,,,,,0,,,,0,,,,,,,,,,,,,2,,,ja,,,,,,,,ja,,,,,,,,,85,156,166,306,Thievul,thievul,"""","[""pokemon"",""thievul""],",Gaunux # 
252,Treecko,Geckarbor,,,GRASS,- -,40,45,35,65,55,70,310,"51,67",Overgrow,,Unburden,40,1,,,,0,,,,,,,ja,,0,,,,,0,,,,1,,,,ja,,,,,,,,,1,,,,,,,,,,,ja,,,,,,,,,67,134,130,262,Treecko,treecko,"""","[""pokemon"",""treecko""],",Geckarbor # 
283,Surskit,Gehweiher,,,BUG,WATER,40,30,32,50,52,65,269,"44,83",Swift Swim,,Rain Dish,40,1,,,,1,,,,,,ja,,,1,,,,ja,0,,,,1,,,,,,,ja,,,,,,2,,,,,,,,ja,,,ja,,,,,,,,,63,128,121,251,Surskit,surskit,"""","[""pokemon"",""surskit""],",Gehweiher # 
582,Vanillite,Gelatini,,,ICE,- -,36,50,50,65,60,44,305,"50,83",Ice Body,Snow Cloak,Weak Armor,40,1,,,,0,,,,,,,,,0,,,,,0,,,,0,,,,,,,,,,,,,1,,,,,,,,,ja,,,,,,,,,,,44,105,83,205,Vanillite,vanillite,"""","[""pokemon"",""vanillite""],",Gelatini # 
583,Vanillish,Gelatroppo,,,ICE,- -,51,65,65,80,75,59,395,"65,83",Ice Body,Snow Cloak,Weak Armor,40,1,,,,0,,,,,,,,,0,,,,,0,,,,0,,,,,,,,,,,,,1,,,,,,,,,ja,,,,,,,,,,,57,122,110,238,Vanillish,vanillish,"""","[""pokemon"",""vanillish""],",Gelatroppo # 
584,Vanilluxe,Gelatwino,,,ICE,- -,71,95,85,110,95,79,535,"89,17",Ice Body,Snow Warning,Weak Armor,60,5,,,,0,,,,,,,,,0,,,,,0,,,,0,,,,,,,,,,,,,1,,,,,,,,,ja,,,,,,,ja,ja,,,75,144,146,282,Vanilluxe,vanilluxe,"""","[""pokemon"",""vanilluxe""],",Gelatwino # 
649,Genesect,Genesect,,,BUG,STEEL,71,120,95,120,95,99,600,100,Download,,,BANNED,BANNED,,,,1,,ja,,,,,,,0,,,,,0,,,,0,,,,,,,,,,,,,2,ja,,,,,,,,,,ja,,,,,,,,,93,166,182,326,Genesect,genesect,"""","[""pokemon"",""genesect""],",Genesect # 
94,Gengar,Gengar,,,GHOST,POISON,60,65,60,130,75,110,500,"83,33",Cursed Body,,,120,13,,,,0,,,,,,,ja,,0,,,,,0,,,,0,,,,,,,,,,,,,1,,,ja,,,,,,,,,,,,,,,,,103,178,202,350,Gengar,gengar,"""","[""pokemon"",""gengar""],",Gengar # 
75,Graveler,Georok,,,ROCK,GROUND,55,95,115,45,45,35,390,65,Rock Head,Sturdy,Sand Veil,40,1,,,,0,,,,,,,,,1,ja,,,,0,,,,0,,,,,,,,,,,,,1,,,ja,,,,,,,,,,,,,,,,,36,95,67,185,Graveler,graveler,"""","[""pokemon"",""graveler""],",Georok # 
76,Golem,Geowaz,,,ROCK,GROUND,80,120,130,55,65,45,495,"82,5",Rock Head,Sturdy,Sand Veil,40,2,,,,0,,,,,,,,,1,ja,,,,0,,,,0,,,,,,,,,,,,,1,,,ja,,,,,,,,,,,,,,,,,45,106,85,207,Golem,golem,"""","[""pokemon"",""golem""],",Geowaz # 
264,Linoone,Geradaks,,,NORMAL,- -,78,70,61,50,61,100,420,70,Pickup,Gluttony,Quick Feet,60,7,,,,0,,,,,,,,,0,,,,,0,,,,0,,,,,,,,,,,,,1,ja,,,,,,,,,,,,,,,,,,,94,167,184,328,Linoone,linoone,"""","[""pokemon"",""linoone""],",Geradaks # 
627,Rufflet,Geronimatz,,,NORMAL,FLYING,70,83,50,37,50,60,350,"58,33",Keen Eye,Sheer Force,Hustle,40,2,,,,1,,ja,,,,,,ja,0,,,,,1,ja,,,1,,,ja,,,,,,,,,,0,,,,,,,,,,,,,,,,,,,,58,123,112,240,Rufflet,rufflet,"""","[""pokemon"",""rufflet""],",Geronimatz # 
254,Sceptile,Gewaldro,,,GRASS,- -,70,85,65,105,85,120,530,"88,33",Overgrow,,Unburden,60,5,,,,0,,,,,,,,,0,,,,,0,,,,1,,,,ja,,,,,,,,,1,,,,,,,,,,,ja,,,,,,,,,112,189,220,372,Sceptile,sceptile,"""","[""pokemon"",""sceptile""],",Gewaldro # 
45,Vileplume,Giflor,,,GRASS,POISON,75,80,85,110,90,50,490,"81,67",Chlorophyll,,Effect Spore,40,4,,,,0,,,,,,,,,0,,,,,0,,,,2,,,,ja,,ja,,,,,,,0,,,,,,,,,,,,,,,,,,,,49,112,94,218,Vileplume,vileplume,"""","[""pokemon"",""vileplume""],",Giflor # 
3,Venusaur-Gmax,Giga-Bisaflor,,,GRASS,POISON,80,82,83,100,100,80,525,"87,5",Overgrow,,Chlorophyll,,,,,,0,,,,,,,,,0,,,,,0,,,,1,,,,ja,,,,,,,,,0,,,,,,,,,,,,,,,,,,,,76,145,148,284,VenusaurGmax,venusaurgmax,"""","[""pokemon"",""venusaurgmax""],",Giga-Bisaflor # 
569,Garbodor-Gmax,Giga-Deponitox,,,POISON,- -,80,95,82,60,82,75,474,79,Stench,Weak Armor,Aftermath,,,,,,0,,,,,,,,,2,,ja,ja,,0,,,,0,,,,,,,,,,,,,0,,,,,,,,,,,,,,,,,,,,72,139,139,273,GarbodorGmax,garbodorgmax,"""","[""pokemon"",""garbodorgmax""],",Giga-Deponitox # 
841,Flapple-Gmax,Giga-Drapfel,,,GRASS,DRAGON,70,110,80,95,60,70,485,"80,83",Ripen,Gluttony,Hustle,,,,,,1,,ja,,,,,,,0,,,,,0,,,,0,,,,,,,,,,,,,1,,,ja,,,,,,,,,,,,,,,,,67,134,130,262,FlappleGmax,flapplegmax,"""","[""pokemon"",""flapplegmax""],",Giga-Drapfel # 
884,Duraludon-Gmax,Giga-Duraludon,,,STEEL,DRAGON,70,95,115,120,50,85,535,"89,17",Light Metal,Heavy Metal,Stalwart,,,,,,0,,,,,,,,,1,ja,,,,0,,,,0,,,,,,,,,,,,,0,,,,,,,,,,,,,,,,,,,,81,150,157,295,DuraludonGmax,duraludongmax,"""","[""pokemon"",""duraludongmax""],",Giga-Duraludon # 
133,Eevee-Gmax,Giga-Evoli,,,NORMAL,- -,55,55,50,45,65,55,325,"54,17",Run Away,Adaptability,Anticipation,,,,,,1,,,,,,ja,,,0,,,,,0,,,,1,ja,,,,,,,,,,,,1,,,,,,,,,,,ja,,,,,,,,,54,117,103,229,EeveeGmax,eeveegmax,"""","[""pokemon"",""eeveegmax""],",Giga-Evoli # 
94,Gengar-Gmax,Giga-Gengar,,,GHOST,POISON,60,65,60,130,75,110,500,"83,33",Cursed Body,,,,,,,,0,,,,,,,ja,,0,,,,,0,,,,0,,,,,,,,,,,,,1,,,ja,,,,,,,,,,,,,,,,,103,178,202,350,GengarGmax,gengargmax,"""","[""pokemon"",""gengargmax""],",Giga-Gengar # 
6,Charizard-Gmax,Giga-Glurak,,,FIRE,FLYING,78,84,78,109,85,100,534,89,Blaze,,Solar Power,,,,,,0,,,,,,,,ja,0,,,,,1,ja,,,1,,,ja,,,,,,,,,,1,,,,,,,,,,,ja,,,,,,,,,94,167,184,328,CharizardGmax,charizardgmax,"""","[""pokemon"",""charizardgmax""],",Giga-Glurak # 
812,Rillaboom-Gmax,Giga-Gortrom,,,GRASS,- -,100,125,90,60,70,85,530,"88,33",Overgrow,,Grassy Surge,,,,,,1,,ja,,,,,,,0,,,,,0,,,,0,,,,,,,,,,,,,2,,,,ja,,,,,,,,ja,,,,,,,,81,150,157,295,RillaboomGmax,rillaboomgmax,"""","[""pokemon"",""rillaboomgmax""],",Giga-Gortrom # 
851,Centiskorch-Gmax,Giga-Infernopod,,,FIRE,BUG,100,115,65,90,90,65,525,"87,5",Flash Fire,White Smoke,Flame Body,,,,,,0,,,,,,,,,0,,,,,0,,,,0,,,,,,,,,,,,,0,,,,,,,,,,,,,,,,,,,,63,128,121,251,CentiskorchGmax,centiskorchgmax,"""","[""pokemon"",""centiskorchgmax""],",Giga-Infernopod # 
818,Inteleon-Gmax,Giga-Intelleon,,,WATER,- -,70,85,65,125,65,120,530,"88,33",Torrent,,Sniper,,,,,,2,,ja,,,,ja,,,0,,,,,0,,,,0,,,,,,,,,,,,,3,,,ja,,,,,ja,ja,,,,,,,,,,,112,189,220,372,InteleonGmax,inteleongmax,"""","[""pokemon"",""inteleongmax""],",Giga-Intelleon # 
834,Drednaw-Gmax,Giga-Kamalm,,,WATER,ROCK,90,115,90,48,68,74,485,"80,83",Strong Jaw,Shell Armor,Swift Swim,,,,,,0,,,,,,,,,1,ja,,,,0,,,,0,,,,,,,,,,,,,0,,,,,,,,,,,,,,,,,,,,71,138,137,271,DrednawGmax,drednawgmax,"""","[""pokemon"",""drednawgmax""],",Giga-Kamalm # 
99,Kingler-Gmax,Giga-Kingler,,,WATER,- -,55,130,115,50,50,75,475,"79,17",Hyper Cutter,Shell Armor,Sheer Force,,,,,,0,,,,,,,,,0,,,,,0,,,,0,,,,,,,,,,,,,0,,,,,,,,,,,,,,,,,,,,72,139,139,273,KinglerGmax,kinglergmax,"""","[""pokemon"",""kinglergmax""],",Giga-Kingler # 
823,Corviknight-Gmax,Giga-Krarmor,,,FLYING,STEEL,98,87,105,53,85,67,495,"82,5",Pressure,Unnerve,Mirror Armor,,,,,,1,,ja,,,,,,ja,0,,,,,1,ja,,,1,,,ja,,,,,,,,,,0,,,,,,,,,,,,,,,,,,,,64,130,125,256,CorviknightGmax,corviknightgmax,"""","[""pokemon"",""corviknightgmax""],",Giga-Krarmor # 
131,Lapras-Gmax,Giga-Lapras,,,WATER,ICE,130,85,80,85,95,60,535,"89,17",Water Absorb,Shell Armor,Hydration,,,,,,0,,,,,,,,,0,,,,,0,,,,0,,,,,,,,,,,,,1,,,,,,,,,ja,,,,,,,,,,,58,123,112,240,LaprasGmax,laprasgmax,"""","[""pokemon"",""laprasgmax""],",Giga-Lapras # 
815,Cinderace-Gmax,Giga-Liberlo,,,FIRE,- -,80,116,75,65,75,119,530,"88,33",Blaze,,Libero,,,,,,2,,ja,,,,ja,,,0,,,,,1,,,ja,0,,,,,,,,,,,,,2,,,ja,,,,,,,,ja,,,,,,,,,111,188,218,370,CinderaceGmax,cinderacegmax,"""","[""pokemon"",""cinderacegmax""],",Giga-Liberlo # 
68,Machamp-Gmax,Giga-Machomei,,,FIGHTING,- -,90,130,80,65,85,55,505,"84,17",Guts,No Guard,Steadfast,,,,,,0,,,,,,,,,0,,,,,0,,,,0,,,,,,,,,,,,,2,,,,,,,ja,,,,,,,ja,,,,,,54,117,103,229,MachampGmax,machampgmax,"""","[""pokemon"",""machampgmax""],",Giga-Machomei # 
826,Orbeetle-Gmax,Giga-Maritellit,,,BUG,PSYCHIC,60,45,110,80,120,90,505,"84,17",Swarm,Frisk,Telepathy,,,,,,2,,ja,,,,ja,ja,,1,,,,ja,0,,,,1,,ja,,,,,,,,,,,0,,,,,,,,,,,,,,,,,,,,85,156,166,306,OrbeetleGmax,orbeetlegmax,"""","[""pokemon"",""orbeetlegmax""],",Giga-Maritellit # 
52,Meowth-Gmax,Giga-Mauzi,,,NORMAL,- -,40,45,35,40,40,90,290,"48,33",Pickup,Technician,Unnerve,,,,,,1,,ja,,,,,,,0,,,,,0,,,,0,,,,,,,,,,,,,1,,,,ja,,,,,,,,,,,,,,,,85,156,166,306,MeowthGmax,meowthgmax,"""","[""pokemon"",""meowthgmax""],",Giga-Mauzi # 
809,Melmetal-Gmax,Giga-Melmetal,,,STEEL,- -,135,143,143,80,65,34,600,100,Iron Fist,,,,,,,,0,,,,,,,,,0,,,,,0,,,,0,,,,,,,,,,,,,0,,,,,,,,,,,,,,,,,,,,35,94,65,183,MelmetalGmax,melmetalgmax,"""","[""pokemon"",""melmetalgmax""],",Giga-Melmetal # 
839,Coalossal-Gmax,Giga-Montecarbo,,,ROCK,FIRE,110,80,120,80,90,30,510,85,Steam Engine,Flame Body,Flash Fire,,,,,,0,,,,,,,,,2,ja,ja,,,1,,ja,,0,,,,,,,,,,,,,0,,,,,,,,,,,,,,,,,,,,31,90,58,174,CoalossalGmax,coalossalgmax,"""","[""pokemon"",""coalossalgmax""],",Giga-Montecarbo # 
861,Grimmsnarl-Gmax,Giga-Olangaar,,,DARK,FAIRY,95,120,65,95,75,60,510,85,Prankster,Frisk,Pickpocket,,,,,,0,,,,,,,,,0,,,,,0,,,,0,,,,,,,,,,,,,1,,,,ja,,,,,,,,,,,,,,,,58,123,112,240,GrimmsnarlGmax,grimmsnarlgmax,"""","[""pokemon"",""grimmsnarlgmax""],",Giga-Olangaar # 
879,Copperajah-Gmax,Giga-Patinaraja,,,STEEL,- -,122,130,69,80,69,30,500,"83,33",Sheer Force,,Heavy Metal,,,,,,0,,,,,,,,,1,ja,,,,0,,,,0,,,,,,,,,,,,,0,,,,,,,,,,,,,,,,,,,,31,90,58,174,CopperajahGmax,copperajahgmax,"""","[""pokemon"",""copperajahgmax""],",Giga-Patinaraja # 
25,Pikachu-Gmax,Giga-Pikachu,,,ELECTRIC,- -,35,55,40,50,50,90,320,"53,33",Static,,Lightning Rod,,,,,,1,ja,,,,,,,,0,,,,,0,,,,1,ja,,,,,,,,,,,,3,ja,,,ja,,,,,,,ja,,,,,,,,,85,156,166,306,PikachuGmax,pikachugmax,"""","[""pokemon"",""pikachugmax""],",Giga-Pikachu # 
869,Alcremie-Gmax,Giga-Pokusan,,,FAIRY,- -,65,60,75,110,121,64,495,"82,5",Sweet Veil,,Aroma Veil,,,,,,0,,,,,,,,,0,,,,,0,,,,1,,ja,,,,,,,,,,,0,,,,,,,,,,,,,,,,,,,,62,127,119,249,AlcremieGmax,alcremiegmax,"""","[""pokemon"",""alcremiegmax""],",Giga-Pokusan # 
143,Snorlax-Gmax,Giga-Relaxo,,,NORMAL,- -,160,110,65,65,110,30,540,90,Immunity,Thick Fat,Gluttony,,,,,,0,,,,,,,,,0,,,,,0,,,,0,,,,,,,,,,,,,0,,,,,,,,,,,,,,,,,,,,31,90,58,174,SnorlaxGmax,snorlaxgmax,"""","[""pokemon"",""snorlaxgmax""],",Giga-Relaxo # 
849,Toxtricity-Gmax,Giga-Riffex,,,ELECTRIC,POISON,75,98,70,114,70,75,502,"83,67",Punk Rock,Plus/Minus,Technician,,,,,,1,ja,,,,,,,,0,,,,,0,,,,0,,,,,,,,,,,,,0,,,,,,,,,,,,,,,,,,,,72,139,139,273,ToxtricityGmax,toxtricitygmax,"""","[""pokemon"",""toxtricitygmax""],",Giga-Riffex # 
844,Sandaconda-Gmax,Giga-Sanaconda,,,GROUND,- -,72,107,125,65,70,71,510,85,Sand Spit,Shed Skin,Sand Veil,,,,,,0,,,,,,,,,1,ja,,,,0,,,,0,,,,,,,,,,,,,0,,,,,,,,,,,,,,,,,,,,68,135,132,265,SandacondaGmax,sandacondagmax,"""","[""pokemon"",""sandacondagmax""],",Giga-Sanaconda # 
842,Appletun-Gmax,Giga-Schlapfel,,,GRASS,DRAGON,110,85,80,100,80,30,485,"80,83",Ripen,Gluttony,Thick Fat,,,,,,0,,,,,,,,,0,,,,,0,,,,1,,ja,,,,,,,,,,,1,,,ja,,,,,,,,,,,,,,,,,31,90,58,174,AppletunGmax,appletungmax,"""","[""pokemon"",""appletungmax""],",Giga-Schlapfel # 
858,Hatterene-Gmax,Giga-Silembrim,,,PSYCHIC,FAIRY,57,90,95,136,103,29,510,85,Healer,Anticipation,Magic Bounce,,,,,,1,,,,,,ja,ja,,0,,,,,0,,,,0,,,,,,,,,,,,,0,,,,,,,,,,,,,,,,,,,,30,89,56,172,HattereneGmax,hatterenegmax,"""","[""pokemon"",""hatterenegmax""],",Giga-Silembrim # 
12,Butterfree-Gmax,Giga-Smettbo,,,BUG,FLYING,60,45,50,90,80,70,395,"65,83",Compound Eyes,,Tinted Lens,,,,,,3,,ja,,ja,,ja,,ja,0,,,,,1,ja,,,2,,,ja,,,,ja,,,,,,0,,,,,,,,,,,,,,,,,,,,67,134,130,262,ButterfreeGmax,butterfreegmax,"""","[""pokemon"",""butterfreegmax""],",Giga-Smettbo # 
9,Blastoise-Gmax,Giga-Turtok,,,WATER,- -,79,83,100,85,105,78,530,"88,33",Torrent,,Rain Dish,,,,,,1,,,ja,,,,,,0,,,,,1,,ja,,0,,,,,,,,,,,,,2,,,,ja,,,,ja,,,,,,,,,,,,74,143,144,280,BlastoiseGmax,blastoisegmax,"""","[""pokemon"",""blastoisegmax""],",Giga-Turtok # 
892,Urshifu-Water-Gmax,Giga-Wulaosu-Fließend,,,FIGHTING,WATER,100,130,100,63,60,97,550,"91,67",Unseen Fist,,,,,,,,1,,ja,,,,,,,0,,,,,0,,,,0,,,,,,,,,,,,,1,,,,,,,,ja,,,,,,,,,,,,91,163,179,322,UrshifuRapidGmax,urshifurapidgmax,"""","[""pokemon"",""urshifurapidgmax""],",Giga-Wulaosu-Fließend # 
892,Urshifu-Dark-Gmax,Giga-Wulaosu-Fokussiert,,,FIGHTING,DARK,100,130,100,63,60,97,550,"91,67",Unseen Fist,,,,,,,,1,,ja,,,,,,,0,,,,,0,,,,0,,,,,,,,,,,,,1,,,ja,,,,,,,,,,,,,,,,,91,163,179,322,UrshifuGmax,urshifugmax,"""","[""pokemon"",""urshifugmax""],",Giga-Wulaosu-Fokussiert # 
203,Girafarig,Girafarig,,,NORMAL,PSYCHIC,70,80,65,90,65,85,455,"75,83",Inner Focus,Early Bird,Sap Sipper,40,1,,,,1,,,,,,ja,ja,,0,,,,,0,,,,1,ja,,,,,,,,,,,,1,,,ja,,,,,,,,,,,,,,,,,81,150,157,295,Girafarig,girafarig,"""","[""pokemon"",""girafarig""],",Girafarig # 
487,Giratina,Giratina,,,GHOST,DRAGON,150,100,120,100,120,90,680,"113,33",Pressure,,Telepathy,BANNED,BANNED,,,,0,,,,,,,,ja,0,,,,,1,ja,,,0,,,,,,,,,,,,,1,,,,,,,,,,ja,,,,,,,,,,85,156,166,306,Giratina,giratina,"""","[""pokemon"",""giratina""],",Giratina # 
487,Giratina-Origin,Giratina-Ursprung,,,GHOST,DRAGON,150,120,100,120,100,90,680,"113,33",Levitate,,,BANNED,BANNED,,,,0,,,,,,,,ja,0,,,,,1,ja,,,0,,,,,,,,,,,,,1,,,,,,,,,,ja,,,,,,,,,,85,156,166,306,GiratinaOrigin,giratinaorigin,"""","[""pokemon"",""giratinaorigin""],",Giratina-Ursprung # 
624,Pawniard,Gladiantri,,,DARK,STEEL,45,85,70,40,40,60,340,"56,67",Defiant,Inner Focus,Pressure,40,1,,,,0,,,,,,,,,1,ja,,,,0,,,,0,,,,,,,,,,,,,1,,,ja,,,,,,,,,,,,,,,,,58,123,112,240,Pawniard,pawniard,"""","[""pokemon"",""pawniard""],",Gladiantri # 
471,Glaceon,Glaziola,,,ICE,- -,65,60,110,130,95,65,525,"87,5",Snow Cloak,,Ice Body,40,1,,,,1,,,,,,ja,,,0,,,,,0,,,,1,ja,,,,,,,,,,,,2,,,,,,,,,ja,,ja,,,,,,,,,63,128,121,251,Glaceon,glaceon,"""","[""pokemon"",""glaceon""],",Glaziola # 
453,Croagunk,Glibunkel,,,POISON,FIGHTING,48,61,40,61,40,50,300,50,Anticipation,Dry Skin,Poison Touch,40,1,,,,1,,,,,,ja,,,0,,,,,0,,,,0,,,,,,,,,,,,,4,,,ja,ja,,,ja,,,,,,,ja,,,,,,49,112,94,218,Croagunk,croagunk,"""","[""pokemon"",""croagunk""],",Glibunkel # 
4,Charmander,Glumanda,,,FIRE,- -,39,52,43,60,50,65,309,"51,5",Blaze,,Solar Power,40,1,,,,0,,,,,,,,,0,,,,,0,,,,0,,,,,,,,,,,,,1,,,,,,,,,,,ja,,,,,,,,,63,128,121,251,Charmander,charmander,"""","[""pokemon"",""charmander""],",Glumanda # 
6,Charizard,Glurak,,,FIRE,FLYING,78,84,78,109,85,100,534,89,Blaze,,Solar Power,40,3,,,,0,,,,,,,,ja,0,,,,,1,ja,,,1,,,ja,,,,,,,,,,1,,,,,,,,,,,ja,,,,,,,,,94,167,184,328,Charizard,charizard,"""","[""pokemon"",""charizard""],",Glurak # 
5,Charmeleon,Glutexo,,,FIRE,- -,58,64,58,80,65,80,405,"67,5",Blaze,,Solar Power,40,1,,,,0,,,,,,,,,0,,,,,0,,,,0,,,,,,,,,,,,,1,,,,,,,,,,,ja,,,,,,,,,76,145,148,284,Charmeleon,charmeleon,"""","[""pokemon"",""charmeleon""],",Glutexo # 
42,Golbat,Golbat,,,POISON,FLYING,75,80,70,65,75,90,455,"75,83",Inner Focus,,Infiltrator,40,6,,,,1,,ja,,,,,,ja,0,,,,,1,ja,,,1,,,ja,,,,,,,,,,1,,,,,,,,,,,ja,,,,,,,,,85,156,166,306,Golbat,golbat,"""","[""pokemon"",""golbat""],",Golbat # 
622,Golett,Golbit,,,GROUND,GHOST,59,74,50,35,50,35,303,"50,5",Iron Fist,Klutz,No Guard,40,1,,,,0,,,,,,,,,1,ja,,,,0,,,,0,,,,,,,,,,,,,0,,,,,,,,,,,,,,,,,,,,36,95,67,185,Golett,golett,"""","[""pokemon"",""golett""],",Golbit # 
118,Goldeen,Goldini,,,WATER,- -,45,67,60,35,50,63,320,"53,33",Swift Swim,Water Veil,Lightning Rod,40,1,,,,1,,,ja,,,,,,0,,,,,0,,,,0,,,,,,,,,,,,,1,,,,,,,,,,,ja,,,,,,,,,61,126,117,247,Goldeen,goldeen,"""","[""pokemon"",""goldeen""],",Goldini # 
623,Golurk,Golgantes,,,GROUND,GHOST,89,124,80,55,80,55,483,"80,5",Iron Fist,Klutz,No Guard,40,5,,,,0,,,,,,,,,1,ja,,,,0,,,,0,,,,,,,,,,,,,0,,,,,,,,,,,,,,,,,,,,54,117,103,229,Golurk,golurk,"""","[""pokemon"",""golurk""],",Golgantes # 
119,Seaking,Golking,,,WATER,- -,80,92,65,65,80,68,450,75,Swift Swim,Water Veil,Lightning Rod,40,1,,,,1,,,ja,,,,,,0,,,,,0,,,,0,,,,,,,,,,,,,1,,,,,,,,,,,ja,,,,,,,,,65,132,126,258,Seaking,seaking,"""","[""pokemon"",""seaking""],",Golking # 
864,Cursola,Gorgasonn,,,GHOST,- -,60,95,50,145,130,30,510,85,Weak Armor,,Perish Body,,,,,,0,,,,,,,,,1,ja,,,,0,,,,0,,,,,,,,,,,,,0,,,,,,,,,,,,,,,,,,,,31,90,58,174,Cursola,cursola,"""","[""pokemon"",""cursola""],",Gorgasonn # 
812,Rillaboom,Gortrom,,,GRASS,- -,100,125,90,60,70,85,530,"88,33",Overgrow,,Grassy Surge,,,,,,1,,ja,,,,,,,0,,,,,0,,,,0,,,,,,,,,,,,,2,,,,ja,,,,,,,,ja,,,,,,,,81,150,157,295,Rillaboom,rillaboom,"""","[""pokemon"",""rillaboom""],",Gortrom # 
679,Honedge,Gramokles,,,STEEL,GHOST,45,80,100,35,37,28,325,"54,17",No Guard,,,40,1,,,,0,,,,,,,,,0,,,,,0,,,,0,,,,,,,,,,,,,1,,,,,,,,,,ja,,,,,,,,,,29,88,54,170,Honedge,honedge,"""","[""pokemon"",""honedge""],",Gramokles # 
210,Granbull,Granbull,,,FAIRY,- -,90,120,75,60,60,45,450,75,Intimidate,Quick Feet,Rattled,60,5,,,,0,,,,,,,,,0,,,,,0,,,,0,,,,,,,,,,,,,0,,,,,,,,,,,,,,,,,,,,45,106,85,207,Granbull,granbull,"""","[""pokemon"",""granbull""],",Granbull # 
784,Kommo-o,Grandiras,,,DRAGON,FIGHTING,75,110,125,100,105,85,600,100,Bulletproof,Soundproof,Overcoat,120,12,,,,0,,,,,,,,,1,ja,,,,0,,,,0,,,,,,,,,,,,,0,,,,,,,,,,,,,,,,,,,,81,150,157,295,Kommoo,kommoo,"""","[""pokemon"",""kommoo""],",Grandiras # 
660,Diggersby,Grebbit,,,NORMAL,GROUND,85,56,77,50,77,78,423,"70,5",Pickup,Cheek Pouch,Huge Power,120,13,,,,1,,ja,,,,,,,1,,ja,,,0,,,,0,,,,,,,,,,,,,1,,,,,,,,,,,ja,,,,,,,,,74,143,144,280,Diggersby,diggersby,"""","[""pokemon"",""diggersby""],",Grebbit # 
190,Aipom,Griffel,,,NORMAL,- -,55,70,55,40,55,85,360,60,Run Away,Pickup,Skill Link,40,1,,,,2,,ja,,,,ja,,,0,,,,,0,,,,0,,,,,,,,,,,,,1,,,,ja,,,,,,,,,,,,,,,,81,150,157,295,Aipom,aipom,"""","[""pokemon"",""aipom""],",Griffel # 
514,Simisear,Grillchita,,,FIRE,- -,75,98,63,98,63,101,498,83,Gluttony,,Blaze,40,3,,,,0,,,,,,,,,0,,,,,0,,,,0,,,,,,,,,,,,,0,,,,,,,,,,,,,,,,,,,,95,168,186,331,Simisear,simisear,"""","[""pokemon"",""simisear""],",Grillchita # 
513,Pansear,Grillmak,,,FIRE,- -,50,53,48,53,48,64,316,"52,67",Gluttony,,Blaze,40,1,,,,0,,,,,,,,,0,,,,,0,,,,0,,,,,,,,,,,,,0,,,,,,,,,,,,,,,,,,,,62,127,119,249,Pansear,pansear,"""","[""pokemon"",""pansear""],",Grillmak # 
326,Grumpig,Groink,,,PSYCHIC,- -,80,45,65,90,110,80,470,"78,33",Thick Fat,Own Tempo,Gluttony,40,3,,,,0,,,,,,,ja,,0,,,,,0,,,,0,,,,,,,,,,,,,0,,,,,,,,,,,,,,,,,,,,76,145,148,284,Grumpig,grumpig,"""","[""pokemon"",""grumpig""],",Groink # 
885,Dreepy,Grolldra,,,GHOST,DRAGON,28,60,30,40,30,82,270,45,Clear Body,Infiltrator,Cursed Body,,,,,,1,,,,,,ja,,,0,,,,,0,,,,0,,,,,,,,,,,,,2,,,ja,,,,,,,,ja,,,,,,,,,78,147,152,289,Dreepy,dreepy,"""","[""pokemon"",""dreepy""],",Grolldra # 
383,Groudon,Groudon,,,GROUND,- -,100,150,140,100,90,90,670,"111,67",Drought,,,BANNED,BANNED,,,,0,,,,,,,,,1,ja,,,,0,,,,0,,,,,,,,,,,,,0,,,,,,,,,,,,,,,,,,,,85,156,166,306,Groudon,groudon,"""","[""pokemon"",""groudon""],",Groudon # 
630,Mandibuzz,Grypheldis,,,DARK,FLYING,110,65,105,55,95,80,510,85,Big Pecks,Overcoat,Weak Armor,120,11,,,,1,,ja,,,,,,ja,0,,,,,1,ja,,,1,,,ja,,,,,,,,,,0,,,,,,,,,,,,,,,,,,,,76,145,148,284,Mandibuzz,mandibuzz,"""","[""pokemon"",""mandibuzz""],",Grypheldis # 
282,Gardevoir,Guardevoir,,,PSYCHIC,FAIRY,68,65,65,125,115,80,518,"86,33",Synchronize,Trace,Telepathy,100,10,,,,1,,,,ja,,,ja,,0,,,,,0,,,,1,ja,,,,,,,,,,,,1,,,,,,,,,,ja,,,,,,,,,,76,145,148,284,Gardevoir,gardevoir,"""","[""pokemon"",""gardevoir""],",Guardevoir # 
771,Pyukumuku,Gufa,,,WATER,- -,55,60,130,30,130,5,410,"68,33",Innards Out,,Unaware,60,5,,,,1,,,,,,ja,,,0,,,,,0,,,,1,,ja,,,,,,,,,,,0,,,,,,,,,,,,,,,,,,,,9,62,13,119,Pyukumuku,pyukumuku,"""","[""pokemon"",""pyukumuku""],",Gufa # 
21,Spearow,Habitak,,,NORMAL,FLYING,40,60,30,31,31,70,262,"43,67",Keen Eye,,Sniper,40,1,,,,2,,ja,,,,ja,,ja,0,,,,,1,ja,,,1,,,ja,,,,,,,,,,1,,,,,,,,,,,ja,,,,,,,,,67,134,130,262,Spearow,spearow,"""","[""pokemon"",""spearow""],",Habitak # 
297,Hariyama,Hariyama,,,FIGHTING,- -,144,120,60,40,60,50,474,79,Thick Fat,Guts,Sheer Force,60,7,,,,0,,,,,,,,,0,,,,,0,,,,0,,,,,,,,,,,,,3,,,,ja,,,ja,,,,,,,ja,,,,,,49,112,94,218,Hariyama,hariyama,"""","[""pokemon"",""hariyama""],",Hariyama # 
427,Buneary,Haspiror,,,NORMAL,- -,55,66,44,44,56,85,350,"58,33",Run Away,Klutz,Limber,40,1,,,,1,,,,,,ja,,,0,,,,,0,,,,0,,,,,,,,,,,,,2,,,,ja,,,,,,,ja,,,,,,,,,81,150,157,295,Buneary,buneary,"""","[""pokemon"",""buneary""],",Haspiror # 
485,Heatran,Heatran,,,FIRE,STEEL,91,90,106,130,106,77,600,100,Flash Fire,,Flame Body,180,14,,,,0,,,,,,,,,1,ja,,,,0,,,,0,,,,,,,,,,,,,0,,,,,,,,,,,,,,,,,,,,73,141,143,278,Heatran,heatran,"""","[""pokemon"",""heatran""],",Heatran # 
242,Blissey,Heiteira,,,NORMAL,- -,255,10,10,75,135,55,540,90,Natural Cure,Serene Grace,Healer,120,10,,,,1,,,,ja,,,,,1,ja,,,,0,,,,2,ja,,,,,,,,,,,ja,0,,,,,,,,,,,,,,,,,,,,54,117,103,229,Blissey,blissey,"""","[""pokemon"",""blissey""],",Heiteira # 
449,Hippopotas,Hippopotas,,,GROUND,- -,68,72,78,38,42,32,330,55,Sand Stream,,Sand Force,40,1,,,,0,,,,,,,,,1,ja,,,,0,,,,1,,,,,ja,,,,,,,,0,,,,,,,,,,,,,,,,,,,,33,92,62,179,Hippopotas,hippopotas,"""","[""pokemon"",""hippopotas""],",Hippopotas # 
450,Hippowdon,Hippoterus,,,GROUND,- -,108,112,118,68,72,47,525,"87,5",Sand Stream,,Sand Force,120,13,,,,0,,,,,,,,,1,ja,,,,0,,,,1,,,,,ja,,,,,,,,0,,,,,,,,,,,,,,,,,,,,46,108,89,212,Hippowdon,hippowdon,"""","[""pokemon"",""hippowdon""],",Hippoterus # 
250,Ho-Oh,Ho-oh,,,FIRE,FLYING,106,130,90,110,154,90,680,"113,33",Pressure,,Regenerator,BANNED,BANNED,,,,0,,,,,,,,ja,0,,,,,1,ja,,,2,,ja,ja,,,,,,,,,,0,,,,,,,,,,,,,,,,,,,,85,156,166,306,HoOh,hooh,"""","[""pokemon"",""hooh""],",Ho-oh # 
868,Milcery,Hokumil,,,FAIRY,- -,45,40,40,50,61,34,270,45,Sweet Veil,,Aroma Veil,,,,,,0,,,,,,,,,0,,,,,0,,,,1,,ja,,,,,,,,,,,0,,,,,,,,,,,,,,,,,,,,35,94,65,183,Milcery,milcery,"""","[""pokemon"",""milcery""],",Hokumil # 
416,Vespiquen,Honweisel,,,BUG,FLYING,70,80,102,80,102,40,474,79,Pressure,,Unnerve,40,1,,,,1,,ja,,,,,,ja,1,,,ja,,1,ja,,,2,,,ja,,,,,,ja,,,,0,,,,,,,,,,,,,,,,,,,,40,101,76,196,Vespiquen,vespiquen,"""","[""pokemon"",""vespiquen""],",Honweisel # 
720,Hoopa,Hoopa,,,PSYCHIC,GHOST,80,110,60,150,130,70,600,100,Magician,,,100,8,,,,0,,,,,,,ja,,0,,,,,0,,,,0,,,,,,,,,,,,,0,,,,,,,,,,,,,,,,,,,,67,134,130,262,Hoopa,hoopa,"""","[""pokemon"",""hoopa""],",Hoopa # 
720,Hoopa-Unbound,Hoopa-Entfesselt,,,PSYCHIC,DARK,80,160,60,170,130,80,680,"113,33",Magician,,,180,15,,,,0,,,,,,,ja,,0,,,,,0,,,,0,,,,,,,,,,,,,0,,,,,,,,,,,,,,,,,,,,76,145,148,284,HoopaUnbound,hoopaunbound,"""","[""pokemon"",""hoopaunbound""],",Hoopa-Entfesselt # 
163,Hoothoot,Hoothoot,,,NORMAL,FLYING,60,30,30,36,56,50,262,"43,67",Insomnia,Keen Eye,Tinted Lens,40,1,,,,0,,,,,,,,ja,0,,,,,1,ja,,,1,,,ja,,,,,,,,,,0,,,,,,,,,,,,,,,,,,,,49,112,94,218,Hoothoot,hoothoot,"""","[""pokemon"",""hoothoot""],",Hoothoot # 
813,Scorbunny,Hopplo,,,FIRE,- -,50,71,40,40,40,69,310,"51,67",Blaze,,Libero,,,,,,2,,ja,,,,ja,,,0,,,,,0,,,,0,,,,,,,,,,,,,2,,,ja,,,,,,,,ja,,,,,,,,,66,133,128,260,Scorbunny,scorbunny,"""","[""pokemon"",""scorbunny""],",Hopplo # 
187,Hoppip,Hoppspross,,,GRASS,FLYING,35,35,40,35,55,50,250,"41,67",Chlorophyll,Leaf Guard,Infiltrator,40,1,,,,1,,ja,,,,,,,0,,,,,0,,,,1,,,,ja,,,,,,,,,0,,,,,,,,,,,,,,,,,,,,49,112,94,218,Hoppip,hoppip,"""","[""pokemon"",""hoppip""],",Hoppspross # 
13,Weedle,Hornliu,,,BUG,POISON,40,35,30,20,20,50,195,"32,5",Shield Dust,,Run Away,40,1,,,,0,,,,,,,,,0,,,,,0,,,,0,,,,,,,,,,,,,0,,,,,,,,,,,,,,,,,,,,49,112,94,218,Weedle,weedle,"""","[""pokemon"",""weedle""],",Hornliu # 
188,Skiploom,Hubelupf,,,GRASS,FLYING,55,45,50,45,65,80,340,"56,67",Chlorophyll,Leaf Guard,Infiltrator,40,1,,,,1,,ja,,,,,,,0,,,,,0,,,,1,,,,ja,,,,,,,,,0,,,,,,,,,,,,,,,,,,,,76,145,148,284,Skiploom,skiploom,"""","[""pokemon"",""skiploom""],",Hubelupf # 
874,Stonjourner,Humanolith,,,ROCK,- -,100,125,135,20,20,70,470,"78,33",Power Spot,,,,,,,,0,,,,,,,,,1,ja,,,,0,,,,0,,,,,,,,,,,,,0,,,,,,,,,,,,,,,,,,,,67,134,130,262,Stonjourner,stonjourner,"""","[""pokemon"",""stonjourner""],",Humanolith # 
229,Houndoom,Hundemon,,,DARK,FIRE,75,90,50,110,80,95,500,"83,33",Early Bird,Flash Fire,Unnerve,60,4,,,,0,,,,,,,,,0,,,,,0,,,,0,,,,,,,,,,,,,1,,,ja,,,,,,,,,,,,,,,,,90,161,175,317,Houndoom,houndoom,"""","[""pokemon"",""houndoom""],",Hundemon # 
228,Houndour,Hunduster,,,DARK,FIRE,45,60,30,80,50,65,330,55,Early Bird,Flash Fire,Unnerve,40,1,,,,0,,,,,,,,,0,,,,,0,,,,0,,,,,,,,,,,,,1,,,ja,,,,,,,,,,,,,,,,,63,128,121,251,Houndour,houndour,"""","[""pokemon"",""houndour""],",Hunduster # 
591,Amoonguss,Hutsassa,,,GRASS,POISON,114,85,70,85,80,30,464,"77,33",Effect Spore,,Regenerator,120,11,,,,0,,,,,,,,,0,,,,,0,,,,1,,,,ja,,,,,,,,,0,,,,,,,,,,,,,,,,,,,,31,90,58,174,Amoonguss,amoonguss,"""","[""pokemon"",""amoonguss""],",Hutsassa # 
617,Accelgor,Hydragil,,,BUG,- -,80,70,40,100,60,145,495,"82,5",Hydration,Sticky Hold,Unburden,60,9,,,,2,,ja,,,,ja,,,2,,ja,ja,,0,,,,1,,ja,,,,,,,,,,,2,,,,,,,,,,,ja,,ja,,,,,,,135,216,265,427,Accelgor,accelgor,"""","[""pokemon"",""accelgor""],",Hydragil # 
258,Mudkip,Hydropi,,,WATER,- -,50,70,50,50,50,40,310,"51,67",Torrent,,Damp,40,1,,,,0,,,,,,,,,0,,,,,0,,,,0,,,,,,,,,,,,,0,,,,,,,,,,,,,,,,,,,,40,101,76,196,Mudkip,mudkip,"""","[""pokemon"",""mudkip""],",Hydropi # 
97,Hypno,Hypno,,,PSYCHIC,- -,85,73,70,73,115,67,483,"80,5",Insomnia,Forewarn,Inner Focus,40,1,,,,2,,,,ja,,ja,,,0,,,,,0,,,,1,ja,,,,,,,,,,,,0,,,,,,,,,,,,,,,,,,,,64,130,125,256,Hypno,hypno,"""","[""pokemon"",""hypno""],",Hypno # 
575,Gothorita,Hypnomorba,,,PSYCHIC,- -,60,45,70,75,85,55,390,65,Frisk,Competitive,Shadow Tag,40,1,,,,0,,,,,,,ja,,0,,,,,0,,,,0,,,,,,,,,,,,,1,,,,ja,,,,,,,,,,,,,,,,54,117,103,229,Gothorita,gothorita,"""","[""pokemon"",""gothorita""],",Hypnomorba # 
22,Fearow,Ibitak,,,NORMAL,FLYING,65,90,65,61,61,100,442,"73,67",Keen Eye,,Sniper,40,1,,,,2,,ja,,,,ja,,ja,0,,,,,1,ja,,,1,,,ja,,,,,,,,,,1,,,,,,,,,,,ja,,,,,,,,,94,167,184,328,Fearow,fearow,"""","[""pokemon"",""fearow""],",Ibitak # 
201,Unown,Icognito,,,PSYCHIC,- -,48,72,48,72,48,48,336,56,Levitate,,,40,1,,,,0,,,,,,,,,0,,,,,0,,,,0,,,,,,,,,,,,,0,,,,,,,,,,,,,,,,,,,,47,110,90,214,Unown,unown,"""","[""pokemon"",""unown""],",Icognito # 
650,Chespin,Igamaro,,,GRASS,- -,56,61,65,48,45,38,313,"52,17",Overgrow,,Bulletproof,40,1,,,,0,,,,,,,,,1,,ja,,,0,,,,1,,,,ja,,,,,,,,,0,,,,,,,,,,,,,,,,,,,,38,99,72,192,Chespin,chespin,"""","[""pokemon"",""chespin""],",Igamaro # 
651,Quilladin,Igastarnish,,,GRASS,- -,61,78,95,56,58,57,405,"67,5",Overgrow,,Bulletproof,40,1,,,,0,,,,,,,,,1,,ja,,,0,,,,1,,,,ja,,,,,,,,,0,,,,,,,,,,,,,,,,,,,,55,119,107,234,Quilladin,quilladin,"""","[""pokemon"",""quilladin""],",Igastarnish # 
156,Quilava,Igelavar,,,FIRE,- -,58,64,58,80,65,80,405,"67,5",Blaze,,Flash Fire,40,1,,,,0,,,,,,,,,0,,,,,0,,,,0,,,,,,,,,,,,,1,,,,,,,,,,,ja,,,,,,,,,76,145,148,284,Quilava,quilava,"""","[""pokemon"",""quilava""],",Igelavar # 
636,Larvesta,Ignivor,,,BUG,FIRE,55,85,55,50,55,60,360,60,Flame Body,,Swarm,40,1,,,,1,,ja,,,,,,,0,,,,,0,,,,1,,,,,,,ja,,,,,,0,,,,,,,,,,,,,,,,,,,,58,123,112,240,Larvesta,larvesta,"""","[""pokemon"",""larvesta""],",Ignivor # 
169,Crobat,Iksbat,,,POISON,FLYING,85,90,80,70,80,130,535,"89,17",Inner Focus,,Infiltrator,100,12,,,,1,,ja,,,,,,ja,0,,,,,1,ja,,,1,,,ja,,,,,,,,,,1,,,,,,,,,,,ja,,,,,,,,,121,200,238,394,Crobat,crobat,"""","[""pokemon"",""crobat""],",Iksbat # 
314,Illumise,Illumise,,,BUG,- -,65,47,75,73,85,85,430,"71,67",Oblivious,Tinted Lens,Prankster,40,1,,,,2,,ja,,,,ja,,ja,0,,,,,1,ja,,,3,ja,,ja,,,ja,,,,,,,1,,,,,,,,,,,ja,,,,,,,,,81,150,157,295,Illumise,illumise,"""","[""pokemon"",""illumise""],",Illumise # 
753,Fomantis,Imantis,,,GRASS,- -,40,55,35,50,35,35,250,"41,67",Leaf Guard,,Contrary,40,1,,,,0,,,,,,,,,0,,,,,1,ja,,,1,,,,ja,,,,,,,,,0,,,,,,,,,,,,,,,,,,,,36,95,67,185,Fomantis,fomantis,"""","[""pokemon"",""fomantis""],",Imantis # 
160,Feraligatr,Impergator,,,WATER,- -,85,105,100,79,83,78,530,"88,33",Torrent,,Sheer Force,120,11,,,,0,,,,,,,,,0,,,,,0,,,,0,,,,,,,,,,,,,1,,,,,,,,ja,,,,,,,,,,,,74,143,144,280,Feraligatr,feraligatr,"""","[""pokemon"",""feraligatr""],",Impergator # 
395,Empoleon,Impoleon,,,WATER,STEEL,84,86,88,111,101,60,530,"88,33",Torrent,,Defiant,100,9,,,,0,,,,,,,,,1,ja,,,,1,ja,,,0,,,,,,,,,,,,,1,,,,,,,,ja,,,,,,,,,,,,58,123,112,240,Empoleon,empoleon,"""","[""pokemon"",""empoleon""],",Impoleon # 
851,Centiskorch,Infernopod,,,FIRE,BUG,100,115,65,90,90,65,525,"87,5",Flash Fire,White Smoke,Flame Body,,,,,,0,,,,,,,,,0,,,,,0,,,,0,,,,,,,,,,,,,0,,,,,,,,,,,,,,,,,,,,63,128,121,251,Centiskorch,centiskorch,"""","[""pokemon"",""centiskorch""],",Infernopod # 
818,Inteleon,Intelleon,,,WATER,- -,70,85,65,125,65,120,530,"88,33",Torrent,,Sniper,,,,,,2,,ja,,,,ja,,,0,,,,,0,,,,0,,,,,,,,,,,,,3,,,ja,,,,,ja,ja,,,,,,,,,,,112,189,220,372,Inteleon,inteleon,"""","[""pokemon"",""inteleon""],",Intelleon # 
560,Scrafty,Irokex,,,DARK,FIGHTING,65,90,115,45,115,58,488,"81,33",Shed Skin,Moxie,Intimidate,60,7,,,,0,,,,,,,,,0,,,,,0,,,,0,,,,,,,,,,,,,1,,,,ja,,,,,,,,,,,,,,,,56,121,108,236,Scrafty,scrafty,"""","[""pokemon"",""scrafty""],",Irokex # 
710,Pumpkaboo,Irrbis,,,GHOST,GRASS,49,66,70,44,55,51,335,"55,83",Pickup,Frisk,Insomnia,40,1,,,,0,,,,,,,ja,,0,,,,,0,,,,1,,,,ja,,,,,,,,,1,,,,,,,,,,ja,,,,,,,,,,50,113,96,221,Pumpkaboo,pumpkaboo,"""","[""pokemon"",""pumpkaboo""],",Irrbis # 
710,Pumpkaboo-Large,Irrbiss-Groß,,,GHOST,GRASS,54,66,70,44,55,46,335,"55,83",Pickup,Frisk,Insomnia,BANNED,BANNED,,,,0,,,,,,,ja,,0,,,,,0,,,,1,,,,ja,,,,,,,,,1,,,,,,,,,,ja,,,,,,,,,,45,107,87,210,PumpkabooLarge,pumpkaboolarge,"""","[""pokemon"",""pumpkaboolarge""],",Irrbiss-Groß # 
710,Pumpkaboo-Small,Irrbiss-Klein,,,GHOST,GRASS,44,66,70,44,55,56,335,"55,83",Pickup,Frisk,Insomnia,BANNED,BANNED,,,,0,,,,,,,ja,,0,,,,,0,,,,1,,,,ja,,,,,,,,,1,,,,,,,,,,ja,,,,,,,,,,54,118,105,232,PumpkabooSmall,pumpkaboosmall,"""","[""pokemon"",""pumpkaboosmall""],",Irrbiss-Klein # 
710,Pumpkaboo-Super,Irrbiss-Super,,,GHOST,GRASS,59,66,70,44,55,41,335,"55,83",Pickup,Frisk,Insomnia,BANNED,BANNED,,,,0,,,,,,,ja,,0,,,,,0,,,,1,,,,ja,,,,,,,,,1,,,,,,,,,,ja,,,,,,,,,,41,102,78,199,PumpkabooSuper,pumpkaboosuper,"""","[""pokemon"",""pumpkaboosuper""],",Irrbiss-Super # 
686,Inkay,Iscalar,,,DARK,PSYCHIC,53,54,53,37,46,45,288,48,Contrary,Suction Cups,Infiltrator,40,1,,,,1,,,,,,ja,ja,,0,,,,,0,,,,0,,,,,,,,,,,,,0,,,,,,,,,,,,,,,,,,,,45,106,85,207,Inkay,inkay,"""","[""pokemon"",""inkay""],",Iscalar # 
360,Wynaut,Isso,,,PSYCHIC,- -,95,23,48,23,48,23,260,"43,33",Shadow Tag,,Telepathy,40,1,,,,0,,,,,,,,,0,,,,,0,,,,0,,,,,,,,,,,,,0,,,,,,,,,,,,,,,,,,,,25,82,45,159,Wynaut,wynaut,"""","[""pokemon"",""wynaut""],",Isso # 
385,Jirachi,Jirachi,,,STEEL,PSYCHIC,100,100,100,100,100,100,600,100,Serene Grace,,,180,16,,,,2,,ja,,,,ja,,,1,ja,,,,0,,,,1,ja,,,,,,,,,,,,0,,,,,,,,,,,,,,,,,,,,94,167,184,328,Jirachi,jirachi,"""","[""pokemon"",""jirachi""],",Jirachi # 
538,Throh,Jiutesto,,,FIGHTING,- -,120,100,85,30,85,45,465,"77,5",Guts,Inner Focus,Mold Breaker,40,3,,,,0,,,,,,,,,0,,,,,0,,,,0,,,,,,,,,,,,,0,,,,,,,,,,,,,,,,,,,,45,106,85,207,Throh,throh,"""","[""pokemon"",""throh""],",Jiutesto # 
87,Dewgong,Jugong,,,WATER,ICE,90,70,80,70,95,70,475,"79,17",Thick Fat,Hydration,Ice Body,40,1,,,,0,,,,,,,,,0,,,,,0,,,,0,,,,,,,,,,,,,3,,,,ja,,,,ja,ja,,,,,,,,,,,67,134,130,262,Dewgong,dewgong,"""","[""pokemon"",""dewgong""],",Jugong # 
256,Combusken,Jungglut,,,FIRE,FIGHTING,60,85,60,85,60,55,405,"67,5",Blaze,,Speed Boost,40,3,,,,1,,,,,,ja,,,0,,,,,1,ja,,,0,,,,,,,,,,,,,2,,,,,,,,,,,ja,,,ja,,,,,,54,117,103,229,Combusken,combusken,"""","[""pokemon"",""combusken""],",Jungglut # 
86,Seel,Jurob,,,WATER,- -,65,45,55,45,70,45,325,"54,17",Thick Fat,Hydration,Ice Body,40,1,,,,0,,,,,,,,,0,,,,,0,,,,0,,,,,,,,,,,,,3,,,,ja,,,,ja,ja,,,,,,,,,,,45,106,85,207,Seel,seel,"""","[""pokemon"",""seel""],",Jurob # 
140,Kabuto,Kabuto,,,ROCK,WATER,30,80,90,55,45,55,355,"59,17",Swift Swim,Battle Armor,Weak Armor,40,1,,,,0,,,,,,,,,1,ja,,,,1,,ja,,0,,,,,,,,,,,,,1,,,,,,,,ja,,,,,,,,,,,,54,117,103,229,Kabuto,kabuto,"""","[""pokemon"",""kabuto""],",Kabuto # 
141,Kabutops,Kabutops,,,ROCK,WATER,60,115,105,65,70,80,495,"82,5",Swift Swim,Battle Armor,Weak Armor,60,6,,,,1,,,ja,,,,,,1,ja,,,,1,,ja,,0,,,,,,,,,,,,,1,,,,,,,,ja,,,,,,,,,,,,76,145,148,284,Kabutops,kabutops,"""","[""pokemon"",""kabutops""],",Kabutops # 
64,Kadabra,Kadabra,,,PSYCHIC,- -,40,35,30,120,70,105,400,"66,67",Synchronize,Inner Focus,Magic Guard,40,3,,,,1,,,,ja,,,ja,,0,,,,,0,,,,1,,ja,,,,,,,,,,,0,,,,,,,,,,,,,,,,,,,,99,172,193,339,Kadabra,kadabra,"""","[""pokemon"",""kadabra""],",Kadabra # 
797,Celesteela,Kaguron,,,STEEL,FLYING,97,101,103,107,101,61,570,95,Beast Boost,,,180,17,,,,0,,,,,,,,,0,,,,,0,,,,0,,,,,,,,,,,,,0,,,,,,,,,,,,,,,,,,,,59,124,114,243,Celesteela,celesteela,"""","[""pokemon"",""celesteela""],",Kaguron # 
834,Drednaw,Kamalm,,,WATER,ROCK,90,115,90,48,68,74,485,"80,83",Strong Jaw,Shell Armor,Swift Swim,,,,,,0,,,,,,,,,1,ja,,,,0,,,,0,,,,,,,,,,,,,0,,,,,,,,,,,,,,,,,,,,71,138,137,271,Drednaw,drednaw,"""","[""pokemon"",""drednaw""],",Kamalm # 
833,Chewtle,Kamehaps,,,WATER,- -,50,64,50,38,38,44,284,"47,33",Strong Jaw,Shell Armor,Swift Swim,,,,,,0,,,,,,,,,0,,,,,0,,,,0,,,,,,,,,,,,,0,,,,,,,,,,,,,,,,,,,,44,105,83,205,Chewtle,chewtle,"""","[""pokemon"",""chewtle""],",Kamehaps # 
115,Kangaskhan,Kangama,,,NORMAL,- -,105,95,80,40,80,90,490,"81,67",Early Bird,Scrappy,Inner Focus,40,4,,,,0,,,,,,,,,0,,,,,0,,,,1,ja,,,,,,,,,,,,2,,,ja,ja,,,,,,,,,,,,,,,,85,156,166,306,Kangaskhan,kangaskhan,"""","[""pokemon"",""kangaskhan""],",Kangama # 
318,Carvanha,Kanivanha,,,WATER,DARK,45,90,20,65,20,65,305,"50,83",Rough Skin,,Speed Boost,40,1,,,,1,,,ja,,,,,,0,,,,,0,,,,0,,,,,,,,,,,,,1,,,,,,,,ja,,,,,,,,,,,,63,128,121,251,Carvanha,carvanha,"""","[""pokemon"",""carvanha""],",Kanivanha # 
853,Grapploct,Kaocto,,,FIGHTING,- -,80,118,90,70,80,42,480,80,Limber,,Technician,,,,,,0,,,,,,,,,0,,,,,0,,,,0,,,,,,,,,,,,,1,,,ja,,,,,,,,,,,,,,,,,42,103,80,201,Grapploct,grapploct,"""","[""pokemon"",""grapploct""],",Kaocto # 
286,Breloom,Kapilz,,,GRASS,FIGHTING,60,130,80,60,60,70,460,"76,67",Effect Spore,Poison Heal,Technician,120,11,,,,0,,,,,,,,,0,,,,,0,,,,1,,,,ja,,,,,,,,,2,,,,,,ja,,,,,,,,ja,,,,,,67,134,130,262,Breloom,breloom,"""","[""pokemon"",""breloom""],",Kapilz # 
237,Hitmontop,Kapoera,,,FIGHTING,- -,50,95,95,35,110,70,455,"75,83",Intimidate,Technician,Steadfast,60,6,,,,0,,,,,,,,,0,,,,,1,,ja,,0,,,,,,,,,,,,,6,,,ja,ja,,ja,ja,,,,ja,,,ja,,,,,,67,134,130,262,Hitmontop,hitmontop,"""","[""pokemon"",""hitmontop""],",Kapoera # 
272,Ludicolo,Kappalores,,,WATER,GRASS,80,70,70,90,100,70,480,80,Swift Swim,Rain Dish,Own Tempo,60,5,,,,0,,,,,,,,,0,,,,,0,,,,1,,,,ja,,,,,,,,,1,,,,ja,,,,,,,,,,,,,,,,67,134,130,262,Ludicolo,ludicolo,"""","[""pokemon"",""ludicolo""],",Kappalores # 
786,Tapu Lele,Kapu-Fala,,,PSYCHIC,FAIRY,70,85,75,130,115,95,570,95,Psychic Surge,,Telepathy,BANNED,17,,,,0,,,,,,,,,0,,,,,0,,,,0,,,,,,,,,,,,,0,,,,,,,,,,,,,,,,,,,,90,161,175,317,TapuLele,tapulele,"""","[""pokemon"",""tapulele""],",Kapu-Fala # 
788,Tapu Fini,Kapu-Kime,,,WATER,FAIRY,70,75,115,95,130,85,570,95,Misty Surge,,Telepathy,120,15,,,,0,,,,,,,,,0,,,,,1,ja,,,0,,,,,,,,,,,,,0,,,,,,,,,,,,,,,,,,,,81,150,157,295,TapuFini,tapufini,"""","[""pokemon"",""tapufini""],",Kapu-Kime # 
785,Tapu Koko,Kapu-Riki,,,ELECTRIC,FAIRY,70,115,85,95,75,130,570,95,Electric Surge,,Telepathy,180,17,,,,2,ja,ja,,,,,,,0,,,,,1,ja,,,1,,,ja,,,,,,,,,,1,,,,,,,,,,,ja,,,,,,,,,121,200,238,394,TapuKoko,tapukoko,"""","[""pokemon"",""tapukoko""],",Kapu-Riki # 
787,Tapu Bulu,Kapu-Toro,,,GRASS,FAIRY,70,130,115,85,95,75,570,95,Grassy Surge,,Telepathy,180,14,,,,0,,,,,,,,,0,,,,,0,,,,1,,,,ja,,,,,,,,,0,,,,,,,,,,,,,,,,,,,,72,139,139,273,TapuBulu,tapubulu,"""","[""pokemon"",""tapubulu""],",Kapu-Toro # 
633,Deino,Kapuno,,,DARK,DRAGON,52,65,50,45,50,38,300,50,Hustle,,,40,1,,,,0,,,,,,,,,0,,,,,0,,,,0,,,,,,,,,,,,,0,,,,,,,,,,,,,,,,,,,,38,99,72,192,Deino,deino,"""","[""pokemon"",""deino""],",Kapuno # 
539,Sawk,Karadonis,,,FIGHTING,- -,75,125,75,30,75,85,465,"77,5",Sturdy,Inner Focus,Mold Breaker,60,6,,,,0,,,,,,,,,0,,,,,0,,,,0,,,,,,,,,,,,,0,,,,,,,,,,,,,,,,,,,,81,150,157,295,Sawk,sawk,"""","[""pokemon"",""sawk""],",Karadonis # 
565,Carracosta,Karippas,,,WATER,ROCK,74,108,133,83,65,32,495,"82,5",Solid Rock,Sturdy,Swift Swim,40,4,,,,0,,,,,,,,,1,ja,,,,0,,,,0,,,,,,,,,,,,,1,,,,,,,,ja,,,,,,,,,,,,33,92,62,179,Carracosta,carracosta,"""","[""pokemon"",""carracosta""],",Karippas # 
158,Totodile,Karnimani,,,WATER,- -,50,65,64,44,48,43,314,"52,33",Torrent,,Sheer Force,40,1,,,,0,,,,,,,,,0,,,,,0,,,,0,,,,,,,,,,,,,1,,,,,,,,ja,,,,,,,,,,,,43,104,81,203,Totodile,totodile,"""","[""pokemon"",""totodile""],",Karnimani # 
129,Magikarp,Karpador,,,WATER,- -,20,10,55,15,20,80,200,"33,33",Swift Swim,,Rattled,40,1,,,,0,,,,,,,,,0,,,,,0,,,,0,,,,,,,,,,,,,0,,,,,,,,,,,,,,,,,,,,76,145,148,284,Magikarp,magikarp,"""","[""pokemon"",""magikarp""],",Karpador # 
597,Ferroseed,Kastadur,,,GRASS,STEEL,44,50,91,24,86,10,305,"50,83",Iron Barbs,,,40,3,,,,0,,,,,,,,,2,ja,ja,,,0,,,,0,,,,,,,,,,,,,0,,,,,,,,,,,,,,,,,,,,13,68,22,130,Ferroseed,ferroseed,"""","[""pokemon"",""ferroseed""],",Kastadur # 
798,Kartana,Katagami,,,GRASS,STEEL,59,181,131,59,31,109,570,95,Beast Boost,,,180,15,,,,0,,,,,,,,ja,0,,,,,1,ja,,,1,,,,ja,,,,,,,,,1,,,,,,,,,,,,,,ja,,,,,,102,177,200,348,Kartana,kartana,"""","[""pokemon"",""kartana""],",Katagami # 
887,Dragapult,Katapuldra,,,GHOST,DRAGON,88,120,75,100,75,142,600,100,Clear Body,Infiltrator,Cursed Body,,,,,,2,,ja,,,,ja,,,0,,,,,0,,,,0,,,,,,,,,,,,,2,,,ja,,,,,,,,ja,,,,,,,,,132,213,260,421,Dragapult,dragapult,"""","[""pokemon"",""dragapult""],",Katapuldra # 
443,Gible,Kaumalat,,,DRAGON,GROUND,58,70,45,40,45,42,300,50,Sand Veil,,Rough Skin,40,1,,,,0,,,,,,,,,1,ja,,,,0,,,,0,,,,,,,,,,,,,0,,,,,,,,,,,,,,,,,,,,42,103,80,201,Gible,gible,"""","[""pokemon"",""gible""],",Kaumalat # 
352,Kecleon,Kecleon,,,NORMAL,- -,60,90,70,60,120,40,440,"73,33",Color Change,,Protean,40,4,,,,0,,,,,,,ja,,1,ja,,,,0,,,,1,,ja,,,,,,,,,,,3,,,ja,ja,,,,,,ja,,,,,,,,,,40,101,76,196,Kecleon,kecleon,"""","[""pokemon"",""kecleon""],",Kecleon # 
221,Piloswine,Keifel,,,ICE,GROUND,100,100,80,60,60,50,450,75,Oblivious,Snow Cloak,Thick Fat,40,6,,,,0,,,,,,,,,1,ja,,,,0,,,,0,,,,,,,,,,,,,1,,,,,,,,,ja,,,,,,,,,,,49,112,94,218,Piloswine,piloswine,"""","[""pokemon"",""piloswine""],",Keifel # 
647,Keldeo,Keldeo,,,WATER,FIGHTING,91,72,90,129,90,108,580,"96,67",Justified,,,180,14,,,,1,,,ja,,,,,,0,,,,,0,,,,0,,,,,,,,,,,,,1,,,,,,,,ja,,,,,,,,,,,,101,176,198,346,Keldeo,keldeo,"""","[""pokemon"",""keldeo""],",Keldeo # 
825,Dottler,Keradar,,,BUG,PSYCHIC,50,35,80,50,90,30,335,"55,83",Swarm,Compound Eyes,Telepathy,,,,,,0,,,,,,,ja,,1,,,,ja,0,,,,1,,ja,,,,,,,,,,,0,,,,,,,,,,,,,,,,,,,,31,90,58,174,Dottler,dottler,"""","[""pokemon"",""dottler""],",Keradar # 
814,Raboot,Kickerlo,,,FIRE,- -,65,86,60,55,60,94,420,70,Blaze,,Libero,,,,,,2,,ja,,,,ja,,,0,,,,,0,,,,0,,,,,,,,,,,,,2,,,ja,,,,,,,,ja,,,,,,,,,89,160,173,315,Raboot,raboot,"""","[""pokemon"",""raboot""],",Kickerlo # 
106,Hitmonlee,Kicklee,,,FIGHTING,- -,50,120,53,35,110,87,455,"75,83",Limber,Reckless,Unburden,60,8,,,,0,,,,,,,,,0,,,,,1,,ja,,0,,,,,,,,,,,,,5,,,ja,ja,,ja,ja,,,,,,,ja,,,,,,82,152,161,300,Hitmonlee,hitmonlee,"""","[""pokemon"",""hitmonlee""],",Kicklee # 
524,Roggenrola,Kiesling,,,ROCK,- -,55,75,85,25,25,15,280,"46,67",Sturdy,Weak Armor,Sand Force,40,1,,,,0,,,,,,,,,1,ja,,,,0,,,,0,,,,,,,,,,,,,0,,,,,,,,,,,,,,,,,,,,18,73,31,141,Roggenrola,roggenrola,"""","[""pokemon"",""roggenrola""],",Kiesling # 
420,Cherubi,Kikugi,,,GRASS,- -,45,35,45,62,53,35,275,"45,83",Chlorophyll,,,40,1,,,,0,,,,,,,,,0,,,,,0,,,,2,,,,ja,,,ja,,,,,,0,,,,,,,,,,,,,,,,,,,,36,95,67,185,Cherubi,cherubi,"""","[""pokemon"",""cherubi""],",Kikugi # 
371,Bagon,Kindwurm,,,DRAGON,- -,45,75,60,40,30,50,300,50,Rock Head,,Sheer Force,40,1,,,,0,,,,,,,,,0,,,,,0,,,,1,ja,,,,,,,,,,,,0,,,,,,,,,,,,,,,,,,,,49,112,94,218,Bagon,bagon,"""","[""pokemon"",""bagon""],",Kindwurm # 
99,Kingler,Kingler,,,WATER,- -,55,130,115,50,50,75,475,"79,17",Hyper Cutter,Shell Armor,Sheer Force,40,2,,,,0,,,,,,,,,0,,,,,0,,,,0,,,,,,,,,,,,,0,,,,,,,,,,,,,,,,,,,,72,139,139,273,Kingler,kingler,"""","[""pokemon"",""kingler""],",Kingler # 
421,Cherrim,Kinoso,,,GRASS,- -,70,60,70,87,78,85,450,75,Flower Gift,,,40,1,,,,0,,,,,,,,,0,,,,,0,,,,2,,,,ja,,,ja,,,,,,0,,,,,,,,,,,,,,,,,,,,81,150,157,295,Cherrim,cherrim,"""","[""pokemon"",""cherrim""],",Kinoso # 
281,Kirlia,Kirlia,,,PSYCHIC,FAIRY,38,35,35,65,55,50,278,"46,33",Synchronize,Trace,Telepathy,40,1,,,,1,,,,ja,,,ja,,0,,,,,0,,,,1,ja,,,,,,,,,,,,1,,,,,,,,,,ja,,,,,,,,,,49,112,94,218,Kirlia,kirlia,"""","[""pokemon"",""kirlia""],",Kirlia # 
74,Geodude,Kleinstein,,,ROCK,GROUND,40,80,100,30,30,20,300,50,Rock Head,Sturdy,Sand Veil,40,1,,,,0,,,,,,,,,1,ja,,,,0,,,,0,,,,,,,,,,,,,1,,,ja,,,,,,,,,,,,,,,,,22,79,40,152,Geodude,geodude,"""","[""pokemon"",""geodude""],",Kleinstein # 
510,Liepard,Kleoparda,,,DARK,- -,64,88,50,88,50,106,446,"74,33",Limber,Unburden,Prankster,40,4,,,,1,,ja,,,,,,,0,,,,,0,,,,0,,,,,,,,,,,,,3,,,ja,ja,,,,,,,ja,,,,,,,,,99,173,195,342,Liepard,liepard,"""","[""pokemon"",""liepard""],",Kleoparda # 
827,Nickit,Kleptifux,,,DARK,- -,40,28,28,47,52,50,245,"40,83",Run Away,Unburden,Stakeout,,,,,,1,,,,,,ja,,,0,,,,,0,,,,0,,,,,,,,,,,,,2,,,ja,,,,,,,,ja,,,,,,,,,49,112,94,218,Nickit,nickit,"""","[""pokemon"",""nickit""],",Kleptifux # 
601,Klinklang,Klikdiklak,,,STEEL,- -,60,100,115,70,85,90,520,"86,67",Plus,Minus,Clear Body,40,3,,,,1,ja,,,,,,ja,,0,,,,,0,,,,0,,,,,,,,,,,,,0,,,,,,,,,,,,,,,,,,,,85,156,166,306,Klinklang,klinklang,"""","[""pokemon"",""klinklang""],",Klikdiklak # 
599,Klink,Klikk,,,STEEL,- -,40,55,70,45,60,30,300,50,Plus,Minus,Clear Body,40,1,,,,1,ja,,,,,,,,0,,,,,0,,,,0,,,,,,,,,,,,,0,,,,,,,,,,,,,,,,,,,,31,90,58,174,Klink,klink,"""","[""pokemon"",""klink""],",Klikk # 
600,Klang,Kliklak,,,STEEL,- -,60,80,95,70,85,50,440,"73,33",Plus,Minus,Clear Body,40,1,,,,1,ja,,,,,,,,0,,,,,0,,,,0,,,,,,,,,,,,,0,,,,,,,,,,,,,,,,,,,,49,112,94,218,Klang,klang,"""","[""pokemon"",""klang""],",Kliklak # 
433,Chingling,Klingplim,,,PSYCHIC,- -,45,30,50,65,50,45,285,"47,5",Levitate,,,40,1,,,,0,,,,,,,ja,,0,,,,,0,,,,2,ja,ja,,,,,,,,,,,0,,,,,,,,,,,,,,,,,,,,45,106,85,207,Chingling,chingling,"""","[""pokemon"",""chingling""],",Klingplim # 
837,Rolycoly,Klonkett,,,ROCK,- -,30,40,50,40,50,30,240,40,Steam Engine,Heatproof,Flash Fire,,,,,,0,,,,,,,,,2,ja,ja,,,1,,ja,,0,,,,,,,,,,,,,0,,,,,,,,,,,,,,,,,,,,31,90,58,174,Rolycoly,rolycoly,"""","[""pokemon"",""rolycoly""],",Klonkett # 
852,Clobbopus,Klopptopus,,,FIGHTING,- -,50,68,60,50,50,32,310,"51,67",Limber,,Technician,,,,,,0,,,,,,,,,0,,,,,0,,,,0,,,,,,,,,,,,,1,,,ja,,,,,,,,,,,,,,,,,33,92,62,179,Clobbopus,clobbopus,"""","[""pokemon"",""clobbopus""],",Klopptopus # 
328,Trapinch,Knacklion,,,GROUND,- -,45,100,45,45,45,10,290,"48,33",Hyper Cutter,Arena Trap,Sheer Force,40,2,,,,0,,,,,,,,,0,,,,,0,,,,0,,,,,,,,,,,,,2,,ja,,,,,,,,,ja,,,,,,,,,13,68,22,130,Trapinch,trapinch,"""","[""pokemon"",""trapinch""],",Knacklion # 
445,Garchomp,Knakrack,,,DRAGON,GROUND,108,130,95,80,85,102,600,100,Sand Veil,,Rough Skin,180,15,,,,0,,,,,,,,,1,ja,,,,0,,,,0,,,,,,,,,,,,,0,,,,,,,,,,,,,,,,,,,,96,169,188,333,Garchomp,garchomp,"""","[""pokemon"",""garchomp""],",Knakrack # 
840,Applin,Knapfel,,,GRASS,DRAGON,40,40,80,40,40,20,260,"43,33",Ripen,Gluttony,Bulletproof,,,,,,0,,,,,,,,,0,,,,,0,,,,0,,,,,,,,,,,,,1,,,ja,,,,,,,,,,,,,,,,,22,79,40,152,Applin,applin,"""","[""pokemon"",""applin""],",Knapfel # 
444,Gabite,Knarksel,,,DRAGON,GROUND,68,90,65,50,55,82,410,"68,33",Sand Veil,,Rough Skin,40,3,,,,0,,,,,,,,,1,ja,,,,0,,,,0,,,,,,,,,,,,,0,,,,,,,,,,,,,,,,,,,,78,147,152,289,Gabite,gabite,"""","[""pokemon"",""gabite""],",Knarksel # 
285,Shroomish,Knilz,,,GRASS,- -,60,40,60,40,60,35,295,"49,17",Effect Spore,Poison Heal,Quick Feet,40,1,,,,0,,,,,,,,,0,,,,,0,,,,1,,,,ja,,,,,,,,,0,,,,,,,,,,,,,,,,,,,,36,95,67,185,Shroomish,shroomish,"""","[""pokemon"",""shroomish""],",Knilz # 
779,Bruxish,Knirfish,,,WATER,PSYCHIC,68,105,70,70,70,92,475,"79,17",Dazzling,Strong Jaw,Wonder Skin,40,6,,,,0,,,,,,,ja,,0,,,,,0,,,,0,,,,,,,,,,,,,1,,,,,,,,ja,,,,,,,,,,,,87,158,170,311,Bruxish,bruxish,"""","[""pokemon"",""bruxish""],",Knirfish # 
69,Bellsprout,Knofensa,,,GRASS,POISON,50,75,35,70,30,40,300,50,Chlorophyll,,Gluttony,40,1,,,,0,,,,,,,,,0,,,,,0,,,,1,,,,ja,,,,,,,,,1,,,ja,,,,,,,,,,,,,,,,,40,101,76,196,Bellsprout,bellsprout,"""","[""pokemon"",""bellsprout""],",Knofensa # 
105,Marowak,Knogga,,,GROUND,- -,60,80,110,50,80,45,425,"70,83",Rock Head,Lightning Rod,Battle Armor,40,3,,,,0,,,,,,,,,1,ja,,,,0,,,,0,,,,,,,,,,,,,0,,,,,,,,,,,,,,,,,,,,45,106,85,207,Marowak,marowak,"""","[""pokemon"",""marowak""],",Knogga # 
406,Budew,Knospi,,,GRASS,POISON,40,30,35,50,70,55,280,"46,67",Natural Cure,Poison Point,Leaf Guard,40,1,,,,0,,,,,,,,,1,,ja,,,0,,,,1,,,,ja,,,,,,,,,0,,,,,,,,,,,,,,,,,,,,54,117,103,229,Budew,budew,"""","[""pokemon"",""budew""],",Knospi # 
40,Wigglytuff,Knuddeluff,,,NORMAL,FAIRY,140,70,45,85,50,45,435,"72,5",Cute Charm,Competitive,Frisk,40,1,,,,2,,,,ja,,ja,,,1,ja,,,,0,,,,1,ja,,,,,,,,,,,,0,,,,,,,,,,,,,,,,,,,,45,106,85,207,Wigglytuff,wigglytuff,"""","[""pokemon"",""wigglytuff""],",Knuddeluff # 
775,Komala,Koalelu,,,NORMAL,- -,65,115,65,75,95,65,480,80,Comatose,,,40,5,,,,1,,ja,,,,,,,0,,,,,1,,ja,,1,ja,,,,,,,,,,,,1,,,ja,,,,,,,,,,,,,,,,,63,128,121,251,Komala,komala,"""","[""pokemon"",""komala""],",Koalelu # 
638,Cobalion,Kobalium,,,STEEL,FIGHTING,91,90,129,90,72,108,580,"96,67",Justified,,,120,12,,,,1,ja,,,,,,,,1,ja,,,,0,,,,0,,,,,,,,,,,,,1,,,,,,,,,,,ja,,,,,,,,,101,176,198,346,Cobalion,cobalion,"""","[""pokemon"",""cobalion""],",Kobalium # 
408,Cranidos,Koknodon,,,ROCK,- -,67,125,40,30,30,58,350,"58,33",Mold Breaker,,Sheer Force,40,1,,,,0,,,,,,,,,1,ja,,,,0,,,,0,,,,,,,,,,,,,0,,,,,,,,,,,,,,,,,,,,56,121,108,236,Cranidos,cranidos,"""","[""pokemon"",""cranidos""],",Koknodon # 
103,Exeggutor,Kokowei,,,GRASS,PSYCHIC,95,95,85,125,75,55,530,"88,33",Chlorophyll,,Harvest,40,2,,,,1,,,,ja,,,ja,,0,,,,,0,,,,3,ja,,,ja,,ja,,,,,,,0,,,,,,,,,,,,,,,,,,,,54,117,103,229,Exeggutor,exeggutor,"""","[""pokemon"",""exeggutor""],",Kokowei # 
14,Kakuna,Kokuna,,,BUG,POISON,45,25,50,25,25,35,205,"34,17",Shed Skin,,,40,1,,,,0,,,,,,,,,0,,,,,0,,,,0,,,,,,,,,,,,,0,,,,,,,,,,,,,,,,,,,,36,95,67,185,Kakuna,kakuna,"""","[""pokemon"",""kakuna""],",Kokuna # 
765,Oranguru,Kommandutan,,,NORMAL,PSYCHIC,90,60,80,90,110,60,490,"81,67",Inner Focus,Telepathy,Symbiosis,40,3,,,,0,,,,,,,ja,,0,,,,,0,,,,0,,,,,,,,,,,,,0,,,,,,,,,,,,,,,,,,,,58,123,112,240,Oranguru,oranguru,"""","[""pokemon"",""oranguru""],",Kommandutan # 
806,Blacephalon,Kopplosio,,,FIRE,GHOST,53,127,53,151,79,107,570,95,Beast Boost,,,180,14,,,,0,,,,,,,,,0,,,,,0,,,,0,,,,,,,,,,,,,0,,,,,,,,,,,,,,,,,,,,100,174,197,344,Blacephalon,blacephalon,"""","[""pokemon"",""blacephalon""],",Kopplosio # 
760,Bewear,Kosturso,,,NORMAL,FIGHTING,120,125,80,55,60,60,500,"83,33",Fluffy,Klutz,Unnerve,60,7,,,,0,,,,,,,,,0,,,,,0,,,,0,,,,,,,,,,,,,0,,,,,,,,,,,,,,,,,,,,58,123,112,240,Bewear,bewear,"""","[""pokemon"",""bewear""],",Kosturso # 
739,Crabrawler,Krabbox,,,FIGHTING,- -,47,82,57,42,47,63,338,"56,33",Hyper Cutter,Iron Fist,Anger Point,40,1,,,,0,,,,,,,,,0,,,,,0,,,,0,,,,,,,,,,,,,0,,,,,,,,,,,,,,,,,,,,61,126,117,247,Crabrawler,crabrawler,"""","[""pokemon"",""crabrawler""],",Krabbox # 
98,Krabby,Krabby,,,WATER,- -,30,105,90,25,25,50,325,"54,17",Hyper Cutter,Shell Armor,Sheer Force,40,1,,,,0,,,,,,,,,0,,,,,0,,,,0,,,,,,,,,,,,,0,,,,,,,,,,,,,,,,,,,,49,112,94,218,Krabby,krabby,"""","[""pokemon"",""krabby""],",Krabby # 
294,Loudred,Krakeelo,,,NORMAL,- -,84,71,43,71,43,48,360,60,Soundproof,,Scrappy,40,1,,,,0,,,,,,,,,0,,,,,0,,,,0,,,,,,,,,,,,,0,,,,,,,,,,,,,,,,,,,,47,110,90,214,Loudred,loudred,"""","[""pokemon"",""loudred""],",Krakeelo # 
430,Honchkrow,Kramshef,,,DARK,FLYING,100,125,52,105,52,71,505,"84,17",Insomnia,Super Luck,Moxie,100,8,,,,0,,,,,,,,ja,0,,,,,1,ja,,,1,,,ja,,,,,,,,,,2,,,ja,,,,,,,,ja,,,,,,,,,68,135,132,265,Honchkrow,honchkrow,"""","[""pokemon"",""honchkrow""],",Kramshef # 
198,Murkrow,Kramurx,,,DARK,FLYING,60,85,42,85,42,91,405,"67,5",Insomnia,Super Luck,Prankster,40,2,,,,0,,,,,,,,ja,0,,,,,1,ja,,,1,,,ja,,,,,,,,,,2,,,ja,,,,,,,,ja,,,,,,,,,86,157,168,309,Murkrow,murkrow,"""","[""pokemon"",""murkrow""],",Kramurx # 
822,Corvisquire,Kranoviz,,,FLYING,- -,68,67,55,43,55,77,365,"60,83",Keen Eye,Unnerve,Big Pecks,,,,,,1,,ja,,,,,,ja,0,,,,,1,ja,,,1,,,ja,,,,,,,,,,0,,,,,,,,,,,,,,,,,,,,73,141,143,278,Corvisquire,corvisquire,"""","[""pokemon"",""corvisquire""],",Kranoviz # 
823,Corviknight,Krarmor,,,FLYING,STEEL,98,87,105,53,85,67,495,"82,5",Pressure,Unnerve,Mirror Armor,,,,,,1,,ja,,,,,,ja,0,,,,,1,ja,,,1,,,ja,,,,,,,,,,0,,,,,,,,,,,,,,,,,,,,64,130,125,256,Corviknight,corviknight,"""","[""pokemon"",""corviknight""],",Krarmor # 
740,Crabominable,Krawell,,,FIGHTING,ICE,97,132,77,62,67,43,478,"79,67",Hyper Cutter,Iron Fist,Anger Point,40,4,,,,0,,,,,,,,,0,,,,,0,,,,0,,,,,,,,,,,,,0,,,,,,,,,,,,,,,,,,,,43,104,81,203,Crabominable,crabominable,"""","[""pokemon"",""crabominable""],",Krawell # 
295,Exploud,Krawumms,,,NORMAL,- -,104,91,63,91,73,68,490,"81,67",Soundproof,,Scrappy,60,6,,,,0,,,,,,,,,0,,,,,0,,,,0,,,,,,,,,,,,,0,,,,,,,,,,,,,,,,,,,,65,132,126,258,Exploud,exploud,"""","[""pokemon"",""exploud""],",Krawumms # 
341,Corphish,Krebscorps,,,WATER,- -,43,80,65,50,35,35,308,"51,33",Hyper Cutter,Shell Armor,Adaptability,40,1,,,,0,,,,,,,,,0,,,,,0,,,,0,,,,,,,,,,,,,1,,,,,,,,ja,,,,,,,,,,,,36,95,67,185,Corphish,corphish,"""","[""pokemon"",""corphish""],",Krebscorps # 
342,Crawdaunt,Krebutack,,,WATER,DARK,63,120,85,90,55,55,468,78,Hyper Cutter,Shell Armor,Adaptability,120,10,,,,0,,,,,,,,,0,,,,,0,,,,0,,,,,,,,,,,,,1,,,,,,,,ja,,,,,,,,,,,,54,117,103,229,Crawdaunt,crawdaunt,"""","[""pokemon"",""crawdaunt""],",Krebutack # 
586,Sawsbuck,Kronjuwild,,,NORMAL,GRASS,80,100,70,60,70,95,475,"79,17",Chlorophyll,Sap Sipper,Serene Grace,40,2,,,,1,,,,,,ja,,,0,,,,,0,,,,1,,,,ja,,,,,,,,,0,,,,,,,,,,,,,,,,,,,,90,161,175,317,Sawsbuck,sawsbuck,"""","[""pokemon"",""sawsbuck""],",Kronjuwild # 
442,Spiritomb,Kryppuk,,,DARK,GHOST,50,92,108,92,108,35,485,"80,83",Pressure,,Infiltrator,60,5,,,,0,,,,,,,,,0,,,,,0,,,,0,,,,,,,,,,,,,2,,,ja,,,,,,,ja,,,,,,,,,,36,95,67,185,Spiritomb,spiritomb,"""","[""pokemon"",""spiritomb""],",Kryppuk # 
875,Eiscue,Kubuin,,,ICE,- -,75,80,110,65,90,50,470,"78,33",Ice Face,,,,,,,,0,,,,,,,,,0,,,,,0,,,,0,,,,,,,,,,,,,0,,,,,,,,,,,,,,,,,,,,49,112,94,218,Eiscue,eiscue,"""","[""pokemon"",""eiscue""],",Kubuin # 
875,Eiscue-Ice,Kubuin-Tiefkühlkopf,,,ICE,- -,75,80,70,65,50,130,470,"78,33",Ice Face,,,,,,,,0,,,,,,,,,0,,,,,0,,,,0,,,,,,,,,,,,,0,,,,,,,,,,,,,,,,,,,,121,200,238,394,EiscueIce,eiscueice,"""","[""pokemon"",""eiscueice""],",Kubuin-Tiefkühlkopf # 
875,Eiscue-Noice,Kubuin-Wohlfühlkopf,,,ICE,- -,75,80,110,65,90,50,470,"78,33",Ice Face,,,,,,,,0,,,,,,,,,0,,,,,0,,,,0,,,,,,,,,,,,,0,,,,,,,,,,,,,,,,,,,,49,112,94,218,EiscueNoice,eiscuenoice,"""","[""pokemon"",""eiscuenoice""],",Kubuin-Wohlfühlkopf # 
505,Watchog,Kukmarda,,,NORMAL,- -,60,85,69,60,69,77,420,70,Illuminate,Keen Eye,Analytic,40,1,,,,0,,,,,,,,,0,,,,,0,,,,0,,,,,,,,,,,,,0,,,,,,,,,,,,,,,,,,,,73,141,143,278,Watchog,watchog,"""","[""pokemon"",""watchog""],",Kukmarda # 
878,Cufant,Kupfanti,,,STEEL,- -,72,80,49,40,49,40,330,55,Sheer Force,,Heavy Metal,,,,,,0,,,,,,,,,1,ja,,,,0,,,,0,,,,,,,,,,,,,0,,,,,,,,,,,,,,,,,,,,40,101,76,196,Cufant,cufant,"""","[""pokemon"",""cufant""],",Kupfanti # 
238,Smoochum,Kussilla,,,ICE,PSYCHIC,45,30,15,85,65,65,305,"50,83",Oblivious,Forewarn,Hydration,40,1,,,,0,,,,,,,ja,,0,,,,,0,,,,1,ja,,,,,,,,,,,,1,,,,ja,,,,,,,,,,,,,,,,63,128,121,251,Smoochum,smoochum,"""","[""pokemon"",""smoochum""],",Kussilla # 
382,Kyogre,Kyogre,,,WATER,- -,100,100,90,150,140,90,670,"111,67",Drizzle,,,BANNED,BANNED,,,,0,,,,,,,,,0,,,,,0,,,,0,,,,,,,,,,,,,0,,,,,,,,,,,,,,,,,,,,85,156,166,306,Kyogre,kyogre,"""","[""pokemon"",""kyogre""],",Kyogre # 
646,Kyurem,Kyurem,,,DRAGON,ICE,125,130,90,130,90,95,660,110,Pressure,,,100,12,,,,0,,,,,,,,,0,,,,,0,,,,1,,,ja,,,,,,,,,,0,,,,,,,,,,,,,,,,,,,,90,161,175,317,Kyurem,kyurem,"""","[""pokemon"",""kyurem""],",Kyurem # 
646,Kyurem-Black,Kyurem-Schwarz,,,DRAGON,ICE,125,170,100,120,90,95,700,"116,67",Teravolt,,,180,17,,,,0,,,,,,,,,0,,,,,0,,,,1,,,ja,,,,,,,,,,0,,,,,,,,,,,,,,,,,,,,90,161,175,317,KyuremBlack,kyuremblack,"""","[""pokemon"",""kyuremblack""],",Kyurem-Schwarz # 
646,Kyurem-White,Kyurem-Weiß,,,DRAGON,ICE,125,120,90,170,100,95,700,"116,67",Turboblaze,,,BANNED,BANNED,,,,0,,,,,,,,,0,,,,,0,,,,1,,,ja,,,,,,,,,,0,,,,,,,,,,,,,,,,,,,,90,161,175,317,KyuremWhite,kyuremwhite,"""","[""pokemon"",""kyuremwhite""],",Kyurem-Weiß # 
80,Slowbro,Lahmus,,,WATER,PSYCHIC,95,75,110,100,80,30,490,"81,67",Oblivious,Own Tempo,Regenerator,120,12,,,,1,,,,ja,,,ja,,0,,,,,0,,,,1,,,,,ja,,,,,,,,0,,,,,,,,,,,,,,,,,,,,31,90,58,174,Slowbro,slowbro,"""","[""pokemon"",""slowbro""],",Lahmus # 
756,Shiinotic,Lamellux,,,GRASS,FAIRY,60,45,80,90,100,30,405,"67,5",Illuminate,Effect Spore,Rain Dish,40,4,,,,0,,,,,,,,ja,0,,,,,0,,,,2,,,,ja,,ja,,,,,,,0,,,,,,,,,,,,,,,,,,,,31,90,58,174,Shiinotic,shiinotic,"""","[""pokemon"",""shiinotic""],",Lamellux # 
170,Chinchou,Lampi,,,WATER,ELECTRIC,75,38,38,56,56,67,330,55,Volt Absorb,Illuminate,Water Absorb,40,1,,,,1,ja,,,,,,,,0,,,,,0,,,,0,,,,,,,,,,,,,1,,,ja,,,,,,,,,,,,,,,,,64,130,125,256,Chinchou,chinchou,"""","[""pokemon"",""chinchou""],",Lampi # 
171,Lanturn,Lanturn,,,WATER,ELECTRIC,125,58,58,76,76,67,460,"76,67",Volt Absorb,Illuminate,Water Absorb,40,4,,,,1,ja,,,,,,,,0,,,,,0,,,,0,,,,,,,,,,,,,1,,,ja,,,,,,,,,,,,,,,,,64,130,125,256,Lanturn,lanturn,"""","[""pokemon"",""lanturn""],",Lanturn # 
131,Lapras,Lapras,,,WATER,ICE,130,85,80,85,95,60,535,"89,17",Water Absorb,Shell Armor,Hydration,40,3,,,,0,,,,,,,,,0,,,,,0,,,,0,,,,,,,,,,,,,1,,,,,,,,,ja,,,,,,,,,,,58,123,112,240,Lapras,lapras,"""","[""pokemon"",""lapras""],",Lapras # 
246,Larvitar,Larvitar,,,ROCK,GROUND,50,64,50,45,50,41,300,50,Guts,,Sand Veil,40,1,,,,0,,,,,,,,,1,ja,,,,0,,,,0,,,,,,,,,,,,,0,,,,,,,,,,,,,,,,,,,,41,102,78,199,Larvitar,larvitar,"""","[""pokemon"",""larvitar""],",Larvitar # 
199,Slowking,Laschoking,,,WATER,PSYCHIC,95,75,80,100,110,30,490,"81,67",Oblivious,Own Tempo,Regenerator,120,11,,,,1,,,,ja,,,ja,,0,,,,,0,,,,1,,,,,ja,,,,,,,,0,,,,,,,,,,,,,,,,,,,,31,90,58,174,Slowking,slowking,"""","[""pokemon"",""slowking""],",Laschoking # 
608,Lampent,Laternecto,,,GHOST,FIRE,60,40,60,95,60,55,370,"61,67",Flash Fire,Flame Body,Infiltrator,40,1,,,,0,,,,,,,ja,,0,,,,,0,,,,0,,,,,,,,,,,,,0,,,,,,,,,,,,,,,,,,,,54,117,103,229,Lampent,lampent,"""","[""pokemon"",""lampent""],",Laternecto # 
380,Latias,Latias,,,DRAGON,PSYCHIC,80,80,90,110,130,110,600,100,Levitate,,,180,15,,,,1,,,,,,ja,,ja,0,,,,,1,ja,,,3,ja,ja,ja,,,,,,,,,,1,,,ja,,,,,,,,,,,,,,,,,103,178,202,350,Latias,latias,"""","[""pokemon"",""latias""],",Latias # 
381,Latios,Latios,,,DRAGON,PSYCHIC,80,90,80,130,110,110,600,100,Levitate,,,180,15,,,,1,,,,,,ja,,ja,0,,,,,1,ja,,,2,,ja,ja,,,,,,,,,,0,,,,,,,,,,,,,,,,,,,,103,178,202,350,Latios,latios,"""","[""pokemon"",""latios""],",Latios # 
865,Sirfetch’d,Lauchzelot,,,FIGHTING,- -,62,135,95,68,82,65,507,"84,5",Steadfast,,Scrappy,,,,,,0,,,,,,,,,0,,,,,1,ja,,,0,,,,,,,,,,,,,2,,ja,,,,,,,,,ja,,,,,,,,,63,128,121,251,Sirfetchd,sirfetchd,"""","[""pokemon"",""sirfetchd""],",Lauchzelot # 
588,Karrablast,Laukaps,,,BUG,- -,50,75,45,40,45,60,315,"52,5",Swarm,Shed Skin,No Guard,40,1,,,,0,,,,,,,,,0,,,,,0,,,,0,,,,,,,,,,,,,0,,,,,,,,,,,,,,,,,,,,58,123,112,240,Karrablast,karrablast,"""","[""pokemon"",""karrablast""],",Laukaps # 
146,Moltres,Lavados,,,FIRE,FLYING,90,100,90,125,85,90,580,"96,67",Pressure,,Flame Body,60,7,,,,1,,ja,,,,,,ja,0,,,,,1,ja,,,2,,,ja,,,,ja,,,,,,0,,,,,,,,,,,,,,,,,,,,85,156,166,306,Moltres,moltres,"""","[""pokemon"",""moltres""],",Lavados # 
881,Arctozolt,Lecryodon,,,ELECTRIC,ICE,90,100,90,90,80,55,505,"84,17",Volt Absorb,Static,Slush Rush,,,,,,0,,,,,,,,,0,,,,,0,,,,0,,,,,,,,,,,,,0,,,,,,,,,,,,,,,,,,,,54,117,103,229,Arctozolt,arctozolt,"""","[""pokemon"",""arctozolt""],",Lecryodon # 
880,Dracozolt,Lectragon,,,ELECTRIC,DRAGON,90,100,90,80,70,75,505,"84,17",Volt Absorb,Hussle,Sand Rush,,,,,,0,,,,,,,,,0,,,,,0,,,,0,,,,,,,,,,,,,0,,,,,,,,,,,,,,,,,,,,72,139,139,273,Dracozolt,dracozolt,"""","[""pokemon"",""dracozolt""],",Lectragon # 
166,Ledian,Ledian,,,BUG,FLYING,55,35,50,55,110,85,390,65,Swarm,Early Bird,Iron Fist,40,1,,,,2,,ja,,,,ja,,ja,0,,,,,1,ja,,,1,,,ja,,,,,,,,,,1,,,,,,ja,,,,,,,,,,,,,,81,150,157,295,Ledian,ledian,"""","[""pokemon"",""ledian""],",Ledian # 
165,Ledyba,Ledyba,,,BUG,FLYING,40,20,30,40,80,55,265,"44,17",Swarm,Early Bird,Rattled,40,1,,,,2,,ja,,,,ja,,ja,0,,,,,0,,,,1,,,ja,,,,,,,,,,1,,,,,,ja,,,,,,,,,,,,,,54,117,103,229,Ledyba,ledyba,"""","[""pokemon"",""ledyba""],",Ledyba # 
870,Falinks,Legios,,,FIGHTING,- -,65,100,100,70,60,75,470,"78,33",Battle Armor,,Defiant,,,,,,0,,,,,,,,,0,,,,,0,,,,0,,,,,,,,,,,,,1,,ja,,,,,,,,,,,,,,,,,,72,139,139,273,Falinks,falinks,"""","[""pokemon"",""falinks""],",Legios # 
101,Electrode,Lektrobal,,,ELECTRIC,- -,60,50,70,80,80,150,490,"81,67",Soundproof,Static,Aftermath,40,2,,,,2,ja,,,ja,,,,,0,,,,,0,,,,0,,,,,,,,,,,,,1,,,ja,,,,,,,,,,,,,,,,,139,222,274,438,Electrode,electrode,"""","[""pokemon"",""electrode""],",Lektrobal # 
344,Claydol,Lepumentas,,,GROUND,PSYCHIC,60,70,105,70,120,75,500,"83,33",Levitate,,,40,3,,,,1,,,,ja,,,ja,,1,ja,,,,1,,ja,,0,,,,,,,,,,,,,0,,,,,,,,,,,,,,,,,,,,72,139,139,273,Claydol,claydol,"""","[""pokemon"",""claydol""],",Lepumentas # 
289,Slaking,Letarking,,,NORMAL,- -,150,160,100,95,65,100,670,"111,67",Truant,,,40,3,,,,0,,,,,,,,,0,,,,,0,,,,1,,,,,ja,,,,,,,,1,,,ja,,,,,,,,,,,,,,,,,94,167,184,328,Slaking,slaking,"""","[""pokemon"",""slaking""],",Letarking # 
667,Litleo,Leufeo,,,FIRE,NORMAL,62,50,58,73,54,72,369,"61,5",Rivalry,Unnerve,Moxie,40,1,,,,0,,,,,,,,,0,,,,,0,,,,0,,,,,,,,,,,,,0,,,,,,,,,,,,,,,,,,,,69,136,134,267,Litleo,litleo,"""","[""pokemon"",""litleo""],",Leufeo # 
330,Flygon,Libelldra,,,GROUND,DRAGON,80,100,80,80,80,100,520,"86,67",Levitate,,,100,9,,,,1,,ja,,,,,,ja,0,,,,,1,ja,,,1,,,ja,,,,,,,,,,2,,ja,,,,,,,,,ja,,,,,,,,,94,167,184,328,Flygon,flygon,"""","[""pokemon"",""flygon""],",Libelldra # 
815,Cinderace,Liberlo,,,FIRE,- -,80,116,75,65,75,119,530,"88,33",Blaze,,Libero,,,,,,2,,ja,,,,ja,,,0,,,,,1,,,ja,0,,,,,,,,,,,,,2,,,ja,,,,,,,,ja,,,,,,,,,111,188,218,370,Cinderace,cinderace,"""","[""pokemon"",""cinderace""],",Liberlo # 
607,Litwick,Lichtel,,,GHOST,FIRE,50,30,55,65,55,20,275,"45,83",Flash Fire,Flame Body,Infiltrator,40,1,,,,0,,,,,,,ja,,0,,,,,0,,,,0,,,,,,,,,,,,,0,,,,,,,,,,,,,,,,,,,,22,79,40,152,Litwick,litwick,"""","[""pokemon"",""litwick""],",Lichtel # 
370,Luvdisc,Liebiskus,,,WATER,- -,43,30,55,40,65,97,330,55,Swift Swim,,Hydration,40,1,,,,0,,,,,,,,,0,,,,,0,,,,0,,,,,,,,,,,,,1,,,,,,,,ja,,,,,,,,,,,,91,163,179,322,Luvdisc,luvdisc,"""","[""pokemon"",""luvdisc""],",Liebiskus # 
345,Lileep,Liliep,,,ROCK,GRASS,66,41,77,61,87,23,355,"59,17",Suction Cups,,Storm Drain,40,1,,,,0,,,,,,,,,1,ja,,,,0,,,,2,,ja,,ja,,,,,,,,,0,,,,,,,,,,,,,,,,,,,,25,82,45,159,Lileep,lileep,"""","[""pokemon"",""lileep""],",Liliep # 
548,Petilil,Lilminip,,,GRASS,- -,45,35,50,70,50,30,280,"46,67",Chlorophyll,Own Tempo,Leaf Guard,40,1,,,,0,,,,,,,,,0,,,,,0,,,,1,,,,ja,,,,,,,,,0,,,,,,,,,,,,,,,,,,,,31,90,58,174,Petilil,petilil,"""","[""pokemon"",""petilil""],",Lilminip # 
619,Mienfoo,Lin-Fu,,,FIGHTING,- -,45,85,50,55,50,65,350,"58,33",Inner Focus,Regenerator,Reckless,40,1,,,,2,,ja,,,,ja,,,0,,,,,0,,,,0,,,,,,,,,,,,,1,,,,ja,,,,,,,,,,,,,,,,63,128,121,251,Mienfoo,mienfoo,"""","[""pokemon"",""mienfoo""],",Lin-Fu # 
557,Dwebble,Lithomith,,,BUG,ROCK,50,65,85,35,35,55,325,"54,17",Sturdy,Shell Armor,Weak Armor,40,1,,,,0,,,,,,,,,2,ja,ja,,,0,,,,0,,,,,,,,,,,,,0,,,,,,,,,,,,,,,,,,,,54,117,103,229,Dwebble,dwebble,"""","[""pokemon"",""dwebble""],",Lithomith # 
257,Blaziken,Lohgock,,,FIRE,FIGHTING,80,120,70,110,70,80,530,"88,33",Blaze,,Speed Boost,60,9,,,,2,,ja,,,,ja,,,0,,,,,1,ja,,,0,,,,,,,,,,,,,2,,,,,,,,,,,ja,,,ja,,,,,,76,145,148,284,Blaziken,blaziken,"""","[""pokemon"",""blaziken""],",Lohgock # 
271,Lombre,Lombrero,,,WATER,GRASS,60,50,50,60,70,50,340,"56,67",Swift Swim,Rain Dish,Own Tempo,40,1,,,,0,,,,,,,,,0,,,,,0,,,,1,,,,ja,,,,,,,,,1,,,,ja,,,,,,,,,,,,,,,,49,112,94,218,Lombre,lombre,"""","[""pokemon"",""lombre""],",Lombrero # 
153,Bayleef,Lorblatt,,,GRASS,- -,60,62,80,63,80,60,405,"67,5",Overgrow,,Leaf Guard,40,1,,,,0,,,,,,,,,0,,,,,0,,,,1,,,,ja,,,,,,,,,0,,,,,,,,,,,,,,,,,,,,58,123,112,240,Bayleef,bayleef,"""","[""pokemon"",""bayleef""],",Lorblatt # 
270,Lotad,Loturzel,,,WATER,GRASS,40,30,30,40,50,30,220,"36,67",Swift Swim,Rain Dish,Own Tempo,40,1,,,,0,,,,,,,,,0,,,,,0,,,,1,,,,ja,,,,,,,,,0,,,,,,,,,,,,,,,,,,,,31,90,58,174,Lotad,lotad,"""","[""pokemon"",""lotad""],",Loturzel # 
448,Lucario,Lucario,,,FIGHTING,STEEL,70,110,70,115,70,90,525,"87,5",Steadfast,Inner Focus,Justified,100,11,,,,0,,,,,,,,,0,,,,,0,,,,0,,,,,,,,,,,,,4,ja,,,,,,ja,,,,ja,,,ja,,,,,,85,156,166,306,Lucario,lucario,"""","[""pokemon"",""lucario""],",Lucario # 
249,Lugia,Lugia,,,PSYCHIC,FLYING,106,90,130,90,154,110,680,"113,33",Pressure,,Multiscale,BANNED,BANNED,,,,0,,,,,,,,ja,0,,,,,1,ja,,,2,,ja,ja,,,,,,,,,,0,,,,,,,,,,,,,,,,,,,,103,178,202,350,Lugia,lugia,"""","[""pokemon"",""lugia""],",Lugia # 
457,Lumineon,Lumineon,,,WATER,- -,69,69,76,69,86,91,460,"76,67",Swift Swim,Storm Drain,Water Veil,40,2,,,,1,,ja,,,,,,ja,0,,,,,1,ja,,,0,,,,,,,,,,,,,0,,,,,,,,,,,,,,,,,,,,86,157,168,309,Lumineon,lumineon,"""","[""pokemon"",""lumineon""],",Lumineon # 
792,Lunala,Lunala,,,PSYCHIC,GHOST,137,113,89,137,107,97,680,"113,33",Shadow Shield,,,BANNED,BANNED,,,,1,,,,ja,,,ja,ja,0,,,,,1,ja,,,2,,,ja,,,ja,,,,,,,0,,,,,,,,,,,,,,,,,,,,91,163,179,322,Lunala,lunala,"""","[""pokemon"",""lunala""],",Lunala # 
337,Lunatone,Lunastein,,,ROCK,PSYCHIC,90,55,65,95,85,70,460,"76,67",Levitate,,,40,1,,,,1,,,,,,ja,ja,,0,,,,,0,,,,1,,,,,,ja,,,,,,,0,,,,,,,,,,,,,,,,,,,,67,134,130,262,Lunatone,lunatone,"""","[""pokemon"",""lunatone""],",Lunastein # 
746,Wishiwashi,Lusardin,,,WATER,- -,45,20,20,25,25,40,175,"29,17",Schooling,,,40,4,,,,2,,ja,ja,,,,,,0,,,,,0,,,,0,,,,,,,,,,,,,0,,,,,,,,,,,,,,,,,,,,40,101,76,196,Wishiwashi,wishiwashi,"""","[""pokemon"",""wishiwashi""],",Lusardin # 
746,Wishiwashi-School,Lusardin-Scharm,,,WATER,- -,45,140,130,140,135,30,620,"103,33",Schooling,,,BANNED,BANNED,,,,2,,ja,ja,,,,,,0,,,,,0,,,,0,,,,,,,,,,,,,0,,,,,,,,,,,,,,,,,,,,31,90,58,174,WishiwashiSchool,wishiwashischool,"""","[""pokemon"",""wishiwashischool""],",Lusardin-Scharm # 
404,Luxio,Luxio,,,ELECTRIC,- -,60,85,49,60,49,60,363,"60,5",Rivalry,Intimidate,Guts,40,1,,,,1,ja,,,,,,,,0,,,,,0,,,,0,,,,,,,,,,,,,1,,,,,,,,,,,ja,,,,,,,,,58,123,112,240,Luxio,luxio,"""","[""pokemon"",""luxio""],",Luxio # 
405,Luxray,Luxtra,,,ELECTRIC,- -,80,120,79,95,79,70,523,"87,17",Rivalry,Intimidate,Guts,40,3,,,,1,ja,,,,,,,,0,,,,,0,,,,0,,,,,,,,,,,,,1,,,,,,,,,,,ja,,,,,,,,,67,134,130,262,Luxray,luxray,"""","[""pokemon"",""luxray""],",Luxtra # 
736,Grubbin,Mabula,,,BUG,- -,47,62,45,55,45,46,300,50,Swarm,,,40,1,,,,1,ja,,,,,,,,1,,,,ja,0,,,,0,,,,,,,,,,,,,0,,,,,,,,,,,,,,,,,,,,45,107,87,210,Grubbin,grubbin,"""","[""pokemon"",""grubbin""],",Mabula # 
66,Machop,Machollo,,,FIGHTING,- -,70,80,50,35,35,35,305,"50,83",Guts,No Guard,Steadfast,40,1,,,,0,,,,,,,,,0,,,,,0,,,,0,,,,,,,,,,,,,2,,,,,,,ja,,,,,,,ja,,,,,,36,95,67,185,Machop,machop,"""","[""pokemon"",""machop""],",Machollo # 
68,Machamp,Machomei,,,FIGHTING,- -,90,130,80,65,85,55,505,"84,17",Guts,No Guard,Steadfast,100,7,,,,0,,,,,,,,,0,,,,,0,,,,0,,,,,,,,,,,,,2,,,,,,,ja,,,,,,,ja,,,,,,54,117,103,229,Machamp,machamp,"""","[""pokemon"",""machamp""],",Machomei # 
467,Magmortar,Magbrant,,,FIRE,- -,75,95,67,125,95,83,540,90,Flame Body,,Vital Spirit,40,5,,,,1,,,,ja,,,,,0,,,,,0,,,,0,,,,,,,,,,,,,1,,,,,,ja,,,,,,,,,,,,,,79,148,153,291,Magmortar,magmortar,"""","[""pokemon"",""magmortar""],",Magbrant # 
240,Magby,Magby,,,FIRE,- -,45,75,37,70,55,83,365,"60,83",Flame Body,,Vital Spirit,40,1,,,,0,,,,,,,,,0,,,,,0,,,,0,,,,,,,,,,,,,1,,,,,,ja,,,,,,,,,,,,,,79,148,153,291,Magby,magby,"""","[""pokemon"",""magby""],",Magby # 
219,Magcargo,Magcargo,,,FIRE,ROCK,60,50,120,90,80,30,430,"71,67",Magma Armor,Flame Body,Weak Armor,40,1,,,,0,,,,,,,,,1,ja,,,,0,,,,1,,ja,,,,,,,,,,,0,,,,,,,,,,,,,,,,,,,,31,90,58,174,Magcargo,magcargo,"""","[""pokemon"",""magcargo""],",Magcargo # 
801,Magearna,Magearna,,,STEEL,FAIRY,80,95,115,130,115,65,600,100,Soul-Heart,,,BANNED,BANNED,,,,2,ja,,,,,ja,ja,,0,,,,,0,,,,0,,,,,,,,,,,,,0,,,,,,,,,,,,,,,,,,,,63,128,121,251,Magearna,magearna,"""","[""pokemon"",""magearna""],",Magearna # 
126,Magmar,Magmar,,,FIRE,- -,65,95,57,100,85,93,495,"82,5",Flame Body,,Vital Spirit,40,1,,,,1,,,,ja,,,,,0,,,,,0,,,,0,,,,,,,,,,,,,1,,,,,,ja,,,,,,,,,,,,,,88,159,171,313,Magmar,magmar,"""","[""pokemon"",""magmar""],",Magmar # 
262,Mightyena,Magnayen,,,DARK,- -,70,90,70,60,60,70,420,70,Intimidate,Quick Feet,Moxie,40,1,,,,0,,,,,,,,,0,,,,,0,,,,0,,,,,,,,,,,,,1,,,ja,,,,,,,,,,,,,,,,,67,134,130,262,Mightyena,mightyena,"""","[""pokemon"",""mightyena""],",Magnayen # 
81,Magnemite,Magnetilo,,,ELECTRIC,STEEL,25,35,70,95,55,45,325,"54,17",Magnet Pull,Sturdy,Analytic,40,1,,,,2,ja,,,ja,,,,,0,,,,,0,,,,0,,,,,,,,,,,,,0,,,,,,,,,,,,,,,,,,,,45,106,85,207,Magnemite,magnemite,"""","[""pokemon"",""magnemite""],",Magnetilo # 
82,Magneton,Magneton,,,ELECTRIC,STEEL,50,60,95,120,70,70,465,"77,5",Magnet Pull,Sturdy,Analytic,60,9,,,,2,ja,,,ja,,,,,0,,,,,0,,,,0,,,,,,,,,,,,,0,,,,,,,,,,,,,,,,,,,,67,134,130,262,Magneton,magneton,"""","[""pokemon"",""magneton""],",Magneton # 
462,Magnezone,Magnezone,,,ELECTRIC,STEEL,70,70,115,130,90,60,535,"89,17",Magnet Pull,Sturdy,Analytic,120,11,,,,2,ja,,,ja,,,,,0,,,,,0,,,,0,,,,,,,,,,,,,0,,,,,,,,,,,,,,,,,,,,58,123,112,240,Magnezone,magnezone,"""","[""pokemon"",""magnezone""],",Magnezone # 
672,Skiddo,Mähikel,,,GRASS,- -,66,65,48,62,57,52,350,"58,33",Sap Sipper,,Grass Pelt,40,1,,,,0,,,,,,,,,0,,,,,0,,,,2,,,,ja,,,,,,ja,,,0,,,,,,,,,,,,,,,,,,,,51,114,98,223,Skiddo,skiddo,"""","[""pokemon"",""skiddo""],",Mähikel # 
562,Yamask,Makabaja,,,GHOST,- -,38,30,85,55,65,30,303,"50,5",Mummy,,,40,1,,,,0,,,,,,,ja,,1,,,ja,,0,,,,0,,,,,,,,,,,,,0,,,,,,,,,,,,,,,,,,,,31,90,58,174,Yamask,yamask,"""","[""pokemon"",""yamask""],",Makabaja # 
296,Makuhita,Makuhita,,,FIGHTING,- -,72,60,30,20,30,25,237,"39,5",Thick Fat,Guts,Sheer Force,40,1,,,,0,,,,,,,,,0,,,,,0,,,,0,,,,,,,,,,,,,3,,,,ja,,,ja,,,,,,,ja,,,,,,27,84,49,163,Makuhita,makuhita,"""","[""pokemon"",""makuhita""],",Makuhita # 
594,Alomomola,Mamolida,,,WATER,- -,165,75,80,40,45,65,470,"78,33",Healer,Hydration,Regenerator,100,10,,,,0,,,,,,,,,0,,,,,0,,,,1,ja,,,,,,,,,,,,1,,,,,,,,ja,,,,,,,,,,,,63,128,121,251,Alomomola,alomomola,"""","[""pokemon"",""alomomola""],",Mamolida # 
446,Munchlax,Mampfaxo,,,NORMAL,- -,135,85,40,40,85,5,390,65,Pickup,Thick Fat,Gluttony,40,1,,,,0,,,,,,,,,0,,,,,0,,,,0,,,,,,,,,,,,,0,,,,,,,,,,,,,,,,,,,,9,62,13,119,Munchlax,munchlax,"""","[""pokemon"",""munchlax""],",Mampfaxo # 
473,Mamoswine,Mamutel,,,ICE,GROUND,110,130,80,70,60,80,530,"88,33",Oblivious,Snow Cloak,Thick Fat,120,13,,,,0,,,,,,,,,1,ja,,,,0,,,,0,,,,,,,,,,,,,1,,,,,,,,,ja,,,,,,,,,,,76,145,148,284,Mamoswine,mamoswine,"""","[""pokemon"",""mamoswine""],",Mamutel # 
490,Manaphy,Manaphy,,,WATER,- -,100,100,100,100,100,100,600,100,Hydration,,,180,16,,,,1,,ja,,,,,,,0,,,,,0,,,,0,,,,,,,,,,,,,0,,,,,,,,,,,,,,,,,,,,94,167,184,328,Manaphy,manaphy,"""","[""pokemon"",""manaphy""],",Manaphy # 
734,Yungoos,Mangunior,,,NORMAL,- -,48,70,30,30,30,45,253,"42,17",Stakeout,Strong Jaw,Adaptability,40,1,,,,1,,ja,,,,,,,0,,,,,0,,,,0,,,,,,,,,,,,,0,,,,,,,,,,,,,,,,,,,,45,106,85,207,Yungoos,yungoos,"""","[""pokemon"",""yungoos""],",Mangunior # 
735,Gumshoos,Manguspektor,,,NORMAL,- -,88,110,60,55,60,45,418,"69,67",Stakeout,Strong Jaw,Adaptability,40,2,,,,1,,ja,,,,,,,0,,,,,0,,,,0,,,,,,,,,,,,,0,,,,,,,,,,,,,,,,,,,,45,106,85,207,Gumshoos,gumshoos,"""","[""pokemon"",""gumshoos""],",Manguspektor # 
226,Mantine,Mantax,,,WATER,FLYING,85,40,70,80,140,70,485,"80,83",Swift Swim,Water Absorb,Water Veil,100,9,,,,0,,,,,,,,ja,0,,,,,1,ja,,,1,,,ja,,,,,,,,,,0,,,,,,,,,,,,,,,,,,,,67,134,130,262,Mantine,mantine,"""","[""pokemon"",""mantine""],",Mantax # 
754,Lurantis,Mantidea,,,GRASS,- -,70,105,90,80,90,45,480,80,Leaf Guard,,Contrary,40,5,,,,0,,,,,,,,,0,,,,,1,ja,,,1,,,,ja,,,,,,,,,0,,,,,,,,,,,,,,,,,,,,45,106,85,207,Lurantis,lurantis,"""","[""pokemon"",""lurantis""],",Mantidea # 
458,Mantyke,Mantirps,,,WATER,FLYING,45,20,50,60,120,50,345,"57,5",Swift Swim,Water Absorb,Water Veil,40,2,,,,0,,,,,,,,ja,0,,,,,0,,,,0,,,,,,,,,,,,,0,,,,,,,,,,,,,,,,,,,,49,112,94,218,Mantyke,mantyke,"""","[""pokemon"",""mantyke""],",Mantirps # 
556,Maractus,Maracamba,,,GRASS,- -,75,86,67,106,67,60,461,"76,83",Water Absorb,Chlorophyll,Storm Drain,40,1,,,,0,,,,,,,,,1,,ja,,,0,,,,1,,,,ja,,,,,,,,,1,,,ja,,,,,,,,,,,,,,,,,58,123,112,240,Maractus,maractus,"""","[""pokemon"",""maractus""],",Maracamba # 
729,Brionne,Marikeck,,,WATER,- -,60,69,69,91,81,50,420,70,Torrent,,Liquid Voice,40,1,,,,1,,,ja,,,,,,0,,,,,0,,,,0,,,,,,,,,,,,,1,,,,,,,,ja,,,,,,,,,,,,49,112,94,218,Brionne,brionne,"""","[""pokemon"",""brionne""],",Marikeck # 
183,Marill,Marill,,,WATER,FAIRY,70,20,50,20,50,40,250,"41,67",Thick Fat,Huge Power,Sap Sipper,40,1,,,,0,,,,,,,,,0,,,,,0,,,,0,,,,,,,,,,,,,1,,,,,,,,ja,,,,,,,,,,,,40,101,76,196,Marill,marill,"""","[""pokemon"",""marill""],",Marill # 
826,Orbeetle,Maritellit,,,BUG,PSYCHIC,60,45,110,80,120,90,505,"84,17",Swarm,Frisk,Telepathy,,,,,,2,,ja,,,,ja,ja,,1,,,,ja,0,,,,1,,ja,,,,,,,,,,,0,,,,,,,,,,,,,,,,,,,,85,156,166,306,Orbeetle,orbeetle,"""","[""pokemon"",""orbeetle""],",Maritellit # 
802,Marshadow,Marshadow,,,FIGHTING,GHOST,90,125,80,90,90,125,600,100,Technician,,,BANNED,BANNED,,,,0,,,,,,,,,0,,,,,0,,,,0,,,,,,,,,,,,,2,,,ja,,,,,,,ja,,,,,,,,,,117,194,229,383,Marshadow,marshadow,"""","[""pokemon"",""marshadow""],",Marshadow # 
67,Machoke,Maschock,,,FIGHTING,- -,80,100,70,50,60,45,405,"67,5",Guts,No Guard,Steadfast,40,2,,,,0,,,,,,,,,0,,,,,0,,,,0,,,,,,,,,,,,,2,,,,,,,ja,,,,,,,ja,,,,,,45,106,85,207,Machoke,machoke,"""","[""pokemon"",""machoke""],",Maschock # 
284,Masquerain,Maskeregen,,,BUG,FLYING,70,60,62,100,82,80,454,"75,67",Intimidate,,Unnerve,40,6,,,,2,,ja,,,,ja,,ja,1,,,,ja,1,ja,,,1,,,ja,,,,,,,,,,2,,,,,,,,ja,,,ja,,,,,,,,,76,145,148,284,Masquerain,masquerain,"""","[""pokemon"",""masquerain""],",Maskeregen # 
794,Buzzwole,Masskito,,,BUG,FIGHTING,107,139,139,53,53,79,570,95,Beast Boost,,,120,13,,,,0,,,,,,,,,0,,,,,0,,,,1,,,ja,,,,,,,,,,0,,,,,,,,,,,,,,,,,,,,75,144,146,282,Buzzwole,buzzwole,"""","[""pokemon"",""buzzwole""],",Masskito # 
542,Leavanny,Matrifol,,,BUG,GRASS,75,103,80,70,80,92,500,"83,33",Swarm,Chlorophyll,Overcoat,40,4,,,,1,,,,,,ja,,,1,,,,ja,0,,,,1,,,,ja,,,,,,,,,0,,,,,,,,,,,,,,,,,,,,87,158,170,311,Leavanny,leavanny,"""","[""pokemon"",""leavanny""],",Matrifol # 
52,Meowth,Mauzi,,,NORMAL,- -,40,45,35,40,40,90,290,"48,33",Pickup,Technician,Unnerve,40,1,,,,1,,ja,,,,,,,0,,,,,0,,,,0,,,,,,,,,,,,,1,,,,ja,,,,,,,,,,,,,,,,85,156,166,306,Meowth,meowth,"""","[""pokemon"",""meowth""],",Mauzi # 
863,Perrserker,Mauzinger,,,STEEL,- -,70,110,100,50,60,50,440,"73,33",Battle Armor,Tough Claws,Steely Spirit,,,,,,2,,ja,,,,ja,,,0,,,,,0,,,,0,,,,,,,,,,,,,1,,,,ja,,,,,,,,,,,,,,,,49,112,94,218,Perrserker,perrserker,"""","[""pokemon"",""perrserker""],",Mauzinger # 
612,Haxorus,Maxax,,,DRAGON,- -,76,147,90,60,70,97,540,90,Rivalry,Mold Breaker,Unnerve,100,12,,,,0,,,,,,,,,0,,,,,0,,,,0,,,,,,,,,,,,,1,,ja,,,,,,,,,,,,,,,,,,91,163,179,322,Haxorus,haxorus,"""","[""pokemon"",""haxorus""],",Maxax # 
536,Palpitoad,Mebrana,,,WATER,GROUND,75,65,55,65,55,69,384,64,Swift Swim,Hydration,Water Absorb,40,1,,,,0,,,,,,,,,1,ja,,,,0,,,,0,,,,,,,,,,,,,0,,,,,,,,,,,,,,,,,,,,66,133,128,260,Palpitoad,palpitoad,"""","[""pokemon"",""palpitoad""],",Mebrana # 
783,Hakamo-o,Mediras,,,DRAGON,FIGHTING,55,75,90,65,70,65,420,70,Bulletproof,Soundproof,Overcoat,40,2,,,,0,,,,,,,,,0,,,,,0,,,,0,,,,,,,,,,,,,0,,,,,,,,,,,,,,,,,,,,63,128,121,251,Hakamoo,hakamoo,"""","[""pokemon"",""hakamoo""],",Mediras # 
308,Medicham,Meditalis,,,PSYCHIC,FIGHTING,60,60,75,60,75,80,410,"68,33",Pure Power,,Telepathy,60,7,,,,1,,,,,,ja,,,0,,,,,0,,,,1,,ja,,,,,,,,,,,3,,,,ja,,,ja,,,,,,,ja,,,,,,76,145,148,284,Medicham,medicham,"""","[""pokemon"",""medicham""],",Meditalis # 
307,Meditite,Meditie,,,PSYCHIC,FIGHTING,30,40,55,40,55,60,280,"46,67",Pure Power,,Telepathy,40,1,,,,1,,,,,,ja,,,0,,,,,0,,,,1,,ja,,,,,,,,,,,3,,,,ja,,,ja,,,,,,,ja,,,,,,58,123,112,240,Meditite,meditite,"""","[""pokemon"",""meditite""],",Meditie # 
359,Mega Absol,Mega-Absol,,,DARK,- -,65,150,60,115,60,115,565,"94,17",Magic Bounce,,,-40,12,,,,1,,,,,,ja,,,0,,,,,0,,,,1,ja,,,,,,,,,,,,2,,,ja,,,,,,,,ja,,,,,,,,,108,183,211,361,AerodactylMega,aerodactylmega,"""","[""pokemon"",""aerodactylmega""],",Mega-Absol # 
142,Mega Aerodactyl,Mega-Aerodactyl,,,ROCK,FLYING,80,135,85,70,95,150,615,"102,5",Tough Claws,,,-40,14,,,,0,,,,,,,,ja,1,ja,,,,1,ja,,,1,,,ja,,,,,,,,,,0,,,,,,,,,,,,,,,,,,,,139,222,274,438,AltariaMega,altariamega,"""","[""pokemon"",""altariamega""],",Mega-Aerodactyl # 
334,Mega Altaria,Mega-Altaria,,,DRAGON,FAIRY,75,110,110,110,105,80,590,"98,33",Pixilate,,,0,13,,,,0,,,,,,,,ja,0,,,,,1,ja,,,1,,,ja,,,,,,,,,,0,,,,,,,,,,,,,,,,,,,,76,145,148,284,AmpharosMega,ampharosmega,"""","[""pokemon"",""ampharosmega""],",Mega-Altaria # 
181,Mega Ampharos,Mega-Ampharos,,,ELECTRIC,DRAGON,90,95,105,165,110,45,610,"101,67",Mold Breaker,,,-60,7,,,,1,ja,,,,,,,,0,,,,,0,,,,0,,,,,,,,,,,,,0,,,,,,,,,,,,,,,,,,,,45,106,85,207,AbsolMega,absolmega,"""","[""pokemon"",""absolmega""],",Mega-Ampharos # 
354,Mega Banette,Mega-Banette,,,GHOST,- -,64,165,75,93,83,75,555,"92,5",Prankster,,,-80,4,,,,0,,,,,,,ja,,0,,,,,0,,,,0,,,,,,,,,,,,,2,,,ja,,,,,,,ja,,,,,,,,,,72,139,139,273,BanetteMega,banettemega,"""","[""pokemon"",""banettemega""],",Mega-Banette # 
15,Mega Beedrill,Mega-Bibor,,,BUG,POISON,65,150,40,15,80,145,495,"82,5",Adaptability,,,-40,13,,,,2,,ja,,,,ja,,ja,1,,,ja,,1,ja,,,1,,,ja,,,,,,,,,,0,,,,,,,,,,,,,,,,,,,,135,216,265,427,BeedrillMega,beedrillmega,"""","[""pokemon"",""beedrillmega""],",Mega-Bibor # 
3,Mega Venusaur,Mega-Bisaflor,,,GRASS,POISON,80,100,123,122,120,80,625,"104,17",Thick Fat,,,0,15,,,,0,,,,,,,,,0,,,,,0,,,,1,,,,ja,,,,,,,,,0,,,,,,,,,,,,,,,,,,,,76,145,148,284,VenusaurMega,venusaurmega,"""","[""pokemon"",""venusaurmega""],",Mega-Bisaflor # 
373,Mega Salamence,Mega-Brutalanda,,,DRAGON,FLYING,95,145,130,120,90,120,700,"116,67",Aerilate,,,BANNED,BANNED,,,,0,,,,,,,,ja,0,,,,,1,ja,,,2,ja,,ja,,,,,,,,,,0,,,,,,,,,,,,,,,,,,,,112,189,220,372,SalamenceMega,salamencemega,"""","[""pokemon"",""salamencemega""],",Mega-Brutalanda # 
323,Mega Camerupt,Mega-Camerupt,,,FIRE,GROUND,70,120,100,145,105,20,560,"93,33",Sheer Force,,,-80,6,,,,0,,,,,,,,,1,ja,,,,0,,,,0,,,,,,,,,,,,,0,,,,,,,,,,,,,,,,,,,,22,79,40,152,CameruptMega,cameruptmega,"""","[""pokemon"",""cameruptmega""],",Mega-Camerupt # 
248,Mega Tyranitar,Mega-Despotar,,,ROCK,DARK,100,164,150,95,120,71,700,"116,67",Sand Stream,,,-40,12,,,,0,,,,,,,,,1,ja,,,,0,,,,0,,,,,,,,,,,,,0,,,,,,,,,,,,,,,,,,,,68,135,132,265,TyranitarMega,tyranitarmega,"""","[""pokemon"",""tyranitarmega""],",Mega-Despotar # 
719,Mega Diancie,Mega-Diancie,,,ROCK,FAIRY,50,160,110,160,110,110,700,"116,67",Magic Bounce,,,0,16,,,,1,,,,,,ja,ja,,1,ja,,,,0,,,,0,,,,,,,,,,,,,0,,,,,,,,,,,,,,,,,,,,103,178,202,350,DiancieMega,dianciemega,"""","[""pokemon"",""dianciemega""],",Mega-Diancie # 
362,Mega Glalie,Mega-Firnontor,,,ICE,- -,80,120,80,120,80,100,580,"96,67",Refrigerate,,,-60,4,,,,0,,,,,,,,,1,,ja,,,0,,,,0,,,,,,,,,,,,,1,,,,,,,,,ja,,,,,,,,,,,94,167,184,328,GlalieMega,glaliemega,"""","[""pokemon"",""glaliemega""],",Mega-Firnontor # 
303,Mega Mawile,Mega-Flunkifer,,,STEEL,FAIRY,50,105,125,55,95,50,480,80,Huge Power,,,BANNED,17,,,,1,,,,,,ja,,,1,ja,,,,0,,,,0,,,,,,,,,,,,,0,,,,,,,,,,,,,,,,,,,,49,112,94,218,MawileMega,mawilemega,"""","[""pokemon"",""mawilemega""],",Mega-Flunkifer # 
475,Mega Gallade,Mega-Galagladi,,,PSYCHIC,FIGHTING,68,165,95,65,115,110,618,103,Inner Focus,,,0,16,,,,1,,,,ja,,,ja,,0,,,,,0,,,,1,ja,,,,,,,,,,,,2,,,,,,,,,,ja,,,,ja,,,,,,103,178,202,350,GalladeMega,gallademega,"""","[""pokemon"",""gallademega""],",Mega-Galagladi # 
130,Mega Gyarados,Mega-Garados,,,WATER,DARK,95,155,109,70,130,81,640,"106,67",Mold Breaker,,,0,14,,,,0,,,,,,,,,0,,,,,0,,,,0,,,,,,,,,,,,,0,,,,,,,,,,,,,,,,,,,,77,146,150,287,GyaradosMega,gyaradosmega,"""","[""pokemon"",""gyaradosmega""],",Mega-Garados # 
94,Mega Gengar,Mega-Gengar,,,GHOST,POISON,60,65,80,170,95,130,600,100,Shadow Tag,,,BANNED,BANNED,,,,0,,,,,,,ja,,0,,,,,0,,,,0,,,,,,,,,,,,,1,,,ja,,,,,,,,,,,,,,,,,121,200,238,394,GengarMega,gengarmega,"""","[""pokemon"",""gengarmega""],",Mega-Gengar # 
254,Mega Sceptile,Mega-Gewaldro,,,GRASS,DRAGON,70,110,75,145,85,145,630,105,Lightning Rod,,,-40,11,,,,0,,,,,,,,,0,,,,,0,,,,1,,,,ja,,,,,,,,,1,,,,,,,,,,,ja,,,,,,,,,135,216,265,427,SceptileMega,sceptilemega,"""","[""pokemon"",""sceptilemega""],",Mega-Gewaldro # 
6,Mega Charizard X,Mega-Glurak X,,,FIRE,DRAGON,78,130,111,130,85,100,634,"105,67",Tough Claws,,,0,16,,,,0,,,,,,,,ja,0,,,,,1,ja,,,1,,,ja,,,,,,,,,,1,,,,,,,,,,,ja,,,,,,,,,94,167,184,328,CharizardMegaX,charizardmegax,"""","[""pokemon"",""charizardmegax""],",Mega-Glurak X # 
6,Mega Charizard Y,Mega-Glurak Y,,,FIRE,FLYING,78,104,78,159,115,100,634,"105,67",Drought,,,0,14,,,,0,,,,,,,,ja,0,,,,,1,ja,,,1,,,ja,,,,,,,,,,1,,,,,,,,,,,ja,,,,,,,,,94,167,184,328,CharizardMegaY,charizardmegay,"""","[""pokemon"",""charizardmegay""],",Mega-Glurak Y # 
282,Mega Gardevoir,Mega-Guardevoir,,,PSYCHIC,FAIRY,68,85,65,165,135,100,618,103,Pixilate,,,0,15,,,,1,,,,ja,,,ja,,0,,,,,0,,,,1,ja,,,,,,,,,,,,1,,,,,,,,,,ja,,,,,,,,,,94,167,184,328,GardevoirMega,gardevoirmega,"""","[""pokemon"",""gardevoirmega""],",Mega-Guardevoir # 
229,Mega Houndoom,Mega-Hundemon,,,DARK,FIRE,75,90,90,140,90,115,600,100,Solar Power,,,-40,11,,,,0,,,,,,,,,0,,,,,0,,,,0,,,,,,,,,,,,,1,,,ja,,,,,,,,,,,,,,,,,108,183,211,361,HoundoomMega,houndoommega,"""","[""pokemon"",""houndoommega""],",Mega-Hundemon # 
115,Mega Kangaskhan,Mega-Kangama,,,NORMAL,- -,105,125,100,60,100,100,590,"98,33",Parental Bond,,,BANNED,17,,,,0,,,,,,,,,0,,,,,0,,,,1,ja,,,,,,,,,,,,2,,,ja,ja,,,,,,,,,,,,,,,,94,167,184,328,KangaskhanMega,kangaskhanmega,"""","[""pokemon"",""kangaskhanmega""],",Mega-Kangama # 
445,Mega Garchomp,Mega-Knakrack,,,DRAGON,GROUND,108,170,115,120,95,92,700,"116,67",Sand Force,,,-40,13,,,,0,,,,,,,,,1,ja,,,,0,,,,0,,,,,,,,,,,,,0,,,,,,,,,,,,,,,,,,,,87,158,170,311,GarchompMega,garchompmega,"""","[""pokemon"",""garchompmega""],",Mega-Knakrack # 
80,Mega Slowbro,Mega-Lahmus,,,WATER,PSYCHIC,95,75,180,130,80,30,590,"98,33",Shell Armor,,,0,14,,,,1,,,,ja,,,ja,,0,,,,,0,,,,1,,,,,ja,,,,,,,,0,,,,,,,,,,,,,,,,,,,,31,90,58,174,SlowbroMega,slowbromega,"""","[""pokemon"",""slowbromega""],",Mega-Lahmus # 
380,Mega Latias,Mega-Latias,,,DRAGON,PSYCHIC,80,100,120,140,150,110,700,"116,67",Levitate,,,BANNED,BANNED,,,,1,,,,,,ja,,ja,0,,,,,1,ja,,,3,ja,ja,ja,,,,,,,,,,1,,,ja,,,,,,,,,,,,,,,,,103,178,202,350,LatiasMega,latiasmega,"""","[""pokemon"",""latiasmega""],",Mega-Latias # 
381,Mega Latios,Mega-Latios,,,DRAGON,PSYCHIC,80,130,100,160,120,110,700,"116,67",Levitate,,,BANNED,17,,,,1,,,,,,ja,,ja,0,,,,,1,ja,,,2,,ja,ja,,,,,,,,,,0,,,,,,,,,,,,,,,,,,,,103,178,202,350,LatiosMega,latiosmega,"""","[""pokemon"",""latiosmega""],",Mega-Latios # 
257,Mega Blaziken,Mega-Lohgock,,,FIRE,FIGHTING,80,160,80,130,80,100,630,105,Speed Boost,,,BANNED,BANNED,,,,2,,ja,,,,ja,,,0,,,,,1,ja,,,0,,,,,,,,,,,,,2,,,,,,,,,,,ja,,,ja,,,,,,94,167,184,328,BlazikenMega,blazikenmega,"""","[""pokemon"",""blazikenmega""],",Mega-Lohgock # 
448,Mega Lucario,Mega-Lucario,,,FIGHTING,STEEL,70,145,88,140,70,112,625,"104,17",Adaptability,,,BANNED,BANNED,,,,0,,,,,,,,,0,,,,,0,,,,0,,,,,,,,,,,,,4,ja,,,,,,ja,,,,ja,,,ja,,,,,,105,180,206,355,LucarioMega,lucariomega,"""","[""pokemon"",""lucariomega""],",Mega-Lucario # 
308,Mega Medicham,Mega-Meditalis,,,PSYCHIC,FIGHTING,60,100,85,80,85,100,510,85,Pure Power,,,0,15,,,,1,,,,,,ja,,,0,,,,,0,,,,1,,ja,,,,,,,,,,,2,,,,ja,,,,,,,,,,ja,,,,,,94,167,184,328,MedichamMega,medichammega,"""","[""pokemon"",""medichammega""],",Mega-Meditalis # 
376,Mega Metagross,Mega-Metagross,,,STEEL,PSYCHIC,80,145,150,105,110,110,700,"116,67",Tough Claws,,,BANNED,BANNED,,,,0,,,,,,,,,1,ja,,,,0,,,,0,,,,,,,,,,,,,1,,,,,,,ja,,,,,,,,,,,,,103,178,202,350,MetagrossMega,metagrossmega,"""","[""pokemon"",""metagrossmega""],",Mega-Metagross # 
150,Mega Mewtwo X,Mega-Mewtu X,,,PSYCHIC,FIGHTING,106,190,100,154,100,130,780,130,Steadfast,,,BANNED,BANNED,,,,1,,,,ja,,,ja,,0,,,,,0,,,,1,,ja,,,,,,,,,,,0,,,,,,,,,,,,,,,,,,,,121,200,238,394,MewtwoMegaX,mewtwomegax,"""","[""pokemon"",""mewtwomegax""],",Mega-Mewtu X # 
150,Mega Mewtwo Y,Mega-Mewtu X,,,PSYCHIC,- -,106,150,70,194,120,140,780,130,Insomnia,,,BANNED,BANNED,,,,1,,,,ja,,,ja,,0,,,,,0,,,,1,,ja,,,,,,,,,,,0,,,,,,,,,,,,,,,,,,,,130,211,256,416,MewtwoMegaY,mewtwomegay,"""","[""pokemon"",""mewtwomegay""],",Mega-Mewtu X # 
531,Mega Audino,Mega-Ohrdoch,,,NORMAL,FAIRY,103,60,126,80,126,50,545,"90,83",Healer,,,-80,7,,,,0,,,,,,,ja,,0,,,,,0,,,,1,ja,,,,,,,,,,,,0,,,,,,,,,,,,,,,,,,,,49,112,94,218,AudinoMega,audinomega,"""","[""pokemon"",""audinomega""],",Mega-Ohrdoch # 
127,Mega Pinsir,Mega-Pinsir,,,BUG,FLYING,65,155,120,65,90,105,600,100,Aerilate,,,0,16,,,,0,,,,,,,,,1,ja,,,,0,,,,0,,,,,,,,,,,,,1,,,,,,,,,,,ja,,,,,,,,,99,172,193,339,PinsirMega,pinsirmega,"""","[""pokemon"",""pinsirmega""],",Mega-Pinsir # 
384,Mega Rayquaza,Mega-Rayquaza,,,DRAGON,FLYING,105,180,100,180,100,115,780,130,Delta Stream,,,BANNED,BANNED,,,,0,,,,,,,,ja,0,,,,,1,ja,,,0,,,,,,,,,,,,,1,ja,,,,,,,,,,,,,,,,,,,108,183,211,361,RayquazaMega,rayquazamega,"""","[""pokemon"",""rayquazamega""],",Mega-Rayquaza # 
460,Mega Abomasnow,Mega-Rexblisar,,,GRASS,ICE,90,132,105,132,105,30,594,99,Snow Warning,,,-60,5,,,,0,,,,,,,,,0,,,,,0,,,,1,,,,ja,,,,,,,,,1,,,,,,,,,ja,,,,,,,ja,ja,,,31,90,58,174,AbomasnowMega,abomasnowmega,"""","[""pokemon"",""abomasnowmega""],",Mega-Rexblisar # 
212,Mega Scizor,Mega-Scherox,,,BUG,STEEL,70,150,140,65,100,75,600,100,Technician,,,0,15,,,,2,,ja,,,,ja,,ja,0,,,,,1,ja,,,2,,,ja,,,,ja,,,,,,3,,,,,,,ja,,,,ja,,,ja,,,,,,72,139,139,273,ScizorMega,scizormega,"""","[""pokemon"",""scizormega""],",Mega-Scherox # 
428,Mega Lopunny,Mega-Schlapor,,,NORMAL,FIGHTING,65,136,94,54,96,135,580,"96,67",Scrappy,,,0,16,,,,2,,ja,,,,ja,,,0,,,,,0,,,,0,,,,,,,,,,,,,2,,,,ja,,,,,,,ja,,,,,,,,,126,205,247,405,LopunnyMega,lopunnymega,"""","[""pokemon"",""lopunnymega""],",Mega-Schlapor # 
65,Mega Alakazam,Mega-Simsala,,,PSYCHIC,- -,55,50,65,175,105,150,600,100,Trace,,,0,14,,,,1,,,,ja,,,ja,,0,,,,,0,,,,1,,ja,,,,,,,,,,,0,,,,,,,,,,,,,,,,,,,,139,222,274,438,AlakazamMega,alakazammega,"""","[""pokemon"",""alakazammega""],",Mega-Simsala # 
214,Mega Heracross,Mega-Skaraborn,,,BUG,FIGHTING,80,185,115,40,105,75,600,100,Skill Link,,,0,13,,,,0,,,,,,,,,1,,ja,,,0,,,,0,,,,,,,,,,,,,1,,,,,,,,,,,,,,ja,,,,,,72,139,139,273,HeracrossMega,heracrossmega,"""","[""pokemon"",""heracrossmega""],",Mega-Skaraborn # 
208,Mega Steelix,Mega-Stahlos,,,GROUND,STEEL,75,125,230,55,95,30,610,"101,67",Sand Force,,,-60,6,,,,0,,,,,,,,,1,ja,,,,0,,,,0,,,,,,,,,,,,,0,,,,,,,,,,,,,,,,,,,,31,90,58,174,SteelixMega,steelixmega,"""","[""pokemon"",""steelixmega""],",Mega-Stahlos # 
306,Mega Aggron,Mega-Stolloss,,,STEEL,- -,70,140,230,60,80,50,630,105,Filter,,,-40,11,,,,0,,,,,,,,,1,ja,,,,0,,,,0,,,,,,,,,,,,,0,,,,,,,,,,,,,,,,,,,,49,112,94,218,AggronMega,aggronmega,"""","[""pokemon"",""aggronmega""],",Mega-Stolloss # 
260,Mega Swampert,Mega-Sumpex,,,WATER,GROUND,100,150,110,95,110,70,635,"105,83",Swift Swim,,,0,13,,,,1,,,ja,,,,,,1,ja,,,,0,,,,0,,,,,,,,,,,,,0,,,,,,,,,,,,,,,,,,,,67,134,130,262,SwampertMega,swampertmega,"""","[""pokemon"",""swampertmega""],",Mega-Sumpex # 
18,Mega Pidgeot,Mega-Tauboss,,,NORMAL,FLYING,83,80,80,135,80,121,579,"96,5",No Guard,,,-40,12,,,,1,,ja,,,,,,ja,0,,,,,1,ja,,,1,,,ja,,,,,,,,,,1,,,,,,,,,,,ja,,,,,,,,,113,190,222,375,PidgeotMega,pidgeotmega,"""","[""pokemon"",""pidgeotmega""],",Mega-Tauboss # 
319,Mega Sharpedo,Mega-Tohaido,,,WATER,DARK,70,140,70,110,65,105,560,"93,33",Strong Jaw,,,0,14,,,,1,,,ja,,,,,,0,,,,,0,,,,0,,,,,,,,,,,,,1,,,,,,,,ja,,,,,,,,,,,,99,172,193,339,SharpedoMega,sharpedomega,"""","[""pokemon"",""sharpedomega""],",Mega-Tohaido # 
9,Mega Blastoise,Mega-Turtok,,,WATER,- -,79,103,120,135,115,78,630,105,Mega Launcher,,,-40,13,,,,1,,,ja,,,,,,0,,,,,1,,ja,,0,,,,,,,,,,,,,2,,,,ja,,,,ja,,,,,,,,,,,,74,143,144,280,BlastoiseMega,blastoisemega,"""","[""pokemon"",""blastoisemega""],",Mega-Turtok # 
310,Mega Manectric,Mega-Voltenso,,,ELECTRIC,- -,70,75,80,135,80,135,575,"95,83",Intimidate,,,-40,12,,,,1,ja,,,,,,,,0,,,,,0,,,,0,,,,,,,,,,,,,1,,,,,,,,,,,ja,,,,,,,,,126,205,247,405,ManectricMega,manectricmega,"""","[""pokemon"",""manectricmega""],",Mega-Voltenso # 
302,Mega Sableye,Mega-Zobiris,,,DARK,GHOST,50,85,125,85,115,20,480,80,Magic Bounce,,,0,12,,,,0,,,,,,,,,0,,,,,0,,,,2,,ja,,,,ja,,,,,,,3,,,ja,ja,,,,,,ja,,,,,,,,,,22,79,40,152,SableyeMega,sableyemega,"""","[""pokemon"",""sableyemega""],",Mega-Zobiris # 
606,Beheeyem,Megalon,,,PSYCHIC,- -,75,75,75,125,95,40,485,"80,83",Telepathy,Synchronize,Analytic,40,3,,,,1,,,,ja,,,ja,,0,,,,,0,,,,1,,ja,,,,,,,,,,,0,,,,,,,,,,,,,,,,,,,,40,101,76,196,Beheeyem,beheeyem,"""","[""pokemon"",""beheeyem""],",Megalon # 
154,Meganium,Meganie,,,GRASS,- -,80,82,100,83,100,80,525,"87,5",Overgrow,,Leaf Guard,40,2,,,,0,,,,,,,,,0,,,,,0,,,,1,,,,ja,,,,,,,,,0,,,,,,,,,,,,,,,,,,,,76,145,148,284,Meganium,meganium,"""","[""pokemon"",""meganium""],",Meganie # 
821,Rookidee,Meikro,,,FLYING,- -,38,47,35,33,35,57,245,"40,83",Keen Eye,Unnerve,Big Pecks,,,,,,1,,ja,,,,,,ja,0,,,,,1,ja,,,1,,,ja,,,,,,,,,,0,,,,,,,,,,,,,,,,,,,,55,119,107,234,Rookidee,rookidee,"""","[""pokemon"",""rookidee""],",Meikro # 
534,Conkeldurr,Meistagrif,,,FIGHTING,- -,105,140,95,55,65,45,505,"84,17",Guts,Sheer Force,Iron Fist,120,13,,,,0,,,,,,,,,0,,,,,1,ja,,,0,,,,,,,,,,,,,1,,,,,,ja,,,,,,,,,,,,,,45,106,85,207,Conkeldurr,conkeldurr,"""","[""pokemon"",""conkeldurr""],",Meistagrif # 
809,Melmetal,Melmetal,,,STEEL,- -,135,143,143,80,65,34,600,100,Iron Fist,,,,,,,,0,,,,,,,,,0,,,,,0,,,,0,,,,,,,,,,,,,0,,,,,,,,,,,,,,,,,,,,35,94,65,183,Melmetal,melmetal,"""","[""pokemon"",""melmetal""],",Melmetal # 
648,Meloetta,Meloetta,,,NORMAL,PSYCHIC,100,77,77,128,128,90,600,100,Serene Grace,,,100,11,,,,1,,ja,,,,,ja,,0,,,,,0,,,,0,,,,,,,,,,,,,1,,,,,,,,,,,ja,,,,,,,,,85,156,166,306,Meloetta,meloetta,"""","[""pokemon"",""meloetta""],",Meloetta # 
648,Meloetta-Pirouette,Meloetta-Tanz,,,NORMAL,FIGHTING,100,128,90,77,77,128,600,100,Serene Grace,,,BANNED,BANNED,,,,1,,ja,,,,,ja,,0,,,,,0,,,,0,,,,,,,,,,,,,1,,,,,,,,,,,ja,,,,,,,,,119,198,234,390,MeloettaPirouette,meloettapirouette,"""","[""pokemon"",""meloettapirouette""],",Meloetta-Tanz # 
808,Meltan,Meltan,,,STEEL,- -,46,65,65,55,35,34,300,50,Magnet Pull,,,,,,,,0,,,,,,,,,0,,,,,0,,,,0,,,,,,,,,,,,,0,,,,,,,,,,,,,,,,,,,,35,94,65,183,Meltan,meltan,"""","[""pokemon"",""meltan""],",Meltan # 
816,Sobble,Memmeon,,,WATER,- -,50,40,40,70,40,70,310,"51,67",Torrent,,Sniper,,,,,,2,,ja,,,,ja,,,0,,,,,0,,,,0,,,,,,,,,,,,,3,,,ja,,,,,ja,ja,,,,,,,,,,,67,134,130,262,Sobble,sobble,"""","[""pokemon"",""sobble""],",Memmeon # 
56,Mankey,Menki,,,FIGHTING,- -,40,80,35,35,45,70,305,"50,83",Vital Spirit,Anger Point,Defiant,40,1,,,,1,,ja,,,,,,,0,,,,,0,,,,0,,,,,,,,,,,,,1,,,,,,,,,,,,,,ja,,,,,,67,134,130,262,Mankey,mankey,"""","[""pokemon"",""mankey""],",Menki # 
376,Metagross,Metagross,,,STEEL,PSYCHIC,80,135,130,95,90,70,600,100,Clear Body,,Light Metal,100,11,,,,0,,,,,,,,,1,ja,,,,0,,,,0,,,,,,,,,,,,,1,,,,,,,ja,,,,,,,,,,,,,67,134,130,262,Metagross,metagross,"""","[""pokemon"",""metagross""],",Metagross # 
375,Metang,Metang,,,STEEL,PSYCHIC,60,75,100,55,80,50,420,70,Clear Body,,Light Metal,40,2,,,,0,,,,,,,,,1,ja,,,,0,,,,0,,,,,,,,,,,,,1,,,,,,,ja,,,,,,,,,,,,,49,112,94,218,Metang,metang,"""","[""pokemon"",""metang""],",Metang # 
774,Minior,Meteno,,,ROCK,FLYING,60,60,100,60,100,60,440,"73,33",Shields Down,,,60,8,,,,1,,ja,,,,,,,1,ja,,,,0,,,,0,,,,,,,,,,,,,0,,,,,,,,,,,,,,,,,,,,58,123,112,240,Minior,minior,"""","[""pokemon"",""minior""],",Meteno # 
774,Minior-Core,Meteno-Kern,,,ROCK,FLYING,60,100,60,100,60,120,500,"83,33",Shields Down,,,BANNED,BANNED,,,,1,,ja,,,,,,,1,ja,,,,0,,,,0,,,,,,,,,,,,,0,,,,,,,,,,,,,,,,,,,,112,189,220,372,MiniorCore,miniorcore,"""","[""pokemon"",""miniorcore""],",Meteno-Kern # 
151,Mew,Mew,,,PSYCHIC,- -,100,100,100,100,100,100,600,100,Synchronize,,,180,17,,,,5,ja,ja,ja,ja,,ja,ja,ja,3,ja,ja,ja,,1,ja,,,3,,,ja,ja,,,,,,,,ja,3,,,ja,ja,,,,,,,,,,ja,,,,,,94,167,184,328,Mew,mew,"""","[""pokemon"",""mew""],",Mew # 
150,Mewtwo,Mewtu,,,PSYCHIC,- -,106,110,90,154,90,130,680,"113,33",Pressure,,Unnerve,BANNED,BANNED,,,,1,,,,ja,,,ja,,0,,,,,0,,,,1,,ja,,,,,,,,,,,0,,,,,,,,,,,,,,,,,,,,121,200,238,394,Mewtwo,mewtwo,"""","[""pokemon"",""mewtwo""],",Mewtu # 
726,Torracat,Miezunder,,,FIRE,- -,65,85,50,80,50,90,420,70,Blaze,,Intimidate,40,3,,,,2,,ja,,,ja,,,,0,,,,,0,,,,0,,,,,,,,,,,,,1,,,,ja,,,,,,,,,,,,,,,,85,156,166,306,Torracat,torracat,"""","[""pokemon"",""torracat""],",Miezunder # 
350,Milotic,Milotic,,,WATER,- -,95,60,79,100,125,81,540,90,Marvel Scale,Competitive,Cute Charm,120,12,,,,1,,,ja,,,,,,0,,,,,0,,,,1,,ja,,,,,,,,,,,0,,,,,,,,,,,,,,,,,,,,77,146,150,287,Milotic,milotic,"""","[""pokemon"",""milotic""],",Milotic # 
241,Miltank,Miltank,,,NORMAL,- -,95,80,105,40,70,100,490,"81,67",Thick Fat,Scrappy,Sap Sipper,60,8,,,,0,,,,,,,,,1,ja,,,,0,,,,1,,,,,,,,,,ja,,,0,,,,,,,,,,,,,,,,,,,,94,167,184,328,Miltank,miltank,"""","[""pokemon"",""miltank""],",Miltank # 
610,Axew,Milza,,,DRAGON,- -,46,87,60,30,40,57,320,"53,33",Rivalry,Mold Breaker,Unnerve,40,1,,,,0,,,,,,,,,0,,,,,0,,,,0,,,,,,,,,,,,,1,,ja,,,,,,,,,,,,,,,,,,55,119,107,234,Axew,axew,"""","[""pokemon"",""axew""],",Milza # 
778,Mimikyu,Mimigma,,,GHOST,FAIRY,55,90,80,50,105,96,476,"79,33",Disguise,,,180,13,,,,0,,,,,,,ja,,0,,,,,0,,,,0,,,,,,,,,,,,,1,,,,,,,,,,ja,,,,,,,,,,90,162,177,320,Mimikyu,mimikyu,"""","[""pokemon"",""mimikyu""],",Mimigma # 
782,Jangmo-o,Miniras,,,DRAGON,- -,45,55,65,45,45,45,300,50,Bulletproof,Soundproof,Overcoat,40,1,,,,0,,,,,,,,,0,,,,,0,,,,0,,,,,,,,,,,,,0,,,,,,,,,,,,,,,,,,,,45,106,85,207,Jangmoo,jangmoo,"""","[""pokemon"",""jangmoo""],",Miniras # 
312,Minun,Minun,,,ELECTRIC,- -,60,40,50,75,85,95,405,"67,5",Minus,,Volt Absorb,40,1,,,,2,ja,,,,,ja,,,0,,,,,0,,,,1,ja,,,,,,,,,,,,1,,,,,,,,,,,ja,,,,,,,,,90,161,175,317,Minun,minun,"""","[""pokemon"",""minun""],",Minun # 
578,Duosion,Mitodos,,,PSYCHIC,- -,65,40,50,125,60,30,370,"61,67",Overcoat,Magic Guard,Regenerator,40,1,,,,0,,,,,,,ja,,0,,,,,0,,,,1,,ja,,,,,,,,,,,0,,,,,,,,,,,,,,,,,,,,31,90,58,174,Duosion,duosion,"""","[""pokemon"",""duosion""],",Mitodos # 
438,Bonsly,Mobai,,,ROCK,- -,50,80,95,10,45,10,290,"48,33",Sturdy,Rock Head,Rattled,40,1,,,,0,,,,,,,,,1,ja,,,,0,,,,0,,,,,,,,,,,,,1,,,ja,,,,,,,,,,,,,,,,,13,68,22,130,Bonsly,bonsly,"""","[""pokemon"",""bonsly""],",Mobai # 
185,Sudowoodo,Mogelbaum,,,ROCK,- -,70,100,115,30,65,30,410,"68,33",Sturdy,Rock Head,Rattled,40,2,,,,0,,,,,,,,,1,ja,,,,0,,,,0,,,,,,,,,,,,,1,,,ja,,,,,,,,,,,,,,,,,31,90,58,174,Sudowoodo,sudowoodo,"""","[""pokemon"",""sudowoodo""],",Mogelbaum # 
574,Gothita,Mollimorba,,,PSYCHIC,- -,45,30,50,55,65,45,290,"48,33",Frisk,Competitive,Shadow Tag,40,1,,,,0,,,,,,,ja,,0,,,,,0,,,,0,,,,,,,,,,,,,1,,,,ja,,,,,,,,,,,,,,,,45,106,85,207,Gothita,gothita,"""","[""pokemon"",""gothita""],",Mollimorba # 
757,Salandit,Molunk,,,POISON,FIRE,48,44,40,71,40,77,320,"53,33",Corrosion,,Oblivious,40,1,,,,0,,,,,,,,,0,,,,,0,,,,0,,,,,,,,,,,,,1,,,,ja,,,,,,,,,,,,,,,,73,141,143,278,Salandit,salandit,"""","[""pokemon"",""salandit""],",Molunk # 
697,Tyrantrum,Monargoras,,,ROCK,DRAGON,82,121,119,69,59,71,521,"86,83",Strong Jaw,,Rock Head,100,9,,,,0,,,,,,,,,1,ja,,,,0,,,,0,,,,,,,,,,,,,0,,,,,,,,,,,,,,,,,,,,68,135,132,265,Tyrantrum,tyrantrum,"""","[""pokemon"",""tyrantrum""],",Monargoras # 
577,Solosis,Monozyto,,,PSYCHIC,- -,45,30,40,105,50,20,290,"48,33",Overcoat,Magic Guard,Regenerator,40,1,,,,0,,,,,,,ja,,0,,,,,0,,,,1,,ja,,,,,,,,,,,0,,,,,,,,,,,,,,,,,,,,22,79,40,152,Solosis,solosis,"""","[""pokemon"",""solosis""],",Monozyto # 
839,Coalossal,Montecarbo,,,ROCK,FIRE,110,80,120,80,90,30,510,85,Steam Engine,Flame Body,Flash Fire,,,,,,0,,,,,,,,,2,ja,ja,,,1,,ja,,0,,,,,,,,,,,,,0,,,,,,,,,,,,,,,,,,,,31,90,58,174,Coalossal,coalossal,"""","[""pokemon"",""coalossal""],",Montecarbo # 
259,Marshtomp,Moorabbel,,,WATER,GROUND,70,85,70,60,70,50,405,"67,5",Torrent,,Damp,40,1,,,,0,,,,,,,,,1,ja,,,,0,,,,0,,,,,,,,,,,,,0,,,,,,,,,,,,,,,,,,,,49,112,94,218,Marshtomp,marshtomp,"""","[""pokemon"",""marshtomp""],",Moorabbel # 
576,Gothitelle,Morbitesse,,,PSYCHIC,- -,70,55,95,95,110,65,490,"81,67",Frisk,Competitive,Shadow Tag,40,7,,,,0,,,,,,,ja,,0,,,,,0,,,,0,,,,,,,,,,,,,1,,,,ja,,,,,,,,,,,,,,,,63,128,121,251,Gothitelle,gothitelle,"""","[""pokemon"",""gothitelle""],",Morbitesse # 
195,Quagsire,Morlord,,,WATER,GROUND,95,85,85,65,65,35,430,"71,67",Damp,Water Absorb,Unaware,40,4,,,,0,,,,,,,,,0,,,,,0,,,,1,,ja,,,,,,,,,,,0,,,,,,,,,,,,,,,,,,,,36,95,67,185,Quagsire,quagsire,"""","[""pokemon"",""quagsire""],",Morlord # 
877,Morpeko,Morpeko,,,DARK,ELECTRIC,58,95,58,70,58,97,436,"72,67",Hunger Switch,,,,,,,,2,ja,,,,ja,,,,0,,,,,1,,ja,,0,,,,,,,,,,,,,2,,,,ja,,,,,,,ja,,,,,,,,,91,163,179,322,Morpeko,morpeko,"""","[""pokemon"",""morpeko""],",Morpeko # 
855,Polteageist,Mortipot,,,GHOST,- -,60,65,65,134,114,70,508,"84,67",Weak Armor,,Cursed Body,,,,,,1,,,,,,ja,,,0,,,,,0,,,,0,,,,,,,,,,,,,1,,,ja,,,,,,,,,,,,,,,,,67,134,130,262,Polteageist,polteageist,"""","[""pokemon"",""polteageist""],",Mortipot # 
781,Dhelmise,Moruda,,,GHOST,GRASS,70,131,100,86,90,40,517,"86,17",Steelworker,,,60,10,,,,0,,,,,,,,,0,,,,,1,,ja,,1,,,,ja,,,,,,,,,0,,,,,,,,,,,,,,,,,,,,40,101,76,196,Dhelmise,dhelmise,"""","[""pokemon"",""dhelmise""],",Moruda # 
414,Mothim,Moterpel,,,BUG,FLYING,70,94,50,94,50,66,424,"70,67",Swarm,,Tinted Lens,40,1,,,,1,,ja,,,,,,ja,0,,,,,1,ja,,,1,,,ja,,,,,,,,,,0,,,,,,,,,,,,,,,,,,,,63,129,123,254,Mothim,mothim,"""","[""pokemon"",""mothim""],",Moterpel # 
873,Frosmoth,Mottineva,,,ICE,BUG,70,65,60,125,90,65,475,"79,17",Shield Dust,,Ice Scales,,,,,,1,,ja,,,,,,ja,0,,,,,1,ja,,,0,,,,,,,,,,,,,0,,,,,,,,,,,,,,,,,,,,63,128,121,251,Frosmoth,frosmoth,"""","[""pokemon"",""frosmoth""],",Mottineva # 
288,Vigoroth,Muntier,,,NORMAL,- -,80,80,80,55,55,90,440,"73,33",Vital Spirit,,,40,2,,,,0,,,,,,,,,0,,,,,0,,,,1,,,,,ja,,,,,,,,1,,,ja,,,,,,,,,,,,,,,,,85,156,166,306,Vigoroth,vigoroth,"""","[""pokemon"",""vigoroth""],",Muntier # 
805,Stakataka,Muramura,,,ROCK,STEEL,61,131,211,53,101,13,570,95,Beast Boost,,,120,10,,,,0,,,,,,,ja,,1,ja,,,,0,,,,0,,,,,,,,,,,,,0,,,,,,,,,,,,,,,,,,,,16,71,27,137,Stakataka,stakataka,"""","[""pokemon"",""stakataka""],",Muramura # 
90,Shellder,Muschas,,,WATER,- -,30,65,100,45,25,40,305,"50,83",Shell Armor,Skill Link,Overcoat,40,1,,,,1,,,,ja,,,,,0,,,,,1,,ja,,0,,,,,,,,,,,,,1,,,,,,,,,ja,,,,,,,,,,,40,101,76,196,Shellder,shellder,"""","[""pokemon"",""shellder""],",Muschas # 
43,Oddish,Myrapla,,,POISON,FLYING,45,50,55,75,65,30,320,"53,33",Chlorophyll,,Run Away,40,1,,,,0,,,,,,,,,0,,,,,0,,,,2,,,,ja,,ja,,,,,,,0,,,,,,,,,,,,,,,,,,,,31,90,58,174,Oddish,oddish,"""","[""pokemon"",""oddish""],",Myrapla # 
197,Umbreon,Nachtara,,,DARK,- -,95,65,110,60,130,65,525,"87,5",Synchronize,,Inner Focus,100,8,,,,1,,,,,,ja,,,0,,,,,0,,,,2,ja,,,,,ja,,,,,,,2,,,ja,,,,,,,,ja,,,,,,,,,63,128,121,251,Umbreon,umbreon,"""","[""pokemon"",""umbreon""],",Nachtara # 
504,Patrat,Nagelotz,,,NORMAL,- -,45,55,39,35,39,42,255,"42,5",Run Away,Keen Eye,Analytic,40,1,,,,1,,,,,,ja,,,0,,,,,0,,,,0,,,,,,,,,,,,,0,,,,,,,,,,,,,,,,,,,,42,103,80,201,Patrat,patrat,"""","[""pokemon"",""patrat""],",Nagelotz # 
299,Nosepass,Nasgnet,,,ROCK,- -,30,45,135,45,90,30,375,"62,5",Sturdy,Magnet Pull,Sand Force,40,1,,,,1,ja,,,,,,,,1,ja,,,,0,,,,0,,,,,,,,,,,,,0,,,,,,,,,,,,,,,,,,,,31,90,58,174,Nosepass,nosepass,"""","[""pokemon"",""nosepass""],",Nasgnet # 
177,Natu,Natu,,,PSYCHIC,FLYING,40,50,45,70,45,70,320,"53,33",Synchronize,Early Bird,Magic Bounce,40,1,,,,3,,ja,,ja,,ja,ja,ja,0,,,,,0,,,,2,ja,,ja,,,,,,,,,,2,,,ja,,,,,,,,ja,,,,,,,,,67,134,130,262,Natu,natu,"""","[""pokemon"",""natu""],",Natu # 
520,Tranquill,Navitaub,,,NORMAL,FLYING,62,77,62,50,42,65,358,"59,67",Big Pecks,Super Luck,Rivalry,40,1,,,,1,,ja,,,,,,,0,,,,,1,ja,,,3,ja,,ja,,,,ja,,,,,,1,,,,,,,,,,,ja,,,,,,,,,63,128,121,251,Tranquill,tranquill,"""","[""pokemon"",""tranquill""],",Navitaub # 
92,Gastly,Nebulak,,,GHOST,POISON,30,35,30,100,35,80,310,"51,67",Levitate,,,40,1,,,,0,,,,,,,ja,,0,,,,,0,,,,0,,,,,,,,,,,,,1,,,ja,,,,,,,,,,,,,,,,,76,145,148,284,Gastly,gastly,"""","[""pokemon"",""gastly""],",Nebulak # 
800,Necrozma,Necrozma,,,PSYCHIC,- -,97,107,101,127,89,79,600,100,Prism Armor,,,120,13,,,,0,,,,,,,ja,,1,ja,,,,0,,,,2,,,,,,ja,ja,,,,,,0,,,,,,,,,,,,,,,,,,,,75,144,146,282,Necrozma,necrozma,"""","[""pokemon"",""necrozma""],",Necrozma # 
800,Necrozma-DuskMane,Necrozma-Abendmähne,,,PSYCHIC,STEEL,97,157,127,113,109,77,680,"113,33",Prism Armor,,,BANNED,BANNED,,,,0,,,,,,,ja,,1,ja,,,,0,,,,2,,,,,,ja,ja,,,,,,0,,,,,,,,,,,,,,,,,,,,73,141,143,278,NecrozmaDuskMane,necrozmaduskmane,"""","[""pokemon"",""necrozmaduskmane""],",Necrozma-Abendmähne # 
800,Necrozma-DawnWings,Necrozma-Morgenschwingen,,,PSYCHIC,GHOST,97,113,109,157,127,77,680,"113,33",Prism Armor,,,BANNED,BANNED,,,,0,,,,,,,ja,,1,ja,,,,0,,,,2,,,,,,ja,ja,,,,,,0,,,,,,,,,,,,,,,,,,,,73,141,143,278,NecrozmaDawnWings,necrozmadawnwings,"""","[""pokemon"",""necrozmadawnwings""],",Necrozma-Morgenschwingen # 
800,Necrozma-Ultra,Necrozma-Ultra,,,PSYCHIC,DRAGON,97,167,97,167,97,129,754,"125,67",Neuroforce,,,BANNED,BANNED,,,,0,,,,,,,ja,,1,ja,,,,0,,,,2,,,,,,ja,ja,,,,,,0,,,,,,,,,,,,,,,,,,,,120,199,236,392,NecrozmaUltra,necrozmaultra,"""","[""pokemon"",""necrozmaultra""],",Necrozma-Ultra # 
34,Nidoking,Nidoking,,,POISON,GROUND,81,102,77,85,75,85,505,"84,17",Poison Point,Rivalry,Sheer Force,100,12,,,,0,,,,,,,,,2,ja,,ja,,0,,,,0,,,,,,,,,,,,,1,,,ja,,,,,,,,,,,,,,,,,81,150,157,295,Nidoking,nidoking,"""","[""pokemon"",""nidoking""],",Nidoking # 
31,Nidoqueen,Nidoqueen,,,POISON,GROUND,90,92,87,75,85,76,505,"84,17",Poison Point,Rivalry,Sheer Force,100,12,,,,0,,,,,,,,,2,ja,,ja,,0,,,,0,,,,,,,,,,,,,1,,,ja,,,,,,,,,,,,,,,,,72,140,141,276,Nidoqueen,nidoqueen,"""","[""pokemon"",""nidoqueen""],",Nidoqueen # 
32,Nidoran,Nidoran,,,POISON,- -,46,57,40,40,40,50,273,"45,5",Poison Point,Rivalry,Hustle,40,1,,,,0,,,,,,,,,1,,,ja,,0,,,,0,,,,,,,,,,,,,1,,,ja,,,,,,,,,,,,,,,,,49,112,94,218,Nidoran,nidoran,"""","[""pokemon"",""nidoran""],",Nidoran # 
29,Nidoran-F,Nidoran-W,,,POISON,- -,55,47,52,40,40,41,275,"45,83",Poison Point,Rivalry,Hustle,40,1,,,,0,,,,,,,,,1,,,ja,,0,,,,0,,,,,,,,,,,,,1,,,ja,,,,,,,,,,,,,,,,,41,102,78,199,NidoranF,nidoranf,"""","[""pokemon"",""nidoranf""],",Nidoran-W # 
30,Nidorina,Nidorina,,,POISON,- -,70,62,67,55,55,56,365,"60,83",Poison Point,Rivalry,Hustle,40,1,,,,0,,,,,,,,,1,,,ja,,0,,,,0,,,,,,,,,,,,,1,,,ja,,,,,,,,,,,,,,,,,54,118,105,232,Nidorina,nidorina,"""","[""pokemon"",""nidorina""],",Nidorina # 
33,Nidorino,Nidorino,,,POISON,- -,61,72,57,55,55,65,365,"60,83",Poison Point,Rivalry,Hustle,40,1,,,,0,,,,,,,,,1,,,ja,,0,,,,0,,,,,,,,,,,,,1,,,ja,,,,,,,,,,,,,,,,,63,128,121,251,Nidorino,nidorino,"""","[""pokemon"",""nidorino""],",Nidorino # 
290,Nincada,Nincada,,,BUG,- -,31,45,90,30,30,40,266,"44,33",Compound Eyes,,Run Away,40,1,,,,0,,,,,,,,,0,,,,,0,,,,0,,,,,,,,,,,,,0,,,,,,,,,,,,,,,,,,,,40,101,76,196,Nincada,nincada,"""","[""pokemon"",""nincada""],",Nincada # 
291,Ninjask,Ninjask,,,BUG,FLYING,61,90,45,50,50,160,456,76,Speed Boost,,Infiltrator,40,3,,,,2,,ja,,,,ja,,,0,,,,,1,ja,,,1,,,ja,,,,,,,,,,0,,,,,,,,,,,,,,,,,,,,148,233,292,460,Ninjask,ninjask,"""","[""pokemon"",""ninjask""],",Ninjask # 
292,Shedinja,Ninjatom,,,BUG,GHOST,1,90,45,30,30,40,236,"39,33",Wonder Guard,,,40,1,,,,1,,,,,,ja,,,0,,,,,0,,,,0,,,,,,,,,,,,,2,,,ja,,,,,,,ja,,,,,,,,,,40,101,76,196,Shedinja,shedinja,"""","[""pokemon"",""shedinja""],",Ninjatom # 
107,Hitmonchan,Nockchan,,,FIGHTING,- -,50,105,79,35,110,76,455,"75,83",Keen Eye,Iron Fist,Inner Focus,40,4,,,,0,,,,,,,,,0,,,,,1,,ja,,0,,,,,,,,,,,,,4,,,,ja,,ja,ja,,,,,,,ja,,,,,,72,140,141,276,Hitmonchan,hitmonchan,"""","[""pokemon"",""hitmonchan""],",Nockchan # 
164,Noctowl,Noctuh,,,NORMAL,FLYING,100,50,50,86,96,70,452,"75,33",Insomnia,Keen Eye,Tinted Lens,40,2,,,,0,,,,,,,,ja,0,,,,,1,ja,,,1,,,ja,,,,,,,,,,0,,,,,,,,,,,,,,,,,,,,67,134,130,262,Noctowl,noctowl,"""","[""pokemon"",""noctowl""],",Noctuh # 
332,Cacturne,Noktuska,,,GRASS,DARK,70,115,60,115,60,55,475,"79,17",Sand Veil,,Water Absorb,40,2,,,,0,,,,,,,,,1,,ja,,,0,,,,1,,,,ja,,,,,,,,,1,,,ja,,,,,,,,,,,,,,,,,54,117,103,229,Cacturne,cacturne,"""","[""pokemon"",""cacturne""],",Noktuska # 
224,Octillery,Octillery,,,WATER,- -,75,105,75,105,75,45,480,80,Suction Cups,Sniper,Moody,40,1,,,,0,,,,,,,,,0,,,,,0,,,,0,,,,,,,,,,,,,0,,,,,,,,,,,,,,,,,,,,45,106,85,207,Octillery,octillery,"""","[""pokemon"",""octillery""],",Octillery # 
867,Runerigus,Oghnatoll,,,GROUND,GHOST,58,95,145,50,105,30,483,"80,5",Wandering Spirit,,,,,,,,0,,,,,,,ja,,2,ja,,ja,,0,,,,0,,,,,,,,,,,,,0,,,,,,,,,,,,,,,,,,,,31,90,58,174,Runerigus,runerigus,"""","[""pokemon"",""runerigus""],",Oghnatoll # 
531,Audino,Ohrdoch,,,NORMAL,- -,103,60,86,60,86,50,445,"74,17",Healer,Regenerator,Klutz,40,3,,,,0,,,,,,,ja,,0,,,,,0,,,,1,ja,,,,,,,,,,,,0,,,,,,,,,,,,,,,,,,,,49,112,94,218,Audino,audino,"""","[""pokemon"",""audino""],",Ohrdoch # 
861,Grimmsnarl,Olangaar,,,DARK,FAIRY,95,120,65,95,75,60,510,85,Prankster,Frisk,Pickpocket,,,,,,0,,,,,,,,,0,,,,,0,,,,0,,,,,,,,,,,,,2,,,ja,ja,,,,,,,,,,,,,,,,58,123,112,240,Grimmsnarl,grimmsnarl,"""","[""pokemon"",""grimmsnarl""],",Olangaar # 
49,Venomoth,Omot,,,BUG,POISON,70,65,60,90,75,90,450,75,Shield Dust,Tinted Lens,Wonder Skin,60,7,,,,3,,ja,,ja,,ja,,ja,1,,,ja,,1,ja,,,2,,,ja,,,,ja,,,,,,0,,,,,,,,,,,,,,,,,,,,85,156,166,306,Venomoth,venomoth,"""","[""pokemon"",""venomoth""],",Omot # 
95,Onix,Onix,,,ROCK,GROUND,35,45,160,30,45,70,385,"64,17",Rock Head,Sturdy,Weak Armor,40,1,,,,0,,,,,,,,,1,ja,,,,0,,,,0,,,,,,,,,,,,,0,,,,,,,,,,,,,,,,,,,,67,134,130,262,Onix,onix,"""","[""pokemon"",""onix""],",Onix # 
501,Oshawott,Ottaro,,,WATER,- -,55,55,45,63,45,45,308,"51,33",Torrent,,Shell Armor,40,1,,,,0,,,,,,,,,0,,,,,0,,,,0,,,,,,,,,,,,,1,,,,,,,,ja,,,,,,,,,,,,45,106,85,207,Oshawott,oshawott,"""","[""pokemon"",""oshawott""],",Ottaro # 
102,Exeggcute,Owei,,,GRASS,PSYCHIC,60,40,80,60,45,40,325,"54,17",Chlorophyll,,Harvest,40,1,,,,1,,,,ja,,,ja,,0,,,,,0,,,,3,ja,,,ja,,ja,,,,,,,0,,,,,,,,,,,,,,,,,,,,40,101,76,196,Exeggcute,exeggcute,"""","[""pokemon"",""exeggcute""],",Owei # 
417,Pachirisu,Pachirisu,,,ELECTRIC,- -,60,45,70,45,90,95,405,"67,5",Run Away,Pickup,Volt Absorb,40,1,,,,2,ja,ja,,,,,,,0,,,,,0,,,,0,,,,,,,,,,,,,1,,,,,,,,,,,ja,,,,,,,,,90,161,175,317,Pachirisu,pachirisu,"""","[""pokemon"",""pachirisu""],",Pachirisu # 
358,Chimecho,Palimpalim,,,PSYCHIC,- -,75,50,80,95,90,65,455,"75,83",Levitate,,,40,1,,,,0,,,,,,,ja,,0,,,,,1,ja,,,2,ja,ja,,,,,,,,,,,0,,,,,,,,,,,,,,,,,,,,63,128,121,251,Chimecho,chimecho,"""","[""pokemon"",""chimecho""],",Palimpalim # 
484,Palkia,Palkia,,,WATER,DRAGON,90,120,100,150,120,100,680,"113,33",Pressure,,Telepathy,BANNED,BANNED,,,,0,,,,,,,ja,,0,,,,,0,,,,0,,,,,,,,,,,,,0,,,,,,,,,,,,,,,,,,,,94,167,184,328,Palkia,palkia,"""","[""pokemon"",""palkia""],",Palkia # 
674,Pancham,Pam-Pam,,,DARK,- -,67,82,62,46,48,43,348,58,Iron Fist,Mold Breaker,Scrappy,40,1,,,,1,,,,,ja,,,,0,,,,,0,,,,0,,,,,,,,,,,,,0,,,,,,,,,,,,,,,,,,,,43,104,81,203,Pancham,pancham,"""","[""pokemon"",""pancham""],",Pam-Pam # 
750,Mudsdale,Pampross,,,GROUND,- -,100,125,100,55,85,35,500,"83,33",Own Tempo,Stamina,Inner Focus,40,6,,,,0,,,,,,,,,1,ja,,,,0,,,,0,,,,,,,,,,,,,0,,,,,,,,,,,,,,,,,,,,36,95,67,185,Mudsdale,mudsdale,"""","[""pokemon"",""mudsdale""],",Pampross # 
749,Mudbray,Pampuli,,,GROUND,- -,70,100,70,45,55,45,385,"64,17",Own Tempo,Stamina,Inner Focus,40,1,,,,0,,,,,,,,,1,ja,,,,0,,,,0,,,,,,,,,,,,,0,,,,,,,,,,,,,,,,,,,,45,106,85,207,Mudbray,mudbray,"""","[""pokemon"",""mudbray""],",Pampuli # 
675,Pangoro,Pandagro,,,DARK,FIGHTING,95,124,78,69,71,58,495,"82,5",Iron Fist,Mold Breaker,Scrappy,60,8,,,,1,,,,,ja,,,,0,,,,,0,,,,0,,,,,,,,,,,,,1,,,,,,,ja,,,,,,,,,,,,,56,121,108,236,Pangoro,pangoro,"""","[""pokemon"",""pangoro""],",Pandagro # 
327,Spinda,Pandir,,,NORMAL,- -,60,60,60,60,60,60,360,60,Own Tempo,Tangled Feet,Contrary,40,1,,,,1,,,,,,ja,ja,,0,,,,,1,,ja,,1,ja,,,,,,,,,,,,2,,,ja,ja,,,,,,,,,,,,,,,,58,123,112,240,Spinda,spinda,"""","[""pokemon"",""spinda""],",Pandir # 
268,Cascoon,Panekon,,,BUG,- -,50,35,55,25,25,15,205,"34,17",Shed Skin,,,40,1,,,,0,,,,,,,,,0,,,,,0,,,,0,,,,,,,,,,,,,0,,,,,,,,,,,,,,,,,,,,18,73,31,141,Cascoon,cascoon,"""","[""pokemon"",""cascoon""],",Panekon # 
392,Infernape,Panferno,,,FIRE,FIGHTING,76,104,71,104,71,108,534,89,Blaze,,Iron Fist,120,14,,,,1,,ja,,,,,,,1,ja,,,,0,,,,1,,,,,ja,,,,,,,,3,,,,ja,,ja,,,,,,,,ja,,,,,,101,176,198,346,Infernape,infernape,"""","[""pokemon"",""infernape""],",Panferno # 
390,Chimchar,Panflam,,,FIRE,- -,44,58,44,58,44,61,309,"51,5",Blaze,,Iron Fist,40,1,,,,1,,ja,,,,,,,1,ja,,,,0,,,,1,,,,,ja,,,,,,,,2,,,,ja,,,,,,,,,,ja,,,,,,59,124,114,243,Chimchar,chimchar,"""","[""pokemon"",""chimchar""],",Panflam # 
391,Monferno,Panpyro,,,FIRE,FIGHTING,64,78,52,78,52,81,405,"67,5",Blaze,,Iron Fist,40,1,,,,1,,ja,,,,,,,1,ja,,,,0,,,,1,,,,,ja,,,,,,,,3,,,,ja,,ja,,,,,,,,ja,,,,,,77,146,150,287,Monferno,monferno,"""","[""pokemon"",""monferno""],",Panpyro # 
866,Mr. Rime,Pantifrost,,,ICE,PSYCHIC,80,85,75,110,100,70,520,"86,67",Tangled Feet,Screen Cleaner,Ice Body,,,,,,1,,,,,,ja,ja,,0,,,,,1,,ja,,1,,,,,ja,,,,,,,,3,,,ja,ja,,,,,ja,,,,,,,,,,,67,134,130,262,MrRime,mrrime,"""","[""pokemon"",""mrrime""],",Pantifrost # 
439,Mime Jr.,Pantimimi,,,PSYCHIC,FAIRY,20,25,45,70,90,60,310,"51,67",Soundproof,Filter,Technician,40,1,,,,1,,,,,,ja,ja,,0,,,,,0,,,,0,,,,,,,,,,,,,2,,,ja,ja,,,,,,,,,,,,,,,,58,123,112,240,MimeJr,mimejr,"""","[""pokemon"",""mimejr""],",Pantimimi # 
122,Mr. Mime,Pantimos,,,PSYCHIC,FAIRY,40,45,65,100,120,90,460,"76,67",Soundproof,Filter,Technician,40,2,,,,2,,,,ja,,ja,ja,,0,,,,,0,,,,0,,,,,,,,,,,,,2,,,ja,ja,,,,,,,,,,,,,,,,85,156,166,306,MrMime,mrmime,"""","[""pokemon"",""mrmime""],",Pantimos # 
227,Skarmory,Panzaeron,,,STEEL,FLYING,65,80,140,40,70,70,465,"77,5",Keen Eye,Sturdy,Weak Armor,120,14,,,,0,,,,,,,,ja,2,ja,ja,,,1,ja,,,1,,,ja,,,,,,,,,,0,,,,,,,,,,,,,,,,,,,,67,134,130,262,Skarmory,skarmory,"""","[""pokemon"",""skarmory""],",Panzaeron # 
267,Beautifly,Papinella,,,BUG,FLYING,60,70,50,100,50,65,395,"65,83",Swarm,,Rivalry,40,1,,,,1,,ja,,,,,,ja,0,,,,,1,ja,,,2,,,ja,,,,ja,,,,,,0,,,,,,,,,,,,,,,,,,,,63,128,121,251,Beautifly,beautifly,"""","[""pokemon"",""beautifly""],",Papinella # 
189,Jumpluff,Papungha,,,GRASS,FLYING,75,55,70,55,95,110,460,"76,67",Chlorophyll,Leaf Guard,Infiltrator,40,2,,,,1,,ja,,,,,,,0,,,,,0,,,,1,,,,ja,,,,,,,,,0,,,,,,,,,,,,,,,,,,,,103,178,202,350,Jumpluff,jumpluff,"""","[""pokemon"",""jumpluff""],",Papungha # 
708,Phantump,Paragoni,,,GHOST,GRASS,43,70,48,50,60,38,309,"51,5",Natural Cure,Frisk,Harvest,40,1,,,,0,,,,,,,ja,,0,,,,,0,,,,0,,,,,,,,,,,,,1,,,ja,,,,,,,,,,,,,,,,,38,99,72,192,Phantump,phantump,"""","[""pokemon"",""phantump""],",Paragoni # 
46,Paras,Paras,,,BUG,GRASS,35,70,55,45,55,25,285,"47,5",Effect Spore,Dry Skin,Damp,40,1,,,,0,,,,,,,,,0,,,,,0,,,,1,,,,ja,,,,,,,,,0,,,,,,,,,,,,,,,,,,,,27,84,49,163,Paras,paras,"""","[""pokemon"",""paras""],",Paras # 
47,Parasect,Parasek,,,BUG,GRASS,60,95,80,60,80,30,405,"67,5",Effect Spore,Dry Skin,Damp,40,1,,,,0,,,,,,,,,0,,,,,0,,,,1,,,,ja,,,,,,,,,0,,,,,,,,,,,,,,,,,,,,31,90,58,174,Parasect,parasect,"""","[""pokemon"",""parasect""],",Parasek # 
682,Spritzee,Parfi,,,FAIRY,- -,78,52,60,63,65,23,341,"56,83",Healer,,Aroma Veil,40,1,,,,0,,,,,,,ja,,0,,,,,0,,,,1,ja,,,,,,,,,,,,0,,,,,,,,,,,,,,,,,,,,25,82,45,159,Spritzee,spritzee,"""","[""pokemon"",""spritzee""],",Parfi # 
683,Aromatisse,Parfinesse,,,FAIRY,- -,101,72,72,99,89,29,462,77,Healer,,Aroma Veil,60,8,,,,0,,,,,,,ja,,0,,,,,0,,,,1,ja,,,,,,,,,,,,0,,,,,,,,,,,,,,,,,,,,30,89,56,172,Aromatisse,aromatisse,"""","[""pokemon"",""aromatisse""],",Parfinesse # 
879,Copperajah,Patinaraja,,,STEEL,- -,122,130,69,80,69,30,500,"83,33",Sheer Force,,Heavy Metal,,,,,,0,,,,,,,,,1,ja,,,,0,,,,0,,,,,,,,,,,,,0,,,,,,,,,,,,,,,,,,,,31,90,58,174,Copperajah,copperajah,"""","[""pokemon"",""copperajah""],",Patinaraja # 
279,Pelipper,Pelipper,,,WATER,FLYING,60,50,100,95,70,65,440,"73,33",Keen Eye,Drizzle,Rain Dish,120,10,,,,1,,ja,,,,,,ja,0,,,,,1,ja,,,1,,,ja,,,,,,,,,,1,,,,,,,,,,,ja,,,,,,,,,63,128,121,251,Pelipper,pelipper,"""","[""pokemon"",""pelipper""],",Pelipper # 
860,Morgrem,Pelzebub,,,DARK,FAIRY,65,60,45,75,55,70,370,"61,67",Prankster,Frisk,Pickpocket,,,,,,0,,,,,,,,,0,,,,,0,,,,0,,,,,,,,,,,,,2,,,ja,ja,,,,,,,,,,,,,,,,67,134,130,262,Morgrem,morgrem,"""","[""pokemon"",""morgrem""],",Pelzebub # 
731,Pikipek,Peppeck,,,NORMAL,FLYING,35,75,30,30,30,65,265,"44,17",Keen Eye,Skill Link,Pickup,40,1,,,,1,,ja,,,,,,ja,0,,,,,1,ja,,,1,,,ja,,,,,,,,,,0,,,,,,,,,,,,,,,,,,,,63,128,121,251,Pikipek,pikipek,"""","[""pokemon"",""pikipek""],",Peppeck # 
366,Clamperl,Perlu,,,WATER,- -,35,64,85,74,55,32,345,"57,5",Shell Armor,,Rattled,40,1,,,,0,,,,,,,,,0,,,,,0,,,,0,,,,,,,,,,,,,0,,,,,,,,,,,,,,,,,,,,33,92,62,179,Clamperl,clamperl,"""","[""pokemon"",""clamperl""],",Perlu # 
882,Dracovish,Pescragon,,,WATER,DRAGON,90,90,100,70,80,75,505,"84,17",Water Absorb,Strong Jaw,Sand Rush,,,,,,0,,,,,,,,,0,,,,,0,,,,0,,,,,,,,,,,,,2,,,,,,,,,,,,,ja,ja,,,,,,72,139,139,273,Dracovish,dracovish,"""","[""pokemon"",""dracovish""],",Pescragon # 
883,Arctovish,Pescryodon,,,WATER,ICE,90,90,100,80,90,55,505,"84,17",Water Absorb,Ice Body,Slush Rush,,,,,,0,,,,,,,,,0,,,,,0,,,,0,,,,,,,,,,,,,0,,,,,,,,,,,,,,,,,,,,54,117,103,229,Arctovish,arctovish,"""","[""pokemon"",""arctovish""],",Pescryodon # 
613,Cubchoo,Petznief,,,ICE,- -,55,70,40,60,40,40,305,"50,83",Snow Cloak,Slush Rush,Rattled,40,1,,,,0,,,,,,,,,0,,,,,1,ja,,,0,,,,,,,,,,,,,0,,,,,,,,,,,,,,,,,,,,40,101,76,196,Cubchoo,cubchoo,"""","[""pokemon"",""cubchoo""],",Petznief # 
886,Drakloak,Phandra,,,GHOST,DRAGON,68,80,50,60,50,102,410,"68,33",Clear Body,Infiltrator,Cursed Body,,,,,,2,,ja,,,,ja,,,0,,,,,0,,,,0,,,,,,,,,,,,,2,,,ja,,,,,,,,ja,,,,,,,,,96,169,188,333,Drakloak,drakloak,"""","[""pokemon"",""drakloak""],",Phandra # 
231,Phanpy,Phanpy,,,GROUND,- -,90,60,60,40,40,40,330,55,Pickup,,Sand Veil,40,1,,,,0,,,,,,,,,1,ja,,,,0,,,,0,,,,,,,,,,,,,1,,,,,,,,,ja,,,,,,,,,,,40,101,76,196,Phanpy,phanpy,"""","[""pokemon"",""phanpy""],",Phanpy # 
897,Spectrier,Phantoross,,,GHOST,- -,100,65,60,145,80,130,580,"96,67",Grim Neigh,,,,,,,,0,,,,,,,,,0,,,,,0,,,,0,,,,,,,,,,,,,0,,,,,,,,,,,,,,,,,,,,121,200,238,394,Spectrier,spectrier,"""","[""pokemon"",""spectrier""],",Phantoross # 
489,Phione,Phione,,,WATER,- -,80,80,80,80,80,80,480,80,Hydration,,,40,1,,,,1,,ja,,,,,,,0,,,,,0,,,,0,,,,,,,,,,,,,0,,,,,,,,,,,,,,,,,,,,76,145,148,284,Phione,phione,"""","[""pokemon"",""phione""],",Phione # 
817,Drizzile,Phlegleon,,,WATER,- -,65,60,55,95,55,90,420,70,Torrent,,Sniper,,,,,,2,,ja,,,,ja,,,0,,,,,0,,,,0,,,,,,,,,,,,,3,,,ja,,,,,ja,ja,,,,,,,,,,,85,156,166,306,Drizzile,drizzile,"""","[""pokemon"",""drizzile""],",Phlegleon # 
580,Ducklett,Piccolente,,,WATER,FLYING,62,44,50,44,50,55,305,"50,83",Keen Eye,Big Pecks,Hydration,40,1,,,,0,,,,,,,,ja,0,,,,,1,ja,,,1,,,ja,,,,,,,,,,1,,,,,,,,ja,,,,,,,,,,,,54,117,103,229,Ducklett,ducklett,"""","[""pokemon"",""ducklett""],",Piccolente # 
172,Pichu,Pichu,,,ELECTRIC,- -,20,40,15,35,35,60,205,"34,17",Static,,Lightning Rod,40,1,,,,1,ja,,,,,,,,0,,,,,0,,,,1,ja,,,,,,,,,,,,0,,,,,,,,,,,,,,,,,,,,58,123,112,240,Pichu,pichu,"""","[""pokemon"",""pichu""],",Pichu # 
572,Minccino,Picochilla,,,NORMAL,- -,55,50,40,40,40,75,300,50,Cute Charm,Technician,Skill Link,40,1,,,,1,,ja,,,,,,,0,,,,,0,,,,0,,,,,,,,,,,,,0,,,,,,,,,,,,,,,,,,,,72,139,139,273,Minccino,minccino,"""","[""pokemon"",""minccino""],",Picochilla # 
35,Clefairy,Piepi,,,FAIRY,- -,70,45,48,60,65,35,323,"53,83",Cute Charm,Magic Guard,Friend Guard,40,2,,,,2,,,,ja,,ja,,,1,ja,,,,0,,,,3,ja,,,,,ja,,,,,,ja,0,,,,,,,,,,,,,,,,,,,,36,95,67,185,Clefairy,clefairy,"""","[""pokemon"",""clefairy""],",Piepi # 
173,Cleffa,Pii,,,FAIRY,- -,50,25,28,45,55,15,218,"36,33",Cute Charm,Magic Guard,Friend Guard,40,1,,,,0,,,,,,,,,0,,,,,0,,,,2,ja,,,,,,,,,,,ja,0,,,,,,,,,,,,,,,,,,,,18,73,31,141,Cleffa,cleffa,"""","[""pokemon"",""cleffa""],",Pii # 
25,Pikachu,Pikachu,,,ELECTRIC,- -,35,55,40,50,50,90,320,"53,33",Static,,Lightning Rod,40,1,,,,1,ja,,,,,,,,0,,,,,0,,,,1,ja,,,,,,,,,,,,3,ja,,,ja,,,,,,,ja,,,,,,,,,85,156,166,306,Pikachu,pikachu,"""","[""pokemon"",""pikachu""],",Pikachu # 
846,Arrokuda,Pikuda,,,WATER,- -,41,63,40,40,30,66,280,"46,67",Swift Swim,,Propeller Tail,,,,,,0,,,,,,,,,0,,,,,0,,,,0,,,,,,,,,,,,,1,,,,,,,,ja,,,,,,,,,,,,63,129,123,254,Arrokuda,arrokuda,"""","[""pokemon"",""arrokuda""],",Pikuda # 
127,Pinsir,Pinsir,,,BUG,- -,65,125,100,55,70,85,500,"83,33",Hyper Cutter,Mold Breaker,Moxie,40,3,,,,0,,,,,,,,,1,ja,,,,0,,,,0,,,,,,,,,,,,,1,,,,,,,,,,,ja,,,,,,,,,81,150,157,295,Pinsir,pinsir,"""","[""pokemon"",""pinsir""],",Pinsir # 
452,Drapion,Piondragi,,,POISON,DARK,70,90,110,60,75,95,500,"83,33",Battle Armor,Sniper,Keen Eye,60,8,,,,0,,,,,,,,,1,,,ja,,0,,,,0,,,,,,,,,,,,,0,,,,,,,,,,,,,,,,,,,,90,161,175,317,Drapion,drapion,"""","[""pokemon"",""drapion""],",Piondragi # 
451,Skorupi,Pionskora,,,POISON,BUG,40,50,90,30,55,65,330,55,Battle Armor,Sniper,Keen Eye,40,1,,,,0,,,,,,,,,1,,,ja,,0,,,,0,,,,,,,,,,,,,0,,,,,,,,,,,,,,,,,,,,63,128,121,251,Skorupi,skorupi,"""","[""pokemon"",""skorupi""],",Pionskora # 
36,Clefable,Pixi,,,FAIRY,- -,95,70,73,95,90,60,483,"80,5",Cute Charm,Magic Guard,Unaware,180,15,,,,2,,,,ja,,ja,,,1,ja,,,,0,,,,3,ja,,,,,ja,,,,,,ja,0,,,,,,,,,,,,,,,,,,,,58,123,112,240,Clefable,clefable,"""","[""pokemon"",""clefable""],",Pixi # 
441,Chatot,Plaudagei,,,NORMAL,FLYING,76,65,45,92,42,91,411,"68,5",Keen Eye,Tangled Feet,Big Pecks,40,2,,,,1,,ja,,,,,,ja,0,,,,,1,ja,,,1,,,ja,,,,,,,,,,0,,,,,,,,,,,,,,,,,,,,86,157,168,309,Chatot,chatot,"""","[""pokemon"",""chatot""],",Plaudagei # 
393,Piplup,Plinfa,,,WATER,- -,53,51,53,61,56,40,314,"52,33",Torrent,,Defiant,40,1,,,,0,,,,,,,,,1,ja,,,,1,ja,,,0,,,,,,,,,,,,,0,,,,,,,,,,,,,,,,,,,,40,101,76,196,Piplup,piplup,"""","[""pokemon"",""piplup""],",Plinfa # 
394,Prinplup,Pliprin,,,WATER,- -,64,66,68,81,76,50,405,"67,5",Torrent,,Defiant,40,1,,,,0,,,,,,,,,1,ja,,,,1,ja,,,0,,,,,,,,,,,,,0,,,,,,,,,,,,,,,,,,,,49,112,94,218,Prinplup,prinplup,"""","[""pokemon"",""prinplup""],",Pliprin # 
311,Plusle,Plusle,,,ELECTRIC,- -,60,50,40,85,75,95,405,"67,5",Plus,,Lightning Rod,40,1,,,,2,ja,,,,,ja,,,0,,,,,0,,,,1,ja,,,,,,,,,,,,1,,,,,,,,,,,ja,,,,,,,,,90,161,175,317,Plusle,plusle,"""","[""pokemon"",""plusle""],",Plusle # 
869,Alcremie,Pokusan,,,FAIRY,- -,65,60,75,110,121,64,495,"82,5",Sweet Veil,,Aroma Veil,,,,,,0,,,,,,,,,0,,,,,0,,,,1,,ja,,,,,,,,,,,0,,,,,,,,,,,,,,,,,,,,62,127,119,249,Alcremie,alcremie,"""","[""pokemon"",""alcremie""],",Pokusan # 
896,Glastrier,Polaross,,,ICE,- -,100,145,130,65,110,30,580,"96,67",Chilling Neigh,,,,,,,,0,,,,,,,,,0,,,,,0,,,,0,,,,,,,,,,,,,0,,,,,,,,,,,,,,,,,,,,31,90,58,174,Glastrier,glastrier,"""","[""pokemon"",""glastrier""],",Polaross # 
77,Ponyta,Ponita,,,FIRE,- -,50,85,55,65,65,90,410,"68,33",Run Away,Flash Fire,Flame Body,40,1,,,,0,,,,,,,,,0,,,,,0,,,,1,,,,,,,ja,,,,,,1,,,,,,,,,,,ja,,,,,,,,,85,156,166,306,Ponyta,ponyta,"""","[""pokemon"",""ponyta""],",Ponita # 
83,Farfetch'd,Porenta,,,NORMAL,FLYING,52,90,55,58,62,60,377,"62,83",Keen Eye,Inner Focus,Defiant,40,1,,,,2,,ja,,,,ja,,ja,0,,,,,1,ja,,,2,ja,,ja,,,,,,,,,,2,,ja,,,,,,,,,ja,,,,,,,,,58,123,112,240,Farfetchd,farfetchd,"""","[""pokemon"",""farfetchd""],",Porenta # 
137,Porygon,Porygon,,,NORMAL,- -,65,60,70,85,75,40,395,"65,83",Trace,Download,Analytic,40,1,,,,1,,,,ja,,,ja,,0,,,,,0,,,,1,,ja,,,,,,,,,,,0,,,,,,,,,,,,,,,,,,,,40,101,76,196,Porygon,porygon,"""","[""pokemon"",""porygon""],",Porygon # 
474,Porygon-Z,Porygon-Z,,,NORMAL,- -,85,80,70,135,75,90,535,"89,17",Adaptability,Download,Analytic,100,11,,,,1,,,,ja,,,ja,,0,,,,,0,,,,1,,ja,,,,,,,,,,,0,,,,,,,,,,,,,,,,,,,,85,156,166,306,PorygonZ,porygonz,"""","[""pokemon"",""porygonz""],",Porygon-Z # 
233,Porygon2,Porygon2,,,NORMAL,- -,85,80,90,105,95,60,515,"85,83",Trace,Download,Analytic,120,11,,,,1,,,,ja,,,ja,,0,,,,,0,,,,1,,ja,,,,,,,,,,,0,,,,,,,,,,,,,,,,,,,,58,123,112,240,Porygon2,porygon2,"""","[""pokemon"",""porygon2""],",Porygon2 # 
213,Shuckle,Pottrott,,,BUG,ROCK,20,10,230,10,230,5,505,"84,17",Sturdy,Gluttony,Contrary,40,4,,,,0,,,,,,,,,2,ja,,,ja,0,,,,0,,,,,,,,,,,,,0,,,,,,,,,,,,,,,,,,,,9,62,13,119,Shuckle,shuckle,"""","[""pokemon"",""shuckle""],",Pottrott # 
532,Timburr,Praktibalk,,,FIGHTING,- -,75,80,55,25,35,35,305,"50,83",Guts,Sheer Force,Iron Fist,40,1,,,,0,,,,,,,,,0,,,,,1,ja,,,0,,,,,,,,,,,,,1,,,,,,ja,,,,,,,,,,,,,,36,95,67,185,Timburr,timburr,"""","[""pokemon"",""timburr""],",Praktibalk # 
730,Primarina,Primarene,,,WATER,FAIRY,80,74,74,126,116,60,530,"88,33",Torrent,,Liquid Voice,100,11,,,,1,,,ja,,,,,,0,,,,,0,,,,0,,,,,,,,,,,,,1,,,,,,,,ja,,,,,,,,,,,,58,123,112,240,Primarina,primarina,"""","[""pokemon"",""primarina""],",Primarene # 
383,Primal Groudon,Proto-Groudon,,,GROUND,FIRE,100,180,160,150,90,90,770,"128,33",Desolate Land,,,BANNED,BANNED,,,,0,,,,,,,,,1,ja,,,,0,,,,0,,,,,,,,,,,,,0,,,,,,,,,,,,,,,,,,,,85,156,166,306,Groudonprimal,groudonprimal,"""","[""pokemon"",""groudonprimal""],",Proto-Groudon # 
382,Primal Kyogre,Proto-Kyogre,,,WATER,- -,100,150,90,180,160,90,770,"128,33",Primordial Sea,,,BANNED,BANNED,,,,0,,,,,,,,,0,,,,,0,,,,0,,,,,,,,,,,,,0,,,,,,,,,,,,,,,,,,,,85,156,166,306,Kyogreprimal,kyogreprimal,"""","[""pokemon"",""kyogreprimal""],",Proto-Kyogre # 
196,Espeon,Psiana,,,PSYCHIC,- -,65,65,60,130,95,110,525,"87,5",Synchronize,,Magic Bounce,100,8,,,,1,,,,,,ja,ja,,0,,,,,0,,,,2,ja,,,,,,ja,,,,,,1,,,,,,,,,,,ja,,,,,,,,,103,178,202,350,Espeon,espeon,"""","[""pokemon"",""espeon""],",Psiana # 
677,Espurr,Psiau,,,PSYCHIC,- -,62,48,54,63,60,68,355,"59,17",Keen Eye,Infiltrator,Own Tempo,40,1,,,,0,,,,,,,ja,,0,,,,,0,,,,0,,,,,,,,,,,,,1,,,,ja,,,,,,,,,,,,,,,,65,132,126,258,Espurr,espurr,"""","[""pokemon"",""espurr""],",Psiau # 
678,Meowstic-Male,Psiaugon-Männlich,,,PSYCHIC,- -,74,48,76,83,81,104,466,"77,67",Keen Eye,Infiltrator,Prankster,40,3,,,,0,,,,,,,ja,,0,,,,,0,,,,0,,,,,,,,,,,,,2,,,ja,ja,,,,,,,,,,,,,,,,98,171,191,337,Meowstic,meowstic,"""","[""pokemon"",""meowstic""],",Psiaugon-Männlich # 
678,Meowstic-Female,Psiaugon-Weiblich,,,PSYCHIC,- -,74,48,76,83,81,104,466,"77,67",Keen Eye,Infiltrator,Competitive,40,2,,,,0,,,,,,,ja,,0,,,,,0,,,,0,,,,,,,,,,,,,2,,,ja,ja,,,,,,,,,,,,,,,,98,171,191,337,MeowsticF,meowsticf,"""","[""pokemon"",""meowsticf""],",Psiaugon-Weiblich # 
269,Dustox,Pudox,,,BUG,POISON,60,50,70,50,90,65,385,"64,17",Shield Dust,,Compound Eyes,40,1,,,,1,,ja,,,,,,ja,0,,,,,1,ja,,,2,,,ja,,,ja,,,,,,,0,,,,,,,,,,,,,,,,,,,,63,128,121,251,Dustox,dustox,"""","[""pokemon"",""dustox""],",Pudox # 
39,Jigglypuff,Pummeluff,,,NORMAL,FAIRY,115,45,20,45,25,20,270,45,Cute Charm,Competitive,Friend Guard,40,1,,,,2,,,,ja,,ja,,,1,ja,,,,0,,,,1,ja,,,,,,,,,,,,0,,,,,,,,,,,,,,,,,,,,22,79,40,152,Jigglypuff,jigglypuff,"""","[""pokemon"",""jigglypuff""],",Pummeluff # 
711,Gourgeist,Pumpdjinn,,,GHOST,GRASS,65,90,122,58,75,54,464,"77,33",Pickup,Frisk,Insomnia,60,7,,,,0,,,,,,,ja,,0,,,,,0,,,,1,,,,ja,,,,,,,,,1,,,,,,,,,,ja,,,,,,,,,,53,116,101,227,Gourgeist,gourgeist,"""","[""pokemon"",""gourgeist""],",Pumpdjinn # 
711,Gourgeist-Large,Pumpdjinn-Groß,,,GHOST,GRASS,75,95,122,58,75,69,494,"82,33",Pickup,Frisk,Insomnia,BANNED,BANNED,,,,0,,,,,,,ja,,0,,,,,0,,,,1,,,,ja,,,,,,,,,1,,,,,,,,,,ja,,,,,,,,,,66,133,128,260,GourgeistLarge,gourgeistlarge,"""","[""pokemon"",""gourgeistlarge""],",Pumpdjinn-Groß # 
711,Gourgeist-Small,Pumpdjinn-Klein,,,GHOST,GRASS,55,85,122,58,75,99,494,"82,33",Pickup,Frisk,Insomnia,BANNED,BANNED,,,,0,,,,,,,ja,,0,,,,,0,,,,1,,,,ja,,,,,,,,,1,,,,,,,,,,ja,,,,,,,,,,93,166,182,326,GourgeistSmall,gourgeistsmall,"""","[""pokemon"",""gourgeistsmall""],",Pumpdjinn-Klein # 
711,Gourgeist-Super,Pumpdjinn-Super,,,GHOST,GRASS,85,100,122,58,75,54,494,"82,33",Pickup,Frisk,Insomnia,BANNED,BANNED,,,,0,,,,,,,ja,,0,,,,,0,,,,1,,,,ja,,,,,,,,,1,,,,,,,,,,ja,,,,,,,,,,53,116,101,227,GourgeistSuper,gourgeistsuper,"""","[""pokemon"",""gourgeistsuper""],",Pumpdjinn-Super # 
247,Pupitar,Pupitar,,,ROCK,GROUND,70,84,70,65,70,51,410,"68,33",Shed Skin,,,40,2,,,,0,,,,,,,,,1,ja,,,,0,,,,0,,,,,,,,,,,,,0,,,,,,,,,,,,,,,,,,,,50,113,96,221,Pupitar,pupitar,"""","[""pokemon"",""pupitar""],",Pupitar # 
665,Spewpa,Puponcho,,,BUG,- -,45,22,60,27,30,29,213,"35,5",Shed Skin,,Friend Guard,40,1,,,,0,,,,,,,,,0,,,,,0,,,,0,,,,,,,,,,,,,0,,,,,,,,,,,,,,,,,,,,30,89,56,172,Spewpa,spewpa,"""","[""pokemon"",""spewpa""],",Puponcho # 
343,Baltoy,Puppance,,,GROUND,PSYCHIC,40,40,55,40,70,55,300,50,Levitate,,,40,1,,,,0,,,,,,,ja,,1,ja,,,,1,,ja,,0,,,,,,,,,,,,,0,,,,,,,,,,,,,,,,,,,,54,117,103,229,Baltoy,baltoy,"""","[""pokemon"",""baltoy""],",Puppance # 
664,Scatterbug,Purmel,,,BUG,- -,38,35,40,27,25,35,200,"33,33",Shield Dust,Compound Eyes,Friend Guard,40,1,,,,0,,,,,,,,,0,,,,,0,,,,0,,,,,,,,,,,,,0,,,,,,,,,,,,,,,,,,,,36,95,67,185,Scatterbug,scatterbug,"""","[""pokemon"",""scatterbug""],",Purmel # 
605,Elgyem,Pygraulon,,,PSYCHIC,- -,55,55,55,85,55,30,335,"55,83",Telepathy,Synchronize,Analytic,40,1,,,,1,,,,ja,,,ja,,0,,,,,0,,,,1,,ja,,,,,,,,,,,0,,,,,,,,,,,,,,,,,,,,31,90,58,174,Elgyem,elgyem,"""","[""pokemon"",""elgyem""],",Pygraulon # 
668,Pyroar,Pyroleo,,,FIRE,NORMAL,86,68,72,109,66,106,507,"84,5",Rivalry,Unnerve,Moxie,40,4,,,,0,,,,,,,,,0,,,,,0,,,,0,,,,,,,,,,,,,0,,,,,,,,,,,,,,,,,,,,99,173,195,342,Pyroar,pyroar,"""","[""pokemon"",""pyroar""],",Pyroleo # 
592,Frillish,Quabbel,,,WATER,GHOST,55,40,50,65,85,40,335,"55,83",Water Absorb,Cursed Body,Damp,40,1,,,,0,,,,,,,ja,,0,,,,,0,,,,1,,ja,,,,,,,,,,,0,,,,,,,,,,,,,,,,,,,,40,101,76,196,Frillish,frillish,"""","[""pokemon"",""frillish""],",Quabbel # 
658,Greninja,Quajutsu,,,WATER,DARK,72,95,67,103,71,122,530,"88,33",Torrent,,Protean,100,12,,,,1,,ja,,,,,,,2,,ja,ja,,0,,,,0,,,,,,,,,,,,,3,,,,,,,,,,ja,ja,,ja,,,,,,,114,191,224,377,Greninja,greninja,"""","[""pokemon"",""greninja""],",Quajutsu # 
658,Greninja-Ash,Quajutsu-Ash,,,WATER,DARK,72,145,67,153,71,132,640,"106,67",Battle Bond,,,BANNED,BANNED,,,,1,,ja,,,,,,,2,,ja,ja,,0,,,,0,,,,,,,,,,,,,3,,,,,,,,,,ja,ja,,ja,,,,,,,123,202,242,399,GreninjaAsh,greninjaash,"""","[""pokemon"",""greninjaash""],",Quajutsu-Ash # 
62,Poliwrath,Quappo,,,WATER,FIGHTING,90,95,95,70,90,70,510,85,Water Absorb,Damp,Swift Swim,40,4,,,,0,,,,,,,,,0,,,,,0,,,,0,,,,,,,,,,,,,1,,,,,,,,,,,,,,ja,,,,,,67,134,130,262,Poliwrath,poliwrath,"""","[""pokemon"",""poliwrath""],",Quappo # 
60,Poliwag,Quapsel,,,WATER,- -,40,50,40,40,40,90,300,50,Water Absorb,Damp,Swift Swim,40,1,,,,0,,,,,,,,,0,,,,,0,,,,0,,,,,,,,,,,,,0,,,,,,,,,,,,,,,,,,,,85,156,166,306,Poliwag,poliwag,"""","[""pokemon"",""poliwag""],",Quapsel # 
61,Poliwhirl,Quaputzi,,,WATER,- -,65,65,65,50,50,90,385,"64,17",Water Absorb,Damp,Swift Swim,40,1,,,,0,,,,,,,,,0,,,,,0,,,,0,,,,,,,,,,,,,0,,,,,,,,,,,,,,,,,,,,85,156,166,306,Poliwhirl,poliwhirl,"""","[""pokemon"",""poliwhirl""],",Quaputzi # 
766,Passimian,Quartermak,,,FIGHTING,- -,100,120,90,40,60,80,490,"81,67",Receiver,,Defiant,40,5,,,,1,,ja,,,,,,,0,,,,,0,,,,0,,,,,,,,,,,,,1,,,,,,,,,,,ja,,,,,,,,,76,145,148,284,Passimian,passimian,"""","[""pokemon"",""passimian""],",Quartermak # 
186,Politoed,Quaxo,,,WATER,- -,90,75,75,90,100,70,500,"83,33",Water Absorb,Damp,Drizzle,100,8,,,,0,,,,,,,,,0,,,,,0,,,,0,,,,,,,,,,,,,0,,,,,,,,,,,,,,,,,,,,67,134,130,262,Politoed,politoed,"""","[""pokemon"",""politoed""],",Quaxo # 
220,Swinub,Quiekel,,,ICE,GROUND,50,50,40,30,30,50,250,"41,67",Oblivious,Snow Cloak,Thick Fat,40,1,,,,0,,,,,,,,,1,ja,,,,0,,,,0,,,,,,,,,,,,,1,,,,,,,,,ja,,,,,,,,,,,49,112,94,218,Swinub,swinub,"""","[""pokemon"",""swinub""],",Quiekel # 
324,Torkoal,Qurtel,,,FIRE,- -,70,85,140,85,70,20,470,"78,33",White Smoke,Drought,Shell Armor,60,7,,,,0,,,,,,,,,1,ja,,,,1,,ja,,0,,,,,,,,,,,,,0,,,,,,,,,,,,,,,,,,,,22,79,40,152,Torkoal,torkoal,"""","[""pokemon"",""torkoal""],",Qurtel # 
236,Tyrogue,Rabauz,,,FIGHTING,- -,35,35,35,35,35,35,210,35,Guts,Steadfast,Vital Spirit,40,1,,,,0,,,,,,,,,0,,,,,1,,ja,,0,,,,,,,,,,,,,4,,,,ja,,ja,ja,,,,,,,ja,,,,,,36,95,67,185,Tyrogue,tyrogue,"""","[""pokemon"",""tyrogue""],",Rabauz # 
553,Krookodile,Rabigator,,,GROUND,DARK,95,117,80,65,70,92,519,"86,5",Intimidate,Moxie,Anger Point,100,13,,,,0,,,,,,,,,1,ja,,,,0,,,,0,,,,,,,,,,,,,0,,,,,,,,,,,,,,,,,,,,87,158,170,311,Krookodile,krookodile,"""","[""pokemon"",""krookodile""],",Rabigator # 
819,Skwovet,Raffel,,,NORMAL,- -,70,55,55,35,35,25,275,"45,83",Cheek Pouch,,Gluttony,,,,,,0,,,,,,,,,0,,,,,0,,,,0,,,,,,,,,,,,,0,,,,,,,,,,,,,,,,,,,,27,84,49,163,Skwovet,skwovet,"""","[""pokemon"",""skwovet""],",Raffel # 
26,Raichu,Raichu,,,ELECTRIC,- -,60,90,55,90,80,110,485,"80,83",Static,,Lightning Rod,40,5,,,,1,ja,,,,,,,,0,,,,,0,,,,1,ja,,,,,,,,,,,,3,ja,,,ja,,,,,,,ja,,,,,,,,,103,178,202,350,Raichu,raichu,"""","[""pokemon"",""raichu""],",Raichu # 
243,Raikou,Raikou,,,ELECTRIC,- -,90,85,75,115,100,115,580,"96,67",Pressure,,Inner Focus,120,12,,,,1,ja,,,,,,,,0,,,,,0,,,,0,,,,,,,,,,,,,2,ja,,,,,,,,,,ja,,,,,,,,,108,183,211,361,Raikou,raikou,"""","[""pokemon"",""raikou""],",Raikou # 
409,Rampardos,Rameidon,,,ROCK,- -,97,165,60,65,50,58,495,"82,5",Mold Breaker,,Sheer Force,40,3,,,,0,,,,,,,,,1,ja,,,,0,,,,0,,,,,,,,,,,,,0,,,,,,,,,,,,,,,,,,,,56,121,108,236,Rampardos,rampardos,"""","[""pokemon"",""rampardos""],",Rameidon # 
637,Volcarona,Ramoth,,,BUG,FIRE,85,60,65,135,105,100,550,"91,67",Flame Body,,Swarm,120,14,,,,1,,ja,,,,,,ja,0,,,,,1,ja,,,2,,,ja,,,,ja,,,,,,0,,,,,,,,,,,,,,,,,,,,94,167,184,328,Volcarona,volcarona,"""","[""pokemon"",""volcarona""],",Ramoth # 
57,Primeape,Rasaff,,,FIGHTING,- -,65,105,60,60,70,95,455,"75,83",Vital Spirit,Anger Point,Defiant,40,4,,,,1,,ja,,,,,,,0,,,,,0,,,,0,,,,,,,,,,,,,1,,,,,,,,,,,,,,ja,,,,,,90,161,175,317,Primeape,primeape,"""","[""pokemon"",""primeape""],",Rasaff # 
19,Rattata,Rattfratz,,,NORMAL,- -,30,56,35,25,35,72,253,"42,17",Run Away,Guts,Hustle,40,1,,,,1,,ja,,,,,,,0,,,,,0,,,,0,,,,,,,,,,,,,2,,,ja,,,,,,,,ja,,,,,,,,,69,136,134,267,Rattata,rattata,"""","[""pokemon"",""rattata""],",Rattfratz # 
20,Raticate,Rattikarl,,,NORMAL,- -,55,81,60,50,70,97,413,"68,83",Run Away,Guts,Hustle,40,2,,,,1,,ja,,,,,,,0,,,,,0,,,,0,,,,,,,,,,,,,2,,,ja,,,,,,,,ja,,,,,,,,,91,163,179,322,Raticate,raticate,"""","[""pokemon"",""raticate""],",Rattikarl # 
10,Caterpie,Raupy,,,BUG,- -,45,30,35,20,20,45,195,"32,5",Shield Dust,,Run Away,40,1,,,,0,,,,,,,,,0,,,,,0,,,,0,,,,,,,,,,,,,0,,,,,,,,,,,,,,,,,,,,45,106,85,207,Caterpie,caterpie,"""","[""pokemon"",""caterpie""],",Raupy # 
384,Rayquaza,Rayquaza,,,DRAGON,FLYING,105,150,90,150,90,95,680,"113,33",Air Lock,,,BANNED,BANNED,,,,0,,,,,,,,ja,0,,,,,1,ja,,,0,,,,,,,,,,,,,1,ja,,,,,,,,,,,,,,,,,,,90,161,175,317,Rayquaza,rayquaza,"""","[""pokemon"",""rayquaza""],",Rayquaza # 
378,Regice,Regice,,,ICE,- -,80,50,100,100,200,50,580,"96,67",Clear Body,,Ice Body,40,3,,,,0,,,,,,,,,0,,,,,0,,,,0,,,,,,,,,,,,,0,,,,,,,,,,,,,,,,,,,,49,112,94,218,Regice,regice,"""","[""pokemon"",""regice""],",Regice # 
894,Regidrago,Regidrago,,,DRAGON,- -,200,100,50,100,50,80,580,"96,67",Dragon's Maw,,,,,,,,0,,,,,,,,,0,,,,,0,,,,0,,,,,,,,,,,,,0,,,,,,,,,,,,,,,,,,,,76,145,148,284,Regidrago,regidrago,"""","[""pokemon"",""regidrago""],",Regidrago # 
895,Regieleki,Regieleki,,,ELECTRIC,- -,80,100,50,100,50,200,580,"96,67",Transistor,,,,,,,,1,ja,,,,,,,,0,,,,,1,,ja,,0,,,,,,,,,,,,,1,ja,,,,,,,,,,,,,,,,,,,184,277,364,548,Regieleki,regieleki,"""","[""pokemon"",""regieleki""],",Regieleki # 
486,Regigigas,Regigigas,,,NORMAL,- -,110,160,110,80,110,100,670,"111,67",Slow Start,,,40,1,,,,0,,,,,,,,,0,,,,,0,,,,0,,,,,,,,,,,,,0,,,,,,,,,,,,,,,,,,,,94,167,184,328,Regigigas,regigigas,"""","[""pokemon"",""regigigas""],",Regigigas # 
377,Regirock,Regirock,,,ROCK,- -,80,100,200,50,100,50,580,"96,67",Clear Body,,Sturdy,60,5,,,,0,,,,,,,,,1,ja,,,,0,,,,0,,,,,,,,,,,,,0,,,,,,,,,,,,,,,,,,,,49,112,94,218,Regirock,regirock,"""","[""pokemon"",""regirock""],",Regirock # 
379,Registeel,Registeel,,,STEEL,- -,80,75,150,75,150,50,580,"96,67",Clear Body,,Light Metal,60,10,,,,0,,,,,,,,,1,ja,,,,0,,,,0,,,,,,,,,,,,,0,,,,,,,,,,,,,,,,,,,,49,112,94,218,Registeel,registeel,"""","[""pokemon"",""registeel""],",Registeel # 
767,Wimpod,Reißlaus,,,BUG,WATER,25,35,40,20,30,80,230,"38,33",Wimp Out,,,40,1,,,,0,,,,,,,,,1,,ja,,,0,,,,0,,,,,,,,,,,,,1,,,,,,,,ja,,,,,,,,,,,,76,145,148,284,Wimpod,wimpod,"""","[""pokemon"",""wimpod""],",Reißlaus # 
143,Snorlax,Relaxo,,,NORMAL,- -,160,110,65,65,110,30,540,90,Immunity,Thick Fat,Gluttony,120,11,,,,0,,,,,,,,,0,,,,,0,,,,0,,,,,,,,,,,,,0,,,,,,,,,,,,,,,,,,,,31,90,58,174,Snorlax,snorlax,"""","[""pokemon"",""snorlax""],",Relaxo # 
369,Relicanth,Relicanth,,,WATER,ROCK,100,90,130,45,65,55,485,"80,83",Swift Swim,Rock Head,Sturdy,40,2,,,,0,,,,,,,,,1,ja,,,,0,,,,0,,,,,,,,,,,,,0,,,,,,,,,,,,,,,,,,,,54,117,103,229,Relicanth,relicanth,"""","[""pokemon"",""relicanth""],",Relicanth # 
223,Remoraid,Remoraid,,,WATER,- -,35,65,35,65,35,65,300,50,Hustle,Sniper,Moody,40,1,,,,0,,,,,,,,,0,,,,,0,,,,0,,,,,,,,,,,,,0,,,,,,,,,,,,,,,,,,,,63,128,121,251,Remoraid,remoraid,"""","[""pokemon"",""remoraid""],",Remoraid # 
253,Grovyle,Reptain,,,GRASS,- -,50,65,45,85,65,95,405,"67,5",Overgrow,,Unburden,40,2,,,,0,,,,,,,,,0,,,,,0,,,,1,,,,ja,,,,,,,,,1,,,,,,,,,,,ja,,,,,,,,,90,161,175,317,Grovyle,grovyle,"""","[""pokemon"",""grovyle""],",Reptain # 
643,Reshiram,Reshiram,,,DRAGON,FIRE,100,120,100,150,120,90,680,"113,33",Turboblaze,,,BANNED,BANNED,,,,0,,,,,,,,ja,0,,,,,1,ja,,,1,,,ja,,,,,,,,,,0,,,,,,,,,,,,,,,,,,,,85,156,166,306,Reshiram,reshiram,"""","[""pokemon"",""reshiram""],",Reshiram # 
701,Hawlucha,Resladero,,,FIGHTING,FLYING,78,92,75,74,63,118,500,"83,33",Limber,Unburden,Mold Breaker,180,12,,,,2,,ja,,,,ja,,ja,0,,,,,1,ja,,,1,,,ja,,,,,,,,,,0,,,,,,,,,,,,,,,,,,,,110,187,216,368,Hawlucha,hawlucha,"""","[""pokemon"",""hawlucha""],",Resladero # 
23,Ekans,Rettan,,,POISON,- -,35,60,44,40,54,55,288,48,Intimidate,Shed Skin,Unnerve,40,1,,,,0,,,,,,,,,0,,,,,0,,,,0,,,,,,,,,,,,,1,,,ja,,,,,,,,,,,,,,,,,54,117,103,229,Ekans,ekans,"""","[""pokemon"",""ekans""],",Rettan # 
460,Abomasnow,Rexblisar,,,GRASS,ICE,90,92,75,92,85,60,494,"82,33",Snow Warning,,Soundproof,60,3,,,,0,,,,,,,,,0,,,,,0,,,,1,,,,ja,,,,,,,,,1,,,,,,,,,ja,,,,,,,ja,ja,,,58,123,112,240,Abomasnow,abomasnow,"""","[""pokemon"",""abomasnow""],",Rexblisar # 
849,Toxtricity,Riffex,,,ELECTRIC,POISON,75,98,70,114,70,75,502,"83,67",Punk Rock,Plus/Minus,Technician,,,,,,1,ja,,,,,,,,0,,,,,0,,,,0,,,,,,,,,,,,,0,,,,,,,,,,,,,,,,,,,,72,139,139,273,Toxtricity,toxtricity,"""","[""pokemon"",""toxtricity""],",Riffex # 
849,Toxtricity-High Key,Riffex-Hochform,,,ELECTRIC,POISON,75,98,70,114,70,75,502,"83,67",Punk Rock,Plus,Technician,,,,,,1,ja,,,,,,,,0,,,,,0,,,,0,,,,,,,,,,,,,0,,,,,,,,,,,,,,,,,,,,72,139,139,273,Toxtricity,toxtricity,"""","[""pokemon"",""toxtricity""],",Riffex-Hochform # 
849,Toxtricity-Low-Key,Riffex-Tiefform,,,ELECTRIC,POISON,75,98,70,114,70,75,502,"83,67",Punk Rock,Minus,Technician,,,,,,1,ja,,,,,,,,0,,,,,0,,,,0,,,,,,,,,,,,,0,,,,,,,,,,,,,,,,,,,,72,139,139,273,ToxtricityLowKey,toxtricitylowkey,"""","[""pokemon"",""toxtricitylowkey""],",Riffex-Tiefform # 
111,Rhyhorn,Rihorn,,,GROUND,ROCK,80,85,95,30,30,25,345,"57,5",Lightning Rod,Rock Head,Reckless,40,1,,,,0,,,,,,,,,1,ja,,,,0,,,,0,,,,,,,,,,,,,0,,,,,,,,,,,,,,,,,,,,27,84,49,163,Rhyhorn,rhyhorn,"""","[""pokemon"",""rhyhorn""],",Rihorn # 
464,Rhyperior,Rihornior,,,ROCK,GROUND,115,140,130,55,55,40,535,"89,17",Lightning Rod,Solid Rock,Reckless,60,7,,,,0,,,,,,,,,1,ja,,,,0,,,,0,,,,,,,,,,,,,0,,,,,,,,,,,,,,,,,,,,40,101,76,196,Rhyperior,rhyperior,"""","[""pokemon"",""rhyperior""],",Rihornior # 
447,Riolu,Riolu,,,FIGHTING,- -,40,70,40,35,40,60,285,"47,5",Steadfast,Inner Focus,Prankster,40,1,,,,0,,,,,,,,,0,,,,,0,,,,0,,,,,,,,,,,,,3,,,,,,,ja,,,,ja,,,ja,,,,,,58,123,112,240,Riolu,riolu,"""","[""pokemon"",""riolu""],",Riolu # 
112,Rhydon,Rizeros,,,GROUND,ROCK,105,130,120,45,45,40,485,"80,83",Lightning Rod,Rock Head,Reckless,40,5,,,,0,,,,,,,,,1,ja,,,,0,,,,0,,,,,,,,,,,,,0,,,,,,,,,,,,,,,,,,,,40,101,76,196,Rhydon,rhydon,"""","[""pokemon"",""rhydon""],",Rizeros # 
728,Popplio,Robball,,,WATER,- -,50,54,54,66,56,40,320,"53,33",Torrent,,Liquid Voice,40,1,,,,1,,,ja,,,,,,0,,,,,0,,,,0,,,,,,,,,,,,,1,,,,,,,,ja,,,,,,,,,,,,40,101,76,196,Popplio,popplio,"""","[""pokemon"",""popplio""],",Robball # 
703,Carbink,Rocara,,,ROCK,FAIRY,50,50,150,50,150,50,500,"83,33",Clear Body,,Sturdy,40,1,,,,0,,,,,,,ja,,1,ja,,,,0,,,,0,,,,,,,,,,,,,0,,,,,,,,,,,,,,,,,,,,49,112,94,218,Carbink,carbink,"""","[""pokemon"",""carbink""],",Rocara # 
552,Krokorok,Rokkaiman,,,GROUND,DARK,60,82,45,45,45,74,351,"58,5",Intimidate,Moxie,Anger Point,40,1,,,,0,,,,,,,,,1,ja,,,,0,,,,0,,,,,,,,,,,,,0,,,,,,,,,,,,,,,,,,,,71,138,137,271,Krokorok,krokorok,"""","[""pokemon"",""krokorok""],",Rokkaiman # 
544,Whirlipede,Rollum,,,BUG,POISON,40,55,99,40,79,47,360,60,Poison Point,Swarm,Speed Boost,40,2,,,,0,,,,,,,,,2,,ja,ja,,0,,,,0,,,,,,,,,,,,,0,,,,,,,,,,,,,,,,,,,,46,108,89,212,Whirlipede,whirlipede,"""","[""pokemon"",""whirlipede""],",Rollum # 
315,Roselia,Roselia,,,GRASS,POISON,50,60,45,100,80,65,400,"66,67",Natural Cure,Poison Point,Leaf Guard,40,2,,,,0,,,,,,,,,2,,ja,ja,,0,,,,1,,,,ja,,,,,,,,,0,,,,,,,,,,,,,,,,,,,,63,128,121,251,Roselia,roselia,"""","[""pokemon"",""roselia""],",Roselia # 
407,Roserade,Roserade,,,GRASS,POISON,60,70,65,125,105,90,515,"85,83",Natural Cure,Poison Point,Technician,100,11,,,,0,,,,,,,,,2,,ja,ja,,0,,,,1,,,,ja,,,,,,,,,0,,,,,,,,,,,,,,,,,,,,85,156,166,306,Roserade,roserade,"""","[""pokemon"",""roserade""],",Roserade # 
124,Jynx,Rossana,,,ICE,PSYCHIC,65,50,35,115,95,95,455,"75,83",Oblivious,Forewarn,Dry Skin,40,3,,,,1,,,,ja,,,ja,,0,,,,,0,,,,0,,,,,,,,,,,,,1,,,,ja,,,,,,,,,,,,,,,,90,161,175,317,Jynx,jynx,"""","[""pokemon"",""jynx""],",Rossana # 
479,Rotom,Rotom,,,ELECTRIC,GHOST,50,50,77,95,77,91,440,"73,33",Levitate,,,40,6,,,,1,ja,,,,,,,,0,,,,,1,ja,,,0,,,,,,,,,,,,,1,,,ja,,,,,,,,,,,,,,,,,86,157,168,309,Rotom,rotom,"""","[""pokemon"",""rotom""],",Rotom # 
479,Rotom-Fan,Rotom-Fan,,,ELECTRIC,FLYING,50,65,107,105,107,86,520,"86,67",Levitate,,,40,4,,,,1,ja,,,,,,,,0,,,,,1,ja,,,0,,,,,,,,,,,,,1,,,ja,,,,,,,,,,,,,,,,,81,151,159,298,RotomFan,rotomfan,"""","[""pokemon"",""rotomfan""],",Rotom-Fan # 
479,Rotom-Frost,Rotom-Frost,,,ELECTRIC,ICE,50,65,107,105,107,86,520,"86,67",Levitate,,,40,3,,,,1,ja,,,,,,,,0,,,,,1,ja,,,0,,,,,,,,,,,,,1,,,ja,,,,,,,,,,,,,,,,,81,151,159,298,RotomFrost,rotomfrost,"""","[""pokemon"",""rotomfrost""],",Rotom-Frost # 
479,Rotom-Heat,Rotom-Heat,,,ELECTRIC,FIRE,50,65,107,105,107,86,520,"86,67",Levitate,,,100,10,,,,1,ja,,,,,,,,0,,,,,1,ja,,,0,,,,,,,,,,,,,1,,,ja,,,,,,,,,,,,,,,,,81,151,159,298,RotomHeat,rotomheat,"""","[""pokemon"",""rotomheat""],",Rotom-Heat # 
479,Rotom-Mow,Rotom-Mow,,,ELECTRIC,GRASS,50,65,107,105,107,86,520,"86,67",Levitate,,,60,8,,,,1,ja,,,,,,,,0,,,,,1,ja,,,0,,,,,,,,,,,,,1,,,ja,,,,,,,,,,,,,,,,,81,151,159,298,RotomMow,rotommow,"""","[""pokemon"",""rotommow""],",Rotom-Mow # 
479,Rotom-Wash,Rotom-Wash,,,ELECTRIC,WATER,50,65,107,105,107,86,520,"86,67",Levitate,,,120,13,,,,1,ja,,,,,,,,0,,,,,1,ja,,,0,,,,,,,,,,,,,1,,,ja,,,,,,,,,,,,,,,,,81,151,159,298,RotomWash,rotomwash,"""","[""pokemon"",""rotomwash""],",Rotom-Wash # 
529,Drilbur,Rotomurf,,,GROUND,- -,60,85,40,30,45,68,328,"54,67",Sand Rush,Sand Force,Mold Breaker,40,1,,,,0,,,,,,,,,1,ja,,,,1,,ja,,0,,,,,,,,,,,,,0,,,,,,,,,,,,,,,,,,,,65,132,126,258,Drilbur,drilbur,"""","[""pokemon"",""drilbur""],",Rotomurf # 
654,Braixen,Rutena,,,FIRE,- -,59,59,58,90,70,73,409,"68,17",Blaze,,Magician,40,2,,,,0,,,,,,,,,0,,,,,0,,,,1,ja,,,,,,,,,,,,0,,,,,,,,,,,,,,,,,,,,70,137,135,269,Braixen,braixen,"""","[""pokemon"",""braixen""],",Rutena # 
685,Slurpuff,Sabbaione,,,FAIRY,- -,82,80,86,85,75,72,480,80,Sweet Veil,,Unburden,60,9,,,,0,,,,,,,,,1,,,,ja,0,,,,1,ja,,,,,,,,,,,,0,,,,,,,,,,,,,,,,,,,,69,136,134,267,Slurpuff,slurpuff,"""","[""pokemon"",""slurpuff""],",Sabbaione # 
11,Metapod,Safcon,,,BUG,- -,50,20,55,25,25,30,205,"34,17",Shed Skin,,,40,1,,,,0,,,,,,,,,0,,,,,0,,,,0,,,,,,,,,,,,,0,,,,,,,,,,,,,,,,,,,,31,90,58,174,Metapod,metapod,"""","[""pokemon"",""metapod""],",Safcon # 
368,Gorebyss,Saganabyss,,,WATER,- -,55,84,105,114,75,52,485,"80,83",Swift Swim,,Hydration,40,3,,,,1,,,,,,ja,,,0,,,,,0,,,,0,,,,,,,,,,,,,0,,,,,,,,,,,,,,,,,,,,51,114,98,223,Gorebyss,gorebyss,"""","[""pokemon"",""gorebyss""],",Saganabyss # 
843,Silicobra,Salanga,,,GROUND,- -,52,57,75,35,50,46,315,"52,5",Sand Spit,Shed Skin,Sand Veil,,,,,,0,,,,,,,,,0,,,,,0,,,,0,,,,,,,,,,,,,0,,,,,,,,,,,,,,,,,,,,45,107,87,210,Silicobra,silicobra,"""","[""pokemon"",""silicobra""],",Salanga # 
273,Seedot,Samurzel,,,GRASS,- -,40,40,50,30,30,30,220,"36,67",Chlorophyll,Early Bird,Pickpocket,40,1,,,,0,,,,,,,,,0,,,,,1,ja,,,1,,,,ja,,,,,,,,,2,,,ja,,,,,,,,ja,,,,,,,,,31,90,58,174,Seedot,seedot,"""","[""pokemon"",""seedot""],",Samurzel # 
844,Sandaconda,Sanaconda,,,GROUND,- -,72,107,125,65,70,71,510,85,Sand Spit,Shed Skin,Sand Veil,,,,,,0,,,,,,,,,1,ja,,,,0,,,,0,,,,,,,,,,,,,0,,,,,,,,,,,,,,,,,,,,68,135,132,265,Sandaconda,sandaconda,"""","[""pokemon"",""sandaconda""],",Sanaconda # 
28,Sandslash,Sandamer,,,GROUND,- -,75,100,110,45,55,65,450,75,Sand Veil,,Sand Rush,40,4,,,,0,,,,,,,,,2,ja,ja,,,1,,ja,,0,,,,,,,,,,,,,0,,,,,,,,,,,,,,,,,,,,63,128,121,251,Sandslash,sandslash,"""","[""pokemon"",""sandslash""],",Sandamer # 
27,Sandshrew,Sandan,,,GROUND,- -,50,75,85,20,30,40,300,50,Sand Veil,,Sand Rush,40,1,,,,0,,,,,,,,,1,ja,,,,1,,ja,,0,,,,,,,,,,,,,0,,,,,,,,,,,,,,,,,,,,40,101,76,196,Sandshrew,sandshrew,"""","[""pokemon"",""sandshrew""],",Sandan # 
769,Sandygast,Sankabuh,,,GHOST,GROUND,55,55,80,70,45,15,320,"53,33",Water Compaction,,Sand Veil,40,1,,,,0,,,,,,,,,1,ja,,,,0,,,,1,,,,,,,,,,,ja,,0,,,,,,,,,,,,,,,,,,,,18,73,31,141,Sandygast,sandygast,"""","[""pokemon"",""sandygast""],",Sankabuh # 
71,Victreebel,Sarzenia,,,GRASS,POISON,80,105,65,100,70,70,490,"81,67",Chlorophyll,,Gluttony,40,4,,,,0,,,,,,,,,0,,,,,0,,,,2,,,,ja,,,ja,,,,,,1,,,ja,,,,,,,,,,,,,,,,,67,134,130,262,Victreebel,victreebel,"""","[""pokemon"",""victreebel""],",Sarzenia # 
692,Clauncher,Scampisto,,,WATER,- -,50,53,62,58,63,44,330,55,Mega Launcher,,,40,1,,,,2,,ja,ja,,,,,,0,,,,,0,,,,0,,,,,,,,,,,,,1,,,,,,,,ja,,,,,,,,,,,,44,105,83,205,Clauncher,clauncher,"""","[""pokemon"",""clauncher""],",Scampisto # 
795,Pheromosa,Schabelle,,,BUG,FIGHTING,71,137,37,137,37,151,570,95,Beast Boost,,,BANNED,BANNED,,,,1,,ja,,,,,,,0,,,,,1,,ja,,1,,,ja,,,,,,,,,,0,,,,,,,,,,,,,,,,,,,,140,223,276,441,Pheromosa,pheromosa,"""","[""pokemon"",""pheromosa""],",Schabelle # 
422,Shellos,Schalellos,,,WATER,- -,76,48,48,57,62,34,325,"54,17",Sticky Hold,Storm Drain,Sand Force,40,1,,,,0,,,,,,,,,0,,,,,0,,,,1,,ja,,,,,,,,,,,0,,,,,,,,,,,,,,,,,,,,35,94,65,183,Shellos,shellos,"""","[""pokemon"",""shellos""],",Schalellos # 
535,Tympole,Schallquap,,,WATER,- -,50,50,40,50,40,64,294,49,Swift Swim,Hydration,Water Absorb,40,1,,,,0,,,,,,,,,0,,,,,0,,,,0,,,,,,,,,,,,,0,,,,,,,,,,,,,,,,,,,,62,127,119,249,Tympole,tympole,"""","[""pokemon"",""tympole""],",Schallquap # 
266,Silcoon,Schaloko,,,BUG,- -,50,35,55,25,25,15,205,"34,17",Shed Skin,,,40,1,,,,0,,,,,,,,,0,,,,,0,,,,0,,,,,,,,,,,,,0,,,,,,,,,,,,,,,,,,,,18,73,31,141,Silcoon,silcoon,"""","[""pokemon"",""silcoon""],",Schaloko # 
212,Scizor,Scherox,,,BUG,STEEL,70,130,100,55,80,65,500,"83,33",Swarm,Technician,Light Metal,120,13,,,,2,,ja,,,,ja,,ja,0,,,,,1,ja,,,2,,,ja,,,,ja,,,,,,3,,,,,,,ja,,,,ja,,,ja,,,,,,63,128,121,251,Scizor,scizor,"""","[""pokemon"",""scizor""],",Scherox # 
7,Squirtle,Schiggy,,,WATER,- -,44,48,65,50,64,43,314,"52,33",Torrent,,Rain Dish,40,1,,,,1,,,ja,,,,,,0,,,,,1,,ja,,0,,,,,,,,,,,,,2,,,,ja,,,,ja,,,,,,,,,,,,43,104,81,203,Squirtle,squirtle,"""","[""pokemon"",""squirtle""],",Schiggy # 
8,Wartortle,Schillok,,,WATER,- -,59,63,80,65,80,58,405,"67,5",Torrent,,Rain Dish,40,1,,,,1,,,ja,,,,,,0,,,,,1,,ja,,0,,,,,,,,,,,,,2,,,,ja,,,,ja,,,,,,,,,,,,56,121,108,236,Wartortle,wartortle,"""","[""pokemon"",""wartortle""],",Schillok # 
410,Shieldon,Schilterus,,,ROCK,STEEL,30,42,118,42,88,30,350,"58,33",Sturdy,,Soundproof,40,1,,,,0,,,,,,,,,1,ja,,,,0,,,,0,,,,,,,,,,,,,0,,,,,,,,,,,,,,,,,,,,31,90,58,174,Shieldon,shieldon,"""","[""pokemon"",""shieldon""],",Schilterus # 
842,Appletun,Schlapfel,,,GRASS,DRAGON,110,85,80,100,80,30,485,"80,83",Ripen,Gluttony,Thick Fat,,,,,,0,,,,,,,,,0,,,,,0,,,,1,,ja,,,,,,,,,,,1,,,ja,,,,,,,,,,,,,,,,,31,90,58,174,Appletun,appletun,"""","[""pokemon"",""appletun""],",Schlapfel # 
428,Lopunny,Schlapor,,,NORMAL,- -,65,76,84,54,96,105,480,80,Cute Charm,Klutz,Limber,40,1,,,,2,,ja,,,,ja,,,0,,,,,0,,,,0,,,,,,,,,,,,,2,,,,ja,,,,,,,ja,,,,,,,,,99,172,193,339,Lopunny,lopunny,"""","[""pokemon"",""lopunny""],",Schlapor # 
820,Greedent,Schlaraffel,,,NORMAL,- -,120,95,95,55,75,20,460,"76,67",Cheek Pouch,,Gluttony,,,,,,0,,,,,,,,,0,,,,,0,,,,0,,,,,,,,,,,,,0,,,,,,,,,,,,,,,,,,,,22,79,40,152,Greedent,greedent,"""","[""pokemon"",""greedent""],",Schlaraffel # 
799,Guzzlord,Schlingking,,,DARK,DRAGON,223,101,53,97,53,43,570,95,Beast Boost,,,40,5,,,,0,,,,,,,,,0,,,,,0,,,,0,,,,,,,,,,,,,0,,,,,,,,,,,,,,,,,,,,43,104,81,203,Guzzlord,guzzlord,"""","[""pokemon"",""guzzlord""],",Schlingking # 
317,Swalot,Schlukwech,,,POISON,- -,100,73,83,73,83,55,467,"77,83",Liquid Ooze,Sticky Hold,Gluttony,40,1,,,,0,,,,,,,,,0,,,,,0,,,,0,,,,,,,,,,,,,0,,,,,,,,,,,,,,,,,,,,54,117,103,229,Swalot,swalot,"""","[""pokemon"",""swalot""],",Schlukwech # 
316,Gulpin,Schluppuck,,,POISON,- -,70,43,53,43,53,40,302,"50,33",Liquid Ooze,Sticky Hold,Gluttony,40,1,,,,0,,,,,,,,,0,,,,,0,,,,0,,,,,,,,,,,,,0,,,,,,,,,,,,,,,,,,,,40,101,76,196,Gulpin,gulpin,"""","[""pokemon"",""gulpin""],",Schluppuck # 
108,Lickitung,Schlurp,,,NORMAL,- -,90,55,75,60,75,30,385,"64,17",Own Tempo,Oblivious,Cloud Nine,40,1,,,,1,,,,,,ja,,,0,,,,,0,,,,1,ja,,,,,,,,,,,,0,,,,,,,,,,,,,,,,,,,,31,90,58,174,Lickitung,lickitung,"""","[""pokemon"",""lickitung""],",Schlurp # 
463,Lickilicky,Schlurplek,,,NORMAL,- -,110,85,95,80,95,50,515,"85,83",Own Tempo,Oblivious,Cloud Nine,40,7,,,,0,,,,,,,,,0,,,,,0,,,,1,ja,,,,,,,,,,,,0,,,,,,,,,,,,,,,,,,,,49,112,94,218,Lickilicky,lickilicky,"""","[""pokemon"",""lickilicky""],",Schlurplek # 
339,Barboach,Schmerbe,,,WATER,GROUND,50,48,43,46,41,60,288,48,Oblivious,Anticipation,Hydration,40,1,,,,0,,,,,,,,,0,,,,,0,,,,0,,,,,,,,,,,,,0,,,,,,,,,,,,,,,,,,,,58,123,112,240,Barboach,barboach,"""","[""pokemon"",""barboach""],",Schmerbe # 
218,Slugma,Schneckmag,,,FIRE,- -,40,40,40,70,40,20,250,"41,67",Magma Armor,Flame Body,Weak Armor,40,1,,,,0,,,,,,,,,0,,,,,0,,,,1,,ja,,,,,,,,,,,0,,,,,,,,,,,,,,,,,,,,22,79,40,152,Slugma,slugma,"""","[""pokemon"",""slugma""],",Schneckmag # 
361,Snorunt,Schneppke,,,ICE,- -,50,50,50,50,50,50,300,50,Inner Focus,Ice Body,Moody,40,1,,,,0,,,,,,,,,1,,ja,,,0,,,,0,,,,,,,,,,,,,1,,,,,,,,,ja,,,,,,,,,,,49,112,94,218,Snorunt,snorunt,"""","[""pokemon"",""snorunt""],",Schneppke # 
616,Shelmet,Schnuthelm,,,BUG,- -,50,40,85,40,65,25,305,"50,83",Hydration,Shell Armor,Overcoat,40,2,,,,1,,,,,,ja,,,2,,ja,ja,,0,,,,1,,ja,,,,,,,,,,,0,,,,,,,,,,,,,,,,,,,,27,84,49,163,Shelmet,shelmet,"""","[""pokemon"",""shelmet""],",Schnuthelm # 
276,Taillow,Schwalbini,,,NORMAL,FLYING,40,55,30,30,30,85,270,45,Guts,,Scrappy,40,1,,,,1,,ja,,,,,,ja,0,,,,,1,ja,,,1,,,ja,,,,,,,,,,1,,,,,,,,,,,ja,,,,,,,,,81,150,157,295,Taillow,taillow,"""","[""pokemon"",""taillow""],",Schwalbini # 
277,Swellow,Schwalboss,,,NORMAL,FLYING,60,85,60,75,50,125,455,"75,83",Guts,,Scrappy,100,11,,,,2,,ja,,,,ja,,ja,0,,,,,1,ja,,,1,,,ja,,,,,,,,,,1,,,,,,,,,,,ja,,,,,,,,,117,194,229,383,Swellow,swellow,"""","[""pokemon"",""swellow""],",Schwalboss # 
659,Bunnelby,Scoppel,,,NORMAL,- -,38,36,38,32,36,57,237,"39,5",Pickup,Cheek Pouch,Huge Power,40,1,,,,1,,ja,,,,,,,1,,ja,,,0,,,,0,,,,,,,,,,,,,1,,,,,,,,,,,ja,,,,,,,,,55,119,107,234,Bunnelby,bunnelby,"""","[""pokemon"",""bunnelby""],",Scoppel # 
525,Boldore,Sedimantur,,,ROCK,- -,70,105,105,50,40,20,390,65,Sturdy,Weak Armor,Sand Force,40,1,,,,0,,,,,,,,,1,ja,,,,0,,,,0,,,,,,,,,,,,,0,,,,,,,,,,,,,,,,,,,,22,79,40,152,Boldore,boldore,"""","[""pokemon"",""boldore""],",Sedimantur # 
230,Kingdra,Seedraking,,,WATER,DRAGON,75,95,95,95,95,85,540,90,Swift Swim,Sniper,Damp,100,11,,,,1,,,ja,,,,,,0,,,,,0,,,,0,,,,,,,,,,,,,0,,,,,,,,,,,,,,,,,,,,81,150,157,295,Kingdra,kingdra,"""","[""pokemon"",""kingdra""],",Seedraking # 
364,Sealeo,Seejong,,,ICE,WATER,90,60,70,75,70,45,410,"68,33",Thick Fat,Ice Body,Oblivious,40,1,,,,0,,,,,,,,,0,,,,,0,,,,0,,,,,,,,,,,,,0,,,,,,,,,,,,,,,,,,,,45,106,85,207,Sealeo,sealeo,"""","[""pokemon"",""sealeo""],",Seejong # 
117,Seadra,Seemon,,,WATER,- -,55,65,95,95,45,85,440,"73,33",Poison Point,Sniper,Damp,40,1,,,,1,,,ja,,,,,,0,,,,,0,,,,0,,,,,,,,,,,,,0,,,,,,,,,,,,,,,,,,,,81,150,157,295,Seadra,seadra,"""","[""pokemon"",""seadra""],",Seemon # 
363,Spheal,Seemops,,,ICE,WATER,70,40,50,55,50,25,290,"48,33",Thick Fat,Ice Body,Oblivious,40,1,,,,0,,,,,,,,,0,,,,,0,,,,0,,,,,,,,,,,,,0,,,,,,,,,,,,,,,,,,,,27,84,49,163,Spheal,spheal,"""","[""pokemon"",""spheal""],",Seemops # 
116,Horsea,Seeper,,,WATER,- -,30,40,70,70,25,60,295,"49,17",Swift Swim,Sniper,Damp,40,1,,,,1,,,ja,,,,,,0,,,,,0,,,,0,,,,,,,,,,,,,0,,,,,,,,,,,,,,,,,,,,58,123,112,240,Horsea,horsea,"""","[""pokemon"",""horsea""],",Seeper # 
480,Uxie,Selfe,,,PSYCHIC,- -,75,75,130,75,130,95,580,"96,67",Levitate,,,100,9,,,,2,,ja,,,,ja,ja,,1,ja,,,,0,,,,0,,,,,,,,,,,,,0,,,,,,,,,,,,,,,,,,,,90,161,175,317,Uxie,uxie,"""","[""pokemon"",""uxie""],",Selfe # 
780,Drampa,Sen-Long,,,NORMAL,DRAGON,78,60,85,135,91,36,485,"80,83",Berserk,Sap Sipper,Cloud Nine,60,5,,,,0,,,,,,,,ja,0,,,,,1,ja,,,1,,,ja,,,,,,,,,,0,,,,,,,,,,,,,,,,,,,,36,96,69,188,Drampa,drampa,"""","[""pokemon"",""drampa""],",Sen-Long # 
335,Zangoose,Sengo,,,NORMAL,- -,73,115,60,60,60,90,458,"76,33",Immunity,,Toxic Boost,40,3,,,,0,,,,,,,,,0,,,,,0,,,,0,,,,,,,,,,,,,1,,,,,,,,,,,ja,,,,,,,,,85,156,166,306,Zangoose,zangoose,"""","[""pokemon"",""zangoose""],",Sengo # 
824,Blipbug,Sensect,,,BUG,- -,25,20,20,25,45,45,180,30,Swarm,Compound Eyes,Telepathy,,,,,,0,,,,,,,,,1,,,,ja,0,,,,1,,ja,,,,,,,,,,,0,,,,,,,,,,,,,,,,,,,,45,106,85,207,Blipbug,blipbug,"""","[""pokemon"",""blipbug""],",Sensect # 
495,Snivy,Serpifeu,,,GRASS,- -,45,45,55,45,55,63,308,"51,33",Overgrow,,Contrary,40,1,,,,0,,,,,,,,,0,,,,,1,ja,,,1,,,,ja,,,,,,,,,0,,,,,,,,,,,,,,,,,,,,61,126,117,247,Snivy,snivy,"""","[""pokemon"",""snivy""],",Serpifeu # 
497,Serperior,Serpiroyal,,,GRASS,- -,75,75,95,75,95,113,528,88,Overgrow,,Contrary,120,14,,,,0,,,,,,,,,0,,,,,1,ja,,,1,,,,ja,,,,,,,,,0,,,,,,,,,,,,,,,,,,,,106,181,207,357,Serperior,serperior,"""","[""pokemon"",""serperior""],",Serpiroyal # 
876,Indeedee,Servol,,,PSYCHIC,NORMAL,60,65,55,105,95,95,475,"79,17",Inner Focus/Own Tempo,Synchronize,Psychic Surge,,,,,,0,,,,,,,ja,,0,,,,,0,,,,0,,,,,,,,,,,,,1,,,,ja,,,,,,,,,,,,,,,,90,161,175,317,Indeedee,indeedee,"""","[""pokemon"",""indeedee""],",Servol # 
876,Indeedee-m,Servol-m,,,PSYCHIC,NORMAL,60,65,55,105,95,95,475,"79,17",Inner Focus,Synchronize,Psychic Surge,,,,,,0,,,,,,,ja,,0,,,,,0,,,,0,,,,,,,,,,,,,1,,,,ja,,,,,,,,,,,,,,,,90,161,175,317,Indeedee,indeedee,"""","[""pokemon"",""indeedee""],",Servol-m # 
876,Indeedee-f,Servol-w,,,PSYCHIC,NORMAL,70,55,65,95,105,85,475,"79,17",Own Tempo,Synchronize,Psychic Surge,,,,,,1,,,,,,ja,,,0,,,,,0,,,,0,,,,,,,,,,,,,1,,,,ja,,,,,,,,,,,,,,,,81,150,157,295,Indeedeef,indeedeef,"""","[""pokemon"",""indeedeef""],",Servol-w # 
585,Deerling,Sesokitz,,,NORMAL,GRASS,60,60,50,40,50,75,335,"55,83",Chlorophyll,Sap Sipper,Serene Grace,40,1,,,,1,,,,,,ja,,,0,,,,,0,,,,1,,,,ja,,,,,,,,,0,,,,,,,,,,,,,,,,,,,,72,139,139,273,Deerling,deerling,"""","[""pokemon"",""deerling""],",Sesokitz # 
621,Druddigon,Shardrago,,,DRAGON,- -,77,120,90,60,90,48,485,"80,83",Rough Skin,Sheer Force,Mold Breaker,60,8,,,,0,,,,,,,,,1,ja,,,,0,,,,0,,,,,,,,,,,,,1,,,ja,,,,,,,,,,,,,,,,,47,110,90,214,Druddigon,druddigon,"""","[""pokemon"",""druddigon""],",Shardrago # 
611,Fraxure,Sharfax,,,DRAGON,- -,66,117,70,40,50,67,410,"68,33",Rivalry,Mold Breaker,Unnerve,40,2,,,,0,,,,,,,,,0,,,,,0,,,,0,,,,,,,,,,,,,0,,,,,,,,,,,,,,,,,,,,64,130,125,256,Fraxure,fraxure,"""","[""pokemon"",""fraxure""],",Sharfax # 
492,Shaymin,Shaymin,,,GRASS,- -,100,100,100,100,100,100,600,100,Natural Cure,,,100,12,,,,0,,,,,,,,ja,0,,,,,0,,,,1,,,,ja,,,,,,,,,1,,,,,,,,,,,ja,,,,,,,,,94,167,184,328,Shaymin,shaymin,"""","[""pokemon"",""shaymin""],",Shaymin # 
492,Shaymin-Sky,Shaymin-Zenit,,,GRASS,- -,100,103,75,120,75,127,600,100,Serene Grace,,,BANNED,BANNED,,,,0,,,,,,,,ja,0,,,,,0,,,,1,,,,ja,,,,,,,,,1,,,,,,,,,,,ja,,,,,,,,,118,196,233,388,ShayminSky,shayminsky,"""","[""pokemon"",""shayminsky""],",Shaymin-Zenit # 
403,Shinx,Sheinux,,,ELECTRIC,- -,45,65,34,40,34,45,263,"43,83",Rivalry,Intimidate,Guts,40,1,,,,1,ja,,,,,,,,0,,,,,0,,,,0,,,,,,,,,,,,,1,,,,,,,,,,,ja,,,,,,,,,45,106,85,207,Shinx,shinx,"""","[""pokemon"",""shinx""],",Sheinux # 
459,Snover,Shnebedeck,,,GRASS,ICE,60,62,50,62,60,40,334,"55,67",Snow Warning,,Soundproof,40,1,,,,0,,,,,,,,,0,,,,,0,,,,1,,,,ja,,,,,,,,,1,,,,,,,,,ja,,,,,,,,,,,40,101,76,196,Snover,snover,"""","[""pokemon"",""snover""],",Shnebedeck # 
432,Purugly,Shnurgarst,,,NORMAL,- -,71,82,64,64,59,112,452,"75,33",Thick Fat,Own Tempo,Defiant,40,2,,,,1,,ja,,,,,,,0,,,,,0,,,,0,,,,,,,,,,,,,3,,,ja,ja,,,,,,,ja,,,,,,,,,105,180,206,355,Purugly,purugly,"""","[""pokemon"",""purugly""],",Shnurgarst # 
353,Shuppet,Shuppet,,,GHOST,- -,44,75,35,63,33,45,295,"49,17",Insomnia,Frisk,Cursed Body,40,1,,,,0,,,,,,,ja,,0,,,,,0,,,,0,,,,,,,,,,,,,2,,,ja,,,,,,,ja,,,,,,,,,,45,106,85,207,Shuppet,shuppet,"""","[""pokemon"",""shuppet""],",Shuppet # 
614,Beartic,Siberio,,,ICE,- -,95,130,80,70,80,50,505,"84,17",Snow Cloak,Slush Rush,Swift Swim,40,4,,,,0,,,,,,,,,0,,,,,0,,,,0,,,,,,,,,,,,,1,,,,,,,,ja,,,,,,,,,,,,49,112,94,218,Beartic,beartic,"""","[""pokemon"",""beartic""],",Siberio # 
123,Scyther,Sichlor,,,BUG,FLYING,70,110,80,55,80,105,500,"83,33",Swarm,Technician,Steadfast,40,5,,,,2,,ja,,,,ja,,ja,0,,,,,1,ja,,,2,,,ja,,,,ja,,,,,,2,,,,,,,,,,,ja,,,ja,,,,,,99,172,193,339,Scyther,scyther,"""","[""pokemon"",""scyther""],",Sichlor # 
858,Hatterene,Silembrim,,,PSYCHIC,FAIRY,57,90,95,136,103,29,510,85,Healer,Anticipation,Magic Bounce,,,,,,1,,,,,,ja,ja,,0,,,,,0,,,,0,,,,,,,,,,,,,0,,,,,,,,,,,,,,,,,,,,30,89,56,172,Hatterene,hatterene,"""","[""pokemon"",""hatterene""],",Silembrim # 
724,Decidueye,Silvarro,,,GRASS,GHOST,78,107,75,100,100,70,530,"88,33",Overgrow,,Long Reach,100,10,,,,2,,ja,,,,ja,,ja,0,,,,,1,ja,,,2,,,ja,ja,,,,,,,,,2,,,ja,,,,,,,ja,,,,,,,,,,67,134,130,262,Decidueye,decidueye,"""","[""pokemon"",""decidueye""],",Silvarro # 
65,Alakazam,Simsala,,,PSYCHIC,- -,55,50,45,135,95,120,500,"83,33",Synchronize,Inner Focus,Magic Guard,120,11,,,,1,,,,ja,,,ja,,0,,,,,0,,,,1,,ja,,,,,,,,,,,0,,,,,,,,,,,,,,,,,,,,112,189,220,372,Alakazam,alakazam,"""","[""pokemon"",""alakazam""],",Simsala # 
629,Vullaby,Skallyk,,,DARK,FLYING,70,55,75,45,65,60,370,"61,67",Big Pecks,Overcoat,Weak Armor,40,2,,,,1,,ja,,,,,,ja,0,,,,,1,ja,,,1,,,ja,,,,,,,,,,0,,,,,,,,,,,,,,,,,,,,58,123,112,240,Vullaby,vullaby,"""","[""pokemon"",""vullaby""],",Skallyk # 
214,Heracross,Skaraborn,,,BUG,FIGHTING,80,125,75,40,95,85,500,"83,33",Swarm,Guts,Moxie,100,11,,,,0,,,,,,,,,1,,ja,,,0,,,,0,,,,,,,,,,,,,1,,,,,,,,,,,,,,ja,,,,,,81,150,157,295,Heracross,heracross,"""","[""pokemon"",""heracross""],",Skaraborn # 
609,Chandelure,Skelabra,,,GHOST,FIRE,60,55,90,145,90,80,520,"86,67",Flash Fire,Flame Body,Infiltrator,100,10,,,,0,,,,,,,ja,,0,,,,,0,,,,0,,,,,,,,,,,,,0,,,,,,,,,,,,,,,,,,,,76,145,148,284,Chandelure,chandelure,"""","[""pokemon"",""chandelure""],",Skelabra # 
207,Gligar,Skorgla,,,GROUND,FLYING,65,75,105,35,65,85,430,"71,67",Hyper Cutter,Sand Veil,Immunity,60,8,,,,2,,ja,,,,ja,,ja,1,ja,,,,1,ja,,,1,,,ja,,,,,,,,,,1,,,,,,,,,,,ja,,,,,,,,,81,150,157,295,Gligar,gligar,"""","[""pokemon"",""gligar""],",Skorgla # 
472,Gliscor,Skorgro,,,GROUND,FLYING,75,95,125,45,75,95,510,85,Hyper Cutter,Sand Veil,Poison Heal,120,14,,,,2,,ja,,,,ja,,ja,1,ja,,,,1,ja,,,1,,,ja,,,,,,,,,,1,,,,,,,,,,,ja,,,,,,,,,90,161,175,317,Gliscor,gliscor,"""","[""pokemon"",""gliscor""],",Skorgro # 
434,Stunky,Skunkapuh,,,POISON,DARK,63,63,47,41,41,74,329,"54,83",Stench,Aftermath,Keen Eye,40,1,,,,0,,,,,,,,,0,,,,,1,ja,,,0,,,,,,,,,,,,,1,,,ja,,,,,,,,,,,,,,,,,71,138,137,271,Stunky,stunky,"""","[""pokemon"",""stunky""],",Skunkapuh # 
435,Skuntank,Skuntank,,,POISON,DARK,103,93,67,71,61,84,479,"79,83",Stench,Aftermath,Keen Eye,60,6,,,,0,,,,,,,,,0,,,,,1,ja,,,0,,,,,,,,,,,,,1,,,ja,,,,,,,,,,,,,,,,,80,149,155,293,Skuntank,skuntank,"""","[""pokemon"",""skuntank""],",Skuntank # 
88,Grimer,Sleima,,,POISON,- -,80,80,50,40,50,25,325,"54,17",Stench,Sticky Hold,Poison Touch,40,1,,,,0,,,,,,,,,0,,,,,0,,,,0,,,,,,,,,,,,,1,,,,,,,,,,ja,,,,,,,,,,27,84,49,163,Grimer,grimer,"""","[""pokemon"",""grimer""],",Sleima # 
89,Muk,Sleimok,,,POISON,- -,105,105,75,65,100,50,500,"83,33",Stench,Sticky Hold,Poison Touch,40,3,,,,0,,,,,,,,,0,,,,,0,,,,0,,,,,,,,,,,,,1,,,,,,,,,,ja,,,,,,,,,,49,112,94,218,Muk,muk,"""","[""pokemon"",""muk""],",Sleimok # 
12,Butterfree,Smettbo,,,BUG,FLYING,60,45,50,90,80,70,395,"65,83",Compound Eyes,,Tinted Lens,40,1,,,,3,,ja,,ja,,ja,,ja,0,,,,,1,ja,,,2,,,ja,,,,ja,,,,,,0,,,,,,,,,,,,,,,,,,,,67,134,130,262,Butterfree,butterfree,"""","[""pokemon"",""butterfree""],",Smettbo # 
110,Weezing,Smogmog,,,POISON,- -,65,90,120,85,70,60,490,"81,67",Levitate,Neutralizing Gas,,60,7,,,,0,,,,,,,,,1,,,ja,,0,,,,0,,,,,,,,,,,,,0,,,,,,,,,,,,,,,,,,,,58,123,112,240,Weezing,weezing,"""","[""pokemon"",""weezing""],",Smogmog # 
109,Koffing,Smogon,,,POISON,- -,40,65,95,60,45,35,340,"56,67",Levitate,Neutralizing Gas,Stench,40,1,,,,0,,,,,,,,,1,,,ja,,0,,,,0,,,,,,,,,,,,,0,,,,,,,,,,,,,,,,,,,,36,95,67,185,Koffing,koffing,"""","[""pokemon"",""koffing""],",Smogon # 
461,Weavile,Snibunna,,,DARK,ICE,70,120,65,45,85,125,510,85,Pressure,,Pickpocket,180,15,,,,0,,,,,,,,,0,,,,,0,,,,0,,,,,,,,,,,,,3,,,,ja,,,,,ja,,ja,,,,,,,,,117,194,229,383,Weavile,weavile,"""","[""pokemon"",""weavile""],",Snibunna # 
215,Sneasel,Sniebel,,,DARK,ICE,55,95,55,35,75,115,430,"71,67",Inner Focus,Keen Eye,Pickpocket,60,8,,,,0,,,,,,,,,0,,,,,0,,,,0,,,,,,,,,,,,,3,,,,ja,,,,,ja,,ja,,,,,,,,,108,183,211,361,Sneasel,sneasel,"""","[""pokemon"",""sneasel""],",Sniebel # 
53,Persian,Snobilikat,,,NORMAL,- -,65,70,60,65,65,115,440,"73,33",Limber,Technician,Unnerve,40,2,,,,1,,ja,,,,,,,0,,,,,0,,,,0,,,,,,,,,,,,,1,,,,ja,,,,,,,,,,,,,,,,108,183,211,361,Persian,persian,"""","[""pokemon"",""persian""],",Snobilikat # 
872,Snom,Snomnom,,,ICE,BUG,30,25,35,45,30,20,185,"30,83",Shield Dust,,Ice Scales,,,,,,0,,,,,,,,,0,,,,,0,,,,0,,,,,,,,,,,,,0,,,,,,,,,,,,,,,,,,,,22,79,40,152,Snom,snom,"""","[""pokemon"",""snom""],",Snomnom # 
209,Snubbull,Snubbull,,,FAIRY,- -,60,80,50,40,40,30,300,50,Intimidate,Run Away,Rattled,40,1,,,,0,,,,,,,,,0,,,,,0,,,,0,,,,,,,,,,,,,0,,,,,,,,,,,,,,,,,,,,31,90,58,174,Snubbull,snubbull,"""","[""pokemon"",""snubbull""],",Snubbull # 
516,Simipour,Sodachita,,,WATER,- -,75,98,63,98,63,101,498,83,Gluttony,,Torrent,40,3,,,,0,,,,,,,,,0,,,,,0,,,,0,,,,,,,,,,,,,0,,,,,,,,,,,,,,,,,,,,95,168,186,331,Simipour,simipour,"""","[""pokemon"",""simipour""],",Sodachita # 
515,Panpour,Sodamak,,,WATER,- -,50,53,48,53,48,64,316,"52,67",Gluttony,,Torrent,40,1,,,,0,,,,,,,,,0,,,,,0,,,,0,,,,,,,,,,,,,0,,,,,,,,,,,,,,,,,,,,62,127,119,249,Panpour,panpour,"""","[""pokemon"",""panpour""],",Sodamak # 
791,Solgaleo,Solgaleo,,,PSYCHIC,STEEL,137,137,107,113,89,97,680,"113,33",Full Metal Body,,,BANNED,BANNED,,,,1,,,,ja,,,ja,,0,,,,,0,,,,1,,,,,,,ja,,,,,,0,,,,,,,,,,,,,,,,,,,,91,163,179,322,Solgaleo,solgaleo,"""","[""pokemon"",""solgaleo""],",Solgaleo # 
517,Munna,Somniam,,,PSYCHIC,- -,76,25,45,67,55,24,292,"48,67",Forewarn,Synchronize,Telepathy,40,1,,,,1,,,,,,ja,ja,,0,,,,,0,,,,1,,,,,,ja,,,,,,,0,,,,,,,,,,,,,,,,,,,,26,83,47,161,Munna,munna,"""","[""pokemon"",""munna""],",Somniam # 
518,Musharna,Somnivora,,,PSYCHIC,- -,116,55,85,107,95,29,487,"81,17",Forewarn,Synchronize,Telepathy,40,5,,,,1,,,,,,ja,ja,,0,,,,,0,,,,1,,,,,,ja,,,,,,,0,,,,,,,,,,,,,,,,,,,,30,89,56,172,Musharna,musharna,"""","[""pokemon"",""musharna""],",Somnivora # 
338,Solrock,Sonnfel,,,ROCK,PSYCHIC,90,95,85,55,65,70,460,"76,67",Levitate,,,40,2,,,,1,,,,,,ja,ja,,1,ja,,,,0,,,,1,,,,,,,ja,,,,,,0,,,,,,,,,,,,,,,,,,,,67,134,130,262,Solrock,solrock,"""","[""pokemon"",""solrock""],",Sonnfel # 
192,Sunflora,Sonnflora,,,GRASS,- -,75,75,55,105,85,30,425,"70,83",Chlorophyll,Solar Power,Early Bird,40,1,,,,0,,,,,,,,,0,,,,,0,,,,1,,,,ja,,,,,,,,,0,,,,,,,,,,,,,,,,,,,,31,90,58,174,Sunflora,sunflora,"""","[""pokemon"",""sunflora""],",Sonnflora # 
191,Sunkern,Sonnkern,,,GRASS,- -,30,30,30,30,30,30,180,30,Chlorophyll,Solar Power,Early Bird,40,2,,,,0,,,,,,,,,0,,,,,0,,,,2,,,,ja,,,ja,,,,,,0,,,,,,,,,,,,,,,,,,,,31,90,58,174,Sunkern,sunkern,"""","[""pokemon"",""sunkern""],",Sonnkern # 
325,Spoink,Spoink,,,PSYCHIC,- -,60,25,35,70,80,60,330,55,Thick Fat,Own Tempo,Gluttony,40,1,,,,0,,,,,,,ja,,0,,,,,0,,,,0,,,,,,,,,,,,,0,,,,,,,,,,,,,,,,,,,,58,123,112,240,Spoink,spoink,"""","[""pokemon"",""spoink""],",Spoink # 
208,Steelix,Stahlos,,,GROUND,STEEL,75,85,200,55,65,30,510,85,Rock Head,Sturdy,Sheer Force,60,4,,,,0,,,,,,,,,1,ja,,,,0,,,,0,,,,,,,,,,,,,0,,,,,,,,,,,,,,,,,,,,31,90,58,174,Steelix,steelix,"""","[""pokemon"",""steelix""],",Stahlos # 
530,Excadrill,Stalobor,,,GROUND,STEEL,110,135,60,50,65,88,508,"84,67",Sand Rush,Sand Force,Mold Breaker,180,15,,,,0,,,,,,,,,1,ja,,,,1,,ja,,0,,,,,,,,,,,,,0,,,,,,,,,,,,,,,,,,,,83,154,162,302,Excadrill,excadrill,"""","[""pokemon"",""excadrill""],",Stalobor # 
396,Starly,Staralili,,,NORMAL,FLYING,40,55,30,30,30,60,245,"40,83",Keen Eye,,Reckless,40,1,,,,1,,ja,,,,,,ja,0,,,,,1,ja,,,1,,,ja,,,,,,,,,,1,,,,,,,,,,,ja,,,,,,,,,58,123,112,240,Starly,starly,"""","[""pokemon"",""starly""],",Staralili # 
398,Staraptor,Staraptor,,,NORMAL,FLYING,85,120,70,50,60,100,485,"80,83",Intimidate,,Reckless,120,12,,,,1,,ja,,,,,,ja,0,,,,,1,ja,,,1,,,ja,,,,,,,,,,1,,,,,,,,,,,ja,,,,,,,,,94,167,184,328,Staraptor,staraptor,"""","[""pokemon"",""staraptor""],",Staraptor # 
397,Staravia,Staravia,,,NORMAL,FLYING,55,75,50,40,40,80,340,"56,67",Intimidate,,Reckless,40,1,,,,1,,ja,,,,,,ja,0,,,,,1,ja,,,1,,,ja,,,,,,,,,,1,,,,,,,,,,,ja,,,,,,,,,76,145,148,284,Staravia,staravia,"""","[""pokemon"",""staravia""],",Staravia # 
121,Starmie,Starmie,,,WATER,PSYCHIC,60,75,85,100,85,115,520,"86,67",Illuminate,Natural Cure,Analytic,120,13,,,,2,,,ja,ja,,,ja,,0,,,,,1,,ja,,1,,ja,,,,,,,,,,,0,,,,,,,,,,,,,,,,,,,,108,183,211,361,Starmie,starmie,"""","[""pokemon"",""starmie""],",Starmie # 
120,Staryu,Sterndu,,,WATER,- -,30,45,55,70,55,85,340,"56,67",Illuminate,Natural Cure,Analytic,40,1,,,,2,,,ja,ja,,,,,0,,,,,1,,ja,,1,,ja,,,,,,,,,,,0,,,,,,,,,,,,,,,,,,,,81,150,157,295,Staryu,staryu,"""","[""pokemon"",""staryu""],",Sterndu # 
306,Aggron,Stolloss,,,STEEL,ROCK,70,110,180,60,60,50,530,"88,33",Sturdy,Rock Head,Heavy Metal,60,4,,,,0,,,,,,,,,1,ja,,,,0,,,,0,,,,,,,,,,,,,0,,,,,,,,,,,,,,,,,,,,49,112,94,218,Aggron,aggron,"""","[""pokemon"",""aggron""],",Stolloss # 
305,Lairon,Stollrak,,,STEEL,ROCK,60,90,140,50,50,40,430,"71,67",Sturdy,Rock Head,Heavy Metal,40,1,,,,0,,,,,,,,,1,ja,,,,0,,,,0,,,,,,,,,,,,,0,,,,,,,,,,,,,,,,,,,,40,101,76,196,Lairon,lairon,"""","[""pokemon"",""lairon""],",Stollrak # 
304,Aron,Stollunior,,,STEEL,ROCK,50,70,100,40,40,30,330,55,Sturdy,Rock Head,Heavy Metal,40,1,,,,0,,,,,,,,,1,ja,,,,0,,,,0,,,,,,,,,,,,,0,,,,,,,,,,,,,,,,,,,,31,90,58,174,Aron,aron,"""","[""pokemon"",""aron""],",Stollunior # 
540,Sewaddle,Strawickl,,,BUG,GRASS,45,53,70,40,60,42,310,"51,67",Swarm,Chlorophyll,Overcoat,40,1,,,,1,,,,,,ja,,,1,,,,ja,0,,,,1,,,,ja,,,,,,,,,0,,,,,,,,,,,,,,,,,,,,42,103,80,201,Sewaddle,sewaddle,"""","[""pokemon"",""sewaddle""],",Strawickl # 
533,Gurdurr,Strepoli,,,FIGHTING,- -,85,105,85,40,50,40,405,"67,5",Guts,Sheer Force,Iron Fist,40,4,,,,0,,,,,,,,,0,,,,,1,ja,,,0,,,,,,,,,,,,,1,,,,,,ja,,,,,,,,,,,,,,40,101,76,196,Gurdurr,gurdurr,"""","[""pokemon"",""gurdurr""],",Strepoli # 
245,Suicune,Suicune,,,WATER,- -,100,75,115,90,115,85,580,"96,67",Pressure,,Inner Focus,120,12,,,,0,,,,,,,,ja,0,,,,,0,,,,0,,,,,,,,,,,,,1,ja,,,,,,,,,,,,,,,,,,,81,150,157,295,Suicune,suicune,"""","[""pokemon"",""suicune""],",Suicune # 
260,Swampert,Sumpex,,,WATER,GROUND,100,110,90,85,90,60,535,"89,17",Torrent,,Damp,100,9,,,,1,,,ja,,,,,,1,ja,,,,0,,,,0,,,,,,,,,,,,,0,,,,,,,,,,,,,,,,,,,,58,123,112,240,Swampert,swampert,"""","[""pokemon"",""swampert""],",Sumpex # 
581,Swanna,Swaroness,,,WATER,FLYING,75,87,63,87,63,98,473,"78,83",Keen Eye,Big Pecks,Hydration,40,2,,,,0,,,,,,,,ja,0,,,,,1,ja,,,1,,,ja,,,,,,,,,,1,,,,,,,,ja,,,,,,,,,,,,92,165,180,324,Swanna,swanna,"""","[""pokemon"",""swanna""],",Swaroness # 
561,Sigilyph,Symvolara,,,PSYCHIC,FLYING,72,58,80,103,80,97,490,"81,67",Wonder Skin,Magic Guard,Tinted Lens,60,5,,,,0,,,,,,,ja,ja,0,,,,,1,ja,,,1,,,ja,,,,,,,,,,0,,,,,,,,,,,,,,,,,,,,91,163,179,322,Sigilyph,sigilyph,"""","[""pokemon"",""sigilyph""],",Symvolara # 
691,Dragalge,Tandrak,,,POISON,DRAGON,65,75,90,97,123,44,494,"82,33",Poison Point,Poison Touch,Adaptability,100,10,,,,1,,,ja,,,,,,1,,,ja,,0,,,,0,,,,,,,,,,,,,0,,,,,,,,,,,,,,,,,,,,44,105,83,205,Dragalge,dragalge,"""","[""pokemon"",""dragalge""],",Tandrak # 
114,Tangela,Tangela,,,GRASS,- -,65,55,115,100,40,60,435,"72,5",Chlorophyll,Leaf Guard,Regenerator,40,4,,,,0,,,,,,,,,0,,,,,0,,,,2,,,,ja,,,ja,,,,,,0,,,,,,,,,,,,,,,,,,,,58,123,112,240,Tangela,tangela,"""","[""pokemon"",""tangela""],",Tangela # 
465,Tangrowth,Tangoloss,,,GRASS,- -,100,100,125,110,50,50,535,"89,17",Chlorophyll,Leaf Guard,Regenerator,120,12,,,,0,,,,,,,,,0,,,,,0,,,,2,,,,ja,,,ja,,,,,,0,,,,,,,,,,,,,,,,,,,,49,112,94,218,Tangrowth,tangrowth,"""","[""pokemon"",""tangrowth""],",Tangoloss # 
374,Beldum,Tanhel,,,STEEL,PSYCHIC,40,55,80,35,60,30,300,50,Clear Body,,Light Metal,40,1,,,,0,,,,,,,,,0,,,,,0,,,,0,,,,,,,,,,,,,0,,,,,,,,,,,,,,,,,,,,31,90,58,174,Beldum,beldum,"""","[""pokemon"",""beldum""],",Tanhel # 
204,Pineco,Tannza,,,BUG,- -,50,65,90,35,35,15,290,"48,33",Sturdy,,Overcoat,40,1,,,,0,,,,,,,,,3,ja,ja,ja,,1,,ja,,0,,,,,,,,,,,,,0,,,,,,,,,,,,,,,,,,,,18,73,31,141,Pineco,pineco,"""","[""pokemon"",""pineco""],",Tannza # 
590,Foongus,Tarnpignon,,,GRASS,POISON,69,55,45,55,55,15,294,49,Effect Spore,,Regenerator,40,1,,,,0,,,,,,,,,0,,,,,0,,,,1,,,,ja,,,,,,,,,0,,,,,,,,,,,,,,,,,,,,18,73,31,141,Foongus,foongus,"""","[""pokemon"",""foongus""],",Tarnpignon # 
17,Pidgeotto,Tauboga,,,NORMAL,FLYING,63,60,55,50,50,71,349,"58,17",Keen Eye,Tangled Feet,Big Pecks,40,1,,,,1,,ja,,,,,,ja,0,,,,,1,ja,,,1,,,ja,,,,,,,,,,1,,,,,,,,,,,ja,,,,,,,,,68,135,132,265,Pidgeotto,pidgeotto,"""","[""pokemon"",""pidgeotto""],",Tauboga # 
18,Pidgeot,Tauboss,,,NORMAL,FLYING,83,80,75,70,70,101,479,"79,83",Keen Eye,Tangled Feet,Big Pecks,40,1,,,,1,,ja,,,,,,ja,0,,,,,1,ja,,,1,,,ja,,,,,,,,,,1,,,,,,,,,,,ja,,,,,,,,,95,168,186,331,Pidgeot,pidgeot,"""","[""pokemon"",""pidgeot""],",Tauboss # 
16,Pidgey,Taubsi,,,NORMAL,FLYING,40,45,40,35,35,56,251,"41,83",Keen Eye,Tangled Feet,Big Pecks,40,1,,,,1,,ja,,,,,,ja,0,,,,,1,ja,,,1,,,ja,,,,,,,,,,1,,,,,,,,,,,ja,,,,,,,,,54,118,105,232,Pidgey,pidgey,"""","[""pokemon"",""pidgey""],",Taubsi # 
128,Tauros,Tauros,,,NORMAL,- -,75,100,95,40,70,110,490,"81,67",Intimidate,Anger Point,Sheer Force,40,5,,,,0,,,,,,,,,0,,,,,0,,,,0,,,,,,,,,,,,,0,,,,,,,,,,,,,,,,,,,,103,178,202,350,Tauros,tauros,"""","[""pokemon"",""tauros""],",Tauros # 
768,Golisopod,Tectass,,,BUG,WATER,75,125,140,60,90,40,530,"88,33",Emergency Exit,,,60,6,,,,0,,,,,,,,,1,,ja,,,0,,,,0,,,,,,,,,,,,,3,,ja,ja,,,,,ja,,,,,,,,,,,,40,101,76,196,Golisopod,golisopod,"""","[""pokemon"",""golisopod""],",Tectass # 
216,Teddiursa,Teddiursa,,,NORMAL,- -,60,80,50,50,50,40,330,55,Pickup,Quick Feet,Honey Gather,40,2,,,,0,,,,,,,,,0,,,,,0,,,,0,,,,,,,,,,,,,0,,,,,,,,,,,,,,,,,,,,40,101,76,196,Teddiursa,teddiursa,"""","[""pokemon"",""teddiursa""],",Teddiursa # 
275,Shiftry,Tengulist,,,GRASS,DARK,90,100,60,90,60,80,480,80,Chlorophyll,Early Bird,Pickpocket,60,5,,,,0,,,,,,,,,0,,,,,1,ja,,,1,,,,ja,,,,,,,,,3,,,ja,ja,,,,,,,ja,,,,,,,,,76,145,148,284,Shiftry,shiftry,"""","[""pokemon"",""shiftry""],",Tengulist # 
72,Tentacool,Tentacha,,,WATER,POISON,40,40,35,50,100,70,335,"55,83",Clear Body,Liquid Ooze,Rain Dish,40,1,,,,0,,,,,,,,,1,,,ja,,1,,ja,,0,,,,,,,,,,,,,0,,,,,,,,,,,,,,,,,,,,67,134,130,262,Tentacool,tentacool,"""","[""pokemon"",""tentacool""],",Tentacha # 
598,Ferrothorn,Tentantel,,,GRASS,STEEL,74,94,131,54,116,20,489,"81,5",Iron Barbs,,Anticipation,120,12,,,,0,,,,,,,,,2,ja,ja,,,0,,,,0,,,,,,,,,,,,,0,,,,,,,,,,,,,,,,,,,,22,79,40,152,Ferrothorn,ferrothorn,"""","[""pokemon"",""ferrothorn""],",Tentantel # 
73,Tentacruel,Tentoxa,,,WATER,POISON,80,70,65,80,120,100,515,"85,83",Clear Body,Liquid Ooze,Rain Dish,100,11,,,,0,,,,,,,,,1,,,ja,,1,,ja,,0,,,,,,,,,,,,,0,,,,,,,,,,,,,,,,,,,,94,167,184,328,Tentacruel,tentacruel,"""","[""pokemon"",""tentacruel""],",Tentoxa # 
639,Terrakion,Terrakium,,,ROCK,FIGHTING,91,129,90,72,90,108,580,"96,67",Justified,,,180,14,,,,0,,,,,,,,,1,ja,,,,0,,,,0,,,,,,,,,,,,,1,,,,,,,,,,,ja,,,,,,,,,101,176,198,346,Terrakion,terrakion,"""","[""pokemon"",""terrakion""],",Terrakium # 
507,Herdier,Terribark,,,NORMAL,- -,65,80,65,35,65,60,370,"61,67",Intimidate,Sand Rush,Scrappy,40,1,,,,0,,,,,,,,,0,,,,,0,,,,0,,,,,,,,,,,,,0,,,,,,,,,,,,,,,,,,,,58,123,112,240,Herdier,herdier,"""","[""pokemon"",""herdier""],",Terribark # 
689,Barbaracle,Thanathora,,,ROCK,WATER,72,105,115,54,86,68,500,"83,33",Sniper,Tough Claws,Pickpocket,40,5,,,,0,,,,,,,,,1,ja,,,,0,,,,0,,,,,,,,,,,,,0,,,,,,,,,,,,,,,,,,,,65,132,126,258,Barbaracle,barbaracle,"""","[""pokemon"",""barbaracle""],",Thanathora # 
850,Sizzlipede,Thermopod,,,FIRE,BUG,50,65,45,50,50,45,305,"50,83",Flash Fire,White Smoke,Flame Body,,,,,,0,,,,,,,,,0,,,,,0,,,,0,,,,,,,,,,,,,0,,,,,,,,,,,,,,,,,,,,45,106,85,207,Sizzlipede,sizzlipede,"""","[""pokemon"",""sizzlipede""],",Thermopod # 
482,Azelf,Tobutz,,,PSYCHIC,- -,75,125,70,125,70,115,580,"96,67",Levitate,,,120,11,,,,2,,ja,,,,ja,ja,,1,ja,,,,0,,,,0,,,,,,,,,,,,,0,,,,,,,,,,,,,,,,,,,,108,183,211,361,Azelf,azelf,"""","[""pokemon"",""azelf""],",Tobutz # 
777,Togedemaru,Togedemaru,,,ELECTRIC,STEEL,65,98,63,40,73,96,435,"72,5",Iron Barbs,Lightning Rod,Sturdy,40,4,,,,2,ja,ja,,,,,,,0,,,,,0,,,,1,ja,,,,,,,,,,,,1,,,,ja,,,,,,,,,,,,,,,,90,162,177,320,Togedemaru,togedemaru,"""","[""pokemon"",""togedemaru""],",Togedemaru # 
468,Togekiss,Togekiss,,,FAIRY,FLYING,85,50,95,120,115,80,545,"90,83",Hustle,Serene Grace,Super Luck,120,12,,,,1,,,,,,ja,,ja,0,,,,,1,ja,,,4,ja,,ja,,,,ja,,,,,ja,1,ja,,,,,,,,,,,,,,,,,,,76,145,148,284,Togekiss,togekiss,"""","[""pokemon"",""togekiss""],",Togekiss # 
175,Togepi,Togepi,,,FAIRY,- -,35,20,65,40,65,20,245,"40,83",Hustle,Serene Grace,Super Luck,40,1,,,,1,,,,,,ja,,,0,,,,,0,,,,3,ja,,,,,,ja,,,,,ja,0,,,,,,,,,,,,,,,,,,,,22,79,40,152,Togepi,togepi,"""","[""pokemon"",""togepi""],",Togepi # 
176,Togetic,Togetic,,,FAIRY,FLYING,55,40,85,80,105,40,405,"67,5",Hustle,Serene Grace,Super Luck,40,4,,,,1,,,,,,ja,,ja,0,,,,,1,ja,,,4,ja,,ja,,,,ja,,,,,ja,0,,,,,,,,,,,,,,,,,,,,40,101,76,196,Togetic,togetic,"""","[""pokemon"",""togetic""],",Togetic # 
319,Sharpedo,Tohaido,,,WATER,DARK,70,120,40,95,40,95,460,"76,67",Rough Skin,,Speed Boost,100,8,,,,1,,,ja,,,,,,0,,,,,0,,,,0,,,,,,,,,,,,,1,,,,,,,,ja,,,,,,,,,,,,90,161,175,317,Sharpedo,sharpedo,"""","[""pokemon"",""sharpedo""],",Tohaido # 
157,Typhlosion,Tornupto,,,FIRE,- -,78,84,78,109,85,100,534,89,Blaze,,Flash Fire,60,5,,,,0,,,,,,,,,0,,,,,0,,,,0,,,,,,,,,,,,,1,,,,,,,,,,,ja,,,,,,,,,94,167,184,328,Typhlosion,typhlosion,"""","[""pokemon"",""typhlosion""],",Tornupto # 
776,Turtonator,Tortunator,,,FIRE,DRAGON,60,78,135,91,85,36,485,"80,83",Shell Armor,,,40,4,,,,0,,,,,,,,,0,,,,,1,,ja,,0,,,,,,,,,,,,,0,,,,,,,,,,,,,,,,,,,,36,96,69,188,Turtonator,turtonator,"""","[""pokemon"",""turtonator""],",Tortunator # 
848,Toxel,Toxel,,,ELECTRIC,POISON,40,38,35,54,35,40,242,"40,33",Rattled,Static,Klutz,,,,,,0,,,,,,,,,0,,,,,0,,,,0,,,,,,,,,,,,,0,,,,,,,,,,,,,,,,,,,,40,101,76,196,Toxel,toxel,"""","[""pokemon"",""toxel""],",Toxel # 
543,Venipede,Toxiped,,,BUG,POISON,30,45,59,30,39,57,260,"43,33",Poison Point,Swarm,Speed Boost,40,1,,,,0,,,,,,,,,2,,ja,ja,,0,,,,0,,,,,,,,,,,,,0,,,,,,,,,,,,,,,,,,,,55,119,107,234,Venipede,venipede,"""","[""pokemon"",""venipede""],",Toxiped # 
454,Toxicroak,Toxiquak,,,POISON,FIGHTING,83,106,65,86,65,85,490,"81,67",Anticipation,Dry Skin,Poison Touch,100,7,,,,1,,,,,,ja,,,0,,,,,0,,,,0,,,,,,,,,,,,,4,,,ja,ja,,,ja,,,,,,,ja,,,,,,81,150,157,295,Toxicroak,toxicroak,"""","[""pokemon"",""toxicroak""],",Toxiquak # 
104,Cubone,Tragosso,,,GROUND,- -,50,50,95,40,50,35,320,"53,33",Rock Head,Lightning Rod,Battle Armor,40,1,,,,0,,,,,,,,,1,ja,,,,0,,,,0,,,,,,,,,,,,,0,,,,,,,,,,,,,,,,,,,,36,95,67,185,Cubone,cubone,"""","[""pokemon"",""cubone""],",Tragosso # 
280,Ralts,Trasla,,,PSYCHIC,FAIRY,28,25,25,45,35,40,198,33,Synchronize,Trace,Telepathy,40,1,,,,1,,,,ja,,,ja,,0,,,,,0,,,,1,ja,,,,,,,,,,,,1,,,,,,,,,,ja,,,,,,,,,,40,101,76,196,Ralts,ralts,"""","[""pokemon"",""ralts""],",Trasla # 
96,Drowzee,Traumato,,,PSYCHIC,- -,60,48,45,43,90,42,328,"54,67",Insomnia,Forewarn,Inner Focus,40,1,,,,1,,,,ja,,,ja,,0,,,,,0,,,,1,ja,,,,,,,,,,,,0,,,,,,,,,,,,,,,,,,,,42,103,80,201,Drowzee,drowzee,"""","[""pokemon"",""drowzee""],",Traumato # 
200,Misdreavus,Traunfugil,,,GHOST,- -,60,60,60,85,85,85,435,"72,5",Levitate,,,40,2,,,,0,,,,,,,ja,,0,,,,,0,,,,0,,,,,,,,,,,,,2,,,ja,,,,,,,ja,,,,,,,,,,81,150,157,295,Misdreavus,misdreavus,"""","[""pokemon"",""misdreavus""],",Traunfugil # 
429,Mismagius,Traunmagil,,,GHOST,- -,60,60,60,105,105,105,495,"82,5",Levitate,,,60,7,,,,0,,,,,,,ja,,0,,,,,0,,,,0,,,,,,,,,,,,,2,,,ja,,,,,,,ja,,,,,,,,,,99,172,193,339,Mismagius,mismagius,"""","[""pokemon"",""mismagius""],",Traunmagil # 
635,Hydreigon,Trikephalo,,,DARK,DRAGON,92,105,90,125,90,98,600,100,Levitate,,,120,13,,,,1,,ja,,,,,,ja,0,,,,,1,ja,,,1,,,ja,,,,,,,,,,0,,,,,,,,,,,,,,,,,,,,92,165,180,324,Hydreigon,hydreigon,"""","[""pokemon"",""hydreigon""],",Trikephalo # 
709,Trevenant,Trombork,,,GHOST,GRASS,85,110,76,65,82,56,474,79,Natural Cure,Frisk,Harvest,60,3,,,,0,,,,,,,,,0,,,,,0,,,,0,,,,,,,,,,,,,1,,,ja,,,,,,,,,,,,,,,,,54,118,105,232,Trevenant,trevenant,"""","[""pokemon"",""trevenant""],",Trombork # 
732,Trumbeak,Trompeck,,,NORMAL,FLYING,55,85,50,40,50,75,355,"59,17",Keen Eye,Skill Link,Pickup,40,2,,,,1,,ja,,,,,,ja,0,,,,,1,ja,,,1,,,ja,,,,,,,,,,0,,,,,,,,,,,,,,,,,,,,72,139,139,273,Trumbeak,trumbeak,"""","[""pokemon"",""trumbeak""],",Trompeck # 
357,Tropius,Tropius,,,GRASS,FLYING,99,68,83,72,87,51,460,"76,67",Chlorophyll,Solar Power,Harvest,40,2,,,,0,,,,,,,,ja,0,,,,,1,ja,,,2,,,ja,ja,,,,,,,,,0,,,,,,,,,,,,,,,,,,,,50,113,96,221,Tropius,tropius,"""","[""pokemon"",""tropius""],",Tropius # 
733,Toucannon,Tukanon,,,NORMAL,FLYING,80,120,75,75,75,60,485,"80,83",Keen Eye,Skill Link,Sheer Force,40,4,,,,1,,ja,,,,,,ja,0,,,,,1,ja,,,1,,,ja,,,,,,,,,,0,,,,,,,,,,,,,,,,,,,,58,123,112,240,Toucannon,toucannon,"""","[""pokemon"",""toucannon""],",Tukanon # 
9,Blastoise,Turtok,,,WATER,- -,79,83,100,85,105,78,530,"88,33",Torrent,,Rain Dish,60,8,,,,1,,,ja,,,,,,0,,,,,1,,ja,,0,,,,,,,,,,,,,2,,,,ja,,,,ja,,,,,,,,,,,,74,143,144,280,Blastoise,blastoise,"""","[""pokemon"",""blastoise""],",Turtok # 
331,Cacnea,Tuska,,,GRASS,- -,50,85,40,85,40,35,335,"55,83",Sand Veil,,Water Absorb,40,1,,,,0,,,,,,,,,1,,ja,,,0,,,,1,,,,ja,,,,,,,,,1,,,ja,,,,,,,,,,,,,,,,,36,95,67,185,Cacnea,cacnea,"""","[""pokemon"",""cacnea""],",Tuska # 
772,Type: Null,Typ:Null,,,NORMAL,- -,95,95,95,95,95,59,534,89,Battle Armor,,,60,5,,,,1,,ja,,,,,,,0,,,,,0,,,,0,,,,,,,,,,,,,0,,,,,,,,,,,,,,,,,,,,57,122,110,238,TypeNull,typenull,"""","[""pokemon"",""typenull""],",Typ:Null # 
159,Croconaw,Tyracroc,,,WATER,- -,65,80,80,59,63,58,405,"67,5",Torrent,,Sheer Force,40,1,,,,0,,,,,,,,,0,,,,,0,,,,0,,,,,,,,,,,,,1,,,,,,,,ja,,,,,,,,,,,,56,121,108,236,Croconaw,croconaw,"""","[""pokemon"",""croconaw""],",Tyracroc # 
715,Noivern,UHaFnir,,,DRAGON,FLYING,85,70,80,97,80,123,535,"89,17",Frisk,Infiltrator,Telepathy,60,7,,,,1,,ja,,,,,,ja,0,,,,,1,ja,,,2,,,ja,,,ja,,,,,,,0,,,,,,,,,,,,,,,,,,,,115,192,225,379,Noivern,noivern,"""","[""pokemon"",""noivern""],",UHaFnir # 
70,Weepinbell,Ultrigaria,,,GRASS,POISON,65,90,50,85,45,55,390,65,Chlorophyll,,Gluttony,40,1,,,,0,,,,,,,,,0,,,,,0,,,,2,,,,ja,,,ja,,,,,,1,,,ja,,,,,,,,,,,,,,,,,54,117,103,229,Weepinbell,weepinbell,"""","[""pokemon"",""weepinbell""],",Ultrigaria # 
568,Trubbish,Unratütox,,,POISON,- -,50,50,62,40,62,65,329,"54,83",Stench,Sticky Hold,Aftermath,40,1,,,,0,,,,,,,,,2,,ja,ja,,0,,,,0,,,,,,,,,,,,,0,,,,,,,,,,,,,,,,,,,,63,128,121,251,Trubbish,trubbish,"""","[""pokemon"",""trubbish""],",Unratütox # 
845,Cramorant,Urgl,,,FLYING,WATER,70,85,55,85,95,85,475,"79,17",Gulp Missile,,,,,,,,0,,,,,,,,,0,,,,,1,ja,,,1,,,ja,,,,,,,,,,0,,,,,,,,,,,,,,,,,,,,81,150,157,295,Cramorant,cramorant,"""","[""pokemon"",""cramorant""],",Urgl # 
217,Ursaring,Ursaring,,,NORMAL,- -,90,130,75,75,75,55,500,"83,33",Guts,Quick Feet,Unnerve,40,4,,,,0,,,,,,,,,0,,,,,0,,,,0,,,,,,,,,,,,,0,,,,,,,,,,,,,,,,,,,,54,117,103,229,Ursaring,ursaring,"""","[""pokemon"",""ursaring""],",Ursaring # 
512,Simisage,Vegichita,,,GRASS,- -,75,98,63,98,63,101,498,83,Gluttony,,Overgrow,40,3,,,,0,,,,,,,,,0,,,,,0,,,,1,,,,ja,,,,,,,,,0,,,,,,,,,,,,,,,,,,,,95,168,186,331,Simisage,simisage,"""","[""pokemon"",""simisage""],",Vegichita # 
511,Pansage,Vegimak,,,GRASS,- -,50,53,48,53,48,64,316,"52,67",Gluttony,,Overgrow,40,1,,,,0,,,,,,,,,0,,,,,0,,,,1,,,,ja,,,,,,,,,0,,,,,,,,,,,,,,,,,,,,62,127,119,249,Pansage,pansage,"""","[""pokemon"",""pansage""],",Vegimak # 
759,Stufful,Velursi,,,NORMAL,FIGHTING,70,75,50,45,50,50,340,"56,67",Fluffy,Klutz,Cute Charm,40,1,,,,0,,,,,,,,,0,,,,,0,,,,0,,,,,,,,,,,,,0,,,,,,,,,,,,,,,,,,,,49,112,94,218,Stufful,stufful,"""","[""pokemon"",""stufful""],",Velursi # 
803,Poipole,Venicro,,,POISON,- -,67,73,67,73,67,73,420,70,Beast Boost,,,60,2,,,,0,,,,,,,,,1,,,ja,,0,,,,0,,,,,,,,,,,,,0,,,,,,,,,,,,,,,,,,,,70,137,135,269,Poipole,poipole,"""","[""pokemon"",""poipole""],",Venicro # 
455,Carnivine,Venuflibis,,,GRASS,- -,74,100,72,90,72,46,454,"75,67",Levitate,,,40,1,,,,0,,,,,,,,,0,,,,,1,ja,,,1,,,,ja,,,,,,,,,0,,,,,,,,,,,,,,,,,,,,45,107,87,210,Carnivine,carnivine,"""","[""pokemon"",""carnivine""],",Venuflibis # 
481,Mesprit,Vesprit,,,PSYCHIC,- -,80,105,105,105,105,80,580,"96,67",Levitate,,,60,8,,,,2,,ja,,,,ja,ja,,1,ja,,,,0,,,,0,,,,,,,,,,,,,0,,,,,,,,,,,,,,,,,,,,76,145,148,284,Mesprit,mesprit,"""","[""pokemon"",""mesprit""],",Vesprit # 
329,Vibrava,Vibrava,,,GROUND,DRAGON,50,70,50,50,50,70,340,"56,67",Levitate,,,40,1,,,,1,,ja,,,,,,ja,0,,,,,1,ja,,,1,,,ja,,,,,,,,,,2,,ja,,,,,,,,,ja,,,,,,,,,67,134,130,262,Vibrava,vibrava,"""","[""pokemon"",""vibrava""],",Vibrava # 
494,Victini,Victini,,,PSYCHIC,FIRE,100,100,100,100,100,100,600,100,Victory Star,,,180,14,,,,2,,ja,,,,ja,ja,,0,,,,,0,,,,0,,,,,,,,,,,,,1,,,,,,,,,,,ja,,,,,,,,,94,167,184,328,Victini,victini,"""","[""pokemon"",""victini""],",Victini # 
336,Seviper,Vipitis,,,POISON,- -,73,100,60,100,60,65,458,"76,33",Shed Skin,,Infiltrator,40,1,,,,0,,,,,,,,,0,,,,,0,,,,0,,,,,,,,,,,,,1,,,ja,,,,,,,,,,,,,,,,,63,128,121,251,Seviper,seviper,"""","[""pokemon"",""seviper""],",Vipitis # 
640,Virizion,Viridium,,,GRASS,FIGHTING,91,90,72,90,129,108,580,"96,67",Justified,,,60,8,,,,0,,,,,,,,,0,,,,,0,,,,1,,,,ja,,,,,,,,,1,,,,,,,,,,,ja,,,,,,,,,101,176,198,346,Virizion,virizion,"""","[""pokemon"",""virizion""],",Viridium # 
705,Sliggoo,Viscargot,,,DRAGON,- -,68,75,53,83,113,60,452,"75,33",Sap Sipper,Hydration,Gooey,40,1,,,,0,,,,,,,,,0,,,,,0,,,,0,,,,,,,,,,,,,0,,,,,,,,,,,,,,,,,,,,58,123,112,240,Sliggoo,sliggoo,"""","[""pokemon"",""sliggoo""],",Viscargot # 
706,Goodra,Viscogon,,,DRAGON,- -,90,100,70,110,150,80,600,100,Sap Sipper,Hydration,Gooey,120,12,,,,0,,,,,,,,,0,,,,,0,,,,0,,,,,,,,,,,,,0,,,,,,,,,,,,,,,,,,,,76,145,148,284,Goodra,goodra,"""","[""pokemon"",""goodra""],",Viscogon # 
704,Goomy,Viscora,,,DRAGON,- -,45,50,35,55,75,40,300,50,Sap Sipper,Hydration,Gooey,40,1,,,,0,,,,,,,,,0,,,,,0,,,,0,,,,,,,,,,,,,0,,,,,,,,,,,,,,,,,,,,40,101,76,196,Goomy,goomy,"""","[""pokemon"",""goomy""],",Viscora # 
666,Vivillon,Vivillon,,,BUG,FLYING,80,52,50,90,50,89,411,"68,5",Shield Dust,Compound Eyes,Friend Guard,40,4,,,,1,,ja,,,,,,ja,0,,,,,1,ja,,,1,,,ja,,,,,,,,,,0,,,,,,,,,,,,,,,,,,,,84,155,164,304,Vivillon,vivillon,"""","[""pokemon"",""vivillon""],",Vivillon # 
313,Volbeat,Volbeat,,,BUG,- -,65,73,75,47,85,85,430,"71,67",Illuminate,Swarm,Prankster,40,2,,,,2,,ja,,,,ja,,ja,0,,,,,1,ja,,,2,,,ja,,,ja,,,,,,,1,,,,,,,,,,,ja,,,,,,,,,81,150,157,295,Volbeat,volbeat,"""","[""pokemon"",""volbeat""],",Volbeat # 
721,Volcanion,Volcanion,,,FIRE,WATER,80,110,120,130,90,70,600,100,Water Absorb,,,120,13,,,,0,,,,,,,,,0,,,,,1,ja,,,0,,,,,,,,,,,,,0,,,,,,,,,,,,,,,,,,,,67,134,130,262,Volcanion,volcanion,"""","[""pokemon"",""volcanion""],",Volcanion # 
835,Yamper,Voldi,,,ELECTRIC,- -,59,45,50,40,50,26,270,45,Ball Fetch,,Rattled,,,,,,1,ja,,,,,,,,0,,,,,0,,,,0,,,,,,,,,,,,,0,,,,,,,,,,,,,,,,,,,,27,85,51,166,Yamper,yamper,"""","[""pokemon"",""yamper""],",Voldi # 
310,Manectric,Voltenso,,,ELECTRIC,- -,70,75,60,105,60,105,475,"79,17",Static,Lightning Rod,Minus,60,3,,,,1,ja,,,,,,,,0,,,,,0,,,,0,,,,,,,,,,,,,1,,,,,,,,,,,ja,,,,,,,,,99,172,193,339,Manectric,manectric,"""","[""pokemon"",""manectric""],",Voltenso # 
179,Mareep,Voltilamm,,,ELECTRIC,- -,55,40,40,65,45,35,280,"46,67",Static,,Plus,40,1,,,,0,,,,,,,,,0,,,,,0,,,,0,,,,,,,,,,,,,0,,,,,,,,,,,,,,,,,,,,36,95,67,185,Mareep,mareep,"""","[""pokemon"",""mareep""],",Voltilamm # 
100,Voltorb,Voltobal,,,ELECTRIC,- -,40,30,50,55,55,100,330,55,Soundproof,Static,Aftermath,40,1,,,,2,ja,,,ja,,,,,0,,,,,0,,,,0,,,,,,,,,,,,,1,,,ja,,,,,,,,,,,,,,,,,94,167,184,328,Voltorb,voltorb,"""","[""pokemon"",""voltorb""],",Voltobal # 
642,Thundurus,Voltolos,,,ELECTRIC,FLYING,79,115,70,125,80,111,580,"96,67",Prankster,,Defiant,180,15,,,,2,ja,ja,,,,,,,0,,,,,1,ja,,,0,,,,,,,,,,,,,0,,,,,,,,,,,,,,,,,,,,104,179,204,353,Thundurus,thundurus,"""","[""pokemon"",""thundurus""],",Voltolos # 
642,Thundurus-Therian,Voltolos-Therian,,,ELECTRIC,FLYING,79,105,70,145,80,101,580,"96,67",Volt Absorb,,,180,14,,,,2,ja,ja,,,,,,,0,,,,,1,ja,,,0,,,,,,,,,,,,,0,,,,,,,,,,,,,,,,,,,,95,168,186,331,ThundurusTherian,thundurustherian,"""","[""pokemon"",""thundurustherian""],",Voltolos-Therian # 
796,Xurkitree,Voltriant,,,ELECTRIC,- -,83,89,71,173,71,83,570,95,Beast Boost,,,120,13,,,,1,ja,,,,,,,,0,,,,,0,,,,0,,,,,,,,,,,,,0,,,,,,,,,,,,,,,,,,,,79,148,153,291,Xurkitree,xurkitree,"""","[""pokemon"",""xurkitree""],",Voltriant # 
596,Galvantula,Voltula,,,BUG,ELECTRIC,70,77,60,97,60,108,472,"78,67",Compound Eyes,Unnerve,Swarm,100,10,,,,1,ja,,,,,,,,1,,,,ja,0,,,,0,,,,,,,,,,,,,1,,,ja,,,,,,,,,,,,,,,,,101,176,198,346,Galvantula,galvantula,"""","[""pokemon"",""galvantula""],",Voltula # 
476,Probopass,Voluminas,,,ROCK,STEEL,60,55,145,75,150,40,525,"87,5",Sturdy,Magnet Pull,Sand Force,40,2,,,,1,ja,,,,,,,,1,ja,,,,0,,,,0,,,,,,,,,,,,,0,,,,,,,,,,,,,,,,,,,,40,101,76,196,Probopass,probopass,"""","[""pokemon"",""probopass""],",Voluminas # 
38,Ninetales,Vulnona,,,FIRE,- -,73,76,75,81,100,100,505,"84,17",Flash Fire,,Drought,100,6,,,,0,,,,,,,,,0,,,,,0,,,,0,,,,,,,,,,,,,1,,,,,,,,,,,ja,,,,,,,,,94,167,184,328,Ninetales,ninetales,"""","[""pokemon"",""ninetales""],",Vulnona # 
37,Vulpix,Vulpix,,,FIRE,- -,38,41,40,50,65,65,299,"49,83",Flash Fire,,Drought,40,1,,,,0,,,,,,,,,0,,,,,0,,,,0,,,,,,,,,,,,,1,,,,,,,,,,,ja,,,,,,,,,63,128,121,251,Vulpix,vulpix,"""","[""pokemon"",""vulpix""],",Vulpix # 
180,Flaaffy,Waaty,,,ELECTRIC,- -,70,55,55,80,60,45,365,"60,83",Static,,Plus,40,1,,,,1,ja,,,,,,,,0,,,,,0,,,,0,,,,,,,,,,,,,0,,,,,,,,,,,,,,,,,,,,45,106,85,207,Flaaffy,flaaffy,"""","[""pokemon"",""flaaffy""],",Waaty # 
333,Swablu,Wablu,,,NORMAL,FLYING,45,40,60,40,75,50,310,"51,67",Natural Cure,,Cloud Nine,40,1,,,,0,,,,,,,,ja,0,,,,,1,ja,,,1,,,ja,,,,,,,,,,0,,,,,,,,,,,,,,,,,,,,49,112,94,218,Swablu,swablu,"""","[""pokemon"",""swablu""],",Wablu # 
415,Combee,Wadribie,,,BUG,FLYING,30,30,42,30,42,70,244,"40,67",Honey Gather,,Hustle,40,1,,,,0,,,,,,,,,0,,,,,0,,,,0,,,,,,,,,,,,,0,,,,,,,,,,,,,,,,,,,,67,134,130,262,Combee,combee,"""","[""pokemon"",""combee""],",Wadribie # 
838,Carkol,Wagong,,,ROCK,FIRE,80,60,90,60,70,50,410,"68,33",Steam Engine,Flame Body,Flash Fire,,,,,,0,,,,,,,,,2,ja,ja,,,1,,ja,,0,,,,,,,,,,,,,0,,,,,,,,,,,,,,,,,,,,49,112,94,218,Carkol,carkol,"""","[""pokemon"",""carkol""],",Wagong # 
320,Wailmer,Wailmer,,,WATER,- -,130,70,35,70,35,60,400,"66,67",Water Veil,Oblivious,Pressure,40,1,,,,0,,,,,,,,,0,,,,,0,,,,0,,,,,,,,,,,,,0,,,,,,,,,,,,,,,,,,,,58,123,112,240,Wailmer,wailmer,"""","[""pokemon"",""wailmer""],",Wailmer # 
321,Wailord,Wailord,,,WATER,- -,170,90,45,90,45,60,500,"83,33",Water Veil,Oblivious,Pressure,40,1,,,,0,,,,,,,,,0,,,,,0,,,,0,,,,,,,,,,,,,0,,,,,,,,,,,,,,,,,,,,58,123,112,240,Wailord,wailord,"""","[""pokemon"",""wailord""],",Wailord # 
365,Walrein,Walraisa,,,ICE,WATER,110,80,90,95,90,65,530,"88,33",Thick Fat,Ice Body,Oblivious,40,1,,,,0,,,,,,,,,0,,,,,0,,,,0,,,,,,,,,,,,,0,,,,,,,,,,,,,,,,,,,,63,128,121,251,Walrein,walrein,"""","[""pokemon"",""walrein""],",Walraisa # 
628,Braviary,Washakwil,,,NORMAL,FLYING,100,123,75,57,75,80,510,85,Keen Eye,Sheer Force,Defiant,60,8,,,,1,,ja,,,,,,ja,0,,,,,1,ja,,,1,,,ja,,,,,,,,,,0,,,,,,,,,,,,,,,,,,,,76,145,148,284,Braviary,braviary,"""","[""pokemon"",""braviary""],",Washakwil # 
595,Joltik,Wattzapf,,,BUG,ELECTRIC,50,47,50,57,50,65,319,"53,17",Compound Eyes,Unnerve,Swarm,40,1,,,,1,ja,,,,,,,,0,,,,,0,,,,0,,,,,,,,,,,,,1,,,ja,,,,,,,,,,,,,,,,,63,128,121,251,Joltik,joltik,"""","[""pokemon"",""joltik""],",Wattzapf # 
546,Cottonee,Waumboll,,,GRASS,FAIRY,40,27,60,37,50,66,280,"46,67",Prankster,Infiltrator,Chlorophyll,40,1,,,,0,,,,,,,,ja,0,,,,,1,ja,,,0,,,,,,,,,,,,,0,,,,,,,,,,,,,,,,,,,,63,129,123,254,Cottonee,cottonee,"""","[""pokemon"",""cottonee""],",Waumboll # 
265,Wurmple,Waumpel,,,BUG,- -,45,45,35,20,30,20,195,"32,5",Shield Dust,,Run Away,40,1,,,,0,,,,,,,,,0,,,,,0,,,,0,,,,,,,,,,,,,0,,,,,,,,,,,,,,,,,,,,22,79,40,152,Wurmple,wurmple,"""","[""pokemon"",""wurmple""],",Waumpel # 
167,Spinarak,Webarak,,,BUG,POISON,40,60,40,40,40,30,250,"41,67",Swarm,Insomnia,Sniper,40,1,,,,1,,,,,,ja,,,2,,,ja,ja,0,,,,0,,,,,,,,,,,,,2,,,ja,,,,,,,ja,,,,,,,,,,31,90,58,174,Spinarak,spinarak,"""","[""pokemon"",""spinarak""],",Webarak # 
340,Whiscash,Welsar,,,WATER,GROUND,110,78,73,76,71,60,468,78,Oblivious,Anticipation,Hydration,40,1,,,,0,,,,,,,,,0,,,,,0,,,,0,,,,,,,,,,,,,0,,,,,,,,,,,,,,,,,,,,58,123,112,240,Whiscash,whiscash,"""","[""pokemon"",""whiscash""],",Welsar # 
620,Mienshao,Wie-Shu,,,FIGHTING,- -,65,125,60,95,60,105,510,85,Inner Focus,Regenerator,Reckless,100,11,,,,2,,ja,,,,ja,,,0,,,,,0,,,,0,,,,,,,,,,,,,1,,,,ja,,,,,,,,,,,,,,,,99,172,193,339,Mienshao,mienshao,"""","[""pokemon"",""mienshao""],",Wie-Shu # 
346,Cradily,Wielie,,,ROCK,GRASS,86,81,97,81,107,43,495,"82,5",Suction Cups,,Storm Drain,40,4,,,,0,,,,,,,,,1,ja,,,,0,,,,2,,ja,,ja,,,,,,,,,0,,,,,,,,,,,,,,,,,,,,43,104,81,203,Cradily,cradily,"""","[""pokemon"",""cradily""],",Wielie # 
162,Furret,Wiesenior,,,NORMAL,- -,85,76,64,45,55,90,415,"69,17",Run Away,Keen Eye,Frisk,40,1,,,,2,,ja,,,,ja,,,0,,,,,0,,,,0,,,,,,,,,,,,,2,,,ja,,,,,,,,ja,,,,,,,,,85,156,166,306,Furret,furret,"""","[""pokemon"",""furret""],",Wiesenior # 
161,Sentret,Wiesor,,,NORMAL,- -,35,46,34,35,45,20,215,"35,83",Run Away,Keen Eye,Frisk,40,1,,,,2,,ja,,,,ja,,,0,,,,,0,,,,0,,,,,,,,,,,,,2,,,ja,,,,,,,,ja,,,,,,,,,22,79,40,152,Sentret,sentret,"""","[""pokemon"",""sentret""],",Wiesor # 
278,Wingull,Wingull,,,WATER,FLYING,40,30,30,55,30,85,270,45,Keen Eye,Hydration,Rain Dish,40,1,,,,1,,ja,,,,,,ja,0,,,,,1,ja,,,1,,,ja,,,,,,,,,,1,,,,,,,,,,,ja,,,,,,,,,81,150,157,295,Wingull,wingull,"""","[""pokemon"",""wingull""],",Wingull # 
202,Wobbuffet,Woingenau,,,PSYCHIC,- -,190,33,58,33,58,33,405,"67,5",Shadow Tag,,Telepathy,60,4,,,,0,,,,,,,,,0,,,,,0,,,,0,,,,,,,,,,,,,0,,,,,,,,,,,,,,,,,,,,34,93,63,181,Wobbuffet,wobbuffet,"""","[""pokemon"",""wobbuffet""],",Woingenau # 
831,Wooloo,Wolly,,,NORMAL,- -,42,40,55,40,45,48,270,45,Fluffy,Run Away,Bulletproof,,,,,,0,,,,,,,,,0,,,,,0,,,,0,,,,,,,,,,,,,0,,,,,,,,,,,,,,,,,,,,47,110,90,214,Wooloo,wooloo,"""","[""pokemon"",""wooloo""],",Wolly # 
745,Lycanroc,Wolwerock,,,ROCK,- -,75,115,65,55,65,112,487,"81,17",Keen Eye,Sand Rush,Steadfast,60,8,,,,0,,,,,,,,,1,ja,,,,0,,,,0,,,,,,,,,,,,,3,,,ja,,ja,,,,,,ja,,,,,,,,,105,180,206,355,Lycanroc,lycanroc,"""","[""pokemon"",""lycanroc""],",Wolwerock # 
745,Lycanroc-Midnight,Wolwerock-Nacht,,,ROCK,- -,85,115,75,55,75,82,487,"81,17",Keen Eye,Vital Spirit,No Guard,40,5,,,,0,,,,,,,,,1,ja,,,,0,,,,0,,,,,,,,,,,,,1,,,ja,,,,,,,,,,,,,,,,,78,147,152,289,LycanrocMidnight,lycanrocmidnight,"""","[""pokemon"",""lycanrocmidnight""],",Wolwerock-Nacht # 
745,Lycanroc-Dusk,Wolwerock-Zwielicht,,,ROCK,- -,75,117,65,55,65,110,487,"81,17",Tough Claws,,,100,10,,,,0,,,,,,,,,1,ja,,,,0,,,,0,,,,,,,,,,,,,3,,,ja,,ja,,,,,,ja,,,,,,,,,103,178,202,350,LycanrocDusk,lycanrocdusk,"""","[""pokemon"",""lycanrocdusk""],",Wolwerock-Zwielicht # 
742,Cutiefly,Wommel,,,BUG,FAIRY,40,45,40,55,40,84,304,"50,67",Honey Gather,Shield Dust,Sweet Veil,40,1,,,,2,,ja,,,,ja,,ja,1,,,,ja,1,ja,,,1,,,ja,,,,,,,,,,0,,,,,,,,,,,,,,,,,,,,80,149,155,293,Cutiefly,cutiefly,"""","[""pokemon"",""cutiefly""],",Wommel # 
440,Happiny,Wonneira,,,NORMAL,- -,100,5,5,15,65,30,220,"36,67",Natural Cure,Serene Grace,Friend Guard,40,1,,,,0,,,,,,,,,0,,,,,0,,,,0,,,,,,,,,,,,,0,,,,,,,,,,,,,,,,,,,,31,90,58,174,Happiny,happiny,"""","[""pokemon"",""happiny""],",Wonneira # 
744,Rockruff,Wuffels,,,ROCK,- -,45,65,40,30,40,60,280,"46,67",Keen Eye,Vital Spirit,Steadfast,40,1,,,,0,,,,,,,,,1,ja,,,,0,,,,0,,,,,,,,,,,,,1,,,ja,,,,,,,,,,,,,,,,,58,123,112,240,Rockruff,rockruff,"""","[""pokemon"",""rockruff""],",Wuffels # 
892,Urshifu-Rapid-Strike,Wulaosu-Fließend,,,FIGHTING,WATER,100,130,100,63,60,97,550,"91,67",Unseen Fist,,,,,,,,1,,ja,,,,,,,0,,,,,0,,,,0,,,,,,,,,,,,,1,,,,,,,,ja,,,,,,,,,,,,91,163,179,322,UrshifuRapidStrike,urshifurapidstrike,"""","[""pokemon"",""urshifurapidstrike""],",Wulaosu-Fließend # 
892,Urshifu,Wulaosu-Fokussiert,,,FIGHTING,DARK,100,130,100,63,60,97,550,"91,67",Unseen Fist,,,,,,,,1,,ja,,,,,,,0,,,,,0,,,,0,,,,,,,,,,,,,1,,,ja,,,,,,,,,,,,,,,,,91,163,179,322,Urshifu,urshifu,"""","[""pokemon"",""urshifu""],",Wulaosu-Fokussiert # 
693,Clawitzer,Wummer,,,WATER,- -,71,73,88,120,89,59,500,"83,33",Mega Launcher,,,40,4,,,,2,,ja,ja,,,,,,0,,,,,0,,,,0,,,,,,,,,,,,,1,,,,,,,,ja,,,,,,,,,,,,57,122,110,238,Clawitzer,clawitzer,"""","[""pokemon"",""clawitzer""],",Wummer # 
178,Xatu,Xatu,,,PSYCHIC,FLYING,65,75,70,95,70,95,470,"78,33",Synchronize,Early Bird,Magic Bounce,40,6,,,,3,,ja,,ja,,ja,ja,ja,0,,,,,1,ja,,,2,ja,,ja,,,,,,,,,,2,,,ja,,,,,,,,ja,,,,,,,,,90,161,175,317,Xatu,xatu,"""","[""pokemon"",""xatu""],",Xatu # 
716,Xerneas,Xerneas,,,FAIRY,- -,126,131,95,131,98,99,680,"113,33",Fairy Aura,,,BANNED,BANNED,,,,0,,,,,,,,,0,,,,,1,ja,,,0,,,,,,,,,,,,,0,,,,,,,,,,,,,,,,,,,,93,166,182,326,Xerneas,xerneas,"""","[""pokemon"",""xerneas""],",Xerneas # 
193,Yanma,Yanma,,,BUG,FLYING,65,65,45,75,45,95,390,65,Speed Boost,Compound Eyes,Frisk,40,1,,,,1,,ja,,,,,,ja,0,,,,,1,ja,,,1,,,ja,,,,,,,,,,1,,,,,,,,,,,ja,,,,,,,,,90,161,175,317,Yanma,yanma,"""","[""pokemon"",""yanma""],",Yanma # 
469,Yanmega,Yanmega,,,BUG,FLYING,86,76,86,116,56,95,515,"85,83",Speed Boost,Tinted Lens,Frisk,60,8,,,,1,,ja,,,,,,ja,0,,,,,1,ja,,,1,,,ja,,,,,,,,,,1,,,,,,,,,,,ja,,,,,,,,,90,161,175,317,Yanmega,yanmega,"""","[""pokemon"",""yanmega""],",Yanmega # 
506,Lillipup,Yorkleff,,,NORMAL,- -,45,60,45,25,45,55,275,"45,83",Vital Spirit,Pickup,Run Away,40,1,,,,0,,,,,,,,,0,,,,,0,,,,0,,,,,,,,,,,,,0,,,,,,,,,,,,,,,,,,,,54,117,103,229,Lillipup,lillipup,"""","[""pokemon"",""lillipup""],",Yorkleff # 
717,Yveltal,Yveltal,,,DARK,FLYING,126,131,95,131,98,99,680,"113,33",Dark Aura,,,BANNED,BANNED,,,,1,,ja,,,,,,ja,0,,,,,1,ja,,,1,,,ja,,,,,,,,,,1,,,ja,,,,,,,,,,,,,,,,,93,166,182,326,Yveltal,yveltal,"""","[""pokemon"",""yveltal""],",Yveltal # 
888,Zacian,Zacian,,,FAIRY,- -,92,130,115,80,115,138,670,"111,67",Intrepid Sword,,,,,,,,0,,,,,,,,,0,,,,,0,,,,0,,,,,,,,,,,,,1,,,,,,,,,,,ja,,,,,,,,,128,209,252,412,Zacian,zacian,"""","[""pokemon"",""zacian""],",Zacian # 
888,Zacian-Crowned,Zacian König des Schwertes,,,FAIRY,STEEL,92,170,115,80,115,148,720,120,Intrepid Sword,,,,,,,,0,,,,,,,,,0,,,,,0,,,,0,,,,,,,,,,,,,1,,,,,,,,,,,ja,,,,,,,,,137,220,270,434,ZacianCrowned,zaciancrowned,"""","[""pokemon"",""zaciancrowned""],",Zacian König des Schwertes # 
889,Zamazenta,Zamazenta,,,FIGHTING,- -,92,130,115,80,115,138,670,"111,67",Dauntless Shield,,,,,,,,0,,,,,,,,,0,,,,,0,,,,0,,,,,,,,,,,,,1,,,,,,,,,,,ja,,,,,,,,,128,209,252,412,Zamazenta,zamazenta,"""","[""pokemon"",""zamazenta""],",Zamazenta # 
889,Zamazenta-Crowned,Zamazenta König des Schildes,,,FIGHTING,STEEL,92,130,145,80,145,128,720,120,Dauntless Shield,,,,,,,,0,,,,,,,,,0,,,,,0,,,,0,,,,,,,,,,,,,1,,,,,,,,,,,ja,,,,,,,,,119,198,234,390,ZamazentaCrowned,zamazentacrowned,"""","[""pokemon"",""zamazentacrowned""],",Zamazenta König des Schildes # 
145,Zapdos,Zapdos,,,ELECTRIC,FLYING,90,90,85,125,90,100,580,"96,67",Pressure,,Static,180,15,,,,3,ja,ja,,,,ja,,ja,0,,,,,1,ja,,,1,,,ja,,,,,,,,,,0,,,,,,,,,,,,,,,,,,,,94,167,184,328,Zapdos,zapdos,"""","[""pokemon"",""zapdos""],",Zapdos # 
603,Eelektrik,Zapplalek,,,ELECTRIC,- -,65,85,70,75,70,40,405,"67,5",Levitate,,,40,1,,,,2,ja,ja,,,,,,,0,,,,,0,,,,0,,,,,,,,,,,,,0,,,,,,,,,,,,,,,,,,,,40,101,76,196,Eelektrik,eelektrik,"""","[""pokemon"",""eelektrik""],",Zapplalek # 
604,Eelektross,Zapplarang,,,ELECTRIC,- -,85,115,80,105,80,50,515,"85,83",Levitate,,,60,7,,,,2,ja,ja,,,,,,,0,,,,,0,,,,0,,,,,,,,,,,,,0,,,,,,,,,,,,,,,,,,,,49,112,94,218,Eelektross,eelektross,"""","[""pokemon"",""eelektross""],",Zapplarang # 
602,Tynamo,Zapplardin,,,ELECTRIC,- -,35,55,40,45,40,60,275,"45,83",Levitate,,,40,1,,,,0,,,,,,,,,0,,,,,0,,,,0,,,,,,,,,,,,,0,,,,,,,,,,,,,,,,,,,,58,123,112,240,Tynamo,tynamo,"""","[""pokemon"",""tynamo""],",Zapplardin # 
893,Zarude,Zarude,,,DARK,GRASS,105,120,105,70,95,105,600,100,Leaf Guard,,,,,,,,1,,ja,,,,,,,0,,,,,0,,,,2,,,,ja,,,,ja,,,,,0,,,,,,,,,,,,,,,,,,,,99,172,193,339,Zarude,zarude,"""","[""pokemon"",""zarude""],",Zarude # 
523,Zebstrika,Zebritz,,,ELECTRIC,- -,75,100,63,80,63,116,497,"82,83",Lightning Rod,Motor Drive,Sap Sipper,40,4,,,,1,ja,,,,,,,,0,,,,,0,,,,0,,,,,,,,,,,,,1,,,,,,,,,,,ja,,,,,,,,,108,184,213,364,Zebstrika,zebstrika,"""","[""pokemon"",""zebstrika""],",Zebritz # 
644,Zekrom,Zekrom,,,DRAGON,ELECTRIC,100,150,120,120,100,90,680,"113,33",Teravolt,,,BANNED,BANNED,,,,1,ja,,,,,,,ja,0,,,,,1,ja,,,1,,,ja,,,,,,,,,,0,,,,,,,,,,,,,,,,,,,,85,156,166,306,Zekrom,zekrom,"""","[""pokemon"",""zekrom""],",Zekrom # 
807,Zeraora,Zeraora,,,ELECTRIC,- -,88,112,75,102,80,143,600,100,Volt Absorb,,,180,15,,,,1,ja,,,,,,,,0,,,,,0,,,,0,,,,,,,,,,,,,2,,,,ja,,,,,,,ja,,,,,,,,,133,214,261,423,Zeraora,zeraora,"""","[""pokemon"",""zeraora""],",Zeraora # 
263,Zigzagoon,Zigzachs,,,NORMAL,- -,38,30,41,30,41,60,240,40,Pickup,Gluttony,Quick Feet,40,1,,,,0,,,,,,,,,0,,,,,0,,,,0,,,,,,,,,,,,,1,ja,,,,,,,,,,,,,,,,,,,58,123,112,240,Zigzagoon,zigzagoon,"""","[""pokemon"",""zigzagoon""],",Zigzachs # 
402,Kricketune,Zirpeise,,,BUG,- -,77,85,51,55,51,65,384,64,Swarm,,Technician,40,2,,,,0,,,,,,,,,1,,,,ja,0,,,,0,,,,,,,,,,,,,0,,,,,,,,,,,,,,,,,,,,63,128,121,251,Kricketune,kricketune,"""","[""pokemon"",""kricketune""],",Zirpeise # 
401,Kricketot,Zirpurze,,,BUG,- -,37,25,41,25,41,25,194,"32,33",Shed Skin,,Run Away,40,1,,,,0,,,,,,,,,0,,,,,0,,,,0,,,,,,,,,,,,,0,,,,,,,,,,,,,,,,,,,,27,84,49,163,Kricketot,kricketot,"""","[""pokemon"",""kricketot""],",Zirpurze # 
302,Sableye,Zobiris,,,DARK,GHOST,50,75,75,65,65,50,380,"63,33",Keen Eye,Stall,Prankster,60,5,,,,0,,,,,,,,,0,,,,,0,,,,2,,ja,,,,ja,,,,,,,3,,,ja,ja,,,,,,ja,,,,,,,,,,49,112,94,218,Sableye,sableye,"""","[""pokemon"",""sableye""],",Zobiris # 
571,Zoroark,Zoroark,,,DARK,- -,60,105,60,120,60,105,510,85,Illusion,,,100,11,,,,1,,ja,,,,,,,0,,,,,0,,,,0,,,,,,,,,,,,,1,,,ja,,,,,,,,,,,,,,,,,99,172,193,339,Zoroark,zoroark,"""","[""pokemon"",""zoroark""],",Zoroark # 
570,Zorua,Zorua,,,DARK,- -,40,65,40,80,40,65,330,55,Illusion,,,40,1,,,,1,,ja,,,,,,,0,,,,,0,,,,0,,,,,,,,,,,,,1,,,ja,,,,,,,,,,,,,,,,,63,128,121,251,Zorua,zorua,"""","[""pokemon"",""zorua""],",Zorua # 
41,Zubat,Zubat,,,POISON,FLYING,40,45,35,30,40,55,245,"40,83",Inner Focus,,Infiltrator,40,1,,,,1,,ja,,,,,,ja,0,,,,,1,ja,,,1,,,ja,,,,,,,,,,1,,,,,,,,,,,ja,,,,,,,,,54,117,103,229,Zubat,zubat,"""","[""pokemon"",""zubat""],",Zubat # 
559,Scraggy,Zurrokex,,,DARK,FIGHTING,50,75,70,35,70,48,348,58,Shed Skin,Moxie,Intimidate,40,1,,,,0,,,,,,,,,0,,,,,0,,,,0,,,,,,,,,,,,,1,,,,ja,,,,,,,,,,,,,,,,47,110,90,214,Scraggy,scraggy,"""","[""pokemon"",""scraggy""],",Zurrokex # 
477,Dusknoir,Zwirrfinst,,,GHOST,- -,45,100,135,65,135,45,525,"87,5",Pressure,,Frisk,60,3,,,,0,,,,,,,ja,,0,,,,,0,,,,0,,,,,,,,,,,,,2,,,ja,,,,,,,ja,,,,,,,,,,45,106,85,207,Dusknoir,dusknoir,"""","[""pokemon"",""dusknoir""],",Zwirrfinst # 
356,Dusclops,Zwirrklop,,,GHOST,- -,40,70,130,60,130,25,455,"75,83",Pressure,,Frisk,40,2,,,,0,,,,,,,ja,,0,,,,,0,,,,0,,,,,,,,,,,,,2,,,ja,,,,,,,ja,,,,,,,,,,27,84,49,163,Dusclops,dusclops,"""","[""pokemon"",""dusclops""],",Zwirrklop # 
355,Duskull,Zwirrlicht,,,GHOST,- -,20,40,90,30,90,25,295,"49,17",Levitate,,Frisk,40,1,,,,0,,,,,,,ja,,0,,,,,0,,,,0,,,,,,,,,,,,,2,,,ja,,,,,,,ja,,,,,,,,,,27,84,49,163,Duskull,duskull,"""","[""pokemon"",""duskull""],",Zwirrlicht # 
832,Dubwool,Zwollock,,,NORMAL,- -,72,80,100,60,90,88,490,"81,67",Fluffy,Steadfast,Bulletproof,,,,,,1,,,,,,ja,,,0,,,,,0,,,,0,,,,,,,,,,,,,0,,,,,,,,,,,,,,,,,,,,83,154,162,302,Dubwool,dubwool,"""","[""pokemon"",""dubwool""],",Zwollock # 
502,Dewott,Zwottronin,,,WATER,- -,75,75,60,83,60,60,413,"68,83",Torrent,,Shell Armor,40,1,,,,0,,,,,,,,,0,,,,,0,,,,0,,,,,,,,,,,,,1,,,,,,,,ja,,,,,,,,,,,,58,123,112,240,Dewott,dewott,"""","[""pokemon"",""dewott""],",Zwottronin # 
718,Zygarde,Zygarde,,,DRAGON,GROUND,108,100,121,81,95,95,600,100,Aura Break,Power Construct,,180,16,,,,0,,,,,,,,,0,,,,,0,,,,0,,,,,,,,,,,,,1,ja,,,,,,,,,,,,,,,,,,,90,161,175,317,Zygarde,zygarde,"""","[""pokemon"",""zygarde""],",Zygarde # 
718,Zygarde-10,Zygarde-10,,,DRAGON,GROUND,54,100,71,61,85,115,486,81,Aura Break,Power Construct,,100,11,,,,0,,,,,,,,,0,,,,,0,,,,0,,,,,,,,,,,,,1,ja,,,,,,,,,,,,,,,,,,,108,183,211,361,Zygarde10,zygarde10,"""","[""pokemon"",""zygarde10""],",Zygarde-10 # 
718,Zygarde-Complete,Zygarde-Komplett,,,DRAGON,GROUND,216,100,121,91,95,85,708,118,Power Construct,,,BANNED,BANNED,,,,0,,,,,,,,,0,,,,,0,,,,0,,,,,,,,,,,,,1,ja,,,,,,,,,,,,,,,,,,,81,150,157,295,ZygardeComplete,zygardecomplete,"""","[""pokemon"",""zygardecomplete""],",Zygarde-Komplett # 
579,Reuniclus,Zytomega,,,PSYCHIC,- -,110,65,75,125,85,30,490,"81,67",Overcoat,Magic Guard,Regenerator,120,13,,,,0,,,,,,,ja,,0,,,,,0,,,,1,,ja,,,,,,,,,,,0,,,,,,,,,,,,,,,,,,,,31,90,58,174,Reuniclus,reuniclus,"""","[""pokemon"",""reuniclus""],",Zytomega # 
