rank,species_id,pokemon,pokemon_normalized,english,asset_id,tier,tier_rank,draft_count,season_count,season_list,title_count,title_seasons,trainer_count,team_count,picked_status,source_urls
1,205,Forstellka,forstellka,Forretress,forretress,RU,7,27,5,"S1, S2, S4, S5, S6",1,S1,18,12,picked,https://raw.githubusercontent.com/PokeAPI/pokeapi/master/data/v2/csv/pokemon_species_names.csv;https://raw.githubusercontent.com/PokeAPI/pokeapi/master/data/v2/csv/languages.csv;https://raw.githubusercontent.com/PokeAPI/pokeapi/master/data/v2/csv/pokemon.csv;https://raw.githubusercontent.com/PokeAPI/pokeapi/master/data/v2/csv/pokemon_forms.csv;https://raw.githubusercontent.com/PokeAPI/pokeapi/master/data/v2/csv/pokemon_form_names.csv;https://docs.google.com/spreadsheets/d/1kiwDk4NgYoKb0Oo9yqzwl9HXHxuQ_0I5gkb1JtE57PI/edit#gid=0;https://docs.google.com/spreadsheets/d/1FUsClf5qEny-BHY5Djp8rIwRJKBSJDvygJ8LBa62FEo/edit#gid=0;https://docs.google.com/spreadsheets/d/1odsNRAZStW1GzmpXwmg27dqjOlch7w8syZOZ5Z2OQRg/edit#gid=0;https://docs.google.com/spreadsheets/d/1JZpA-5XDldN2bjfvhvBPHYK-1AENETLnF1UxNEpWlNA/edit#gid=352888197;data/manual/team_pokemon_usage.csv;output/team-graphics/s5/Marvelous Speedsters.png;https://docs.google.com/spreadsheets/d/11wxsKyCydVmDjp4kGLJAOLPM_LgwCLN2GYpbDQkNtkk/edit#gid=1588964432;https://docs.google.com/spreadsheets/d/11wxsKyCydVmDjp4kGLJAOLPM_LgwCLN2GYpbDQkNtkk/edit#gid=1843013406;data/manual/pokemon_killlists.csv;https://docs.google.com/spreadsheets/d/1n9SmK-ccTCn8Jjhs4U2LKnibXY8PvuBtV3V9MCOURRA/edit#gid=0;https://docs.google.com/spreadsheets/d/1vJ-pioe3RZKSZ3LIGEA3FVTv_KEE_XKIQAXSIUNNd-Q/edit#gid=0
2,36,Pixi,pixi,Clefable,clefable,UU,5,24,9,"S1, S2, S3, S4, S5, S6, S7, S8, S10",3,"S2, S8, S10",18,14,picked,https://raw.githubusercontent.com/PokeAPI/pokeapi/master/data/v2/csv/pokemon_species_names.csv;https://raw.githubusercontent.com/PokeAPI/pokeapi/master/data/v2/csv/languages.csv;https://raw.githubusercontent.com/PokeAPI/pokeapi/master/data/v2/csv/pokemon.csv;https://raw.githubusercontent.com/PokeAPI/pokeapi/master/data/v2/csv/pokemon_forms.csv;https://raw.githubusercontent.com/PokeAPI/pokeapi/master/data/v2/csv/pokemon_form_names.csv;https://docs.google.com/spreadsheets/d/1FUsClf5qEny-BHY5Djp8rIwRJKBSJDvygJ8LBa62FEo/edit#gid=0;https://docs.google.com/spreadsheets/d/1odsNRAZStW1GzmpXwmg27dqjOlch7w8syZOZ5Z2OQRg/edit#gid=0;https://docs.google.com/spreadsheets/d/1JZpA-5XDldN2bjfvhvBPHYK-1AENETLnF1UxNEpWlNA/edit#gid=352888197;data/manual/team_pokemon_usage.csv;output/team-graphics/s3/GPL Teams Spieltag 14 (2).jpg;output/team-graphics/s4/Enteikutierung - Lauris Enteitainment.png;https://docs.google.com/spreadsheets/d/11wxsKyCydVmDjp4kGLJAOLPM_LgwCLN2GYpbDQkNtkk/edit#gid=1588964432;https://docs.google.com/spreadsheets/d/11wxsKyCydVmDjp4kGLJAOLPM_LgwCLN2GYpbDQkNtkk/edit#gid=1843013406;https://docs.google.com/spreadsheets/d/1nwiq_ggEj7QePeZGMR2xoi0bEHJr_ZGO24YCRdt93No/edit#gid=857670931;https://docs.google.com/spreadsheets/d/1B2uTMvWlAHb7WlpupJV1A2Hbi3K3U1vCyoFV0wCapcw/edit#gid=26363830;https://docs.google.com/spreadsheets/d/1B2uTMvWlAHb7WlpupJV1A2Hbi3K3U1vCyoFV0wCapcw/edit#gid=1846395979;https://docs.google.com/spreadsheets/d/13smsrG2BGYxr_omJWcgr-sUDr39bvOJPNL5RPt4DSow/edit#gid=71150222;https://docs.google.com/spreadsheets/d/13smsrG2BGYxr_omJWcgr-sUDr39bvOJPNL5RPt4DSow/edit#gid=1934543062;data/manual/pokemon_killlists.csv;https://docs.google.com/spreadsheets/d/1B2uTMvWlAHb7WlpupJV1A2Hbi3K3U1vCyoFV0wCapcw/edit#gid=1521895812;https://docs.google.com/spreadsheets/d/1B2uTMvWlAHb7WlpupJV1A2Hbi3K3U1vCyoFV0wCapcw/edit#gid=1271313224;https://docs.google.com/spreadsheets/d/13smsrG2BGYxr_omJWcgr-sUDr39bvOJPNL5RPt4DSow/edit#gid=1953790464;https://docs.google.com/spreadsheets/d/1n9SmK-ccTCn8Jjhs4U2LKnibXY8PvuBtV3V9MCOURRA/edit#gid=0;https://docs.google.com/spreadsheets/d/1vJ-pioe3RZKSZ3LIGEA3FVTv_KEE_XKIQAXSIUNNd-Q/edit#gid=0
3,671,Florges,florges,Florges,florges,RU,7,24,7,"S1, S2, S3, S4, S5, S6, S10",2,"S1, S4",16,13,picked,https://raw.githubusercontent.com/PokeAPI/pokeapi/master/data/v2/csv/pokemon_species_names.csv;https://raw.githubusercontent.com/PokeAPI/pokeapi/master/data/v2/csv/languages.csv;https://raw.githubusercontent.com/PokeAPI/pokeapi/master/data/v2/csv/pokemon.csv;https://raw.githubusercontent.com/PokeAPI/pokeapi/master/data/v2/csv/pokemon_forms.csv;https://raw.githubusercontent.com/PokeAPI/pokeapi/master/data/v2/csv/pokemon_form_names.csv;https://docs.google.com/spreadsheets/d/1kiwDk4NgYoKb0Oo9yqzwl9HXHxuQ_0I5gkb1JtE57PI/edit#gid=0;https://docs.google.com/spreadsheets/d/1FUsClf5qEny-BHY5Djp8rIwRJKBSJDvygJ8LBa62FEo/edit#gid=0;https://docs.google.com/spreadsheets/d/1odsNRAZStW1GzmpXwmg27dqjOlch7w8syZOZ5Z2OQRg/edit#gid=0;https://docs.google.com/spreadsheets/d/1JZpA-5XDldN2bjfvhvBPHYK-1AENETLnF1UxNEpWlNA/edit#gid=352888197;data/manual/team_pokemon_usage.csv;output/team-graphics/s3/GPL Teams Spieltag 14 (1).jpg;output/team-graphics/s4/Ritter der Tapukokosnuss - FullLifeGames.png;output/team-graphics/s5/Victini Bottom.png;https://docs.google.com/spreadsheets/d/11wxsKyCydVmDjp4kGLJAOLPM_LgwCLN2GYpbDQkNtkk/edit#gid=1588964432;https://docs.google.com/spreadsheets/d/11wxsKyCydVmDjp4kGLJAOLPM_LgwCLN2GYpbDQkNtkk/edit#gid=1843013406;https://docs.google.com/spreadsheets/d/13smsrG2BGYxr_omJWcgr-sUDr39bvOJPNL5RPt4DSow/edit#gid=71150222;https://docs.google.com/spreadsheets/d/13smsrG2BGYxr_omJWcgr-sUDr39bvOJPNL5RPt4DSow/edit#gid=1934543062;https://docs.google.com/spreadsheets/d/13smsrG2BGYxr_omJWcgr-sUDr39bvOJPNL5RPt4DSow/edit#gid=1953790464;https://docs.google.com/spreadsheets/d/1n9SmK-ccTCn8Jjhs4U2LKnibXY8PvuBtV3V9MCOURRA/edit#gid=0;https://docs.google.com/spreadsheets/d/1vJ-pioe3RZKSZ3LIGEA3FVTv_KEE_XKIQAXSIUNNd-Q/edit#gid=0
4,485,Heatran,heatran,Heatran,heatran,OU,3,23,7,"S1, S2, S3, S4, S5, S8, S9",0,,15,10,picked,https://raw.githubusercontent.com/PokeAPI/pokeapi/master/data/v2/csv/pokemon_species_names.csv;https://raw.githubusercontent.com/PokeAPI/pokeapi/master/data/v2/csv/languages.csv;https://raw.githubusercontent.com/PokeAPI/pokeapi/master/data/v2/csv/pokemon.csv;https://raw.githubusercontent.com/PokeAPI/pokeapi/master/data/v2/csv/pokemon_forms.csv;https://raw.githubusercontent.com/PokeAPI/pokeapi/master/data/v2/csv/pokemon_form_names.csv;https://docs.google.com/spreadsheets/d/1kiwDk4NgYoKb0Oo9yqzwl9HXHxuQ_0I5gkb1JtE57PI/edit#gid=0;https://docs.google.com/spreadsheets/d/1FUsClf5qEny-BHY5Djp8rIwRJKBSJDvygJ8LBa62FEo/edit#gid=0;https://docs.google.com/spreadsheets/d/1odsNRAZStW1GzmpXwmg27dqjOlch7w8syZOZ5Z2OQRg/edit#gid=0;https://docs.google.com/spreadsheets/d/1JZpA-5XDldN2bjfvhvBPHYK-1AENETLnF1UxNEpWlNA/edit#gid=352888197;data/manual/team_pokemon_usage.csv;output/team-graphics/s4/Surstars - SurskitTV.png;https://docs.google.com/spreadsheets/d/1B2uTMvWlAHb7WlpupJV1A2Hbi3K3U1vCyoFV0wCapcw/edit#gid=26363830;https://docs.google.com/spreadsheets/d/1B2uTMvWlAHb7WlpupJV1A2Hbi3K3U1vCyoFV0wCapcw/edit#gid=1846395979;https://docs.google.com/spreadsheets/d/1uo7-E_E2jbehB2hbBurpPayP_0fKY5sPZcFgZmfLydY/edit#gid=1526488506;https://docs.google.com/spreadsheets/d/1uo7-E_E2jbehB2hbBurpPayP_0fKY5sPZcFgZmfLydY/edit#gid=520178140;https://docs.google.com/spreadsheets/d/1uo7-E_E2jbehB2hbBurpPayP_0fKY5sPZcFgZmfLydY/edit#gid=1696255979;output/team-graphics/s3/GPL Teams Spieltag 14 (2).jpg;data/manual/pokemon_killlists.csv;https://docs.google.com/spreadsheets/d/1B2uTMvWlAHb7WlpupJV1A2Hbi3K3U1vCyoFV0wCapcw/edit#gid=1521895812;https://docs.google.com/spreadsheets/d/1B2uTMvWlAHb7WlpupJV1A2Hbi3K3U1vCyoFV0wCapcw/edit#gid=1271313224;https://docs.google.com/spreadsheets/d/1n9SmK-ccTCn8Jjhs4U2LKnibXY8PvuBtV3V9MCOURRA/edit#gid=0;https://docs.google.com/spreadsheets/d/1vJ-pioe3RZKSZ3LIGEA3FVTv_KEE_XKIQAXSIUNNd-Q/edit#gid=0
5,212,Scherox,scherox,Scizor,scizor,UU,5,23,7,"S1, S2, S3, S6, S8, S9, S10",1,S9,17,10,picked,https://raw.githubusercontent.com/PokeAPI/pokeapi/master/data/v2/csv/pokemon_species_names.csv;https://raw.githubusercontent.com/PokeAPI/pokeapi/master/data/v2/csv/languages.csv;https://raw.githubusercontent.com/PokeAPI/pokeapi/master/data/v2/csv/pokemon.csv;https://raw.githubusercontent.com/PokeAPI/pokeapi/master/data/v2/csv/pokemon_forms.csv;https://raw.githubusercontent.com/PokeAPI/pokeapi/master/data/v2/csv/pokemon_form_names.csv;https://docs.google.com/spreadsheets/d/1kiwDk4NgYoKb0Oo9yqzwl9HXHxuQ_0I5gkb1JtE57PI/edit#gid=0;https://docs.google.com/spreadsheets/d/1odsNRAZStW1GzmpXwmg27dqjOlch7w8syZOZ5Z2OQRg/edit#gid=0;https://docs.google.com/spreadsheets/d/1JZpA-5XDldN2bjfvhvBPHYK-1AENETLnF1UxNEpWlNA/edit#gid=352888197;data/manual/team_pokemon_usage.csv;output/team-graphics/s3/GPL Teams Spieltag 14 (1).jpg;https://docs.google.com/spreadsheets/d/11wxsKyCydVmDjp4kGLJAOLPM_LgwCLN2GYpbDQkNtkk/edit#gid=1588964432;https://docs.google.com/spreadsheets/d/11wxsKyCydVmDjp4kGLJAOLPM_LgwCLN2GYpbDQkNtkk/edit#gid=1843013406;https://docs.google.com/spreadsheets/d/1B2uTMvWlAHb7WlpupJV1A2Hbi3K3U1vCyoFV0wCapcw/edit#gid=26363830;https://docs.google.com/spreadsheets/d/1B2uTMvWlAHb7WlpupJV1A2Hbi3K3U1vCyoFV0wCapcw/edit#gid=1846395979;https://docs.google.com/spreadsheets/d/1uo7-E_E2jbehB2hbBurpPayP_0fKY5sPZcFgZmfLydY/edit#gid=1526488506;https://docs.google.com/spreadsheets/d/1uo7-E_E2jbehB2hbBurpPayP_0fKY5sPZcFgZmfLydY/edit#gid=520178140;https://docs.google.com/spreadsheets/d/1uo7-E_E2jbehB2hbBurpPayP_0fKY5sPZcFgZmfLydY/edit#gid=1696255979;https://docs.google.com/spreadsheets/d/13smsrG2BGYxr_omJWcgr-sUDr39bvOJPNL5RPt4DSow/edit#gid=71150222;https://docs.google.com/spreadsheets/d/13smsrG2BGYxr_omJWcgr-sUDr39bvOJPNL5RPt4DSow/edit#gid=1934543062;https://docs.google.com/spreadsheets/d/1B2uTMvWlAHb7WlpupJV1A2Hbi3K3U1vCyoFV0wCapcw/edit#gid=1521895812;https://docs.google.com/spreadsheets/d/1B2uTMvWlAHb7WlpupJV1A2Hbi3K3U1vCyoFV0wCapcw/edit#gid=1271313224;https://docs.google.com/spreadsheets/d/1n9SmK-ccTCn8Jjhs4U2LKnibXY8PvuBtV3V9MCOURRA/edit#gid=0;https://docs.google.com/spreadsheets/d/1vJ-pioe3RZKSZ3LIGEA3FVTv_KEE_XKIQAXSIUNNd-Q/edit#gid=0
6,244,Entei,entei,Entei,entei,RU,7,23,8,"S1, S2, S3, S4, S5, S6, S9, S10",1,S2,12,12,picked,https://raw.githubusercontent.com/PokeAPI/pokeapi/master/data/v2/csv/pokemon_species_names.csv;https://raw.githubusercontent.com/PokeAPI/pokeapi/master/data/v2/csv/languages.csv;https://raw.githubusercontent.com/PokeAPI/pokeapi/master/data/v2/csv/pokemon.csv;https://raw.githubusercontent.com/PokeAPI/pokeapi/master/data/v2/csv/pokemon_forms.csv;https://raw.githubusercontent.com/PokeAPI/pokeapi/master/data/v2/csv/pokemon_form_names.csv;https://docs.google.com/spreadsheets/d/1kiwDk4NgYoKb0Oo9yqzwl9HXHxuQ_0I5gkb1JtE57PI/edit#gid=0;https://docs.google.com/spreadsheets/d/1FUsClf5qEny-BHY5Djp8rIwRJKBSJDvygJ8LBa62FEo/edit#gid=0;https://docs.google.com/spreadsheets/d/1odsNRAZStW1GzmpXwmg27dqjOlch7w8syZOZ5Z2OQRg/edit#gid=0;https://docs.google.com/spreadsheets/d/1JZpA-5XDldN2bjfvhvBPHYK-1AENETLnF1UxNEpWlNA/edit#gid=352888197;data/manual/team_pokemon_usage.csv;output/team-graphics/s4/Suicide Squad - CaptainCrinch.png;output/team-graphics/s5/Prekani.png;https://docs.google.com/spreadsheets/d/11wxsKyCydVmDjp4kGLJAOLPM_LgwCLN2GYpbDQkNtkk/edit#gid=1588964432;https://docs.google.com/spreadsheets/d/11wxsKyCydVmDjp4kGLJAOLPM_LgwCLN2GYpbDQkNtkk/edit#gid=1843013406;https://docs.google.com/spreadsheets/d/1uo7-E_E2jbehB2hbBurpPayP_0fKY5sPZcFgZmfLydY/edit#gid=1526488506;https://docs.google.com/spreadsheets/d/1uo7-E_E2jbehB2hbBurpPayP_0fKY5sPZcFgZmfLydY/edit#gid=520178140;https://docs.google.com/spreadsheets/d/1uo7-E_E2jbehB2hbBurpPayP_0fKY5sPZcFgZmfLydY/edit#gid=1696255979;https://docs.google.com/spreadsheets/d/13smsrG2BGYxr_omJWcgr-sUDr39bvOJPNL5RPt4DSow/edit#gid=71150222;https://docs.google.com/spreadsheets/d/13smsrG2BGYxr_omJWcgr-sUDr39bvOJPNL5RPt4DSow/edit#gid=1934543062;output/team-graphics/s3/GPL Teams Spieltag 14 (1).jpg;data/manual/pokemon_killlists.csv;https://docs.google.com/spreadsheets/d/1n9SmK-ccTCn8Jjhs4U2LKnibXY8PvuBtV3V9MCOURRA/edit#gid=0;https://docs.google.com/spreadsheets/d/1vJ-pioe3RZKSZ3LIGEA3FVTv_KEE_XKIQAXSIUNNd-Q/edit#gid=0;https://docs.google.com/spreadsheets/d/1kXhNwKGrqQTwSal0NxpZ9h0yo6u_mQwhwg4vGVwxMX4/edit#gid=0
7,645,Demeteros-T,demeterost,landorus-therian,landorustherian,OU,3,22,9,"S1, S2, S3, S4, S5, S6, S8, S9, S10",2,"S4, S8",12,12,picked,https://raw.githubusercontent.com/PokeAPI/pokeapi/master/data/v2/csv/pokemon_species_names.csv;https://raw.githubusercontent.com/PokeAPI/pokeapi/master/data/v2/csv/languages.csv;https://raw.githubusercontent.com/PokeAPI/pokeapi/master/data/v2/csv/pokemon.csv;https://raw.githubusercontent.com/PokeAPI/pokeapi/master/data/v2/csv/pokemon_forms.csv;https://raw.githubusercontent.com/PokeAPI/pokeapi/master/data/v2/csv/pokemon_form_names.csv;https://docs.google.com/spreadsheets/d/1kiwDk4NgYoKb0Oo9yqzwl9HXHxuQ_0I5gkb1JtE57PI/edit#gid=0;https://docs.google.com/spreadsheets/d/1FUsClf5qEny-BHY5Djp8rIwRJKBSJDvygJ8LBa62FEo/edit#gid=0;https://docs.google.com/spreadsheets/d/1odsNRAZStW1GzmpXwmg27dqjOlch7w8syZOZ5Z2OQRg/edit#gid=0;https://docs.google.com/spreadsheets/d/1JZpA-5XDldN2bjfvhvBPHYK-1AENETLnF1UxNEpWlNA/edit#gid=352888197;data/manual/team_pokemon_usage.csv;output/team-graphics/s3/GPL Teams Spieltag 14 (1).jpg;output/team-graphics/s4/Ritter der Tapukokosnuss - FullLifeGames.png;output/team-graphics/s5/Crinchilla.png;https://docs.google.com/spreadsheets/d/11wxsKyCydVmDjp4kGLJAOLPM_LgwCLN2GYpbDQkNtkk/edit#gid=1588964432;https://docs.google.com/spreadsheets/d/11wxsKyCydVmDjp4kGLJAOLPM_LgwCLN2GYpbDQkNtkk/edit#gid=1843013406;https://docs.google.com/spreadsheets/d/1B2uTMvWlAHb7WlpupJV1A2Hbi3K3U1vCyoFV0wCapcw/edit#gid=26363830;https://docs.google.com/spreadsheets/d/1B2uTMvWlAHb7WlpupJV1A2Hbi3K3U1vCyoFV0wCapcw/edit#gid=1846395979;https://docs.google.com/spreadsheets/d/1uo7-E_E2jbehB2hbBurpPayP_0fKY5sPZcFgZmfLydY/edit#gid=1526488506;https://docs.google.com/spreadsheets/d/1uo7-E_E2jbehB2hbBurpPayP_0fKY5sPZcFgZmfLydY/edit#gid=520178140;https://docs.google.com/spreadsheets/d/1uo7-E_E2jbehB2hbBurpPayP_0fKY5sPZcFgZmfLydY/edit#gid=1696255979;https://docs.google.com/spreadsheets/d/13smsrG2BGYxr_omJWcgr-sUDr39bvOJPNL5RPt4DSow/edit#gid=71150222;https://docs.google.com/spreadsheets/d/13smsrG2BGYxr_omJWcgr-sUDr39bvOJPNL5RPt4DSow/edit#gid=1934543062;https://docs.google.com/spreadsheets/d/1B2uTMvWlAHb7WlpupJV1A2Hbi3K3U1vCyoFV0wCapcw/edit#gid=1521895812;https://docs.google.com/spreadsheets/d/1B2uTMvWlAHb7WlpupJV1A2Hbi3K3U1vCyoFV0wCapcw/edit#gid=1271313224;https://docs.google.com/spreadsheets/d/1n9SmK-ccTCn8Jjhs4U2LKnibXY8PvuBtV3V9MCOURRA/edit#gid=0;https://docs.google.com/spreadsheets/d/1vJ-pioe3RZKSZ3LIGEA3FVTv_KEE_XKIQAXSIUNNd-Q/edit#gid=0
8,591,Hutsassa,hutsassa,Amoonguss,amoonguss,UU,5,21,6,"S2, S3, S4, S6, S8, S9",1,S2,14,10,picked,https://raw.githubusercontent.com/PokeAPI/pokeapi/master/data/v2/csv/pokemon_species_names.csv;https://raw.githubusercontent.com/PokeAPI/pokeapi/master/data/v2/csv/languages.csv;https://raw.githubusercontent.com/PokeAPI/pokeapi/master/data/v2/csv/pokemon.csv;https://raw.githubusercontent.com/PokeAPI/pokeapi/master/data/v2/csv/pokemon_forms.csv;https://raw.githubusercontent.com/PokeAPI/pokeapi/master/data/v2/csv/pokemon_form_names.csv;https://docs.google.com/spreadsheets/d/1FUsClf5qEny-BHY5Djp8rIwRJKBSJDvygJ8LBa62FEo/edit#gid=0;https://docs.google.com/spreadsheets/d/1odsNRAZStW1GzmpXwmg27dqjOlch7w8syZOZ5Z2OQRg/edit#gid=0;https://docs.google.com/spreadsheets/d/1JZpA-5XDldN2bjfvhvBPHYK-1AENETLnF1UxNEpWlNA/edit#gid=352888197;data/manual/team_pokemon_usage.csv;output/team-graphics/s3/GPL Teams Spieltag 14 (2).jpg;output/team-graphics/s4/Minetube - Triyolotree.png;https://docs.google.com/spreadsheets/d/11wxsKyCydVmDjp4kGLJAOLPM_LgwCLN2GYpbDQkNtkk/edit#gid=1843013406;https://docs.google.com/spreadsheets/d/1B2uTMvWlAHb7WlpupJV1A2Hbi3K3U1vCyoFV0wCapcw/edit#gid=1846395979;https://docs.google.com/spreadsheets/d/1uo7-E_E2jbehB2hbBurpPayP_0fKY5sPZcFgZmfLydY/edit#gid=1526488506;https://docs.google.com/spreadsheets/d/1uo7-E_E2jbehB2hbBurpPayP_0fKY5sPZcFgZmfLydY/edit#gid=520178140;https://docs.google.com/spreadsheets/d/1uo7-E_E2jbehB2hbBurpPayP_0fKY5sPZcFgZmfLydY/edit#gid=1696255979;https://docs.google.com/spreadsheets/d/1B2uTMvWlAHb7WlpupJV1A2Hbi3K3U1vCyoFV0wCapcw/edit#gid=1271313224;https://docs.google.com/spreadsheets/d/1vJ-pioe3RZKSZ3LIGEA3FVTv_KEE_XKIQAXSIUNNd-Q/edit#gid=0
9,232,Donphan,donphan,Donphan,donphan,RU,7,21,7,"S1, S2, S3, S4, S5, S6, S10",0,,17,11,picked,https://raw.githubusercontent.com/PokeAPI/pokeapi/master/data/v2/csv/pokemon_species_names.csv;https://raw.githubusercontent.com/PokeAPI/pokeapi/master/data/v2/csv/languages.csv;https://raw.githubusercontent.com/PokeAPI/pokeapi/master/data/v2/csv/pokemon.csv;https://raw.githubusercontent.com/PokeAPI/pokeapi/master/data/v2/csv/pokemon_forms.csv;https://raw.githubusercontent.com/PokeAPI/pokeapi/master/data/v2/csv/pokemon_form_names.csv;https://docs.google.com/spreadsheets/d/1kiwDk4NgYoKb0Oo9yqzwl9HXHxuQ_0I5gkb1JtE57PI/edit#gid=0;https://docs.google.com/spreadsheets/d/1FUsClf5qEny-BHY5Djp8rIwRJKBSJDvygJ8LBa62FEo/edit#gid=0;https://docs.google.com/spreadsheets/d/1odsNRAZStW1GzmpXwmg27dqjOlch7w8syZOZ5Z2OQRg/edit#gid=0;https://docs.google.com/spreadsheets/d/1JZpA-5XDldN2bjfvhvBPHYK-1AENETLnF1UxNEpWlNA/edit#gid=352888197;data/manual/team_pokemon_usage.csv;output/team-graphics/s3/GPL Teams Spieltag 14 (2).jpg;output/team-graphics/s4/Variant Vulpix - CrowdController.png;output/team-graphics/s5/Cabgosport.png;https://docs.google.com/spreadsheets/d/11wxsKyCydVmDjp4kGLJAOLPM_LgwCLN2GYpbDQkNtkk/edit#gid=1843013406;https://docs.google.com/spreadsheets/d/11wxsKyCydVmDjp4kGLJAOLPM_LgwCLN2GYpbDQkNtkk/edit#gid=654435343;https://docs.google.com/spreadsheets/d/13smsrG2BGYxr_omJWcgr-sUDr39bvOJPNL5RPt4DSow/edit#gid=1934543062;https://docs.google.com/spreadsheets/d/1n9SmK-ccTCn8Jjhs4U2LKnibXY8PvuBtV3V9MCOURRA/edit#gid=0;https://docs.google.com/spreadsheets/d/1vJ-pioe3RZKSZ3LIGEA3FVTv_KEE_XKIQAXSIUNNd-Q/edit#gid=0
10,350,Milotic,milotic,Milotic,milotic,RU,7,21,10,"S1, S2, S3, S4, S5, S6, S7, S8, S9, S10",0,,12,12,picked,https://raw.githubusercontent.com/PokeAPI/pokeapi/master/data/v2/csv/pokemon_species_names.csv;https://raw.githubusercontent.com/PokeAPI/pokeapi/master/data/v2/csv/languages.csv;https://raw.githubusercontent.com/PokeAPI/pokeapi/master/data/v2/csv/pokemon.csv;https://raw.githubusercontent.com/PokeAPI/pokeapi/master/data/v2/csv/pokemon_forms.csv;https://raw.githubusercontent.com/PokeAPI/pokeapi/master/data/v2/csv/pokemon_form_names.csv;https://docs.google.com/spreadsheets/d/1kiwDk4NgYoKb0Oo9yqzwl9HXHxuQ_0I5gkb1JtE57PI/edit#gid=0;https://docs.google.com/spreadsheets/d/1FUsClf5qEny-BHY5Djp8rIwRJKBSJDvygJ8LBa62FEo/edit#gid=0;https://docs.google.com/spreadsheets/d/1odsNRAZStW1GzmpXwmg27dqjOlch7w8syZOZ5Z2OQRg/edit#gid=0;https://docs.google.com/spreadsheets/d/1JZpA-5XDldN2bjfvhvBPHYK-1AENETLnF1UxNEpWlNA/edit#gid=352888197;data/manual/team_pokemon_usage.csv;output/team-graphics/s4/Enteikutierung - Lauris Enteitainment.png;output/team-graphics/s5/SoulStealer.png;https://docs.google.com/spreadsheets/d/11wxsKyCydVmDjp4kGLJAOLPM_LgwCLN2GYpbDQkNtkk/edit#gid=1588964432;https://docs.google.com/spreadsheets/d/11wxsKyCydVmDjp4kGLJAOLPM_LgwCLN2GYpbDQkNtkk/edit#gid=1843013406;https://docs.google.com/spreadsheets/d/1nwiq_ggEj7QePeZGMR2xoi0bEHJr_ZGO24YCRdt93No/edit#gid=857670931;https://docs.google.com/spreadsheets/d/1B2uTMvWlAHb7WlpupJV1A2Hbi3K3U1vCyoFV0wCapcw/edit#gid=26363830;https://docs.google.com/spreadsheets/d/1B2uTMvWlAHb7WlpupJV1A2Hbi3K3U1vCyoFV0wCapcw/edit#gid=1846395979;https://docs.google.com/spreadsheets/d/1uo7-E_E2jbehB2hbBurpPayP_0fKY5sPZcFgZmfLydY/edit#gid=1526488506;https://docs.google.com/spreadsheets/d/1uo7-E_E2jbehB2hbBurpPayP_0fKY5sPZcFgZmfLydY/edit#gid=520178140;https://docs.google.com/spreadsheets/d/1uo7-E_E2jbehB2hbBurpPayP_0fKY5sPZcFgZmfLydY/edit#gid=1696255979;https://docs.google.com/spreadsheets/d/13smsrG2BGYxr_omJWcgr-sUDr39bvOJPNL5RPt4DSow/edit#gid=71150222;https://docs.google.com/spreadsheets/d/13smsrG2BGYxr_omJWcgr-sUDr39bvOJPNL5RPt4DSow/edit#gid=1934543062;data/manual/pokemon_killlists.csv;https://docs.google.com/spreadsheets/d/1B2uTMvWlAHb7WlpupJV1A2Hbi3K3U1vCyoFV0wCapcw/edit#gid=1521895812;https://docs.google.com/spreadsheets/d/1B2uTMvWlAHb7WlpupJV1A2Hbi3K3U1vCyoFV0wCapcw/edit#gid=1271313224;https://docs.google.com/spreadsheets/d/1n9SmK-ccTCn8Jjhs4U2LKnibXY8PvuBtV3V9MCOURRA/edit#gid=0;https://docs.google.com/spreadsheets/d/1vJ-pioe3RZKSZ3LIGEA3FVTv_KEE_XKIQAXSIUNNd-Q/edit#gid=0
11,479,Rotom-H,rotomh,rotom-heat,rotomheat,RU,7,21,9,"S1, S2, S3, S4, S5, S6, S7, S8, S10",0,,14,11,picked,https://raw.githubusercontent.com/PokeAPI/pokeapi/master/data/v2/csv/pokemon_species_names.csv;https://raw.githubusercontent.com/PokeAPI/pokeapi/master/data/v2/csv/languages.csv;https://raw.githubusercontent.com/PokeAPI/pokeapi/master/data/v2/csv/pokemon.csv;https://raw.githubusercontent.com/PokeAPI/pokeapi/master/data/v2/csv/pokemon_forms.csv;https://raw.githubusercontent.com/PokeAPI/pokeapi/master/data/v2/csv/pokemon_form_names.csv;https://docs.google.com/spreadsheets/d/1kiwDk4NgYoKb0Oo9yqzwl9HXHxuQ_0I5gkb1JtE57PI/edit#gid=0;https://docs.google.com/spreadsheets/d/1FUsClf5qEny-BHY5Djp8rIwRJKBSJDvygJ8LBa62FEo/edit#gid=0;https://docs.google.com/spreadsheets/d/1odsNRAZStW1GzmpXwmg27dqjOlch7w8syZOZ5Z2OQRg/edit#gid=0;https://docs.google.com/spreadsheets/d/1JZpA-5XDldN2bjfvhvBPHYK-1AENETLnF1UxNEpWlNA/edit#gid=352888197;data/manual/team_pokemon_usage.csv;output/team-graphics/s3/GPL Teams Spieltag 14 (2).jpg;output/team-graphics/s4/Shocking Shaymins - MeLevies.png;output/team-graphics/s5/Howling Commandos.png;https://docs.google.com/spreadsheets/d/11wxsKyCydVmDjp4kGLJAOLPM_LgwCLN2GYpbDQkNtkk/edit#gid=1588964432;https://docs.google.com/spreadsheets/d/11wxsKyCydVmDjp4kGLJAOLPM_LgwCLN2GYpbDQkNtkk/edit#gid=1843013406;https://docs.google.com/spreadsheets/d/1nwiq_ggEj7QePeZGMR2xoi0bEHJr_ZGO24YCRdt93No/edit#gid=857670931;https://docs.google.com/spreadsheets/d/1B2uTMvWlAHb7WlpupJV1A2Hbi3K3U1vCyoFV0wCapcw/edit#gid=26363830;https://docs.google.com/spreadsheets/d/1B2uTMvWlAHb7WlpupJV1A2Hbi3K3U1vCyoFV0wCapcw/edit#gid=1846395979;https://docs.google.com/spreadsheets/d/13smsrG2BGYxr_omJWcgr-sUDr39bvOJPNL5RPt4DSow/edit#gid=71150222;https://docs.google.com/spreadsheets/d/13smsrG2BGYxr_omJWcgr-sUDr39bvOJPNL5RPt4DSow/edit#gid=1934543062;https://docs.google.com/spreadsheets/d/1B2uTMvWlAHb7WlpupJV1A2Hbi3K3U1vCyoFV0wCapcw/edit#gid=1521895812;https://docs.google.com/spreadsheets/d/1B2uTMvWlAHb7WlpupJV1A2Hbi3K3U1vCyoFV0wCapcw/edit#gid=1271313224;https://docs.google.com/spreadsheets/d/1n9SmK-ccTCn8Jjhs4U2LKnibXY8PvuBtV3V9MCOURRA/edit#gid=0;https://docs.google.com/spreadsheets/d/1vJ-pioe3RZKSZ3LIGEA3FVTv_KEE_XKIQAXSIUNNd-Q/edit#gid=0
12,59,Arkani,arkani,Arcanine,arcanine,RU,7,20,10,"S1, S2, S3, S4, S5, S6, S7, S8, S9, S10",1,S1,8,8,picked,https://raw.githubusercontent.com/PokeAPI/pokeapi/master/data/v2/csv/pokemon_species_names.csv;https://raw.githubusercontent.com/PokeAPI/pokeapi/master/data/v2/csv/languages.csv;https://raw.githubusercontent.com/PokeAPI/pokeapi/master/data/v2/csv/pokemon.csv;https://raw.githubusercontent.com/PokeAPI/pokeapi/master/data/v2/csv/pokemon_forms.csv;https://raw.githubusercontent.com/PokeAPI/pokeapi/master/data/v2/csv/pokemon_form_names.csv;https://docs.google.com/spreadsheets/d/1kiwDk4NgYoKb0Oo9yqzwl9HXHxuQ_0I5gkb1JtE57PI/edit#gid=0;https://docs.google.com/spreadsheets/d/1FUsClf5qEny-BHY5Djp8rIwRJKBSJDvygJ8LBa62FEo/edit#gid=0;https://docs.google.com/spreadsheets/d/1odsNRAZStW1GzmpXwmg27dqjOlch7w8syZOZ5Z2OQRg/edit#gid=0;https://docs.google.com/spreadsheets/d/1JZpA-5XDldN2bjfvhvBPHYK-1AENETLnF1UxNEpWlNA/edit#gid=352888197;data/manual/team_pokemon_usage.csv;output/team-graphics/s3/GPL Teams Spieltag 14 (1).jpg;output/team-graphics/s4/Prekani - PresentLP.png;output/team-graphics/s5/Marvelous Speedsters.png;https://docs.google.com/spreadsheets/d/11wxsKyCydVmDjp4kGLJAOLPM_LgwCLN2GYpbDQkNtkk/edit#gid=1588964432;https://docs.google.com/spreadsheets/d/1nwiq_ggEj7QePeZGMR2xoi0bEHJr_ZGO24YCRdt93No/edit#gid=857670931;https://docs.google.com/spreadsheets/d/1B2uTMvWlAHb7WlpupJV1A2Hbi3K3U1vCyoFV0wCapcw/edit#gid=26363830;https://docs.google.com/spreadsheets/d/1B2uTMvWlAHb7WlpupJV1A2Hbi3K3U1vCyoFV0wCapcw/edit#gid=1846395979;https://docs.google.com/spreadsheets/d/1uo7-E_E2jbehB2hbBurpPayP_0fKY5sPZcFgZmfLydY/edit#gid=1526488506;https://docs.google.com/spreadsheets/d/1uo7-E_E2jbehB2hbBurpPayP_0fKY5sPZcFgZmfLydY/edit#gid=520178140;https://docs.google.com/spreadsheets/d/1uo7-E_E2jbehB2hbBurpPayP_0fKY5sPZcFgZmfLydY/edit#gid=1696255979;https://docs.google.com/spreadsheets/d/13smsrG2BGYxr_omJWcgr-sUDr39bvOJPNL5RPt4DSow/edit#gid=71150222;https://docs.google.com/spreadsheets/d/13smsrG2BGYxr_omJWcgr-sUDr39bvOJPNL5RPt4DSow/edit#gid=1934543062;https://docs.google.com/spreadsheets/d/1B2uTMvWlAHb7WlpupJV1A2Hbi3K3U1vCyoFV0wCapcw/edit#gid=1521895812;https://docs.google.com/spreadsheets/d/1B2uTMvWlAHb7WlpupJV1A2Hbi3K3U1vCyoFV0wCapcw/edit#gid=1271313224;https://docs.google.com/spreadsheets/d/1n9SmK-ccTCn8Jjhs4U2LKnibXY8PvuBtV3V9MCOURRA/edit#gid=0;https://docs.google.com/spreadsheets/d/1vJ-pioe3RZKSZ3LIGEA3FVTv_KEE_XKIQAXSIUNNd-Q/edit#gid=0
13,461,Snibunna,snibunna,Weavile,weavile,UUBL,4,19,9,"S1, S2, S3, S4, S5, S6, S7, S8, S10",0,,14,11,picked,https://raw.githubusercontent.com/PokeAPI/pokeapi/master/data/v2/csv/pokemon_species_names.csv;https://raw.githubusercontent.com/PokeAPI/pokeapi/master/data/v2/csv/languages.csv;https://raw.githubusercontent.com/PokeAPI/pokeapi/master/data/v2/csv/pokemon.csv;https://raw.githubusercontent.com/PokeAPI/pokeapi/master/data/v2/csv/pokemon_forms.csv;https://raw.githubusercontent.com/PokeAPI/pokeapi/master/data/v2/csv/pokemon_form_names.csv;https://docs.google.com/spreadsheets/d/1kiwDk4NgYoKb0Oo9yqzwl9HXHxuQ_0I5gkb1JtE57PI/edit#gid=0;https://docs.google.com/spreadsheets/d/1FUsClf5qEny-BHY5Djp8rIwRJKBSJDvygJ8LBa62FEo/edit#gid=0;https://docs.google.com/spreadsheets/d/1odsNRAZStW1GzmpXwmg27dqjOlch7w8syZOZ5Z2OQRg/edit#gid=0;https://docs.google.com/spreadsheets/d/1JZpA-5XDldN2bjfvhvBPHYK-1AENETLnF1UxNEpWlNA/edit#gid=352888197;data/manual/team_pokemon_usage.csv;output/team-graphics/s4/Prekani - PresentLP.png;output/team-graphics/s5/Victini Bottom.png;https://docs.google.com/spreadsheets/d/11wxsKyCydVmDjp4kGLJAOLPM_LgwCLN2GYpbDQkNtkk/edit#gid=1588964432;https://docs.google.com/spreadsheets/d/11wxsKyCydVmDjp4kGLJAOLPM_LgwCLN2GYpbDQkNtkk/edit#gid=1843013406;https://docs.google.com/spreadsheets/d/1nwiq_ggEj7QePeZGMR2xoi0bEHJr_ZGO24YCRdt93No/edit#gid=857670931;https://docs.google.com/spreadsheets/d/1B2uTMvWlAHb7WlpupJV1A2Hbi3K3U1vCyoFV0wCapcw/edit#gid=26363830;https://docs.google.com/spreadsheets/d/1B2uTMvWlAHb7WlpupJV1A2Hbi3K3U1vCyoFV0wCapcw/edit#gid=1846395979;https://docs.google.com/spreadsheets/d/13smsrG2BGYxr_omJWcgr-sUDr39bvOJPNL5RPt4DSow/edit#gid=1934543062;output/team-graphics/s3/GPL Teams Spieltag 14 (2).jpg;data/manual/pokemon_killlists.csv;https://docs.google.com/spreadsheets/d/1B2uTMvWlAHb7WlpupJV1A2Hbi3K3U1vCyoFV0wCapcw/edit#gid=1521895812;https://docs.google.com/spreadsheets/d/1B2uTMvWlAHb7WlpupJV1A2Hbi3K3U1vCyoFV0wCapcw/edit#gid=1271313224;https://docs.google.com/spreadsheets/d/1n9SmK-ccTCn8Jjhs4U2LKnibXY8PvuBtV3V9MCOURRA/edit#gid=0
14,227,Panzaeron,panzaeron,Skarmory,skarmory,UU,5,19,9,"S1, S2, S3, S4, S5, S6, S8, S9, S10",2,"S2, S3",13,13,picked,https://raw.githubusercontent.com/PokeAPI/pokeapi/master/data/v2/csv/pokemon_species_names.csv;https://raw.githubusercontent.com/PokeAPI/pokeapi/master/data/v2/csv/languages.csv;https://raw.githubusercontent.com/PokeAPI/pokeapi/master/data/v2/csv/pokemon.csv;https://raw.githubusercontent.com/PokeAPI/pokeapi/master/data/v2/csv/pokemon_forms.csv;https://raw.githubusercontent.com/PokeAPI/pokeapi/master/data/v2/csv/pokemon_form_names.csv;https://docs.google.com/spreadsheets/d/1odsNRAZStW1GzmpXwmg27dqjOlch7w8syZOZ5Z2OQRg/edit#gid=0;https://docs.google.com/spreadsheets/d/1JZpA-5XDldN2bjfvhvBPHYK-1AENETLnF1UxNEpWlNA/edit#gid=352888197;data/manual/team_pokemon_usage.csv;output/team-graphics/s3/GPL Teams Spieltag 14 (1).jpg;output/team-graphics/s4/Enteikutierung - Lauris Enteitainment.png;output/team-graphics/s5/Aggron Berlin.png;https://docs.google.com/spreadsheets/d/11wxsKyCydVmDjp4kGLJAOLPM_LgwCLN2GYpbDQkNtkk/edit#gid=1588964432;https://docs.google.com/spreadsheets/d/11wxsKyCydVmDjp4kGLJAOLPM_LgwCLN2GYpbDQkNtkk/edit#gid=1843013406;https://docs.google.com/spreadsheets/d/1B2uTMvWlAHb7WlpupJV1A2Hbi3K3U1vCyoFV0wCapcw/edit#gid=1846395979;https://docs.google.com/spreadsheets/d/1uo7-E_E2jbehB2hbBurpPayP_0fKY5sPZcFgZmfLydY/edit#gid=1526488506;https://docs.google.com/spreadsheets/d/1uo7-E_E2jbehB2hbBurpPayP_0fKY5sPZcFgZmfLydY/edit#gid=520178140;https://docs.google.com/spreadsheets/d/1uo7-E_E2jbehB2hbBurpPayP_0fKY5sPZcFgZmfLydY/edit#gid=1696255979;https://docs.google.com/spreadsheets/d/13smsrG2BGYxr_omJWcgr-sUDr39bvOJPNL5RPt4DSow/edit#gid=71150222;https://docs.google.com/spreadsheets/d/13smsrG2BGYxr_omJWcgr-sUDr39bvOJPNL5RPt4DSow/edit#gid=1934543062;https://docs.google.com/spreadsheets/d/1B2uTMvWlAHb7WlpupJV1A2Hbi3K3U1vCyoFV0wCapcw/edit#gid=1271313224;https://docs.google.com/spreadsheets/d/1n9SmK-ccTCn8Jjhs4U2LKnibXY8PvuBtV3V9MCOURRA/edit#gid=0;https://docs.google.com/spreadsheets/d/1vJ-pioe3RZKSZ3LIGEA3FVTv_KEE_XKIQAXSIUNNd-Q/edit#gid=0
15,635,Trikephalo,trikephalo,Hydreigon,hydreigon,UU,5,19,9,"S1, S2, S3, S4, S5, S6, S7, S9, S10",1,S4,15,10,picked,https://raw.githubusercontent.com/PokeAPI/pokeapi/master/data/v2/csv/pokemon_species_names.csv;https://raw.githubusercontent.com/PokeAPI/pokeapi/master/data/v2/csv/languages.csv;https://raw.githubusercontent.com/PokeAPI/pokeapi/master/data/v2/csv/pokemon.csv;https://raw.githubusercontent.com/PokeAPI/pokeapi/master/data/v2/csv/pokemon_forms.csv;https://raw.githubusercontent.com/PokeAPI/pokeapi/master/data/v2/csv/pokemon_form_names.csv;https://docs.google.com/spreadsheets/d/1FUsClf5qEny-BHY5Djp8rIwRJKBSJDvygJ8LBa62FEo/edit#gid=0;https://docs.google.com/spreadsheets/d/1odsNRAZStW1GzmpXwmg27dqjOlch7w8syZOZ5Z2OQRg/edit#gid=0;https://docs.google.com/spreadsheets/d/1JZpA-5XDldN2bjfvhvBPHYK-1AENETLnF1UxNEpWlNA/edit#gid=352888197;data/manual/team_pokemon_usage.csv;output/team-graphics/s3/GPL Teams Spieltag 14 (2).jpg;output/team-graphics/s4/Ritter der Tapukokosnuss - FullLifeGames.png;output/team-graphics/s5/Howling Commandos.png;https://docs.google.com/spreadsheets/d/11wxsKyCydVmDjp4kGLJAOLPM_LgwCLN2GYpbDQkNtkk/edit#gid=1588964432;https://docs.google.com/spreadsheets/d/11wxsKyCydVmDjp4kGLJAOLPM_LgwCLN2GYpbDQkNtkk/edit#gid=1843013406;https://docs.google.com/spreadsheets/d/1nwiq_ggEj7QePeZGMR2xoi0bEHJr_ZGO24YCRdt93No/edit#gid=857670931;https://docs.google.com/spreadsheets/d/1uo7-E_E2jbehB2hbBurpPayP_0fKY5sPZcFgZmfLydY/edit#gid=1526488506;https://docs.google.com/spreadsheets/d/1uo7-E_E2jbehB2hbBurpPayP_0fKY5sPZcFgZmfLydY/edit#gid=520178140;https://docs.google.com/spreadsheets/d/1uo7-E_E2jbehB2hbBurpPayP_0fKY5sPZcFgZmfLydY/edit#gid=1696255979;https://docs.google.com/spreadsheets/d/13smsrG2BGYxr_omJWcgr-sUDr39bvOJPNL5RPt4DSow/edit#gid=1934543062;https://docs.google.com/spreadsheets/d/1vJ-pioe3RZKSZ3LIGEA3FVTv_KEE_XKIQAXSIUNNd-Q/edit#gid=0
16,94,Gengar,gengar,Gengar,gengar,RUBL,6,19,7,"S1, S2, S3, S6, S7, S8, S9",1,S1,13,11,picked,https://raw.githubusercontent.com/PokeAPI/pokeapi/master/data/v2/csv/pokemon_species_names.csv;https://raw.githubusercontent.com/PokeAPI/pokeapi/master/data/v2/csv/languages.csv;https://raw.githubusercontent.com/PokeAPI/pokeapi/master/data/v2/csv/pokemon.csv;https://raw.githubusercontent.com/PokeAPI/pokeapi/master/data/v2/csv/pokemon_forms.csv;https://raw.githubusercontent.com/PokeAPI/pokeapi/master/data/v2/csv/pokemon_form_names.csv;https://docs.google.com/spreadsheets/d/1FUsClf5qEny-BHY5Djp8rIwRJKBSJDvygJ8LBa62FEo/edit#gid=0;https://docs.google.com/spreadsheets/d/1odsNRAZStW1GzmpXwmg27dqjOlch7w8syZOZ5Z2OQRg/edit#gid=0;https://docs.google.com/spreadsheets/d/1JZpA-5XDldN2bjfvhvBPHYK-1AENETLnF1UxNEpWlNA/edit#gid=352888197;data/manual/team_pokemon_usage.csv;output/team-graphics/s3/GPL Teams Spieltag 14 (1).jpg;https://docs.google.com/spreadsheets/d/11wxsKyCydVmDjp4kGLJAOLPM_LgwCLN2GYpbDQkNtkk/edit#gid=1843013406;https://docs.google.com/spreadsheets/d/1nwiq_ggEj7QePeZGMR2xoi0bEHJr_ZGO24YCRdt93No/edit#gid=857670931;https://docs.google.com/spreadsheets/d/1B2uTMvWlAHb7WlpupJV1A2Hbi3K3U1vCyoFV0wCapcw/edit#gid=26363830;https://docs.google.com/spreadsheets/d/1B2uTMvWlAHb7WlpupJV1A2Hbi3K3U1vCyoFV0wCapcw/edit#gid=1846395979;https://docs.google.com/spreadsheets/d/1uo7-E_E2jbehB2hbBurpPayP_0fKY5sPZcFgZmfLydY/edit#gid=1526488506;https://docs.google.com/spreadsheets/d/1uo7-E_E2jbehB2hbBurpPayP_0fKY5sPZcFgZmfLydY/edit#gid=520178140;https://docs.google.com/spreadsheets/d/1uo7-E_E2jbehB2hbBurpPayP_0fKY5sPZcFgZmfLydY/edit#gid=1696255979;https://docs.google.com/spreadsheets/d/1B2uTMvWlAHb7WlpupJV1A2Hbi3K3U1vCyoFV0wCapcw/edit#gid=1521895812;https://docs.google.com/spreadsheets/d/1B2uTMvWlAHb7WlpupJV1A2Hbi3K3U1vCyoFV0wCapcw/edit#gid=1271313224;https://docs.google.com/spreadsheets/d/1n9SmK-ccTCn8Jjhs4U2LKnibXY8PvuBtV3V9MCOURRA/edit#gid=0;https://docs.google.com/spreadsheets/d/1vJ-pioe3RZKSZ3LIGEA3FVTv_KEE_XKIQAXSIUNNd-Q/edit#gid=0
17,534,Meistagrif,meistagrif,Conkeldurr,conkeldurr,RUBL,6,19,9,"S1, S2, S3, S4, S5, S6, S7, S8, S9",0,,13,11,picked,https://raw.githubusercontent.com/PokeAPI/pokeapi/master/data/v2/csv/pokemon_species_names.csv;https://raw.githubusercontent.com/PokeAPI/pokeapi/master/data/v2/csv/languages.csv;https://raw.githubusercontent.com/PokeAPI/pokeapi/master/data/v2/csv/pokemon.csv;https://raw.githubusercontent.com/PokeAPI/pokeapi/master/data/v2/csv/pokemon_forms.csv;https://raw.githubusercontent.com/PokeAPI/pokeapi/master/data/v2/csv/pokemon_form_names.csv;https://docs.google.com/spreadsheets/d/1kiwDk4NgYoKb0Oo9yqzwl9HXHxuQ_0I5gkb1JtE57PI/edit#gid=0;https://docs.google.com/spreadsheets/d/1FUsClf5qEny-BHY5Djp8rIwRJKBSJDvygJ8LBa62FEo/edit#gid=0;https://docs.google.com/spreadsheets/d/1odsNRAZStW1GzmpXwmg27dqjOlch7w8syZOZ5Z2OQRg/edit#gid=0;https://docs.google.com/spreadsheets/d/11wxsKyCydVmDjp4kGLJAOLPM_LgwCLN2GYpbDQkNtkk/edit#gid=1588964432;https://docs.google.com/spreadsheets/d/1nwiq_ggEj7QePeZGMR2xoi0bEHJr_ZGO24YCRdt93No/edit#gid=857670931;https://docs.google.com/spreadsheets/d/1B2uTMvWlAHb7WlpupJV1A2Hbi3K3U1vCyoFV0wCapcw/edit#gid=26363830;https://docs.google.com/spreadsheets/d/1uo7-E_E2jbehB2hbBurpPayP_0fKY5sPZcFgZmfLydY/edit#gid=1526488506;https://docs.google.com/spreadsheets/d/1uo7-E_E2jbehB2hbBurpPayP_0fKY5sPZcFgZmfLydY/edit#gid=520178140;https://docs.google.com/spreadsheets/d/1uo7-E_E2jbehB2hbBurpPayP_0fKY5sPZcFgZmfLydY/edit#gid=1696255979;https://docs.google.com/spreadsheets/d/1JZpA-5XDldN2bjfvhvBPHYK-1AENETLnF1UxNEpWlNA/edit#gid=352888197;data/manual/pokemon_killlists.csv;https://docs.google.com/spreadsheets/d/1B2uTMvWlAHb7WlpupJV1A2Hbi3K3U1vCyoFV0wCapcw/edit#gid=1521895812;https://docs.google.com/spreadsheets/d/1n9SmK-ccTCn8Jjhs4U2LKnibXY8PvuBtV3V9MCOURRA/edit#gid=0;https://docs.google.com/spreadsheets/d/14N_40jsahiN9DChpnNaPTnFy26If6imVHtqBGDWk6pg/edit#gid=0;https://docs.google.com/spreadsheets/d/1vJ-pioe3RZKSZ3LIGEA3FVTv_KEE_XKIQAXSIUNNd-Q/edit#gid=0
18,135,Blitza,blitza,Jolteon,jolteon,RU,7,19,8,"S1, S2, S3, S4, S5, S6, S7, S9",1,S1,12,9,picked,https://raw.githubusercontent.com/PokeAPI/pokeapi/master/data/v2/csv/pokemon_species_names.csv;https://raw.githubusercontent.com/PokeAPI/pokeapi/master/data/v2/csv/languages.csv;https://raw.githubusercontent.com/PokeAPI/pokeapi/master/data/v2/csv/pokemon.csv;https://raw.githubusercontent.com/PokeAPI/pokeapi/master/data/v2/csv/pokemon_forms.csv;https://raw.githubusercontent.com/PokeAPI/pokeapi/master/data/v2/csv/pokemon_form_names.csv;https://docs.google.com/spreadsheets/d/1kiwDk4NgYoKb0Oo9yqzwl9HXHxuQ_0I5gkb1JtE57PI/edit#gid=0;https://docs.google.com/spreadsheets/d/1FUsClf5qEny-BHY5Djp8rIwRJKBSJDvygJ8LBa62FEo/edit#gid=0;https://docs.google.com/spreadsheets/d/1odsNRAZStW1GzmpXwmg27dqjOlch7w8syZOZ5Z2OQRg/edit#gid=0;https://docs.google.com/spreadsheets/d/1JZpA-5XDldN2bjfvhvBPHYK-1AENETLnF1UxNEpWlNA/edit#gid=352888197;data/manual/team_pokemon_usage.csv;output/team-graphics/s3/GPL Teams Spieltag 14 (2).jpg;output/team-graphics/s4/Minetube - Triyolotree.png;output/team-graphics/s5/Triyolotree.png;https://docs.google.com/spreadsheets/d/11wxsKyCydVmDjp4kGLJAOLPM_LgwCLN2GYpbDQkNtkk/edit#gid=1588964432;https://docs.google.com/spreadsheets/d/1nwiq_ggEj7QePeZGMR2xoi0bEHJr_ZGO24YCRdt93No/edit#gid=857670931;https://docs.google.com/spreadsheets/d/1uo7-E_E2jbehB2hbBurpPayP_0fKY5sPZcFgZmfLydY/edit#gid=1526488506;https://docs.google.com/spreadsheets/d/1uo7-E_E2jbehB2hbBurpPayP_0fKY5sPZcFgZmfLydY/edit#gid=520178140;https://docs.google.com/spreadsheets/d/1uo7-E_E2jbehB2hbBurpPayP_0fKY5sPZcFgZmfLydY/edit#gid=1696255979;https://docs.google.com/spreadsheets/d/1n9SmK-ccTCn8Jjhs4U2LKnibXY8PvuBtV3V9MCOURRA/edit#gid=0;https://docs.google.com/spreadsheets/d/1vJ-pioe3RZKSZ3LIGEA3FVTv_KEE_XKIQAXSIUNNd-Q/edit#gid=0
19,169,Iksbat,iksbat,Crobat,crobat,RU,7,19,7,"S2, S3, S4, S5, S6, S8, S9",2,"S2, S5",13,9,picked,https://raw.githubusercontent.com/PokeAPI/pokeapi/master/data/v2/csv/pokemon_species_names.csv;https://raw.githubusercontent.com/PokeAPI/pokeapi/master/data/v2/csv/languages.csv;https://raw.githubusercontent.com/PokeAPI/pokeapi/master/data/v2/csv/pokemon.csv;https://raw.githubusercontent.com/PokeAPI/pokeapi/master/data/v2/csv/pokemon_forms.csv;https://raw.githubusercontent.com/PokeAPI/pokeapi/master/data/v2/csv/pokemon_form_names.csv;https://docs.google.com/spreadsheets/d/1FUsClf5qEny-BHY5Djp8rIwRJKBSJDvygJ8LBa62FEo/edit#gid=0;https://docs.google.com/spreadsheets/d/1odsNRAZStW1GzmpXwmg27dqjOlch7w8syZOZ5Z2OQRg/edit#gid=0;https://docs.google.com/spreadsheets/d/1JZpA-5XDldN2bjfvhvBPHYK-1AENETLnF1UxNEpWlNA/edit#gid=352888197;data/manual/team_pokemon_usage.csv;output/team-graphics/s3/GPL Teams Spieltag 14 (2).jpg;output/team-graphics/s4/Enteikutierung - Lauris Enteitainment.png;output/team-graphics/s5/Shockwaving Magearnas.png;https://docs.google.com/spreadsheets/d/11wxsKyCydVmDjp4kGLJAOLPM_LgwCLN2GYpbDQkNtkk/edit#gid=1588964432;https://docs.google.com/spreadsheets/d/11wxsKyCydVmDjp4kGLJAOLPM_LgwCLN2GYpbDQkNtkk/edit#gid=1843013406;https://docs.google.com/spreadsheets/d/1B2uTMvWlAHb7WlpupJV1A2Hbi3K3U1vCyoFV0wCapcw/edit#gid=26363830;https://docs.google.com/spreadsheets/d/1B2uTMvWlAHb7WlpupJV1A2Hbi3K3U1vCyoFV0wCapcw/edit#gid=1846395979;https://docs.google.com/spreadsheets/d/1uo7-E_E2jbehB2hbBurpPayP_0fKY5sPZcFgZmfLydY/edit#gid=1526488506;https://docs.google.com/spreadsheets/d/1uo7-E_E2jbehB2hbBurpPayP_0fKY5sPZcFgZmfLydY/edit#gid=520178140;https://docs.google.com/spreadsheets/d/1uo7-E_E2jbehB2hbBurpPayP_0fKY5sPZcFgZmfLydY/edit#gid=1696255979;https://docs.google.com/spreadsheets/d/1B2uTMvWlAHb7WlpupJV1A2Hbi3K3U1vCyoFV0wCapcw/edit#gid=1521895812;https://docs.google.com/spreadsheets/d/1B2uTMvWlAHb7WlpupJV1A2Hbi3K3U1vCyoFV0wCapcw/edit#gid=1271313224;https://docs.google.com/spreadsheets/d/1vJ-pioe3RZKSZ3LIGEA3FVTv_KEE_XKIQAXSIUNNd-Q/edit#gid=0
20,34,Nidoking,nidoking,Nidoking,nidoking,RU,7,19,6,"S1, S2, S3, S4, S5, S8",2,"S1, S3",12,8,picked,https://raw.githubusercontent.com/PokeAPI/pokeapi/master/data/v2/csv/pokemon_species_names.csv;https://raw.githubusercontent.com/PokeAPI/pokeapi/master/data/v2/csv/languages.csv;https://raw.githubusercontent.com/PokeAPI/pokeapi/master/data/v2/csv/pokemon.csv;https://raw.githubusercontent.com/PokeAPI/pokeapi/master/data/v2/csv/pokemon_forms.csv;https://raw.githubusercontent.com/PokeAPI/pokeapi/master/data/v2/csv/pokemon_form_names.csv;https://docs.google.com/spreadsheets/d/1kiwDk4NgYoKb0Oo9yqzwl9HXHxuQ_0I5gkb1JtE57PI/edit#gid=0;https://docs.google.com/spreadsheets/d/1FUsClf5qEny-BHY5Djp8rIwRJKBSJDvygJ8LBa62FEo/edit#gid=0;https://docs.google.com/spreadsheets/d/1odsNRAZStW1GzmpXwmg27dqjOlch7w8syZOZ5Z2OQRg/edit#gid=0;https://docs.google.com/spreadsheets/d/1JZpA-5XDldN2bjfvhvBPHYK-1AENETLnF1UxNEpWlNA/edit#gid=352888197;data/manual/team_pokemon_usage.csv;output/team-graphics/s4/Slicing Knights - Cabgolord.png;output/team-graphics/s5/Marvelous Speedsters.png;https://docs.google.com/spreadsheets/d/1B2uTMvWlAHb7WlpupJV1A2Hbi3K3U1vCyoFV0wCapcw/edit#gid=26363830;https://docs.google.com/spreadsheets/d/1B2uTMvWlAHb7WlpupJV1A2Hbi3K3U1vCyoFV0wCapcw/edit#gid=1846395979;output/team-graphics/s3/GPL Teams Spieltag 14 (1).jpg;data/manual/pokemon_killlists.csv;https://docs.google.com/spreadsheets/d/1B2uTMvWlAHb7WlpupJV1A2Hbi3K3U1vCyoFV0wCapcw/edit#gid=1521895812;https://docs.google.com/spreadsheets/d/1B2uTMvWlAHb7WlpupJV1A2Hbi3K3U1vCyoFV0wCapcw/edit#gid=1271313224;https://docs.google.com/spreadsheets/d/1n9SmK-ccTCn8Jjhs4U2LKnibXY8PvuBtV3V9MCOURRA/edit#gid=0;https://docs.google.com/spreadsheets/d/1vJ-pioe3RZKSZ3LIGEA3FVTv_KEE_XKIQAXSIUNNd-Q/edit#gid=0
21,479,Rotom-W,rotomw,rotom-wash,rotomwash,UU,5,18,7,"S1, S2, S4, S5, S6, S7, S10",2,"S2, S5",8,10,picked,https://raw.githubusercontent.com/PokeAPI/pokeapi/master/data/v2/csv/pokemon_species_names.csv;https://raw.githubusercontent.com/PokeAPI/pokeapi/master/data/v2/csv/languages.csv;https://raw.githubusercontent.com/PokeAPI/pokeapi/master/data/v2/csv/pokemon.csv;https://raw.githubusercontent.com/PokeAPI/pokeapi/master/data/v2/csv/pokemon_forms.csv;https://raw.githubusercontent.com/PokeAPI/pokeapi/master/data/v2/csv/pokemon_form_names.csv;https://docs.google.com/spreadsheets/d/1kiwDk4NgYoKb0Oo9yqzwl9HXHxuQ_0I5gkb1JtE57PI/edit#gid=0;https://docs.google.com/spreadsheets/d/1FUsClf5qEny-BHY5Djp8rIwRJKBSJDvygJ8LBa62FEo/edit#gid=0;https://docs.google.com/spreadsheets/d/1JZpA-5XDldN2bjfvhvBPHYK-1AENETLnF1UxNEpWlNA/edit#gid=352888197;data/manual/team_pokemon_usage.csv;output/team-graphics/s5/Shockwaving Magearnas.png;https://docs.google.com/spreadsheets/d/11wxsKyCydVmDjp4kGLJAOLPM_LgwCLN2GYpbDQkNtkk/edit#gid=1588964432;https://docs.google.com/spreadsheets/d/11wxsKyCydVmDjp4kGLJAOLPM_LgwCLN2GYpbDQkNtkk/edit#gid=1843013406;https://docs.google.com/spreadsheets/d/1nwiq_ggEj7QePeZGMR2xoi0bEHJr_ZGO24YCRdt93No/edit#gid=857670931;https://docs.google.com/spreadsheets/d/13smsrG2BGYxr_omJWcgr-sUDr39bvOJPNL5RPt4DSow/edit#gid=71150222;https://docs.google.com/spreadsheets/d/13smsrG2BGYxr_omJWcgr-sUDr39bvOJPNL5RPt4DSow/edit#gid=1934543062;data/manual/pokemon_killlists.csv;https://docs.google.com/spreadsheets/d/1n9SmK-ccTCn8Jjhs4U2LKnibXY8PvuBtV3V9MCOURRA/edit#gid=0;https://docs.google.com/spreadsheets/d/1vJ-pioe3RZKSZ3LIGEA3FVTv_KEE_XKIQAXSIUNNd-Q/edit#gid=0
22,530,Stalobor,stalobor,Excadrill,excadrill,UU,5,18,9,"S1, S2, S3, S5, S6, S7, S8, S9, S10",1,S1,8,10,picked,https://raw.githubusercontent.com/PokeAPI/pokeapi/master/data/v2/csv/pokemon_species_names.csv;https://raw.githubusercontent.com/PokeAPI/pokeapi/master/data/v2/csv/languages.csv;https://raw.githubusercontent.com/PokeAPI/pokeapi/master/data/v2/csv/pokemon.csv;https://raw.githubusercontent.com/PokeAPI/pokeapi/master/data/v2/csv/pokemon_forms.csv;https://raw.githubusercontent.com/PokeAPI/pokeapi/master/data/v2/csv/pokemon_form_names.csv;https://docs.google.com/spreadsheets/d/1FUsClf5qEny-BHY5Djp8rIwRJKBSJDvygJ8LBa62FEo/edit#gid=0;https://docs.google.com/spreadsheets/d/1JZpA-5XDldN2bjfvhvBPHYK-1AENETLnF1UxNEpWlNA/edit#gid=352888197;data/manual/team_pokemon_usage.csv;output/team-graphics/s5/Triyolotree.png;https://docs.google.com/spreadsheets/d/11wxsKyCydVmDjp4kGLJAOLPM_LgwCLN2GYpbDQkNtkk/edit#gid=1843013406;https://docs.google.com/spreadsheets/d/1nwiq_ggEj7QePeZGMR2xoi0bEHJr_ZGO24YCRdt93No/edit#gid=857670931;https://docs.google.com/spreadsheets/d/1B2uTMvWlAHb7WlpupJV1A2Hbi3K3U1vCyoFV0wCapcw/edit#gid=1846395979;https://docs.google.com/spreadsheets/d/1uo7-E_E2jbehB2hbBurpPayP_0fKY5sPZcFgZmfLydY/edit#gid=1526488506;https://docs.google.com/spreadsheets/d/1uo7-E_E2jbehB2hbBurpPayP_0fKY5sPZcFgZmfLydY/edit#gid=520178140;https://docs.google.com/spreadsheets/d/1uo7-E_E2jbehB2hbBurpPayP_0fKY5sPZcFgZmfLydY/edit#gid=1696255979;https://docs.google.com/spreadsheets/d/13smsrG2BGYxr_omJWcgr-sUDr39bvOJPNL5RPt4DSow/edit#gid=71150222;https://docs.google.com/spreadsheets/d/13smsrG2BGYxr_omJWcgr-sUDr39bvOJPNL5RPt4DSow/edit#gid=1934543062;output/team-graphics/s3/GPL Teams Spieltag 14 (1).jpg;data/manual/pokemon_killlists.csv;https://docs.google.com/spreadsheets/d/1B2uTMvWlAHb7WlpupJV1A2Hbi3K3U1vCyoFV0wCapcw/edit#gid=1271313224;https://docs.google.com/spreadsheets/d/1n9SmK-ccTCn8Jjhs4U2LKnibXY8PvuBtV3V9MCOURRA/edit#gid=0;https://docs.google.com/spreadsheets/d/1vJ-pioe3RZKSZ3LIGEA3FVTv_KEE_XKIQAXSIUNNd-Q/edit#gid=0;https://docs.google.com/spreadsheets/d/1kXhNwKGrqQTwSal0NxpZ9h0yo6u_mQwhwg4vGVwxMX4/edit#gid=0
23,630,Grypheldis,grypheldis,Mandibuzz,mandibuzz,RU,7,18,9,"S1, S2, S3, S4, S6, S7, S8, S9, S10",0,,12,11,picked,https://raw.githubusercontent.com/PokeAPI/pokeapi/master/data/v2/csv/pokemon_species_names.csv;https://raw.githubusercontent.com/PokeAPI/pokeapi/master/data/v2/csv/languages.csv;https://raw.githubusercontent.com/PokeAPI/pokeapi/master/data/v2/csv/pokemon.csv;https://raw.githubusercontent.com/PokeAPI/pokeapi/master/data/v2/csv/pokemon_forms.csv;https://raw.githubusercontent.com/PokeAPI/pokeapi/master/data/v2/csv/pokemon_form_names.csv;https://docs.google.com/spreadsheets/d/1kiwDk4NgYoKb0Oo9yqzwl9HXHxuQ_0I5gkb1JtE57PI/edit#gid=0;https://docs.google.com/spreadsheets/d/1odsNRAZStW1GzmpXwmg27dqjOlch7w8syZOZ5Z2OQRg/edit#gid=0;https://docs.google.com/spreadsheets/d/1JZpA-5XDldN2bjfvhvBPHYK-1AENETLnF1UxNEpWlNA/edit#gid=352888197;data/manual/team_pokemon_usage.csv;output/team-graphics/s3/GPL Teams Spieltag 14 (2).jpg;https://docs.google.com/spreadsheets/d/11wxsKyCydVmDjp4kGLJAOLPM_LgwCLN2GYpbDQkNtkk/edit#gid=1588964432;https://docs.google.com/spreadsheets/d/11wxsKyCydVmDjp4kGLJAOLPM_LgwCLN2GYpbDQkNtkk/edit#gid=1843013406;https://docs.google.com/spreadsheets/d/1nwiq_ggEj7QePeZGMR2xoi0bEHJr_ZGO24YCRdt93No/edit#gid=857670931;https://docs.google.com/spreadsheets/d/1B2uTMvWlAHb7WlpupJV1A2Hbi3K3U1vCyoFV0wCapcw/edit#gid=26363830;https://docs.google.com/spreadsheets/d/1uo7-E_E2jbehB2hbBurpPayP_0fKY5sPZcFgZmfLydY/edit#gid=1526488506;https://docs.google.com/spreadsheets/d/1uo7-E_E2jbehB2hbBurpPayP_0fKY5sPZcFgZmfLydY/edit#gid=520178140;https://docs.google.com/spreadsheets/d/1uo7-E_E2jbehB2hbBurpPayP_0fKY5sPZcFgZmfLydY/edit#gid=1696255979;https://docs.google.com/spreadsheets/d/13smsrG2BGYxr_omJWcgr-sUDr39bvOJPNL5RPt4DSow/edit#gid=71150222;https://docs.google.com/spreadsheets/d/13smsrG2BGYxr_omJWcgr-sUDr39bvOJPNL5RPt4DSow/edit#gid=1934543062;data/manual/pokemon_killlists.csv;https://docs.google.com/spreadsheets/d/1B2uTMvWlAHb7WlpupJV1A2Hbi3K3U1vCyoFV0wCapcw/edit#gid=1521895812;https://docs.google.com/spreadsheets/d/1n9SmK-ccTCn8Jjhs4U2LKnibXY8PvuBtV3V9MCOURRA/edit#gid=0;https://docs.google.com/spreadsheets/d/1vJ-pioe3RZKSZ3LIGEA3FVTv_KEE_XKIQAXSIUNNd-Q/edit#gid=0
24,553,Rabigator,rabigator,Krookodile,krookodile,RU,7,18,8,"S2, S3, S4, S5, S6, S8, S9, S10",1,S2,13,10,picked,https://raw.githubusercontent.com/PokeAPI/pokeapi/master/data/v2/csv/pokemon_species_names.csv;https://raw.githubusercontent.com/PokeAPI/pokeapi/master/data/v2/csv/languages.csv;https://raw.githubusercontent.com/PokeAPI/pokeapi/master/data/v2/csv/pokemon.csv;https://raw.githubusercontent.com/PokeAPI/pokeapi/master/data/v2/csv/pokemon_forms.csv;https://raw.githubusercontent.com/PokeAPI/pokeapi/master/data/v2/csv/pokemon_form_names.csv;https://docs.google.com/spreadsheets/d/1FUsClf5qEny-BHY5Djp8rIwRJKBSJDvygJ8LBa62FEo/edit#gid=0;https://docs.google.com/spreadsheets/d/1odsNRAZStW1GzmpXwmg27dqjOlch7w8syZOZ5Z2OQRg/edit#gid=0;https://docs.google.com/spreadsheets/d/1JZpA-5XDldN2bjfvhvBPHYK-1AENETLnF1UxNEpWlNA/edit#gid=352888197;data/manual/team_pokemon_usage.csv;output/team-graphics/s3/GPL Teams Spieltag 14 (1).jpg;output/team-graphics/s4/Suicide Squad - CaptainCrinch.png;output/team-graphics/s5/Energie Tobutz.png;https://docs.google.com/spreadsheets/d/11wxsKyCydVmDjp4kGLJAOLPM_LgwCLN2GYpbDQkNtkk/edit#gid=1588964432;https://docs.google.com/spreadsheets/d/11wxsKyCydVmDjp4kGLJAOLPM_LgwCLN2GYpbDQkNtkk/edit#gid=1843013406;https://docs.google.com/spreadsheets/d/1B2uTMvWlAHb7WlpupJV1A2Hbi3K3U1vCyoFV0wCapcw/edit#gid=26363830;https://docs.google.com/spreadsheets/d/1B2uTMvWlAHb7WlpupJV1A2Hbi3K3U1vCyoFV0wCapcw/edit#gid=1846395979;https://docs.google.com/spreadsheets/d/1uo7-E_E2jbehB2hbBurpPayP_0fKY5sPZcFgZmfLydY/edit#gid=1526488506;https://docs.google.com/spreadsheets/d/1uo7-E_E2jbehB2hbBurpPayP_0fKY5sPZcFgZmfLydY/edit#gid=520178140;https://docs.google.com/spreadsheets/d/1uo7-E_E2jbehB2hbBurpPayP_0fKY5sPZcFgZmfLydY/edit#gid=1696255979;https://docs.google.com/spreadsheets/d/13smsrG2BGYxr_omJWcgr-sUDr39bvOJPNL5RPt4DSow/edit#gid=71150222;https://docs.google.com/spreadsheets/d/13smsrG2BGYxr_omJWcgr-sUDr39bvOJPNL5RPt4DSow/edit#gid=1934543062;https://docs.google.com/spreadsheets/d/1B2uTMvWlAHb7WlpupJV1A2Hbi3K3U1vCyoFV0wCapcw/edit#gid=1521895812;https://docs.google.com/spreadsheets/d/1B2uTMvWlAHb7WlpupJV1A2Hbi3K3U1vCyoFV0wCapcw/edit#gid=1271313224;https://docs.google.com/spreadsheets/d/1vJ-pioe3RZKSZ3LIGEA3FVTv_KEE_XKIQAXSIUNNd-Q/edit#gid=0
25,473,Mamutel,mamutel,Mamoswine,mamoswine,RUBL,6,17,8,"S1, S2, S3, S5, S6, S8, S9, S10",1,S5,12,7,picked,https://raw.githubusercontent.com/PokeAPI/pokeapi/master/data/v2/csv/pokemon_species_names.csv;https://raw.githubusercontent.com/PokeAPI/pokeapi/master/data/v2/csv/languages.csv;https://raw.githubusercontent.com/PokeAPI/pokeapi/master/data/v2/csv/pokemon.csv;https://raw.githubusercontent.com/PokeAPI/pokeapi/master/data/v2/csv/pokemon_forms.csv;https://raw.githubusercontent.com/PokeAPI/pokeapi/master/data/v2/csv/pokemon_form_names.csv;https://docs.google.com/spreadsheets/d/1kiwDk4NgYoKb0Oo9yqzwl9HXHxuQ_0I5gkb1JtE57PI/edit#gid=0;https://docs.google.com/spreadsheets/d/1FUsClf5qEny-BHY5Djp8rIwRJKBSJDvygJ8LBa62FEo/edit#gid=0;https://docs.google.com/spreadsheets/d/1odsNRAZStW1GzmpXwmg27dqjOlch7w8syZOZ5Z2OQRg/edit#gid=0;https://docs.google.com/spreadsheets/d/1JZpA-5XDldN2bjfvhvBPHYK-1AENETLnF1UxNEpWlNA/edit#gid=352888197;data/manual/team_pokemon_usage.csv;output/team-graphics/s5/Shockwaving Magearnas.png;https://docs.google.com/spreadsheets/d/11wxsKyCydVmDjp4kGLJAOLPM_LgwCLN2GYpbDQkNtkk/edit#gid=1588964432;https://docs.google.com/spreadsheets/d/1B2uTMvWlAHb7WlpupJV1A2Hbi3K3U1vCyoFV0wCapcw/edit#gid=26363830;https://docs.google.com/spreadsheets/d/1uo7-E_E2jbehB2hbBurpPayP_0fKY5sPZcFgZmfLydY/edit#gid=1526488506;https://docs.google.com/spreadsheets/d/1uo7-E_E2jbehB2hbBurpPayP_0fKY5sPZcFgZmfLydY/edit#gid=520178140;https://docs.google.com/spreadsheets/d/1uo7-E_E2jbehB2hbBurpPayP_0fKY5sPZcFgZmfLydY/edit#gid=1696255979;https://docs.google.com/spreadsheets/d/13smsrG2BGYxr_omJWcgr-sUDr39bvOJPNL5RPt4DSow/edit#gid=1934543062;output/team-graphics/s3/GPL Teams Spieltag 14 (2).jpg;data/manual/pokemon_killlists.csv;https://docs.google.com/spreadsheets/d/1B2uTMvWlAHb7WlpupJV1A2Hbi3K3U1vCyoFV0wCapcw/edit#gid=1521895812;https://docs.google.com/spreadsheets/d/1vJ-pioe3RZKSZ3LIGEA3FVTv_KEE_XKIQAXSIUNNd-Q/edit#gid=0
26,620,Wie-Shu,wieshu,Mienshao,mienshao,RUBL,6,17,6,"S1, S2, S6, S8, S9, S10",0,,9,9,picked,https://raw.githubusercontent.com/PokeAPI/pokeapi/master/data/v2/csv/pokemon_species_names.csv;https://raw.githubusercontent.com/PokeAPI/pokeapi/master/data/v2/csv/languages.csv;https://raw.githubusercontent.com/PokeAPI/pokeapi/master/data/v2/csv/pokemon.csv;https://raw.githubusercontent.com/PokeAPI/pokeapi/master/data/v2/csv/pokemon_forms.csv;https://raw.githubusercontent.com/PokeAPI/pokeapi/master/data/v2/csv/pokemon_form_names.csv;https://docs.google.com/spreadsheets/d/1kiwDk4NgYoKb0Oo9yqzwl9HXHxuQ_0I5gkb1JtE57PI/edit#gid=0;https://docs.google.com/spreadsheets/d/1FUsClf5qEny-BHY5Djp8rIwRJKBSJDvygJ8LBa62FEo/edit#gid=0;https://docs.google.com/spreadsheets/d/11wxsKyCydVmDjp4kGLJAOLPM_LgwCLN2GYpbDQkNtkk/edit#gid=1843013406;https://docs.google.com/spreadsheets/d/1B2uTMvWlAHb7WlpupJV1A2Hbi3K3U1vCyoFV0wCapcw/edit#gid=26363830;https://docs.google.com/spreadsheets/d/1B2uTMvWlAHb7WlpupJV1A2Hbi3K3U1vCyoFV0wCapcw/edit#gid=1846395979;https://docs.google.com/spreadsheets/d/1uo7-E_E2jbehB2hbBurpPayP_0fKY5sPZcFgZmfLydY/edit#gid=1526488506;https://docs.google.com/spreadsheets/d/1uo7-E_E2jbehB2hbBurpPayP_0fKY5sPZcFgZmfLydY/edit#gid=520178140;https://docs.google.com/spreadsheets/d/1uo7-E_E2jbehB2hbBurpPayP_0fKY5sPZcFgZmfLydY/edit#gid=1696255979;https://docs.google.com/spreadsheets/d/13smsrG2BGYxr_omJWcgr-sUDr39bvOJPNL5RPt4DSow/edit#gid=71150222;https://docs.google.com/spreadsheets/d/13smsrG2BGYxr_omJWcgr-sUDr39bvOJPNL5RPt4DSow/edit#gid=1934543062;https://docs.google.com/spreadsheets/d/1B2uTMvWlAHb7WlpupJV1A2Hbi3K3U1vCyoFV0wCapcw/edit#gid=1521895812;https://docs.google.com/spreadsheets/d/1B2uTMvWlAHb7WlpupJV1A2Hbi3K3U1vCyoFV0wCapcw/edit#gid=1271313224;https://docs.google.com/spreadsheets/d/1JZpA-5XDldN2bjfvhvBPHYK-1AENETLnF1UxNEpWlNA/edit#gid=352888197;https://docs.google.com/spreadsheets/d/1n9SmK-ccTCn8Jjhs4U2LKnibXY8PvuBtV3V9MCOURRA/edit#gid=0;https://docs.google.com/spreadsheets/d/1vJ-pioe3RZKSZ3LIGEA3FVTv_KEE_XKIQAXSIUNNd-Q/edit#gid=0
27,700,Feelinara,feelinara,Sylveon,sylveon,RU,7,17,9,"S2, S3, S4, S5, S6, S7, S8, S9, S10",0,,12,12,picked,https://raw.githubusercontent.com/PokeAPI/pokeapi/master/data/v2/csv/pokemon_species_names.csv;https://raw.githubusercontent.com/PokeAPI/pokeapi/master/data/v2/csv/languages.csv;https://raw.githubusercontent.com/PokeAPI/pokeapi/master/data/v2/csv/pokemon.csv;https://raw.githubusercontent.com/PokeAPI/pokeapi/master/data/v2/csv/pokemon_forms.csv;https://raw.githubusercontent.com/PokeAPI/pokeapi/master/data/v2/csv/pokemon_form_names.csv;https://docs.google.com/spreadsheets/d/1FUsClf5qEny-BHY5Djp8rIwRJKBSJDvygJ8LBa62FEo/edit#gid=0;https://docs.google.com/spreadsheets/d/1JZpA-5XDldN2bjfvhvBPHYK-1AENETLnF1UxNEpWlNA/edit#gid=352888197;data/manual/team_pokemon_usage.csv;output/team-graphics/s3/GPL Teams Spieltag 14 (2).jpg;output/team-graphics/s4/Slicing Knights - Cabgolord.png;output/team-graphics/s5/Cabgosport.png;https://docs.google.com/spreadsheets/d/11wxsKyCydVmDjp4kGLJAOLPM_LgwCLN2GYpbDQkNtkk/edit#gid=1588964432;https://docs.google.com/spreadsheets/d/11wxsKyCydVmDjp4kGLJAOLPM_LgwCLN2GYpbDQkNtkk/edit#gid=1843013406;https://docs.google.com/spreadsheets/d/1nwiq_ggEj7QePeZGMR2xoi0bEHJr_ZGO24YCRdt93No/edit#gid=857670931;https://docs.google.com/spreadsheets/d/1B2uTMvWlAHb7WlpupJV1A2Hbi3K3U1vCyoFV0wCapcw/edit#gid=1846395979;https://docs.google.com/spreadsheets/d/1uo7-E_E2jbehB2hbBurpPayP_0fKY5sPZcFgZmfLydY/edit#gid=1526488506;https://docs.google.com/spreadsheets/d/1uo7-E_E2jbehB2hbBurpPayP_0fKY5sPZcFgZmfLydY/edit#gid=520178140;https://docs.google.com/spreadsheets/d/1uo7-E_E2jbehB2hbBurpPayP_0fKY5sPZcFgZmfLydY/edit#gid=1696255979;https://docs.google.com/spreadsheets/d/13smsrG2BGYxr_omJWcgr-sUDr39bvOJPNL5RPt4DSow/edit#gid=71150222;https://docs.google.com/spreadsheets/d/13smsrG2BGYxr_omJWcgr-sUDr39bvOJPNL5RPt4DSow/edit#gid=1934543062;https://docs.google.com/spreadsheets/d/1B2uTMvWlAHb7WlpupJV1A2Hbi3K3U1vCyoFV0wCapcw/edit#gid=1271313224;https://docs.google.com/spreadsheets/d/13smsrG2BGYxr_omJWcgr-sUDr39bvOJPNL5RPt4DSow/edit#gid=1953790464;https://docs.google.com/spreadsheets/d/1vJ-pioe3RZKSZ3LIGEA3FVTv_KEE_XKIQAXSIUNNd-Q/edit#gid=0
28,448,Lucario,lucario,Lucario,lucario,RU,7,17,9,"S1, S2, S3, S4, S5, S6, S7, S8, S9",0,,9,10,picked,https://raw.githubusercontent.com/PokeAPI/pokeapi/master/data/v2/csv/pokemon_species_names.csv;https://raw.githubusercontent.com/PokeAPI/pokeapi/master/data/v2/csv/languages.csv;https://raw.githubusercontent.com/PokeAPI/pokeapi/master/data/v2/csv/pokemon.csv;https://raw.githubusercontent.com/PokeAPI/pokeapi/master/data/v2/csv/pokemon_forms.csv;https://raw.githubusercontent.com/PokeAPI/pokeapi/master/data/v2/csv/pokemon_form_names.csv;https://docs.google.com/spreadsheets/d/1kiwDk4NgYoKb0Oo9yqzwl9HXHxuQ_0I5gkb1JtE57PI/edit#gid=0;https://docs.google.com/spreadsheets/d/1FUsClf5qEny-BHY5Djp8rIwRJKBSJDvygJ8LBa62FEo/edit#gid=0;https://docs.google.com/spreadsheets/d/1odsNRAZStW1GzmpXwmg27dqjOlch7w8syZOZ5Z2OQRg/edit#gid=0;https://docs.google.com/spreadsheets/d/1JZpA-5XDldN2bjfvhvBPHYK-1AENETLnF1UxNEpWlNA/edit#gid=352888197;data/manual/team_pokemon_usage.csv;output/team-graphics/s4/Enteikutierung - Lauris Enteitainment.png;output/team-graphics/s5/Howling Commandos.png;https://docs.google.com/spreadsheets/d/11wxsKyCydVmDjp4kGLJAOLPM_LgwCLN2GYpbDQkNtkk/edit#gid=1588964432;https://docs.google.com/spreadsheets/d/1nwiq_ggEj7QePeZGMR2xoi0bEHJr_ZGO24YCRdt93No/edit#gid=857670931;https://docs.google.com/spreadsheets/d/1B2uTMvWlAHb7WlpupJV1A2Hbi3K3U1vCyoFV0wCapcw/edit#gid=26363830;https://docs.google.com/spreadsheets/d/1uo7-E_E2jbehB2hbBurpPayP_0fKY5sPZcFgZmfLydY/edit#gid=1526488506;https://docs.google.com/spreadsheets/d/1uo7-E_E2jbehB2hbBurpPayP_0fKY5sPZcFgZmfLydY/edit#gid=520178140;https://docs.google.com/spreadsheets/d/1uo7-E_E2jbehB2hbBurpPayP_0fKY5sPZcFgZmfLydY/edit#gid=1696255979;output/team-graphics/s3/GPL Teams Spieltag 14 (2).jpg;data/manual/pokemon_killlists.csv;https://docs.google.com/spreadsheets/d/1B2uTMvWlAHb7WlpupJV1A2Hbi3K3U1vCyoFV0wCapcw/edit#gid=1521895812;https://docs.google.com/spreadsheets/d/1n9SmK-ccTCn8Jjhs4U2LKnibXY8PvuBtV3V9MCOURRA/edit#gid=0;https://docs.google.com/spreadsheets/d/1vJ-pioe3RZKSZ3LIGEA3FVTv_KEE_XKIQAXSIUNNd-Q/edit#gid=0
29,392,Panferno,panferno,Infernape,infernape,RU,7,17,6,"S1, S2, S3, S4, S6, S10",0,,13,11,picked,https://raw.githubusercontent.com/PokeAPI/pokeapi/master/data/v2/csv/pokemon_species_names.csv;https://raw.githubusercontent.com/PokeAPI/pokeapi/master/data/v2/csv/languages.csv;https://raw.githubusercontent.com/PokeAPI/pokeapi/master/data/v2/csv/pokemon.csv;https://raw.githubusercontent.com/PokeAPI/pokeapi/master/data/v2/csv/pokemon_forms.csv;https://raw.githubusercontent.com/PokeAPI/pokeapi/master/data/v2/csv/pokemon_form_names.csv;https://docs.google.com/spreadsheets/d/1kiwDk4NgYoKb0Oo9yqzwl9HXHxuQ_0I5gkb1JtE57PI/edit#gid=0;https://docs.google.com/spreadsheets/d/1FUsClf5qEny-BHY5Djp8rIwRJKBSJDvygJ8LBa62FEo/edit#gid=0;https://docs.google.com/spreadsheets/d/1odsNRAZStW1GzmpXwmg27dqjOlch7w8syZOZ5Z2OQRg/edit#gid=0;https://docs.google.com/spreadsheets/d/1JZpA-5XDldN2bjfvhvBPHYK-1AENETLnF1UxNEpWlNA/edit#gid=352888197;data/manual/team_pokemon_usage.csv;output/team-graphics/s4/Schnittlauchs - PokeBazi.png;https://docs.google.com/spreadsheets/d/11wxsKyCydVmDjp4kGLJAOLPM_LgwCLN2GYpbDQkNtkk/edit#gid=1588964432;https://docs.google.com/spreadsheets/d/11wxsKyCydVmDjp4kGLJAOLPM_LgwCLN2GYpbDQkNtkk/edit#gid=1843013406;https://docs.google.com/spreadsheets/d/13smsrG2BGYxr_omJWcgr-sUDr39bvOJPNL5RPt4DSow/edit#gid=1934543062;output/team-graphics/s3/GPL Teams Spieltag 14 (1).jpg;data/manual/pokemon_killlists.csv;https://docs.google.com/spreadsheets/d/1n9SmK-ccTCn8Jjhs4U2LKnibXY8PvuBtV3V9MCOURRA/edit#gid=0;https://docs.google.com/spreadsheets/d/1vJ-pioe3RZKSZ3LIGEA3FVTv_KEE_XKIQAXSIUNNd-Q/edit#gid=0
30,715,UHaFnir,uhafnir,Noivern,noivern,RU,7,17,8,"S1, S2, S5, S6, S7, S8, S9, S10",3,"S8, S9, S10",11,10,picked,https://raw.githubusercontent.com/PokeAPI/pokeapi/master/data/v2/csv/pokemon_species_names.csv;https://raw.githubusercontent.com/PokeAPI/pokeapi/master/data/v2/csv/languages.csv;https://raw.githubusercontent.com/PokeAPI/pokeapi/master/data/v2/csv/pokemon.csv;https://raw.githubusercontent.com/PokeAPI/pokeapi/master/data/v2/csv/pokemon_forms.csv;https://raw.githubusercontent.com/PokeAPI/pokeapi/master/data/v2/csv/pokemon_form_names.csv;https://docs.google.com/spreadsheets/d/1odsNRAZStW1GzmpXwmg27dqjOlch7w8syZOZ5Z2OQRg/edit#gid=0;https://docs.google.com/spreadsheets/d/1JZpA-5XDldN2bjfvhvBPHYK-1AENETLnF1UxNEpWlNA/edit#gid=352888197;data/manual/team_pokemon_usage.csv;output/team-graphics/s5/Energie Tobutz.png;https://docs.google.com/spreadsheets/d/11wxsKyCydVmDjp4kGLJAOLPM_LgwCLN2GYpbDQkNtkk/edit#gid=1843013406;https://docs.google.com/spreadsheets/d/11wxsKyCydVmDjp4kGLJAOLPM_LgwCLN2GYpbDQkNtkk/edit#gid=654435343;https://docs.google.com/spreadsheets/d/1nwiq_ggEj7QePeZGMR2xoi0bEHJr_ZGO24YCRdt93No/edit#gid=857670931;https://docs.google.com/spreadsheets/d/1B2uTMvWlAHb7WlpupJV1A2Hbi3K3U1vCyoFV0wCapcw/edit#gid=26363830;https://docs.google.com/spreadsheets/d/1B2uTMvWlAHb7WlpupJV1A2Hbi3K3U1vCyoFV0wCapcw/edit#gid=1846395979;https://docs.google.com/spreadsheets/d/1uo7-E_E2jbehB2hbBurpPayP_0fKY5sPZcFgZmfLydY/edit#gid=1526488506;https://docs.google.com/spreadsheets/d/1uo7-E_E2jbehB2hbBurpPayP_0fKY5sPZcFgZmfLydY/edit#gid=520178140;https://docs.google.com/spreadsheets/d/1uo7-E_E2jbehB2hbBurpPayP_0fKY5sPZcFgZmfLydY/edit#gid=1696255979;https://docs.google.com/spreadsheets/d/13smsrG2BGYxr_omJWcgr-sUDr39bvOJPNL5RPt4DSow/edit#gid=71150222;https://docs.google.com/spreadsheets/d/13smsrG2BGYxr_omJWcgr-sUDr39bvOJPNL5RPt4DSow/edit#gid=1934543062;https://docs.google.com/spreadsheets/d/1B2uTMvWlAHb7WlpupJV1A2Hbi3K3U1vCyoFV0wCapcw/edit#gid=1521895812;https://docs.google.com/spreadsheets/d/1B2uTMvWlAHb7WlpupJV1A2Hbi3K3U1vCyoFV0wCapcw/edit#gid=1271313224;https://docs.google.com/spreadsheets/d/1n9SmK-ccTCn8Jjhs4U2LKnibXY8PvuBtV3V9MCOURRA/edit#gid=0
31,134,Aquana,aquana,Vaporeon,vaporeon,RU,7,16,7,"S2, S3, S5, S6, S7, S8, S10",0,,11,10,picked,https://raw.githubusercontent.com/PokeAPI/pokeapi/master/data/v2/csv/pokemon_species_names.csv;https://raw.githubusercontent.com/PokeAPI/pokeapi/master/data/v2/csv/languages.csv;https://raw.githubusercontent.com/PokeAPI/pokeapi/master/data/v2/csv/pokemon.csv;https://raw.githubusercontent.com/PokeAPI/pokeapi/master/data/v2/csv/pokemon_forms.csv;https://raw.githubusercontent.com/PokeAPI/pokeapi/master/data/v2/csv/pokemon_form_names.csv;https://docs.google.com/spreadsheets/d/1FUsClf5qEny-BHY5Djp8rIwRJKBSJDvygJ8LBa62FEo/edit#gid=0;https://docs.google.com/spreadsheets/d/1odsNRAZStW1GzmpXwmg27dqjOlch7w8syZOZ5Z2OQRg/edit#gid=0;https://docs.google.com/spreadsheets/d/1JZpA-5XDldN2bjfvhvBPHYK-1AENETLnF1UxNEpWlNA/edit#gid=352888197;data/manual/team_pokemon_usage.csv;output/team-graphics/s3/GPL Teams Spieltag 14 (1).jpg;output/team-graphics/s5/Prekani.png;https://docs.google.com/spreadsheets/d/11wxsKyCydVmDjp4kGLJAOLPM_LgwCLN2GYpbDQkNtkk/edit#gid=1588964432;https://docs.google.com/spreadsheets/d/1nwiq_ggEj7QePeZGMR2xoi0bEHJr_ZGO24YCRdt93No/edit#gid=857670931;https://docs.google.com/spreadsheets/d/1B2uTMvWlAHb7WlpupJV1A2Hbi3K3U1vCyoFV0wCapcw/edit#gid=1846395979;https://docs.google.com/spreadsheets/d/13smsrG2BGYxr_omJWcgr-sUDr39bvOJPNL5RPt4DSow/edit#gid=1934543062;https://docs.google.com/spreadsheets/d/1B2uTMvWlAHb7WlpupJV1A2Hbi3K3U1vCyoFV0wCapcw/edit#gid=1271313224;https://docs.google.com/spreadsheets/d/1vJ-pioe3RZKSZ3LIGEA3FVTv_KEE_XKIQAXSIUNNd-Q/edit#gid=0
32,437,Bronzong,bronzong,Bronzong,bronzong,RU,7,16,8,"S1, S3, S5, S6, S7, S8, S9, S10",2,"S8, S9",9,10,picked,https://raw.githubusercontent.com/PokeAPI/pokeapi/master/data/v2/csv/pokemon_species_names.csv;https://raw.githubusercontent.com/PokeAPI/pokeapi/master/data/v2/csv/languages.csv;https://raw.githubusercontent.com/PokeAPI/pokeapi/master/data/v2/csv/pokemon.csv;https://raw.githubusercontent.com/PokeAPI/pokeapi/master/data/v2/csv/pokemon_forms.csv;https://raw.githubusercontent.com/PokeAPI/pokeapi/master/data/v2/csv/pokemon_form_names.csv;https://docs.google.com/spreadsheets/d/1JZpA-5XDldN2bjfvhvBPHYK-1AENETLnF1UxNEpWlNA/edit#gid=352888197;data/manual/team_pokemon_usage.csv;output/team-graphics/s3/GPL Teams Spieltag 14 (1).jpg;output/team-graphics/s5/Howling Commandos.png;https://docs.google.com/spreadsheets/d/11wxsKyCydVmDjp4kGLJAOLPM_LgwCLN2GYpbDQkNtkk/edit#gid=1588964432;https://docs.google.com/spreadsheets/d/11wxsKyCydVmDjp4kGLJAOLPM_LgwCLN2GYpbDQkNtkk/edit#gid=1843013406;https://docs.google.com/spreadsheets/d/1nwiq_ggEj7QePeZGMR2xoi0bEHJr_ZGO24YCRdt93No/edit#gid=857670931;https://docs.google.com/spreadsheets/d/1B2uTMvWlAHb7WlpupJV1A2Hbi3K3U1vCyoFV0wCapcw/edit#gid=26363830;https://docs.google.com/spreadsheets/d/1B2uTMvWlAHb7WlpupJV1A2Hbi3K3U1vCyoFV0wCapcw/edit#gid=1846395979;https://docs.google.com/spreadsheets/d/1uo7-E_E2jbehB2hbBurpPayP_0fKY5sPZcFgZmfLydY/edit#gid=1526488506;https://docs.google.com/spreadsheets/d/1uo7-E_E2jbehB2hbBurpPayP_0fKY5sPZcFgZmfLydY/edit#gid=520178140;https://docs.google.com/spreadsheets/d/1uo7-E_E2jbehB2hbBurpPayP_0fKY5sPZcFgZmfLydY/edit#gid=1696255979;https://docs.google.com/spreadsheets/d/13smsrG2BGYxr_omJWcgr-sUDr39bvOJPNL5RPt4DSow/edit#gid=71150222;https://docs.google.com/spreadsheets/d/13smsrG2BGYxr_omJWcgr-sUDr39bvOJPNL5RPt4DSow/edit#gid=1934543062;https://docs.google.com/spreadsheets/d/1B2uTMvWlAHb7WlpupJV1A2Hbi3K3U1vCyoFV0wCapcw/edit#gid=1521895812;https://docs.google.com/spreadsheets/d/1B2uTMvWlAHb7WlpupJV1A2Hbi3K3U1vCyoFV0wCapcw/edit#gid=1271313224;https://docs.google.com/spreadsheets/d/1n9SmK-ccTCn8Jjhs4U2LKnibXY8PvuBtV3V9MCOURRA/edit#gid=0
33,282,Guardevoir,guardevoir,Gardevoir,gardevoir,RU,7,16,7,"S1, S2, S3, S7, S8, S9, S10",0,,11,7,picked,https://raw.githubusercontent.com/PokeAPI/pokeapi/master/data/v2/csv/pokemon_species_names.csv;https://raw.githubusercontent.com/PokeAPI/pokeapi/master/data/v2/csv/languages.csv;https://raw.githubusercontent.com/PokeAPI/pokeapi/master/data/v2/csv/pokemon.csv;https://raw.githubusercontent.com/PokeAPI/pokeapi/master/data/v2/csv/pokemon_forms.csv;https://raw.githubusercontent.com/PokeAPI/pokeapi/master/data/v2/csv/pokemon_form_names.csv;https://docs.google.com/spreadsheets/d/1kiwDk4NgYoKb0Oo9yqzwl9HXHxuQ_0I5gkb1JtE57PI/edit#gid=0;https://docs.google.com/spreadsheets/d/1odsNRAZStW1GzmpXwmg27dqjOlch7w8syZOZ5Z2OQRg/edit#gid=0;https://docs.google.com/spreadsheets/d/1JZpA-5XDldN2bjfvhvBPHYK-1AENETLnF1UxNEpWlNA/edit#gid=352888197;data/manual/team_pokemon_usage.csv;output/team-graphics/s3/GPL Teams Spieltag 14 (2).jpg;https://docs.google.com/spreadsheets/d/1nwiq_ggEj7QePeZGMR2xoi0bEHJr_ZGO24YCRdt93No/edit#gid=857670931;https://docs.google.com/spreadsheets/d/1B2uTMvWlAHb7WlpupJV1A2Hbi3K3U1vCyoFV0wCapcw/edit#gid=26363830;https://docs.google.com/spreadsheets/d/1B2uTMvWlAHb7WlpupJV1A2Hbi3K3U1vCyoFV0wCapcw/edit#gid=1846395979;https://docs.google.com/spreadsheets/d/1uo7-E_E2jbehB2hbBurpPayP_0fKY5sPZcFgZmfLydY/edit#gid=1526488506;https://docs.google.com/spreadsheets/d/1uo7-E_E2jbehB2hbBurpPayP_0fKY5sPZcFgZmfLydY/edit#gid=520178140;https://docs.google.com/spreadsheets/d/1uo7-E_E2jbehB2hbBurpPayP_0fKY5sPZcFgZmfLydY/edit#gid=1696255979;https://docs.google.com/spreadsheets/d/13smsrG2BGYxr_omJWcgr-sUDr39bvOJPNL5RPt4DSow/edit#gid=71150222;https://docs.google.com/spreadsheets/d/13smsrG2BGYxr_omJWcgr-sUDr39bvOJPNL5RPt4DSow/edit#gid=1934543062;https://docs.google.com/spreadsheets/d/1B2uTMvWlAHb7WlpupJV1A2Hbi3K3U1vCyoFV0wCapcw/edit#gid=1521895812;https://docs.google.com/spreadsheets/d/1B2uTMvWlAHb7WlpupJV1A2Hbi3K3U1vCyoFV0wCapcw/edit#gid=1271313224;https://docs.google.com/spreadsheets/d/1n9SmK-ccTCn8Jjhs4U2LKnibXY8PvuBtV3V9MCOURRA/edit#gid=0
34,638,Kobalium,kobalium,Cobalion,cobalion,RU,7,16,9,"S1, S2, S3, S4, S5, S6, S7, S8, S10",1,S2,12,9,picked,https://raw.githubusercontent.com/PokeAPI/pokeapi/master/data/v2/csv/pokemon_species_names.csv;https://raw.githubusercontent.com/PokeAPI/pokeapi/master/data/v2/csv/languages.csv;https://raw.githubusercontent.com/PokeAPI/pokeapi/master/data/v2/csv/pokemon.csv;https://raw.githubusercontent.com/PokeAPI/pokeapi/master/data/v2/csv/pokemon_forms.csv;https://raw.githubusercontent.com/PokeAPI/pokeapi/master/data/v2/csv/pokemon_form_names.csv;https://docs.google.com/spreadsheets/d/1FUsClf5qEny-BHY5Djp8rIwRJKBSJDvygJ8LBa62FEo/edit#gid=0;https://docs.google.com/spreadsheets/d/1odsNRAZStW1GzmpXwmg27dqjOlch7w8syZOZ5Z2OQRg/edit#gid=0;https://docs.google.com/spreadsheets/d/1JZpA-5XDldN2bjfvhvBPHYK-1AENETLnF1UxNEpWlNA/edit#gid=352888197;data/manual/team_pokemon_usage.csv;output/team-graphics/s4/Variant Vulpix - CrowdController.png;output/team-graphics/s5/SoulStealer.png;https://docs.google.com/spreadsheets/d/11wxsKyCydVmDjp4kGLJAOLPM_LgwCLN2GYpbDQkNtkk/edit#gid=1588964432;https://docs.google.com/spreadsheets/d/11wxsKyCydVmDjp4kGLJAOLPM_LgwCLN2GYpbDQkNtkk/edit#gid=1843013406;https://docs.google.com/spreadsheets/d/1nwiq_ggEj7QePeZGMR2xoi0bEHJr_ZGO24YCRdt93No/edit#gid=857670931;https://docs.google.com/spreadsheets/d/1B2uTMvWlAHb7WlpupJV1A2Hbi3K3U1vCyoFV0wCapcw/edit#gid=26363830;https://docs.google.com/spreadsheets/d/13smsrG2BGYxr_omJWcgr-sUDr39bvOJPNL5RPt4DSow/edit#gid=71150222;https://docs.google.com/spreadsheets/d/13smsrG2BGYxr_omJWcgr-sUDr39bvOJPNL5RPt4DSow/edit#gid=1934543062;output/team-graphics/s3/GPL Teams Spieltag 14 (2).jpg;data/manual/pokemon_killlists.csv;https://docs.google.com/spreadsheets/d/1B2uTMvWlAHb7WlpupJV1A2Hbi3K3U1vCyoFV0wCapcw/edit#gid=1521895812;https://docs.google.com/spreadsheets/d/1vJ-pioe3RZKSZ3LIGEA3FVTv_KEE_XKIQAXSIUNNd-Q/edit#gid=0
35,407,Roserade,roserade,Roserade,roserade,RU,7,16,7,"S1, S2, S3, S6, S7, S8, S9",1,S8,10,9,picked,https://raw.githubusercontent.com/PokeAPI/pokeapi/master/data/v2/csv/pokemon_species_names.csv;https://raw.githubusercontent.com/PokeAPI/pokeapi/master/data/v2/csv/languages.csv;https://raw.githubusercontent.com/PokeAPI/pokeapi/master/data/v2/csv/pokemon.csv;https://raw.githubusercontent.com/PokeAPI/pokeapi/master/data/v2/csv/pokemon_forms.csv;https://raw.githubusercontent.com/PokeAPI/pokeapi/master/data/v2/csv/pokemon_form_names.csv;https://docs.google.com/spreadsheets/d/1kiwDk4NgYoKb0Oo9yqzwl9HXHxuQ_0I5gkb1JtE57PI/edit#gid=0;https://docs.google.com/spreadsheets/d/1odsNRAZStW1GzmpXwmg27dqjOlch7w8syZOZ5Z2OQRg/edit#gid=0;https://docs.google.com/spreadsheets/d/11wxsKyCydVmDjp4kGLJAOLPM_LgwCLN2GYpbDQkNtkk/edit#gid=654435343;https://docs.google.com/spreadsheets/d/1nwiq_ggEj7QePeZGMR2xoi0bEHJr_ZGO24YCRdt93No/edit#gid=857670931;https://docs.google.com/spreadsheets/d/1B2uTMvWlAHb7WlpupJV1A2Hbi3K3U1vCyoFV0wCapcw/edit#gid=26363830;https://docs.google.com/spreadsheets/d/1B2uTMvWlAHb7WlpupJV1A2Hbi3K3U1vCyoFV0wCapcw/edit#gid=1846395979;https://docs.google.com/spreadsheets/d/1uo7-E_E2jbehB2hbBurpPayP_0fKY5sPZcFgZmfLydY/edit#gid=1526488506;https://docs.google.com/spreadsheets/d/1uo7-E_E2jbehB2hbBurpPayP_0fKY5sPZcFgZmfLydY/edit#gid=520178140;https://docs.google.com/spreadsheets/d/1uo7-E_E2jbehB2hbBurpPayP_0fKY5sPZcFgZmfLydY/edit#gid=1696255979;https://docs.google.com/spreadsheets/d/1JZpA-5XDldN2bjfvhvBPHYK-1AENETLnF1UxNEpWlNA/edit#gid=352888197;data/manual/pokemon_killlists.csv;https://docs.google.com/spreadsheets/d/1B2uTMvWlAHb7WlpupJV1A2Hbi3K3U1vCyoFV0wCapcw/edit#gid=1521895812;https://docs.google.com/spreadsheets/d/1B2uTMvWlAHb7WlpupJV1A2Hbi3K3U1vCyoFV0wCapcw/edit#gid=1271313224;https://docs.google.com/spreadsheets/d/1n9SmK-ccTCn8Jjhs4U2LKnibXY8PvuBtV3V9MCOURRA/edit#gid=0;https://docs.google.com/spreadsheets/d/1vJ-pioe3RZKSZ3LIGEA3FVTv_KEE_XKIQAXSIUNNd-Q/edit#gid=0
36,110,Smogmog,smogmog,Weezing,weezing,RU,7,16,9,"S1, S2, S3, S4, S5, S6, S7, S8, S9",0,,12,9,picked,https://raw.githubusercontent.com/PokeAPI/pokeapi/master/data/v2/csv/pokemon_species_names.csv;https://raw.githubusercontent.com/PokeAPI/pokeapi/master/data/v2/csv/languages.csv;https://raw.githubusercontent.com/PokeAPI/pokeapi/master/data/v2/csv/pokemon.csv;https://raw.githubusercontent.com/PokeAPI/pokeapi/master/data/v2/csv/pokemon_forms.csv;https://raw.githubusercontent.com/PokeAPI/pokeapi/master/data/v2/csv/pokemon_form_names.csv;https://docs.google.com/spreadsheets/d/1odsNRAZStW1GzmpXwmg27dqjOlch7w8syZOZ5Z2OQRg/edit#gid=0;https://docs.google.com/spreadsheets/d/1JZpA-5XDldN2bjfvhvBPHYK-1AENETLnF1UxNEpWlNA/edit#gid=352888197;data/manual/team_pokemon_usage.csv;output/team-graphics/s3/GPL Teams Spieltag 14 (2).jpg;https://docs.google.com/spreadsheets/d/11wxsKyCydVmDjp4kGLJAOLPM_LgwCLN2GYpbDQkNtkk/edit#gid=1843013406;https://docs.google.com/spreadsheets/d/1nwiq_ggEj7QePeZGMR2xoi0bEHJr_ZGO24YCRdt93No/edit#gid=857670931;https://docs.google.com/spreadsheets/d/1B2uTMvWlAHb7WlpupJV1A2Hbi3K3U1vCyoFV0wCapcw/edit#gid=26363830;https://docs.google.com/spreadsheets/d/1uo7-E_E2jbehB2hbBurpPayP_0fKY5sPZcFgZmfLydY/edit#gid=1526488506;https://docs.google.com/spreadsheets/d/1uo7-E_E2jbehB2hbBurpPayP_0fKY5sPZcFgZmfLydY/edit#gid=520178140;https://docs.google.com/spreadsheets/d/1uo7-E_E2jbehB2hbBurpPayP_0fKY5sPZcFgZmfLydY/edit#gid=1696255979;data/manual/pokemon_killlists.csv;https://docs.google.com/spreadsheets/d/1B2uTMvWlAHb7WlpupJV1A2Hbi3K3U1vCyoFV0wCapcw/edit#gid=1521895812;https://docs.google.com/spreadsheets/d/1n9SmK-ccTCn8Jjhs4U2LKnibXY8PvuBtV3V9MCOURRA/edit#gid=0
37,706,Viscogon,viscogon,Goodra,goodra,RU,7,16,6,"S1, S2, S3, S6, S8, S9",0,,12,7,picked,https://raw.githubusercontent.com/PokeAPI/pokeapi/master/data/v2/csv/pokemon_species_names.csv;https://raw.githubusercontent.com/PokeAPI/pokeapi/master/data/v2/csv/languages.csv;https://raw.githubusercontent.com/PokeAPI/pokeapi/master/data/v2/csv/pokemon.csv;https://raw.githubusercontent.com/PokeAPI/pokeapi/master/data/v2/csv/pokemon_forms.csv;https://raw.githubusercontent.com/PokeAPI/pokeapi/master/data/v2/csv/pokemon_form_names.csv;https://docs.google.com/spreadsheets/d/1FUsClf5qEny-BHY5Djp8rIwRJKBSJDvygJ8LBa62FEo/edit#gid=0;https://docs.google.com/spreadsheets/d/1odsNRAZStW1GzmpXwmg27dqjOlch7w8syZOZ5Z2OQRg/edit#gid=0;https://docs.google.com/spreadsheets/d/1JZpA-5XDldN2bjfvhvBPHYK-1AENETLnF1UxNEpWlNA/edit#gid=352888197;data/manual/team_pokemon_usage.csv;output/team-graphics/s3/GPL Teams Spieltag 14 (2).jpg;https://docs.google.com/spreadsheets/d/11wxsKyCydVmDjp4kGLJAOLPM_LgwCLN2GYpbDQkNtkk/edit#gid=1843013406;https://docs.google.com/spreadsheets/d/1B2uTMvWlAHb7WlpupJV1A2Hbi3K3U1vCyoFV0wCapcw/edit#gid=26363830;https://docs.google.com/spreadsheets/d/1B2uTMvWlAHb7WlpupJV1A2Hbi3K3U1vCyoFV0wCapcw/edit#gid=1846395979;https://docs.google.com/spreadsheets/d/1uo7-E_E2jbehB2hbBurpPayP_0fKY5sPZcFgZmfLydY/edit#gid=1526488506;https://docs.google.com/spreadsheets/d/1uo7-E_E2jbehB2hbBurpPayP_0fKY5sPZcFgZmfLydY/edit#gid=520178140;https://docs.google.com/spreadsheets/d/1uo7-E_E2jbehB2hbBurpPayP_0fKY5sPZcFgZmfLydY/edit#gid=1696255979;https://docs.google.com/spreadsheets/d/1B2uTMvWlAHb7WlpupJV1A2Hbi3K3U1vCyoFV0wCapcw/edit#gid=1521895812;https://docs.google.com/spreadsheets/d/1B2uTMvWlAHb7WlpupJV1A2Hbi3K3U1vCyoFV0wCapcw/edit#gid=1271313224;https://docs.google.com/spreadsheets/d/1n9SmK-ccTCn8Jjhs4U2LKnibXY8PvuBtV3V9MCOURRA/edit#gid=0;https://docs.google.com/spreadsheets/d/1vJ-pioe3RZKSZ3LIGEA3FVTv_KEE_XKIQAXSIUNNd-Q/edit#gid=0
38,445,Knakrack,knakrack,Garchomp,garchomp,OU,3,15,7,"S3, S4, S5, S6, S8, S9, S10",0,,9,9,picked,https://raw.githubusercontent.com/PokeAPI/pokeapi/master/data/v2/csv/pokemon_species_names.csv;https://raw.githubusercontent.com/PokeAPI/pokeapi/master/data/v2/csv/languages.csv;https://raw.githubusercontent.com/PokeAPI/pokeapi/master/data/v2/csv/pokemon.csv;https://raw.githubusercontent.com/PokeAPI/pokeapi/master/data/v2/csv/pokemon_forms.csv;https://raw.githubusercontent.com/PokeAPI/pokeapi/master/data/v2/csv/pokemon_form_names.csv;https://docs.google.com/spreadsheets/d/1JZpA-5XDldN2bjfvhvBPHYK-1AENETLnF1UxNEpWlNA/edit#gid=352888197;data/manual/team_pokemon_usage.csv;output/team-graphics/s4/Minetube - Triyolotree.png;https://docs.google.com/spreadsheets/d/11wxsKyCydVmDjp4kGLJAOLPM_LgwCLN2GYpbDQkNtkk/edit#gid=1588964432;https://docs.google.com/spreadsheets/d/11wxsKyCydVmDjp4kGLJAOLPM_LgwCLN2GYpbDQkNtkk/edit#gid=654435343;https://docs.google.com/spreadsheets/d/1B2uTMvWlAHb7WlpupJV1A2Hbi3K3U1vCyoFV0wCapcw/edit#gid=26363830;https://docs.google.com/spreadsheets/d/1B2uTMvWlAHb7WlpupJV1A2Hbi3K3U1vCyoFV0wCapcw/edit#gid=1846395979;https://docs.google.com/spreadsheets/d/1uo7-E_E2jbehB2hbBurpPayP_0fKY5sPZcFgZmfLydY/edit#gid=1526488506;https://docs.google.com/spreadsheets/d/1uo7-E_E2jbehB2hbBurpPayP_0fKY5sPZcFgZmfLydY/edit#gid=520178140;https://docs.google.com/spreadsheets/d/1uo7-E_E2jbehB2hbBurpPayP_0fKY5sPZcFgZmfLydY/edit#gid=1696255979;https://docs.google.com/spreadsheets/d/13smsrG2BGYxr_omJWcgr-sUDr39bvOJPNL5RPt4DSow/edit#gid=71150222;https://docs.google.com/spreadsheets/d/13smsrG2BGYxr_omJWcgr-sUDr39bvOJPNL5RPt4DSow/edit#gid=1934543062;output/team-graphics/s3/GPL Teams Spieltag 14 (2).jpg;data/manual/pokemon_killlists.csv;https://docs.google.com/spreadsheets/d/1B2uTMvWlAHb7WlpupJV1A2Hbi3K3U1vCyoFV0wCapcw/edit#gid=1521895812;https://docs.google.com/spreadsheets/d/1B2uTMvWlAHb7WlpupJV1A2Hbi3K3U1vCyoFV0wCapcw/edit#gid=1271313224;https://docs.google.com/spreadsheets/d/13smsrG2BGYxr_omJWcgr-sUDr39bvOJPNL5RPt4DSow/edit#gid=1953790464
39,145,Zapdos,zapdos,Zapdos,zapdos,OU,3,15,7,"S2, S3, S4, S6, S8, S9, S10",0,,9,8,picked,https://raw.githubusercontent.com/PokeAPI/pokeapi/master/data/v2/csv/pokemon_species_names.csv;https://raw.githubusercontent.com/PokeAPI/pokeapi/master/data/v2/csv/languages.csv;https://raw.githubusercontent.com/PokeAPI/pokeapi/master/data/v2/csv/pokemon.csv;https://raw.githubusercontent.com/PokeAPI/pokeapi/master/data/v2/csv/pokemon_forms.csv;https://raw.githubusercontent.com/PokeAPI/pokeapi/master/data/v2/csv/pokemon_form_names.csv;https://docs.google.com/spreadsheets/d/1FUsClf5qEny-BHY5Djp8rIwRJKBSJDvygJ8LBa62FEo/edit#gid=0;https://docs.google.com/spreadsheets/d/1JZpA-5XDldN2bjfvhvBPHYK-1AENETLnF1UxNEpWlNA/edit#gid=352888197;data/manual/team_pokemon_usage.csv;output/team-graphics/s3/GPL Teams Spieltag 14 (2).jpg;output/team-graphics/s4/Schnittlauchs - PokeBazi.png;https://docs.google.com/spreadsheets/d/11wxsKyCydVmDjp4kGLJAOLPM_LgwCLN2GYpbDQkNtkk/edit#gid=1843013406;https://docs.google.com/spreadsheets/d/1B2uTMvWlAHb7WlpupJV1A2Hbi3K3U1vCyoFV0wCapcw/edit#gid=26363830;https://docs.google.com/spreadsheets/d/1uo7-E_E2jbehB2hbBurpPayP_0fKY5sPZcFgZmfLydY/edit#gid=1526488506;https://docs.google.com/spreadsheets/d/1uo7-E_E2jbehB2hbBurpPayP_0fKY5sPZcFgZmfLydY/edit#gid=520178140;https://docs.google.com/spreadsheets/d/1uo7-E_E2jbehB2hbBurpPayP_0fKY5sPZcFgZmfLydY/edit#gid=1696255979;https://docs.google.com/spreadsheets/d/13smsrG2BGYxr_omJWcgr-sUDr39bvOJPNL5RPt4DSow/edit#gid=71150222;https://docs.google.com/spreadsheets/d/13smsrG2BGYxr_omJWcgr-sUDr39bvOJPNL5RPt4DSow/edit#gid=1934543062;https://docs.google.com/spreadsheets/d/1B2uTMvWlAHb7WlpupJV1A2Hbi3K3U1vCyoFV0wCapcw/edit#gid=1521895812;https://docs.google.com/spreadsheets/d/1vJ-pioe3RZKSZ3LIGEA3FVTv_KEE_XKIQAXSIUNNd-Q/edit#gid=0
40,381,Latios,latios,Latios,latios,UUBL,4,15,6,"S2, S3, S4, S6, S9, S10",2,"S2, S3",11,7,picked,https://raw.githubusercontent.com/PokeAPI/pokeapi/master/data/v2/csv/pokemon_species_names.csv;https://raw.githubusercontent.com/PokeAPI/pokeapi/master/data/v2/csv/languages.csv;https://raw.githubusercontent.com/PokeAPI/pokeapi/master/data/v2/csv/pokemon.csv;https://raw.githubusercontent.com/PokeAPI/pokeapi/master/data/v2/csv/pokemon_forms.csv;https://raw.githubusercontent.com/PokeAPI/pokeapi/master/data/v2/csv/pokemon_form_names.csv;https://docs.google.com/spreadsheets/d/1FUsClf5qEny-BHY5Djp8rIwRJKBSJDvygJ8LBa62FEo/edit#gid=0;https://docs.google.com/spreadsheets/d/1odsNRAZStW1GzmpXwmg27dqjOlch7w8syZOZ5Z2OQRg/edit#gid=0;https://docs.google.com/spreadsheets/d/1JZpA-5XDldN2bjfvhvBPHYK-1AENETLnF1UxNEpWlNA/edit#gid=352888197;data/manual/team_pokemon_usage.csv;output/team-graphics/s3/GPL Teams Spieltag 14 (1).jpg;output/team-graphics/s4/Variant Vulpix - CrowdController.png;https://docs.google.com/spreadsheets/d/11wxsKyCydVmDjp4kGLJAOLPM_LgwCLN2GYpbDQkNtkk/edit#gid=654435343;https://docs.google.com/spreadsheets/d/1uo7-E_E2jbehB2hbBurpPayP_0fKY5sPZcFgZmfLydY/edit#gid=1526488506;https://docs.google.com/spreadsheets/d/1uo7-E_E2jbehB2hbBurpPayP_0fKY5sPZcFgZmfLydY/edit#gid=520178140;https://docs.google.com/spreadsheets/d/1uo7-E_E2jbehB2hbBurpPayP_0fKY5sPZcFgZmfLydY/edit#gid=1696255979;https://docs.google.com/spreadsheets/d/13smsrG2BGYxr_omJWcgr-sUDr39bvOJPNL5RPt4DSow/edit#gid=71150222;https://docs.google.com/spreadsheets/d/13smsrG2BGYxr_omJWcgr-sUDr39bvOJPNL5RPt4DSow/edit#gid=1934543062;https://docs.google.com/spreadsheets/d/1vJ-pioe3RZKSZ3LIGEA3FVTv_KEE_XKIQAXSIUNNd-Q/edit#gid=0
41,73,Tentoxa,tentoxa,Tentacruel,tentacruel,RU,7,15,6,"S1, S2, S4, S5, S8, S10",0,,10,9,picked,https://raw.githubusercontent.com/PokeAPI/pokeapi/master/data/v2/csv/pokemon_species_names.csv;https://raw.githubusercontent.com/PokeAPI/pokeapi/master/data/v2/csv/languages.csv;https://raw.githubusercontent.com/PokeAPI/pokeapi/master/data/v2/csv/pokemon.csv;https://raw.githubusercontent.com/PokeAPI/pokeapi/master/data/v2/csv/pokemon_forms.csv;https://raw.githubusercontent.com/PokeAPI/pokeapi/master/data/v2/csv/pokemon_form_names.csv;https://docs.google.com/spreadsheets/d/1kiwDk4NgYoKb0Oo9yqzwl9HXHxuQ_0I5gkb1JtE57PI/edit#gid=0;https://docs.google.com/spreadsheets/d/1FUsClf5qEny-BHY5Djp8rIwRJKBSJDvygJ8LBa62FEo/edit#gid=0;https://docs.google.com/spreadsheets/d/1odsNRAZStW1GzmpXwmg27dqjOlch7w8syZOZ5Z2OQRg/edit#gid=0;https://docs.google.com/spreadsheets/d/1JZpA-5XDldN2bjfvhvBPHYK-1AENETLnF1UxNEpWlNA/edit#gid=352888197;data/manual/team_pokemon_usage.csv;output/team-graphics/s4/Flexing Masskito - RegiBang.png;output/team-graphics/s5/Aggron Berlin.png;https://docs.google.com/spreadsheets/d/1B2uTMvWlAHb7WlpupJV1A2Hbi3K3U1vCyoFV0wCapcw/edit#gid=26363830;https://docs.google.com/spreadsheets/d/1B2uTMvWlAHb7WlpupJV1A2Hbi3K3U1vCyoFV0wCapcw/edit#gid=1846395979;https://docs.google.com/spreadsheets/d/13smsrG2BGYxr_omJWcgr-sUDr39bvOJPNL5RPt4DSow/edit#gid=1934543062;https://docs.google.com/spreadsheets/d/1B2uTMvWlAHb7WlpupJV1A2Hbi3K3U1vCyoFV0wCapcw/edit#gid=1521895812;https://docs.google.com/spreadsheets/d/1B2uTMvWlAHb7WlpupJV1A2Hbi3K3U1vCyoFV0wCapcw/edit#gid=1271313224;https://docs.google.com/spreadsheets/d/1n9SmK-ccTCn8Jjhs4U2LKnibXY8PvuBtV3V9MCOURRA/edit#gid=0;https://docs.google.com/spreadsheets/d/1vJ-pioe3RZKSZ3LIGEA3FVTv_KEE_XKIQAXSIUNNd-Q/edit#gid=0
42,494,Victini,victini,Victini,victini,UU,5,14,6,"S1, S3, S4, S5, S6, S8",0,,9,9,picked,https://raw.githubusercontent.com/PokeAPI/pokeapi/master/data/v2/csv/pokemon_species_names.csv;https://raw.githubusercontent.com/PokeAPI/pokeapi/master/data/v2/csv/languages.csv;https://raw.githubusercontent.com/PokeAPI/pokeapi/master/data/v2/csv/pokemon.csv;https://raw.githubusercontent.com/PokeAPI/pokeapi/master/data/v2/csv/pokemon_forms.csv;https://raw.githubusercontent.com/PokeAPI/pokeapi/master/data/v2/csv/pokemon_form_names.csv;https://docs.google.com/spreadsheets/d/1kiwDk4NgYoKb0Oo9yqzwl9HXHxuQ_0I5gkb1JtE57PI/edit#gid=0;https://docs.google.com/spreadsheets/d/1JZpA-5XDldN2bjfvhvBPHYK-1AENETLnF1UxNEpWlNA/edit#gid=352888197;data/manual/team_pokemon_usage.csv;output/team-graphics/s3/GPL Teams Spieltag 14 (2).jpg;output/team-graphics/s4/Minetube - Triyolotree.png;https://docs.google.com/spreadsheets/d/11wxsKyCydVmDjp4kGLJAOLPM_LgwCLN2GYpbDQkNtkk/edit#gid=1843013406;https://docs.google.com/spreadsheets/d/1B2uTMvWlAHb7WlpupJV1A2Hbi3K3U1vCyoFV0wCapcw/edit#gid=1846395979;data/manual/pokemon_killlists.csv;https://docs.google.com/spreadsheets/d/1B2uTMvWlAHb7WlpupJV1A2Hbi3K3U1vCyoFV0wCapcw/edit#gid=1271313224;https://docs.google.com/spreadsheets/d/1n9SmK-ccTCn8Jjhs4U2LKnibXY8PvuBtV3V9MCOURRA/edit#gid=0
43,184,Azumarill,azumarill,Azumarill,azumarill,RUBL,6,14,6,"S2, S3, S4, S5, S8, S9",0,,10,7,picked,https://raw.githubusercontent.com/PokeAPI/pokeapi/master/data/v2/csv/pokemon_species_names.csv;https://raw.githubusercontent.com/PokeAPI/pokeapi/master/data/v2/csv/languages.csv;https://raw.githubusercontent.com/PokeAPI/pokeapi/master/data/v2/csv/pokemon.csv;https://raw.githubusercontent.com/PokeAPI/pokeapi/master/data/v2/csv/pokemon_forms.csv;https://raw.githubusercontent.com/PokeAPI/pokeapi/master/data/v2/csv/pokemon_form_names.csv;https://docs.google.com/spreadsheets/d/1FUsClf5qEny-BHY5Djp8rIwRJKBSJDvygJ8LBa62FEo/edit#gid=0;https://docs.google.com/spreadsheets/d/1odsNRAZStW1GzmpXwmg27dqjOlch7w8syZOZ5Z2OQRg/edit#gid=0;https://docs.google.com/spreadsheets/d/1JZpA-5XDldN2bjfvhvBPHYK-1AENETLnF1UxNEpWlNA/edit#gid=352888197;data/manual/team_pokemon_usage.csv;output/team-graphics/s4/Minetube - Triyolotree.png;output/team-graphics/s5/Howling Commandos.png;https://docs.google.com/spreadsheets/d/1B2uTMvWlAHb7WlpupJV1A2Hbi3K3U1vCyoFV0wCapcw/edit#gid=26363830;https://docs.google.com/spreadsheets/d/1B2uTMvWlAHb7WlpupJV1A2Hbi3K3U1vCyoFV0wCapcw/edit#gid=1846395979;https://docs.google.com/spreadsheets/d/1uo7-E_E2jbehB2hbBurpPayP_0fKY5sPZcFgZmfLydY/edit#gid=1526488506;https://docs.google.com/spreadsheets/d/1uo7-E_E2jbehB2hbBurpPayP_0fKY5sPZcFgZmfLydY/edit#gid=520178140;https://docs.google.com/spreadsheets/d/1uo7-E_E2jbehB2hbBurpPayP_0fKY5sPZcFgZmfLydY/edit#gid=1696255979;output/team-graphics/s3/GPL Teams Spieltag 14 (2).jpg;data/manual/pokemon_killlists.csv;https://docs.google.com/spreadsheets/d/1B2uTMvWlAHb7WlpupJV1A2Hbi3K3U1vCyoFV0wCapcw/edit#gid=1521895812;https://docs.google.com/spreadsheets/d/1B2uTMvWlAHb7WlpupJV1A2Hbi3K3U1vCyoFV0wCapcw/edit#gid=1271313224;https://docs.google.com/spreadsheets/d/1vJ-pioe3RZKSZ3LIGEA3FVTv_KEE_XKIQAXSIUNNd-Q/edit#gid=0
44,639,Terrakium,terrakium,Terrakion,terrakion,RUBL,6,14,9,"S1, S2, S3, S5, S6, S7, S8, S9, S10",0,,9,8,picked,https://raw.githubusercontent.com/PokeAPI/pokeapi/master/data/v2/csv/pokemon_species_names.csv;https://raw.githubusercontent.com/PokeAPI/pokeapi/master/data/v2/csv/languages.csv;https://raw.githubusercontent.com/PokeAPI/pokeapi/master/data/v2/csv/pokemon.csv;https://raw.githubusercontent.com/PokeAPI/pokeapi/master/data/v2/csv/pokemon_forms.csv;https://raw.githubusercontent.com/PokeAPI/pokeapi/master/data/v2/csv/pokemon_form_names.csv;https://docs.google.com/spreadsheets/d/1odsNRAZStW1GzmpXwmg27dqjOlch7w8syZOZ5Z2OQRg/edit#gid=0;https://docs.google.com/spreadsheets/d/1JZpA-5XDldN2bjfvhvBPHYK-1AENETLnF1UxNEpWlNA/edit#gid=352888197;data/manual/team_pokemon_usage.csv;output/team-graphics/s5/Triyolotree.png;https://docs.google.com/spreadsheets/d/11wxsKyCydVmDjp4kGLJAOLPM_LgwCLN2GYpbDQkNtkk/edit#gid=1843013406;https://docs.google.com/spreadsheets/d/1nwiq_ggEj7QePeZGMR2xoi0bEHJr_ZGO24YCRdt93No/edit#gid=857670931;https://docs.google.com/spreadsheets/d/1B2uTMvWlAHb7WlpupJV1A2Hbi3K3U1vCyoFV0wCapcw/edit#gid=26363830;https://docs.google.com/spreadsheets/d/1uo7-E_E2jbehB2hbBurpPayP_0fKY5sPZcFgZmfLydY/edit#gid=1526488506;https://docs.google.com/spreadsheets/d/1uo7-E_E2jbehB2hbBurpPayP_0fKY5sPZcFgZmfLydY/edit#gid=520178140;https://docs.google.com/spreadsheets/d/1uo7-E_E2jbehB2hbBurpPayP_0fKY5sPZcFgZmfLydY/edit#gid=1696255979;https://docs.google.com/spreadsheets/d/13smsrG2BGYxr_omJWcgr-sUDr39bvOJPNL5RPt4DSow/edit#gid=71150222;https://docs.google.com/spreadsheets/d/13smsrG2BGYxr_omJWcgr-sUDr39bvOJPNL5RPt4DSow/edit#gid=1934543062;output/team-graphics/s3/GPL Teams Spieltag 14 (2).jpg;data/manual/pokemon_killlists.csv;https://docs.google.com/spreadsheets/d/1B2uTMvWlAHb7WlpupJV1A2Hbi3K3U1vCyoFV0wCapcw/edit#gid=1521895812;https://docs.google.com/spreadsheets/d/1n9SmK-ccTCn8Jjhs4U2LKnibXY8PvuBtV3V9MCOURRA/edit#gid=0
45,380,Latias,latias,Latias,latias,RU,7,14,7,"S2, S3, S4, S5, S6, S8, S9",0,,10,8,picked,https://raw.githubusercontent.com/PokeAPI/pokeapi/master/data/v2/csv/pokemon_species_names.csv;https://raw.githubusercontent.com/PokeAPI/pokeapi/master/data/v2/csv/languages.csv;https://raw.githubusercontent.com/PokeAPI/pokeapi/master/data/v2/csv/pokemon.csv;https://raw.githubusercontent.com/PokeAPI/pokeapi/master/data/v2/csv/pokemon_forms.csv;https://raw.githubusercontent.com/PokeAPI/pokeapi/master/data/v2/csv/pokemon_form_names.csv;https://docs.google.com/spreadsheets/d/1odsNRAZStW1GzmpXwmg27dqjOlch7w8syZOZ5Z2OQRg/edit#gid=0;https://docs.google.com/spreadsheets/d/1JZpA-5XDldN2bjfvhvBPHYK-1AENETLnF1UxNEpWlNA/edit#gid=352888197;data/manual/team_pokemon_usage.csv;output/team-graphics/s3/GPL Teams Spieltag 14 (1).jpg;output/team-graphics/s4/Surstars - SurskitTV.png;output/team-graphics/s5/Prekani.png;https://docs.google.com/spreadsheets/d/11wxsKyCydVmDjp4kGLJAOLPM_LgwCLN2GYpbDQkNtkk/edit#gid=1588964432;https://docs.google.com/spreadsheets/d/1B2uTMvWlAHb7WlpupJV1A2Hbi3K3U1vCyoFV0wCapcw/edit#gid=26363830;https://docs.google.com/spreadsheets/d/1B2uTMvWlAHb7WlpupJV1A2Hbi3K3U1vCyoFV0wCapcw/edit#gid=1846395979;https://docs.google.com/spreadsheets/d/1uo7-E_E2jbehB2hbBurpPayP_0fKY5sPZcFgZmfLydY/edit#gid=1526488506;https://docs.google.com/spreadsheets/d/1uo7-E_E2jbehB2hbBurpPayP_0fKY5sPZcFgZmfLydY/edit#gid=520178140;https://docs.google.com/spreadsheets/d/1uo7-E_E2jbehB2hbBurpPayP_0fKY5sPZcFgZmfLydY/edit#gid=1696255979;https://docs.google.com/spreadsheets/d/1B2uTMvWlAHb7WlpupJV1A2Hbi3K3U1vCyoFV0wCapcw/edit#gid=1521895812;https://docs.google.com/spreadsheets/d/1B2uTMvWlAHb7WlpupJV1A2Hbi3K3U1vCyoFV0wCapcw/edit#gid=1271313224;https://docs.google.com/spreadsheets/d/1vJ-pioe3RZKSZ3LIGEA3FVTv_KEE_XKIQAXSIUNNd-Q/edit#gid=0
46,376,Metagross,metagross,Metagross,metagross,RU,7,14,8,"S2, S3, S4, S5, S6, S8, S9, S10",0,,11,9,picked,https://raw.githubusercontent.com/PokeAPI/pokeapi/master/data/v2/csv/pokemon_species_names.csv;https://raw.githubusercontent.com/PokeAPI/pokeapi/master/data/v2/csv/languages.csv;https://raw.githubusercontent.com/PokeAPI/pokeapi/master/data/v2/csv/pokemon.csv;https://raw.githubusercontent.com/PokeAPI/pokeapi/master/data/v2/csv/pokemon_forms.csv;https://raw.githubusercontent.com/PokeAPI/pokeapi/master/data/v2/csv/pokemon_form_names.csv;https://docs.google.com/spreadsheets/d/1odsNRAZStW1GzmpXwmg27dqjOlch7w8syZOZ5Z2OQRg/edit#gid=0;https://docs.google.com/spreadsheets/d/1JZpA-5XDldN2bjfvhvBPHYK-1AENETLnF1UxNEpWlNA/edit#gid=352888197;data/manual/team_pokemon_usage.csv;output/team-graphics/s5/Victini Bottom.png;https://docs.google.com/spreadsheets/d/11wxsKyCydVmDjp4kGLJAOLPM_LgwCLN2GYpbDQkNtkk/edit#gid=1588964432;https://docs.google.com/spreadsheets/d/11wxsKyCydVmDjp4kGLJAOLPM_LgwCLN2GYpbDQkNtkk/edit#gid=1843013406;https://docs.google.com/spreadsheets/d/1B2uTMvWlAHb7WlpupJV1A2Hbi3K3U1vCyoFV0wCapcw/edit#gid=26363830;https://docs.google.com/spreadsheets/d/1B2uTMvWlAHb7WlpupJV1A2Hbi3K3U1vCyoFV0wCapcw/edit#gid=1846395979;https://docs.google.com/spreadsheets/d/1uo7-E_E2jbehB2hbBurpPayP_0fKY5sPZcFgZmfLydY/edit#gid=1526488506;https://docs.google.com/spreadsheets/d/1uo7-E_E2jbehB2hbBurpPayP_0fKY5sPZcFgZmfLydY/edit#gid=520178140;https://docs.google.com/spreadsheets/d/1uo7-E_E2jbehB2hbBurpPayP_0fKY5sPZcFgZmfLydY/edit#gid=1696255979;https://docs.google.com/spreadsheets/d/13smsrG2BGYxr_omJWcgr-sUDr39bvOJPNL5RPt4DSow/edit#gid=1934543062;data/manual/pokemon_killlists.csv;https://docs.google.com/spreadsheets/d/1B2uTMvWlAHb7WlpupJV1A2Hbi3K3U1vCyoFV0wCapcw/edit#gid=1521895812;https://docs.google.com/spreadsheets/d/1B2uTMvWlAHb7WlpupJV1A2Hbi3K3U1vCyoFV0wCapcw/edit#gid=1271313224
47,709,Trombork,trombork,Trevenant,trevenant,RU,7,14,7,"S1, S2, S4, S6, S8, S9, S10",0,,9,9,picked,https://raw.githubusercontent.com/PokeAPI/pokeapi/master/data/v2/csv/pokemon_species_names.csv;https://raw.githubusercontent.com/PokeAPI/pokeapi/master/data/v2/csv/languages.csv;https://raw.githubusercontent.com/PokeAPI/pokeapi/master/data/v2/csv/pokemon.csv;https://raw.githubusercontent.com/PokeAPI/pokeapi/master/data/v2/csv/pokemon_forms.csv;https://raw.githubusercontent.com/PokeAPI/pokeapi/master/data/v2/csv/pokemon_form_names.csv;https://docs.google.com/spreadsheets/d/1FUsClf5qEny-BHY5Djp8rIwRJKBSJDvygJ8LBa62FEo/edit#gid=0;https://docs.google.com/spreadsheets/d/1JZpA-5XDldN2bjfvhvBPHYK-1AENETLnF1UxNEpWlNA/edit#gid=352888197;data/manual/team_pokemon_usage.csv;output/team-graphics/s4/Flexing Masskito - RegiBang.png;https://docs.google.com/spreadsheets/d/11wxsKyCydVmDjp4kGLJAOLPM_LgwCLN2GYpbDQkNtkk/edit#gid=1588964432;https://docs.google.com/spreadsheets/d/1B2uTMvWlAHb7WlpupJV1A2Hbi3K3U1vCyoFV0wCapcw/edit#gid=26363830;https://docs.google.com/spreadsheets/d/1uo7-E_E2jbehB2hbBurpPayP_0fKY5sPZcFgZmfLydY/edit#gid=1526488506;https://docs.google.com/spreadsheets/d/1uo7-E_E2jbehB2hbBurpPayP_0fKY5sPZcFgZmfLydY/edit#gid=520178140;https://docs.google.com/spreadsheets/d/1uo7-E_E2jbehB2hbBurpPayP_0fKY5sPZcFgZmfLydY/edit#gid=1696255979;https://docs.google.com/spreadsheets/d/13smsrG2BGYxr_omJWcgr-sUDr39bvOJPNL5RPt4DSow/edit#gid=71150222;https://docs.google.com/spreadsheets/d/13smsrG2BGYxr_omJWcgr-sUDr39bvOJPNL5RPt4DSow/edit#gid=1934543062;https://docs.google.com/spreadsheets/d/1B2uTMvWlAHb7WlpupJV1A2Hbi3K3U1vCyoFV0wCapcw/edit#gid=1521895812;https://docs.google.com/spreadsheets/d/13smsrG2BGYxr_omJWcgr-sUDr39bvOJPNL5RPt4DSow/edit#gid=1953790464;https://docs.google.com/spreadsheets/d/1n9SmK-ccTCn8Jjhs4U2LKnibXY8PvuBtV3V9MCOURRA/edit#gid=0;https://docs.google.com/spreadsheets/d/1vJ-pioe3RZKSZ3LIGEA3FVTv_KEE_XKIQAXSIUNNd-Q/edit#gid=0
48,221,Keifel,keifel,Piloswine,piloswine,NFE,14,14,7,"S3, S4, S5, S6, S7, S8, S9",0,,8,9,picked,https://raw.githubusercontent.com/PokeAPI/pokeapi/master/data/v2/csv/pokemon_species_names.csv;https://raw.githubusercontent.com/PokeAPI/pokeapi/master/data/v2/csv/languages.csv;https://raw.githubusercontent.com/PokeAPI/pokeapi/master/data/v2/csv/pokemon.csv;https://raw.githubusercontent.com/PokeAPI/pokeapi/master/data/v2/csv/pokemon_forms.csv;https://raw.githubusercontent.com/PokeAPI/pokeapi/master/data/v2/csv/pokemon_form_names.csv;https://docs.google.com/spreadsheets/d/1JZpA-5XDldN2bjfvhvBPHYK-1AENETLnF1UxNEpWlNA/edit#gid=352888197;data/manual/team_pokemon_usage.csv;output/team-graphics/s3/GPL Teams Spieltag 14 (2).jpg;output/team-graphics/s5/Aggron Berlin.png;https://docs.google.com/spreadsheets/d/11wxsKyCydVmDjp4kGLJAOLPM_LgwCLN2GYpbDQkNtkk/edit#gid=1588964432;https://docs.google.com/spreadsheets/d/11wxsKyCydVmDjp4kGLJAOLPM_LgwCLN2GYpbDQkNtkk/edit#gid=1843013406;https://docs.google.com/spreadsheets/d/1nwiq_ggEj7QePeZGMR2xoi0bEHJr_ZGO24YCRdt93No/edit#gid=857670931;https://docs.google.com/spreadsheets/d/1B2uTMvWlAHb7WlpupJV1A2Hbi3K3U1vCyoFV0wCapcw/edit#gid=26363830;https://docs.google.com/spreadsheets/d/1B2uTMvWlAHb7WlpupJV1A2Hbi3K3U1vCyoFV0wCapcw/edit#gid=1846395979;https://docs.google.com/spreadsheets/d/1uo7-E_E2jbehB2hbBurpPayP_0fKY5sPZcFgZmfLydY/edit#gid=1526488506;https://docs.google.com/spreadsheets/d/1uo7-E_E2jbehB2hbBurpPayP_0fKY5sPZcFgZmfLydY/edit#gid=520178140;https://docs.google.com/spreadsheets/d/1uo7-E_E2jbehB2hbBurpPayP_0fKY5sPZcFgZmfLydY/edit#gid=1696255979;data/manual/pokemon_killlists.csv;https://docs.google.com/spreadsheets/d/1B2uTMvWlAHb7WlpupJV1A2Hbi3K3U1vCyoFV0wCapcw/edit#gid=1521895812;https://docs.google.com/spreadsheets/d/1B2uTMvWlAHb7WlpupJV1A2Hbi3K3U1vCyoFV0wCapcw/edit#gid=1271313224;https://docs.google.com/spreadsheets/d/1kXhNwKGrqQTwSal0NxpZ9h0yo6u_mQwhwg4vGVwxMX4/edit#gid=0
49,233,Porygon2,porygon2,Porygon2,porygon2,NFE,14,14,6,"S1, S2, S3, S4, S5, S8",1,S2,10,8,picked,https://raw.githubusercontent.com/PokeAPI/pokeapi/master/data/v2/csv/pokemon_species_names.csv;https://raw.githubusercontent.com/PokeAPI/pokeapi/master/data/v2/csv/languages.csv;https://raw.githubusercontent.com/PokeAPI/pokeapi/master/data/v2/csv/pokemon.csv;https://raw.githubusercontent.com/PokeAPI/pokeapi/master/data/v2/csv/pokemon_forms.csv;https://raw.githubusercontent.com/PokeAPI/pokeapi/master/data/v2/csv/pokemon_form_names.csv;https://docs.google.com/spreadsheets/d/1kiwDk4NgYoKb0Oo9yqzwl9HXHxuQ_0I5gkb1JtE57PI/edit#gid=0;https://docs.google.com/spreadsheets/d/1FUsClf5qEny-BHY5Djp8rIwRJKBSJDvygJ8LBa62FEo/edit#gid=0;https://docs.google.com/spreadsheets/d/1odsNRAZStW1GzmpXwmg27dqjOlch7w8syZOZ5Z2OQRg/edit#gid=0;https://docs.google.com/spreadsheets/d/1JZpA-5XDldN2bjfvhvBPHYK-1AENETLnF1UxNEpWlNA/edit#gid=352888197;data/manual/team_pokemon_usage.csv;output/team-graphics/s3/GPL Teams Spieltag 14 (2).jpg;output/team-graphics/s4/Surstars - SurskitTV.png;output/team-graphics/s5/Cabgosport.png;https://docs.google.com/spreadsheets/d/1B2uTMvWlAHb7WlpupJV1A2Hbi3K3U1vCyoFV0wCapcw/edit#gid=1846395979;https://docs.google.com/spreadsheets/d/1B2uTMvWlAHb7WlpupJV1A2Hbi3K3U1vCyoFV0wCapcw/edit#gid=1271313224;https://docs.google.com/spreadsheets/d/1n9SmK-ccTCn8Jjhs4U2LKnibXY8PvuBtV3V9MCOURRA/edit#gid=0;https://docs.google.com/spreadsheets/d/1vJ-pioe3RZKSZ3LIGEA3FVTv_KEE_XKIQAXSIUNNd-Q/edit#gid=0
50,641,Boreos-T,boreost,tornadus-therian,tornadustherian,OU,3,13,7,"S3, S4, S5, S6, S8, S9, S10",1,S3,7,7,picked,https://raw.githubusercontent.com/PokeAPI/pokeapi/master/data/v2/csv/pokemon_species_names.csv;https://raw.githubusercontent.com/PokeAPI/pokeapi/master/data/v2/csv/languages.csv;https://raw.githubusercontent.com/PokeAPI/pokeapi/master/data/v2/csv/pokemon.csv;https://raw.githubusercontent.com/PokeAPI/pokeapi/master/data/v2/csv/pokemon_forms.csv;https://raw.githubusercontent.com/PokeAPI/pokeapi/master/data/v2/csv/pokemon_form_names.csv;https://docs.google.com/spreadsheets/d/1JZpA-5XDldN2bjfvhvBPHYK-1AENETLnF1UxNEpWlNA/edit#gid=352888197;data/manual/team_pokemon_usage.csv;output/team-graphics/s4/Shocking Shaymins - MeLevies.png;output/team-graphics/s5/Howling Commandos.png;https://docs.google.com/spreadsheets/d/11wxsKyCydVmDjp4kGLJAOLPM_LgwCLN2GYpbDQkNtkk/edit#gid=1588964432;https://docs.google.com/spreadsheets/d/11wxsKyCydVmDjp4kGLJAOLPM_LgwCLN2GYpbDQkNtkk/edit#gid=1843013406;https://docs.google.com/spreadsheets/d/1B2uTMvWlAHb7WlpupJV1A2Hbi3K3U1vCyoFV0wCapcw/edit#gid=26363830;https://docs.google.com/spreadsheets/d/1B2uTMvWlAHb7WlpupJV1A2Hbi3K3U1vCyoFV0wCapcw/edit#gid=1846395979;https://docs.google.com/spreadsheets/d/1uo7-E_E2jbehB2hbBurpPayP_0fKY5sPZcFgZmfLydY/edit#gid=1526488506;https://docs.google.com/spreadsheets/d/1uo7-E_E2jbehB2hbBurpPayP_0fKY5sPZcFgZmfLydY/edit#gid=520178140;https://docs.google.com/spreadsheets/d/1uo7-E_E2jbehB2hbBurpPayP_0fKY5sPZcFgZmfLydY/edit#gid=1696255979;https://docs.google.com/spreadsheets/d/13smsrG2BGYxr_omJWcgr-sUDr39bvOJPNL5RPt4DSow/edit#gid=1934543062;output/team-graphics/s3/GPL Teams Spieltag 14 (1).jpg;data/manual/pokemon_killlists.csv;https://docs.google.com/spreadsheets/d/1B2uTMvWlAHb7WlpupJV1A2Hbi3K3U1vCyoFV0wCapcw/edit#gid=1521895812;https://docs.google.com/spreadsheets/d/1B2uTMvWlAHb7WlpupJV1A2Hbi3K3U1vCyoFV0wCapcw/edit#gid=1271313224
51,199,Laschoking,laschoking,Slowking,slowking,UU,5,13,7,"S1, S2, S3, S5, S6, S8, S10",1,S8,9,8,picked,https://raw.githubusercontent.com/PokeAPI/pokeapi/master/data/v2/csv/pokemon_species_names.csv;https://raw.githubusercontent.com/PokeAPI/pokeapi/master/data/v2/csv/languages.csv;https://raw.githubusercontent.com/PokeAPI/pokeapi/master/data/v2/csv/pokemon.csv;https://raw.githubusercontent.com/PokeAPI/pokeapi/master/data/v2/csv/pokemon_forms.csv;https://raw.githubusercontent.com/PokeAPI/pokeapi/master/data/v2/csv/pokemon_form_names.csv;https://docs.google.com/spreadsheets/d/1kiwDk4NgYoKb0Oo9yqzwl9HXHxuQ_0I5gkb1JtE57PI/edit#gid=0;https://docs.google.com/spreadsheets/d/1FUsClf5qEny-BHY5Djp8rIwRJKBSJDvygJ8LBa62FEo/edit#gid=0;https://docs.google.com/spreadsheets/d/1JZpA-5XDldN2bjfvhvBPHYK-1AENETLnF1UxNEpWlNA/edit#gid=352888197;data/manual/team_pokemon_usage.csv;output/team-graphics/s3/GPL Teams Spieltag 14 (2).jpg;output/team-graphics/s5/Energie Tobutz.png;https://docs.google.com/spreadsheets/d/11wxsKyCydVmDjp4kGLJAOLPM_LgwCLN2GYpbDQkNtkk/edit#gid=1588964432;https://docs.google.com/spreadsheets/d/11wxsKyCydVmDjp4kGLJAOLPM_LgwCLN2GYpbDQkNtkk/edit#gid=1843013406;https://docs.google.com/spreadsheets/d/1B2uTMvWlAHb7WlpupJV1A2Hbi3K3U1vCyoFV0wCapcw/edit#gid=26363830;https://docs.google.com/spreadsheets/d/1B2uTMvWlAHb7WlpupJV1A2Hbi3K3U1vCyoFV0wCapcw/edit#gid=1846395979;https://docs.google.com/spreadsheets/d/13smsrG2BGYxr_omJWcgr-sUDr39bvOJPNL5RPt4DSow/edit#gid=1934543062;https://docs.google.com/spreadsheets/d/1B2uTMvWlAHb7WlpupJV1A2Hbi3K3U1vCyoFV0wCapcw/edit#gid=1521895812;https://docs.google.com/spreadsheets/d/1B2uTMvWlAHb7WlpupJV1A2Hbi3K3U1vCyoFV0wCapcw/edit#gid=1271313224;https://docs.google.com/spreadsheets/d/1n9SmK-ccTCn8Jjhs4U2LKnibXY8PvuBtV3V9MCOURRA/edit#gid=0
52,260,Sumpex,sumpex,Swampert,swampert,UU,5,13,6,"S1, S2, S4, S5, S6, S8",0,,11,7,picked,https://raw.githubusercontent.com/PokeAPI/pokeapi/master/data/v2/csv/pokemon_species_names.csv;https://raw.githubusercontent.com/PokeAPI/pokeapi/master/data/v2/csv/languages.csv;https://raw.githubusercontent.com/PokeAPI/pokeapi/master/data/v2/csv/pokemon.csv;https://raw.githubusercontent.com/PokeAPI/pokeapi/master/data/v2/csv/pokemon_forms.csv;https://raw.githubusercontent.com/PokeAPI/pokeapi/master/data/v2/csv/pokemon_form_names.csv;https://docs.google.com/spreadsheets/d/1kiwDk4NgYoKb0Oo9yqzwl9HXHxuQ_0I5gkb1JtE57PI/edit#gid=0;https://docs.google.com/spreadsheets/d/1FUsClf5qEny-BHY5Djp8rIwRJKBSJDvygJ8LBa62FEo/edit#gid=0;https://docs.google.com/spreadsheets/d/1odsNRAZStW1GzmpXwmg27dqjOlch7w8syZOZ5Z2OQRg/edit#gid=0;https://docs.google.com/spreadsheets/d/11wxsKyCydVmDjp4kGLJAOLPM_LgwCLN2GYpbDQkNtkk/edit#gid=1843013406;https://docs.google.com/spreadsheets/d/1B2uTMvWlAHb7WlpupJV1A2Hbi3K3U1vCyoFV0wCapcw/edit#gid=26363830;https://docs.google.com/spreadsheets/d/1JZpA-5XDldN2bjfvhvBPHYK-1AENETLnF1UxNEpWlNA/edit#gid=352888197;data/manual/pokemon_killlists.csv;https://docs.google.com/spreadsheets/d/1B2uTMvWlAHb7WlpupJV1A2Hbi3K3U1vCyoFV0wCapcw/edit#gid=1521895812;https://docs.google.com/spreadsheets/d/1n9SmK-ccTCn8Jjhs4U2LKnibXY8PvuBtV3V9MCOURRA/edit#gid=0;https://docs.google.com/spreadsheets/d/1vJ-pioe3RZKSZ3LIGEA3FVTv_KEE_XKIQAXSIUNNd-Q/edit#gid=0
53,373,Brutalanda,brutalanda,Salamence,salamence,RUBL,6,13,7,"S1, S2, S3, S4, S5, S6, S10",0,,10,9,picked,https://raw.githubusercontent.com/PokeAPI/pokeapi/master/data/v2/csv/pokemon_species_names.csv;https://raw.githubusercontent.com/PokeAPI/pokeapi/master/data/v2/csv/languages.csv;https://raw.githubusercontent.com/PokeAPI/pokeapi/master/data/v2/csv/pokemon.csv;https://raw.githubusercontent.com/PokeAPI/pokeapi/master/data/v2/csv/pokemon_forms.csv;https://raw.githubusercontent.com/PokeAPI/pokeapi/master/data/v2/csv/pokemon_form_names.csv;https://docs.google.com/spreadsheets/d/1kiwDk4NgYoKb0Oo9yqzwl9HXHxuQ_0I5gkb1JtE57PI/edit#gid=0;https://docs.google.com/spreadsheets/d/1FUsClf5qEny-BHY5Djp8rIwRJKBSJDvygJ8LBa62FEo/edit#gid=0;https://docs.google.com/spreadsheets/d/1odsNRAZStW1GzmpXwmg27dqjOlch7w8syZOZ5Z2OQRg/edit#gid=0;https://docs.google.com/spreadsheets/d/1JZpA-5XDldN2bjfvhvBPHYK-1AENETLnF1UxNEpWlNA/edit#gid=352888197;data/manual/team_pokemon_usage.csv;output/team-graphics/s4/Prekani - PresentLP.png;output/team-graphics/s5/SoulStealer.png;https://docs.google.com/spreadsheets/d/11wxsKyCydVmDjp4kGLJAOLPM_LgwCLN2GYpbDQkNtkk/edit#gid=1588964432;https://docs.google.com/spreadsheets/d/13smsrG2BGYxr_omJWcgr-sUDr39bvOJPNL5RPt4DSow/edit#gid=1934543062;data/manual/pokemon_killlists.csv;https://docs.google.com/spreadsheets/d/1n9SmK-ccTCn8Jjhs4U2LKnibXY8PvuBtV3V9MCOURRA/edit#gid=0;https://docs.google.com/spreadsheets/d/1vJ-pioe3RZKSZ3LIGEA3FVTv_KEE_XKIQAXSIUNNd-Q/edit#gid=0
54,547,Elfun,elfun,Whimsicott,whimsicott,RU,7,13,6,"S2, S5, S6, S7, S8, S9",1,S5,9,8,picked,https://raw.githubusercontent.com/PokeAPI/pokeapi/master/data/v2/csv/pokemon_species_names.csv;https://raw.githubusercontent.com/PokeAPI/pokeapi/master/data/v2/csv/languages.csv;https://raw.githubusercontent.com/PokeAPI/pokeapi/master/data/v2/csv/pokemon.csv;https://raw.githubusercontent.com/PokeAPI/pokeapi/master/data/v2/csv/pokemon_forms.csv;https://raw.githubusercontent.com/PokeAPI/pokeapi/master/data/v2/csv/pokemon_form_names.csv;https://docs.google.com/spreadsheets/d/1FUsClf5qEny-BHY5Djp8rIwRJKBSJDvygJ8LBa62FEo/edit#gid=0;https://docs.google.com/spreadsheets/d/1odsNRAZStW1GzmpXwmg27dqjOlch7w8syZOZ5Z2OQRg/edit#gid=0;https://docs.google.com/spreadsheets/d/1JZpA-5XDldN2bjfvhvBPHYK-1AENETLnF1UxNEpWlNA/edit#gid=352888197;data/manual/team_pokemon_usage.csv;output/team-graphics/s5/Shockwaving Magearnas.png;https://docs.google.com/spreadsheets/d/11wxsKyCydVmDjp4kGLJAOLPM_LgwCLN2GYpbDQkNtkk/edit#gid=1588964432;https://docs.google.com/spreadsheets/d/11wxsKyCydVmDjp4kGLJAOLPM_LgwCLN2GYpbDQkNtkk/edit#gid=654435343;https://docs.google.com/spreadsheets/d/1nwiq_ggEj7QePeZGMR2xoi0bEHJr_ZGO24YCRdt93No/edit#gid=857670931;https://docs.google.com/spreadsheets/d/1B2uTMvWlAHb7WlpupJV1A2Hbi3K3U1vCyoFV0wCapcw/edit#gid=26363830;https://docs.google.com/spreadsheets/d/1uo7-E_E2jbehB2hbBurpPayP_0fKY5sPZcFgZmfLydY/edit#gid=1526488506;https://docs.google.com/spreadsheets/d/1uo7-E_E2jbehB2hbBurpPayP_0fKY5sPZcFgZmfLydY/edit#gid=520178140;https://docs.google.com/spreadsheets/d/1uo7-E_E2jbehB2hbBurpPayP_0fKY5sPZcFgZmfLydY/edit#gid=1696255979;https://docs.google.com/spreadsheets/d/1B2uTMvWlAHb7WlpupJV1A2Hbi3K3U1vCyoFV0wCapcw/edit#gid=1521895812;https://docs.google.com/spreadsheets/d/1vJ-pioe3RZKSZ3LIGEA3FVTv_KEE_XKIQAXSIUNNd-Q/edit#gid=0
55,763,Fruyal,fruyal,Tsareena,tsareena,RU,7,13,7,"S4, S5, S6, S7, S8, S9, S10",0,,9,9,picked,https://raw.githubusercontent.com/PokeAPI/pokeapi/master/data/v2/csv/pokemon_species_names.csv;https://raw.githubusercontent.com/PokeAPI/pokeapi/master/data/v2/csv/languages.csv;https://raw.githubusercontent.com/PokeAPI/pokeapi/master/data/v2/csv/pokemon.csv;https://raw.githubusercontent.com/PokeAPI/pokeapi/master/data/v2/csv/pokemon_forms.csv;https://raw.githubusercontent.com/PokeAPI/pokeapi/master/data/v2/csv/pokemon_form_names.csv;https://docs.google.com/spreadsheets/d/1JZpA-5XDldN2bjfvhvBPHYK-1AENETLnF1UxNEpWlNA/edit#gid=352888197;data/manual/team_pokemon_usage.csv;output/team-graphics/s4/Enteikutierung - Lauris Enteitainment.png;https://docs.google.com/spreadsheets/d/11wxsKyCydVmDjp4kGLJAOLPM_LgwCLN2GYpbDQkNtkk/edit#gid=1588964432;https://docs.google.com/spreadsheets/d/11wxsKyCydVmDjp4kGLJAOLPM_LgwCLN2GYpbDQkNtkk/edit#gid=1843013406;https://docs.google.com/spreadsheets/d/1nwiq_ggEj7QePeZGMR2xoi0bEHJr_ZGO24YCRdt93No/edit#gid=857670931;https://docs.google.com/spreadsheets/d/1B2uTMvWlAHb7WlpupJV1A2Hbi3K3U1vCyoFV0wCapcw/edit#gid=26363830;https://docs.google.com/spreadsheets/d/1B2uTMvWlAHb7WlpupJV1A2Hbi3K3U1vCyoFV0wCapcw/edit#gid=1846395979;https://docs.google.com/spreadsheets/d/1uo7-E_E2jbehB2hbBurpPayP_0fKY5sPZcFgZmfLydY/edit#gid=1526488506;https://docs.google.com/spreadsheets/d/1uo7-E_E2jbehB2hbBurpPayP_0fKY5sPZcFgZmfLydY/edit#gid=520178140;https://docs.google.com/spreadsheets/d/1uo7-E_E2jbehB2hbBurpPayP_0fKY5sPZcFgZmfLydY/edit#gid=1696255979;https://docs.google.com/spreadsheets/d/13smsrG2BGYxr_omJWcgr-sUDr39bvOJPNL5RPt4DSow/edit#gid=1934543062;data/manual/pokemon_killlists.csv;https://docs.google.com/spreadsheets/d/1B2uTMvWlAHb7WlpupJV1A2Hbi3K3U1vCyoFV0wCapcw/edit#gid=1521895812;https://docs.google.com/spreadsheets/d/1B2uTMvWlAHb7WlpupJV1A2Hbi3K3U1vCyoFV0wCapcw/edit#gid=1271313224
56,423,Gastrodon,gastrodon,Gastrodon,gastrodon,RU,7,13,7,"S1, S2, S3, S4, S6, S9, S10",3,"S1, S3, S10",8,5,picked,https://raw.githubusercontent.com/PokeAPI/pokeapi/master/data/v2/csv/pokemon_species_names.csv;https://raw.githubusercontent.com/PokeAPI/pokeapi/master/data/v2/csv/languages.csv;https://raw.githubusercontent.com/PokeAPI/pokeapi/master/data/v2/csv/pokemon.csv;https://raw.githubusercontent.com/PokeAPI/pokeapi/master/data/v2/csv/pokemon_forms.csv;https://raw.githubusercontent.com/PokeAPI/pokeapi/master/data/v2/csv/pokemon_form_names.csv;https://docs.google.com/spreadsheets/d/1kiwDk4NgYoKb0Oo9yqzwl9HXHxuQ_0I5gkb1JtE57PI/edit#gid=0;https://docs.google.com/spreadsheets/d/1odsNRAZStW1GzmpXwmg27dqjOlch7w8syZOZ5Z2OQRg/edit#gid=0;https://docs.google.com/spreadsheets/d/1JZpA-5XDldN2bjfvhvBPHYK-1AENETLnF1UxNEpWlNA/edit#gid=352888197;data/manual/team_pokemon_usage.csv;output/team-graphics/s3/GPL Teams Spieltag 14 (1).jpg;output/team-graphics/s4/Suicide Squad - CaptainCrinch.png;https://docs.google.com/spreadsheets/d/11wxsKyCydVmDjp4kGLJAOLPM_LgwCLN2GYpbDQkNtkk/edit#gid=1843013406;https://docs.google.com/spreadsheets/d/1uo7-E_E2jbehB2hbBurpPayP_0fKY5sPZcFgZmfLydY/edit#gid=1526488506;https://docs.google.com/spreadsheets/d/1uo7-E_E2jbehB2hbBurpPayP_0fKY5sPZcFgZmfLydY/edit#gid=520178140;https://docs.google.com/spreadsheets/d/1uo7-E_E2jbehB2hbBurpPayP_0fKY5sPZcFgZmfLydY/edit#gid=1696255979;https://docs.google.com/spreadsheets/d/13smsrG2BGYxr_omJWcgr-sUDr39bvOJPNL5RPt4DSow/edit#gid=71150222;https://docs.google.com/spreadsheets/d/13smsrG2BGYxr_omJWcgr-sUDr39bvOJPNL5RPt4DSow/edit#gid=1934543062;https://docs.google.com/spreadsheets/d/1n9SmK-ccTCn8Jjhs4U2LKnibXY8PvuBtV3V9MCOURRA/edit#gid=0
57,479,Rotom-Mow,rotommow,rotom-mow,rotommow,RU,7,13,8,"S1, S2, S3, S4, S5, S6, S7, S8",1,S8,10,10,picked,https://raw.githubusercontent.com/PokeAPI/pokeapi/master/data/v2/csv/pokemon_species_names.csv;https://raw.githubusercontent.com/PokeAPI/pokeapi/master/data/v2/csv/languages.csv;https://raw.githubusercontent.com/PokeAPI/pokeapi/master/data/v2/csv/pokemon.csv;https://raw.githubusercontent.com/PokeAPI/pokeapi/master/data/v2/csv/pokemon_forms.csv;https://raw.githubusercontent.com/PokeAPI/pokeapi/master/data/v2/csv/pokemon_form_names.csv;https://docs.google.com/spreadsheets/d/1JZpA-5XDldN2bjfvhvBPHYK-1AENETLnF1UxNEpWlNA/edit#gid=352888197;data/manual/team_pokemon_usage.csv;output/team-graphics/s3/GPL Teams Spieltag 14 (1).jpg;output/team-graphics/s4/Variant Vulpix - CrowdController.png;output/team-graphics/s5/Victini Bottom.png;https://docs.google.com/spreadsheets/d/11wxsKyCydVmDjp4kGLJAOLPM_LgwCLN2GYpbDQkNtkk/edit#gid=1588964432;https://docs.google.com/spreadsheets/d/11wxsKyCydVmDjp4kGLJAOLPM_LgwCLN2GYpbDQkNtkk/edit#gid=1843013406;https://docs.google.com/spreadsheets/d/1nwiq_ggEj7QePeZGMR2xoi0bEHJr_ZGO24YCRdt93No/edit#gid=857670931;https://docs.google.com/spreadsheets/d/1B2uTMvWlAHb7WlpupJV1A2Hbi3K3U1vCyoFV0wCapcw/edit#gid=26363830;https://docs.google.com/spreadsheets/d/1B2uTMvWlAHb7WlpupJV1A2Hbi3K3U1vCyoFV0wCapcw/edit#gid=1846395979;https://docs.google.com/spreadsheets/d/1B2uTMvWlAHb7WlpupJV1A2Hbi3K3U1vCyoFV0wCapcw/edit#gid=1521895812;https://docs.google.com/spreadsheets/d/1B2uTMvWlAHb7WlpupJV1A2Hbi3K3U1vCyoFV0wCapcw/edit#gid=1271313224;https://docs.google.com/spreadsheets/d/1n9SmK-ccTCn8Jjhs4U2LKnibXY8PvuBtV3V9MCOURRA/edit#gid=0;https://docs.google.com/spreadsheets/d/1vJ-pioe3RZKSZ3LIGEA3FVTv_KEE_XKIQAXSIUNNd-Q/edit#gid=0
58,472,Skorgro,skorgro,Gliscor,gliscor,OU,3,12,3,"S1, S2, S6",0,,6,6,picked,https://raw.githubusercontent.com/PokeAPI/pokeapi/master/data/v2/csv/pokemon_species_names.csv;https://raw.githubusercontent.com/PokeAPI/pokeapi/master/data/v2/csv/languages.csv;https://raw.githubusercontent.com/PokeAPI/pokeapi/master/data/v2/csv/pokemon.csv;https://raw.githubusercontent.com/PokeAPI/pokeapi/master/data/v2/csv/pokemon_forms.csv;https://raw.githubusercontent.com/PokeAPI/pokeapi/master/data/v2/csv/pokemon_form_names.csv;https://docs.google.com/spreadsheets/d/1kiwDk4NgYoKb0Oo9yqzwl9HXHxuQ_0I5gkb1JtE57PI/edit#gid=0;https://docs.google.com/spreadsheets/d/1FUsClf5qEny-BHY5Djp8rIwRJKBSJDvygJ8LBa62FEo/edit#gid=0;https://docs.google.com/spreadsheets/d/1odsNRAZStW1GzmpXwmg27dqjOlch7w8syZOZ5Z2OQRg/edit#gid=0;https://docs.google.com/spreadsheets/d/11wxsKyCydVmDjp4kGLJAOLPM_LgwCLN2GYpbDQkNtkk/edit#gid=1588964432;https://docs.google.com/spreadsheets/d/1JZpA-5XDldN2bjfvhvBPHYK-1AENETLnF1UxNEpWlNA/edit#gid=352888197;https://docs.google.com/spreadsheets/d/1n9SmK-ccTCn8Jjhs4U2LKnibXY8PvuBtV3V9MCOURRA/edit#gid=0;https://docs.google.com/spreadsheets/d/14N_40jsahiN9DChpnNaPTnFy26If6imVHtqBGDWk6pg/edit#gid=0;https://docs.google.com/spreadsheets/d/1vJ-pioe3RZKSZ3LIGEA3FVTv_KEE_XKIQAXSIUNNd-Q/edit#gid=0
59,730,Primarene,primarene,Primarina,primarina,RUBL,6,12,6,"S5, S6, S7, S8, S9, S10",0,,7,7,picked,https://raw.githubusercontent.com/PokeAPI/pokeapi/master/data/v2/csv/pokemon_species_names.csv;https://raw.githubusercontent.com/PokeAPI/pokeapi/master/data/v2/csv/languages.csv;https://raw.githubusercontent.com/PokeAPI/pokeapi/master/data/v2/csv/pokemon.csv;https://raw.githubusercontent.com/PokeAPI/pokeapi/master/data/v2/csv/pokemon_forms.csv;https://raw.githubusercontent.com/PokeAPI/pokeapi/master/data/v2/csv/pokemon_form_names.csv;https://docs.google.com/spreadsheets/d/1JZpA-5XDldN2bjfvhvBPHYK-1AENETLnF1UxNEpWlNA/edit#gid=352888197;data/manual/team_pokemon_usage.csv;output/team-graphics/s5/Triyolotree.png;https://docs.google.com/spreadsheets/d/11wxsKyCydVmDjp4kGLJAOLPM_LgwCLN2GYpbDQkNtkk/edit#gid=1843013406;https://docs.google.com/spreadsheets/d/1nwiq_ggEj7QePeZGMR2xoi0bEHJr_ZGO24YCRdt93No/edit#gid=857670931;https://docs.google.com/spreadsheets/d/1B2uTMvWlAHb7WlpupJV1A2Hbi3K3U1vCyoFV0wCapcw/edit#gid=26363830;https://docs.google.com/spreadsheets/d/1B2uTMvWlAHb7WlpupJV1A2Hbi3K3U1vCyoFV0wCapcw/edit#gid=1846395979;https://docs.google.com/spreadsheets/d/1uo7-E_E2jbehB2hbBurpPayP_0fKY5sPZcFgZmfLydY/edit#gid=1526488506;https://docs.google.com/spreadsheets/d/1uo7-E_E2jbehB2hbBurpPayP_0fKY5sPZcFgZmfLydY/edit#gid=520178140;https://docs.google.com/spreadsheets/d/1uo7-E_E2jbehB2hbBurpPayP_0fKY5sPZcFgZmfLydY/edit#gid=1696255979;https://docs.google.com/spreadsheets/d/13smsrG2BGYxr_omJWcgr-sUDr39bvOJPNL5RPt4DSow/edit#gid=71150222;https://docs.google.com/spreadsheets/d/13smsrG2BGYxr_omJWcgr-sUDr39bvOJPNL5RPt4DSow/edit#gid=1934543062;https://docs.google.com/spreadsheets/d/1B2uTMvWlAHb7WlpupJV1A2Hbi3K3U1vCyoFV0wCapcw/edit#gid=1521895812;https://docs.google.com/spreadsheets/d/1B2uTMvWlAHb7WlpupJV1A2Hbi3K3U1vCyoFV0wCapcw/edit#gid=1271313224
60,26,Alola Raichu,alolaraichu,raichu-alola,raichualola,RU,7,12,6,"S4, S6, S7, S8, S9, S10",0,,5,7,picked,https://raw.githubusercontent.com/PokeAPI/pokeapi/master/data/v2/csv/pokemon_species_names.csv;https://raw.githubusercontent.com/PokeAPI/pokeapi/master/data/v2/csv/languages.csv;https://raw.githubusercontent.com/PokeAPI/pokeapi/master/data/v2/csv/pokemon.csv;https://raw.githubusercontent.com/PokeAPI/pokeapi/master/data/v2/csv/pokemon_forms.csv;https://raw.githubusercontent.com/PokeAPI/pokeapi/master/data/v2/csv/pokemon_form_names.csv;https://docs.google.com/spreadsheets/d/1JZpA-5XDldN2bjfvhvBPHYK-1AENETLnF1UxNEpWlNA/edit#gid=352888197;data/manual/team_pokemon_usage.csv;output/team-graphics/s4/Flexing Masskito - RegiBang.png;https://docs.google.com/spreadsheets/d/11wxsKyCydVmDjp4kGLJAOLPM_LgwCLN2GYpbDQkNtkk/edit#gid=1588964432;https://docs.google.com/spreadsheets/d/1nwiq_ggEj7QePeZGMR2xoi0bEHJr_ZGO24YCRdt93No/edit#gid=857670931;https://docs.google.com/spreadsheets/d/1B2uTMvWlAHb7WlpupJV1A2Hbi3K3U1vCyoFV0wCapcw/edit#gid=26363830;https://docs.google.com/spreadsheets/d/1B2uTMvWlAHb7WlpupJV1A2Hbi3K3U1vCyoFV0wCapcw/edit#gid=1846395979;https://docs.google.com/spreadsheets/d/1uo7-E_E2jbehB2hbBurpPayP_0fKY5sPZcFgZmfLydY/edit#gid=1526488506;https://docs.google.com/spreadsheets/d/1uo7-E_E2jbehB2hbBurpPayP_0fKY5sPZcFgZmfLydY/edit#gid=520178140;https://docs.google.com/spreadsheets/d/1uo7-E_E2jbehB2hbBurpPayP_0fKY5sPZcFgZmfLydY/edit#gid=1696255979;https://docs.google.com/spreadsheets/d/13smsrG2BGYxr_omJWcgr-sUDr39bvOJPNL5RPt4DSow/edit#gid=71150222;https://docs.google.com/spreadsheets/d/1B2uTMvWlAHb7WlpupJV1A2Hbi3K3U1vCyoFV0wCapcw/edit#gid=1521895812;https://docs.google.com/spreadsheets/d/1B2uTMvWlAHb7WlpupJV1A2Hbi3K3U1vCyoFV0wCapcw/edit#gid=1271313224;https://docs.google.com/spreadsheets/d/13smsrG2BGYxr_omJWcgr-sUDr39bvOJPNL5RPt4DSow/edit#gid=1953790464
61,251,Celebi,celebi,Celebi,celebi,RU,7,12,7,"S3, S4, S5, S6, S7, S8, S9",1,S5,7,8,picked,https://raw.githubusercontent.com/PokeAPI/pokeapi/master/data/v2/csv/pokemon_species_names.csv;https://raw.githubusercontent.com/PokeAPI/pokeapi/master/data/v2/csv/languages.csv;https://raw.githubusercontent.com/PokeAPI/pokeapi/master/data/v2/csv/pokemon.csv;https://raw.githubusercontent.com/PokeAPI/pokeapi/master/data/v2/csv/pokemon_forms.csv;https://raw.githubusercontent.com/PokeAPI/pokeapi/master/data/v2/csv/pokemon_form_names.csv;https://docs.google.com/spreadsheets/d/1JZpA-5XDldN2bjfvhvBPHYK-1AENETLnF1UxNEpWlNA/edit#gid=352888197;data/manual/team_pokemon_usage.csv;output/team-graphics/s3/GPL Teams Spieltag 14 (2).jpg;output/team-graphics/s5/Shockwaving Magearnas.png;https://docs.google.com/spreadsheets/d/11wxsKyCydVmDjp4kGLJAOLPM_LgwCLN2GYpbDQkNtkk/edit#gid=654435343;https://docs.google.com/spreadsheets/d/1nwiq_ggEj7QePeZGMR2xoi0bEHJr_ZGO24YCRdt93No/edit#gid=857670931;https://docs.google.com/spreadsheets/d/1B2uTMvWlAHb7WlpupJV1A2Hbi3K3U1vCyoFV0wCapcw/edit#gid=1846395979;https://docs.google.com/spreadsheets/d/1uo7-E_E2jbehB2hbBurpPayP_0fKY5sPZcFgZmfLydY/edit#gid=1526488506;https://docs.google.com/spreadsheets/d/1uo7-E_E2jbehB2hbBurpPayP_0fKY5sPZcFgZmfLydY/edit#gid=520178140;https://docs.google.com/spreadsheets/d/1uo7-E_E2jbehB2hbBurpPayP_0fKY5sPZcFgZmfLydY/edit#gid=1696255979;data/manual/pokemon_killlists.csv;https://docs.google.com/spreadsheets/d/1B2uTMvWlAHb7WlpupJV1A2Hbi3K3U1vCyoFV0wCapcw/edit#gid=1271313224
62,395,Impoleon,impoleon,Empoleon,empoleon,RU,7,12,5,"S2, S3, S4, S6, S10",0,,9,8,picked,https://raw.githubusercontent.com/PokeAPI/pokeapi/master/data/v2/csv/pokemon_species_names.csv;https://raw.githubusercontent.com/PokeAPI/pokeapi/master/data/v2/csv/languages.csv;https://raw.githubusercontent.com/PokeAPI/pokeapi/master/data/v2/csv/pokemon.csv;https://raw.githubusercontent.com/PokeAPI/pokeapi/master/data/v2/csv/pokemon_forms.csv;https://raw.githubusercontent.com/PokeAPI/pokeapi/master/data/v2/csv/pokemon_form_names.csv;https://docs.google.com/spreadsheets/d/1FUsClf5qEny-BHY5Djp8rIwRJKBSJDvygJ8LBa62FEo/edit#gid=0;https://docs.google.com/spreadsheets/d/1odsNRAZStW1GzmpXwmg27dqjOlch7w8syZOZ5Z2OQRg/edit#gid=0;https://docs.google.com/spreadsheets/d/1JZpA-5XDldN2bjfvhvBPHYK-1AENETLnF1UxNEpWlNA/edit#gid=352888197;data/manual/team_pokemon_usage.csv;output/team-graphics/s3/GPL Teams Spieltag 14 (2).jpg;output/team-graphics/s4/Slicing Knights - Cabgolord.png;https://docs.google.com/spreadsheets/d/11wxsKyCydVmDjp4kGLJAOLPM_LgwCLN2GYpbDQkNtkk/edit#gid=1588964432;https://docs.google.com/spreadsheets/d/11wxsKyCydVmDjp4kGLJAOLPM_LgwCLN2GYpbDQkNtkk/edit#gid=1843013406;https://docs.google.com/spreadsheets/d/13smsrG2BGYxr_omJWcgr-sUDr39bvOJPNL5RPt4DSow/edit#gid=71150222;https://docs.google.com/spreadsheets/d/13smsrG2BGYxr_omJWcgr-sUDr39bvOJPNL5RPt4DSow/edit#gid=1934543062;https://docs.google.com/spreadsheets/d/1vJ-pioe3RZKSZ3LIGEA3FVTv_KEE_XKIQAXSIUNNd-Q/edit#gid=0
63,241,Miltank,miltank,Miltank,miltank,RU,7,12,6,"S1, S3, S4, S6, S8, S9",1,S9,9,8,picked,https://raw.githubusercontent.com/PokeAPI/pokeapi/master/data/v2/csv/pokemon_species_names.csv;https://raw.githubusercontent.com/PokeAPI/pokeapi/master/data/v2/csv/languages.csv;https://raw.githubusercontent.com/PokeAPI/pokeapi/master/data/v2/csv/pokemon.csv;https://raw.githubusercontent.com/PokeAPI/pokeapi/master/data/v2/csv/pokemon_forms.csv;https://raw.githubusercontent.com/PokeAPI/pokeapi/master/data/v2/csv/pokemon_form_names.csv;https://docs.google.com/spreadsheets/d/1JZpA-5XDldN2bjfvhvBPHYK-1AENETLnF1UxNEpWlNA/edit#gid=352888197;data/manual/team_pokemon_usage.csv;output/team-graphics/s3/GPL Teams Spieltag 14 (1).jpg;output/team-graphics/s4/Slicing Knights - Cabgolord.png;https://docs.google.com/spreadsheets/d/11wxsKyCydVmDjp4kGLJAOLPM_LgwCLN2GYpbDQkNtkk/edit#gid=1588964432;https://docs.google.com/spreadsheets/d/11wxsKyCydVmDjp4kGLJAOLPM_LgwCLN2GYpbDQkNtkk/edit#gid=1843013406;https://docs.google.com/spreadsheets/d/1B2uTMvWlAHb7WlpupJV1A2Hbi3K3U1vCyoFV0wCapcw/edit#gid=26363830;https://docs.google.com/spreadsheets/d/1B2uTMvWlAHb7WlpupJV1A2Hbi3K3U1vCyoFV0wCapcw/edit#gid=1846395979;https://docs.google.com/spreadsheets/d/1uo7-E_E2jbehB2hbBurpPayP_0fKY5sPZcFgZmfLydY/edit#gid=1526488506;https://docs.google.com/spreadsheets/d/1uo7-E_E2jbehB2hbBurpPayP_0fKY5sPZcFgZmfLydY/edit#gid=520178140;https://docs.google.com/spreadsheets/d/1uo7-E_E2jbehB2hbBurpPayP_0fKY5sPZcFgZmfLydY/edit#gid=1696255979;https://docs.google.com/spreadsheets/d/1B2uTMvWlAHb7WlpupJV1A2Hbi3K3U1vCyoFV0wCapcw/edit#gid=1521895812;https://docs.google.com/spreadsheets/d/1B2uTMvWlAHb7WlpupJV1A2Hbi3K3U1vCyoFV0wCapcw/edit#gid=1271313224;https://docs.google.com/spreadsheets/d/1n9SmK-ccTCn8Jjhs4U2LKnibXY8PvuBtV3V9MCOURRA/edit#gid=0
64,197,Nachtara,nachtara,Umbreon,umbreon,RU,7,12,5,"S1, S2, S3, S6, S7",1,S3,11,7,picked,https://raw.githubusercontent.com/PokeAPI/pokeapi/master/data/v2/csv/pokemon_species_names.csv;https://raw.githubusercontent.com/PokeAPI/pokeapi/master/data/v2/csv/languages.csv;https://raw.githubusercontent.com/PokeAPI/pokeapi/master/data/v2/csv/pokemon.csv;https://raw.githubusercontent.com/PokeAPI/pokeapi/master/data/v2/csv/pokemon_forms.csv;https://raw.githubusercontent.com/PokeAPI/pokeapi/master/data/v2/csv/pokemon_form_names.csv;https://docs.google.com/spreadsheets/d/1kiwDk4NgYoKb0Oo9yqzwl9HXHxuQ_0I5gkb1JtE57PI/edit#gid=0;https://docs.google.com/spreadsheets/d/1FUsClf5qEny-BHY5Djp8rIwRJKBSJDvygJ8LBa62FEo/edit#gid=0;https://docs.google.com/spreadsheets/d/1odsNRAZStW1GzmpXwmg27dqjOlch7w8syZOZ5Z2OQRg/edit#gid=0;https://docs.google.com/spreadsheets/d/1JZpA-5XDldN2bjfvhvBPHYK-1AENETLnF1UxNEpWlNA/edit#gid=352888197;data/manual/team_pokemon_usage.csv;output/team-graphics/s3/GPL Teams Spieltag 14 (1).jpg;https://docs.google.com/spreadsheets/d/11wxsKyCydVmDjp4kGLJAOLPM_LgwCLN2GYpbDQkNtkk/edit#gid=1588964432;https://docs.google.com/spreadsheets/d/11wxsKyCydVmDjp4kGLJAOLPM_LgwCLN2GYpbDQkNtkk/edit#gid=1843013406;https://docs.google.com/spreadsheets/d/1nwiq_ggEj7QePeZGMR2xoi0bEHJr_ZGO24YCRdt93No/edit#gid=857670931;https://docs.google.com/spreadsheets/d/1n9SmK-ccTCn8Jjhs4U2LKnibXY8PvuBtV3V9MCOURRA/edit#gid=0;https://docs.google.com/spreadsheets/d/1vJ-pioe3RZKSZ3LIGEA3FVTv_KEE_XKIQAXSIUNNd-Q/edit#gid=0
65,243,Raikou,raikou,Raikou,raikou,RU,7,12,6,"S2, S3, S6, S8, S9, S10",0,,9,5,picked,https://raw.githubusercontent.com/PokeAPI/pokeapi/master/data/v2/csv/pokemon_species_names.csv;https://raw.githubusercontent.com/PokeAPI/pokeapi/master/data/v2/csv/languages.csv;https://raw.githubusercontent.com/PokeAPI/pokeapi/master/data/v2/csv/pokemon.csv;https://raw.githubusercontent.com/PokeAPI/pokeapi/master/data/v2/csv/pokemon_forms.csv;https://raw.githubusercontent.com/PokeAPI/pokeapi/master/data/v2/csv/pokemon_form_names.csv;https://docs.google.com/spreadsheets/d/1FUsClf5qEny-BHY5Djp8rIwRJKBSJDvygJ8LBa62FEo/edit#gid=0;https://docs.google.com/spreadsheets/d/1odsNRAZStW1GzmpXwmg27dqjOlch7w8syZOZ5Z2OQRg/edit#gid=0;https://docs.google.com/spreadsheets/d/11wxsKyCydVmDjp4kGLJAOLPM_LgwCLN2GYpbDQkNtkk/edit#gid=1588964432;https://docs.google.com/spreadsheets/d/1B2uTMvWlAHb7WlpupJV1A2Hbi3K3U1vCyoFV0wCapcw/edit#gid=1846395979;https://docs.google.com/spreadsheets/d/1uo7-E_E2jbehB2hbBurpPayP_0fKY5sPZcFgZmfLydY/edit#gid=1526488506;https://docs.google.com/spreadsheets/d/1uo7-E_E2jbehB2hbBurpPayP_0fKY5sPZcFgZmfLydY/edit#gid=520178140;https://docs.google.com/spreadsheets/d/1uo7-E_E2jbehB2hbBurpPayP_0fKY5sPZcFgZmfLydY/edit#gid=1696255979;https://docs.google.com/spreadsheets/d/13smsrG2BGYxr_omJWcgr-sUDr39bvOJPNL5RPt4DSow/edit#gid=71150222;https://docs.google.com/spreadsheets/d/13smsrG2BGYxr_omJWcgr-sUDr39bvOJPNL5RPt4DSow/edit#gid=1934543062;https://docs.google.com/spreadsheets/d/1JZpA-5XDldN2bjfvhvBPHYK-1AENETLnF1UxNEpWlNA/edit#gid=352888197;data/manual/pokemon_killlists.csv;https://docs.google.com/spreadsheets/d/1B2uTMvWlAHb7WlpupJV1A2Hbi3K3U1vCyoFV0wCapcw/edit#gid=1271313224
66,479,Rotom,rotom,Rotom,rotom,RU,7,12,8,"S3, S4, S5, S6, S7, S8, S9, S10",2,"S4, S9",8,9,picked,https://raw.githubusercontent.com/PokeAPI/pokeapi/master/data/v2/csv/pokemon_species_names.csv;https://raw.githubusercontent.com/PokeAPI/pokeapi/master/data/v2/csv/languages.csv;https://raw.githubusercontent.com/PokeAPI/pokeapi/master/data/v2/csv/pokemon.csv;https://raw.githubusercontent.com/PokeAPI/pokeapi/master/data/v2/csv/pokemon_forms.csv;https://raw.githubusercontent.com/PokeAPI/pokeapi/master/data/v2/csv/pokemon_form_names.csv;https://docs.google.com/spreadsheets/d/1JZpA-5XDldN2bjfvhvBPHYK-1AENETLnF1UxNEpWlNA/edit#gid=352888197;data/manual/team_pokemon_usage.csv;output/team-graphics/s4/Ritter der Tapukokosnuss - FullLifeGames.png;output/team-graphics/s5/Energie Tobutz.png;https://docs.google.com/spreadsheets/d/11wxsKyCydVmDjp4kGLJAOLPM_LgwCLN2GYpbDQkNtkk/edit#gid=1588964432;https://docs.google.com/spreadsheets/d/11wxsKyCydVmDjp4kGLJAOLPM_LgwCLN2GYpbDQkNtkk/edit#gid=1843013406;https://docs.google.com/spreadsheets/d/1nwiq_ggEj7QePeZGMR2xoi0bEHJr_ZGO24YCRdt93No/edit#gid=857670931;https://docs.google.com/spreadsheets/d/1B2uTMvWlAHb7WlpupJV1A2Hbi3K3U1vCyoFV0wCapcw/edit#gid=26363830;https://docs.google.com/spreadsheets/d/1uo7-E_E2jbehB2hbBurpPayP_0fKY5sPZcFgZmfLydY/edit#gid=1526488506;https://docs.google.com/spreadsheets/d/1uo7-E_E2jbehB2hbBurpPayP_0fKY5sPZcFgZmfLydY/edit#gid=520178140;https://docs.google.com/spreadsheets/d/1uo7-E_E2jbehB2hbBurpPayP_0fKY5sPZcFgZmfLydY/edit#gid=1696255979;https://docs.google.com/spreadsheets/d/13smsrG2BGYxr_omJWcgr-sUDr39bvOJPNL5RPt4DSow/edit#gid=1934543062;data/manual/pokemon_killlists.csv;https://docs.google.com/spreadsheets/d/1B2uTMvWlAHb7WlpupJV1A2Hbi3K3U1vCyoFV0wCapcw/edit#gid=1521895812
67,245,Suicune,suicune,Suicune,suicune,RU,7,12,4,"S2, S3, S6, S10",0,,10,6,picked,https://raw.githubusercontent.com/PokeAPI/pokeapi/master/data/v2/csv/pokemon_species_names.csv;https://raw.githubusercontent.com/PokeAPI/pokeapi/master/data/v2/csv/languages.csv;https://raw.githubusercontent.com/PokeAPI/pokeapi/master/data/v2/csv/pokemon.csv;https://raw.githubusercontent.com/PokeAPI/pokeapi/master/data/v2/csv/pokemon_forms.csv;https://raw.githubusercontent.com/PokeAPI/pokeapi/master/data/v2/csv/pokemon_form_names.csv;https://docs.google.com/spreadsheets/d/1FUsClf5qEny-BHY5Djp8rIwRJKBSJDvygJ8LBa62FEo/edit#gid=0;https://docs.google.com/spreadsheets/d/1odsNRAZStW1GzmpXwmg27dqjOlch7w8syZOZ5Z2OQRg/edit#gid=0;https://docs.google.com/spreadsheets/d/1JZpA-5XDldN2bjfvhvBPHYK-1AENETLnF1UxNEpWlNA/edit#gid=352888197;data/manual/team_pokemon_usage.csv;output/team-graphics/s3/GPL Teams Spieltag 14 (2).jpg;https://docs.google.com/spreadsheets/d/11wxsKyCydVmDjp4kGLJAOLPM_LgwCLN2GYpbDQkNtkk/edit#gid=1588964432;https://docs.google.com/spreadsheets/d/11wxsKyCydVmDjp4kGLJAOLPM_LgwCLN2GYpbDQkNtkk/edit#gid=1843013406;https://docs.google.com/spreadsheets/d/13smsrG2BGYxr_omJWcgr-sUDr39bvOJPNL5RPt4DSow/edit#gid=1934543062;https://docs.google.com/spreadsheets/d/1vJ-pioe3RZKSZ3LIGEA3FVTv_KEE_XKIQAXSIUNNd-Q/edit#gid=0
68,468,Togekiss,togekiss,Togekiss,togekiss,RU,7,12,6,"S1, S2, S3, S6, S7, S9",0,,10,7,picked,https://raw.githubusercontent.com/PokeAPI/pokeapi/master/data/v2/csv/pokemon_species_names.csv;https://raw.githubusercontent.com/PokeAPI/pokeapi/master/data/v2/csv/languages.csv;https://raw.githubusercontent.com/PokeAPI/pokeapi/master/data/v2/csv/pokemon.csv;https://raw.githubusercontent.com/PokeAPI/pokeapi/master/data/v2/csv/pokemon_forms.csv;https://raw.githubusercontent.com/PokeAPI/pokeapi/master/data/v2/csv/pokemon_form_names.csv;https://docs.google.com/spreadsheets/d/1kiwDk4NgYoKb0Oo9yqzwl9HXHxuQ_0I5gkb1JtE57PI/edit#gid=0;https://docs.google.com/spreadsheets/d/1FUsClf5qEny-BHY5Djp8rIwRJKBSJDvygJ8LBa62FEo/edit#gid=0;https://docs.google.com/spreadsheets/d/1odsNRAZStW1GzmpXwmg27dqjOlch7w8syZOZ5Z2OQRg/edit#gid=0;https://docs.google.com/spreadsheets/d/11wxsKyCydVmDjp4kGLJAOLPM_LgwCLN2GYpbDQkNtkk/edit#gid=1588964432;https://docs.google.com/spreadsheets/d/1nwiq_ggEj7QePeZGMR2xoi0bEHJr_ZGO24YCRdt93No/edit#gid=857670931;https://docs.google.com/spreadsheets/d/1uo7-E_E2jbehB2hbBurpPayP_0fKY5sPZcFgZmfLydY/edit#gid=1526488506;https://docs.google.com/spreadsheets/d/1uo7-E_E2jbehB2hbBurpPayP_0fKY5sPZcFgZmfLydY/edit#gid=520178140;https://docs.google.com/spreadsheets/d/1uo7-E_E2jbehB2hbBurpPayP_0fKY5sPZcFgZmfLydY/edit#gid=1696255979;https://docs.google.com/spreadsheets/d/1JZpA-5XDldN2bjfvhvBPHYK-1AENETLnF1UxNEpWlNA/edit#gid=352888197;data/manual/pokemon_killlists.csv;https://docs.google.com/spreadsheets/d/1n9SmK-ccTCn8Jjhs4U2LKnibXY8PvuBtV3V9MCOURRA/edit#gid=0;https://docs.google.com/spreadsheets/d/1vJ-pioe3RZKSZ3LIGEA3FVTv_KEE_XKIQAXSIUNNd-Q/edit#gid=0
69,481,Vesprit,vesprit,Mesprit,mesprit,RU,7,12,7,"S3, S4, S5, S6, S8, S9, S10",0,,8,8,picked,https://raw.githubusercontent.com/PokeAPI/pokeapi/master/data/v2/csv/pokemon_species_names.csv;https://raw.githubusercontent.com/PokeAPI/pokeapi/master/data/v2/csv/languages.csv;https://raw.githubusercontent.com/PokeAPI/pokeapi/master/data/v2/csv/pokemon.csv;https://raw.githubusercontent.com/PokeAPI/pokeapi/master/data/v2/csv/pokemon_forms.csv;https://raw.githubusercontent.com/PokeAPI/pokeapi/master/data/v2/csv/pokemon_form_names.csv;https://docs.google.com/spreadsheets/d/1JZpA-5XDldN2bjfvhvBPHYK-1AENETLnF1UxNEpWlNA/edit#gid=352888197;data/manual/team_pokemon_usage.csv;output/team-graphics/s3/GPL Teams Spieltag 14 (1).jpg;output/team-graphics/s4/Prekani - PresentLP.png;https://docs.google.com/spreadsheets/d/11wxsKyCydVmDjp4kGLJAOLPM_LgwCLN2GYpbDQkNtkk/edit#gid=1588964432;https://docs.google.com/spreadsheets/d/11wxsKyCydVmDjp4kGLJAOLPM_LgwCLN2GYpbDQkNtkk/edit#gid=1843013406;https://docs.google.com/spreadsheets/d/1B2uTMvWlAHb7WlpupJV1A2Hbi3K3U1vCyoFV0wCapcw/edit#gid=1846395979;https://docs.google.com/spreadsheets/d/1uo7-E_E2jbehB2hbBurpPayP_0fKY5sPZcFgZmfLydY/edit#gid=1526488506;https://docs.google.com/spreadsheets/d/1uo7-E_E2jbehB2hbBurpPayP_0fKY5sPZcFgZmfLydY/edit#gid=520178140;https://docs.google.com/spreadsheets/d/1uo7-E_E2jbehB2hbBurpPayP_0fKY5sPZcFgZmfLydY/edit#gid=1696255979;https://docs.google.com/spreadsheets/d/13smsrG2BGYxr_omJWcgr-sUDr39bvOJPNL5RPt4DSow/edit#gid=71150222;https://docs.google.com/spreadsheets/d/13smsrG2BGYxr_omJWcgr-sUDr39bvOJPNL5RPt4DSow/edit#gid=1934543062;data/manual/pokemon_killlists.csv;https://docs.google.com/spreadsheets/d/1B2uTMvWlAHb7WlpupJV1A2Hbi3K3U1vCyoFV0wCapcw/edit#gid=1271313224
70,35,Piepi,piepi,Clefairy,clefairy,NFE,14,12,7,"S3, S4, S6, S7, S8, S9, S10",1,S8,7,8,picked,https://raw.githubusercontent.com/PokeAPI/pokeapi/master/data/v2/csv/pokemon_species_names.csv;https://raw.githubusercontent.com/PokeAPI/pokeapi/master/data/v2/csv/languages.csv;https://raw.githubusercontent.com/PokeAPI/pokeapi/master/data/v2/csv/pokemon.csv;https://raw.githubusercontent.com/PokeAPI/pokeapi/master/data/v2/csv/pokemon_forms.csv;https://raw.githubusercontent.com/PokeAPI/pokeapi/master/data/v2/csv/pokemon_form_names.csv;https://docs.google.com/spreadsheets/d/1JZpA-5XDldN2bjfvhvBPHYK-1AENETLnF1UxNEpWlNA/edit#gid=352888197;data/manual/team_pokemon_usage.csv;output/team-graphics/s3/GPL Teams Spieltag 14 (2).jpg;https://docs.google.com/spreadsheets/d/11wxsKyCydVmDjp4kGLJAOLPM_LgwCLN2GYpbDQkNtkk/edit#gid=1588964432;https://docs.google.com/spreadsheets/d/1nwiq_ggEj7QePeZGMR2xoi0bEHJr_ZGO24YCRdt93No/edit#gid=857670931;https://docs.google.com/spreadsheets/d/1B2uTMvWlAHb7WlpupJV1A2Hbi3K3U1vCyoFV0wCapcw/edit#gid=26363830;https://docs.google.com/spreadsheets/d/1B2uTMvWlAHb7WlpupJV1A2Hbi3K3U1vCyoFV0wCapcw/edit#gid=1846395979;https://docs.google.com/spreadsheets/d/1uo7-E_E2jbehB2hbBurpPayP_0fKY5sPZcFgZmfLydY/edit#gid=1526488506;https://docs.google.com/spreadsheets/d/1uo7-E_E2jbehB2hbBurpPayP_0fKY5sPZcFgZmfLydY/edit#gid=520178140;https://docs.google.com/spreadsheets/d/1uo7-E_E2jbehB2hbBurpPayP_0fKY5sPZcFgZmfLydY/edit#gid=1696255979;https://docs.google.com/spreadsheets/d/13smsrG2BGYxr_omJWcgr-sUDr39bvOJPNL5RPt4DSow/edit#gid=1934543062;data/manual/pokemon_killlists.csv;https://docs.google.com/spreadsheets/d/1B2uTMvWlAHb7WlpupJV1A2Hbi3K3U1vCyoFV0wCapcw/edit#gid=1521895812;https://docs.google.com/spreadsheets/d/1B2uTMvWlAHb7WlpupJV1A2Hbi3K3U1vCyoFV0wCapcw/edit#gid=1271313224
71,215,Sniebel,sniebel,Sneasel,sneasel,NFE,14,12,7,"S3, S4, S5, S6, S7, S8, S9",0,,8,8,picked,https://raw.githubusercontent.com/PokeAPI/pokeapi/master/data/v2/csv/pokemon_species_names.csv;https://raw.githubusercontent.com/PokeAPI/pokeapi/master/data/v2/csv/languages.csv;https://raw.githubusercontent.com/PokeAPI/pokeapi/master/data/v2/csv/pokemon.csv;https://raw.githubusercontent.com/PokeAPI/pokeapi/master/data/v2/csv/pokemon_forms.csv;https://raw.githubusercontent.com/PokeAPI/pokeapi/master/data/v2/csv/pokemon_form_names.csv;https://docs.google.com/spreadsheets/d/1JZpA-5XDldN2bjfvhvBPHYK-1AENETLnF1UxNEpWlNA/edit#gid=352888197;data/manual/team_pokemon_usage.csv;output/team-graphics/s3/GPL Teams Spieltag 14 (1).jpg;output/team-graphics/s5/SoulStealer.png;https://docs.google.com/spreadsheets/d/11wxsKyCydVmDjp4kGLJAOLPM_LgwCLN2GYpbDQkNtkk/edit#gid=1588964432;https://docs.google.com/spreadsheets/d/1nwiq_ggEj7QePeZGMR2xoi0bEHJr_ZGO24YCRdt93No/edit#gid=857670931;https://docs.google.com/spreadsheets/d/1B2uTMvWlAHb7WlpupJV1A2Hbi3K3U1vCyoFV0wCapcw/edit#gid=26363830;https://docs.google.com/spreadsheets/d/1B2uTMvWlAHb7WlpupJV1A2Hbi3K3U1vCyoFV0wCapcw/edit#gid=1846395979;https://docs.google.com/spreadsheets/d/1uo7-E_E2jbehB2hbBurpPayP_0fKY5sPZcFgZmfLydY/edit#gid=1526488506;https://docs.google.com/spreadsheets/d/1uo7-E_E2jbehB2hbBurpPayP_0fKY5sPZcFgZmfLydY/edit#gid=520178140;https://docs.google.com/spreadsheets/d/1uo7-E_E2jbehB2hbBurpPayP_0fKY5sPZcFgZmfLydY/edit#gid=1696255979;data/manual/pokemon_killlists.csv;https://docs.google.com/spreadsheets/d/1B2uTMvWlAHb7WlpupJV1A2Hbi3K3U1vCyoFV0wCapcw/edit#gid=1521895812;https://docs.google.com/spreadsheets/d/1B2uTMvWlAHb7WlpupJV1A2Hbi3K3U1vCyoFV0wCapcw/edit#gid=1271313224
72,785,Kapu-Riki,kapuriki,Tapu Koko,tapukoko,OU,3,11,5,"S4, S5, S6, S8, S9",0,,8,7,picked,https://raw.githubusercontent.com/PokeAPI/pokeapi/master/data/v2/csv/pokemon_species_names.csv;https://raw.githubusercontent.com/PokeAPI/pokeapi/master/data/v2/csv/languages.csv;https://raw.githubusercontent.com/PokeAPI/pokeapi/master/data/v2/csv/pokemon.csv;https://raw.githubusercontent.com/PokeAPI/pokeapi/master/data/v2/csv/pokemon_forms.csv;https://raw.githubusercontent.com/PokeAPI/pokeapi/master/data/v2/csv/pokemon_form_names.csv;https://docs.google.com/spreadsheets/d/1JZpA-5XDldN2bjfvhvBPHYK-1AENETLnF1UxNEpWlNA/edit#gid=352888197;data/manual/team_pokemon_usage.csv;output/team-graphics/s4/Suicide Squad - CaptainCrinch.png;output/team-graphics/s5/Cabgosport.png;https://docs.google.com/spreadsheets/d/11wxsKyCydVmDjp4kGLJAOLPM_LgwCLN2GYpbDQkNtkk/edit#gid=1588964432;https://docs.google.com/spreadsheets/d/11wxsKyCydVmDjp4kGLJAOLPM_LgwCLN2GYpbDQkNtkk/edit#gid=1843013406;https://docs.google.com/spreadsheets/d/1B2uTMvWlAHb7WlpupJV1A2Hbi3K3U1vCyoFV0wCapcw/edit#gid=26363830;https://docs.google.com/spreadsheets/d/1B2uTMvWlAHb7WlpupJV1A2Hbi3K3U1vCyoFV0wCapcw/edit#gid=1846395979;https://docs.google.com/spreadsheets/d/1uo7-E_E2jbehB2hbBurpPayP_0fKY5sPZcFgZmfLydY/edit#gid=1526488506;https://docs.google.com/spreadsheets/d/1uo7-E_E2jbehB2hbBurpPayP_0fKY5sPZcFgZmfLydY/edit#gid=520178140;https://docs.google.com/spreadsheets/d/1uo7-E_E2jbehB2hbBurpPayP_0fKY5sPZcFgZmfLydY/edit#gid=1696255979;https://docs.google.com/spreadsheets/d/1B2uTMvWlAHb7WlpupJV1A2Hbi3K3U1vCyoFV0wCapcw/edit#gid=1521895812;https://docs.google.com/spreadsheets/d/1B2uTMvWlAHb7WlpupJV1A2Hbi3K3U1vCyoFV0wCapcw/edit#gid=1271313224
73,823,Krarmor,krarmor,Corviknight,corviknight,OU,3,11,4,"S7, S8, S9, S10",0,,6,6,picked,https://raw.githubusercontent.com/PokeAPI/pokeapi/master/data/v2/csv/pokemon_species_names.csv;https://raw.githubusercontent.com/PokeAPI/pokeapi/master/data/v2/csv/languages.csv;https://raw.githubusercontent.com/PokeAPI/pokeapi/master/data/v2/csv/pokemon.csv;https://raw.githubusercontent.com/PokeAPI/pokeapi/master/data/v2/csv/pokemon_forms.csv;https://raw.githubusercontent.com/PokeAPI/pokeapi/master/data/v2/csv/pokemon_form_names.csv;https://docs.google.com/spreadsheets/d/1nwiq_ggEj7QePeZGMR2xoi0bEHJr_ZGO24YCRdt93No/edit#gid=857670931;https://docs.google.com/spreadsheets/d/1B2uTMvWlAHb7WlpupJV1A2Hbi3K3U1vCyoFV0wCapcw/edit#gid=26363830;https://docs.google.com/spreadsheets/d/1B2uTMvWlAHb7WlpupJV1A2Hbi3K3U1vCyoFV0wCapcw/edit#gid=1846395979;https://docs.google.com/spreadsheets/d/1uo7-E_E2jbehB2hbBurpPayP_0fKY5sPZcFgZmfLydY/edit#gid=1526488506;https://docs.google.com/spreadsheets/d/1uo7-E_E2jbehB2hbBurpPayP_0fKY5sPZcFgZmfLydY/edit#gid=520178140;https://docs.google.com/spreadsheets/d/1uo7-E_E2jbehB2hbBurpPayP_0fKY5sPZcFgZmfLydY/edit#gid=1696255979;https://docs.google.com/spreadsheets/d/13smsrG2BGYxr_omJWcgr-sUDr39bvOJPNL5RPt4DSow/edit#gid=71150222;https://docs.google.com/spreadsheets/d/13smsrG2BGYxr_omJWcgr-sUDr39bvOJPNL5RPt4DSow/edit#gid=1934543062;https://docs.google.com/spreadsheets/d/1B2uTMvWlAHb7WlpupJV1A2Hbi3K3U1vCyoFV0wCapcw/edit#gid=1521895812;https://docs.google.com/spreadsheets/d/1B2uTMvWlAHb7WlpupJV1A2Hbi3K3U1vCyoFV0wCapcw/edit#gid=1271313224;https://docs.google.com/spreadsheets/d/13smsrG2BGYxr_omJWcgr-sUDr39bvOJPNL5RPt4DSow/edit#gid=1953790464
74,646,Kyurem,kyurem,Kyurem,kyurem,OU,3,11,5,"S5, S6, S7, S8, S9",0,,7,7,picked,https://raw.githubusercontent.com/PokeAPI/pokeapi/master/data/v2/csv/pokemon_species_names.csv;https://raw.githubusercontent.com/PokeAPI/pokeapi/master/data/v2/csv/languages.csv;https://raw.githubusercontent.com/PokeAPI/pokeapi/master/data/v2/csv/pokemon.csv;https://raw.githubusercontent.com/PokeAPI/pokeapi/master/data/v2/csv/pokemon_forms.csv;https://raw.githubusercontent.com/PokeAPI/pokeapi/master/data/v2/csv/pokemon_form_names.csv;https://docs.google.com/spreadsheets/d/1JZpA-5XDldN2bjfvhvBPHYK-1AENETLnF1UxNEpWlNA/edit#gid=352888197;data/manual/team_pokemon_usage.csv;output/team-graphics/s5/Cabgosport.png;https://docs.google.com/spreadsheets/d/11wxsKyCydVmDjp4kGLJAOLPM_LgwCLN2GYpbDQkNtkk/edit#gid=1588964432;https://docs.google.com/spreadsheets/d/11wxsKyCydVmDjp4kGLJAOLPM_LgwCLN2GYpbDQkNtkk/edit#gid=1843013406;https://docs.google.com/spreadsheets/d/1nwiq_ggEj7QePeZGMR2xoi0bEHJr_ZGO24YCRdt93No/edit#gid=857670931;https://docs.google.com/spreadsheets/d/1B2uTMvWlAHb7WlpupJV1A2Hbi3K3U1vCyoFV0wCapcw/edit#gid=26363830;https://docs.google.com/spreadsheets/d/1B2uTMvWlAHb7WlpupJV1A2Hbi3K3U1vCyoFV0wCapcw/edit#gid=1846395979;https://docs.google.com/spreadsheets/d/1uo7-E_E2jbehB2hbBurpPayP_0fKY5sPZcFgZmfLydY/edit#gid=1526488506;https://docs.google.com/spreadsheets/d/1uo7-E_E2jbehB2hbBurpPayP_0fKY5sPZcFgZmfLydY/edit#gid=520178140;https://docs.google.com/spreadsheets/d/1uo7-E_E2jbehB2hbBurpPayP_0fKY5sPZcFgZmfLydY/edit#gid=1696255979;https://docs.google.com/spreadsheets/d/1B2uTMvWlAHb7WlpupJV1A2Hbi3K3U1vCyoFV0wCapcw/edit#gid=1521895812;https://docs.google.com/spreadsheets/d/1B2uTMvWlAHb7WlpupJV1A2Hbi3K3U1vCyoFV0wCapcw/edit#gid=1271313224
75,658,Quajutsu,quajutsu,Greninja,greninja,UUBL,4,11,4,"S1, S3, S5, S6",1,S1,8,8,picked,https://raw.githubusercontent.com/PokeAPI/pokeapi/master/data/v2/csv/pokemon_species_names.csv;https://raw.githubusercontent.com/PokeAPI/pokeapi/master/data/v2/csv/languages.csv;https://raw.githubusercontent.com/PokeAPI/pokeapi/master/data/v2/csv/pokemon.csv;https://raw.githubusercontent.com/PokeAPI/pokeapi/master/data/v2/csv/pokemon_forms.csv;https://raw.githubusercontent.com/PokeAPI/pokeapi/master/data/v2/csv/pokemon_form_names.csv;https://docs.google.com/spreadsheets/d/1kiwDk4NgYoKb0Oo9yqzwl9HXHxuQ_0I5gkb1JtE57PI/edit#gid=0;https://docs.google.com/spreadsheets/d/1JZpA-5XDldN2bjfvhvBPHYK-1AENETLnF1UxNEpWlNA/edit#gid=352888197;data/manual/team_pokemon_usage.csv;output/team-graphics/s5/Marvelous Speedsters.png;https://docs.google.com/spreadsheets/d/11wxsKyCydVmDjp4kGLJAOLPM_LgwCLN2GYpbDQkNtkk/edit#gid=1588964432;https://docs.google.com/spreadsheets/d/11wxsKyCydVmDjp4kGLJAOLPM_LgwCLN2GYpbDQkNtkk/edit#gid=1843013406;data/manual/pokemon_killlists.csv;https://docs.google.com/spreadsheets/d/1n9SmK-ccTCn8Jjhs4U2LKnibXY8PvuBtV3V9MCOURRA/edit#gid=0
76,797,Kaguron,kaguron,Celesteela,celesteela,UU,5,11,4,"S4, S6, S8, S9",0,,7,6,picked,https://raw.githubusercontent.com/PokeAPI/pokeapi/master/data/v2/csv/pokemon_species_names.csv;https://raw.githubusercontent.com/PokeAPI/pokeapi/master/data/v2/csv/languages.csv;https://raw.githubusercontent.com/PokeAPI/pokeapi/master/data/v2/csv/pokemon.csv;https://raw.githubusercontent.com/PokeAPI/pokeapi/master/data/v2/csv/pokemon_forms.csv;https://raw.githubusercontent.com/PokeAPI/pokeapi/master/data/v2/csv/pokemon_form_names.csv;https://docs.google.com/spreadsheets/d/1JZpA-5XDldN2bjfvhvBPHYK-1AENETLnF1UxNEpWlNA/edit#gid=352888197;data/manual/team_pokemon_usage.csv;output/team-graphics/s4/Slicing Knights - Cabgolord.png;https://docs.google.com/spreadsheets/d/11wxsKyCydVmDjp4kGLJAOLPM_LgwCLN2GYpbDQkNtkk/edit#gid=1843013406;https://docs.google.com/spreadsheets/d/1B2uTMvWlAHb7WlpupJV1A2Hbi3K3U1vCyoFV0wCapcw/edit#gid=26363830;https://docs.google.com/spreadsheets/d/1B2uTMvWlAHb7WlpupJV1A2Hbi3K3U1vCyoFV0wCapcw/edit#gid=1846395979;https://docs.google.com/spreadsheets/d/1uo7-E_E2jbehB2hbBurpPayP_0fKY5sPZcFgZmfLydY/edit#gid=1526488506;https://docs.google.com/spreadsheets/d/1uo7-E_E2jbehB2hbBurpPayP_0fKY5sPZcFgZmfLydY/edit#gid=520178140;https://docs.google.com/spreadsheets/d/1uo7-E_E2jbehB2hbBurpPayP_0fKY5sPZcFgZmfLydY/edit#gid=1696255979;https://docs.google.com/spreadsheets/d/1B2uTMvWlAHb7WlpupJV1A2Hbi3K3U1vCyoFV0wCapcw/edit#gid=1521895812;https://docs.google.com/spreadsheets/d/1B2uTMvWlAHb7WlpupJV1A2Hbi3K3U1vCyoFV0wCapcw/edit#gid=1271313224
77,474,Porygon-Z,porygonz,Porygon-Z,porygonz,UU,5,11,5,"S2, S5, S8, S9, S10",0,,6,6,picked,https://raw.githubusercontent.com/PokeAPI/pokeapi/master/data/v2/csv/pokemon_species_names.csv;https://raw.githubusercontent.com/PokeAPI/pokeapi/master/data/v2/csv/languages.csv;https://raw.githubusercontent.com/PokeAPI/pokeapi/master/data/v2/csv/pokemon.csv;https://raw.githubusercontent.com/PokeAPI/pokeapi/master/data/v2/csv/pokemon_forms.csv;https://raw.githubusercontent.com/PokeAPI/pokeapi/master/data/v2/csv/pokemon_form_names.csv;https://docs.google.com/spreadsheets/d/1FUsClf5qEny-BHY5Djp8rIwRJKBSJDvygJ8LBa62FEo/edit#gid=0;https://docs.google.com/spreadsheets/d/1B2uTMvWlAHb7WlpupJV1A2Hbi3K3U1vCyoFV0wCapcw/edit#gid=26363830;https://docs.google.com/spreadsheets/d/1B2uTMvWlAHb7WlpupJV1A2Hbi3K3U1vCyoFV0wCapcw/edit#gid=1846395979;https://docs.google.com/spreadsheets/d/1uo7-E_E2jbehB2hbBurpPayP_0fKY5sPZcFgZmfLydY/edit#gid=1526488506;https://docs.google.com/spreadsheets/d/1uo7-E_E2jbehB2hbBurpPayP_0fKY5sPZcFgZmfLydY/edit#gid=520178140;https://docs.google.com/spreadsheets/d/1uo7-E_E2jbehB2hbBurpPayP_0fKY5sPZcFgZmfLydY/edit#gid=1696255979;https://docs.google.com/spreadsheets/d/13smsrG2BGYxr_omJWcgr-sUDr39bvOJPNL5RPt4DSow/edit#gid=1934543062;https://docs.google.com/spreadsheets/d/1JZpA-5XDldN2bjfvhvBPHYK-1AENETLnF1UxNEpWlNA/edit#gid=352888197;data/manual/pokemon_killlists.csv;https://docs.google.com/spreadsheets/d/1B2uTMvWlAHb7WlpupJV1A2Hbi3K3U1vCyoFV0wCapcw/edit#gid=1521895812;https://docs.google.com/spreadsheets/d/1B2uTMvWlAHb7WlpupJV1A2Hbi3K3U1vCyoFV0wCapcw/edit#gid=1271313224;https://docs.google.com/spreadsheets/d/1vJ-pioe3RZKSZ3LIGEA3FVTv_KEE_XKIQAXSIUNNd-Q/edit#gid=0
78,807,Zeraora,zeraora,Zeraora,zeraora,UU,5,11,4,"S6, S7, S8, S9",2,"S8, S9",7,6,picked,https://raw.githubusercontent.com/PokeAPI/pokeapi/master/data/v2/csv/pokemon_species_names.csv;https://raw.githubusercontent.com/PokeAPI/pokeapi/master/data/v2/csv/languages.csv;https://raw.githubusercontent.com/PokeAPI/pokeapi/master/data/v2/csv/pokemon.csv;https://raw.githubusercontent.com/PokeAPI/pokeapi/master/data/v2/csv/pokemon_forms.csv;https://raw.githubusercontent.com/PokeAPI/pokeapi/master/data/v2/csv/pokemon_form_names.csv;https://docs.google.com/spreadsheets/d/11wxsKyCydVmDjp4kGLJAOLPM_LgwCLN2GYpbDQkNtkk/edit#gid=1588964432;https://docs.google.com/spreadsheets/d/11wxsKyCydVmDjp4kGLJAOLPM_LgwCLN2GYpbDQkNtkk/edit#gid=1843013406;https://docs.google.com/spreadsheets/d/1nwiq_ggEj7QePeZGMR2xoi0bEHJr_ZGO24YCRdt93No/edit#gid=857670931;https://docs.google.com/spreadsheets/d/1B2uTMvWlAHb7WlpupJV1A2Hbi3K3U1vCyoFV0wCapcw/edit#gid=26363830;https://docs.google.com/spreadsheets/d/1B2uTMvWlAHb7WlpupJV1A2Hbi3K3U1vCyoFV0wCapcw/edit#gid=1846395979;https://docs.google.com/spreadsheets/d/1uo7-E_E2jbehB2hbBurpPayP_0fKY5sPZcFgZmfLydY/edit#gid=1526488506;https://docs.google.com/spreadsheets/d/1uo7-E_E2jbehB2hbBurpPayP_0fKY5sPZcFgZmfLydY/edit#gid=520178140;https://docs.google.com/spreadsheets/d/1uo7-E_E2jbehB2hbBurpPayP_0fKY5sPZcFgZmfLydY/edit#gid=1696255979;https://docs.google.com/spreadsheets/d/1B2uTMvWlAHb7WlpupJV1A2Hbi3K3U1vCyoFV0wCapcw/edit#gid=1521895812;https://docs.google.com/spreadsheets/d/1B2uTMvWlAHb7WlpupJV1A2Hbi3K3U1vCyoFV0wCapcw/edit#gid=1271313224
79,53,Alola Snobilikat,alolasnobilikat,persian-alola,persianalola,RU,7,11,4,"S6, S8, S9, S10",0,,6,6,picked,https://raw.githubusercontent.com/PokeAPI/pokeapi/master/data/v2/csv/pokemon_species_names.csv;https://raw.githubusercontent.com/PokeAPI/pokeapi/master/data/v2/csv/languages.csv;https://raw.githubusercontent.com/PokeAPI/pokeapi/master/data/v2/csv/pokemon.csv;https://raw.githubusercontent.com/PokeAPI/pokeapi/master/data/v2/csv/pokemon_forms.csv;https://raw.githubusercontent.com/PokeAPI/pokeapi/master/data/v2/csv/pokemon_form_names.csv;https://docs.google.com/spreadsheets/d/11wxsKyCydVmDjp4kGLJAOLPM_LgwCLN2GYpbDQkNtkk/edit#gid=1843013406;https://docs.google.com/spreadsheets/d/11wxsKyCydVmDjp4kGLJAOLPM_LgwCLN2GYpbDQkNtkk/edit#gid=654435343;https://docs.google.com/spreadsheets/d/1B2uTMvWlAHb7WlpupJV1A2Hbi3K3U1vCyoFV0wCapcw/edit#gid=26363830;https://docs.google.com/spreadsheets/d/1B2uTMvWlAHb7WlpupJV1A2Hbi3K3U1vCyoFV0wCapcw/edit#gid=1846395979;https://docs.google.com/spreadsheets/d/1uo7-E_E2jbehB2hbBurpPayP_0fKY5sPZcFgZmfLydY/edit#gid=1526488506;https://docs.google.com/spreadsheets/d/1uo7-E_E2jbehB2hbBurpPayP_0fKY5sPZcFgZmfLydY/edit#gid=520178140;https://docs.google.com/spreadsheets/d/1uo7-E_E2jbehB2hbBurpPayP_0fKY5sPZcFgZmfLydY/edit#gid=1696255979;https://docs.google.com/spreadsheets/d/13smsrG2BGYxr_omJWcgr-sUDr39bvOJPNL5RPt4DSow/edit#gid=71150222;https://docs.google.com/spreadsheets/d/13smsrG2BGYxr_omJWcgr-sUDr39bvOJPNL5RPt4DSow/edit#gid=1934543062;https://docs.google.com/spreadsheets/d/1B2uTMvWlAHb7WlpupJV1A2Hbi3K3U1vCyoFV0wCapcw/edit#gid=1521895812;https://docs.google.com/spreadsheets/d/1B2uTMvWlAHb7WlpupJV1A2Hbi3K3U1vCyoFV0wCapcw/edit#gid=1271313224
80,758,Amfira,amfira,Salazzle,salazzle,RU,7,11,7,"S4, S5, S6, S7, S8, S9, S10",2,"S4, S10",7,7,picked,https://raw.githubusercontent.com/PokeAPI/pokeapi/master/data/v2/csv/pokemon_species_names.csv;https://raw.githubusercontent.com/PokeAPI/pokeapi/master/data/v2/csv/languages.csv;https://raw.githubusercontent.com/PokeAPI/pokeapi/master/data/v2/csv/pokemon.csv;https://raw.githubusercontent.com/PokeAPI/pokeapi/master/data/v2/csv/pokemon_forms.csv;https://raw.githubusercontent.com/PokeAPI/pokeapi/master/data/v2/csv/pokemon_form_names.csv;https://docs.google.com/spreadsheets/d/1JZpA-5XDldN2bjfvhvBPHYK-1AENETLnF1UxNEpWlNA/edit#gid=352888197;data/manual/team_pokemon_usage.csv;output/team-graphics/s4/Ritter der Tapukokosnuss - FullLifeGames.png;output/team-graphics/s5/Energie Tobutz.png;https://docs.google.com/spreadsheets/d/11wxsKyCydVmDjp4kGLJAOLPM_LgwCLN2GYpbDQkNtkk/edit#gid=1588964432;https://docs.google.com/spreadsheets/d/1nwiq_ggEj7QePeZGMR2xoi0bEHJr_ZGO24YCRdt93No/edit#gid=857670931;https://docs.google.com/spreadsheets/d/1B2uTMvWlAHb7WlpupJV1A2Hbi3K3U1vCyoFV0wCapcw/edit#gid=1846395979;https://docs.google.com/spreadsheets/d/1uo7-E_E2jbehB2hbBurpPayP_0fKY5sPZcFgZmfLydY/edit#gid=1526488506;https://docs.google.com/spreadsheets/d/1uo7-E_E2jbehB2hbBurpPayP_0fKY5sPZcFgZmfLydY/edit#gid=520178140;https://docs.google.com/spreadsheets/d/1uo7-E_E2jbehB2hbBurpPayP_0fKY5sPZcFgZmfLydY/edit#gid=1696255979;https://docs.google.com/spreadsheets/d/13smsrG2BGYxr_omJWcgr-sUDr39bvOJPNL5RPt4DSow/edit#gid=71150222;https://docs.google.com/spreadsheets/d/13smsrG2BGYxr_omJWcgr-sUDr39bvOJPNL5RPt4DSow/edit#gid=1934543062;https://docs.google.com/spreadsheets/d/1B2uTMvWlAHb7WlpupJV1A2Hbi3K3U1vCyoFV0wCapcw/edit#gid=1271313224
81,663,Fiaro,fiaro,Talonflame,talonflame,RU,7,11,7,"S1, S2, S3, S4, S6, S8, S10",0,,8,7,picked,https://raw.githubusercontent.com/PokeAPI/pokeapi/master/data/v2/csv/pokemon_species_names.csv;https://raw.githubusercontent.com/PokeAPI/pokeapi/master/data/v2/csv/languages.csv;https://raw.githubusercontent.com/PokeAPI/pokeapi/master/data/v2/csv/pokemon.csv;https://raw.githubusercontent.com/PokeAPI/pokeapi/master/data/v2/csv/pokemon_forms.csv;https://raw.githubusercontent.com/PokeAPI/pokeapi/master/data/v2/csv/pokemon_form_names.csv;https://docs.google.com/spreadsheets/d/1kiwDk4NgYoKb0Oo9yqzwl9HXHxuQ_0I5gkb1JtE57PI/edit#gid=0;https://docs.google.com/spreadsheets/d/1FUsClf5qEny-BHY5Djp8rIwRJKBSJDvygJ8LBa62FEo/edit#gid=0;https://docs.google.com/spreadsheets/d/1JZpA-5XDldN2bjfvhvBPHYK-1AENETLnF1UxNEpWlNA/edit#gid=352888197;data/manual/team_pokemon_usage.csv;output/team-graphics/s4/Suicide Squad - CaptainCrinch.png;https://docs.google.com/spreadsheets/d/11wxsKyCydVmDjp4kGLJAOLPM_LgwCLN2GYpbDQkNtkk/edit#gid=1843013406;https://docs.google.com/spreadsheets/d/1B2uTMvWlAHb7WlpupJV1A2Hbi3K3U1vCyoFV0wCapcw/edit#gid=26363830;https://docs.google.com/spreadsheets/d/13smsrG2BGYxr_omJWcgr-sUDr39bvOJPNL5RPt4DSow/edit#gid=71150222;output/team-graphics/s3/GPL Teams Spieltag 14 (1).jpg;data/manual/pokemon_killlists.csv;https://docs.google.com/spreadsheets/d/1B2uTMvWlAHb7WlpupJV1A2Hbi3K3U1vCyoFV0wCapcw/edit#gid=1521895812;https://docs.google.com/spreadsheets/d/13smsrG2BGYxr_omJWcgr-sUDr39bvOJPNL5RPt4DSow/edit#gid=1953790464;https://docs.google.com/spreadsheets/d/1n9SmK-ccTCn8Jjhs4U2LKnibXY8PvuBtV3V9MCOURRA/edit#gid=0;https://docs.google.com/spreadsheets/d/1vJ-pioe3RZKSZ3LIGEA3FVTv_KEE_XKIQAXSIUNNd-Q/edit#gid=0
82,727,Fuegro,fuegro,Incineroar,incineroar,RU,7,11,6,"S4, S5, S6, S7, S8, S9",0,,7,6,picked,https://raw.githubusercontent.com/PokeAPI/pokeapi/master/data/v2/csv/pokemon_species_names.csv;https://raw.githubusercontent.com/PokeAPI/pokeapi/master/data/v2/csv/languages.csv;https://raw.githubusercontent.com/PokeAPI/pokeapi/master/data/v2/csv/pokemon.csv;https://raw.githubusercontent.com/PokeAPI/pokeapi/master/data/v2/csv/pokemon_forms.csv;https://raw.githubusercontent.com/PokeAPI/pokeapi/master/data/v2/csv/pokemon_form_names.csv;https://docs.google.com/spreadsheets/d/1JZpA-5XDldN2bjfvhvBPHYK-1AENETLnF1UxNEpWlNA/edit#gid=352888197;data/manual/team_pokemon_usage.csv;output/team-graphics/s4/Slicing Knights - Cabgolord.png;output/team-graphics/s5/Triyolotree.png;https://docs.google.com/spreadsheets/d/11wxsKyCydVmDjp4kGLJAOLPM_LgwCLN2GYpbDQkNtkk/edit#gid=1588964432;https://docs.google.com/spreadsheets/d/1nwiq_ggEj7QePeZGMR2xoi0bEHJr_ZGO24YCRdt93No/edit#gid=857670931;https://docs.google.com/spreadsheets/d/1B2uTMvWlAHb7WlpupJV1A2Hbi3K3U1vCyoFV0wCapcw/edit#gid=26363830;https://docs.google.com/spreadsheets/d/1B2uTMvWlAHb7WlpupJV1A2Hbi3K3U1vCyoFV0wCapcw/edit#gid=1846395979;https://docs.google.com/spreadsheets/d/1uo7-E_E2jbehB2hbBurpPayP_0fKY5sPZcFgZmfLydY/edit#gid=1526488506;https://docs.google.com/spreadsheets/d/1uo7-E_E2jbehB2hbBurpPayP_0fKY5sPZcFgZmfLydY/edit#gid=520178140;https://docs.google.com/spreadsheets/d/1uo7-E_E2jbehB2hbBurpPayP_0fKY5sPZcFgZmfLydY/edit#gid=1696255979;https://docs.google.com/spreadsheets/d/1B2uTMvWlAHb7WlpupJV1A2Hbi3K3U1vCyoFV0wCapcw/edit#gid=1521895812;https://docs.google.com/spreadsheets/d/1B2uTMvWlAHb7WlpupJV1A2Hbi3K3U1vCyoFV0wCapcw/edit#gid=1271313224
83,171,Lanturn,lanturn,Lanturn,lanturn,RU,7,11,6,"S1, S3, S5, S6, S7, S8",0,,8,8,picked,https://raw.githubusercontent.com/PokeAPI/pokeapi/master/data/v2/csv/pokemon_species_names.csv;https://raw.githubusercontent.com/PokeAPI/pokeapi/master/data/v2/csv/languages.csv;https://raw.githubusercontent.com/PokeAPI/pokeapi/master/data/v2/csv/pokemon.csv;https://raw.githubusercontent.com/PokeAPI/pokeapi/master/data/v2/csv/pokemon_forms.csv;https://raw.githubusercontent.com/PokeAPI/pokeapi/master/data/v2/csv/pokemon_form_names.csv;https://docs.google.com/spreadsheets/d/1kiwDk4NgYoKb0Oo9yqzwl9HXHxuQ_0I5gkb1JtE57PI/edit#gid=0;https://docs.google.com/spreadsheets/d/1JZpA-5XDldN2bjfvhvBPHYK-1AENETLnF1UxNEpWlNA/edit#gid=352888197;data/manual/team_pokemon_usage.csv;output/team-graphics/s3/GPL Teams Spieltag 14 (2).jpg;https://docs.google.com/spreadsheets/d/11wxsKyCydVmDjp4kGLJAOLPM_LgwCLN2GYpbDQkNtkk/edit#gid=1588964432;https://docs.google.com/spreadsheets/d/11wxsKyCydVmDjp4kGLJAOLPM_LgwCLN2GYpbDQkNtkk/edit#gid=1843013406;https://docs.google.com/spreadsheets/d/1nwiq_ggEj7QePeZGMR2xoi0bEHJr_ZGO24YCRdt93No/edit#gid=857670931;https://docs.google.com/spreadsheets/d/1B2uTMvWlAHb7WlpupJV1A2Hbi3K3U1vCyoFV0wCapcw/edit#gid=26363830;https://docs.google.com/spreadsheets/d/1B2uTMvWlAHb7WlpupJV1A2Hbi3K3U1vCyoFV0wCapcw/edit#gid=1846395979;data/manual/pokemon_killlists.csv;https://docs.google.com/spreadsheets/d/1B2uTMvWlAHb7WlpupJV1A2Hbi3K3U1vCyoFV0wCapcw/edit#gid=1521895812;https://docs.google.com/spreadsheets/d/1B2uTMvWlAHb7WlpupJV1A2Hbi3K3U1vCyoFV0wCapcw/edit#gid=1271313224;https://docs.google.com/spreadsheets/d/1n9SmK-ccTCn8Jjhs4U2LKnibXY8PvuBtV3V9MCOURRA/edit#gid=0
84,452,Piondragi,piondragi,Drapion,drapion,RU,7,11,6,"S1, S5, S6, S7, S8, S9",0,,7,7,picked,https://raw.githubusercontent.com/PokeAPI/pokeapi/master/data/v2/csv/pokemon_species_names.csv;https://raw.githubusercontent.com/PokeAPI/pokeapi/master/data/v2/csv/languages.csv;https://raw.githubusercontent.com/PokeAPI/pokeapi/master/data/v2/csv/pokemon.csv;https://raw.githubusercontent.com/PokeAPI/pokeapi/master/data/v2/csv/pokemon_forms.csv;https://raw.githubusercontent.com/PokeAPI/pokeapi/master/data/v2/csv/pokemon_form_names.csv;https://docs.google.com/spreadsheets/d/11wxsKyCydVmDjp4kGLJAOLPM_LgwCLN2GYpbDQkNtkk/edit#gid=1843013406;https://docs.google.com/spreadsheets/d/1nwiq_ggEj7QePeZGMR2xoi0bEHJr_ZGO24YCRdt93No/edit#gid=857670931;https://docs.google.com/spreadsheets/d/1B2uTMvWlAHb7WlpupJV1A2Hbi3K3U1vCyoFV0wCapcw/edit#gid=26363830;https://docs.google.com/spreadsheets/d/1B2uTMvWlAHb7WlpupJV1A2Hbi3K3U1vCyoFV0wCapcw/edit#gid=1846395979;https://docs.google.com/spreadsheets/d/1uo7-E_E2jbehB2hbBurpPayP_0fKY5sPZcFgZmfLydY/edit#gid=1526488506;https://docs.google.com/spreadsheets/d/1uo7-E_E2jbehB2hbBurpPayP_0fKY5sPZcFgZmfLydY/edit#gid=520178140;https://docs.google.com/spreadsheets/d/1uo7-E_E2jbehB2hbBurpPayP_0fKY5sPZcFgZmfLydY/edit#gid=1696255979;https://docs.google.com/spreadsheets/d/1JZpA-5XDldN2bjfvhvBPHYK-1AENETLnF1UxNEpWlNA/edit#gid=352888197;data/manual/pokemon_killlists.csv;https://docs.google.com/spreadsheets/d/1B2uTMvWlAHb7WlpupJV1A2Hbi3K3U1vCyoFV0wCapcw/edit#gid=1521895812;https://docs.google.com/spreadsheets/d/1B2uTMvWlAHb7WlpupJV1A2Hbi3K3U1vCyoFV0wCapcw/edit#gid=1271313224;https://docs.google.com/spreadsheets/d/1n9SmK-ccTCn8Jjhs4U2LKnibXY8PvuBtV3V9MCOURRA/edit#gid=0
85,721,Volcanion,volcanion,Volcanion,volcanion,RU,7,11,5,"S4, S6, S8, S9, S10",2,"S9, S10",7,6,picked,https://raw.githubusercontent.com/PokeAPI/pokeapi/master/data/v2/csv/pokemon_species_names.csv;https://raw.githubusercontent.com/PokeAPI/pokeapi/master/data/v2/csv/languages.csv;https://raw.githubusercontent.com/PokeAPI/pokeapi/master/data/v2/csv/pokemon.csv;https://raw.githubusercontent.com/PokeAPI/pokeapi/master/data/v2/csv/pokemon_forms.csv;https://raw.githubusercontent.com/PokeAPI/pokeapi/master/data/v2/csv/pokemon_form_names.csv;https://docs.google.com/spreadsheets/d/11wxsKyCydVmDjp4kGLJAOLPM_LgwCLN2GYpbDQkNtkk/edit#gid=1588964432;https://docs.google.com/spreadsheets/d/1B2uTMvWlAHb7WlpupJV1A2Hbi3K3U1vCyoFV0wCapcw/edit#gid=1846395979;https://docs.google.com/spreadsheets/d/1uo7-E_E2jbehB2hbBurpPayP_0fKY5sPZcFgZmfLydY/edit#gid=1526488506;https://docs.google.com/spreadsheets/d/1uo7-E_E2jbehB2hbBurpPayP_0fKY5sPZcFgZmfLydY/edit#gid=520178140;https://docs.google.com/spreadsheets/d/1uo7-E_E2jbehB2hbBurpPayP_0fKY5sPZcFgZmfLydY/edit#gid=1696255979;https://docs.google.com/spreadsheets/d/13smsrG2BGYxr_omJWcgr-sUDr39bvOJPNL5RPt4DSow/edit#gid=71150222;https://docs.google.com/spreadsheets/d/13smsrG2BGYxr_omJWcgr-sUDr39bvOJPNL5RPt4DSow/edit#gid=1934543062;https://docs.google.com/spreadsheets/d/1JZpA-5XDldN2bjfvhvBPHYK-1AENETLnF1UxNEpWlNA/edit#gid=352888197;data/manual/pokemon_killlists.csv;https://docs.google.com/spreadsheets/d/1B2uTMvWlAHb7WlpupJV1A2Hbi3K3U1vCyoFV0wCapcw/edit#gid=1271313224;https://docs.google.com/spreadsheets/d/13smsrG2BGYxr_omJWcgr-sUDr39bvOJPNL5RPt4DSow/edit#gid=1953790464
86,596,Voltula,voltula,Galvantula,galvantula,RU,7,11,6,"S1, S2, S4, S6, S7, S8",0,,8,7,picked,https://raw.githubusercontent.com/PokeAPI/pokeapi/master/data/v2/csv/pokemon_species_names.csv;https://raw.githubusercontent.com/PokeAPI/pokeapi/master/data/v2/csv/languages.csv;https://raw.githubusercontent.com/PokeAPI/pokeapi/master/data/v2/csv/pokemon.csv;https://raw.githubusercontent.com/PokeAPI/pokeapi/master/data/v2/csv/pokemon_forms.csv;https://raw.githubusercontent.com/PokeAPI/pokeapi/master/data/v2/csv/pokemon_form_names.csv;https://docs.google.com/spreadsheets/d/1kiwDk4NgYoKb0Oo9yqzwl9HXHxuQ_0I5gkb1JtE57PI/edit#gid=0;https://docs.google.com/spreadsheets/d/1FUsClf5qEny-BHY5Djp8rIwRJKBSJDvygJ8LBa62FEo/edit#gid=0;https://docs.google.com/spreadsheets/d/1odsNRAZStW1GzmpXwmg27dqjOlch7w8syZOZ5Z2OQRg/edit#gid=0;https://docs.google.com/spreadsheets/d/1JZpA-5XDldN2bjfvhvBPHYK-1AENETLnF1UxNEpWlNA/edit#gid=352888197;data/manual/team_pokemon_usage.csv;output/team-graphics/s4/Surstars - SurskitTV.png;https://docs.google.com/spreadsheets/d/11wxsKyCydVmDjp4kGLJAOLPM_LgwCLN2GYpbDQkNtkk/edit#gid=1588964432;https://docs.google.com/spreadsheets/d/1nwiq_ggEj7QePeZGMR2xoi0bEHJr_ZGO24YCRdt93No/edit#gid=857670931;https://docs.google.com/spreadsheets/d/1B2uTMvWlAHb7WlpupJV1A2Hbi3K3U1vCyoFV0wCapcw/edit#gid=26363830;https://docs.google.com/spreadsheets/d/1B2uTMvWlAHb7WlpupJV1A2Hbi3K3U1vCyoFV0wCapcw/edit#gid=1521895812;https://docs.google.com/spreadsheets/d/1n9SmK-ccTCn8Jjhs4U2LKnibXY8PvuBtV3V9MCOURRA/edit#gid=0;https://docs.google.com/spreadsheets/d/14N_40jsahiN9DChpnNaPTnFy26If6imVHtqBGDWk6pg/edit#gid=0;https://docs.google.com/spreadsheets/d/1vJ-pioe3RZKSZ3LIGEA3FVTv_KEE_XKIQAXSIUNNd-Q/edit#gid=0
87,302,Zobiris,zobiris,Sableye,sableye,RU,7,11,5,"S1, S2, S6, S9, S10",0,,7,5,picked,https://raw.githubusercontent.com/PokeAPI/pokeapi/master/data/v2/csv/pokemon_species_names.csv;https://raw.githubusercontent.com/PokeAPI/pokeapi/master/data/v2/csv/languages.csv;https://raw.githubusercontent.com/PokeAPI/pokeapi/master/data/v2/csv/pokemon.csv;https://raw.githubusercontent.com/PokeAPI/pokeapi/master/data/v2/csv/pokemon_forms.csv;https://raw.githubusercontent.com/PokeAPI/pokeapi/master/data/v2/csv/pokemon_form_names.csv;https://docs.google.com/spreadsheets/d/1kiwDk4NgYoKb0Oo9yqzwl9HXHxuQ_0I5gkb1JtE57PI/edit#gid=0;https://docs.google.com/spreadsheets/d/1odsNRAZStW1GzmpXwmg27dqjOlch7w8syZOZ5Z2OQRg/edit#gid=0;https://docs.google.com/spreadsheets/d/11wxsKyCydVmDjp4kGLJAOLPM_LgwCLN2GYpbDQkNtkk/edit#gid=1843013406;https://docs.google.com/spreadsheets/d/1uo7-E_E2jbehB2hbBurpPayP_0fKY5sPZcFgZmfLydY/edit#gid=1526488506;https://docs.google.com/spreadsheets/d/1uo7-E_E2jbehB2hbBurpPayP_0fKY5sPZcFgZmfLydY/edit#gid=520178140;https://docs.google.com/spreadsheets/d/1uo7-E_E2jbehB2hbBurpPayP_0fKY5sPZcFgZmfLydY/edit#gid=1696255979;https://docs.google.com/spreadsheets/d/13smsrG2BGYxr_omJWcgr-sUDr39bvOJPNL5RPt4DSow/edit#gid=71150222;https://docs.google.com/spreadsheets/d/13smsrG2BGYxr_omJWcgr-sUDr39bvOJPNL5RPt4DSow/edit#gid=1934543062;https://docs.google.com/spreadsheets/d/1JZpA-5XDldN2bjfvhvBPHYK-1AENETLnF1UxNEpWlNA/edit#gid=352888197;https://docs.google.com/spreadsheets/d/1n9SmK-ccTCn8Jjhs4U2LKnibXY8PvuBtV3V9MCOURRA/edit#gid=0
88,645,Demeteros-I,demeterosi,landorus-incarnate,landorus,Uber,2,10,6,"S3, S4, S5, S6, S9, S10",1,S9,7,6,picked,https://raw.githubusercontent.com/PokeAPI/pokeapi/master/data/v2/csv/pokemon_species_names.csv;https://raw.githubusercontent.com/PokeAPI/pokeapi/master/data/v2/csv/languages.csv;https://raw.githubusercontent.com/PokeAPI/pokeapi/master/data/v2/csv/pokemon.csv;https://raw.githubusercontent.com/PokeAPI/pokeapi/master/data/v2/csv/pokemon_forms.csv;https://raw.githubusercontent.com/PokeAPI/pokeapi/master/data/v2/csv/pokemon_form_names.csv;https://docs.google.com/spreadsheets/d/1JZpA-5XDldN2bjfvhvBPHYK-1AENETLnF1UxNEpWlNA/edit#gid=352888197;data/manual/team_pokemon_usage.csv;output/team-graphics/s3/GPL Teams Spieltag 14 (1).jpg;https://docs.google.com/spreadsheets/d/11wxsKyCydVmDjp4kGLJAOLPM_LgwCLN2GYpbDQkNtkk/edit#gid=1843013406;https://docs.google.com/spreadsheets/d/1uo7-E_E2jbehB2hbBurpPayP_0fKY5sPZcFgZmfLydY/edit#gid=1526488506;https://docs.google.com/spreadsheets/d/1uo7-E_E2jbehB2hbBurpPayP_0fKY5sPZcFgZmfLydY/edit#gid=520178140;https://docs.google.com/spreadsheets/d/1uo7-E_E2jbehB2hbBurpPayP_0fKY5sPZcFgZmfLydY/edit#gid=1696255979;https://docs.google.com/spreadsheets/d/13smsrG2BGYxr_omJWcgr-sUDr39bvOJPNL5RPt4DSow/edit#gid=71150222;https://docs.google.com/spreadsheets/d/13smsrG2BGYxr_omJWcgr-sUDr39bvOJPNL5RPt4DSow/edit#gid=1934543062;data/manual/pokemon_killlists.csv
89,887,Katapuldra,katapuldra,Dragapult,dragapult,Uber,2,10,4,"S7, S8, S9, S10",0,,6,5,picked,https://raw.githubusercontent.com/PokeAPI/pokeapi/master/data/v2/csv/pokemon_species_names.csv;https://raw.githubusercontent.com/PokeAPI/pokeapi/master/data/v2/csv/languages.csv;https://raw.githubusercontent.com/PokeAPI/pokeapi/master/data/v2/csv/pokemon.csv;https://raw.githubusercontent.com/PokeAPI/pokeapi/master/data/v2/csv/pokemon_forms.csv;https://raw.githubusercontent.com/PokeAPI/pokeapi/master/data/v2/csv/pokemon_form_names.csv;https://docs.google.com/spreadsheets/d/1nwiq_ggEj7QePeZGMR2xoi0bEHJr_ZGO24YCRdt93No/edit#gid=857670931;https://docs.google.com/spreadsheets/d/1B2uTMvWlAHb7WlpupJV1A2Hbi3K3U1vCyoFV0wCapcw/edit#gid=26363830;https://docs.google.com/spreadsheets/d/1B2uTMvWlAHb7WlpupJV1A2Hbi3K3U1vCyoFV0wCapcw/edit#gid=1846395979;https://docs.google.com/spreadsheets/d/1uo7-E_E2jbehB2hbBurpPayP_0fKY5sPZcFgZmfLydY/edit#gid=1526488506;https://docs.google.com/spreadsheets/d/1uo7-E_E2jbehB2hbBurpPayP_0fKY5sPZcFgZmfLydY/edit#gid=520178140;https://docs.google.com/spreadsheets/d/1uo7-E_E2jbehB2hbBurpPayP_0fKY5sPZcFgZmfLydY/edit#gid=1696255979;https://docs.google.com/spreadsheets/d/13smsrG2BGYxr_omJWcgr-sUDr39bvOJPNL5RPt4DSow/edit#gid=71150222;https://docs.google.com/spreadsheets/d/13smsrG2BGYxr_omJWcgr-sUDr39bvOJPNL5RPt4DSow/edit#gid=1934543062;https://docs.google.com/spreadsheets/d/1B2uTMvWlAHb7WlpupJV1A2Hbi3K3U1vCyoFV0wCapcw/edit#gid=1521895812;https://docs.google.com/spreadsheets/d/1B2uTMvWlAHb7WlpupJV1A2Hbi3K3U1vCyoFV0wCapcw/edit#gid=1271313224
90,80,Lahmus,lahmus,Slowbro,slowbro,OU,3,10,4,"S3, S6, S8, S9",0,,7,6,picked,https://raw.githubusercontent.com/PokeAPI/pokeapi/master/data/v2/csv/pokemon_species_names.csv;https://raw.githubusercontent.com/PokeAPI/pokeapi/master/data/v2/csv/languages.csv;https://raw.githubusercontent.com/PokeAPI/pokeapi/master/data/v2/csv/pokemon.csv;https://raw.githubusercontent.com/PokeAPI/pokeapi/master/data/v2/csv/pokemon_forms.csv;https://raw.githubusercontent.com/PokeAPI/pokeapi/master/data/v2/csv/pokemon_form_names.csv;https://docs.google.com/spreadsheets/d/1JZpA-5XDldN2bjfvhvBPHYK-1AENETLnF1UxNEpWlNA/edit#gid=352888197;data/manual/team_pokemon_usage.csv;output/team-graphics/s3/GPL Teams Spieltag 14 (2).jpg;https://docs.google.com/spreadsheets/d/11wxsKyCydVmDjp4kGLJAOLPM_LgwCLN2GYpbDQkNtkk/edit#gid=1588964432;https://docs.google.com/spreadsheets/d/11wxsKyCydVmDjp4kGLJAOLPM_LgwCLN2GYpbDQkNtkk/edit#gid=1843013406;https://docs.google.com/spreadsheets/d/1B2uTMvWlAHb7WlpupJV1A2Hbi3K3U1vCyoFV0wCapcw/edit#gid=26363830;https://docs.google.com/spreadsheets/d/1B2uTMvWlAHb7WlpupJV1A2Hbi3K3U1vCyoFV0wCapcw/edit#gid=1846395979;https://docs.google.com/spreadsheets/d/1uo7-E_E2jbehB2hbBurpPayP_0fKY5sPZcFgZmfLydY/edit#gid=1526488506;https://docs.google.com/spreadsheets/d/1uo7-E_E2jbehB2hbBurpPayP_0fKY5sPZcFgZmfLydY/edit#gid=520178140;https://docs.google.com/spreadsheets/d/1uo7-E_E2jbehB2hbBurpPayP_0fKY5sPZcFgZmfLydY/edit#gid=1696255979;https://docs.google.com/spreadsheets/d/1B2uTMvWlAHb7WlpupJV1A2Hbi3K3U1vCyoFV0wCapcw/edit#gid=1521895812;https://docs.google.com/spreadsheets/d/1B2uTMvWlAHb7WlpupJV1A2Hbi3K3U1vCyoFV0wCapcw/edit#gid=1271313224
91,113,Chaneira,chaneira,Chansey,chansey,UU,5,10,5,"S1, S2, S4, S6, S8",0,,7,5,picked,https://raw.githubusercontent.com/PokeAPI/pokeapi/master/data/v2/csv/pokemon_species_names.csv;https://raw.githubusercontent.com/PokeAPI/pokeapi/master/data/v2/csv/languages.csv;https://raw.githubusercontent.com/PokeAPI/pokeapi/master/data/v2/csv/pokemon.csv;https://raw.githubusercontent.com/PokeAPI/pokeapi/master/data/v2/csv/pokemon_forms.csv;https://raw.githubusercontent.com/PokeAPI/pokeapi/master/data/v2/csv/pokemon_form_names.csv;https://docs.google.com/spreadsheets/d/1kiwDk4NgYoKb0Oo9yqzwl9HXHxuQ_0I5gkb1JtE57PI/edit#gid=0;https://docs.google.com/spreadsheets/d/1odsNRAZStW1GzmpXwmg27dqjOlch7w8syZOZ5Z2OQRg/edit#gid=0;https://docs.google.com/spreadsheets/d/11wxsKyCydVmDjp4kGLJAOLPM_LgwCLN2GYpbDQkNtkk/edit#gid=654435343;https://docs.google.com/spreadsheets/d/1B2uTMvWlAHb7WlpupJV1A2Hbi3K3U1vCyoFV0wCapcw/edit#gid=26363830;https://docs.google.com/spreadsheets/d/1JZpA-5XDldN2bjfvhvBPHYK-1AENETLnF1UxNEpWlNA/edit#gid=352888197;data/manual/pokemon_killlists.csv;https://docs.google.com/spreadsheets/d/1B2uTMvWlAHb7WlpupJV1A2Hbi3K3U1vCyoFV0wCapcw/edit#gid=1521895812;https://docs.google.com/spreadsheets/d/1n9SmK-ccTCn8Jjhs4U2LKnibXY8PvuBtV3V9MCOURRA/edit#gid=0;https://docs.google.com/spreadsheets/d/1vJ-pioe3RZKSZ3LIGEA3FVTv_KEE_XKIQAXSIUNNd-Q/edit#gid=0
92,788,Kapu-Kime,kapukime,Tapu Fini,tapufini,UU,5,10,4,"S4, S5, S8, S9",1,S9,7,5,picked,https://raw.githubusercontent.com/PokeAPI/pokeapi/master/data/v2/csv/pokemon_species_names.csv;https://raw.githubusercontent.com/PokeAPI/pokeapi/master/data/v2/csv/languages.csv;https://raw.githubusercontent.com/PokeAPI/pokeapi/master/data/v2/csv/pokemon.csv;https://raw.githubusercontent.com/PokeAPI/pokeapi/master/data/v2/csv/pokemon_forms.csv;https://raw.githubusercontent.com/PokeAPI/pokeapi/master/data/v2/csv/pokemon_form_names.csv;https://docs.google.com/spreadsheets/d/1JZpA-5XDldN2bjfvhvBPHYK-1AENETLnF1UxNEpWlNA/edit#gid=352888197;data/manual/team_pokemon_usage.csv;output/team-graphics/s4/Variant Vulpix - CrowdController.png;output/team-graphics/s5/Crinchilla.png;https://docs.google.com/spreadsheets/d/1B2uTMvWlAHb7WlpupJV1A2Hbi3K3U1vCyoFV0wCapcw/edit#gid=26363830;https://docs.google.com/spreadsheets/d/1B2uTMvWlAHb7WlpupJV1A2Hbi3K3U1vCyoFV0wCapcw/edit#gid=1846395979;https://docs.google.com/spreadsheets/d/1uo7-E_E2jbehB2hbBurpPayP_0fKY5sPZcFgZmfLydY/edit#gid=1526488506;https://docs.google.com/spreadsheets/d/1uo7-E_E2jbehB2hbBurpPayP_0fKY5sPZcFgZmfLydY/edit#gid=520178140;https://docs.google.com/spreadsheets/d/1uo7-E_E2jbehB2hbBurpPayP_0fKY5sPZcFgZmfLydY/edit#gid=1696255979;https://docs.google.com/spreadsheets/d/1B2uTMvWlAHb7WlpupJV1A2Hbi3K3U1vCyoFV0wCapcw/edit#gid=1521895812;https://docs.google.com/spreadsheets/d/1B2uTMvWlAHb7WlpupJV1A2Hbi3K3U1vCyoFV0wCapcw/edit#gid=1271313224
93,647,Keldeo,keldeo,Keldeo,keldeo,UU,5,10,6,"S2, S3, S4, S7, S9, S10",0,,7,6,picked,https://raw.githubusercontent.com/PokeAPI/pokeapi/master/data/v2/csv/pokemon_species_names.csv;https://raw.githubusercontent.com/PokeAPI/pokeapi/master/data/v2/csv/languages.csv;https://raw.githubusercontent.com/PokeAPI/pokeapi/master/data/v2/csv/pokemon.csv;https://raw.githubusercontent.com/PokeAPI/pokeapi/master/data/v2/csv/pokemon_forms.csv;https://raw.githubusercontent.com/PokeAPI/pokeapi/master/data/v2/csv/pokemon_form_names.csv;https://docs.google.com/spreadsheets/d/1FUsClf5qEny-BHY5Djp8rIwRJKBSJDvygJ8LBa62FEo/edit#gid=0;https://docs.google.com/spreadsheets/d/1odsNRAZStW1GzmpXwmg27dqjOlch7w8syZOZ5Z2OQRg/edit#gid=0;https://docs.google.com/spreadsheets/d/1JZpA-5XDldN2bjfvhvBPHYK-1AENETLnF1UxNEpWlNA/edit#gid=352888197;data/manual/team_pokemon_usage.csv;output/team-graphics/s3/GPL Teams Spieltag 14 (1).jpg;https://docs.google.com/spreadsheets/d/1nwiq_ggEj7QePeZGMR2xoi0bEHJr_ZGO24YCRdt93No/edit#gid=857670931;https://docs.google.com/spreadsheets/d/1uo7-E_E2jbehB2hbBurpPayP_0fKY5sPZcFgZmfLydY/edit#gid=1526488506;https://docs.google.com/spreadsheets/d/1uo7-E_E2jbehB2hbBurpPayP_0fKY5sPZcFgZmfLydY/edit#gid=520178140;https://docs.google.com/spreadsheets/d/1uo7-E_E2jbehB2hbBurpPayP_0fKY5sPZcFgZmfLydY/edit#gid=1696255979;https://docs.google.com/spreadsheets/d/13smsrG2BGYxr_omJWcgr-sUDr39bvOJPNL5RPt4DSow/edit#gid=1934543062;data/manual/pokemon_killlists.csv;https://docs.google.com/spreadsheets/d/1vJ-pioe3RZKSZ3LIGEA3FVTv_KEE_XKIQAXSIUNNd-Q/edit#gid=0
94,794,Masskito,masskito,Buzzwole,buzzwole,UU,5,10,5,"S4, S5, S6, S8, S9",0,,7,6,picked,https://raw.githubusercontent.com/PokeAPI/pokeapi/master/data/v2/csv/pokemon_species_names.csv;https://raw.githubusercontent.com/PokeAPI/pokeapi/master/data/v2/csv/languages.csv;https://raw.githubusercontent.com/PokeAPI/pokeapi/master/data/v2/csv/pokemon.csv;https://raw.githubusercontent.com/PokeAPI/pokeapi/master/data/v2/csv/pokemon_forms.csv;https://raw.githubusercontent.com/PokeAPI/pokeapi/master/data/v2/csv/pokemon_form_names.csv;https://docs.google.com/spreadsheets/d/1JZpA-5XDldN2bjfvhvBPHYK-1AENETLnF1UxNEpWlNA/edit#gid=352888197;data/manual/team_pokemon_usage.csv;output/team-graphics/s4/Flexing Masskito - RegiBang.png;https://docs.google.com/spreadsheets/d/11wxsKyCydVmDjp4kGLJAOLPM_LgwCLN2GYpbDQkNtkk/edit#gid=654435343;https://docs.google.com/spreadsheets/d/1B2uTMvWlAHb7WlpupJV1A2Hbi3K3U1vCyoFV0wCapcw/edit#gid=26363830;https://docs.google.com/spreadsheets/d/1B2uTMvWlAHb7WlpupJV1A2Hbi3K3U1vCyoFV0wCapcw/edit#gid=1846395979;https://docs.google.com/spreadsheets/d/1uo7-E_E2jbehB2hbBurpPayP_0fKY5sPZcFgZmfLydY/edit#gid=1526488506;https://docs.google.com/spreadsheets/d/1uo7-E_E2jbehB2hbBurpPayP_0fKY5sPZcFgZmfLydY/edit#gid=520178140;https://docs.google.com/spreadsheets/d/1uo7-E_E2jbehB2hbBurpPayP_0fKY5sPZcFgZmfLydY/edit#gid=1696255979;data/manual/pokemon_killlists.csv;https://docs.google.com/spreadsheets/d/1B2uTMvWlAHb7WlpupJV1A2Hbi3K3U1vCyoFV0wCapcw/edit#gid=1521895812;https://docs.google.com/spreadsheets/d/1B2uTMvWlAHb7WlpupJV1A2Hbi3K3U1vCyoFV0wCapcw/edit#gid=1271313224
95,3,Mega-Bisaflor,megabisaflor,venusaur-mega,venusaurmega,UU,5,10,6,"S1, S2, S3, S4, S5, S6",1,S4,8,7,picked,https://raw.githubusercontent.com/PokeAPI/pokeapi/master/data/v2/csv/pokemon_species_names.csv;https://raw.githubusercontent.com/PokeAPI/pokeapi/master/data/v2/csv/languages.csv;https://raw.githubusercontent.com/PokeAPI/pokeapi/master/data/v2/csv/pokemon.csv;https://raw.githubusercontent.com/PokeAPI/pokeapi/master/data/v2/csv/pokemon_forms.csv;https://raw.githubusercontent.com/PokeAPI/pokeapi/master/data/v2/csv/pokemon_form_names.csv;https://docs.google.com/spreadsheets/d/1kiwDk4NgYoKb0Oo9yqzwl9HXHxuQ_0I5gkb1JtE57PI/edit#gid=0;https://docs.google.com/spreadsheets/d/1FUsClf5qEny-BHY5Djp8rIwRJKBSJDvygJ8LBa62FEo/edit#gid=0;https://docs.google.com/spreadsheets/d/1odsNRAZStW1GzmpXwmg27dqjOlch7w8syZOZ5Z2OQRg/edit#gid=0;https://docs.google.com/spreadsheets/d/1JZpA-5XDldN2bjfvhvBPHYK-1AENETLnF1UxNEpWlNA/edit#gid=352888197;data/manual/team_pokemon_usage.csv;output/team-graphics/s3/GPL Teams Spieltag 14 (2).jpg;output/team-graphics/s4/Ritter der Tapukokosnuss - FullLifeGames.png;output/team-graphics/s5/Marvelous Speedsters.png;https://docs.google.com/spreadsheets/d/11wxsKyCydVmDjp4kGLJAOLPM_LgwCLN2GYpbDQkNtkk/edit#gid=1588964432;https://docs.google.com/spreadsheets/d/11wxsKyCydVmDjp4kGLJAOLPM_LgwCLN2GYpbDQkNtkk/edit#gid=1843013406;https://docs.google.com/spreadsheets/d/1n9SmK-ccTCn8Jjhs4U2LKnibXY8PvuBtV3V9MCOURRA/edit#gid=0;https://docs.google.com/spreadsheets/d/1vJ-pioe3RZKSZ3LIGEA3FVTv_KEE_XKIQAXSIUNNd-Q/edit#gid=0
96,385,Jirachi,jirachi,Jirachi,jirachi,RUBL,6,10,6,"S3, S4, S5, S6, S8, S10",1,S4,8,8,picked,https://raw.githubusercontent.com/PokeAPI/pokeapi/master/data/v2/csv/pokemon_species_names.csv;https://raw.githubusercontent.com/PokeAPI/pokeapi/master/data/v2/csv/languages.csv;https://raw.githubusercontent.com/PokeAPI/pokeapi/master/data/v2/csv/pokemon.csv;https://raw.githubusercontent.com/PokeAPI/pokeapi/master/data/v2/csv/pokemon_forms.csv;https://raw.githubusercontent.com/PokeAPI/pokeapi/master/data/v2/csv/pokemon_form_names.csv;https://docs.google.com/spreadsheets/d/1JZpA-5XDldN2bjfvhvBPHYK-1AENETLnF1UxNEpWlNA/edit#gid=352888197;data/manual/team_pokemon_usage.csv;output/team-graphics/s3/GPL Teams Spieltag 14 (1).jpg;output/team-graphics/s4/Ritter der Tapukokosnuss - FullLifeGames.png;https://docs.google.com/spreadsheets/d/11wxsKyCydVmDjp4kGLJAOLPM_LgwCLN2GYpbDQkNtkk/edit#gid=1588964432;https://docs.google.com/spreadsheets/d/11wxsKyCydVmDjp4kGLJAOLPM_LgwCLN2GYpbDQkNtkk/edit#gid=1843013406;https://docs.google.com/spreadsheets/d/1B2uTMvWlAHb7WlpupJV1A2Hbi3K3U1vCyoFV0wCapcw/edit#gid=26363830;https://docs.google.com/spreadsheets/d/1B2uTMvWlAHb7WlpupJV1A2Hbi3K3U1vCyoFV0wCapcw/edit#gid=1846395979;https://docs.google.com/spreadsheets/d/13smsrG2BGYxr_omJWcgr-sUDr39bvOJPNL5RPt4DSow/edit#gid=1934543062;data/manual/pokemon_killlists.csv;https://docs.google.com/spreadsheets/d/1B2uTMvWlAHb7WlpupJV1A2Hbi3K3U1vCyoFV0wCapcw/edit#gid=1521895812;https://docs.google.com/spreadsheets/d/1B2uTMvWlAHb7WlpupJV1A2Hbi3K3U1vCyoFV0wCapcw/edit#gid=1271313224
97,641,Boreos-I,boreosi,tornadus-incarnate,tornadus,RU,7,10,4,"S2, S3, S6, S8",0,,7,5,picked,https://raw.githubusercontent.com/PokeAPI/pokeapi/master/data/v2/csv/pokemon_species_names.csv;https://raw.githubusercontent.com/PokeAPI/pokeapi/master/data/v2/csv/languages.csv;https://raw.githubusercontent.com/PokeAPI/pokeapi/master/data/v2/csv/pokemon.csv;https://raw.githubusercontent.com/PokeAPI/pokeapi/master/data/v2/csv/pokemon_forms.csv;https://raw.githubusercontent.com/PokeAPI/pokeapi/master/data/v2/csv/pokemon_form_names.csv;https://docs.google.com/spreadsheets/d/1FUsClf5qEny-BHY5Djp8rIwRJKBSJDvygJ8LBa62FEo/edit#gid=0;https://docs.google.com/spreadsheets/d/1JZpA-5XDldN2bjfvhvBPHYK-1AENETLnF1UxNEpWlNA/edit#gid=352888197;data/manual/team_pokemon_usage.csv;output/team-graphics/s3/GPL Teams Spieltag 14 (1).jpg;https://docs.google.com/spreadsheets/d/11wxsKyCydVmDjp4kGLJAOLPM_LgwCLN2GYpbDQkNtkk/edit#gid=1588964432;https://docs.google.com/spreadsheets/d/1B2uTMvWlAHb7WlpupJV1A2Hbi3K3U1vCyoFV0wCapcw/edit#gid=26363830;https://docs.google.com/spreadsheets/d/1B2uTMvWlAHb7WlpupJV1A2Hbi3K3U1vCyoFV0wCapcw/edit#gid=1846395979;https://docs.google.com/spreadsheets/d/1B2uTMvWlAHb7WlpupJV1A2Hbi3K3U1vCyoFV0wCapcw/edit#gid=1521895812;https://docs.google.com/spreadsheets/d/1B2uTMvWlAHb7WlpupJV1A2Hbi3K3U1vCyoFV0wCapcw/edit#gid=1271313224;https://docs.google.com/spreadsheets/d/1vJ-pioe3RZKSZ3LIGEA3FVTv_KEE_XKIQAXSIUNNd-Q/edit#gid=0
98,488,Cresselia,cresselia,Cresselia,cresselia,RU,7,10,7,"S1, S3, S4, S5, S6, S8, S10",0,,6,7,picked,https://raw.githubusercontent.com/PokeAPI/pokeapi/master/data/v2/csv/pokemon_species_names.csv;https://raw.githubusercontent.com/PokeAPI/pokeapi/master/data/v2/csv/languages.csv;https://raw.githubusercontent.com/PokeAPI/pokeapi/master/data/v2/csv/pokemon.csv;https://raw.githubusercontent.com/PokeAPI/pokeapi/master/data/v2/csv/pokemon_forms.csv;https://raw.githubusercontent.com/PokeAPI/pokeapi/master/data/v2/csv/pokemon_form_names.csv;https://docs.google.com/spreadsheets/d/1kiwDk4NgYoKb0Oo9yqzwl9HXHxuQ_0I5gkb1JtE57PI/edit#gid=0;https://docs.google.com/spreadsheets/d/1JZpA-5XDldN2bjfvhvBPHYK-1AENETLnF1UxNEpWlNA/edit#gid=352888197;data/manual/team_pokemon_usage.csv;output/team-graphics/s3/GPL Teams Spieltag 14 (2).jpg;output/team-graphics/s4/Suicide Squad - CaptainCrinch.png;output/team-graphics/s5/Marvelous Speedsters.png;https://docs.google.com/spreadsheets/d/11wxsKyCydVmDjp4kGLJAOLPM_LgwCLN2GYpbDQkNtkk/edit#gid=654435343;https://docs.google.com/spreadsheets/d/1B2uTMvWlAHb7WlpupJV1A2Hbi3K3U1vCyoFV0wCapcw/edit#gid=1846395979;https://docs.google.com/spreadsheets/d/13smsrG2BGYxr_omJWcgr-sUDr39bvOJPNL5RPt4DSow/edit#gid=71150222;https://docs.google.com/spreadsheets/d/13smsrG2BGYxr_omJWcgr-sUDr39bvOJPNL5RPt4DSow/edit#gid=1934543062;https://docs.google.com/spreadsheets/d/1B2uTMvWlAHb7WlpupJV1A2Hbi3K3U1vCyoFV0wCapcw/edit#gid=1271313224;https://docs.google.com/spreadsheets/d/1n9SmK-ccTCn8Jjhs4U2LKnibXY8PvuBtV3V9MCOURRA/edit#gid=0
99,342,Krebutack,krebutack,Crawdaunt,crawdaunt,RU,7,10,6,"S1, S2, S3, S4, S6, S8",0,,8,5,picked,https://raw.githubusercontent.com/PokeAPI/pokeapi/master/data/v2/csv/pokemon_species_names.csv;https://raw.githubusercontent.com/PokeAPI/pokeapi/master/data/v2/csv/languages.csv;https://raw.githubusercontent.com/PokeAPI/pokeapi/master/data/v2/csv/pokemon.csv;https://raw.githubusercontent.com/PokeAPI/pokeapi/master/data/v2/csv/pokemon_forms.csv;https://raw.githubusercontent.com/PokeAPI/pokeapi/master/data/v2/csv/pokemon_form_names.csv;https://docs.google.com/spreadsheets/d/1kiwDk4NgYoKb0Oo9yqzwl9HXHxuQ_0I5gkb1JtE57PI/edit#gid=0;https://docs.google.com/spreadsheets/d/1odsNRAZStW1GzmpXwmg27dqjOlch7w8syZOZ5Z2OQRg/edit#gid=0;https://docs.google.com/spreadsheets/d/1JZpA-5XDldN2bjfvhvBPHYK-1AENETLnF1UxNEpWlNA/edit#gid=352888197;data/manual/team_pokemon_usage.csv;output/team-graphics/s3/GPL Teams Spieltag 14 (1).jpg;output/team-graphics/s4/Shocking Shaymins - MeLevies.png;https://docs.google.com/spreadsheets/d/11wxsKyCydVmDjp4kGLJAOLPM_LgwCLN2GYpbDQkNtkk/edit#gid=1588964432;https://docs.google.com/spreadsheets/d/1B2uTMvWlAHb7WlpupJV1A2Hbi3K3U1vCyoFV0wCapcw/edit#gid=26363830;https://docs.google.com/spreadsheets/d/1B2uTMvWlAHb7WlpupJV1A2Hbi3K3U1vCyoFV0wCapcw/edit#gid=1521895812;https://docs.google.com/spreadsheets/d/1n9SmK-ccTCn8Jjhs4U2LKnibXY8PvuBtV3V9MCOURRA/edit#gid=0
100,31,Nidoqueen,nidoqueen,Nidoqueen,nidoqueen,RU,7,10,4,"S2, S3, S4, S9",1,S9,7,5,picked,https://raw.githubusercontent.com/PokeAPI/pokeapi/master/data/v2/csv/pokemon_species_names.csv;https://raw.githubusercontent.com/PokeAPI/pokeapi/master/data/v2/csv/languages.csv;https://raw.githubusercontent.com/PokeAPI/pokeapi/master/data/v2/csv/pokemon.csv;https://raw.githubusercontent.com/PokeAPI/pokeapi/master/data/v2/csv/pokemon_forms.csv;https://raw.githubusercontent.com/PokeAPI/pokeapi/master/data/v2/csv/pokemon_form_names.csv;https://docs.google.com/spreadsheets/d/1FUsClf5qEny-BHY5Djp8rIwRJKBSJDvygJ8LBa62FEo/edit#gid=0;https://docs.google.com/spreadsheets/d/1JZpA-5XDldN2bjfvhvBPHYK-1AENETLnF1UxNEpWlNA/edit#gid=352888197;data/manual/team_pokemon_usage.csv;output/team-graphics/s4/Prekani - PresentLP.png;https://docs.google.com/spreadsheets/d/1uo7-E_E2jbehB2hbBurpPayP_0fKY5sPZcFgZmfLydY/edit#gid=1526488506;https://docs.google.com/spreadsheets/d/1uo7-E_E2jbehB2hbBurpPayP_0fKY5sPZcFgZmfLydY/edit#gid=520178140;https://docs.google.com/spreadsheets/d/1uo7-E_E2jbehB2hbBurpPayP_0fKY5sPZcFgZmfLydY/edit#gid=1696255979;output/team-graphics/s3/GPL Teams Spieltag 14 (1).jpg;data/manual/pokemon_killlists.csv;https://docs.google.com/spreadsheets/d/1vJ-pioe3RZKSZ3LIGEA3FVTv_KEE_XKIQAXSIUNNd-Q/edit#gid=0
101,26,Raichu,raichu,Raichu,raichu,RU,7,10,5,"S2, S4, S7, S8, S9",0,,7,5,picked,https://raw.githubusercontent.com/PokeAPI/pokeapi/master/data/v2/csv/pokemon_species_names.csv;https://raw.githubusercontent.com/PokeAPI/pokeapi/master/data/v2/csv/languages.csv;https://raw.githubusercontent.com/PokeAPI/pokeapi/master/data/v2/csv/pokemon.csv;https://raw.githubusercontent.com/PokeAPI/pokeapi/master/data/v2/csv/pokemon_forms.csv;https://raw.githubusercontent.com/PokeAPI/pokeapi/master/data/v2/csv/pokemon_form_names.csv;https://docs.google.com/spreadsheets/d/1odsNRAZStW1GzmpXwmg27dqjOlch7w8syZOZ5Z2OQRg/edit#gid=0;https://docs.google.com/spreadsheets/d/1nwiq_ggEj7QePeZGMR2xoi0bEHJr_ZGO24YCRdt93No/edit#gid=857670931;https://docs.google.com/spreadsheets/d/1B2uTMvWlAHb7WlpupJV1A2Hbi3K3U1vCyoFV0wCapcw/edit#gid=26363830;https://docs.google.com/spreadsheets/d/1B2uTMvWlAHb7WlpupJV1A2Hbi3K3U1vCyoFV0wCapcw/edit#gid=1846395979;https://docs.google.com/spreadsheets/d/1uo7-E_E2jbehB2hbBurpPayP_0fKY5sPZcFgZmfLydY/edit#gid=1526488506;https://docs.google.com/spreadsheets/d/1uo7-E_E2jbehB2hbBurpPayP_0fKY5sPZcFgZmfLydY/edit#gid=520178140;https://docs.google.com/spreadsheets/d/1uo7-E_E2jbehB2hbBurpPayP_0fKY5sPZcFgZmfLydY/edit#gid=1696255979;https://docs.google.com/spreadsheets/d/1JZpA-5XDldN2bjfvhvBPHYK-1AENETLnF1UxNEpWlNA/edit#gid=352888197;data/manual/pokemon_killlists.csv;https://docs.google.com/spreadsheets/d/1B2uTMvWlAHb7WlpupJV1A2Hbi3K3U1vCyoFV0wCapcw/edit#gid=1521895812;https://docs.google.com/spreadsheets/d/1B2uTMvWlAHb7WlpupJV1A2Hbi3K3U1vCyoFV0wCapcw/edit#gid=1271313224
102,480,Selfe,selfe,Uxie,uxie,RU,7,10,5,"S5, S6, S8, S9, S10",1,S10,5,6,picked,https://raw.githubusercontent.com/PokeAPI/pokeapi/master/data/v2/csv/pokemon_species_names.csv;https://raw.githubusercontent.com/PokeAPI/pokeapi/master/data/v2/csv/languages.csv;https://raw.githubusercontent.com/PokeAPI/pokeapi/master/data/v2/csv/pokemon.csv;https://raw.githubusercontent.com/PokeAPI/pokeapi/master/data/v2/csv/pokemon_forms.csv;https://raw.githubusercontent.com/PokeAPI/pokeapi/master/data/v2/csv/pokemon_form_names.csv;https://docs.google.com/spreadsheets/d/1JZpA-5XDldN2bjfvhvBPHYK-1AENETLnF1UxNEpWlNA/edit#gid=352888197;data/manual/team_pokemon_usage.csv;output/team-graphics/s5/Victini Bottom.png;https://docs.google.com/spreadsheets/d/11wxsKyCydVmDjp4kGLJAOLPM_LgwCLN2GYpbDQkNtkk/edit#gid=1588964432;https://docs.google.com/spreadsheets/d/11wxsKyCydVmDjp4kGLJAOLPM_LgwCLN2GYpbDQkNtkk/edit#gid=1843013406;https://docs.google.com/spreadsheets/d/1B2uTMvWlAHb7WlpupJV1A2Hbi3K3U1vCyoFV0wCapcw/edit#gid=26363830;https://docs.google.com/spreadsheets/d/1uo7-E_E2jbehB2hbBurpPayP_0fKY5sPZcFgZmfLydY/edit#gid=1526488506;https://docs.google.com/spreadsheets/d/1uo7-E_E2jbehB2hbBurpPayP_0fKY5sPZcFgZmfLydY/edit#gid=520178140;https://docs.google.com/spreadsheets/d/1uo7-E_E2jbehB2hbBurpPayP_0fKY5sPZcFgZmfLydY/edit#gid=1696255979;https://docs.google.com/spreadsheets/d/13smsrG2BGYxr_omJWcgr-sUDr39bvOJPNL5RPt4DSow/edit#gid=71150222;https://docs.google.com/spreadsheets/d/1B2uTMvWlAHb7WlpupJV1A2Hbi3K3U1vCyoFV0wCapcw/edit#gid=1521895812;https://docs.google.com/spreadsheets/d/13smsrG2BGYxr_omJWcgr-sUDr39bvOJPNL5RPt4DSow/edit#gid=1953790464
103,214,Skaraborn,skaraborn,Heracross,heracross,RU,7,10,4,"S2, S5, S6, S8",1,S2,9,7,picked,https://raw.githubusercontent.com/PokeAPI/pokeapi/master/data/v2/csv/pokemon_species_names.csv;https://raw.githubusercontent.com/PokeAPI/pokeapi/master/data/v2/csv/languages.csv;https://raw.githubusercontent.com/PokeAPI/pokeapi/master/data/v2/csv/pokemon.csv;https://raw.githubusercontent.com/PokeAPI/pokeapi/master/data/v2/csv/pokemon_forms.csv;https://raw.githubusercontent.com/PokeAPI/pokeapi/master/data/v2/csv/pokemon_form_names.csv;https://docs.google.com/spreadsheets/d/1odsNRAZStW1GzmpXwmg27dqjOlch7w8syZOZ5Z2OQRg/edit#gid=0;https://docs.google.com/spreadsheets/d/11wxsKyCydVmDjp4kGLJAOLPM_LgwCLN2GYpbDQkNtkk/edit#gid=1588964432;https://docs.google.com/spreadsheets/d/11wxsKyCydVmDjp4kGLJAOLPM_LgwCLN2GYpbDQkNtkk/edit#gid=1843013406;https://docs.google.com/spreadsheets/d/1B2uTMvWlAHb7WlpupJV1A2Hbi3K3U1vCyoFV0wCapcw/edit#gid=1846395979;https://docs.google.com/spreadsheets/d/1JZpA-5XDldN2bjfvhvBPHYK-1AENETLnF1UxNEpWlNA/edit#gid=352888197;data/manual/pokemon_killlists.csv;https://docs.google.com/spreadsheets/d/1B2uTMvWlAHb7WlpupJV1A2Hbi3K3U1vCyoFV0wCapcw/edit#gid=1271313224;https://docs.google.com/spreadsheets/d/1vJ-pioe3RZKSZ3LIGEA3FVTv_KEE_XKIQAXSIUNNd-Q/edit#gid=0
104,571,Zoroark,zoroark,Zoroark,zoroark,RU,7,10,5,"S1, S2, S4, S8, S10",0,,4,5,picked,https://raw.githubusercontent.com/PokeAPI/pokeapi/master/data/v2/csv/pokemon_species_names.csv;https://raw.githubusercontent.com/PokeAPI/pokeapi/master/data/v2/csv/languages.csv;https://raw.githubusercontent.com/PokeAPI/pokeapi/master/data/v2/csv/pokemon.csv;https://raw.githubusercontent.com/PokeAPI/pokeapi/master/data/v2/csv/pokemon_forms.csv;https://raw.githubusercontent.com/PokeAPI/pokeapi/master/data/v2/csv/pokemon_form_names.csv;https://docs.google.com/spreadsheets/d/1odsNRAZStW1GzmpXwmg27dqjOlch7w8syZOZ5Z2OQRg/edit#gid=0;https://docs.google.com/spreadsheets/d/1B2uTMvWlAHb7WlpupJV1A2Hbi3K3U1vCyoFV0wCapcw/edit#gid=26363830;https://docs.google.com/spreadsheets/d/1B2uTMvWlAHb7WlpupJV1A2Hbi3K3U1vCyoFV0wCapcw/edit#gid=1846395979;https://docs.google.com/spreadsheets/d/13smsrG2BGYxr_omJWcgr-sUDr39bvOJPNL5RPt4DSow/edit#gid=71150222;https://docs.google.com/spreadsheets/d/1JZpA-5XDldN2bjfvhvBPHYK-1AENETLnF1UxNEpWlNA/edit#gid=352888197;data/manual/pokemon_killlists.csv;https://docs.google.com/spreadsheets/d/1B2uTMvWlAHb7WlpupJV1A2Hbi3K3U1vCyoFV0wCapcw/edit#gid=1521895812;https://docs.google.com/spreadsheets/d/1B2uTMvWlAHb7WlpupJV1A2Hbi3K3U1vCyoFV0wCapcw/edit#gid=1271313224;https://docs.google.com/spreadsheets/d/13smsrG2BGYxr_omJWcgr-sUDr39bvOJPNL5RPt4DSow/edit#gid=1953790464;https://docs.google.com/spreadsheets/d/1n9SmK-ccTCn8Jjhs4U2LKnibXY8PvuBtV3V9MCOURRA/edit#gid=0;https://docs.google.com/spreadsheets/d/1vJ-pioe3RZKSZ3LIGEA3FVTv_KEE_XKIQAXSIUNNd-Q/edit#gid=0
105,149,Dragoran,dragoran,Dragonite,dragonite,OU,3,9,5,"S1, S2, S6, S8, S10",0,,6,4,picked,https://raw.githubusercontent.com/PokeAPI/pokeapi/master/data/v2/csv/pokemon_species_names.csv;https://raw.githubusercontent.com/PokeAPI/pokeapi/master/data/v2/csv/languages.csv;https://raw.githubusercontent.com/PokeAPI/pokeapi/master/data/v2/csv/pokemon.csv;https://raw.githubusercontent.com/PokeAPI/pokeapi/master/data/v2/csv/pokemon_forms.csv;https://raw.githubusercontent.com/PokeAPI/pokeapi/master/data/v2/csv/pokemon_form_names.csv;https://docs.google.com/spreadsheets/d/1kiwDk4NgYoKb0Oo9yqzwl9HXHxuQ_0I5gkb1JtE57PI/edit#gid=0;https://docs.google.com/spreadsheets/d/1FUsClf5qEny-BHY5Djp8rIwRJKBSJDvygJ8LBa62FEo/edit#gid=0;https://docs.google.com/spreadsheets/d/11wxsKyCydVmDjp4kGLJAOLPM_LgwCLN2GYpbDQkNtkk/edit#gid=1588964432;https://docs.google.com/spreadsheets/d/1B2uTMvWlAHb7WlpupJV1A2Hbi3K3U1vCyoFV0wCapcw/edit#gid=1846395979;https://docs.google.com/spreadsheets/d/13smsrG2BGYxr_omJWcgr-sUDr39bvOJPNL5RPt4DSow/edit#gid=71150222;https://docs.google.com/spreadsheets/d/13smsrG2BGYxr_omJWcgr-sUDr39bvOJPNL5RPt4DSow/edit#gid=1934543062;https://docs.google.com/spreadsheets/d/1B2uTMvWlAHb7WlpupJV1A2Hbi3K3U1vCyoFV0wCapcw/edit#gid=1271313224;https://docs.google.com/spreadsheets/d/1JZpA-5XDldN2bjfvhvBPHYK-1AENETLnF1UxNEpWlNA/edit#gid=352888197;https://docs.google.com/spreadsheets/d/1n9SmK-ccTCn8Jjhs4U2LKnibXY8PvuBtV3V9MCOURRA/edit#gid=0
106,146,Lavados,lavados,Moltres,moltres,OU,3,9,5,"S5, S6, S8, S9, S10",0,,6,5,picked,https://raw.githubusercontent.com/PokeAPI/pokeapi/master/data/v2/csv/pokemon_species_names.csv;https://raw.githubusercontent.com/PokeAPI/pokeapi/master/data/v2/csv/languages.csv;https://raw.githubusercontent.com/PokeAPI/pokeapi/master/data/v2/csv/pokemon.csv;https://raw.githubusercontent.com/PokeAPI/pokeapi/master/data/v2/csv/pokemon_forms.csv;https://raw.githubusercontent.com/PokeAPI/pokeapi/master/data/v2/csv/pokemon_form_names.csv;https://docs.google.com/spreadsheets/d/1JZpA-5XDldN2bjfvhvBPHYK-1AENETLnF1UxNEpWlNA/edit#gid=352888197;data/manual/team_pokemon_usage.csv;output/team-graphics/s5/Victini Bottom.png;https://docs.google.com/spreadsheets/d/11wxsKyCydVmDjp4kGLJAOLPM_LgwCLN2GYpbDQkNtkk/edit#gid=1588964432;https://docs.google.com/spreadsheets/d/1B2uTMvWlAHb7WlpupJV1A2Hbi3K3U1vCyoFV0wCapcw/edit#gid=26363830;https://docs.google.com/spreadsheets/d/1uo7-E_E2jbehB2hbBurpPayP_0fKY5sPZcFgZmfLydY/edit#gid=1526488506;https://docs.google.com/spreadsheets/d/1uo7-E_E2jbehB2hbBurpPayP_0fKY5sPZcFgZmfLydY/edit#gid=520178140;https://docs.google.com/spreadsheets/d/1uo7-E_E2jbehB2hbBurpPayP_0fKY5sPZcFgZmfLydY/edit#gid=1696255979;https://docs.google.com/spreadsheets/d/13smsrG2BGYxr_omJWcgr-sUDr39bvOJPNL5RPt4DSow/edit#gid=71150222;https://docs.google.com/spreadsheets/d/13smsrG2BGYxr_omJWcgr-sUDr39bvOJPNL5RPt4DSow/edit#gid=1934543062;https://docs.google.com/spreadsheets/d/1B2uTMvWlAHb7WlpupJV1A2Hbi3K3U1vCyoFV0wCapcw/edit#gid=1521895812
107,594,Mamolida,mamolida,Alomomola,alomomola,OU,3,9,3,"S2, S3, S6",0,,7,4,picked,https://raw.githubusercontent.com/PokeAPI/pokeapi/master/data/v2/csv/pokemon_species_names.csv;https://raw.githubusercontent.com/PokeAPI/pokeapi/master/data/v2/csv/languages.csv;https://raw.githubusercontent.com/PokeAPI/pokeapi/master/data/v2/csv/pokemon.csv;https://raw.githubusercontent.com/PokeAPI/pokeapi/master/data/v2/csv/pokemon_forms.csv;https://raw.githubusercontent.com/PokeAPI/pokeapi/master/data/v2/csv/pokemon_form_names.csv;https://docs.google.com/spreadsheets/d/1FUsClf5qEny-BHY5Djp8rIwRJKBSJDvygJ8LBa62FEo/edit#gid=0;https://docs.google.com/spreadsheets/d/1odsNRAZStW1GzmpXwmg27dqjOlch7w8syZOZ5Z2OQRg/edit#gid=0;https://docs.google.com/spreadsheets/d/11wxsKyCydVmDjp4kGLJAOLPM_LgwCLN2GYpbDQkNtkk/edit#gid=1588964432;https://docs.google.com/spreadsheets/d/11wxsKyCydVmDjp4kGLJAOLPM_LgwCLN2GYpbDQkNtkk/edit#gid=654435343;https://docs.google.com/spreadsheets/d/1JZpA-5XDldN2bjfvhvBPHYK-1AENETLnF1UxNEpWlNA/edit#gid=352888197;data/manual/pokemon_killlists.csv;https://docs.google.com/spreadsheets/d/1vJ-pioe3RZKSZ3LIGEA3FVTv_KEE_XKIQAXSIUNNd-Q/edit#gid=0;https://docs.google.com/spreadsheets/d/1kXhNwKGrqQTwSal0NxpZ9h0yo6u_mQwhwg4vGVwxMX4/edit#gid=0
108,6,Mega-Glurak X,megaglurakx,charizard-mega-x,charizardmegax,UUBL,4,9,5,"S1, S2, S3, S4, S6",0,,7,6,picked,https://raw.githubusercontent.com/PokeAPI/pokeapi/master/data/v2/csv/pokemon_species_names.csv;https://raw.githubusercontent.com/PokeAPI/pokeapi/master/data/v2/csv/languages.csv;https://raw.githubusercontent.com/PokeAPI/pokeapi/master/data/v2/csv/pokemon.csv;https://raw.githubusercontent.com/PokeAPI/pokeapi/master/data/v2/csv/pokemon_forms.csv;https://raw.githubusercontent.com/PokeAPI/pokeapi/master/data/v2/csv/pokemon_form_names.csv;https://docs.google.com/spreadsheets/d/1kiwDk4NgYoKb0Oo9yqzwl9HXHxuQ_0I5gkb1JtE57PI/edit#gid=0;https://docs.google.com/spreadsheets/d/1FUsClf5qEny-BHY5Djp8rIwRJKBSJDvygJ8LBa62FEo/edit#gid=0;https://docs.google.com/spreadsheets/d/1odsNRAZStW1GzmpXwmg27dqjOlch7w8syZOZ5Z2OQRg/edit#gid=0;https://docs.google.com/spreadsheets/d/1JZpA-5XDldN2bjfvhvBPHYK-1AENETLnF1UxNEpWlNA/edit#gid=352888197;data/manual/team_pokemon_usage.csv;output/team-graphics/s4/Enteikutierung - Lauris Enteitainment.png;https://docs.google.com/spreadsheets/d/11wxsKyCydVmDjp4kGLJAOLPM_LgwCLN2GYpbDQkNtkk/edit#gid=1588964432;https://docs.google.com/spreadsheets/d/11wxsKyCydVmDjp4kGLJAOLPM_LgwCLN2GYpbDQkNtkk/edit#gid=1843013406;output/team-graphics/s3/GPL Teams Spieltag 14 (1).jpg;data/manual/pokemon_killlists.csv;https://docs.google.com/spreadsheets/d/1n9SmK-ccTCn8Jjhs4U2LKnibXY8PvuBtV3V9MCOURRA/edit#gid=0;https://docs.google.com/spreadsheets/d/1vJ-pioe3RZKSZ3LIGEA3FVTv_KEE_XKIQAXSIUNNd-Q/edit#gid=0
109,642,Voltolos-T,voltolost,thundurus-therian,thundurustherian,UUBL,4,9,5,"S2, S3, S5, S8, S10",0,,6,6,picked,https://raw.githubusercontent.com/PokeAPI/pokeapi/master/data/v2/csv/pokemon_species_names.csv;https://raw.githubusercontent.com/PokeAPI/pokeapi/master/data/v2/csv/languages.csv;https://raw.githubusercontent.com/PokeAPI/pokeapi/master/data/v2/csv/pokemon.csv;https://raw.githubusercontent.com/PokeAPI/pokeapi/master/data/v2/csv/pokemon_forms.csv;https://raw.githubusercontent.com/PokeAPI/pokeapi/master/data/v2/csv/pokemon_form_names.csv;https://docs.google.com/spreadsheets/d/1FUsClf5qEny-BHY5Djp8rIwRJKBSJDvygJ8LBa62FEo/edit#gid=0;https://docs.google.com/spreadsheets/d/1JZpA-5XDldN2bjfvhvBPHYK-1AENETLnF1UxNEpWlNA/edit#gid=352888197;data/manual/team_pokemon_usage.csv;output/team-graphics/s3/GPL Teams Spieltag 14 (2).jpg;output/team-graphics/s5/Aggron Berlin.png;https://docs.google.com/spreadsheets/d/1B2uTMvWlAHb7WlpupJV1A2Hbi3K3U1vCyoFV0wCapcw/edit#gid=26363830;https://docs.google.com/spreadsheets/d/1B2uTMvWlAHb7WlpupJV1A2Hbi3K3U1vCyoFV0wCapcw/edit#gid=1846395979;https://docs.google.com/spreadsheets/d/13smsrG2BGYxr_omJWcgr-sUDr39bvOJPNL5RPt4DSow/edit#gid=1934543062;https://docs.google.com/spreadsheets/d/1B2uTMvWlAHb7WlpupJV1A2Hbi3K3U1vCyoFV0wCapcw/edit#gid=1521895812;https://docs.google.com/spreadsheets/d/1B2uTMvWlAHb7WlpupJV1A2Hbi3K3U1vCyoFV0wCapcw/edit#gid=1271313224;https://docs.google.com/spreadsheets/d/1vJ-pioe3RZKSZ3LIGEA3FVTv_KEE_XKIQAXSIUNNd-Q/edit#gid=0
110,625,Caesurio,caesurio,Bisharp,bisharp,UU,5,9,5,"S1, S2, S3, S8, S10",2,"S8, S10",4,5,picked,https://raw.githubusercontent.com/PokeAPI/pokeapi/master/data/v2/csv/pokemon_species_names.csv;https://raw.githubusercontent.com/PokeAPI/pokeapi/master/data/v2/csv/languages.csv;https://raw.githubusercontent.com/PokeAPI/pokeapi/master/data/v2/csv/pokemon.csv;https://raw.githubusercontent.com/PokeAPI/pokeapi/master/data/v2/csv/pokemon_forms.csv;https://raw.githubusercontent.com/PokeAPI/pokeapi/master/data/v2/csv/pokemon_form_names.csv;https://docs.google.com/spreadsheets/d/1FUsClf5qEny-BHY5Djp8rIwRJKBSJDvygJ8LBa62FEo/edit#gid=0;https://docs.google.com/spreadsheets/d/1odsNRAZStW1GzmpXwmg27dqjOlch7w8syZOZ5Z2OQRg/edit#gid=0;https://docs.google.com/spreadsheets/d/1JZpA-5XDldN2bjfvhvBPHYK-1AENETLnF1UxNEpWlNA/edit#gid=352888197;data/manual/team_pokemon_usage.csv;output/team-graphics/s3/GPL Teams Spieltag 14 (2).jpg;https://docs.google.com/spreadsheets/d/1B2uTMvWlAHb7WlpupJV1A2Hbi3K3U1vCyoFV0wCapcw/edit#gid=26363830;https://docs.google.com/spreadsheets/d/13smsrG2BGYxr_omJWcgr-sUDr39bvOJPNL5RPt4DSow/edit#gid=71150222;https://docs.google.com/spreadsheets/d/13smsrG2BGYxr_omJWcgr-sUDr39bvOJPNL5RPt4DSow/edit#gid=1934543062;https://docs.google.com/spreadsheets/d/1B2uTMvWlAHb7WlpupJV1A2Hbi3K3U1vCyoFV0wCapcw/edit#gid=1521895812;https://docs.google.com/spreadsheets/d/1n9SmK-ccTCn8Jjhs4U2LKnibXY8PvuBtV3V9MCOURRA/edit#gid=0;https://docs.google.com/spreadsheets/d/1vJ-pioe3RZKSZ3LIGEA3FVTv_KEE_XKIQAXSIUNNd-Q/edit#gid=0
111,248,Despotar,despotar,Tyranitar,tyranitar,UU,5,9,4,"S1, S2, S3, S10",1,S1,5,5,picked,https://raw.githubusercontent.com/PokeAPI/pokeapi/master/data/v2/csv/pokemon_species_names.csv;https://raw.githubusercontent.com/PokeAPI/pokeapi/master/data/v2/csv/languages.csv;https://raw.githubusercontent.com/PokeAPI/pokeapi/master/data/v2/csv/pokemon.csv;https://raw.githubusercontent.com/PokeAPI/pokeapi/master/data/v2/csv/pokemon_forms.csv;https://raw.githubusercontent.com/PokeAPI/pokeapi/master/data/v2/csv/pokemon_form_names.csv;https://docs.google.com/spreadsheets/d/1kiwDk4NgYoKb0Oo9yqzwl9HXHxuQ_0I5gkb1JtE57PI/edit#gid=0;https://docs.google.com/spreadsheets/d/1FUsClf5qEny-BHY5Djp8rIwRJKBSJDvygJ8LBa62FEo/edit#gid=0;https://docs.google.com/spreadsheets/d/13smsrG2BGYxr_omJWcgr-sUDr39bvOJPNL5RPt4DSow/edit#gid=71150222;https://docs.google.com/spreadsheets/d/13smsrG2BGYxr_omJWcgr-sUDr39bvOJPNL5RPt4DSow/edit#gid=1934543062;https://docs.google.com/spreadsheets/d/1JZpA-5XDldN2bjfvhvBPHYK-1AENETLnF1UxNEpWlNA/edit#gid=352888197;data/manual/pokemon_killlists.csv;https://docs.google.com/spreadsheets/d/1n9SmK-ccTCn8Jjhs4U2LKnibXY8PvuBtV3V9MCOURRA/edit#gid=0;https://docs.google.com/spreadsheets/d/1vJ-pioe3RZKSZ3LIGEA3FVTv_KEE_XKIQAXSIUNNd-Q/edit#gid=0
112,681,Durengard,durengard,Aegislash,aegislash,UU,5,9,4,"S1, S4, S8, S9",0,,6,4,picked,https://raw.githubusercontent.com/PokeAPI/pokeapi/master/data/v2/csv/pokemon_species_names.csv;https://raw.githubusercontent.com/PokeAPI/pokeapi/master/data/v2/csv/languages.csv;https://raw.githubusercontent.com/PokeAPI/pokeapi/master/data/v2/csv/pokemon.csv;https://raw.githubusercontent.com/PokeAPI/pokeapi/master/data/v2/csv/pokemon_forms.csv;https://raw.githubusercontent.com/PokeAPI/pokeapi/master/data/v2/csv/pokemon_form_names.csv;https://docs.google.com/spreadsheets/d/1kiwDk4NgYoKb0Oo9yqzwl9HXHxuQ_0I5gkb1JtE57PI/edit#gid=0;https://docs.google.com/spreadsheets/d/1B2uTMvWlAHb7WlpupJV1A2Hbi3K3U1vCyoFV0wCapcw/edit#gid=26363830;https://docs.google.com/spreadsheets/d/1B2uTMvWlAHb7WlpupJV1A2Hbi3K3U1vCyoFV0wCapcw/edit#gid=1846395979;https://docs.google.com/spreadsheets/d/1uo7-E_E2jbehB2hbBurpPayP_0fKY5sPZcFgZmfLydY/edit#gid=1526488506;https://docs.google.com/spreadsheets/d/1uo7-E_E2jbehB2hbBurpPayP_0fKY5sPZcFgZmfLydY/edit#gid=520178140;https://docs.google.com/spreadsheets/d/1uo7-E_E2jbehB2hbBurpPayP_0fKY5sPZcFgZmfLydY/edit#gid=1696255979;https://docs.google.com/spreadsheets/d/1B2uTMvWlAHb7WlpupJV1A2Hbi3K3U1vCyoFV0wCapcw/edit#gid=1521895812;https://docs.google.com/spreadsheets/d/1B2uTMvWlAHb7WlpupJV1A2Hbi3K3U1vCyoFV0wCapcw/edit#gid=1271313224;https://docs.google.com/spreadsheets/d/1JZpA-5XDldN2bjfvhvBPHYK-1AENETLnF1UxNEpWlNA/edit#gid=352888197;https://docs.google.com/spreadsheets/d/1rZd3D0JRNj3lK0ZKdMXPLvCNBofRhFsvW0AlPuBk3VE/edit#gid=0
113,773,Amigento-Normal,amigentonormal,silvally-normal,silvally,RU,7,9,4,"S6, S7, S8, S9",0,,6,5,picked,https://raw.githubusercontent.com/PokeAPI/pokeapi/master/data/v2/csv/pokemon_species_names.csv;https://raw.githubusercontent.com/PokeAPI/pokeapi/master/data/v2/csv/languages.csv;https://raw.githubusercontent.com/PokeAPI/pokeapi/master/data/v2/csv/pokemon.csv;https://raw.githubusercontent.com/PokeAPI/pokeapi/master/data/v2/csv/pokemon_forms.csv;https://raw.githubusercontent.com/PokeAPI/pokeapi/master/data/v2/csv/pokemon_form_names.csv;https://docs.google.com/spreadsheets/d/11wxsKyCydVmDjp4kGLJAOLPM_LgwCLN2GYpbDQkNtkk/edit#gid=1588964432;https://docs.google.com/spreadsheets/d/1nwiq_ggEj7QePeZGMR2xoi0bEHJr_ZGO24YCRdt93No/edit#gid=857670931;https://docs.google.com/spreadsheets/d/1B2uTMvWlAHb7WlpupJV1A2Hbi3K3U1vCyoFV0wCapcw/edit#gid=26363830;https://docs.google.com/spreadsheets/d/1B2uTMvWlAHb7WlpupJV1A2Hbi3K3U1vCyoFV0wCapcw/edit#gid=1846395979;https://docs.google.com/spreadsheets/d/1uo7-E_E2jbehB2hbBurpPayP_0fKY5sPZcFgZmfLydY/edit#gid=1526488506;https://docs.google.com/spreadsheets/d/1uo7-E_E2jbehB2hbBurpPayP_0fKY5sPZcFgZmfLydY/edit#gid=520178140;https://docs.google.com/spreadsheets/d/1uo7-E_E2jbehB2hbBurpPayP_0fKY5sPZcFgZmfLydY/edit#gid=1696255979;https://docs.google.com/spreadsheets/d/1B2uTMvWlAHb7WlpupJV1A2Hbi3K3U1vCyoFV0wCapcw/edit#gid=1521895812;https://docs.google.com/spreadsheets/d/1B2uTMvWlAHb7WlpupJV1A2Hbi3K3U1vCyoFV0wCapcw/edit#gid=1271313224
114,738,Donarion,donarion,Vikavolt,vikavolt,RU,7,9,4,"S6, S7, S8, S9",0,,5,5,picked,https://raw.githubusercontent.com/PokeAPI/pokeapi/master/data/v2/csv/pokemon_species_names.csv;https://raw.githubusercontent.com/PokeAPI/pokeapi/master/data/v2/csv/languages.csv;https://raw.githubusercontent.com/PokeAPI/pokeapi/master/data/v2/csv/pokemon.csv;https://raw.githubusercontent.com/PokeAPI/pokeapi/master/data/v2/csv/pokemon_forms.csv;https://raw.githubusercontent.com/PokeAPI/pokeapi/master/data/v2/csv/pokemon_form_names.csv;https://docs.google.com/spreadsheets/d/11wxsKyCydVmDjp4kGLJAOLPM_LgwCLN2GYpbDQkNtkk/edit#gid=654435343;https://docs.google.com/spreadsheets/d/1nwiq_ggEj7QePeZGMR2xoi0bEHJr_ZGO24YCRdt93No/edit#gid=857670931;https://docs.google.com/spreadsheets/d/1B2uTMvWlAHb7WlpupJV1A2Hbi3K3U1vCyoFV0wCapcw/edit#gid=26363830;https://docs.google.com/spreadsheets/d/1B2uTMvWlAHb7WlpupJV1A2Hbi3K3U1vCyoFV0wCapcw/edit#gid=1846395979;https://docs.google.com/spreadsheets/d/1uo7-E_E2jbehB2hbBurpPayP_0fKY5sPZcFgZmfLydY/edit#gid=1526488506;https://docs.google.com/spreadsheets/d/1uo7-E_E2jbehB2hbBurpPayP_0fKY5sPZcFgZmfLydY/edit#gid=520178140;https://docs.google.com/spreadsheets/d/1uo7-E_E2jbehB2hbBurpPayP_0fKY5sPZcFgZmfLydY/edit#gid=1696255979;https://docs.google.com/spreadsheets/d/1B2uTMvWlAHb7WlpupJV1A2Hbi3K3U1vCyoFV0wCapcw/edit#gid=1521895812;https://docs.google.com/spreadsheets/d/1B2uTMvWlAHb7WlpupJV1A2Hbi3K3U1vCyoFV0wCapcw/edit#gid=1271313224
115,555,Flampivian-Normal,flampiviannormal,darmanitan-standard,darmanitan,RU,7,9,4,"S1, S2, S3, S7",0,,7,4,picked,https://raw.githubusercontent.com/PokeAPI/pokeapi/master/data/v2/csv/pokemon_species_names.csv;https://raw.githubusercontent.com/PokeAPI/pokeapi/master/data/v2/csv/languages.csv;https://raw.githubusercontent.com/PokeAPI/pokeapi/master/data/v2/csv/pokemon.csv;https://raw.githubusercontent.com/PokeAPI/pokeapi/master/data/v2/csv/pokemon_forms.csv;https://raw.githubusercontent.com/PokeAPI/pokeapi/master/data/v2/csv/pokemon_form_names.csv;https://docs.google.com/spreadsheets/d/1kiwDk4NgYoKb0Oo9yqzwl9HXHxuQ_0I5gkb1JtE57PI/edit#gid=0;https://docs.google.com/spreadsheets/d/1FUsClf5qEny-BHY5Djp8rIwRJKBSJDvygJ8LBa62FEo/edit#gid=0;https://docs.google.com/spreadsheets/d/1odsNRAZStW1GzmpXwmg27dqjOlch7w8syZOZ5Z2OQRg/edit#gid=0;https://docs.google.com/spreadsheets/d/1nwiq_ggEj7QePeZGMR2xoi0bEHJr_ZGO24YCRdt93No/edit#gid=857670931;https://docs.google.com/spreadsheets/d/1JZpA-5XDldN2bjfvhvBPHYK-1AENETLnF1UxNEpWlNA/edit#gid=352888197;data/manual/pokemon_killlists.csv;https://docs.google.com/spreadsheets/d/1vJ-pioe3RZKSZ3LIGEA3FVTv_KEE_XKIQAXSIUNNd-Q/edit#gid=0
116,750,Pampross,pampross,Mudsdale,mudsdale,RU,7,9,4,"S6, S7, S8, S10",0,,6,6,picked,https://raw.githubusercontent.com/PokeAPI/pokeapi/master/data/v2/csv/pokemon_species_names.csv;https://raw.githubusercontent.com/PokeAPI/pokeapi/master/data/v2/csv/languages.csv;https://raw.githubusercontent.com/PokeAPI/pokeapi/master/data/v2/csv/pokemon.csv;https://raw.githubusercontent.com/PokeAPI/pokeapi/master/data/v2/csv/pokemon_forms.csv;https://raw.githubusercontent.com/PokeAPI/pokeapi/master/data/v2/csv/pokemon_form_names.csv;https://docs.google.com/spreadsheets/d/11wxsKyCydVmDjp4kGLJAOLPM_LgwCLN2GYpbDQkNtkk/edit#gid=1588964432;https://docs.google.com/spreadsheets/d/11wxsKyCydVmDjp4kGLJAOLPM_LgwCLN2GYpbDQkNtkk/edit#gid=1843013406;https://docs.google.com/spreadsheets/d/1nwiq_ggEj7QePeZGMR2xoi0bEHJr_ZGO24YCRdt93No/edit#gid=857670931;https://docs.google.com/spreadsheets/d/1B2uTMvWlAHb7WlpupJV1A2Hbi3K3U1vCyoFV0wCapcw/edit#gid=26363830;https://docs.google.com/spreadsheets/d/1B2uTMvWlAHb7WlpupJV1A2Hbi3K3U1vCyoFV0wCapcw/edit#gid=1846395979;https://docs.google.com/spreadsheets/d/13smsrG2BGYxr_omJWcgr-sUDr39bvOJPNL5RPt4DSow/edit#gid=71150222;https://docs.google.com/spreadsheets/d/13smsrG2BGYxr_omJWcgr-sUDr39bvOJPNL5RPt4DSow/edit#gid=1934543062;https://docs.google.com/spreadsheets/d/1B2uTMvWlAHb7WlpupJV1A2Hbi3K3U1vCyoFV0wCapcw/edit#gid=1521895812;https://docs.google.com/spreadsheets/d/1B2uTMvWlAHb7WlpupJV1A2Hbi3K3U1vCyoFV0wCapcw/edit#gid=1271313224
117,377,Regirock,regirock,Regirock,regirock,RU,7,9,6,"S1, S2, S3, S4, S6, S8",1,S3,6,5,picked,https://raw.githubusercontent.com/PokeAPI/pokeapi/master/data/v2/csv/pokemon_species_names.csv;https://raw.githubusercontent.com/PokeAPI/pokeapi/master/data/v2/csv/languages.csv;https://raw.githubusercontent.com/PokeAPI/pokeapi/master/data/v2/csv/pokemon.csv;https://raw.githubusercontent.com/PokeAPI/pokeapi/master/data/v2/csv/pokemon_forms.csv;https://raw.githubusercontent.com/PokeAPI/pokeapi/master/data/v2/csv/pokemon_form_names.csv;https://docs.google.com/spreadsheets/d/1FUsClf5qEny-BHY5Djp8rIwRJKBSJDvygJ8LBa62FEo/edit#gid=0;https://docs.google.com/spreadsheets/d/1JZpA-5XDldN2bjfvhvBPHYK-1AENETLnF1UxNEpWlNA/edit#gid=352888197;data/manual/team_pokemon_usage.csv;output/team-graphics/s3/GPL Teams Spieltag 14 (1).jpg;output/team-graphics/s4/Surstars - SurskitTV.png;https://docs.google.com/spreadsheets/d/11wxsKyCydVmDjp4kGLJAOLPM_LgwCLN2GYpbDQkNtkk/edit#gid=1843013406;https://docs.google.com/spreadsheets/d/11wxsKyCydVmDjp4kGLJAOLPM_LgwCLN2GYpbDQkNtkk/edit#gid=654435343;https://docs.google.com/spreadsheets/d/1B2uTMvWlAHb7WlpupJV1A2Hbi3K3U1vCyoFV0wCapcw/edit#gid=26363830;https://docs.google.com/spreadsheets/d/1B2uTMvWlAHb7WlpupJV1A2Hbi3K3U1vCyoFV0wCapcw/edit#gid=1521895812;https://docs.google.com/spreadsheets/d/1vJ-pioe3RZKSZ3LIGEA3FVTv_KEE_XKIQAXSIUNNd-Q/edit#gid=0
118,464,Rihornior,rihornior,Rhyperior,rhyperior,RU,7,9,6,"S1, S3, S4, S6, S7, S8",0,,6,7,picked,https://raw.githubusercontent.com/PokeAPI/pokeapi/master/data/v2/csv/pokemon_species_names.csv;https://raw.githubusercontent.com/PokeAPI/pokeapi/master/data/v2/csv/languages.csv;https://raw.githubusercontent.com/PokeAPI/pokeapi/master/data/v2/csv/pokemon.csv;https://raw.githubusercontent.com/PokeAPI/pokeapi/master/data/v2/csv/pokemon_forms.csv;https://raw.githubusercontent.com/PokeAPI/pokeapi/master/data/v2/csv/pokemon_form_names.csv;https://docs.google.com/spreadsheets/d/1kiwDk4NgYoKb0Oo9yqzwl9HXHxuQ_0I5gkb1JtE57PI/edit#gid=0;https://docs.google.com/spreadsheets/d/1JZpA-5XDldN2bjfvhvBPHYK-1AENETLnF1UxNEpWlNA/edit#gid=352888197;data/manual/team_pokemon_usage.csv;output/team-graphics/s3/GPL Teams Spieltag 14 (2).jpg;output/team-graphics/s4/Enteikutierung - Lauris Enteitainment.png;https://docs.google.com/spreadsheets/d/11wxsKyCydVmDjp4kGLJAOLPM_LgwCLN2GYpbDQkNtkk/edit#gid=1588964432;https://docs.google.com/spreadsheets/d/11wxsKyCydVmDjp4kGLJAOLPM_LgwCLN2GYpbDQkNtkk/edit#gid=1843013406;https://docs.google.com/spreadsheets/d/1nwiq_ggEj7QePeZGMR2xoi0bEHJr_ZGO24YCRdt93No/edit#gid=857670931;https://docs.google.com/spreadsheets/d/1B2uTMvWlAHb7WlpupJV1A2Hbi3K3U1vCyoFV0wCapcw/edit#gid=1846395979;https://docs.google.com/spreadsheets/d/1B2uTMvWlAHb7WlpupJV1A2Hbi3K3U1vCyoFV0wCapcw/edit#gid=1271313224;https://docs.google.com/spreadsheets/d/1n9SmK-ccTCn8Jjhs4U2LKnibXY8PvuBtV3V9MCOURRA/edit#gid=0
119,604,Zapplarang,zapplarang,Eelektross,eelektross,RU,7,9,3,"S1, S2, S3",0,,8,2,picked,https://raw.githubusercontent.com/PokeAPI/pokeapi/master/data/v2/csv/pokemon_species_names.csv;https://raw.githubusercontent.com/PokeAPI/pokeapi/master/data/v2/csv/languages.csv;https://raw.githubusercontent.com/PokeAPI/pokeapi/master/data/v2/csv/pokemon.csv;https://raw.githubusercontent.com/PokeAPI/pokeapi/master/data/v2/csv/pokemon_forms.csv;https://raw.githubusercontent.com/PokeAPI/pokeapi/master/data/v2/csv/pokemon_form_names.csv;https://docs.google.com/spreadsheets/d/1kiwDk4NgYoKb0Oo9yqzwl9HXHxuQ_0I5gkb1JtE57PI/edit#gid=0;https://docs.google.com/spreadsheets/d/1odsNRAZStW1GzmpXwmg27dqjOlch7w8syZOZ5Z2OQRg/edit#gid=0;https://docs.google.com/spreadsheets/d/1JZpA-5XDldN2bjfvhvBPHYK-1AENETLnF1UxNEpWlNA/edit#gid=352888197;data/manual/team_pokemon_usage.csv;output/team-graphics/s3/GPL Teams Spieltag 14 (2).jpg;https://docs.google.com/spreadsheets/d/1n9SmK-ccTCn8Jjhs4U2LKnibXY8PvuBtV3V9MCOURRA/edit#gid=0;https://docs.google.com/spreadsheets/d/14N_40jsahiN9DChpnNaPTnFy26If6imVHtqBGDWk6pg/edit#gid=0
120,579,Zytomega,zytomega,Reuniclus,reuniclus,RU,7,9,4,"S2, S6, S9, S10",0,,6,4,picked,https://raw.githubusercontent.com/PokeAPI/pokeapi/master/data/v2/csv/pokemon_species_names.csv;https://raw.githubusercontent.com/PokeAPI/pokeapi/master/data/v2/csv/languages.csv;https://raw.githubusercontent.com/PokeAPI/pokeapi/master/data/v2/csv/pokemon.csv;https://raw.githubusercontent.com/PokeAPI/pokeapi/master/data/v2/csv/pokemon_forms.csv;https://raw.githubusercontent.com/PokeAPI/pokeapi/master/data/v2/csv/pokemon_form_names.csv;https://docs.google.com/spreadsheets/d/1FUsClf5qEny-BHY5Djp8rIwRJKBSJDvygJ8LBa62FEo/edit#gid=0;https://docs.google.com/spreadsheets/d/1odsNRAZStW1GzmpXwmg27dqjOlch7w8syZOZ5Z2OQRg/edit#gid=0;https://docs.google.com/spreadsheets/d/11wxsKyCydVmDjp4kGLJAOLPM_LgwCLN2GYpbDQkNtkk/edit#gid=1843013406;https://docs.google.com/spreadsheets/d/1uo7-E_E2jbehB2hbBurpPayP_0fKY5sPZcFgZmfLydY/edit#gid=1526488506;https://docs.google.com/spreadsheets/d/1uo7-E_E2jbehB2hbBurpPayP_0fKY5sPZcFgZmfLydY/edit#gid=520178140;https://docs.google.com/spreadsheets/d/1uo7-E_E2jbehB2hbBurpPayP_0fKY5sPZcFgZmfLydY/edit#gid=1696255979;https://docs.google.com/spreadsheets/d/13smsrG2BGYxr_omJWcgr-sUDr39bvOJPNL5RPt4DSow/edit#gid=71150222;https://docs.google.com/spreadsheets/d/13smsrG2BGYxr_omJWcgr-sUDr39bvOJPNL5RPt4DSow/edit#gid=1934543062;https://docs.google.com/spreadsheets/d/1JZpA-5XDldN2bjfvhvBPHYK-1AENETLnF1UxNEpWlNA/edit#gid=352888197;https://docs.google.com/spreadsheets/d/1vJ-pioe3RZKSZ3LIGEA3FVTv_KEE_XKIQAXSIUNNd-Q/edit#gid=0
121,9,Mega-Turtok,megaturtok,blastoise-mega,blastoisemega,Uber,2,8,5,"S1, S2, S3, S4, S6",0,,8,5,picked,https://raw.githubusercontent.com/PokeAPI/pokeapi/master/data/v2/csv/pokemon_species_names.csv;https://raw.githubusercontent.com/PokeAPI/pokeapi/master/data/v2/csv/languages.csv;https://raw.githubusercontent.com/PokeAPI/pokeapi/master/data/v2/csv/pokemon.csv;https://raw.githubusercontent.com/PokeAPI/pokeapi/master/data/v2/csv/pokemon_forms.csv;https://raw.githubusercontent.com/PokeAPI/pokeapi/master/data/v2/csv/pokemon_form_names.csv;https://docs.google.com/spreadsheets/d/1kiwDk4NgYoKb0Oo9yqzwl9HXHxuQ_0I5gkb1JtE57PI/edit#gid=0;https://docs.google.com/spreadsheets/d/1odsNRAZStW1GzmpXwmg27dqjOlch7w8syZOZ5Z2OQRg/edit#gid=0;https://docs.google.com/spreadsheets/d/1JZpA-5XDldN2bjfvhvBPHYK-1AENETLnF1UxNEpWlNA/edit#gid=352888197;data/manual/team_pokemon_usage.csv;output/team-graphics/s4/Surstars - SurskitTV.png;https://docs.google.com/spreadsheets/d/11wxsKyCydVmDjp4kGLJAOLPM_LgwCLN2GYpbDQkNtkk/edit#gid=1588964432;output/team-graphics/s3/GPL Teams Spieltag 14 (1).jpg;data/manual/pokemon_killlists.csv;https://docs.google.com/spreadsheets/d/1n9SmK-ccTCn8Jjhs4U2LKnibXY8PvuBtV3V9MCOURRA/edit#gid=0;https://docs.google.com/spreadsheets/d/1vJ-pioe3RZKSZ3LIGEA3FVTv_KEE_XKIQAXSIUNNd-Q/edit#gid=0
122,812,Gortrom,gortrom,Rillaboom,rillaboom,OU,3,8,4,"S7, S8, S9, S10",0,,6,4,picked,https://raw.githubusercontent.com/PokeAPI/pokeapi/master/data/v2/csv/pokemon_species_names.csv;https://raw.githubusercontent.com/PokeAPI/pokeapi/master/data/v2/csv/languages.csv;https://raw.githubusercontent.com/PokeAPI/pokeapi/master/data/v2/csv/pokemon.csv;https://raw.githubusercontent.com/PokeAPI/pokeapi/master/data/v2/csv/pokemon_forms.csv;https://raw.githubusercontent.com/PokeAPI/pokeapi/master/data/v2/csv/pokemon_form_names.csv;https://docs.google.com/spreadsheets/d/1nwiq_ggEj7QePeZGMR2xoi0bEHJr_ZGO24YCRdt93No/edit#gid=857670931;https://docs.google.com/spreadsheets/d/1B2uTMvWlAHb7WlpupJV1A2Hbi3K3U1vCyoFV0wCapcw/edit#gid=26363830;https://docs.google.com/spreadsheets/d/1uo7-E_E2jbehB2hbBurpPayP_0fKY5sPZcFgZmfLydY/edit#gid=1526488506;https://docs.google.com/spreadsheets/d/1uo7-E_E2jbehB2hbBurpPayP_0fKY5sPZcFgZmfLydY/edit#gid=520178140;https://docs.google.com/spreadsheets/d/1uo7-E_E2jbehB2hbBurpPayP_0fKY5sPZcFgZmfLydY/edit#gid=1696255979;https://docs.google.com/spreadsheets/d/13smsrG2BGYxr_omJWcgr-sUDr39bvOJPNL5RPt4DSow/edit#gid=71150222;https://docs.google.com/spreadsheets/d/13smsrG2BGYxr_omJWcgr-sUDr39bvOJPNL5RPt4DSow/edit#gid=1934543062;https://docs.google.com/spreadsheets/d/1B2uTMvWlAHb7WlpupJV1A2Hbi3K3U1vCyoFV0wCapcw/edit#gid=1521895812
123,637,Ramoth,ramoth,Volcarona,volcarona,OU,3,8,3,"S1, S2, S10",0,,5,3,picked,https://raw.githubusercontent.com/PokeAPI/pokeapi/master/data/v2/csv/pokemon_species_names.csv;https://raw.githubusercontent.com/PokeAPI/pokeapi/master/data/v2/csv/languages.csv;https://raw.githubusercontent.com/PokeAPI/pokeapi/master/data/v2/csv/pokemon.csv;https://raw.githubusercontent.com/PokeAPI/pokeapi/master/data/v2/csv/pokemon_forms.csv;https://raw.githubusercontent.com/PokeAPI/pokeapi/master/data/v2/csv/pokemon_form_names.csv;https://docs.google.com/spreadsheets/d/1kiwDk4NgYoKb0Oo9yqzwl9HXHxuQ_0I5gkb1JtE57PI/edit#gid=0;https://docs.google.com/spreadsheets/d/1odsNRAZStW1GzmpXwmg27dqjOlch7w8syZOZ5Z2OQRg/edit#gid=0;https://docs.google.com/spreadsheets/d/13smsrG2BGYxr_omJWcgr-sUDr39bvOJPNL5RPt4DSow/edit#gid=71150222;https://docs.google.com/spreadsheets/d/13smsrG2BGYxr_omJWcgr-sUDr39bvOJPNL5RPt4DSow/edit#gid=1953790464;https://docs.google.com/spreadsheets/d/1JZpA-5XDldN2bjfvhvBPHYK-1AENETLnF1UxNEpWlNA/edit#gid=352888197;https://docs.google.com/spreadsheets/d/1n9SmK-ccTCn8Jjhs4U2LKnibXY8PvuBtV3V9MCOURRA/edit#gid=0;https://docs.google.com/spreadsheets/d/14N_40jsahiN9DChpnNaPTnFy26If6imVHtqBGDWk6pg/edit#gid=0
124,701,Resladero,resladero,Hawlucha,hawlucha,UUBL,4,8,5,"S2, S5, S6, S7, S10",0,,6,5,picked,https://raw.githubusercontent.com/PokeAPI/pokeapi/master/data/v2/csv/pokemon_species_names.csv;https://raw.githubusercontent.com/PokeAPI/pokeapi/master/data/v2/csv/languages.csv;https://raw.githubusercontent.com/PokeAPI/pokeapi/master/data/v2/csv/pokemon.csv;https://raw.githubusercontent.com/PokeAPI/pokeapi/master/data/v2/csv/pokemon_forms.csv;https://raw.githubusercontent.com/PokeAPI/pokeapi/master/data/v2/csv/pokemon_form_names.csv;https://docs.google.com/spreadsheets/d/1FUsClf5qEny-BHY5Djp8rIwRJKBSJDvygJ8LBa62FEo/edit#gid=0;https://docs.google.com/spreadsheets/d/1odsNRAZStW1GzmpXwmg27dqjOlch7w8syZOZ5Z2OQRg/edit#gid=0;https://docs.google.com/spreadsheets/d/1JZpA-5XDldN2bjfvhvBPHYK-1AENETLnF1UxNEpWlNA/edit#gid=352888197;data/manual/team_pokemon_usage.csv;output/team-graphics/s5/Crinchilla.png;https://docs.google.com/spreadsheets/d/11wxsKyCydVmDjp4kGLJAOLPM_LgwCLN2GYpbDQkNtkk/edit#gid=1588964432;https://docs.google.com/spreadsheets/d/11wxsKyCydVmDjp4kGLJAOLPM_LgwCLN2GYpbDQkNtkk/edit#gid=654435343;https://docs.google.com/spreadsheets/d/1nwiq_ggEj7QePeZGMR2xoi0bEHJr_ZGO24YCRdt93No/edit#gid=857670931;https://docs.google.com/spreadsheets/d/13smsrG2BGYxr_omJWcgr-sUDr39bvOJPNL5RPt4DSow/edit#gid=71150222;https://docs.google.com/spreadsheets/d/1vJ-pioe3RZKSZ3LIGEA3FVTv_KEE_XKIQAXSIUNNd-Q/edit#gid=0
125,612,Maxax,maxax,Haxorus,haxorus,RUBL,6,8,5,"S1, S2, S6, S7, S8",0,,6,4,picked,https://raw.githubusercontent.com/PokeAPI/pokeapi/master/data/v2/csv/pokemon_species_names.csv;https://raw.githubusercontent.com/PokeAPI/pokeapi/master/data/v2/csv/languages.csv;https://raw.githubusercontent.com/PokeAPI/pokeapi/master/data/v2/csv/pokemon.csv;https://raw.githubusercontent.com/PokeAPI/pokeapi/master/data/v2/csv/pokemon_forms.csv;https://raw.githubusercontent.com/PokeAPI/pokeapi/master/data/v2/csv/pokemon_form_names.csv;https://docs.google.com/spreadsheets/d/1kiwDk4NgYoKb0Oo9yqzwl9HXHxuQ_0I5gkb1JtE57PI/edit#gid=0;https://docs.google.com/spreadsheets/d/1odsNRAZStW1GzmpXwmg27dqjOlch7w8syZOZ5Z2OQRg/edit#gid=0;https://docs.google.com/spreadsheets/d/11wxsKyCydVmDjp4kGLJAOLPM_LgwCLN2GYpbDQkNtkk/edit#gid=1588964432;https://docs.google.com/spreadsheets/d/1nwiq_ggEj7QePeZGMR2xoi0bEHJr_ZGO24YCRdt93No/edit#gid=857670931;https://docs.google.com/spreadsheets/d/1B2uTMvWlAHb7WlpupJV1A2Hbi3K3U1vCyoFV0wCapcw/edit#gid=1846395979;https://docs.google.com/spreadsheets/d/1B2uTMvWlAHb7WlpupJV1A2Hbi3K3U1vCyoFV0wCapcw/edit#gid=1271313224;https://docs.google.com/spreadsheets/d/1JZpA-5XDldN2bjfvhvBPHYK-1AENETLnF1UxNEpWlNA/edit#gid=352888197;https://docs.google.com/spreadsheets/d/1n9SmK-ccTCn8Jjhs4U2LKnibXY8PvuBtV3V9MCOURRA/edit#gid=0;https://docs.google.com/spreadsheets/d/14N_40jsahiN9DChpnNaPTnFy26If6imVHtqBGDWk6pg/edit#gid=0
126,593,Apoquallyp,apoquallyp,Jellicent,jellicent,RU,7,8,3,"S1, S6, S8",0,,5,5,picked,https://raw.githubusercontent.com/PokeAPI/pokeapi/master/data/v2/csv/pokemon_species_names.csv;https://raw.githubusercontent.com/PokeAPI/pokeapi/master/data/v2/csv/languages.csv;https://raw.githubusercontent.com/PokeAPI/pokeapi/master/data/v2/csv/pokemon.csv;https://raw.githubusercontent.com/PokeAPI/pokeapi/master/data/v2/csv/pokemon_forms.csv;https://raw.githubusercontent.com/PokeAPI/pokeapi/master/data/v2/csv/pokemon_form_names.csv;https://docs.google.com/spreadsheets/d/1kiwDk4NgYoKb0Oo9yqzwl9HXHxuQ_0I5gkb1JtE57PI/edit#gid=0;https://docs.google.com/spreadsheets/d/11wxsKyCydVmDjp4kGLJAOLPM_LgwCLN2GYpbDQkNtkk/edit#gid=1588964432;https://docs.google.com/spreadsheets/d/11wxsKyCydVmDjp4kGLJAOLPM_LgwCLN2GYpbDQkNtkk/edit#gid=654435343;https://docs.google.com/spreadsheets/d/1B2uTMvWlAHb7WlpupJV1A2Hbi3K3U1vCyoFV0wCapcw/edit#gid=1846395979;https://docs.google.com/spreadsheets/d/1B2uTMvWlAHb7WlpupJV1A2Hbi3K3U1vCyoFV0wCapcw/edit#gid=1271313224;https://docs.google.com/spreadsheets/d/1JZpA-5XDldN2bjfvhvBPHYK-1AENETLnF1UxNEpWlNA/edit#gid=352888197;https://docs.google.com/spreadsheets/d/1n9SmK-ccTCn8Jjhs4U2LKnibXY8PvuBtV3V9MCOURRA/edit#gid=0
127,526,Brockoloss,brockoloss,Gigalith,gigalith,RU,7,8,5,"S5, S6, S7, S8, S9",0,,5,5,picked,https://raw.githubusercontent.com/PokeAPI/pokeapi/master/data/v2/csv/pokemon_species_names.csv;https://raw.githubusercontent.com/PokeAPI/pokeapi/master/data/v2/csv/languages.csv;https://raw.githubusercontent.com/PokeAPI/pokeapi/master/data/v2/csv/pokemon.csv;https://raw.githubusercontent.com/PokeAPI/pokeapi/master/data/v2/csv/pokemon_forms.csv;https://raw.githubusercontent.com/PokeAPI/pokeapi/master/data/v2/csv/pokemon_form_names.csv;https://docs.google.com/spreadsheets/d/1JZpA-5XDldN2bjfvhvBPHYK-1AENETLnF1UxNEpWlNA/edit#gid=352888197;data/manual/team_pokemon_usage.csv;output/team-graphics/s5/Energie Tobutz.png;https://docs.google.com/spreadsheets/d/11wxsKyCydVmDjp4kGLJAOLPM_LgwCLN2GYpbDQkNtkk/edit#gid=654435343;https://docs.google.com/spreadsheets/d/1nwiq_ggEj7QePeZGMR2xoi0bEHJr_ZGO24YCRdt93No/edit#gid=857670931;https://docs.google.com/spreadsheets/d/1B2uTMvWlAHb7WlpupJV1A2Hbi3K3U1vCyoFV0wCapcw/edit#gid=1846395979;https://docs.google.com/spreadsheets/d/1uo7-E_E2jbehB2hbBurpPayP_0fKY5sPZcFgZmfLydY/edit#gid=1526488506;https://docs.google.com/spreadsheets/d/1uo7-E_E2jbehB2hbBurpPayP_0fKY5sPZcFgZmfLydY/edit#gid=520178140;https://docs.google.com/spreadsheets/d/1uo7-E_E2jbehB2hbBurpPayP_0fKY5sPZcFgZmfLydY/edit#gid=1696255979;https://docs.google.com/spreadsheets/d/1B2uTMvWlAHb7WlpupJV1A2Hbi3K3U1vCyoFV0wCapcw/edit#gid=1271313224
128,707,Clavion,clavion,Klefki,klefki,RU,7,8,5,"S1, S3, S5, S6, S8",0,,6,6,picked,https://raw.githubusercontent.com/PokeAPI/pokeapi/master/data/v2/csv/pokemon_species_names.csv;https://raw.githubusercontent.com/PokeAPI/pokeapi/master/data/v2/csv/languages.csv;https://raw.githubusercontent.com/PokeAPI/pokeapi/master/data/v2/csv/pokemon.csv;https://raw.githubusercontent.com/PokeAPI/pokeapi/master/data/v2/csv/pokemon_forms.csv;https://raw.githubusercontent.com/PokeAPI/pokeapi/master/data/v2/csv/pokemon_form_names.csv;https://docs.google.com/spreadsheets/d/1kiwDk4NgYoKb0Oo9yqzwl9HXHxuQ_0I5gkb1JtE57PI/edit#gid=0;https://docs.google.com/spreadsheets/d/1JZpA-5XDldN2bjfvhvBPHYK-1AENETLnF1UxNEpWlNA/edit#gid=352888197;data/manual/team_pokemon_usage.csv;output/team-graphics/s3/GPL Teams Spieltag 14 (1).jpg;output/team-graphics/s5/Prekani.png;https://docs.google.com/spreadsheets/d/11wxsKyCydVmDjp4kGLJAOLPM_LgwCLN2GYpbDQkNtkk/edit#gid=1588964432;https://docs.google.com/spreadsheets/d/11wxsKyCydVmDjp4kGLJAOLPM_LgwCLN2GYpbDQkNtkk/edit#gid=1843013406;https://docs.google.com/spreadsheets/d/1B2uTMvWlAHb7WlpupJV1A2Hbi3K3U1vCyoFV0wCapcw/edit#gid=26363830;https://docs.google.com/spreadsheets/d/1B2uTMvWlAHb7WlpupJV1A2Hbi3K3U1vCyoFV0wCapcw/edit#gid=1521895812;https://docs.google.com/spreadsheets/d/1n9SmK-ccTCn8Jjhs4U2LKnibXY8PvuBtV3V9MCOURRA/edit#gid=0
129,475,Galagladi,galagladi,Gallade,gallade,RU,7,8,6,"S1, S2, S4, S6, S7, S8",0,,5,5,picked,https://raw.githubusercontent.com/PokeAPI/pokeapi/master/data/v2/csv/pokemon_species_names.csv;https://raw.githubusercontent.com/PokeAPI/pokeapi/master/data/v2/csv/languages.csv;https://raw.githubusercontent.com/PokeAPI/pokeapi/master/data/v2/csv/pokemon.csv;https://raw.githubusercontent.com/PokeAPI/pokeapi/master/data/v2/csv/pokemon_forms.csv;https://raw.githubusercontent.com/PokeAPI/pokeapi/master/data/v2/csv/pokemon_form_names.csv;https://docs.google.com/spreadsheets/d/1kiwDk4NgYoKb0Oo9yqzwl9HXHxuQ_0I5gkb1JtE57PI/edit#gid=0;https://docs.google.com/spreadsheets/d/1FUsClf5qEny-BHY5Djp8rIwRJKBSJDvygJ8LBa62FEo/edit#gid=0;https://docs.google.com/spreadsheets/d/1JZpA-5XDldN2bjfvhvBPHYK-1AENETLnF1UxNEpWlNA/edit#gid=352888197;data/manual/team_pokemon_usage.csv;output/team-graphics/s4/Slicing Knights - Cabgolord.png;https://docs.google.com/spreadsheets/d/11wxsKyCydVmDjp4kGLJAOLPM_LgwCLN2GYpbDQkNtkk/edit#gid=1588964432;https://docs.google.com/spreadsheets/d/1nwiq_ggEj7QePeZGMR2xoi0bEHJr_ZGO24YCRdt93No/edit#gid=857670931;https://docs.google.com/spreadsheets/d/1B2uTMvWlAHb7WlpupJV1A2Hbi3K3U1vCyoFV0wCapcw/edit#gid=26363830;https://docs.google.com/spreadsheets/d/1B2uTMvWlAHb7WlpupJV1A2Hbi3K3U1vCyoFV0wCapcw/edit#gid=1521895812;https://docs.google.com/spreadsheets/d/1vJ-pioe3RZKSZ3LIGEA3FVTv_KEE_XKIQAXSIUNNd-Q/edit#gid=0
130,660,Grebbit,grebbit,Diggersby,diggersby,RU,7,8,5,"S1, S2, S6, S7, S9",0,,6,4,picked,https://raw.githubusercontent.com/PokeAPI/pokeapi/master/data/v2/csv/pokemon_species_names.csv;https://raw.githubusercontent.com/PokeAPI/pokeapi/master/data/v2/csv/languages.csv;https://raw.githubusercontent.com/PokeAPI/pokeapi/master/data/v2/csv/pokemon.csv;https://raw.githubusercontent.com/PokeAPI/pokeapi/master/data/v2/csv/pokemon_forms.csv;https://raw.githubusercontent.com/PokeAPI/pokeapi/master/data/v2/csv/pokemon_form_names.csv;https://docs.google.com/spreadsheets/d/1kiwDk4NgYoKb0Oo9yqzwl9HXHxuQ_0I5gkb1JtE57PI/edit#gid=0;https://docs.google.com/spreadsheets/d/1odsNRAZStW1GzmpXwmg27dqjOlch7w8syZOZ5Z2OQRg/edit#gid=0;https://docs.google.com/spreadsheets/d/11wxsKyCydVmDjp4kGLJAOLPM_LgwCLN2GYpbDQkNtkk/edit#gid=1588964432;https://docs.google.com/spreadsheets/d/11wxsKyCydVmDjp4kGLJAOLPM_LgwCLN2GYpbDQkNtkk/edit#gid=654435343;https://docs.google.com/spreadsheets/d/1nwiq_ggEj7QePeZGMR2xoi0bEHJr_ZGO24YCRdt93No/edit#gid=857670931;https://docs.google.com/spreadsheets/d/1uo7-E_E2jbehB2hbBurpPayP_0fKY5sPZcFgZmfLydY/edit#gid=1526488506;https://docs.google.com/spreadsheets/d/1uo7-E_E2jbehB2hbBurpPayP_0fKY5sPZcFgZmfLydY/edit#gid=520178140;https://docs.google.com/spreadsheets/d/1uo7-E_E2jbehB2hbBurpPayP_0fKY5sPZcFgZmfLydY/edit#gid=1696255979
131,297,Hariyama,hariyama,Hariyama,hariyama,RU,7,8,6,"S1, S2, S3, S4, S5, S6",2,"S1, S4",6,5,picked,https://raw.githubusercontent.com/PokeAPI/pokeapi/master/data/v2/csv/pokemon_species_names.csv;https://raw.githubusercontent.com/PokeAPI/pokeapi/master/data/v2/csv/languages.csv;https://raw.githubusercontent.com/PokeAPI/pokeapi/master/data/v2/csv/pokemon.csv;https://raw.githubusercontent.com/PokeAPI/pokeapi/master/data/v2/csv/pokemon_forms.csv;https://raw.githubusercontent.com/PokeAPI/pokeapi/master/data/v2/csv/pokemon_form_names.csv;https://docs.google.com/spreadsheets/d/1kiwDk4NgYoKb0Oo9yqzwl9HXHxuQ_0I5gkb1JtE57PI/edit#gid=0;https://docs.google.com/spreadsheets/d/1odsNRAZStW1GzmpXwmg27dqjOlch7w8syZOZ5Z2OQRg/edit#gid=0;https://docs.google.com/spreadsheets/d/1JZpA-5XDldN2bjfvhvBPHYK-1AENETLnF1UxNEpWlNA/edit#gid=352888197;data/manual/team_pokemon_usage.csv;output/team-graphics/s3/GPL Teams Spieltag 14 (1).jpg;output/team-graphics/s5/Prekani.png;https://docs.google.com/spreadsheets/d/11wxsKyCydVmDjp4kGLJAOLPM_LgwCLN2GYpbDQkNtkk/edit#gid=1588964432;https://docs.google.com/spreadsheets/d/11wxsKyCydVmDjp4kGLJAOLPM_LgwCLN2GYpbDQkNtkk/edit#gid=1843013406;data/manual/pokemon_killlists.csv;https://docs.google.com/spreadsheets/d/1n9SmK-ccTCn8Jjhs4U2LKnibXY8PvuBtV3V9MCOURRA/edit#gid=0
132,272,Kappalores,kappalores,Ludicolo,ludicolo,RU,7,8,4,"S2, S3, S4, S9",0,,7,3,picked,https://raw.githubusercontent.com/PokeAPI/pokeapi/master/data/v2/csv/pokemon_species_names.csv;https://raw.githubusercontent.com/PokeAPI/pokeapi/master/data/v2/csv/languages.csv;https://raw.githubusercontent.com/PokeAPI/pokeapi/master/data/v2/csv/pokemon.csv;https://raw.githubusercontent.com/PokeAPI/pokeapi/master/data/v2/csv/pokemon_forms.csv;https://raw.githubusercontent.com/PokeAPI/pokeapi/master/data/v2/csv/pokemon_form_names.csv;https://docs.google.com/spreadsheets/d/1FUsClf5qEny-BHY5Djp8rIwRJKBSJDvygJ8LBa62FEo/edit#gid=0;https://docs.google.com/spreadsheets/d/1odsNRAZStW1GzmpXwmg27dqjOlch7w8syZOZ5Z2OQRg/edit#gid=0;https://docs.google.com/spreadsheets/d/1uo7-E_E2jbehB2hbBurpPayP_0fKY5sPZcFgZmfLydY/edit#gid=1526488506;https://docs.google.com/spreadsheets/d/1uo7-E_E2jbehB2hbBurpPayP_0fKY5sPZcFgZmfLydY/edit#gid=520178140;https://docs.google.com/spreadsheets/d/1uo7-E_E2jbehB2hbBurpPayP_0fKY5sPZcFgZmfLydY/edit#gid=1696255979;https://docs.google.com/spreadsheets/d/1JZpA-5XDldN2bjfvhvBPHYK-1AENETLnF1UxNEpWlNA/edit#gid=352888197;data/manual/pokemon_killlists.csv
133,106,Kicklee,kicklee,Hitmonlee,hitmonlee,RU,7,8,3,"S3, S8, S9",0,,5,4,picked,https://raw.githubusercontent.com/PokeAPI/pokeapi/master/data/v2/csv/pokemon_species_names.csv;https://raw.githubusercontent.com/PokeAPI/pokeapi/master/data/v2/csv/languages.csv;https://raw.githubusercontent.com/PokeAPI/pokeapi/master/data/v2/csv/pokemon.csv;https://raw.githubusercontent.com/PokeAPI/pokeapi/master/data/v2/csv/pokemon_forms.csv;https://raw.githubusercontent.com/PokeAPI/pokeapi/master/data/v2/csv/pokemon_form_names.csv;https://docs.google.com/spreadsheets/d/1JZpA-5XDldN2bjfvhvBPHYK-1AENETLnF1UxNEpWlNA/edit#gid=352888197;data/manual/team_pokemon_usage.csv;output/team-graphics/s3/GPL Teams Spieltag 14 (1).jpg;https://docs.google.com/spreadsheets/d/1B2uTMvWlAHb7WlpupJV1A2Hbi3K3U1vCyoFV0wCapcw/edit#gid=26363830;https://docs.google.com/spreadsheets/d/1B2uTMvWlAHb7WlpupJV1A2Hbi3K3U1vCyoFV0wCapcw/edit#gid=1846395979;https://docs.google.com/spreadsheets/d/1uo7-E_E2jbehB2hbBurpPayP_0fKY5sPZcFgZmfLydY/edit#gid=1526488506;https://docs.google.com/spreadsheets/d/1uo7-E_E2jbehB2hbBurpPayP_0fKY5sPZcFgZmfLydY/edit#gid=520178140;https://docs.google.com/spreadsheets/d/1uo7-E_E2jbehB2hbBurpPayP_0fKY5sPZcFgZmfLydY/edit#gid=1696255979;https://docs.google.com/spreadsheets/d/1B2uTMvWlAHb7WlpupJV1A2Hbi3K3U1vCyoFV0wCapcw/edit#gid=1521895812;https://docs.google.com/spreadsheets/d/1B2uTMvWlAHb7WlpupJV1A2Hbi3K3U1vCyoFV0wCapcw/edit#gid=1271313224
134,781,Moruda,moruda,Dhelmise,dhelmise,RU,7,8,4,"S5, S6, S7, S8",0,,6,6,picked,https://raw.githubusercontent.com/PokeAPI/pokeapi/master/data/v2/csv/pokemon_species_names.csv;https://raw.githubusercontent.com/PokeAPI/pokeapi/master/data/v2/csv/languages.csv;https://raw.githubusercontent.com/PokeAPI/pokeapi/master/data/v2/csv/pokemon.csv;https://raw.githubusercontent.com/PokeAPI/pokeapi/master/data/v2/csv/pokemon_forms.csv;https://raw.githubusercontent.com/PokeAPI/pokeapi/master/data/v2/csv/pokemon_form_names.csv;https://docs.google.com/spreadsheets/d/11wxsKyCydVmDjp4kGLJAOLPM_LgwCLN2GYpbDQkNtkk/edit#gid=1588964432;https://docs.google.com/spreadsheets/d/11wxsKyCydVmDjp4kGLJAOLPM_LgwCLN2GYpbDQkNtkk/edit#gid=1843013406;https://docs.google.com/spreadsheets/d/1nwiq_ggEj7QePeZGMR2xoi0bEHJr_ZGO24YCRdt93No/edit#gid=857670931;https://docs.google.com/spreadsheets/d/1B2uTMvWlAHb7WlpupJV1A2Hbi3K3U1vCyoFV0wCapcw/edit#gid=26363830;https://docs.google.com/spreadsheets/d/1B2uTMvWlAHb7WlpupJV1A2Hbi3K3U1vCyoFV0wCapcw/edit#gid=1846395979;https://docs.google.com/spreadsheets/d/1JZpA-5XDldN2bjfvhvBPHYK-1AENETLnF1UxNEpWlNA/edit#gid=352888197;data/manual/pokemon_killlists.csv;https://docs.google.com/spreadsheets/d/1B2uTMvWlAHb7WlpupJV1A2Hbi3K3U1vCyoFV0wCapcw/edit#gid=1521895812;https://docs.google.com/spreadsheets/d/1B2uTMvWlAHb7WlpupJV1A2Hbi3K3U1vCyoFV0wCapcw/edit#gid=1271313224
135,609,Skelabra,skelabra,Chandelure,chandelure,RU,7,8,6,"S1, S2, S3, S6, S7, S10",0,,6,5,picked,https://raw.githubusercontent.com/PokeAPI/pokeapi/master/data/v2/csv/pokemon_species_names.csv;https://raw.githubusercontent.com/PokeAPI/pokeapi/master/data/v2/csv/languages.csv;https://raw.githubusercontent.com/PokeAPI/pokeapi/master/data/v2/csv/pokemon.csv;https://raw.githubusercontent.com/PokeAPI/pokeapi/master/data/v2/csv/pokemon_forms.csv;https://raw.githubusercontent.com/PokeAPI/pokeapi/master/data/v2/csv/pokemon_form_names.csv;https://docs.google.com/spreadsheets/d/1kiwDk4NgYoKb0Oo9yqzwl9HXHxuQ_0I5gkb1JtE57PI/edit#gid=0;https://docs.google.com/spreadsheets/d/1FUsClf5qEny-BHY5Djp8rIwRJKBSJDvygJ8LBa62FEo/edit#gid=0;https://docs.google.com/spreadsheets/d/1JZpA-5XDldN2bjfvhvBPHYK-1AENETLnF1UxNEpWlNA/edit#gid=352888197;data/manual/team_pokemon_usage.csv;output/team-graphics/s3/GPL Teams Spieltag 14 (2).jpg;https://docs.google.com/spreadsheets/d/11wxsKyCydVmDjp4kGLJAOLPM_LgwCLN2GYpbDQkNtkk/edit#gid=1843013406;https://docs.google.com/spreadsheets/d/1nwiq_ggEj7QePeZGMR2xoi0bEHJr_ZGO24YCRdt93No/edit#gid=857670931;https://docs.google.com/spreadsheets/d/13smsrG2BGYxr_omJWcgr-sUDr39bvOJPNL5RPt4DSow/edit#gid=1934543062;https://docs.google.com/spreadsheets/d/1n9SmK-ccTCn8Jjhs4U2LKnibXY8PvuBtV3V9MCOURRA/edit#gid=0;https://docs.google.com/spreadsheets/d/14N_40jsahiN9DChpnNaPTnFy26If6imVHtqBGDWk6pg/edit#gid=0
136,691,Tandrak,tandrak,Dragalge,dragalge,RU,7,8,5,"S1, S2, S6, S8, S9",0,,5,3,picked,https://raw.githubusercontent.com/PokeAPI/pokeapi/master/data/v2/csv/pokemon_species_names.csv;https://raw.githubusercontent.com/PokeAPI/pokeapi/master/data/v2/csv/languages.csv;https://raw.githubusercontent.com/PokeAPI/pokeapi/master/data/v2/csv/pokemon.csv;https://raw.githubusercontent.com/PokeAPI/pokeapi/master/data/v2/csv/pokemon_forms.csv;https://raw.githubusercontent.com/PokeAPI/pokeapi/master/data/v2/csv/pokemon_form_names.csv;https://docs.google.com/spreadsheets/d/1FUsClf5qEny-BHY5Djp8rIwRJKBSJDvygJ8LBa62FEo/edit#gid=0;https://docs.google.com/spreadsheets/d/11wxsKyCydVmDjp4kGLJAOLPM_LgwCLN2GYpbDQkNtkk/edit#gid=1843013406;https://docs.google.com/spreadsheets/d/1B2uTMvWlAHb7WlpupJV1A2Hbi3K3U1vCyoFV0wCapcw/edit#gid=26363830;https://docs.google.com/spreadsheets/d/1uo7-E_E2jbehB2hbBurpPayP_0fKY5sPZcFgZmfLydY/edit#gid=1526488506;https://docs.google.com/spreadsheets/d/1uo7-E_E2jbehB2hbBurpPayP_0fKY5sPZcFgZmfLydY/edit#gid=520178140;https://docs.google.com/spreadsheets/d/1uo7-E_E2jbehB2hbBurpPayP_0fKY5sPZcFgZmfLydY/edit#gid=1696255979;https://docs.google.com/spreadsheets/d/1B2uTMvWlAHb7WlpupJV1A2Hbi3K3U1vCyoFV0wCapcw/edit#gid=1521895812;https://docs.google.com/spreadsheets/d/1JZpA-5XDldN2bjfvhvBPHYK-1AENETLnF1UxNEpWlNA/edit#gid=352888197
137,207,Skorgla,skorgla,Gligar,gligar,NFE,14,8,6,"S2, S3, S4, S5, S6, S10",0,,7,7,picked,https://raw.githubusercontent.com/PokeAPI/pokeapi/master/data/v2/csv/pokemon_species_names.csv;https://raw.githubusercontent.com/PokeAPI/pokeapi/master/data/v2/csv/languages.csv;https://raw.githubusercontent.com/PokeAPI/pokeapi/master/data/v2/csv/pokemon.csv;https://raw.githubusercontent.com/PokeAPI/pokeapi/master/data/v2/csv/pokemon_forms.csv;https://raw.githubusercontent.com/PokeAPI/pokeapi/master/data/v2/csv/pokemon_form_names.csv;https://docs.google.com/spreadsheets/d/1FUsClf5qEny-BHY5Djp8rIwRJKBSJDvygJ8LBa62FEo/edit#gid=0;https://docs.google.com/spreadsheets/d/1JZpA-5XDldN2bjfvhvBPHYK-1AENETLnF1UxNEpWlNA/edit#gid=352888197;data/manual/team_pokemon_usage.csv;output/team-graphics/s3/GPL Teams Spieltag 14 (2).jpg;https://docs.google.com/spreadsheets/d/11wxsKyCydVmDjp4kGLJAOLPM_LgwCLN2GYpbDQkNtkk/edit#gid=1588964432;https://docs.google.com/spreadsheets/d/11wxsKyCydVmDjp4kGLJAOLPM_LgwCLN2GYpbDQkNtkk/edit#gid=1843013406;https://docs.google.com/spreadsheets/d/13smsrG2BGYxr_omJWcgr-sUDr39bvOJPNL5RPt4DSow/edit#gid=1934543062;data/manual/pokemon_killlists.csv;https://docs.google.com/spreadsheets/d/1vJ-pioe3RZKSZ3LIGEA3FVTv_KEE_XKIQAXSIUNNd-Q/edit#gid=0
138,114,Tangela,tangela,Tangela,tangela,NFE,14,8,6,"S1, S2, S4, S5, S6, S8",0,,6,5,picked,https://raw.githubusercontent.com/PokeAPI/pokeapi/master/data/v2/csv/pokemon_species_names.csv;https://raw.githubusercontent.com/PokeAPI/pokeapi/master/data/v2/csv/languages.csv;https://raw.githubusercontent.com/PokeAPI/pokeapi/master/data/v2/csv/pokemon.csv;https://raw.githubusercontent.com/PokeAPI/pokeapi/master/data/v2/csv/pokemon_forms.csv;https://raw.githubusercontent.com/PokeAPI/pokeapi/master/data/v2/csv/pokemon_form_names.csv;https://docs.google.com/spreadsheets/d/1kiwDk4NgYoKb0Oo9yqzwl9HXHxuQ_0I5gkb1JtE57PI/edit#gid=0;https://docs.google.com/spreadsheets/d/1JZpA-5XDldN2bjfvhvBPHYK-1AENETLnF1UxNEpWlNA/edit#gid=352888197;data/manual/team_pokemon_usage.csv;output/team-graphics/s5/SoulStealer.png;https://docs.google.com/spreadsheets/d/11wxsKyCydVmDjp4kGLJAOLPM_LgwCLN2GYpbDQkNtkk/edit#gid=1588964432;https://docs.google.com/spreadsheets/d/1B2uTMvWlAHb7WlpupJV1A2Hbi3K3U1vCyoFV0wCapcw/edit#gid=26363830;data/manual/pokemon_killlists.csv;https://docs.google.com/spreadsheets/d/1B2uTMvWlAHb7WlpupJV1A2Hbi3K3U1vCyoFV0wCapcw/edit#gid=1521895812;https://docs.google.com/spreadsheets/d/1n9SmK-ccTCn8Jjhs4U2LKnibXY8PvuBtV3V9MCOURRA/edit#gid=0;https://docs.google.com/spreadsheets/d/1vJ-pioe3RZKSZ3LIGEA3FVTv_KEE_XKIQAXSIUNNd-Q/edit#gid=0
139,646,Kyurem-Black,kyuremblack,kyurem-black,kyuremblack,Uber,2,7,6,"S1, S2, S3, S4, S5, S6",0,,5,5,picked,https://raw.githubusercontent.com/PokeAPI/pokeapi/master/data/v2/csv/pokemon_species_names.csv;https://raw.githubusercontent.com/PokeAPI/pokeapi/master/data/v2/csv/languages.csv;https://raw.githubusercontent.com/PokeAPI/pokeapi/master/data/v2/csv/pokemon.csv;https://raw.githubusercontent.com/PokeAPI/pokeapi/master/data/v2/csv/pokemon_forms.csv;https://raw.githubusercontent.com/PokeAPI/pokeapi/master/data/v2/csv/pokemon_form_names.csv;https://docs.google.com/spreadsheets/d/1odsNRAZStW1GzmpXwmg27dqjOlch7w8syZOZ5Z2OQRg/edit#gid=0;https://docs.google.com/spreadsheets/d/1JZpA-5XDldN2bjfvhvBPHYK-1AENETLnF1UxNEpWlNA/edit#gid=352888197;data/manual/team_pokemon_usage.csv;output/team-graphics/s4/Slicing Knights - Cabgolord.png;output/team-graphics/s5/Crinchilla.png;https://docs.google.com/spreadsheets/d/11wxsKyCydVmDjp4kGLJAOLPM_LgwCLN2GYpbDQkNtkk/edit#gid=1588964432;https://docs.google.com/spreadsheets/d/11wxsKyCydVmDjp4kGLJAOLPM_LgwCLN2GYpbDQkNtkk/edit#gid=1843013406;output/team-graphics/s3/GPL Teams Spieltag 14 (2).jpg;data/manual/pokemon_killlists.csv;https://docs.google.com/spreadsheets/d/1n9SmK-ccTCn8Jjhs4U2LKnibXY8PvuBtV3V9MCOURRA/edit#gid=0
140,719,Mega-Diancie,megadiancie,diancie-mega,dianciemega,OU,3,7,4,"S2, S3, S5, S6",0,,4,6,picked,https://raw.githubusercontent.com/PokeAPI/pokeapi/master/data/v2/csv/pokemon_species_names.csv;https://raw.githubusercontent.com/PokeAPI/pokeapi/master/data/v2/csv/languages.csv;https://raw.githubusercontent.com/PokeAPI/pokeapi/master/data/v2/csv/pokemon.csv;https://raw.githubusercontent.com/PokeAPI/pokeapi/master/data/v2/csv/pokemon_forms.csv;https://raw.githubusercontent.com/PokeAPI/pokeapi/master/data/v2/csv/pokemon_form_names.csv;https://docs.google.com/spreadsheets/d/1FUsClf5qEny-BHY5Djp8rIwRJKBSJDvygJ8LBa62FEo/edit#gid=0;https://docs.google.com/spreadsheets/d/1JZpA-5XDldN2bjfvhvBPHYK-1AENETLnF1UxNEpWlNA/edit#gid=352888197;data/manual/team_pokemon_usage.csv;output/team-graphics/s3/GPL Teams Spieltag 14 (2).jpg;output/team-graphics/s5/SoulStealer.png;https://docs.google.com/spreadsheets/d/11wxsKyCydVmDjp4kGLJAOLPM_LgwCLN2GYpbDQkNtkk/edit#gid=1588964432;https://docs.google.com/spreadsheets/d/11wxsKyCydVmDjp4kGLJAOLPM_LgwCLN2GYpbDQkNtkk/edit#gid=1843013406;https://docs.google.com/spreadsheets/d/1vJ-pioe3RZKSZ3LIGEA3FVTv_KEE_XKIQAXSIUNNd-Q/edit#gid=0
141,212,Mega-Scherox,megascherox,scizor-mega,scizormega,OU,3,7,5,"S1, S2, S3, S4, S6",1,S2,6,6,picked,https://raw.githubusercontent.com/PokeAPI/pokeapi/master/data/v2/csv/pokemon_species_names.csv;https://raw.githubusercontent.com/PokeAPI/pokeapi/master/data/v2/csv/languages.csv;https://raw.githubusercontent.com/PokeAPI/pokeapi/master/data/v2/csv/pokemon.csv;https://raw.githubusercontent.com/PokeAPI/pokeapi/master/data/v2/csv/pokemon_forms.csv;https://raw.githubusercontent.com/PokeAPI/pokeapi/master/data/v2/csv/pokemon_form_names.csv;https://docs.google.com/spreadsheets/d/1odsNRAZStW1GzmpXwmg27dqjOlch7w8syZOZ5Z2OQRg/edit#gid=0;https://docs.google.com/spreadsheets/d/1JZpA-5XDldN2bjfvhvBPHYK-1AENETLnF1UxNEpWlNA/edit#gid=352888197;data/manual/team_pokemon_usage.csv;output/team-graphics/s3/GPL Teams Spieltag 14 (2).jpg;output/team-graphics/s4/Shocking Shaymins - MeLevies.png;https://docs.google.com/spreadsheets/d/11wxsKyCydVmDjp4kGLJAOLPM_LgwCLN2GYpbDQkNtkk/edit#gid=1588964432;https://docs.google.com/spreadsheets/d/11wxsKyCydVmDjp4kGLJAOLPM_LgwCLN2GYpbDQkNtkk/edit#gid=1843013406;https://docs.google.com/spreadsheets/d/1n9SmK-ccTCn8Jjhs4U2LKnibXY8PvuBtV3V9MCOURRA/edit#gid=0;https://docs.google.com/spreadsheets/d/1vJ-pioe3RZKSZ3LIGEA3FVTv_KEE_XKIQAXSIUNNd-Q/edit#gid=0
142,490,Manaphy,manaphy,Manaphy,manaphy,UUBL,4,7,6,"S1, S2, S3, S4, S5, S6",0,,5,6,picked,https://raw.githubusercontent.com/PokeAPI/pokeapi/master/data/v2/csv/pokemon_species_names.csv;https://raw.githubusercontent.com/PokeAPI/pokeapi/master/data/v2/csv/languages.csv;https://raw.githubusercontent.com/PokeAPI/pokeapi/master/data/v2/csv/pokemon.csv;https://raw.githubusercontent.com/PokeAPI/pokeapi/master/data/v2/csv/pokemon_forms.csv;https://raw.githubusercontent.com/PokeAPI/pokeapi/master/data/v2/csv/pokemon_form_names.csv;https://docs.google.com/spreadsheets/d/1FUsClf5qEny-BHY5Djp8rIwRJKBSJDvygJ8LBa62FEo/edit#gid=0;https://docs.google.com/spreadsheets/d/1JZpA-5XDldN2bjfvhvBPHYK-1AENETLnF1UxNEpWlNA/edit#gid=352888197;data/manual/team_pokemon_usage.csv;output/team-graphics/s4/Shocking Shaymins - MeLevies.png;output/team-graphics/s5/Marvelous Speedsters.png;https://docs.google.com/spreadsheets/d/11wxsKyCydVmDjp4kGLJAOLPM_LgwCLN2GYpbDQkNtkk/edit#gid=1588964432;output/team-graphics/s3/GPL Teams Spieltag 14 (1).jpg;data/manual/pokemon_killlists.csv;https://docs.google.com/spreadsheets/d/1n9SmK-ccTCn8Jjhs4U2LKnibXY8PvuBtV3V9MCOURRA/edit#gid=0;https://docs.google.com/spreadsheets/d/1vJ-pioe3RZKSZ3LIGEA3FVTv_KEE_XKIQAXSIUNNd-Q/edit#gid=0
143,545,Cerapendra,cerapendra,Scolipede,scolipede,RUBL,6,7,2,"S8, S9",0,,4,3,picked,https://raw.githubusercontent.com/PokeAPI/pokeapi/master/data/v2/csv/pokemon_species_names.csv;https://raw.githubusercontent.com/PokeAPI/pokeapi/master/data/v2/csv/languages.csv;https://raw.githubusercontent.com/PokeAPI/pokeapi/master/data/v2/csv/pokemon.csv;https://raw.githubusercontent.com/PokeAPI/pokeapi/master/data/v2/csv/pokemon_forms.csv;https://raw.githubusercontent.com/PokeAPI/pokeapi/master/data/v2/csv/pokemon_form_names.csv;https://docs.google.com/spreadsheets/d/1B2uTMvWlAHb7WlpupJV1A2Hbi3K3U1vCyoFV0wCapcw/edit#gid=26363830;https://docs.google.com/spreadsheets/d/1B2uTMvWlAHb7WlpupJV1A2Hbi3K3U1vCyoFV0wCapcw/edit#gid=1846395979;https://docs.google.com/spreadsheets/d/1uo7-E_E2jbehB2hbBurpPayP_0fKY5sPZcFgZmfLydY/edit#gid=1526488506;https://docs.google.com/spreadsheets/d/1uo7-E_E2jbehB2hbBurpPayP_0fKY5sPZcFgZmfLydY/edit#gid=520178140;https://docs.google.com/spreadsheets/d/1uo7-E_E2jbehB2hbBurpPayP_0fKY5sPZcFgZmfLydY/edit#gid=1696255979;https://docs.google.com/spreadsheets/d/1B2uTMvWlAHb7WlpupJV1A2Hbi3K3U1vCyoFV0wCapcw/edit#gid=1521895812;https://docs.google.com/spreadsheets/d/1B2uTMvWlAHb7WlpupJV1A2Hbi3K3U1vCyoFV0wCapcw/edit#gid=1271313224
144,334,Mega-Altaria,megaaltaria,altaria-mega,altariamega,RUBL,6,7,4,"S2, S3, S5, S6",0,,6,5,picked,https://raw.githubusercontent.com/PokeAPI/pokeapi/master/data/v2/csv/pokemon_species_names.csv;https://raw.githubusercontent.com/PokeAPI/pokeapi/master/data/v2/csv/languages.csv;https://raw.githubusercontent.com/PokeAPI/pokeapi/master/data/v2/csv/pokemon.csv;https://raw.githubusercontent.com/PokeAPI/pokeapi/master/data/v2/csv/pokemon_forms.csv;https://raw.githubusercontent.com/PokeAPI/pokeapi/master/data/v2/csv/pokemon_form_names.csv;https://docs.google.com/spreadsheets/d/1FUsClf5qEny-BHY5Djp8rIwRJKBSJDvygJ8LBa62FEo/edit#gid=0;https://docs.google.com/spreadsheets/d/1odsNRAZStW1GzmpXwmg27dqjOlch7w8syZOZ5Z2OQRg/edit#gid=0;https://docs.google.com/spreadsheets/d/1JZpA-5XDldN2bjfvhvBPHYK-1AENETLnF1UxNEpWlNA/edit#gid=352888197;data/manual/team_pokemon_usage.csv;output/team-graphics/s3/GPL Teams Spieltag 14 (1).jpg;output/team-graphics/s5/Energie Tobutz.png;https://docs.google.com/spreadsheets/d/11wxsKyCydVmDjp4kGLJAOLPM_LgwCLN2GYpbDQkNtkk/edit#gid=1588964432;https://docs.google.com/spreadsheets/d/11wxsKyCydVmDjp4kGLJAOLPM_LgwCLN2GYpbDQkNtkk/edit#gid=1843013406;https://docs.google.com/spreadsheets/d/1vJ-pioe3RZKSZ3LIGEA3FVTv_KEE_XKIQAXSIUNNd-Q/edit#gid=0
145,380,Mega-Latias,megalatias,latias-mega,latiasmega,RUBL,6,7,4,"S2, S3, S5, S6",0,,6,5,picked,https://raw.githubusercontent.com/PokeAPI/pokeapi/master/data/v2/csv/pokemon_species_names.csv;https://raw.githubusercontent.com/PokeAPI/pokeapi/master/data/v2/csv/languages.csv;https://raw.githubusercontent.com/PokeAPI/pokeapi/master/data/v2/csv/pokemon.csv;https://raw.githubusercontent.com/PokeAPI/pokeapi/master/data/v2/csv/pokemon_forms.csv;https://raw.githubusercontent.com/PokeAPI/pokeapi/master/data/v2/csv/pokemon_form_names.csv;https://docs.google.com/spreadsheets/d/1FUsClf5qEny-BHY5Djp8rIwRJKBSJDvygJ8LBa62FEo/edit#gid=0;https://docs.google.com/spreadsheets/d/1odsNRAZStW1GzmpXwmg27dqjOlch7w8syZOZ5Z2OQRg/edit#gid=0;https://docs.google.com/spreadsheets/d/1JZpA-5XDldN2bjfvhvBPHYK-1AENETLnF1UxNEpWlNA/edit#gid=352888197;data/manual/team_pokemon_usage.csv;output/team-graphics/s3/GPL Teams Spieltag 14 (2).jpg;output/team-graphics/s5/Aggron Berlin.png;https://docs.google.com/spreadsheets/d/11wxsKyCydVmDjp4kGLJAOLPM_LgwCLN2GYpbDQkNtkk/edit#gid=1588964432;https://docs.google.com/spreadsheets/d/11wxsKyCydVmDjp4kGLJAOLPM_LgwCLN2GYpbDQkNtkk/edit#gid=1843013406;https://docs.google.com/spreadsheets/d/1vJ-pioe3RZKSZ3LIGEA3FVTv_KEE_XKIQAXSIUNNd-Q/edit#gid=0
146,65,Simsala,simsala,Alakazam,alakazam,RUBL,6,7,3,"S1, S2, S6",1,S1,5,3,picked,https://raw.githubusercontent.com/PokeAPI/pokeapi/master/data/v2/csv/pokemon_species_names.csv;https://raw.githubusercontent.com/PokeAPI/pokeapi/master/data/v2/csv/languages.csv;https://raw.githubusercontent.com/PokeAPI/pokeapi/master/data/v2/csv/pokemon.csv;https://raw.githubusercontent.com/PokeAPI/pokeapi/master/data/v2/csv/pokemon_forms.csv;https://raw.githubusercontent.com/PokeAPI/pokeapi/master/data/v2/csv/pokemon_form_names.csv;https://docs.google.com/spreadsheets/d/1kiwDk4NgYoKb0Oo9yqzwl9HXHxuQ_0I5gkb1JtE57PI/edit#gid=0;https://docs.google.com/spreadsheets/d/1odsNRAZStW1GzmpXwmg27dqjOlch7w8syZOZ5Z2OQRg/edit#gid=0;https://docs.google.com/spreadsheets/d/11wxsKyCydVmDjp4kGLJAOLPM_LgwCLN2GYpbDQkNtkk/edit#gid=1588964432;https://docs.google.com/spreadsheets/d/1JZpA-5XDldN2bjfvhvBPHYK-1AENETLnF1UxNEpWlNA/edit#gid=352888197;https://docs.google.com/spreadsheets/d/1n9SmK-ccTCn8Jjhs4U2LKnibXY8PvuBtV3V9MCOURRA/edit#gid=0
147,142,Aerodactyl,aerodactyl,Aerodactyl,aerodactyl,RU,7,7,3,"S5, S6, S8",0,,5,5,picked,https://raw.githubusercontent.com/PokeAPI/pokeapi/master/data/v2/csv/pokemon_species_names.csv;https://raw.githubusercontent.com/PokeAPI/pokeapi/master/data/v2/csv/languages.csv;https://raw.githubusercontent.com/PokeAPI/pokeapi/master/data/v2/csv/pokemon.csv;https://raw.githubusercontent.com/PokeAPI/pokeapi/master/data/v2/csv/pokemon_forms.csv;https://raw.githubusercontent.com/PokeAPI/pokeapi/master/data/v2/csv/pokemon_form_names.csv;https://docs.google.com/spreadsheets/d/1JZpA-5XDldN2bjfvhvBPHYK-1AENETLnF1UxNEpWlNA/edit#gid=352888197;data/manual/team_pokemon_usage.csv;output/team-graphics/s5/Prekani.png;https://docs.google.com/spreadsheets/d/11wxsKyCydVmDjp4kGLJAOLPM_LgwCLN2GYpbDQkNtkk/edit#gid=1588964432;https://docs.google.com/spreadsheets/d/11wxsKyCydVmDjp4kGLJAOLPM_LgwCLN2GYpbDQkNtkk/edit#gid=1843013406;https://docs.google.com/spreadsheets/d/1B2uTMvWlAHb7WlpupJV1A2Hbi3K3U1vCyoFV0wCapcw/edit#gid=26363830;https://docs.google.com/spreadsheets/d/1B2uTMvWlAHb7WlpupJV1A2Hbi3K3U1vCyoFV0wCapcw/edit#gid=1846395979;https://docs.google.com/spreadsheets/d/1B2uTMvWlAHb7WlpupJV1A2Hbi3K3U1vCyoFV0wCapcw/edit#gid=1521895812;https://docs.google.com/spreadsheets/d/1B2uTMvWlAHb7WlpupJV1A2Hbi3K3U1vCyoFV0wCapcw/edit#gid=1271313224
148,573,Chillabell,chillabell,Cinccino,cinccino,RU,7,7,6,"S2, S3, S5, S6, S7, S10",0,,3,3,picked,https://raw.githubusercontent.com/PokeAPI/pokeapi/master/data/v2/csv/pokemon_species_names.csv;https://raw.githubusercontent.com/PokeAPI/pokeapi/master/data/v2/csv/languages.csv;https://raw.githubusercontent.com/PokeAPI/pokeapi/master/data/v2/csv/pokemon.csv;https://raw.githubusercontent.com/PokeAPI/pokeapi/master/data/v2/csv/pokemon_forms.csv;https://raw.githubusercontent.com/PokeAPI/pokeapi/master/data/v2/csv/pokemon_form_names.csv;https://docs.google.com/spreadsheets/d/1odsNRAZStW1GzmpXwmg27dqjOlch7w8syZOZ5Z2OQRg/edit#gid=0;https://docs.google.com/spreadsheets/d/1JZpA-5XDldN2bjfvhvBPHYK-1AENETLnF1UxNEpWlNA/edit#gid=352888197;data/manual/team_pokemon_usage.csv;output/team-graphics/s3/GPL Teams Spieltag 14 (2).jpg;output/team-graphics/s5/Crinchilla.png;https://docs.google.com/spreadsheets/d/11wxsKyCydVmDjp4kGLJAOLPM_LgwCLN2GYpbDQkNtkk/edit#gid=1588964432;https://docs.google.com/spreadsheets/d/11wxsKyCydVmDjp4kGLJAOLPM_LgwCLN2GYpbDQkNtkk/edit#gid=1843013406;https://docs.google.com/spreadsheets/d/1nwiq_ggEj7QePeZGMR2xoi0bEHJr_ZGO24YCRdt93No/edit#gid=857670931;https://docs.google.com/spreadsheets/d/13smsrG2BGYxr_omJWcgr-sUDr39bvOJPNL5RPt4DSow/edit#gid=1934543062
149,569,Deponitox,deponitox,Garbodor,garbodor,RU,7,7,3,"S6, S7, S8",1,S8,5,5,picked,https://raw.githubusercontent.com/PokeAPI/pokeapi/master/data/v2/csv/pokemon_species_names.csv;https://raw.githubusercontent.com/PokeAPI/pokeapi/master/data/v2/csv/languages.csv;https://raw.githubusercontent.com/PokeAPI/pokeapi/master/data/v2/csv/pokemon.csv;https://raw.githubusercontent.com/PokeAPI/pokeapi/master/data/v2/csv/pokemon_forms.csv;https://raw.githubusercontent.com/PokeAPI/pokeapi/master/data/v2/csv/pokemon_form_names.csv;https://docs.google.com/spreadsheets/d/11wxsKyCydVmDjp4kGLJAOLPM_LgwCLN2GYpbDQkNtkk/edit#gid=1588964432;https://docs.google.com/spreadsheets/d/11wxsKyCydVmDjp4kGLJAOLPM_LgwCLN2GYpbDQkNtkk/edit#gid=1843013406;https://docs.google.com/spreadsheets/d/1nwiq_ggEj7QePeZGMR2xoi0bEHJr_ZGO24YCRdt93No/edit#gid=857670931;https://docs.google.com/spreadsheets/d/1B2uTMvWlAHb7WlpupJV1A2Hbi3K3U1vCyoFV0wCapcw/edit#gid=26363830;https://docs.google.com/spreadsheets/d/1B2uTMvWlAHb7WlpupJV1A2Hbi3K3U1vCyoFV0wCapcw/edit#gid=1846395979;https://docs.google.com/spreadsheets/d/1B2uTMvWlAHb7WlpupJV1A2Hbi3K3U1vCyoFV0wCapcw/edit#gid=1521895812;https://docs.google.com/spreadsheets/d/1B2uTMvWlAHb7WlpupJV1A2Hbi3K3U1vCyoFV0wCapcw/edit#gid=1271313224
150,466,Elevoltek,elevoltek,Electivire,electivire,RU,7,7,5,"S1, S3, S4, S6, S10",1,S3,5,5,picked,https://raw.githubusercontent.com/PokeAPI/pokeapi/master/data/v2/csv/pokemon_species_names.csv;https://raw.githubusercontent.com/PokeAPI/pokeapi/master/data/v2/csv/languages.csv;https://raw.githubusercontent.com/PokeAPI/pokeapi/master/data/v2/csv/pokemon.csv;https://raw.githubusercontent.com/PokeAPI/pokeapi/master/data/v2/csv/pokemon_forms.csv;https://raw.githubusercontent.com/PokeAPI/pokeapi/master/data/v2/csv/pokemon_form_names.csv;https://docs.google.com/spreadsheets/d/1kiwDk4NgYoKb0Oo9yqzwl9HXHxuQ_0I5gkb1JtE57PI/edit#gid=0;https://docs.google.com/spreadsheets/d/1JZpA-5XDldN2bjfvhvBPHYK-1AENETLnF1UxNEpWlNA/edit#gid=352888197;data/manual/team_pokemon_usage.csv;output/team-graphics/s3/GPL Teams Spieltag 14 (1).jpg;output/team-graphics/s4/Enteikutierung - Lauris Enteitainment.png;https://docs.google.com/spreadsheets/d/11wxsKyCydVmDjp4kGLJAOLPM_LgwCLN2GYpbDQkNtkk/edit#gid=654435343;https://docs.google.com/spreadsheets/d/13smsrG2BGYxr_omJWcgr-sUDr39bvOJPNL5RPt4DSow/edit#gid=71150222;https://docs.google.com/spreadsheets/d/13smsrG2BGYxr_omJWcgr-sUDr39bvOJPNL5RPt4DSow/edit#gid=1953790464;https://docs.google.com/spreadsheets/d/1n9SmK-ccTCn8Jjhs4U2LKnibXY8PvuBtV3V9MCOURRA/edit#gid=0
151,623,Golgantes,golgantes,Golurk,golurk,RU,7,7,5,"S2, S5, S7, S8, S10",0,,5,5,picked,https://raw.githubusercontent.com/PokeAPI/pokeapi/master/data/v2/csv/pokemon_species_names.csv;https://raw.githubusercontent.com/PokeAPI/pokeapi/master/data/v2/csv/languages.csv;https://raw.githubusercontent.com/PokeAPI/pokeapi/master/data/v2/csv/pokemon.csv;https://raw.githubusercontent.com/PokeAPI/pokeapi/master/data/v2/csv/pokemon_forms.csv;https://raw.githubusercontent.com/PokeAPI/pokeapi/master/data/v2/csv/pokemon_form_names.csv;https://docs.google.com/spreadsheets/d/1FUsClf5qEny-BHY5Djp8rIwRJKBSJDvygJ8LBa62FEo/edit#gid=0;https://docs.google.com/spreadsheets/d/1JZpA-5XDldN2bjfvhvBPHYK-1AENETLnF1UxNEpWlNA/edit#gid=352888197;data/manual/team_pokemon_usage.csv;output/team-graphics/s5/Marvelous Speedsters.png;https://docs.google.com/spreadsheets/d/1nwiq_ggEj7QePeZGMR2xoi0bEHJr_ZGO24YCRdt93No/edit#gid=857670931;https://docs.google.com/spreadsheets/d/1B2uTMvWlAHb7WlpupJV1A2Hbi3K3U1vCyoFV0wCapcw/edit#gid=1846395979;https://docs.google.com/spreadsheets/d/13smsrG2BGYxr_omJWcgr-sUDr39bvOJPNL5RPt4DSow/edit#gid=1934543062;https://docs.google.com/spreadsheets/d/1B2uTMvWlAHb7WlpupJV1A2Hbi3K3U1vCyoFV0wCapcw/edit#gid=1271313224;https://docs.google.com/spreadsheets/d/1vJ-pioe3RZKSZ3LIGEA3FVTv_KEE_XKIQAXSIUNNd-Q/edit#gid=0
152,115,Kangama,kangama,Kangaskhan,kangaskhan,RU,7,7,2,"S8, S9",0,,4,3,picked,https://raw.githubusercontent.com/PokeAPI/pokeapi/master/data/v2/csv/pokemon_species_names.csv;https://raw.githubusercontent.com/PokeAPI/pokeapi/master/data/v2/csv/languages.csv;https://raw.githubusercontent.com/PokeAPI/pokeapi/master/data/v2/csv/pokemon.csv;https://raw.githubusercontent.com/PokeAPI/pokeapi/master/data/v2/csv/pokemon_forms.csv;https://raw.githubusercontent.com/PokeAPI/pokeapi/master/data/v2/csv/pokemon_form_names.csv;https://docs.google.com/spreadsheets/d/1B2uTMvWlAHb7WlpupJV1A2Hbi3K3U1vCyoFV0wCapcw/edit#gid=26363830;https://docs.google.com/spreadsheets/d/1B2uTMvWlAHb7WlpupJV1A2Hbi3K3U1vCyoFV0wCapcw/edit#gid=1846395979;https://docs.google.com/spreadsheets/d/1uo7-E_E2jbehB2hbBurpPayP_0fKY5sPZcFgZmfLydY/edit#gid=1526488506;https://docs.google.com/spreadsheets/d/1uo7-E_E2jbehB2hbBurpPayP_0fKY5sPZcFgZmfLydY/edit#gid=520178140;https://docs.google.com/spreadsheets/d/1uo7-E_E2jbehB2hbBurpPayP_0fKY5sPZcFgZmfLydY/edit#gid=1696255979;https://docs.google.com/spreadsheets/d/1B2uTMvWlAHb7WlpupJV1A2Hbi3K3U1vCyoFV0wCapcw/edit#gid=1521895812;https://docs.google.com/spreadsheets/d/1B2uTMvWlAHb7WlpupJV1A2Hbi3K3U1vCyoFV0wCapcw/edit#gid=1271313224
153,237,Kapoera,kapoera,Hitmontop,hitmontop,RU,7,7,5,"S2, S3, S4, S8, S10",1,S8,6,5,picked,https://raw.githubusercontent.com/PokeAPI/pokeapi/master/data/v2/csv/pokemon_species_names.csv;https://raw.githubusercontent.com/PokeAPI/pokeapi/master/data/v2/csv/languages.csv;https://raw.githubusercontent.com/PokeAPI/pokeapi/master/data/v2/csv/pokemon.csv;https://raw.githubusercontent.com/PokeAPI/pokeapi/master/data/v2/csv/pokemon_forms.csv;https://raw.githubusercontent.com/PokeAPI/pokeapi/master/data/v2/csv/pokemon_form_names.csv;https://docs.google.com/spreadsheets/d/1odsNRAZStW1GzmpXwmg27dqjOlch7w8syZOZ5Z2OQRg/edit#gid=0;https://docs.google.com/spreadsheets/d/1JZpA-5XDldN2bjfvhvBPHYK-1AENETLnF1UxNEpWlNA/edit#gid=352888197;data/manual/team_pokemon_usage.csv;output/team-graphics/s4/Suicide Squad - CaptainCrinch.png;https://docs.google.com/spreadsheets/d/1B2uTMvWlAHb7WlpupJV1A2Hbi3K3U1vCyoFV0wCapcw/edit#gid=26363830;https://docs.google.com/spreadsheets/d/13smsrG2BGYxr_omJWcgr-sUDr39bvOJPNL5RPt4DSow/edit#gid=1934543062;data/manual/pokemon_killlists.csv;https://docs.google.com/spreadsheets/d/1B2uTMvWlAHb7WlpupJV1A2Hbi3K3U1vCyoFV0wCapcw/edit#gid=1521895812;https://docs.google.com/spreadsheets/d/1vJ-pioe3RZKSZ3LIGEA3FVTv_KEE_XKIQAXSIUNNd-Q/edit#gid=0
154,330,Libelldra,libelldra,Flygon,flygon,RU,7,7,5,"S2, S3, S6, S7, S8",0,,5,5,picked,https://raw.githubusercontent.com/PokeAPI/pokeapi/master/data/v2/csv/pokemon_species_names.csv;https://raw.githubusercontent.com/PokeAPI/pokeapi/master/data/v2/csv/languages.csv;https://raw.githubusercontent.com/PokeAPI/pokeapi/master/data/v2/csv/pokemon.csv;https://raw.githubusercontent.com/PokeAPI/pokeapi/master/data/v2/csv/pokemon_forms.csv;https://raw.githubusercontent.com/PokeAPI/pokeapi/master/data/v2/csv/pokemon_form_names.csv;https://docs.google.com/spreadsheets/d/1FUsClf5qEny-BHY5Djp8rIwRJKBSJDvygJ8LBa62FEo/edit#gid=0;https://docs.google.com/spreadsheets/d/1JZpA-5XDldN2bjfvhvBPHYK-1AENETLnF1UxNEpWlNA/edit#gid=352888197;data/manual/team_pokemon_usage.csv;output/team-graphics/s3/GPL Teams Spieltag 14 (2).jpg;https://docs.google.com/spreadsheets/d/11wxsKyCydVmDjp4kGLJAOLPM_LgwCLN2GYpbDQkNtkk/edit#gid=1843013406;https://docs.google.com/spreadsheets/d/1nwiq_ggEj7QePeZGMR2xoi0bEHJr_ZGO24YCRdt93No/edit#gid=857670931;https://docs.google.com/spreadsheets/d/1B2uTMvWlAHb7WlpupJV1A2Hbi3K3U1vCyoFV0wCapcw/edit#gid=1846395979;https://docs.google.com/spreadsheets/d/1B2uTMvWlAHb7WlpupJV1A2Hbi3K3U1vCyoFV0wCapcw/edit#gid=1271313224;https://docs.google.com/spreadsheets/d/1vJ-pioe3RZKSZ3LIGEA3FVTv_KEE_XKIQAXSIUNNd-Q/edit#gid=0
155,68,Machomei,machomei,Machamp,machamp,RU,7,7,5,"S1, S2, S5, S6, S7",0,,6,4,picked,https://raw.githubusercontent.com/PokeAPI/pokeapi/master/data/v2/csv/pokemon_species_names.csv;https://raw.githubusercontent.com/PokeAPI/pokeapi/master/data/v2/csv/languages.csv;https://raw.githubusercontent.com/PokeAPI/pokeapi/master/data/v2/csv/pokemon.csv;https://raw.githubusercontent.com/PokeAPI/pokeapi/master/data/v2/csv/pokemon_forms.csv;https://raw.githubusercontent.com/PokeAPI/pokeapi/master/data/v2/csv/pokemon_form_names.csv;https://docs.google.com/spreadsheets/d/1kiwDk4NgYoKb0Oo9yqzwl9HXHxuQ_0I5gkb1JtE57PI/edit#gid=0;https://docs.google.com/spreadsheets/d/1FUsClf5qEny-BHY5Djp8rIwRJKBSJDvygJ8LBa62FEo/edit#gid=0;https://docs.google.com/spreadsheets/d/1odsNRAZStW1GzmpXwmg27dqjOlch7w8syZOZ5Z2OQRg/edit#gid=0;https://docs.google.com/spreadsheets/d/1JZpA-5XDldN2bjfvhvBPHYK-1AENETLnF1UxNEpWlNA/edit#gid=352888197;data/manual/team_pokemon_usage.csv;output/team-graphics/s5/Triyolotree.png;https://docs.google.com/spreadsheets/d/11wxsKyCydVmDjp4kGLJAOLPM_LgwCLN2GYpbDQkNtkk/edit#gid=1843013406;https://docs.google.com/spreadsheets/d/1nwiq_ggEj7QePeZGMR2xoi0bEHJr_ZGO24YCRdt93No/edit#gid=857670931;https://docs.google.com/spreadsheets/d/1vJ-pioe3RZKSZ3LIGEA3FVTv_KEE_XKIQAXSIUNNd-Q/edit#gid=0
156,462,Magnezone,magnezone,Magnezone,magnezone,RU,7,7,4,"S1, S2, S5, S6",0,,6,3,picked,https://raw.githubusercontent.com/PokeAPI/pokeapi/master/data/v2/csv/pokemon_species_names.csv;https://raw.githubusercontent.com/PokeAPI/pokeapi/master/data/v2/csv/languages.csv;https://raw.githubusercontent.com/PokeAPI/pokeapi/master/data/v2/csv/pokemon.csv;https://raw.githubusercontent.com/PokeAPI/pokeapi/master/data/v2/csv/pokemon_forms.csv;https://raw.githubusercontent.com/PokeAPI/pokeapi/master/data/v2/csv/pokemon_form_names.csv;https://docs.google.com/spreadsheets/d/1FUsClf5qEny-BHY5Djp8rIwRJKBSJDvygJ8LBa62FEo/edit#gid=0;https://docs.google.com/spreadsheets/d/1odsNRAZStW1GzmpXwmg27dqjOlch7w8syZOZ5Z2OQRg/edit#gid=0;https://docs.google.com/spreadsheets/d/11wxsKyCydVmDjp4kGLJAOLPM_LgwCLN2GYpbDQkNtkk/edit#gid=1843013406;https://docs.google.com/spreadsheets/d/1JZpA-5XDldN2bjfvhvBPHYK-1AENETLnF1UxNEpWlNA/edit#gid=352888197;data/manual/pokemon_killlists.csv;https://docs.google.com/spreadsheets/d/1n9SmK-ccTCn8Jjhs4U2LKnibXY8PvuBtV3V9MCOURRA/edit#gid=0
157,122,Pantimos,pantimos,Mr. Mime,mrmime,RU,7,7,3,"S3, S7, S9",1,S9,5,3,picked,https://raw.githubusercontent.com/PokeAPI/pokeapi/master/data/v2/csv/pokemon_species_names.csv;https://raw.githubusercontent.com/PokeAPI/pokeapi/master/data/v2/csv/languages.csv;https://raw.githubusercontent.com/PokeAPI/pokeapi/master/data/v2/csv/pokemon.csv;https://raw.githubusercontent.com/PokeAPI/pokeapi/master/data/v2/csv/pokemon_forms.csv;https://raw.githubusercontent.com/PokeAPI/pokeapi/master/data/v2/csv/pokemon_form_names.csv;https://docs.google.com/spreadsheets/d/1JZpA-5XDldN2bjfvhvBPHYK-1AENETLnF1UxNEpWlNA/edit#gid=352888197;data/manual/team_pokemon_usage.csv;output/team-graphics/s3/GPL Teams Spieltag 14 (1).jpg;https://docs.google.com/spreadsheets/d/1nwiq_ggEj7QePeZGMR2xoi0bEHJr_ZGO24YCRdt93No/edit#gid=857670931;https://docs.google.com/spreadsheets/d/1uo7-E_E2jbehB2hbBurpPayP_0fKY5sPZcFgZmfLydY/edit#gid=1526488506;https://docs.google.com/spreadsheets/d/1uo7-E_E2jbehB2hbBurpPayP_0fKY5sPZcFgZmfLydY/edit#gid=1696255979;https://docs.google.com/spreadsheets/d/1uo7-E_E2jbehB2hbBurpPayP_0fKY5sPZcFgZmfLydY/edit#gid=1992807502;https://docs.google.com/spreadsheets/d/1uo7-E_E2jbehB2hbBurpPayP_0fKY5sPZcFgZmfLydY/edit#gid=754790791;https://docs.google.com/spreadsheets/d/1kXhNwKGrqQTwSal0NxpZ9h0yo6u_mQwhwg4vGVwxMX4/edit#gid=0
158,683,Parfinesse,parfinesse,Aromatisse,aromatisse,RU,7,7,5,"S1, S3, S6, S7, S8",0,,6,5,picked,https://raw.githubusercontent.com/PokeAPI/pokeapi/master/data/v2/csv/pokemon_species_names.csv;https://raw.githubusercontent.com/PokeAPI/pokeapi/master/data/v2/csv/languages.csv;https://raw.githubusercontent.com/PokeAPI/pokeapi/master/data/v2/csv/pokemon.csv;https://raw.githubusercontent.com/PokeAPI/pokeapi/master/data/v2/csv/pokemon_forms.csv;https://raw.githubusercontent.com/PokeAPI/pokeapi/master/data/v2/csv/pokemon_form_names.csv;https://docs.google.com/spreadsheets/d/11wxsKyCydVmDjp4kGLJAOLPM_LgwCLN2GYpbDQkNtkk/edit#gid=1588964432;https://docs.google.com/spreadsheets/d/11wxsKyCydVmDjp4kGLJAOLPM_LgwCLN2GYpbDQkNtkk/edit#gid=1843013406;https://docs.google.com/spreadsheets/d/1nwiq_ggEj7QePeZGMR2xoi0bEHJr_ZGO24YCRdt93No/edit#gid=857670931;https://docs.google.com/spreadsheets/d/1B2uTMvWlAHb7WlpupJV1A2Hbi3K3U1vCyoFV0wCapcw/edit#gid=1846395979;https://docs.google.com/spreadsheets/d/1JZpA-5XDldN2bjfvhvBPHYK-1AENETLnF1UxNEpWlNA/edit#gid=352888197;data/manual/pokemon_killlists.csv;https://docs.google.com/spreadsheets/d/1B2uTMvWlAHb7WlpupJV1A2Hbi3K3U1vCyoFV0wCapcw/edit#gid=1271313224
159,277,Schwalboss,schwalboss,Swellow,swellow,RU,7,7,5,"S1, S3, S4, S5, S6",0,,5,5,picked,https://raw.githubusercontent.com/PokeAPI/pokeapi/master/data/v2/csv/pokemon_species_names.csv;https://raw.githubusercontent.com/PokeAPI/pokeapi/master/data/v2/csv/languages.csv;https://raw.githubusercontent.com/PokeAPI/pokeapi/master/data/v2/csv/pokemon.csv;https://raw.githubusercontent.com/PokeAPI/pokeapi/master/data/v2/csv/pokemon_forms.csv;https://raw.githubusercontent.com/PokeAPI/pokeapi/master/data/v2/csv/pokemon_form_names.csv;https://docs.google.com/spreadsheets/d/1kiwDk4NgYoKb0Oo9yqzwl9HXHxuQ_0I5gkb1JtE57PI/edit#gid=0;https://docs.google.com/spreadsheets/d/1JZpA-5XDldN2bjfvhvBPHYK-1AENETLnF1UxNEpWlNA/edit#gid=352888197;data/manual/team_pokemon_usage.csv;output/team-graphics/s3/GPL Teams Spieltag 14 (2).jpg;https://docs.google.com/spreadsheets/d/11wxsKyCydVmDjp4kGLJAOLPM_LgwCLN2GYpbDQkNtkk/edit#gid=1588964432;https://docs.google.com/spreadsheets/d/11wxsKyCydVmDjp4kGLJAOLPM_LgwCLN2GYpbDQkNtkk/edit#gid=1843013406;data/manual/pokemon_killlists.csv;https://docs.google.com/spreadsheets/d/1n9SmK-ccTCn8Jjhs4U2LKnibXY8PvuBtV3V9MCOURRA/edit#gid=0
160,492,Shaymin,shaymin,Shaymin,shaymin,RU,7,7,5,"S1, S2, S3, S4, S6",0,,6,6,picked,https://raw.githubusercontent.com/PokeAPI/pokeapi/master/data/v2/csv/pokemon_species_names.csv;https://raw.githubusercontent.com/PokeAPI/pokeapi/master/data/v2/csv/languages.csv;https://raw.githubusercontent.com/PokeAPI/pokeapi/master/data/v2/csv/pokemon.csv;https://raw.githubusercontent.com/PokeAPI/pokeapi/master/data/v2/csv/pokemon_forms.csv;https://raw.githubusercontent.com/PokeAPI/pokeapi/master/data/v2/csv/pokemon_form_names.csv;https://docs.google.com/spreadsheets/d/1FUsClf5qEny-BHY5Djp8rIwRJKBSJDvygJ8LBa62FEo/edit#gid=0;https://docs.google.com/spreadsheets/d/1JZpA-5XDldN2bjfvhvBPHYK-1AENETLnF1UxNEpWlNA/edit#gid=352888197;data/manual/team_pokemon_usage.csv;output/team-graphics/s3/GPL Teams Spieltag 14 (1).jpg;output/team-graphics/s4/Prekani - PresentLP.png;https://docs.google.com/spreadsheets/d/11wxsKyCydVmDjp4kGLJAOLPM_LgwCLN2GYpbDQkNtkk/edit#gid=1588964432;https://docs.google.com/spreadsheets/d/1n9SmK-ccTCn8Jjhs4U2LKnibXY8PvuBtV3V9MCOURRA/edit#gid=0;https://docs.google.com/spreadsheets/d/1vJ-pioe3RZKSZ3LIGEA3FVTv_KEE_XKIQAXSIUNNd-Q/edit#gid=0
161,724,Silvarro,silvarro,Decidueye,decidueye,RU,7,7,5,"S4, S6, S7, S8, S10",0,,5,5,picked,https://raw.githubusercontent.com/PokeAPI/pokeapi/master/data/v2/csv/pokemon_species_names.csv;https://raw.githubusercontent.com/PokeAPI/pokeapi/master/data/v2/csv/languages.csv;https://raw.githubusercontent.com/PokeAPI/pokeapi/master/data/v2/csv/pokemon.csv;https://raw.githubusercontent.com/PokeAPI/pokeapi/master/data/v2/csv/pokemon_forms.csv;https://raw.githubusercontent.com/PokeAPI/pokeapi/master/data/v2/csv/pokemon_form_names.csv;https://docs.google.com/spreadsheets/d/1JZpA-5XDldN2bjfvhvBPHYK-1AENETLnF1UxNEpWlNA/edit#gid=352888197;data/manual/team_pokemon_usage.csv;output/team-graphics/s4/Schnittlauchs - PokeBazi.png;https://docs.google.com/spreadsheets/d/11wxsKyCydVmDjp4kGLJAOLPM_LgwCLN2GYpbDQkNtkk/edit#gid=1588964432;https://docs.google.com/spreadsheets/d/1nwiq_ggEj7QePeZGMR2xoi0bEHJr_ZGO24YCRdt93No/edit#gid=857670931;https://docs.google.com/spreadsheets/d/1B2uTMvWlAHb7WlpupJV1A2Hbi3K3U1vCyoFV0wCapcw/edit#gid=26363830;https://docs.google.com/spreadsheets/d/13smsrG2BGYxr_omJWcgr-sUDr39bvOJPNL5RPt4DSow/edit#gid=71150222;https://docs.google.com/spreadsheets/d/13smsrG2BGYxr_omJWcgr-sUDr39bvOJPNL5RPt4DSow/edit#gid=1934543062;https://docs.google.com/spreadsheets/d/1B2uTMvWlAHb7WlpupJV1A2Hbi3K3U1vCyoFV0wCapcw/edit#gid=1521895812
162,435,Skuntank,skuntank,Skuntank,skuntank,RU,7,7,5,"S3, S4, S6, S7, S9",0,,6,5,picked,https://raw.githubusercontent.com/PokeAPI/pokeapi/master/data/v2/csv/pokemon_species_names.csv;https://raw.githubusercontent.com/PokeAPI/pokeapi/master/data/v2/csv/languages.csv;https://raw.githubusercontent.com/PokeAPI/pokeapi/master/data/v2/csv/pokemon.csv;https://raw.githubusercontent.com/PokeAPI/pokeapi/master/data/v2/csv/pokemon_forms.csv;https://raw.githubusercontent.com/PokeAPI/pokeapi/master/data/v2/csv/pokemon_form_names.csv;https://docs.google.com/spreadsheets/d/1JZpA-5XDldN2bjfvhvBPHYK-1AENETLnF1UxNEpWlNA/edit#gid=352888197;data/manual/team_pokemon_usage.csv;output/team-graphics/s3/GPL Teams Spieltag 14 (1).jpg;output/team-graphics/s4/Minetube - Triyolotree.png;https://docs.google.com/spreadsheets/d/11wxsKyCydVmDjp4kGLJAOLPM_LgwCLN2GYpbDQkNtkk/edit#gid=1588964432;https://docs.google.com/spreadsheets/d/1nwiq_ggEj7QePeZGMR2xoi0bEHJr_ZGO24YCRdt93No/edit#gid=857670931;https://docs.google.com/spreadsheets/d/1uo7-E_E2jbehB2hbBurpPayP_0fKY5sPZcFgZmfLydY/edit#gid=1526488506;https://docs.google.com/spreadsheets/d/1uo7-E_E2jbehB2hbBurpPayP_0fKY5sPZcFgZmfLydY/edit#gid=520178140;https://docs.google.com/spreadsheets/d/1uo7-E_E2jbehB2hbBurpPayP_0fKY5sPZcFgZmfLydY/edit#gid=1696255979
163,208,Stahlos,stahlos,Steelix,steelix,RU,7,7,5,"S3, S4, S6, S7, S8",0,,5,5,picked,https://raw.githubusercontent.com/PokeAPI/pokeapi/master/data/v2/csv/pokemon_species_names.csv;https://raw.githubusercontent.com/PokeAPI/pokeapi/master/data/v2/csv/languages.csv;https://raw.githubusercontent.com/PokeAPI/pokeapi/master/data/v2/csv/pokemon.csv;https://raw.githubusercontent.com/PokeAPI/pokeapi/master/data/v2/csv/pokemon_forms.csv;https://raw.githubusercontent.com/PokeAPI/pokeapi/master/data/v2/csv/pokemon_form_names.csv;https://docs.google.com/spreadsheets/d/1JZpA-5XDldN2bjfvhvBPHYK-1AENETLnF1UxNEpWlNA/edit#gid=352888197;data/manual/team_pokemon_usage.csv;output/team-graphics/s3/GPL Teams Spieltag 14 (2).jpg;output/team-graphics/s4/Shocking Shaymins - MeLevies.png;https://docs.google.com/spreadsheets/d/11wxsKyCydVmDjp4kGLJAOLPM_LgwCLN2GYpbDQkNtkk/edit#gid=1588964432;https://docs.google.com/spreadsheets/d/11wxsKyCydVmDjp4kGLJAOLPM_LgwCLN2GYpbDQkNtkk/edit#gid=1843013406;https://docs.google.com/spreadsheets/d/1nwiq_ggEj7QePeZGMR2xoi0bEHJr_ZGO24YCRdt93No/edit#gid=857670931;https://docs.google.com/spreadsheets/d/1B2uTMvWlAHb7WlpupJV1A2Hbi3K3U1vCyoFV0wCapcw/edit#gid=26363830;https://docs.google.com/spreadsheets/d/1B2uTMvWlAHb7WlpupJV1A2Hbi3K3U1vCyoFV0wCapcw/edit#gid=1521895812
164,121,Starmie,starmie,Starmie,starmie,RU,7,7,3,"S1, S2, S3",0,,5,3,picked,https://raw.githubusercontent.com/PokeAPI/pokeapi/master/data/v2/csv/pokemon_species_names.csv;https://raw.githubusercontent.com/PokeAPI/pokeapi/master/data/v2/csv/languages.csv;https://raw.githubusercontent.com/PokeAPI/pokeapi/master/data/v2/csv/pokemon.csv;https://raw.githubusercontent.com/PokeAPI/pokeapi/master/data/v2/csv/pokemon_forms.csv;https://raw.githubusercontent.com/PokeAPI/pokeapi/master/data/v2/csv/pokemon_form_names.csv;https://docs.google.com/spreadsheets/d/1FUsClf5qEny-BHY5Djp8rIwRJKBSJDvygJ8LBa62FEo/edit#gid=0;https://docs.google.com/spreadsheets/d/1odsNRAZStW1GzmpXwmg27dqjOlch7w8syZOZ5Z2OQRg/edit#gid=0;https://docs.google.com/spreadsheets/d/1JZpA-5XDldN2bjfvhvBPHYK-1AENETLnF1UxNEpWlNA/edit#gid=352888197;data/manual/team_pokemon_usage.csv;output/team-graphics/s3/GPL Teams Spieltag 14 (2).jpg;https://docs.google.com/spreadsheets/d/1n9SmK-ccTCn8Jjhs4U2LKnibXY8PvuBtV3V9MCOURRA/edit#gid=0;https://docs.google.com/spreadsheets/d/1vJ-pioe3RZKSZ3LIGEA3FVTv_KEE_XKIQAXSIUNNd-Q/edit#gid=0
165,454,Toxiquak,toxiquak,Toxicroak,toxicroak,RU,7,7,4,"S2, S3, S6, S10",0,,5,4,picked,https://raw.githubusercontent.com/PokeAPI/pokeapi/master/data/v2/csv/pokemon_species_names.csv;https://raw.githubusercontent.com/PokeAPI/pokeapi/master/data/v2/csv/languages.csv;https://raw.githubusercontent.com/PokeAPI/pokeapi/master/data/v2/csv/pokemon.csv;https://raw.githubusercontent.com/PokeAPI/pokeapi/master/data/v2/csv/pokemon_forms.csv;https://raw.githubusercontent.com/PokeAPI/pokeapi/master/data/v2/csv/pokemon_form_names.csv;https://docs.google.com/spreadsheets/d/1odsNRAZStW1GzmpXwmg27dqjOlch7w8syZOZ5Z2OQRg/edit#gid=0;https://docs.google.com/spreadsheets/d/1JZpA-5XDldN2bjfvhvBPHYK-1AENETLnF1UxNEpWlNA/edit#gid=352888197;data/manual/team_pokemon_usage.csv;output/team-graphics/s3/GPL Teams Spieltag 14 (2).jpg;https://docs.google.com/spreadsheets/d/11wxsKyCydVmDjp4kGLJAOLPM_LgwCLN2GYpbDQkNtkk/edit#gid=1588964432;https://docs.google.com/spreadsheets/d/11wxsKyCydVmDjp4kGLJAOLPM_LgwCLN2GYpbDQkNtkk/edit#gid=1843013406;https://docs.google.com/spreadsheets/d/13smsrG2BGYxr_omJWcgr-sUDr39bvOJPNL5RPt4DSow/edit#gid=71150222;https://docs.google.com/spreadsheets/d/13smsrG2BGYxr_omJWcgr-sUDr39bvOJPNL5RPt4DSow/edit#gid=1934543062;https://docs.google.com/spreadsheets/d/1kXhNwKGrqQTwSal0NxpZ9h0yo6u_mQwhwg4vGVwxMX4/edit#gid=0
166,745,Wolwerock,wolwerock,Lycanroc,lycanroc,RU,7,7,3,"S5, S6, S8",0,,5,5,picked,https://raw.githubusercontent.com/PokeAPI/pokeapi/master/data/v2/csv/pokemon_species_names.csv;https://raw.githubusercontent.com/PokeAPI/pokeapi/master/data/v2/csv/languages.csv;https://raw.githubusercontent.com/PokeAPI/pokeapi/master/data/v2/csv/pokemon.csv;https://raw.githubusercontent.com/PokeAPI/pokeapi/master/data/v2/csv/pokemon_forms.csv;https://raw.githubusercontent.com/PokeAPI/pokeapi/master/data/v2/csv/pokemon_form_names.csv;https://docs.google.com/spreadsheets/d/1JZpA-5XDldN2bjfvhvBPHYK-1AENETLnF1UxNEpWlNA/edit#gid=352888197;data/manual/team_pokemon_usage.csv;output/team-graphics/s5/Aggron Berlin.png;https://docs.google.com/spreadsheets/d/11wxsKyCydVmDjp4kGLJAOLPM_LgwCLN2GYpbDQkNtkk/edit#gid=1588964432;https://docs.google.com/spreadsheets/d/11wxsKyCydVmDjp4kGLJAOLPM_LgwCLN2GYpbDQkNtkk/edit#gid=1843013406;https://docs.google.com/spreadsheets/d/1B2uTMvWlAHb7WlpupJV1A2Hbi3K3U1vCyoFV0wCapcw/edit#gid=26363830;https://docs.google.com/spreadsheets/d/1B2uTMvWlAHb7WlpupJV1A2Hbi3K3U1vCyoFV0wCapcw/edit#gid=1846395979;https://docs.google.com/spreadsheets/d/1B2uTMvWlAHb7WlpupJV1A2Hbi3K3U1vCyoFV0wCapcw/edit#gid=1521895812;https://docs.google.com/spreadsheets/d/1B2uTMvWlAHb7WlpupJV1A2Hbi3K3U1vCyoFV0wCapcw/edit#gid=1271313224
167,428,Mega-Schlapor,megaschlapor,lopunny-mega,lopunnymega,OU,3,6,4,"S2, S3, S5, S6",0,,4,4,picked,https://raw.githubusercontent.com/PokeAPI/pokeapi/master/data/v2/csv/pokemon_species_names.csv;https://raw.githubusercontent.com/PokeAPI/pokeapi/master/data/v2/csv/languages.csv;https://raw.githubusercontent.com/PokeAPI/pokeapi/master/data/v2/csv/pokemon.csv;https://raw.githubusercontent.com/PokeAPI/pokeapi/master/data/v2/csv/pokemon_forms.csv;https://raw.githubusercontent.com/PokeAPI/pokeapi/master/data/v2/csv/pokemon_form_names.csv;https://docs.google.com/spreadsheets/d/1FUsClf5qEny-BHY5Djp8rIwRJKBSJDvygJ8LBa62FEo/edit#gid=0;https://docs.google.com/spreadsheets/d/1odsNRAZStW1GzmpXwmg27dqjOlch7w8syZOZ5Z2OQRg/edit#gid=0;https://docs.google.com/spreadsheets/d/1JZpA-5XDldN2bjfvhvBPHYK-1AENETLnF1UxNEpWlNA/edit#gid=352888197;data/manual/team_pokemon_usage.csv;output/team-graphics/s3/GPL Teams Spieltag 14 (2).jpg;https://docs.google.com/spreadsheets/d/11wxsKyCydVmDjp4kGLJAOLPM_LgwCLN2GYpbDQkNtkk/edit#gid=1588964432;data/manual/pokemon_killlists.csv;https://docs.google.com/spreadsheets/d/1vJ-pioe3RZKSZ3LIGEA3FVTv_KEE_XKIQAXSIUNNd-Q/edit#gid=0
168,784,Grandiras,grandiras,Kommo-o,kommoo,UUBL,4,6,4,"S6, S7, S8, S10",0,,4,4,picked,https://raw.githubusercontent.com/PokeAPI/pokeapi/master/data/v2/csv/pokemon_species_names.csv;https://raw.githubusercontent.com/PokeAPI/pokeapi/master/data/v2/csv/languages.csv;https://raw.githubusercontent.com/PokeAPI/pokeapi/master/data/v2/csv/pokemon.csv;https://raw.githubusercontent.com/PokeAPI/pokeapi/master/data/v2/csv/pokemon_forms.csv;https://raw.githubusercontent.com/PokeAPI/pokeapi/master/data/v2/csv/pokemon_form_names.csv;https://docs.google.com/spreadsheets/d/11wxsKyCydVmDjp4kGLJAOLPM_LgwCLN2GYpbDQkNtkk/edit#gid=1843013406;https://docs.google.com/spreadsheets/d/1nwiq_ggEj7QePeZGMR2xoi0bEHJr_ZGO24YCRdt93No/edit#gid=857670931;https://docs.google.com/spreadsheets/d/1B2uTMvWlAHb7WlpupJV1A2Hbi3K3U1vCyoFV0wCapcw/edit#gid=1846395979;https://docs.google.com/spreadsheets/d/13smsrG2BGYxr_omJWcgr-sUDr39bvOJPNL5RPt4DSow/edit#gid=71150222;https://docs.google.com/spreadsheets/d/13smsrG2BGYxr_omJWcgr-sUDr39bvOJPNL5RPt4DSow/edit#gid=1934543062;https://docs.google.com/spreadsheets/d/1B2uTMvWlAHb7WlpupJV1A2Hbi3K3U1vCyoFV0wCapcw/edit#gid=1271313224
169,475,Mega-Galagladi,megagalagladi,gallade-mega,gallademega,UUBL,4,6,4,"S2, S3, S5, S6",0,,5,4,picked,https://raw.githubusercontent.com/PokeAPI/pokeapi/master/data/v2/csv/pokemon_species_names.csv;https://raw.githubusercontent.com/PokeAPI/pokeapi/master/data/v2/csv/languages.csv;https://raw.githubusercontent.com/PokeAPI/pokeapi/master/data/v2/csv/pokemon.csv;https://raw.githubusercontent.com/PokeAPI/pokeapi/master/data/v2/csv/pokemon_forms.csv;https://raw.githubusercontent.com/PokeAPI/pokeapi/master/data/v2/csv/pokemon_form_names.csv;https://docs.google.com/spreadsheets/d/1FUsClf5qEny-BHY5Djp8rIwRJKBSJDvygJ8LBa62FEo/edit#gid=0;https://docs.google.com/spreadsheets/d/1odsNRAZStW1GzmpXwmg27dqjOlch7w8syZOZ5Z2OQRg/edit#gid=0;https://docs.google.com/spreadsheets/d/1JZpA-5XDldN2bjfvhvBPHYK-1AENETLnF1UxNEpWlNA/edit#gid=352888197;data/manual/team_pokemon_usage.csv;output/team-graphics/s5/Cabgosport.png;https://docs.google.com/spreadsheets/d/11wxsKyCydVmDjp4kGLJAOLPM_LgwCLN2GYpbDQkNtkk/edit#gid=1843013406;data/manual/pokemon_killlists.csv;https://docs.google.com/spreadsheets/d/1vJ-pioe3RZKSZ3LIGEA3FVTv_KEE_XKIQAXSIUNNd-Q/edit#gid=0
170,127,Mega-Pinsir,megapinsir,pinsir-mega,pinsirmega,UUBL,4,6,3,"S1, S2, S4",1,S1,3,2,picked,https://raw.githubusercontent.com/PokeAPI/pokeapi/master/data/v2/csv/pokemon_species_names.csv;https://raw.githubusercontent.com/PokeAPI/pokeapi/master/data/v2/csv/languages.csv;https://raw.githubusercontent.com/PokeAPI/pokeapi/master/data/v2/csv/pokemon.csv;https://raw.githubusercontent.com/PokeAPI/pokeapi/master/data/v2/csv/pokemon_forms.csv;https://raw.githubusercontent.com/PokeAPI/pokeapi/master/data/v2/csv/pokemon_form_names.csv;https://docs.google.com/spreadsheets/d/1kiwDk4NgYoKb0Oo9yqzwl9HXHxuQ_0I5gkb1JtE57PI/edit#gid=0;https://docs.google.com/spreadsheets/d/1FUsClf5qEny-BHY5Djp8rIwRJKBSJDvygJ8LBa62FEo/edit#gid=0;https://docs.google.com/spreadsheets/d/1odsNRAZStW1GzmpXwmg27dqjOlch7w8syZOZ5Z2OQRg/edit#gid=0;https://docs.google.com/spreadsheets/d/1JZpA-5XDldN2bjfvhvBPHYK-1AENETLnF1UxNEpWlNA/edit#gid=352888197;data/manual/pokemon_killlists.csv;https://docs.google.com/spreadsheets/d/1n9SmK-ccTCn8Jjhs4U2LKnibXY8PvuBtV3V9MCOURRA/edit#gid=0;https://docs.google.com/spreadsheets/d/1vJ-pioe3RZKSZ3LIGEA3FVTv_KEE_XKIQAXSIUNNd-Q/edit#gid=0
171,151,Mew,mew,Mew,mew,UU,5,6,2,"S2, S10",1,S2,5,3,picked,https://raw.githubusercontent.com/PokeAPI/pokeapi/master/data/v2/csv/pokemon_species_names.csv;https://raw.githubusercontent.com/PokeAPI/pokeapi/master/data/v2/csv/languages.csv;https://raw.githubusercontent.com/PokeAPI/pokeapi/master/data/v2/csv/pokemon.csv;https://raw.githubusercontent.com/PokeAPI/pokeapi/master/data/v2/csv/pokemon_forms.csv;https://raw.githubusercontent.com/PokeAPI/pokeapi/master/data/v2/csv/pokemon_form_names.csv;https://docs.google.com/spreadsheets/d/1odsNRAZStW1GzmpXwmg27dqjOlch7w8syZOZ5Z2OQRg/edit#gid=0;https://docs.google.com/spreadsheets/d/13smsrG2BGYxr_omJWcgr-sUDr39bvOJPNL5RPt4DSow/edit#gid=71150222;https://docs.google.com/spreadsheets/d/13smsrG2BGYxr_omJWcgr-sUDr39bvOJPNL5RPt4DSow/edit#gid=1934543062;https://docs.google.com/spreadsheets/d/1JZpA-5XDldN2bjfvhvBPHYK-1AENETLnF1UxNEpWlNA/edit#gid=352888197;https://docs.google.com/spreadsheets/d/1vJ-pioe3RZKSZ3LIGEA3FVTv_KEE_XKIQAXSIUNNd-Q/edit#gid=0
172,642,Voltolos-I,voltolosi,thundurus-incarnate,thundurus,UU,5,6,5,"S3, S4, S5, S6, S10",1,S10,5,5,picked,https://raw.githubusercontent.com/PokeAPI/pokeapi/master/data/v2/csv/pokemon_species_names.csv;https://raw.githubusercontent.com/PokeAPI/pokeapi/master/data/v2/csv/languages.csv;https://raw.githubusercontent.com/PokeAPI/pokeapi/master/data/v2/csv/pokemon.csv;https://raw.githubusercontent.com/PokeAPI/pokeapi/master/data/v2/csv/pokemon_forms.csv;https://raw.githubusercontent.com/PokeAPI/pokeapi/master/data/v2/csv/pokemon_form_names.csv;https://docs.google.com/spreadsheets/d/1JZpA-5XDldN2bjfvhvBPHYK-1AENETLnF1UxNEpWlNA/edit#gid=352888197;data/manual/team_pokemon_usage.csv;output/team-graphics/s3/GPL Teams Spieltag 14 (1).jpg;output/team-graphics/s4/Slicing Knights - Cabgolord.png;output/team-graphics/s5/Prekani.png;https://docs.google.com/spreadsheets/d/11wxsKyCydVmDjp4kGLJAOLPM_LgwCLN2GYpbDQkNtkk/edit#gid=1843013406;https://docs.google.com/spreadsheets/d/13smsrG2BGYxr_omJWcgr-sUDr39bvOJPNL5RPt4DSow/edit#gid=71150222;https://docs.google.com/spreadsheets/d/13smsrG2BGYxr_omJWcgr-sUDr39bvOJPNL5RPt4DSow/edit#gid=1953790464
173,713,Arktilas,arktilas,Avalugg,avalugg,RU,7,6,4,"S2, S7, S8, S10",0,,4,3,picked,https://raw.githubusercontent.com/PokeAPI/pokeapi/master/data/v2/csv/pokemon_species_names.csv;https://raw.githubusercontent.com/PokeAPI/pokeapi/master/data/v2/csv/languages.csv;https://raw.githubusercontent.com/PokeAPI/pokeapi/master/data/v2/csv/pokemon.csv;https://raw.githubusercontent.com/PokeAPI/pokeapi/master/data/v2/csv/pokemon_forms.csv;https://raw.githubusercontent.com/PokeAPI/pokeapi/master/data/v2/csv/pokemon_form_names.csv;https://docs.google.com/spreadsheets/d/1odsNRAZStW1GzmpXwmg27dqjOlch7w8syZOZ5Z2OQRg/edit#gid=0;https://docs.google.com/spreadsheets/d/1nwiq_ggEj7QePeZGMR2xoi0bEHJr_ZGO24YCRdt93No/edit#gid=857670931;https://docs.google.com/spreadsheets/d/1B2uTMvWlAHb7WlpupJV1A2Hbi3K3U1vCyoFV0wCapcw/edit#gid=1846395979;https://docs.google.com/spreadsheets/d/13smsrG2BGYxr_omJWcgr-sUDr39bvOJPNL5RPt4DSow/edit#gid=71150222;https://docs.google.com/spreadsheets/d/13smsrG2BGYxr_omJWcgr-sUDr39bvOJPNL5RPt4DSow/edit#gid=1934543062;https://docs.google.com/spreadsheets/d/1B2uTMvWlAHb7WlpupJV1A2Hbi3K3U1vCyoFV0wCapcw/edit#gid=1271313224
174,91,Austos,austos,Cloyster,cloyster,RU,7,6,3,"S1, S4, S7",0,,4,4,picked,https://raw.githubusercontent.com/PokeAPI/pokeapi/master/data/v2/csv/pokemon_species_names.csv;https://raw.githubusercontent.com/PokeAPI/pokeapi/master/data/v2/csv/languages.csv;https://raw.githubusercontent.com/PokeAPI/pokeapi/master/data/v2/csv/pokemon.csv;https://raw.githubusercontent.com/PokeAPI/pokeapi/master/data/v2/csv/pokemon_forms.csv;https://raw.githubusercontent.com/PokeAPI/pokeapi/master/data/v2/csv/pokemon_form_names.csv;https://docs.google.com/spreadsheets/d/1kiwDk4NgYoKb0Oo9yqzwl9HXHxuQ_0I5gkb1JtE57PI/edit#gid=0;https://docs.google.com/spreadsheets/d/1nwiq_ggEj7QePeZGMR2xoi0bEHJr_ZGO24YCRdt93No/edit#gid=857670931;https://docs.google.com/spreadsheets/d/1JZpA-5XDldN2bjfvhvBPHYK-1AENETLnF1UxNEpWlNA/edit#gid=352888197;data/manual/pokemon_killlists.csv;https://docs.google.com/spreadsheets/d/1n9SmK-ccTCn8Jjhs4U2LKnibXY8PvuBtV3V9MCOURRA/edit#gid=0;https://docs.google.com/spreadsheets/d/14N_40jsahiN9DChpnNaPTnFy26If6imVHtqBGDWk6pg/edit#gid=0
175,537,Branawarz,branawarz,Seismitoad,seismitoad,RU,7,6,4,"S1, S3, S7, S9",0,,4,4,picked,https://raw.githubusercontent.com/PokeAPI/pokeapi/master/data/v2/csv/pokemon_species_names.csv;https://raw.githubusercontent.com/PokeAPI/pokeapi/master/data/v2/csv/languages.csv;https://raw.githubusercontent.com/PokeAPI/pokeapi/master/data/v2/csv/pokemon.csv;https://raw.githubusercontent.com/PokeAPI/pokeapi/master/data/v2/csv/pokemon_forms.csv;https://raw.githubusercontent.com/PokeAPI/pokeapi/master/data/v2/csv/pokemon_form_names.csv;https://docs.google.com/spreadsheets/d/1nwiq_ggEj7QePeZGMR2xoi0bEHJr_ZGO24YCRdt93No/edit#gid=857670931;https://docs.google.com/spreadsheets/d/1uo7-E_E2jbehB2hbBurpPayP_0fKY5sPZcFgZmfLydY/edit#gid=1526488506;https://docs.google.com/spreadsheets/d/1uo7-E_E2jbehB2hbBurpPayP_0fKY5sPZcFgZmfLydY/edit#gid=520178140;https://docs.google.com/spreadsheets/d/1uo7-E_E2jbehB2hbBurpPayP_0fKY5sPZcFgZmfLydY/edit#gid=1696255979;https://docs.google.com/spreadsheets/d/1JZpA-5XDldN2bjfvhvBPHYK-1AENETLnF1UxNEpWlNA/edit#gid=352888197;data/manual/pokemon_killlists.csv;https://docs.google.com/spreadsheets/d/1n9SmK-ccTCn8Jjhs4U2LKnibXY8PvuBtV3V9MCOURRA/edit#gid=0
176,426,Drifzepli,drifzepli,Drifblim,drifblim,RU,7,6,4,"S1, S5, S7, S10",0,,4,4,picked,https://raw.githubusercontent.com/PokeAPI/pokeapi/master/data/v2/csv/pokemon_species_names.csv;https://raw.githubusercontent.com/PokeAPI/pokeapi/master/data/v2/csv/languages.csv;https://raw.githubusercontent.com/PokeAPI/pokeapi/master/data/v2/csv/pokemon.csv;https://raw.githubusercontent.com/PokeAPI/pokeapi/master/data/v2/csv/pokemon_forms.csv;https://raw.githubusercontent.com/PokeAPI/pokeapi/master/data/v2/csv/pokemon_form_names.csv;https://docs.google.com/spreadsheets/d/1kiwDk4NgYoKb0Oo9yqzwl9HXHxuQ_0I5gkb1JtE57PI/edit#gid=0;https://docs.google.com/spreadsheets/d/1JZpA-5XDldN2bjfvhvBPHYK-1AENETLnF1UxNEpWlNA/edit#gid=352888197;data/manual/team_pokemon_usage.csv;output/team-graphics/s5/SoulStealer.png;https://docs.google.com/spreadsheets/d/1nwiq_ggEj7QePeZGMR2xoi0bEHJr_ZGO24YCRdt93No/edit#gid=857670931;https://docs.google.com/spreadsheets/d/13smsrG2BGYxr_omJWcgr-sUDr39bvOJPNL5RPt4DSow/edit#gid=71150222;https://docs.google.com/spreadsheets/d/13smsrG2BGYxr_omJWcgr-sUDr39bvOJPNL5RPt4DSow/edit#gid=1953790464;https://docs.google.com/spreadsheets/d/1n9SmK-ccTCn8Jjhs4U2LKnibXY8PvuBtV3V9MCOURRA/edit#gid=0
177,563,Echnatoll,echnatoll,Cofagrigus,cofagrigus,RU,7,6,5,"S1, S4, S5, S6, S7",0,,5,5,picked,https://raw.githubusercontent.com/PokeAPI/pokeapi/master/data/v2/csv/pokemon_species_names.csv;https://raw.githubusercontent.com/PokeAPI/pokeapi/master/data/v2/csv/languages.csv;https://raw.githubusercontent.com/PokeAPI/pokeapi/master/data/v2/csv/pokemon.csv;https://raw.githubusercontent.com/PokeAPI/pokeapi/master/data/v2/csv/pokemon_forms.csv;https://raw.githubusercontent.com/PokeAPI/pokeapi/master/data/v2/csv/pokemon_form_names.csv;https://docs.google.com/spreadsheets/d/1kiwDk4NgYoKb0Oo9yqzwl9HXHxuQ_0I5gkb1JtE57PI/edit#gid=0;https://docs.google.com/spreadsheets/d/1JZpA-5XDldN2bjfvhvBPHYK-1AENETLnF1UxNEpWlNA/edit#gid=352888197;data/manual/team_pokemon_usage.csv;output/team-graphics/s4/Minetube - Triyolotree.png;output/team-graphics/s5/Crinchilla.png;https://docs.google.com/spreadsheets/d/11wxsKyCydVmDjp4kGLJAOLPM_LgwCLN2GYpbDQkNtkk/edit#gid=654435343;https://docs.google.com/spreadsheets/d/1nwiq_ggEj7QePeZGMR2xoi0bEHJr_ZGO24YCRdt93No/edit#gid=857670931;https://docs.google.com/spreadsheets/d/1n9SmK-ccTCn8Jjhs4U2LKnibXY8PvuBtV3V9MCOURRA/edit#gid=0
178,695,Elezard,elezard,Heliolisk,heliolisk,RU,7,6,5,"S2, S3, S6, S7, S8",0,,5,4,picked,https://raw.githubusercontent.com/PokeAPI/pokeapi/master/data/v2/csv/pokemon_species_names.csv;https://raw.githubusercontent.com/PokeAPI/pokeapi/master/data/v2/csv/languages.csv;https://raw.githubusercontent.com/PokeAPI/pokeapi/master/data/v2/csv/pokemon.csv;https://raw.githubusercontent.com/PokeAPI/pokeapi/master/data/v2/csv/pokemon_forms.csv;https://raw.githubusercontent.com/PokeAPI/pokeapi/master/data/v2/csv/pokemon_form_names.csv;https://docs.google.com/spreadsheets/d/1odsNRAZStW1GzmpXwmg27dqjOlch7w8syZOZ5Z2OQRg/edit#gid=0;https://docs.google.com/spreadsheets/d/1JZpA-5XDldN2bjfvhvBPHYK-1AENETLnF1UxNEpWlNA/edit#gid=352888197;data/manual/team_pokemon_usage.csv;output/team-graphics/s3/GPL Teams Spieltag 14 (2).jpg;https://docs.google.com/spreadsheets/d/11wxsKyCydVmDjp4kGLJAOLPM_LgwCLN2GYpbDQkNtkk/edit#gid=1588964432;https://docs.google.com/spreadsheets/d/1nwiq_ggEj7QePeZGMR2xoi0bEHJr_ZGO24YCRdt93No/edit#gid=857670931;https://docs.google.com/spreadsheets/d/1B2uTMvWlAHb7WlpupJV1A2Hbi3K3U1vCyoFV0wCapcw/edit#gid=26363830;https://docs.google.com/spreadsheets/d/1B2uTMvWlAHb7WlpupJV1A2Hbi3K3U1vCyoFV0wCapcw/edit#gid=1521895812
179,618,Flunschlik,flunschlik,Stunfisk,stunfisk,RU,7,6,5,"S1, S2, S6, S7, S8",0,,4,3,picked,https://raw.githubusercontent.com/PokeAPI/pokeapi/master/data/v2/csv/pokemon_species_names.csv;https://raw.githubusercontent.com/PokeAPI/pokeapi/master/data/v2/csv/languages.csv;https://raw.githubusercontent.com/PokeAPI/pokeapi/master/data/v2/csv/pokemon.csv;https://raw.githubusercontent.com/PokeAPI/pokeapi/master/data/v2/csv/pokemon_forms.csv;https://raw.githubusercontent.com/PokeAPI/pokeapi/master/data/v2/csv/pokemon_form_names.csv;https://docs.google.com/spreadsheets/d/1FUsClf5qEny-BHY5Djp8rIwRJKBSJDvygJ8LBa62FEo/edit#gid=0;https://docs.google.com/spreadsheets/d/11wxsKyCydVmDjp4kGLJAOLPM_LgwCLN2GYpbDQkNtkk/edit#gid=1588964432;https://docs.google.com/spreadsheets/d/1nwiq_ggEj7QePeZGMR2xoi0bEHJr_ZGO24YCRdt93No/edit#gid=857670931;https://docs.google.com/spreadsheets/d/1B2uTMvWlAHb7WlpupJV1A2Hbi3K3U1vCyoFV0wCapcw/edit#gid=1846395979;https://docs.google.com/spreadsheets/d/1B2uTMvWlAHb7WlpupJV1A2Hbi3K3U1vCyoFV0wCapcw/edit#gid=1271313224;https://docs.google.com/spreadsheets/d/1JZpA-5XDldN2bjfvhvBPHYK-1AENETLnF1UxNEpWlNA/edit#gid=352888197
180,864,Gorgasonn,gorgasonn,Cursola,cursola,RU,7,6,3,"S7, S8, S9",0,,3,3,picked,https://raw.githubusercontent.com/PokeAPI/pokeapi/master/data/v2/csv/pokemon_species_names.csv;https://raw.githubusercontent.com/PokeAPI/pokeapi/master/data/v2/csv/languages.csv;https://raw.githubusercontent.com/PokeAPI/pokeapi/master/data/v2/csv/pokemon.csv;https://raw.githubusercontent.com/PokeAPI/pokeapi/master/data/v2/csv/pokemon_forms.csv;https://raw.githubusercontent.com/PokeAPI/pokeapi/master/data/v2/csv/pokemon_form_names.csv;https://docs.google.com/spreadsheets/d/1nwiq_ggEj7QePeZGMR2xoi0bEHJr_ZGO24YCRdt93No/edit#gid=857670931;https://docs.google.com/spreadsheets/d/1B2uTMvWlAHb7WlpupJV1A2Hbi3K3U1vCyoFV0wCapcw/edit#gid=1846395979;https://docs.google.com/spreadsheets/d/1uo7-E_E2jbehB2hbBurpPayP_0fKY5sPZcFgZmfLydY/edit#gid=1526488506;https://docs.google.com/spreadsheets/d/1uo7-E_E2jbehB2hbBurpPayP_0fKY5sPZcFgZmfLydY/edit#gid=520178140;https://docs.google.com/spreadsheets/d/1uo7-E_E2jbehB2hbBurpPayP_0fKY5sPZcFgZmfLydY/edit#gid=1696255979;https://docs.google.com/spreadsheets/d/1B2uTMvWlAHb7WlpupJV1A2Hbi3K3U1vCyoFV0wCapcw/edit#gid=1271313224
181,560,Irokex,irokex,Scrafty,scrafty,RU,7,6,3,"S2, S9, S10",1,S9,4,3,picked,https://raw.githubusercontent.com/PokeAPI/pokeapi/master/data/v2/csv/pokemon_species_names.csv;https://raw.githubusercontent.com/PokeAPI/pokeapi/master/data/v2/csv/languages.csv;https://raw.githubusercontent.com/PokeAPI/pokeapi/master/data/v2/csv/pokemon.csv;https://raw.githubusercontent.com/PokeAPI/pokeapi/master/data/v2/csv/pokemon_forms.csv;https://raw.githubusercontent.com/PokeAPI/pokeapi/master/data/v2/csv/pokemon_form_names.csv;https://docs.google.com/spreadsheets/d/1uo7-E_E2jbehB2hbBurpPayP_0fKY5sPZcFgZmfLydY/edit#gid=1526488506;https://docs.google.com/spreadsheets/d/1uo7-E_E2jbehB2hbBurpPayP_0fKY5sPZcFgZmfLydY/edit#gid=520178140;https://docs.google.com/spreadsheets/d/1uo7-E_E2jbehB2hbBurpPayP_0fKY5sPZcFgZmfLydY/edit#gid=1696255979;https://docs.google.com/spreadsheets/d/13smsrG2BGYxr_omJWcgr-sUDr39bvOJPNL5RPt4DSow/edit#gid=71150222;https://docs.google.com/spreadsheets/d/13smsrG2BGYxr_omJWcgr-sUDr39bvOJPNL5RPt4DSow/edit#gid=1934543062;https://docs.google.com/spreadsheets/d/1JZpA-5XDldN2bjfvhvBPHYK-1AENETLnF1UxNEpWlNA/edit#gid=352888197;https://docs.google.com/spreadsheets/d/1vJ-pioe3RZKSZ3LIGEA3FVTv_KEE_XKIQAXSIUNNd-Q/edit#gid=0
182,787,Kapu-Toro,kaputoro,Tapu Bulu,tapubulu,RU,7,6,4,"S4, S5, S6, S8",0,,5,5,picked,https://raw.githubusercontent.com/PokeAPI/pokeapi/master/data/v2/csv/pokemon_species_names.csv;https://raw.githubusercontent.com/PokeAPI/pokeapi/master/data/v2/csv/languages.csv;https://raw.githubusercontent.com/PokeAPI/pokeapi/master/data/v2/csv/pokemon.csv;https://raw.githubusercontent.com/PokeAPI/pokeapi/master/data/v2/csv/pokemon_forms.csv;https://raw.githubusercontent.com/PokeAPI/pokeapi/master/data/v2/csv/pokemon_form_names.csv;https://docs.google.com/spreadsheets/d/1JZpA-5XDldN2bjfvhvBPHYK-1AENETLnF1UxNEpWlNA/edit#gid=352888197;data/manual/team_pokemon_usage.csv;output/team-graphics/s4/Surstars - SurskitTV.png;output/team-graphics/s5/SoulStealer.png;https://docs.google.com/spreadsheets/d/11wxsKyCydVmDjp4kGLJAOLPM_LgwCLN2GYpbDQkNtkk/edit#gid=1588964432;https://docs.google.com/spreadsheets/d/11wxsKyCydVmDjp4kGLJAOLPM_LgwCLN2GYpbDQkNtkk/edit#gid=1843013406;https://docs.google.com/spreadsheets/d/1B2uTMvWlAHb7WlpupJV1A2Hbi3K3U1vCyoFV0wCapcw/edit#gid=26363830;https://docs.google.com/spreadsheets/d/1B2uTMvWlAHb7WlpupJV1A2Hbi3K3U1vCyoFV0wCapcw/edit#gid=1521895812
183,254,Mega-Gewaldro,megagewaldro,sceptile-mega,sceptilemega,RU,7,6,3,"S2, S5, S6",0,,5,3,picked,https://raw.githubusercontent.com/PokeAPI/pokeapi/master/data/v2/csv/pokemon_species_names.csv;https://raw.githubusercontent.com/PokeAPI/pokeapi/master/data/v2/csv/languages.csv;https://raw.githubusercontent.com/PokeAPI/pokeapi/master/data/v2/csv/pokemon.csv;https://raw.githubusercontent.com/PokeAPI/pokeapi/master/data/v2/csv/pokemon_forms.csv;https://raw.githubusercontent.com/PokeAPI/pokeapi/master/data/v2/csv/pokemon_form_names.csv;https://docs.google.com/spreadsheets/d/1FUsClf5qEny-BHY5Djp8rIwRJKBSJDvygJ8LBa62FEo/edit#gid=0;https://docs.google.com/spreadsheets/d/1odsNRAZStW1GzmpXwmg27dqjOlch7w8syZOZ5Z2OQRg/edit#gid=0;https://docs.google.com/spreadsheets/d/11wxsKyCydVmDjp4kGLJAOLPM_LgwCLN2GYpbDQkNtkk/edit#gid=654435343;https://docs.google.com/spreadsheets/d/1JZpA-5XDldN2bjfvhvBPHYK-1AENETLnF1UxNEpWlNA/edit#gid=352888197;data/manual/pokemon_killlists.csv;https://docs.google.com/spreadsheets/d/1vJ-pioe3RZKSZ3LIGEA3FVTv_KEE_XKIQAXSIUNNd-Q/edit#gid=0
184,648,Meloetta,meloetta,Meloetta,meloetta,RU,7,6,5,"S1, S3, S4, S5, S10",0,,5,5,picked,https://raw.githubusercontent.com/PokeAPI/pokeapi/master/data/v2/csv/pokemon_species_names.csv;https://raw.githubusercontent.com/PokeAPI/pokeapi/master/data/v2/csv/languages.csv;https://raw.githubusercontent.com/PokeAPI/pokeapi/master/data/v2/csv/pokemon.csv;https://raw.githubusercontent.com/PokeAPI/pokeapi/master/data/v2/csv/pokemon_forms.csv;https://raw.githubusercontent.com/PokeAPI/pokeapi/master/data/v2/csv/pokemon_form_names.csv;https://docs.google.com/spreadsheets/d/1kiwDk4NgYoKb0Oo9yqzwl9HXHxuQ_0I5gkb1JtE57PI/edit#gid=0;https://docs.google.com/spreadsheets/d/1JZpA-5XDldN2bjfvhvBPHYK-1AENETLnF1UxNEpWlNA/edit#gid=352888197;data/manual/team_pokemon_usage.csv;output/team-graphics/s3/GPL Teams Spieltag 14 (1).jpg;output/team-graphics/s4/Variant Vulpix - CrowdController.png;https://docs.google.com/spreadsheets/d/13smsrG2BGYxr_omJWcgr-sUDr39bvOJPNL5RPt4DSow/edit#gid=1934543062;data/manual/pokemon_killlists.csv;https://docs.google.com/spreadsheets/d/1n9SmK-ccTCn8Jjhs4U2LKnibXY8PvuBtV3V9MCOURRA/edit#gid=0
185,778,Mimigma,mimigma,Mimikyu,mimikyu,RU,7,6,4,"S4, S5, S9, S10",0,,5,4,picked,https://raw.githubusercontent.com/PokeAPI/pokeapi/master/data/v2/csv/pokemon_species_names.csv;https://raw.githubusercontent.com/PokeAPI/pokeapi/master/data/v2/csv/languages.csv;https://raw.githubusercontent.com/PokeAPI/pokeapi/master/data/v2/csv/pokemon.csv;https://raw.githubusercontent.com/PokeAPI/pokeapi/master/data/v2/csv/pokemon_forms.csv;https://raw.githubusercontent.com/PokeAPI/pokeapi/master/data/v2/csv/pokemon_form_names.csv;https://docs.google.com/spreadsheets/d/1uo7-E_E2jbehB2hbBurpPayP_0fKY5sPZcFgZmfLydY/edit#gid=1526488506;https://docs.google.com/spreadsheets/d/1uo7-E_E2jbehB2hbBurpPayP_0fKY5sPZcFgZmfLydY/edit#gid=520178140;https://docs.google.com/spreadsheets/d/1uo7-E_E2jbehB2hbBurpPayP_0fKY5sPZcFgZmfLydY/edit#gid=1696255979;https://docs.google.com/spreadsheets/d/13smsrG2BGYxr_omJWcgr-sUDr39bvOJPNL5RPt4DSow/edit#gid=1934543062;https://docs.google.com/spreadsheets/d/1JZpA-5XDldN2bjfvhvBPHYK-1AENETLnF1UxNEpWlNA/edit#gid=352888197;data/manual/pokemon_killlists.csv
186,697,Monargoras,monargoras,Tyrantrum,tyrantrum,RU,7,6,3,"S1, S5, S8",0,,4,4,picked,https://raw.githubusercontent.com/PokeAPI/pokeapi/master/data/v2/csv/pokemon_species_names.csv;https://raw.githubusercontent.com/PokeAPI/pokeapi/master/data/v2/csv/languages.csv;https://raw.githubusercontent.com/PokeAPI/pokeapi/master/data/v2/csv/pokemon.csv;https://raw.githubusercontent.com/PokeAPI/pokeapi/master/data/v2/csv/pokemon_forms.csv;https://raw.githubusercontent.com/PokeAPI/pokeapi/master/data/v2/csv/pokemon_form_names.csv;https://docs.google.com/spreadsheets/d/1kiwDk4NgYoKb0Oo9yqzwl9HXHxuQ_0I5gkb1JtE57PI/edit#gid=0;https://docs.google.com/spreadsheets/d/1B2uTMvWlAHb7WlpupJV1A2Hbi3K3U1vCyoFV0wCapcw/edit#gid=26363830;https://docs.google.com/spreadsheets/d/1JZpA-5XDldN2bjfvhvBPHYK-1AENETLnF1UxNEpWlNA/edit#gid=352888197;data/manual/pokemon_killlists.csv;https://docs.google.com/spreadsheets/d/1B2uTMvWlAHb7WlpupJV1A2Hbi3K3U1vCyoFV0wCapcw/edit#gid=1521895812;https://docs.google.com/spreadsheets/d/1n9SmK-ccTCn8Jjhs4U2LKnibXY8PvuBtV3V9MCOURRA/edit#gid=0
187,531,Ohrdoch,ohrdoch,Audino,audino,RU,7,6,3,"S3, S8, S9",0,,4,3,picked,https://raw.githubusercontent.com/PokeAPI/pokeapi/master/data/v2/csv/pokemon_species_names.csv;https://raw.githubusercontent.com/PokeAPI/pokeapi/master/data/v2/csv/languages.csv;https://raw.githubusercontent.com/PokeAPI/pokeapi/master/data/v2/csv/pokemon.csv;https://raw.githubusercontent.com/PokeAPI/pokeapi/master/data/v2/csv/pokemon_forms.csv;https://raw.githubusercontent.com/PokeAPI/pokeapi/master/data/v2/csv/pokemon_form_names.csv;https://docs.google.com/spreadsheets/d/1JZpA-5XDldN2bjfvhvBPHYK-1AENETLnF1UxNEpWlNA/edit#gid=352888197;data/manual/team_pokemon_usage.csv;output/team-graphics/s3/GPL Teams Spieltag 14 (2).jpg;https://docs.google.com/spreadsheets/d/1B2uTMvWlAHb7WlpupJV1A2Hbi3K3U1vCyoFV0wCapcw/edit#gid=1846395979;https://docs.google.com/spreadsheets/d/1uo7-E_E2jbehB2hbBurpPayP_0fKY5sPZcFgZmfLydY/edit#gid=1526488506;https://docs.google.com/spreadsheets/d/1uo7-E_E2jbehB2hbBurpPayP_0fKY5sPZcFgZmfLydY/edit#gid=520178140;https://docs.google.com/spreadsheets/d/1uo7-E_E2jbehB2hbBurpPayP_0fKY5sPZcFgZmfLydY/edit#gid=1696255979;https://docs.google.com/spreadsheets/d/1B2uTMvWlAHb7WlpupJV1A2Hbi3K3U1vCyoFV0wCapcw/edit#gid=1271313224
188,849,Riffex-Hoch,riffexhoch,toxtricity-amped,toxtricity,RU,7,6,3,"S8, S9, S10",0,,4,3,picked,https://raw.githubusercontent.com/PokeAPI/pokeapi/master/data/v2/csv/pokemon_species_names.csv;https://raw.githubusercontent.com/PokeAPI/pokeapi/master/data/v2/csv/languages.csv;https://raw.githubusercontent.com/PokeAPI/pokeapi/master/data/v2/csv/pokemon.csv;https://raw.githubusercontent.com/PokeAPI/pokeapi/master/data/v2/csv/pokemon_forms.csv;https://raw.githubusercontent.com/PokeAPI/pokeapi/master/data/v2/csv/pokemon_form_names.csv;https://docs.google.com/spreadsheets/d/1B2uTMvWlAHb7WlpupJV1A2Hbi3K3U1vCyoFV0wCapcw/edit#gid=1846395979;https://docs.google.com/spreadsheets/d/1uo7-E_E2jbehB2hbBurpPayP_0fKY5sPZcFgZmfLydY/edit#gid=1526488506;https://docs.google.com/spreadsheets/d/1uo7-E_E2jbehB2hbBurpPayP_0fKY5sPZcFgZmfLydY/edit#gid=520178140;https://docs.google.com/spreadsheets/d/1uo7-E_E2jbehB2hbBurpPayP_0fKY5sPZcFgZmfLydY/edit#gid=1696255979;https://docs.google.com/spreadsheets/d/13smsrG2BGYxr_omJWcgr-sUDr39bvOJPNL5RPt4DSow/edit#gid=1934543062;https://docs.google.com/spreadsheets/d/1B2uTMvWlAHb7WlpupJV1A2Hbi3K3U1vCyoFV0wCapcw/edit#gid=1271313224
189,463,Schlurplek,schlurplek,Lickilicky,lickilicky,RU,7,6,3,"S2, S8, S9",0,,4,3,picked,https://raw.githubusercontent.com/PokeAPI/pokeapi/master/data/v2/csv/pokemon_species_names.csv;https://raw.githubusercontent.com/PokeAPI/pokeapi/master/data/v2/csv/languages.csv;https://raw.githubusercontent.com/PokeAPI/pokeapi/master/data/v2/csv/pokemon.csv;https://raw.githubusercontent.com/PokeAPI/pokeapi/master/data/v2/csv/pokemon_forms.csv;https://raw.githubusercontent.com/PokeAPI/pokeapi/master/data/v2/csv/pokemon_form_names.csv;https://docs.google.com/spreadsheets/d/1B2uTMvWlAHb7WlpupJV1A2Hbi3K3U1vCyoFV0wCapcw/edit#gid=26363830;https://docs.google.com/spreadsheets/d/1uo7-E_E2jbehB2hbBurpPayP_0fKY5sPZcFgZmfLydY/edit#gid=1526488506;https://docs.google.com/spreadsheets/d/1uo7-E_E2jbehB2hbBurpPayP_0fKY5sPZcFgZmfLydY/edit#gid=520178140;https://docs.google.com/spreadsheets/d/1uo7-E_E2jbehB2hbBurpPayP_0fKY5sPZcFgZmfLydY/edit#gid=1696255979;https://docs.google.com/spreadsheets/d/1B2uTMvWlAHb7WlpupJV1A2Hbi3K3U1vCyoFV0wCapcw/edit#gid=1521895812;https://docs.google.com/spreadsheets/d/1JZpA-5XDldN2bjfvhvBPHYK-1AENETLnF1UxNEpWlNA/edit#gid=352888197;https://docs.google.com/spreadsheets/d/1vJ-pioe3RZKSZ3LIGEA3FVTv_KEE_XKIQAXSIUNNd-Q/edit#gid=0
190,518,Somnivora,somnivora,Musharna,musharna,RU,7,6,4,"S5, S6, S7, S9",0,,4,4,picked,https://raw.githubusercontent.com/PokeAPI/pokeapi/master/data/v2/csv/pokemon_species_names.csv;https://raw.githubusercontent.com/PokeAPI/pokeapi/master/data/v2/csv/languages.csv;https://raw.githubusercontent.com/PokeAPI/pokeapi/master/data/v2/csv/pokemon.csv;https://raw.githubusercontent.com/PokeAPI/pokeapi/master/data/v2/csv/pokemon_forms.csv;https://raw.githubusercontent.com/PokeAPI/pokeapi/master/data/v2/csv/pokemon_form_names.csv;https://docs.google.com/spreadsheets/d/11wxsKyCydVmDjp4kGLJAOLPM_LgwCLN2GYpbDQkNtkk/edit#gid=1588964432;https://docs.google.com/spreadsheets/d/1nwiq_ggEj7QePeZGMR2xoi0bEHJr_ZGO24YCRdt93No/edit#gid=857670931;https://docs.google.com/spreadsheets/d/1uo7-E_E2jbehB2hbBurpPayP_0fKY5sPZcFgZmfLydY/edit#gid=1526488506;https://docs.google.com/spreadsheets/d/1uo7-E_E2jbehB2hbBurpPayP_0fKY5sPZcFgZmfLydY/edit#gid=520178140;https://docs.google.com/spreadsheets/d/1uo7-E_E2jbehB2hbBurpPayP_0fKY5sPZcFgZmfLydY/edit#gid=1696255979;https://docs.google.com/spreadsheets/d/1JZpA-5XDldN2bjfvhvBPHYK-1AENETLnF1UxNEpWlNA/edit#gid=352888197;data/manual/pokemon_killlists.csv
191,465,Tangoloss,tangoloss,Tangrowth,tangrowth,RU,7,6,5,"S3, S4, S5, S6, S8",0,,4,4,picked,https://raw.githubusercontent.com/PokeAPI/pokeapi/master/data/v2/csv/pokemon_species_names.csv;https://raw.githubusercontent.com/PokeAPI/pokeapi/master/data/v2/csv/languages.csv;https://raw.githubusercontent.com/PokeAPI/pokeapi/master/data/v2/csv/pokemon.csv;https://raw.githubusercontent.com/PokeAPI/pokeapi/master/data/v2/csv/pokemon_forms.csv;https://raw.githubusercontent.com/PokeAPI/pokeapi/master/data/v2/csv/pokemon_form_names.csv;https://docs.google.com/spreadsheets/d/1JZpA-5XDldN2bjfvhvBPHYK-1AENETLnF1UxNEpWlNA/edit#gid=352888197;data/manual/team_pokemon_usage.csv;output/team-graphics/s3/GPL Teams Spieltag 14 (2).jpg;output/team-graphics/s4/Shocking Shaymins - MeLevies.png;output/team-graphics/s5/Prekani.png;https://docs.google.com/spreadsheets/d/11wxsKyCydVmDjp4kGLJAOLPM_LgwCLN2GYpbDQkNtkk/edit#gid=1588964432;https://docs.google.com/spreadsheets/d/1B2uTMvWlAHb7WlpupJV1A2Hbi3K3U1vCyoFV0wCapcw/edit#gid=1846395979;https://docs.google.com/spreadsheets/d/1B2uTMvWlAHb7WlpupJV1A2Hbi3K3U1vCyoFV0wCapcw/edit#gid=1271313224
192,482,Tobutz,tobutz,Azelf,azelf,RU,7,6,3,"S2, S3, S4",0,,5,4,picked,https://raw.githubusercontent.com/PokeAPI/pokeapi/master/data/v2/csv/pokemon_species_names.csv;https://raw.githubusercontent.com/PokeAPI/pokeapi/master/data/v2/csv/languages.csv;https://raw.githubusercontent.com/PokeAPI/pokeapi/master/data/v2/csv/pokemon.csv;https://raw.githubusercontent.com/PokeAPI/pokeapi/master/data/v2/csv/pokemon_forms.csv;https://raw.githubusercontent.com/PokeAPI/pokeapi/master/data/v2/csv/pokemon_form_names.csv;https://docs.google.com/spreadsheets/d/1FUsClf5qEny-BHY5Djp8rIwRJKBSJDvygJ8LBa62FEo/edit#gid=0;https://docs.google.com/spreadsheets/d/1odsNRAZStW1GzmpXwmg27dqjOlch7w8syZOZ5Z2OQRg/edit#gid=0;https://docs.google.com/spreadsheets/d/1JZpA-5XDldN2bjfvhvBPHYK-1AENETLnF1UxNEpWlNA/edit#gid=352888197;data/manual/team_pokemon_usage.csv;output/team-graphics/s3/GPL Teams Spieltag 14 (1).jpg;output/team-graphics/s4/Enteikutierung - Lauris Enteitainment.png;https://docs.google.com/spreadsheets/d/1vJ-pioe3RZKSZ3LIGEA3FVTv_KEE_XKIQAXSIUNNd-Q/edit#gid=0
193,640,Viridium,viridium,Virizion,virizion,RU,7,6,4,"S3, S6, S7, S9",0,,5,4,picked,https://raw.githubusercontent.com/PokeAPI/pokeapi/master/data/v2/csv/pokemon_species_names.csv;https://raw.githubusercontent.com/PokeAPI/pokeapi/master/data/v2/csv/languages.csv;https://raw.githubusercontent.com/PokeAPI/pokeapi/master/data/v2/csv/pokemon.csv;https://raw.githubusercontent.com/PokeAPI/pokeapi/master/data/v2/csv/pokemon_forms.csv;https://raw.githubusercontent.com/PokeAPI/pokeapi/master/data/v2/csv/pokemon_form_names.csv;https://docs.google.com/spreadsheets/d/1JZpA-5XDldN2bjfvhvBPHYK-1AENETLnF1UxNEpWlNA/edit#gid=352888197;data/manual/team_pokemon_usage.csv;output/team-graphics/s3/GPL Teams Spieltag 14 (1).jpg;https://docs.google.com/spreadsheets/d/11wxsKyCydVmDjp4kGLJAOLPM_LgwCLN2GYpbDQkNtkk/edit#gid=1588964432;https://docs.google.com/spreadsheets/d/1nwiq_ggEj7QePeZGMR2xoi0bEHJr_ZGO24YCRdt93No/edit#gid=857670931;https://docs.google.com/spreadsheets/d/1uo7-E_E2jbehB2hbBurpPayP_0fKY5sPZcFgZmfLydY/edit#gid=1526488506;https://docs.google.com/spreadsheets/d/1uo7-E_E2jbehB2hbBurpPayP_0fKY5sPZcFgZmfLydY/edit#gid=520178140;https://docs.google.com/spreadsheets/d/1uo7-E_E2jbehB2hbBurpPayP_0fKY5sPZcFgZmfLydY/edit#gid=1696255979
194,628,Washakwil,washakwil,Braviary,braviary,RU,7,6,4,"S3, S4, S7, S8",0,,4,4,picked,https://raw.githubusercontent.com/PokeAPI/pokeapi/master/data/v2/csv/pokemon_species_names.csv;https://raw.githubusercontent.com/PokeAPI/pokeapi/master/data/v2/csv/languages.csv;https://raw.githubusercontent.com/PokeAPI/pokeapi/master/data/v2/csv/pokemon.csv;https://raw.githubusercontent.com/PokeAPI/pokeapi/master/data/v2/csv/pokemon_forms.csv;https://raw.githubusercontent.com/PokeAPI/pokeapi/master/data/v2/csv/pokemon_form_names.csv;https://docs.google.com/spreadsheets/d/1JZpA-5XDldN2bjfvhvBPHYK-1AENETLnF1UxNEpWlNA/edit#gid=352888197;data/manual/team_pokemon_usage.csv;output/team-graphics/s3/GPL Teams Spieltag 14 (1).jpg;output/team-graphics/s4/Minetube - Triyolotree.png;https://docs.google.com/spreadsheets/d/1nwiq_ggEj7QePeZGMR2xoi0bEHJr_ZGO24YCRdt93No/edit#gid=857670931;https://docs.google.com/spreadsheets/d/1B2uTMvWlAHb7WlpupJV1A2Hbi3K3U1vCyoFV0wCapcw/edit#gid=1846395979;https://docs.google.com/spreadsheets/d/1B2uTMvWlAHb7WlpupJV1A2Hbi3K3U1vCyoFV0wCapcw/edit#gid=1271313224;https://docs.google.com/spreadsheets/d/1kXhNwKGrqQTwSal0NxpZ9h0yo6u_mQwhwg4vGVwxMX4/edit#gid=0
195,745,Wolwerock (Zwielicht),wolwerockzwielicht,lycanroc-dusk,lycanrocdusk,RU,7,6,3,"S5, S6, S9",0,,5,4,picked,https://raw.githubusercontent.com/PokeAPI/pokeapi/master/data/v2/csv/pokemon_species_names.csv;https://raw.githubusercontent.com/PokeAPI/pokeapi/master/data/v2/csv/languages.csv;https://raw.githubusercontent.com/PokeAPI/pokeapi/master/data/v2/csv/pokemon.csv;https://raw.githubusercontent.com/PokeAPI/pokeapi/master/data/v2/csv/pokemon_forms.csv;https://raw.githubusercontent.com/PokeAPI/pokeapi/master/data/v2/csv/pokemon_form_names.csv;https://docs.google.com/spreadsheets/d/11wxsKyCydVmDjp4kGLJAOLPM_LgwCLN2GYpbDQkNtkk/edit#gid=1588964432;https://docs.google.com/spreadsheets/d/11wxsKyCydVmDjp4kGLJAOLPM_LgwCLN2GYpbDQkNtkk/edit#gid=1843013406;https://docs.google.com/spreadsheets/d/1uo7-E_E2jbehB2hbBurpPayP_0fKY5sPZcFgZmfLydY/edit#gid=1526488506;https://docs.google.com/spreadsheets/d/1uo7-E_E2jbehB2hbBurpPayP_0fKY5sPZcFgZmfLydY/edit#gid=520178140;https://docs.google.com/spreadsheets/d/1uo7-E_E2jbehB2hbBurpPayP_0fKY5sPZcFgZmfLydY/edit#gid=1696255979;data/manual/team_pokemon_usage.csv
196,42,Golbat,golbat,Golbat,golbat,NFE,14,6,3,"S1, S2, S6",0,,4,4,picked,https://raw.githubusercontent.com/PokeAPI/pokeapi/master/data/v2/csv/pokemon_species_names.csv;https://raw.githubusercontent.com/PokeAPI/pokeapi/master/data/v2/csv/languages.csv;https://raw.githubusercontent.com/PokeAPI/pokeapi/master/data/v2/csv/pokemon.csv;https://raw.githubusercontent.com/PokeAPI/pokeapi/master/data/v2/csv/pokemon_forms.csv;https://raw.githubusercontent.com/PokeAPI/pokeapi/master/data/v2/csv/pokemon_form_names.csv;https://docs.google.com/spreadsheets/d/1kiwDk4NgYoKb0Oo9yqzwl9HXHxuQ_0I5gkb1JtE57PI/edit#gid=0;https://docs.google.com/spreadsheets/d/11wxsKyCydVmDjp4kGLJAOLPM_LgwCLN2GYpbDQkNtkk/edit#gid=1843013406;https://docs.google.com/spreadsheets/d/1JZpA-5XDldN2bjfvhvBPHYK-1AENETLnF1UxNEpWlNA/edit#gid=352888197;https://docs.google.com/spreadsheets/d/1n9SmK-ccTCn8Jjhs4U2LKnibXY8PvuBtV3V9MCOURRA/edit#gid=0;https://docs.google.com/spreadsheets/d/1vJ-pioe3RZKSZ3LIGEA3FVTv_KEE_XKIQAXSIUNNd-Q/edit#gid=0
197,82,Magneton,magneton,Magneton,magneton,NFE,14,6,5,"S2, S3, S4, S5, S6",0,,5,5,picked,https://raw.githubusercontent.com/PokeAPI/pokeapi/master/data/v2/csv/pokemon_species_names.csv;https://raw.githubusercontent.com/PokeAPI/pokeapi/master/data/v2/csv/languages.csv;https://raw.githubusercontent.com/PokeAPI/pokeapi/master/data/v2/csv/pokemon.csv;https://raw.githubusercontent.com/PokeAPI/pokeapi/master/data/v2/csv/pokemon_forms.csv;https://raw.githubusercontent.com/PokeAPI/pokeapi/master/data/v2/csv/pokemon_form_names.csv;https://docs.google.com/spreadsheets/d/1FUsClf5qEny-BHY5Djp8rIwRJKBSJDvygJ8LBa62FEo/edit#gid=0;https://docs.google.com/spreadsheets/d/1JZpA-5XDldN2bjfvhvBPHYK-1AENETLnF1UxNEpWlNA/edit#gid=352888197;data/manual/team_pokemon_usage.csv;output/team-graphics/s3/GPL Teams Spieltag 14 (1).jpg;output/team-graphics/s5/Crinchilla.png;https://docs.google.com/spreadsheets/d/11wxsKyCydVmDjp4kGLJAOLPM_LgwCLN2GYpbDQkNtkk/edit#gid=1588964432;data/manual/pokemon_killlists.csv;https://docs.google.com/spreadsheets/d/1vJ-pioe3RZKSZ3LIGEA3FVTv_KEE_XKIQAXSIUNNd-Q/edit#gid=0
198,772,Typ:Null,typnull,Type: Null,typenull,NFE,14,6,4,"S5, S6, S7, S8",1,S5,5,5,picked,https://raw.githubusercontent.com/PokeAPI/pokeapi/master/data/v2/csv/pokemon_species_names.csv;https://raw.githubusercontent.com/PokeAPI/pokeapi/master/data/v2/csv/languages.csv;https://raw.githubusercontent.com/PokeAPI/pokeapi/master/data/v2/csv/pokemon.csv;https://raw.githubusercontent.com/PokeAPI/pokeapi/master/data/v2/csv/pokemon_forms.csv;https://raw.githubusercontent.com/PokeAPI/pokeapi/master/data/v2/csv/pokemon_form_names.csv;https://docs.google.com/spreadsheets/d/1JZpA-5XDldN2bjfvhvBPHYK-1AENETLnF1UxNEpWlNA/edit#gid=352888197;data/manual/team_pokemon_usage.csv;output/team-graphics/s5/Shockwaving Magearnas.png;https://docs.google.com/spreadsheets/d/11wxsKyCydVmDjp4kGLJAOLPM_LgwCLN2GYpbDQkNtkk/edit#gid=1588964432;https://docs.google.com/spreadsheets/d/11wxsKyCydVmDjp4kGLJAOLPM_LgwCLN2GYpbDQkNtkk/edit#gid=1843013406;https://docs.google.com/spreadsheets/d/1nwiq_ggEj7QePeZGMR2xoi0bEHJr_ZGO24YCRdt93No/edit#gid=857670931;https://docs.google.com/spreadsheets/d/1B2uTMvWlAHb7WlpupJV1A2Hbi3K3U1vCyoFV0wCapcw/edit#gid=1846395979;https://docs.google.com/spreadsheets/d/1B2uTMvWlAHb7WlpupJV1A2Hbi3K3U1vCyoFV0wCapcw/edit#gid=1271313224
199,815,Liberlo,liberlo,Cinderace,cinderace,OU,3,5,3,"S7, S9, S10",0,,4,3,picked,https://raw.githubusercontent.com/PokeAPI/pokeapi/master/data/v2/csv/pokemon_species_names.csv;https://raw.githubusercontent.com/PokeAPI/pokeapi/master/data/v2/csv/languages.csv;https://raw.githubusercontent.com/PokeAPI/pokeapi/master/data/v2/csv/pokemon.csv;https://raw.githubusercontent.com/PokeAPI/pokeapi/master/data/v2/csv/pokemon_forms.csv;https://raw.githubusercontent.com/PokeAPI/pokeapi/master/data/v2/csv/pokemon_form_names.csv;https://docs.google.com/spreadsheets/d/1nwiq_ggEj7QePeZGMR2xoi0bEHJr_ZGO24YCRdt93No/edit#gid=857670931;https://docs.google.com/spreadsheets/d/1uo7-E_E2jbehB2hbBurpPayP_0fKY5sPZcFgZmfLydY/edit#gid=1526488506;https://docs.google.com/spreadsheets/d/1uo7-E_E2jbehB2hbBurpPayP_0fKY5sPZcFgZmfLydY/edit#gid=520178140;https://docs.google.com/spreadsheets/d/1uo7-E_E2jbehB2hbBurpPayP_0fKY5sPZcFgZmfLydY/edit#gid=1696255979;https://docs.google.com/spreadsheets/d/13smsrG2BGYxr_omJWcgr-sUDr39bvOJPNL5RPt4DSow/edit#gid=1934543062
200,6,Mega-Glurak Y,megagluraky,charizard-mega-y,charizardmegay,OU,3,5,4,"S1, S2, S3, S4",0,,4,3,picked,https://raw.githubusercontent.com/PokeAPI/pokeapi/master/data/v2/csv/pokemon_species_names.csv;https://raw.githubusercontent.com/PokeAPI/pokeapi/master/data/v2/csv/languages.csv;https://raw.githubusercontent.com/PokeAPI/pokeapi/master/data/v2/csv/pokemon.csv;https://raw.githubusercontent.com/PokeAPI/pokeapi/master/data/v2/csv/pokemon_forms.csv;https://raw.githubusercontent.com/PokeAPI/pokeapi/master/data/v2/csv/pokemon_form_names.csv;https://docs.google.com/spreadsheets/d/1kiwDk4NgYoKb0Oo9yqzwl9HXHxuQ_0I5gkb1JtE57PI/edit#gid=0;https://docs.google.com/spreadsheets/d/1odsNRAZStW1GzmpXwmg27dqjOlch7w8syZOZ5Z2OQRg/edit#gid=0;https://docs.google.com/spreadsheets/d/1JZpA-5XDldN2bjfvhvBPHYK-1AENETLnF1UxNEpWlNA/edit#gid=352888197;data/manual/team_pokemon_usage.csv;output/team-graphics/s4/Flexing Masskito - RegiBang.png;data/manual/pokemon_killlists.csv;https://docs.google.com/spreadsheets/d/1n9SmK-ccTCn8Jjhs4U2LKnibXY8PvuBtV3V9MCOURRA/edit#gid=0
201,598,Tentantel,tentantel,Ferrothorn,ferrothorn,OU,3,5,5,"S1, S2, S5, S6, S7",0,,5,4,picked,https://raw.githubusercontent.com/PokeAPI/pokeapi/master/data/v2/csv/pokemon_species_names.csv;https://raw.githubusercontent.com/PokeAPI/pokeapi/master/data/v2/csv/languages.csv;https://raw.githubusercontent.com/PokeAPI/pokeapi/master/data/v2/csv/pokemon.csv;https://raw.githubusercontent.com/PokeAPI/pokeapi/master/data/v2/csv/pokemon_forms.csv;https://raw.githubusercontent.com/PokeAPI/pokeapi/master/data/v2/csv/pokemon_form_names.csv;https://docs.google.com/spreadsheets/d/1odsNRAZStW1GzmpXwmg27dqjOlch7w8syZOZ5Z2OQRg/edit#gid=0;https://docs.google.com/spreadsheets/d/1JZpA-5XDldN2bjfvhvBPHYK-1AENETLnF1UxNEpWlNA/edit#gid=352888197;data/manual/team_pokemon_usage.csv;output/team-graphics/s5/Energie Tobutz.png;https://docs.google.com/spreadsheets/d/11wxsKyCydVmDjp4kGLJAOLPM_LgwCLN2GYpbDQkNtkk/edit#gid=1843013406;https://docs.google.com/spreadsheets/d/1nwiq_ggEj7QePeZGMR2xoi0bEHJr_ZGO24YCRdt93No/edit#gid=857670931;https://docs.google.com/spreadsheets/d/1n9SmK-ccTCn8Jjhs4U2LKnibXY8PvuBtV3V9MCOURRA/edit#gid=0
202,892,Wulaosu-Fließender Stil,wulaosufliessenderstil,urshifu-rapid-strike,urshifurapidstrike,OU,3,5,2,"S8, S9",0,,3,2,picked,https://raw.githubusercontent.com/PokeAPI/pokeapi/master/data/v2/csv/pokemon_species_names.csv;https://raw.githubusercontent.com/PokeAPI/pokeapi/master/data/v2/csv/languages.csv;https://raw.githubusercontent.com/PokeAPI/pokeapi/master/data/v2/csv/pokemon.csv;https://raw.githubusercontent.com/PokeAPI/pokeapi/master/data/v2/csv/pokemon_forms.csv;https://raw.githubusercontent.com/PokeAPI/pokeapi/master/data/v2/csv/pokemon_form_names.csv;https://docs.google.com/spreadsheets/d/1B2uTMvWlAHb7WlpupJV1A2Hbi3K3U1vCyoFV0wCapcw/edit#gid=1846395979;https://docs.google.com/spreadsheets/d/1uo7-E_E2jbehB2hbBurpPayP_0fKY5sPZcFgZmfLydY/edit#gid=1526488506;https://docs.google.com/spreadsheets/d/1uo7-E_E2jbehB2hbBurpPayP_0fKY5sPZcFgZmfLydY/edit#gid=520178140;https://docs.google.com/spreadsheets/d/1uo7-E_E2jbehB2hbBurpPayP_0fKY5sPZcFgZmfLydY/edit#gid=1696255979;https://docs.google.com/spreadsheets/d/1B2uTMvWlAHb7WlpupJV1A2Hbi3K3U1vCyoFV0wCapcw/edit#gid=1271313224
203,798,Katagami,katagami,Kartana,kartana,UUBL,4,5,4,"S4, S5, S6, S8",0,,4,4,picked,https://raw.githubusercontent.com/PokeAPI/pokeapi/master/data/v2/csv/pokemon_species_names.csv;https://raw.githubusercontent.com/PokeAPI/pokeapi/master/data/v2/csv/languages.csv;https://raw.githubusercontent.com/PokeAPI/pokeapi/master/data/v2/csv/pokemon.csv;https://raw.githubusercontent.com/PokeAPI/pokeapi/master/data/v2/csv/pokemon_forms.csv;https://raw.githubusercontent.com/PokeAPI/pokeapi/master/data/v2/csv/pokemon_form_names.csv;https://docs.google.com/spreadsheets/d/1JZpA-5XDldN2bjfvhvBPHYK-1AENETLnF1UxNEpWlNA/edit#gid=352888197;data/manual/team_pokemon_usage.csv;output/team-graphics/s4/Suicide Squad - CaptainCrinch.png;output/team-graphics/s5/Energie Tobutz.png;https://docs.google.com/spreadsheets/d/11wxsKyCydVmDjp4kGLJAOLPM_LgwCLN2GYpbDQkNtkk/edit#gid=1588964432;https://docs.google.com/spreadsheets/d/1B2uTMvWlAHb7WlpupJV1A2Hbi3K3U1vCyoFV0wCapcw/edit#gid=1846395979;https://docs.google.com/spreadsheets/d/1B2uTMvWlAHb7WlpupJV1A2Hbi3K3U1vCyoFV0wCapcw/edit#gid=1271313224
204,142,Mega-Aerodactyl,megaaerodactyl,aerodactyl-mega,aerodactylmega,UU,5,5,5,"S1, S2, S3, S4, S5",1,S2,4,5,picked,https://raw.githubusercontent.com/PokeAPI/pokeapi/master/data/v2/csv/pokemon_species_names.csv;https://raw.githubusercontent.com/PokeAPI/pokeapi/master/data/v2/csv/languages.csv;https://raw.githubusercontent.com/PokeAPI/pokeapi/master/data/v2/csv/pokemon.csv;https://raw.githubusercontent.com/PokeAPI/pokeapi/master/data/v2/csv/pokemon_forms.csv;https://raw.githubusercontent.com/PokeAPI/pokeapi/master/data/v2/csv/pokemon_form_names.csv;https://docs.google.com/spreadsheets/d/1JZpA-5XDldN2bjfvhvBPHYK-1AENETLnF1UxNEpWlNA/edit#gid=352888197;data/manual/team_pokemon_usage.csv;output/team-graphics/s3/GPL Teams Spieltag 14 (1).jpg;data/manual/pokemon_killlists.csv;https://docs.google.com/spreadsheets/d/1n9SmK-ccTCn8Jjhs4U2LKnibXY8PvuBtV3V9MCOURRA/edit#gid=0;https://docs.google.com/spreadsheets/d/1vJ-pioe3RZKSZ3LIGEA3FVTv_KEE_XKIQAXSIUNNd-Q/edit#gid=0
205,773,Amigento-Typ:Fee,amigentotypfee,silvally-fairy,silvallyfairy,RU,7,5,4,"S5, S6, S7, S8",0,,4,4,picked,https://raw.githubusercontent.com/PokeAPI/pokeapi/master/data/v2/csv/pokemon_species_names.csv;https://raw.githubusercontent.com/PokeAPI/pokeapi/master/data/v2/csv/languages.csv;https://raw.githubusercontent.com/PokeAPI/pokeapi/master/data/v2/csv/pokemon.csv;https://raw.githubusercontent.com/PokeAPI/pokeapi/master/data/v2/csv/pokemon_forms.csv;https://raw.githubusercontent.com/PokeAPI/pokeapi/master/data/v2/csv/pokemon_form_names.csv;https://docs.google.com/spreadsheets/d/1JZpA-5XDldN2bjfvhvBPHYK-1AENETLnF1UxNEpWlNA/edit#gid=352888197;data/manual/team_pokemon_usage.csv;output/team-graphics/s5/Aggron Berlin.png;https://docs.google.com/spreadsheets/d/11wxsKyCydVmDjp4kGLJAOLPM_LgwCLN2GYpbDQkNtkk/edit#gid=1588964432;https://docs.google.com/spreadsheets/d/1nwiq_ggEj7QePeZGMR2xoi0bEHJr_ZGO24YCRdt93No/edit#gid=857670931;https://docs.google.com/spreadsheets/d/1B2uTMvWlAHb7WlpupJV1A2Hbi3K3U1vCyoFV0wCapcw/edit#gid=1846395979;https://docs.google.com/spreadsheets/d/1B2uTMvWlAHb7WlpupJV1A2Hbi3K3U1vCyoFV0wCapcw/edit#gid=1271313224
206,743,Bandelby,bandelby,Ribombee,ribombee,RU,7,5,3,"S4, S7, S10",0,,4,4,picked,https://raw.githubusercontent.com/PokeAPI/pokeapi/master/data/v2/csv/pokemon_species_names.csv;https://raw.githubusercontent.com/PokeAPI/pokeapi/master/data/v2/csv/languages.csv;https://raw.githubusercontent.com/PokeAPI/pokeapi/master/data/v2/csv/pokemon.csv;https://raw.githubusercontent.com/PokeAPI/pokeapi/master/data/v2/csv/pokemon_forms.csv;https://raw.githubusercontent.com/PokeAPI/pokeapi/master/data/v2/csv/pokemon_form_names.csv;https://docs.google.com/spreadsheets/d/1JZpA-5XDldN2bjfvhvBPHYK-1AENETLnF1UxNEpWlNA/edit#gid=352888197;data/manual/team_pokemon_usage.csv;output/team-graphics/s4/Surstars - SurskitTV.png;https://docs.google.com/spreadsheets/d/1nwiq_ggEj7QePeZGMR2xoi0bEHJr_ZGO24YCRdt93No/edit#gid=857670931;https://docs.google.com/spreadsheets/d/13smsrG2BGYxr_omJWcgr-sUDr39bvOJPNL5RPt4DSow/edit#gid=71150222;https://docs.google.com/spreadsheets/d/13smsrG2BGYxr_omJWcgr-sUDr39bvOJPNL5RPt4DSow/edit#gid=1934543062;https://docs.google.com/spreadsheets/d/13smsrG2BGYxr_omJWcgr-sUDr39bvOJPNL5RPt4DSow/edit#gid=1953790464
207,508,Bissbark,bissbark,Stoutland,stoutland,RU,7,5,3,"S5, S6, S9",0,,4,3,picked,https://raw.githubusercontent.com/PokeAPI/pokeapi/master/data/v2/csv/pokemon_species_names.csv;https://raw.githubusercontent.com/PokeAPI/pokeapi/master/data/v2/csv/languages.csv;https://raw.githubusercontent.com/PokeAPI/pokeapi/master/data/v2/csv/pokemon.csv;https://raw.githubusercontent.com/PokeAPI/pokeapi/master/data/v2/csv/pokemon_forms.csv;https://raw.githubusercontent.com/PokeAPI/pokeapi/master/data/v2/csv/pokemon_form_names.csv;https://docs.google.com/spreadsheets/d/1JZpA-5XDldN2bjfvhvBPHYK-1AENETLnF1UxNEpWlNA/edit#gid=352888197;data/manual/team_pokemon_usage.csv;output/team-graphics/s5/Energie Tobutz.png;https://docs.google.com/spreadsheets/d/11wxsKyCydVmDjp4kGLJAOLPM_LgwCLN2GYpbDQkNtkk/edit#gid=1843013406;https://docs.google.com/spreadsheets/d/1uo7-E_E2jbehB2hbBurpPayP_0fKY5sPZcFgZmfLydY/edit#gid=1526488506;https://docs.google.com/spreadsheets/d/1uo7-E_E2jbehB2hbBurpPayP_0fKY5sPZcFgZmfLydY/edit#gid=520178140;https://docs.google.com/spreadsheets/d/1uo7-E_E2jbehB2hbBurpPayP_0fKY5sPZcFgZmfLydY/edit#gid=1696255979
208,871,Britzigel,britzigel,Pincurchin,pincurchin,RU,7,5,3,"S7, S9, S10",0,,4,3,picked,https://raw.githubusercontent.com/PokeAPI/pokeapi/master/data/v2/csv/pokemon_species_names.csv;https://raw.githubusercontent.com/PokeAPI/pokeapi/master/data/v2/csv/languages.csv;https://raw.githubusercontent.com/PokeAPI/pokeapi/master/data/v2/csv/pokemon.csv;https://raw.githubusercontent.com/PokeAPI/pokeapi/master/data/v2/csv/pokemon_forms.csv;https://raw.githubusercontent.com/PokeAPI/pokeapi/master/data/v2/csv/pokemon_form_names.csv;https://docs.google.com/spreadsheets/d/1nwiq_ggEj7QePeZGMR2xoi0bEHJr_ZGO24YCRdt93No/edit#gid=857670931;https://docs.google.com/spreadsheets/d/1uo7-E_E2jbehB2hbBurpPayP_0fKY5sPZcFgZmfLydY/edit#gid=1526488506;https://docs.google.com/spreadsheets/d/1uo7-E_E2jbehB2hbBurpPayP_0fKY5sPZcFgZmfLydY/edit#gid=520178140;https://docs.google.com/spreadsheets/d/1uo7-E_E2jbehB2hbBurpPayP_0fKY5sPZcFgZmfLydY/edit#gid=1696255979;https://docs.google.com/spreadsheets/d/13smsrG2BGYxr_omJWcgr-sUDr39bvOJPNL5RPt4DSow/edit#gid=1934543062
209,764,Curelei,curelei,Comfey,comfey,RU,7,5,2,"S9, S10",0,,3,2,picked,https://raw.githubusercontent.com/PokeAPI/pokeapi/master/data/v2/csv/pokemon_species_names.csv;https://raw.githubusercontent.com/PokeAPI/pokeapi/master/data/v2/csv/languages.csv;https://raw.githubusercontent.com/PokeAPI/pokeapi/master/data/v2/csv/pokemon.csv;https://raw.githubusercontent.com/PokeAPI/pokeapi/master/data/v2/csv/pokemon_forms.csv;https://raw.githubusercontent.com/PokeAPI/pokeapi/master/data/v2/csv/pokemon_form_names.csv;https://docs.google.com/spreadsheets/d/1uo7-E_E2jbehB2hbBurpPayP_0fKY5sPZcFgZmfLydY/edit#gid=1526488506;https://docs.google.com/spreadsheets/d/1uo7-E_E2jbehB2hbBurpPayP_0fKY5sPZcFgZmfLydY/edit#gid=520178140;https://docs.google.com/spreadsheets/d/1uo7-E_E2jbehB2hbBurpPayP_0fKY5sPZcFgZmfLydY/edit#gid=1696255979;https://docs.google.com/spreadsheets/d/13smsrG2BGYxr_omJWcgr-sUDr39bvOJPNL5RPt4DSow/edit#gid=71150222;https://docs.google.com/spreadsheets/d/13smsrG2BGYxr_omJWcgr-sUDr39bvOJPNL5RPt4DSow/edit#gid=1934543062
210,132,Ditto,ditto,Ditto,ditto,RU,7,5,4,"S3, S4, S5, S6",0,,4,5,picked,https://raw.githubusercontent.com/PokeAPI/pokeapi/master/data/v2/csv/pokemon_species_names.csv;https://raw.githubusercontent.com/PokeAPI/pokeapi/master/data/v2/csv/languages.csv;https://raw.githubusercontent.com/PokeAPI/pokeapi/master/data/v2/csv/pokemon.csv;https://raw.githubusercontent.com/PokeAPI/pokeapi/master/data/v2/csv/pokemon_forms.csv;https://raw.githubusercontent.com/PokeAPI/pokeapi/master/data/v2/csv/pokemon_form_names.csv;https://docs.google.com/spreadsheets/d/1JZpA-5XDldN2bjfvhvBPHYK-1AENETLnF1UxNEpWlNA/edit#gid=352888197;data/manual/team_pokemon_usage.csv;output/team-graphics/s3/GPL Teams Spieltag 14 (2).jpg;output/team-graphics/s4/Schnittlauchs - PokeBazi.png;output/team-graphics/s5/Marvelous Speedsters.png;https://docs.google.com/spreadsheets/d/11wxsKyCydVmDjp4kGLJAOLPM_LgwCLN2GYpbDQkNtkk/edit#gid=1588964432;https://docs.google.com/spreadsheets/d/11wxsKyCydVmDjp4kGLJAOLPM_LgwCLN2GYpbDQkNtkk/edit#gid=1843013406
211,110,Galar Smogmog,galarsmogmog,weezing-galar,weezinggalar,RU,7,5,2,"S7, S8",0,,3,3,picked,https://raw.githubusercontent.com/PokeAPI/pokeapi/master/data/v2/csv/pokemon_species_names.csv;https://raw.githubusercontent.com/PokeAPI/pokeapi/master/data/v2/csv/languages.csv;https://raw.githubusercontent.com/PokeAPI/pokeapi/master/data/v2/csv/pokemon.csv;https://raw.githubusercontent.com/PokeAPI/pokeapi/master/data/v2/csv/pokemon_forms.csv;https://raw.githubusercontent.com/PokeAPI/pokeapi/master/data/v2/csv/pokemon_form_names.csv;https://docs.google.com/spreadsheets/d/1nwiq_ggEj7QePeZGMR2xoi0bEHJr_ZGO24YCRdt93No/edit#gid=857670931;https://docs.google.com/spreadsheets/d/1B2uTMvWlAHb7WlpupJV1A2Hbi3K3U1vCyoFV0wCapcw/edit#gid=26363830;https://docs.google.com/spreadsheets/d/1B2uTMvWlAHb7WlpupJV1A2Hbi3K3U1vCyoFV0wCapcw/edit#gid=1846395979;https://docs.google.com/spreadsheets/d/1B2uTMvWlAHb7WlpupJV1A2Hbi3K3U1vCyoFV0wCapcw/edit#gid=1521895812;https://docs.google.com/spreadsheets/d/1B2uTMvWlAHb7WlpupJV1A2Hbi3K3U1vCyoFV0wCapcw/edit#gid=1271313224
212,720,Hoopa-Gebanntes Hoopa,hoopagebannteshoopa,hoopa,hoopa,RU,7,5,3,"S3, S4, S6",0,,4,4,picked,https://raw.githubusercontent.com/PokeAPI/pokeapi/master/data/v2/csv/pokemon_species_names.csv;https://raw.githubusercontent.com/PokeAPI/pokeapi/master/data/v2/csv/languages.csv;https://raw.githubusercontent.com/PokeAPI/pokeapi/master/data/v2/csv/pokemon.csv;https://raw.githubusercontent.com/PokeAPI/pokeapi/master/data/v2/csv/pokemon_forms.csv;https://raw.githubusercontent.com/PokeAPI/pokeapi/master/data/v2/csv/pokemon_form_names.csv;https://docs.google.com/spreadsheets/d/11wxsKyCydVmDjp4kGLJAOLPM_LgwCLN2GYpbDQkNtkk/edit#gid=1843013406;https://docs.google.com/spreadsheets/d/1JZpA-5XDldN2bjfvhvBPHYK-1AENETLnF1UxNEpWlNA/edit#gid=352888197;data/manual/pokemon_killlists.csv;data/manual/team_pokemon_usage.csv;https://docs.google.com/spreadsheets/d/1kXhNwKGrqQTwSal0NxpZ9h0yo6u_mQwhwg4vGVwxMX4/edit#gid=0
213,141,Kabutops,kabutops,Kabutops,kabutops,RU,7,5,2,"S2, S9",0,,4,1,picked,https://raw.githubusercontent.com/PokeAPI/pokeapi/master/data/v2/csv/pokemon_species_names.csv;https://raw.githubusercontent.com/PokeAPI/pokeapi/master/data/v2/csv/languages.csv;https://raw.githubusercontent.com/PokeAPI/pokeapi/master/data/v2/csv/pokemon.csv;https://raw.githubusercontent.com/PokeAPI/pokeapi/master/data/v2/csv/pokemon_forms.csv;https://raw.githubusercontent.com/PokeAPI/pokeapi/master/data/v2/csv/pokemon_form_names.csv;https://docs.google.com/spreadsheets/d/1FUsClf5qEny-BHY5Djp8rIwRJKBSJDvygJ8LBa62FEo/edit#gid=0;https://docs.google.com/spreadsheets/d/1uo7-E_E2jbehB2hbBurpPayP_0fKY5sPZcFgZmfLydY/edit#gid=1526488506;https://docs.google.com/spreadsheets/d/1uo7-E_E2jbehB2hbBurpPayP_0fKY5sPZcFgZmfLydY/edit#gid=520178140;https://docs.google.com/spreadsheets/d/1uo7-E_E2jbehB2hbBurpPayP_0fKY5sPZcFgZmfLydY/edit#gid=1696255979;https://docs.google.com/spreadsheets/d/1JZpA-5XDldN2bjfvhvBPHYK-1AENETLnF1UxNEpWlNA/edit#gid=352888197
214,286,Kapilz,kapilz,Breloom,breloom,RU,7,5,4,"S1, S2, S3, S6",0,,4,3,picked,https://raw.githubusercontent.com/PokeAPI/pokeapi/master/data/v2/csv/pokemon_species_names.csv;https://raw.githubusercontent.com/PokeAPI/pokeapi/master/data/v2/csv/languages.csv;https://raw.githubusercontent.com/PokeAPI/pokeapi/master/data/v2/csv/pokemon.csv;https://raw.githubusercontent.com/PokeAPI/pokeapi/master/data/v2/csv/pokemon_forms.csv;https://raw.githubusercontent.com/PokeAPI/pokeapi/master/data/v2/csv/pokemon_form_names.csv;https://docs.google.com/spreadsheets/d/1kiwDk4NgYoKb0Oo9yqzwl9HXHxuQ_0I5gkb1JtE57PI/edit#gid=0;https://docs.google.com/spreadsheets/d/1odsNRAZStW1GzmpXwmg27dqjOlch7w8syZOZ5Z2OQRg/edit#gid=0;https://docs.google.com/spreadsheets/d/11wxsKyCydVmDjp4kGLJAOLPM_LgwCLN2GYpbDQkNtkk/edit#gid=1843013406;https://docs.google.com/spreadsheets/d/1JZpA-5XDldN2bjfvhvBPHYK-1AENETLnF1UxNEpWlNA/edit#gid=352888197;data/manual/pokemon_killlists.csv;https://docs.google.com/spreadsheets/d/1n9SmK-ccTCn8Jjhs4U2LKnibXY8PvuBtV3V9MCOURRA/edit#gid=0
215,760,Kosturso,kosturso,Bewear,bewear,RU,7,5,4,"S4, S6, S7, S8",0,,4,4,picked,https://raw.githubusercontent.com/PokeAPI/pokeapi/master/data/v2/csv/pokemon_species_names.csv;https://raw.githubusercontent.com/PokeAPI/pokeapi/master/data/v2/csv/languages.csv;https://raw.githubusercontent.com/PokeAPI/pokeapi/master/data/v2/csv/pokemon.csv;https://raw.githubusercontent.com/PokeAPI/pokeapi/master/data/v2/csv/pokemon_forms.csv;https://raw.githubusercontent.com/PokeAPI/pokeapi/master/data/v2/csv/pokemon_form_names.csv;https://docs.google.com/spreadsheets/d/1JZpA-5XDldN2bjfvhvBPHYK-1AENETLnF1UxNEpWlNA/edit#gid=352888197;data/manual/team_pokemon_usage.csv;output/team-graphics/s4/Minetube - Triyolotree.png;https://docs.google.com/spreadsheets/d/11wxsKyCydVmDjp4kGLJAOLPM_LgwCLN2GYpbDQkNtkk/edit#gid=1843013406;https://docs.google.com/spreadsheets/d/1nwiq_ggEj7QePeZGMR2xoi0bEHJr_ZGO24YCRdt93No/edit#gid=857670931;https://docs.google.com/spreadsheets/d/1B2uTMvWlAHb7WlpupJV1A2Hbi3K3U1vCyoFV0wCapcw/edit#gid=26363830;https://docs.google.com/spreadsheets/d/1B2uTMvWlAHb7WlpupJV1A2Hbi3K3U1vCyoFV0wCapcw/edit#gid=1521895812
216,295,Krawumms,krawumms,Exploud,exploud,RU,7,5,4,"S3, S4, S5, S8",0,,4,4,picked,https://raw.githubusercontent.com/PokeAPI/pokeapi/master/data/v2/csv/pokemon_species_names.csv;https://raw.githubusercontent.com/PokeAPI/pokeapi/master/data/v2/csv/languages.csv;https://raw.githubusercontent.com/PokeAPI/pokeapi/master/data/v2/csv/pokemon.csv;https://raw.githubusercontent.com/PokeAPI/pokeapi/master/data/v2/csv/pokemon_forms.csv;https://raw.githubusercontent.com/PokeAPI/pokeapi/master/data/v2/csv/pokemon_form_names.csv;https://docs.google.com/spreadsheets/d/1JZpA-5XDldN2bjfvhvBPHYK-1AENETLnF1UxNEpWlNA/edit#gid=352888197;data/manual/team_pokemon_usage.csv;output/team-graphics/s3/GPL Teams Spieltag 14 (2).jpg;output/team-graphics/s4/Shocking Shaymins - MeLevies.png;https://docs.google.com/spreadsheets/d/1B2uTMvWlAHb7WlpupJV1A2Hbi3K3U1vCyoFV0wCapcw/edit#gid=26363830;data/manual/pokemon_killlists.csv;https://docs.google.com/spreadsheets/d/1B2uTMvWlAHb7WlpupJV1A2Hbi3K3U1vCyoFV0wCapcw/edit#gid=1521895812
217,359,Mega-Absol,megaabsol,absol-mega,absolmega,RU,7,5,4,"S1, S2, S3, S4",1,S3,4,4,picked,https://raw.githubusercontent.com/PokeAPI/pokeapi/master/data/v2/csv/pokemon_species_names.csv;https://raw.githubusercontent.com/PokeAPI/pokeapi/master/data/v2/csv/languages.csv;https://raw.githubusercontent.com/PokeAPI/pokeapi/master/data/v2/csv/pokemon.csv;https://raw.githubusercontent.com/PokeAPI/pokeapi/master/data/v2/csv/pokemon_forms.csv;https://raw.githubusercontent.com/PokeAPI/pokeapi/master/data/v2/csv/pokemon_form_names.csv;https://docs.google.com/spreadsheets/d/1kiwDk4NgYoKb0Oo9yqzwl9HXHxuQ_0I5gkb1JtE57PI/edit#gid=0;https://docs.google.com/spreadsheets/d/1JZpA-5XDldN2bjfvhvBPHYK-1AENETLnF1UxNEpWlNA/edit#gid=352888197;data/manual/team_pokemon_usage.csv;output/team-graphics/s4/Schnittlauchs - PokeBazi.png;output/team-graphics/s3/GPL Teams Spieltag 14 (1).jpg;data/manual/pokemon_killlists.csv;https://docs.google.com/spreadsheets/d/1n9SmK-ccTCn8Jjhs4U2LKnibXY8PvuBtV3V9MCOURRA/edit#gid=0;https://docs.google.com/spreadsheets/d/1vJ-pioe3RZKSZ3LIGEA3FVTv_KEE_XKIQAXSIUNNd-Q/edit#gid=0
218,15,Mega-Bibor,megabibor,beedrill-mega,beedrillmega,RU,7,5,5,"S1, S2, S3, S4, S5",0,,4,3,picked,https://raw.githubusercontent.com/PokeAPI/pokeapi/master/data/v2/csv/pokemon_species_names.csv;https://raw.githubusercontent.com/PokeAPI/pokeapi/master/data/v2/csv/languages.csv;https://raw.githubusercontent.com/PokeAPI/pokeapi/master/data/v2/csv/pokemon.csv;https://raw.githubusercontent.com/PokeAPI/pokeapi/master/data/v2/csv/pokemon_forms.csv;https://raw.githubusercontent.com/PokeAPI/pokeapi/master/data/v2/csv/pokemon_form_names.csv;https://docs.google.com/spreadsheets/d/1FUsClf5qEny-BHY5Djp8rIwRJKBSJDvygJ8LBa62FEo/edit#gid=0;https://docs.google.com/spreadsheets/d/1JZpA-5XDldN2bjfvhvBPHYK-1AENETLnF1UxNEpWlNA/edit#gid=352888197;data/manual/team_pokemon_usage.csv;output/team-graphics/s4/Variant Vulpix - CrowdController.png;output/team-graphics/s5/Prekani.png;output/team-graphics/s3/GPL Teams Spieltag 14 (2).jpg;data/manual/pokemon_killlists.csv
219,306,Mega-Stolloss,megastolloss,aggron-mega,aggronmega,RU,7,5,3,"S1, S2, S6",0,,3,3,picked,https://raw.githubusercontent.com/PokeAPI/pokeapi/master/data/v2/csv/pokemon_species_names.csv;https://raw.githubusercontent.com/PokeAPI/pokeapi/master/data/v2/csv/languages.csv;https://raw.githubusercontent.com/PokeAPI/pokeapi/master/data/v2/csv/pokemon.csv;https://raw.githubusercontent.com/PokeAPI/pokeapi/master/data/v2/csv/pokemon_forms.csv;https://raw.githubusercontent.com/PokeAPI/pokeapi/master/data/v2/csv/pokemon_form_names.csv;https://docs.google.com/spreadsheets/d/1kiwDk4NgYoKb0Oo9yqzwl9HXHxuQ_0I5gkb1JtE57PI/edit#gid=0;https://docs.google.com/spreadsheets/d/1FUsClf5qEny-BHY5Djp8rIwRJKBSJDvygJ8LBa62FEo/edit#gid=0;https://docs.google.com/spreadsheets/d/11wxsKyCydVmDjp4kGLJAOLPM_LgwCLN2GYpbDQkNtkk/edit#gid=1588964432;https://docs.google.com/spreadsheets/d/1JZpA-5XDldN2bjfvhvBPHYK-1AENETLnF1UxNEpWlNA/edit#gid=352888197;https://docs.google.com/spreadsheets/d/1n9SmK-ccTCn8Jjhs4U2LKnibXY8PvuBtV3V9MCOURRA/edit#gid=0;https://docs.google.com/spreadsheets/d/1vJ-pioe3RZKSZ3LIGEA3FVTv_KEE_XKIQAXSIUNNd-Q/edit#gid=0
220,195,Morlord,morlord,Quagsire,quagsire,RU,7,5,4,"S1, S2, S3, S6",1,S2,4,4,picked,https://raw.githubusercontent.com/PokeAPI/pokeapi/master/data/v2/csv/pokemon_species_names.csv;https://raw.githubusercontent.com/PokeAPI/pokeapi/master/data/v2/csv/languages.csv;https://raw.githubusercontent.com/PokeAPI/pokeapi/master/data/v2/csv/pokemon.csv;https://raw.githubusercontent.com/PokeAPI/pokeapi/master/data/v2/csv/pokemon_forms.csv;https://raw.githubusercontent.com/PokeAPI/pokeapi/master/data/v2/csv/pokemon_form_names.csv;https://docs.google.com/spreadsheets/d/1kiwDk4NgYoKb0Oo9yqzwl9HXHxuQ_0I5gkb1JtE57PI/edit#gid=0;https://docs.google.com/spreadsheets/d/1JZpA-5XDldN2bjfvhvBPHYK-1AENETLnF1UxNEpWlNA/edit#gid=352888197;data/manual/team_pokemon_usage.csv;output/team-graphics/s3/GPL Teams Spieltag 14 (1).jpg;https://docs.google.com/spreadsheets/d/11wxsKyCydVmDjp4kGLJAOLPM_LgwCLN2GYpbDQkNtkk/edit#gid=1843013406;https://docs.google.com/spreadsheets/d/1n9SmK-ccTCn8Jjhs4U2LKnibXY8PvuBtV3V9MCOURRA/edit#gid=0;https://docs.google.com/spreadsheets/d/1vJ-pioe3RZKSZ3LIGEA3FVTv_KEE_XKIQAXSIUNNd-Q/edit#gid=0
221,800,Necrozma,necrozma,Necrozma,necrozma,RU,7,5,4,"S4, S6, S7, S8",0,,4,4,picked,https://raw.githubusercontent.com/PokeAPI/pokeapi/master/data/v2/csv/pokemon_species_names.csv;https://raw.githubusercontent.com/PokeAPI/pokeapi/master/data/v2/csv/languages.csv;https://raw.githubusercontent.com/PokeAPI/pokeapi/master/data/v2/csv/pokemon.csv;https://raw.githubusercontent.com/PokeAPI/pokeapi/master/data/v2/csv/pokemon_forms.csv;https://raw.githubusercontent.com/PokeAPI/pokeapi/master/data/v2/csv/pokemon_form_names.csv;https://docs.google.com/spreadsheets/d/1JZpA-5XDldN2bjfvhvBPHYK-1AENETLnF1UxNEpWlNA/edit#gid=352888197;data/manual/team_pokemon_usage.csv;output/team-graphics/s4/Schnittlauchs - PokeBazi.png;https://docs.google.com/spreadsheets/d/11wxsKyCydVmDjp4kGLJAOLPM_LgwCLN2GYpbDQkNtkk/edit#gid=654435343;https://docs.google.com/spreadsheets/d/1nwiq_ggEj7QePeZGMR2xoi0bEHJr_ZGO24YCRdt93No/edit#gid=857670931;https://docs.google.com/spreadsheets/d/1B2uTMvWlAHb7WlpupJV1A2Hbi3K3U1vCyoFV0wCapcw/edit#gid=26363830;https://docs.google.com/spreadsheets/d/1B2uTMvWlAHb7WlpupJV1A2Hbi3K3U1vCyoFV0wCapcw/edit#gid=1521895812
222,107,Nockchan,nockchan,Hitmonchan,hitmonchan,RU,7,5,4,"S4, S5, S8, S10",0,,4,4,picked,https://raw.githubusercontent.com/PokeAPI/pokeapi/master/data/v2/csv/pokemon_species_names.csv;https://raw.githubusercontent.com/PokeAPI/pokeapi/master/data/v2/csv/languages.csv;https://raw.githubusercontent.com/PokeAPI/pokeapi/master/data/v2/csv/pokemon.csv;https://raw.githubusercontent.com/PokeAPI/pokeapi/master/data/v2/csv/pokemon_forms.csv;https://raw.githubusercontent.com/PokeAPI/pokeapi/master/data/v2/csv/pokemon_form_names.csv;https://docs.google.com/spreadsheets/d/1JZpA-5XDldN2bjfvhvBPHYK-1AENETLnF1UxNEpWlNA/edit#gid=352888197;data/manual/team_pokemon_usage.csv;output/team-graphics/s4/Shocking Shaymins - MeLevies.png;output/team-graphics/s5/Energie Tobutz.png;https://docs.google.com/spreadsheets/d/1B2uTMvWlAHb7WlpupJV1A2Hbi3K3U1vCyoFV0wCapcw/edit#gid=1846395979;https://docs.google.com/spreadsheets/d/13smsrG2BGYxr_omJWcgr-sUDr39bvOJPNL5RPt4DSow/edit#gid=1934543062;https://docs.google.com/spreadsheets/d/1B2uTMvWlAHb7WlpupJV1A2Hbi3K3U1vCyoFV0wCapcw/edit#gid=1271313224
223,279,Pelipper,pelipper,Pelipper,pelipper,RU,7,5,3,"S3, S6, S9",0,,4,3,picked,https://raw.githubusercontent.com/PokeAPI/pokeapi/master/data/v2/csv/pokemon_species_names.csv;https://raw.githubusercontent.com/PokeAPI/pokeapi/master/data/v2/csv/languages.csv;https://raw.githubusercontent.com/PokeAPI/pokeapi/master/data/v2/csv/pokemon.csv;https://raw.githubusercontent.com/PokeAPI/pokeapi/master/data/v2/csv/pokemon_forms.csv;https://raw.githubusercontent.com/PokeAPI/pokeapi/master/data/v2/csv/pokemon_form_names.csv;https://docs.google.com/spreadsheets/d/11wxsKyCydVmDjp4kGLJAOLPM_LgwCLN2GYpbDQkNtkk/edit#gid=1843013406;https://docs.google.com/spreadsheets/d/1uo7-E_E2jbehB2hbBurpPayP_0fKY5sPZcFgZmfLydY/edit#gid=1526488506;https://docs.google.com/spreadsheets/d/1uo7-E_E2jbehB2hbBurpPayP_0fKY5sPZcFgZmfLydY/edit#gid=520178140;https://docs.google.com/spreadsheets/d/1uo7-E_E2jbehB2hbBurpPayP_0fKY5sPZcFgZmfLydY/edit#gid=1696255979;https://docs.google.com/spreadsheets/d/1JZpA-5XDldN2bjfvhvBPHYK-1AENETLnF1UxNEpWlNA/edit#gid=352888197;data/manual/pokemon_killlists.csv
224,766,Quartermak,quartermak,Passimian,passimian,RU,7,5,2,"S8, S9",0,,3,2,picked,https://raw.githubusercontent.com/PokeAPI/pokeapi/master/data/v2/csv/pokemon_species_names.csv;https://raw.githubusercontent.com/PokeAPI/pokeapi/master/data/v2/csv/languages.csv;https://raw.githubusercontent.com/PokeAPI/pokeapi/master/data/v2/csv/pokemon.csv;https://raw.githubusercontent.com/PokeAPI/pokeapi/master/data/v2/csv/pokemon_forms.csv;https://raw.githubusercontent.com/PokeAPI/pokeapi/master/data/v2/csv/pokemon_form_names.csv;https://docs.google.com/spreadsheets/d/1B2uTMvWlAHb7WlpupJV1A2Hbi3K3U1vCyoFV0wCapcw/edit#gid=26363830;https://docs.google.com/spreadsheets/d/1uo7-E_E2jbehB2hbBurpPayP_0fKY5sPZcFgZmfLydY/edit#gid=1526488506;https://docs.google.com/spreadsheets/d/1uo7-E_E2jbehB2hbBurpPayP_0fKY5sPZcFgZmfLydY/edit#gid=520178140;https://docs.google.com/spreadsheets/d/1uo7-E_E2jbehB2hbBurpPayP_0fKY5sPZcFgZmfLydY/edit#gid=1696255979;https://docs.google.com/spreadsheets/d/1B2uTMvWlAHb7WlpupJV1A2Hbi3K3U1vCyoFV0wCapcw/edit#gid=1521895812
225,143,Relaxo,relaxo,Snorlax,snorlax,RU,7,5,5,"S2, S3, S4, S5, S10",0,,4,5,picked,https://raw.githubusercontent.com/PokeAPI/pokeapi/master/data/v2/csv/pokemon_species_names.csv;https://raw.githubusercontent.com/PokeAPI/pokeapi/master/data/v2/csv/languages.csv;https://raw.githubusercontent.com/PokeAPI/pokeapi/master/data/v2/csv/pokemon.csv;https://raw.githubusercontent.com/PokeAPI/pokeapi/master/data/v2/csv/pokemon_forms.csv;https://raw.githubusercontent.com/PokeAPI/pokeapi/master/data/v2/csv/pokemon_form_names.csv;https://docs.google.com/spreadsheets/d/1JZpA-5XDldN2bjfvhvBPHYK-1AENETLnF1UxNEpWlNA/edit#gid=352888197;data/manual/team_pokemon_usage.csv;output/team-graphics/s3/GPL Teams Spieltag 14 (1).jpg;output/team-graphics/s4/Flexing Masskito - RegiBang.png;https://docs.google.com/spreadsheets/d/13smsrG2BGYxr_omJWcgr-sUDr39bvOJPNL5RPt4DSow/edit#gid=1934543062;data/manual/pokemon_killlists.csv;https://docs.google.com/spreadsheets/d/1vJ-pioe3RZKSZ3LIGEA3FVTv_KEE_XKIQAXSIUNNd-Q/edit#gid=0
226,561,Symvolara,symvolara,Sigilyph,sigilyph,RU,7,5,2,"S1, S7",0,,2,3,picked,https://raw.githubusercontent.com/PokeAPI/pokeapi/master/data/v2/csv/pokemon_species_names.csv;https://raw.githubusercontent.com/PokeAPI/pokeapi/master/data/v2/csv/languages.csv;https://raw.githubusercontent.com/PokeAPI/pokeapi/master/data/v2/csv/pokemon.csv;https://raw.githubusercontent.com/PokeAPI/pokeapi/master/data/v2/csv/pokemon_forms.csv;https://raw.githubusercontent.com/PokeAPI/pokeapi/master/data/v2/csv/pokemon_form_names.csv;https://docs.google.com/spreadsheets/d/1kiwDk4NgYoKb0Oo9yqzwl9HXHxuQ_0I5gkb1JtE57PI/edit#gid=0;https://docs.google.com/spreadsheets/d/1nwiq_ggEj7QePeZGMR2xoi0bEHJr_ZGO24YCRdt93No/edit#gid=857670931;https://docs.google.com/spreadsheets/d/1JZpA-5XDldN2bjfvhvBPHYK-1AENETLnF1UxNEpWlNA/edit#gid=352888197;https://docs.google.com/spreadsheets/d/1n9SmK-ccTCn8Jjhs4U2LKnibXY8PvuBtV3V9MCOURRA/edit#gid=0
227,128,Tauros,tauros,Tauros,tauros,RU,7,5,4,"S3, S4, S6, S8",2,"S4, S8",3,4,picked,https://raw.githubusercontent.com/PokeAPI/pokeapi/master/data/v2/csv/pokemon_species_names.csv;https://raw.githubusercontent.com/PokeAPI/pokeapi/master/data/v2/csv/languages.csv;https://raw.githubusercontent.com/PokeAPI/pokeapi/master/data/v2/csv/pokemon.csv;https://raw.githubusercontent.com/PokeAPI/pokeapi/master/data/v2/csv/pokemon_forms.csv;https://raw.githubusercontent.com/PokeAPI/pokeapi/master/data/v2/csv/pokemon_form_names.csv;https://docs.google.com/spreadsheets/d/1JZpA-5XDldN2bjfvhvBPHYK-1AENETLnF1UxNEpWlNA/edit#gid=352888197;data/manual/team_pokemon_usage.csv;output/team-graphics/s3/GPL Teams Spieltag 14 (1).jpg;output/team-graphics/s4/Ritter der Tapukokosnuss - FullLifeGames.png;https://docs.google.com/spreadsheets/d/11wxsKyCydVmDjp4kGLJAOLPM_LgwCLN2GYpbDQkNtkk/edit#gid=1843013406;https://docs.google.com/spreadsheets/d/1B2uTMvWlAHb7WlpupJV1A2Hbi3K3U1vCyoFV0wCapcw/edit#gid=26363830;https://docs.google.com/spreadsheets/d/1B2uTMvWlAHb7WlpupJV1A2Hbi3K3U1vCyoFV0wCapcw/edit#gid=1521895812
228,9,Turtok,turtok,Blastoise,blastoise,RU,7,5,4,"S1, S4, S7, S10",0,,4,3,picked,https://raw.githubusercontent.com/PokeAPI/pokeapi/master/data/v2/csv/pokemon_species_names.csv;https://raw.githubusercontent.com/PokeAPI/pokeapi/master/data/v2/csv/languages.csv;https://raw.githubusercontent.com/PokeAPI/pokeapi/master/data/v2/csv/pokemon.csv;https://raw.githubusercontent.com/PokeAPI/pokeapi/master/data/v2/csv/pokemon_forms.csv;https://raw.githubusercontent.com/PokeAPI/pokeapi/master/data/v2/csv/pokemon_form_names.csv;https://docs.google.com/spreadsheets/d/1nwiq_ggEj7QePeZGMR2xoi0bEHJr_ZGO24YCRdt93No/edit#gid=857670931;https://docs.google.com/spreadsheets/d/13smsrG2BGYxr_omJWcgr-sUDr39bvOJPNL5RPt4DSow/edit#gid=71150222;https://docs.google.com/spreadsheets/d/13smsrG2BGYxr_omJWcgr-sUDr39bvOJPNL5RPt4DSow/edit#gid=1934543062;https://docs.google.com/spreadsheets/d/1JZpA-5XDldN2bjfvhvBPHYK-1AENETLnF1UxNEpWlNA/edit#gid=352888197;data/manual/pokemon_killlists.csv
229,112,Rizeros,rizeros,Rhydon,rhydon,NFE,14,5,4,"S3, S6, S7, S10",0,,3,4,picked,https://raw.githubusercontent.com/PokeAPI/pokeapi/master/data/v2/csv/pokemon_species_names.csv;https://raw.githubusercontent.com/PokeAPI/pokeapi/master/data/v2/csv/languages.csv;https://raw.githubusercontent.com/PokeAPI/pokeapi/master/data/v2/csv/pokemon.csv;https://raw.githubusercontent.com/PokeAPI/pokeapi/master/data/v2/csv/pokemon_forms.csv;https://raw.githubusercontent.com/PokeAPI/pokeapi/master/data/v2/csv/pokemon_form_names.csv;https://docs.google.com/spreadsheets/d/1JZpA-5XDldN2bjfvhvBPHYK-1AENETLnF1UxNEpWlNA/edit#gid=352888197;data/manual/team_pokemon_usage.csv;output/team-graphics/s3/GPL Teams Spieltag 14 (2).jpg;https://docs.google.com/spreadsheets/d/11wxsKyCydVmDjp4kGLJAOLPM_LgwCLN2GYpbDQkNtkk/edit#gid=1588964432;https://docs.google.com/spreadsheets/d/1nwiq_ggEj7QePeZGMR2xoi0bEHJr_ZGO24YCRdt93No/edit#gid=857670931;https://docs.google.com/spreadsheets/d/13smsrG2BGYxr_omJWcgr-sUDr39bvOJPNL5RPt4DSow/edit#gid=71150222;https://docs.google.com/spreadsheets/d/13smsrG2BGYxr_omJWcgr-sUDr39bvOJPNL5RPt4DSow/edit#gid=1934543062
230,445,Mega-Knakrack,megaknakrack,garchomp-mega,garchompmega,(OU),99,5,3,"S1, S2, S3",0,,3,3,picked,https://raw.githubusercontent.com/PokeAPI/pokeapi/master/data/v2/csv/pokemon_species_names.csv;https://raw.githubusercontent.com/PokeAPI/pokeapi/master/data/v2/csv/languages.csv;https://raw.githubusercontent.com/PokeAPI/pokeapi/master/data/v2/csv/pokemon.csv;https://raw.githubusercontent.com/PokeAPI/pokeapi/master/data/v2/csv/pokemon_forms.csv;https://raw.githubusercontent.com/PokeAPI/pokeapi/master/data/v2/csv/pokemon_form_names.csv;https://docs.google.com/spreadsheets/d/1FUsClf5qEny-BHY5Djp8rIwRJKBSJDvygJ8LBa62FEo/edit#gid=0;https://docs.google.com/spreadsheets/d/1JZpA-5XDldN2bjfvhvBPHYK-1AENETLnF1UxNEpWlNA/edit#gid=352888197;data/manual/team_pokemon_usage.csv;output/team-graphics/s3/GPL Teams Spieltag 14 (1).jpg;data/manual/pokemon_killlists.csv;https://docs.google.com/spreadsheets/d/1n9SmK-ccTCn8Jjhs4U2LKnibXY8PvuBtV3V9MCOURRA/edit#gid=0;https://docs.google.com/spreadsheets/d/1vJ-pioe3RZKSZ3LIGEA3FVTv_KEE_XKIQAXSIUNNd-Q/edit#gid=0;https://docs.google.com/spreadsheets/d/1kXhNwKGrqQTwSal0NxpZ9h0yo6u_mQwhwg4vGVwxMX4/edit#gid=0
231,130,Garados,garados,Gyarados,gyarados,UUBL,4,4,4,"S1, S3, S5, S10",0,,4,4,picked,https://raw.githubusercontent.com/PokeAPI/pokeapi/master/data/v2/csv/pokemon_species_names.csv;https://raw.githubusercontent.com/PokeAPI/pokeapi/master/data/v2/csv/languages.csv;https://raw.githubusercontent.com/PokeAPI/pokeapi/master/data/v2/csv/pokemon.csv;https://raw.githubusercontent.com/PokeAPI/pokeapi/master/data/v2/csv/pokemon_forms.csv;https://raw.githubusercontent.com/PokeAPI/pokeapi/master/data/v2/csv/pokemon_form_names.csv;https://docs.google.com/spreadsheets/d/1JZpA-5XDldN2bjfvhvBPHYK-1AENETLnF1UxNEpWlNA/edit#gid=352888197;data/manual/team_pokemon_usage.csv;output/team-graphics/s3/GPL Teams Spieltag 14 (2).jpg;output/team-graphics/s5/Cabgosport.png;https://docs.google.com/spreadsheets/d/13smsrG2BGYxr_omJWcgr-sUDr39bvOJPNL5RPt4DSow/edit#gid=1934543062;https://docs.google.com/spreadsheets/d/1n9SmK-ccTCn8Jjhs4U2LKnibXY8PvuBtV3V9MCOURRA/edit#gid=0
232,130,Mega-Garados,megagarados,gyarados-mega,gyaradosmega,UUBL,4,4,4,"S1, S2, S4, S6",0,,4,3,picked,https://raw.githubusercontent.com/PokeAPI/pokeapi/master/data/v2/csv/pokemon_species_names.csv;https://raw.githubusercontent.com/PokeAPI/pokeapi/master/data/v2/csv/languages.csv;https://raw.githubusercontent.com/PokeAPI/pokeapi/master/data/v2/csv/pokemon.csv;https://raw.githubusercontent.com/PokeAPI/pokeapi/master/data/v2/csv/pokemon_forms.csv;https://raw.githubusercontent.com/PokeAPI/pokeapi/master/data/v2/csv/pokemon_form_names.csv;https://docs.google.com/spreadsheets/d/1odsNRAZStW1GzmpXwmg27dqjOlch7w8syZOZ5Z2OQRg/edit#gid=0;https://docs.google.com/spreadsheets/d/1JZpA-5XDldN2bjfvhvBPHYK-1AENETLnF1UxNEpWlNA/edit#gid=352888197;data/manual/team_pokemon_usage.csv;output/team-graphics/s4/Suicide Squad - CaptainCrinch.png;https://docs.google.com/spreadsheets/d/11wxsKyCydVmDjp4kGLJAOLPM_LgwCLN2GYpbDQkNtkk/edit#gid=654435343;https://docs.google.com/spreadsheets/d/1n9SmK-ccTCn8Jjhs4U2LKnibXY8PvuBtV3V9MCOURRA/edit#gid=0
233,450,Hippoterus,hippoterus,Hippowdon,hippowdon,UU,5,4,3,"S3, S5, S6",0,,3,3,picked,https://raw.githubusercontent.com/PokeAPI/pokeapi/master/data/v2/csv/pokemon_species_names.csv;https://raw.githubusercontent.com/PokeAPI/pokeapi/master/data/v2/csv/languages.csv;https://raw.githubusercontent.com/PokeAPI/pokeapi/master/data/v2/csv/pokemon.csv;https://raw.githubusercontent.com/PokeAPI/pokeapi/master/data/v2/csv/pokemon_forms.csv;https://raw.githubusercontent.com/PokeAPI/pokeapi/master/data/v2/csv/pokemon_form_names.csv;https://docs.google.com/spreadsheets/d/1JZpA-5XDldN2bjfvhvBPHYK-1AENETLnF1UxNEpWlNA/edit#gid=352888197;data/manual/team_pokemon_usage.csv;output/team-graphics/s3/GPL Teams Spieltag 14 (1).jpg;output/team-graphics/s5/Howling Commandos.png;https://docs.google.com/spreadsheets/d/11wxsKyCydVmDjp4kGLJAOLPM_LgwCLN2GYpbDQkNtkk/edit#gid=1843013406;https://docs.google.com/spreadsheets/d/1kXhNwKGrqQTwSal0NxpZ9h0yo6u_mQwhwg4vGVwxMX4/edit#gid=0
234,497,Serpiroyal,serpiroyal,Serperior,serperior,UU,5,4,3,"S3, S5, S6",0,,4,4,picked,https://raw.githubusercontent.com/PokeAPI/pokeapi/master/data/v2/csv/pokemon_species_names.csv;https://raw.githubusercontent.com/PokeAPI/pokeapi/master/data/v2/csv/languages.csv;https://raw.githubusercontent.com/PokeAPI/pokeapi/master/data/v2/csv/pokemon.csv;https://raw.githubusercontent.com/PokeAPI/pokeapi/master/data/v2/csv/pokemon_forms.csv;https://raw.githubusercontent.com/PokeAPI/pokeapi/master/data/v2/csv/pokemon_form_names.csv;https://docs.google.com/spreadsheets/d/1JZpA-5XDldN2bjfvhvBPHYK-1AENETLnF1UxNEpWlNA/edit#gid=352888197;data/manual/team_pokemon_usage.csv;output/team-graphics/s3/GPL Teams Spieltag 14 (1).jpg;output/team-graphics/s5/Triyolotree.png;https://docs.google.com/spreadsheets/d/11wxsKyCydVmDjp4kGLJAOLPM_LgwCLN2GYpbDQkNtkk/edit#gid=1588964432;https://docs.google.com/spreadsheets/d/11wxsKyCydVmDjp4kGLJAOLPM_LgwCLN2GYpbDQkNtkk/edit#gid=1843013406
235,105,Alola Knogga,alolaknogga,marowak-alola,marowakalola,RU,7,4,3,"S4, S5, S8",0,,2,2,picked,https://raw.githubusercontent.com/PokeAPI/pokeapi/master/data/v2/csv/pokemon_species_names.csv;https://raw.githubusercontent.com/PokeAPI/pokeapi/master/data/v2/csv/languages.csv;https://raw.githubusercontent.com/PokeAPI/pokeapi/master/data/v2/csv/pokemon.csv;https://raw.githubusercontent.com/PokeAPI/pokeapi/master/data/v2/csv/pokemon_forms.csv;https://raw.githubusercontent.com/PokeAPI/pokeapi/master/data/v2/csv/pokemon_form_names.csv;https://docs.google.com/spreadsheets/d/1JZpA-5XDldN2bjfvhvBPHYK-1AENETLnF1UxNEpWlNA/edit#gid=352888197;data/manual/team_pokemon_usage.csv;output/team-graphics/s4/Variant Vulpix - CrowdController.png;output/team-graphics/s5/SoulStealer.png;https://docs.google.com/spreadsheets/d/1B2uTMvWlAHb7WlpupJV1A2Hbi3K3U1vCyoFV0wCapcw/edit#gid=1846395979;https://docs.google.com/spreadsheets/d/1B2uTMvWlAHb7WlpupJV1A2Hbi3K3U1vCyoFV0wCapcw/edit#gid=1271313224
236,103,Alola Kokowei,alolakokowei,exeggutor-alola,exeggutoralola,RU,7,4,1,S8,0,,2,2,picked,https://raw.githubusercontent.com/PokeAPI/pokeapi/master/data/v2/csv/pokemon_species_names.csv;https://raw.githubusercontent.com/PokeAPI/pokeapi/master/data/v2/csv/languages.csv;https://raw.githubusercontent.com/PokeAPI/pokeapi/master/data/v2/csv/pokemon.csv;https://raw.githubusercontent.com/PokeAPI/pokeapi/master/data/v2/csv/pokemon_forms.csv;https://raw.githubusercontent.com/PokeAPI/pokeapi/master/data/v2/csv/pokemon_form_names.csv;https://docs.google.com/spreadsheets/d/1B2uTMvWlAHb7WlpupJV1A2Hbi3K3U1vCyoFV0wCapcw/edit#gid=26363830;https://docs.google.com/spreadsheets/d/1B2uTMvWlAHb7WlpupJV1A2Hbi3K3U1vCyoFV0wCapcw/edit#gid=1846395979;https://docs.google.com/spreadsheets/d/1B2uTMvWlAHb7WlpupJV1A2Hbi3K3U1vCyoFV0wCapcw/edit#gid=1521895812;https://docs.google.com/spreadsheets/d/1B2uTMvWlAHb7WlpupJV1A2Hbi3K3U1vCyoFV0wCapcw/edit#gid=1271313224
237,89,Alola Sleimok,alolasleimok,muk-alola,mukalola,RU,7,4,3,"S5, S6, S10",0,,3,3,picked,https://raw.githubusercontent.com/PokeAPI/pokeapi/master/data/v2/csv/pokemon_species_names.csv;https://raw.githubusercontent.com/PokeAPI/pokeapi/master/data/v2/csv/languages.csv;https://raw.githubusercontent.com/PokeAPI/pokeapi/master/data/v2/csv/pokemon.csv;https://raw.githubusercontent.com/PokeAPI/pokeapi/master/data/v2/csv/pokemon_forms.csv;https://raw.githubusercontent.com/PokeAPI/pokeapi/master/data/v2/csv/pokemon_form_names.csv;https://docs.google.com/spreadsheets/d/1JZpA-5XDldN2bjfvhvBPHYK-1AENETLnF1UxNEpWlNA/edit#gid=352888197;data/manual/team_pokemon_usage.csv;output/team-graphics/s5/Crinchilla.png;https://docs.google.com/spreadsheets/d/11wxsKyCydVmDjp4kGLJAOLPM_LgwCLN2GYpbDQkNtkk/edit#gid=1588964432;https://docs.google.com/spreadsheets/d/13smsrG2BGYxr_omJWcgr-sUDr39bvOJPNL5RPt4DSow/edit#gid=71150222;https://docs.google.com/spreadsheets/d/13smsrG2BGYxr_omJWcgr-sUDr39bvOJPNL5RPt4DSow/edit#gid=1953790464
238,424,Ambidiffel,ambidiffel,Ambipom,ambipom,RU,7,4,3,"S3, S6, S10",0,,3,3,picked,https://raw.githubusercontent.com/PokeAPI/pokeapi/master/data/v2/csv/pokemon_species_names.csv;https://raw.githubusercontent.com/PokeAPI/pokeapi/master/data/v2/csv/languages.csv;https://raw.githubusercontent.com/PokeAPI/pokeapi/master/data/v2/csv/pokemon.csv;https://raw.githubusercontent.com/PokeAPI/pokeapi/master/data/v2/csv/pokemon_forms.csv;https://raw.githubusercontent.com/PokeAPI/pokeapi/master/data/v2/csv/pokemon_form_names.csv;https://docs.google.com/spreadsheets/d/1JZpA-5XDldN2bjfvhvBPHYK-1AENETLnF1UxNEpWlNA/edit#gid=352888197;data/manual/team_pokemon_usage.csv;output/team-graphics/s3/GPL Teams Spieltag 14 (1).jpg;https://docs.google.com/spreadsheets/d/11wxsKyCydVmDjp4kGLJAOLPM_LgwCLN2GYpbDQkNtkk/edit#gid=1588964432;https://docs.google.com/spreadsheets/d/13smsrG2BGYxr_omJWcgr-sUDr39bvOJPNL5RPt4DSow/edit#gid=71150222;https://docs.google.com/spreadsheets/d/13smsrG2BGYxr_omJWcgr-sUDr39bvOJPNL5RPt4DSow/edit#gid=1934543062
239,752,Aranestro,aranestro,Araquanid,araquanid,RU,7,4,1,S8,0,,2,2,picked,https://raw.githubusercontent.com/PokeAPI/pokeapi/master/data/v2/csv/pokemon_species_names.csv;https://raw.githubusercontent.com/PokeAPI/pokeapi/master/data/v2/csv/languages.csv;https://raw.githubusercontent.com/PokeAPI/pokeapi/master/data/v2/csv/pokemon.csv;https://raw.githubusercontent.com/PokeAPI/pokeapi/master/data/v2/csv/pokemon_forms.csv;https://raw.githubusercontent.com/PokeAPI/pokeapi/master/data/v2/csv/pokemon_form_names.csv;https://docs.google.com/spreadsheets/d/1B2uTMvWlAHb7WlpupJV1A2Hbi3K3U1vCyoFV0wCapcw/edit#gid=26363830;https://docs.google.com/spreadsheets/d/1B2uTMvWlAHb7WlpupJV1A2Hbi3K3U1vCyoFV0wCapcw/edit#gid=1846395979;https://docs.google.com/spreadsheets/d/1B2uTMvWlAHb7WlpupJV1A2Hbi3K3U1vCyoFV0wCapcw/edit#gid=1521895812;https://docs.google.com/spreadsheets/d/1B2uTMvWlAHb7WlpupJV1A2Hbi3K3U1vCyoFV0wCapcw/edit#gid=1271313224
240,211,Baldorfish,baldorfish,Qwilfish,qwilfish,RU,7,4,3,"S5, S7, S8",0,,3,3,picked,https://raw.githubusercontent.com/PokeAPI/pokeapi/master/data/v2/csv/pokemon_species_names.csv;https://raw.githubusercontent.com/PokeAPI/pokeapi/master/data/v2/csv/languages.csv;https://raw.githubusercontent.com/PokeAPI/pokeapi/master/data/v2/csv/pokemon.csv;https://raw.githubusercontent.com/PokeAPI/pokeapi/master/data/v2/csv/pokemon_forms.csv;https://raw.githubusercontent.com/PokeAPI/pokeapi/master/data/v2/csv/pokemon_form_names.csv;https://docs.google.com/spreadsheets/d/1JZpA-5XDldN2bjfvhvBPHYK-1AENETLnF1UxNEpWlNA/edit#gid=352888197;data/manual/team_pokemon_usage.csv;output/team-graphics/s5/Howling Commandos.png;https://docs.google.com/spreadsheets/d/1nwiq_ggEj7QePeZGMR2xoi0bEHJr_ZGO24YCRdt93No/edit#gid=857670931;https://docs.google.com/spreadsheets/d/1B2uTMvWlAHb7WlpupJV1A2Hbi3K3U1vCyoFV0wCapcw/edit#gid=1846395979;https://docs.google.com/spreadsheets/d/1B2uTMvWlAHb7WlpupJV1A2Hbi3K3U1vCyoFV0wCapcw/edit#gid=1271313224
241,652,Brigaron,brigaron,Chesnaught,chesnaught,RU,7,4,2,"S1, S2",0,,3,2,picked,https://raw.githubusercontent.com/PokeAPI/pokeapi/master/data/v2/csv/pokemon_species_names.csv;https://raw.githubusercontent.com/PokeAPI/pokeapi/master/data/v2/csv/languages.csv;https://raw.githubusercontent.com/PokeAPI/pokeapi/master/data/v2/csv/pokemon.csv;https://raw.githubusercontent.com/PokeAPI/pokeapi/master/data/v2/csv/pokemon_forms.csv;https://raw.githubusercontent.com/PokeAPI/pokeapi/master/data/v2/csv/pokemon_form_names.csv;https://docs.google.com/spreadsheets/d/1FUsClf5qEny-BHY5Djp8rIwRJKBSJDvygJ8LBa62FEo/edit#gid=0;https://docs.google.com/spreadsheets/d/1JZpA-5XDldN2bjfvhvBPHYK-1AENETLnF1UxNEpWlNA/edit#gid=352888197;https://docs.google.com/spreadsheets/d/1vJ-pioe3RZKSZ3LIGEA3FVTv_KEE_XKIQAXSIUNNd-Q/edit#gid=0
242,589,Cavalanzas,cavalanzas,Escavalier,escavalier,RU,7,4,3,"S1, S5, S7",0,,3,3,picked,https://raw.githubusercontent.com/PokeAPI/pokeapi/master/data/v2/csv/pokemon_species_names.csv;https://raw.githubusercontent.com/PokeAPI/pokeapi/master/data/v2/csv/languages.csv;https://raw.githubusercontent.com/PokeAPI/pokeapi/master/data/v2/csv/pokemon.csv;https://raw.githubusercontent.com/PokeAPI/pokeapi/master/data/v2/csv/pokemon_forms.csv;https://raw.githubusercontent.com/PokeAPI/pokeapi/master/data/v2/csv/pokemon_form_names.csv;https://docs.google.com/spreadsheets/d/1kiwDk4NgYoKb0Oo9yqzwl9HXHxuQ_0I5gkb1JtE57PI/edit#gid=0;https://docs.google.com/spreadsheets/d/1JZpA-5XDldN2bjfvhvBPHYK-1AENETLnF1UxNEpWlNA/edit#gid=352888197;data/manual/team_pokemon_usage.csv;output/team-graphics/s5/Cabgosport.png;https://docs.google.com/spreadsheets/d/1nwiq_ggEj7QePeZGMR2xoi0bEHJr_ZGO24YCRdt93No/edit#gid=857670931;https://docs.google.com/spreadsheets/d/1n9SmK-ccTCn8Jjhs4U2LKnibXY8PvuBtV3V9MCOURRA/edit#gid=0
243,655,Fennexis,fennexis,Delphox,delphox,RU,7,4,3,"S1, S5, S6",0,,3,3,picked,https://raw.githubusercontent.com/PokeAPI/pokeapi/master/data/v2/csv/pokemon_species_names.csv;https://raw.githubusercontent.com/PokeAPI/pokeapi/master/data/v2/csv/languages.csv;https://raw.githubusercontent.com/PokeAPI/pokeapi/master/data/v2/csv/pokemon.csv;https://raw.githubusercontent.com/PokeAPI/pokeapi/master/data/v2/csv/pokemon_forms.csv;https://raw.githubusercontent.com/PokeAPI/pokeapi/master/data/v2/csv/pokemon_form_names.csv;https://docs.google.com/spreadsheets/d/1kiwDk4NgYoKb0Oo9yqzwl9HXHxuQ_0I5gkb1JtE57PI/edit#gid=0;https://docs.google.com/spreadsheets/d/11wxsKyCydVmDjp4kGLJAOLPM_LgwCLN2GYpbDQkNtkk/edit#gid=1588964432;https://docs.google.com/spreadsheets/d/1JZpA-5XDldN2bjfvhvBPHYK-1AENETLnF1UxNEpWlNA/edit#gid=352888197;data/manual/pokemon_killlists.csv;https://docs.google.com/spreadsheets/d/1n9SmK-ccTCn8Jjhs4U2LKnibXY8PvuBtV3V9MCOURRA/edit#gid=0
244,303,Flunkifer,flunkifer,Mawile,mawile,RU,7,4,3,"S4, S7, S8",1,S8,3,3,picked,https://raw.githubusercontent.com/PokeAPI/pokeapi/master/data/v2/csv/pokemon_species_names.csv;https://raw.githubusercontent.com/PokeAPI/pokeapi/master/data/v2/csv/languages.csv;https://raw.githubusercontent.com/PokeAPI/pokeapi/master/data/v2/csv/pokemon.csv;https://raw.githubusercontent.com/PokeAPI/pokeapi/master/data/v2/csv/pokemon_forms.csv;https://raw.githubusercontent.com/PokeAPI/pokeapi/master/data/v2/csv/pokemon_form_names.csv;https://docs.google.com/spreadsheets/d/1JZpA-5XDldN2bjfvhvBPHYK-1AENETLnF1UxNEpWlNA/edit#gid=352888197;data/manual/team_pokemon_usage.csv;output/team-graphics/s4/Schnittlauchs - PokeBazi.png;https://docs.google.com/spreadsheets/d/1nwiq_ggEj7QePeZGMR2xoi0bEHJr_ZGO24YCRdt93No/edit#gid=857670931;https://docs.google.com/spreadsheets/d/1B2uTMvWlAHb7WlpupJV1A2Hbi3K3U1vCyoFV0wCapcw/edit#gid=26363830;https://docs.google.com/spreadsheets/d/1B2uTMvWlAHb7WlpupJV1A2Hbi3K3U1vCyoFV0wCapcw/edit#gid=1521895812
245,80,Galar Lahmus,galarlahmus,slowbro-galar,slowbrogalar,RU,7,4,2,"S9, S10",0,,3,2,picked,https://raw.githubusercontent.com/PokeAPI/pokeapi/master/data/v2/csv/pokemon_species_names.csv;https://raw.githubusercontent.com/PokeAPI/pokeapi/master/data/v2/csv/languages.csv;https://raw.githubusercontent.com/PokeAPI/pokeapi/master/data/v2/csv/pokemon.csv;https://raw.githubusercontent.com/PokeAPI/pokeapi/master/data/v2/csv/pokemon_forms.csv;https://raw.githubusercontent.com/PokeAPI/pokeapi/master/data/v2/csv/pokemon_form_names.csv;https://docs.google.com/spreadsheets/d/1uo7-E_E2jbehB2hbBurpPayP_0fKY5sPZcFgZmfLydY/edit#gid=1526488506;https://docs.google.com/spreadsheets/d/1uo7-E_E2jbehB2hbBurpPayP_0fKY5sPZcFgZmfLydY/edit#gid=520178140;https://docs.google.com/spreadsheets/d/1uo7-E_E2jbehB2hbBurpPayP_0fKY5sPZcFgZmfLydY/edit#gid=1696255979;https://docs.google.com/spreadsheets/d/13smsrG2BGYxr_omJWcgr-sUDr39bvOJPNL5RPt4DSow/edit#gid=1934543062
246,45,Giflor,giflor,Vileplume,vileplume,RU,7,4,3,"S6, S7, S10",1,S10,3,3,picked,https://raw.githubusercontent.com/PokeAPI/pokeapi/master/data/v2/csv/pokemon_species_names.csv;https://raw.githubusercontent.com/PokeAPI/pokeapi/master/data/v2/csv/languages.csv;https://raw.githubusercontent.com/PokeAPI/pokeapi/master/data/v2/csv/pokemon.csv;https://raw.githubusercontent.com/PokeAPI/pokeapi/master/data/v2/csv/pokemon_forms.csv;https://raw.githubusercontent.com/PokeAPI/pokeapi/master/data/v2/csv/pokemon_form_names.csv;https://docs.google.com/spreadsheets/d/11wxsKyCydVmDjp4kGLJAOLPM_LgwCLN2GYpbDQkNtkk/edit#gid=1843013406;https://docs.google.com/spreadsheets/d/1nwiq_ggEj7QePeZGMR2xoi0bEHJr_ZGO24YCRdt93No/edit#gid=857670931;https://docs.google.com/spreadsheets/d/13smsrG2BGYxr_omJWcgr-sUDr39bvOJPNL5RPt4DSow/edit#gid=71150222;https://docs.google.com/spreadsheets/d/13smsrG2BGYxr_omJWcgr-sUDr39bvOJPNL5RPt4DSow/edit#gid=1934543062
247,160,Impergator,impergator,Feraligatr,feraligatr,RU,7,4,3,"S2, S3, S6",0,,4,3,picked,https://raw.githubusercontent.com/PokeAPI/pokeapi/master/data/v2/csv/pokemon_species_names.csv;https://raw.githubusercontent.com/PokeAPI/pokeapi/master/data/v2/csv/languages.csv;https://raw.githubusercontent.com/PokeAPI/pokeapi/master/data/v2/csv/pokemon.csv;https://raw.githubusercontent.com/PokeAPI/pokeapi/master/data/v2/csv/pokemon_forms.csv;https://raw.githubusercontent.com/PokeAPI/pokeapi/master/data/v2/csv/pokemon_form_names.csv;https://docs.google.com/spreadsheets/d/1odsNRAZStW1GzmpXwmg27dqjOlch7w8syZOZ5Z2OQRg/edit#gid=0;https://docs.google.com/spreadsheets/d/1JZpA-5XDldN2bjfvhvBPHYK-1AENETLnF1UxNEpWlNA/edit#gid=352888197;data/manual/team_pokemon_usage.csv;output/team-graphics/s3/GPL Teams Spieltag 14 (1).jpg;https://docs.google.com/spreadsheets/d/11wxsKyCydVmDjp4kGLJAOLPM_LgwCLN2GYpbDQkNtkk/edit#gid=1588964432;https://docs.google.com/spreadsheets/d/11wxsKyCydVmDjp4kGLJAOLPM_LgwCLN2GYpbDQkNtkk/edit#gid=1843013406
248,880,Lectragon,lectragon,Dracozolt,dracozolt,RU,7,4,2,"S7, S9",0,,3,2,picked,https://raw.githubusercontent.com/PokeAPI/pokeapi/master/data/v2/csv/pokemon_species_names.csv;https://raw.githubusercontent.com/PokeAPI/pokeapi/master/data/v2/csv/languages.csv;https://raw.githubusercontent.com/PokeAPI/pokeapi/master/data/v2/csv/pokemon.csv;https://raw.githubusercontent.com/PokeAPI/pokeapi/master/data/v2/csv/pokemon_forms.csv;https://raw.githubusercontent.com/PokeAPI/pokeapi/master/data/v2/csv/pokemon_form_names.csv;https://docs.google.com/spreadsheets/d/1nwiq_ggEj7QePeZGMR2xoi0bEHJr_ZGO24YCRdt93No/edit#gid=857670931;https://docs.google.com/spreadsheets/d/1uo7-E_E2jbehB2hbBurpPayP_0fKY5sPZcFgZmfLydY/edit#gid=1526488506;https://docs.google.com/spreadsheets/d/1uo7-E_E2jbehB2hbBurpPayP_0fKY5sPZcFgZmfLydY/edit#gid=520178140;https://docs.google.com/spreadsheets/d/1uo7-E_E2jbehB2hbBurpPayP_0fKY5sPZcFgZmfLydY/edit#gid=1696255979
249,467,Magbrant,magbrant,Magmortar,magmortar,RU,7,4,3,"S2, S3, S5",1,S5,3,3,picked,https://raw.githubusercontent.com/PokeAPI/pokeapi/master/data/v2/csv/pokemon_species_names.csv;https://raw.githubusercontent.com/PokeAPI/pokeapi/master/data/v2/csv/languages.csv;https://raw.githubusercontent.com/PokeAPI/pokeapi/master/data/v2/csv/pokemon.csv;https://raw.githubusercontent.com/PokeAPI/pokeapi/master/data/v2/csv/pokemon_forms.csv;https://raw.githubusercontent.com/PokeAPI/pokeapi/master/data/v2/csv/pokemon_form_names.csv;https://docs.google.com/spreadsheets/d/1FUsClf5qEny-BHY5Djp8rIwRJKBSJDvygJ8LBa62FEo/edit#gid=0;https://docs.google.com/spreadsheets/d/1JZpA-5XDldN2bjfvhvBPHYK-1AENETLnF1UxNEpWlNA/edit#gid=352888197;data/manual/team_pokemon_usage.csv;output/team-graphics/s3/GPL Teams Spieltag 14 (1).jpg;output/team-graphics/s5/Shockwaving Magearnas.png;https://docs.google.com/spreadsheets/d/1vJ-pioe3RZKSZ3LIGEA3FVTv_KEE_XKIQAXSIUNNd-Q/edit#gid=0
250,308,Meditalis,meditalis,Medicham,medicham,RU,7,4,4,"S2, S3, S4, S5",0,,4,3,picked,https://raw.githubusercontent.com/PokeAPI/pokeapi/master/data/v2/csv/pokemon_species_names.csv;https://raw.githubusercontent.com/PokeAPI/pokeapi/master/data/v2/csv/languages.csv;https://raw.githubusercontent.com/PokeAPI/pokeapi/master/data/v2/csv/pokemon.csv;https://raw.githubusercontent.com/PokeAPI/pokeapi/master/data/v2/csv/pokemon_forms.csv;https://raw.githubusercontent.com/PokeAPI/pokeapi/master/data/v2/csv/pokemon_form_names.csv;https://docs.google.com/spreadsheets/d/1odsNRAZStW1GzmpXwmg27dqjOlch7w8syZOZ5Z2OQRg/edit#gid=0;https://docs.google.com/spreadsheets/d/1JZpA-5XDldN2bjfvhvBPHYK-1AENETLnF1UxNEpWlNA/edit#gid=352888197;data/manual/team_pokemon_usage.csv;output/team-graphics/s3/GPL Teams Spieltag 14 (2).jpg;output/team-graphics/s4/Surstars - SurskitTV.png;output/team-graphics/s5/Aggron Berlin.png
251,675,Pandagro,pandagro,Pangoro,pangoro,RU,7,4,1,S8,0,,2,2,picked,https://raw.githubusercontent.com/PokeAPI/pokeapi/master/data/v2/csv/pokemon_species_names.csv;https://raw.githubusercontent.com/PokeAPI/pokeapi/master/data/v2/csv/languages.csv;https://raw.githubusercontent.com/PokeAPI/pokeapi/master/data/v2/csv/pokemon.csv;https://raw.githubusercontent.com/PokeAPI/pokeapi/master/data/v2/csv/pokemon_forms.csv;https://raw.githubusercontent.com/PokeAPI/pokeapi/master/data/v2/csv/pokemon_form_names.csv;https://docs.google.com/spreadsheets/d/1B2uTMvWlAHb7WlpupJV1A2Hbi3K3U1vCyoFV0wCapcw/edit#gid=26363830;https://docs.google.com/spreadsheets/d/1B2uTMvWlAHb7WlpupJV1A2Hbi3K3U1vCyoFV0wCapcw/edit#gid=1846395979;https://docs.google.com/spreadsheets/d/1B2uTMvWlAHb7WlpupJV1A2Hbi3K3U1vCyoFV0wCapcw/edit#gid=1521895812;https://docs.google.com/spreadsheets/d/1B2uTMvWlAHb7WlpupJV1A2Hbi3K3U1vCyoFV0wCapcw/edit#gid=1271313224
252,196,Psiana,psiana,Espeon,espeon,RU,7,4,4,"S1, S2, S3, S10",0,,4,3,picked,https://raw.githubusercontent.com/PokeAPI/pokeapi/master/data/v2/csv/pokemon_species_names.csv;https://raw.githubusercontent.com/PokeAPI/pokeapi/master/data/v2/csv/languages.csv;https://raw.githubusercontent.com/PokeAPI/pokeapi/master/data/v2/csv/pokemon.csv;https://raw.githubusercontent.com/PokeAPI/pokeapi/master/data/v2/csv/pokemon_forms.csv;https://raw.githubusercontent.com/PokeAPI/pokeapi/master/data/v2/csv/pokemon_form_names.csv;https://docs.google.com/spreadsheets/d/1odsNRAZStW1GzmpXwmg27dqjOlch7w8syZOZ5Z2OQRg/edit#gid=0;https://docs.google.com/spreadsheets/d/13smsrG2BGYxr_omJWcgr-sUDr39bvOJPNL5RPt4DSow/edit#gid=1934543062;https://docs.google.com/spreadsheets/d/1JZpA-5XDldN2bjfvhvBPHYK-1AENETLnF1UxNEpWlNA/edit#gid=352888197;data/manual/pokemon_killlists.csv;https://docs.google.com/spreadsheets/d/1n9SmK-ccTCn8Jjhs4U2LKnibXY8PvuBtV3V9MCOURRA/edit#gid=0
253,685,Sabbaione,sabbaione,Slurpuff,slurpuff,RU,7,4,3,"S3, S5, S8",0,,3,3,picked,https://raw.githubusercontent.com/PokeAPI/pokeapi/master/data/v2/csv/pokemon_species_names.csv;https://raw.githubusercontent.com/PokeAPI/pokeapi/master/data/v2/csv/languages.csv;https://raw.githubusercontent.com/PokeAPI/pokeapi/master/data/v2/csv/pokemon.csv;https://raw.githubusercontent.com/PokeAPI/pokeapi/master/data/v2/csv/pokemon_forms.csv;https://raw.githubusercontent.com/PokeAPI/pokeapi/master/data/v2/csv/pokemon_form_names.csv;https://docs.google.com/spreadsheets/d/1B2uTMvWlAHb7WlpupJV1A2Hbi3K3U1vCyoFV0wCapcw/edit#gid=1846395979;https://docs.google.com/spreadsheets/d/1JZpA-5XDldN2bjfvhvBPHYK-1AENETLnF1UxNEpWlNA/edit#gid=352888197;data/manual/pokemon_killlists.csv;https://docs.google.com/spreadsheets/d/1B2uTMvWlAHb7WlpupJV1A2Hbi3K3U1vCyoFV0wCapcw/edit#gid=1271313224
254,398,Staraptor,staraptor,Staraptor,staraptor,RU,7,4,2,"S2, S6",0,,3,2,picked,https://raw.githubusercontent.com/PokeAPI/pokeapi/master/data/v2/csv/pokemon_species_names.csv;https://raw.githubusercontent.com/PokeAPI/pokeapi/master/data/v2/csv/languages.csv;https://raw.githubusercontent.com/PokeAPI/pokeapi/master/data/v2/csv/pokemon.csv;https://raw.githubusercontent.com/PokeAPI/pokeapi/master/data/v2/csv/pokemon_forms.csv;https://raw.githubusercontent.com/PokeAPI/pokeapi/master/data/v2/csv/pokemon_form_names.csv;https://docs.google.com/spreadsheets/d/1FUsClf5qEny-BHY5Djp8rIwRJKBSJDvygJ8LBa62FEo/edit#gid=0;https://docs.google.com/spreadsheets/d/1odsNRAZStW1GzmpXwmg27dqjOlch7w8syZOZ5Z2OQRg/edit#gid=0;https://docs.google.com/spreadsheets/d/11wxsKyCydVmDjp4kGLJAOLPM_LgwCLN2GYpbDQkNtkk/edit#gid=1588964432;https://docs.google.com/spreadsheets/d/1JZpA-5XDldN2bjfvhvBPHYK-1AENETLnF1UxNEpWlNA/edit#gid=352888197;https://docs.google.com/spreadsheets/d/1vJ-pioe3RZKSZ3LIGEA3FVTv_KEE_XKIQAXSIUNNd-Q/edit#gid=0
255,777,Togedemaru,togedemaru,Togedemaru,togedemaru,RU,7,4,2,"S6, S9",0,,3,2,picked,https://raw.githubusercontent.com/PokeAPI/pokeapi/master/data/v2/csv/pokemon_species_names.csv;https://raw.githubusercontent.com/PokeAPI/pokeapi/master/data/v2/csv/languages.csv;https://raw.githubusercontent.com/PokeAPI/pokeapi/master/data/v2/csv/pokemon.csv;https://raw.githubusercontent.com/PokeAPI/pokeapi/master/data/v2/csv/pokemon_forms.csv;https://raw.githubusercontent.com/PokeAPI/pokeapi/master/data/v2/csv/pokemon_form_names.csv;https://docs.google.com/spreadsheets/d/11wxsKyCydVmDjp4kGLJAOLPM_LgwCLN2GYpbDQkNtkk/edit#gid=1588964432;https://docs.google.com/spreadsheets/d/1uo7-E_E2jbehB2hbBurpPayP_0fKY5sPZcFgZmfLydY/edit#gid=1526488506;https://docs.google.com/spreadsheets/d/1uo7-E_E2jbehB2hbBurpPayP_0fKY5sPZcFgZmfLydY/edit#gid=520178140;https://docs.google.com/spreadsheets/d/1uo7-E_E2jbehB2hbBurpPayP_0fKY5sPZcFgZmfLydY/edit#gid=1696255979
256,776,Tortunator,tortunator,Turtonator,turtonator,RU,7,4,2,"S7, S9",0,,3,2,picked,https://raw.githubusercontent.com/PokeAPI/pokeapi/master/data/v2/csv/pokemon_species_names.csv;https://raw.githubusercontent.com/PokeAPI/pokeapi/master/data/v2/csv/languages.csv;https://raw.githubusercontent.com/PokeAPI/pokeapi/master/data/v2/csv/pokemon.csv;https://raw.githubusercontent.com/PokeAPI/pokeapi/master/data/v2/csv/pokemon_forms.csv;https://raw.githubusercontent.com/PokeAPI/pokeapi/master/data/v2/csv/pokemon_form_names.csv;https://docs.google.com/spreadsheets/d/1nwiq_ggEj7QePeZGMR2xoi0bEHJr_ZGO24YCRdt93No/edit#gid=857670931;https://docs.google.com/spreadsheets/d/1uo7-E_E2jbehB2hbBurpPayP_0fKY5sPZcFgZmfLydY/edit#gid=1526488506;https://docs.google.com/spreadsheets/d/1uo7-E_E2jbehB2hbBurpPayP_0fKY5sPZcFgZmfLydY/edit#gid=520178140;https://docs.google.com/spreadsheets/d/1uo7-E_E2jbehB2hbBurpPayP_0fKY5sPZcFgZmfLydY/edit#gid=1696255979
257,176,Togetic,togetic,Togetic,togetic,NFE,14,4,3,"S3, S7, S8",0,,2,3,picked,https://raw.githubusercontent.com/PokeAPI/pokeapi/master/data/v2/csv/pokemon_species_names.csv;https://raw.githubusercontent.com/PokeAPI/pokeapi/master/data/v2/csv/languages.csv;https://raw.githubusercontent.com/PokeAPI/pokeapi/master/data/v2/csv/pokemon.csv;https://raw.githubusercontent.com/PokeAPI/pokeapi/master/data/v2/csv/pokemon_forms.csv;https://raw.githubusercontent.com/PokeAPI/pokeapi/master/data/v2/csv/pokemon_form_names.csv;https://docs.google.com/spreadsheets/d/1JZpA-5XDldN2bjfvhvBPHYK-1AENETLnF1UxNEpWlNA/edit#gid=352888197;data/manual/team_pokemon_usage.csv;output/team-graphics/s3/GPL Teams Spieltag 14 (1).jpg;https://docs.google.com/spreadsheets/d/1nwiq_ggEj7QePeZGMR2xoi0bEHJr_ZGO24YCRdt93No/edit#gid=857670931;https://docs.google.com/spreadsheets/d/1B2uTMvWlAHb7WlpupJV1A2Hbi3K3U1vCyoFV0wCapcw/edit#gid=26363830;https://docs.google.com/spreadsheets/d/1B2uTMvWlAHb7WlpupJV1A2Hbi3K3U1vCyoFV0wCapcw/edit#gid=1521895812
258,376,Mega-Metagross,megametagross,metagross-mega,metagrossmega,Uber,2,3,2,"S2, S3",0,,3,2,picked,https://raw.githubusercontent.com/PokeAPI/pokeapi/master/data/v2/csv/pokemon_species_names.csv;https://raw.githubusercontent.com/PokeAPI/pokeapi/master/data/v2/csv/languages.csv;https://raw.githubusercontent.com/PokeAPI/pokeapi/master/data/v2/csv/pokemon.csv;https://raw.githubusercontent.com/PokeAPI/pokeapi/master/data/v2/csv/pokemon_forms.csv;https://raw.githubusercontent.com/PokeAPI/pokeapi/master/data/v2/csv/pokemon_form_names.csv;https://docs.google.com/spreadsheets/d/1odsNRAZStW1GzmpXwmg27dqjOlch7w8syZOZ5Z2OQRg/edit#gid=0;https://docs.google.com/spreadsheets/d/1JZpA-5XDldN2bjfvhvBPHYK-1AENETLnF1UxNEpWlNA/edit#gid=352888197;data/manual/team_pokemon_usage.csv;output/team-graphics/s3/GPL Teams Spieltag 14 (1).jpg;data/manual/pokemon_killlists.csv;https://docs.google.com/spreadsheets/d/1vJ-pioe3RZKSZ3LIGEA3FVTv_KEE_XKIQAXSIUNNd-Q/edit#gid=0
259,65,Mega-Simsala,megasimsala,alakazam-mega,alakazammega,Uber,2,3,3,"S2, S4, S5",0,,3,2,picked,https://raw.githubusercontent.com/PokeAPI/pokeapi/master/data/v2/csv/pokemon_species_names.csv;https://raw.githubusercontent.com/PokeAPI/pokeapi/master/data/v2/csv/languages.csv;https://raw.githubusercontent.com/PokeAPI/pokeapi/master/data/v2/csv/pokemon.csv;https://raw.githubusercontent.com/PokeAPI/pokeapi/master/data/v2/csv/pokemon_forms.csv;https://raw.githubusercontent.com/PokeAPI/pokeapi/master/data/v2/csv/pokemon_form_names.csv;https://docs.google.com/spreadsheets/d/1odsNRAZStW1GzmpXwmg27dqjOlch7w8syZOZ5Z2OQRg/edit#gid=0;https://docs.google.com/spreadsheets/d/1JZpA-5XDldN2bjfvhvBPHYK-1AENETLnF1UxNEpWlNA/edit#gid=352888197;data/manual/pokemon_killlists.csv
260,718,Zygarde,zygarde,Zygarde,zygarde,Uber,2,3,3,"S4, S5, S6",0,,3,3,picked,https://raw.githubusercontent.com/PokeAPI/pokeapi/master/data/v2/csv/pokemon_species_names.csv;https://raw.githubusercontent.com/PokeAPI/pokeapi/master/data/v2/csv/languages.csv;https://raw.githubusercontent.com/PokeAPI/pokeapi/master/data/v2/csv/pokemon.csv;https://raw.githubusercontent.com/PokeAPI/pokeapi/master/data/v2/csv/pokemon_forms.csv;https://raw.githubusercontent.com/PokeAPI/pokeapi/master/data/v2/csv/pokemon_form_names.csv;https://docs.google.com/spreadsheets/d/11wxsKyCydVmDjp4kGLJAOLPM_LgwCLN2GYpbDQkNtkk/edit#gid=1843013406;https://docs.google.com/spreadsheets/d/1JZpA-5XDldN2bjfvhvBPHYK-1AENETLnF1UxNEpWlNA/edit#gid=352888197;data/manual/pokemon_killlists.csv;data/manual/team_pokemon_usage.csv
261,748,Aggrostella,aggrostella,Toxapex,toxapex,OU,3,3,2,"S5, S10",0,,2,2,picked,https://raw.githubusercontent.com/PokeAPI/pokeapi/master/data/v2/csv/pokemon_species_names.csv;https://raw.githubusercontent.com/PokeAPI/pokeapi/master/data/v2/csv/languages.csv;https://raw.githubusercontent.com/PokeAPI/pokeapi/master/data/v2/csv/pokemon.csv;https://raw.githubusercontent.com/PokeAPI/pokeapi/master/data/v2/csv/pokemon_forms.csv;https://raw.githubusercontent.com/PokeAPI/pokeapi/master/data/v2/csv/pokemon_form_names.csv;https://docs.google.com/spreadsheets/d/1JZpA-5XDldN2bjfvhvBPHYK-1AENETLnF1UxNEpWlNA/edit#gid=352888197;data/manual/team_pokemon_usage.csv;output/team-graphics/s5/Victini Bottom.png;https://docs.google.com/spreadsheets/d/13smsrG2BGYxr_omJWcgr-sUDr39bvOJPNL5RPt4DSow/edit#gid=71150222;https://docs.google.com/spreadsheets/d/13smsrG2BGYxr_omJWcgr-sUDr39bvOJPNL5RPt4DSow/edit#gid=1934543062
262,1006,Eisenkrieger,eisenkrieger,Iron Valiant,ironvaliant,OU,3,3,1,S10,0,,2,2,picked,https://raw.githubusercontent.com/PokeAPI/pokeapi/master/data/v2/csv/pokemon_species_names.csv;https://raw.githubusercontent.com/PokeAPI/pokeapi/master/data/v2/csv/languages.csv;https://raw.githubusercontent.com/PokeAPI/pokeapi/master/data/v2/csv/pokemon.csv;https://raw.githubusercontent.com/PokeAPI/pokeapi/master/data/v2/csv/pokemon_forms.csv;https://raw.githubusercontent.com/PokeAPI/pokeapi/master/data/v2/csv/pokemon_form_names.csv;https://docs.google.com/spreadsheets/d/13smsrG2BGYxr_omJWcgr-sUDr39bvOJPNL5RPt4DSow/edit#gid=71150222;https://docs.google.com/spreadsheets/d/13smsrG2BGYxr_omJWcgr-sUDr39bvOJPNL5RPt4DSow/edit#gid=1934543062;https://docs.google.com/spreadsheets/d/13smsrG2BGYxr_omJWcgr-sUDr39bvOJPNL5RPt4DSow/edit#gid=1953790464
263,990,Eisenrad,eisenrad,Iron Treads,irontreads,OU,3,3,1,S10,1,S10,2,2,picked,https://raw.githubusercontent.com/PokeAPI/pokeapi/master/data/v2/csv/pokemon_species_names.csv;https://raw.githubusercontent.com/PokeAPI/pokeapi/master/data/v2/csv/languages.csv;https://raw.githubusercontent.com/PokeAPI/pokeapi/master/data/v2/csv/pokemon.csv;https://raw.githubusercontent.com/PokeAPI/pokeapi/master/data/v2/csv/pokemon_forms.csv;https://raw.githubusercontent.com/PokeAPI/pokeapi/master/data/v2/csv/pokemon_form_names.csv;https://docs.google.com/spreadsheets/d/13smsrG2BGYxr_omJWcgr-sUDr39bvOJPNL5RPt4DSow/edit#gid=71150222;https://docs.google.com/spreadsheets/d/13smsrG2BGYxr_omJWcgr-sUDr39bvOJPNL5RPt4DSow/edit#gid=1934543062;https://docs.google.com/spreadsheets/d/13smsrG2BGYxr_omJWcgr-sUDr39bvOJPNL5RPt4DSow/edit#gid=1953790464
264,1017,Ogerpon-Wasser,ogerponwasser,ogerpon-wellspring-mask,ogerponwellspring,OU,3,3,1,S10,0,,2,2,picked,https://raw.githubusercontent.com/PokeAPI/pokeapi/master/data/v2/csv/pokemon_species_names.csv;https://raw.githubusercontent.com/PokeAPI/pokeapi/master/data/v2/csv/languages.csv;https://raw.githubusercontent.com/PokeAPI/pokeapi/master/data/v2/csv/pokemon.csv;https://raw.githubusercontent.com/PokeAPI/pokeapi/master/data/v2/csv/pokemon_forms.csv;https://raw.githubusercontent.com/PokeAPI/pokeapi/master/data/v2/csv/pokemon_form_names.csv;https://docs.google.com/spreadsheets/d/13smsrG2BGYxr_omJWcgr-sUDr39bvOJPNL5RPt4DSow/edit#gid=71150222;https://docs.google.com/spreadsheets/d/13smsrG2BGYxr_omJWcgr-sUDr39bvOJPNL5RPt4DSow/edit#gid=1934543062;https://docs.google.com/spreadsheets/d/13smsrG2BGYxr_omJWcgr-sUDr39bvOJPNL5RPt4DSow/edit#gid=1953790464
265,308,Mega-Meditalis,megameditalis,medicham-mega,medichammega,UUBL,4,3,3,"S1, S5, S6",1,S5,3,2,picked,https://raw.githubusercontent.com/PokeAPI/pokeapi/master/data/v2/csv/pokemon_species_names.csv;https://raw.githubusercontent.com/PokeAPI/pokeapi/master/data/v2/csv/languages.csv;https://raw.githubusercontent.com/PokeAPI/pokeapi/master/data/v2/csv/pokemon.csv;https://raw.githubusercontent.com/PokeAPI/pokeapi/master/data/v2/csv/pokemon_forms.csv;https://raw.githubusercontent.com/PokeAPI/pokeapi/master/data/v2/csv/pokemon_form_names.csv;https://docs.google.com/spreadsheets/d/1JZpA-5XDldN2bjfvhvBPHYK-1AENETLnF1UxNEpWlNA/edit#gid=352888197;data/manual/team_pokemon_usage.csv;output/team-graphics/s5/Shockwaving Magearnas.png;https://docs.google.com/spreadsheets/d/11wxsKyCydVmDjp4kGLJAOLPM_LgwCLN2GYpbDQkNtkk/edit#gid=1588964432
266,242,Heiteira,heiteira,Blissey,blissey,UU,5,3,1,S1,0,,2,2,picked,https://raw.githubusercontent.com/PokeAPI/pokeapi/master/data/v2/csv/pokemon_species_names.csv;https://raw.githubusercontent.com/PokeAPI/pokeapi/master/data/v2/csv/languages.csv;https://raw.githubusercontent.com/PokeAPI/pokeapi/master/data/v2/csv/pokemon.csv;https://raw.githubusercontent.com/PokeAPI/pokeapi/master/data/v2/csv/pokemon_forms.csv;https://raw.githubusercontent.com/PokeAPI/pokeapi/master/data/v2/csv/pokemon_form_names.csv;https://docs.google.com/spreadsheets/d/1kiwDk4NgYoKb0Oo9yqzwl9HXHxuQ_0I5gkb1JtE57PI/edit#gid=0;https://docs.google.com/spreadsheets/d/1JZpA-5XDldN2bjfvhvBPHYK-1AENETLnF1UxNEpWlNA/edit#gid=352888197;https://docs.google.com/spreadsheets/d/1n9SmK-ccTCn8Jjhs4U2LKnibXY8PvuBtV3V9MCOURRA/edit#gid=0
267,706,Hisui Viscogon,hisuiviscogon,goodra-hisui,goodrahisui,UU,5,3,1,S10,0,,2,2,picked,https://raw.githubusercontent.com/PokeAPI/pokeapi/master/data/v2/csv/pokemon_species_names.csv;https://raw.githubusercontent.com/PokeAPI/pokeapi/master/data/v2/csv/languages.csv;https://raw.githubusercontent.com/PokeAPI/pokeapi/master/data/v2/csv/pokemon.csv;https://raw.githubusercontent.com/PokeAPI/pokeapi/master/data/v2/csv/pokemon_forms.csv;https://raw.githubusercontent.com/PokeAPI/pokeapi/master/data/v2/csv/pokemon_form_names.csv;https://docs.google.com/spreadsheets/d/13smsrG2BGYxr_omJWcgr-sUDr39bvOJPNL5RPt4DSow/edit#gid=71150222;https://docs.google.com/spreadsheets/d/13smsrG2BGYxr_omJWcgr-sUDr39bvOJPNL5RPt4DSow/edit#gid=1934543062;https://docs.google.com/spreadsheets/d/13smsrG2BGYxr_omJWcgr-sUDr39bvOJPNL5RPt4DSow/edit#gid=1953790464
268,806,Kopplosio,kopplosio,Blacephalon,blacephalon,UU,5,3,2,"S6, S8",1,S8,2,2,picked,https://raw.githubusercontent.com/PokeAPI/pokeapi/master/data/v2/csv/pokemon_species_names.csv;https://raw.githubusercontent.com/PokeAPI/pokeapi/master/data/v2/csv/languages.csv;https://raw.githubusercontent.com/PokeAPI/pokeapi/master/data/v2/csv/pokemon.csv;https://raw.githubusercontent.com/PokeAPI/pokeapi/master/data/v2/csv/pokemon_forms.csv;https://raw.githubusercontent.com/PokeAPI/pokeapi/master/data/v2/csv/pokemon_form_names.csv;https://docs.google.com/spreadsheets/d/11wxsKyCydVmDjp4kGLJAOLPM_LgwCLN2GYpbDQkNtkk/edit#gid=1843013406;https://docs.google.com/spreadsheets/d/1B2uTMvWlAHb7WlpupJV1A2Hbi3K3U1vCyoFV0wCapcw/edit#gid=26363830;https://docs.google.com/spreadsheets/d/1B2uTMvWlAHb7WlpupJV1A2Hbi3K3U1vCyoFV0wCapcw/edit#gid=1521895812
269,282,Mega-Guardevoir,megaguardevoir,gardevoir-mega,gardevoirmega,UU,5,3,2,"S1, S5",0,,2,2,picked,https://raw.githubusercontent.com/PokeAPI/pokeapi/master/data/v2/csv/pokemon_species_names.csv;https://raw.githubusercontent.com/PokeAPI/pokeapi/master/data/v2/csv/languages.csv;https://raw.githubusercontent.com/PokeAPI/pokeapi/master/data/v2/csv/pokemon.csv;https://raw.githubusercontent.com/PokeAPI/pokeapi/master/data/v2/csv/pokemon_forms.csv;https://raw.githubusercontent.com/PokeAPI/pokeapi/master/data/v2/csv/pokemon_form_names.csv;https://docs.google.com/spreadsheets/d/1kiwDk4NgYoKb0Oo9yqzwl9HXHxuQ_0I5gkb1JtE57PI/edit#gid=0;https://docs.google.com/spreadsheets/d/1JZpA-5XDldN2bjfvhvBPHYK-1AENETLnF1UxNEpWlNA/edit#gid=352888197;data/manual/pokemon_killlists.csv;https://docs.google.com/spreadsheets/d/1n9SmK-ccTCn8Jjhs4U2LKnibXY8PvuBtV3V9MCOURRA/edit#gid=0;https://docs.google.com/spreadsheets/d/14N_40jsahiN9DChpnNaPTnFy26If6imVHtqBGDWk6pg/edit#gid=0
270,260,Mega-Sumpex,megasumpex,swampert-mega,swampertmega,UU,5,3,1,S2,0,,3,0,picked,https://raw.githubusercontent.com/PokeAPI/pokeapi/master/data/v2/csv/pokemon_species_names.csv;https://raw.githubusercontent.com/PokeAPI/pokeapi/master/data/v2/csv/languages.csv;https://raw.githubusercontent.com/PokeAPI/pokeapi/master/data/v2/csv/pokemon.csv;https://raw.githubusercontent.com/PokeAPI/pokeapi/master/data/v2/csv/pokemon_forms.csv;https://raw.githubusercontent.com/PokeAPI/pokeapi/master/data/v2/csv/pokemon_form_names.csv;https://docs.google.com/spreadsheets/d/1FUsClf5qEny-BHY5Djp8rIwRJKBSJDvygJ8LBa62FEo/edit#gid=0;https://docs.google.com/spreadsheets/d/1odsNRAZStW1GzmpXwmg27dqjOlch7w8syZOZ5Z2OQRg/edit#gid=0;https://docs.google.com/spreadsheets/d/1JZpA-5XDldN2bjfvhvBPHYK-1AENETLnF1UxNEpWlNA/edit#gid=352888197
271,146,Galar Lavados,galarlavados,moltres-galar,moltresgalar,RUBL,6,3,1,S9,0,,2,1,picked,https://raw.githubusercontent.com/PokeAPI/pokeapi/master/data/v2/csv/pokemon_species_names.csv;https://raw.githubusercontent.com/PokeAPI/pokeapi/master/data/v2/csv/languages.csv;https://raw.githubusercontent.com/PokeAPI/pokeapi/master/data/v2/csv/pokemon.csv;https://raw.githubusercontent.com/PokeAPI/pokeapi/master/data/v2/csv/pokemon_forms.csv;https://raw.githubusercontent.com/PokeAPI/pokeapi/master/data/v2/csv/pokemon_form_names.csv;https://docs.google.com/spreadsheets/d/1uo7-E_E2jbehB2hbBurpPayP_0fKY5sPZcFgZmfLydY/edit#gid=1526488506;https://docs.google.com/spreadsheets/d/1uo7-E_E2jbehB2hbBurpPayP_0fKY5sPZcFgZmfLydY/edit#gid=520178140;https://docs.google.com/spreadsheets/d/1uo7-E_E2jbehB2hbBurpPayP_0fKY5sPZcFgZmfLydY/edit#gid=1696255979
272,503,Admurai,admurai,Samurott,samurott,RU,7,3,2,"S1, S3",1,S3,2,2,picked,https://raw.githubusercontent.com/PokeAPI/pokeapi/master/data/v2/csv/pokemon_species_names.csv;https://raw.githubusercontent.com/PokeAPI/pokeapi/master/data/v2/csv/languages.csv;https://raw.githubusercontent.com/PokeAPI/pokeapi/master/data/v2/csv/pokemon.csv;https://raw.githubusercontent.com/PokeAPI/pokeapi/master/data/v2/csv/pokemon_forms.csv;https://raw.githubusercontent.com/PokeAPI/pokeapi/master/data/v2/csv/pokemon_form_names.csv;https://docs.google.com/spreadsheets/d/1kiwDk4NgYoKb0Oo9yqzwl9HXHxuQ_0I5gkb1JtE57PI/edit#gid=0;https://docs.google.com/spreadsheets/d/1JZpA-5XDldN2bjfvhvBPHYK-1AENETLnF1UxNEpWlNA/edit#gid=352888197;data/manual/team_pokemon_usage.csv;output/team-graphics/s3/GPL Teams Spieltag 14 (1).jpg;https://docs.google.com/spreadsheets/d/1n9SmK-ccTCn8Jjhs4U2LKnibXY8PvuBtV3V9MCOURRA/edit#gid=0
273,567,Aeropteryx,aeropteryx,Archeops,archeops,RU,7,3,3,"S3, S5, S6",0,,3,3,picked,https://raw.githubusercontent.com/PokeAPI/pokeapi/master/data/v2/csv/pokemon_species_names.csv;https://raw.githubusercontent.com/PokeAPI/pokeapi/master/data/v2/csv/languages.csv;https://raw.githubusercontent.com/PokeAPI/pokeapi/master/data/v2/csv/pokemon.csv;https://raw.githubusercontent.com/PokeAPI/pokeapi/master/data/v2/csv/pokemon_forms.csv;https://raw.githubusercontent.com/PokeAPI/pokeapi/master/data/v2/csv/pokemon_form_names.csv;https://docs.google.com/spreadsheets/d/1JZpA-5XDldN2bjfvhvBPHYK-1AENETLnF1UxNEpWlNA/edit#gid=352888197;data/manual/team_pokemon_usage.csv;output/team-graphics/s3/GPL Teams Spieltag 14 (1).jpg;https://docs.google.com/spreadsheets/d/11wxsKyCydVmDjp4kGLJAOLPM_LgwCLN2GYpbDQkNtkk/edit#gid=1588964432;data/manual/pokemon_killlists.csv
274,773,Amigento-Typ:Boden,amigentotypboden,silvally-ground,silvallyground,RU,7,3,2,"S3, S8",0,,2,1,picked,https://raw.githubusercontent.com/PokeAPI/pokeapi/master/data/v2/csv/pokemon_species_names.csv;https://raw.githubusercontent.com/PokeAPI/pokeapi/master/data/v2/csv/languages.csv;https://raw.githubusercontent.com/PokeAPI/pokeapi/master/data/v2/csv/pokemon.csv;https://raw.githubusercontent.com/PokeAPI/pokeapi/master/data/v2/csv/pokemon_forms.csv;https://raw.githubusercontent.com/PokeAPI/pokeapi/master/data/v2/csv/pokemon_form_names.csv;https://docs.google.com/spreadsheets/d/1B2uTMvWlAHb7WlpupJV1A2Hbi3K3U1vCyoFV0wCapcw/edit#gid=1846395979;https://docs.google.com/spreadsheets/d/1B2uTMvWlAHb7WlpupJV1A2Hbi3K3U1vCyoFV0wCapcw/edit#gid=1271313224;https://docs.google.com/spreadsheets/d/1JZpA-5XDldN2bjfvhvBPHYK-1AENETLnF1UxNEpWlNA/edit#gid=352888197;https://docs.google.com/spreadsheets/d/1kXhNwKGrqQTwSal0NxpZ9h0yo6u_mQwhwg4vGVwxMX4/edit#gid=0
275,773,Amigento-Typ:Stahl,amigentotypstahl,silvally-steel,silvallysteel,RU,7,3,1,S9,0,,2,1,picked,https://raw.githubusercontent.com/PokeAPI/pokeapi/master/data/v2/csv/pokemon_species_names.csv;https://raw.githubusercontent.com/PokeAPI/pokeapi/master/data/v2/csv/languages.csv;https://raw.githubusercontent.com/PokeAPI/pokeapi/master/data/v2/csv/pokemon.csv;https://raw.githubusercontent.com/PokeAPI/pokeapi/master/data/v2/csv/pokemon_forms.csv;https://raw.githubusercontent.com/PokeAPI/pokeapi/master/data/v2/csv/pokemon_form_names.csv;https://docs.google.com/spreadsheets/d/1uo7-E_E2jbehB2hbBurpPayP_0fKY5sPZcFgZmfLydY/edit#gid=1526488506;https://docs.google.com/spreadsheets/d/1uo7-E_E2jbehB2hbBurpPayP_0fKY5sPZcFgZmfLydY/edit#gid=520178140;https://docs.google.com/spreadsheets/d/1uo7-E_E2jbehB2hbBurpPayP_0fKY5sPZcFgZmfLydY/edit#gid=1696255979
276,139,Amoroso,amoroso,Omastar,omastar,RU,7,3,2,"S4, S8",0,,2,2,picked,https://raw.githubusercontent.com/PokeAPI/pokeapi/master/data/v2/csv/pokemon_species_names.csv;https://raw.githubusercontent.com/PokeAPI/pokeapi/master/data/v2/csv/languages.csv;https://raw.githubusercontent.com/PokeAPI/pokeapi/master/data/v2/csv/pokemon.csv;https://raw.githubusercontent.com/PokeAPI/pokeapi/master/data/v2/csv/pokemon_forms.csv;https://raw.githubusercontent.com/PokeAPI/pokeapi/master/data/v2/csv/pokemon_form_names.csv;https://docs.google.com/spreadsheets/d/1JZpA-5XDldN2bjfvhvBPHYK-1AENETLnF1UxNEpWlNA/edit#gid=352888197;data/manual/team_pokemon_usage.csv;output/team-graphics/s4/Schnittlauchs - PokeBazi.png;https://docs.google.com/spreadsheets/d/1B2uTMvWlAHb7WlpupJV1A2Hbi3K3U1vCyoFV0wCapcw/edit#gid=26363830;https://docs.google.com/spreadsheets/d/1B2uTMvWlAHb7WlpupJV1A2Hbi3K3U1vCyoFV0wCapcw/edit#gid=1521895812
277,847,Barrakiefa,barrakiefa,Barraskewda,barraskewda,RU,7,3,2,"S7, S8",0,,2,2,picked,https://raw.githubusercontent.com/PokeAPI/pokeapi/master/data/v2/csv/pokemon_species_names.csv;https://raw.githubusercontent.com/PokeAPI/pokeapi/master/data/v2/csv/languages.csv;https://raw.githubusercontent.com/PokeAPI/pokeapi/master/data/v2/csv/pokemon.csv;https://raw.githubusercontent.com/PokeAPI/pokeapi/master/data/v2/csv/pokemon_forms.csv;https://raw.githubusercontent.com/PokeAPI/pokeapi/master/data/v2/csv/pokemon_form_names.csv;https://docs.google.com/spreadsheets/d/1nwiq_ggEj7QePeZGMR2xoi0bEHJr_ZGO24YCRdt93No/edit#gid=857670931;https://docs.google.com/spreadsheets/d/1B2uTMvWlAHb7WlpupJV1A2Hbi3K3U1vCyoFV0wCapcw/edit#gid=26363830;https://docs.google.com/spreadsheets/d/1B2uTMvWlAHb7WlpupJV1A2Hbi3K3U1vCyoFV0wCapcw/edit#gid=1521895812
278,3,Bisaflor,bisaflor,Venusaur,venusaur,RU,7,3,3,"S3, S4, S7",0,,3,3,picked,https://raw.githubusercontent.com/PokeAPI/pokeapi/master/data/v2/csv/pokemon_species_names.csv;https://raw.githubusercontent.com/PokeAPI/pokeapi/master/data/v2/csv/languages.csv;https://raw.githubusercontent.com/PokeAPI/pokeapi/master/data/v2/csv/pokemon.csv;https://raw.githubusercontent.com/PokeAPI/pokeapi/master/data/v2/csv/pokemon_forms.csv;https://raw.githubusercontent.com/PokeAPI/pokeapi/master/data/v2/csv/pokemon_form_names.csv;https://docs.google.com/spreadsheets/d/1JZpA-5XDldN2bjfvhvBPHYK-1AENETLnF1UxNEpWlNA/edit#gid=352888197;data/manual/team_pokemon_usage.csv;output/team-graphics/s3/GPL Teams Spieltag 14 (2).jpg;output/team-graphics/s4/Flexing Masskito - RegiBang.png;https://docs.google.com/spreadsheets/d/1nwiq_ggEj7QePeZGMR2xoi0bEHJr_ZGO24YCRdt93No/edit#gid=857670931
279,626,Bisofank,bisofank,Bouffalant,bouffalant,RU,7,3,2,"S5, S8",0,,2,2,picked,https://raw.githubusercontent.com/PokeAPI/pokeapi/master/data/v2/csv/pokemon_species_names.csv;https://raw.githubusercontent.com/PokeAPI/pokeapi/master/data/v2/csv/languages.csv;https://raw.githubusercontent.com/PokeAPI/pokeapi/master/data/v2/csv/pokemon.csv;https://raw.githubusercontent.com/PokeAPI/pokeapi/master/data/v2/csv/pokemon_forms.csv;https://raw.githubusercontent.com/PokeAPI/pokeapi/master/data/v2/csv/pokemon_form_names.csv;https://docs.google.com/spreadsheets/d/1B2uTMvWlAHb7WlpupJV1A2Hbi3K3U1vCyoFV0wCapcw/edit#gid=26363830;https://docs.google.com/spreadsheets/d/1JZpA-5XDldN2bjfvhvBPHYK-1AENETLnF1UxNEpWlNA/edit#gid=352888197;data/manual/pokemon_killlists.csv;https://docs.google.com/spreadsheets/d/1B2uTMvWlAHb7WlpupJV1A2Hbi3K3U1vCyoFV0wCapcw/edit#gid=1521895812
280,558,Castellith,castellith,Crustle,crustle,RU,7,3,2,"S7, S8",0,,2,2,picked,https://raw.githubusercontent.com/PokeAPI/pokeapi/master/data/v2/csv/pokemon_species_names.csv;https://raw.githubusercontent.com/PokeAPI/pokeapi/master/data/v2/csv/languages.csv;https://raw.githubusercontent.com/PokeAPI/pokeapi/master/data/v2/csv/pokemon.csv;https://raw.githubusercontent.com/PokeAPI/pokeapi/master/data/v2/csv/pokemon_forms.csv;https://raw.githubusercontent.com/PokeAPI/pokeapi/master/data/v2/csv/pokemon_form_names.csv;https://docs.google.com/spreadsheets/d/1nwiq_ggEj7QePeZGMR2xoi0bEHJr_ZGO24YCRdt93No/edit#gid=857670931;https://docs.google.com/spreadsheets/d/1B2uTMvWlAHb7WlpupJV1A2Hbi3K3U1vCyoFV0wCapcw/edit#gid=1846395979;https://docs.google.com/spreadsheets/d/1B2uTMvWlAHb7WlpupJV1A2Hbi3K3U1vCyoFV0wCapcw/edit#gid=1271313224
281,719,Diancie,diancie,Diancie,diancie,RU,7,3,3,"S4, S5, S10",0,,3,3,picked,https://raw.githubusercontent.com/PokeAPI/pokeapi/master/data/v2/csv/pokemon_species_names.csv;https://raw.githubusercontent.com/PokeAPI/pokeapi/master/data/v2/csv/languages.csv;https://raw.githubusercontent.com/PokeAPI/pokeapi/master/data/v2/csv/pokemon.csv;https://raw.githubusercontent.com/PokeAPI/pokeapi/master/data/v2/csv/pokemon_forms.csv;https://raw.githubusercontent.com/PokeAPI/pokeapi/master/data/v2/csv/pokemon_form_names.csv;https://docs.google.com/spreadsheets/d/1JZpA-5XDldN2bjfvhvBPHYK-1AENETLnF1UxNEpWlNA/edit#gid=352888197;data/manual/team_pokemon_usage.csv;output/team-graphics/s4/Shocking Shaymins - MeLevies.png;https://docs.google.com/spreadsheets/d/13smsrG2BGYxr_omJWcgr-sUDr39bvOJPNL5RPt4DSow/edit#gid=1934543062;data/manual/pokemon_killlists.csv
282,993,Eisenhals,eisenhals,Iron Jugulis,ironjugulis,RU,7,3,1,S10,0,,2,2,picked,https://raw.githubusercontent.com/PokeAPI/pokeapi/master/data/v2/csv/pokemon_species_names.csv;https://raw.githubusercontent.com/PokeAPI/pokeapi/master/data/v2/csv/languages.csv;https://raw.githubusercontent.com/PokeAPI/pokeapi/master/data/v2/csv/pokemon.csv;https://raw.githubusercontent.com/PokeAPI/pokeapi/master/data/v2/csv/pokemon_forms.csv;https://raw.githubusercontent.com/PokeAPI/pokeapi/master/data/v2/csv/pokemon_form_names.csv;https://docs.google.com/spreadsheets/d/13smsrG2BGYxr_omJWcgr-sUDr39bvOJPNL5RPt4DSow/edit#gid=71150222;https://docs.google.com/spreadsheets/d/13smsrG2BGYxr_omJWcgr-sUDr39bvOJPNL5RPt4DSow/edit#gid=1934543062;https://docs.google.com/spreadsheets/d/13smsrG2BGYxr_omJWcgr-sUDr39bvOJPNL5RPt4DSow/edit#gid=1953790464
283,632,Fermicula,fermicula,Durant,durant,RU,7,3,3,"S3, S6, S7",1,S3,3,3,picked,https://raw.githubusercontent.com/PokeAPI/pokeapi/master/data/v2/csv/pokemon_species_names.csv;https://raw.githubusercontent.com/PokeAPI/pokeapi/master/data/v2/csv/languages.csv;https://raw.githubusercontent.com/PokeAPI/pokeapi/master/data/v2/csv/pokemon.csv;https://raw.githubusercontent.com/PokeAPI/pokeapi/master/data/v2/csv/pokemon_forms.csv;https://raw.githubusercontent.com/PokeAPI/pokeapi/master/data/v2/csv/pokemon_form_names.csv;https://docs.google.com/spreadsheets/d/1JZpA-5XDldN2bjfvhvBPHYK-1AENETLnF1UxNEpWlNA/edit#gid=352888197;data/manual/team_pokemon_usage.csv;output/team-graphics/s3/GPL Teams Spieltag 14 (1).jpg;https://docs.google.com/spreadsheets/d/11wxsKyCydVmDjp4kGLJAOLPM_LgwCLN2GYpbDQkNtkk/edit#gid=1843013406;https://docs.google.com/spreadsheets/d/1nwiq_ggEj7QePeZGMR2xoi0bEHJr_ZGO24YCRdt93No/edit#gid=857670931
284,136,Flamara,flamara,Flareon,flareon,RU,7,3,2,"S7, S8",0,,2,2,picked,https://raw.githubusercontent.com/PokeAPI/pokeapi/master/data/v2/csv/pokemon_species_names.csv;https://raw.githubusercontent.com/PokeAPI/pokeapi/master/data/v2/csv/languages.csv;https://raw.githubusercontent.com/PokeAPI/pokeapi/master/data/v2/csv/pokemon.csv;https://raw.githubusercontent.com/PokeAPI/pokeapi/master/data/v2/csv/pokemon_forms.csv;https://raw.githubusercontent.com/PokeAPI/pokeapi/master/data/v2/csv/pokemon_form_names.csv;https://docs.google.com/spreadsheets/d/1nwiq_ggEj7QePeZGMR2xoi0bEHJr_ZGO24YCRdt93No/edit#gid=857670931;https://docs.google.com/spreadsheets/d/1B2uTMvWlAHb7WlpupJV1A2Hbi3K3U1vCyoFV0wCapcw/edit#gid=26363830;https://docs.google.com/spreadsheets/d/1B2uTMvWlAHb7WlpupJV1A2Hbi3K3U1vCyoFV0wCapcw/edit#gid=1521895812
285,615,Frigometri,frigometri,Cryogonal,cryogonal,RU,7,3,3,"S2, S3, S6",1,S3,2,3,picked,https://raw.githubusercontent.com/PokeAPI/pokeapi/master/data/v2/csv/pokemon_species_names.csv;https://raw.githubusercontent.com/PokeAPI/pokeapi/master/data/v2/csv/languages.csv;https://raw.githubusercontent.com/PokeAPI/pokeapi/master/data/v2/csv/pokemon.csv;https://raw.githubusercontent.com/PokeAPI/pokeapi/master/data/v2/csv/pokemon_forms.csv;https://raw.githubusercontent.com/PokeAPI/pokeapi/master/data/v2/csv/pokemon_form_names.csv;https://docs.google.com/spreadsheets/d/11wxsKyCydVmDjp4kGLJAOLPM_LgwCLN2GYpbDQkNtkk/edit#gid=1843013406;https://docs.google.com/spreadsheets/d/1JZpA-5XDldN2bjfvhvBPHYK-1AENETLnF1UxNEpWlNA/edit#gid=352888197;data/manual/pokemon_killlists.csv;https://docs.google.com/spreadsheets/d/1vJ-pioe3RZKSZ3LIGEA3FVTv_KEE_XKIQAXSIUNNd-Q/edit#gid=0
286,478,Frosdedje,frosdedje,Froslass,froslass,RU,7,3,2,"S6, S8",0,,2,2,picked,https://raw.githubusercontent.com/PokeAPI/pokeapi/master/data/v2/csv/pokemon_species_names.csv;https://raw.githubusercontent.com/PokeAPI/pokeapi/master/data/v2/csv/languages.csv;https://raw.githubusercontent.com/PokeAPI/pokeapi/master/data/v2/csv/pokemon.csv;https://raw.githubusercontent.com/PokeAPI/pokeapi/master/data/v2/csv/pokemon_forms.csv;https://raw.githubusercontent.com/PokeAPI/pokeapi/master/data/v2/csv/pokemon_form_names.csv;https://docs.google.com/spreadsheets/d/11wxsKyCydVmDjp4kGLJAOLPM_LgwCLN2GYpbDQkNtkk/edit#gid=1588964432;https://docs.google.com/spreadsheets/d/1B2uTMvWlAHb7WlpupJV1A2Hbi3K3U1vCyoFV0wCapcw/edit#gid=1846395979;https://docs.google.com/spreadsheets/d/1B2uTMvWlAHb7WlpupJV1A2Hbi3K3U1vCyoFV0wCapcw/edit#gid=1271313224
287,254,Gewaldro,gewaldro,Sceptile,sceptile,RU,7,3,3,"S5, S6, S10",0,,3,3,picked,https://raw.githubusercontent.com/PokeAPI/pokeapi/master/data/v2/csv/pokemon_species_names.csv;https://raw.githubusercontent.com/PokeAPI/pokeapi/master/data/v2/csv/languages.csv;https://raw.githubusercontent.com/PokeAPI/pokeapi/master/data/v2/csv/pokemon.csv;https://raw.githubusercontent.com/PokeAPI/pokeapi/master/data/v2/csv/pokemon_forms.csv;https://raw.githubusercontent.com/PokeAPI/pokeapi/master/data/v2/csv/pokemon_form_names.csv;https://docs.google.com/spreadsheets/d/1JZpA-5XDldN2bjfvhvBPHYK-1AENETLnF1UxNEpWlNA/edit#gid=352888197;data/manual/team_pokemon_usage.csv;output/team-graphics/s5/Howling Commandos.png;https://docs.google.com/spreadsheets/d/11wxsKyCydVmDjp4kGLJAOLPM_LgwCLN2GYpbDQkNtkk/edit#gid=1843013406;https://docs.google.com/spreadsheets/d/13smsrG2BGYxr_omJWcgr-sUDr39bvOJPNL5RPt4DSow/edit#gid=1934543062
288,210,Granbull,granbull,Granbull,granbull,RU,7,3,3,"S3, S5, S6",0,,3,3,picked,https://raw.githubusercontent.com/PokeAPI/pokeapi/master/data/v2/csv/pokemon_species_names.csv;https://raw.githubusercontent.com/PokeAPI/pokeapi/master/data/v2/csv/languages.csv;https://raw.githubusercontent.com/PokeAPI/pokeapi/master/data/v2/csv/pokemon.csv;https://raw.githubusercontent.com/PokeAPI/pokeapi/master/data/v2/csv/pokemon_forms.csv;https://raw.githubusercontent.com/PokeAPI/pokeapi/master/data/v2/csv/pokemon_form_names.csv;https://docs.google.com/spreadsheets/d/1JZpA-5XDldN2bjfvhvBPHYK-1AENETLnF1UxNEpWlNA/edit#gid=352888197;data/manual/team_pokemon_usage.csv;output/team-graphics/s5/Triyolotree.png;https://docs.google.com/spreadsheets/d/11wxsKyCydVmDjp4kGLJAOLPM_LgwCLN2GYpbDQkNtkk/edit#gid=1843013406;data/manual/pokemon_killlists.csv
289,771,Gufa,gufa,Pyukumuku,pyukumuku,RU,7,3,3,"S5, S6, S7",0,,3,3,picked,https://raw.githubusercontent.com/PokeAPI/pokeapi/master/data/v2/csv/pokemon_species_names.csv;https://raw.githubusercontent.com/PokeAPI/pokeapi/master/data/v2/csv/languages.csv;https://raw.githubusercontent.com/PokeAPI/pokeapi/master/data/v2/csv/pokemon.csv;https://raw.githubusercontent.com/PokeAPI/pokeapi/master/data/v2/csv/pokemon_forms.csv;https://raw.githubusercontent.com/PokeAPI/pokeapi/master/data/v2/csv/pokemon_form_names.csv;https://docs.google.com/spreadsheets/d/11wxsKyCydVmDjp4kGLJAOLPM_LgwCLN2GYpbDQkNtkk/edit#gid=1843013406;https://docs.google.com/spreadsheets/d/1nwiq_ggEj7QePeZGMR2xoi0bEHJr_ZGO24YCRdt93No/edit#gid=857670931;https://docs.google.com/spreadsheets/d/1JZpA-5XDldN2bjfvhvBPHYK-1AENETLnF1UxNEpWlNA/edit#gid=352888197;data/manual/pokemon_killlists.csv
290,947,Horrerba,horrerba,Brambleghast,brambleghast,RU,7,3,1,S10,0,,2,2,picked,https://raw.githubusercontent.com/PokeAPI/pokeapi/master/data/v2/csv/pokemon_species_names.csv;https://raw.githubusercontent.com/PokeAPI/pokeapi/master/data/v2/csv/languages.csv;https://raw.githubusercontent.com/PokeAPI/pokeapi/master/data/v2/csv/pokemon.csv;https://raw.githubusercontent.com/PokeAPI/pokeapi/master/data/v2/csv/pokemon_forms.csv;https://raw.githubusercontent.com/PokeAPI/pokeapi/master/data/v2/csv/pokemon_form_names.csv;https://docs.google.com/spreadsheets/d/13smsrG2BGYxr_omJWcgr-sUDr39bvOJPNL5RPt4DSow/edit#gid=71150222;https://docs.google.com/spreadsheets/d/13smsrG2BGYxr_omJWcgr-sUDr39bvOJPNL5RPt4DSow/edit#gid=1934543062;https://docs.google.com/spreadsheets/d/13smsrG2BGYxr_omJWcgr-sUDr39bvOJPNL5RPt4DSow/edit#gid=1953790464
291,617,Hydragil,hydragil,Accelgor,accelgor,RU,7,3,2,"S3, S8",0,,2,2,picked,https://raw.githubusercontent.com/PokeAPI/pokeapi/master/data/v2/csv/pokemon_species_names.csv;https://raw.githubusercontent.com/PokeAPI/pokeapi/master/data/v2/csv/languages.csv;https://raw.githubusercontent.com/PokeAPI/pokeapi/master/data/v2/csv/pokemon.csv;https://raw.githubusercontent.com/PokeAPI/pokeapi/master/data/v2/csv/pokemon_forms.csv;https://raw.githubusercontent.com/PokeAPI/pokeapi/master/data/v2/csv/pokemon_form_names.csv;https://docs.google.com/spreadsheets/d/1B2uTMvWlAHb7WlpupJV1A2Hbi3K3U1vCyoFV0wCapcw/edit#gid=1846395979;https://docs.google.com/spreadsheets/d/1JZpA-5XDldN2bjfvhvBPHYK-1AENETLnF1UxNEpWlNA/edit#gid=352888197;data/manual/pokemon_killlists.csv;https://docs.google.com/spreadsheets/d/1B2uTMvWlAHb7WlpupJV1A2Hbi3K3U1vCyoFV0wCapcw/edit#gid=1271313224
292,775,Koalelu,koalelu,Komala,komala,RU,7,3,2,"S5, S6",0,,3,3,picked,https://raw.githubusercontent.com/PokeAPI/pokeapi/master/data/v2/csv/pokemon_species_names.csv;https://raw.githubusercontent.com/PokeAPI/pokeapi/master/data/v2/csv/languages.csv;https://raw.githubusercontent.com/PokeAPI/pokeapi/master/data/v2/csv/pokemon.csv;https://raw.githubusercontent.com/PokeAPI/pokeapi/master/data/v2/csv/pokemon_forms.csv;https://raw.githubusercontent.com/PokeAPI/pokeapi/master/data/v2/csv/pokemon_form_names.csv;https://docs.google.com/spreadsheets/d/1JZpA-5XDldN2bjfvhvBPHYK-1AENETLnF1UxNEpWlNA/edit#gid=352888197;data/manual/team_pokemon_usage.csv;output/team-graphics/s5/Cabgosport.png;https://docs.google.com/spreadsheets/d/11wxsKyCydVmDjp4kGLJAOLPM_LgwCLN2GYpbDQkNtkk/edit#gid=1588964432;https://docs.google.com/spreadsheets/d/11wxsKyCydVmDjp4kGLJAOLPM_LgwCLN2GYpbDQkNtkk/edit#gid=1843013406
293,442,Kryppuk,kryppuk,Spiritomb,spiritomb,RU,7,3,3,"S1, S4, S6",0,,3,3,picked,https://raw.githubusercontent.com/PokeAPI/pokeapi/master/data/v2/csv/pokemon_species_names.csv;https://raw.githubusercontent.com/PokeAPI/pokeapi/master/data/v2/csv/languages.csv;https://raw.githubusercontent.com/PokeAPI/pokeapi/master/data/v2/csv/pokemon.csv;https://raw.githubusercontent.com/PokeAPI/pokeapi/master/data/v2/csv/pokemon_forms.csv;https://raw.githubusercontent.com/PokeAPI/pokeapi/master/data/v2/csv/pokemon_form_names.csv;https://docs.google.com/spreadsheets/d/1JZpA-5XDldN2bjfvhvBPHYK-1AENETLnF1UxNEpWlNA/edit#gid=352888197;data/manual/team_pokemon_usage.csv;output/team-graphics/s4/Slicing Knights - Cabgolord.png;https://docs.google.com/spreadsheets/d/11wxsKyCydVmDjp4kGLJAOLPM_LgwCLN2GYpbDQkNtkk/edit#gid=654435343;https://docs.google.com/spreadsheets/d/1n9SmK-ccTCn8Jjhs4U2LKnibXY8PvuBtV3V9MCOURRA/edit#gid=0
294,18,Mega-Tauboss,megatauboss,pidgeot-mega,pidgeotmega,RU,7,3,3,"S2, S4, S6",0,,3,2,picked,https://raw.githubusercontent.com/PokeAPI/pokeapi/master/data/v2/csv/pokemon_species_names.csv;https://raw.githubusercontent.com/PokeAPI/pokeapi/master/data/v2/csv/languages.csv;https://raw.githubusercontent.com/PokeAPI/pokeapi/master/data/v2/csv/pokemon.csv;https://raw.githubusercontent.com/PokeAPI/pokeapi/master/data/v2/csv/pokemon_forms.csv;https://raw.githubusercontent.com/PokeAPI/pokeapi/master/data/v2/csv/pokemon_form_names.csv;https://docs.google.com/spreadsheets/d/1odsNRAZStW1GzmpXwmg27dqjOlch7w8syZOZ5Z2OQRg/edit#gid=0;https://docs.google.com/spreadsheets/d/11wxsKyCydVmDjp4kGLJAOLPM_LgwCLN2GYpbDQkNtkk/edit#gid=1843013406;https://docs.google.com/spreadsheets/d/1JZpA-5XDldN2bjfvhvBPHYK-1AENETLnF1UxNEpWlNA/edit#gid=352888197;data/manual/pokemon_killlists.csv
295,310,Mega-Voltenso,megavoltenso,manectric-mega,manectricmega,RU,7,3,3,"S1, S3, S6",0,,3,3,picked,https://raw.githubusercontent.com/PokeAPI/pokeapi/master/data/v2/csv/pokemon_species_names.csv;https://raw.githubusercontent.com/PokeAPI/pokeapi/master/data/v2/csv/languages.csv;https://raw.githubusercontent.com/PokeAPI/pokeapi/master/data/v2/csv/pokemon.csv;https://raw.githubusercontent.com/PokeAPI/pokeapi/master/data/v2/csv/pokemon_forms.csv;https://raw.githubusercontent.com/PokeAPI/pokeapi/master/data/v2/csv/pokemon_form_names.csv;https://docs.google.com/spreadsheets/d/1JZpA-5XDldN2bjfvhvBPHYK-1AENETLnF1UxNEpWlNA/edit#gid=352888197;data/manual/team_pokemon_usage.csv;output/team-graphics/s3/GPL Teams Spieltag 14 (2).jpg;https://docs.google.com/spreadsheets/d/11wxsKyCydVmDjp4kGLJAOLPM_LgwCLN2GYpbDQkNtkk/edit#gid=1843013406;https://docs.google.com/spreadsheets/d/1n9SmK-ccTCn8Jjhs4U2LKnibXY8PvuBtV3V9MCOURRA/edit#gid=0
296,839,Montecarbo,montecarbo,Coalossal,coalossal,RU,7,3,2,"S7, S10",0,,2,2,picked,https://raw.githubusercontent.com/PokeAPI/pokeapi/master/data/v2/csv/pokemon_species_names.csv;https://raw.githubusercontent.com/PokeAPI/pokeapi/master/data/v2/csv/languages.csv;https://raw.githubusercontent.com/PokeAPI/pokeapi/master/data/v2/csv/pokemon.csv;https://raw.githubusercontent.com/PokeAPI/pokeapi/master/data/v2/csv/pokemon_forms.csv;https://raw.githubusercontent.com/PokeAPI/pokeapi/master/data/v2/csv/pokemon_form_names.csv;https://docs.google.com/spreadsheets/d/1nwiq_ggEj7QePeZGMR2xoi0bEHJr_ZGO24YCRdt93No/edit#gid=857670931;https://docs.google.com/spreadsheets/d/13smsrG2BGYxr_omJWcgr-sUDr39bvOJPNL5RPt4DSow/edit#gid=71150222;https://docs.google.com/spreadsheets/d/13smsrG2BGYxr_omJWcgr-sUDr39bvOJPNL5RPt4DSow/edit#gid=1934543062
297,576,Morbitesse,morbitesse,Gothitelle,gothitelle,RU,7,3,1,S9,0,,2,1,picked,https://raw.githubusercontent.com/PokeAPI/pokeapi/master/data/v2/csv/pokemon_species_names.csv;https://raw.githubusercontent.com/PokeAPI/pokeapi/master/data/v2/csv/languages.csv;https://raw.githubusercontent.com/PokeAPI/pokeapi/master/data/v2/csv/pokemon.csv;https://raw.githubusercontent.com/PokeAPI/pokeapi/master/data/v2/csv/pokemon_forms.csv;https://raw.githubusercontent.com/PokeAPI/pokeapi/master/data/v2/csv/pokemon_form_names.csv;https://docs.google.com/spreadsheets/d/1uo7-E_E2jbehB2hbBurpPayP_0fKY5sPZcFgZmfLydY/edit#gid=1526488506;https://docs.google.com/spreadsheets/d/1uo7-E_E2jbehB2hbBurpPayP_0fKY5sPZcFgZmfLydY/edit#gid=520178140;https://docs.google.com/spreadsheets/d/1uo7-E_E2jbehB2hbBurpPayP_0fKY5sPZcFgZmfLydY/edit#gid=1696255979
298,873,Mottineva,mottineva,Frosmoth,frosmoth,RU,7,3,2,"S7, S10",0,,2,2,picked,https://raw.githubusercontent.com/PokeAPI/pokeapi/master/data/v2/csv/pokemon_species_names.csv;https://raw.githubusercontent.com/PokeAPI/pokeapi/master/data/v2/csv/languages.csv;https://raw.githubusercontent.com/PokeAPI/pokeapi/master/data/v2/csv/pokemon.csv;https://raw.githubusercontent.com/PokeAPI/pokeapi/master/data/v2/csv/pokemon_forms.csv;https://raw.githubusercontent.com/PokeAPI/pokeapi/master/data/v2/csv/pokemon_form_names.csv;https://docs.google.com/spreadsheets/d/1nwiq_ggEj7QePeZGMR2xoi0bEHJr_ZGO24YCRdt93No/edit#gid=857670931;https://docs.google.com/spreadsheets/d/13smsrG2BGYxr_omJWcgr-sUDr39bvOJPNL5RPt4DSow/edit#gid=71150222;https://docs.google.com/spreadsheets/d/13smsrG2BGYxr_omJWcgr-sUDr39bvOJPNL5RPt4DSow/edit#gid=1934543062
299,861,Olangaar,olangaar,Grimmsnarl,grimmsnarl,RU,7,3,1,S9,0,,2,1,picked,https://raw.githubusercontent.com/PokeAPI/pokeapi/master/data/v2/csv/pokemon_species_names.csv;https://raw.githubusercontent.com/PokeAPI/pokeapi/master/data/v2/csv/languages.csv;https://raw.githubusercontent.com/PokeAPI/pokeapi/master/data/v2/csv/pokemon.csv;https://raw.githubusercontent.com/PokeAPI/pokeapi/master/data/v2/csv/pokemon_forms.csv;https://raw.githubusercontent.com/PokeAPI/pokeapi/master/data/v2/csv/pokemon_form_names.csv;https://docs.google.com/spreadsheets/d/1uo7-E_E2jbehB2hbBurpPayP_0fKY5sPZcFgZmfLydY/edit#gid=1526488506;https://docs.google.com/spreadsheets/d/1uo7-E_E2jbehB2hbBurpPayP_0fKY5sPZcFgZmfLydY/edit#gid=520178140;https://docs.google.com/spreadsheets/d/1uo7-E_E2jbehB2hbBurpPayP_0fKY5sPZcFgZmfLydY/edit#gid=1696255979
300,896,Polaross,polaross,Glastrier,glastrier,RU,7,3,2,"S8, S10",0,,2,2,picked,https://raw.githubusercontent.com/PokeAPI/pokeapi/master/data/v2/csv/pokemon_species_names.csv;https://raw.githubusercontent.com/PokeAPI/pokeapi/master/data/v2/csv/languages.csv;https://raw.githubusercontent.com/PokeAPI/pokeapi/master/data/v2/csv/pokemon.csv;https://raw.githubusercontent.com/PokeAPI/pokeapi/master/data/v2/csv/pokemon_forms.csv;https://raw.githubusercontent.com/PokeAPI/pokeapi/master/data/v2/csv/pokemon_form_names.csv;https://docs.google.com/spreadsheets/d/1B2uTMvWlAHb7WlpupJV1A2Hbi3K3U1vCyoFV0wCapcw/edit#gid=1846395979;https://docs.google.com/spreadsheets/d/13smsrG2BGYxr_omJWcgr-sUDr39bvOJPNL5RPt4DSow/edit#gid=1934543062;https://docs.google.com/spreadsheets/d/1B2uTMvWlAHb7WlpupJV1A2Hbi3K3U1vCyoFV0wCapcw/edit#gid=1271313224
301,186,Quaxo,quaxo,Politoed,politoed,RU,7,3,1,S2,0,,3,0,picked,https://raw.githubusercontent.com/PokeAPI/pokeapi/master/data/v2/csv/pokemon_species_names.csv;https://raw.githubusercontent.com/PokeAPI/pokeapi/master/data/v2/csv/languages.csv;https://raw.githubusercontent.com/PokeAPI/pokeapi/master/data/v2/csv/pokemon.csv;https://raw.githubusercontent.com/PokeAPI/pokeapi/master/data/v2/csv/pokemon_forms.csv;https://raw.githubusercontent.com/PokeAPI/pokeapi/master/data/v2/csv/pokemon_form_names.csv;https://docs.google.com/spreadsheets/d/1FUsClf5qEny-BHY5Djp8rIwRJKBSJDvygJ8LBa62FEo/edit#gid=0;https://docs.google.com/spreadsheets/d/1odsNRAZStW1GzmpXwmg27dqjOlch7w8syZOZ5Z2OQRg/edit#gid=0;https://docs.google.com/spreadsheets/d/1JZpA-5XDldN2bjfvhvBPHYK-1AENETLnF1UxNEpWlNA/edit#gid=352888197
302,379,Registeel,registeel,Registeel,registeel,RU,7,3,2,"S2, S10",0,,2,1,picked,https://raw.githubusercontent.com/PokeAPI/pokeapi/master/data/v2/csv/pokemon_species_names.csv;https://raw.githubusercontent.com/PokeAPI/pokeapi/master/data/v2/csv/languages.csv;https://raw.githubusercontent.com/PokeAPI/pokeapi/master/data/v2/csv/pokemon.csv;https://raw.githubusercontent.com/PokeAPI/pokeapi/master/data/v2/csv/pokemon_forms.csv;https://raw.githubusercontent.com/PokeAPI/pokeapi/master/data/v2/csv/pokemon_form_names.csv;https://docs.google.com/spreadsheets/d/1odsNRAZStW1GzmpXwmg27dqjOlch7w8syZOZ5Z2OQRg/edit#gid=0;https://docs.google.com/spreadsheets/d/13smsrG2BGYxr_omJWcgr-sUDr39bvOJPNL5RPt4DSow/edit#gid=71150222;https://docs.google.com/spreadsheets/d/13smsrG2BGYxr_omJWcgr-sUDr39bvOJPNL5RPt4DSow/edit#gid=1934543062
303,989,Sandfell,sandfell,Sandy Shocks,sandyshocks,RU,7,3,1,S10,0,,2,2,picked,https://raw.githubusercontent.com/PokeAPI/pokeapi/master/data/v2/csv/pokemon_species_names.csv;https://raw.githubusercontent.com/PokeAPI/pokeapi/master/data/v2/csv/languages.csv;https://raw.githubusercontent.com/PokeAPI/pokeapi/master/data/v2/csv/pokemon.csv;https://raw.githubusercontent.com/PokeAPI/pokeapi/master/data/v2/csv/pokemon_forms.csv;https://raw.githubusercontent.com/PokeAPI/pokeapi/master/data/v2/csv/pokemon_form_names.csv;https://docs.google.com/spreadsheets/d/13smsrG2BGYxr_omJWcgr-sUDr39bvOJPNL5RPt4DSow/edit#gid=71150222;https://docs.google.com/spreadsheets/d/13smsrG2BGYxr_omJWcgr-sUDr39bvOJPNL5RPt4DSow/edit#gid=1934543062;https://docs.google.com/spreadsheets/d/13smsrG2BGYxr_omJWcgr-sUDr39bvOJPNL5RPt4DSow/edit#gid=1953790464
304,820,Schlaraffel,schlaraffel,Greedent,greedent,RU,7,3,1,S9,0,,2,1,picked,https://raw.githubusercontent.com/PokeAPI/pokeapi/master/data/v2/csv/pokemon_species_names.csv;https://raw.githubusercontent.com/PokeAPI/pokeapi/master/data/v2/csv/languages.csv;https://raw.githubusercontent.com/PokeAPI/pokeapi/master/data/v2/csv/pokemon.csv;https://raw.githubusercontent.com/PokeAPI/pokeapi/master/data/v2/csv/pokemon_forms.csv;https://raw.githubusercontent.com/PokeAPI/pokeapi/master/data/v2/csv/pokemon_form_names.csv;https://docs.google.com/spreadsheets/d/1uo7-E_E2jbehB2hbBurpPayP_0fKY5sPZcFgZmfLydY/edit#gid=1526488506;https://docs.google.com/spreadsheets/d/1uo7-E_E2jbehB2hbBurpPayP_0fKY5sPZcFgZmfLydY/edit#gid=520178140;https://docs.google.com/spreadsheets/d/1uo7-E_E2jbehB2hbBurpPayP_0fKY5sPZcFgZmfLydY/edit#gid=1696255979
305,780,Sen-Long,senlong,Drampa,drampa,RU,7,3,3,"S5, S6, S7",1,S5,3,3,picked,https://raw.githubusercontent.com/PokeAPI/pokeapi/master/data/v2/csv/pokemon_species_names.csv;https://raw.githubusercontent.com/PokeAPI/pokeapi/master/data/v2/csv/languages.csv;https://raw.githubusercontent.com/PokeAPI/pokeapi/master/data/v2/csv/pokemon.csv;https://raw.githubusercontent.com/PokeAPI/pokeapi/master/data/v2/csv/pokemon_forms.csv;https://raw.githubusercontent.com/PokeAPI/pokeapi/master/data/v2/csv/pokemon_form_names.csv;https://docs.google.com/spreadsheets/d/1JZpA-5XDldN2bjfvhvBPHYK-1AENETLnF1UxNEpWlNA/edit#gid=352888197;data/manual/team_pokemon_usage.csv;output/team-graphics/s5/Shockwaving Magearnas.png;https://docs.google.com/spreadsheets/d/11wxsKyCydVmDjp4kGLJAOLPM_LgwCLN2GYpbDQkNtkk/edit#gid=1843013406;https://docs.google.com/spreadsheets/d/1nwiq_ggEj7QePeZGMR2xoi0bEHJr_ZGO24YCRdt93No/edit#gid=857670931
306,768,Tectass,tectass,Golisopod,golisopod,RU,7,3,2,"S5, S6",0,,3,3,picked,https://raw.githubusercontent.com/PokeAPI/pokeapi/master/data/v2/csv/pokemon_species_names.csv;https://raw.githubusercontent.com/PokeAPI/pokeapi/master/data/v2/csv/languages.csv;https://raw.githubusercontent.com/PokeAPI/pokeapi/master/data/v2/csv/pokemon.csv;https://raw.githubusercontent.com/PokeAPI/pokeapi/master/data/v2/csv/pokemon_forms.csv;https://raw.githubusercontent.com/PokeAPI/pokeapi/master/data/v2/csv/pokemon_form_names.csv;https://docs.google.com/spreadsheets/d/1JZpA-5XDldN2bjfvhvBPHYK-1AENETLnF1UxNEpWlNA/edit#gid=352888197;data/manual/team_pokemon_usage.csv;output/team-graphics/s5/Aggron Berlin.png;https://docs.google.com/spreadsheets/d/11wxsKyCydVmDjp4kGLJAOLPM_LgwCLN2GYpbDQkNtkk/edit#gid=1588964432;https://docs.google.com/spreadsheets/d/11wxsKyCydVmDjp4kGLJAOLPM_LgwCLN2GYpbDQkNtkk/edit#gid=1843013406
307,275,Tengulist,tengulist,Shiftry,shiftry,RU,7,3,2,"S3, S10",0,,2,2,picked,https://raw.githubusercontent.com/PokeAPI/pokeapi/master/data/v2/csv/pokemon_species_names.csv;https://raw.githubusercontent.com/PokeAPI/pokeapi/master/data/v2/csv/languages.csv;https://raw.githubusercontent.com/PokeAPI/pokeapi/master/data/v2/csv/pokemon.csv;https://raw.githubusercontent.com/PokeAPI/pokeapi/master/data/v2/csv/pokemon_forms.csv;https://raw.githubusercontent.com/PokeAPI/pokeapi/master/data/v2/csv/pokemon_form_names.csv;https://docs.google.com/spreadsheets/d/1JZpA-5XDldN2bjfvhvBPHYK-1AENETLnF1UxNEpWlNA/edit#gid=352888197;data/manual/team_pokemon_usage.csv;output/team-graphics/s3/GPL Teams Spieltag 14 (1).jpg;https://docs.google.com/spreadsheets/d/13smsrG2BGYxr_omJWcgr-sUDr39bvOJPNL5RPt4DSow/edit#gid=71150222;https://docs.google.com/spreadsheets/d/13smsrG2BGYxr_omJWcgr-sUDr39bvOJPNL5RPt4DSow/edit#gid=1934543062
308,310,Voltenso,voltenso,Manectric,manectric,RU,7,3,1,S9,0,,2,1,picked,https://raw.githubusercontent.com/PokeAPI/pokeapi/master/data/v2/csv/pokemon_species_names.csv;https://raw.githubusercontent.com/PokeAPI/pokeapi/master/data/v2/csv/languages.csv;https://raw.githubusercontent.com/PokeAPI/pokeapi/master/data/v2/csv/pokemon.csv;https://raw.githubusercontent.com/PokeAPI/pokeapi/master/data/v2/csv/pokemon_forms.csv;https://raw.githubusercontent.com/PokeAPI/pokeapi/master/data/v2/csv/pokemon_form_names.csv;https://docs.google.com/spreadsheets/d/1uo7-E_E2jbehB2hbBurpPayP_0fKY5sPZcFgZmfLydY/edit#gid=1526488506;https://docs.google.com/spreadsheets/d/1uo7-E_E2jbehB2hbBurpPayP_0fKY5sPZcFgZmfLydY/edit#gid=520178140;https://docs.google.com/spreadsheets/d/1uo7-E_E2jbehB2hbBurpPayP_0fKY5sPZcFgZmfLydY/edit#gid=1696255979
309,893,Zarude,zarude,Zarude,zarude,RU,7,3,1,S9,1,S9,2,1,picked,https://raw.githubusercontent.com/PokeAPI/pokeapi/master/data/v2/csv/pokemon_species_names.csv;https://raw.githubusercontent.com/PokeAPI/pokeapi/master/data/v2/csv/languages.csv;https://raw.githubusercontent.com/PokeAPI/pokeapi/master/data/v2/csv/pokemon.csv;https://raw.githubusercontent.com/PokeAPI/pokeapi/master/data/v2/csv/pokemon_forms.csv;https://raw.githubusercontent.com/PokeAPI/pokeapi/master/data/v2/csv/pokemon_form_names.csv;https://docs.google.com/spreadsheets/d/1uo7-E_E2jbehB2hbBurpPayP_0fKY5sPZcFgZmfLydY/edit#gid=1526488506;https://docs.google.com/spreadsheets/d/1uo7-E_E2jbehB2hbBurpPayP_0fKY5sPZcFgZmfLydY/edit#gid=520178140;https://docs.google.com/spreadsheets/d/1uo7-E_E2jbehB2hbBurpPayP_0fKY5sPZcFgZmfLydY/edit#gid=1696255979
310,718,Zygarde (10%),zygarde10,zygarde-10-power-construct,zygarde10,RU,7,3,2,"S4, S6",0,,3,3,picked,https://raw.githubusercontent.com/PokeAPI/pokeapi/master/data/v2/csv/pokemon_species_names.csv;https://raw.githubusercontent.com/PokeAPI/pokeapi/master/data/v2/csv/languages.csv;https://raw.githubusercontent.com/PokeAPI/pokeapi/master/data/v2/csv/pokemon.csv;https://raw.githubusercontent.com/PokeAPI/pokeapi/master/data/v2/csv/pokemon_forms.csv;https://raw.githubusercontent.com/PokeAPI/pokeapi/master/data/v2/csv/pokemon_form_names.csv;https://docs.google.com/spreadsheets/d/1JZpA-5XDldN2bjfvhvBPHYK-1AENETLnF1UxNEpWlNA/edit#gid=352888197;data/manual/team_pokemon_usage.csv;output/team-graphics/s4/Schnittlauchs - PokeBazi.png;https://docs.google.com/spreadsheets/d/11wxsKyCydVmDjp4kGLJAOLPM_LgwCLN2GYpbDQkNtkk/edit#gid=1588964432;https://docs.google.com/spreadsheets/d/11wxsKyCydVmDjp4kGLJAOLPM_LgwCLN2GYpbDQkNtkk/edit#gid=1843013406
311,93,Alpollo,alpollo,Haunter,haunter,NFE,14,3,3,"S3, S5, S7",0,,3,3,picked,https://raw.githubusercontent.com/PokeAPI/pokeapi/master/data/v2/csv/pokemon_species_names.csv;https://raw.githubusercontent.com/PokeAPI/pokeapi/master/data/v2/csv/languages.csv;https://raw.githubusercontent.com/PokeAPI/pokeapi/master/data/v2/csv/pokemon.csv;https://raw.githubusercontent.com/PokeAPI/pokeapi/master/data/v2/csv/pokemon_forms.csv;https://raw.githubusercontent.com/PokeAPI/pokeapi/master/data/v2/csv/pokemon_form_names.csv;https://docs.google.com/spreadsheets/d/1nwiq_ggEj7QePeZGMR2xoi0bEHJr_ZGO24YCRdt93No/edit#gid=857670931;https://docs.google.com/spreadsheets/d/1JZpA-5XDldN2bjfvhvBPHYK-1AENETLnF1UxNEpWlNA/edit#gid=352888197;data/manual/pokemon_killlists.csv
312,680,Duokles,duokles,Doublade,doublade,NFE,14,3,3,"S3, S6, S7",0,,3,3,picked,https://raw.githubusercontent.com/PokeAPI/pokeapi/master/data/v2/csv/pokemon_species_names.csv;https://raw.githubusercontent.com/PokeAPI/pokeapi/master/data/v2/csv/languages.csv;https://raw.githubusercontent.com/PokeAPI/pokeapi/master/data/v2/csv/pokemon.csv;https://raw.githubusercontent.com/PokeAPI/pokeapi/master/data/v2/csv/pokemon_forms.csv;https://raw.githubusercontent.com/PokeAPI/pokeapi/master/data/v2/csv/pokemon_form_names.csv;https://docs.google.com/spreadsheets/d/1JZpA-5XDldN2bjfvhvBPHYK-1AENETLnF1UxNEpWlNA/edit#gid=352888197;data/manual/team_pokemon_usage.csv;output/team-graphics/s3/GPL Teams Spieltag 14 (1).jpg;https://docs.google.com/spreadsheets/d/11wxsKyCydVmDjp4kGLJAOLPM_LgwCLN2GYpbDQkNtkk/edit#gid=1843013406;https://docs.google.com/spreadsheets/d/1nwiq_ggEj7QePeZGMR2xoi0bEHJr_ZGO24YCRdt93No/edit#gid=857670931
313,217,Ursaring,ursaring,Ursaring,ursaring,NFE,14,3,2,"S4, S10",0,,2,2,picked,https://raw.githubusercontent.com/PokeAPI/pokeapi/master/data/v2/csv/pokemon_species_names.csv;https://raw.githubusercontent.com/PokeAPI/pokeapi/master/data/v2/csv/languages.csv;https://raw.githubusercontent.com/PokeAPI/pokeapi/master/data/v2/csv/pokemon.csv;https://raw.githubusercontent.com/PokeAPI/pokeapi/master/data/v2/csv/pokemon_forms.csv;https://raw.githubusercontent.com/PokeAPI/pokeapi/master/data/v2/csv/pokemon_form_names.csv;https://docs.google.com/spreadsheets/d/13smsrG2BGYxr_omJWcgr-sUDr39bvOJPNL5RPt4DSow/edit#gid=71150222;https://docs.google.com/spreadsheets/d/13smsrG2BGYxr_omJWcgr-sUDr39bvOJPNL5RPt4DSow/edit#gid=1934543062;https://docs.google.com/spreadsheets/d/1JZpA-5XDldN2bjfvhvBPHYK-1AENETLnF1UxNEpWlNA/edit#gid=352888197;data/manual/pokemon_killlists.csv
314,711,Pumpdjinn-Größe XL,pumpdjinngrossexl,gourgeist-super,gourgeistsuper,,99,3,3,"S5, S6, S7",0,,3,3,picked,https://raw.githubusercontent.com/PokeAPI/pokeapi/master/data/v2/csv/pokemon_species_names.csv;https://raw.githubusercontent.com/PokeAPI/pokeapi/master/data/v2/csv/languages.csv;https://raw.githubusercontent.com/PokeAPI/pokeapi/master/data/v2/csv/pokemon.csv;https://raw.githubusercontent.com/PokeAPI/pokeapi/master/data/v2/csv/pokemon_forms.csv;https://raw.githubusercontent.com/PokeAPI/pokeapi/master/data/v2/csv/pokemon_form_names.csv;https://docs.google.com/spreadsheets/d/1JZpA-5XDldN2bjfvhvBPHYK-1AENETLnF1UxNEpWlNA/edit#gid=352888197;data/manual/team_pokemon_usage.csv;output/team-graphics/s5/Cabgosport.png;https://docs.google.com/spreadsheets/d/11wxsKyCydVmDjp4kGLJAOLPM_LgwCLN2GYpbDQkNtkk/edit#gid=1843013406;https://docs.google.com/spreadsheets/d/1nwiq_ggEj7QePeZGMR2xoi0bEHJr_ZGO24YCRdt93No/edit#gid=857670931
315,386,Deoxys-Geschwindigkeit,deoxysgeschwindigkeit,deoxys-speed,deoxysspeed,Uber,2,2,1,S10,0,,1,1,picked,https://raw.githubusercontent.com/PokeAPI/pokeapi/master/data/v2/csv/pokemon_species_names.csv;https://raw.githubusercontent.com/PokeAPI/pokeapi/master/data/v2/csv/languages.csv;https://raw.githubusercontent.com/PokeAPI/pokeapi/master/data/v2/csv/pokemon.csv;https://raw.githubusercontent.com/PokeAPI/pokeapi/master/data/v2/csv/pokemon_forms.csv;https://raw.githubusercontent.com/PokeAPI/pokeapi/master/data/v2/csv/pokemon_form_names.csv;https://docs.google.com/spreadsheets/d/13smsrG2BGYxr_omJWcgr-sUDr39bvOJPNL5RPt4DSow/edit#gid=71150222;https://docs.google.com/spreadsheets/d/13smsrG2BGYxr_omJWcgr-sUDr39bvOJPNL5RPt4DSow/edit#gid=1934543062
316,1005,Donnersichel,donnersichel,Roaring Moon,roaringmoon,Uber,2,2,1,S10,0,,1,1,picked,https://raw.githubusercontent.com/PokeAPI/pokeapi/master/data/v2/csv/pokemon_species_names.csv;https://raw.githubusercontent.com/PokeAPI/pokeapi/master/data/v2/csv/languages.csv;https://raw.githubusercontent.com/PokeAPI/pokeapi/master/data/v2/csv/pokemon.csv;https://raw.githubusercontent.com/PokeAPI/pokeapi/master/data/v2/csv/pokemon_forms.csv;https://raw.githubusercontent.com/PokeAPI/pokeapi/master/data/v2/csv/pokemon_form_names.csv;https://docs.google.com/spreadsheets/d/13smsrG2BGYxr_omJWcgr-sUDr39bvOJPNL5RPt4DSow/edit#gid=71150222;https://docs.google.com/spreadsheets/d/13smsrG2BGYxr_omJWcgr-sUDr39bvOJPNL5RPt4DSow/edit#gid=1934543062
317,903,Snieboss,snieboss,Sneasler,sneasler,Uber,2,2,1,S10,0,,1,1,picked,https://raw.githubusercontent.com/PokeAPI/pokeapi/master/data/v2/csv/pokemon_species_names.csv;https://raw.githubusercontent.com/PokeAPI/pokeapi/master/data/v2/csv/languages.csv;https://raw.githubusercontent.com/PokeAPI/pokeapi/master/data/v2/csv/pokemon.csv;https://raw.githubusercontent.com/PokeAPI/pokeapi/master/data/v2/csv/pokemon_forms.csv;https://raw.githubusercontent.com/PokeAPI/pokeapi/master/data/v2/csv/pokemon_form_names.csv;https://docs.google.com/spreadsheets/d/13smsrG2BGYxr_omJWcgr-sUDr39bvOJPNL5RPt4DSow/edit#gid=71150222;https://docs.google.com/spreadsheets/d/13smsrG2BGYxr_omJWcgr-sUDr39bvOJPNL5RPt4DSow/edit#gid=1934543062
318,858,Silembrim,silembrim,Hatterene,hatterene,OU,3,2,1,S8,0,,1,1,picked,https://raw.githubusercontent.com/PokeAPI/pokeapi/master/data/v2/csv/pokemon_species_names.csv;https://raw.githubusercontent.com/PokeAPI/pokeapi/master/data/v2/csv/languages.csv;https://raw.githubusercontent.com/PokeAPI/pokeapi/master/data/v2/csv/pokemon.csv;https://raw.githubusercontent.com/PokeAPI/pokeapi/master/data/v2/csv/pokemon_forms.csv;https://raw.githubusercontent.com/PokeAPI/pokeapi/master/data/v2/csv/pokemon_form_names.csv;https://docs.google.com/spreadsheets/d/1B2uTMvWlAHb7WlpupJV1A2Hbi3K3U1vCyoFV0wCapcw/edit#gid=26363830;https://docs.google.com/spreadsheets/d/1B2uTMvWlAHb7WlpupJV1A2Hbi3K3U1vCyoFV0wCapcw/edit#gid=1521895812
319,1023,Eisenhaupt,eisenhaupt,Iron Crown,ironcrown,UUBL,4,2,1,S10,0,,1,1,picked,https://raw.githubusercontent.com/PokeAPI/pokeapi/master/data/v2/csv/pokemon_species_names.csv;https://raw.githubusercontent.com/PokeAPI/pokeapi/master/data/v2/csv/languages.csv;https://raw.githubusercontent.com/PokeAPI/pokeapi/master/data/v2/csv/pokemon.csv;https://raw.githubusercontent.com/PokeAPI/pokeapi/master/data/v2/csv/pokemon_forms.csv;https://raw.githubusercontent.com/PokeAPI/pokeapi/master/data/v2/csv/pokemon_form_names.csv;https://docs.google.com/spreadsheets/d/13smsrG2BGYxr_omJWcgr-sUDr39bvOJPNL5RPt4DSow/edit#gid=71150222;https://docs.google.com/spreadsheets/d/13smsrG2BGYxr_omJWcgr-sUDr39bvOJPNL5RPt4DSow/edit#gid=1934543062
320,145,Galar Zapdos,galarzapdos,zapdos-galar,zapdosgalar,UUBL,4,2,1,S8,0,,1,1,picked,https://raw.githubusercontent.com/PokeAPI/pokeapi/master/data/v2/csv/pokemon_species_names.csv;https://raw.githubusercontent.com/PokeAPI/pokeapi/master/data/v2/csv/languages.csv;https://raw.githubusercontent.com/PokeAPI/pokeapi/master/data/v2/csv/pokemon.csv;https://raw.githubusercontent.com/PokeAPI/pokeapi/master/data/v2/csv/pokemon_forms.csv;https://raw.githubusercontent.com/PokeAPI/pokeapi/master/data/v2/csv/pokemon_form_names.csv;https://docs.google.com/spreadsheets/d/1B2uTMvWlAHb7WlpupJV1A2Hbi3K3U1vCyoFV0wCapcw/edit#gid=1846395979;https://docs.google.com/spreadsheets/d/1B2uTMvWlAHb7WlpupJV1A2Hbi3K3U1vCyoFV0wCapcw/edit#gid=1271313224
321,908,Maskagato,maskagato,Meowscarada,meowscarada,UUBL,4,2,1,S10,0,,1,1,picked,https://raw.githubusercontent.com/PokeAPI/pokeapi/master/data/v2/csv/pokemon_species_names.csv;https://raw.githubusercontent.com/PokeAPI/pokeapi/master/data/v2/csv/languages.csv;https://raw.githubusercontent.com/PokeAPI/pokeapi/master/data/v2/csv/pokemon.csv;https://raw.githubusercontent.com/PokeAPI/pokeapi/master/data/v2/csv/pokemon_forms.csv;https://raw.githubusercontent.com/PokeAPI/pokeapi/master/data/v2/csv/pokemon_form_names.csv;https://docs.google.com/spreadsheets/d/13smsrG2BGYxr_omJWcgr-sUDr39bvOJPNL5RPt4DSow/edit#gid=71150222;https://docs.google.com/spreadsheets/d/13smsrG2BGYxr_omJWcgr-sUDr39bvOJPNL5RPt4DSow/edit#gid=1934543062
322,303,Mega-Flunkifer,megaflunkifer,mawile-mega,mawilemega,UUBL,4,2,1,S1,0,,1,1,picked,https://raw.githubusercontent.com/PokeAPI/pokeapi/master/data/v2/csv/pokemon_species_names.csv;https://raw.githubusercontent.com/PokeAPI/pokeapi/master/data/v2/csv/languages.csv;https://raw.githubusercontent.com/PokeAPI/pokeapi/master/data/v2/csv/pokemon.csv;https://raw.githubusercontent.com/PokeAPI/pokeapi/master/data/v2/csv/pokemon_forms.csv;https://raw.githubusercontent.com/PokeAPI/pokeapi/master/data/v2/csv/pokemon_form_names.csv;https://docs.google.com/spreadsheets/d/1kiwDk4NgYoKb0Oo9yqzwl9HXHxuQ_0I5gkb1JtE57PI/edit#gid=0;https://docs.google.com/spreadsheets/d/1JZpA-5XDldN2bjfvhvBPHYK-1AENETLnF1UxNEpWlNA/edit#gid=352888197;https://docs.google.com/spreadsheets/d/1n9SmK-ccTCn8Jjhs4U2LKnibXY8PvuBtV3V9MCOURRA/edit#gid=0
323,1017,Ogerpon-Gestein,ogerpongestein,ogerpon-cornerstone-mask,ogerponcornerstone,UUBL,4,2,1,S10,1,S10,1,1,picked,https://raw.githubusercontent.com/PokeAPI/pokeapi/master/data/v2/csv/pokemon_species_names.csv;https://raw.githubusercontent.com/PokeAPI/pokeapi/master/data/v2/csv/languages.csv;https://raw.githubusercontent.com/PokeAPI/pokeapi/master/data/v2/csv/pokemon.csv;https://raw.githubusercontent.com/PokeAPI/pokeapi/master/data/v2/csv/pokemon_forms.csv;https://raw.githubusercontent.com/PokeAPI/pokeapi/master/data/v2/csv/pokemon_form_names.csv;https://docs.google.com/spreadsheets/d/13smsrG2BGYxr_omJWcgr-sUDr39bvOJPNL5RPt4DSow/edit#gid=71150222;https://docs.google.com/spreadsheets/d/13smsrG2BGYxr_omJWcgr-sUDr39bvOJPNL5RPt4DSow/edit#gid=1934543062
324,970,Lumiflora,lumiflora,Glimmora,glimmora,UU,5,2,1,S10,0,,1,1,picked,https://raw.githubusercontent.com/PokeAPI/pokeapi/master/data/v2/csv/pokemon_species_names.csv;https://raw.githubusercontent.com/PokeAPI/pokeapi/master/data/v2/csv/languages.csv;https://raw.githubusercontent.com/PokeAPI/pokeapi/master/data/v2/csv/pokemon.csv;https://raw.githubusercontent.com/PokeAPI/pokeapi/master/data/v2/csv/pokemon_forms.csv;https://raw.githubusercontent.com/PokeAPI/pokeapi/master/data/v2/csv/pokemon_form_names.csv;https://docs.google.com/spreadsheets/d/13smsrG2BGYxr_omJWcgr-sUDr39bvOJPNL5RPt4DSow/edit#gid=71150222;https://docs.google.com/spreadsheets/d/13smsrG2BGYxr_omJWcgr-sUDr39bvOJPNL5RPt4DSow/edit#gid=1934543062
325,302,Mega-Zobiris,megazobiris,sableye-mega,sableyemega,UU,5,2,2,"S2, S3",0,,2,1,picked,https://raw.githubusercontent.com/PokeAPI/pokeapi/master/data/v2/csv/pokemon_species_names.csv;https://raw.githubusercontent.com/PokeAPI/pokeapi/master/data/v2/csv/languages.csv;https://raw.githubusercontent.com/PokeAPI/pokeapi/master/data/v2/csv/pokemon.csv;https://raw.githubusercontent.com/PokeAPI/pokeapi/master/data/v2/csv/pokemon_forms.csv;https://raw.githubusercontent.com/PokeAPI/pokeapi/master/data/v2/csv/pokemon_form_names.csv;https://docs.google.com/spreadsheets/d/1odsNRAZStW1GzmpXwmg27dqjOlch7w8syZOZ5Z2OQRg/edit#gid=0;https://docs.google.com/spreadsheets/d/1JZpA-5XDldN2bjfvhvBPHYK-1AENETLnF1UxNEpWlNA/edit#gid=352888197;data/manual/pokemon_killlists.csv
326,914,Bailonda,bailonda,Quaquaval,quaquaval,RUBL,6,2,1,S10,0,,1,1,picked,https://raw.githubusercontent.com/PokeAPI/pokeapi/master/data/v2/csv/pokemon_species_names.csv;https://raw.githubusercontent.com/PokeAPI/pokeapi/master/data/v2/csv/languages.csv;https://raw.githubusercontent.com/PokeAPI/pokeapi/master/data/v2/csv/pokemon.csv;https://raw.githubusercontent.com/PokeAPI/pokeapi/master/data/v2/csv/pokemon_forms.csv;https://raw.githubusercontent.com/PokeAPI/pokeapi/master/data/v2/csv/pokemon_form_names.csv;https://docs.google.com/spreadsheets/d/13smsrG2BGYxr_omJWcgr-sUDr39bvOJPNL5RPt4DSow/edit#gid=71150222;https://docs.google.com/spreadsheets/d/13smsrG2BGYxr_omJWcgr-sUDr39bvOJPNL5RPt4DSow/edit#gid=1934543062
327,905,Cupidos-I,cupidosi,enamorus-incarnate,enamorus,RUBL,6,2,1,S10,0,,1,1,picked,https://raw.githubusercontent.com/PokeAPI/pokeapi/master/data/v2/csv/pokemon_species_names.csv;https://raw.githubusercontent.com/PokeAPI/pokeapi/master/data/v2/csv/languages.csv;https://raw.githubusercontent.com/PokeAPI/pokeapi/master/data/v2/csv/pokemon.csv;https://raw.githubusercontent.com/PokeAPI/pokeapi/master/data/v2/csv/pokemon_forms.csv;https://raw.githubusercontent.com/PokeAPI/pokeapi/master/data/v2/csv/pokemon_form_names.csv;https://docs.google.com/spreadsheets/d/13smsrG2BGYxr_omJWcgr-sUDr39bvOJPNL5RPt4DSow/edit#gid=71150222;https://docs.google.com/spreadsheets/d/13smsrG2BGYxr_omJWcgr-sUDr39bvOJPNL5RPt4DSow/edit#gid=1934543062
328,214,Mega-Skaraborn,megaskaraborn,heracross-mega,heracrossmega,RUBL,6,2,2,"S5, S6",0,,2,2,picked,https://raw.githubusercontent.com/PokeAPI/pokeapi/master/data/v2/csv/pokemon_species_names.csv;https://raw.githubusercontent.com/PokeAPI/pokeapi/master/data/v2/csv/languages.csv;https://raw.githubusercontent.com/PokeAPI/pokeapi/master/data/v2/csv/pokemon.csv;https://raw.githubusercontent.com/PokeAPI/pokeapi/master/data/v2/csv/pokemon_forms.csv;https://raw.githubusercontent.com/PokeAPI/pokeapi/master/data/v2/csv/pokemon_form_names.csv;https://docs.google.com/spreadsheets/d/1JZpA-5XDldN2bjfvhvBPHYK-1AENETLnF1UxNEpWlNA/edit#gid=352888197;data/manual/team_pokemon_usage.csv;output/team-graphics/s5/Victini Bottom.png;https://docs.google.com/spreadsheets/d/11wxsKyCydVmDjp4kGLJAOLPM_LgwCLN2GYpbDQkNtkk/edit#gid=1843013406
329,855,Mortipot,mortipot,Polteageist,polteageist,RUBL,6,2,1,S8,0,,1,1,picked,https://raw.githubusercontent.com/PokeAPI/pokeapi/master/data/v2/csv/pokemon_species_names.csv;https://raw.githubusercontent.com/PokeAPI/pokeapi/master/data/v2/csv/languages.csv;https://raw.githubusercontent.com/PokeAPI/pokeapi/master/data/v2/csv/pokemon.csv;https://raw.githubusercontent.com/PokeAPI/pokeapi/master/data/v2/csv/pokemon_forms.csv;https://raw.githubusercontent.com/PokeAPI/pokeapi/master/data/v2/csv/pokemon_form_names.csv;https://docs.google.com/spreadsheets/d/1B2uTMvWlAHb7WlpupJV1A2Hbi3K3U1vCyoFV0wCapcw/edit#gid=1846395979;https://docs.google.com/spreadsheets/d/1B2uTMvWlAHb7WlpupJV1A2Hbi3K3U1vCyoFV0wCapcw/edit#gid=1271313224
330,901,Ursaluna,ursaluna,Ursaluna,ursaluna,RUBL,6,2,1,S10,0,,1,1,picked,https://raw.githubusercontent.com/PokeAPI/pokeapi/master/data/v2/csv/pokemon_species_names.csv;https://raw.githubusercontent.com/PokeAPI/pokeapi/master/data/v2/csv/languages.csv;https://raw.githubusercontent.com/PokeAPI/pokeapi/master/data/v2/csv/pokemon.csv;https://raw.githubusercontent.com/PokeAPI/pokeapi/master/data/v2/csv/pokemon_forms.csv;https://raw.githubusercontent.com/PokeAPI/pokeapi/master/data/v2/csv/pokemon_form_names.csv;https://docs.google.com/spreadsheets/d/13smsrG2BGYxr_omJWcgr-sUDr39bvOJPNL5RPt4DSow/edit#gid=71150222;https://docs.google.com/spreadsheets/d/13smsrG2BGYxr_omJWcgr-sUDr39bvOJPNL5RPt4DSow/edit#gid=1934543062
331,945,Affiti,affiti,Grafaiai,grafaiai,RU,7,2,1,S10,0,,1,1,picked,https://raw.githubusercontent.com/PokeAPI/pokeapi/master/data/v2/csv/pokemon_species_names.csv;https://raw.githubusercontent.com/PokeAPI/pokeapi/master/data/v2/csv/languages.csv;https://raw.githubusercontent.com/PokeAPI/pokeapi/master/data/v2/csv/pokemon.csv;https://raw.githubusercontent.com/PokeAPI/pokeapi/master/data/v2/csv/pokemon_forms.csv;https://raw.githubusercontent.com/PokeAPI/pokeapi/master/data/v2/csv/pokemon_form_names.csv;https://docs.google.com/spreadsheets/d/13smsrG2BGYxr_omJWcgr-sUDr39bvOJPNL5RPt4DSow/edit#gid=71150222;https://docs.google.com/spreadsheets/d/13smsrG2BGYxr_omJWcgr-sUDr39bvOJPNL5RPt4DSow/edit#gid=1934543062
332,38,Alola Vulnona,alolavulnona,ninetales-alola,ninetalesalola,RU,7,2,2,"S4, S10",0,,2,2,picked,https://raw.githubusercontent.com/PokeAPI/pokeapi/master/data/v2/csv/pokemon_species_names.csv;https://raw.githubusercontent.com/PokeAPI/pokeapi/master/data/v2/csv/languages.csv;https://raw.githubusercontent.com/PokeAPI/pokeapi/master/data/v2/csv/pokemon.csv;https://raw.githubusercontent.com/PokeAPI/pokeapi/master/data/v2/csv/pokemon_forms.csv;https://raw.githubusercontent.com/PokeAPI/pokeapi/master/data/v2/csv/pokemon_form_names.csv;https://docs.google.com/spreadsheets/d/1JZpA-5XDldN2bjfvhvBPHYK-1AENETLnF1UxNEpWlNA/edit#gid=352888197;data/manual/team_pokemon_usage.csv;output/team-graphics/s4/Schnittlauchs - PokeBazi.png;https://docs.google.com/spreadsheets/d/13smsrG2BGYxr_omJWcgr-sUDr39bvOJPNL5RPt4DSow/edit#gid=1934543062
333,773,Amigento-Typ:Drache,amigentotypdrache,silvally-dragon,silvallydragon,RU,7,2,1,S8,0,,1,1,picked,https://raw.githubusercontent.com/PokeAPI/pokeapi/master/data/v2/csv/pokemon_species_names.csv;https://raw.githubusercontent.com/PokeAPI/pokeapi/master/data/v2/csv/languages.csv;https://raw.githubusercontent.com/PokeAPI/pokeapi/master/data/v2/csv/pokemon.csv;https://raw.githubusercontent.com/PokeAPI/pokeapi/master/data/v2/csv/pokemon_forms.csv;https://raw.githubusercontent.com/PokeAPI/pokeapi/master/data/v2/csv/pokemon_form_names.csv;https://docs.google.com/spreadsheets/d/1B2uTMvWlAHb7WlpupJV1A2Hbi3K3U1vCyoFV0wCapcw/edit#gid=26363830;https://docs.google.com/spreadsheets/d/1B2uTMvWlAHb7WlpupJV1A2Hbi3K3U1vCyoFV0wCapcw/edit#gid=1521895812
334,773,Amigento-Typ:Unlicht,amigentotypunlicht,silvally-dark,silvallydark,RU,7,2,1,S8,0,,1,1,picked,https://raw.githubusercontent.com/PokeAPI/pokeapi/master/data/v2/csv/pokemon_species_names.csv;https://raw.githubusercontent.com/PokeAPI/pokeapi/master/data/v2/csv/languages.csv;https://raw.githubusercontent.com/PokeAPI/pokeapi/master/data/v2/csv/pokemon.csv;https://raw.githubusercontent.com/PokeAPI/pokeapi/master/data/v2/csv/pokemon_forms.csv;https://raw.githubusercontent.com/PokeAPI/pokeapi/master/data/v2/csv/pokemon_form_names.csv;https://docs.google.com/spreadsheets/d/1B2uTMvWlAHb7WlpupJV1A2Hbi3K3U1vCyoFV0wCapcw/edit#gid=26363830;https://docs.google.com/spreadsheets/d/1B2uTMvWlAHb7WlpupJV1A2Hbi3K3U1vCyoFV0wCapcw/edit#gid=1521895812
335,144,Arktos,arktos,Articuno,articuno,RU,7,2,2,"S3, S10",0,,2,2,picked,https://raw.githubusercontent.com/PokeAPI/pokeapi/master/data/v2/csv/pokemon_species_names.csv;https://raw.githubusercontent.com/PokeAPI/pokeapi/master/data/v2/csv/languages.csv;https://raw.githubusercontent.com/PokeAPI/pokeapi/master/data/v2/csv/pokemon.csv;https://raw.githubusercontent.com/PokeAPI/pokeapi/master/data/v2/csv/pokemon_forms.csv;https://raw.githubusercontent.com/PokeAPI/pokeapi/master/data/v2/csv/pokemon_form_names.csv;https://docs.google.com/spreadsheets/d/13smsrG2BGYxr_omJWcgr-sUDr39bvOJPNL5RPt4DSow/edit#gid=1934543062;https://docs.google.com/spreadsheets/d/1JZpA-5XDldN2bjfvhvBPHYK-1AENETLnF1UxNEpWlNA/edit#gid=352888197;data/manual/pokemon_killlists.csv
336,348,Armaldo,armaldo,Armaldo,armaldo,RU,7,2,2,"S3, S4",0,,2,1,picked,https://raw.githubusercontent.com/PokeAPI/pokeapi/master/data/v2/csv/pokemon_species_names.csv;https://raw.githubusercontent.com/PokeAPI/pokeapi/master/data/v2/csv/languages.csv;https://raw.githubusercontent.com/PokeAPI/pokeapi/master/data/v2/csv/pokemon.csv;https://raw.githubusercontent.com/PokeAPI/pokeapi/master/data/v2/csv/pokemon_forms.csv;https://raw.githubusercontent.com/PokeAPI/pokeapi/master/data/v2/csv/pokemon_form_names.csv;https://docs.google.com/spreadsheets/d/1JZpA-5XDldN2bjfvhvBPHYK-1AENETLnF1UxNEpWlNA/edit#gid=352888197;data/manual/team_pokemon_usage.csv;output/team-graphics/s4/Flexing Masskito - RegiBang.png;https://docs.google.com/spreadsheets/d/1kXhNwKGrqQTwSal0NxpZ9h0yo6u_mQwhwg4vGVwxMX4/edit#gid=0
337,550,Barschuft,barschuft,Basculin,basculin,RU,7,2,2,"S7, S10",0,,2,1,picked,https://raw.githubusercontent.com/PokeAPI/pokeapi/master/data/v2/csv/pokemon_species_names.csv;https://raw.githubusercontent.com/PokeAPI/pokeapi/master/data/v2/csv/languages.csv;https://raw.githubusercontent.com/PokeAPI/pokeapi/master/data/v2/csv/pokemon.csv;https://raw.githubusercontent.com/PokeAPI/pokeapi/master/data/v2/csv/pokemon_forms.csv;https://raw.githubusercontent.com/PokeAPI/pokeapi/master/data/v2/csv/pokemon_form_names.csv;https://docs.google.com/spreadsheets/d/1nwiq_ggEj7QePeZGMR2xoi0bEHJr_ZGO24YCRdt93No/edit#gid=857670931;https://docs.google.com/spreadsheets/d/13smsrG2BGYxr_omJWcgr-sUDr39bvOJPNL5RPt4DSow/edit#gid=71150222
338,1016,Beatori,beatori,Fezandipiti,fezandipiti,RU,7,2,1,S10,0,,1,1,picked,https://raw.githubusercontent.com/PokeAPI/pokeapi/master/data/v2/csv/pokemon_species_names.csv;https://raw.githubusercontent.com/PokeAPI/pokeapi/master/data/v2/csv/languages.csv;https://raw.githubusercontent.com/PokeAPI/pokeapi/master/data/v2/csv/pokemon.csv;https://raw.githubusercontent.com/PokeAPI/pokeapi/master/data/v2/csv/pokemon_forms.csv;https://raw.githubusercontent.com/PokeAPI/pokeapi/master/data/v2/csv/pokemon_form_names.csv;https://docs.google.com/spreadsheets/d/13smsrG2BGYxr_omJWcgr-sUDr39bvOJPNL5RPt4DSow/edit#gid=71150222;https://docs.google.com/spreadsheets/d/13smsrG2BGYxr_omJWcgr-sUDr39bvOJPNL5RPt4DSow/edit#gid=1934543062
339,411,Bollterus,bollterus,Bastiodon,bastiodon,RU,7,2,1,S1,0,,1,1,picked,https://raw.githubusercontent.com/PokeAPI/pokeapi/master/data/v2/csv/pokemon_species_names.csv;https://raw.githubusercontent.com/PokeAPI/pokeapi/master/data/v2/csv/languages.csv;https://raw.githubusercontent.com/PokeAPI/pokeapi/master/data/v2/csv/pokemon.csv;https://raw.githubusercontent.com/PokeAPI/pokeapi/master/data/v2/csv/pokemon_forms.csv;https://raw.githubusercontent.com/PokeAPI/pokeapi/master/data/v2/csv/pokemon_form_names.csv;https://docs.google.com/spreadsheets/d/1kiwDk4NgYoKb0Oo9yqzwl9HXHxuQ_0I5gkb1JtE57PI/edit#gid=0;https://docs.google.com/spreadsheets/d/1JZpA-5XDldN2bjfvhvBPHYK-1AENETLnF1UxNEpWlNA/edit#gid=352888197;https://docs.google.com/spreadsheets/d/1n9SmK-ccTCn8Jjhs4U2LKnibXY8PvuBtV3V9MCOURRA/edit#gid=0
340,936,Crimanzo,crimanzo,Armarouge,armarouge,RU,7,2,1,S10,0,,1,1,picked,https://raw.githubusercontent.com/PokeAPI/pokeapi/master/data/v2/csv/pokemon_species_names.csv;https://raw.githubusercontent.com/PokeAPI/pokeapi/master/data/v2/csv/languages.csv;https://raw.githubusercontent.com/PokeAPI/pokeapi/master/data/v2/csv/pokemon.csv;https://raw.githubusercontent.com/PokeAPI/pokeapi/master/data/v2/csv/pokemon_forms.csv;https://raw.githubusercontent.com/PokeAPI/pokeapi/master/data/v2/csv/pokemon_form_names.csv;https://docs.google.com/spreadsheets/d/13smsrG2BGYxr_omJWcgr-sUDr39bvOJPNL5RPt4DSow/edit#gid=71150222;https://docs.google.com/spreadsheets/d/13smsrG2BGYxr_omJWcgr-sUDr39bvOJPNL5RPt4DSow/edit#gid=1934543062
341,905,Cupidos-T,cupidost,enamorus-therian,enamorustherian,RU,7,2,1,S10,0,,1,1,picked,https://raw.githubusercontent.com/PokeAPI/pokeapi/master/data/v2/csv/pokemon_species_names.csv;https://raw.githubusercontent.com/PokeAPI/pokeapi/master/data/v2/csv/languages.csv;https://raw.githubusercontent.com/PokeAPI/pokeapi/master/data/v2/csv/pokemon.csv;https://raw.githubusercontent.com/PokeAPI/pokeapi/master/data/v2/csv/pokemon_forms.csv;https://raw.githubusercontent.com/PokeAPI/pokeapi/master/data/v2/csv/pokemon_form_names.csv;https://docs.google.com/spreadsheets/d/13smsrG2BGYxr_omJWcgr-sUDr39bvOJPNL5RPt4DSow/edit#gid=71150222;https://docs.google.com/spreadsheets/d/13smsrG2BGYxr_omJWcgr-sUDr39bvOJPNL5RPt4DSow/edit#gid=1934543062
342,51,Digdri,digdri,Dugtrio,dugtrio,RU,7,2,2,"S3, S4",0,,2,2,picked,https://raw.githubusercontent.com/PokeAPI/pokeapi/master/data/v2/csv/pokemon_species_names.csv;https://raw.githubusercontent.com/PokeAPI/pokeapi/master/data/v2/csv/languages.csv;https://raw.githubusercontent.com/PokeAPI/pokeapi/master/data/v2/csv/pokemon.csv;https://raw.githubusercontent.com/PokeAPI/pokeapi/master/data/v2/csv/pokemon_forms.csv;https://raw.githubusercontent.com/PokeAPI/pokeapi/master/data/v2/csv/pokemon_form_names.csv;https://docs.google.com/spreadsheets/d/1JZpA-5XDldN2bjfvhvBPHYK-1AENETLnF1UxNEpWlNA/edit#gid=352888197;data/manual/team_pokemon_usage.csv;output/team-graphics/s3/GPL Teams Spieltag 14 (1).jpg;data/manual/pokemon_killlists.csv
343,1013,Fatalitcha,fatalitcha,Sinistcha,sinistcha,RU,7,2,1,S10,0,,1,1,picked,https://raw.githubusercontent.com/PokeAPI/pokeapi/master/data/v2/csv/pokemon_species_names.csv;https://raw.githubusercontent.com/PokeAPI/pokeapi/master/data/v2/csv/languages.csv;https://raw.githubusercontent.com/PokeAPI/pokeapi/master/data/v2/csv/pokemon.csv;https://raw.githubusercontent.com/PokeAPI/pokeapi/master/data/v2/csv/pokemon_forms.csv;https://raw.githubusercontent.com/PokeAPI/pokeapi/master/data/v2/csv/pokemon_form_names.csv;https://docs.google.com/spreadsheets/d/13smsrG2BGYxr_omJWcgr-sUDr39bvOJPNL5RPt4DSow/edit#gid=71150222;https://docs.google.com/spreadsheets/d/13smsrG2BGYxr_omJWcgr-sUDr39bvOJPNL5RPt4DSow/edit#gid=1934543062
344,500,Flambirex,flambirex,Emboar,emboar,RU,7,2,2,"S2, S3",0,,2,1,picked,https://raw.githubusercontent.com/PokeAPI/pokeapi/master/data/v2/csv/pokemon_species_names.csv;https://raw.githubusercontent.com/PokeAPI/pokeapi/master/data/v2/csv/languages.csv;https://raw.githubusercontent.com/PokeAPI/pokeapi/master/data/v2/csv/pokemon.csv;https://raw.githubusercontent.com/PokeAPI/pokeapi/master/data/v2/csv/pokemon_forms.csv;https://raw.githubusercontent.com/PokeAPI/pokeapi/master/data/v2/csv/pokemon_form_names.csv;https://docs.google.com/spreadsheets/d/1odsNRAZStW1GzmpXwmg27dqjOlch7w8syZOZ5Z2OQRg/edit#gid=0;https://docs.google.com/spreadsheets/d/1JZpA-5XDldN2bjfvhvBPHYK-1AENETLnF1UxNEpWlNA/edit#gid=352888197;data/manual/team_pokemon_usage.csv;output/team-graphics/s3/GPL Teams Spieltag 14 (2).jpg
345,528,Fletiamo,fletiamo,Swoobat,swoobat,RU,7,2,1,S8,0,,1,1,picked,https://raw.githubusercontent.com/PokeAPI/pokeapi/master/data/v2/csv/pokemon_species_names.csv;https://raw.githubusercontent.com/PokeAPI/pokeapi/master/data/v2/csv/languages.csv;https://raw.githubusercontent.com/PokeAPI/pokeapi/master/data/v2/csv/pokemon.csv;https://raw.githubusercontent.com/PokeAPI/pokeapi/master/data/v2/csv/pokemon_forms.csv;https://raw.githubusercontent.com/PokeAPI/pokeapi/master/data/v2/csv/pokemon_form_names.csv;https://docs.google.com/spreadsheets/d/1B2uTMvWlAHb7WlpupJV1A2Hbi3K3U1vCyoFV0wCapcw/edit#gid=26363830;https://docs.google.com/spreadsheets/d/1B2uTMvWlAHb7WlpupJV1A2Hbi3K3U1vCyoFV0wCapcw/edit#gid=1521895812
346,144,Galar Arktos,galararktos,articuno-galar,articunogalar,RU,7,2,1,S8,0,,1,1,picked,https://raw.githubusercontent.com/PokeAPI/pokeapi/master/data/v2/csv/pokemon_species_names.csv;https://raw.githubusercontent.com/PokeAPI/pokeapi/master/data/v2/csv/languages.csv;https://raw.githubusercontent.com/PokeAPI/pokeapi/master/data/v2/csv/pokemon.csv;https://raw.githubusercontent.com/PokeAPI/pokeapi/master/data/v2/csv/pokemon_forms.csv;https://raw.githubusercontent.com/PokeAPI/pokeapi/master/data/v2/csv/pokemon_form_names.csv;https://docs.google.com/spreadsheets/d/1B2uTMvWlAHb7WlpupJV1A2Hbi3K3U1vCyoFV0wCapcw/edit#gid=1846395979;https://docs.google.com/spreadsheets/d/1B2uTMvWlAHb7WlpupJV1A2Hbi3K3U1vCyoFV0wCapcw/edit#gid=1271313224
347,78,Gallopa,gallopa,Rapidash,rapidash,RU,7,2,2,"S5, S7",0,,2,2,picked,https://raw.githubusercontent.com/PokeAPI/pokeapi/master/data/v2/csv/pokemon_species_names.csv;https://raw.githubusercontent.com/PokeAPI/pokeapi/master/data/v2/csv/languages.csv;https://raw.githubusercontent.com/PokeAPI/pokeapi/master/data/v2/csv/pokemon.csv;https://raw.githubusercontent.com/PokeAPI/pokeapi/master/data/v2/csv/pokemon_forms.csv;https://raw.githubusercontent.com/PokeAPI/pokeapi/master/data/v2/csv/pokemon_form_names.csv;https://docs.google.com/spreadsheets/d/1nwiq_ggEj7QePeZGMR2xoi0bEHJr_ZGO24YCRdt93No/edit#gid=857670931;https://docs.google.com/spreadsheets/d/1JZpA-5XDldN2bjfvhvBPHYK-1AENETLnF1UxNEpWlNA/edit#gid=352888197;data/manual/pokemon_killlists.csv
348,584,Gelatwino,gelatwino,Vanilluxe,vanilluxe,RU,7,2,1,S8,0,,1,1,picked,https://raw.githubusercontent.com/PokeAPI/pokeapi/master/data/v2/csv/pokemon_species_names.csv;https://raw.githubusercontent.com/PokeAPI/pokeapi/master/data/v2/csv/languages.csv;https://raw.githubusercontent.com/PokeAPI/pokeapi/master/data/v2/csv/pokemon.csv;https://raw.githubusercontent.com/PokeAPI/pokeapi/master/data/v2/csv/pokemon_forms.csv;https://raw.githubusercontent.com/PokeAPI/pokeapi/master/data/v2/csv/pokemon_form_names.csv;https://docs.google.com/spreadsheets/d/1B2uTMvWlAHb7WlpupJV1A2Hbi3K3U1vCyoFV0wCapcw/edit#gid=1846395979;https://docs.google.com/spreadsheets/d/1B2uTMvWlAHb7WlpupJV1A2Hbi3K3U1vCyoFV0wCapcw/edit#gid=1271313224
349,959,Granforgita,granforgita,Tinkaton,tinkaton,RU,7,2,1,S10,0,,1,1,picked,https://raw.githubusercontent.com/PokeAPI/pokeapi/master/data/v2/csv/pokemon_species_names.csv;https://raw.githubusercontent.com/PokeAPI/pokeapi/master/data/v2/csv/languages.csv;https://raw.githubusercontent.com/PokeAPI/pokeapi/master/data/v2/csv/pokemon.csv;https://raw.githubusercontent.com/PokeAPI/pokeapi/master/data/v2/csv/pokemon_forms.csv;https://raw.githubusercontent.com/PokeAPI/pokeapi/master/data/v2/csv/pokemon_form_names.csv;https://docs.google.com/spreadsheets/d/13smsrG2BGYxr_omJWcgr-sUDr39bvOJPNL5RPt4DSow/edit#gid=71150222;https://docs.google.com/spreadsheets/d/13smsrG2BGYxr_omJWcgr-sUDr39bvOJPNL5RPt4DSow/edit#gid=1934543062
350,713,Hisui Arktilas,hisuiarktilas,avalugg-hisui,avalugghisui,RU,7,2,1,S10,0,,1,1,picked,https://raw.githubusercontent.com/PokeAPI/pokeapi/master/data/v2/csv/pokemon_species_names.csv;https://raw.githubusercontent.com/PokeAPI/pokeapi/master/data/v2/csv/languages.csv;https://raw.githubusercontent.com/PokeAPI/pokeapi/master/data/v2/csv/pokemon.csv;https://raw.githubusercontent.com/PokeAPI/pokeapi/master/data/v2/csv/pokemon_forms.csv;https://raw.githubusercontent.com/PokeAPI/pokeapi/master/data/v2/csv/pokemon_form_names.csv;https://docs.google.com/spreadsheets/d/13smsrG2BGYxr_omJWcgr-sUDr39bvOJPNL5RPt4DSow/edit#gid=71150222;https://docs.google.com/spreadsheets/d/13smsrG2BGYxr_omJWcgr-sUDr39bvOJPNL5RPt4DSow/edit#gid=1934543062
351,229,Hundemon,hundemon,Houndoom,houndoom,RU,7,2,2,"S5, S6",1,S5,2,2,picked,https://raw.githubusercontent.com/PokeAPI/pokeapi/master/data/v2/csv/pokemon_species_names.csv;https://raw.githubusercontent.com/PokeAPI/pokeapi/master/data/v2/csv/languages.csv;https://raw.githubusercontent.com/PokeAPI/pokeapi/master/data/v2/csv/pokemon.csv;https://raw.githubusercontent.com/PokeAPI/pokeapi/master/data/v2/csv/pokemon_forms.csv;https://raw.githubusercontent.com/PokeAPI/pokeapi/master/data/v2/csv/pokemon_form_names.csv;https://docs.google.com/spreadsheets/d/11wxsKyCydVmDjp4kGLJAOLPM_LgwCLN2GYpbDQkNtkk/edit#gid=1588964432;https://docs.google.com/spreadsheets/d/1JZpA-5XDldN2bjfvhvBPHYK-1AENETLnF1UxNEpWlNA/edit#gid=352888197;data/manual/pokemon_killlists.csv
352,314,Illumise,illumise,Illumise,illumise,RU,7,2,1,S10,0,,1,1,picked,https://raw.githubusercontent.com/PokeAPI/pokeapi/master/data/v2/csv/pokemon_species_names.csv;https://raw.githubusercontent.com/PokeAPI/pokeapi/master/data/v2/csv/languages.csv;https://raw.githubusercontent.com/PokeAPI/pokeapi/master/data/v2/csv/pokemon.csv;https://raw.githubusercontent.com/PokeAPI/pokeapi/master/data/v2/csv/pokemon_forms.csv;https://raw.githubusercontent.com/PokeAPI/pokeapi/master/data/v2/csv/pokemon_form_names.csv;https://docs.google.com/spreadsheets/d/13smsrG2BGYxr_omJWcgr-sUDr39bvOJPNL5RPt4DSow/edit#gid=71150222;https://docs.google.com/spreadsheets/d/13smsrG2BGYxr_omJWcgr-sUDr39bvOJPNL5RPt4DSow/edit#gid=1934543062
353,538,Jiutesto,jiutesto,Throh,throh,RU,7,2,2,"S1, S7",0,,2,2,picked,https://raw.githubusercontent.com/PokeAPI/pokeapi/master/data/v2/csv/pokemon_species_names.csv;https://raw.githubusercontent.com/PokeAPI/pokeapi/master/data/v2/csv/languages.csv;https://raw.githubusercontent.com/PokeAPI/pokeapi/master/data/v2/csv/pokemon.csv;https://raw.githubusercontent.com/PokeAPI/pokeapi/master/data/v2/csv/pokemon_forms.csv;https://raw.githubusercontent.com/PokeAPI/pokeapi/master/data/v2/csv/pokemon_form_names.csv;https://docs.google.com/spreadsheets/d/1nwiq_ggEj7QePeZGMR2xoi0bEHJr_ZGO24YCRdt93No/edit#gid=857670931;https://docs.google.com/spreadsheets/d/1JZpA-5XDldN2bjfvhvBPHYK-1AENETLnF1UxNEpWlNA/edit#gid=352888197;https://docs.google.com/spreadsheets/d/1n9SmK-ccTCn8Jjhs4U2LKnibXY8PvuBtV3V9MCOURRA/edit#gid=0
354,586,Kronjuwild,kronjuwild,Sawsbuck,sawsbuck,RU,7,2,1,S10,0,,1,1,picked,https://raw.githubusercontent.com/PokeAPI/pokeapi/master/data/v2/csv/pokemon_species_names.csv;https://raw.githubusercontent.com/PokeAPI/pokeapi/master/data/v2/csv/languages.csv;https://raw.githubusercontent.com/PokeAPI/pokeapi/master/data/v2/csv/pokemon.csv;https://raw.githubusercontent.com/PokeAPI/pokeapi/master/data/v2/csv/pokemon_forms.csv;https://raw.githubusercontent.com/PokeAPI/pokeapi/master/data/v2/csv/pokemon_form_names.csv;https://docs.google.com/spreadsheets/d/13smsrG2BGYxr_omJWcgr-sUDr39bvOJPNL5RPt4DSow/edit#gid=71150222;https://docs.google.com/spreadsheets/d/13smsrG2BGYxr_omJWcgr-sUDr39bvOJPNL5RPt4DSow/edit#gid=1934543062
355,344,Lepumentas,lepumentas,Claydol,claydol,RU,7,2,2,"S5, S6",0,,2,2,picked,https://raw.githubusercontent.com/PokeAPI/pokeapi/master/data/v2/csv/pokemon_species_names.csv;https://raw.githubusercontent.com/PokeAPI/pokeapi/master/data/v2/csv/languages.csv;https://raw.githubusercontent.com/PokeAPI/pokeapi/master/data/v2/csv/pokemon.csv;https://raw.githubusercontent.com/PokeAPI/pokeapi/master/data/v2/csv/pokemon_forms.csv;https://raw.githubusercontent.com/PokeAPI/pokeapi/master/data/v2/csv/pokemon_form_names.csv;https://docs.google.com/spreadsheets/d/1JZpA-5XDldN2bjfvhvBPHYK-1AENETLnF1UxNEpWlNA/edit#gid=352888197;data/manual/team_pokemon_usage.csv;output/team-graphics/s5/SoulStealer.png;https://docs.google.com/spreadsheets/d/11wxsKyCydVmDjp4kGLJAOLPM_LgwCLN2GYpbDQkNtkk/edit#gid=1843013406
356,405,Luxtra,luxtra,Luxray,luxray,RU,7,2,2,"S1, S6",0,,2,2,picked,https://raw.githubusercontent.com/PokeAPI/pokeapi/master/data/v2/csv/pokemon_species_names.csv;https://raw.githubusercontent.com/PokeAPI/pokeapi/master/data/v2/csv/languages.csv;https://raw.githubusercontent.com/PokeAPI/pokeapi/master/data/v2/csv/pokemon.csv;https://raw.githubusercontent.com/PokeAPI/pokeapi/master/data/v2/csv/pokemon_forms.csv;https://raw.githubusercontent.com/PokeAPI/pokeapi/master/data/v2/csv/pokemon_form_names.csv;https://docs.google.com/spreadsheets/d/11wxsKyCydVmDjp4kGLJAOLPM_LgwCLN2GYpbDQkNtkk/edit#gid=1843013406;https://docs.google.com/spreadsheets/d/1JZpA-5XDldN2bjfvhvBPHYK-1AENETLnF1UxNEpWlNA/edit#gid=352888197;https://docs.google.com/spreadsheets/d/1n9SmK-ccTCn8Jjhs4U2LKnibXY8PvuBtV3V9MCOURRA/edit#gid=0
357,226,Mantax,mantax,Mantine,mantine,RU,7,2,2,"S4, S7",1,S4,2,2,picked,https://raw.githubusercontent.com/PokeAPI/pokeapi/master/data/v2/csv/pokemon_species_names.csv;https://raw.githubusercontent.com/PokeAPI/pokeapi/master/data/v2/csv/languages.csv;https://raw.githubusercontent.com/PokeAPI/pokeapi/master/data/v2/csv/pokemon.csv;https://raw.githubusercontent.com/PokeAPI/pokeapi/master/data/v2/csv/pokemon_forms.csv;https://raw.githubusercontent.com/PokeAPI/pokeapi/master/data/v2/csv/pokemon_form_names.csv;https://docs.google.com/spreadsheets/d/1JZpA-5XDldN2bjfvhvBPHYK-1AENETLnF1UxNEpWlNA/edit#gid=352888197;data/manual/team_pokemon_usage.csv;output/team-graphics/s4/Ritter der Tapukokosnuss - FullLifeGames.png;https://docs.google.com/spreadsheets/d/1nwiq_ggEj7QePeZGMR2xoi0bEHJr_ZGO24YCRdt93No/edit#gid=857670931
358,284,Maskeregen,maskeregen,Masquerain,masquerain,RU,7,2,2,"S1, S5",0,,2,1,picked,https://raw.githubusercontent.com/PokeAPI/pokeapi/master/data/v2/csv/pokemon_species_names.csv;https://raw.githubusercontent.com/PokeAPI/pokeapi/master/data/v2/csv/languages.csv;https://raw.githubusercontent.com/PokeAPI/pokeapi/master/data/v2/csv/pokemon.csv;https://raw.githubusercontent.com/PokeAPI/pokeapi/master/data/v2/csv/pokemon_forms.csv;https://raw.githubusercontent.com/PokeAPI/pokeapi/master/data/v2/csv/pokemon_form_names.csv;https://docs.google.com/spreadsheets/d/1kiwDk4NgYoKb0Oo9yqzwl9HXHxuQ_0I5gkb1JtE57PI/edit#gid=0;https://docs.google.com/spreadsheets/d/1JZpA-5XDldN2bjfvhvBPHYK-1AENETLnF1UxNEpWlNA/edit#gid=352888197;data/manual/team_pokemon_usage.csv;output/team-graphics/s5/Crinchilla.png
359,181,Mega-Ampharos,megaampharos,ampharos-mega,ampharosmega,RU,7,2,1,S1,0,,1,1,picked,https://raw.githubusercontent.com/PokeAPI/pokeapi/master/data/v2/csv/pokemon_species_names.csv;https://raw.githubusercontent.com/PokeAPI/pokeapi/master/data/v2/csv/languages.csv;https://raw.githubusercontent.com/PokeAPI/pokeapi/master/data/v2/csv/pokemon.csv;https://raw.githubusercontent.com/PokeAPI/pokeapi/master/data/v2/csv/pokemon_forms.csv;https://raw.githubusercontent.com/PokeAPI/pokeapi/master/data/v2/csv/pokemon_form_names.csv;https://docs.google.com/spreadsheets/d/1kiwDk4NgYoKb0Oo9yqzwl9HXHxuQ_0I5gkb1JtE57PI/edit#gid=0;https://docs.google.com/spreadsheets/d/1JZpA-5XDldN2bjfvhvBPHYK-1AENETLnF1UxNEpWlNA/edit#gid=352888197;https://docs.google.com/spreadsheets/d/1n9SmK-ccTCn8Jjhs4U2LKnibXY8PvuBtV3V9MCOURRA/edit#gid=0
360,967,Mopex,mopex,Cyclizar,cyclizar,RU,7,2,1,S10,0,,1,1,picked,https://raw.githubusercontent.com/PokeAPI/pokeapi/master/data/v2/csv/pokemon_species_names.csv;https://raw.githubusercontent.com/PokeAPI/pokeapi/master/data/v2/csv/languages.csv;https://raw.githubusercontent.com/PokeAPI/pokeapi/master/data/v2/csv/pokemon.csv;https://raw.githubusercontent.com/PokeAPI/pokeapi/master/data/v2/csv/pokemon_forms.csv;https://raw.githubusercontent.com/PokeAPI/pokeapi/master/data/v2/csv/pokemon_form_names.csv;https://docs.google.com/spreadsheets/d/13smsrG2BGYxr_omJWcgr-sUDr39bvOJPNL5RPt4DSow/edit#gid=71150222;https://docs.google.com/spreadsheets/d/13smsrG2BGYxr_omJWcgr-sUDr39bvOJPNL5RPt4DSow/edit#gid=1934543062
361,904,Myriador,myriador,Overqwil,overqwil,RU,7,2,1,S10,0,,1,1,picked,https://raw.githubusercontent.com/PokeAPI/pokeapi/master/data/v2/csv/pokemon_species_names.csv;https://raw.githubusercontent.com/PokeAPI/pokeapi/master/data/v2/csv/languages.csv;https://raw.githubusercontent.com/PokeAPI/pokeapi/master/data/v2/csv/pokemon.csv;https://raw.githubusercontent.com/PokeAPI/pokeapi/master/data/v2/csv/pokemon_forms.csv;https://raw.githubusercontent.com/PokeAPI/pokeapi/master/data/v2/csv/pokemon_form_names.csv;https://docs.google.com/spreadsheets/d/13smsrG2BGYxr_omJWcgr-sUDr39bvOJPNL5RPt4DSow/edit#gid=71150222;https://docs.google.com/spreadsheets/d/13smsrG2BGYxr_omJWcgr-sUDr39bvOJPNL5RPt4DSow/edit#gid=1934543062
362,332,Noktuska,noktuska,Cacturne,cacturne,RU,7,2,2,"S1, S3",0,,2,1,picked,https://raw.githubusercontent.com/PokeAPI/pokeapi/master/data/v2/csv/pokemon_species_names.csv;https://raw.githubusercontent.com/PokeAPI/pokeapi/master/data/v2/csv/languages.csv;https://raw.githubusercontent.com/PokeAPI/pokeapi/master/data/v2/csv/pokemon.csv;https://raw.githubusercontent.com/PokeAPI/pokeapi/master/data/v2/csv/pokemon_forms.csv;https://raw.githubusercontent.com/PokeAPI/pokeapi/master/data/v2/csv/pokemon_form_names.csv;https://docs.google.com/spreadsheets/d/1JZpA-5XDldN2bjfvhvBPHYK-1AENETLnF1UxNEpWlNA/edit#gid=352888197;data/manual/pokemon_killlists.csv
363,1017,Ogerpon,ogerpon,Ogerpon,ogerpon,RU,7,2,1,S10,0,,2,1,picked,https://raw.githubusercontent.com/PokeAPI/pokeapi/master/data/v2/csv/pokemon_species_names.csv;https://raw.githubusercontent.com/PokeAPI/pokeapi/master/data/v2/csv/languages.csv;https://raw.githubusercontent.com/PokeAPI/pokeapi/master/data/v2/csv/pokemon.csv;https://raw.githubusercontent.com/PokeAPI/pokeapi/master/data/v2/csv/pokemon_forms.csv;https://raw.githubusercontent.com/PokeAPI/pokeapi/master/data/v2/csv/pokemon_form_names.csv;https://docs.google.com/spreadsheets/d/13smsrG2BGYxr_omJWcgr-sUDr39bvOJPNL5RPt4DSow/edit#gid=71150222;https://docs.google.com/spreadsheets/d/13smsrG2BGYxr_omJWcgr-sUDr39bvOJPNL5RPt4DSow/edit#gid=1934543062
364,923,Pamomamo,pamomamo,Pawmot,pawmot,RU,7,2,1,S10,0,,1,1,picked,https://raw.githubusercontent.com/PokeAPI/pokeapi/master/data/v2/csv/pokemon_species_names.csv;https://raw.githubusercontent.com/PokeAPI/pokeapi/master/data/v2/csv/languages.csv;https://raw.githubusercontent.com/PokeAPI/pokeapi/master/data/v2/csv/pokemon.csv;https://raw.githubusercontent.com/PokeAPI/pokeapi/master/data/v2/csv/pokemon_forms.csv;https://raw.githubusercontent.com/PokeAPI/pokeapi/master/data/v2/csv/pokemon_form_names.csv;https://docs.google.com/spreadsheets/d/13smsrG2BGYxr_omJWcgr-sUDr39bvOJPNL5RPt4DSow/edit#gid=71150222;https://docs.google.com/spreadsheets/d/13smsrG2BGYxr_omJWcgr-sUDr39bvOJPNL5RPt4DSow/edit#gid=1934543062
365,678,Psiaugon-Männlich,psiaugonmannlich,meowstic-male,meowstic,RU,7,2,2,"S2, S7",0,,2,2,picked,https://raw.githubusercontent.com/PokeAPI/pokeapi/master/data/v2/csv/pokemon_species_names.csv;https://raw.githubusercontent.com/PokeAPI/pokeapi/master/data/v2/csv/languages.csv;https://raw.githubusercontent.com/PokeAPI/pokeapi/master/data/v2/csv/pokemon.csv;https://raw.githubusercontent.com/PokeAPI/pokeapi/master/data/v2/csv/pokemon_forms.csv;https://raw.githubusercontent.com/PokeAPI/pokeapi/master/data/v2/csv/pokemon_form_names.csv;https://docs.google.com/spreadsheets/d/1nwiq_ggEj7QePeZGMR2xoi0bEHJr_ZGO24YCRdt93No/edit#gid=857670931;https://docs.google.com/spreadsheets/d/1JZpA-5XDldN2bjfvhvBPHYK-1AENETLnF1UxNEpWlNA/edit#gid=352888197;https://docs.google.com/spreadsheets/d/1vJ-pioe3RZKSZ3LIGEA3FVTv_KEE_XKIQAXSIUNNd-Q/edit#gid=0
366,668,Pyroleo,pyroleo,Pyroar,pyroar,RU,7,2,2,"S3, S4",0,,1,2,picked,https://raw.githubusercontent.com/PokeAPI/pokeapi/master/data/v2/csv/pokemon_species_names.csv;https://raw.githubusercontent.com/PokeAPI/pokeapi/master/data/v2/csv/languages.csv;https://raw.githubusercontent.com/PokeAPI/pokeapi/master/data/v2/csv/pokemon.csv;https://raw.githubusercontent.com/PokeAPI/pokeapi/master/data/v2/csv/pokemon_forms.csv;https://raw.githubusercontent.com/PokeAPI/pokeapi/master/data/v2/csv/pokemon_form_names.csv;https://docs.google.com/spreadsheets/d/1JZpA-5XDldN2bjfvhvBPHYK-1AENETLnF1UxNEpWlNA/edit#gid=352888197;data/manual/team_pokemon_usage.csv;output/team-graphics/s3/GPL Teams Spieltag 14 (2).jpg;data/manual/pokemon_killlists.csv
367,62,Quappo,quappo,Poliwrath,poliwrath,RU,7,2,2,"S4, S6",1,S4,2,2,picked,https://raw.githubusercontent.com/PokeAPI/pokeapi/master/data/v2/csv/pokemon_species_names.csv;https://raw.githubusercontent.com/PokeAPI/pokeapi/master/data/v2/csv/languages.csv;https://raw.githubusercontent.com/PokeAPI/pokeapi/master/data/v2/csv/pokemon.csv;https://raw.githubusercontent.com/PokeAPI/pokeapi/master/data/v2/csv/pokemon_forms.csv;https://raw.githubusercontent.com/PokeAPI/pokeapi/master/data/v2/csv/pokemon_form_names.csv;https://docs.google.com/spreadsheets/d/1JZpA-5XDldN2bjfvhvBPHYK-1AENETLnF1UxNEpWlNA/edit#gid=352888197;data/manual/team_pokemon_usage.csv;output/team-graphics/s4/Ritter der Tapukokosnuss - FullLifeGames.png;https://docs.google.com/spreadsheets/d/11wxsKyCydVmDjp4kGLJAOLPM_LgwCLN2GYpbDQkNtkk/edit#gid=654435343
368,324,Qurtel,qurtel,Torkoal,torkoal,RU,7,2,2,"S2, S7",0,,2,2,picked,https://raw.githubusercontent.com/PokeAPI/pokeapi/master/data/v2/csv/pokemon_species_names.csv;https://raw.githubusercontent.com/PokeAPI/pokeapi/master/data/v2/csv/languages.csv;https://raw.githubusercontent.com/PokeAPI/pokeapi/master/data/v2/csv/pokemon.csv;https://raw.githubusercontent.com/PokeAPI/pokeapi/master/data/v2/csv/pokemon_forms.csv;https://raw.githubusercontent.com/PokeAPI/pokeapi/master/data/v2/csv/pokemon_form_names.csv;https://docs.google.com/spreadsheets/d/1nwiq_ggEj7QePeZGMR2xoi0bEHJr_ZGO24YCRdt93No/edit#gid=857670931;https://docs.google.com/spreadsheets/d/1JZpA-5XDldN2bjfvhvBPHYK-1AENETLnF1UxNEpWlNA/edit#gid=352888197;https://docs.google.com/spreadsheets/d/1vJ-pioe3RZKSZ3LIGEA3FVTv_KEE_XKIQAXSIUNNd-Q/edit#gid=0
369,409,Rameidon,rameidon,Rampardos,rampardos,RU,7,2,2,"S4, S10",0,,2,2,picked,https://raw.githubusercontent.com/PokeAPI/pokeapi/master/data/v2/csv/pokemon_species_names.csv;https://raw.githubusercontent.com/PokeAPI/pokeapi/master/data/v2/csv/languages.csv;https://raw.githubusercontent.com/PokeAPI/pokeapi/master/data/v2/csv/pokemon.csv;https://raw.githubusercontent.com/PokeAPI/pokeapi/master/data/v2/csv/pokemon_forms.csv;https://raw.githubusercontent.com/PokeAPI/pokeapi/master/data/v2/csv/pokemon_form_names.csv;https://docs.google.com/spreadsheets/d/13smsrG2BGYxr_omJWcgr-sUDr39bvOJPNL5RPt4DSow/edit#gid=1934543062;https://docs.google.com/spreadsheets/d/1JZpA-5XDldN2bjfvhvBPHYK-1AENETLnF1UxNEpWlNA/edit#gid=352888197;data/manual/pokemon_killlists.csv
370,486,Regigigas,regigigas,Regigigas,regigigas,RU,7,2,1,S8,0,,1,1,picked,https://raw.githubusercontent.com/PokeAPI/pokeapi/master/data/v2/csv/pokemon_species_names.csv;https://raw.githubusercontent.com/PokeAPI/pokeapi/master/data/v2/csv/languages.csv;https://raw.githubusercontent.com/PokeAPI/pokeapi/master/data/v2/csv/pokemon.csv;https://raw.githubusercontent.com/PokeAPI/pokeapi/master/data/v2/csv/pokemon_forms.csv;https://raw.githubusercontent.com/PokeAPI/pokeapi/master/data/v2/csv/pokemon_form_names.csv;https://docs.google.com/spreadsheets/d/1B2uTMvWlAHb7WlpupJV1A2Hbi3K3U1vCyoFV0wCapcw/edit#gid=26363830;https://docs.google.com/spreadsheets/d/1B2uTMvWlAHb7WlpupJV1A2Hbi3K3U1vCyoFV0wCapcw/edit#gid=1521895812
371,230,Seedraking,seedraking,Kingdra,kingdra,RU,7,2,2,"S2, S6",0,,2,2,picked,https://raw.githubusercontent.com/PokeAPI/pokeapi/master/data/v2/csv/pokemon_species_names.csv;https://raw.githubusercontent.com/PokeAPI/pokeapi/master/data/v2/csv/languages.csv;https://raw.githubusercontent.com/PokeAPI/pokeapi/master/data/v2/csv/pokemon.csv;https://raw.githubusercontent.com/PokeAPI/pokeapi/master/data/v2/csv/pokemon_forms.csv;https://raw.githubusercontent.com/PokeAPI/pokeapi/master/data/v2/csv/pokemon_form_names.csv;https://docs.google.com/spreadsheets/d/11wxsKyCydVmDjp4kGLJAOLPM_LgwCLN2GYpbDQkNtkk/edit#gid=1843013406;https://docs.google.com/spreadsheets/d/1JZpA-5XDldN2bjfvhvBPHYK-1AENETLnF1UxNEpWlNA/edit#gid=352888197;https://docs.google.com/spreadsheets/d/1vJ-pioe3RZKSZ3LIGEA3FVTv_KEE_XKIQAXSIUNNd-Q/edit#gid=0
372,876,Servol-w,servolw,indeedee-female,indeedeef,RU,7,2,1,S10,0,,1,1,picked,https://raw.githubusercontent.com/PokeAPI/pokeapi/master/data/v2/csv/pokemon_species_names.csv;https://raw.githubusercontent.com/PokeAPI/pokeapi/master/data/v2/csv/languages.csv;https://raw.githubusercontent.com/PokeAPI/pokeapi/master/data/v2/csv/pokemon.csv;https://raw.githubusercontent.com/PokeAPI/pokeapi/master/data/v2/csv/pokemon_forms.csv;https://raw.githubusercontent.com/PokeAPI/pokeapi/master/data/v2/csv/pokemon_form_names.csv;https://docs.google.com/spreadsheets/d/13smsrG2BGYxr_omJWcgr-sUDr39bvOJPNL5RPt4DSow/edit#gid=71150222;https://docs.google.com/spreadsheets/d/13smsrG2BGYxr_omJWcgr-sUDr39bvOJPNL5RPt4DSow/edit#gid=1934543062
373,432,Shnurgast,shnurgast,Purugly,purugly,RU,7,2,1,S1,0,,1,1,picked,https://raw.githubusercontent.com/PokeAPI/pokeapi/master/data/v2/csv/pokemon_species_names.csv;https://raw.githubusercontent.com/PokeAPI/pokeapi/master/data/v2/csv/languages.csv;https://raw.githubusercontent.com/PokeAPI/pokeapi/master/data/v2/csv/pokemon.csv;https://raw.githubusercontent.com/PokeAPI/pokeapi/master/data/v2/csv/pokemon_forms.csv;https://raw.githubusercontent.com/PokeAPI/pokeapi/master/data/v2/csv/pokemon_form_names.csv;https://docs.google.com/spreadsheets/d/1kiwDk4NgYoKb0Oo9yqzwl9HXHxuQ_0I5gkb1JtE57PI/edit#gid=0;https://docs.google.com/spreadsheets/d/1JZpA-5XDldN2bjfvhvBPHYK-1AENETLnF1UxNEpWlNA/edit#gid=352888197;https://docs.google.com/spreadsheets/d/1n9SmK-ccTCn8Jjhs4U2LKnibXY8PvuBtV3V9MCOURRA/edit#gid=0
374,949,Tenterra,tenterra,Toedscruel,toedscruel,RU,7,2,1,S10,0,,1,1,picked,https://raw.githubusercontent.com/PokeAPI/pokeapi/master/data/v2/csv/pokemon_species_names.csv;https://raw.githubusercontent.com/PokeAPI/pokeapi/master/data/v2/csv/languages.csv;https://raw.githubusercontent.com/PokeAPI/pokeapi/master/data/v2/csv/pokemon.csv;https://raw.githubusercontent.com/PokeAPI/pokeapi/master/data/v2/csv/pokemon_forms.csv;https://raw.githubusercontent.com/PokeAPI/pokeapi/master/data/v2/csv/pokemon_form_names.csv;https://docs.google.com/spreadsheets/d/13smsrG2BGYxr_omJWcgr-sUDr39bvOJPNL5RPt4DSow/edit#gid=71150222;https://docs.google.com/spreadsheets/d/13smsrG2BGYxr_omJWcgr-sUDr39bvOJPNL5RPt4DSow/edit#gid=1934543062
375,319,Tohaido,tohaido,Sharpedo,sharpedo,RU,7,2,1,S8,0,,1,1,picked,https://raw.githubusercontent.com/PokeAPI/pokeapi/master/data/v2/csv/pokemon_species_names.csv;https://raw.githubusercontent.com/PokeAPI/pokeapi/master/data/v2/csv/languages.csv;https://raw.githubusercontent.com/PokeAPI/pokeapi/master/data/v2/csv/pokemon.csv;https://raw.githubusercontent.com/PokeAPI/pokeapi/master/data/v2/csv/pokemon_forms.csv;https://raw.githubusercontent.com/PokeAPI/pokeapi/master/data/v2/csv/pokemon_form_names.csv;https://docs.google.com/spreadsheets/d/1B2uTMvWlAHb7WlpupJV1A2Hbi3K3U1vCyoFV0wCapcw/edit#gid=1846395979;https://docs.google.com/spreadsheets/d/1B2uTMvWlAHb7WlpupJV1A2Hbi3K3U1vCyoFV0wCapcw/edit#gid=1271313224
376,157,Tornupto,tornupto,Typhlosion,typhlosion,RU,7,2,2,"S2, S5",0,,2,1,picked,https://raw.githubusercontent.com/PokeAPI/pokeapi/master/data/v2/csv/pokemon_species_names.csv;https://raw.githubusercontent.com/PokeAPI/pokeapi/master/data/v2/csv/languages.csv;https://raw.githubusercontent.com/PokeAPI/pokeapi/master/data/v2/csv/pokemon.csv;https://raw.githubusercontent.com/PokeAPI/pokeapi/master/data/v2/csv/pokemon_forms.csv;https://raw.githubusercontent.com/PokeAPI/pokeapi/master/data/v2/csv/pokemon_form_names.csv;https://docs.google.com/spreadsheets/d/1odsNRAZStW1GzmpXwmg27dqjOlch7w8syZOZ5Z2OQRg/edit#gid=0;https://docs.google.com/spreadsheets/d/1JZpA-5XDldN2bjfvhvBPHYK-1AENETLnF1UxNEpWlNA/edit#gid=352888197;data/manual/team_pokemon_usage.csv;output/team-graphics/s5/Crinchilla.png
377,429,Traunmagil,traunmagil,Mismagius,mismagius,RU,7,2,2,"S3, S4",0,,2,2,picked,https://raw.githubusercontent.com/PokeAPI/pokeapi/master/data/v2/csv/pokemon_species_names.csv;https://raw.githubusercontent.com/PokeAPI/pokeapi/master/data/v2/csv/languages.csv;https://raw.githubusercontent.com/PokeAPI/pokeapi/master/data/v2/csv/pokemon.csv;https://raw.githubusercontent.com/PokeAPI/pokeapi/master/data/v2/csv/pokemon_forms.csv;https://raw.githubusercontent.com/PokeAPI/pokeapi/master/data/v2/csv/pokemon_form_names.csv;https://docs.google.com/spreadsheets/d/1JZpA-5XDldN2bjfvhvBPHYK-1AENETLnF1UxNEpWlNA/edit#gid=352888197;data/manual/team_pokemon_usage.csv;output/team-graphics/s3/GPL Teams Spieltag 14 (1).jpg;output/team-graphics/s4/Slicing Knights - Cabgolord.png
378,941,Voltrean,voltrean,Kilowattrel,kilowattrel,RU,7,2,1,S10,0,,1,1,picked,https://raw.githubusercontent.com/PokeAPI/pokeapi/master/data/v2/csv/pokemon_species_names.csv;https://raw.githubusercontent.com/PokeAPI/pokeapi/master/data/v2/csv/languages.csv;https://raw.githubusercontent.com/PokeAPI/pokeapi/master/data/v2/csv/pokemon.csv;https://raw.githubusercontent.com/PokeAPI/pokeapi/master/data/v2/csv/pokemon_forms.csv;https://raw.githubusercontent.com/PokeAPI/pokeapi/master/data/v2/csv/pokemon_form_names.csv;https://docs.google.com/spreadsheets/d/13smsrG2BGYxr_omJWcgr-sUDr39bvOJPNL5RPt4DSow/edit#gid=71150222;https://docs.google.com/spreadsheets/d/13smsrG2BGYxr_omJWcgr-sUDr39bvOJPNL5RPt4DSow/edit#gid=1934543062
379,745,Wolwerock (Nacht),wolwerocknacht,lycanroc-midnight,lycanrocmidnight,RU,7,2,1,S8,0,,1,1,picked,https://raw.githubusercontent.com/PokeAPI/pokeapi/master/data/v2/csv/pokemon_species_names.csv;https://raw.githubusercontent.com/PokeAPI/pokeapi/master/data/v2/csv/languages.csv;https://raw.githubusercontent.com/PokeAPI/pokeapi/master/data/v2/csv/pokemon.csv;https://raw.githubusercontent.com/PokeAPI/pokeapi/master/data/v2/csv/pokemon_forms.csv;https://raw.githubusercontent.com/PokeAPI/pokeapi/master/data/v2/csv/pokemon_form_names.csv;https://docs.google.com/spreadsheets/d/1B2uTMvWlAHb7WlpupJV1A2Hbi3K3U1vCyoFV0wCapcw/edit#gid=1846395979;https://docs.google.com/spreadsheets/d/1B2uTMvWlAHb7WlpupJV1A2Hbi3K3U1vCyoFV0wCapcw/edit#gid=1271313224
380,178,Xatu,xatu,Xatu,xatu,RU,7,2,2,"S3, S7",0,,2,2,picked,https://raw.githubusercontent.com/PokeAPI/pokeapi/master/data/v2/csv/pokemon_species_names.csv;https://raw.githubusercontent.com/PokeAPI/pokeapi/master/data/v2/csv/languages.csv;https://raw.githubusercontent.com/PokeAPI/pokeapi/master/data/v2/csv/pokemon.csv;https://raw.githubusercontent.com/PokeAPI/pokeapi/master/data/v2/csv/pokemon_forms.csv;https://raw.githubusercontent.com/PokeAPI/pokeapi/master/data/v2/csv/pokemon_form_names.csv;https://docs.google.com/spreadsheets/d/1JZpA-5XDldN2bjfvhvBPHYK-1AENETLnF1UxNEpWlNA/edit#gid=352888197;data/manual/team_pokemon_usage.csv;output/team-graphics/s3/GPL Teams Spieltag 14 (2).jpg;https://docs.google.com/spreadsheets/d/1nwiq_ggEj7QePeZGMR2xoi0bEHJr_ZGO24YCRdt93No/edit#gid=857670931
381,469,Yanmega,yanmega,Yanmega,yanmega,RU,7,2,1,S2,0,,2,1,picked,https://raw.githubusercontent.com/PokeAPI/pokeapi/master/data/v2/csv/pokemon_species_names.csv;https://raw.githubusercontent.com/PokeAPI/pokeapi/master/data/v2/csv/languages.csv;https://raw.githubusercontent.com/PokeAPI/pokeapi/master/data/v2/csv/pokemon.csv;https://raw.githubusercontent.com/PokeAPI/pokeapi/master/data/v2/csv/pokemon_forms.csv;https://raw.githubusercontent.com/PokeAPI/pokeapi/master/data/v2/csv/pokemon_form_names.csv;https://docs.google.com/spreadsheets/d/1odsNRAZStW1GzmpXwmg27dqjOlch7w8syZOZ5Z2OQRg/edit#gid=0;https://docs.google.com/spreadsheets/d/1JZpA-5XDldN2bjfvhvBPHYK-1AENETLnF1UxNEpWlNA/edit#gid=352888197;https://docs.google.com/spreadsheets/d/1vJ-pioe3RZKSZ3LIGEA3FVTv_KEE_XKIQAXSIUNNd-Q/edit#gid=0
382,533,Strepoli,strepoli,Gurdurr,gurdurr,NFE,14,2,2,"S3, S7",0,,2,2,picked,https://raw.githubusercontent.com/PokeAPI/pokeapi/master/data/v2/csv/pokemon_species_names.csv;https://raw.githubusercontent.com/PokeAPI/pokeapi/master/data/v2/csv/languages.csv;https://raw.githubusercontent.com/PokeAPI/pokeapi/master/data/v2/csv/pokemon.csv;https://raw.githubusercontent.com/PokeAPI/pokeapi/master/data/v2/csv/pokemon_forms.csv;https://raw.githubusercontent.com/PokeAPI/pokeapi/master/data/v2/csv/pokemon_form_names.csv;https://docs.google.com/spreadsheets/d/1JZpA-5XDldN2bjfvhvBPHYK-1AENETLnF1UxNEpWlNA/edit#gid=352888197;data/manual/team_pokemon_usage.csv;output/team-graphics/s3/GPL Teams Spieltag 14 (2).jpg;https://docs.google.com/spreadsheets/d/1nwiq_ggEj7QePeZGMR2xoi0bEHJr_ZGO24YCRdt93No/edit#gid=857670931
383,200,Traunfugil,traunfugil,Misdreavus,misdreavus,NFE,14,2,1,S10,0,,1,1,picked,https://raw.githubusercontent.com/PokeAPI/pokeapi/master/data/v2/csv/pokemon_species_names.csv;https://raw.githubusercontent.com/PokeAPI/pokeapi/master/data/v2/csv/languages.csv;https://raw.githubusercontent.com/PokeAPI/pokeapi/master/data/v2/csv/pokemon.csv;https://raw.githubusercontent.com/PokeAPI/pokeapi/master/data/v2/csv/pokemon_forms.csv;https://raw.githubusercontent.com/PokeAPI/pokeapi/master/data/v2/csv/pokemon_form_names.csv;https://docs.google.com/spreadsheets/d/13smsrG2BGYxr_omJWcgr-sUDr39bvOJPNL5RPt4DSow/edit#gid=71150222;https://docs.google.com/spreadsheets/d/13smsrG2BGYxr_omJWcgr-sUDr39bvOJPNL5RPt4DSow/edit#gid=1934543062
384,705,Viscargot,viscargot,Sliggoo,sliggoo,NFE,14,2,2,"S6, S7",0,,2,2,picked,https://raw.githubusercontent.com/PokeAPI/pokeapi/master/data/v2/csv/pokemon_species_names.csv;https://raw.githubusercontent.com/PokeAPI/pokeapi/master/data/v2/csv/languages.csv;https://raw.githubusercontent.com/PokeAPI/pokeapi/master/data/v2/csv/pokemon.csv;https://raw.githubusercontent.com/PokeAPI/pokeapi/master/data/v2/csv/pokemon_forms.csv;https://raw.githubusercontent.com/PokeAPI/pokeapi/master/data/v2/csv/pokemon_form_names.csv;https://docs.google.com/spreadsheets/d/11wxsKyCydVmDjp4kGLJAOLPM_LgwCLN2GYpbDQkNtkk/edit#gid=1843013406;https://docs.google.com/spreadsheets/d/1nwiq_ggEj7QePeZGMR2xoi0bEHJr_ZGO24YCRdt93No/edit#gid=857670931
385,616,Schnuthelm,schnuthelm,Shelmet,shelmet,LC,15,2,1,S8,0,,1,1,picked,https://raw.githubusercontent.com/PokeAPI/pokeapi/master/data/v2/csv/pokemon_species_names.csv;https://raw.githubusercontent.com/PokeAPI/pokeapi/master/data/v2/csv/languages.csv;https://raw.githubusercontent.com/PokeAPI/pokeapi/master/data/v2/csv/pokemon.csv;https://raw.githubusercontent.com/PokeAPI/pokeapi/master/data/v2/csv/pokemon_forms.csv;https://raw.githubusercontent.com/PokeAPI/pokeapi/master/data/v2/csv/pokemon_form_names.csv;https://docs.google.com/spreadsheets/d/1B2uTMvWlAHb7WlpupJV1A2Hbi3K3U1vCyoFV0wCapcw/edit#gid=1846395979;https://docs.google.com/spreadsheets/d/1B2uTMvWlAHb7WlpupJV1A2Hbi3K3U1vCyoFV0wCapcw/edit#gid=1271313224
386,801,Magearna-Originalfarbe,magearnaoriginalfarbe,magearna-original,magearnaoriginal,,99,2,2,"S4, S5",1,S5,2,2,picked,https://raw.githubusercontent.com/PokeAPI/pokeapi/master/data/v2/csv/pokemon_species_names.csv;https://raw.githubusercontent.com/PokeAPI/pokeapi/master/data/v2/csv/languages.csv;https://raw.githubusercontent.com/PokeAPI/pokeapi/master/data/v2/csv/pokemon.csv;https://raw.githubusercontent.com/PokeAPI/pokeapi/master/data/v2/csv/pokemon_forms.csv;https://raw.githubusercontent.com/PokeAPI/pokeapi/master/data/v2/csv/pokemon_form_names.csv;https://docs.google.com/spreadsheets/d/1JZpA-5XDldN2bjfvhvBPHYK-1AENETLnF1UxNEpWlNA/edit#gid=352888197;data/manual/team_pokemon_usage.csv;output/team-graphics/s4/Prekani - PresentLP.png;output/team-graphics/s5/Shockwaving Magearnas.png
387,199,Galar Laschoking,galarlaschoking,slowking-galar,slowkinggalar,OU,3,1,1,S10,0,,1,1,picked,https://raw.githubusercontent.com/PokeAPI/pokeapi/master/data/v2/csv/pokemon_species_names.csv;https://raw.githubusercontent.com/PokeAPI/pokeapi/master/data/v2/csv/languages.csv;https://raw.githubusercontent.com/PokeAPI/pokeapi/master/data/v2/csv/pokemon.csv;https://raw.githubusercontent.com/PokeAPI/pokeapi/master/data/v2/csv/pokemon_forms.csv;https://raw.githubusercontent.com/PokeAPI/pokeapi/master/data/v2/csv/pokemon_form_names.csv;https://docs.google.com/spreadsheets/d/13smsrG2BGYxr_omJWcgr-sUDr39bvOJPNL5RPt4DSow/edit#gid=1934543062
388,983,Gladimperio,gladimperio,Kingambit,kingambit,OU,3,1,1,S10,0,,1,1,picked,https://raw.githubusercontent.com/PokeAPI/pokeapi/master/data/v2/csv/pokemon_species_names.csv;https://raw.githubusercontent.com/PokeAPI/pokeapi/master/data/v2/csv/languages.csv;https://raw.githubusercontent.com/PokeAPI/pokeapi/master/data/v2/csv/pokemon.csv;https://raw.githubusercontent.com/PokeAPI/pokeapi/master/data/v2/csv/pokemon_forms.csv;https://raw.githubusercontent.com/PokeAPI/pokeapi/master/data/v2/csv/pokemon_form_names.csv;https://docs.google.com/spreadsheets/d/13smsrG2BGYxr_omJWcgr-sUDr39bvOJPNL5RPt4DSow/edit#gid=1934543062
389,503,Hisui Admurai,hisuiadmurai,samurott-hisui,samurotthisui,OU,3,1,1,S10,0,,1,1,picked,https://raw.githubusercontent.com/PokeAPI/pokeapi/master/data/v2/csv/pokemon_species_names.csv;https://raw.githubusercontent.com/PokeAPI/pokeapi/master/data/v2/csv/languages.csv;https://raw.githubusercontent.com/PokeAPI/pokeapi/master/data/v2/csv/pokemon.csv;https://raw.githubusercontent.com/PokeAPI/pokeapi/master/data/v2/csv/pokemon_forms.csv;https://raw.githubusercontent.com/PokeAPI/pokeapi/master/data/v2/csv/pokemon_form_names.csv;https://docs.google.com/spreadsheets/d/13smsrG2BGYxr_omJWcgr-sUDr39bvOJPNL5RPt4DSow/edit#gid=1934543062
390,248,Mega-Despotar,megadespotar,tyranitar-mega,tyranitarmega,OU,3,1,1,S6,0,,1,1,picked,https://raw.githubusercontent.com/PokeAPI/pokeapi/master/data/v2/csv/pokemon_species_names.csv;https://raw.githubusercontent.com/PokeAPI/pokeapi/master/data/v2/csv/languages.csv;https://raw.githubusercontent.com/PokeAPI/pokeapi/master/data/v2/csv/pokemon.csv;https://raw.githubusercontent.com/PokeAPI/pokeapi/master/data/v2/csv/pokemon_forms.csv;https://raw.githubusercontent.com/PokeAPI/pokeapi/master/data/v2/csv/pokemon_form_names.csv;https://docs.google.com/spreadsheets/d/11wxsKyCydVmDjp4kGLJAOLPM_LgwCLN2GYpbDQkNtkk/edit#gid=1843013406
391,381,Mega-Latios,megalatios,latios-mega,latiosmega,OU,3,1,1,S2,0,,1,1,picked,https://raw.githubusercontent.com/PokeAPI/pokeapi/master/data/v2/csv/pokemon_species_names.csv;https://raw.githubusercontent.com/PokeAPI/pokeapi/master/data/v2/csv/languages.csv;https://raw.githubusercontent.com/PokeAPI/pokeapi/master/data/v2/csv/pokemon.csv;https://raw.githubusercontent.com/PokeAPI/pokeapi/master/data/v2/csv/pokemon_forms.csv;https://raw.githubusercontent.com/PokeAPI/pokeapi/master/data/v2/csv/pokemon_form_names.csv;https://docs.google.com/spreadsheets/d/1JZpA-5XDldN2bjfvhvBPHYK-1AENETLnF1UxNEpWlNA/edit#gid=352888197;https://docs.google.com/spreadsheets/d/1vJ-pioe3RZKSZ3LIGEA3FVTv_KEE_XKIQAXSIUNNd-Q/edit#gid=0
392,984,Riesenzahn,riesenzahn,Great Tusk,greattusk,OU,3,1,1,S10,0,,1,1,picked,https://raw.githubusercontent.com/PokeAPI/pokeapi/master/data/v2/csv/pokemon_species_names.csv;https://raw.githubusercontent.com/PokeAPI/pokeapi/master/data/v2/csv/languages.csv;https://raw.githubusercontent.com/PokeAPI/pokeapi/master/data/v2/csv/pokemon.csv;https://raw.githubusercontent.com/PokeAPI/pokeapi/master/data/v2/csv/pokemon_forms.csv;https://raw.githubusercontent.com/PokeAPI/pokeapi/master/data/v2/csv/pokemon_form_names.csv;https://docs.google.com/spreadsheets/d/13smsrG2BGYxr_omJWcgr-sUDr39bvOJPNL5RPt4DSow/edit#gid=1934543062
393,994,Eisenfalter,eisenfalter,Iron Moth,ironmoth,UUBL,4,1,1,S10,0,,1,1,picked,https://raw.githubusercontent.com/PokeAPI/pokeapi/master/data/v2/csv/pokemon_species_names.csv;https://raw.githubusercontent.com/PokeAPI/pokeapi/master/data/v2/csv/languages.csv;https://raw.githubusercontent.com/PokeAPI/pokeapi/master/data/v2/csv/pokemon.csv;https://raw.githubusercontent.com/PokeAPI/pokeapi/master/data/v2/csv/pokemon_forms.csv;https://raw.githubusercontent.com/PokeAPI/pokeapi/master/data/v2/csv/pokemon_form_names.csv;https://docs.google.com/spreadsheets/d/13smsrG2BGYxr_omJWcgr-sUDr39bvOJPNL5RPt4DSow/edit#gid=1934543062
394,992,Eisenhand,eisenhand,Iron Hands,ironhands,UUBL,4,1,1,S10,0,,1,1,picked,https://raw.githubusercontent.com/PokeAPI/pokeapi/master/data/v2/csv/pokemon_species_names.csv;https://raw.githubusercontent.com/PokeAPI/pokeapi/master/data/v2/csv/languages.csv;https://raw.githubusercontent.com/PokeAPI/pokeapi/master/data/v2/csv/pokemon.csv;https://raw.githubusercontent.com/PokeAPI/pokeapi/master/data/v2/csv/pokemon_forms.csv;https://raw.githubusercontent.com/PokeAPI/pokeapi/master/data/v2/csv/pokemon_form_names.csv;https://docs.google.com/spreadsheets/d/13smsrG2BGYxr_omJWcgr-sUDr39bvOJPNL5RPt4DSow/edit#gid=1934543062
395,720,Hoopa-Entfesselt,hoopaentfesselt,hoopa-unbound,hoopaunbound,UUBL,4,1,1,S10,0,,1,1,picked,https://raw.githubusercontent.com/PokeAPI/pokeapi/master/data/v2/csv/pokemon_species_names.csv;https://raw.githubusercontent.com/PokeAPI/pokeapi/master/data/v2/csv/languages.csv;https://raw.githubusercontent.com/PokeAPI/pokeapi/master/data/v2/csv/pokemon.csv;https://raw.githubusercontent.com/PokeAPI/pokeapi/master/data/v2/csv/pokemon_forms.csv;https://raw.githubusercontent.com/PokeAPI/pokeapi/master/data/v2/csv/pokemon_form_names.csv;https://docs.google.com/spreadsheets/d/13smsrG2BGYxr_omJWcgr-sUDr39bvOJPNL5RPt4DSow/edit#gid=1934543062
396,1025,Infamomo,infamomo,Pecharunt,pecharunt,UUBL,4,1,1,S10,0,,1,1,picked,https://raw.githubusercontent.com/PokeAPI/pokeapi/master/data/v2/csv/pokemon_species_names.csv;https://raw.githubusercontent.com/PokeAPI/pokeapi/master/data/v2/csv/languages.csv;https://raw.githubusercontent.com/PokeAPI/pokeapi/master/data/v2/csv/pokemon.csv;https://raw.githubusercontent.com/PokeAPI/pokeapi/master/data/v2/csv/pokemon_forms.csv;https://raw.githubusercontent.com/PokeAPI/pokeapi/master/data/v2/csv/pokemon_form_names.csv;https://docs.google.com/spreadsheets/d/13smsrG2BGYxr_omJWcgr-sUDr39bvOJPNL5RPt4DSow/edit#gid=1934543062
397,257,Lohgock,lohgock,Blaziken,blaziken,UUBL,4,1,1,S4,0,,1,1,picked,https://raw.githubusercontent.com/PokeAPI/pokeapi/master/data/v2/csv/pokemon_species_names.csv;https://raw.githubusercontent.com/PokeAPI/pokeapi/master/data/v2/csv/languages.csv;https://raw.githubusercontent.com/PokeAPI/pokeapi/master/data/v2/csv/pokemon.csv;https://raw.githubusercontent.com/PokeAPI/pokeapi/master/data/v2/csv/pokemon_forms.csv;https://raw.githubusercontent.com/PokeAPI/pokeapi/master/data/v2/csv/pokemon_form_names.csv;https://docs.google.com/spreadsheets/d/1JZpA-5XDldN2bjfvhvBPHYK-1AENETLnF1UxNEpWlNA/edit#gid=352888197;data/manual/pokemon_killlists.csv
398,796,Voltriant,voltriant,Xurkitree,xurkitree,UUBL,4,1,1,S6,0,,1,1,picked,https://raw.githubusercontent.com/PokeAPI/pokeapi/master/data/v2/csv/pokemon_species_names.csv;https://raw.githubusercontent.com/PokeAPI/pokeapi/master/data/v2/csv/languages.csv;https://raw.githubusercontent.com/PokeAPI/pokeapi/master/data/v2/csv/pokemon.csv;https://raw.githubusercontent.com/PokeAPI/pokeapi/master/data/v2/csv/pokemon_forms.csv;https://raw.githubusercontent.com/PokeAPI/pokeapi/master/data/v2/csv/pokemon_form_names.csv;https://docs.google.com/spreadsheets/d/11wxsKyCydVmDjp4kGLJAOLPM_LgwCLN2GYpbDQkNtkk/edit#gid=1843013406
399,80,Mega-Lahmus,megalahmus,slowbro-mega,slowbromega,RUBL,6,1,1,S6,0,,1,1,picked,https://raw.githubusercontent.com/PokeAPI/pokeapi/master/data/v2/csv/pokemon_species_names.csv;https://raw.githubusercontent.com/PokeAPI/pokeapi/master/data/v2/csv/languages.csv;https://raw.githubusercontent.com/PokeAPI/pokeapi/master/data/v2/csv/pokemon.csv;https://raw.githubusercontent.com/PokeAPI/pokeapi/master/data/v2/csv/pokemon_forms.csv;https://raw.githubusercontent.com/PokeAPI/pokeapi/master/data/v2/csv/pokemon_form_names.csv;https://docs.google.com/spreadsheets/d/11wxsKyCydVmDjp4kGLJAOLPM_LgwCLN2GYpbDQkNtkk/edit#gid=1588964432
400,319,Mega-Tohaido,megatohaido,sharpedo-mega,sharpedomega,RUBL,6,1,1,S6,0,,1,1,picked,https://raw.githubusercontent.com/PokeAPI/pokeapi/master/data/v2/csv/pokemon_species_names.csv;https://raw.githubusercontent.com/PokeAPI/pokeapi/master/data/v2/csv/languages.csv;https://raw.githubusercontent.com/PokeAPI/pokeapi/master/data/v2/csv/pokemon.csv;https://raw.githubusercontent.com/PokeAPI/pokeapi/master/data/v2/csv/pokemon_forms.csv;https://raw.githubusercontent.com/PokeAPI/pokeapi/master/data/v2/csv/pokemon_form_names.csv;https://docs.google.com/spreadsheets/d/11wxsKyCydVmDjp4kGLJAOLPM_LgwCLN2GYpbDQkNtkk/edit#gid=1843013406
401,359,Absol,absol,Absol,absol,RU,7,1,1,S2,0,,1,0,picked,https://raw.githubusercontent.com/PokeAPI/pokeapi/master/data/v2/csv/pokemon_species_names.csv;https://raw.githubusercontent.com/PokeAPI/pokeapi/master/data/v2/csv/languages.csv;https://raw.githubusercontent.com/PokeAPI/pokeapi/master/data/v2/csv/pokemon.csv;https://raw.githubusercontent.com/PokeAPI/pokeapi/master/data/v2/csv/pokemon_forms.csv;https://raw.githubusercontent.com/PokeAPI/pokeapi/master/data/v2/csv/pokemon_form_names.csv;https://docs.google.com/spreadsheets/d/1odsNRAZStW1GzmpXwmg27dqjOlch7w8syZOZ5Z2OQRg/edit#gid=0
402,51,Alola Digdri,aloladigdri,dugtrio-alola,dugtrioalola,RU,7,1,1,S7,0,,1,1,picked,https://raw.githubusercontent.com/PokeAPI/pokeapi/master/data/v2/csv/pokemon_species_names.csv;https://raw.githubusercontent.com/PokeAPI/pokeapi/master/data/v2/csv/languages.csv;https://raw.githubusercontent.com/PokeAPI/pokeapi/master/data/v2/csv/pokemon.csv;https://raw.githubusercontent.com/PokeAPI/pokeapi/master/data/v2/csv/pokemon_forms.csv;https://raw.githubusercontent.com/PokeAPI/pokeapi/master/data/v2/csv/pokemon_form_names.csv;https://docs.google.com/spreadsheets/d/1nwiq_ggEj7QePeZGMR2xoi0bEHJr_ZGO24YCRdt93No/edit#gid=857670931
403,793,Anego,anego,Nihilego,nihilego,RU,7,1,1,S6,0,,1,1,picked,https://raw.githubusercontent.com/PokeAPI/pokeapi/master/data/v2/csv/pokemon_species_names.csv;https://raw.githubusercontent.com/PokeAPI/pokeapi/master/data/v2/csv/languages.csv;https://raw.githubusercontent.com/PokeAPI/pokeapi/master/data/v2/csv/pokemon.csv;https://raw.githubusercontent.com/PokeAPI/pokeapi/master/data/v2/csv/pokemon_forms.csv;https://raw.githubusercontent.com/PokeAPI/pokeapi/master/data/v2/csv/pokemon_form_names.csv;https://docs.google.com/spreadsheets/d/11wxsKyCydVmDjp4kGLJAOLPM_LgwCLN2GYpbDQkNtkk/edit#gid=1588964432
404,900,Axantor,axantor,Kleavor,kleavor,RU,7,1,1,S10,0,,1,1,picked,https://raw.githubusercontent.com/PokeAPI/pokeapi/master/data/v2/csv/pokemon_species_names.csv;https://raw.githubusercontent.com/PokeAPI/pokeapi/master/data/v2/csv/languages.csv;https://raw.githubusercontent.com/PokeAPI/pokeapi/master/data/v2/csv/pokemon.csv;https://raw.githubusercontent.com/PokeAPI/pokeapi/master/data/v2/csv/pokemon_forms.csv;https://raw.githubusercontent.com/PokeAPI/pokeapi/master/data/v2/csv/pokemon_form_names.csv;https://docs.google.com/spreadsheets/d/13smsrG2BGYxr_omJWcgr-sUDr39bvOJPNL5RPt4DSow/edit#gid=1934543062
405,862,Barrikadax,barrikadax,Obstagoon,obstagoon,RU,7,1,1,S7,0,,1,1,picked,https://raw.githubusercontent.com/PokeAPI/pokeapi/master/data/v2/csv/pokemon_species_names.csv;https://raw.githubusercontent.com/PokeAPI/pokeapi/master/data/v2/csv/languages.csv;https://raw.githubusercontent.com/PokeAPI/pokeapi/master/data/v2/csv/pokemon.csv;https://raw.githubusercontent.com/PokeAPI/pokeapi/master/data/v2/csv/pokemon_forms.csv;https://raw.githubusercontent.com/PokeAPI/pokeapi/master/data/v2/csv/pokemon_form_names.csv;https://docs.google.com/spreadsheets/d/1nwiq_ggEj7QePeZGMR2xoi0bEHJr_ZGO24YCRdt93No/edit#gid=857670931
406,419,Bojelin,bojelin,Floatzel,floatzel,RU,7,1,1,S3,0,,1,1,picked,https://raw.githubusercontent.com/PokeAPI/pokeapi/master/data/v2/csv/pokemon_species_names.csv;https://raw.githubusercontent.com/PokeAPI/pokeapi/master/data/v2/csv/languages.csv;https://raw.githubusercontent.com/PokeAPI/pokeapi/master/data/v2/csv/pokemon.csv;https://raw.githubusercontent.com/PokeAPI/pokeapi/master/data/v2/csv/pokemon_forms.csv;https://raw.githubusercontent.com/PokeAPI/pokeapi/master/data/v2/csv/pokemon_form_names.csv;https://docs.google.com/spreadsheets/d/1JZpA-5XDldN2bjfvhvBPHYK-1AENETLnF1UxNEpWlNA/edit#gid=352888197;data/manual/team_pokemon_usage.csv;output/team-graphics/s3/GPL Teams Spieltag 14 (2).jpg
407,687,Calamanero,calamanero,Malamar,malamar,RU,7,1,1,S10,0,,1,1,picked,https://raw.githubusercontent.com/PokeAPI/pokeapi/master/data/v2/csv/pokemon_species_names.csv;https://raw.githubusercontent.com/PokeAPI/pokeapi/master/data/v2/csv/languages.csv;https://raw.githubusercontent.com/PokeAPI/pokeapi/master/data/v2/csv/pokemon.csv;https://raw.githubusercontent.com/PokeAPI/pokeapi/master/data/v2/csv/pokemon_forms.csv;https://raw.githubusercontent.com/PokeAPI/pokeapi/master/data/v2/csv/pokemon_form_names.csv;https://docs.google.com/spreadsheets/d/13smsrG2BGYxr_omJWcgr-sUDr39bvOJPNL5RPt4DSow/edit#gid=1934543062
408,770,Colossand,colossand,Palossand,palossand,RU,7,1,1,S6,0,,1,1,picked,https://raw.githubusercontent.com/PokeAPI/pokeapi/master/data/v2/csv/pokemon_species_names.csv;https://raw.githubusercontent.com/PokeAPI/pokeapi/master/data/v2/csv/languages.csv;https://raw.githubusercontent.com/PokeAPI/pokeapi/master/data/v2/csv/pokemon.csv;https://raw.githubusercontent.com/PokeAPI/pokeapi/master/data/v2/csv/pokemon_forms.csv;https://raw.githubusercontent.com/PokeAPI/pokeapi/master/data/v2/csv/pokemon_form_names.csv;https://docs.google.com/spreadsheets/d/11wxsKyCydVmDjp4kGLJAOLPM_LgwCLN2GYpbDQkNtkk/edit#gid=1588964432
409,830,Cottomi,cottomi,Eldegoss,eldegoss,RU,7,1,1,S7,0,,1,1,picked,https://raw.githubusercontent.com/PokeAPI/pokeapi/master/data/v2/csv/pokemon_species_names.csv;https://raw.githubusercontent.com/PokeAPI/pokeapi/master/data/v2/csv/languages.csv;https://raw.githubusercontent.com/PokeAPI/pokeapi/master/data/v2/csv/pokemon.csv;https://raw.githubusercontent.com/PokeAPI/pokeapi/master/data/v2/csv/pokemon_forms.csv;https://raw.githubusercontent.com/PokeAPI/pokeapi/master/data/v2/csv/pokemon_form_names.csv;https://docs.google.com/spreadsheets/d/1nwiq_ggEj7QePeZGMR2xoi0bEHJr_ZGO24YCRdt93No/edit#gid=857670931
410,884,Duraludon,duraludon,Duraludon,duraludon,RU,7,1,1,S7,0,,1,1,picked,https://raw.githubusercontent.com/PokeAPI/pokeapi/master/data/v2/csv/pokemon_species_names.csv;https://raw.githubusercontent.com/PokeAPI/pokeapi/master/data/v2/csv/languages.csv;https://raw.githubusercontent.com/PokeAPI/pokeapi/master/data/v2/csv/pokemon.csv;https://raw.githubusercontent.com/PokeAPI/pokeapi/master/data/v2/csv/pokemon_forms.csv;https://raw.githubusercontent.com/PokeAPI/pokeapi/master/data/v2/csv/pokemon_form_names.csv;https://docs.google.com/spreadsheets/d/1nwiq_ggEj7QePeZGMR2xoi0bEHJr_ZGO24YCRdt93No/edit#gid=857670931
411,235,Farbeagle,farbeagle,Smeargle,smeargle,RU,7,1,1,S3,0,,1,1,picked,https://raw.githubusercontent.com/PokeAPI/pokeapi/master/data/v2/csv/pokemon_species_names.csv;https://raw.githubusercontent.com/PokeAPI/pokeapi/master/data/v2/csv/languages.csv;https://raw.githubusercontent.com/PokeAPI/pokeapi/master/data/v2/csv/pokemon.csv;https://raw.githubusercontent.com/PokeAPI/pokeapi/master/data/v2/csv/pokemon_forms.csv;https://raw.githubusercontent.com/PokeAPI/pokeapi/master/data/v2/csv/pokemon_form_names.csv;https://docs.google.com/spreadsheets/d/1JZpA-5XDldN2bjfvhvBPHYK-1AENETLnF1UxNEpWlNA/edit#gid=352888197;data/manual/team_pokemon_usage.csv;output/team-graphics/s3/GPL Teams Spieltag 14 (2).jpg
412,479,Frost-Rotom,frostrotom,rotom-frost,rotomfrost,RU,7,1,1,S4,0,,1,1,picked,https://raw.githubusercontent.com/PokeAPI/pokeapi/master/data/v2/csv/pokemon_species_names.csv;https://raw.githubusercontent.com/PokeAPI/pokeapi/master/data/v2/csv/languages.csv;https://raw.githubusercontent.com/PokeAPI/pokeapi/master/data/v2/csv/pokemon.csv;https://raw.githubusercontent.com/PokeAPI/pokeapi/master/data/v2/csv/pokemon_forms.csv;https://raw.githubusercontent.com/PokeAPI/pokeapi/master/data/v2/csv/pokemon_form_names.csv;https://docs.google.com/spreadsheets/d/1JZpA-5XDldN2bjfvhvBPHYK-1AENETLnF1UxNEpWlNA/edit#gid=352888197;data/manual/pokemon_killlists.csv
413,631,Furnifraß,furnifrass,Heatmor,heatmor,RU,7,1,1,S7,0,,1,1,picked,https://raw.githubusercontent.com/PokeAPI/pokeapi/master/data/v2/csv/pokemon_species_names.csv;https://raw.githubusercontent.com/PokeAPI/pokeapi/master/data/v2/csv/languages.csv;https://raw.githubusercontent.com/PokeAPI/pokeapi/master/data/v2/csv/pokemon.csv;https://raw.githubusercontent.com/PokeAPI/pokeapi/master/data/v2/csv/pokemon_forms.csv;https://raw.githubusercontent.com/PokeAPI/pokeapi/master/data/v2/csv/pokemon_form_names.csv;https://docs.google.com/spreadsheets/d/1nwiq_ggEj7QePeZGMR2xoi0bEHJr_ZGO24YCRdt93No/edit#gid=857670931
414,78,Galar Gallopa,galargallopa,rapidash-galar,rapidashgalar,RU,7,1,1,S7,0,,1,1,picked,https://raw.githubusercontent.com/PokeAPI/pokeapi/master/data/v2/csv/pokemon_species_names.csv;https://raw.githubusercontent.com/PokeAPI/pokeapi/master/data/v2/csv/languages.csv;https://raw.githubusercontent.com/PokeAPI/pokeapi/master/data/v2/csv/pokemon.csv;https://raw.githubusercontent.com/PokeAPI/pokeapi/master/data/v2/csv/pokemon_forms.csv;https://raw.githubusercontent.com/PokeAPI/pokeapi/master/data/v2/csv/pokemon_form_names.csv;https://docs.google.com/spreadsheets/d/1nwiq_ggEj7QePeZGMR2xoi0bEHJr_ZGO24YCRdt93No/edit#gid=857670931
415,264,Geradaks,geradaks,Linoone,linoone,RU,7,1,1,S6,0,,1,1,picked,https://raw.githubusercontent.com/PokeAPI/pokeapi/master/data/v2/csv/pokemon_species_names.csv;https://raw.githubusercontent.com/PokeAPI/pokeapi/master/data/v2/csv/languages.csv;https://raw.githubusercontent.com/PokeAPI/pokeapi/master/data/v2/csv/pokemon.csv;https://raw.githubusercontent.com/PokeAPI/pokeapi/master/data/v2/csv/pokemon_forms.csv;https://raw.githubusercontent.com/PokeAPI/pokeapi/master/data/v2/csv/pokemon_form_names.csv;https://docs.google.com/spreadsheets/d/11wxsKyCydVmDjp4kGLJAOLPM_LgwCLN2GYpbDQkNtkk/edit#gid=1843013406
416,471,Glaziola,glaziola,Glaceon,glaceon,RU,7,1,1,S7,0,,1,1,picked,https://raw.githubusercontent.com/PokeAPI/pokeapi/master/data/v2/csv/pokemon_species_names.csv;https://raw.githubusercontent.com/PokeAPI/pokeapi/master/data/v2/csv/languages.csv;https://raw.githubusercontent.com/PokeAPI/pokeapi/master/data/v2/csv/pokemon.csv;https://raw.githubusercontent.com/PokeAPI/pokeapi/master/data/v2/csv/pokemon_forms.csv;https://raw.githubusercontent.com/PokeAPI/pokeapi/master/data/v2/csv/pokemon_form_names.csv;https://docs.google.com/spreadsheets/d/1nwiq_ggEj7QePeZGMR2xoi0bEHJr_ZGO24YCRdt93No/edit#gid=857670931
417,59,Hisui Arkani,hisuiarkani,arcanine-hisui,arcaninehisui,RU,7,1,1,S10,0,,1,1,picked,https://raw.githubusercontent.com/PokeAPI/pokeapi/master/data/v2/csv/pokemon_species_names.csv;https://raw.githubusercontent.com/PokeAPI/pokeapi/master/data/v2/csv/languages.csv;https://raw.githubusercontent.com/PokeAPI/pokeapi/master/data/v2/csv/pokemon.csv;https://raw.githubusercontent.com/PokeAPI/pokeapi/master/data/v2/csv/pokemon_forms.csv;https://raw.githubusercontent.com/PokeAPI/pokeapi/master/data/v2/csv/pokemon_form_names.csv;https://docs.google.com/spreadsheets/d/13smsrG2BGYxr_omJWcgr-sUDr39bvOJPNL5RPt4DSow/edit#gid=1934543062
418,874,Humanolith,humanolith,Stonjourner,stonjourner,RU,7,1,1,S7,0,,1,1,picked,https://raw.githubusercontent.com/PokeAPI/pokeapi/master/data/v2/csv/pokemon_species_names.csv;https://raw.githubusercontent.com/PokeAPI/pokeapi/master/data/v2/csv/languages.csv;https://raw.githubusercontent.com/PokeAPI/pokeapi/master/data/v2/csv/pokemon.csv;https://raw.githubusercontent.com/PokeAPI/pokeapi/master/data/v2/csv/pokemon_forms.csv;https://raw.githubusercontent.com/PokeAPI/pokeapi/master/data/v2/csv/pokemon_form_names.csv;https://docs.google.com/spreadsheets/d/1nwiq_ggEj7QePeZGMR2xoi0bEHJr_ZGO24YCRdt93No/edit#gid=857670931
419,818,Intelleon,intelleon,Inteleon,inteleon,RU,7,1,1,S7,0,,1,1,picked,https://raw.githubusercontent.com/PokeAPI/pokeapi/master/data/v2/csv/pokemon_species_names.csv;https://raw.githubusercontent.com/PokeAPI/pokeapi/master/data/v2/csv/languages.csv;https://raw.githubusercontent.com/PokeAPI/pokeapi/master/data/v2/csv/pokemon.csv;https://raw.githubusercontent.com/PokeAPI/pokeapi/master/data/v2/csv/pokemon_forms.csv;https://raw.githubusercontent.com/PokeAPI/pokeapi/master/data/v2/csv/pokemon_form_names.csv;https://docs.google.com/spreadsheets/d/1nwiq_ggEj7QePeZGMR2xoi0bEHJr_ZGO24YCRdt93No/edit#gid=857670931
420,539,Karadonis,karadonis,Sawk,sawk,RU,7,1,1,S3,0,,1,1,picked,https://raw.githubusercontent.com/PokeAPI/pokeapi/master/data/v2/csv/pokemon_species_names.csv;https://raw.githubusercontent.com/PokeAPI/pokeapi/master/data/v2/csv/languages.csv;https://raw.githubusercontent.com/PokeAPI/pokeapi/master/data/v2/csv/pokemon.csv;https://raw.githubusercontent.com/PokeAPI/pokeapi/master/data/v2/csv/pokemon_forms.csv;https://raw.githubusercontent.com/PokeAPI/pokeapi/master/data/v2/csv/pokemon_form_names.csv;https://docs.google.com/spreadsheets/d/1JZpA-5XDldN2bjfvhvBPHYK-1AENETLnF1UxNEpWlNA/edit#gid=352888197;data/manual/team_pokemon_usage.csv;output/team-graphics/s3/GPL Teams Spieltag 14 (2).jpg
421,565,Karippas,karippas,Carracosta,carracosta,RU,7,1,1,S4,1,S4,1,1,picked,https://raw.githubusercontent.com/PokeAPI/pokeapi/master/data/v2/csv/pokemon_species_names.csv;https://raw.githubusercontent.com/PokeAPI/pokeapi/master/data/v2/csv/languages.csv;https://raw.githubusercontent.com/PokeAPI/pokeapi/master/data/v2/csv/pokemon.csv;https://raw.githubusercontent.com/PokeAPI/pokeapi/master/data/v2/csv/pokemon_forms.csv;https://raw.githubusercontent.com/PokeAPI/pokeapi/master/data/v2/csv/pokemon_form_names.csv;https://docs.google.com/spreadsheets/d/1JZpA-5XDldN2bjfvhvBPHYK-1AENETLnF1UxNEpWlNA/edit#gid=352888197;data/manual/pokemon_killlists.csv
422,352,Kecleon,kecleon,Kecleon,kecleon,RU,7,1,1,S4,0,,1,1,picked,https://raw.githubusercontent.com/PokeAPI/pokeapi/master/data/v2/csv/pokemon_species_names.csv;https://raw.githubusercontent.com/PokeAPI/pokeapi/master/data/v2/csv/languages.csv;https://raw.githubusercontent.com/PokeAPI/pokeapi/master/data/v2/csv/pokemon.csv;https://raw.githubusercontent.com/PokeAPI/pokeapi/master/data/v2/csv/pokemon_forms.csv;https://raw.githubusercontent.com/PokeAPI/pokeapi/master/data/v2/csv/pokemon_form_names.csv;https://docs.google.com/spreadsheets/d/1JZpA-5XDldN2bjfvhvBPHYK-1AENETLnF1UxNEpWlNA/edit#gid=352888197;data/manual/team_pokemon_usage.csv;output/team-graphics/s4/Minetube - Triyolotree.png
423,99,Kingler,kingler,Kingler,kingler,RU,7,1,1,S7,0,,1,1,picked,https://raw.githubusercontent.com/PokeAPI/pokeapi/master/data/v2/csv/pokemon_species_names.csv;https://raw.githubusercontent.com/PokeAPI/pokeapi/master/data/v2/csv/languages.csv;https://raw.githubusercontent.com/PokeAPI/pokeapi/master/data/v2/csv/pokemon.csv;https://raw.githubusercontent.com/PokeAPI/pokeapi/master/data/v2/csv/pokemon_forms.csv;https://raw.githubusercontent.com/PokeAPI/pokeapi/master/data/v2/csv/pokemon_form_names.csv;https://docs.google.com/spreadsheets/d/1nwiq_ggEj7QePeZGMR2xoi0bEHJr_ZGO24YCRdt93No/edit#gid=857670931
424,510,Kleoparda,kleoparda,Liepard,liepard,RU,7,1,1,S7,0,,1,1,picked,https://raw.githubusercontent.com/PokeAPI/pokeapi/master/data/v2/csv/pokemon_species_names.csv;https://raw.githubusercontent.com/PokeAPI/pokeapi/master/data/v2/csv/languages.csv;https://raw.githubusercontent.com/PokeAPI/pokeapi/master/data/v2/csv/pokemon.csv;https://raw.githubusercontent.com/PokeAPI/pokeapi/master/data/v2/csv/pokemon_forms.csv;https://raw.githubusercontent.com/PokeAPI/pokeapi/master/data/v2/csv/pokemon_form_names.csv;https://docs.google.com/spreadsheets/d/1nwiq_ggEj7QePeZGMR2xoi0bEHJr_ZGO24YCRdt93No/edit#gid=857670931
425,601,Klikdiklak,klikdiklak,Klinklang,klinklang,RU,7,1,1,S3,0,,1,1,picked,https://raw.githubusercontent.com/PokeAPI/pokeapi/master/data/v2/csv/pokemon_species_names.csv;https://raw.githubusercontent.com/PokeAPI/pokeapi/master/data/v2/csv/languages.csv;https://raw.githubusercontent.com/PokeAPI/pokeapi/master/data/v2/csv/pokemon.csv;https://raw.githubusercontent.com/PokeAPI/pokeapi/master/data/v2/csv/pokemon_forms.csv;https://raw.githubusercontent.com/PokeAPI/pokeapi/master/data/v2/csv/pokemon_form_names.csv;https://docs.google.com/spreadsheets/d/1JZpA-5XDldN2bjfvhvBPHYK-1AENETLnF1UxNEpWlNA/edit#gid=352888197;data/manual/team_pokemon_usage.csv;output/team-graphics/s3/GPL Teams Spieltag 14 (1).jpg
426,103,Kokowei,kokowei,Exeggutor,exeggutor,RU,7,1,1,S2,0,,1,0,picked,https://raw.githubusercontent.com/PokeAPI/pokeapi/master/data/v2/csv/pokemon_species_names.csv;https://raw.githubusercontent.com/PokeAPI/pokeapi/master/data/v2/csv/languages.csv;https://raw.githubusercontent.com/PokeAPI/pokeapi/master/data/v2/csv/pokemon.csv;https://raw.githubusercontent.com/PokeAPI/pokeapi/master/data/v2/csv/pokemon_forms.csv;https://raw.githubusercontent.com/PokeAPI/pokeapi/master/data/v2/csv/pokemon_form_names.csv;https://docs.google.com/spreadsheets/d/1odsNRAZStW1GzmpXwmg27dqjOlch7w8syZOZ5Z2OQRg/edit#gid=0
427,975,Kolowal,kolowal,Cetitan,cetitan,RU,7,1,1,S10,0,,1,1,picked,https://raw.githubusercontent.com/PokeAPI/pokeapi/master/data/v2/csv/pokemon_species_names.csv;https://raw.githubusercontent.com/PokeAPI/pokeapi/master/data/v2/csv/languages.csv;https://raw.githubusercontent.com/PokeAPI/pokeapi/master/data/v2/csv/pokemon.csv;https://raw.githubusercontent.com/PokeAPI/pokeapi/master/data/v2/csv/pokemon_forms.csv;https://raw.githubusercontent.com/PokeAPI/pokeapi/master/data/v2/csv/pokemon_form_names.csv;https://docs.google.com/spreadsheets/d/13smsrG2BGYxr_omJWcgr-sUDr39bvOJPNL5RPt4DSow/edit#gid=1934543062
428,765,Kommandutan,kommandutan,Oranguru,oranguru,RU,7,1,1,S7,0,,1,1,picked,https://raw.githubusercontent.com/PokeAPI/pokeapi/master/data/v2/csv/pokemon_species_names.csv;https://raw.githubusercontent.com/PokeAPI/pokeapi/master/data/v2/csv/languages.csv;https://raw.githubusercontent.com/PokeAPI/pokeapi/master/data/v2/csv/pokemon.csv;https://raw.githubusercontent.com/PokeAPI/pokeapi/master/data/v2/csv/pokemon_forms.csv;https://raw.githubusercontent.com/PokeAPI/pokeapi/master/data/v2/csv/pokemon_form_names.csv;https://docs.google.com/spreadsheets/d/1nwiq_ggEj7QePeZGMR2xoi0bEHJr_ZGO24YCRdt93No/edit#gid=857670931
429,430,Kramshef,kramshef,Honchkrow,honchkrow,RU,7,1,1,S2,0,,1,0,picked,https://raw.githubusercontent.com/PokeAPI/pokeapi/master/data/v2/csv/pokemon_species_names.csv;https://raw.githubusercontent.com/PokeAPI/pokeapi/master/data/v2/csv/languages.csv;https://raw.githubusercontent.com/PokeAPI/pokeapi/master/data/v2/csv/pokemon.csv;https://raw.githubusercontent.com/PokeAPI/pokeapi/master/data/v2/csv/pokemon_forms.csv;https://raw.githubusercontent.com/PokeAPI/pokeapi/master/data/v2/csv/pokemon_form_names.csv;https://docs.google.com/spreadsheets/d/1odsNRAZStW1GzmpXwmg27dqjOlch7w8syZOZ5Z2OQRg/edit#gid=0
430,131,Lapras,lapras,Lapras,lapras,RU,7,1,1,S3,0,,1,1,picked,https://raw.githubusercontent.com/PokeAPI/pokeapi/master/data/v2/csv/pokemon_species_names.csv;https://raw.githubusercontent.com/PokeAPI/pokeapi/master/data/v2/csv/languages.csv;https://raw.githubusercontent.com/PokeAPI/pokeapi/master/data/v2/csv/pokemon.csv;https://raw.githubusercontent.com/PokeAPI/pokeapi/master/data/v2/csv/pokemon_forms.csv;https://raw.githubusercontent.com/PokeAPI/pokeapi/master/data/v2/csv/pokemon_form_names.csv;https://docs.google.com/spreadsheets/d/1JZpA-5XDldN2bjfvhvBPHYK-1AENETLnF1UxNEpWlNA/edit#gid=352888197;data/manual/team_pokemon_usage.csv;output/team-graphics/s3/GPL Teams Spieltag 14 (1).jpg
431,865,Lauchzelot,lauchzelot,Sirfetch’d,sirfetchd,RU,7,1,1,S7,0,,1,1,picked,https://raw.githubusercontent.com/PokeAPI/pokeapi/master/data/v2/csv/pokemon_species_names.csv;https://raw.githubusercontent.com/PokeAPI/pokeapi/master/data/v2/csv/languages.csv;https://raw.githubusercontent.com/PokeAPI/pokeapi/master/data/v2/csv/pokemon.csv;https://raw.githubusercontent.com/PokeAPI/pokeapi/master/data/v2/csv/pokemon_forms.csv;https://raw.githubusercontent.com/PokeAPI/pokeapi/master/data/v2/csv/pokemon_form_names.csv;https://docs.google.com/spreadsheets/d/1nwiq_ggEj7QePeZGMR2xoi0bEHJr_ZGO24YCRdt93No/edit#gid=857670931
432,101,Lektrobal,lektrobal,Electrode,electrode,RU,7,1,1,S3,0,,1,1,picked,https://raw.githubusercontent.com/PokeAPI/pokeapi/master/data/v2/csv/pokemon_species_names.csv;https://raw.githubusercontent.com/PokeAPI/pokeapi/master/data/v2/csv/languages.csv;https://raw.githubusercontent.com/PokeAPI/pokeapi/master/data/v2/csv/pokemon.csv;https://raw.githubusercontent.com/PokeAPI/pokeapi/master/data/v2/csv/pokemon_forms.csv;https://raw.githubusercontent.com/PokeAPI/pokeapi/master/data/v2/csv/pokemon_form_names.csv;https://docs.google.com/spreadsheets/d/1JZpA-5XDldN2bjfvhvBPHYK-1AENETLnF1UxNEpWlNA/edit#gid=352888197;data/manual/pokemon_killlists.csv
433,337,Lunastein,lunastein,Lunatone,lunatone,RU,7,1,1,S7,0,,1,1,picked,https://raw.githubusercontent.com/PokeAPI/pokeapi/master/data/v2/csv/pokemon_species_names.csv;https://raw.githubusercontent.com/PokeAPI/pokeapi/master/data/v2/csv/languages.csv;https://raw.githubusercontent.com/PokeAPI/pokeapi/master/data/v2/csv/pokemon.csv;https://raw.githubusercontent.com/PokeAPI/pokeapi/master/data/v2/csv/pokemon_forms.csv;https://raw.githubusercontent.com/PokeAPI/pokeapi/master/data/v2/csv/pokemon_form_names.csv;https://docs.google.com/spreadsheets/d/1nwiq_ggEj7QePeZGMR2xoi0bEHJr_ZGO24YCRdt93No/edit#gid=857670931
434,542,Matrifol,matrifol,Leavanny,leavanny,RU,7,1,1,S4,0,,1,1,picked,https://raw.githubusercontent.com/PokeAPI/pokeapi/master/data/v2/csv/pokemon_species_names.csv;https://raw.githubusercontent.com/PokeAPI/pokeapi/master/data/v2/csv/languages.csv;https://raw.githubusercontent.com/PokeAPI/pokeapi/master/data/v2/csv/pokemon.csv;https://raw.githubusercontent.com/PokeAPI/pokeapi/master/data/v2/csv/pokemon_forms.csv;https://raw.githubusercontent.com/PokeAPI/pokeapi/master/data/v2/csv/pokemon_form_names.csv;https://docs.google.com/spreadsheets/d/1JZpA-5XDldN2bjfvhvBPHYK-1AENETLnF1UxNEpWlNA/edit#gid=352888197;data/manual/pokemon_killlists.csv
435,863,Mauzinger,mauzinger,Perrserker,perrserker,RU,7,1,1,S7,0,,1,1,picked,https://raw.githubusercontent.com/PokeAPI/pokeapi/master/data/v2/csv/pokemon_species_names.csv;https://raw.githubusercontent.com/PokeAPI/pokeapi/master/data/v2/csv/languages.csv;https://raw.githubusercontent.com/PokeAPI/pokeapi/master/data/v2/csv/pokemon.csv;https://raw.githubusercontent.com/PokeAPI/pokeapi/master/data/v2/csv/pokemon_forms.csv;https://raw.githubusercontent.com/PokeAPI/pokeapi/master/data/v2/csv/pokemon_form_names.csv;https://docs.google.com/spreadsheets/d/1nwiq_ggEj7QePeZGMR2xoi0bEHJr_ZGO24YCRdt93No/edit#gid=857670931
436,354,Mega-Banette,megabanette,banette-mega,banettemega,RU,7,1,1,S1,0,,1,1,picked,https://raw.githubusercontent.com/PokeAPI/pokeapi/master/data/v2/csv/pokemon_species_names.csv;https://raw.githubusercontent.com/PokeAPI/pokeapi/master/data/v2/csv/languages.csv;https://raw.githubusercontent.com/PokeAPI/pokeapi/master/data/v2/csv/pokemon.csv;https://raw.githubusercontent.com/PokeAPI/pokeapi/master/data/v2/csv/pokemon_forms.csv;https://raw.githubusercontent.com/PokeAPI/pokeapi/master/data/v2/csv/pokemon_form_names.csv;https://docs.google.com/spreadsheets/d/1JZpA-5XDldN2bjfvhvBPHYK-1AENETLnF1UxNEpWlNA/edit#gid=352888197;https://docs.google.com/spreadsheets/d/1n9SmK-ccTCn8Jjhs4U2LKnibXY8PvuBtV3V9MCOURRA/edit#gid=0
437,362,Mega-Firnontor,megafirnontor,glalie-mega,glaliemega,RU,7,1,1,S4,0,,1,1,picked,https://raw.githubusercontent.com/PokeAPI/pokeapi/master/data/v2/csv/pokemon_species_names.csv;https://raw.githubusercontent.com/PokeAPI/pokeapi/master/data/v2/csv/languages.csv;https://raw.githubusercontent.com/PokeAPI/pokeapi/master/data/v2/csv/pokemon.csv;https://raw.githubusercontent.com/PokeAPI/pokeapi/master/data/v2/csv/pokemon_forms.csv;https://raw.githubusercontent.com/PokeAPI/pokeapi/master/data/v2/csv/pokemon_form_names.csv;https://docs.google.com/spreadsheets/d/1JZpA-5XDldN2bjfvhvBPHYK-1AENETLnF1UxNEpWlNA/edit#gid=352888197;data/manual/pokemon_killlists.csv
438,460,Mega-Rexblisar,megarexblisar,abomasnow-mega,abomasnowmega,RU,7,1,1,S2,0,,1,0,picked,https://raw.githubusercontent.com/PokeAPI/pokeapi/master/data/v2/csv/pokemon_species_names.csv;https://raw.githubusercontent.com/PokeAPI/pokeapi/master/data/v2/csv/languages.csv;https://raw.githubusercontent.com/PokeAPI/pokeapi/master/data/v2/csv/pokemon.csv;https://raw.githubusercontent.com/PokeAPI/pokeapi/master/data/v2/csv/pokemon_forms.csv;https://raw.githubusercontent.com/PokeAPI/pokeapi/master/data/v2/csv/pokemon_form_names.csv;https://docs.google.com/spreadsheets/d/1odsNRAZStW1GzmpXwmg27dqjOlch7w8syZOZ5Z2OQRg/edit#gid=0
439,877,Morpeko,morpeko,Morpeko,morpeko,RU,7,1,1,S10,0,,1,1,picked,https://raw.githubusercontent.com/PokeAPI/pokeapi/master/data/v2/csv/pokemon_species_names.csv;https://raw.githubusercontent.com/PokeAPI/pokeapi/master/data/v2/csv/languages.csv;https://raw.githubusercontent.com/PokeAPI/pokeapi/master/data/v2/csv/pokemon.csv;https://raw.githubusercontent.com/PokeAPI/pokeapi/master/data/v2/csv/pokemon_forms.csv;https://raw.githubusercontent.com/PokeAPI/pokeapi/master/data/v2/csv/pokemon_form_names.csv;https://docs.google.com/spreadsheets/d/13smsrG2BGYxr_omJWcgr-sUDr39bvOJPNL5RPt4DSow/edit#gid=1934543062
440,805,Muramura,muramura,Stakataka,stakataka,RU,7,1,1,S5,0,,1,1,picked,https://raw.githubusercontent.com/PokeAPI/pokeapi/master/data/v2/csv/pokemon_species_names.csv;https://raw.githubusercontent.com/PokeAPI/pokeapi/master/data/v2/csv/languages.csv;https://raw.githubusercontent.com/PokeAPI/pokeapi/master/data/v2/csv/pokemon.csv;https://raw.githubusercontent.com/PokeAPI/pokeapi/master/data/v2/csv/pokemon_forms.csv;https://raw.githubusercontent.com/PokeAPI/pokeapi/master/data/v2/csv/pokemon_form_names.csv;https://docs.google.com/spreadsheets/d/1JZpA-5XDldN2bjfvhvBPHYK-1AENETLnF1UxNEpWlNA/edit#gid=352888197;data/manual/team_pokemon_usage.csv;output/team-graphics/s5/Crinchilla.png
441,291,Ninjask,ninjask,Ninjask,ninjask,RU,7,1,1,S7,0,,1,1,picked,https://raw.githubusercontent.com/PokeAPI/pokeapi/master/data/v2/csv/pokemon_species_names.csv;https://raw.githubusercontent.com/PokeAPI/pokeapi/master/data/v2/csv/languages.csv;https://raw.githubusercontent.com/PokeAPI/pokeapi/master/data/v2/csv/pokemon.csv;https://raw.githubusercontent.com/PokeAPI/pokeapi/master/data/v2/csv/pokemon_forms.csv;https://raw.githubusercontent.com/PokeAPI/pokeapi/master/data/v2/csv/pokemon_form_names.csv;https://docs.google.com/spreadsheets/d/1nwiq_ggEj7QePeZGMR2xoi0bEHJr_ZGO24YCRdt93No/edit#gid=857670931
442,164,Noctuh,noctuh,Noctowl,noctowl,RU,7,1,1,S7,0,,1,1,picked,https://raw.githubusercontent.com/PokeAPI/pokeapi/master/data/v2/csv/pokemon_species_names.csv;https://raw.githubusercontent.com/PokeAPI/pokeapi/master/data/v2/csv/languages.csv;https://raw.githubusercontent.com/PokeAPI/pokeapi/master/data/v2/csv/pokemon.csv;https://raw.githubusercontent.com/PokeAPI/pokeapi/master/data/v2/csv/pokemon_forms.csv;https://raw.githubusercontent.com/PokeAPI/pokeapi/master/data/v2/csv/pokemon_form_names.csv;https://docs.google.com/spreadsheets/d/1nwiq_ggEj7QePeZGMR2xoi0bEHJr_ZGO24YCRdt93No/edit#gid=857670931
443,867,Oghnatoll,oghnatoll,Runerigus,runerigus,RU,7,1,1,S7,0,,1,1,picked,https://raw.githubusercontent.com/PokeAPI/pokeapi/master/data/v2/csv/pokemon_species_names.csv;https://raw.githubusercontent.com/PokeAPI/pokeapi/master/data/v2/csv/languages.csv;https://raw.githubusercontent.com/PokeAPI/pokeapi/master/data/v2/csv/pokemon.csv;https://raw.githubusercontent.com/PokeAPI/pokeapi/master/data/v2/csv/pokemon_forms.csv;https://raw.githubusercontent.com/PokeAPI/pokeapi/master/data/v2/csv/pokemon_form_names.csv;https://docs.google.com/spreadsheets/d/1nwiq_ggEj7QePeZGMR2xoi0bEHJr_ZGO24YCRdt93No/edit#gid=857670931
444,49,Omot,omot,Venomoth,venomoth,RU,7,1,1,S5,0,,1,1,picked,https://raw.githubusercontent.com/PokeAPI/pokeapi/master/data/v2/csv/pokemon_species_names.csv;https://raw.githubusercontent.com/PokeAPI/pokeapi/master/data/v2/csv/languages.csv;https://raw.githubusercontent.com/PokeAPI/pokeapi/master/data/v2/csv/pokemon.csv;https://raw.githubusercontent.com/PokeAPI/pokeapi/master/data/v2/csv/pokemon_forms.csv;https://raw.githubusercontent.com/PokeAPI/pokeapi/master/data/v2/csv/pokemon_form_names.csv;https://docs.google.com/spreadsheets/d/1JZpA-5XDldN2bjfvhvBPHYK-1AENETLnF1UxNEpWlNA/edit#gid=352888197;data/manual/team_pokemon_usage.csv;output/team-graphics/s5/Triyolotree.png
445,883,Pescryodon,pescryodon,Arctovish,arctovish,RU,7,1,1,S7,0,,1,1,picked,https://raw.githubusercontent.com/PokeAPI/pokeapi/master/data/v2/csv/pokemon_species_names.csv;https://raw.githubusercontent.com/PokeAPI/pokeapi/master/data/v2/csv/languages.csv;https://raw.githubusercontent.com/PokeAPI/pokeapi/master/data/v2/csv/pokemon.csv;https://raw.githubusercontent.com/PokeAPI/pokeapi/master/data/v2/csv/pokemon_forms.csv;https://raw.githubusercontent.com/PokeAPI/pokeapi/master/data/v2/csv/pokemon_form_names.csv;https://docs.google.com/spreadsheets/d/1nwiq_ggEj7QePeZGMR2xoi0bEHJr_ZGO24YCRdt93No/edit#gid=857670931
446,127,Pinsir,pinsir,Pinsir,pinsir,RU,7,1,1,S4,0,,1,1,picked,https://raw.githubusercontent.com/PokeAPI/pokeapi/master/data/v2/csv/pokemon_species_names.csv;https://raw.githubusercontent.com/PokeAPI/pokeapi/master/data/v2/csv/languages.csv;https://raw.githubusercontent.com/PokeAPI/pokeapi/master/data/v2/csv/pokemon.csv;https://raw.githubusercontent.com/PokeAPI/pokeapi/master/data/v2/csv/pokemon_forms.csv;https://raw.githubusercontent.com/PokeAPI/pokeapi/master/data/v2/csv/pokemon_form_names.csv;https://docs.google.com/spreadsheets/d/1JZpA-5XDldN2bjfvhvBPHYK-1AENETLnF1UxNEpWlNA/edit#gid=352888197;data/manual/team_pokemon_usage.csv;output/team-graphics/s4/Minetube - Triyolotree.png
447,869,Pokusan,pokusan,Alcremie,alcremie,RU,7,1,1,S10,0,,1,1,picked,https://raw.githubusercontent.com/PokeAPI/pokeapi/master/data/v2/csv/pokemon_species_names.csv;https://raw.githubusercontent.com/PokeAPI/pokeapi/master/data/v2/csv/languages.csv;https://raw.githubusercontent.com/PokeAPI/pokeapi/master/data/v2/csv/pokemon.csv;https://raw.githubusercontent.com/PokeAPI/pokeapi/master/data/v2/csv/pokemon_forms.csv;https://raw.githubusercontent.com/PokeAPI/pokeapi/master/data/v2/csv/pokemon_form_names.csv;https://docs.google.com/spreadsheets/d/13smsrG2BGYxr_omJWcgr-sUDr39bvOJPNL5RPt4DSow/edit#gid=1934543062
448,213,Pottrott,pottrott,Shuckle,shuckle,RU,7,1,1,S2,0,,1,1,picked,https://raw.githubusercontent.com/PokeAPI/pokeapi/master/data/v2/csv/pokemon_species_names.csv;https://raw.githubusercontent.com/PokeAPI/pokeapi/master/data/v2/csv/languages.csv;https://raw.githubusercontent.com/PokeAPI/pokeapi/master/data/v2/csv/pokemon.csv;https://raw.githubusercontent.com/PokeAPI/pokeapi/master/data/v2/csv/pokemon_forms.csv;https://raw.githubusercontent.com/PokeAPI/pokeapi/master/data/v2/csv/pokemon_form_names.csv;https://docs.google.com/spreadsheets/d/1JZpA-5XDldN2bjfvhvBPHYK-1AENETLnF1UxNEpWlNA/edit#gid=352888197;https://docs.google.com/spreadsheets/d/1vJ-pioe3RZKSZ3LIGEA3FVTv_KEE_XKIQAXSIUNNd-Q/edit#gid=0
449,894,Regieleki,regieleki,Regieleki,regieleki,RU,7,1,1,S10,0,,1,1,picked,https://raw.githubusercontent.com/PokeAPI/pokeapi/master/data/v2/csv/pokemon_species_names.csv;https://raw.githubusercontent.com/PokeAPI/pokeapi/master/data/v2/csv/languages.csv;https://raw.githubusercontent.com/PokeAPI/pokeapi/master/data/v2/csv/pokemon.csv;https://raw.githubusercontent.com/PokeAPI/pokeapi/master/data/v2/csv/pokemon_forms.csv;https://raw.githubusercontent.com/PokeAPI/pokeapi/master/data/v2/csv/pokemon_form_names.csv;https://docs.google.com/spreadsheets/d/13smsrG2BGYxr_omJWcgr-sUDr39bvOJPNL5RPt4DSow/edit#gid=1934543062
450,124,Rossana,rossana,Jynx,jynx,RU,7,1,1,S3,0,,1,1,picked,https://raw.githubusercontent.com/PokeAPI/pokeapi/master/data/v2/csv/pokemon_species_names.csv;https://raw.githubusercontent.com/PokeAPI/pokeapi/master/data/v2/csv/languages.csv;https://raw.githubusercontent.com/PokeAPI/pokeapi/master/data/v2/csv/pokemon.csv;https://raw.githubusercontent.com/PokeAPI/pokeapi/master/data/v2/csv/pokemon_forms.csv;https://raw.githubusercontent.com/PokeAPI/pokeapi/master/data/v2/csv/pokemon_form_names.csv;https://docs.google.com/spreadsheets/d/1JZpA-5XDldN2bjfvhvBPHYK-1AENETLnF1UxNEpWlNA/edit#gid=352888197;data/manual/team_pokemon_usage.csv;output/team-graphics/s3/GPL Teams Spieltag 14 (2).jpg
451,844,Sanaconda,sanaconda,Sandaconda,sandaconda,RU,7,1,1,S7,0,,1,1,picked,https://raw.githubusercontent.com/PokeAPI/pokeapi/master/data/v2/csv/pokemon_species_names.csv;https://raw.githubusercontent.com/PokeAPI/pokeapi/master/data/v2/csv/languages.csv;https://raw.githubusercontent.com/PokeAPI/pokeapi/master/data/v2/csv/pokemon.csv;https://raw.githubusercontent.com/PokeAPI/pokeapi/master/data/v2/csv/pokemon_forms.csv;https://raw.githubusercontent.com/PokeAPI/pokeapi/master/data/v2/csv/pokemon_form_names.csv;https://docs.google.com/spreadsheets/d/1nwiq_ggEj7QePeZGMR2xoi0bEHJr_ZGO24YCRdt93No/edit#gid=857670931
452,28,Sandamer,sandamer,Sandslash,sandslash,RU,7,1,1,S3,0,,1,1,picked,https://raw.githubusercontent.com/PokeAPI/pokeapi/master/data/v2/csv/pokemon_species_names.csv;https://raw.githubusercontent.com/PokeAPI/pokeapi/master/data/v2/csv/languages.csv;https://raw.githubusercontent.com/PokeAPI/pokeapi/master/data/v2/csv/pokemon.csv;https://raw.githubusercontent.com/PokeAPI/pokeapi/master/data/v2/csv/pokemon_forms.csv;https://raw.githubusercontent.com/PokeAPI/pokeapi/master/data/v2/csv/pokemon_form_names.csv;https://docs.google.com/spreadsheets/d/1JZpA-5XDldN2bjfvhvBPHYK-1AENETLnF1UxNEpWlNA/edit#gid=352888197;data/manual/team_pokemon_usage.csv;output/team-graphics/s3/GPL Teams Spieltag 14 (2).jpg
453,71,Sarzenia,sarzenia,Victreebel,victreebel,RU,7,1,1,S4,0,,1,1,picked,https://raw.githubusercontent.com/PokeAPI/pokeapi/master/data/v2/csv/pokemon_species_names.csv;https://raw.githubusercontent.com/PokeAPI/pokeapi/master/data/v2/csv/languages.csv;https://raw.githubusercontent.com/PokeAPI/pokeapi/master/data/v2/csv/pokemon.csv;https://raw.githubusercontent.com/PokeAPI/pokeapi/master/data/v2/csv/pokemon_forms.csv;https://raw.githubusercontent.com/PokeAPI/pokeapi/master/data/v2/csv/pokemon_form_names.csv;https://docs.google.com/spreadsheets/d/1JZpA-5XDldN2bjfvhvBPHYK-1AENETLnF1UxNEpWlNA/edit#gid=352888197;data/manual/pokemon_killlists.csv
454,968,Schlurm,schlurm,Orthworm,orthworm,RU,7,1,1,S10,0,,1,1,picked,https://raw.githubusercontent.com/PokeAPI/pokeapi/master/data/v2/csv/pokemon_species_names.csv;https://raw.githubusercontent.com/PokeAPI/pokeapi/master/data/v2/csv/languages.csv;https://raw.githubusercontent.com/PokeAPI/pokeapi/master/data/v2/csv/pokemon.csv;https://raw.githubusercontent.com/PokeAPI/pokeapi/master/data/v2/csv/pokemon_forms.csv;https://raw.githubusercontent.com/PokeAPI/pokeapi/master/data/v2/csv/pokemon_form_names.csv;https://docs.google.com/spreadsheets/d/13smsrG2BGYxr_omJWcgr-sUDr39bvOJPNL5RPt4DSow/edit#gid=1934543062
455,335,Sengo,sengo,Zangoose,zangoose,RU,7,1,1,S6,0,,1,1,picked,https://raw.githubusercontent.com/PokeAPI/pokeapi/master/data/v2/csv/pokemon_species_names.csv;https://raw.githubusercontent.com/PokeAPI/pokeapi/master/data/v2/csv/languages.csv;https://raw.githubusercontent.com/PokeAPI/pokeapi/master/data/v2/csv/pokemon.csv;https://raw.githubusercontent.com/PokeAPI/pokeapi/master/data/v2/csv/pokemon_forms.csv;https://raw.githubusercontent.com/PokeAPI/pokeapi/master/data/v2/csv/pokemon_form_names.csv;https://docs.google.com/spreadsheets/d/11wxsKyCydVmDjp4kGLJAOLPM_LgwCLN2GYpbDQkNtkk/edit#gid=654435343
456,876,Servol-Männlich,servolmannlich,indeedee-male,indeedee,RU,7,1,1,S7,0,,1,1,picked,https://raw.githubusercontent.com/PokeAPI/pokeapi/master/data/v2/csv/pokemon_species_names.csv;https://raw.githubusercontent.com/PokeAPI/pokeapi/master/data/v2/csv/languages.csv;https://raw.githubusercontent.com/PokeAPI/pokeapi/master/data/v2/csv/pokemon.csv;https://raw.githubusercontent.com/PokeAPI/pokeapi/master/data/v2/csv/pokemon_forms.csv;https://raw.githubusercontent.com/PokeAPI/pokeapi/master/data/v2/csv/pokemon_form_names.csv;https://docs.google.com/spreadsheets/d/1nwiq_ggEj7QePeZGMR2xoi0bEHJr_ZGO24YCRdt93No/edit#gid=857670931
457,621,Shardrago,shardrago,Druddigon,druddigon,RU,7,1,1,S3,0,,1,1,picked,https://raw.githubusercontent.com/PokeAPI/pokeapi/master/data/v2/csv/pokemon_species_names.csv;https://raw.githubusercontent.com/PokeAPI/pokeapi/master/data/v2/csv/languages.csv;https://raw.githubusercontent.com/PokeAPI/pokeapi/master/data/v2/csv/pokemon.csv;https://raw.githubusercontent.com/PokeAPI/pokeapi/master/data/v2/csv/pokemon_forms.csv;https://raw.githubusercontent.com/PokeAPI/pokeapi/master/data/v2/csv/pokemon_form_names.csv;https://docs.google.com/spreadsheets/d/1JZpA-5XDldN2bjfvhvBPHYK-1AENETLnF1UxNEpWlNA/edit#gid=352888197;data/manual/team_pokemon_usage.csv;output/team-graphics/s3/GPL Teams Spieltag 14 (1).jpg
458,12,Smettbo,smettbo,Butterfree,butterfree,RU,7,1,1,S7,0,,1,1,picked,https://raw.githubusercontent.com/PokeAPI/pokeapi/master/data/v2/csv/pokemon_species_names.csv;https://raw.githubusercontent.com/PokeAPI/pokeapi/master/data/v2/csv/languages.csv;https://raw.githubusercontent.com/PokeAPI/pokeapi/master/data/v2/csv/pokemon.csv;https://raw.githubusercontent.com/PokeAPI/pokeapi/master/data/v2/csv/pokemon_forms.csv;https://raw.githubusercontent.com/PokeAPI/pokeapi/master/data/v2/csv/pokemon_form_names.csv;https://docs.google.com/spreadsheets/d/1nwiq_ggEj7QePeZGMR2xoi0bEHJr_ZGO24YCRdt93No/edit#gid=857670931
459,338,Sonnfel,sonnfel,Solrock,solrock,RU,7,1,1,S7,0,,1,1,picked,https://raw.githubusercontent.com/PokeAPI/pokeapi/master/data/v2/csv/pokemon_species_names.csv;https://raw.githubusercontent.com/PokeAPI/pokeapi/master/data/v2/csv/languages.csv;https://raw.githubusercontent.com/PokeAPI/pokeapi/master/data/v2/csv/pokemon.csv;https://raw.githubusercontent.com/PokeAPI/pokeapi/master/data/v2/csv/pokemon_forms.csv;https://raw.githubusercontent.com/PokeAPI/pokeapi/master/data/v2/csv/pokemon_form_names.csv;https://docs.google.com/spreadsheets/d/1nwiq_ggEj7QePeZGMR2xoi0bEHJr_ZGO24YCRdt93No/edit#gid=857670931
460,689,Thanathora,thanathora,Barbaracle,barbaracle,RU,7,1,1,S3,0,,1,1,picked,https://raw.githubusercontent.com/PokeAPI/pokeapi/master/data/v2/csv/pokemon_species_names.csv;https://raw.githubusercontent.com/PokeAPI/pokeapi/master/data/v2/csv/languages.csv;https://raw.githubusercontent.com/PokeAPI/pokeapi/master/data/v2/csv/pokemon.csv;https://raw.githubusercontent.com/PokeAPI/pokeapi/master/data/v2/csv/pokemon_forms.csv;https://raw.githubusercontent.com/PokeAPI/pokeapi/master/data/v2/csv/pokemon_form_names.csv;https://docs.google.com/spreadsheets/d/1JZpA-5XDldN2bjfvhvBPHYK-1AENETLnF1UxNEpWlNA/edit#gid=352888197;data/manual/team_pokemon_usage.csv;output/team-graphics/s3/GPL Teams Spieltag 14 (2).jpg
461,476,Voluminas,voluminas,Probopass,probopass,RU,7,1,1,S3,0,,1,1,picked,https://raw.githubusercontent.com/PokeAPI/pokeapi/master/data/v2/csv/pokemon_species_names.csv;https://raw.githubusercontent.com/PokeAPI/pokeapi/master/data/v2/csv/languages.csv;https://raw.githubusercontent.com/PokeAPI/pokeapi/master/data/v2/csv/pokemon.csv;https://raw.githubusercontent.com/PokeAPI/pokeapi/master/data/v2/csv/pokemon_forms.csv;https://raw.githubusercontent.com/PokeAPI/pokeapi/master/data/v2/csv/pokemon_form_names.csv;https://docs.google.com/spreadsheets/d/1JZpA-5XDldN2bjfvhvBPHYK-1AENETLnF1UxNEpWlNA/edit#gid=352888197;data/manual/team_pokemon_usage.csv;output/team-graphics/s3/GPL Teams Spieltag 14 (2).jpg
462,38,Vulnona,vulnona,Ninetales,ninetales,RU,7,1,1,S7,0,,1,1,picked,https://raw.githubusercontent.com/PokeAPI/pokeapi/master/data/v2/csv/pokemon_species_names.csv;https://raw.githubusercontent.com/PokeAPI/pokeapi/master/data/v2/csv/languages.csv;https://raw.githubusercontent.com/PokeAPI/pokeapi/master/data/v2/csv/pokemon.csv;https://raw.githubusercontent.com/PokeAPI/pokeapi/master/data/v2/csv/pokemon_forms.csv;https://raw.githubusercontent.com/PokeAPI/pokeapi/master/data/v2/csv/pokemon_form_names.csv;https://docs.google.com/spreadsheets/d/1nwiq_ggEj7QePeZGMR2xoi0bEHJr_ZGO24YCRdt93No/edit#gid=857670931
463,939,Wampitz,wampitz,Bellibolt,bellibolt,RU,7,1,1,S10,0,,1,1,picked,https://raw.githubusercontent.com/PokeAPI/pokeapi/master/data/v2/csv/pokemon_species_names.csv;https://raw.githubusercontent.com/PokeAPI/pokeapi/master/data/v2/csv/languages.csv;https://raw.githubusercontent.com/PokeAPI/pokeapi/master/data/v2/csv/pokemon.csv;https://raw.githubusercontent.com/PokeAPI/pokeapi/master/data/v2/csv/pokemon_forms.csv;https://raw.githubusercontent.com/PokeAPI/pokeapi/master/data/v2/csv/pokemon_form_names.csv;https://docs.google.com/spreadsheets/d/13smsrG2BGYxr_omJWcgr-sUDr39bvOJPNL5RPt4DSow/edit#gid=1934543062
464,693,Wummer,wummer,Clawitzer,clawitzer,RU,7,1,1,S1,0,,1,1,picked,https://raw.githubusercontent.com/PokeAPI/pokeapi/master/data/v2/csv/pokemon_species_names.csv;https://raw.githubusercontent.com/PokeAPI/pokeapi/master/data/v2/csv/languages.csv;https://raw.githubusercontent.com/PokeAPI/pokeapi/master/data/v2/csv/pokemon.csv;https://raw.githubusercontent.com/PokeAPI/pokeapi/master/data/v2/csv/pokemon_forms.csv;https://raw.githubusercontent.com/PokeAPI/pokeapi/master/data/v2/csv/pokemon_form_names.csv;https://docs.google.com/spreadsheets/d/1JZpA-5XDldN2bjfvhvBPHYK-1AENETLnF1UxNEpWlNA/edit#gid=352888197;https://docs.google.com/spreadsheets/d/1n9SmK-ccTCn8Jjhs4U2LKnibXY8PvuBtV3V9MCOURRA/edit#gid=0;https://docs.google.com/spreadsheets/d/14N_40jsahiN9DChpnNaPTnFy26If6imVHtqBGDWk6pg/edit#gid=0
465,477,Zwirrfinst,zwirrfinst,Dusknoir,dusknoir,RU,7,1,1,S1,0,,1,1,picked,https://raw.githubusercontent.com/PokeAPI/pokeapi/master/data/v2/csv/pokemon_species_names.csv;https://raw.githubusercontent.com/PokeAPI/pokeapi/master/data/v2/csv/languages.csv;https://raw.githubusercontent.com/PokeAPI/pokeapi/master/data/v2/csv/pokemon.csv;https://raw.githubusercontent.com/PokeAPI/pokeapi/master/data/v2/csv/pokemon_forms.csv;https://raw.githubusercontent.com/PokeAPI/pokeapi/master/data/v2/csv/pokemon_form_names.csv;https://docs.google.com/spreadsheets/d/1JZpA-5XDldN2bjfvhvBPHYK-1AENETLnF1UxNEpWlNA/edit#gid=352888197;https://docs.google.com/spreadsheets/d/1n9SmK-ccTCn8Jjhs4U2LKnibXY8PvuBtV3V9MCOURRA/edit#gid=0
466,811,Chimstix,chimstix,Thwackey,thwackey,NFE,14,1,1,S10,0,,1,1,picked,https://raw.githubusercontent.com/PokeAPI/pokeapi/master/data/v2/csv/pokemon_species_names.csv;https://raw.githubusercontent.com/PokeAPI/pokeapi/master/data/v2/csv/languages.csv;https://raw.githubusercontent.com/PokeAPI/pokeapi/master/data/v2/csv/pokemon.csv;https://raw.githubusercontent.com/PokeAPI/pokeapi/master/data/v2/csv/pokemon_forms.csv;https://raw.githubusercontent.com/PokeAPI/pokeapi/master/data/v2/csv/pokemon_form_names.csv;https://docs.google.com/spreadsheets/d/13smsrG2BGYxr_omJWcgr-sUDr39bvOJPNL5RPt4DSow/edit#gid=1934543062
467,662,Dartignis,dartignis,Fletchinder,fletchinder,NFE,14,1,1,S3,0,,1,1,picked,https://raw.githubusercontent.com/PokeAPI/pokeapi/master/data/v2/csv/pokemon_species_names.csv;https://raw.githubusercontent.com/PokeAPI/pokeapi/master/data/v2/csv/languages.csv;https://raw.githubusercontent.com/PokeAPI/pokeapi/master/data/v2/csv/pokemon.csv;https://raw.githubusercontent.com/PokeAPI/pokeapi/master/data/v2/csv/pokemon_forms.csv;https://raw.githubusercontent.com/PokeAPI/pokeapi/master/data/v2/csv/pokemon_form_names.csv;https://docs.google.com/spreadsheets/d/1JZpA-5XDldN2bjfvhvBPHYK-1AENETLnF1UxNEpWlNA/edit#gid=352888197;data/manual/team_pokemon_usage.csv;output/team-graphics/s3/GPL Teams Spieltag 14 (2).jpg
468,578,Mitodos,mitodos,Duosion,duosion,NFE,14,1,1,S7,0,,1,1,picked,https://raw.githubusercontent.com/PokeAPI/pokeapi/master/data/v2/csv/pokemon_species_names.csv;https://raw.githubusercontent.com/PokeAPI/pokeapi/master/data/v2/csv/languages.csv;https://raw.githubusercontent.com/PokeAPI/pokeapi/master/data/v2/csv/pokemon.csv;https://raw.githubusercontent.com/PokeAPI/pokeapi/master/data/v2/csv/pokemon_forms.csv;https://raw.githubusercontent.com/PokeAPI/pokeapi/master/data/v2/csv/pokemon_form_names.csv;https://docs.google.com/spreadsheets/d/1nwiq_ggEj7QePeZGMR2xoi0bEHJr_ZGO24YCRdt93No/edit#gid=857670931
469,391,Panpyro,panpyro,Monferno,monferno,NFE,14,1,1,S3,0,,1,1,picked,https://raw.githubusercontent.com/PokeAPI/pokeapi/master/data/v2/csv/pokemon_species_names.csv;https://raw.githubusercontent.com/PokeAPI/pokeapi/master/data/v2/csv/languages.csv;https://raw.githubusercontent.com/PokeAPI/pokeapi/master/data/v2/csv/pokemon.csv;https://raw.githubusercontent.com/PokeAPI/pokeapi/master/data/v2/csv/pokemon_forms.csv;https://raw.githubusercontent.com/PokeAPI/pokeapi/master/data/v2/csv/pokemon_form_names.csv;https://docs.google.com/spreadsheets/d/1JZpA-5XDldN2bjfvhvBPHYK-1AENETLnF1UxNEpWlNA/edit#gid=352888197;data/manual/team_pokemon_usage.csv;output/team-graphics/s3/GPL Teams Spieltag 14 (1).jpg
470,525,Sedimantur,sedimantur,Boldore,boldore,NFE,14,1,1,S7,0,,1,1,picked,https://raw.githubusercontent.com/PokeAPI/pokeapi/master/data/v2/csv/pokemon_species_names.csv;https://raw.githubusercontent.com/PokeAPI/pokeapi/master/data/v2/csv/languages.csv;https://raw.githubusercontent.com/PokeAPI/pokeapi/master/data/v2/csv/pokemon.csv;https://raw.githubusercontent.com/PokeAPI/pokeapi/master/data/v2/csv/pokemon_forms.csv;https://raw.githubusercontent.com/PokeAPI/pokeapi/master/data/v2/csv/pokemon_form_names.csv;https://docs.google.com/spreadsheets/d/1nwiq_ggEj7QePeZGMR2xoi0bEHJr_ZGO24YCRdt93No/edit#gid=857670931
471,356,Zwirrklop,zwirrklop,Dusclops,dusclops,NFE,14,1,1,S3,0,,1,1,picked,https://raw.githubusercontent.com/PokeAPI/pokeapi/master/data/v2/csv/pokemon_species_names.csv;https://raw.githubusercontent.com/PokeAPI/pokeapi/master/data/v2/csv/languages.csv;https://raw.githubusercontent.com/PokeAPI/pokeapi/master/data/v2/csv/pokemon.csv;https://raw.githubusercontent.com/PokeAPI/pokeapi/master/data/v2/csv/pokemon_forms.csv;https://raw.githubusercontent.com/PokeAPI/pokeapi/master/data/v2/csv/pokemon_form_names.csv;https://docs.google.com/spreadsheets/d/1JZpA-5XDldN2bjfvhvBPHYK-1AENETLnF1UxNEpWlNA/edit#gid=352888197;data/manual/pokemon_killlists.csv
472,436,Bronzel,bronzel,Bronzor,bronzor,LC,15,1,1,S5,0,,1,1,picked,https://raw.githubusercontent.com/PokeAPI/pokeapi/master/data/v2/csv/pokemon_species_names.csv;https://raw.githubusercontent.com/PokeAPI/pokeapi/master/data/v2/csv/languages.csv;https://raw.githubusercontent.com/PokeAPI/pokeapi/master/data/v2/csv/pokemon.csv;https://raw.githubusercontent.com/PokeAPI/pokeapi/master/data/v2/csv/pokemon_forms.csv;https://raw.githubusercontent.com/PokeAPI/pokeapi/master/data/v2/csv/pokemon_form_names.csv;https://docs.google.com/spreadsheets/d/1JZpA-5XDldN2bjfvhvBPHYK-1AENETLnF1UxNEpWlNA/edit#gid=352888197;data/manual/team_pokemon_usage.csv;output/team-graphics/s5/Triyolotree.png
473,624,Gladiantri,gladiantri,Pawniard,pawniard,LC,15,1,1,S7,0,,1,1,picked,https://raw.githubusercontent.com/PokeAPI/pokeapi/master/data/v2/csv/pokemon_species_names.csv;https://raw.githubusercontent.com/PokeAPI/pokeapi/master/data/v2/csv/languages.csv;https://raw.githubusercontent.com/PokeAPI/pokeapi/master/data/v2/csv/pokemon.csv;https://raw.githubusercontent.com/PokeAPI/pokeapi/master/data/v2/csv/pokemon_forms.csv;https://raw.githubusercontent.com/PokeAPI/pokeapi/master/data/v2/csv/pokemon_form_names.csv;https://docs.google.com/spreadsheets/d/1nwiq_ggEj7QePeZGMR2xoi0bEHJr_ZGO24YCRdt93No/edit#gid=857670931
474,285,Knilz,knilz,Shroomish,shroomish,LC,15,1,1,S2,0,,1,0,picked,https://raw.githubusercontent.com/PokeAPI/pokeapi/master/data/v2/csv/pokemon_species_names.csv;https://raw.githubusercontent.com/PokeAPI/pokeapi/master/data/v2/csv/languages.csv;https://raw.githubusercontent.com/PokeAPI/pokeapi/master/data/v2/csv/pokemon.csv;https://raw.githubusercontent.com/PokeAPI/pokeapi/master/data/v2/csv/pokemon_forms.csv;https://raw.githubusercontent.com/PokeAPI/pokeapi/master/data/v2/csv/pokemon_form_names.csv;https://docs.google.com/spreadsheets/d/1odsNRAZStW1GzmpXwmg27dqjOlch7w8syZOZ5Z2OQRg/edit#gid=0
475,667,Leufeo,leufeo,Litleo,litleo,LC,15,1,1,S2,0,,1,1,picked,https://raw.githubusercontent.com/PokeAPI/pokeapi/master/data/v2/csv/pokemon_species_names.csv;https://raw.githubusercontent.com/PokeAPI/pokeapi/master/data/v2/csv/languages.csv;https://raw.githubusercontent.com/PokeAPI/pokeapi/master/data/v2/csv/pokemon.csv;https://raw.githubusercontent.com/PokeAPI/pokeapi/master/data/v2/csv/pokemon_forms.csv;https://raw.githubusercontent.com/PokeAPI/pokeapi/master/data/v2/csv/pokemon_form_names.csv;https://docs.google.com/spreadsheets/d/1JZpA-5XDldN2bjfvhvBPHYK-1AENETLnF1UxNEpWlNA/edit#gid=352888197;https://docs.google.com/spreadsheets/d/1vJ-pioe3RZKSZ3LIGEA3FVTv_KEE_XKIQAXSIUNNd-Q/edit#gid=0
476,749,Pampuli,pampuli,Mudbray,mudbray,LC,15,1,1,S7,0,,1,1,picked,https://raw.githubusercontent.com/PokeAPI/pokeapi/master/data/v2/csv/pokemon_species_names.csv;https://raw.githubusercontent.com/PokeAPI/pokeapi/master/data/v2/csv/languages.csv;https://raw.githubusercontent.com/PokeAPI/pokeapi/master/data/v2/csv/pokemon.csv;https://raw.githubusercontent.com/PokeAPI/pokeapi/master/data/v2/csv/pokemon_forms.csv;https://raw.githubusercontent.com/PokeAPI/pokeapi/master/data/v2/csv/pokemon_form_names.csv;https://docs.google.com/spreadsheets/d/1nwiq_ggEj7QePeZGMR2xoi0bEHJr_ZGO24YCRdt93No/edit#gid=857670931
477,569,Giga-Deponitox,gigadeponitox,garbodor-gmax,garbodorgmax,Illegal,17,1,1,S7,0,,1,1,picked,https://raw.githubusercontent.com/PokeAPI/pokeapi/master/data/v2/csv/pokemon_species_names.csv;https://raw.githubusercontent.com/PokeAPI/pokeapi/master/data/v2/csv/languages.csv;https://raw.githubusercontent.com/PokeAPI/pokeapi/master/data/v2/csv/pokemon.csv;https://raw.githubusercontent.com/PokeAPI/pokeapi/master/data/v2/csv/pokemon_forms.csv;https://raw.githubusercontent.com/PokeAPI/pokeapi/master/data/v2/csv/pokemon_form_names.csv;https://docs.google.com/spreadsheets/d/1nwiq_ggEj7QePeZGMR2xoi0bEHJr_ZGO24YCRdt93No/edit#gid=857670931
478,841,Giga-Drapfel,gigadrapfel,flapple-gmax,flapplegmax,Illegal,17,1,1,S7,0,,1,1,picked,https://raw.githubusercontent.com/PokeAPI/pokeapi/master/data/v2/csv/pokemon_species_names.csv;https://raw.githubusercontent.com/PokeAPI/pokeapi/master/data/v2/csv/languages.csv;https://raw.githubusercontent.com/PokeAPI/pokeapi/master/data/v2/csv/pokemon.csv;https://raw.githubusercontent.com/PokeAPI/pokeapi/master/data/v2/csv/pokemon_forms.csv;https://raw.githubusercontent.com/PokeAPI/pokeapi/master/data/v2/csv/pokemon_form_names.csv;https://docs.google.com/spreadsheets/d/1nwiq_ggEj7QePeZGMR2xoi0bEHJr_ZGO24YCRdt93No/edit#gid=857670931
479,68,Giga-Machomei,gigamachomei,machamp-gmax,machampgmax,Illegal,17,1,1,S7,0,,1,1,picked,https://raw.githubusercontent.com/PokeAPI/pokeapi/master/data/v2/csv/pokemon_species_names.csv;https://raw.githubusercontent.com/PokeAPI/pokeapi/master/data/v2/csv/languages.csv;https://raw.githubusercontent.com/PokeAPI/pokeapi/master/data/v2/csv/pokemon.csv;https://raw.githubusercontent.com/PokeAPI/pokeapi/master/data/v2/csv/pokemon_forms.csv;https://raw.githubusercontent.com/PokeAPI/pokeapi/master/data/v2/csv/pokemon_form_names.csv;https://docs.google.com/spreadsheets/d/1nwiq_ggEj7QePeZGMR2xoi0bEHJr_ZGO24YCRdt93No/edit#gid=857670931
480,826,Giga-Maritellit,gigamaritellit,orbeetle-gmax,orbeetlegmax,Illegal,17,1,1,S7,0,,1,1,picked,https://raw.githubusercontent.com/PokeAPI/pokeapi/master/data/v2/csv/pokemon_species_names.csv;https://raw.githubusercontent.com/PokeAPI/pokeapi/master/data/v2/csv/languages.csv;https://raw.githubusercontent.com/PokeAPI/pokeapi/master/data/v2/csv/pokemon.csv;https://raw.githubusercontent.com/PokeAPI/pokeapi/master/data/v2/csv/pokemon_forms.csv;https://raw.githubusercontent.com/PokeAPI/pokeapi/master/data/v2/csv/pokemon_form_names.csv;https://docs.google.com/spreadsheets/d/1nwiq_ggEj7QePeZGMR2xoi0bEHJr_ZGO24YCRdt93No/edit#gid=857670931
481,879,Giga-Patinaraja,gigapatinaraja,copperajah-gmax,copperajahgmax,Illegal,17,1,1,S7,0,,1,1,picked,https://raw.githubusercontent.com/PokeAPI/pokeapi/master/data/v2/csv/pokemon_species_names.csv;https://raw.githubusercontent.com/PokeAPI/pokeapi/master/data/v2/csv/languages.csv;https://raw.githubusercontent.com/PokeAPI/pokeapi/master/data/v2/csv/pokemon.csv;https://raw.githubusercontent.com/PokeAPI/pokeapi/master/data/v2/csv/pokemon_forms.csv;https://raw.githubusercontent.com/PokeAPI/pokeapi/master/data/v2/csv/pokemon_form_names.csv;https://docs.google.com/spreadsheets/d/1nwiq_ggEj7QePeZGMR2xoi0bEHJr_ZGO24YCRdt93No/edit#gid=857670931
482,842,Giga-Schlapfel,gigaschlapfel,appletun-gmax,appletungmax,Illegal,17,1,1,S7,0,,1,1,picked,https://raw.githubusercontent.com/PokeAPI/pokeapi/master/data/v2/csv/pokemon_species_names.csv;https://raw.githubusercontent.com/PokeAPI/pokeapi/master/data/v2/csv/languages.csv;https://raw.githubusercontent.com/PokeAPI/pokeapi/master/data/v2/csv/pokemon.csv;https://raw.githubusercontent.com/PokeAPI/pokeapi/master/data/v2/csv/pokemon_forms.csv;https://raw.githubusercontent.com/PokeAPI/pokeapi/master/data/v2/csv/pokemon_form_names.csv;https://docs.google.com/spreadsheets/d/1nwiq_ggEj7QePeZGMR2xoi0bEHJr_ZGO24YCRdt93No/edit#gid=857670931
483,898,Coronospa (Rappenreiter),coronosparappenreiter,calyrex-shadow,calyrexshadow,AG,1,0,0,,0,,0,0,never_picked,https://raw.githubusercontent.com/PokeAPI/pokeapi/master/data/v2/csv/pokemon_species_names.csv;https://raw.githubusercontent.com/PokeAPI/pokeapi/master/data/v2/csv/languages.csv;https://raw.githubusercontent.com/PokeAPI/pokeapi/master/data/v2/csv/pokemon.csv;https://raw.githubusercontent.com/PokeAPI/pokeapi/master/data/v2/csv/pokemon_forms.csv;https://raw.githubusercontent.com/PokeAPI/pokeapi/master/data/v2/csv/pokemon_form_names.csv
484,1007,Koraidon,koraidon,Koraidon,koraidon,AG,1,0,0,,0,,0,0,never_picked,https://raw.githubusercontent.com/PokeAPI/pokeapi/master/data/v2/csv/pokemon_species_names.csv;https://raw.githubusercontent.com/PokeAPI/pokeapi/master/data/v2/csv/languages.csv;https://raw.githubusercontent.com/PokeAPI/pokeapi/master/data/v2/csv/pokemon.csv;https://raw.githubusercontent.com/PokeAPI/pokeapi/master/data/v2/csv/pokemon_forms.csv;https://raw.githubusercontent.com/PokeAPI/pokeapi/master/data/v2/csv/pokemon_form_names.csv
485,94,Mega-Gengar,megagengar,gengar-mega,gengarmega,AG,1,0,0,,0,,0,0,never_picked,https://raw.githubusercontent.com/PokeAPI/pokeapi/master/data/v2/csv/pokemon_species_names.csv;https://raw.githubusercontent.com/PokeAPI/pokeapi/master/data/v2/csv/languages.csv;https://raw.githubusercontent.com/PokeAPI/pokeapi/master/data/v2/csv/pokemon.csv;https://raw.githubusercontent.com/PokeAPI/pokeapi/master/data/v2/csv/pokemon_forms.csv;https://raw.githubusercontent.com/PokeAPI/pokeapi/master/data/v2/csv/pokemon_form_names.csv
486,384,Mega-Rayquaza,megarayquaza,rayquaza-mega,rayquazamega,AG,1,0,0,,0,,0,0,never_picked,https://raw.githubusercontent.com/PokeAPI/pokeapi/master/data/v2/csv/pokemon_species_names.csv;https://raw.githubusercontent.com/PokeAPI/pokeapi/master/data/v2/csv/languages.csv;https://raw.githubusercontent.com/PokeAPI/pokeapi/master/data/v2/csv/pokemon.csv;https://raw.githubusercontent.com/PokeAPI/pokeapi/master/data/v2/csv/pokemon_forms.csv;https://raw.githubusercontent.com/PokeAPI/pokeapi/master/data/v2/csv/pokemon_form_names.csv
487,1008,Miraidon,miraidon,Miraidon,miraidon,AG,1,0,0,,0,,0,0,never_picked,https://raw.githubusercontent.com/PokeAPI/pokeapi/master/data/v2/csv/pokemon_species_names.csv;https://raw.githubusercontent.com/PokeAPI/pokeapi/master/data/v2/csv/languages.csv;https://raw.githubusercontent.com/PokeAPI/pokeapi/master/data/v2/csv/pokemon.csv;https://raw.githubusercontent.com/PokeAPI/pokeapi/master/data/v2/csv/pokemon_forms.csv;https://raw.githubusercontent.com/PokeAPI/pokeapi/master/data/v2/csv/pokemon_form_names.csv
488,716,Xerneas,xerneas,Xerneas,xerneas,AG,1,0,0,,0,,0,0,never_picked,https://raw.githubusercontent.com/PokeAPI/pokeapi/master/data/v2/csv/pokemon_species_names.csv;https://raw.githubusercontent.com/PokeAPI/pokeapi/master/data/v2/csv/languages.csv;https://raw.githubusercontent.com/PokeAPI/pokeapi/master/data/v2/csv/pokemon.csv;https://raw.githubusercontent.com/PokeAPI/pokeapi/master/data/v2/csv/pokemon_forms.csv;https://raw.githubusercontent.com/PokeAPI/pokeapi/master/data/v2/csv/pokemon_form_names.csv
489,804,Agoyon,agoyon,Naganadel,naganadel,Uber,2,0,0,,0,,0,0,never_picked,https://raw.githubusercontent.com/PokeAPI/pokeapi/master/data/v2/csv/pokemon_species_names.csv;https://raw.githubusercontent.com/PokeAPI/pokeapi/master/data/v2/csv/languages.csv;https://raw.githubusercontent.com/PokeAPI/pokeapi/master/data/v2/csv/pokemon.csv;https://raw.githubusercontent.com/PokeAPI/pokeapi/master/data/v2/csv/pokemon_forms.csv;https://raw.githubusercontent.com/PokeAPI/pokeapi/master/data/v2/csv/pokemon_form_names.csv
490,493,Arceus,arceus,Arceus,arceus,Uber,2,0,0,,0,,0,0,never_picked,https://raw.githubusercontent.com/PokeAPI/pokeapi/master/data/v2/csv/pokemon_species_names.csv;https://raw.githubusercontent.com/PokeAPI/pokeapi/master/data/v2/csv/languages.csv;https://raw.githubusercontent.com/PokeAPI/pokeapi/master/data/v2/csv/pokemon.csv;https://raw.githubusercontent.com/PokeAPI/pokeapi/master/data/v2/csv/pokemon_forms.csv;https://raw.githubusercontent.com/PokeAPI/pokeapi/master/data/v2/csv/pokemon_form_names.csv
491,1002,Baojian,baojian,Chien-Pao,chienpao,Uber,2,0,0,,0,,0,0,never_picked,https://raw.githubusercontent.com/PokeAPI/pokeapi/master/data/v2/csv/pokemon_species_names.csv;https://raw.githubusercontent.com/PokeAPI/pokeapi/master/data/v2/csv/languages.csv;https://raw.githubusercontent.com/PokeAPI/pokeapi/master/data/v2/csv/pokemon.csv;https://raw.githubusercontent.com/PokeAPI/pokeapi/master/data/v2/csv/pokemon_forms.csv;https://raw.githubusercontent.com/PokeAPI/pokeapi/master/data/v2/csv/pokemon_form_names.csv
492,898,Coronospa (Schimmelreiter),coronospaschimmelreiter,calyrex-ice,calyrexice,Uber,2,0,0,,0,,0,0,never_picked,https://raw.githubusercontent.com/PokeAPI/pokeapi/master/data/v2/csv/pokemon_species_names.csv;https://raw.githubusercontent.com/PokeAPI/pokeapi/master/data/v2/csv/languages.csv;https://raw.githubusercontent.com/PokeAPI/pokeapi/master/data/v2/csv/pokemon.csv;https://raw.githubusercontent.com/PokeAPI/pokeapi/master/data/v2/csv/pokemon_forms.csv;https://raw.githubusercontent.com/PokeAPI/pokeapi/master/data/v2/csv/pokemon_form_names.csv
493,491,Darkrai,darkrai,Darkrai,darkrai,Uber,2,0,0,,0,,0,0,never_picked,https://raw.githubusercontent.com/PokeAPI/pokeapi/master/data/v2/csv/pokemon_species_names.csv;https://raw.githubusercontent.com/PokeAPI/pokeapi/master/data/v2/csv/languages.csv;https://raw.githubusercontent.com/PokeAPI/pokeapi/master/data/v2/csv/pokemon.csv;https://raw.githubusercontent.com/PokeAPI/pokeapi/master/data/v2/csv/pokemon_forms.csv;https://raw.githubusercontent.com/PokeAPI/pokeapi/master/data/v2/csv/pokemon_form_names.csv
494,964,Delfinator,delfinator,Palafin,palafin,Uber,2,0,0,,0,,0,0,never_picked,https://raw.githubusercontent.com/PokeAPI/pokeapi/master/data/v2/csv/pokemon_species_names.csv;https://raw.githubusercontent.com/PokeAPI/pokeapi/master/data/v2/csv/languages.csv;https://raw.githubusercontent.com/PokeAPI/pokeapi/master/data/v2/csv/pokemon.csv;https://raw.githubusercontent.com/PokeAPI/pokeapi/master/data/v2/csv/pokemon_forms.csv;https://raw.githubusercontent.com/PokeAPI/pokeapi/master/data/v2/csv/pokemon_form_names.csv
495,386,Deoxys,deoxys,Deoxys,deoxys,Uber,2,0,0,,0,,0,0,never_picked,https://raw.githubusercontent.com/PokeAPI/pokeapi/master/data/v2/csv/pokemon_species_names.csv;https://raw.githubusercontent.com/PokeAPI/pokeapi/master/data/v2/csv/languages.csv;https://raw.githubusercontent.com/PokeAPI/pokeapi/master/data/v2/csv/pokemon.csv;https://raw.githubusercontent.com/PokeAPI/pokeapi/master/data/v2/csv/pokemon_forms.csv;https://raw.githubusercontent.com/PokeAPI/pokeapi/master/data/v2/csv/pokemon_form_names.csv
496,386,Deoxys (Angriff),deoxysangriff,deoxys-attack,deoxysattack,Uber,2,0,0,,0,,0,0,never_picked,https://raw.githubusercontent.com/PokeAPI/pokeapi/master/data/v2/csv/pokemon_species_names.csv;https://raw.githubusercontent.com/PokeAPI/pokeapi/master/data/v2/csv/languages.csv;https://raw.githubusercontent.com/PokeAPI/pokeapi/master/data/v2/csv/pokemon.csv;https://raw.githubusercontent.com/PokeAPI/pokeapi/master/data/v2/csv/pokemon_forms.csv;https://raw.githubusercontent.com/PokeAPI/pokeapi/master/data/v2/csv/pokemon_form_names.csv
497,483,Dialga,dialga,Dialga,dialga,Uber,2,0,0,,0,,0,0,never_picked,https://raw.githubusercontent.com/PokeAPI/pokeapi/master/data/v2/csv/pokemon_species_names.csv;https://raw.githubusercontent.com/PokeAPI/pokeapi/master/data/v2/csv/languages.csv;https://raw.githubusercontent.com/PokeAPI/pokeapi/master/data/v2/csv/pokemon.csv;https://raw.githubusercontent.com/PokeAPI/pokeapi/master/data/v2/csv/pokemon_forms.csv;https://raw.githubusercontent.com/PokeAPI/pokeapi/master/data/v2/csv/pokemon_form_names.csv
498,991,Eisenbündel,eisenbundel,Iron Bundle,ironbundle,Uber,2,0,0,,0,,0,0,never_picked,https://raw.githubusercontent.com/PokeAPI/pokeapi/master/data/v2/csv/pokemon_species_names.csv;https://raw.githubusercontent.com/PokeAPI/pokeapi/master/data/v2/csv/languages.csv;https://raw.githubusercontent.com/PokeAPI/pokeapi/master/data/v2/csv/pokemon.csv;https://raw.githubusercontent.com/PokeAPI/pokeapi/master/data/v2/csv/pokemon_forms.csv;https://raw.githubusercontent.com/PokeAPI/pokeapi/master/data/v2/csv/pokemon_form_names.csv
499,890,Endynalos,endynalos,Eternatus,eternatus,Uber,2,0,0,,0,,0,0,never_picked,https://raw.githubusercontent.com/PokeAPI/pokeapi/master/data/v2/csv/pokemon_species_names.csv;https://raw.githubusercontent.com/PokeAPI/pokeapi/master/data/v2/csv/languages.csv;https://raw.githubusercontent.com/PokeAPI/pokeapi/master/data/v2/csv/pokemon.csv;https://raw.githubusercontent.com/PokeAPI/pokeapi/master/data/v2/csv/pokemon_forms.csv;https://raw.githubusercontent.com/PokeAPI/pokeapi/master/data/v2/csv/pokemon_form_names.csv
500,979,Epitaff,epitaff,Annihilape,annihilape,Uber,2,0,0,,0,,0,0,never_picked,https://raw.githubusercontent.com/PokeAPI/pokeapi/master/data/v2/csv/pokemon_species_names.csv;https://raw.githubusercontent.com/PokeAPI/pokeapi/master/data/v2/csv/languages.csv;https://raw.githubusercontent.com/PokeAPI/pokeapi/master/data/v2/csv/pokemon.csv;https://raw.githubusercontent.com/PokeAPI/pokeapi/master/data/v2/csv/pokemon_forms.csv;https://raw.githubusercontent.com/PokeAPI/pokeapi/master/data/v2/csv/pokemon_form_names.csv
501,998,Espinodon,espinodon,Baxcalibur,baxcalibur,Uber,2,0,0,,0,,0,0,never_picked,https://raw.githubusercontent.com/PokeAPI/pokeapi/master/data/v2/csv/pokemon_species_names.csv;https://raw.githubusercontent.com/PokeAPI/pokeapi/master/data/v2/csv/languages.csv;https://raw.githubusercontent.com/PokeAPI/pokeapi/master/data/v2/csv/pokemon.csv;https://raw.githubusercontent.com/PokeAPI/pokeapi/master/data/v2/csv/pokemon_forms.csv;https://raw.githubusercontent.com/PokeAPI/pokeapi/master/data/v2/csv/pokemon_form_names.csv
502,555,Flampivian-Galar,flampiviangalar,darmanitan-galar-standard,darmanitangalar,Uber,2,0,0,,0,,0,0,never_picked,https://raw.githubusercontent.com/PokeAPI/pokeapi/master/data/v2/csv/pokemon_species_names.csv;https://raw.githubusercontent.com/PokeAPI/pokeapi/master/data/v2/csv/languages.csv;https://raw.githubusercontent.com/PokeAPI/pokeapi/master/data/v2/csv/pokemon.csv;https://raw.githubusercontent.com/PokeAPI/pokeapi/master/data/v2/csv/pokemon_forms.csv;https://raw.githubusercontent.com/PokeAPI/pokeapi/master/data/v2/csv/pokemon_form_names.csv
503,987,Flatterhaar,flatterhaar,Flutter Mane,fluttermane,Uber,2,0,0,,0,,0,0,never_picked,https://raw.githubusercontent.com/PokeAPI/pokeapi/master/data/v2/csv/pokemon_species_names.csv;https://raw.githubusercontent.com/PokeAPI/pokeapi/master/data/v2/csv/languages.csv;https://raw.githubusercontent.com/PokeAPI/pokeapi/master/data/v2/csv/pokemon.csv;https://raw.githubusercontent.com/PokeAPI/pokeapi/master/data/v2/csv/pokemon_forms.csv;https://raw.githubusercontent.com/PokeAPI/pokeapi/master/data/v2/csv/pokemon_form_names.csv
504,649,Genesect,genesect,Genesect,genesect,Uber,2,0,0,,0,,0,0,never_picked,https://raw.githubusercontent.com/PokeAPI/pokeapi/master/data/v2/csv/pokemon_species_names.csv;https://raw.githubusercontent.com/PokeAPI/pokeapi/master/data/v2/csv/languages.csv;https://raw.githubusercontent.com/PokeAPI/pokeapi/master/data/v2/csv/pokemon.csv;https://raw.githubusercontent.com/PokeAPI/pokeapi/master/data/v2/csv/pokemon_forms.csv;https://raw.githubusercontent.com/PokeAPI/pokeapi/master/data/v2/csv/pokemon_form_names.csv
505,649,Genesect (Aquamodul),genesectaquamodul,genesect-douse,genesectdouse,Uber,2,0,0,,0,,0,0,never_picked,https://raw.githubusercontent.com/PokeAPI/pokeapi/master/data/v2/csv/pokemon_species_names.csv;https://raw.githubusercontent.com/PokeAPI/pokeapi/master/data/v2/csv/languages.csv;https://raw.githubusercontent.com/PokeAPI/pokeapi/master/data/v2/csv/pokemon.csv;https://raw.githubusercontent.com/PokeAPI/pokeapi/master/data/v2/csv/pokemon_forms.csv;https://raw.githubusercontent.com/PokeAPI/pokeapi/master/data/v2/csv/pokemon_form_names.csv
506,649,Genesect (Blitzmodul),genesectblitzmodul,genesect-shock,genesectshock,Uber,2,0,0,,0,,0,0,never_picked,https://raw.githubusercontent.com/PokeAPI/pokeapi/master/data/v2/csv/pokemon_species_names.csv;https://raw.githubusercontent.com/PokeAPI/pokeapi/master/data/v2/csv/languages.csv;https://raw.githubusercontent.com/PokeAPI/pokeapi/master/data/v2/csv/pokemon.csv;https://raw.githubusercontent.com/PokeAPI/pokeapi/master/data/v2/csv/pokemon_forms.csv;https://raw.githubusercontent.com/PokeAPI/pokeapi/master/data/v2/csv/pokemon_form_names.csv
507,649,Genesect (Flammenmodul),genesectflammenmodul,genesect-burn,genesectburn,Uber,2,0,0,,0,,0,0,never_picked,https://raw.githubusercontent.com/PokeAPI/pokeapi/master/data/v2/csv/pokemon_species_names.csv;https://raw.githubusercontent.com/PokeAPI/pokeapi/master/data/v2/csv/languages.csv;https://raw.githubusercontent.com/PokeAPI/pokeapi/master/data/v2/csv/pokemon.csv;https://raw.githubusercontent.com/PokeAPI/pokeapi/master/data/v2/csv/pokemon_forms.csv;https://raw.githubusercontent.com/PokeAPI/pokeapi/master/data/v2/csv/pokemon_form_names.csv
508,649,Genesect (Gefriermodul),genesectgefriermodul,genesect-chill,genesectchill,Uber,2,0,0,,0,,0,0,never_picked,https://raw.githubusercontent.com/PokeAPI/pokeapi/master/data/v2/csv/pokemon_species_names.csv;https://raw.githubusercontent.com/PokeAPI/pokeapi/master/data/v2/csv/languages.csv;https://raw.githubusercontent.com/PokeAPI/pokeapi/master/data/v2/csv/pokemon.csv;https://raw.githubusercontent.com/PokeAPI/pokeapi/master/data/v2/csv/pokemon_forms.csv;https://raw.githubusercontent.com/PokeAPI/pokeapi/master/data/v2/csv/pokemon_form_names.csv
509,487,Giratina,giratina,Giratina,giratina,Uber,2,0,0,,0,,0,0,never_picked,https://raw.githubusercontent.com/PokeAPI/pokeapi/master/data/v2/csv/pokemon_species_names.csv;https://raw.githubusercontent.com/PokeAPI/pokeapi/master/data/v2/csv/languages.csv;https://raw.githubusercontent.com/PokeAPI/pokeapi/master/data/v2/csv/pokemon.csv;https://raw.githubusercontent.com/PokeAPI/pokeapi/master/data/v2/csv/pokemon_forms.csv;https://raw.githubusercontent.com/PokeAPI/pokeapi/master/data/v2/csv/pokemon_form_names.csv
510,383,Groudon,groudon,Groudon,groudon,Uber,2,0,0,,0,,0,0,never_picked,https://raw.githubusercontent.com/PokeAPI/pokeapi/master/data/v2/csv/pokemon_species_names.csv;https://raw.githubusercontent.com/PokeAPI/pokeapi/master/data/v2/csv/languages.csv;https://raw.githubusercontent.com/PokeAPI/pokeapi/master/data/v2/csv/pokemon.csv;https://raw.githubusercontent.com/PokeAPI/pokeapi/master/data/v2/csv/pokemon_forms.csv;https://raw.githubusercontent.com/PokeAPI/pokeapi/master/data/v2/csv/pokemon_form_names.csv
511,250,Ho-Oh,hooh,Ho-Oh,hooh,Uber,2,0,0,,0,,0,0,never_picked,https://raw.githubusercontent.com/PokeAPI/pokeapi/master/data/v2/csv/pokemon_species_names.csv;https://raw.githubusercontent.com/PokeAPI/pokeapi/master/data/v2/csv/languages.csv;https://raw.githubusercontent.com/PokeAPI/pokeapi/master/data/v2/csv/pokemon.csv;https://raw.githubusercontent.com/PokeAPI/pokeapi/master/data/v2/csv/pokemon_forms.csv;https://raw.githubusercontent.com/PokeAPI/pokeapi/master/data/v2/csv/pokemon_form_names.csv
512,1020,Keilflamme,keilflamme,Gouging Fire,gougingfire,Uber,2,0,0,,0,,0,0,never_picked,https://raw.githubusercontent.com/PokeAPI/pokeapi/master/data/v2/csv/pokemon_species_names.csv;https://raw.githubusercontent.com/PokeAPI/pokeapi/master/data/v2/csv/languages.csv;https://raw.githubusercontent.com/PokeAPI/pokeapi/master/data/v2/csv/pokemon.csv;https://raw.githubusercontent.com/PokeAPI/pokeapi/master/data/v2/csv/pokemon_forms.csv;https://raw.githubusercontent.com/PokeAPI/pokeapi/master/data/v2/csv/pokemon_form_names.csv
513,382,Kyogre,kyogre,Kyogre,kyogre,Uber,2,0,0,,0,,0,0,never_picked,https://raw.githubusercontent.com/PokeAPI/pokeapi/master/data/v2/csv/pokemon_species_names.csv;https://raw.githubusercontent.com/PokeAPI/pokeapi/master/data/v2/csv/languages.csv;https://raw.githubusercontent.com/PokeAPI/pokeapi/master/data/v2/csv/pokemon.csv;https://raw.githubusercontent.com/PokeAPI/pokeapi/master/data/v2/csv/pokemon_forms.csv;https://raw.githubusercontent.com/PokeAPI/pokeapi/master/data/v2/csv/pokemon_form_names.csv
514,646,Kyurem-Weiss,kyuremweiss,kyurem-white,kyuremwhite,Uber,2,0,0,,0,,0,0,never_picked,https://raw.githubusercontent.com/PokeAPI/pokeapi/master/data/v2/csv/pokemon_species_names.csv;https://raw.githubusercontent.com/PokeAPI/pokeapi/master/data/v2/csv/languages.csv;https://raw.githubusercontent.com/PokeAPI/pokeapi/master/data/v2/csv/pokemon.csv;https://raw.githubusercontent.com/PokeAPI/pokeapi/master/data/v2/csv/pokemon_forms.csv;https://raw.githubusercontent.com/PokeAPI/pokeapi/master/data/v2/csv/pokemon_form_names.csv
515,249,Lugia,lugia,Lugia,lugia,Uber,2,0,0,,0,,0,0,never_picked,https://raw.githubusercontent.com/PokeAPI/pokeapi/master/data/v2/csv/pokemon_species_names.csv;https://raw.githubusercontent.com/PokeAPI/pokeapi/master/data/v2/csv/languages.csv;https://raw.githubusercontent.com/PokeAPI/pokeapi/master/data/v2/csv/pokemon.csv;https://raw.githubusercontent.com/PokeAPI/pokeapi/master/data/v2/csv/pokemon_forms.csv;https://raw.githubusercontent.com/PokeAPI/pokeapi/master/data/v2/csv/pokemon_form_names.csv
516,792,Lunala,lunala,Lunala,lunala,Uber,2,0,0,,0,,0,0,never_picked,https://raw.githubusercontent.com/PokeAPI/pokeapi/master/data/v2/csv/pokemon_species_names.csv;https://raw.githubusercontent.com/PokeAPI/pokeapi/master/data/v2/csv/languages.csv;https://raw.githubusercontent.com/PokeAPI/pokeapi/master/data/v2/csv/pokemon.csv;https://raw.githubusercontent.com/PokeAPI/pokeapi/master/data/v2/csv/pokemon_forms.csv;https://raw.githubusercontent.com/PokeAPI/pokeapi/master/data/v2/csv/pokemon_form_names.csv
517,801,Magearna,magearna,Magearna,magearna,Uber,2,0,0,,0,,0,0,never_picked,https://raw.githubusercontent.com/PokeAPI/pokeapi/master/data/v2/csv/pokemon_species_names.csv;https://raw.githubusercontent.com/PokeAPI/pokeapi/master/data/v2/csv/languages.csv;https://raw.githubusercontent.com/PokeAPI/pokeapi/master/data/v2/csv/pokemon.csv;https://raw.githubusercontent.com/PokeAPI/pokeapi/master/data/v2/csv/pokemon_forms.csv;https://raw.githubusercontent.com/PokeAPI/pokeapi/master/data/v2/csv/pokemon_form_names.csv
518,802,Marshadow,marshadow,Marshadow,marshadow,Uber,2,0,0,,0,,0,0,never_picked,https://raw.githubusercontent.com/PokeAPI/pokeapi/master/data/v2/csv/pokemon_species_names.csv;https://raw.githubusercontent.com/PokeAPI/pokeapi/master/data/v2/csv/languages.csv;https://raw.githubusercontent.com/PokeAPI/pokeapi/master/data/v2/csv/pokemon.csv;https://raw.githubusercontent.com/PokeAPI/pokeapi/master/data/v2/csv/pokemon_forms.csv;https://raw.githubusercontent.com/PokeAPI/pokeapi/master/data/v2/csv/pokemon_form_names.csv
519,373,Mega-Brutalanda,megabrutalanda,salamence-mega,salamencemega,Uber,2,0,0,,0,,0,0,never_picked,https://raw.githubusercontent.com/PokeAPI/pokeapi/master/data/v2/csv/pokemon_species_names.csv;https://raw.githubusercontent.com/PokeAPI/pokeapi/master/data/v2/csv/languages.csv;https://raw.githubusercontent.com/PokeAPI/pokeapi/master/data/v2/csv/pokemon.csv;https://raw.githubusercontent.com/PokeAPI/pokeapi/master/data/v2/csv/pokemon_forms.csv;https://raw.githubusercontent.com/PokeAPI/pokeapi/master/data/v2/csv/pokemon_form_names.csv
520,115,Mega-Kangama,megakangama,kangaskhan-mega,kangaskhanmega,Uber,2,0,0,,0,,0,0,never_picked,https://raw.githubusercontent.com/PokeAPI/pokeapi/master/data/v2/csv/pokemon_species_names.csv;https://raw.githubusercontent.com/PokeAPI/pokeapi/master/data/v2/csv/languages.csv;https://raw.githubusercontent.com/PokeAPI/pokeapi/master/data/v2/csv/pokemon.csv;https://raw.githubusercontent.com/PokeAPI/pokeapi/master/data/v2/csv/pokemon_forms.csv;https://raw.githubusercontent.com/PokeAPI/pokeapi/master/data/v2/csv/pokemon_form_names.csv
521,257,Mega-Lohgock,megalohgock,blaziken-mega,blazikenmega,Uber,2,0,0,,0,,0,0,never_picked,https://raw.githubusercontent.com/PokeAPI/pokeapi/master/data/v2/csv/pokemon_species_names.csv;https://raw.githubusercontent.com/PokeAPI/pokeapi/master/data/v2/csv/languages.csv;https://raw.githubusercontent.com/PokeAPI/pokeapi/master/data/v2/csv/pokemon.csv;https://raw.githubusercontent.com/PokeAPI/pokeapi/master/data/v2/csv/pokemon_forms.csv;https://raw.githubusercontent.com/PokeAPI/pokeapi/master/data/v2/csv/pokemon_form_names.csv
522,448,Mega-Lucario,megalucario,lucario-mega,lucariomega,Uber,2,0,0,,0,,0,0,never_picked,https://raw.githubusercontent.com/PokeAPI/pokeapi/master/data/v2/csv/pokemon_species_names.csv;https://raw.githubusercontent.com/PokeAPI/pokeapi/master/data/v2/csv/languages.csv;https://raw.githubusercontent.com/PokeAPI/pokeapi/master/data/v2/csv/pokemon.csv;https://raw.githubusercontent.com/PokeAPI/pokeapi/master/data/v2/csv/pokemon_forms.csv;https://raw.githubusercontent.com/PokeAPI/pokeapi/master/data/v2/csv/pokemon_form_names.csv
523,150,Mega-Mewtu X,megamewtux,mewtwo-mega-x,mewtwomegax,Uber,2,0,0,,0,,0,0,never_picked,https://raw.githubusercontent.com/PokeAPI/pokeapi/master/data/v2/csv/pokemon_species_names.csv;https://raw.githubusercontent.com/PokeAPI/pokeapi/master/data/v2/csv/languages.csv;https://raw.githubusercontent.com/PokeAPI/pokeapi/master/data/v2/csv/pokemon.csv;https://raw.githubusercontent.com/PokeAPI/pokeapi/master/data/v2/csv/pokemon_forms.csv;https://raw.githubusercontent.com/PokeAPI/pokeapi/master/data/v2/csv/pokemon_form_names.csv
524,150,Mega-Mewtu Y,megamewtuy,mewtwo-mega-y,mewtwomegay,Uber,2,0,0,,0,,0,0,never_picked,https://raw.githubusercontent.com/PokeAPI/pokeapi/master/data/v2/csv/pokemon_species_names.csv;https://raw.githubusercontent.com/PokeAPI/pokeapi/master/data/v2/csv/languages.csv;https://raw.githubusercontent.com/PokeAPI/pokeapi/master/data/v2/csv/pokemon.csv;https://raw.githubusercontent.com/PokeAPI/pokeapi/master/data/v2/csv/pokemon_forms.csv;https://raw.githubusercontent.com/PokeAPI/pokeapi/master/data/v2/csv/pokemon_form_names.csv
525,150,Mewtu,mewtu,Mewtwo,mewtwo,Uber,2,0,0,,0,,0,0,never_picked,https://raw.githubusercontent.com/PokeAPI/pokeapi/master/data/v2/csv/pokemon_species_names.csv;https://raw.githubusercontent.com/PokeAPI/pokeapi/master/data/v2/csv/languages.csv;https://raw.githubusercontent.com/PokeAPI/pokeapi/master/data/v2/csv/pokemon.csv;https://raw.githubusercontent.com/PokeAPI/pokeapi/master/data/v2/csv/pokemon_forms.csv;https://raw.githubusercontent.com/PokeAPI/pokeapi/master/data/v2/csv/pokemon_form_names.csv
526,1017,Ogerpon-Feuer,ogerponfeuer,ogerpon-hearthflame-mask,ogerponhearthflame,Uber,2,0,0,,0,,0,0,never_picked,https://raw.githubusercontent.com/PokeAPI/pokeapi/master/data/v2/csv/pokemon_species_names.csv;https://raw.githubusercontent.com/PokeAPI/pokeapi/master/data/v2/csv/languages.csv;https://raw.githubusercontent.com/PokeAPI/pokeapi/master/data/v2/csv/pokemon.csv;https://raw.githubusercontent.com/PokeAPI/pokeapi/master/data/v2/csv/pokemon_forms.csv;https://raw.githubusercontent.com/PokeAPI/pokeapi/master/data/v2/csv/pokemon_form_names.csv
527,484,Palkia,palkia,Palkia,palkia,Uber,2,0,0,,0,,0,0,never_picked,https://raw.githubusercontent.com/PokeAPI/pokeapi/master/data/v2/csv/pokemon_species_names.csv;https://raw.githubusercontent.com/PokeAPI/pokeapi/master/data/v2/csv/languages.csv;https://raw.githubusercontent.com/PokeAPI/pokeapi/master/data/v2/csv/pokemon.csv;https://raw.githubusercontent.com/PokeAPI/pokeapi/master/data/v2/csv/pokemon_forms.csv;https://raw.githubusercontent.com/PokeAPI/pokeapi/master/data/v2/csv/pokemon_form_names.csv
528,882,Pescragon,pescragon,Dracovish,dracovish,Uber,2,0,0,,0,,0,0,never_picked,https://raw.githubusercontent.com/PokeAPI/pokeapi/master/data/v2/csv/pokemon_species_names.csv;https://raw.githubusercontent.com/PokeAPI/pokeapi/master/data/v2/csv/languages.csv;https://raw.githubusercontent.com/PokeAPI/pokeapi/master/data/v2/csv/pokemon.csv;https://raw.githubusercontent.com/PokeAPI/pokeapi/master/data/v2/csv/pokemon_forms.csv;https://raw.githubusercontent.com/PokeAPI/pokeapi/master/data/v2/csv/pokemon_form_names.csv
529,897,Phantoross,phantoross,Spectrier,spectrier,Uber,2,0,0,,0,,0,0,never_picked,https://raw.githubusercontent.com/PokeAPI/pokeapi/master/data/v2/csv/pokemon_species_names.csv;https://raw.githubusercontent.com/PokeAPI/pokeapi/master/data/v2/csv/languages.csv;https://raw.githubusercontent.com/PokeAPI/pokeapi/master/data/v2/csv/pokemon.csv;https://raw.githubusercontent.com/PokeAPI/pokeapi/master/data/v2/csv/pokemon_forms.csv;https://raw.githubusercontent.com/PokeAPI/pokeapi/master/data/v2/csv/pokemon_form_names.csv
530,383,Proto-Groudon,protogroudon,groudon-primal,groudonprimal,Uber,2,0,0,,0,,0,0,never_picked,https://raw.githubusercontent.com/PokeAPI/pokeapi/master/data/v2/csv/pokemon_species_names.csv;https://raw.githubusercontent.com/PokeAPI/pokeapi/master/data/v2/csv/languages.csv;https://raw.githubusercontent.com/PokeAPI/pokeapi/master/data/v2/csv/pokemon.csv;https://raw.githubusercontent.com/PokeAPI/pokeapi/master/data/v2/csv/pokemon_forms.csv;https://raw.githubusercontent.com/PokeAPI/pokeapi/master/data/v2/csv/pokemon_form_names.csv
531,382,Proto-Kyogre,protokyogre,kyogre-primal,kyogreprimal,Uber,2,0,0,,0,,0,0,never_picked,https://raw.githubusercontent.com/PokeAPI/pokeapi/master/data/v2/csv/pokemon_species_names.csv;https://raw.githubusercontent.com/PokeAPI/pokeapi/master/data/v2/csv/languages.csv;https://raw.githubusercontent.com/PokeAPI/pokeapi/master/data/v2/csv/pokemon.csv;https://raw.githubusercontent.com/PokeAPI/pokeapi/master/data/v2/csv/pokemon_forms.csv;https://raw.githubusercontent.com/PokeAPI/pokeapi/master/data/v2/csv/pokemon_form_names.csv
532,956,Psiopatra,psiopatra,Espathra,espathra,Uber,2,0,0,,0,,0,0,never_picked,https://raw.githubusercontent.com/PokeAPI/pokeapi/master/data/v2/csv/pokemon_species_names.csv;https://raw.githubusercontent.com/PokeAPI/pokeapi/master/data/v2/csv/languages.csv;https://raw.githubusercontent.com/PokeAPI/pokeapi/master/data/v2/csv/pokemon.csv;https://raw.githubusercontent.com/PokeAPI/pokeapi/master/data/v2/csv/pokemon_forms.csv;https://raw.githubusercontent.com/PokeAPI/pokeapi/master/data/v2/csv/pokemon_form_names.csv
533,384,Rayquaza,rayquaza,Rayquaza,rayquaza,Uber,2,0,0,,0,,0,0,never_picked,https://raw.githubusercontent.com/PokeAPI/pokeapi/master/data/v2/csv/pokemon_species_names.csv;https://raw.githubusercontent.com/PokeAPI/pokeapi/master/data/v2/csv/languages.csv;https://raw.githubusercontent.com/PokeAPI/pokeapi/master/data/v2/csv/pokemon.csv;https://raw.githubusercontent.com/PokeAPI/pokeapi/master/data/v2/csv/pokemon_forms.csv;https://raw.githubusercontent.com/PokeAPI/pokeapi/master/data/v2/csv/pokemon_form_names.csv
534,643,Reshiram,reshiram,Reshiram,reshiram,Uber,2,0,0,,0,,0,0,never_picked,https://raw.githubusercontent.com/PokeAPI/pokeapi/master/data/v2/csv/pokemon_species_names.csv;https://raw.githubusercontent.com/PokeAPI/pokeapi/master/data/v2/csv/languages.csv;https://raw.githubusercontent.com/PokeAPI/pokeapi/master/data/v2/csv/pokemon.csv;https://raw.githubusercontent.com/PokeAPI/pokeapi/master/data/v2/csv/pokemon_forms.csv;https://raw.githubusercontent.com/PokeAPI/pokeapi/master/data/v2/csv/pokemon_form_names.csv
535,795,Schabelle,schabelle,Pheromosa,pheromosa,Uber,2,0,0,,0,,0,0,never_picked,https://raw.githubusercontent.com/PokeAPI/pokeapi/master/data/v2/csv/pokemon_species_names.csv;https://raw.githubusercontent.com/PokeAPI/pokeapi/master/data/v2/csv/languages.csv;https://raw.githubusercontent.com/PokeAPI/pokeapi/master/data/v2/csv/pokemon.csv;https://raw.githubusercontent.com/PokeAPI/pokeapi/master/data/v2/csv/pokemon_forms.csv;https://raw.githubusercontent.com/PokeAPI/pokeapi/master/data/v2/csv/pokemon_form_names.csv
536,492,Shaymin (Zenit),shayminzenit,shaymin-sky,shayminsky,Uber,2,0,0,,0,,0,0,never_picked,https://raw.githubusercontent.com/PokeAPI/pokeapi/master/data/v2/csv/pokemon_species_names.csv;https://raw.githubusercontent.com/PokeAPI/pokeapi/master/data/v2/csv/languages.csv;https://raw.githubusercontent.com/PokeAPI/pokeapi/master/data/v2/csv/pokemon.csv;https://raw.githubusercontent.com/PokeAPI/pokeapi/master/data/v2/csv/pokemon_forms.csv;https://raw.githubusercontent.com/PokeAPI/pokeapi/master/data/v2/csv/pokemon_form_names.csv
537,791,Solgaleo,solgaleo,Solgaleo,solgaleo,Uber,2,0,0,,0,,0,0,never_picked,https://raw.githubusercontent.com/PokeAPI/pokeapi/master/data/v2/csv/pokemon_species_names.csv;https://raw.githubusercontent.com/PokeAPI/pokeapi/master/data/v2/csv/languages.csv;https://raw.githubusercontent.com/PokeAPI/pokeapi/master/data/v2/csv/pokemon.csv;https://raw.githubusercontent.com/PokeAPI/pokeapi/master/data/v2/csv/pokemon_forms.csv;https://raw.githubusercontent.com/PokeAPI/pokeapi/master/data/v2/csv/pokemon_form_names.csv
538,1024,Terapagos-Stellarform,terapagosstellarform,terapagos-stellar,terapagosstellar,Uber,2,0,0,,0,,0,0,never_picked,https://raw.githubusercontent.com/PokeAPI/pokeapi/master/data/v2/csv/pokemon_species_names.csv;https://raw.githubusercontent.com/PokeAPI/pokeapi/master/data/v2/csv/languages.csv;https://raw.githubusercontent.com/PokeAPI/pokeapi/master/data/v2/csv/pokemon.csv;https://raw.githubusercontent.com/PokeAPI/pokeapi/master/data/v2/csv/pokemon_forms.csv;https://raw.githubusercontent.com/PokeAPI/pokeapi/master/data/v2/csv/pokemon_form_names.csv
539,800,Ultra-Necrozma,ultranecrozma,necrozma-ultra,necrozmaultra,Uber,2,0,0,,0,,0,0,never_picked,https://raw.githubusercontent.com/PokeAPI/pokeapi/master/data/v2/csv/pokemon_species_names.csv;https://raw.githubusercontent.com/PokeAPI/pokeapi/master/data/v2/csv/languages.csv;https://raw.githubusercontent.com/PokeAPI/pokeapi/master/data/v2/csv/pokemon.csv;https://raw.githubusercontent.com/PokeAPI/pokeapi/master/data/v2/csv/pokemon_forms.csv;https://raw.githubusercontent.com/PokeAPI/pokeapi/master/data/v2/csv/pokemon_form_names.csv
540,483,Ur-Dialga,urdialga,dialga-origin,dialgaorigin,Uber,2,0,0,,0,,0,0,never_picked,https://raw.githubusercontent.com/PokeAPI/pokeapi/master/data/v2/csv/pokemon_species_names.csv;https://raw.githubusercontent.com/PokeAPI/pokeapi/master/data/v2/csv/languages.csv;https://raw.githubusercontent.com/PokeAPI/pokeapi/master/data/v2/csv/pokemon.csv;https://raw.githubusercontent.com/PokeAPI/pokeapi/master/data/v2/csv/pokemon_forms.csv;https://raw.githubusercontent.com/PokeAPI/pokeapi/master/data/v2/csv/pokemon_form_names.csv
541,487,Ur-Giratina,urgiratina,giratina-origin,giratinaorigin,Uber,2,0,0,,0,,0,0,never_picked,https://raw.githubusercontent.com/PokeAPI/pokeapi/master/data/v2/csv/pokemon_species_names.csv;https://raw.githubusercontent.com/PokeAPI/pokeapi/master/data/v2/csv/languages.csv;https://raw.githubusercontent.com/PokeAPI/pokeapi/master/data/v2/csv/pokemon.csv;https://raw.githubusercontent.com/PokeAPI/pokeapi/master/data/v2/csv/pokemon_forms.csv;https://raw.githubusercontent.com/PokeAPI/pokeapi/master/data/v2/csv/pokemon_form_names.csv
542,484,Ur-Palkia,urpalkia,palkia-origin,palkiaorigin,Uber,2,0,0,,0,,0,0,never_picked,https://raw.githubusercontent.com/PokeAPI/pokeapi/master/data/v2/csv/pokemon_species_names.csv;https://raw.githubusercontent.com/PokeAPI/pokeapi/master/data/v2/csv/languages.csv;https://raw.githubusercontent.com/PokeAPI/pokeapi/master/data/v2/csv/pokemon.csv;https://raw.githubusercontent.com/PokeAPI/pokeapi/master/data/v2/csv/pokemon_forms.csv;https://raw.githubusercontent.com/PokeAPI/pokeapi/master/data/v2/csv/pokemon_form_names.csv
543,901,Ursaluna-Blutmond,ursalunablutmond,ursaluna-bloodmoon,ursalunabloodmoon,Uber,2,0,0,,0,,0,0,never_picked,https://raw.githubusercontent.com/PokeAPI/pokeapi/master/data/v2/csv/pokemon_species_names.csv;https://raw.githubusercontent.com/PokeAPI/pokeapi/master/data/v2/csv/languages.csv;https://raw.githubusercontent.com/PokeAPI/pokeapi/master/data/v2/csv/pokemon.csv;https://raw.githubusercontent.com/PokeAPI/pokeapi/master/data/v2/csv/pokemon_forms.csv;https://raw.githubusercontent.com/PokeAPI/pokeapi/master/data/v2/csv/pokemon_form_names.csv
544,1009,Windewoge,windewoge,Walking Wake,walkingwake,Uber,2,0,0,,0,,0,0,never_picked,https://raw.githubusercontent.com/PokeAPI/pokeapi/master/data/v2/csv/pokemon_species_names.csv;https://raw.githubusercontent.com/PokeAPI/pokeapi/master/data/v2/csv/languages.csv;https://raw.githubusercontent.com/PokeAPI/pokeapi/master/data/v2/csv/pokemon.csv;https://raw.githubusercontent.com/PokeAPI/pokeapi/master/data/v2/csv/pokemon_forms.csv;https://raw.githubusercontent.com/PokeAPI/pokeapi/master/data/v2/csv/pokemon_form_names.csv
545,892,Wulaosu,wulaosu,Urshifu,urshifu,Uber,2,0,0,,0,,0,0,never_picked,https://raw.githubusercontent.com/PokeAPI/pokeapi/master/data/v2/csv/pokemon_species_names.csv;https://raw.githubusercontent.com/PokeAPI/pokeapi/master/data/v2/csv/languages.csv;https://raw.githubusercontent.com/PokeAPI/pokeapi/master/data/v2/csv/pokemon.csv;https://raw.githubusercontent.com/PokeAPI/pokeapi/master/data/v2/csv/pokemon_forms.csv;https://raw.githubusercontent.com/PokeAPI/pokeapi/master/data/v2/csv/pokemon_form_names.csv
546,1004,Yuyu,yuyu,Chi-Yu,chiyu,Uber,2,0,0,,0,,0,0,never_picked,https://raw.githubusercontent.com/PokeAPI/pokeapi/master/data/v2/csv/pokemon_species_names.csv;https://raw.githubusercontent.com/PokeAPI/pokeapi/master/data/v2/csv/languages.csv;https://raw.githubusercontent.com/PokeAPI/pokeapi/master/data/v2/csv/pokemon.csv;https://raw.githubusercontent.com/PokeAPI/pokeapi/master/data/v2/csv/pokemon_forms.csv;https://raw.githubusercontent.com/PokeAPI/pokeapi/master/data/v2/csv/pokemon_form_names.csv
547,717,Yveltal,yveltal,Yveltal,yveltal,Uber,2,0,0,,0,,0,0,never_picked,https://raw.githubusercontent.com/PokeAPI/pokeapi/master/data/v2/csv/pokemon_species_names.csv;https://raw.githubusercontent.com/PokeAPI/pokeapi/master/data/v2/csv/languages.csv;https://raw.githubusercontent.com/PokeAPI/pokeapi/master/data/v2/csv/pokemon.csv;https://raw.githubusercontent.com/PokeAPI/pokeapi/master/data/v2/csv/pokemon_forms.csv;https://raw.githubusercontent.com/PokeAPI/pokeapi/master/data/v2/csv/pokemon_form_names.csv
548,888,Zacian,zacian,Zacian,zacian,Uber,2,0,0,,0,,0,0,never_picked,https://raw.githubusercontent.com/PokeAPI/pokeapi/master/data/v2/csv/pokemon_species_names.csv;https://raw.githubusercontent.com/PokeAPI/pokeapi/master/data/v2/csv/languages.csv;https://raw.githubusercontent.com/PokeAPI/pokeapi/master/data/v2/csv/pokemon.csv;https://raw.githubusercontent.com/PokeAPI/pokeapi/master/data/v2/csv/pokemon_forms.csv;https://raw.githubusercontent.com/PokeAPI/pokeapi/master/data/v2/csv/pokemon_form_names.csv
549,888,Zacian-König des Schwertes,zaciankonigdesschwertes,zacian-crowned,zaciancrowned,Uber,2,0,0,,0,,0,0,never_picked,https://raw.githubusercontent.com/PokeAPI/pokeapi/master/data/v2/csv/pokemon_species_names.csv;https://raw.githubusercontent.com/PokeAPI/pokeapi/master/data/v2/csv/languages.csv;https://raw.githubusercontent.com/PokeAPI/pokeapi/master/data/v2/csv/pokemon.csv;https://raw.githubusercontent.com/PokeAPI/pokeapi/master/data/v2/csv/pokemon_forms.csv;https://raw.githubusercontent.com/PokeAPI/pokeapi/master/data/v2/csv/pokemon_form_names.csv
550,889,Zamazenta-König des Schildes,zamazentakonigdesschildes,zamazenta-crowned,zamazentacrowned,Uber,2,0,0,,0,,0,0,never_picked,https://raw.githubusercontent.com/PokeAPI/pokeapi/master/data/v2/csv/pokemon_species_names.csv;https://raw.githubusercontent.com/PokeAPI/pokeapi/master/data/v2/csv/languages.csv;https://raw.githubusercontent.com/PokeAPI/pokeapi/master/data/v2/csv/pokemon.csv;https://raw.githubusercontent.com/PokeAPI/pokeapi/master/data/v2/csv/pokemon_forms.csv;https://raw.githubusercontent.com/PokeAPI/pokeapi/master/data/v2/csv/pokemon_form_names.csv
551,644,Zekrom,zekrom,Zekrom,zekrom,Uber,2,0,0,,0,,0,0,never_picked,https://raw.githubusercontent.com/PokeAPI/pokeapi/master/data/v2/csv/pokemon_species_names.csv;https://raw.githubusercontent.com/PokeAPI/pokeapi/master/data/v2/csv/languages.csv;https://raw.githubusercontent.com/PokeAPI/pokeapi/master/data/v2/csv/pokemon.csv;https://raw.githubusercontent.com/PokeAPI/pokeapi/master/data/v2/csv/pokemon_forms.csv;https://raw.githubusercontent.com/PokeAPI/pokeapi/master/data/v2/csv/pokemon_form_names.csv
552,718,Zygarde (Optimum),zygardeoptimum,zygarde-complete,zygardecomplete,Uber,2,0,0,,0,,0,0,never_picked,https://raw.githubusercontent.com/PokeAPI/pokeapi/master/data/v2/csv/pokemon_species_names.csv;https://raw.githubusercontent.com/PokeAPI/pokeapi/master/data/v2/csv/languages.csv;https://raw.githubusercontent.com/PokeAPI/pokeapi/master/data/v2/csv/pokemon.csv;https://raw.githubusercontent.com/PokeAPI/pokeapi/master/data/v2/csv/pokemon_forms.csv;https://raw.githubusercontent.com/PokeAPI/pokeapi/master/data/v2/csv/pokemon_form_names.csv
553,937,Azugladis,azugladis,Ceruledge,ceruledge,OU,3,0,0,,0,,0,0,never_picked,https://raw.githubusercontent.com/PokeAPI/pokeapi/master/data/v2/csv/pokemon_species_names.csv;https://raw.githubusercontent.com/PokeAPI/pokeapi/master/data/v2/csv/languages.csv;https://raw.githubusercontent.com/PokeAPI/pokeapi/master/data/v2/csv/pokemon.csv;https://raw.githubusercontent.com/PokeAPI/pokeapi/master/data/v2/csv/pokemon_forms.csv;https://raw.githubusercontent.com/PokeAPI/pokeapi/master/data/v2/csv/pokemon_form_names.csv
554,1003,Dinglu,dinglu,Ting-Lu,tinglu,OU,3,0,0,,0,,0,0,never_picked,https://raw.githubusercontent.com/PokeAPI/pokeapi/master/data/v2/csv/pokemon_species_names.csv;https://raw.githubusercontent.com/PokeAPI/pokeapi/master/data/v2/csv/languages.csv;https://raw.githubusercontent.com/PokeAPI/pokeapi/master/data/v2/csv/pokemon.csv;https://raw.githubusercontent.com/PokeAPI/pokeapi/master/data/v2/csv/pokemon_forms.csv;https://raw.githubusercontent.com/PokeAPI/pokeapi/master/data/v2/csv/pokemon_form_names.csv
555,1021,Furienblitz,furienblitz,Raging Bolt,ragingbolt,OU,3,0,0,,0,,0,0,never_picked,https://raw.githubusercontent.com/PokeAPI/pokeapi/master/data/v2/csv/pokemon_species_names.csv;https://raw.githubusercontent.com/PokeAPI/pokeapi/master/data/v2/csv/languages.csv;https://raw.githubusercontent.com/PokeAPI/pokeapi/master/data/v2/csv/pokemon.csv;https://raw.githubusercontent.com/PokeAPI/pokeapi/master/data/v2/csv/pokemon_forms.csv;https://raw.githubusercontent.com/PokeAPI/pokeapi/master/data/v2/csv/pokemon_form_names.csv
556,786,Kapu-Fala,kapufala,Tapu Lele,tapulele,OU,3,0,0,,0,,0,0,never_picked,https://raw.githubusercontent.com/PokeAPI/pokeapi/master/data/v2/csv/pokemon_species_names.csv;https://raw.githubusercontent.com/PokeAPI/pokeapi/master/data/v2/csv/languages.csv;https://raw.githubusercontent.com/PokeAPI/pokeapi/master/data/v2/csv/pokemon.csv;https://raw.githubusercontent.com/PokeAPI/pokeapi/master/data/v2/csv/pokemon_forms.csv;https://raw.githubusercontent.com/PokeAPI/pokeapi/master/data/v2/csv/pokemon_form_names.csv
557,809,Melmetal,melmetal,Melmetal,melmetal,OU,3,0,0,,0,,0,0,never_picked,https://raw.githubusercontent.com/PokeAPI/pokeapi/master/data/v2/csv/pokemon_species_names.csv;https://raw.githubusercontent.com/PokeAPI/pokeapi/master/data/v2/csv/languages.csv;https://raw.githubusercontent.com/PokeAPI/pokeapi/master/data/v2/csv/pokemon.csv;https://raw.githubusercontent.com/PokeAPI/pokeapi/master/data/v2/csv/pokemon_forms.csv;https://raw.githubusercontent.com/PokeAPI/pokeapi/master/data/v2/csv/pokemon_form_names.csv
558,1000,Monetigo,monetigo,Gholdengo,gholdengo,OU,3,0,0,,0,,0,0,never_picked,https://raw.githubusercontent.com/PokeAPI/pokeapi/master/data/v2/csv/pokemon_species_names.csv;https://raw.githubusercontent.com/PokeAPI/pokeapi/master/data/v2/csv/languages.csv;https://raw.githubusercontent.com/PokeAPI/pokeapi/master/data/v2/csv/pokemon.csv;https://raw.githubusercontent.com/PokeAPI/pokeapi/master/data/v2/csv/pokemon_forms.csv;https://raw.githubusercontent.com/PokeAPI/pokeapi/master/data/v2/csv/pokemon_form_names.csv
559,980,Suelord,suelord,Clodsire,clodsire,OU,3,0,0,,0,,0,0,never_picked,https://raw.githubusercontent.com/PokeAPI/pokeapi/master/data/v2/csv/pokemon_species_names.csv;https://raw.githubusercontent.com/PokeAPI/pokeapi/master/data/v2/csv/languages.csv;https://raw.githubusercontent.com/PokeAPI/pokeapi/master/data/v2/csv/pokemon.csv;https://raw.githubusercontent.com/PokeAPI/pokeapi/master/data/v2/csv/pokemon_forms.csv;https://raw.githubusercontent.com/PokeAPI/pokeapi/master/data/v2/csv/pokemon_form_names.csv
560,1024,Terapagos,terapagos,Terapagos,terapagos,OU,3,0,0,,0,,0,0,never_picked,https://raw.githubusercontent.com/PokeAPI/pokeapi/master/data/v2/csv/pokemon_species_names.csv;https://raw.githubusercontent.com/PokeAPI/pokeapi/master/data/v2/csv/languages.csv;https://raw.githubusercontent.com/PokeAPI/pokeapi/master/data/v2/csv/pokemon.csv;https://raw.githubusercontent.com/PokeAPI/pokeapi/master/data/v2/csv/pokemon_forms.csv;https://raw.githubusercontent.com/PokeAPI/pokeapi/master/data/v2/csv/pokemon_form_names.csv
561,889,Zamazenta,zamazenta,Zamazenta,zamazenta,OU,3,0,0,,0,,0,0,never_picked,https://raw.githubusercontent.com/PokeAPI/pokeapi/master/data/v2/csv/pokemon_species_names.csv;https://raw.githubusercontent.com/PokeAPI/pokeapi/master/data/v2/csv/languages.csv;https://raw.githubusercontent.com/PokeAPI/pokeapi/master/data/v2/csv/pokemon.csv;https://raw.githubusercontent.com/PokeAPI/pokeapi/master/data/v2/csv/pokemon_forms.csv;https://raw.githubusercontent.com/PokeAPI/pokeapi/master/data/v2/csv/pokemon_form_names.csv
562,1014,Boninu,boninu,Okidogi,okidogi,UUBL,4,0,0,,0,,0,0,never_picked,https://raw.githubusercontent.com/PokeAPI/pokeapi/master/data/v2/csv/pokemon_species_names.csv;https://raw.githubusercontent.com/PokeAPI/pokeapi/master/data/v2/csv/languages.csv;https://raw.githubusercontent.com/PokeAPI/pokeapi/master/data/v2/csv/pokemon.csv;https://raw.githubusercontent.com/PokeAPI/pokeapi/master/data/v2/csv/pokemon_forms.csv;https://raw.githubusercontent.com/PokeAPI/pokeapi/master/data/v2/csv/pokemon_form_names.csv
563,977,Heerashai,heerashai,Dondozo,dondozo,UUBL,4,0,0,,0,,0,0,never_picked,https://raw.githubusercontent.com/PokeAPI/pokeapi/master/data/v2/csv/pokemon_species_names.csv;https://raw.githubusercontent.com/PokeAPI/pokeapi/master/data/v2/csv/languages.csv;https://raw.githubusercontent.com/PokeAPI/pokeapi/master/data/v2/csv/pokemon.csv;https://raw.githubusercontent.com/PokeAPI/pokeapi/master/data/v2/csv/pokemon_forms.csv;https://raw.githubusercontent.com/PokeAPI/pokeapi/master/data/v2/csv/pokemon_form_names.csv
564,1019,Hydrapfel,hydrapfel,Hydrapple,hydrapple,UU,5,0,0,,0,,0,0,never_picked,https://raw.githubusercontent.com/PokeAPI/pokeapi/master/data/v2/csv/pokemon_species_names.csv;https://raw.githubusercontent.com/PokeAPI/pokeapi/master/data/v2/csv/languages.csv;https://raw.githubusercontent.com/PokeAPI/pokeapi/master/data/v2/csv/pokemon.csv;https://raw.githubusercontent.com/PokeAPI/pokeapi/master/data/v2/csv/pokemon_forms.csv;https://raw.githubusercontent.com/PokeAPI/pokeapi/master/data/v2/csv/pokemon_form_names.csv
565,1018,Briduradon,briduradon,Archaludon,archaludon,RUBL,6,0,0,,0,,0,0,never_picked,https://raw.githubusercontent.com/PokeAPI/pokeapi/master/data/v2/csv/pokemon_species_names.csv;https://raw.githubusercontent.com/PokeAPI/pokeapi/master/data/v2/csv/languages.csv;https://raw.githubusercontent.com/PokeAPI/pokeapi/master/data/v2/csv/pokemon.csv;https://raw.githubusercontent.com/PokeAPI/pokeapi/master/data/v2/csv/pokemon_forms.csv;https://raw.githubusercontent.com/PokeAPI/pokeapi/master/data/v2/csv/pokemon_form_names.csv
566,1010,Eisenblatt,eisenblatt,Iron Leaves,ironleaves,RUBL,6,0,0,,0,,0,0,never_picked,https://raw.githubusercontent.com/PokeAPI/pokeapi/master/data/v2/csv/pokemon_species_names.csv;https://raw.githubusercontent.com/PokeAPI/pokeapi/master/data/v2/csv/languages.csv;https://raw.githubusercontent.com/PokeAPI/pokeapi/master/data/v2/csv/pokemon.csv;https://raw.githubusercontent.com/PokeAPI/pokeapi/master/data/v2/csv/pokemon_forms.csv;https://raw.githubusercontent.com/PokeAPI/pokeapi/master/data/v2/csv/pokemon_form_names.csv
567,1022,Eisenfels,eisenfels,Iron Boulder,ironboulder,RUBL,6,0,0,,0,,0,0,never_picked,https://raw.githubusercontent.com/PokeAPI/pokeapi/master/data/v2/csv/pokemon_species_names.csv;https://raw.githubusercontent.com/PokeAPI/pokeapi/master/data/v2/csv/languages.csv;https://raw.githubusercontent.com/PokeAPI/pokeapi/master/data/v2/csv/pokemon.csv;https://raw.githubusercontent.com/PokeAPI/pokeapi/master/data/v2/csv/pokemon_forms.csv;https://raw.githubusercontent.com/PokeAPI/pokeapi/master/data/v2/csv/pokemon_form_names.csv
568,549,Hisui Dressella,hisuidressella,lilligant-hisui,lilliganthisui,RUBL,6,0,0,,0,,0,0,never_picked,https://raw.githubusercontent.com/PokeAPI/pokeapi/master/data/v2/csv/pokemon_species_names.csv;https://raw.githubusercontent.com/PokeAPI/pokeapi/master/data/v2/csv/languages.csv;https://raw.githubusercontent.com/PokeAPI/pokeapi/master/data/v2/csv/pokemon.csv;https://raw.githubusercontent.com/PokeAPI/pokeapi/master/data/v2/csv/pokemon_forms.csv;https://raw.githubusercontent.com/PokeAPI/pokeapi/master/data/v2/csv/pokemon_form_names.csv
569,571,Hisui Zoroark,hisuizoroark,zoroark-hisui,zoroarkhisui,RUBL,6,0,0,,0,,0,0,never_picked,https://raw.githubusercontent.com/PokeAPI/pokeapi/master/data/v2/csv/pokemon_species_names.csv;https://raw.githubusercontent.com/PokeAPI/pokeapi/master/data/v2/csv/languages.csv;https://raw.githubusercontent.com/PokeAPI/pokeapi/master/data/v2/csv/pokemon.csv;https://raw.githubusercontent.com/PokeAPI/pokeapi/master/data/v2/csv/pokemon_forms.csv;https://raw.githubusercontent.com/PokeAPI/pokeapi/master/data/v2/csv/pokemon_form_names.csv
570,367,Aalabyss,aalabyss,Huntail,huntail,RU,7,0,0,,0,,0,0,never_picked,https://raw.githubusercontent.com/PokeAPI/pokeapi/master/data/v2/csv/pokemon_species_names.csv;https://raw.githubusercontent.com/PokeAPI/pokeapi/master/data/v2/csv/languages.csv;https://raw.githubusercontent.com/PokeAPI/pokeapi/master/data/v2/csv/pokemon.csv;https://raw.githubusercontent.com/PokeAPI/pokeapi/master/data/v2/csv/pokemon_forms.csv;https://raw.githubusercontent.com/PokeAPI/pokeapi/master/data/v2/csv/pokemon_form_names.csv
571,962,Adebom,adebom,Bombirdier,bombirdier,RU,7,0,0,,0,,0,0,never_picked,https://raw.githubusercontent.com/PokeAPI/pokeapi/master/data/v2/csv/pokemon_species_names.csv;https://raw.githubusercontent.com/PokeAPI/pokeapi/master/data/v2/csv/languages.csv;https://raw.githubusercontent.com/PokeAPI/pokeapi/master/data/v2/csv/pokemon.csv;https://raw.githubusercontent.com/PokeAPI/pokeapi/master/data/v2/csv/pokemon_forms.csv;https://raw.githubusercontent.com/PokeAPI/pokeapi/master/data/v2/csv/pokemon_form_names.csv
572,976,Agiluza,agiluza,Veluza,veluza,RU,7,0,0,,0,,0,0,never_picked,https://raw.githubusercontent.com/PokeAPI/pokeapi/master/data/v2/csv/pokemon_species_names.csv;https://raw.githubusercontent.com/PokeAPI/pokeapi/master/data/v2/csv/languages.csv;https://raw.githubusercontent.com/PokeAPI/pokeapi/master/data/v2/csv/pokemon.csv;https://raw.githubusercontent.com/PokeAPI/pokeapi/master/data/v2/csv/pokemon_forms.csv;https://raw.githubusercontent.com/PokeAPI/pokeapi/master/data/v2/csv/pokemon_form_names.csv
573,76,Alola Geowaz,alolageowaz,golem-alola,golemalola,RU,7,0,0,,0,,0,0,never_picked,https://raw.githubusercontent.com/PokeAPI/pokeapi/master/data/v2/csv/pokemon_species_names.csv;https://raw.githubusercontent.com/PokeAPI/pokeapi/master/data/v2/csv/languages.csv;https://raw.githubusercontent.com/PokeAPI/pokeapi/master/data/v2/csv/pokemon.csv;https://raw.githubusercontent.com/PokeAPI/pokeapi/master/data/v2/csv/pokemon_forms.csv;https://raw.githubusercontent.com/PokeAPI/pokeapi/master/data/v2/csv/pokemon_form_names.csv
574,20,Alola Rattikarl,alolarattikarl,raticate-alola,raticatealola,RU,7,0,0,,0,,0,0,never_picked,https://raw.githubusercontent.com/PokeAPI/pokeapi/master/data/v2/csv/pokemon_species_names.csv;https://raw.githubusercontent.com/PokeAPI/pokeapi/master/data/v2/csv/languages.csv;https://raw.githubusercontent.com/PokeAPI/pokeapi/master/data/v2/csv/pokemon.csv;https://raw.githubusercontent.com/PokeAPI/pokeapi/master/data/v2/csv/pokemon_forms.csv;https://raw.githubusercontent.com/PokeAPI/pokeapi/master/data/v2/csv/pokemon_form_names.csv
575,28,Alola Sandamer,alolasandamer,sandslash-alola,sandslashalola,RU,7,0,0,,0,,0,0,never_picked,https://raw.githubusercontent.com/PokeAPI/pokeapi/master/data/v2/csv/pokemon_species_names.csv;https://raw.githubusercontent.com/PokeAPI/pokeapi/master/data/v2/csv/languages.csv;https://raw.githubusercontent.com/PokeAPI/pokeapi/master/data/v2/csv/pokemon.csv;https://raw.githubusercontent.com/PokeAPI/pokeapi/master/data/v2/csv/pokemon_forms.csv;https://raw.githubusercontent.com/PokeAPI/pokeapi/master/data/v2/csv/pokemon_form_names.csv
576,334,Altaria,altaria,Altaria,altaria,RU,7,0,0,,0,,0,0,never_picked,https://raw.githubusercontent.com/PokeAPI/pokeapi/master/data/v2/csv/pokemon_species_names.csv;https://raw.githubusercontent.com/PokeAPI/pokeapi/master/data/v2/csv/languages.csv;https://raw.githubusercontent.com/PokeAPI/pokeapi/master/data/v2/csv/pokemon.csv;https://raw.githubusercontent.com/PokeAPI/pokeapi/master/data/v2/csv/pokemon_forms.csv;https://raw.githubusercontent.com/PokeAPI/pokeapi/master/data/v2/csv/pokemon_form_names.csv
577,699,Amagarga,amagarga,Aurorus,aurorus,RU,7,0,0,,0,,0,0,never_picked,https://raw.githubusercontent.com/PokeAPI/pokeapi/master/data/v2/csv/pokemon_species_names.csv;https://raw.githubusercontent.com/PokeAPI/pokeapi/master/data/v2/csv/languages.csv;https://raw.githubusercontent.com/PokeAPI/pokeapi/master/data/v2/csv/pokemon.csv;https://raw.githubusercontent.com/PokeAPI/pokeapi/master/data/v2/csv/pokemon_forms.csv;https://raw.githubusercontent.com/PokeAPI/pokeapi/master/data/v2/csv/pokemon_form_names.csv
578,773,Amigento-Typ:Eis,amigentotypeis,silvally-ice,silvallyice,RU,7,0,0,,0,,0,0,never_picked,https://raw.githubusercontent.com/PokeAPI/pokeapi/master/data/v2/csv/pokemon_species_names.csv;https://raw.githubusercontent.com/PokeAPI/pokeapi/master/data/v2/csv/languages.csv;https://raw.githubusercontent.com/PokeAPI/pokeapi/master/data/v2/csv/pokemon.csv;https://raw.githubusercontent.com/PokeAPI/pokeapi/master/data/v2/csv/pokemon_forms.csv;https://raw.githubusercontent.com/PokeAPI/pokeapi/master/data/v2/csv/pokemon_form_names.csv
579,773,Amigento-Typ:Elektro,amigentotypelektro,silvally-electric,silvallyelectric,RU,7,0,0,,0,,0,0,never_picked,https://raw.githubusercontent.com/PokeAPI/pokeapi/master/data/v2/csv/pokemon_species_names.csv;https://raw.githubusercontent.com/PokeAPI/pokeapi/master/data/v2/csv/languages.csv;https://raw.githubusercontent.com/PokeAPI/pokeapi/master/data/v2/csv/pokemon.csv;https://raw.githubusercontent.com/PokeAPI/pokeapi/master/data/v2/csv/pokemon_forms.csv;https://raw.githubusercontent.com/PokeAPI/pokeapi/master/data/v2/csv/pokemon_form_names.csv
580,773,Amigento-Typ:Feuer,amigentotypfeuer,silvally-fire,silvallyfire,RU,7,0,0,,0,,0,0,never_picked,https://raw.githubusercontent.com/PokeAPI/pokeapi/master/data/v2/csv/pokemon_species_names.csv;https://raw.githubusercontent.com/PokeAPI/pokeapi/master/data/v2/csv/languages.csv;https://raw.githubusercontent.com/PokeAPI/pokeapi/master/data/v2/csv/pokemon.csv;https://raw.githubusercontent.com/PokeAPI/pokeapi/master/data/v2/csv/pokemon_forms.csv;https://raw.githubusercontent.com/PokeAPI/pokeapi/master/data/v2/csv/pokemon_form_names.csv
581,773,Amigento-Typ:Flug,amigentotypflug,silvally-flying,silvallyflying,RU,7,0,0,,0,,0,0,never_picked,https://raw.githubusercontent.com/PokeAPI/pokeapi/master/data/v2/csv/pokemon_species_names.csv;https://raw.githubusercontent.com/PokeAPI/pokeapi/master/data/v2/csv/languages.csv;https://raw.githubusercontent.com/PokeAPI/pokeapi/master/data/v2/csv/pokemon.csv;https://raw.githubusercontent.com/PokeAPI/pokeapi/master/data/v2/csv/pokemon_forms.csv;https://raw.githubusercontent.com/PokeAPI/pokeapi/master/data/v2/csv/pokemon_form_names.csv
582,773,Amigento-Typ:Geist,amigentotypgeist,silvally-ghost,silvallyghost,RU,7,0,0,,0,,0,0,never_picked,https://raw.githubusercontent.com/PokeAPI/pokeapi/master/data/v2/csv/pokemon_species_names.csv;https://raw.githubusercontent.com/PokeAPI/pokeapi/master/data/v2/csv/languages.csv;https://raw.githubusercontent.com/PokeAPI/pokeapi/master/data/v2/csv/pokemon.csv;https://raw.githubusercontent.com/PokeAPI/pokeapi/master/data/v2/csv/pokemon_forms.csv;https://raw.githubusercontent.com/PokeAPI/pokeapi/master/data/v2/csv/pokemon_form_names.csv
583,773,Amigento-Typ:Gestein,amigentotypgestein,silvally-rock,silvallyrock,RU,7,0,0,,0,,0,0,never_picked,https://raw.githubusercontent.com/PokeAPI/pokeapi/master/data/v2/csv/pokemon_species_names.csv;https://raw.githubusercontent.com/PokeAPI/pokeapi/master/data/v2/csv/languages.csv;https://raw.githubusercontent.com/PokeAPI/pokeapi/master/data/v2/csv/pokemon.csv;https://raw.githubusercontent.com/PokeAPI/pokeapi/master/data/v2/csv/pokemon_forms.csv;https://raw.githubusercontent.com/PokeAPI/pokeapi/master/data/v2/csv/pokemon_form_names.csv
584,773,Amigento-Typ:Gift,amigentotypgift,silvally-poison,silvallypoison,RU,7,0,0,,0,,0,0,never_picked,https://raw.githubusercontent.com/PokeAPI/pokeapi/master/data/v2/csv/pokemon_species_names.csv;https://raw.githubusercontent.com/PokeAPI/pokeapi/master/data/v2/csv/languages.csv;https://raw.githubusercontent.com/PokeAPI/pokeapi/master/data/v2/csv/pokemon.csv;https://raw.githubusercontent.com/PokeAPI/pokeapi/master/data/v2/csv/pokemon_forms.csv;https://raw.githubusercontent.com/PokeAPI/pokeapi/master/data/v2/csv/pokemon_form_names.csv
585,773,Amigento-Typ:Kampf,amigentotypkampf,silvally-fighting,silvallyfighting,RU,7,0,0,,0,,0,0,never_picked,https://raw.githubusercontent.com/PokeAPI/pokeapi/master/data/v2/csv/pokemon_species_names.csv;https://raw.githubusercontent.com/PokeAPI/pokeapi/master/data/v2/csv/languages.csv;https://raw.githubusercontent.com/PokeAPI/pokeapi/master/data/v2/csv/pokemon.csv;https://raw.githubusercontent.com/PokeAPI/pokeapi/master/data/v2/csv/pokemon_forms.csv;https://raw.githubusercontent.com/PokeAPI/pokeapi/master/data/v2/csv/pokemon_form_names.csv
586,773,Amigento-Typ:Käfer,amigentotypkafer,silvally-bug,silvallybug,RU,7,0,0,,0,,0,0,never_picked,https://raw.githubusercontent.com/PokeAPI/pokeapi/master/data/v2/csv/pokemon_species_names.csv;https://raw.githubusercontent.com/PokeAPI/pokeapi/master/data/v2/csv/languages.csv;https://raw.githubusercontent.com/PokeAPI/pokeapi/master/data/v2/csv/pokemon.csv;https://raw.githubusercontent.com/PokeAPI/pokeapi/master/data/v2/csv/pokemon_forms.csv;https://raw.githubusercontent.com/PokeAPI/pokeapi/master/data/v2/csv/pokemon_form_names.csv
587,773,Amigento-Typ:Pflanze,amigentotyppflanze,silvally-grass,silvallygrass,RU,7,0,0,,0,,0,0,never_picked,https://raw.githubusercontent.com/PokeAPI/pokeapi/master/data/v2/csv/pokemon_species_names.csv;https://raw.githubusercontent.com/PokeAPI/pokeapi/master/data/v2/csv/languages.csv;https://raw.githubusercontent.com/PokeAPI/pokeapi/master/data/v2/csv/pokemon.csv;https://raw.githubusercontent.com/PokeAPI/pokeapi/master/data/v2/csv/pokemon_forms.csv;https://raw.githubusercontent.com/PokeAPI/pokeapi/master/data/v2/csv/pokemon_form_names.csv
588,773,Amigento-Typ:Psycho,amigentotyppsycho,silvally-psychic,silvallypsychic,RU,7,0,0,,0,,0,0,never_picked,https://raw.githubusercontent.com/PokeAPI/pokeapi/master/data/v2/csv/pokemon_species_names.csv;https://raw.githubusercontent.com/PokeAPI/pokeapi/master/data/v2/csv/languages.csv;https://raw.githubusercontent.com/PokeAPI/pokeapi/master/data/v2/csv/pokemon.csv;https://raw.githubusercontent.com/PokeAPI/pokeapi/master/data/v2/csv/pokemon_forms.csv;https://raw.githubusercontent.com/PokeAPI/pokeapi/master/data/v2/csv/pokemon_form_names.csv
589,773,Amigento-Typ:Wasser,amigentotypwasser,silvally-water,silvallywater,RU,7,0,0,,0,,0,0,never_picked,https://raw.githubusercontent.com/PokeAPI/pokeapi/master/data/v2/csv/pokemon_species_names.csv;https://raw.githubusercontent.com/PokeAPI/pokeapi/master/data/v2/csv/languages.csv;https://raw.githubusercontent.com/PokeAPI/pokeapi/master/data/v2/csv/pokemon.csv;https://raw.githubusercontent.com/PokeAPI/pokeapi/master/data/v2/csv/pokemon_forms.csv;https://raw.githubusercontent.com/PokeAPI/pokeapi/master/data/v2/csv/pokemon_form_names.csv
590,181,Ampharos,ampharos,Ampharos,ampharos,RU,7,0,0,,0,,0,0,never_picked,https://raw.githubusercontent.com/PokeAPI/pokeapi/master/data/v2/csv/pokemon_species_names.csv;https://raw.githubusercontent.com/PokeAPI/pokeapi/master/data/v2/csv/languages.csv;https://raw.githubusercontent.com/PokeAPI/pokeapi/master/data/v2/csv/pokemon.csv;https://raw.githubusercontent.com/PokeAPI/pokeapi/master/data/v2/csv/pokemon_forms.csv;https://raw.githubusercontent.com/PokeAPI/pokeapi/master/data/v2/csv/pokemon_form_names.csv
591,24,Arbok,arbok,Arbok,arbok,RU,7,0,0,,0,,0,0,never_picked,https://raw.githubusercontent.com/PokeAPI/pokeapi/master/data/v2/csv/pokemon_species_names.csv;https://raw.githubusercontent.com/PokeAPI/pokeapi/master/data/v2/csv/languages.csv;https://raw.githubusercontent.com/PokeAPI/pokeapi/master/data/v2/csv/pokemon.csv;https://raw.githubusercontent.com/PokeAPI/pokeapi/master/data/v2/csv/pokemon_forms.csv;https://raw.githubusercontent.com/PokeAPI/pokeapi/master/data/v2/csv/pokemon_form_names.csv
592,168,Ariados,ariados,Ariados,ariados,RU,7,0,0,,0,,0,0,never_picked,https://raw.githubusercontent.com/PokeAPI/pokeapi/master/data/v2/csv/pokemon_species_names.csv;https://raw.githubusercontent.com/PokeAPI/pokeapi/master/data/v2/csv/languages.csv;https://raw.githubusercontent.com/PokeAPI/pokeapi/master/data/v2/csv/pokemon.csv;https://raw.githubusercontent.com/PokeAPI/pokeapi/master/data/v2/csv/pokemon_forms.csv;https://raw.githubusercontent.com/PokeAPI/pokeapi/master/data/v2/csv/pokemon_form_names.csv
593,927,Backel,backel,Dachsbun,dachsbun,RU,7,0,0,,0,,0,0,never_picked,https://raw.githubusercontent.com/PokeAPI/pokeapi/master/data/v2/csv/pokemon_species_names.csv;https://raw.githubusercontent.com/PokeAPI/pokeapi/master/data/v2/csv/languages.csv;https://raw.githubusercontent.com/PokeAPI/pokeapi/master/data/v2/csv/pokemon.csv;https://raw.githubusercontent.com/PokeAPI/pokeapi/master/data/v2/csv/pokemon_forms.csv;https://raw.githubusercontent.com/PokeAPI/pokeapi/master/data/v2/csv/pokemon_form_names.csv
594,354,Banette,banette,Banette,banette,RU,7,0,0,,0,,0,0,never_picked,https://raw.githubusercontent.com/PokeAPI/pokeapi/master/data/v2/csv/pokemon_species_names.csv;https://raw.githubusercontent.com/PokeAPI/pokeapi/master/data/v2/csv/languages.csv;https://raw.githubusercontent.com/PokeAPI/pokeapi/master/data/v2/csv/pokemon.csv;https://raw.githubusercontent.com/PokeAPI/pokeapi/master/data/v2/csv/pokemon_forms.csv;https://raw.githubusercontent.com/PokeAPI/pokeapi/master/data/v2/csv/pokemon_form_names.csv
595,836,Bellektro,bellektro,Boltund,boltund,RU,7,0,0,,0,,0,0,never_picked,https://raw.githubusercontent.com/PokeAPI/pokeapi/master/data/v2/csv/pokemon_species_names.csv;https://raw.githubusercontent.com/PokeAPI/pokeapi/master/data/v2/csv/languages.csv;https://raw.githubusercontent.com/PokeAPI/pokeapi/master/data/v2/csv/pokemon.csv;https://raw.githubusercontent.com/PokeAPI/pokeapi/master/data/v2/csv/pokemon_forms.csv;https://raw.githubusercontent.com/PokeAPI/pokeapi/master/data/v2/csv/pokemon_form_names.csv
596,1015,Benesaru,benesaru,Munkidori,munkidori,RU,7,0,0,,0,,0,0,never_picked,https://raw.githubusercontent.com/PokeAPI/pokeapi/master/data/v2/csv/pokemon_species_names.csv;https://raw.githubusercontent.com/PokeAPI/pokeapi/master/data/v2/csv/languages.csv;https://raw.githubusercontent.com/PokeAPI/pokeapi/master/data/v2/csv/pokemon.csv;https://raw.githubusercontent.com/PokeAPI/pokeapi/master/data/v2/csv/pokemon_forms.csv;https://raw.githubusercontent.com/PokeAPI/pokeapi/master/data/v2/csv/pokemon_form_names.csv
597,15,Bibor,bibor,Beedrill,beedrill,RU,7,0,0,,0,,0,0,never_picked,https://raw.githubusercontent.com/PokeAPI/pokeapi/master/data/v2/csv/pokemon_species_names.csv;https://raw.githubusercontent.com/PokeAPI/pokeapi/master/data/v2/csv/languages.csv;https://raw.githubusercontent.com/PokeAPI/pokeapi/master/data/v2/csv/pokemon.csv;https://raw.githubusercontent.com/PokeAPI/pokeapi/master/data/v2/csv/pokemon_forms.csv;https://raw.githubusercontent.com/PokeAPI/pokeapi/master/data/v2/csv/pokemon_form_names.csv
598,400,Bidifas,bidifas,Bibarel,bibarel,RU,7,0,0,,0,,0,0,never_picked,https://raw.githubusercontent.com/PokeAPI/pokeapi/master/data/v2/csv/pokemon_species_names.csv;https://raw.githubusercontent.com/PokeAPI/pokeapi/master/data/v2/csv/languages.csv;https://raw.githubusercontent.com/PokeAPI/pokeapi/master/data/v2/csv/pokemon.csv;https://raw.githubusercontent.com/PokeAPI/pokeapi/master/data/v2/csv/pokemon_forms.csv;https://raw.githubusercontent.com/PokeAPI/pokeapi/master/data/v2/csv/pokemon_form_names.csv
599,182,Blubella,blubella,Bellossom,bellossom,RU,7,0,0,,0,,0,0,never_picked,https://raw.githubusercontent.com/PokeAPI/pokeapi/master/data/v2/csv/pokemon_species_names.csv;https://raw.githubusercontent.com/PokeAPI/pokeapi/master/data/v2/csv/languages.csv;https://raw.githubusercontent.com/PokeAPI/pokeapi/master/data/v2/csv/pokemon.csv;https://raw.githubusercontent.com/PokeAPI/pokeapi/master/data/v2/csv/pokemon_forms.csv;https://raw.githubusercontent.com/PokeAPI/pokeapi/master/data/v2/csv/pokemon_form_names.csv
600,225,Botogel,botogel,Delibird,delibird,RU,7,0,0,,0,,0,0,never_picked,https://raw.githubusercontent.com/PokeAPI/pokeapi/master/data/v2/csv/pokemon_species_names.csv;https://raw.githubusercontent.com/PokeAPI/pokeapi/master/data/v2/csv/languages.csv;https://raw.githubusercontent.com/PokeAPI/pokeapi/master/data/v2/csv/pokemon.csv;https://raw.githubusercontent.com/PokeAPI/pokeapi/master/data/v2/csv/pokemon_forms.csv;https://raw.githubusercontent.com/PokeAPI/pokeapi/master/data/v2/csv/pokemon_form_names.csv
601,985,Brüllschweif,brullschweif,Scream Tail,screamtail,RU,7,0,0,,0,,0,0,never_picked,https://raw.githubusercontent.com/PokeAPI/pokeapi/master/data/v2/csv/pokemon_species_names.csv;https://raw.githubusercontent.com/PokeAPI/pokeapi/master/data/v2/csv/languages.csv;https://raw.githubusercontent.com/PokeAPI/pokeapi/master/data/v2/csv/pokemon.csv;https://raw.githubusercontent.com/PokeAPI/pokeapi/master/data/v2/csv/pokemon_forms.csv;https://raw.githubusercontent.com/PokeAPI/pokeapi/master/data/v2/csv/pokemon_form_names.csv
602,413,Burmadame,burmadame,Wormadam,wormadam,RU,7,0,0,,0,,0,0,never_picked,https://raw.githubusercontent.com/PokeAPI/pokeapi/master/data/v2/csv/pokemon_species_names.csv;https://raw.githubusercontent.com/PokeAPI/pokeapi/master/data/v2/csv/languages.csv;https://raw.githubusercontent.com/PokeAPI/pokeapi/master/data/v2/csv/pokemon.csv;https://raw.githubusercontent.com/PokeAPI/pokeapi/master/data/v2/csv/pokemon_forms.csv;https://raw.githubusercontent.com/PokeAPI/pokeapi/master/data/v2/csv/pokemon_form_names.csv
603,413,Burmadame-Lumpenumhang,burmadamelumpenumhang,wormadam-trash,wormadamtrash,RU,7,0,0,,0,,0,0,never_picked,https://raw.githubusercontent.com/PokeAPI/pokeapi/master/data/v2/csv/pokemon_species_names.csv;https://raw.githubusercontent.com/PokeAPI/pokeapi/master/data/v2/csv/languages.csv;https://raw.githubusercontent.com/PokeAPI/pokeapi/master/data/v2/csv/pokemon.csv;https://raw.githubusercontent.com/PokeAPI/pokeapi/master/data/v2/csv/pokemon_forms.csv;https://raw.githubusercontent.com/PokeAPI/pokeapi/master/data/v2/csv/pokemon_form_names.csv
604,413,Burmadame-Sandumhang,burmadamesandumhang,wormadam-sandy,wormadamsandy,RU,7,0,0,,0,,0,0,never_picked,https://raw.githubusercontent.com/PokeAPI/pokeapi/master/data/v2/csv/pokemon_species_names.csv;https://raw.githubusercontent.com/PokeAPI/pokeapi/master/data/v2/csv/languages.csv;https://raw.githubusercontent.com/PokeAPI/pokeapi/master/data/v2/csv/pokemon.csv;https://raw.githubusercontent.com/PokeAPI/pokeapi/master/data/v2/csv/pokemon_forms.csv;https://raw.githubusercontent.com/PokeAPI/pokeapi/master/data/v2/csv/pokemon_form_names.csv
605,323,Camerupt,camerupt,Camerupt,camerupt,RU,7,0,0,,0,,0,0,never_picked,https://raw.githubusercontent.com/PokeAPI/pokeapi/master/data/v2/csv/pokemon_species_names.csv;https://raw.githubusercontent.com/PokeAPI/pokeapi/master/data/v2/csv/languages.csv;https://raw.githubusercontent.com/PokeAPI/pokeapi/master/data/v2/csv/pokemon.csv;https://raw.githubusercontent.com/PokeAPI/pokeapi/master/data/v2/csv/pokemon_forms.csv;https://raw.githubusercontent.com/PokeAPI/pokeapi/master/data/v2/csv/pokemon_form_names.csv
606,389,Chelterrar,chelterrar,Torterra,torterra,RU,7,0,0,,0,,0,0,never_picked,https://raw.githubusercontent.com/PokeAPI/pokeapi/master/data/v2/csv/pokemon_species_names.csv;https://raw.githubusercontent.com/PokeAPI/pokeapi/master/data/v2/csv/languages.csv;https://raw.githubusercontent.com/PokeAPI/pokeapi/master/data/v2/csv/pokemon.csv;https://raw.githubusercontent.com/PokeAPI/pokeapi/master/data/v2/csv/pokemon_forms.csv;https://raw.githubusercontent.com/PokeAPI/pokeapi/master/data/v2/csv/pokemon_form_names.csv
607,673,Chevrumm,chevrumm,Gogoat,gogoat,RU,7,0,0,,0,,0,0,never_picked,https://raw.githubusercontent.com/PokeAPI/pokeapi/master/data/v2/csv/pokemon_species_names.csv;https://raw.githubusercontent.com/PokeAPI/pokeapi/master/data/v2/csv/languages.csv;https://raw.githubusercontent.com/PokeAPI/pokeapi/master/data/v2/csv/pokemon.csv;https://raw.githubusercontent.com/PokeAPI/pokeapi/master/data/v2/csv/pokemon_forms.csv;https://raw.githubusercontent.com/PokeAPI/pokeapi/master/data/v2/csv/pokemon_form_names.csv
608,1001,Chongjian,chongjian,Wo-Chien,wochien,RU,7,0,0,,0,,0,0,never_picked,https://raw.githubusercontent.com/PokeAPI/pokeapi/master/data/v2/csv/pokemon_species_names.csv;https://raw.githubusercontent.com/PokeAPI/pokeapi/master/data/v2/csv/languages.csv;https://raw.githubusercontent.com/PokeAPI/pokeapi/master/data/v2/csv/pokemon.csv;https://raw.githubusercontent.com/PokeAPI/pokeapi/master/data/v2/csv/pokemon_forms.csv;https://raw.githubusercontent.com/PokeAPI/pokeapi/master/data/v2/csv/pokemon_form_names.csv
609,741,Choreogel,choreogel,Oricorio,oricorio,RU,7,0,0,,0,,0,0,never_picked,https://raw.githubusercontent.com/PokeAPI/pokeapi/master/data/v2/csv/pokemon_species_names.csv;https://raw.githubusercontent.com/PokeAPI/pokeapi/master/data/v2/csv/languages.csv;https://raw.githubusercontent.com/PokeAPI/pokeapi/master/data/v2/csv/pokemon.csv;https://raw.githubusercontent.com/PokeAPI/pokeapi/master/data/v2/csv/pokemon_forms.csv;https://raw.githubusercontent.com/PokeAPI/pokeapi/master/data/v2/csv/pokemon_form_names.csv
610,741,Choreogel-Buyo-Stil,choreogelbuyostil,oricorio-sensu,oricoriosensu,RU,7,0,0,,0,,0,0,never_picked,https://raw.githubusercontent.com/PokeAPI/pokeapi/master/data/v2/csv/pokemon_species_names.csv;https://raw.githubusercontent.com/PokeAPI/pokeapi/master/data/v2/csv/languages.csv;https://raw.githubusercontent.com/PokeAPI/pokeapi/master/data/v2/csv/pokemon.csv;https://raw.githubusercontent.com/PokeAPI/pokeapi/master/data/v2/csv/pokemon_forms.csv;https://raw.githubusercontent.com/PokeAPI/pokeapi/master/data/v2/csv/pokemon_form_names.csv
611,741,Choreogel-Cheerleading-Stil,choreogelcheerleadingstil,oricorio-pom-pom,oricoriopompom,RU,7,0,0,,0,,0,0,never_picked,https://raw.githubusercontent.com/PokeAPI/pokeapi/master/data/v2/csv/pokemon_species_names.csv;https://raw.githubusercontent.com/PokeAPI/pokeapi/master/data/v2/csv/languages.csv;https://raw.githubusercontent.com/PokeAPI/pokeapi/master/data/v2/csv/pokemon.csv;https://raw.githubusercontent.com/PokeAPI/pokeapi/master/data/v2/csv/pokemon_forms.csv;https://raw.githubusercontent.com/PokeAPI/pokeapi/master/data/v2/csv/pokemon_form_names.csv
612,741,Choreogel-Hula-Stil,choreogelhulastil,oricorio-pau,oricoriopau,RU,7,0,0,,0,,0,0,never_picked,https://raw.githubusercontent.com/PokeAPI/pokeapi/master/data/v2/csv/pokemon_species_names.csv;https://raw.githubusercontent.com/PokeAPI/pokeapi/master/data/v2/csv/languages.csv;https://raw.githubusercontent.com/PokeAPI/pokeapi/master/data/v2/csv/pokemon.csv;https://raw.githubusercontent.com/PokeAPI/pokeapi/master/data/v2/csv/pokemon_forms.csv;https://raw.githubusercontent.com/PokeAPI/pokeapi/master/data/v2/csv/pokemon_form_names.csv
613,676,Coiffwaff,coiffwaff,Furfrou,furfrou,RU,7,0,0,,0,,0,0,never_picked,https://raw.githubusercontent.com/PokeAPI/pokeapi/master/data/v2/csv/pokemon_species_names.csv;https://raw.githubusercontent.com/PokeAPI/pokeapi/master/data/v2/csv/languages.csv;https://raw.githubusercontent.com/PokeAPI/pokeapi/master/data/v2/csv/pokemon.csv;https://raw.githubusercontent.com/PokeAPI/pokeapi/master/data/v2/csv/pokemon_forms.csv;https://raw.githubusercontent.com/PokeAPI/pokeapi/master/data/v2/csv/pokemon_form_names.csv
614,222,Corasonn,corasonn,Corsola,corsola,RU,7,0,0,,0,,0,0,never_picked,https://raw.githubusercontent.com/PokeAPI/pokeapi/master/data/v2/csv/pokemon_species_names.csv;https://raw.githubusercontent.com/PokeAPI/pokeapi/master/data/v2/csv/languages.csv;https://raw.githubusercontent.com/PokeAPI/pokeapi/master/data/v2/csv/pokemon.csv;https://raw.githubusercontent.com/PokeAPI/pokeapi/master/data/v2/csv/pokemon_forms.csv;https://raw.githubusercontent.com/PokeAPI/pokeapi/master/data/v2/csv/pokemon_form_names.csv
615,898,Coronospa,coronospa,Calyrex,calyrex,RU,7,0,0,,0,,0,0,never_picked,https://raw.githubusercontent.com/PokeAPI/pokeapi/master/data/v2/csv/pokemon_species_names.csv;https://raw.githubusercontent.com/PokeAPI/pokeapi/master/data/v2/csv/languages.csv;https://raw.githubusercontent.com/PokeAPI/pokeapi/master/data/v2/csv/pokemon.csv;https://raw.githubusercontent.com/PokeAPI/pokeapi/master/data/v2/csv/pokemon_forms.csv;https://raw.githubusercontent.com/PokeAPI/pokeapi/master/data/v2/csv/pokemon_form_names.csv
616,899,Damythir,damythir,Wyrdeer,wyrdeer,RU,7,0,0,,0,,0,0,never_picked,https://raw.githubusercontent.com/PokeAPI/pokeapi/master/data/v2/csv/pokemon_species_names.csv;https://raw.githubusercontent.com/PokeAPI/pokeapi/master/data/v2/csv/languages.csv;https://raw.githubusercontent.com/PokeAPI/pokeapi/master/data/v2/csv/pokemon.csv;https://raw.githubusercontent.com/PokeAPI/pokeapi/master/data/v2/csv/pokemon_forms.csv;https://raw.githubusercontent.com/PokeAPI/pokeapi/master/data/v2/csv/pokemon_form_names.csv
617,702,Dedenne,dedenne,Dedenne,dedenne,RU,7,0,0,,0,,0,0,never_picked,https://raw.githubusercontent.com/PokeAPI/pokeapi/master/data/v2/csv/pokemon_species_names.csv;https://raw.githubusercontent.com/PokeAPI/pokeapi/master/data/v2/csv/languages.csv;https://raw.githubusercontent.com/PokeAPI/pokeapi/master/data/v2/csv/pokemon.csv;https://raw.githubusercontent.com/PokeAPI/pokeapi/master/data/v2/csv/pokemon_forms.csv;https://raw.githubusercontent.com/PokeAPI/pokeapi/master/data/v2/csv/pokemon_form_names.csv
618,386,Deoxys (Verteidigung),deoxysverteidigung,deoxys-defense,deoxysdefense,RU,7,0,0,,0,,0,0,never_picked,https://raw.githubusercontent.com/PokeAPI/pokeapi/master/data/v2/csv/pokemon_species_names.csv;https://raw.githubusercontent.com/PokeAPI/pokeapi/master/data/v2/csv/languages.csv;https://raw.githubusercontent.com/PokeAPI/pokeapi/master/data/v2/csv/pokemon.csv;https://raw.githubusercontent.com/PokeAPI/pokeapi/master/data/v2/csv/pokemon_forms.csv;https://raw.githubusercontent.com/PokeAPI/pokeapi/master/data/v2/csv/pokemon_form_names.csv
619,85,Dodri,dodri,Dodrio,dodrio,RU,7,0,0,,0,,0,0,never_picked,https://raw.githubusercontent.com/PokeAPI/pokeapi/master/data/v2/csv/pokemon_species_names.csv;https://raw.githubusercontent.com/PokeAPI/pokeapi/master/data/v2/csv/languages.csv;https://raw.githubusercontent.com/PokeAPI/pokeapi/master/data/v2/csv/pokemon.csv;https://raw.githubusercontent.com/PokeAPI/pokeapi/master/data/v2/csv/pokemon_forms.csv;https://raw.githubusercontent.com/PokeAPI/pokeapi/master/data/v2/csv/pokemon_form_names.csv
620,841,Drapfel,drapfel,Flapple,flapple,RU,7,0,0,,0,,0,0,never_picked,https://raw.githubusercontent.com/PokeAPI/pokeapi/master/data/v2/csv/pokemon_species_names.csv;https://raw.githubusercontent.com/PokeAPI/pokeapi/master/data/v2/csv/languages.csv;https://raw.githubusercontent.com/PokeAPI/pokeapi/master/data/v2/csv/pokemon.csv;https://raw.githubusercontent.com/PokeAPI/pokeapi/master/data/v2/csv/pokemon_forms.csv;https://raw.githubusercontent.com/PokeAPI/pokeapi/master/data/v2/csv/pokemon_form_names.csv
621,549,Dressella,dressella,Lilligant,lilligant,RU,7,0,0,,0,,0,0,never_picked,https://raw.githubusercontent.com/PokeAPI/pokeapi/master/data/v2/csv/pokemon_species_names.csv;https://raw.githubusercontent.com/PokeAPI/pokeapi/master/data/v2/csv/languages.csv;https://raw.githubusercontent.com/PokeAPI/pokeapi/master/data/v2/csv/pokemon.csv;https://raw.githubusercontent.com/PokeAPI/pokeapi/master/data/v2/csv/pokemon_forms.csv;https://raw.githubusercontent.com/PokeAPI/pokeapi/master/data/v2/csv/pokemon_form_names.csv
622,982,Dummimisel,dummimisel,Dudunsparce,dudunsparce,RU,7,0,0,,0,,0,0,never_picked,https://raw.githubusercontent.com/PokeAPI/pokeapi/master/data/v2/csv/pokemon_species_names.csv;https://raw.githubusercontent.com/PokeAPI/pokeapi/master/data/v2/csv/languages.csv;https://raw.githubusercontent.com/PokeAPI/pokeapi/master/data/v2/csv/pokemon.csv;https://raw.githubusercontent.com/PokeAPI/pokeapi/master/data/v2/csv/pokemon_forms.csv;https://raw.githubusercontent.com/PokeAPI/pokeapi/master/data/v2/csv/pokemon_form_names.csv
623,995,Eisendorn,eisendorn,Iron Thorns,ironthorns,RU,7,0,0,,0,,0,0,never_picked,https://raw.githubusercontent.com/PokeAPI/pokeapi/master/data/v2/csv/pokemon_species_names.csv;https://raw.githubusercontent.com/PokeAPI/pokeapi/master/data/v2/csv/languages.csv;https://raw.githubusercontent.com/PokeAPI/pokeapi/master/data/v2/csv/pokemon.csv;https://raw.githubusercontent.com/PokeAPI/pokeapi/master/data/v2/csv/pokemon_forms.csv;https://raw.githubusercontent.com/PokeAPI/pokeapi/master/data/v2/csv/pokemon_form_names.csv
624,587,Emolga,emolga,Emolga,emolga,RU,7,0,0,,0,,0,0,never_picked,https://raw.githubusercontent.com/PokeAPI/pokeapi/master/data/v2/csv/pokemon_species_names.csv;https://raw.githubusercontent.com/PokeAPI/pokeapi/master/data/v2/csv/languages.csv;https://raw.githubusercontent.com/PokeAPI/pokeapi/master/data/v2/csv/pokemon.csv;https://raw.githubusercontent.com/PokeAPI/pokeapi/master/data/v2/csv/pokemon_forms.csv;https://raw.githubusercontent.com/PokeAPI/pokeapi/master/data/v2/csv/pokemon_form_names.csv
625,301,Enekoro,enekoro,Delcatty,delcatty,RU,7,0,0,,0,,0,0,never_picked,https://raw.githubusercontent.com/PokeAPI/pokeapi/master/data/v2/csv/pokemon_species_names.csv;https://raw.githubusercontent.com/PokeAPI/pokeapi/master/data/v2/csv/languages.csv;https://raw.githubusercontent.com/PokeAPI/pokeapi/master/data/v2/csv/pokemon.csv;https://raw.githubusercontent.com/PokeAPI/pokeapi/master/data/v2/csv/pokemon_forms.csv;https://raw.githubusercontent.com/PokeAPI/pokeapi/master/data/v2/csv/pokemon_form_names.csv
626,55,Entoron,entoron,Golduck,golduck,RU,7,0,0,,0,,0,0,never_picked,https://raw.githubusercontent.com/PokeAPI/pokeapi/master/data/v2/csv/pokemon_species_names.csv;https://raw.githubusercontent.com/PokeAPI/pokeapi/master/data/v2/csv/languages.csv;https://raw.githubusercontent.com/PokeAPI/pokeapi/master/data/v2/csv/pokemon.csv;https://raw.githubusercontent.com/PokeAPI/pokeapi/master/data/v2/csv/pokemon_forms.csv;https://raw.githubusercontent.com/PokeAPI/pokeapi/master/data/v2/csv/pokemon_form_names.csv
627,925,Famieps,famieps,Maushold,maushold,RU,7,0,0,,0,,0,0,never_picked,https://raw.githubusercontent.com/PokeAPI/pokeapi/master/data/v2/csv/pokemon_species_names.csv;https://raw.githubusercontent.com/PokeAPI/pokeapi/master/data/v2/csv/languages.csv;https://raw.githubusercontent.com/PokeAPI/pokeapi/master/data/v2/csv/pokemon.csv;https://raw.githubusercontent.com/PokeAPI/pokeapi/master/data/v2/csv/pokemon_forms.csv;https://raw.githubusercontent.com/PokeAPI/pokeapi/master/data/v2/csv/pokemon_form_names.csv
628,981,Farigiraf,farigiraf,Farigiraf,farigiraf,RU,7,0,0,,0,,0,0,never_picked,https://raw.githubusercontent.com/PokeAPI/pokeapi/master/data/v2/csv/pokemon_species_names.csv;https://raw.githubusercontent.com/PokeAPI/pokeapi/master/data/v2/csv/languages.csv;https://raw.githubusercontent.com/PokeAPI/pokeapi/master/data/v2/csv/pokemon.csv;https://raw.githubusercontent.com/PokeAPI/pokeapi/master/data/v2/csv/pokemon_forms.csv;https://raw.githubusercontent.com/PokeAPI/pokeapi/master/data/v2/csv/pokemon_form_names.csv
629,521,Fasasnob,fasasnob,Unfezant,unfezant,RU,7,0,0,,0,,0,0,never_picked,https://raw.githubusercontent.com/PokeAPI/pokeapi/master/data/v2/csv/pokemon_species_names.csv;https://raw.githubusercontent.com/PokeAPI/pokeapi/master/data/v2/csv/languages.csv;https://raw.githubusercontent.com/PokeAPI/pokeapi/master/data/v2/csv/pokemon.csv;https://raw.githubusercontent.com/PokeAPI/pokeapi/master/data/v2/csv/pokemon_forms.csv;https://raw.githubusercontent.com/PokeAPI/pokeapi/master/data/v2/csv/pokemon_form_names.csv
630,362,Firnontor,firnontor,Glalie,glalie,RU,7,0,0,,0,,0,0,never_picked,https://raw.githubusercontent.com/PokeAPI/pokeapi/master/data/v2/csv/pokemon_species_names.csv;https://raw.githubusercontent.com/PokeAPI/pokeapi/master/data/v2/csv/languages.csv;https://raw.githubusercontent.com/PokeAPI/pokeapi/master/data/v2/csv/pokemon.csv;https://raw.githubusercontent.com/PokeAPI/pokeapi/master/data/v2/csv/pokemon_forms.csv;https://raw.githubusercontent.com/PokeAPI/pokeapi/master/data/v2/csv/pokemon_form_names.csv
631,973,Flaminkno,flaminkno,Flamigo,flamigo,RU,7,0,0,,0,,0,0,never_picked,https://raw.githubusercontent.com/PokeAPI/pokeapi/master/data/v2/csv/pokemon_species_names.csv;https://raw.githubusercontent.com/PokeAPI/pokeapi/master/data/v2/csv/languages.csv;https://raw.githubusercontent.com/PokeAPI/pokeapi/master/data/v2/csv/pokemon.csv;https://raw.githubusercontent.com/PokeAPI/pokeapi/master/data/v2/csv/pokemon_forms.csv;https://raw.githubusercontent.com/PokeAPI/pokeapi/master/data/v2/csv/pokemon_form_names.csv
632,470,Folipurba,folipurba,Leafeon,leafeon,RU,7,0,0,,0,,0,0,never_picked,https://raw.githubusercontent.com/PokeAPI/pokeapi/master/data/v2/csv/pokemon_species_names.csv;https://raw.githubusercontent.com/PokeAPI/pokeapi/master/data/v2/csv/languages.csv;https://raw.githubusercontent.com/PokeAPI/pokeapi/master/data/v2/csv/pokemon.csv;https://raw.githubusercontent.com/PokeAPI/pokeapi/master/data/v2/csv/pokemon_forms.csv;https://raw.githubusercontent.com/PokeAPI/pokeapi/master/data/v2/csv/pokemon_form_names.csv
633,351,Formeo,formeo,Castform,castform,RU,7,0,0,,0,,0,0,never_picked,https://raw.githubusercontent.com/PokeAPI/pokeapi/master/data/v2/csv/pokemon_species_names.csv;https://raw.githubusercontent.com/PokeAPI/pokeapi/master/data/v2/csv/languages.csv;https://raw.githubusercontent.com/PokeAPI/pokeapi/master/data/v2/csv/pokemon.csv;https://raw.githubusercontent.com/PokeAPI/pokeapi/master/data/v2/csv/pokemon_forms.csv;https://raw.githubusercontent.com/PokeAPI/pokeapi/master/data/v2/csv/pokemon_form_names.csv
634,916,Fragrunz,fragrunz,Oinkologne,oinkologne,RU,7,0,0,,0,,0,0,never_picked,https://raw.githubusercontent.com/PokeAPI/pokeapi/master/data/v2/csv/pokemon_species_names.csv;https://raw.githubusercontent.com/PokeAPI/pokeapi/master/data/v2/csv/languages.csv;https://raw.githubusercontent.com/PokeAPI/pokeapi/master/data/v2/csv/pokemon.csv;https://raw.githubusercontent.com/PokeAPI/pokeapi/master/data/v2/csv/pokemon_forms.csv;https://raw.githubusercontent.com/PokeAPI/pokeapi/master/data/v2/csv/pokemon_form_names.csv
635,972,Friedwuff,friedwuff,Houndstone,houndstone,RU,7,0,0,,0,,0,0,never_picked,https://raw.githubusercontent.com/PokeAPI/pokeapi/master/data/v2/csv/pokemon_species_names.csv;https://raw.githubusercontent.com/PokeAPI/pokeapi/master/data/v2/csv/languages.csv;https://raw.githubusercontent.com/PokeAPI/pokeapi/master/data/v2/csv/pokemon.csv;https://raw.githubusercontent.com/PokeAPI/pokeapi/master/data/v2/csv/pokemon_forms.csv;https://raw.githubusercontent.com/PokeAPI/pokeapi/master/data/v2/csv/pokemon_form_names.csv
636,618,Galar Flunschlik,galarflunschlik,stunfisk-galar,stunfiskgalar,RU,7,0,0,,0,,0,0,never_picked,https://raw.githubusercontent.com/PokeAPI/pokeapi/master/data/v2/csv/pokemon_species_names.csv;https://raw.githubusercontent.com/PokeAPI/pokeapi/master/data/v2/csv/languages.csv;https://raw.githubusercontent.com/PokeAPI/pokeapi/master/data/v2/csv/pokemon.csv;https://raw.githubusercontent.com/PokeAPI/pokeapi/master/data/v2/csv/pokemon_forms.csv;https://raw.githubusercontent.com/PokeAPI/pokeapi/master/data/v2/csv/pokemon_form_names.csv
637,828,Gaunux,gaunux,Thievul,thievul,RU,7,0,0,,0,,0,0,never_picked,https://raw.githubusercontent.com/PokeAPI/pokeapi/master/data/v2/csv/pokemon_species_names.csv;https://raw.githubusercontent.com/PokeAPI/pokeapi/master/data/v2/csv/languages.csv;https://raw.githubusercontent.com/PokeAPI/pokeapi/master/data/v2/csv/pokemon.csv;https://raw.githubusercontent.com/PokeAPI/pokeapi/master/data/v2/csv/pokemon_forms.csv;https://raw.githubusercontent.com/PokeAPI/pokeapi/master/data/v2/csv/pokemon_form_names.csv
638,76,Geowaz,geowaz,Golem,golem,RU,7,0,0,,0,,0,0,never_picked,https://raw.githubusercontent.com/PokeAPI/pokeapi/master/data/v2/csv/pokemon_species_names.csv;https://raw.githubusercontent.com/PokeAPI/pokeapi/master/data/v2/csv/languages.csv;https://raw.githubusercontent.com/PokeAPI/pokeapi/master/data/v2/csv/pokemon.csv;https://raw.githubusercontent.com/PokeAPI/pokeapi/master/data/v2/csv/pokemon_forms.csv;https://raw.githubusercontent.com/PokeAPI/pokeapi/master/data/v2/csv/pokemon_form_names.csv
639,6,Glurak,glurak,Charizard,charizard,RU,7,0,0,,0,,0,0,never_picked,https://raw.githubusercontent.com/PokeAPI/pokeapi/master/data/v2/csv/pokemon_species_names.csv;https://raw.githubusercontent.com/PokeAPI/pokeapi/master/data/v2/csv/languages.csv;https://raw.githubusercontent.com/PokeAPI/pokeapi/master/data/v2/csv/pokemon.csv;https://raw.githubusercontent.com/PokeAPI/pokeapi/master/data/v2/csv/pokemon_forms.csv;https://raw.githubusercontent.com/PokeAPI/pokeapi/master/data/v2/csv/pokemon_form_names.csv
640,119,Golking,golking,Seaking,seaking,RU,7,0,0,,0,,0,0,never_picked,https://raw.githubusercontent.com/PokeAPI/pokeapi/master/data/v2/csv/pokemon_species_names.csv;https://raw.githubusercontent.com/PokeAPI/pokeapi/master/data/v2/csv/languages.csv;https://raw.githubusercontent.com/PokeAPI/pokeapi/master/data/v2/csv/pokemon.csv;https://raw.githubusercontent.com/PokeAPI/pokeapi/master/data/v2/csv/pokemon_forms.csv;https://raw.githubusercontent.com/PokeAPI/pokeapi/master/data/v2/csv/pokemon_form_names.csv
641,514,Grillchita,grillchita,Simisear,simisear,RU,7,0,0,,0,,0,0,never_picked,https://raw.githubusercontent.com/PokeAPI/pokeapi/master/data/v2/csv/pokemon_species_names.csv;https://raw.githubusercontent.com/PokeAPI/pokeapi/master/data/v2/csv/languages.csv;https://raw.githubusercontent.com/PokeAPI/pokeapi/master/data/v2/csv/pokemon.csv;https://raw.githubusercontent.com/PokeAPI/pokeapi/master/data/v2/csv/pokemon_forms.csv;https://raw.githubusercontent.com/PokeAPI/pokeapi/master/data/v2/csv/pokemon_form_names.csv
642,326,Groink,groink,Grumpig,grumpig,RU,7,0,0,,0,,0,0,never_picked,https://raw.githubusercontent.com/PokeAPI/pokeapi/master/data/v2/csv/pokemon_species_names.csv;https://raw.githubusercontent.com/PokeAPI/pokeapi/master/data/v2/csv/languages.csv;https://raw.githubusercontent.com/PokeAPI/pokeapi/master/data/v2/csv/pokemon.csv;https://raw.githubusercontent.com/PokeAPI/pokeapi/master/data/v2/csv/pokemon_forms.csv;https://raw.githubusercontent.com/PokeAPI/pokeapi/master/data/v2/csv/pokemon_form_names.csv
643,952,Halupenjo,halupenjo,Scovillain,scovillain,RU,7,0,0,,0,,0,0,never_picked,https://raw.githubusercontent.com/PokeAPI/pokeapi/master/data/v2/csv/pokemon_species_names.csv;https://raw.githubusercontent.com/PokeAPI/pokeapi/master/data/v2/csv/languages.csv;https://raw.githubusercontent.com/PokeAPI/pokeapi/master/data/v2/csv/pokemon.csv;https://raw.githubusercontent.com/PokeAPI/pokeapi/master/data/v2/csv/pokemon_forms.csv;https://raw.githubusercontent.com/PokeAPI/pokeapi/master/data/v2/csv/pokemon_form_names.csv
644,101,Hisui Lektrobal,hisuilektrobal,electrode-hisui,electrodehisui,RU,7,0,0,,0,,0,0,never_picked,https://raw.githubusercontent.com/PokeAPI/pokeapi/master/data/v2/csv/pokemon_species_names.csv;https://raw.githubusercontent.com/PokeAPI/pokeapi/master/data/v2/csv/languages.csv;https://raw.githubusercontent.com/PokeAPI/pokeapi/master/data/v2/csv/pokemon.csv;https://raw.githubusercontent.com/PokeAPI/pokeapi/master/data/v2/csv/pokemon_forms.csv;https://raw.githubusercontent.com/PokeAPI/pokeapi/master/data/v2/csv/pokemon_form_names.csv
645,724,Hisui Silvarro,hisuisilvarro,decidueye-hisui,decidueyehisui,RU,7,0,0,,0,,0,0,never_picked,https://raw.githubusercontent.com/PokeAPI/pokeapi/master/data/v2/csv/pokemon_species_names.csv;https://raw.githubusercontent.com/PokeAPI/pokeapi/master/data/v2/csv/languages.csv;https://raw.githubusercontent.com/PokeAPI/pokeapi/master/data/v2/csv/pokemon.csv;https://raw.githubusercontent.com/PokeAPI/pokeapi/master/data/v2/csv/pokemon_forms.csv;https://raw.githubusercontent.com/PokeAPI/pokeapi/master/data/v2/csv/pokemon_form_names.csv
646,157,Hisui Tornupto,hisuitornupto,typhlosion-hisui,typhlosionhisui,RU,7,0,0,,0,,0,0,never_picked,https://raw.githubusercontent.com/PokeAPI/pokeapi/master/data/v2/csv/pokemon_species_names.csv;https://raw.githubusercontent.com/PokeAPI/pokeapi/master/data/v2/csv/languages.csv;https://raw.githubusercontent.com/PokeAPI/pokeapi/master/data/v2/csv/pokemon.csv;https://raw.githubusercontent.com/PokeAPI/pokeapi/master/data/v2/csv/pokemon_forms.csv;https://raw.githubusercontent.com/PokeAPI/pokeapi/master/data/v2/csv/pokemon_form_names.csv
647,628,Hisui Washakwil,hisuiwashakwil,braviary-hisui,braviaryhisui,RU,7,0,0,,0,,0,0,never_picked,https://raw.githubusercontent.com/PokeAPI/pokeapi/master/data/v2/csv/pokemon_species_names.csv;https://raw.githubusercontent.com/PokeAPI/pokeapi/master/data/v2/csv/languages.csv;https://raw.githubusercontent.com/PokeAPI/pokeapi/master/data/v2/csv/pokemon.csv;https://raw.githubusercontent.com/PokeAPI/pokeapi/master/data/v2/csv/pokemon_forms.csv;https://raw.githubusercontent.com/PokeAPI/pokeapi/master/data/v2/csv/pokemon_form_names.csv
648,416,Honweisel,honweisel,Vespiquen,vespiquen,RU,7,0,0,,0,,0,0,never_picked,https://raw.githubusercontent.com/PokeAPI/pokeapi/master/data/v2/csv/pokemon_species_names.csv;https://raw.githubusercontent.com/PokeAPI/pokeapi/master/data/v2/csv/languages.csv;https://raw.githubusercontent.com/PokeAPI/pokeapi/master/data/v2/csv/pokemon.csv;https://raw.githubusercontent.com/PokeAPI/pokeapi/master/data/v2/csv/pokemon_forms.csv;https://raw.githubusercontent.com/PokeAPI/pokeapi/master/data/v2/csv/pokemon_form_names.csv
649,97,Hypno,hypno,Hypno,hypno,RU,7,0,0,,0,,0,0,never_picked,https://raw.githubusercontent.com/PokeAPI/pokeapi/master/data/v2/csv/pokemon_species_names.csv;https://raw.githubusercontent.com/PokeAPI/pokeapi/master/data/v2/csv/languages.csv;https://raw.githubusercontent.com/PokeAPI/pokeapi/master/data/v2/csv/pokemon.csv;https://raw.githubusercontent.com/PokeAPI/pokeapi/master/data/v2/csv/pokemon_forms.csv;https://raw.githubusercontent.com/PokeAPI/pokeapi/master/data/v2/csv/pokemon_form_names.csv
650,22,Ibitak,ibitak,Fearow,fearow,RU,7,0,0,,0,,0,0,never_picked,https://raw.githubusercontent.com/PokeAPI/pokeapi/master/data/v2/csv/pokemon_species_names.csv;https://raw.githubusercontent.com/PokeAPI/pokeapi/master/data/v2/csv/languages.csv;https://raw.githubusercontent.com/PokeAPI/pokeapi/master/data/v2/csv/pokemon.csv;https://raw.githubusercontent.com/PokeAPI/pokeapi/master/data/v2/csv/pokemon_forms.csv;https://raw.githubusercontent.com/PokeAPI/pokeapi/master/data/v2/csv/pokemon_form_names.csv
651,201,Icognito,icognito,Unown,unown,RU,7,0,0,,0,,0,0,never_picked,https://raw.githubusercontent.com/PokeAPI/pokeapi/master/data/v2/csv/pokemon_species_names.csv;https://raw.githubusercontent.com/PokeAPI/pokeapi/master/data/v2/csv/languages.csv;https://raw.githubusercontent.com/PokeAPI/pokeapi/master/data/v2/csv/pokemon.csv;https://raw.githubusercontent.com/PokeAPI/pokeapi/master/data/v2/csv/pokemon_forms.csv;https://raw.githubusercontent.com/PokeAPI/pokeapi/master/data/v2/csv/pokemon_form_names.csv
652,851,Infernopod,infernopod,Centiskorch,centiskorch,RU,7,0,0,,0,,0,0,never_picked,https://raw.githubusercontent.com/PokeAPI/pokeapi/master/data/v2/csv/pokemon_species_names.csv;https://raw.githubusercontent.com/PokeAPI/pokeapi/master/data/v2/csv/languages.csv;https://raw.githubusercontent.com/PokeAPI/pokeapi/master/data/v2/csv/pokemon.csv;https://raw.githubusercontent.com/PokeAPI/pokeapi/master/data/v2/csv/pokemon_forms.csv;https://raw.githubusercontent.com/PokeAPI/pokeapi/master/data/v2/csv/pokemon_form_names.csv
653,87,Jugong,jugong,Dewgong,dewgong,RU,7,0,0,,0,,0,0,never_picked,https://raw.githubusercontent.com/PokeAPI/pokeapi/master/data/v2/csv/pokemon_species_names.csv;https://raw.githubusercontent.com/PokeAPI/pokeapi/master/data/v2/csv/languages.csv;https://raw.githubusercontent.com/PokeAPI/pokeapi/master/data/v2/csv/pokemon.csv;https://raw.githubusercontent.com/PokeAPI/pokeapi/master/data/v2/csv/pokemon_forms.csv;https://raw.githubusercontent.com/PokeAPI/pokeapi/master/data/v2/csv/pokemon_form_names.csv
654,834,Kamalm,kamalm,Drednaw,drednaw,RU,7,0,0,,0,,0,0,never_picked,https://raw.githubusercontent.com/PokeAPI/pokeapi/master/data/v2/csv/pokemon_species_names.csv;https://raw.githubusercontent.com/PokeAPI/pokeapi/master/data/v2/csv/languages.csv;https://raw.githubusercontent.com/PokeAPI/pokeapi/master/data/v2/csv/pokemon.csv;https://raw.githubusercontent.com/PokeAPI/pokeapi/master/data/v2/csv/pokemon_forms.csv;https://raw.githubusercontent.com/PokeAPI/pokeapi/master/data/v2/csv/pokemon_form_names.csv
655,853,Kaocto,kaocto,Grapploct,grapploct,RU,7,0,0,,0,,0,0,never_picked,https://raw.githubusercontent.com/PokeAPI/pokeapi/master/data/v2/csv/pokemon_species_names.csv;https://raw.githubusercontent.com/PokeAPI/pokeapi/master/data/v2/csv/languages.csv;https://raw.githubusercontent.com/PokeAPI/pokeapi/master/data/v2/csv/pokemon.csv;https://raw.githubusercontent.com/PokeAPI/pokeapi/master/data/v2/csv/pokemon_forms.csv;https://raw.githubusercontent.com/PokeAPI/pokeapi/master/data/v2/csv/pokemon_form_names.csv
656,421,Kinoso,kinoso,Cherrim,cherrim,RU,7,0,0,,0,,0,0,never_picked,https://raw.githubusercontent.com/PokeAPI/pokeapi/master/data/v2/csv/pokemon_species_names.csv;https://raw.githubusercontent.com/PokeAPI/pokeapi/master/data/v2/csv/languages.csv;https://raw.githubusercontent.com/PokeAPI/pokeapi/master/data/v2/csv/pokemon.csv;https://raw.githubusercontent.com/PokeAPI/pokeapi/master/data/v2/csv/pokemon_forms.csv;https://raw.githubusercontent.com/PokeAPI/pokeapi/master/data/v2/csv/pokemon_form_names.csv
657,950,Klibbe,klibbe,Klawf,klawf,RU,7,0,0,,0,,0,0,never_picked,https://raw.githubusercontent.com/PokeAPI/pokeapi/master/data/v2/csv/pokemon_species_names.csv;https://raw.githubusercontent.com/PokeAPI/pokeapi/master/data/v2/csv/languages.csv;https://raw.githubusercontent.com/PokeAPI/pokeapi/master/data/v2/csv/pokemon.csv;https://raw.githubusercontent.com/PokeAPI/pokeapi/master/data/v2/csv/pokemon_forms.csv;https://raw.githubusercontent.com/PokeAPI/pokeapi/master/data/v2/csv/pokemon_form_names.csv
658,966,Knattatox,knattatox,Revavroom,revavroom,RU,7,0,0,,0,,0,0,never_picked,https://raw.githubusercontent.com/PokeAPI/pokeapi/master/data/v2/csv/pokemon_species_names.csv;https://raw.githubusercontent.com/PokeAPI/pokeapi/master/data/v2/csv/languages.csv;https://raw.githubusercontent.com/PokeAPI/pokeapi/master/data/v2/csv/pokemon.csv;https://raw.githubusercontent.com/PokeAPI/pokeapi/master/data/v2/csv/pokemon_forms.csv;https://raw.githubusercontent.com/PokeAPI/pokeapi/master/data/v2/csv/pokemon_form_names.csv
659,779,Knirfish,knirfish,Bruxish,bruxish,RU,7,0,0,,0,,0,0,never_picked,https://raw.githubusercontent.com/PokeAPI/pokeapi/master/data/v2/csv/pokemon_species_names.csv;https://raw.githubusercontent.com/PokeAPI/pokeapi/master/data/v2/csv/languages.csv;https://raw.githubusercontent.com/PokeAPI/pokeapi/master/data/v2/csv/pokemon.csv;https://raw.githubusercontent.com/PokeAPI/pokeapi/master/data/v2/csv/pokemon_forms.csv;https://raw.githubusercontent.com/PokeAPI/pokeapi/master/data/v2/csv/pokemon_form_names.csv
660,105,Knogga,knogga,Marowak,marowak,RU,7,0,0,,0,,0,0,never_picked,https://raw.githubusercontent.com/PokeAPI/pokeapi/master/data/v2/csv/pokemon_species_names.csv;https://raw.githubusercontent.com/PokeAPI/pokeapi/master/data/v2/csv/languages.csv;https://raw.githubusercontent.com/PokeAPI/pokeapi/master/data/v2/csv/pokemon.csv;https://raw.githubusercontent.com/PokeAPI/pokeapi/master/data/v2/csv/pokemon_forms.csv;https://raw.githubusercontent.com/PokeAPI/pokeapi/master/data/v2/csv/pokemon_form_names.csv
661,40,Knuddeluff,knuddeluff,Wigglytuff,wigglytuff,RU,7,0,0,,0,,0,0,never_picked,https://raw.githubusercontent.com/PokeAPI/pokeapi/master/data/v2/csv/pokemon_species_names.csv;https://raw.githubusercontent.com/PokeAPI/pokeapi/master/data/v2/csv/languages.csv;https://raw.githubusercontent.com/PokeAPI/pokeapi/master/data/v2/csv/pokemon.csv;https://raw.githubusercontent.com/PokeAPI/pokeapi/master/data/v2/csv/pokemon_forms.csv;https://raw.githubusercontent.com/PokeAPI/pokeapi/master/data/v2/csv/pokemon_form_names.csv
662,931,Krawalloro,krawalloro,Squawkabilly,squawkabilly,RU,7,0,0,,0,,0,0,never_picked,https://raw.githubusercontent.com/PokeAPI/pokeapi/master/data/v2/csv/pokemon_species_names.csv;https://raw.githubusercontent.com/PokeAPI/pokeapi/master/data/v2/csv/languages.csv;https://raw.githubusercontent.com/PokeAPI/pokeapi/master/data/v2/csv/pokemon.csv;https://raw.githubusercontent.com/PokeAPI/pokeapi/master/data/v2/csv/pokemon_forms.csv;https://raw.githubusercontent.com/PokeAPI/pokeapi/master/data/v2/csv/pokemon_form_names.csv
663,740,Krawell,krawell,Crabominable,crabominable,RU,7,0,0,,0,,0,0,never_picked,https://raw.githubusercontent.com/PokeAPI/pokeapi/master/data/v2/csv/pokemon_species_names.csv;https://raw.githubusercontent.com/PokeAPI/pokeapi/master/data/v2/csv/languages.csv;https://raw.githubusercontent.com/PokeAPI/pokeapi/master/data/v2/csv/pokemon.csv;https://raw.githubusercontent.com/PokeAPI/pokeapi/master/data/v2/csv/pokemon_forms.csv;https://raw.githubusercontent.com/PokeAPI/pokeapi/master/data/v2/csv/pokemon_form_names.csv
664,988,Kriechflügel,kriechflugel,Slither Wing,slitherwing,RU,7,0,0,,0,,0,0,never_picked,https://raw.githubusercontent.com/PokeAPI/pokeapi/master/data/v2/csv/pokemon_species_names.csv;https://raw.githubusercontent.com/PokeAPI/pokeapi/master/data/v2/csv/languages.csv;https://raw.githubusercontent.com/PokeAPI/pokeapi/master/data/v2/csv/pokemon.csv;https://raw.githubusercontent.com/PokeAPI/pokeapi/master/data/v2/csv/pokemon_forms.csv;https://raw.githubusercontent.com/PokeAPI/pokeapi/master/data/v2/csv/pokemon_form_names.csv
665,875,Kubuin,kubuin,Eiscue,eiscue,RU,7,0,0,,0,,0,0,never_picked,https://raw.githubusercontent.com/PokeAPI/pokeapi/master/data/v2/csv/pokemon_species_names.csv;https://raw.githubusercontent.com/PokeAPI/pokeapi/master/data/v2/csv/languages.csv;https://raw.githubusercontent.com/PokeAPI/pokeapi/master/data/v2/csv/pokemon.csv;https://raw.githubusercontent.com/PokeAPI/pokeapi/master/data/v2/csv/pokemon_forms.csv;https://raw.githubusercontent.com/PokeAPI/pokeapi/master/data/v2/csv/pokemon_form_names.csv
666,505,Kukmarda,kukmarda,Watchog,watchog,RU,7,0,0,,0,,0,0,never_picked,https://raw.githubusercontent.com/PokeAPI/pokeapi/master/data/v2/csv/pokemon_species_names.csv;https://raw.githubusercontent.com/PokeAPI/pokeapi/master/data/v2/csv/languages.csv;https://raw.githubusercontent.com/PokeAPI/pokeapi/master/data/v2/csv/pokemon.csv;https://raw.githubusercontent.com/PokeAPI/pokeapi/master/data/v2/csv/pokemon_forms.csv;https://raw.githubusercontent.com/PokeAPI/pokeapi/master/data/v2/csv/pokemon_form_names.csv
667,756,Lamellux,lamellux,Shiinotic,shiinotic,RU,7,0,0,,0,,0,0,never_picked,https://raw.githubusercontent.com/PokeAPI/pokeapi/master/data/v2/csv/pokemon_species_names.csv;https://raw.githubusercontent.com/PokeAPI/pokeapi/master/data/v2/csv/languages.csv;https://raw.githubusercontent.com/PokeAPI/pokeapi/master/data/v2/csv/pokemon.csv;https://raw.githubusercontent.com/PokeAPI/pokeapi/master/data/v2/csv/pokemon_forms.csv;https://raw.githubusercontent.com/PokeAPI/pokeapi/master/data/v2/csv/pokemon_form_names.csv
668,881,Lecryodon,lecryodon,Arctozolt,arctozolt,RU,7,0,0,,0,,0,0,never_picked,https://raw.githubusercontent.com/PokeAPI/pokeapi/master/data/v2/csv/pokemon_species_names.csv;https://raw.githubusercontent.com/PokeAPI/pokeapi/master/data/v2/csv/languages.csv;https://raw.githubusercontent.com/PokeAPI/pokeapi/master/data/v2/csv/pokemon.csv;https://raw.githubusercontent.com/PokeAPI/pokeapi/master/data/v2/csv/pokemon_forms.csv;https://raw.githubusercontent.com/PokeAPI/pokeapi/master/data/v2/csv/pokemon_form_names.csv
669,166,Ledian,ledian,Ledian,ledian,RU,7,0,0,,0,,0,0,never_picked,https://raw.githubusercontent.com/PokeAPI/pokeapi/master/data/v2/csv/pokemon_species_names.csv;https://raw.githubusercontent.com/PokeAPI/pokeapi/master/data/v2/csv/languages.csv;https://raw.githubusercontent.com/PokeAPI/pokeapi/master/data/v2/csv/pokemon.csv;https://raw.githubusercontent.com/PokeAPI/pokeapi/master/data/v2/csv/pokemon_forms.csv;https://raw.githubusercontent.com/PokeAPI/pokeapi/master/data/v2/csv/pokemon_form_names.csv
670,870,Legios,legios,Falinks,falinks,RU,7,0,0,,0,,0,0,never_picked,https://raw.githubusercontent.com/PokeAPI/pokeapi/master/data/v2/csv/pokemon_species_names.csv;https://raw.githubusercontent.com/PokeAPI/pokeapi/master/data/v2/csv/languages.csv;https://raw.githubusercontent.com/PokeAPI/pokeapi/master/data/v2/csv/pokemon.csv;https://raw.githubusercontent.com/PokeAPI/pokeapi/master/data/v2/csv/pokemon_forms.csv;https://raw.githubusercontent.com/PokeAPI/pokeapi/master/data/v2/csv/pokemon_form_names.csv
671,289,Letarking,letarking,Slaking,slaking,RU,7,0,0,,0,,0,0,never_picked,https://raw.githubusercontent.com/PokeAPI/pokeapi/master/data/v2/csv/pokemon_species_names.csv;https://raw.githubusercontent.com/PokeAPI/pokeapi/master/data/v2/csv/languages.csv;https://raw.githubusercontent.com/PokeAPI/pokeapi/master/data/v2/csv/pokemon.csv;https://raw.githubusercontent.com/PokeAPI/pokeapi/master/data/v2/csv/pokemon_forms.csv;https://raw.githubusercontent.com/PokeAPI/pokeapi/master/data/v2/csv/pokemon_form_names.csv
672,920,Lextremo,lextremo,Lokix,lokix,RU,7,0,0,,0,,0,0,never_picked,https://raw.githubusercontent.com/PokeAPI/pokeapi/master/data/v2/csv/pokemon_species_names.csv;https://raw.githubusercontent.com/PokeAPI/pokeapi/master/data/v2/csv/languages.csv;https://raw.githubusercontent.com/PokeAPI/pokeapi/master/data/v2/csv/pokemon.csv;https://raw.githubusercontent.com/PokeAPI/pokeapi/master/data/v2/csv/pokemon_forms.csv;https://raw.githubusercontent.com/PokeAPI/pokeapi/master/data/v2/csv/pokemon_form_names.csv
673,370,Liebiskus,liebiskus,Luvdisc,luvdisc,RU,7,0,0,,0,,0,0,never_picked,https://raw.githubusercontent.com/PokeAPI/pokeapi/master/data/v2/csv/pokemon_species_names.csv;https://raw.githubusercontent.com/PokeAPI/pokeapi/master/data/v2/csv/languages.csv;https://raw.githubusercontent.com/PokeAPI/pokeapi/master/data/v2/csv/pokemon.csv;https://raw.githubusercontent.com/PokeAPI/pokeapi/master/data/v2/csv/pokemon_forms.csv;https://raw.githubusercontent.com/PokeAPI/pokeapi/master/data/v2/csv/pokemon_form_names.csv
674,457,Lumineon,lumineon,Lumineon,lumineon,RU,7,0,0,,0,,0,0,never_picked,https://raw.githubusercontent.com/PokeAPI/pokeapi/master/data/v2/csv/pokemon_species_names.csv;https://raw.githubusercontent.com/PokeAPI/pokeapi/master/data/v2/csv/languages.csv;https://raw.githubusercontent.com/PokeAPI/pokeapi/master/data/v2/csv/pokemon.csv;https://raw.githubusercontent.com/PokeAPI/pokeapi/master/data/v2/csv/pokemon_forms.csv;https://raw.githubusercontent.com/PokeAPI/pokeapi/master/data/v2/csv/pokemon_form_names.csv
675,746,Lusardin,lusardin,Wishiwashi,wishiwashi,RU,7,0,0,,0,,0,0,never_picked,https://raw.githubusercontent.com/PokeAPI/pokeapi/master/data/v2/csv/pokemon_species_names.csv;https://raw.githubusercontent.com/PokeAPI/pokeapi/master/data/v2/csv/languages.csv;https://raw.githubusercontent.com/PokeAPI/pokeapi/master/data/v2/csv/pokemon.csv;https://raw.githubusercontent.com/PokeAPI/pokeapi/master/data/v2/csv/pokemon_forms.csv;https://raw.githubusercontent.com/PokeAPI/pokeapi/master/data/v2/csv/pokemon_form_names.csv
676,219,Magcargo,magcargo,Magcargo,magcargo,RU,7,0,0,,0,,0,0,never_picked,https://raw.githubusercontent.com/PokeAPI/pokeapi/master/data/v2/csv/pokemon_species_names.csv;https://raw.githubusercontent.com/PokeAPI/pokeapi/master/data/v2/csv/languages.csv;https://raw.githubusercontent.com/PokeAPI/pokeapi/master/data/v2/csv/pokemon.csv;https://raw.githubusercontent.com/PokeAPI/pokeapi/master/data/v2/csv/pokemon_forms.csv;https://raw.githubusercontent.com/PokeAPI/pokeapi/master/data/v2/csv/pokemon_form_names.csv
677,262,Magnayen,magnayen,Mightyena,mightyena,RU,7,0,0,,0,,0,0,never_picked,https://raw.githubusercontent.com/PokeAPI/pokeapi/master/data/v2/csv/pokemon_species_names.csv;https://raw.githubusercontent.com/PokeAPI/pokeapi/master/data/v2/csv/languages.csv;https://raw.githubusercontent.com/PokeAPI/pokeapi/master/data/v2/csv/pokemon.csv;https://raw.githubusercontent.com/PokeAPI/pokeapi/master/data/v2/csv/pokemon_forms.csv;https://raw.githubusercontent.com/PokeAPI/pokeapi/master/data/v2/csv/pokemon_form_names.csv
678,735,Manguspektor,manguspektor,Gumshoos,gumshoos,RU,7,0,0,,0,,0,0,never_picked,https://raw.githubusercontent.com/PokeAPI/pokeapi/master/data/v2/csv/pokemon_species_names.csv;https://raw.githubusercontent.com/PokeAPI/pokeapi/master/data/v2/csv/languages.csv;https://raw.githubusercontent.com/PokeAPI/pokeapi/master/data/v2/csv/pokemon.csv;https://raw.githubusercontent.com/PokeAPI/pokeapi/master/data/v2/csv/pokemon_forms.csv;https://raw.githubusercontent.com/PokeAPI/pokeapi/master/data/v2/csv/pokemon_form_names.csv
679,754,Mantidea,mantidea,Lurantis,lurantis,RU,7,0,0,,0,,0,0,never_picked,https://raw.githubusercontent.com/PokeAPI/pokeapi/master/data/v2/csv/pokemon_species_names.csv;https://raw.githubusercontent.com/PokeAPI/pokeapi/master/data/v2/csv/languages.csv;https://raw.githubusercontent.com/PokeAPI/pokeapi/master/data/v2/csv/pokemon.csv;https://raw.githubusercontent.com/PokeAPI/pokeapi/master/data/v2/csv/pokemon_forms.csv;https://raw.githubusercontent.com/PokeAPI/pokeapi/master/data/v2/csv/pokemon_form_names.csv
680,556,Maracamba,maracamba,Maractus,maractus,RU,7,0,0,,0,,0,0,never_picked,https://raw.githubusercontent.com/PokeAPI/pokeapi/master/data/v2/csv/pokemon_species_names.csv;https://raw.githubusercontent.com/PokeAPI/pokeapi/master/data/v2/csv/languages.csv;https://raw.githubusercontent.com/PokeAPI/pokeapi/master/data/v2/csv/pokemon.csv;https://raw.githubusercontent.com/PokeAPI/pokeapi/master/data/v2/csv/pokemon_forms.csv;https://raw.githubusercontent.com/PokeAPI/pokeapi/master/data/v2/csv/pokemon_form_names.csv
681,826,Maritellit,maritellit,Orbeetle,orbeetle,RU,7,0,0,,0,,0,0,never_picked,https://raw.githubusercontent.com/PokeAPI/pokeapi/master/data/v2/csv/pokemon_species_names.csv;https://raw.githubusercontent.com/PokeAPI/pokeapi/master/data/v2/csv/languages.csv;https://raw.githubusercontent.com/PokeAPI/pokeapi/master/data/v2/csv/pokemon.csv;https://raw.githubusercontent.com/PokeAPI/pokeapi/master/data/v2/csv/pokemon_forms.csv;https://raw.githubusercontent.com/PokeAPI/pokeapi/master/data/v2/csv/pokemon_form_names.csv
682,943,Mastifioso,mastifioso,Mabosstiff,mabosstiff,RU,7,0,0,,0,,0,0,never_picked,https://raw.githubusercontent.com/PokeAPI/pokeapi/master/data/v2/csv/pokemon_species_names.csv;https://raw.githubusercontent.com/PokeAPI/pokeapi/master/data/v2/csv/languages.csv;https://raw.githubusercontent.com/PokeAPI/pokeapi/master/data/v2/csv/pokemon.csv;https://raw.githubusercontent.com/PokeAPI/pokeapi/master/data/v2/csv/pokemon_forms.csv;https://raw.githubusercontent.com/PokeAPI/pokeapi/master/data/v2/csv/pokemon_form_names.csv
683,323,Mega-Camerupt,megacamerupt,camerupt-mega,cameruptmega,RU,7,0,0,,0,,0,0,never_picked,https://raw.githubusercontent.com/PokeAPI/pokeapi/master/data/v2/csv/pokemon_species_names.csv;https://raw.githubusercontent.com/PokeAPI/pokeapi/master/data/v2/csv/languages.csv;https://raw.githubusercontent.com/PokeAPI/pokeapi/master/data/v2/csv/pokemon.csv;https://raw.githubusercontent.com/PokeAPI/pokeapi/master/data/v2/csv/pokemon_forms.csv;https://raw.githubusercontent.com/PokeAPI/pokeapi/master/data/v2/csv/pokemon_form_names.csv
684,229,Mega-Hundemon,megahundemon,houndoom-mega,houndoommega,RU,7,0,0,,0,,0,0,never_picked,https://raw.githubusercontent.com/PokeAPI/pokeapi/master/data/v2/csv/pokemon_species_names.csv;https://raw.githubusercontent.com/PokeAPI/pokeapi/master/data/v2/csv/languages.csv;https://raw.githubusercontent.com/PokeAPI/pokeapi/master/data/v2/csv/pokemon.csv;https://raw.githubusercontent.com/PokeAPI/pokeapi/master/data/v2/csv/pokemon_forms.csv;https://raw.githubusercontent.com/PokeAPI/pokeapi/master/data/v2/csv/pokemon_form_names.csv
685,531,Mega-Ohrdoch,megaohrdoch,audino-mega,audinomega,RU,7,0,0,,0,,0,0,never_picked,https://raw.githubusercontent.com/PokeAPI/pokeapi/master/data/v2/csv/pokemon_species_names.csv;https://raw.githubusercontent.com/PokeAPI/pokeapi/master/data/v2/csv/languages.csv;https://raw.githubusercontent.com/PokeAPI/pokeapi/master/data/v2/csv/pokemon.csv;https://raw.githubusercontent.com/PokeAPI/pokeapi/master/data/v2/csv/pokemon_forms.csv;https://raw.githubusercontent.com/PokeAPI/pokeapi/master/data/v2/csv/pokemon_form_names.csv
686,208,Mega-Stahlos,megastahlos,steelix-mega,steelixmega,RU,7,0,0,,0,,0,0,never_picked,https://raw.githubusercontent.com/PokeAPI/pokeapi/master/data/v2/csv/pokemon_species_names.csv;https://raw.githubusercontent.com/PokeAPI/pokeapi/master/data/v2/csv/languages.csv;https://raw.githubusercontent.com/PokeAPI/pokeapi/master/data/v2/csv/pokemon.csv;https://raw.githubusercontent.com/PokeAPI/pokeapi/master/data/v2/csv/pokemon_forms.csv;https://raw.githubusercontent.com/PokeAPI/pokeapi/master/data/v2/csv/pokemon_form_names.csv
687,606,Megalon,megalon,Beheeyem,beheeyem,RU,7,0,0,,0,,0,0,never_picked,https://raw.githubusercontent.com/PokeAPI/pokeapi/master/data/v2/csv/pokemon_species_names.csv;https://raw.githubusercontent.com/PokeAPI/pokeapi/master/data/v2/csv/languages.csv;https://raw.githubusercontent.com/PokeAPI/pokeapi/master/data/v2/csv/pokemon.csv;https://raw.githubusercontent.com/PokeAPI/pokeapi/master/data/v2/csv/pokemon_forms.csv;https://raw.githubusercontent.com/PokeAPI/pokeapi/master/data/v2/csv/pokemon_form_names.csv
688,154,Meganie,meganie,Meganium,meganium,RU,7,0,0,,0,,0,0,never_picked,https://raw.githubusercontent.com/PokeAPI/pokeapi/master/data/v2/csv/pokemon_species_names.csv;https://raw.githubusercontent.com/PokeAPI/pokeapi/master/data/v2/csv/languages.csv;https://raw.githubusercontent.com/PokeAPI/pokeapi/master/data/v2/csv/pokemon.csv;https://raw.githubusercontent.com/PokeAPI/pokeapi/master/data/v2/csv/pokemon_forms.csv;https://raw.githubusercontent.com/PokeAPI/pokeapi/master/data/v2/csv/pokemon_form_names.csv
689,808,Meltan,meltan,Meltan,meltan,RU,7,0,0,,0,,0,0,never_picked,https://raw.githubusercontent.com/PokeAPI/pokeapi/master/data/v2/csv/pokemon_species_names.csv;https://raw.githubusercontent.com/PokeAPI/pokeapi/master/data/v2/csv/languages.csv;https://raw.githubusercontent.com/PokeAPI/pokeapi/master/data/v2/csv/pokemon.csv;https://raw.githubusercontent.com/PokeAPI/pokeapi/master/data/v2/csv/pokemon_forms.csv;https://raw.githubusercontent.com/PokeAPI/pokeapi/master/data/v2/csv/pokemon_form_names.csv
690,774,Meteno,meteno,Minior,minior,RU,7,0,0,,0,,0,0,never_picked,https://raw.githubusercontent.com/PokeAPI/pokeapi/master/data/v2/csv/pokemon_species_names.csv;https://raw.githubusercontent.com/PokeAPI/pokeapi/master/data/v2/csv/languages.csv;https://raw.githubusercontent.com/PokeAPI/pokeapi/master/data/v2/csv/pokemon.csv;https://raw.githubusercontent.com/PokeAPI/pokeapi/master/data/v2/csv/pokemon_forms.csv;https://raw.githubusercontent.com/PokeAPI/pokeapi/master/data/v2/csv/pokemon_form_names.csv
691,312,Minun,minun,Minun,minun,RU,7,0,0,,0,,0,0,never_picked,https://raw.githubusercontent.com/PokeAPI/pokeapi/master/data/v2/csv/pokemon_species_names.csv;https://raw.githubusercontent.com/PokeAPI/pokeapi/master/data/v2/csv/languages.csv;https://raw.githubusercontent.com/PokeAPI/pokeapi/master/data/v2/csv/pokemon.csv;https://raw.githubusercontent.com/PokeAPI/pokeapi/master/data/v2/csv/pokemon_forms.csv;https://raw.githubusercontent.com/PokeAPI/pokeapi/master/data/v2/csv/pokemon_form_names.csv
692,185,Mogelbaum,mogelbaum,Sudowoodo,sudowoodo,RU,7,0,0,,0,,0,0,never_picked,https://raw.githubusercontent.com/PokeAPI/pokeapi/master/data/v2/csv/pokemon_species_names.csv;https://raw.githubusercontent.com/PokeAPI/pokeapi/master/data/v2/csv/languages.csv;https://raw.githubusercontent.com/PokeAPI/pokeapi/master/data/v2/csv/pokemon.csv;https://raw.githubusercontent.com/PokeAPI/pokeapi/master/data/v2/csv/pokemon_forms.csv;https://raw.githubusercontent.com/PokeAPI/pokeapi/master/data/v2/csv/pokemon_form_names.csv
693,414,Moterpel,moterpel,Mothim,mothim,RU,7,0,0,,0,,0,0,never_picked,https://raw.githubusercontent.com/PokeAPI/pokeapi/master/data/v2/csv/pokemon_species_names.csv;https://raw.githubusercontent.com/PokeAPI/pokeapi/master/data/v2/csv/languages.csv;https://raw.githubusercontent.com/PokeAPI/pokeapi/master/data/v2/csv/pokemon.csv;https://raw.githubusercontent.com/PokeAPI/pokeapi/master/data/v2/csv/pokemon_forms.csv;https://raw.githubusercontent.com/PokeAPI/pokeapi/master/data/v2/csv/pokemon_form_names.csv
694,978,Nigiragi,nigiragi,Tatsugiri,tatsugiri,RU,7,0,0,,0,,0,0,never_picked,https://raw.githubusercontent.com/PokeAPI/pokeapi/master/data/v2/csv/pokemon_species_names.csv;https://raw.githubusercontent.com/PokeAPI/pokeapi/master/data/v2/csv/languages.csv;https://raw.githubusercontent.com/PokeAPI/pokeapi/master/data/v2/csv/pokemon.csv;https://raw.githubusercontent.com/PokeAPI/pokeapi/master/data/v2/csv/pokemon_forms.csv;https://raw.githubusercontent.com/PokeAPI/pokeapi/master/data/v2/csv/pokemon_form_names.csv
695,292,Ninjatom,ninjatom,Shedinja,shedinja,RU,7,0,0,,0,,0,0,never_picked,https://raw.githubusercontent.com/PokeAPI/pokeapi/master/data/v2/csv/pokemon_species_names.csv;https://raw.githubusercontent.com/PokeAPI/pokeapi/master/data/v2/csv/languages.csv;https://raw.githubusercontent.com/PokeAPI/pokeapi/master/data/v2/csv/pokemon.csv;https://raw.githubusercontent.com/PokeAPI/pokeapi/master/data/v2/csv/pokemon_forms.csv;https://raw.githubusercontent.com/PokeAPI/pokeapi/master/data/v2/csv/pokemon_form_names.csv
696,224,Octillery,octillery,Octillery,octillery,RU,7,0,0,,0,,0,0,never_picked,https://raw.githubusercontent.com/PokeAPI/pokeapi/master/data/v2/csv/pokemon_species_names.csv;https://raw.githubusercontent.com/PokeAPI/pokeapi/master/data/v2/csv/languages.csv;https://raw.githubusercontent.com/PokeAPI/pokeapi/master/data/v2/csv/pokemon.csv;https://raw.githubusercontent.com/PokeAPI/pokeapi/master/data/v2/csv/pokemon_forms.csv;https://raw.githubusercontent.com/PokeAPI/pokeapi/master/data/v2/csv/pokemon_form_names.csv
697,930,Olithena,olithena,Arboliva,arboliva,RU,7,0,0,,0,,0,0,never_picked,https://raw.githubusercontent.com/PokeAPI/pokeapi/master/data/v2/csv/pokemon_species_names.csv;https://raw.githubusercontent.com/PokeAPI/pokeapi/master/data/v2/csv/languages.csv;https://raw.githubusercontent.com/PokeAPI/pokeapi/master/data/v2/csv/pokemon.csv;https://raw.githubusercontent.com/PokeAPI/pokeapi/master/data/v2/csv/pokemon_forms.csv;https://raw.githubusercontent.com/PokeAPI/pokeapi/master/data/v2/csv/pokemon_form_names.csv
698,417,Pachirisu,pachirisu,Pachirisu,pachirisu,RU,7,0,0,,0,,0,0,never_picked,https://raw.githubusercontent.com/PokeAPI/pokeapi/master/data/v2/csv/pokemon_species_names.csv;https://raw.githubusercontent.com/PokeAPI/pokeapi/master/data/v2/csv/languages.csv;https://raw.githubusercontent.com/PokeAPI/pokeapi/master/data/v2/csv/pokemon.csv;https://raw.githubusercontent.com/PokeAPI/pokeapi/master/data/v2/csv/pokemon_forms.csv;https://raw.githubusercontent.com/PokeAPI/pokeapi/master/data/v2/csv/pokemon_form_names.csv
699,358,Palimpalim,palimpalim,Chimecho,chimecho,RU,7,0,0,,0,,0,0,never_picked,https://raw.githubusercontent.com/PokeAPI/pokeapi/master/data/v2/csv/pokemon_species_names.csv;https://raw.githubusercontent.com/PokeAPI/pokeapi/master/data/v2/csv/languages.csv;https://raw.githubusercontent.com/PokeAPI/pokeapi/master/data/v2/csv/pokemon.csv;https://raw.githubusercontent.com/PokeAPI/pokeapi/master/data/v2/csv/pokemon_forms.csv;https://raw.githubusercontent.com/PokeAPI/pokeapi/master/data/v2/csv/pokemon_form_names.csv
700,327,Pandir,pandir,Spinda,spinda,RU,7,0,0,,0,,0,0,never_picked,https://raw.githubusercontent.com/PokeAPI/pokeapi/master/data/v2/csv/pokemon_species_names.csv;https://raw.githubusercontent.com/PokeAPI/pokeapi/master/data/v2/csv/languages.csv;https://raw.githubusercontent.com/PokeAPI/pokeapi/master/data/v2/csv/pokemon.csv;https://raw.githubusercontent.com/PokeAPI/pokeapi/master/data/v2/csv/pokemon_forms.csv;https://raw.githubusercontent.com/PokeAPI/pokeapi/master/data/v2/csv/pokemon_form_names.csv
701,866,Pantifrost,pantifrost,Mr. Rime,mrrime,RU,7,0,0,,0,,0,0,never_picked,https://raw.githubusercontent.com/PokeAPI/pokeapi/master/data/v2/csv/pokemon_species_names.csv;https://raw.githubusercontent.com/PokeAPI/pokeapi/master/data/v2/csv/languages.csv;https://raw.githubusercontent.com/PokeAPI/pokeapi/master/data/v2/csv/pokemon.csv;https://raw.githubusercontent.com/PokeAPI/pokeapi/master/data/v2/csv/pokemon_forms.csv;https://raw.githubusercontent.com/PokeAPI/pokeapi/master/data/v2/csv/pokemon_form_names.csv
702,267,Papinella,papinella,Beautifly,beautifly,RU,7,0,0,,0,,0,0,never_picked,https://raw.githubusercontent.com/PokeAPI/pokeapi/master/data/v2/csv/pokemon_species_names.csv;https://raw.githubusercontent.com/PokeAPI/pokeapi/master/data/v2/csv/languages.csv;https://raw.githubusercontent.com/PokeAPI/pokeapi/master/data/v2/csv/pokemon.csv;https://raw.githubusercontent.com/PokeAPI/pokeapi/master/data/v2/csv/pokemon_forms.csv;https://raw.githubusercontent.com/PokeAPI/pokeapi/master/data/v2/csv/pokemon_form_names.csv
703,189,Papungha,papungha,Jumpluff,jumpluff,RU,7,0,0,,0,,0,0,never_picked,https://raw.githubusercontent.com/PokeAPI/pokeapi/master/data/v2/csv/pokemon_species_names.csv;https://raw.githubusercontent.com/PokeAPI/pokeapi/master/data/v2/csv/languages.csv;https://raw.githubusercontent.com/PokeAPI/pokeapi/master/data/v2/csv/pokemon.csv;https://raw.githubusercontent.com/PokeAPI/pokeapi/master/data/v2/csv/pokemon_forms.csv;https://raw.githubusercontent.com/PokeAPI/pokeapi/master/data/v2/csv/pokemon_form_names.csv
704,47,Parasek,parasek,Parasect,parasect,RU,7,0,0,,0,,0,0,never_picked,https://raw.githubusercontent.com/PokeAPI/pokeapi/master/data/v2/csv/pokemon_species_names.csv;https://raw.githubusercontent.com/PokeAPI/pokeapi/master/data/v2/csv/languages.csv;https://raw.githubusercontent.com/PokeAPI/pokeapi/master/data/v2/csv/pokemon.csv;https://raw.githubusercontent.com/PokeAPI/pokeapi/master/data/v2/csv/pokemon_forms.csv;https://raw.githubusercontent.com/PokeAPI/pokeapi/master/data/v2/csv/pokemon_form_names.csv
705,879,Patinaraja,patinaraja,Copperajah,copperajah,RU,7,0,0,,0,,0,0,never_picked,https://raw.githubusercontent.com/PokeAPI/pokeapi/master/data/v2/csv/pokemon_species_names.csv;https://raw.githubusercontent.com/PokeAPI/pokeapi/master/data/v2/csv/languages.csv;https://raw.githubusercontent.com/PokeAPI/pokeapi/master/data/v2/csv/pokemon.csv;https://raw.githubusercontent.com/PokeAPI/pokeapi/master/data/v2/csv/pokemon_forms.csv;https://raw.githubusercontent.com/PokeAPI/pokeapi/master/data/v2/csv/pokemon_form_names.csv
706,489,Phione,phione,Phione,phione,RU,7,0,0,,0,,0,0,never_picked,https://raw.githubusercontent.com/PokeAPI/pokeapi/master/data/v2/csv/pokemon_species_names.csv;https://raw.githubusercontent.com/PokeAPI/pokeapi/master/data/v2/csv/languages.csv;https://raw.githubusercontent.com/PokeAPI/pokeapi/master/data/v2/csv/pokemon.csv;https://raw.githubusercontent.com/PokeAPI/pokeapi/master/data/v2/csv/pokemon_forms.csv;https://raw.githubusercontent.com/PokeAPI/pokeapi/master/data/v2/csv/pokemon_form_names.csv
707,25,Pikachu,pikachu,Pikachu,pikachu,RU,7,0,0,,0,,0,0,never_picked,https://raw.githubusercontent.com/PokeAPI/pokeapi/master/data/v2/csv/pokemon_species_names.csv;https://raw.githubusercontent.com/PokeAPI/pokeapi/master/data/v2/csv/languages.csv;https://raw.githubusercontent.com/PokeAPI/pokeapi/master/data/v2/csv/pokemon.csv;https://raw.githubusercontent.com/PokeAPI/pokeapi/master/data/v2/csv/pokemon_forms.csv;https://raw.githubusercontent.com/PokeAPI/pokeapi/master/data/v2/csv/pokemon_form_names.csv
708,441,Plaudagei,plaudagei,Chatot,chatot,RU,7,0,0,,0,,0,0,never_picked,https://raw.githubusercontent.com/PokeAPI/pokeapi/master/data/v2/csv/pokemon_species_names.csv;https://raw.githubusercontent.com/PokeAPI/pokeapi/master/data/v2/csv/languages.csv;https://raw.githubusercontent.com/PokeAPI/pokeapi/master/data/v2/csv/pokemon.csv;https://raw.githubusercontent.com/PokeAPI/pokeapi/master/data/v2/csv/pokemon_forms.csv;https://raw.githubusercontent.com/PokeAPI/pokeapi/master/data/v2/csv/pokemon_form_names.csv
709,311,Plusle,plusle,Plusle,plusle,RU,7,0,0,,0,,0,0,never_picked,https://raw.githubusercontent.com/PokeAPI/pokeapi/master/data/v2/csv/pokemon_species_names.csv;https://raw.githubusercontent.com/PokeAPI/pokeapi/master/data/v2/csv/languages.csv;https://raw.githubusercontent.com/PokeAPI/pokeapi/master/data/v2/csv/pokemon.csv;https://raw.githubusercontent.com/PokeAPI/pokeapi/master/data/v2/csv/pokemon_forms.csv;https://raw.githubusercontent.com/PokeAPI/pokeapi/master/data/v2/csv/pokemon_form_names.csv
710,83,Porenta,porenta,Farfetch’d,farfetchd,RU,7,0,0,,0,,0,0,never_picked,https://raw.githubusercontent.com/PokeAPI/pokeapi/master/data/v2/csv/pokemon_species_names.csv;https://raw.githubusercontent.com/PokeAPI/pokeapi/master/data/v2/csv/languages.csv;https://raw.githubusercontent.com/PokeAPI/pokeapi/master/data/v2/csv/pokemon.csv;https://raw.githubusercontent.com/PokeAPI/pokeapi/master/data/v2/csv/pokemon_forms.csv;https://raw.githubusercontent.com/PokeAPI/pokeapi/master/data/v2/csv/pokemon_form_names.csv
711,269,Pudox,pudox,Dustox,dustox,RU,7,0,0,,0,,0,0,never_picked,https://raw.githubusercontent.com/PokeAPI/pokeapi/master/data/v2/csv/pokemon_species_names.csv;https://raw.githubusercontent.com/PokeAPI/pokeapi/master/data/v2/csv/languages.csv;https://raw.githubusercontent.com/PokeAPI/pokeapi/master/data/v2/csv/pokemon.csv;https://raw.githubusercontent.com/PokeAPI/pokeapi/master/data/v2/csv/pokemon_forms.csv;https://raw.githubusercontent.com/PokeAPI/pokeapi/master/data/v2/csv/pokemon_form_names.csv
712,711,Pumpdjinn,pumpdjinn,Gourgeist,gourgeist,RU,7,0,0,,0,,0,0,never_picked,https://raw.githubusercontent.com/PokeAPI/pokeapi/master/data/v2/csv/pokemon_species_names.csv;https://raw.githubusercontent.com/PokeAPI/pokeapi/master/data/v2/csv/languages.csv;https://raw.githubusercontent.com/PokeAPI/pokeapi/master/data/v2/csv/pokemon.csv;https://raw.githubusercontent.com/PokeAPI/pokeapi/master/data/v2/csv/pokemon_forms.csv;https://raw.githubusercontent.com/PokeAPI/pokeapi/master/data/v2/csv/pokemon_form_names.csv
713,20,Rattikarl,rattikarl,Raticate,raticate,RU,7,0,0,,0,,0,0,never_picked,https://raw.githubusercontent.com/PokeAPI/pokeapi/master/data/v2/csv/pokemon_species_names.csv;https://raw.githubusercontent.com/PokeAPI/pokeapi/master/data/v2/csv/languages.csv;https://raw.githubusercontent.com/PokeAPI/pokeapi/master/data/v2/csv/pokemon.csv;https://raw.githubusercontent.com/PokeAPI/pokeapi/master/data/v2/csv/pokemon_forms.csv;https://raw.githubusercontent.com/PokeAPI/pokeapi/master/data/v2/csv/pokemon_form_names.csv
714,378,Regice,regice,Regice,regice,RU,7,0,0,,0,,0,0,never_picked,https://raw.githubusercontent.com/PokeAPI/pokeapi/master/data/v2/csv/pokemon_species_names.csv;https://raw.githubusercontent.com/PokeAPI/pokeapi/master/data/v2/csv/languages.csv;https://raw.githubusercontent.com/PokeAPI/pokeapi/master/data/v2/csv/pokemon.csv;https://raw.githubusercontent.com/PokeAPI/pokeapi/master/data/v2/csv/pokemon_forms.csv;https://raw.githubusercontent.com/PokeAPI/pokeapi/master/data/v2/csv/pokemon_form_names.csv
715,895,Regidrago,regidrago,Regidrago,regidrago,RU,7,0,0,,0,,0,0,never_picked,https://raw.githubusercontent.com/PokeAPI/pokeapi/master/data/v2/csv/pokemon_species_names.csv;https://raw.githubusercontent.com/PokeAPI/pokeapi/master/data/v2/csv/languages.csv;https://raw.githubusercontent.com/PokeAPI/pokeapi/master/data/v2/csv/pokemon.csv;https://raw.githubusercontent.com/PokeAPI/pokeapi/master/data/v2/csv/pokemon_forms.csv;https://raw.githubusercontent.com/PokeAPI/pokeapi/master/data/v2/csv/pokemon_form_names.csv
716,369,Relicanth,relicanth,Relicanth,relicanth,RU,7,0,0,,0,,0,0,never_picked,https://raw.githubusercontent.com/PokeAPI/pokeapi/master/data/v2/csv/pokemon_species_names.csv;https://raw.githubusercontent.com/PokeAPI/pokeapi/master/data/v2/csv/languages.csv;https://raw.githubusercontent.com/PokeAPI/pokeapi/master/data/v2/csv/pokemon.csv;https://raw.githubusercontent.com/PokeAPI/pokeapi/master/data/v2/csv/pokemon_forms.csv;https://raw.githubusercontent.com/PokeAPI/pokeapi/master/data/v2/csv/pokemon_form_names.csv
717,460,Rexblisar,rexblisar,Abomasnow,abomasnow,RU,7,0,0,,0,,0,0,never_picked,https://raw.githubusercontent.com/PokeAPI/pokeapi/master/data/v2/csv/pokemon_species_names.csv;https://raw.githubusercontent.com/PokeAPI/pokeapi/master/data/v2/csv/languages.csv;https://raw.githubusercontent.com/PokeAPI/pokeapi/master/data/v2/csv/pokemon.csv;https://raw.githubusercontent.com/PokeAPI/pokeapi/master/data/v2/csv/pokemon_forms.csv;https://raw.githubusercontent.com/PokeAPI/pokeapi/master/data/v2/csv/pokemon_form_names.csv
718,703,Rocara,rocara,Carbink,carbink,RU,7,0,0,,0,,0,0,never_picked,https://raw.githubusercontent.com/PokeAPI/pokeapi/master/data/v2/csv/pokemon_species_names.csv;https://raw.githubusercontent.com/PokeAPI/pokeapi/master/data/v2/csv/languages.csv;https://raw.githubusercontent.com/PokeAPI/pokeapi/master/data/v2/csv/pokemon.csv;https://raw.githubusercontent.com/PokeAPI/pokeapi/master/data/v2/csv/pokemon_forms.csv;https://raw.githubusercontent.com/PokeAPI/pokeapi/master/data/v2/csv/pokemon_form_names.csv
719,368,Saganabyss,saganabyss,Gorebyss,gorebyss,RU,7,0,0,,0,,0,0,never_picked,https://raw.githubusercontent.com/PokeAPI/pokeapi/master/data/v2/csv/pokemon_species_names.csv;https://raw.githubusercontent.com/PokeAPI/pokeapi/master/data/v2/csv/languages.csv;https://raw.githubusercontent.com/PokeAPI/pokeapi/master/data/v2/csv/pokemon.csv;https://raw.githubusercontent.com/PokeAPI/pokeapi/master/data/v2/csv/pokemon_forms.csv;https://raw.githubusercontent.com/PokeAPI/pokeapi/master/data/v2/csv/pokemon_form_names.csv
720,902,Salmagnis,salmagnis,Basculegion,basculegion,RU,7,0,0,,0,,0,0,never_picked,https://raw.githubusercontent.com/PokeAPI/pokeapi/master/data/v2/csv/pokemon_species_names.csv;https://raw.githubusercontent.com/PokeAPI/pokeapi/master/data/v2/csv/languages.csv;https://raw.githubusercontent.com/PokeAPI/pokeapi/master/data/v2/csv/pokemon.csv;https://raw.githubusercontent.com/PokeAPI/pokeapi/master/data/v2/csv/pokemon_forms.csv;https://raw.githubusercontent.com/PokeAPI/pokeapi/master/data/v2/csv/pokemon_form_names.csv
721,934,Saltigant,saltigant,Garganacl,garganacl,RU,7,0,0,,0,,0,0,never_picked,https://raw.githubusercontent.com/PokeAPI/pokeapi/master/data/v2/csv/pokemon_species_names.csv;https://raw.githubusercontent.com/PokeAPI/pokeapi/master/data/v2/csv/languages.csv;https://raw.githubusercontent.com/PokeAPI/pokeapi/master/data/v2/csv/pokemon.csv;https://raw.githubusercontent.com/PokeAPI/pokeapi/master/data/v2/csv/pokemon_forms.csv;https://raw.githubusercontent.com/PokeAPI/pokeapi/master/data/v2/csv/pokemon_form_names.csv
722,842,Schlapfel,schlapfel,Appletun,appletun,RU,7,0,0,,0,,0,0,never_picked,https://raw.githubusercontent.com/PokeAPI/pokeapi/master/data/v2/csv/pokemon_species_names.csv;https://raw.githubusercontent.com/PokeAPI/pokeapi/master/data/v2/csv/languages.csv;https://raw.githubusercontent.com/PokeAPI/pokeapi/master/data/v2/csv/pokemon.csv;https://raw.githubusercontent.com/PokeAPI/pokeapi/master/data/v2/csv/pokemon_forms.csv;https://raw.githubusercontent.com/PokeAPI/pokeapi/master/data/v2/csv/pokemon_form_names.csv
723,428,Schlapor,schlapor,Lopunny,lopunny,RU,7,0,0,,0,,0,0,never_picked,https://raw.githubusercontent.com/PokeAPI/pokeapi/master/data/v2/csv/pokemon_species_names.csv;https://raw.githubusercontent.com/PokeAPI/pokeapi/master/data/v2/csv/languages.csv;https://raw.githubusercontent.com/PokeAPI/pokeapi/master/data/v2/csv/pokemon.csv;https://raw.githubusercontent.com/PokeAPI/pokeapi/master/data/v2/csv/pokemon_forms.csv;https://raw.githubusercontent.com/PokeAPI/pokeapi/master/data/v2/csv/pokemon_form_names.csv
724,961,Schligdri,schligdri,Wugtrio,wugtrio,RU,7,0,0,,0,,0,0,never_picked,https://raw.githubusercontent.com/PokeAPI/pokeapi/master/data/v2/csv/pokemon_species_names.csv;https://raw.githubusercontent.com/PokeAPI/pokeapi/master/data/v2/csv/languages.csv;https://raw.githubusercontent.com/PokeAPI/pokeapi/master/data/v2/csv/pokemon.csv;https://raw.githubusercontent.com/PokeAPI/pokeapi/master/data/v2/csv/pokemon_forms.csv;https://raw.githubusercontent.com/PokeAPI/pokeapi/master/data/v2/csv/pokemon_form_names.csv
725,799,Schlingking,schlingking,Guzzlord,guzzlord,RU,7,0,0,,0,,0,0,never_picked,https://raw.githubusercontent.com/PokeAPI/pokeapi/master/data/v2/csv/pokemon_species_names.csv;https://raw.githubusercontent.com/PokeAPI/pokeapi/master/data/v2/csv/languages.csv;https://raw.githubusercontent.com/PokeAPI/pokeapi/master/data/v2/csv/pokemon.csv;https://raw.githubusercontent.com/PokeAPI/pokeapi/master/data/v2/csv/pokemon_forms.csv;https://raw.githubusercontent.com/PokeAPI/pokeapi/master/data/v2/csv/pokemon_form_names.csv
726,317,Schlukwech,schlukwech,Swalot,swalot,RU,7,0,0,,0,,0,0,never_picked,https://raw.githubusercontent.com/PokeAPI/pokeapi/master/data/v2/csv/pokemon_species_names.csv;https://raw.githubusercontent.com/PokeAPI/pokeapi/master/data/v2/csv/languages.csv;https://raw.githubusercontent.com/PokeAPI/pokeapi/master/data/v2/csv/pokemon.csv;https://raw.githubusercontent.com/PokeAPI/pokeapi/master/data/v2/csv/pokemon_forms.csv;https://raw.githubusercontent.com/PokeAPI/pokeapi/master/data/v2/csv/pokemon_form_names.csv
727,614,Siberio,siberio,Beartic,beartic,RU,7,0,0,,0,,0,0,never_picked,https://raw.githubusercontent.com/PokeAPI/pokeapi/master/data/v2/csv/pokemon_species_names.csv;https://raw.githubusercontent.com/PokeAPI/pokeapi/master/data/v2/csv/languages.csv;https://raw.githubusercontent.com/PokeAPI/pokeapi/master/data/v2/csv/pokemon.csv;https://raw.githubusercontent.com/PokeAPI/pokeapi/master/data/v2/csv/pokemon_forms.csv;https://raw.githubusercontent.com/PokeAPI/pokeapi/master/data/v2/csv/pokemon_form_names.csv
728,954,Skarabaks,skarabaks,Rabsca,rabsca,RU,7,0,0,,0,,0,0,never_picked,https://raw.githubusercontent.com/PokeAPI/pokeapi/master/data/v2/csv/pokemon_species_names.csv;https://raw.githubusercontent.com/PokeAPI/pokeapi/master/data/v2/csv/languages.csv;https://raw.githubusercontent.com/PokeAPI/pokeapi/master/data/v2/csv/pokemon.csv;https://raw.githubusercontent.com/PokeAPI/pokeapi/master/data/v2/csv/pokemon_forms.csv;https://raw.githubusercontent.com/PokeAPI/pokeapi/master/data/v2/csv/pokemon_form_names.csv
729,911,Skelokrok,skelokrok,Skeledirge,skeledirge,RU,7,0,0,,0,,0,0,never_picked,https://raw.githubusercontent.com/PokeAPI/pokeapi/master/data/v2/csv/pokemon_species_names.csv;https://raw.githubusercontent.com/PokeAPI/pokeapi/master/data/v2/csv/languages.csv;https://raw.githubusercontent.com/PokeAPI/pokeapi/master/data/v2/csv/pokemon.csv;https://raw.githubusercontent.com/PokeAPI/pokeapi/master/data/v2/csv/pokemon_forms.csv;https://raw.githubusercontent.com/PokeAPI/pokeapi/master/data/v2/csv/pokemon_form_names.csv
730,89,Sleimok,sleimok,Muk,muk,RU,7,0,0,,0,,0,0,never_picked,https://raw.githubusercontent.com/PokeAPI/pokeapi/master/data/v2/csv/pokemon_species_names.csv;https://raw.githubusercontent.com/PokeAPI/pokeapi/master/data/v2/csv/languages.csv;https://raw.githubusercontent.com/PokeAPI/pokeapi/master/data/v2/csv/pokemon.csv;https://raw.githubusercontent.com/PokeAPI/pokeapi/master/data/v2/csv/pokemon_forms.csv;https://raw.githubusercontent.com/PokeAPI/pokeapi/master/data/v2/csv/pokemon_form_names.csv
731,53,Snobilikat,snobilikat,Persian,persian,RU,7,0,0,,0,,0,0,never_picked,https://raw.githubusercontent.com/PokeAPI/pokeapi/master/data/v2/csv/pokemon_species_names.csv;https://raw.githubusercontent.com/PokeAPI/pokeapi/master/data/v2/csv/languages.csv;https://raw.githubusercontent.com/PokeAPI/pokeapi/master/data/v2/csv/pokemon.csv;https://raw.githubusercontent.com/PokeAPI/pokeapi/master/data/v2/csv/pokemon_forms.csv;https://raw.githubusercontent.com/PokeAPI/pokeapi/master/data/v2/csv/pokemon_form_names.csv
732,516,Sodachita,sodachita,Simipour,simipour,RU,7,0,0,,0,,0,0,never_picked,https://raw.githubusercontent.com/PokeAPI/pokeapi/master/data/v2/csv/pokemon_species_names.csv;https://raw.githubusercontent.com/PokeAPI/pokeapi/master/data/v2/csv/languages.csv;https://raw.githubusercontent.com/PokeAPI/pokeapi/master/data/v2/csv/pokemon.csv;https://raw.githubusercontent.com/PokeAPI/pokeapi/master/data/v2/csv/pokemon_forms.csv;https://raw.githubusercontent.com/PokeAPI/pokeapi/master/data/v2/csv/pokemon_form_names.csv
733,192,Sonnflora,sonnflora,Sunflora,sunflora,RU,7,0,0,,0,,0,0,never_picked,https://raw.githubusercontent.com/PokeAPI/pokeapi/master/data/v2/csv/pokemon_species_names.csv;https://raw.githubusercontent.com/PokeAPI/pokeapi/master/data/v2/csv/languages.csv;https://raw.githubusercontent.com/PokeAPI/pokeapi/master/data/v2/csv/pokemon.csv;https://raw.githubusercontent.com/PokeAPI/pokeapi/master/data/v2/csv/pokemon_forms.csv;https://raw.githubusercontent.com/PokeAPI/pokeapi/master/data/v2/csv/pokemon_form_names.csv
734,918,Spinsidias,spinsidias,Spidops,spidops,RU,7,0,0,,0,,0,0,never_picked,https://raw.githubusercontent.com/PokeAPI/pokeapi/master/data/v2/csv/pokemon_species_names.csv;https://raw.githubusercontent.com/PokeAPI/pokeapi/master/data/v2/csv/languages.csv;https://raw.githubusercontent.com/PokeAPI/pokeapi/master/data/v2/csv/pokemon.csv;https://raw.githubusercontent.com/PokeAPI/pokeapi/master/data/v2/csv/pokemon_forms.csv;https://raw.githubusercontent.com/PokeAPI/pokeapi/master/data/v2/csv/pokemon_form_names.csv
735,306,Stolloss,stolloss,Aggron,aggron,RU,7,0,0,,0,,0,0,never_picked,https://raw.githubusercontent.com/PokeAPI/pokeapi/master/data/v2/csv/pokemon_species_names.csv;https://raw.githubusercontent.com/PokeAPI/pokeapi/master/data/v2/csv/languages.csv;https://raw.githubusercontent.com/PokeAPI/pokeapi/master/data/v2/csv/pokemon.csv;https://raw.githubusercontent.com/PokeAPI/pokeapi/master/data/v2/csv/pokemon_forms.csv;https://raw.githubusercontent.com/PokeAPI/pokeapi/master/data/v2/csv/pokemon_form_names.csv
736,581,Swaroness,swaroness,Swanna,swanna,RU,7,0,0,,0,,0,0,never_picked,https://raw.githubusercontent.com/PokeAPI/pokeapi/master/data/v2/csv/pokemon_species_names.csv;https://raw.githubusercontent.com/PokeAPI/pokeapi/master/data/v2/csv/languages.csv;https://raw.githubusercontent.com/PokeAPI/pokeapi/master/data/v2/csv/pokemon.csv;https://raw.githubusercontent.com/PokeAPI/pokeapi/master/data/v2/csv/pokemon_forms.csv;https://raw.githubusercontent.com/PokeAPI/pokeapi/master/data/v2/csv/pokemon_form_names.csv
737,18,Tauboss,tauboss,Pidgeot,pidgeot,RU,7,0,0,,0,,0,0,never_picked,https://raw.githubusercontent.com/PokeAPI/pokeapi/master/data/v2/csv/pokemon_species_names.csv;https://raw.githubusercontent.com/PokeAPI/pokeapi/master/data/v2/csv/languages.csv;https://raw.githubusercontent.com/PokeAPI/pokeapi/master/data/v2/csv/pokemon.csv;https://raw.githubusercontent.com/PokeAPI/pokeapi/master/data/v2/csv/pokemon_forms.csv;https://raw.githubusercontent.com/PokeAPI/pokeapi/master/data/v2/csv/pokemon_form_names.csv
738,357,Tropius,tropius,Tropius,tropius,RU,7,0,0,,0,,0,0,never_picked,https://raw.githubusercontent.com/PokeAPI/pokeapi/master/data/v2/csv/pokemon_species_names.csv;https://raw.githubusercontent.com/PokeAPI/pokeapi/master/data/v2/csv/languages.csv;https://raw.githubusercontent.com/PokeAPI/pokeapi/master/data/v2/csv/pokemon.csv;https://raw.githubusercontent.com/PokeAPI/pokeapi/master/data/v2/csv/pokemon_forms.csv;https://raw.githubusercontent.com/PokeAPI/pokeapi/master/data/v2/csv/pokemon_form_names.csv
739,733,Tukanon,tukanon,Toucannon,toucannon,RU,7,0,0,,0,,0,0,never_picked,https://raw.githubusercontent.com/PokeAPI/pokeapi/master/data/v2/csv/pokemon_species_names.csv;https://raw.githubusercontent.com/PokeAPI/pokeapi/master/data/v2/csv/languages.csv;https://raw.githubusercontent.com/PokeAPI/pokeapi/master/data/v2/csv/pokemon.csv;https://raw.githubusercontent.com/PokeAPI/pokeapi/master/data/v2/csv/pokemon_forms.csv;https://raw.githubusercontent.com/PokeAPI/pokeapi/master/data/v2/csv/pokemon_form_names.csv
740,845,Urgl,urgl,Cramorant,cramorant,RU,7,0,0,,0,,0,0,never_picked,https://raw.githubusercontent.com/PokeAPI/pokeapi/master/data/v2/csv/pokemon_species_names.csv;https://raw.githubusercontent.com/PokeAPI/pokeapi/master/data/v2/csv/languages.csv;https://raw.githubusercontent.com/PokeAPI/pokeapi/master/data/v2/csv/pokemon.csv;https://raw.githubusercontent.com/PokeAPI/pokeapi/master/data/v2/csv/pokemon_forms.csv;https://raw.githubusercontent.com/PokeAPI/pokeapi/master/data/v2/csv/pokemon_form_names.csv
741,512,Vegichita,vegichita,Simisage,simisage,RU,7,0,0,,0,,0,0,never_picked,https://raw.githubusercontent.com/PokeAPI/pokeapi/master/data/v2/csv/pokemon_species_names.csv;https://raw.githubusercontent.com/PokeAPI/pokeapi/master/data/v2/csv/languages.csv;https://raw.githubusercontent.com/PokeAPI/pokeapi/master/data/v2/csv/pokemon.csv;https://raw.githubusercontent.com/PokeAPI/pokeapi/master/data/v2/csv/pokemon_forms.csv;https://raw.githubusercontent.com/PokeAPI/pokeapi/master/data/v2/csv/pokemon_form_names.csv
742,455,Venuflibis,venuflibis,Carnivine,carnivine,RU,7,0,0,,0,,0,0,never_picked,https://raw.githubusercontent.com/PokeAPI/pokeapi/master/data/v2/csv/pokemon_species_names.csv;https://raw.githubusercontent.com/PokeAPI/pokeapi/master/data/v2/csv/languages.csv;https://raw.githubusercontent.com/PokeAPI/pokeapi/master/data/v2/csv/pokemon.csv;https://raw.githubusercontent.com/PokeAPI/pokeapi/master/data/v2/csv/pokemon_forms.csv;https://raw.githubusercontent.com/PokeAPI/pokeapi/master/data/v2/csv/pokemon_form_names.csv
743,336,Vipitis,vipitis,Seviper,seviper,RU,7,0,0,,0,,0,0,never_picked,https://raw.githubusercontent.com/PokeAPI/pokeapi/master/data/v2/csv/pokemon_species_names.csv;https://raw.githubusercontent.com/PokeAPI/pokeapi/master/data/v2/csv/languages.csv;https://raw.githubusercontent.com/PokeAPI/pokeapi/master/data/v2/csv/pokemon.csv;https://raw.githubusercontent.com/PokeAPI/pokeapi/master/data/v2/csv/pokemon_forms.csv;https://raw.githubusercontent.com/PokeAPI/pokeapi/master/data/v2/csv/pokemon_form_names.csv
744,666,Vivillon,vivillon,Vivillon,vivillon,RU,7,0,0,,0,,0,0,never_picked,https://raw.githubusercontent.com/PokeAPI/pokeapi/master/data/v2/csv/pokemon_species_names.csv;https://raw.githubusercontent.com/PokeAPI/pokeapi/master/data/v2/csv/languages.csv;https://raw.githubusercontent.com/PokeAPI/pokeapi/master/data/v2/csv/pokemon.csv;https://raw.githubusercontent.com/PokeAPI/pokeapi/master/data/v2/csv/pokemon_forms.csv;https://raw.githubusercontent.com/PokeAPI/pokeapi/master/data/v2/csv/pokemon_form_names.csv
745,313,Volbeat,volbeat,Volbeat,volbeat,RU,7,0,0,,0,,0,0,never_picked,https://raw.githubusercontent.com/PokeAPI/pokeapi/master/data/v2/csv/pokemon_species_names.csv;https://raw.githubusercontent.com/PokeAPI/pokeapi/master/data/v2/csv/languages.csv;https://raw.githubusercontent.com/PokeAPI/pokeapi/master/data/v2/csv/pokemon.csv;https://raw.githubusercontent.com/PokeAPI/pokeapi/master/data/v2/csv/pokemon_forms.csv;https://raw.githubusercontent.com/PokeAPI/pokeapi/master/data/v2/csv/pokemon_form_names.csv
746,321,Wailord,wailord,Wailord,wailord,RU,7,0,0,,0,,0,0,never_picked,https://raw.githubusercontent.com/PokeAPI/pokeapi/master/data/v2/csv/pokemon_species_names.csv;https://raw.githubusercontent.com/PokeAPI/pokeapi/master/data/v2/csv/languages.csv;https://raw.githubusercontent.com/PokeAPI/pokeapi/master/data/v2/csv/pokemon.csv;https://raw.githubusercontent.com/PokeAPI/pokeapi/master/data/v2/csv/pokemon_forms.csv;https://raw.githubusercontent.com/PokeAPI/pokeapi/master/data/v2/csv/pokemon_form_names.csv
747,365,Walraisa,walraisa,Walrein,walrein,RU,7,0,0,,0,,0,0,never_picked,https://raw.githubusercontent.com/PokeAPI/pokeapi/master/data/v2/csv/pokemon_species_names.csv;https://raw.githubusercontent.com/PokeAPI/pokeapi/master/data/v2/csv/languages.csv;https://raw.githubusercontent.com/PokeAPI/pokeapi/master/data/v2/csv/pokemon.csv;https://raw.githubusercontent.com/PokeAPI/pokeapi/master/data/v2/csv/pokemon_forms.csv;https://raw.githubusercontent.com/PokeAPI/pokeapi/master/data/v2/csv/pokemon_form_names.csv
748,340,Welsar,welsar,Whiscash,whiscash,RU,7,0,0,,0,,0,0,never_picked,https://raw.githubusercontent.com/PokeAPI/pokeapi/master/data/v2/csv/pokemon_species_names.csv;https://raw.githubusercontent.com/PokeAPI/pokeapi/master/data/v2/csv/languages.csv;https://raw.githubusercontent.com/PokeAPI/pokeapi/master/data/v2/csv/pokemon.csv;https://raw.githubusercontent.com/PokeAPI/pokeapi/master/data/v2/csv/pokemon_forms.csv;https://raw.githubusercontent.com/PokeAPI/pokeapi/master/data/v2/csv/pokemon_form_names.csv
749,346,Wielie,wielie,Cradily,cradily,RU,7,0,0,,0,,0,0,never_picked,https://raw.githubusercontent.com/PokeAPI/pokeapi/master/data/v2/csv/pokemon_species_names.csv;https://raw.githubusercontent.com/PokeAPI/pokeapi/master/data/v2/csv/languages.csv;https://raw.githubusercontent.com/PokeAPI/pokeapi/master/data/v2/csv/pokemon.csv;https://raw.githubusercontent.com/PokeAPI/pokeapi/master/data/v2/csv/pokemon_forms.csv;https://raw.githubusercontent.com/PokeAPI/pokeapi/master/data/v2/csv/pokemon_form_names.csv
750,162,Wiesenior,wiesenior,Furret,furret,RU,7,0,0,,0,,0,0,never_picked,https://raw.githubusercontent.com/PokeAPI/pokeapi/master/data/v2/csv/pokemon_species_names.csv;https://raw.githubusercontent.com/PokeAPI/pokeapi/master/data/v2/csv/languages.csv;https://raw.githubusercontent.com/PokeAPI/pokeapi/master/data/v2/csv/pokemon.csv;https://raw.githubusercontent.com/PokeAPI/pokeapi/master/data/v2/csv/pokemon_forms.csv;https://raw.githubusercontent.com/PokeAPI/pokeapi/master/data/v2/csv/pokemon_form_names.csv
751,479,Wirbel-Rotom,wirbelrotom,rotom-fan,rotomfan,RU,7,0,0,,0,,0,0,never_picked,https://raw.githubusercontent.com/PokeAPI/pokeapi/master/data/v2/csv/pokemon_species_names.csv;https://raw.githubusercontent.com/PokeAPI/pokeapi/master/data/v2/csv/languages.csv;https://raw.githubusercontent.com/PokeAPI/pokeapi/master/data/v2/csv/pokemon.csv;https://raw.githubusercontent.com/PokeAPI/pokeapi/master/data/v2/csv/pokemon_forms.csv;https://raw.githubusercontent.com/PokeAPI/pokeapi/master/data/v2/csv/pokemon_form_names.csv
752,202,Woingenau,woingenau,Wobbuffet,wobbuffet,RU,7,0,0,,0,,0,0,never_picked,https://raw.githubusercontent.com/PokeAPI/pokeapi/master/data/v2/csv/pokemon_species_names.csv;https://raw.githubusercontent.com/PokeAPI/pokeapi/master/data/v2/csv/languages.csv;https://raw.githubusercontent.com/PokeAPI/pokeapi/master/data/v2/csv/pokemon.csv;https://raw.githubusercontent.com/PokeAPI/pokeapi/master/data/v2/csv/pokemon_forms.csv;https://raw.githubusercontent.com/PokeAPI/pokeapi/master/data/v2/csv/pokemon_form_names.csv
753,986,Wutpilz,wutpilz,Brute Bonnet,brutebonnet,RU,7,0,0,,0,,0,0,never_picked,https://raw.githubusercontent.com/PokeAPI/pokeapi/master/data/v2/csv/pokemon_species_names.csv;https://raw.githubusercontent.com/PokeAPI/pokeapi/master/data/v2/csv/languages.csv;https://raw.githubusercontent.com/PokeAPI/pokeapi/master/data/v2/csv/pokemon.csv;https://raw.githubusercontent.com/PokeAPI/pokeapi/master/data/v2/csv/pokemon_forms.csv;https://raw.githubusercontent.com/PokeAPI/pokeapi/master/data/v2/csv/pokemon_form_names.csv
754,523,Zebritz,zebritz,Zebstrika,zebstrika,RU,7,0,0,,0,,0,0,never_picked,https://raw.githubusercontent.com/PokeAPI/pokeapi/master/data/v2/csv/pokemon_species_names.csv;https://raw.githubusercontent.com/PokeAPI/pokeapi/master/data/v2/csv/languages.csv;https://raw.githubusercontent.com/PokeAPI/pokeapi/master/data/v2/csv/pokemon.csv;https://raw.githubusercontent.com/PokeAPI/pokeapi/master/data/v2/csv/pokemon_forms.csv;https://raw.githubusercontent.com/PokeAPI/pokeapi/master/data/v2/csv/pokemon_form_names.csv
755,402,Zirpeise,zirpeise,Kricketune,kricketune,RU,7,0,0,,0,,0,0,never_picked,https://raw.githubusercontent.com/PokeAPI/pokeapi/master/data/v2/csv/pokemon_species_names.csv;https://raw.githubusercontent.com/PokeAPI/pokeapi/master/data/v2/csv/languages.csv;https://raw.githubusercontent.com/PokeAPI/pokeapi/master/data/v2/csv/pokemon.csv;https://raw.githubusercontent.com/PokeAPI/pokeapi/master/data/v2/csv/pokemon_forms.csv;https://raw.githubusercontent.com/PokeAPI/pokeapi/master/data/v2/csv/pokemon_form_names.csv
756,832,Zwollock,zwollock,Dubwool,dubwool,RU,7,0,0,,0,,0,0,never_picked,https://raw.githubusercontent.com/PokeAPI/pokeapi/master/data/v2/csv/pokemon_species_names.csv;https://raw.githubusercontent.com/PokeAPI/pokeapi/master/data/v2/csv/languages.csv;https://raw.githubusercontent.com/PokeAPI/pokeapi/master/data/v2/csv/pokemon.csv;https://raw.githubusercontent.com/PokeAPI/pokeapi/master/data/v2/csv/pokemon_forms.csv;https://raw.githubusercontent.com/PokeAPI/pokeapi/master/data/v2/csv/pokemon_form_names.csv
757,425,Driftlon,driftlon,Drifloon,drifloon,NFE,14,0,0,,0,,0,0,never_picked,https://raw.githubusercontent.com/PokeAPI/pokeapi/master/data/v2/csv/pokemon_species_names.csv;https://raw.githubusercontent.com/PokeAPI/pokeapi/master/data/v2/csv/languages.csv;https://raw.githubusercontent.com/PokeAPI/pokeapi/master/data/v2/csv/pokemon.csv;https://raw.githubusercontent.com/PokeAPI/pokeapi/master/data/v2/csv/pokemon_forms.csv;https://raw.githubusercontent.com/PokeAPI/pokeapi/master/data/v2/csv/pokemon_form_names.csv
758,684,Flauschling,flauschling,Swirlix,swirlix,NFE,14,0,0,,0,,0,0,never_picked,https://raw.githubusercontent.com/PokeAPI/pokeapi/master/data/v2/csv/pokemon_species_names.csv;https://raw.githubusercontent.com/PokeAPI/pokeapi/master/data/v2/csv/languages.csv;https://raw.githubusercontent.com/PokeAPI/pokeapi/master/data/v2/csv/pokemon.csv;https://raw.githubusercontent.com/PokeAPI/pokeapi/master/data/v2/csv/pokemon_forms.csv;https://raw.githubusercontent.com/PokeAPI/pokeapi/master/data/v2/csv/pokemon_form_names.csv
759,527,Fleknoil,fleknoil,Woobat,woobat,NFE,14,0,0,,0,,0,0,never_picked,https://raw.githubusercontent.com/PokeAPI/pokeapi/master/data/v2/csv/pokemon_species_names.csv;https://raw.githubusercontent.com/PokeAPI/pokeapi/master/data/v2/csv/languages.csv;https://raw.githubusercontent.com/PokeAPI/pokeapi/master/data/v2/csv/pokemon.csv;https://raw.githubusercontent.com/PokeAPI/pokeapi/master/data/v2/csv/pokemon_forms.csv;https://raw.githubusercontent.com/PokeAPI/pokeapi/master/data/v2/csv/pokemon_form_names.csv
760,222,Galar Corasonn,galarcorasonn,corsola-galar,corsolagalar,NFE,14,0,0,,0,,0,0,never_picked,https://raw.githubusercontent.com/PokeAPI/pokeapi/master/data/v2/csv/pokemon_species_names.csv;https://raw.githubusercontent.com/PokeAPI/pokeapi/master/data/v2/csv/languages.csv;https://raw.githubusercontent.com/PokeAPI/pokeapi/master/data/v2/csv/pokemon.csv;https://raw.githubusercontent.com/PokeAPI/pokeapi/master/data/v2/csv/pokemon_forms.csv;https://raw.githubusercontent.com/PokeAPI/pokeapi/master/data/v2/csv/pokemon_form_names.csv
761,264,Galar Geradaks,galargeradaks,linoone-galar,linoonegalar,NFE,14,0,0,,0,,0,0,never_picked,https://raw.githubusercontent.com/PokeAPI/pokeapi/master/data/v2/csv/pokemon_species_names.csv;https://raw.githubusercontent.com/PokeAPI/pokeapi/master/data/v2/csv/languages.csv;https://raw.githubusercontent.com/PokeAPI/pokeapi/master/data/v2/csv/pokemon.csv;https://raw.githubusercontent.com/PokeAPI/pokeapi/master/data/v2/csv/pokemon_forms.csv;https://raw.githubusercontent.com/PokeAPI/pokeapi/master/data/v2/csv/pokemon_form_names.csv
762,122,Galar Pantimos,galarpantimos,mr-mime-galar,mrmimegalar,NFE,14,0,0,,0,,0,0,never_picked,https://raw.githubusercontent.com/PokeAPI/pokeapi/master/data/v2/csv/pokemon_species_names.csv;https://raw.githubusercontent.com/PokeAPI/pokeapi/master/data/v2/csv/languages.csv;https://raw.githubusercontent.com/PokeAPI/pokeapi/master/data/v2/csv/pokemon.csv;https://raw.githubusercontent.com/PokeAPI/pokeapi/master/data/v2/csv/pokemon_forms.csv;https://raw.githubusercontent.com/PokeAPI/pokeapi/master/data/v2/csv/pokemon_form_names.csv
763,583,Gelatroppo,gelatroppo,Vanillish,vanillish,NFE,14,0,0,,0,,0,0,never_picked,https://raw.githubusercontent.com/PokeAPI/pokeapi/master/data/v2/csv/pokemon_species_names.csv;https://raw.githubusercontent.com/PokeAPI/pokeapi/master/data/v2/csv/languages.csv;https://raw.githubusercontent.com/PokeAPI/pokeapi/master/data/v2/csv/pokemon.csv;https://raw.githubusercontent.com/PokeAPI/pokeapi/master/data/v2/csv/pokemon_forms.csv;https://raw.githubusercontent.com/PokeAPI/pokeapi/master/data/v2/csv/pokemon_form_names.csv
764,211,Hisui Baldorfish,hisuibaldorfish,qwilfish-hisui,qwilfishhisui,NFE,14,0,0,,0,,0,0,never_picked,https://raw.githubusercontent.com/PokeAPI/pokeapi/master/data/v2/csv/pokemon_species_names.csv;https://raw.githubusercontent.com/PokeAPI/pokeapi/master/data/v2/csv/languages.csv;https://raw.githubusercontent.com/PokeAPI/pokeapi/master/data/v2/csv/pokemon.csv;https://raw.githubusercontent.com/PokeAPI/pokeapi/master/data/v2/csv/pokemon_forms.csv;https://raw.githubusercontent.com/PokeAPI/pokeapi/master/data/v2/csv/pokemon_form_names.csv
765,215,Hisui Sniebel,hisuisniebel,sneasel-hisui,sneaselhisui,NFE,14,0,0,,0,,0,0,never_picked,https://raw.githubusercontent.com/PokeAPI/pokeapi/master/data/v2/csv/pokemon_species_names.csv;https://raw.githubusercontent.com/PokeAPI/pokeapi/master/data/v2/csv/languages.csv;https://raw.githubusercontent.com/PokeAPI/pokeapi/master/data/v2/csv/pokemon.csv;https://raw.githubusercontent.com/PokeAPI/pokeapi/master/data/v2/csv/pokemon_forms.csv;https://raw.githubusercontent.com/PokeAPI/pokeapi/master/data/v2/csv/pokemon_form_names.csv
766,64,Kadabra,kadabra,Kadabra,kadabra,NFE,14,0,0,,0,,0,0,never_picked,https://raw.githubusercontent.com/PokeAPI/pokeapi/master/data/v2/csv/pokemon_species_names.csv;https://raw.githubusercontent.com/PokeAPI/pokeapi/master/data/v2/csv/languages.csv;https://raw.githubusercontent.com/PokeAPI/pokeapi/master/data/v2/csv/pokemon.csv;https://raw.githubusercontent.com/PokeAPI/pokeapi/master/data/v2/csv/pokemon_forms.csv;https://raw.githubusercontent.com/PokeAPI/pokeapi/master/data/v2/csv/pokemon_form_names.csv
767,825,Keradar,keradar,Dottler,dottler,NFE,14,0,0,,0,,0,0,never_picked,https://raw.githubusercontent.com/PokeAPI/pokeapi/master/data/v2/csv/pokemon_species_names.csv;https://raw.githubusercontent.com/PokeAPI/pokeapi/master/data/v2/csv/languages.csv;https://raw.githubusercontent.com/PokeAPI/pokeapi/master/data/v2/csv/pokemon.csv;https://raw.githubusercontent.com/PokeAPI/pokeapi/master/data/v2/csv/pokemon_forms.csv;https://raw.githubusercontent.com/PokeAPI/pokeapi/master/data/v2/csv/pokemon_form_names.csv
768,600,Kliklak,kliklak,Klang,klang,NFE,14,0,0,,0,,0,0,never_picked,https://raw.githubusercontent.com/PokeAPI/pokeapi/master/data/v2/csv/pokemon_species_names.csv;https://raw.githubusercontent.com/PokeAPI/pokeapi/master/data/v2/csv/languages.csv;https://raw.githubusercontent.com/PokeAPI/pokeapi/master/data/v2/csv/pokemon.csv;https://raw.githubusercontent.com/PokeAPI/pokeapi/master/data/v2/csv/pokemon_forms.csv;https://raw.githubusercontent.com/PokeAPI/pokeapi/master/data/v2/csv/pokemon_form_names.csv
769,14,Kokuna,kokuna,Kakuna,kakuna,NFE,14,0,0,,0,,0,0,never_picked,https://raw.githubusercontent.com/PokeAPI/pokeapi/master/data/v2/csv/pokemon_species_names.csv;https://raw.githubusercontent.com/PokeAPI/pokeapi/master/data/v2/csv/languages.csv;https://raw.githubusercontent.com/PokeAPI/pokeapi/master/data/v2/csv/pokemon.csv;https://raw.githubusercontent.com/PokeAPI/pokeapi/master/data/v2/csv/pokemon_forms.csv;https://raw.githubusercontent.com/PokeAPI/pokeapi/master/data/v2/csv/pokemon_form_names.csv
770,294,Krakeelo,krakeelo,Loudred,loudred,NFE,14,0,0,,0,,0,0,never_picked,https://raw.githubusercontent.com/PokeAPI/pokeapi/master/data/v2/csv/pokemon_species_names.csv;https://raw.githubusercontent.com/PokeAPI/pokeapi/master/data/v2/csv/languages.csv;https://raw.githubusercontent.com/PokeAPI/pokeapi/master/data/v2/csv/pokemon.csv;https://raw.githubusercontent.com/PokeAPI/pokeapi/master/data/v2/csv/pokemon_forms.csv;https://raw.githubusercontent.com/PokeAPI/pokeapi/master/data/v2/csv/pokemon_form_names.csv
771,67,Maschock,maschock,Machoke,machoke,NFE,14,0,0,,0,,0,0,never_picked,https://raw.githubusercontent.com/PokeAPI/pokeapi/master/data/v2/csv/pokemon_species_names.csv;https://raw.githubusercontent.com/PokeAPI/pokeapi/master/data/v2/csv/languages.csv;https://raw.githubusercontent.com/PokeAPI/pokeapi/master/data/v2/csv/pokemon.csv;https://raw.githubusercontent.com/PokeAPI/pokeapi/master/data/v2/csv/pokemon_forms.csv;https://raw.githubusercontent.com/PokeAPI/pokeapi/master/data/v2/csv/pokemon_form_names.csv
772,536,Mebrana,mebrana,Palpitoad,palpitoad,NFE,14,0,0,,0,,0,0,never_picked,https://raw.githubusercontent.com/PokeAPI/pokeapi/master/data/v2/csv/pokemon_species_names.csv;https://raw.githubusercontent.com/PokeAPI/pokeapi/master/data/v2/csv/languages.csv;https://raw.githubusercontent.com/PokeAPI/pokeapi/master/data/v2/csv/pokemon.csv;https://raw.githubusercontent.com/PokeAPI/pokeapi/master/data/v2/csv/pokemon_forms.csv;https://raw.githubusercontent.com/PokeAPI/pokeapi/master/data/v2/csv/pokemon_form_names.csv
773,520,Navitaub,navitaub,Tranquill,tranquill,NFE,14,0,0,,0,,0,0,never_picked,https://raw.githubusercontent.com/PokeAPI/pokeapi/master/data/v2/csv/pokemon_species_names.csv;https://raw.githubusercontent.com/PokeAPI/pokeapi/master/data/v2/csv/languages.csv;https://raw.githubusercontent.com/PokeAPI/pokeapi/master/data/v2/csv/pokemon.csv;https://raw.githubusercontent.com/PokeAPI/pokeapi/master/data/v2/csv/pokemon_forms.csv;https://raw.githubusercontent.com/PokeAPI/pokeapi/master/data/v2/csv/pokemon_form_names.csv
774,30,Nidorina,nidorina,Nidorina,nidorina,NFE,14,0,0,,0,,0,0,never_picked,https://raw.githubusercontent.com/PokeAPI/pokeapi/master/data/v2/csv/pokemon_species_names.csv;https://raw.githubusercontent.com/PokeAPI/pokeapi/master/data/v2/csv/languages.csv;https://raw.githubusercontent.com/PokeAPI/pokeapi/master/data/v2/csv/pokemon.csv;https://raw.githubusercontent.com/PokeAPI/pokeapi/master/data/v2/csv/pokemon_forms.csv;https://raw.githubusercontent.com/PokeAPI/pokeapi/master/data/v2/csv/pokemon_form_names.csv
775,33,Nidorino,nidorino,Nidorino,nidorino,NFE,14,0,0,,0,,0,0,never_picked,https://raw.githubusercontent.com/PokeAPI/pokeapi/master/data/v2/csv/pokemon_species_names.csv;https://raw.githubusercontent.com/PokeAPI/pokeapi/master/data/v2/csv/languages.csv;https://raw.githubusercontent.com/PokeAPI/pokeapi/master/data/v2/csv/pokemon.csv;https://raw.githubusercontent.com/PokeAPI/pokeapi/master/data/v2/csv/pokemon_forms.csv;https://raw.githubusercontent.com/PokeAPI/pokeapi/master/data/v2/csv/pokemon_form_names.csv
776,268,Panekon,panekon,Cascoon,cascoon,NFE,14,0,0,,0,,0,0,never_picked,https://raw.githubusercontent.com/PokeAPI/pokeapi/master/data/v2/csv/pokemon_species_names.csv;https://raw.githubusercontent.com/PokeAPI/pokeapi/master/data/v2/csv/languages.csv;https://raw.githubusercontent.com/PokeAPI/pokeapi/master/data/v2/csv/pokemon.csv;https://raw.githubusercontent.com/PokeAPI/pokeapi/master/data/v2/csv/pokemon_forms.csv;https://raw.githubusercontent.com/PokeAPI/pokeapi/master/data/v2/csv/pokemon_form_names.csv
777,366,Perlu,perlu,Clamperl,clamperl,NFE,14,0,0,,0,,0,0,never_picked,https://raw.githubusercontent.com/PokeAPI/pokeapi/master/data/v2/csv/pokemon_species_names.csv;https://raw.githubusercontent.com/PokeAPI/pokeapi/master/data/v2/csv/languages.csv;https://raw.githubusercontent.com/PokeAPI/pokeapi/master/data/v2/csv/pokemon.csv;https://raw.githubusercontent.com/PokeAPI/pokeapi/master/data/v2/csv/pokemon_forms.csv;https://raw.githubusercontent.com/PokeAPI/pokeapi/master/data/v2/csv/pokemon_form_names.csv
778,57,Rasaff,rasaff,Primeape,primeape,NFE,14,0,0,,0,,0,0,never_picked,https://raw.githubusercontent.com/PokeAPI/pokeapi/master/data/v2/csv/pokemon_species_names.csv;https://raw.githubusercontent.com/PokeAPI/pokeapi/master/data/v2/csv/languages.csv;https://raw.githubusercontent.com/PokeAPI/pokeapi/master/data/v2/csv/pokemon.csv;https://raw.githubusercontent.com/PokeAPI/pokeapi/master/data/v2/csv/pokemon_forms.csv;https://raw.githubusercontent.com/PokeAPI/pokeapi/master/data/v2/csv/pokemon_form_names.csv
779,544,Rollum,rollum,Whirlipede,whirlipede,NFE,14,0,0,,0,,0,0,never_picked,https://raw.githubusercontent.com/PokeAPI/pokeapi/master/data/v2/csv/pokemon_species_names.csv;https://raw.githubusercontent.com/PokeAPI/pokeapi/master/data/v2/csv/languages.csv;https://raw.githubusercontent.com/PokeAPI/pokeapi/master/data/v2/csv/pokemon.csv;https://raw.githubusercontent.com/PokeAPI/pokeapi/master/data/v2/csv/pokemon_forms.csv;https://raw.githubusercontent.com/PokeAPI/pokeapi/master/data/v2/csv/pokemon_form_names.csv
780,315,Roselia,roselia,Roselia,roselia,NFE,14,0,0,,0,,0,0,never_picked,https://raw.githubusercontent.com/PokeAPI/pokeapi/master/data/v2/csv/pokemon_species_names.csv;https://raw.githubusercontent.com/PokeAPI/pokeapi/master/data/v2/csv/languages.csv;https://raw.githubusercontent.com/PokeAPI/pokeapi/master/data/v2/csv/pokemon.csv;https://raw.githubusercontent.com/PokeAPI/pokeapi/master/data/v2/csv/pokemon_forms.csv;https://raw.githubusercontent.com/PokeAPI/pokeapi/master/data/v2/csv/pokemon_form_names.csv
781,11,Safcon,safcon,Metapod,metapod,NFE,14,0,0,,0,,0,0,never_picked,https://raw.githubusercontent.com/PokeAPI/pokeapi/master/data/v2/csv/pokemon_species_names.csv;https://raw.githubusercontent.com/PokeAPI/pokeapi/master/data/v2/csv/languages.csv;https://raw.githubusercontent.com/PokeAPI/pokeapi/master/data/v2/csv/pokemon.csv;https://raw.githubusercontent.com/PokeAPI/pokeapi/master/data/v2/csv/pokemon_forms.csv;https://raw.githubusercontent.com/PokeAPI/pokeapi/master/data/v2/csv/pokemon_form_names.csv
782,266,Schaloko,schaloko,Silcoon,silcoon,NFE,14,0,0,,0,,0,0,never_picked,https://raw.githubusercontent.com/PokeAPI/pokeapi/master/data/v2/csv/pokemon_species_names.csv;https://raw.githubusercontent.com/PokeAPI/pokeapi/master/data/v2/csv/languages.csv;https://raw.githubusercontent.com/PokeAPI/pokeapi/master/data/v2/csv/pokemon.csv;https://raw.githubusercontent.com/PokeAPI/pokeapi/master/data/v2/csv/pokemon_forms.csv;https://raw.githubusercontent.com/PokeAPI/pokeapi/master/data/v2/csv/pokemon_form_names.csv
783,364,Seejong,seejong,Sealeo,sealeo,NFE,14,0,0,,0,,0,0,never_picked,https://raw.githubusercontent.com/PokeAPI/pokeapi/master/data/v2/csv/pokemon_species_names.csv;https://raw.githubusercontent.com/PokeAPI/pokeapi/master/data/v2/csv/languages.csv;https://raw.githubusercontent.com/PokeAPI/pokeapi/master/data/v2/csv/pokemon.csv;https://raw.githubusercontent.com/PokeAPI/pokeapi/master/data/v2/csv/pokemon_forms.csv;https://raw.githubusercontent.com/PokeAPI/pokeapi/master/data/v2/csv/pokemon_form_names.csv
784,123,Sichlor,sichlor,Scyther,scyther,NFE,14,0,0,,0,,0,0,never_picked,https://raw.githubusercontent.com/PokeAPI/pokeapi/master/data/v2/csv/pokemon_species_names.csv;https://raw.githubusercontent.com/PokeAPI/pokeapi/master/data/v2/csv/languages.csv;https://raw.githubusercontent.com/PokeAPI/pokeapi/master/data/v2/csv/pokemon.csv;https://raw.githubusercontent.com/PokeAPI/pokeapi/master/data/v2/csv/pokemon_forms.csv;https://raw.githubusercontent.com/PokeAPI/pokeapi/master/data/v2/csv/pokemon_form_names.csv
785,305,Stollrak,stollrak,Lairon,lairon,NFE,14,0,0,,0,,0,0,never_picked,https://raw.githubusercontent.com/PokeAPI/pokeapi/master/data/v2/csv/pokemon_species_names.csv;https://raw.githubusercontent.com/PokeAPI/pokeapi/master/data/v2/csv/languages.csv;https://raw.githubusercontent.com/PokeAPI/pokeapi/master/data/v2/csv/pokemon.csv;https://raw.githubusercontent.com/PokeAPI/pokeapi/master/data/v2/csv/pokemon_forms.csv;https://raw.githubusercontent.com/PokeAPI/pokeapi/master/data/v2/csv/pokemon_form_names.csv
786,17,Tauboga,tauboga,Pidgeotto,pidgeotto,NFE,14,0,0,,0,,0,0,never_picked,https://raw.githubusercontent.com/PokeAPI/pokeapi/master/data/v2/csv/pokemon_species_names.csv;https://raw.githubusercontent.com/PokeAPI/pokeapi/master/data/v2/csv/languages.csv;https://raw.githubusercontent.com/PokeAPI/pokeapi/master/data/v2/csv/pokemon.csv;https://raw.githubusercontent.com/PokeAPI/pokeapi/master/data/v2/csv/pokemon_forms.csv;https://raw.githubusercontent.com/PokeAPI/pokeapi/master/data/v2/csv/pokemon_form_names.csv
787,507,Terribark,terribark,Herdier,herdier,NFE,14,0,0,,0,,0,0,never_picked,https://raw.githubusercontent.com/PokeAPI/pokeapi/master/data/v2/csv/pokemon_species_names.csv;https://raw.githubusercontent.com/PokeAPI/pokeapi/master/data/v2/csv/languages.csv;https://raw.githubusercontent.com/PokeAPI/pokeapi/master/data/v2/csv/pokemon.csv;https://raw.githubusercontent.com/PokeAPI/pokeapi/master/data/v2/csv/pokemon_forms.csv;https://raw.githubusercontent.com/PokeAPI/pokeapi/master/data/v2/csv/pokemon_form_names.csv
788,803,Venicro,venicro,Poipole,poipole,NFE,14,0,0,,0,,0,0,never_picked,https://raw.githubusercontent.com/PokeAPI/pokeapi/master/data/v2/csv/pokemon_species_names.csv;https://raw.githubusercontent.com/PokeAPI/pokeapi/master/data/v2/csv/languages.csv;https://raw.githubusercontent.com/PokeAPI/pokeapi/master/data/v2/csv/pokemon.csv;https://raw.githubusercontent.com/PokeAPI/pokeapi/master/data/v2/csv/pokemon_forms.csv;https://raw.githubusercontent.com/PokeAPI/pokeapi/master/data/v2/csv/pokemon_form_names.csv
789,263,Zigzachs,zigzachs,Zigzagoon,zigzagoon,NFE,14,0,0,,0,,0,0,never_picked,https://raw.githubusercontent.com/PokeAPI/pokeapi/master/data/v2/csv/pokemon_species_names.csv;https://raw.githubusercontent.com/PokeAPI/pokeapi/master/data/v2/csv/languages.csv;https://raw.githubusercontent.com/PokeAPI/pokeapi/master/data/v2/csv/pokemon.csv;https://raw.githubusercontent.com/PokeAPI/pokeapi/master/data/v2/csv/pokemon_forms.csv;https://raw.githubusercontent.com/PokeAPI/pokeapi/master/data/v2/csv/pokemon_form_names.csv
790,63,Abra,abra,Abra,abra,LC,15,0,0,,0,,0,0,never_picked,https://raw.githubusercontent.com/PokeAPI/pokeapi/master/data/v2/csv/pokemon_species_names.csv;https://raw.githubusercontent.com/PokeAPI/pokeapi/master/data/v2/csv/languages.csv;https://raw.githubusercontent.com/PokeAPI/pokeapi/master/data/v2/csv/pokemon.csv;https://raw.githubusercontent.com/PokeAPI/pokeapi/master/data/v2/csv/pokemon_forms.csv;https://raw.githubusercontent.com/PokeAPI/pokeapi/master/data/v2/csv/pokemon_form_names.csv
791,19,Alola Rattfratz,alolarattfratz,rattata-alola,rattataalola,LC,15,0,0,,0,,0,0,never_picked,https://raw.githubusercontent.com/PokeAPI/pokeapi/master/data/v2/csv/pokemon_species_names.csv;https://raw.githubusercontent.com/PokeAPI/pokeapi/master/data/v2/csv/languages.csv;https://raw.githubusercontent.com/PokeAPI/pokeapi/master/data/v2/csv/pokemon.csv;https://raw.githubusercontent.com/PokeAPI/pokeapi/master/data/v2/csv/pokemon_forms.csv;https://raw.githubusercontent.com/PokeAPI/pokeapi/master/data/v2/csv/pokemon_form_names.csv
792,698,Amarino,amarino,Amaura,amaura,LC,15,0,0,,0,,0,0,never_picked,https://raw.githubusercontent.com/PokeAPI/pokeapi/master/data/v2/csv/pokemon_species_names.csv;https://raw.githubusercontent.com/PokeAPI/pokeapi/master/data/v2/csv/languages.csv;https://raw.githubusercontent.com/PokeAPI/pokeapi/master/data/v2/csv/pokemon.csv;https://raw.githubusercontent.com/PokeAPI/pokeapi/master/data/v2/csv/pokemon_forms.csv;https://raw.githubusercontent.com/PokeAPI/pokeapi/master/data/v2/csv/pokemon_form_names.csv
793,138,Amonitas,amonitas,Omanyte,omanyte,LC,15,0,0,,0,,0,0,never_picked,https://raw.githubusercontent.com/PokeAPI/pokeapi/master/data/v2/csv/pokemon_species_names.csv;https://raw.githubusercontent.com/PokeAPI/pokeapi/master/data/v2/csv/languages.csv;https://raw.githubusercontent.com/PokeAPI/pokeapi/master/data/v2/csv/pokemon.csv;https://raw.githubusercontent.com/PokeAPI/pokeapi/master/data/v2/csv/pokemon_forms.csv;https://raw.githubusercontent.com/PokeAPI/pokeapi/master/data/v2/csv/pokemon_form_names.csv
794,347,Anorith,anorith,Anorith,anorith,LC,15,0,0,,0,,0,0,never_picked,https://raw.githubusercontent.com/PokeAPI/pokeapi/master/data/v2/csv/pokemon_species_names.csv;https://raw.githubusercontent.com/PokeAPI/pokeapi/master/data/v2/csv/languages.csv;https://raw.githubusercontent.com/PokeAPI/pokeapi/master/data/v2/csv/pokemon.csv;https://raw.githubusercontent.com/PokeAPI/pokeapi/master/data/v2/csv/pokemon_forms.csv;https://raw.githubusercontent.com/PokeAPI/pokeapi/master/data/v2/csv/pokemon_form_names.csv
795,696,Balgoras,balgoras,Tyrunt,tyrunt,LC,15,0,0,,0,,0,0,never_picked,https://raw.githubusercontent.com/PokeAPI/pokeapi/master/data/v2/csv/pokemon_species_names.csv;https://raw.githubusercontent.com/PokeAPI/pokeapi/master/data/v2/csv/languages.csv;https://raw.githubusercontent.com/PokeAPI/pokeapi/master/data/v2/csv/pokemon.csv;https://raw.githubusercontent.com/PokeAPI/pokeapi/master/data/v2/csv/pokemon_forms.csv;https://raw.githubusercontent.com/PokeAPI/pokeapi/master/data/v2/csv/pokemon_form_names.csv
796,399,Bidiza,bidiza,Bidoof,bidoof,LC,15,0,0,,0,,0,0,never_picked,https://raw.githubusercontent.com/PokeAPI/pokeapi/master/data/v2/csv/pokemon_species_names.csv;https://raw.githubusercontent.com/PokeAPI/pokeapi/master/data/v2/csv/languages.csv;https://raw.githubusercontent.com/PokeAPI/pokeapi/master/data/v2/csv/pokemon.csv;https://raw.githubusercontent.com/PokeAPI/pokeapi/master/data/v2/csv/pokemon_forms.csv;https://raw.githubusercontent.com/PokeAPI/pokeapi/master/data/v2/csv/pokemon_form_names.csv
797,688,Bithora,bithora,Binacle,binacle,LC,15,0,0,,0,,0,0,never_picked,https://raw.githubusercontent.com/PokeAPI/pokeapi/master/data/v2/csv/pokemon_species_names.csv;https://raw.githubusercontent.com/PokeAPI/pokeapi/master/data/v2/csv/languages.csv;https://raw.githubusercontent.com/PokeAPI/pokeapi/master/data/v2/csv/pokemon.csv;https://raw.githubusercontent.com/PokeAPI/pokeapi/master/data/v2/csv/pokemon_forms.csv;https://raw.githubusercontent.com/PokeAPI/pokeapi/master/data/v2/csv/pokemon_form_names.csv
798,755,Bubungus,bubungus,Morelull,morelull,LC,15,0,0,,0,,0,0,never_picked,https://raw.githubusercontent.com/PokeAPI/pokeapi/master/data/v2/csv/pokemon_species_names.csv;https://raw.githubusercontent.com/PokeAPI/pokeapi/master/data/v2/csv/languages.csv;https://raw.githubusercontent.com/PokeAPI/pokeapi/master/data/v2/csv/pokemon.csv;https://raw.githubusercontent.com/PokeAPI/pokeapi/master/data/v2/csv/pokemon_forms.csv;https://raw.githubusercontent.com/PokeAPI/pokeapi/master/data/v2/csv/pokemon_form_names.csv
799,412,Burmy,burmy,Burmy,burmy,LC,15,0,0,,0,,0,0,never_picked,https://raw.githubusercontent.com/PokeAPI/pokeapi/master/data/v2/csv/pokemon_species_names.csv;https://raw.githubusercontent.com/PokeAPI/pokeapi/master/data/v2/csv/languages.csv;https://raw.githubusercontent.com/PokeAPI/pokeapi/master/data/v2/csv/pokemon.csv;https://raw.githubusercontent.com/PokeAPI/pokeapi/master/data/v2/csv/pokemon_forms.csv;https://raw.githubusercontent.com/PokeAPI/pokeapi/master/data/v2/csv/pokemon_form_names.csv
800,431,Charmian,charmian,Glameow,glameow,LC,15,0,0,,0,,0,0,never_picked,https://raw.githubusercontent.com/PokeAPI/pokeapi/master/data/v2/csv/pokemon_species_names.csv;https://raw.githubusercontent.com/PokeAPI/pokeapi/master/data/v2/csv/languages.csv;https://raw.githubusercontent.com/PokeAPI/pokeapi/master/data/v2/csv/pokemon.csv;https://raw.githubusercontent.com/PokeAPI/pokeapi/master/data/v2/csv/pokemon_forms.csv;https://raw.githubusercontent.com/PokeAPI/pokeapi/master/data/v2/csv/pokemon_form_names.csv
801,829,Cottini,cottini,Gossifleur,gossifleur,LC,15,0,0,,0,,0,0,never_picked,https://raw.githubusercontent.com/PokeAPI/pokeapi/master/data/v2/csv/pokemon_species_names.csv;https://raw.githubusercontent.com/PokeAPI/pokeapi/master/data/v2/csv/languages.csv;https://raw.githubusercontent.com/PokeAPI/pokeapi/master/data/v2/csv/pokemon.csv;https://raw.githubusercontent.com/PokeAPI/pokeapi/master/data/v2/csv/pokemon_forms.csv;https://raw.githubusercontent.com/PokeAPI/pokeapi/master/data/v2/csv/pokemon_form_names.csv
802,519,Dusselgurr,dusselgurr,Pidove,pidove,LC,15,0,0,,0,,0,0,never_picked,https://raw.githubusercontent.com/PokeAPI/pokeapi/master/data/v2/csv/pokemon_species_names.csv;https://raw.githubusercontent.com/PokeAPI/pokeapi/master/data/v2/csv/languages.csv;https://raw.githubusercontent.com/PokeAPI/pokeapi/master/data/v2/csv/pokemon.csv;https://raw.githubusercontent.com/PokeAPI/pokeapi/master/data/v2/csv/pokemon_forms.csv;https://raw.githubusercontent.com/PokeAPI/pokeapi/master/data/v2/csv/pokemon_form_names.csv
803,694,Eguana,eguana,Helioptile,helioptile,LC,15,0,0,,0,,0,0,never_picked,https://raw.githubusercontent.com/PokeAPI/pokeapi/master/data/v2/csv/pokemon_species_names.csv;https://raw.githubusercontent.com/PokeAPI/pokeapi/master/data/v2/csv/languages.csv;https://raw.githubusercontent.com/PokeAPI/pokeapi/master/data/v2/csv/pokemon.csv;https://raw.githubusercontent.com/PokeAPI/pokeapi/master/data/v2/csv/pokemon_forms.csv;https://raw.githubusercontent.com/PokeAPI/pokeapi/master/data/v2/csv/pokemon_form_names.csv
804,300,Eneco,eneco,Skitty,skitty,LC,15,0,0,,0,,0,0,never_picked,https://raw.githubusercontent.com/PokeAPI/pokeapi/master/data/v2/csv/pokemon_species_names.csv;https://raw.githubusercontent.com/PokeAPI/pokeapi/master/data/v2/csv/languages.csv;https://raw.githubusercontent.com/PokeAPI/pokeapi/master/data/v2/csv/pokemon.csv;https://raw.githubusercontent.com/PokeAPI/pokeapi/master/data/v2/csv/pokemon_forms.csv;https://raw.githubusercontent.com/PokeAPI/pokeapi/master/data/v2/csv/pokemon_form_names.csv
805,509,Felilou,felilou,Purrloin,purrloin,LC,15,0,0,,0,,0,0,never_picked,https://raw.githubusercontent.com/PokeAPI/pokeapi/master/data/v2/csv/pokemon_species_names.csv;https://raw.githubusercontent.com/PokeAPI/pokeapi/master/data/v2/csv/languages.csv;https://raw.githubusercontent.com/PokeAPI/pokeapi/master/data/v2/csv/pokemon.csv;https://raw.githubusercontent.com/PokeAPI/pokeapi/master/data/v2/csv/pokemon_forms.csv;https://raw.githubusercontent.com/PokeAPI/pokeapi/master/data/v2/csv/pokemon_form_names.csv
806,554,Flampion,flampion,Darumaka,darumaka,LC,15,0,0,,0,,0,0,never_picked,https://raw.githubusercontent.com/PokeAPI/pokeapi/master/data/v2/csv/pokemon_species_names.csv;https://raw.githubusercontent.com/PokeAPI/pokeapi/master/data/v2/csv/languages.csv;https://raw.githubusercontent.com/PokeAPI/pokeapi/master/data/v2/csv/pokemon.csv;https://raw.githubusercontent.com/PokeAPI/pokeapi/master/data/v2/csv/pokemon_forms.csv;https://raw.githubusercontent.com/PokeAPI/pokeapi/master/data/v2/csv/pokemon_form_names.csv
807,566,Flapteryx,flapteryx,Archen,archen,LC,15,0,0,,0,,0,0,never_picked,https://raw.githubusercontent.com/PokeAPI/pokeapi/master/data/v2/csv/pokemon_species_names.csv;https://raw.githubusercontent.com/PokeAPI/pokeapi/master/data/v2/csv/languages.csv;https://raw.githubusercontent.com/PokeAPI/pokeapi/master/data/v2/csv/pokemon.csv;https://raw.githubusercontent.com/PokeAPI/pokeapi/master/data/v2/csv/pokemon_forms.csv;https://raw.githubusercontent.com/PokeAPI/pokeapi/master/data/v2/csv/pokemon_form_names.csv
808,293,Flurmel,flurmel,Whismur,whismur,LC,15,0,0,,0,,0,0,never_picked,https://raw.githubusercontent.com/PokeAPI/pokeapi/master/data/v2/csv/pokemon_species_names.csv;https://raw.githubusercontent.com/PokeAPI/pokeapi/master/data/v2/csv/languages.csv;https://raw.githubusercontent.com/PokeAPI/pokeapi/master/data/v2/csv/pokemon.csv;https://raw.githubusercontent.com/PokeAPI/pokeapi/master/data/v2/csv/pokemon_forms.csv;https://raw.githubusercontent.com/PokeAPI/pokeapi/master/data/v2/csv/pokemon_form_names.csv
809,309,Frizelbliz,frizelbliz,Electrike,electrike,LC,15,0,0,,0,,0,0,never_picked,https://raw.githubusercontent.com/PokeAPI/pokeapi/master/data/v2/csv/pokemon_species_names.csv;https://raw.githubusercontent.com/PokeAPI/pokeapi/master/data/v2/csv/languages.csv;https://raw.githubusercontent.com/PokeAPI/pokeapi/master/data/v2/csv/pokemon.csv;https://raw.githubusercontent.com/PokeAPI/pokeapi/master/data/v2/csv/pokemon_forms.csv;https://raw.githubusercontent.com/PokeAPI/pokeapi/master/data/v2/csv/pokemon_form_names.csv
810,564,Galapaflos,galapaflos,Tirtouga,tirtouga,LC,15,0,0,,0,,0,0,never_picked,https://raw.githubusercontent.com/PokeAPI/pokeapi/master/data/v2/csv/pokemon_species_names.csv;https://raw.githubusercontent.com/PokeAPI/pokeapi/master/data/v2/csv/languages.csv;https://raw.githubusercontent.com/PokeAPI/pokeapi/master/data/v2/csv/pokemon.csv;https://raw.githubusercontent.com/PokeAPI/pokeapi/master/data/v2/csv/pokemon_forms.csv;https://raw.githubusercontent.com/PokeAPI/pokeapi/master/data/v2/csv/pokemon_form_names.csv
811,554,Galar Flampion,galarflampion,darumaka-galar,darumakagalar,LC,15,0,0,,0,,0,0,never_picked,https://raw.githubusercontent.com/PokeAPI/pokeapi/master/data/v2/csv/pokemon_species_names.csv;https://raw.githubusercontent.com/PokeAPI/pokeapi/master/data/v2/csv/languages.csv;https://raw.githubusercontent.com/PokeAPI/pokeapi/master/data/v2/csv/pokemon.csv;https://raw.githubusercontent.com/PokeAPI/pokeapi/master/data/v2/csv/pokemon_forms.csv;https://raw.githubusercontent.com/PokeAPI/pokeapi/master/data/v2/csv/pokemon_form_names.csv
812,562,Galar Makabaja,galarmakabaja,yamask-galar,yamaskgalar,LC,15,0,0,,0,,0,0,never_picked,https://raw.githubusercontent.com/PokeAPI/pokeapi/master/data/v2/csv/pokemon_species_names.csv;https://raw.githubusercontent.com/PokeAPI/pokeapi/master/data/v2/csv/languages.csv;https://raw.githubusercontent.com/PokeAPI/pokeapi/master/data/v2/csv/pokemon.csv;https://raw.githubusercontent.com/PokeAPI/pokeapi/master/data/v2/csv/pokemon_forms.csv;https://raw.githubusercontent.com/PokeAPI/pokeapi/master/data/v2/csv/pokemon_form_names.csv
813,77,Galar Ponita,galarponita,ponyta-galar,ponytagalar,LC,15,0,0,,0,,0,0,never_picked,https://raw.githubusercontent.com/PokeAPI/pokeapi/master/data/v2/csv/pokemon_species_names.csv;https://raw.githubusercontent.com/PokeAPI/pokeapi/master/data/v2/csv/languages.csv;https://raw.githubusercontent.com/PokeAPI/pokeapi/master/data/v2/csv/pokemon.csv;https://raw.githubusercontent.com/PokeAPI/pokeapi/master/data/v2/csv/pokemon_forms.csv;https://raw.githubusercontent.com/PokeAPI/pokeapi/master/data/v2/csv/pokemon_form_names.csv
814,83,Galar Porenta,galarporenta,farfetchd-galar,farfetchdgalar,LC,15,0,0,,0,,0,0,never_picked,https://raw.githubusercontent.com/PokeAPI/pokeapi/master/data/v2/csv/pokemon_species_names.csv;https://raw.githubusercontent.com/PokeAPI/pokeapi/master/data/v2/csv/languages.csv;https://raw.githubusercontent.com/PokeAPI/pokeapi/master/data/v2/csv/pokemon.csv;https://raw.githubusercontent.com/PokeAPI/pokeapi/master/data/v2/csv/pokemon_forms.csv;https://raw.githubusercontent.com/PokeAPI/pokeapi/master/data/v2/csv/pokemon_form_names.csv
815,263,Galar Zigzachs,galarzigzachs,zigzagoon-galar,zigzagoongalar,LC,15,0,0,,0,,0,0,never_picked,https://raw.githubusercontent.com/PokeAPI/pokeapi/master/data/v2/csv/pokemon_species_names.csv;https://raw.githubusercontent.com/PokeAPI/pokeapi/master/data/v2/csv/languages.csv;https://raw.githubusercontent.com/PokeAPI/pokeapi/master/data/v2/csv/pokemon.csv;https://raw.githubusercontent.com/PokeAPI/pokeapi/master/data/v2/csv/pokemon_forms.csv;https://raw.githubusercontent.com/PokeAPI/pokeapi/master/data/v2/csv/pokemon_form_names.csv
816,582,Gelatini,gelatini,Vanillite,vanillite,LC,15,0,0,,0,,0,0,never_picked,https://raw.githubusercontent.com/PokeAPI/pokeapi/master/data/v2/csv/pokemon_species_names.csv;https://raw.githubusercontent.com/PokeAPI/pokeapi/master/data/v2/csv/languages.csv;https://raw.githubusercontent.com/PokeAPI/pokeapi/master/data/v2/csv/pokemon.csv;https://raw.githubusercontent.com/PokeAPI/pokeapi/master/data/v2/csv/pokemon_forms.csv;https://raw.githubusercontent.com/PokeAPI/pokeapi/master/data/v2/csv/pokemon_form_names.csv
817,118,Goldini,goldini,Goldeen,goldeen,LC,15,0,0,,0,,0,0,never_picked,https://raw.githubusercontent.com/PokeAPI/pokeapi/master/data/v2/csv/pokemon_species_names.csv;https://raw.githubusercontent.com/PokeAPI/pokeapi/master/data/v2/csv/languages.csv;https://raw.githubusercontent.com/PokeAPI/pokeapi/master/data/v2/csv/pokemon.csv;https://raw.githubusercontent.com/PokeAPI/pokeapi/master/data/v2/csv/pokemon_forms.csv;https://raw.githubusercontent.com/PokeAPI/pokeapi/master/data/v2/csv/pokemon_form_names.csv
818,679,Gramokles,gramokles,Honedge,honedge,LC,15,0,0,,0,,0,0,never_picked,https://raw.githubusercontent.com/PokeAPI/pokeapi/master/data/v2/csv/pokemon_species_names.csv;https://raw.githubusercontent.com/PokeAPI/pokeapi/master/data/v2/csv/languages.csv;https://raw.githubusercontent.com/PokeAPI/pokeapi/master/data/v2/csv/pokemon.csv;https://raw.githubusercontent.com/PokeAPI/pokeapi/master/data/v2/csv/pokemon_forms.csv;https://raw.githubusercontent.com/PokeAPI/pokeapi/master/data/v2/csv/pokemon_form_names.csv
819,513,Grillmak,grillmak,Pansear,pansear,LC,15,0,0,,0,,0,0,never_picked,https://raw.githubusercontent.com/PokeAPI/pokeapi/master/data/v2/csv/pokemon_species_names.csv;https://raw.githubusercontent.com/PokeAPI/pokeapi/master/data/v2/csv/languages.csv;https://raw.githubusercontent.com/PokeAPI/pokeapi/master/data/v2/csv/pokemon.csv;https://raw.githubusercontent.com/PokeAPI/pokeapi/master/data/v2/csv/pokemon_forms.csv;https://raw.githubusercontent.com/PokeAPI/pokeapi/master/data/v2/csv/pokemon_form_names.csv
820,21,Habitak,habitak,Spearow,spearow,LC,15,0,0,,0,,0,0,never_picked,https://raw.githubusercontent.com/PokeAPI/pokeapi/master/data/v2/csv/pokemon_species_names.csv;https://raw.githubusercontent.com/PokeAPI/pokeapi/master/data/v2/csv/languages.csv;https://raw.githubusercontent.com/PokeAPI/pokeapi/master/data/v2/csv/pokemon.csv;https://raw.githubusercontent.com/PokeAPI/pokeapi/master/data/v2/csv/pokemon_forms.csv;https://raw.githubusercontent.com/PokeAPI/pokeapi/master/data/v2/csv/pokemon_form_names.csv
821,427,Haspiror,haspiror,Buneary,buneary,LC,15,0,0,,0,,0,0,never_picked,https://raw.githubusercontent.com/PokeAPI/pokeapi/master/data/v2/csv/pokemon_species_names.csv;https://raw.githubusercontent.com/PokeAPI/pokeapi/master/data/v2/csv/languages.csv;https://raw.githubusercontent.com/PokeAPI/pokeapi/master/data/v2/csv/pokemon.csv;https://raw.githubusercontent.com/PokeAPI/pokeapi/master/data/v2/csv/pokemon_forms.csv;https://raw.githubusercontent.com/PokeAPI/pokeapi/master/data/v2/csv/pokemon_form_names.csv
822,100,Hisui Voltobal,hisuivoltobal,voltorb-hisui,voltorbhisui,LC,15,0,0,,0,,0,0,never_picked,https://raw.githubusercontent.com/PokeAPI/pokeapi/master/data/v2/csv/pokemon_species_names.csv;https://raw.githubusercontent.com/PokeAPI/pokeapi/master/data/v2/csv/languages.csv;https://raw.githubusercontent.com/PokeAPI/pokeapi/master/data/v2/csv/pokemon.csv;https://raw.githubusercontent.com/PokeAPI/pokeapi/master/data/v2/csv/pokemon_forms.csv;https://raw.githubusercontent.com/PokeAPI/pokeapi/master/data/v2/csv/pokemon_form_names.csv
823,13,Hornliu,hornliu,Weedle,weedle,LC,15,0,0,,0,,0,0,never_picked,https://raw.githubusercontent.com/PokeAPI/pokeapi/master/data/v2/csv/pokemon_species_names.csv;https://raw.githubusercontent.com/PokeAPI/pokeapi/master/data/v2/csv/languages.csv;https://raw.githubusercontent.com/PokeAPI/pokeapi/master/data/v2/csv/pokemon.csv;https://raw.githubusercontent.com/PokeAPI/pokeapi/master/data/v2/csv/pokemon_forms.csv;https://raw.githubusercontent.com/PokeAPI/pokeapi/master/data/v2/csv/pokemon_form_names.csv
824,710,Irrbis,irrbis,Pumpkaboo,pumpkaboo,LC,15,0,0,,0,,0,0,never_picked,https://raw.githubusercontent.com/PokeAPI/pokeapi/master/data/v2/csv/pokemon_species_names.csv;https://raw.githubusercontent.com/PokeAPI/pokeapi/master/data/v2/csv/languages.csv;https://raw.githubusercontent.com/PokeAPI/pokeapi/master/data/v2/csv/pokemon.csv;https://raw.githubusercontent.com/PokeAPI/pokeapi/master/data/v2/csv/pokemon_forms.csv;https://raw.githubusercontent.com/PokeAPI/pokeapi/master/data/v2/csv/pokemon_form_names.csv
825,360,Isso,isso,Wynaut,wynaut,LC,15,0,0,,0,,0,0,never_picked,https://raw.githubusercontent.com/PokeAPI/pokeapi/master/data/v2/csv/pokemon_species_names.csv;https://raw.githubusercontent.com/PokeAPI/pokeapi/master/data/v2/csv/languages.csv;https://raw.githubusercontent.com/PokeAPI/pokeapi/master/data/v2/csv/pokemon.csv;https://raw.githubusercontent.com/PokeAPI/pokeapi/master/data/v2/csv/pokemon_forms.csv;https://raw.githubusercontent.com/PokeAPI/pokeapi/master/data/v2/csv/pokemon_form_names.csv
826,140,Kabuto,kabuto,Kabuto,kabuto,LC,15,0,0,,0,,0,0,never_picked,https://raw.githubusercontent.com/PokeAPI/pokeapi/master/data/v2/csv/pokemon_species_names.csv;https://raw.githubusercontent.com/PokeAPI/pokeapi/master/data/v2/csv/languages.csv;https://raw.githubusercontent.com/PokeAPI/pokeapi/master/data/v2/csv/pokemon.csv;https://raw.githubusercontent.com/PokeAPI/pokeapi/master/data/v2/csv/pokemon_forms.csv;https://raw.githubusercontent.com/PokeAPI/pokeapi/master/data/v2/csv/pokemon_form_names.csv
827,318,Kanivanha,kanivanha,Carvanha,carvanha,LC,15,0,0,,0,,0,0,never_picked,https://raw.githubusercontent.com/PokeAPI/pokeapi/master/data/v2/csv/pokemon_species_names.csv;https://raw.githubusercontent.com/PokeAPI/pokeapi/master/data/v2/csv/languages.csv;https://raw.githubusercontent.com/PokeAPI/pokeapi/master/data/v2/csv/pokemon.csv;https://raw.githubusercontent.com/PokeAPI/pokeapi/master/data/v2/csv/pokemon_forms.csv;https://raw.githubusercontent.com/PokeAPI/pokeapi/master/data/v2/csv/pokemon_form_names.csv
828,597,Kastadur,kastadur,Ferroseed,ferroseed,LC,15,0,0,,0,,0,0,never_picked,https://raw.githubusercontent.com/PokeAPI/pokeapi/master/data/v2/csv/pokemon_species_names.csv;https://raw.githubusercontent.com/PokeAPI/pokeapi/master/data/v2/csv/languages.csv;https://raw.githubusercontent.com/PokeAPI/pokeapi/master/data/v2/csv/pokemon.csv;https://raw.githubusercontent.com/PokeAPI/pokeapi/master/data/v2/csv/pokemon_forms.csv;https://raw.githubusercontent.com/PokeAPI/pokeapi/master/data/v2/csv/pokemon_form_names.csv
829,524,Kiesling,kiesling,Roggenrola,roggenrola,LC,15,0,0,,0,,0,0,never_picked,https://raw.githubusercontent.com/PokeAPI/pokeapi/master/data/v2/csv/pokemon_species_names.csv;https://raw.githubusercontent.com/PokeAPI/pokeapi/master/data/v2/csv/languages.csv;https://raw.githubusercontent.com/PokeAPI/pokeapi/master/data/v2/csv/pokemon.csv;https://raw.githubusercontent.com/PokeAPI/pokeapi/master/data/v2/csv/pokemon_forms.csv;https://raw.githubusercontent.com/PokeAPI/pokeapi/master/data/v2/csv/pokemon_form_names.csv
830,420,Kikugi,kikugi,Cherubi,cherubi,LC,15,0,0,,0,,0,0,never_picked,https://raw.githubusercontent.com/PokeAPI/pokeapi/master/data/v2/csv/pokemon_species_names.csv;https://raw.githubusercontent.com/PokeAPI/pokeapi/master/data/v2/csv/languages.csv;https://raw.githubusercontent.com/PokeAPI/pokeapi/master/data/v2/csv/pokemon.csv;https://raw.githubusercontent.com/PokeAPI/pokeapi/master/data/v2/csv/pokemon_forms.csv;https://raw.githubusercontent.com/PokeAPI/pokeapi/master/data/v2/csv/pokemon_form_names.csv
831,827,Kleptifux,kleptifux,Nickit,nickit,LC,15,0,0,,0,,0,0,never_picked,https://raw.githubusercontent.com/PokeAPI/pokeapi/master/data/v2/csv/pokemon_species_names.csv;https://raw.githubusercontent.com/PokeAPI/pokeapi/master/data/v2/csv/languages.csv;https://raw.githubusercontent.com/PokeAPI/pokeapi/master/data/v2/csv/pokemon.csv;https://raw.githubusercontent.com/PokeAPI/pokeapi/master/data/v2/csv/pokemon_forms.csv;https://raw.githubusercontent.com/PokeAPI/pokeapi/master/data/v2/csv/pokemon_form_names.csv
832,599,Klikk,klikk,Klink,klink,LC,15,0,0,,0,,0,0,never_picked,https://raw.githubusercontent.com/PokeAPI/pokeapi/master/data/v2/csv/pokemon_species_names.csv;https://raw.githubusercontent.com/PokeAPI/pokeapi/master/data/v2/csv/languages.csv;https://raw.githubusercontent.com/PokeAPI/pokeapi/master/data/v2/csv/pokemon.csv;https://raw.githubusercontent.com/PokeAPI/pokeapi/master/data/v2/csv/pokemon_forms.csv;https://raw.githubusercontent.com/PokeAPI/pokeapi/master/data/v2/csv/pokemon_form_names.csv
833,852,Klopptopus,klopptopus,Clobbopus,clobbopus,LC,15,0,0,,0,,0,0,never_picked,https://raw.githubusercontent.com/PokeAPI/pokeapi/master/data/v2/csv/pokemon_species_names.csv;https://raw.githubusercontent.com/PokeAPI/pokeapi/master/data/v2/csv/languages.csv;https://raw.githubusercontent.com/PokeAPI/pokeapi/master/data/v2/csv/pokemon.csv;https://raw.githubusercontent.com/PokeAPI/pokeapi/master/data/v2/csv/pokemon_forms.csv;https://raw.githubusercontent.com/PokeAPI/pokeapi/master/data/v2/csv/pokemon_form_names.csv
834,406,Knospi,knospi,Budew,budew,LC,15,0,0,,0,,0,0,never_picked,https://raw.githubusercontent.com/PokeAPI/pokeapi/master/data/v2/csv/pokemon_species_names.csv;https://raw.githubusercontent.com/PokeAPI/pokeapi/master/data/v2/csv/languages.csv;https://raw.githubusercontent.com/PokeAPI/pokeapi/master/data/v2/csv/pokemon.csv;https://raw.githubusercontent.com/PokeAPI/pokeapi/master/data/v2/csv/pokemon_forms.csv;https://raw.githubusercontent.com/PokeAPI/pokeapi/master/data/v2/csv/pokemon_form_names.csv
835,98,Krabby,krabby,Krabby,krabby,LC,15,0,0,,0,,0,0,never_picked,https://raw.githubusercontent.com/PokeAPI/pokeapi/master/data/v2/csv/pokemon_species_names.csv;https://raw.githubusercontent.com/PokeAPI/pokeapi/master/data/v2/csv/languages.csv;https://raw.githubusercontent.com/PokeAPI/pokeapi/master/data/v2/csv/pokemon.csv;https://raw.githubusercontent.com/PokeAPI/pokeapi/master/data/v2/csv/pokemon_forms.csv;https://raw.githubusercontent.com/PokeAPI/pokeapi/master/data/v2/csv/pokemon_form_names.csv
836,238,Kussilla,kussilla,Smoochum,smoochum,LC,15,0,0,,0,,0,0,never_picked,https://raw.githubusercontent.com/PokeAPI/pokeapi/master/data/v2/csv/pokemon_species_names.csv;https://raw.githubusercontent.com/PokeAPI/pokeapi/master/data/v2/csv/languages.csv;https://raw.githubusercontent.com/PokeAPI/pokeapi/master/data/v2/csv/pokemon.csv;https://raw.githubusercontent.com/PokeAPI/pokeapi/master/data/v2/csv/pokemon_forms.csv;https://raw.githubusercontent.com/PokeAPI/pokeapi/master/data/v2/csv/pokemon_form_names.csv
837,588,Laukaps,laukaps,Karrablast,karrablast,LC,15,0,0,,0,,0,0,never_picked,https://raw.githubusercontent.com/PokeAPI/pokeapi/master/data/v2/csv/pokemon_species_names.csv;https://raw.githubusercontent.com/PokeAPI/pokeapi/master/data/v2/csv/languages.csv;https://raw.githubusercontent.com/PokeAPI/pokeapi/master/data/v2/csv/pokemon.csv;https://raw.githubusercontent.com/PokeAPI/pokeapi/master/data/v2/csv/pokemon_forms.csv;https://raw.githubusercontent.com/PokeAPI/pokeapi/master/data/v2/csv/pokemon_form_names.csv
838,165,Ledyba,ledyba,Ledyba,ledyba,LC,15,0,0,,0,,0,0,never_picked,https://raw.githubusercontent.com/PokeAPI/pokeapi/master/data/v2/csv/pokemon_species_names.csv;https://raw.githubusercontent.com/PokeAPI/pokeapi/master/data/v2/csv/languages.csv;https://raw.githubusercontent.com/PokeAPI/pokeapi/master/data/v2/csv/pokemon.csv;https://raw.githubusercontent.com/PokeAPI/pokeapi/master/data/v2/csv/pokemon_forms.csv;https://raw.githubusercontent.com/PokeAPI/pokeapi/master/data/v2/csv/pokemon_form_names.csv
839,345,Liliep,liliep,Lileep,lileep,LC,15,0,0,,0,,0,0,never_picked,https://raw.githubusercontent.com/PokeAPI/pokeapi/master/data/v2/csv/pokemon_species_names.csv;https://raw.githubusercontent.com/PokeAPI/pokeapi/master/data/v2/csv/languages.csv;https://raw.githubusercontent.com/PokeAPI/pokeapi/master/data/v2/csv/pokemon.csv;https://raw.githubusercontent.com/PokeAPI/pokeapi/master/data/v2/csv/pokemon_forms.csv;https://raw.githubusercontent.com/PokeAPI/pokeapi/master/data/v2/csv/pokemon_form_names.csv
840,557,Lithomith,lithomith,Dwebble,dwebble,LC,15,0,0,,0,,0,0,never_picked,https://raw.githubusercontent.com/PokeAPI/pokeapi/master/data/v2/csv/pokemon_species_names.csv;https://raw.githubusercontent.com/PokeAPI/pokeapi/master/data/v2/csv/languages.csv;https://raw.githubusercontent.com/PokeAPI/pokeapi/master/data/v2/csv/pokemon.csv;https://raw.githubusercontent.com/PokeAPI/pokeapi/master/data/v2/csv/pokemon_forms.csv;https://raw.githubusercontent.com/PokeAPI/pokeapi/master/data/v2/csv/pokemon_form_names.csv
841,66,Machollo,machollo,Machop,machop,LC,15,0,0,,0,,0,0,never_picked,https://raw.githubusercontent.com/PokeAPI/pokeapi/master/data/v2/csv/pokemon_species_names.csv;https://raw.githubusercontent.com/PokeAPI/pokeapi/master/data/v2/csv/languages.csv;https://raw.githubusercontent.com/PokeAPI/pokeapi/master/data/v2/csv/pokemon.csv;https://raw.githubusercontent.com/PokeAPI/pokeapi/master/data/v2/csv/pokemon_forms.csv;https://raw.githubusercontent.com/PokeAPI/pokeapi/master/data/v2/csv/pokemon_form_names.csv
842,562,Makabaja,makabaja,Yamask,yamask,LC,15,0,0,,0,,0,0,never_picked,https://raw.githubusercontent.com/PokeAPI/pokeapi/master/data/v2/csv/pokemon_species_names.csv;https://raw.githubusercontent.com/PokeAPI/pokeapi/master/data/v2/csv/languages.csv;https://raw.githubusercontent.com/PokeAPI/pokeapi/master/data/v2/csv/pokemon.csv;https://raw.githubusercontent.com/PokeAPI/pokeapi/master/data/v2/csv/pokemon_forms.csv;https://raw.githubusercontent.com/PokeAPI/pokeapi/master/data/v2/csv/pokemon_form_names.csv
843,458,Mantirps,mantirps,Mantyke,mantyke,LC,15,0,0,,0,,0,0,never_picked,https://raw.githubusercontent.com/PokeAPI/pokeapi/master/data/v2/csv/pokemon_species_names.csv;https://raw.githubusercontent.com/PokeAPI/pokeapi/master/data/v2/csv/languages.csv;https://raw.githubusercontent.com/PokeAPI/pokeapi/master/data/v2/csv/pokemon.csv;https://raw.githubusercontent.com/PokeAPI/pokeapi/master/data/v2/csv/pokemon_forms.csv;https://raw.githubusercontent.com/PokeAPI/pokeapi/master/data/v2/csv/pokemon_form_names.csv
844,504,Nagelotz,nagelotz,Patrat,patrat,LC,15,0,0,,0,,0,0,never_picked,https://raw.githubusercontent.com/PokeAPI/pokeapi/master/data/v2/csv/pokemon_species_names.csv;https://raw.githubusercontent.com/PokeAPI/pokeapi/master/data/v2/csv/languages.csv;https://raw.githubusercontent.com/PokeAPI/pokeapi/master/data/v2/csv/pokemon.csv;https://raw.githubusercontent.com/PokeAPI/pokeapi/master/data/v2/csv/pokemon_forms.csv;https://raw.githubusercontent.com/PokeAPI/pokeapi/master/data/v2/csv/pokemon_form_names.csv
845,177,Natu,natu,Natu,natu,LC,15,0,0,,0,,0,0,never_picked,https://raw.githubusercontent.com/PokeAPI/pokeapi/master/data/v2/csv/pokemon_species_names.csv;https://raw.githubusercontent.com/PokeAPI/pokeapi/master/data/v2/csv/languages.csv;https://raw.githubusercontent.com/PokeAPI/pokeapi/master/data/v2/csv/pokemon.csv;https://raw.githubusercontent.com/PokeAPI/pokeapi/master/data/v2/csv/pokemon_forms.csv;https://raw.githubusercontent.com/PokeAPI/pokeapi/master/data/v2/csv/pokemon_form_names.csv
846,29,Nidoran♀,nidoranf,Nidoran♀,nidoranf,LC,15,0,0,,0,,0,0,never_picked,https://raw.githubusercontent.com/PokeAPI/pokeapi/master/data/v2/csv/pokemon_species_names.csv;https://raw.githubusercontent.com/PokeAPI/pokeapi/master/data/v2/csv/languages.csv;https://raw.githubusercontent.com/PokeAPI/pokeapi/master/data/v2/csv/pokemon.csv;https://raw.githubusercontent.com/PokeAPI/pokeapi/master/data/v2/csv/pokemon_forms.csv;https://raw.githubusercontent.com/PokeAPI/pokeapi/master/data/v2/csv/pokemon_form_names.csv
847,32,Nidoran♂,nidoranm,Nidoran♂,nidoranm,LC,15,0,0,,0,,0,0,never_picked,https://raw.githubusercontent.com/PokeAPI/pokeapi/master/data/v2/csv/pokemon_species_names.csv;https://raw.githubusercontent.com/PokeAPI/pokeapi/master/data/v2/csv/languages.csv;https://raw.githubusercontent.com/PokeAPI/pokeapi/master/data/v2/csv/pokemon.csv;https://raw.githubusercontent.com/PokeAPI/pokeapi/master/data/v2/csv/pokemon_forms.csv;https://raw.githubusercontent.com/PokeAPI/pokeapi/master/data/v2/csv/pokemon_form_names.csv
848,290,Nincada,nincada,Nincada,nincada,LC,15,0,0,,0,,0,0,never_picked,https://raw.githubusercontent.com/PokeAPI/pokeapi/master/data/v2/csv/pokemon_species_names.csv;https://raw.githubusercontent.com/PokeAPI/pokeapi/master/data/v2/csv/languages.csv;https://raw.githubusercontent.com/PokeAPI/pokeapi/master/data/v2/csv/pokemon.csv;https://raw.githubusercontent.com/PokeAPI/pokeapi/master/data/v2/csv/pokemon_forms.csv;https://raw.githubusercontent.com/PokeAPI/pokeapi/master/data/v2/csv/pokemon_form_names.csv
849,95,Onix,onix,Onix,onix,LC,15,0,0,,0,,0,0,never_picked,https://raw.githubusercontent.com/PokeAPI/pokeapi/master/data/v2/csv/pokemon_species_names.csv;https://raw.githubusercontent.com/PokeAPI/pokeapi/master/data/v2/csv/languages.csv;https://raw.githubusercontent.com/PokeAPI/pokeapi/master/data/v2/csv/pokemon.csv;https://raw.githubusercontent.com/PokeAPI/pokeapi/master/data/v2/csv/pokemon_forms.csv;https://raw.githubusercontent.com/PokeAPI/pokeapi/master/data/v2/csv/pokemon_form_names.csv
850,674,Pam-Pam,pampam,Pancham,pancham,LC,15,0,0,,0,,0,0,never_picked,https://raw.githubusercontent.com/PokeAPI/pokeapi/master/data/v2/csv/pokemon_species_names.csv;https://raw.githubusercontent.com/PokeAPI/pokeapi/master/data/v2/csv/languages.csv;https://raw.githubusercontent.com/PokeAPI/pokeapi/master/data/v2/csv/pokemon.csv;https://raw.githubusercontent.com/PokeAPI/pokeapi/master/data/v2/csv/pokemon_forms.csv;https://raw.githubusercontent.com/PokeAPI/pokeapi/master/data/v2/csv/pokemon_form_names.csv
851,439,Pantimimi,pantimimi,Mime Jr.,mimejr,LC,15,0,0,,0,,0,0,never_picked,https://raw.githubusercontent.com/PokeAPI/pokeapi/master/data/v2/csv/pokemon_species_names.csv;https://raw.githubusercontent.com/PokeAPI/pokeapi/master/data/v2/csv/languages.csv;https://raw.githubusercontent.com/PokeAPI/pokeapi/master/data/v2/csv/pokemon.csv;https://raw.githubusercontent.com/PokeAPI/pokeapi/master/data/v2/csv/pokemon_forms.csv;https://raw.githubusercontent.com/PokeAPI/pokeapi/master/data/v2/csv/pokemon_form_names.csv
852,46,Paras,paras,Paras,paras,LC,15,0,0,,0,,0,0,never_picked,https://raw.githubusercontent.com/PokeAPI/pokeapi/master/data/v2/csv/pokemon_species_names.csv;https://raw.githubusercontent.com/PokeAPI/pokeapi/master/data/v2/csv/languages.csv;https://raw.githubusercontent.com/PokeAPI/pokeapi/master/data/v2/csv/pokemon.csv;https://raw.githubusercontent.com/PokeAPI/pokeapi/master/data/v2/csv/pokemon_forms.csv;https://raw.githubusercontent.com/PokeAPI/pokeapi/master/data/v2/csv/pokemon_form_names.csv
853,682,Parfi,parfi,Spritzee,spritzee,LC,15,0,0,,0,,0,0,never_picked,https://raw.githubusercontent.com/PokeAPI/pokeapi/master/data/v2/csv/pokemon_species_names.csv;https://raw.githubusercontent.com/PokeAPI/pokeapi/master/data/v2/csv/languages.csv;https://raw.githubusercontent.com/PokeAPI/pokeapi/master/data/v2/csv/pokemon.csv;https://raw.githubusercontent.com/PokeAPI/pokeapi/master/data/v2/csv/pokemon_forms.csv;https://raw.githubusercontent.com/PokeAPI/pokeapi/master/data/v2/csv/pokemon_form_names.csv
854,451,Pionskora,pionskora,Skorupi,skorupi,LC,15,0,0,,0,,0,0,never_picked,https://raw.githubusercontent.com/PokeAPI/pokeapi/master/data/v2/csv/pokemon_species_names.csv;https://raw.githubusercontent.com/PokeAPI/pokeapi/master/data/v2/csv/languages.csv;https://raw.githubusercontent.com/PokeAPI/pokeapi/master/data/v2/csv/pokemon.csv;https://raw.githubusercontent.com/PokeAPI/pokeapi/master/data/v2/csv/pokemon_forms.csv;https://raw.githubusercontent.com/PokeAPI/pokeapi/master/data/v2/csv/pokemon_form_names.csv
855,77,Ponita,ponita,Ponyta,ponyta,LC,15,0,0,,0,,0,0,never_picked,https://raw.githubusercontent.com/PokeAPI/pokeapi/master/data/v2/csv/pokemon_species_names.csv;https://raw.githubusercontent.com/PokeAPI/pokeapi/master/data/v2/csv/languages.csv;https://raw.githubusercontent.com/PokeAPI/pokeapi/master/data/v2/csv/pokemon.csv;https://raw.githubusercontent.com/PokeAPI/pokeapi/master/data/v2/csv/pokemon_forms.csv;https://raw.githubusercontent.com/PokeAPI/pokeapi/master/data/v2/csv/pokemon_form_names.csv
856,343,Puppance,puppance,Baltoy,baltoy,LC,15,0,0,,0,,0,0,never_picked,https://raw.githubusercontent.com/PokeAPI/pokeapi/master/data/v2/csv/pokemon_species_names.csv;https://raw.githubusercontent.com/PokeAPI/pokeapi/master/data/v2/csv/languages.csv;https://raw.githubusercontent.com/PokeAPI/pokeapi/master/data/v2/csv/pokemon.csv;https://raw.githubusercontent.com/PokeAPI/pokeapi/master/data/v2/csv/pokemon_forms.csv;https://raw.githubusercontent.com/PokeAPI/pokeapi/master/data/v2/csv/pokemon_form_names.csv
857,605,Pygraulon,pygraulon,Elgyem,elgyem,LC,15,0,0,,0,,0,0,never_picked,https://raw.githubusercontent.com/PokeAPI/pokeapi/master/data/v2/csv/pokemon_species_names.csv;https://raw.githubusercontent.com/PokeAPI/pokeapi/master/data/v2/csv/languages.csv;https://raw.githubusercontent.com/PokeAPI/pokeapi/master/data/v2/csv/pokemon.csv;https://raw.githubusercontent.com/PokeAPI/pokeapi/master/data/v2/csv/pokemon_forms.csv;https://raw.githubusercontent.com/PokeAPI/pokeapi/master/data/v2/csv/pokemon_form_names.csv
858,592,Quabbel,quabbel,Frillish,frillish,LC,15,0,0,,0,,0,0,never_picked,https://raw.githubusercontent.com/PokeAPI/pokeapi/master/data/v2/csv/pokemon_species_names.csv;https://raw.githubusercontent.com/PokeAPI/pokeapi/master/data/v2/csv/languages.csv;https://raw.githubusercontent.com/PokeAPI/pokeapi/master/data/v2/csv/pokemon.csv;https://raw.githubusercontent.com/PokeAPI/pokeapi/master/data/v2/csv/pokemon_forms.csv;https://raw.githubusercontent.com/PokeAPI/pokeapi/master/data/v2/csv/pokemon_form_names.csv
859,19,Rattfratz,rattfratz,Rattata,rattata,LC,15,0,0,,0,,0,0,never_picked,https://raw.githubusercontent.com/PokeAPI/pokeapi/master/data/v2/csv/pokemon_species_names.csv;https://raw.githubusercontent.com/PokeAPI/pokeapi/master/data/v2/csv/languages.csv;https://raw.githubusercontent.com/PokeAPI/pokeapi/master/data/v2/csv/pokemon.csv;https://raw.githubusercontent.com/PokeAPI/pokeapi/master/data/v2/csv/pokemon_forms.csv;https://raw.githubusercontent.com/PokeAPI/pokeapi/master/data/v2/csv/pokemon_form_names.csv
860,10,Raupy,raupy,Caterpie,caterpie,LC,15,0,0,,0,,0,0,never_picked,https://raw.githubusercontent.com/PokeAPI/pokeapi/master/data/v2/csv/pokemon_species_names.csv;https://raw.githubusercontent.com/PokeAPI/pokeapi/master/data/v2/csv/languages.csv;https://raw.githubusercontent.com/PokeAPI/pokeapi/master/data/v2/csv/pokemon.csv;https://raw.githubusercontent.com/PokeAPI/pokeapi/master/data/v2/csv/pokemon_forms.csv;https://raw.githubusercontent.com/PokeAPI/pokeapi/master/data/v2/csv/pokemon_form_names.csv
861,767,Reißlaus,reisslaus,Wimpod,wimpod,LC,15,0,0,,0,,0,0,never_picked,https://raw.githubusercontent.com/PokeAPI/pokeapi/master/data/v2/csv/pokemon_species_names.csv;https://raw.githubusercontent.com/PokeAPI/pokeapi/master/data/v2/csv/languages.csv;https://raw.githubusercontent.com/PokeAPI/pokeapi/master/data/v2/csv/pokemon.csv;https://raw.githubusercontent.com/PokeAPI/pokeapi/master/data/v2/csv/pokemon_forms.csv;https://raw.githubusercontent.com/PokeAPI/pokeapi/master/data/v2/csv/pokemon_form_names.csv
862,223,Remoraid,remoraid,Remoraid,remoraid,LC,15,0,0,,0,,0,0,never_picked,https://raw.githubusercontent.com/PokeAPI/pokeapi/master/data/v2/csv/pokemon_species_names.csv;https://raw.githubusercontent.com/PokeAPI/pokeapi/master/data/v2/csv/languages.csv;https://raw.githubusercontent.com/PokeAPI/pokeapi/master/data/v2/csv/pokemon.csv;https://raw.githubusercontent.com/PokeAPI/pokeapi/master/data/v2/csv/pokemon_forms.csv;https://raw.githubusercontent.com/PokeAPI/pokeapi/master/data/v2/csv/pokemon_form_names.csv
863,535,Schallquap,schallquap,Tympole,tympole,LC,15,0,0,,0,,0,0,never_picked,https://raw.githubusercontent.com/PokeAPI/pokeapi/master/data/v2/csv/pokemon_species_names.csv;https://raw.githubusercontent.com/PokeAPI/pokeapi/master/data/v2/csv/languages.csv;https://raw.githubusercontent.com/PokeAPI/pokeapi/master/data/v2/csv/pokemon.csv;https://raw.githubusercontent.com/PokeAPI/pokeapi/master/data/v2/csv/pokemon_forms.csv;https://raw.githubusercontent.com/PokeAPI/pokeapi/master/data/v2/csv/pokemon_form_names.csv
864,108,Schlurp,schlurp,Lickitung,lickitung,LC,15,0,0,,0,,0,0,never_picked,https://raw.githubusercontent.com/PokeAPI/pokeapi/master/data/v2/csv/pokemon_species_names.csv;https://raw.githubusercontent.com/PokeAPI/pokeapi/master/data/v2/csv/languages.csv;https://raw.githubusercontent.com/PokeAPI/pokeapi/master/data/v2/csv/pokemon.csv;https://raw.githubusercontent.com/PokeAPI/pokeapi/master/data/v2/csv/pokemon_forms.csv;https://raw.githubusercontent.com/PokeAPI/pokeapi/master/data/v2/csv/pokemon_form_names.csv
865,276,Schwalbini,schwalbini,Taillow,taillow,LC,15,0,0,,0,,0,0,never_picked,https://raw.githubusercontent.com/PokeAPI/pokeapi/master/data/v2/csv/pokemon_species_names.csv;https://raw.githubusercontent.com/PokeAPI/pokeapi/master/data/v2/csv/languages.csv;https://raw.githubusercontent.com/PokeAPI/pokeapi/master/data/v2/csv/pokemon.csv;https://raw.githubusercontent.com/PokeAPI/pokeapi/master/data/v2/csv/pokemon_forms.csv;https://raw.githubusercontent.com/PokeAPI/pokeapi/master/data/v2/csv/pokemon_form_names.csv
866,659,Scoppel,scoppel,Bunnelby,bunnelby,LC,15,0,0,,0,,0,0,never_picked,https://raw.githubusercontent.com/PokeAPI/pokeapi/master/data/v2/csv/pokemon_species_names.csv;https://raw.githubusercontent.com/PokeAPI/pokeapi/master/data/v2/csv/languages.csv;https://raw.githubusercontent.com/PokeAPI/pokeapi/master/data/v2/csv/pokemon.csv;https://raw.githubusercontent.com/PokeAPI/pokeapi/master/data/v2/csv/pokemon_forms.csv;https://raw.githubusercontent.com/PokeAPI/pokeapi/master/data/v2/csv/pokemon_form_names.csv
867,363,Seemops,seemops,Spheal,spheal,LC,15,0,0,,0,,0,0,never_picked,https://raw.githubusercontent.com/PokeAPI/pokeapi/master/data/v2/csv/pokemon_species_names.csv;https://raw.githubusercontent.com/PokeAPI/pokeapi/master/data/v2/csv/languages.csv;https://raw.githubusercontent.com/PokeAPI/pokeapi/master/data/v2/csv/pokemon.csv;https://raw.githubusercontent.com/PokeAPI/pokeapi/master/data/v2/csv/pokemon_forms.csv;https://raw.githubusercontent.com/PokeAPI/pokeapi/master/data/v2/csv/pokemon_form_names.csv
868,824,Sensect,sensect,Blipbug,blipbug,LC,15,0,0,,0,,0,0,never_picked,https://raw.githubusercontent.com/PokeAPI/pokeapi/master/data/v2/csv/pokemon_species_names.csv;https://raw.githubusercontent.com/PokeAPI/pokeapi/master/data/v2/csv/languages.csv;https://raw.githubusercontent.com/PokeAPI/pokeapi/master/data/v2/csv/pokemon.csv;https://raw.githubusercontent.com/PokeAPI/pokeapi/master/data/v2/csv/pokemon_forms.csv;https://raw.githubusercontent.com/PokeAPI/pokeapi/master/data/v2/csv/pokemon_form_names.csv
869,515,Sodamak,sodamak,Panpour,panpour,LC,15,0,0,,0,,0,0,never_picked,https://raw.githubusercontent.com/PokeAPI/pokeapi/master/data/v2/csv/pokemon_species_names.csv;https://raw.githubusercontent.com/PokeAPI/pokeapi/master/data/v2/csv/languages.csv;https://raw.githubusercontent.com/PokeAPI/pokeapi/master/data/v2/csv/pokemon.csv;https://raw.githubusercontent.com/PokeAPI/pokeapi/master/data/v2/csv/pokemon_forms.csv;https://raw.githubusercontent.com/PokeAPI/pokeapi/master/data/v2/csv/pokemon_form_names.csv
870,517,Somniam,somniam,Munna,munna,LC,15,0,0,,0,,0,0,never_picked,https://raw.githubusercontent.com/PokeAPI/pokeapi/master/data/v2/csv/pokemon_species_names.csv;https://raw.githubusercontent.com/PokeAPI/pokeapi/master/data/v2/csv/languages.csv;https://raw.githubusercontent.com/PokeAPI/pokeapi/master/data/v2/csv/pokemon.csv;https://raw.githubusercontent.com/PokeAPI/pokeapi/master/data/v2/csv/pokemon_forms.csv;https://raw.githubusercontent.com/PokeAPI/pokeapi/master/data/v2/csv/pokemon_form_names.csv
871,120,Sterndu,sterndu,Staryu,staryu,LC,15,0,0,,0,,0,0,never_picked,https://raw.githubusercontent.com/PokeAPI/pokeapi/master/data/v2/csv/pokemon_species_names.csv;https://raw.githubusercontent.com/PokeAPI/pokeapi/master/data/v2/csv/languages.csv;https://raw.githubusercontent.com/PokeAPI/pokeapi/master/data/v2/csv/pokemon.csv;https://raw.githubusercontent.com/PokeAPI/pokeapi/master/data/v2/csv/pokemon_forms.csv;https://raw.githubusercontent.com/PokeAPI/pokeapi/master/data/v2/csv/pokemon_form_names.csv
872,304,Stollunior,stollunior,Aron,aron,LC,15,0,0,,0,,0,0,never_picked,https://raw.githubusercontent.com/PokeAPI/pokeapi/master/data/v2/csv/pokemon_species_names.csv;https://raw.githubusercontent.com/PokeAPI/pokeapi/master/data/v2/csv/languages.csv;https://raw.githubusercontent.com/PokeAPI/pokeapi/master/data/v2/csv/pokemon.csv;https://raw.githubusercontent.com/PokeAPI/pokeapi/master/data/v2/csv/pokemon_forms.csv;https://raw.githubusercontent.com/PokeAPI/pokeapi/master/data/v2/csv/pokemon_form_names.csv
873,16,Taubsi,taubsi,Pidgey,pidgey,LC,15,0,0,,0,,0,0,never_picked,https://raw.githubusercontent.com/PokeAPI/pokeapi/master/data/v2/csv/pokemon_species_names.csv;https://raw.githubusercontent.com/PokeAPI/pokeapi/master/data/v2/csv/languages.csv;https://raw.githubusercontent.com/PokeAPI/pokeapi/master/data/v2/csv/pokemon.csv;https://raw.githubusercontent.com/PokeAPI/pokeapi/master/data/v2/csv/pokemon_forms.csv;https://raw.githubusercontent.com/PokeAPI/pokeapi/master/data/v2/csv/pokemon_form_names.csv
874,850,Thermopod,thermopod,Sizzlipede,sizzlipede,LC,15,0,0,,0,,0,0,never_picked,https://raw.githubusercontent.com/PokeAPI/pokeapi/master/data/v2/csv/pokemon_species_names.csv;https://raw.githubusercontent.com/PokeAPI/pokeapi/master/data/v2/csv/languages.csv;https://raw.githubusercontent.com/PokeAPI/pokeapi/master/data/v2/csv/pokemon.csv;https://raw.githubusercontent.com/PokeAPI/pokeapi/master/data/v2/csv/pokemon_forms.csv;https://raw.githubusercontent.com/PokeAPI/pokeapi/master/data/v2/csv/pokemon_form_names.csv
875,175,Togepi,togepi,Togepi,togepi,LC,15,0,0,,0,,0,0,never_picked,https://raw.githubusercontent.com/PokeAPI/pokeapi/master/data/v2/csv/pokemon_species_names.csv;https://raw.githubusercontent.com/PokeAPI/pokeapi/master/data/v2/csv/languages.csv;https://raw.githubusercontent.com/PokeAPI/pokeapi/master/data/v2/csv/pokemon.csv;https://raw.githubusercontent.com/PokeAPI/pokeapi/master/data/v2/csv/pokemon_forms.csv;https://raw.githubusercontent.com/PokeAPI/pokeapi/master/data/v2/csv/pokemon_form_names.csv
876,543,Toxiped,toxiped,Venipede,venipede,LC,15,0,0,,0,,0,0,never_picked,https://raw.githubusercontent.com/PokeAPI/pokeapi/master/data/v2/csv/pokemon_species_names.csv;https://raw.githubusercontent.com/PokeAPI/pokeapi/master/data/v2/csv/languages.csv;https://raw.githubusercontent.com/PokeAPI/pokeapi/master/data/v2/csv/pokemon.csv;https://raw.githubusercontent.com/PokeAPI/pokeapi/master/data/v2/csv/pokemon_forms.csv;https://raw.githubusercontent.com/PokeAPI/pokeapi/master/data/v2/csv/pokemon_form_names.csv
877,104,Tragosso,tragosso,Cubone,cubone,LC,15,0,0,,0,,0,0,never_picked,https://raw.githubusercontent.com/PokeAPI/pokeapi/master/data/v2/csv/pokemon_species_names.csv;https://raw.githubusercontent.com/PokeAPI/pokeapi/master/data/v2/csv/languages.csv;https://raw.githubusercontent.com/PokeAPI/pokeapi/master/data/v2/csv/pokemon.csv;https://raw.githubusercontent.com/PokeAPI/pokeapi/master/data/v2/csv/pokemon_forms.csv;https://raw.githubusercontent.com/PokeAPI/pokeapi/master/data/v2/csv/pokemon_form_names.csv
878,568,Unratütox,unratutox,Trubbish,trubbish,LC,15,0,0,,0,,0,0,never_picked,https://raw.githubusercontent.com/PokeAPI/pokeapi/master/data/v2/csv/pokemon_species_names.csv;https://raw.githubusercontent.com/PokeAPI/pokeapi/master/data/v2/csv/languages.csv;https://raw.githubusercontent.com/PokeAPI/pokeapi/master/data/v2/csv/pokemon.csv;https://raw.githubusercontent.com/PokeAPI/pokeapi/master/data/v2/csv/pokemon_forms.csv;https://raw.githubusercontent.com/PokeAPI/pokeapi/master/data/v2/csv/pokemon_form_names.csv
879,511,Vegimak,vegimak,Pansage,pansage,LC,15,0,0,,0,,0,0,never_picked,https://raw.githubusercontent.com/PokeAPI/pokeapi/master/data/v2/csv/pokemon_species_names.csv;https://raw.githubusercontent.com/PokeAPI/pokeapi/master/data/v2/csv/languages.csv;https://raw.githubusercontent.com/PokeAPI/pokeapi/master/data/v2/csv/pokemon.csv;https://raw.githubusercontent.com/PokeAPI/pokeapi/master/data/v2/csv/pokemon_forms.csv;https://raw.githubusercontent.com/PokeAPI/pokeapi/master/data/v2/csv/pokemon_form_names.csv
880,759,Velursi,velursi,Stufful,stufful,LC,15,0,0,,0,,0,0,never_picked,https://raw.githubusercontent.com/PokeAPI/pokeapi/master/data/v2/csv/pokemon_species_names.csv;https://raw.githubusercontent.com/PokeAPI/pokeapi/master/data/v2/csv/languages.csv;https://raw.githubusercontent.com/PokeAPI/pokeapi/master/data/v2/csv/pokemon.csv;https://raw.githubusercontent.com/PokeAPI/pokeapi/master/data/v2/csv/pokemon_forms.csv;https://raw.githubusercontent.com/PokeAPI/pokeapi/master/data/v2/csv/pokemon_form_names.csv
881,835,Voldi,voldi,Yamper,yamper,LC,15,0,0,,0,,0,0,never_picked,https://raw.githubusercontent.com/PokeAPI/pokeapi/master/data/v2/csv/pokemon_species_names.csv;https://raw.githubusercontent.com/PokeAPI/pokeapi/master/data/v2/csv/languages.csv;https://raw.githubusercontent.com/PokeAPI/pokeapi/master/data/v2/csv/pokemon.csv;https://raw.githubusercontent.com/PokeAPI/pokeapi/master/data/v2/csv/pokemon_forms.csv;https://raw.githubusercontent.com/PokeAPI/pokeapi/master/data/v2/csv/pokemon_form_names.csv
882,37,Vulpix,vulpix,Vulpix,vulpix,LC,15,0,0,,0,,0,0,never_picked,https://raw.githubusercontent.com/PokeAPI/pokeapi/master/data/v2/csv/pokemon_species_names.csv;https://raw.githubusercontent.com/PokeAPI/pokeapi/master/data/v2/csv/languages.csv;https://raw.githubusercontent.com/PokeAPI/pokeapi/master/data/v2/csv/pokemon.csv;https://raw.githubusercontent.com/PokeAPI/pokeapi/master/data/v2/csv/pokemon_forms.csv;https://raw.githubusercontent.com/PokeAPI/pokeapi/master/data/v2/csv/pokemon_form_names.csv
883,320,Wailmer,wailmer,Wailmer,wailmer,LC,15,0,0,,0,,0,0,never_picked,https://raw.githubusercontent.com/PokeAPI/pokeapi/master/data/v2/csv/pokemon_species_names.csv;https://raw.githubusercontent.com/PokeAPI/pokeapi/master/data/v2/csv/languages.csv;https://raw.githubusercontent.com/PokeAPI/pokeapi/master/data/v2/csv/pokemon.csv;https://raw.githubusercontent.com/PokeAPI/pokeapi/master/data/v2/csv/pokemon_forms.csv;https://raw.githubusercontent.com/PokeAPI/pokeapi/master/data/v2/csv/pokemon_form_names.csv
884,265,Waumpel,waumpel,Wurmple,wurmple,LC,15,0,0,,0,,0,0,never_picked,https://raw.githubusercontent.com/PokeAPI/pokeapi/master/data/v2/csv/pokemon_species_names.csv;https://raw.githubusercontent.com/PokeAPI/pokeapi/master/data/v2/csv/languages.csv;https://raw.githubusercontent.com/PokeAPI/pokeapi/master/data/v2/csv/pokemon.csv;https://raw.githubusercontent.com/PokeAPI/pokeapi/master/data/v2/csv/pokemon_forms.csv;https://raw.githubusercontent.com/PokeAPI/pokeapi/master/data/v2/csv/pokemon_form_names.csv
885,831,Wolly,wolly,Wooloo,wooloo,LC,15,0,0,,0,,0,0,never_picked,https://raw.githubusercontent.com/PokeAPI/pokeapi/master/data/v2/csv/pokemon_species_names.csv;https://raw.githubusercontent.com/PokeAPI/pokeapi/master/data/v2/csv/languages.csv;https://raw.githubusercontent.com/PokeAPI/pokeapi/master/data/v2/csv/pokemon.csv;https://raw.githubusercontent.com/PokeAPI/pokeapi/master/data/v2/csv/pokemon_forms.csv;https://raw.githubusercontent.com/PokeAPI/pokeapi/master/data/v2/csv/pokemon_form_names.csv
886,506,Yorkleff,yorkleff,Lillipup,lillipup,LC,15,0,0,,0,,0,0,never_picked,https://raw.githubusercontent.com/PokeAPI/pokeapi/master/data/v2/csv/pokemon_species_names.csv;https://raw.githubusercontent.com/PokeAPI/pokeapi/master/data/v2/csv/languages.csv;https://raw.githubusercontent.com/PokeAPI/pokeapi/master/data/v2/csv/pokemon.csv;https://raw.githubusercontent.com/PokeAPI/pokeapi/master/data/v2/csv/pokemon_forms.csv;https://raw.githubusercontent.com/PokeAPI/pokeapi/master/data/v2/csv/pokemon_form_names.csv
887,41,Zubat,zubat,Zubat,zubat,LC,15,0,0,,0,,0,0,never_picked,https://raw.githubusercontent.com/PokeAPI/pokeapi/master/data/v2/csv/pokemon_species_names.csv;https://raw.githubusercontent.com/PokeAPI/pokeapi/master/data/v2/csv/languages.csv;https://raw.githubusercontent.com/PokeAPI/pokeapi/master/data/v2/csv/pokemon.csv;https://raw.githubusercontent.com/PokeAPI/pokeapi/master/data/v2/csv/pokemon_forms.csv;https://raw.githubusercontent.com/PokeAPI/pokeapi/master/data/v2/csv/pokemon_form_names.csv
