season_id,division,roster_phase,pokemon,pokemon_normalized,asset_id,person_name,person_name_normalized,team_name,team_name_normalized,data_status,source_urls
season_001,Regular Season,,Arbok,arbok,arbok,Art'n'Gaming,artngaming,Arbok Duel Union,arbokduelunion,partial_external_old_project_sheet,https://docs.google.com/spreadsheets/d/1JZpA-5XDldN2bjfvhvBPHYK-1AENETLnF1UxNEpWlNA/edit#gid=1222240008;https://docs.google.com/spreadsheets/d/1n9SmK-ccTCn8Jjhs4U2LKnibXY8PvuBtV3V9MCOURRA/edit#gid=0
season_001,Regular Season,,Cavalanzas,cavalanzas,escavalier,Art'n'Gaming,artngaming,Arbok Duel Union,arbokduelunion,partial_external_old_project_sheet,https://docs.google.com/spreadsheets/d/1JZpA-5XDldN2bjfvhvBPHYK-1AENETLnF1UxNEpWlNA/edit#gid=1222240008;https://docs.google.com/spreadsheets/d/1n9SmK-ccTCn8Jjhs4U2LKnibXY8PvuBtV3V9MCOURRA/edit#gid=0;https://docs.google.com/spreadsheets/d/1JZpA-5XDldN2bjfvhvBPHYK-1AENETLnF1UxNEpWlNA/edit#gid=352888197
season_001,Regular Season,,Echnatoll,echnatoll,cofagrigus,Art'n'Gaming,artngaming,Arbok Duel Union,arbokduelunion,partial_external_old_project_sheet,https://docs.google.com/spreadsheets/d/1JZpA-5XDldN2bjfvhvBPHYK-1AENETLnF1UxNEpWlNA/edit#gid=1222240008;https://docs.google.com/spreadsheets/d/1n9SmK-ccTCn8Jjhs4U2LKnibXY8PvuBtV3V9MCOURRA/edit#gid=0;https://docs.google.com/spreadsheets/d/1JZpA-5XDldN2bjfvhvBPHYK-1AENETLnF1UxNEpWlNA/edit#gid=352888197
season_001,Regular Season,,Fennexis,fennexis,delphox,Art'n'Gaming,artngaming,Arbok Duel Union,arbokduelunion,partial_external_old_project_sheet,https://docs.google.com/spreadsheets/d/1JZpA-5XDldN2bjfvhvBPHYK-1AENETLnF1UxNEpWlNA/edit#gid=1222240008;https://docs.google.com/spreadsheets/d/1n9SmK-ccTCn8Jjhs4U2LKnibXY8PvuBtV3V9MCOURRA/edit#gid=0;https://docs.google.com/spreadsheets/d/1JZpA-5XDldN2bjfvhvBPHYK-1AENETLnF1UxNEpWlNA/edit#gid=352888197
season_001,Regular Season,,Garados,garados,gyarados,Art'n'Gaming,artngaming,Arbok Duel Union,arbokduelunion,partial_external_old_project_sheet,https://docs.google.com/spreadsheets/d/1JZpA-5XDldN2bjfvhvBPHYK-1AENETLnF1UxNEpWlNA/edit#gid=1222240008;https://docs.google.com/spreadsheets/d/1n9SmK-ccTCn8Jjhs4U2LKnibXY8PvuBtV3V9MCOURRA/edit#gid=0;https://docs.google.com/spreadsheets/d/1JZpA-5XDldN2bjfvhvBPHYK-1AENETLnF1UxNEpWlNA/edit#gid=352888197
season_001,Regular Season,,Jiutesto,jiutesto,throh,Art'n'Gaming,artngaming,Arbok Duel Union,arbokduelunion,partial_external_old_project_sheet,https://docs.google.com/spreadsheets/d/1JZpA-5XDldN2bjfvhvBPHYK-1AENETLnF1UxNEpWlNA/edit#gid=1222240008;https://docs.google.com/spreadsheets/d/1n9SmK-ccTCn8Jjhs4U2LKnibXY8PvuBtV3V9MCOURRA/edit#gid=0;https://docs.google.com/spreadsheets/d/1JZpA-5XDldN2bjfvhvBPHYK-1AENETLnF1UxNEpWlNA/edit#gid=352888197
season_001,Regular Season,,Krebutack,krebutack,crawdaunt,Art'n'Gaming,artngaming,Arbok Duel Union,arbokduelunion,partial_external_old_project_sheet,https://docs.google.com/spreadsheets/d/1JZpA-5XDldN2bjfvhvBPHYK-1AENETLnF1UxNEpWlNA/edit#gid=1222240008;https://docs.google.com/spreadsheets/d/1n9SmK-ccTCn8Jjhs4U2LKnibXY8PvuBtV3V9MCOURRA/edit#gid=0;https://docs.google.com/spreadsheets/d/1JZpA-5XDldN2bjfvhvBPHYK-1AENETLnF1UxNEpWlNA/edit#gid=352888197
season_001,Regular Season,,Mega-Ampharos,megaampharos,ampharosmega,Art'n'Gaming,artngaming,Arbok Duel Union,arbokduelunion,partial_external_old_project_sheet,https://docs.google.com/spreadsheets/d/1JZpA-5XDldN2bjfvhvBPHYK-1AENETLnF1UxNEpWlNA/edit#gid=1222240008;https://docs.google.com/spreadsheets/d/1n9SmK-ccTCn8Jjhs4U2LKnibXY8PvuBtV3V9MCOURRA/edit#gid=0;https://docs.google.com/spreadsheets/d/1JZpA-5XDldN2bjfvhvBPHYK-1AENETLnF1UxNEpWlNA/edit#gid=352888197
season_001,Regular Season,,Meloetta,meloetta,meloetta,Art'n'Gaming,artngaming,Arbok Duel Union,arbokduelunion,partial_external_old_project_sheet,https://docs.google.com/spreadsheets/d/1JZpA-5XDldN2bjfvhvBPHYK-1AENETLnF1UxNEpWlNA/edit#gid=1222240008;https://docs.google.com/spreadsheets/d/1n9SmK-ccTCn8Jjhs4U2LKnibXY8PvuBtV3V9MCOURRA/edit#gid=0;https://docs.google.com/spreadsheets/d/1JZpA-5XDldN2bjfvhvBPHYK-1AENETLnF1UxNEpWlNA/edit#gid=352888197
season_001,Regular Season,,Miltank,miltank,miltank,Art'n'Gaming,artngaming,Arbok Duel Union,arbokduelunion,partial_external_old_project_sheet,https://docs.google.com/spreadsheets/d/1JZpA-5XDldN2bjfvhvBPHYK-1AENETLnF1UxNEpWlNA/edit#gid=1222240008;https://docs.google.com/spreadsheets/d/1n9SmK-ccTCn8Jjhs4U2LKnibXY8PvuBtV3V9MCOURRA/edit#gid=0;https://docs.google.com/spreadsheets/d/1JZpA-5XDldN2bjfvhvBPHYK-1AENETLnF1UxNEpWlNA/edit#gid=352888197
season_001,Regular Season,,Panferno,panferno,infernape,Art'n'Gaming,artngaming,Arbok Duel Union,arbokduelunion,partial_external_old_project_sheet,https://docs.google.com/spreadsheets/d/1JZpA-5XDldN2bjfvhvBPHYK-1AENETLnF1UxNEpWlNA/edit#gid=1222240008;https://docs.google.com/spreadsheets/d/1n9SmK-ccTCn8Jjhs4U2LKnibXY8PvuBtV3V9MCOURRA/edit#gid=0;https://docs.google.com/spreadsheets/d/1JZpA-5XDldN2bjfvhvBPHYK-1AENETLnF1UxNEpWlNA/edit#gid=352888197
season_001,Regular Season,,Shnurgast,shnurgast,purugly,Art'n'Gaming,artngaming,Arbok Duel Union,arbokduelunion,partial_external_old_project_sheet,https://docs.google.com/spreadsheets/d/1JZpA-5XDldN2bjfvhvBPHYK-1AENETLnF1UxNEpWlNA/edit#gid=1222240008;https://docs.google.com/spreadsheets/d/1n9SmK-ccTCn8Jjhs4U2LKnibXY8PvuBtV3V9MCOURRA/edit#gid=0;https://docs.google.com/spreadsheets/d/1JZpA-5XDldN2bjfvhvBPHYK-1AENETLnF1UxNEpWlNA/edit#gid=352888197
season_001,Regular Season,,Skorgro,skorgro,gliscor,Art'n'Gaming,artngaming,Arbok Duel Union,arbokduelunion,partial_external_old_project_sheet,https://docs.google.com/spreadsheets/d/1JZpA-5XDldN2bjfvhvBPHYK-1AENETLnF1UxNEpWlNA/edit#gid=1222240008;https://docs.google.com/spreadsheets/d/1n9SmK-ccTCn8Jjhs4U2LKnibXY8PvuBtV3V9MCOURRA/edit#gid=0;https://docs.google.com/spreadsheets/d/1JZpA-5XDldN2bjfvhvBPHYK-1AENETLnF1UxNEpWlNA/edit#gid=352888197
season_001,Regular Season,,Snibunna,snibunna,weavile,Art'n'Gaming,artngaming,Arbok Duel Union,arbokduelunion,partial_external_old_project_sheet,https://docs.google.com/spreadsheets/d/1JZpA-5XDldN2bjfvhvBPHYK-1AENETLnF1UxNEpWlNA/edit#gid=1222240008;https://docs.google.com/spreadsheets/d/1n9SmK-ccTCn8Jjhs4U2LKnibXY8PvuBtV3V9MCOURRA/edit#gid=0;https://docs.google.com/spreadsheets/d/1JZpA-5XDldN2bjfvhvBPHYK-1AENETLnF1UxNEpWlNA/edit#gid=352888197
season_001,Regular Season,,UHaFnir,uhafnir,noivern,Art'n'Gaming,artngaming,Arbok Duel Union,arbokduelunion,partial_external_old_project_sheet,https://docs.google.com/spreadsheets/d/1JZpA-5XDldN2bjfvhvBPHYK-1AENETLnF1UxNEpWlNA/edit#gid=1222240008;https://docs.google.com/spreadsheets/d/1n9SmK-ccTCn8Jjhs4U2LKnibXY8PvuBtV3V9MCOURRA/edit#gid=0;https://docs.google.com/spreadsheets/d/1JZpA-5XDldN2bjfvhvBPHYK-1AENETLnF1UxNEpWlNA/edit#gid=352888197
season_001,Regular Season,,Bollterus,bollterus,bastiodon,Cabgolord,fnupa,Fnupagladi,fnupagladi,partial_external_old_project_sheet,https://docs.google.com/spreadsheets/d/1JZpA-5XDldN2bjfvhvBPHYK-1AENETLnF1UxNEpWlNA/edit#gid=1222240008;https://docs.google.com/spreadsheets/d/1n9SmK-ccTCn8Jjhs4U2LKnibXY8PvuBtV3V9MCOURRA/edit#gid=0;https://docs.google.com/spreadsheets/d/1JZpA-5XDldN2bjfvhvBPHYK-1AENETLnF1UxNEpWlNA/edit#gid=352888197
season_001,Regular Season,,Elevoltek,elevoltek,electivire,Cabgolord,fnupa,Fnupagladi,fnupagladi,partial_external_old_project_sheet,https://docs.google.com/spreadsheets/d/1JZpA-5XDldN2bjfvhvBPHYK-1AENETLnF1UxNEpWlNA/edit#gid=1222240008;https://docs.google.com/spreadsheets/d/1n9SmK-ccTCn8Jjhs4U2LKnibXY8PvuBtV3V9MCOURRA/edit#gid=0;https://docs.google.com/spreadsheets/d/1JZpA-5XDldN2bjfvhvBPHYK-1AENETLnF1UxNEpWlNA/edit#gid=352888197
season_001,Regular Season,,Galagladi,galagladi,gallade,Cabgolord,fnupa,Fnupagladi,fnupagladi,partial_external_old_project_sheet,https://docs.google.com/spreadsheets/d/1JZpA-5XDldN2bjfvhvBPHYK-1AENETLnF1UxNEpWlNA/edit#gid=1222240008;https://docs.google.com/spreadsheets/d/1n9SmK-ccTCn8Jjhs4U2LKnibXY8PvuBtV3V9MCOURRA/edit#gid=0
season_001,Regular Season,,Guardevoir,guardevoir,gardevoir,Cabgolord,fnupa,Fnupagladi,fnupagladi,partial_external_old_project_sheet,https://docs.google.com/spreadsheets/d/1JZpA-5XDldN2bjfvhvBPHYK-1AENETLnF1UxNEpWlNA/edit#gid=1222240008;https://docs.google.com/spreadsheets/d/1n9SmK-ccTCn8Jjhs4U2LKnibXY8PvuBtV3V9MCOURRA/edit#gid=0;https://docs.google.com/spreadsheets/d/1JZpA-5XDldN2bjfvhvBPHYK-1AENETLnF1UxNEpWlNA/edit#gid=352888197
season_001,Regular Season,,Heiteira,heiteira,blissey,Cabgolord,fnupa,Fnupagladi,fnupagladi,partial_external_old_project_sheet,https://docs.google.com/spreadsheets/d/1JZpA-5XDldN2bjfvhvBPHYK-1AENETLnF1UxNEpWlNA/edit#gid=1222240008;https://docs.google.com/spreadsheets/d/1n9SmK-ccTCn8Jjhs4U2LKnibXY8PvuBtV3V9MCOURRA/edit#gid=0;https://docs.google.com/spreadsheets/d/1JZpA-5XDldN2bjfvhvBPHYK-1AENETLnF1UxNEpWlNA/edit#gid=352888197
season_001,Regular Season,,Lanturn,lanturn,lanturn,Cabgolord,fnupa,Fnupagladi,fnupagladi,partial_external_old_project_sheet,https://docs.google.com/spreadsheets/d/1JZpA-5XDldN2bjfvhvBPHYK-1AENETLnF1UxNEpWlNA/edit#gid=1222240008;https://docs.google.com/spreadsheets/d/1n9SmK-ccTCn8Jjhs4U2LKnibXY8PvuBtV3V9MCOURRA/edit#gid=0;https://docs.google.com/spreadsheets/d/1JZpA-5XDldN2bjfvhvBPHYK-1AENETLnF1UxNEpWlNA/edit#gid=352888197
season_001,Regular Season,,Lucario,lucario,lucario,Cabgolord,fnupa,Fnupagladi,fnupagladi,partial_external_old_project_sheet,https://docs.google.com/spreadsheets/d/1JZpA-5XDldN2bjfvhvBPHYK-1AENETLnF1UxNEpWlNA/edit#gid=1222240008;https://docs.google.com/spreadsheets/d/1n9SmK-ccTCn8Jjhs4U2LKnibXY8PvuBtV3V9MCOURRA/edit#gid=0;https://docs.google.com/spreadsheets/d/1JZpA-5XDldN2bjfvhvBPHYK-1AENETLnF1UxNEpWlNA/edit#gid=352888197
season_001,Regular Season,,Mega-Absol,megaabsol,absolmega,Cabgolord,fnupa,Fnupagladi,fnupagladi,partial_external_old_project_sheet,https://docs.google.com/spreadsheets/d/1JZpA-5XDldN2bjfvhvBPHYK-1AENETLnF1UxNEpWlNA/edit#gid=1222240008;https://docs.google.com/spreadsheets/d/1n9SmK-ccTCn8Jjhs4U2LKnibXY8PvuBtV3V9MCOURRA/edit#gid=0;https://docs.google.com/spreadsheets/d/1JZpA-5XDldN2bjfvhvBPHYK-1AENETLnF1UxNEpWlNA/edit#gid=352888197
season_001,Regular Season,,Mega-Knakrack,megaknakrack,garchompmega,Cabgolord,fnupa,Fnupagladi,fnupagladi,old_project_team_note,https://docs.google.com/spreadsheets/d/1JZpA-5XDldN2bjfvhvBPHYK-1AENETLnF1UxNEpWlNA/edit#gid=352888197;https://docs.google.com/spreadsheets/d/1n9SmK-ccTCn8Jjhs4U2LKnibXY8PvuBtV3V9MCOURRA/edit#gid=0
season_001,Regular Season,,Nachtara,nachtara,umbreon,Cabgolord,fnupa,Fnupagladi,fnupagladi,old_project_team_note,https://docs.google.com/spreadsheets/d/1JZpA-5XDldN2bjfvhvBPHYK-1AENETLnF1UxNEpWlNA/edit#gid=352888197;https://docs.google.com/spreadsheets/d/1n9SmK-ccTCn8Jjhs4U2LKnibXY8PvuBtV3V9MCOURRA/edit#gid=0
season_001,Regular Season,,Panferno,panferno,infernape,Cabgolord,fnupa,Fnupagladi,fnupagladi,partial_external_old_project_sheet,https://docs.google.com/spreadsheets/d/1JZpA-5XDldN2bjfvhvBPHYK-1AENETLnF1UxNEpWlNA/edit#gid=1222240008;https://docs.google.com/spreadsheets/d/1n9SmK-ccTCn8Jjhs4U2LKnibXY8PvuBtV3V9MCOURRA/edit#gid=0;https://docs.google.com/spreadsheets/d/1JZpA-5XDldN2bjfvhvBPHYK-1AENETLnF1UxNEpWlNA/edit#gid=352888197
season_001,Regular Season,,Quajutsu,quajutsu,greninja,Cabgolord,fnupa,Fnupagladi,fnupagladi,partial_external_old_project_sheet,https://docs.google.com/spreadsheets/d/1JZpA-5XDldN2bjfvhvBPHYK-1AENETLnF1UxNEpWlNA/edit#gid=1222240008;https://docs.google.com/spreadsheets/d/1n9SmK-ccTCn8Jjhs4U2LKnibXY8PvuBtV3V9MCOURRA/edit#gid=0;https://docs.google.com/spreadsheets/d/1JZpA-5XDldN2bjfvhvBPHYK-1AENETLnF1UxNEpWlNA/edit#gid=352888197
season_001,Regular Season,,Skorgro,skorgro,gliscor,Cabgolord,fnupa,Fnupagladi,fnupagladi,partial_external_old_project_sheet,https://docs.google.com/spreadsheets/d/1JZpA-5XDldN2bjfvhvBPHYK-1AENETLnF1UxNEpWlNA/edit#gid=1222240008;https://docs.google.com/spreadsheets/d/1n9SmK-ccTCn8Jjhs4U2LKnibXY8PvuBtV3V9MCOURRA/edit#gid=0;https://docs.google.com/spreadsheets/d/1JZpA-5XDldN2bjfvhvBPHYK-1AENETLnF1UxNEpWlNA/edit#gid=352888197
season_001,Regular Season,,Starmie,starmie,starmie,Cabgolord,fnupa,Fnupagladi,fnupagladi,partial_external_old_project_sheet,https://docs.google.com/spreadsheets/d/1JZpA-5XDldN2bjfvhvBPHYK-1AENETLnF1UxNEpWlNA/edit#gid=1222240008;https://docs.google.com/spreadsheets/d/1n9SmK-ccTCn8Jjhs4U2LKnibXY8PvuBtV3V9MCOURRA/edit#gid=0;https://docs.google.com/spreadsheets/d/1JZpA-5XDldN2bjfvhvBPHYK-1AENETLnF1UxNEpWlNA/edit#gid=352888197
season_001,Regular Season,,Zwirrfinst,zwirrfinst,dusknoir,Cabgolord,fnupa,Fnupagladi,fnupagladi,old_project_team_note,https://docs.google.com/spreadsheets/d/1JZpA-5XDldN2bjfvhvBPHYK-1AENETLnF1UxNEpWlNA/edit#gid=352888197;https://docs.google.com/spreadsheets/d/1n9SmK-ccTCn8Jjhs4U2LKnibXY8PvuBtV3V9MCOURRA/edit#gid=0
season_001,Regular Season,,Donphan,donphan,donphan,DaumenkinoLP,daumenkino,Melting Mamoswines,meltingmamoswines,partial_external_old_project_sheet,https://docs.google.com/spreadsheets/d/1JZpA-5XDldN2bjfvhvBPHYK-1AENETLnF1UxNEpWlNA/edit#gid=1222240008;https://docs.google.com/spreadsheets/d/1n9SmK-ccTCn8Jjhs4U2LKnibXY8PvuBtV3V9MCOURRA/edit#gid=0;https://docs.google.com/spreadsheets/d/1JZpA-5XDldN2bjfvhvBPHYK-1AENETLnF1UxNEpWlNA/edit#gid=352888197
season_001,Regular Season,,Florges,florges,florges,DaumenkinoLP,daumenkino,Melting Mamoswines,meltingmamoswines,partial_external_old_project_sheet,https://docs.google.com/spreadsheets/d/1JZpA-5XDldN2bjfvhvBPHYK-1AENETLnF1UxNEpWlNA/edit#gid=1222240008;https://docs.google.com/spreadsheets/d/1n9SmK-ccTCn8Jjhs4U2LKnibXY8PvuBtV3V9MCOURRA/edit#gid=0;https://docs.google.com/spreadsheets/d/1JZpA-5XDldN2bjfvhvBPHYK-1AENETLnF1UxNEpWlNA/edit#gid=352888197
season_001,Regular Season,,Golbat,golbat,golbat,DaumenkinoLP,daumenkino,Melting Mamoswines,meltingmamoswines,partial_external_old_project_sheet,https://docs.google.com/spreadsheets/d/1JZpA-5XDldN2bjfvhvBPHYK-1AENETLnF1UxNEpWlNA/edit#gid=1222240008;https://docs.google.com/spreadsheets/d/1n9SmK-ccTCn8Jjhs4U2LKnibXY8PvuBtV3V9MCOURRA/edit#gid=0;https://docs.google.com/spreadsheets/d/1JZpA-5XDldN2bjfvhvBPHYK-1AENETLnF1UxNEpWlNA/edit#gid=352888197
season_001,Regular Season,,Heatran,heatran,heatran,DaumenkinoLP,daumenkino,Melting Mamoswines,meltingmamoswines,partial_external_old_project_sheet,https://docs.google.com/spreadsheets/d/1JZpA-5XDldN2bjfvhvBPHYK-1AENETLnF1UxNEpWlNA/edit#gid=1222240008;https://docs.google.com/spreadsheets/d/1n9SmK-ccTCn8Jjhs4U2LKnibXY8PvuBtV3V9MCOURRA/edit#gid=0;https://docs.google.com/spreadsheets/d/1JZpA-5XDldN2bjfvhvBPHYK-1AENETLnF1UxNEpWlNA/edit#gid=352888197
season_001,Regular Season,,Mamutel,mamutel,mamoswine,DaumenkinoLP,daumenkino,Melting Mamoswines,meltingmamoswines,partial_external_old_project_sheet,https://docs.google.com/spreadsheets/d/1JZpA-5XDldN2bjfvhvBPHYK-1AENETLnF1UxNEpWlNA/edit#gid=1222240008;https://docs.google.com/spreadsheets/d/1n9SmK-ccTCn8Jjhs4U2LKnibXY8PvuBtV3V9MCOURRA/edit#gid=0
season_001,Regular Season,,Mega-Aerodactyl,megaaerodactyl,aerodactylmega,DaumenkinoLP,daumenkino,Melting Mamoswines,meltingmamoswines,old_project_team_note,https://docs.google.com/spreadsheets/d/1JZpA-5XDldN2bjfvhvBPHYK-1AENETLnF1UxNEpWlNA/edit#gid=352888197;https://docs.google.com/spreadsheets/d/1n9SmK-ccTCn8Jjhs4U2LKnibXY8PvuBtV3V9MCOURRA/edit#gid=0
season_001,Regular Season,,Mega-Stolloss,megastolloss,aggronmega,DaumenkinoLP,daumenkino,Melting Mamoswines,meltingmamoswines,partial_external_old_project_sheet,https://docs.google.com/spreadsheets/d/1JZpA-5XDldN2bjfvhvBPHYK-1AENETLnF1UxNEpWlNA/edit#gid=1222240008;https://docs.google.com/spreadsheets/d/1n9SmK-ccTCn8Jjhs4U2LKnibXY8PvuBtV3V9MCOURRA/edit#gid=0;https://docs.google.com/spreadsheets/d/1JZpA-5XDldN2bjfvhvBPHYK-1AENETLnF1UxNEpWlNA/edit#gid=352888197
season_001,Regular Season,,Meistagrif,meistagrif,conkeldurr,DaumenkinoLP,daumenkino,Melting Mamoswines,meltingmamoswines,partial_external_old_project_sheet,https://docs.google.com/spreadsheets/d/1JZpA-5XDldN2bjfvhvBPHYK-1AENETLnF1UxNEpWlNA/edit#gid=1222240008;https://docs.google.com/spreadsheets/d/1n9SmK-ccTCn8Jjhs4U2LKnibXY8PvuBtV3V9MCOURRA/edit#gid=0;https://docs.google.com/spreadsheets/d/1JZpA-5XDldN2bjfvhvBPHYK-1AENETLnF1UxNEpWlNA/edit#gid=352888197
season_001,Regular Season,,Milotic,milotic,milotic,DaumenkinoLP,daumenkino,Melting Mamoswines,meltingmamoswines,partial_external_old_project_sheet,https://docs.google.com/spreadsheets/d/1JZpA-5XDldN2bjfvhvBPHYK-1AENETLnF1UxNEpWlNA/edit#gid=1222240008;https://docs.google.com/spreadsheets/d/1n9SmK-ccTCn8Jjhs4U2LKnibXY8PvuBtV3V9MCOURRA/edit#gid=0;https://docs.google.com/spreadsheets/d/1JZpA-5XDldN2bjfvhvBPHYK-1AENETLnF1UxNEpWlNA/edit#gid=352888197
season_001,Regular Season,,Nachtara,nachtara,umbreon,DaumenkinoLP,daumenkino,Melting Mamoswines,meltingmamoswines,partial_external_old_project_sheet,https://docs.google.com/spreadsheets/d/1JZpA-5XDldN2bjfvhvBPHYK-1AENETLnF1UxNEpWlNA/edit#gid=1222240008;https://docs.google.com/spreadsheets/d/1n9SmK-ccTCn8Jjhs4U2LKnibXY8PvuBtV3V9MCOURRA/edit#gid=0;https://docs.google.com/spreadsheets/d/1JZpA-5XDldN2bjfvhvBPHYK-1AENETLnF1UxNEpWlNA/edit#gid=352888197
season_001,Regular Season,,Piondragi,piondragi,drapion,DaumenkinoLP,daumenkino,Melting Mamoswines,meltingmamoswines,old_project_team_note,https://docs.google.com/spreadsheets/d/1JZpA-5XDldN2bjfvhvBPHYK-1AENETLnF1UxNEpWlNA/edit#gid=352888197;https://docs.google.com/spreadsheets/d/1n9SmK-ccTCn8Jjhs4U2LKnibXY8PvuBtV3V9MCOURRA/edit#gid=0
season_001,Regular Season,,Roserade,roserade,roserade,DaumenkinoLP,daumenkino,Melting Mamoswines,meltingmamoswines,partial_external_old_project_sheet,https://docs.google.com/spreadsheets/d/1JZpA-5XDldN2bjfvhvBPHYK-1AENETLnF1UxNEpWlNA/edit#gid=1222240008;https://docs.google.com/spreadsheets/d/1n9SmK-ccTCn8Jjhs4U2LKnibXY8PvuBtV3V9MCOURRA/edit#gid=0;https://docs.google.com/spreadsheets/d/1JZpA-5XDldN2bjfvhvBPHYK-1AENETLnF1UxNEpWlNA/edit#gid=352888197
season_001,Regular Season,,Rotom-Mow,rotommow,rotommow,DaumenkinoLP,daumenkino,Melting Mamoswines,meltingmamoswines,old_project_team_note,https://docs.google.com/spreadsheets/d/1JZpA-5XDldN2bjfvhvBPHYK-1AENETLnF1UxNEpWlNA/edit#gid=352888197;https://docs.google.com/spreadsheets/d/1n9SmK-ccTCn8Jjhs4U2LKnibXY8PvuBtV3V9MCOURRA/edit#gid=0
season_001,Regular Season,,Scherox,scherox,scizor,DaumenkinoLP,daumenkino,Melting Mamoswines,meltingmamoswines,partial_external_old_project_sheet,https://docs.google.com/spreadsheets/d/1JZpA-5XDldN2bjfvhvBPHYK-1AENETLnF1UxNEpWlNA/edit#gid=1222240008;https://docs.google.com/spreadsheets/d/1n9SmK-ccTCn8Jjhs4U2LKnibXY8PvuBtV3V9MCOURRA/edit#gid=0;https://docs.google.com/spreadsheets/d/1JZpA-5XDldN2bjfvhvBPHYK-1AENETLnF1UxNEpWlNA/edit#gid=352888197
season_001,Regular Season,,Victini,victini,victini,DaumenkinoLP,daumenkino,Melting Mamoswines,meltingmamoswines,partial_external_old_project_sheet,https://docs.google.com/spreadsheets/d/1JZpA-5XDldN2bjfvhvBPHYK-1AENETLnF1UxNEpWlNA/edit#gid=1222240008;https://docs.google.com/spreadsheets/d/1n9SmK-ccTCn8Jjhs4U2LKnibXY8PvuBtV3V9MCOURRA/edit#gid=0;https://docs.google.com/spreadsheets/d/1JZpA-5XDldN2bjfvhvBPHYK-1AENETLnF1UxNEpWlNA/edit#gid=352888197
season_001,Regular Season,,Admurai,admurai,samurott,DiaSwordPlay,diaswordplay,Diaslashplay,diaslashplay,partial_external_old_project_sheet,https://docs.google.com/spreadsheets/d/1JZpA-5XDldN2bjfvhvBPHYK-1AENETLnF1UxNEpWlNA/edit#gid=1222240008;https://docs.google.com/spreadsheets/d/1n9SmK-ccTCn8Jjhs4U2LKnibXY8PvuBtV3V9MCOURRA/edit#gid=0;https://docs.google.com/spreadsheets/d/1JZpA-5XDldN2bjfvhvBPHYK-1AENETLnF1UxNEpWlNA/edit#gid=352888197
season_001,Regular Season,,Donphan,donphan,donphan,DiaSwordPlay,diaswordplay,Diaslashplay,diaslashplay,partial_external_old_project_sheet,https://docs.google.com/spreadsheets/d/1JZpA-5XDldN2bjfvhvBPHYK-1AENETLnF1UxNEpWlNA/edit#gid=1222240008;https://docs.google.com/spreadsheets/d/1n9SmK-ccTCn8Jjhs4U2LKnibXY8PvuBtV3V9MCOURRA/edit#gid=0;https://docs.google.com/spreadsheets/d/1JZpA-5XDldN2bjfvhvBPHYK-1AENETLnF1UxNEpWlNA/edit#gid=352888197
season_001,Regular Season,,Durengard,durengard,aegislash,DiaSwordPlay,diaswordplay,Diaslashplay,diaslashplay,partial_external_old_project_sheet,https://docs.google.com/spreadsheets/d/1JZpA-5XDldN2bjfvhvBPHYK-1AENETLnF1UxNEpWlNA/edit#gid=1222240008;https://docs.google.com/spreadsheets/d/1n9SmK-ccTCn8Jjhs4U2LKnibXY8PvuBtV3V9MCOURRA/edit#gid=0
season_001,Regular Season,,Golbat,golbat,golbat,DiaSwordPlay,diaswordplay,Diaslashplay,diaslashplay,partial_external_old_project_sheet,https://docs.google.com/spreadsheets/d/1JZpA-5XDldN2bjfvhvBPHYK-1AENETLnF1UxNEpWlNA/edit#gid=1222240008;https://docs.google.com/spreadsheets/d/1n9SmK-ccTCn8Jjhs4U2LKnibXY8PvuBtV3V9MCOURRA/edit#gid=0;https://docs.google.com/spreadsheets/d/1JZpA-5XDldN2bjfvhvBPHYK-1AENETLnF1UxNEpWlNA/edit#gid=352888197
season_001,Regular Season,,Kryppuk,kryppuk,spiritomb,DiaSwordPlay,diaswordplay,Diaslashplay,diaslashplay,partial_external_old_project_sheet,https://docs.google.com/spreadsheets/d/1JZpA-5XDldN2bjfvhvBPHYK-1AENETLnF1UxNEpWlNA/edit#gid=1222240008;https://docs.google.com/spreadsheets/d/1n9SmK-ccTCn8Jjhs4U2LKnibXY8PvuBtV3V9MCOURRA/edit#gid=0;https://docs.google.com/spreadsheets/d/1JZpA-5XDldN2bjfvhvBPHYK-1AENETLnF1UxNEpWlNA/edit#gid=352888197
season_001,Regular Season,,Mega-Scherox,megascherox,scizormega,DiaSwordPlay,diaswordplay,Diaslashplay,diaslashplay,partial_external_old_project_sheet,https://docs.google.com/spreadsheets/d/1JZpA-5XDldN2bjfvhvBPHYK-1AENETLnF1UxNEpWlNA/edit#gid=1222240008;https://docs.google.com/spreadsheets/d/1n9SmK-ccTCn8Jjhs4U2LKnibXY8PvuBtV3V9MCOURRA/edit#gid=0;https://docs.google.com/spreadsheets/d/1JZpA-5XDldN2bjfvhvBPHYK-1AENETLnF1UxNEpWlNA/edit#gid=352888197
season_001,Regular Season,,Mega-Voltenso,megavoltenso,manectricmega,DiaSwordPlay,diaswordplay,Diaslashplay,diaslashplay,partial_external_old_project_sheet,https://docs.google.com/spreadsheets/d/1JZpA-5XDldN2bjfvhvBPHYK-1AENETLnF1UxNEpWlNA/edit#gid=1222240008;https://docs.google.com/spreadsheets/d/1n9SmK-ccTCn8Jjhs4U2LKnibXY8PvuBtV3V9MCOURRA/edit#gid=0;https://docs.google.com/spreadsheets/d/1JZpA-5XDldN2bjfvhvBPHYK-1AENETLnF1UxNEpWlNA/edit#gid=352888197
season_001,Regular Season,,Porygon2,porygon2,porygon2,DiaSwordPlay,diaswordplay,Diaslashplay,diaslashplay,partial_external_old_project_sheet,https://docs.google.com/spreadsheets/d/1JZpA-5XDldN2bjfvhvBPHYK-1AENETLnF1UxNEpWlNA/edit#gid=1222240008;https://docs.google.com/spreadsheets/d/1n9SmK-ccTCn8Jjhs4U2LKnibXY8PvuBtV3V9MCOURRA/edit#gid=0;https://docs.google.com/spreadsheets/d/1JZpA-5XDldN2bjfvhvBPHYK-1AENETLnF1UxNEpWlNA/edit#gid=352888197
season_001,Regular Season,,Rotom-W,rotomw,rotomwash,DiaSwordPlay,diaswordplay,Diaslashplay,diaslashplay,partial_external_old_project_sheet,https://docs.google.com/spreadsheets/d/1JZpA-5XDldN2bjfvhvBPHYK-1AENETLnF1UxNEpWlNA/edit#gid=1222240008;https://docs.google.com/spreadsheets/d/1n9SmK-ccTCn8Jjhs4U2LKnibXY8PvuBtV3V9MCOURRA/edit#gid=0;https://docs.google.com/spreadsheets/d/1JZpA-5XDldN2bjfvhvBPHYK-1AENETLnF1UxNEpWlNA/edit#gid=352888197
season_001,Regular Season,,Smogmog,smogmog,weezing,DiaSwordPlay,diaswordplay,Diaslashplay,diaslashplay,old_project_team_note,https://docs.google.com/spreadsheets/d/1JZpA-5XDldN2bjfvhvBPHYK-1AENETLnF1UxNEpWlNA/edit#gid=352888197;https://docs.google.com/spreadsheets/d/1n9SmK-ccTCn8Jjhs4U2LKnibXY8PvuBtV3V9MCOURRA/edit#gid=0
season_001,Regular Season,,Tentantel,tentantel,ferrothorn,DiaSwordPlay,diaswordplay,Diaslashplay,diaslashplay,partial_external_old_project_sheet,https://docs.google.com/spreadsheets/d/1JZpA-5XDldN2bjfvhvBPHYK-1AENETLnF1UxNEpWlNA/edit#gid=1222240008;https://docs.google.com/spreadsheets/d/1n9SmK-ccTCn8Jjhs4U2LKnibXY8PvuBtV3V9MCOURRA/edit#gid=0;https://docs.google.com/spreadsheets/d/1JZpA-5XDldN2bjfvhvBPHYK-1AENETLnF1UxNEpWlNA/edit#gid=352888197
season_001,Regular Season,,Victini,victini,victini,DiaSwordPlay,diaswordplay,Diaslashplay,diaslashplay,partial_external_old_project_sheet,https://docs.google.com/spreadsheets/d/1JZpA-5XDldN2bjfvhvBPHYK-1AENETLnF1UxNEpWlNA/edit#gid=1222240008;https://docs.google.com/spreadsheets/d/1n9SmK-ccTCn8Jjhs4U2LKnibXY8PvuBtV3V9MCOURRA/edit#gid=0;https://docs.google.com/spreadsheets/d/1JZpA-5XDldN2bjfvhvBPHYK-1AENETLnF1UxNEpWlNA/edit#gid=352888197
season_001,Regular Season,,Viscogon,viscogon,goodra,DiaSwordPlay,diaswordplay,Diaslashplay,diaslashplay,partial_external_old_project_sheet,https://docs.google.com/spreadsheets/d/1JZpA-5XDldN2bjfvhvBPHYK-1AENETLnF1UxNEpWlNA/edit#gid=1222240008;https://docs.google.com/spreadsheets/d/1n9SmK-ccTCn8Jjhs4U2LKnibXY8PvuBtV3V9MCOURRA/edit#gid=0;https://docs.google.com/spreadsheets/d/1JZpA-5XDldN2bjfvhvBPHYK-1AENETLnF1UxNEpWlNA/edit#gid=352888197
season_001,Regular Season,,Voltula,voltula,galvantula,DiaSwordPlay,diaswordplay,Diaslashplay,diaslashplay,partial_external_old_project_sheet,https://docs.google.com/spreadsheets/d/1JZpA-5XDldN2bjfvhvBPHYK-1AENETLnF1UxNEpWlNA/edit#gid=1222240008;https://docs.google.com/spreadsheets/d/1n9SmK-ccTCn8Jjhs4U2LKnibXY8PvuBtV3V9MCOURRA/edit#gid=0;https://docs.google.com/spreadsheets/d/1JZpA-5XDldN2bjfvhvBPHYK-1AENETLnF1UxNEpWlNA/edit#gid=352888197
season_001,Regular Season,,Branawarz,branawarz,seismitoad,DirtyD64,dirtyd64,Lucky Luxray,luckyluxray,partial_external_old_project_sheet,https://docs.google.com/spreadsheets/d/1JZpA-5XDldN2bjfvhvBPHYK-1AENETLnF1UxNEpWlNA/edit#gid=1222240008;https://docs.google.com/spreadsheets/d/1n9SmK-ccTCn8Jjhs4U2LKnibXY8PvuBtV3V9MCOURRA/edit#gid=0;https://docs.google.com/spreadsheets/d/1JZpA-5XDldN2bjfvhvBPHYK-1AENETLnF1UxNEpWlNA/edit#gid=352888197
season_001,Regular Season,,Bronzong,bronzong,bronzong,DirtyD64,dirtyd64,Lucky Luxray,luckyluxray,partial_external_old_project_sheet,https://docs.google.com/spreadsheets/d/1JZpA-5XDldN2bjfvhvBPHYK-1AENETLnF1UxNEpWlNA/edit#gid=1222240008;https://docs.google.com/spreadsheets/d/1n9SmK-ccTCn8Jjhs4U2LKnibXY8PvuBtV3V9MCOURRA/edit#gid=0;https://docs.google.com/spreadsheets/d/1JZpA-5XDldN2bjfvhvBPHYK-1AENETLnF1UxNEpWlNA/edit#gid=352888197
season_001,Regular Season,,Demeteros-T,demeterost,landorustherian,DirtyD64,dirtyd64,Lucky Luxray,luckyluxray,partial_external_old_project_sheet,https://docs.google.com/spreadsheets/d/1JZpA-5XDldN2bjfvhvBPHYK-1AENETLnF1UxNEpWlNA/edit#gid=1222240008;https://docs.google.com/spreadsheets/d/1n9SmK-ccTCn8Jjhs4U2LKnibXY8PvuBtV3V9MCOURRA/edit#gid=0;https://docs.google.com/spreadsheets/d/1JZpA-5XDldN2bjfvhvBPHYK-1AENETLnF1UxNEpWlNA/edit#gid=352888197
season_001,Regular Season,,Grypheldis,grypheldis,mandibuzz,DirtyD64,dirtyd64,Lucky Luxray,luckyluxray,partial_external_old_project_sheet,https://docs.google.com/spreadsheets/d/1JZpA-5XDldN2bjfvhvBPHYK-1AENETLnF1UxNEpWlNA/edit#gid=1222240008;https://docs.google.com/spreadsheets/d/1n9SmK-ccTCn8Jjhs4U2LKnibXY8PvuBtV3V9MCOURRA/edit#gid=0;https://docs.google.com/spreadsheets/d/1JZpA-5XDldN2bjfvhvBPHYK-1AENETLnF1UxNEpWlNA/edit#gid=352888197
season_001,Regular Season,,Heatran,heatran,heatran,DirtyD64,dirtyd64,Lucky Luxray,luckyluxray,partial_external_old_project_sheet,https://docs.google.com/spreadsheets/d/1JZpA-5XDldN2bjfvhvBPHYK-1AENETLnF1UxNEpWlNA/edit#gid=1222240008;https://docs.google.com/spreadsheets/d/1n9SmK-ccTCn8Jjhs4U2LKnibXY8PvuBtV3V9MCOURRA/edit#gid=0;https://docs.google.com/spreadsheets/d/1JZpA-5XDldN2bjfvhvBPHYK-1AENETLnF1UxNEpWlNA/edit#gid=352888197
season_001,Regular Season,,Laschoking,laschoking,slowking,DirtyD64,dirtyd64,Lucky Luxray,luckyluxray,partial_external_old_project_sheet,https://docs.google.com/spreadsheets/d/1JZpA-5XDldN2bjfvhvBPHYK-1AENETLnF1UxNEpWlNA/edit#gid=1222240008;https://docs.google.com/spreadsheets/d/1n9SmK-ccTCn8Jjhs4U2LKnibXY8PvuBtV3V9MCOURRA/edit#gid=0;https://docs.google.com/spreadsheets/d/1JZpA-5XDldN2bjfvhvBPHYK-1AENETLnF1UxNEpWlNA/edit#gid=352888197
season_001,Regular Season,,Luxtra,luxtra,luxray,DirtyD64,dirtyd64,Lucky Luxray,luckyluxray,old_project_team_note,https://docs.google.com/spreadsheets/d/1JZpA-5XDldN2bjfvhvBPHYK-1AENETLnF1UxNEpWlNA/edit#gid=352888197;https://docs.google.com/spreadsheets/d/1n9SmK-ccTCn8Jjhs4U2LKnibXY8PvuBtV3V9MCOURRA/edit#gid=0
season_001,Regular Season,,Manaphy,manaphy,manaphy,DirtyD64,dirtyd64,Lucky Luxray,luckyluxray,partial_external_old_project_sheet,https://docs.google.com/spreadsheets/d/1JZpA-5XDldN2bjfvhvBPHYK-1AENETLnF1UxNEpWlNA/edit#gid=1222240008;https://docs.google.com/spreadsheets/d/1n9SmK-ccTCn8Jjhs4U2LKnibXY8PvuBtV3V9MCOURRA/edit#gid=0;https://docs.google.com/spreadsheets/d/1JZpA-5XDldN2bjfvhvBPHYK-1AENETLnF1UxNEpWlNA/edit#gid=352888197
season_001,Regular Season,,Mega-Flunkifer,megaflunkifer,mawilemega,DirtyD64,dirtyd64,Lucky Luxray,luckyluxray,partial_external_old_project_sheet,https://docs.google.com/spreadsheets/d/1JZpA-5XDldN2bjfvhvBPHYK-1AENETLnF1UxNEpWlNA/edit#gid=1222240008;https://docs.google.com/spreadsheets/d/1n9SmK-ccTCn8Jjhs4U2LKnibXY8PvuBtV3V9MCOURRA/edit#gid=0;https://docs.google.com/spreadsheets/d/1JZpA-5XDldN2bjfvhvBPHYK-1AENETLnF1UxNEpWlNA/edit#gid=352888197
season_001,Regular Season,,Nidoking,nidoking,nidoking,DirtyD64,dirtyd64,Lucky Luxray,luckyluxray,partial_external_old_project_sheet,https://docs.google.com/spreadsheets/d/1JZpA-5XDldN2bjfvhvBPHYK-1AENETLnF1UxNEpWlNA/edit#gid=1222240008;https://docs.google.com/spreadsheets/d/1n9SmK-ccTCn8Jjhs4U2LKnibXY8PvuBtV3V9MCOURRA/edit#gid=0;https://docs.google.com/spreadsheets/d/1JZpA-5XDldN2bjfvhvBPHYK-1AENETLnF1UxNEpWlNA/edit#gid=352888197
season_001,Regular Season,,Porygon2,porygon2,porygon2,DirtyD64,dirtyd64,Lucky Luxray,luckyluxray,partial_external_old_project_sheet,https://docs.google.com/spreadsheets/d/1JZpA-5XDldN2bjfvhvBPHYK-1AENETLnF1UxNEpWlNA/edit#gid=1222240008;https://docs.google.com/spreadsheets/d/1n9SmK-ccTCn8Jjhs4U2LKnibXY8PvuBtV3V9MCOURRA/edit#gid=0;https://docs.google.com/spreadsheets/d/1JZpA-5XDldN2bjfvhvBPHYK-1AENETLnF1UxNEpWlNA/edit#gid=352888197
season_001,Regular Season,,Roserade,roserade,roserade,DirtyD64,dirtyd64,Lucky Luxray,luckyluxray,partial_external_old_project_sheet,https://docs.google.com/spreadsheets/d/1JZpA-5XDldN2bjfvhvBPHYK-1AENETLnF1UxNEpWlNA/edit#gid=1222240008;https://docs.google.com/spreadsheets/d/1n9SmK-ccTCn8Jjhs4U2LKnibXY8PvuBtV3V9MCOURRA/edit#gid=0;https://docs.google.com/spreadsheets/d/1JZpA-5XDldN2bjfvhvBPHYK-1AENETLnF1UxNEpWlNA/edit#gid=352888197
season_001,Regular Season,,Trombork,trombork,trevenant,DirtyD64,dirtyd64,Lucky Luxray,luckyluxray,old_project_team_note,https://docs.google.com/spreadsheets/d/1JZpA-5XDldN2bjfvhvBPHYK-1AENETLnF1UxNEpWlNA/edit#gid=352888197;https://docs.google.com/spreadsheets/d/1n9SmK-ccTCn8Jjhs4U2LKnibXY8PvuBtV3V9MCOURRA/edit#gid=0
season_001,Regular Season,,Victini,victini,victini,DirtyD64,dirtyd64,Lucky Luxray,luckyluxray,partial_external_old_project_sheet,https://docs.google.com/spreadsheets/d/1JZpA-5XDldN2bjfvhvBPHYK-1AENETLnF1UxNEpWlNA/edit#gid=1222240008;https://docs.google.com/spreadsheets/d/1n9SmK-ccTCn8Jjhs4U2LKnibXY8PvuBtV3V9MCOURRA/edit#gid=0;https://docs.google.com/spreadsheets/d/1JZpA-5XDldN2bjfvhvBPHYK-1AENETLnF1UxNEpWlNA/edit#gid=352888197
season_001,Regular Season,,Zobiris,zobiris,sableye,DirtyD64,dirtyd64,Lucky Luxray,luckyluxray,partial_external_old_project_sheet,https://docs.google.com/spreadsheets/d/1JZpA-5XDldN2bjfvhvBPHYK-1AENETLnF1UxNEpWlNA/edit#gid=1222240008;https://docs.google.com/spreadsheets/d/1n9SmK-ccTCn8Jjhs4U2LKnibXY8PvuBtV3V9MCOURRA/edit#gid=0;https://docs.google.com/spreadsheets/d/1JZpA-5XDldN2bjfvhvBPHYK-1AENETLnF1UxNEpWlNA/edit#gid=352888197
season_001,Regular Season,,Donphan,donphan,donphan,FanmadeLetsPlay,fanmadeletsplay,Nocturne*,nocturne,partial_external_old_project_sheet,https://docs.google.com/spreadsheets/d/1JZpA-5XDldN2bjfvhvBPHYK-1AENETLnF1UxNEpWlNA/edit#gid=1222240008;https://docs.google.com/spreadsheets/d/14N_40jsahiN9DChpnNaPTnFy26If6imVHtqBGDWk6pg/edit#gid=0;https://docs.google.com/spreadsheets/d/1n9SmK-ccTCn8Jjhs4U2LKnibXY8PvuBtV3V9MCOURRA/edit#gid=0;https://docs.google.com/spreadsheets/d/1JZpA-5XDldN2bjfvhvBPHYK-1AENETLnF1UxNEpWlNA/edit#gid=352888197
season_001,Regular Season,,Gastrodon,gastrodon,gastrodon,FanmadeLetsPlay,fanmadeletsplay,Nocturne*,nocturne,partial_external_old_project_sheet,https://docs.google.com/spreadsheets/d/1JZpA-5XDldN2bjfvhvBPHYK-1AENETLnF1UxNEpWlNA/edit#gid=1222240008;https://docs.google.com/spreadsheets/d/14N_40jsahiN9DChpnNaPTnFy26If6imVHtqBGDWk6pg/edit#gid=0;https://docs.google.com/spreadsheets/d/1n9SmK-ccTCn8Jjhs4U2LKnibXY8PvuBtV3V9MCOURRA/edit#gid=0;https://docs.google.com/spreadsheets/d/1JZpA-5XDldN2bjfvhvBPHYK-1AENETLnF1UxNEpWlNA/edit#gid=352888197
season_001,Regular Season,,Guardevoir,guardevoir,gardevoir,FanmadeLetsPlay,fanmadeletsplay,Nocturne*,nocturne,partial_external_old_project_sheet,https://docs.google.com/spreadsheets/d/1JZpA-5XDldN2bjfvhvBPHYK-1AENETLnF1UxNEpWlNA/edit#gid=1222240008;https://docs.google.com/spreadsheets/d/14N_40jsahiN9DChpnNaPTnFy26If6imVHtqBGDWk6pg/edit#gid=0;https://docs.google.com/spreadsheets/d/1n9SmK-ccTCn8Jjhs4U2LKnibXY8PvuBtV3V9MCOURRA/edit#gid=0;https://docs.google.com/spreadsheets/d/1JZpA-5XDldN2bjfvhvBPHYK-1AENETLnF1UxNEpWlNA/edit#gid=352888197
season_001,Regular Season,,Heatran,heatran,heatran,FanmadeLetsPlay,fanmadeletsplay,Nocturne*,nocturne,partial_external_old_project_sheet,https://docs.google.com/spreadsheets/d/1JZpA-5XDldN2bjfvhvBPHYK-1AENETLnF1UxNEpWlNA/edit#gid=1222240008;https://docs.google.com/spreadsheets/d/14N_40jsahiN9DChpnNaPTnFy26If6imVHtqBGDWk6pg/edit#gid=0;https://docs.google.com/spreadsheets/d/1n9SmK-ccTCn8Jjhs4U2LKnibXY8PvuBtV3V9MCOURRA/edit#gid=0;https://docs.google.com/spreadsheets/d/1JZpA-5XDldN2bjfvhvBPHYK-1AENETLnF1UxNEpWlNA/edit#gid=352888197
season_001,Regular Season,,Mega-Meditalis,megameditalis,medichammega,FanmadeLetsPlay,fanmadeletsplay,Nocturne*,nocturne,partial_external_old_project_sheet,https://docs.google.com/spreadsheets/d/1JZpA-5XDldN2bjfvhvBPHYK-1AENETLnF1UxNEpWlNA/edit#gid=1222240008;https://docs.google.com/spreadsheets/d/14N_40jsahiN9DChpnNaPTnFy26If6imVHtqBGDWk6pg/edit#gid=0;https://docs.google.com/spreadsheets/d/1n9SmK-ccTCn8Jjhs4U2LKnibXY8PvuBtV3V9MCOURRA/edit#gid=0;https://docs.google.com/spreadsheets/d/1JZpA-5XDldN2bjfvhvBPHYK-1AENETLnF1UxNEpWlNA/edit#gid=352888197
season_001,Regular Season,,Noktuska,noktuska,cacturne,FanmadeLetsPlay,fanmadeletsplay,Nocturne*,nocturne,partial_external_old_project_sheet,https://docs.google.com/spreadsheets/d/1JZpA-5XDldN2bjfvhvBPHYK-1AENETLnF1UxNEpWlNA/edit#gid=1222240008;https://docs.google.com/spreadsheets/d/14N_40jsahiN9DChpnNaPTnFy26If6imVHtqBGDWk6pg/edit#gid=0;https://docs.google.com/spreadsheets/d/1n9SmK-ccTCn8Jjhs4U2LKnibXY8PvuBtV3V9MCOURRA/edit#gid=0;https://docs.google.com/spreadsheets/d/1JZpA-5XDldN2bjfvhvBPHYK-1AENETLnF1UxNEpWlNA/edit#gid=352888197
season_001,Regular Season,,Scherox,scherox,scizor,FanmadeLetsPlay,fanmadeletsplay,Nocturne*,nocturne,partial_external_old_project_sheet,https://docs.google.com/spreadsheets/d/1JZpA-5XDldN2bjfvhvBPHYK-1AENETLnF1UxNEpWlNA/edit#gid=1222240008;https://docs.google.com/spreadsheets/d/14N_40jsahiN9DChpnNaPTnFy26If6imVHtqBGDWk6pg/edit#gid=0;https://docs.google.com/spreadsheets/d/1n9SmK-ccTCn8Jjhs4U2LKnibXY8PvuBtV3V9MCOURRA/edit#gid=0;https://docs.google.com/spreadsheets/d/1JZpA-5XDldN2bjfvhvBPHYK-1AENETLnF1UxNEpWlNA/edit#gid=352888197
season_001,Regular Season,,Smogmog,smogmog,weezing,FanmadeLetsPlay,fanmadeletsplay,Nocturne*,nocturne,partial_external_old_project_sheet,https://docs.google.com/spreadsheets/d/1JZpA-5XDldN2bjfvhvBPHYK-1AENETLnF1UxNEpWlNA/edit#gid=1222240008;https://docs.google.com/spreadsheets/d/14N_40jsahiN9DChpnNaPTnFy26If6imVHtqBGDWk6pg/edit#gid=0;https://docs.google.com/spreadsheets/d/1n9SmK-ccTCn8Jjhs4U2LKnibXY8PvuBtV3V9MCOURRA/edit#gid=0;https://docs.google.com/spreadsheets/d/1JZpA-5XDldN2bjfvhvBPHYK-1AENETLnF1UxNEpWlNA/edit#gid=352888197
season_001,Regular Season,,Trikephalo,trikephalo,hydreigon,FanmadeLetsPlay,fanmadeletsplay,Nocturne*,nocturne,partial_external_old_project_sheet,https://docs.google.com/spreadsheets/d/1JZpA-5XDldN2bjfvhvBPHYK-1AENETLnF1UxNEpWlNA/edit#gid=1222240008;https://docs.google.com/spreadsheets/d/14N_40jsahiN9DChpnNaPTnFy26If6imVHtqBGDWk6pg/edit#gid=0;https://docs.google.com/spreadsheets/d/1n9SmK-ccTCn8Jjhs4U2LKnibXY8PvuBtV3V9MCOURRA/edit#gid=0;https://docs.google.com/spreadsheets/d/1JZpA-5XDldN2bjfvhvBPHYK-1AENETLnF1UxNEpWlNA/edit#gid=352888197
season_001,Regular Season,,Turtok,turtok,blastoise,FanmadeLetsPlay,fanmadeletsplay,Nocturne*,nocturne,old_project_team_note,https://docs.google.com/spreadsheets/d/1JZpA-5XDldN2bjfvhvBPHYK-1AENETLnF1UxNEpWlNA/edit#gid=352888197;https://docs.google.com/spreadsheets/d/1n9SmK-ccTCn8Jjhs4U2LKnibXY8PvuBtV3V9MCOURRA/edit#gid=0
season_001,Regular Season,,Zapplarang,zapplarang,eelektross,FanmadeLetsPlay,fanmadeletsplay,Nocturne*,nocturne,partial_external_old_project_sheet,https://docs.google.com/spreadsheets/d/1JZpA-5XDldN2bjfvhvBPHYK-1AENETLnF1UxNEpWlNA/edit#gid=1222240008;https://docs.google.com/spreadsheets/d/14N_40jsahiN9DChpnNaPTnFy26If6imVHtqBGDWk6pg/edit#gid=0;https://docs.google.com/spreadsheets/d/1n9SmK-ccTCn8Jjhs4U2LKnibXY8PvuBtV3V9MCOURRA/edit#gid=0;https://docs.google.com/spreadsheets/d/1JZpA-5XDldN2bjfvhvBPHYK-1AENETLnF1UxNEpWlNA/edit#gid=352888197
season_001,,,Brigaron,brigaron,chesnaught,Kuchenjaeger,kuchenjaeger,,,old_project_team_note,https://docs.google.com/spreadsheets/d/1JZpA-5XDldN2bjfvhvBPHYK-1AENETLnF1UxNEpWlNA/edit#gid=352888197
season_001,,,Donphan,donphan,donphan,Kuchenjaeger,kuchenjaeger,,,old_project_team_note,https://docs.google.com/spreadsheets/d/1JZpA-5XDldN2bjfvhvBPHYK-1AENETLnF1UxNEpWlNA/edit#gid=352888197
season_001,,,Flunschlik,flunschlik,stunfisk,Kuchenjaeger,kuchenjaeger,,,old_project_team_note,https://docs.google.com/spreadsheets/d/1JZpA-5XDldN2bjfvhvBPHYK-1AENETLnF1UxNEpWlNA/edit#gid=352888197
season_001,,,Grypheldis,grypheldis,mandibuzz,Kuchenjaeger,kuchenjaeger,,,old_project_team_note,https://docs.google.com/spreadsheets/d/1JZpA-5XDldN2bjfvhvBPHYK-1AENETLnF1UxNEpWlNA/edit#gid=352888197
season_001,,,Kobalium,kobalium,cobalion,Kuchenjaeger,kuchenjaeger,,,old_project_team_note,https://docs.google.com/spreadsheets/d/1JZpA-5XDldN2bjfvhvBPHYK-1AENETLnF1UxNEpWlNA/edit#gid=352888197
season_001,,,Krebutack,krebutack,crawdaunt,Kuchenjaeger,kuchenjaeger,,,old_project_team_note,https://docs.google.com/spreadsheets/d/1JZpA-5XDldN2bjfvhvBPHYK-1AENETLnF1UxNEpWlNA/edit#gid=352888197
season_001,,,Laschoking,laschoking,slowking,Kuchenjaeger,kuchenjaeger,,,old_project_team_note,https://docs.google.com/spreadsheets/d/1JZpA-5XDldN2bjfvhvBPHYK-1AENETLnF1UxNEpWlNA/edit#gid=352888197
season_001,,,Mega-Bibor,megabibor,beedrillmega,Kuchenjaeger,kuchenjaeger,,,old_project_team_note,https://docs.google.com/spreadsheets/d/1JZpA-5XDldN2bjfvhvBPHYK-1AENETLnF1UxNEpWlNA/edit#gid=352888197
season_001,,,Parfinesse,parfinesse,aromatisse,Kuchenjaeger,kuchenjaeger,,,old_project_team_note,https://docs.google.com/spreadsheets/d/1JZpA-5XDldN2bjfvhvBPHYK-1AENETLnF1UxNEpWlNA/edit#gid=352888197
season_001,,,Regirock,regirock,regirock,Kuchenjaeger,kuchenjaeger,,,old_project_team_note,https://docs.google.com/spreadsheets/d/1JZpA-5XDldN2bjfvhvBPHYK-1AENETLnF1UxNEpWlNA/edit#gid=352888197
season_001,,,Skelabra,skelabra,chandelure,Kuchenjaeger,kuchenjaeger,,,old_project_team_note,https://docs.google.com/spreadsheets/d/1JZpA-5XDldN2bjfvhvBPHYK-1AENETLnF1UxNEpWlNA/edit#gid=352888197
season_001,,,Snibunna,snibunna,weavile,Kuchenjaeger,kuchenjaeger,,,old_project_team_note,https://docs.google.com/spreadsheets/d/1JZpA-5XDldN2bjfvhvBPHYK-1AENETLnF1UxNEpWlNA/edit#gid=352888197
season_001,,,Starmie,starmie,starmie,Kuchenjaeger,kuchenjaeger,,,old_project_team_note,https://docs.google.com/spreadsheets/d/1JZpA-5XDldN2bjfvhvBPHYK-1AENETLnF1UxNEpWlNA/edit#gid=352888197
season_001,,,Tandrak,tandrak,dragalge,Kuchenjaeger,kuchenjaeger,,,old_project_team_note,https://docs.google.com/spreadsheets/d/1JZpA-5XDldN2bjfvhvBPHYK-1AENETLnF1UxNEpWlNA/edit#gid=352888197
season_001,,,Zapplarang,zapplarang,eelektross,Kuchenjaeger,kuchenjaeger,,,old_project_team_note,https://docs.google.com/spreadsheets/d/1JZpA-5XDldN2bjfvhvBPHYK-1AENETLnF1UxNEpWlNA/edit#gid=352888197
season_001,Regular Season,,Blitza,blitza,jolteon,Morbol,morbol,,,partial_external_old_project_sheet,https://docs.google.com/spreadsheets/d/1JZpA-5XDldN2bjfvhvBPHYK-1AENETLnF1UxNEpWlNA/edit#gid=1222240008
season_001,Regular Season,,Caesurio,caesurio,bisharp,Morbol,morbol,,,partial_external_old_project_sheet,https://docs.google.com/spreadsheets/d/1JZpA-5XDldN2bjfvhvBPHYK-1AENETLnF1UxNEpWlNA/edit#gid=1222240008
season_001,Regular Season,,Fiaro,fiaro,talonflame,Morbol,morbol,,,partial_external_old_project_sheet,https://docs.google.com/spreadsheets/d/1JZpA-5XDldN2bjfvhvBPHYK-1AENETLnF1UxNEpWlNA/edit#gid=1222240008
season_001,Regular Season,,Mega-Turtok,megaturtok,blastoisemega,Morbol,morbol,,,partial_external_old_project_sheet,https://docs.google.com/spreadsheets/d/1JZpA-5XDldN2bjfvhvBPHYK-1AENETLnF1UxNEpWlNA/edit#gid=1222240008
season_001,Regular Season,,Meistagrif,meistagrif,conkeldurr,Morbol,morbol,,,partial_external_old_project_sheet,https://docs.google.com/spreadsheets/d/1JZpA-5XDldN2bjfvhvBPHYK-1AENETLnF1UxNEpWlNA/edit#gid=1222240008
season_001,Regular Season,,Panferno,panferno,infernape,Morbol,morbol,,,partial_external_old_project_sheet,https://docs.google.com/spreadsheets/d/1JZpA-5XDldN2bjfvhvBPHYK-1AENETLnF1UxNEpWlNA/edit#gid=1222240008
season_001,Regular Season,,Panzaeron,panzaeron,skarmory,Morbol,morbol,,,partial_external_old_project_sheet,https://docs.google.com/spreadsheets/d/1JZpA-5XDldN2bjfvhvBPHYK-1AENETLnF1UxNEpWlNA/edit#gid=1222240008
season_001,Regular Season,,Scherox,scherox,scizor,Morbol,morbol,,,partial_external_old_project_sheet,https://docs.google.com/spreadsheets/d/1JZpA-5XDldN2bjfvhvBPHYK-1AENETLnF1UxNEpWlNA/edit#gid=1222240008
season_001,Regular Season,,Sumpex,sumpex,swampert,Morbol,morbol,,,partial_external_old_project_sheet,https://docs.google.com/spreadsheets/d/1JZpA-5XDldN2bjfvhvBPHYK-1AENETLnF1UxNEpWlNA/edit#gid=1222240008
season_001,Regular Season,,Tangela,tangela,tangela,Morbol,morbol,,,partial_external_old_project_sheet,https://docs.google.com/spreadsheets/d/1JZpA-5XDldN2bjfvhvBPHYK-1AENETLnF1UxNEpWlNA/edit#gid=1222240008
season_001,Regular Season,,Tentoxa,tentoxa,tentacruel,Morbol,morbol,,,partial_external_old_project_sheet,https://docs.google.com/spreadsheets/d/1JZpA-5XDldN2bjfvhvBPHYK-1AENETLnF1UxNEpWlNA/edit#gid=1222240008
season_001,Regular Season,,Togekiss,togekiss,togekiss,Morbol,morbol,,,partial_external_old_project_sheet,https://docs.google.com/spreadsheets/d/1JZpA-5XDldN2bjfvhvBPHYK-1AENETLnF1UxNEpWlNA/edit#gid=1222240008
season_001,Regular Season,,Blitza,blitza,jolteon,Morbolth,morbolth,Mortox,mortox,old_project_team_note,https://docs.google.com/spreadsheets/d/1JZpA-5XDldN2bjfvhvBPHYK-1AENETLnF1UxNEpWlNA/edit#gid=352888197;https://docs.google.com/spreadsheets/d/1n9SmK-ccTCn8Jjhs4U2LKnibXY8PvuBtV3V9MCOURRA/edit#gid=0
season_001,Regular Season,,Caesurio,caesurio,bisharp,Morbolth,morbolth,Mortox,mortox,old_project_team_note,https://docs.google.com/spreadsheets/d/1JZpA-5XDldN2bjfvhvBPHYK-1AENETLnF1UxNEpWlNA/edit#gid=352888197;https://docs.google.com/spreadsheets/d/1n9SmK-ccTCn8Jjhs4U2LKnibXY8PvuBtV3V9MCOURRA/edit#gid=0
season_001,Regular Season,,Donphan,donphan,donphan,Morbolth,morbolth,Mortox,mortox,old_project_team_note,https://docs.google.com/spreadsheets/d/1JZpA-5XDldN2bjfvhvBPHYK-1AENETLnF1UxNEpWlNA/edit#gid=352888197;https://docs.google.com/spreadsheets/d/1n9SmK-ccTCn8Jjhs4U2LKnibXY8PvuBtV3V9MCOURRA/edit#gid=0
season_001,Regular Season,,Fiaro,fiaro,talonflame,Morbolth,morbolth,Mortox,mortox,old_project_team_note,https://docs.google.com/spreadsheets/d/1JZpA-5XDldN2bjfvhvBPHYK-1AENETLnF1UxNEpWlNA/edit#gid=352888197;https://docs.google.com/spreadsheets/d/1n9SmK-ccTCn8Jjhs4U2LKnibXY8PvuBtV3V9MCOURRA/edit#gid=0
season_001,Regular Season,,Mega-Turtok,megaturtok,blastoisemega,Morbolth,morbolth,Mortox,mortox,old_project_team_note,https://docs.google.com/spreadsheets/d/1JZpA-5XDldN2bjfvhvBPHYK-1AENETLnF1UxNEpWlNA/edit#gid=352888197;https://docs.google.com/spreadsheets/d/1n9SmK-ccTCn8Jjhs4U2LKnibXY8PvuBtV3V9MCOURRA/edit#gid=0
season_001,Regular Season,,Meistagrif,meistagrif,conkeldurr,Morbolth,morbolth,Mortox,mortox,old_project_team_note,https://docs.google.com/spreadsheets/d/1JZpA-5XDldN2bjfvhvBPHYK-1AENETLnF1UxNEpWlNA/edit#gid=352888197;https://docs.google.com/spreadsheets/d/1n9SmK-ccTCn8Jjhs4U2LKnibXY8PvuBtV3V9MCOURRA/edit#gid=0
season_001,Regular Season,,Panferno,panferno,infernape,Morbolth,morbolth,Mortox,mortox,old_project_team_note,https://docs.google.com/spreadsheets/d/1JZpA-5XDldN2bjfvhvBPHYK-1AENETLnF1UxNEpWlNA/edit#gid=352888197;https://docs.google.com/spreadsheets/d/1n9SmK-ccTCn8Jjhs4U2LKnibXY8PvuBtV3V9MCOURRA/edit#gid=0
season_001,Regular Season,,Panzaeron,panzaeron,skarmory,Morbolth,morbolth,Mortox,mortox,old_project_team_note,https://docs.google.com/spreadsheets/d/1JZpA-5XDldN2bjfvhvBPHYK-1AENETLnF1UxNEpWlNA/edit#gid=352888197;https://docs.google.com/spreadsheets/d/1n9SmK-ccTCn8Jjhs4U2LKnibXY8PvuBtV3V9MCOURRA/edit#gid=0
season_001,Regular Season,,Pixi,pixi,clefable,Morbolth,morbolth,Mortox,mortox,old_project_team_note,https://docs.google.com/spreadsheets/d/1JZpA-5XDldN2bjfvhvBPHYK-1AENETLnF1UxNEpWlNA/edit#gid=352888197;https://docs.google.com/spreadsheets/d/1n9SmK-ccTCn8Jjhs4U2LKnibXY8PvuBtV3V9MCOURRA/edit#gid=0
season_001,Regular Season,,Scherox,scherox,scizor,Morbolth,morbolth,Mortox,mortox,old_project_team_note,https://docs.google.com/spreadsheets/d/1JZpA-5XDldN2bjfvhvBPHYK-1AENETLnF1UxNEpWlNA/edit#gid=352888197;https://docs.google.com/spreadsheets/d/1n9SmK-ccTCn8Jjhs4U2LKnibXY8PvuBtV3V9MCOURRA/edit#gid=0
season_001,Regular Season,,Sumpex,sumpex,swampert,Morbolth,morbolth,Mortox,mortox,old_project_team_note,https://docs.google.com/spreadsheets/d/1JZpA-5XDldN2bjfvhvBPHYK-1AENETLnF1UxNEpWlNA/edit#gid=352888197;https://docs.google.com/spreadsheets/d/1n9SmK-ccTCn8Jjhs4U2LKnibXY8PvuBtV3V9MCOURRA/edit#gid=0
season_001,Regular Season,,Tangela,tangela,tangela,Morbolth,morbolth,Mortox,mortox,old_project_team_note,https://docs.google.com/spreadsheets/d/1JZpA-5XDldN2bjfvhvBPHYK-1AENETLnF1UxNEpWlNA/edit#gid=352888197;https://docs.google.com/spreadsheets/d/1n9SmK-ccTCn8Jjhs4U2LKnibXY8PvuBtV3V9MCOURRA/edit#gid=0
season_001,Regular Season,,Tentoxa,tentoxa,tentacruel,Morbolth,morbolth,Mortox,mortox,old_project_team_note,https://docs.google.com/spreadsheets/d/1JZpA-5XDldN2bjfvhvBPHYK-1AENETLnF1UxNEpWlNA/edit#gid=352888197;https://docs.google.com/spreadsheets/d/1n9SmK-ccTCn8Jjhs4U2LKnibXY8PvuBtV3V9MCOURRA/edit#gid=0
season_001,Regular Season,,Togekiss,togekiss,togekiss,Morbolth,morbolth,Mortox,mortox,old_project_team_note,https://docs.google.com/spreadsheets/d/1JZpA-5XDldN2bjfvhvBPHYK-1AENETLnF1UxNEpWlNA/edit#gid=352888197;https://docs.google.com/spreadsheets/d/1n9SmK-ccTCn8Jjhs4U2LKnibXY8PvuBtV3V9MCOURRA/edit#gid=0
season_001,Regular Season,,Austos,austos,cloyster,PokemonFakten,pokemonfakten,Nocturne*,nocturne,partial_external_old_project_sheet,https://docs.google.com/spreadsheets/d/1JZpA-5XDldN2bjfvhvBPHYK-1AENETLnF1UxNEpWlNA/edit#gid=1222240008;https://docs.google.com/spreadsheets/d/14N_40jsahiN9DChpnNaPTnFy26If6imVHtqBGDWk6pg/edit#gid=0;https://docs.google.com/spreadsheets/d/1n9SmK-ccTCn8Jjhs4U2LKnibXY8PvuBtV3V9MCOURRA/edit#gid=0;https://docs.google.com/spreadsheets/d/1JZpA-5XDldN2bjfvhvBPHYK-1AENETLnF1UxNEpWlNA/edit#gid=352888197
season_001,Regular Season,,Machomei,machomei,machamp,PokemonFakten,pokemonfakten,Nocturne*,nocturne,partial_external_old_project_sheet,https://docs.google.com/spreadsheets/d/1JZpA-5XDldN2bjfvhvBPHYK-1AENETLnF1UxNEpWlNA/edit#gid=1222240008;https://docs.google.com/spreadsheets/d/14N_40jsahiN9DChpnNaPTnFy26If6imVHtqBGDWk6pg/edit#gid=0;https://docs.google.com/spreadsheets/d/1n9SmK-ccTCn8Jjhs4U2LKnibXY8PvuBtV3V9MCOURRA/edit#gid=0
season_001,Regular Season,,Maxax,maxax,haxorus,PokemonFakten,pokemonfakten,Nocturne*,nocturne,partial_external_old_project_sheet,https://docs.google.com/spreadsheets/d/1JZpA-5XDldN2bjfvhvBPHYK-1AENETLnF1UxNEpWlNA/edit#gid=1222240008;https://docs.google.com/spreadsheets/d/14N_40jsahiN9DChpnNaPTnFy26If6imVHtqBGDWk6pg/edit#gid=0;https://docs.google.com/spreadsheets/d/1n9SmK-ccTCn8Jjhs4U2LKnibXY8PvuBtV3V9MCOURRA/edit#gid=0;https://docs.google.com/spreadsheets/d/1JZpA-5XDldN2bjfvhvBPHYK-1AENETLnF1UxNEpWlNA/edit#gid=352888197
season_001,Regular Season,,Mega-Guardevoir,megaguardevoir,gardevoirmega,PokemonFakten,pokemonfakten,Nocturne*,nocturne,partial_external_old_project_sheet,https://docs.google.com/spreadsheets/d/1JZpA-5XDldN2bjfvhvBPHYK-1AENETLnF1UxNEpWlNA/edit#gid=1222240008;https://docs.google.com/spreadsheets/d/14N_40jsahiN9DChpnNaPTnFy26If6imVHtqBGDWk6pg/edit#gid=0;https://docs.google.com/spreadsheets/d/1n9SmK-ccTCn8Jjhs4U2LKnibXY8PvuBtV3V9MCOURRA/edit#gid=0;https://docs.google.com/spreadsheets/d/1JZpA-5XDldN2bjfvhvBPHYK-1AENETLnF1UxNEpWlNA/edit#gid=352888197
season_001,Regular Season,,Meistagrif,meistagrif,conkeldurr,PokemonFakten,pokemonfakten,Nocturne*,nocturne,partial_external_old_project_sheet,https://docs.google.com/spreadsheets/d/1JZpA-5XDldN2bjfvhvBPHYK-1AENETLnF1UxNEpWlNA/edit#gid=1222240008;https://docs.google.com/spreadsheets/d/14N_40jsahiN9DChpnNaPTnFy26If6imVHtqBGDWk6pg/edit#gid=0;https://docs.google.com/spreadsheets/d/1n9SmK-ccTCn8Jjhs4U2LKnibXY8PvuBtV3V9MCOURRA/edit#gid=0;https://docs.google.com/spreadsheets/d/1JZpA-5XDldN2bjfvhvBPHYK-1AENETLnF1UxNEpWlNA/edit#gid=352888197
season_001,Regular Season,,Ramoth,ramoth,volcarona,PokemonFakten,pokemonfakten,Nocturne*,nocturne,partial_external_old_project_sheet,https://docs.google.com/spreadsheets/d/1JZpA-5XDldN2bjfvhvBPHYK-1AENETLnF1UxNEpWlNA/edit#gid=1222240008;https://docs.google.com/spreadsheets/d/14N_40jsahiN9DChpnNaPTnFy26If6imVHtqBGDWk6pg/edit#gid=0;https://docs.google.com/spreadsheets/d/1n9SmK-ccTCn8Jjhs4U2LKnibXY8PvuBtV3V9MCOURRA/edit#gid=0;https://docs.google.com/spreadsheets/d/1JZpA-5XDldN2bjfvhvBPHYK-1AENETLnF1UxNEpWlNA/edit#gid=352888197
season_001,Regular Season,,Skelabra,skelabra,chandelure,PokemonFakten,pokemonfakten,Nocturne*,nocturne,partial_external_old_project_sheet,https://docs.google.com/spreadsheets/d/1JZpA-5XDldN2bjfvhvBPHYK-1AENETLnF1UxNEpWlNA/edit#gid=1222240008;https://docs.google.com/spreadsheets/d/14N_40jsahiN9DChpnNaPTnFy26If6imVHtqBGDWk6pg/edit#gid=0;https://docs.google.com/spreadsheets/d/1n9SmK-ccTCn8Jjhs4U2LKnibXY8PvuBtV3V9MCOURRA/edit#gid=0;https://docs.google.com/spreadsheets/d/1JZpA-5XDldN2bjfvhvBPHYK-1AENETLnF1UxNEpWlNA/edit#gid=352888197
season_001,Regular Season,,Skorgro,skorgro,gliscor,PokemonFakten,pokemonfakten,Nocturne*,nocturne,partial_external_old_project_sheet,https://docs.google.com/spreadsheets/d/1JZpA-5XDldN2bjfvhvBPHYK-1AENETLnF1UxNEpWlNA/edit#gid=1222240008;https://docs.google.com/spreadsheets/d/14N_40jsahiN9DChpnNaPTnFy26If6imVHtqBGDWk6pg/edit#gid=0;https://docs.google.com/spreadsheets/d/1n9SmK-ccTCn8Jjhs4U2LKnibXY8PvuBtV3V9MCOURRA/edit#gid=0;https://docs.google.com/spreadsheets/d/1JZpA-5XDldN2bjfvhvBPHYK-1AENETLnF1UxNEpWlNA/edit#gid=352888197
season_001,Regular Season,,Voltula,voltula,galvantula,PokemonFakten,pokemonfakten,Nocturne*,nocturne,partial_external_old_project_sheet,https://docs.google.com/spreadsheets/d/1JZpA-5XDldN2bjfvhvBPHYK-1AENETLnF1UxNEpWlNA/edit#gid=1222240008;https://docs.google.com/spreadsheets/d/14N_40jsahiN9DChpnNaPTnFy26If6imVHtqBGDWk6pg/edit#gid=0;https://docs.google.com/spreadsheets/d/1n9SmK-ccTCn8Jjhs4U2LKnibXY8PvuBtV3V9MCOURRA/edit#gid=0;https://docs.google.com/spreadsheets/d/1JZpA-5XDldN2bjfvhvBPHYK-1AENETLnF1UxNEpWlNA/edit#gid=352888197
season_001,Regular Season,,Wummer,wummer,clawitzer,PokemonFakten,pokemonfakten,Nocturne*,nocturne,old_project_team_note,https://docs.google.com/spreadsheets/d/1JZpA-5XDldN2bjfvhvBPHYK-1AENETLnF1UxNEpWlNA/edit#gid=352888197;https://docs.google.com/spreadsheets/d/1n9SmK-ccTCn8Jjhs4U2LKnibXY8PvuBtV3V9MCOURRA/edit#gid=0;https://docs.google.com/spreadsheets/d/14N_40jsahiN9DChpnNaPTnFy26If6imVHtqBGDWk6pg/edit#gid=0
season_001,Regular Season,,Arkani,arkani,arcanine,PresentLP,present,Prekani,prekani,partial_external_old_project_sheet,https://docs.google.com/spreadsheets/d/1JZpA-5XDldN2bjfvhvBPHYK-1AENETLnF1UxNEpWlNA/edit#gid=1222240008;https://docs.google.com/spreadsheets/d/1n9SmK-ccTCn8Jjhs4U2LKnibXY8PvuBtV3V9MCOURRA/edit#gid=0;https://docs.google.com/spreadsheets/d/1JZpA-5XDldN2bjfvhvBPHYK-1AENETLnF1UxNEpWlNA/edit#gid=352888197
season_001,Regular Season,,Blitza,blitza,jolteon,PresentLP,present,Prekani,prekani,partial_external_old_project_sheet,https://docs.google.com/spreadsheets/d/1JZpA-5XDldN2bjfvhvBPHYK-1AENETLnF1UxNEpWlNA/edit#gid=1222240008;https://docs.google.com/spreadsheets/d/1n9SmK-ccTCn8Jjhs4U2LKnibXY8PvuBtV3V9MCOURRA/edit#gid=0;https://docs.google.com/spreadsheets/d/1JZpA-5XDldN2bjfvhvBPHYK-1AENETLnF1UxNEpWlNA/edit#gid=352888197
season_001,Regular Season,,Despotar,despotar,tyranitar,PresentLP,present,Prekani,prekani,partial_external_old_project_sheet,https://docs.google.com/spreadsheets/d/1JZpA-5XDldN2bjfvhvBPHYK-1AENETLnF1UxNEpWlNA/edit#gid=1222240008;https://docs.google.com/spreadsheets/d/1n9SmK-ccTCn8Jjhs4U2LKnibXY8PvuBtV3V9MCOURRA/edit#gid=0;https://docs.google.com/spreadsheets/d/1JZpA-5XDldN2bjfvhvBPHYK-1AENETLnF1UxNEpWlNA/edit#gid=352888197
season_001,Regular Season,,Florges,florges,florges,PresentLP,present,Prekani,prekani,partial_external_old_project_sheet,https://docs.google.com/spreadsheets/d/1JZpA-5XDldN2bjfvhvBPHYK-1AENETLnF1UxNEpWlNA/edit#gid=1222240008;https://docs.google.com/spreadsheets/d/1n9SmK-ccTCn8Jjhs4U2LKnibXY8PvuBtV3V9MCOURRA/edit#gid=0;https://docs.google.com/spreadsheets/d/1JZpA-5XDldN2bjfvhvBPHYK-1AENETLnF1UxNEpWlNA/edit#gid=352888197
season_001,Regular Season,,Forstellka,forstellka,forretress,PresentLP,present,Prekani,prekani,partial_external_old_project_sheet,https://docs.google.com/spreadsheets/d/1JZpA-5XDldN2bjfvhvBPHYK-1AENETLnF1UxNEpWlNA/edit#gid=1222240008;https://docs.google.com/spreadsheets/d/1n9SmK-ccTCn8Jjhs4U2LKnibXY8PvuBtV3V9MCOURRA/edit#gid=0;https://docs.google.com/spreadsheets/d/1JZpA-5XDldN2bjfvhvBPHYK-1AENETLnF1UxNEpWlNA/edit#gid=352888197
season_001,Regular Season,,Gastrodon,gastrodon,gastrodon,PresentLP,present,Prekani,prekani,partial_external_old_project_sheet,https://docs.google.com/spreadsheets/d/1JZpA-5XDldN2bjfvhvBPHYK-1AENETLnF1UxNEpWlNA/edit#gid=1222240008;https://docs.google.com/spreadsheets/d/1n9SmK-ccTCn8Jjhs4U2LKnibXY8PvuBtV3V9MCOURRA/edit#gid=0;https://docs.google.com/spreadsheets/d/1JZpA-5XDldN2bjfvhvBPHYK-1AENETLnF1UxNEpWlNA/edit#gid=352888197
season_001,Regular Season,,Gengar,gengar,gengar,PresentLP,present,Prekani,prekani,partial_external_old_project_sheet,https://docs.google.com/spreadsheets/d/1JZpA-5XDldN2bjfvhvBPHYK-1AENETLnF1UxNEpWlNA/edit#gid=1222240008;https://docs.google.com/spreadsheets/d/1n9SmK-ccTCn8Jjhs4U2LKnibXY8PvuBtV3V9MCOURRA/edit#gid=0;https://docs.google.com/spreadsheets/d/1JZpA-5XDldN2bjfvhvBPHYK-1AENETLnF1UxNEpWlNA/edit#gid=352888197
season_001,Regular Season,,Hariyama,hariyama,hariyama,PresentLP,present,Prekani,prekani,partial_external_old_project_sheet,https://docs.google.com/spreadsheets/d/1JZpA-5XDldN2bjfvhvBPHYK-1AENETLnF1UxNEpWlNA/edit#gid=1222240008;https://docs.google.com/spreadsheets/d/1n9SmK-ccTCn8Jjhs4U2LKnibXY8PvuBtV3V9MCOURRA/edit#gid=0;https://docs.google.com/spreadsheets/d/1JZpA-5XDldN2bjfvhvBPHYK-1AENETLnF1UxNEpWlNA/edit#gid=352888197
season_001,Regular Season,,Mega-Pinsir,megapinsir,pinsirmega,PresentLP,present,Prekani,prekani,partial_external_old_project_sheet,https://docs.google.com/spreadsheets/d/1JZpA-5XDldN2bjfvhvBPHYK-1AENETLnF1UxNEpWlNA/edit#gid=1222240008;https://docs.google.com/spreadsheets/d/1n9SmK-ccTCn8Jjhs4U2LKnibXY8PvuBtV3V9MCOURRA/edit#gid=0;https://docs.google.com/spreadsheets/d/1JZpA-5XDldN2bjfvhvBPHYK-1AENETLnF1UxNEpWlNA/edit#gid=352888197
season_001,Regular Season,,Nidoking,nidoking,nidoking,PresentLP,present,Prekani,prekani,partial_external_old_project_sheet,https://docs.google.com/spreadsheets/d/1JZpA-5XDldN2bjfvhvBPHYK-1AENETLnF1UxNEpWlNA/edit#gid=1222240008;https://docs.google.com/spreadsheets/d/1n9SmK-ccTCn8Jjhs4U2LKnibXY8PvuBtV3V9MCOURRA/edit#gid=0;https://docs.google.com/spreadsheets/d/1JZpA-5XDldN2bjfvhvBPHYK-1AENETLnF1UxNEpWlNA/edit#gid=352888197
season_001,Regular Season,,Quajutsu,quajutsu,greninja,PresentLP,present,Prekani,prekani,partial_external_old_project_sheet,https://docs.google.com/spreadsheets/d/1JZpA-5XDldN2bjfvhvBPHYK-1AENETLnF1UxNEpWlNA/edit#gid=1222240008;https://docs.google.com/spreadsheets/d/1n9SmK-ccTCn8Jjhs4U2LKnibXY8PvuBtV3V9MCOURRA/edit#gid=0;https://docs.google.com/spreadsheets/d/1JZpA-5XDldN2bjfvhvBPHYK-1AENETLnF1UxNEpWlNA/edit#gid=352888197
season_001,Regular Season,,Simsala,simsala,alakazam,PresentLP,present,Prekani,prekani,partial_external_old_project_sheet,https://docs.google.com/spreadsheets/d/1JZpA-5XDldN2bjfvhvBPHYK-1AENETLnF1UxNEpWlNA/edit#gid=1222240008;https://docs.google.com/spreadsheets/d/1n9SmK-ccTCn8Jjhs4U2LKnibXY8PvuBtV3V9MCOURRA/edit#gid=0;https://docs.google.com/spreadsheets/d/1JZpA-5XDldN2bjfvhvBPHYK-1AENETLnF1UxNEpWlNA/edit#gid=352888197
season_001,Regular Season,,Stalobor,stalobor,excadrill,PresentLP,present,Prekani,prekani,partial_external_old_project_sheet,https://docs.google.com/spreadsheets/d/1JZpA-5XDldN2bjfvhvBPHYK-1AENETLnF1UxNEpWlNA/edit#gid=1222240008;https://docs.google.com/spreadsheets/d/1n9SmK-ccTCn8Jjhs4U2LKnibXY8PvuBtV3V9MCOURRA/edit#gid=0;https://docs.google.com/spreadsheets/d/1JZpA-5XDldN2bjfvhvBPHYK-1AENETLnF1UxNEpWlNA/edit#gid=352888197
season_001,Regular Season,,Austos,austos,cloyster,Raizor,raizor,Raizoroark,raizoroark,partial_external_old_project_sheet,https://docs.google.com/spreadsheets/d/1JZpA-5XDldN2bjfvhvBPHYK-1AENETLnF1UxNEpWlNA/edit#gid=1222240008;https://docs.google.com/spreadsheets/d/1n9SmK-ccTCn8Jjhs4U2LKnibXY8PvuBtV3V9MCOURRA/edit#gid=0;https://docs.google.com/spreadsheets/d/1JZpA-5XDldN2bjfvhvBPHYK-1AENETLnF1UxNEpWlNA/edit#gid=352888197
season_001,Regular Season,,Chaneira,chaneira,chansey,Raizor,raizor,Raizoroark,raizoroark,partial_external_old_project_sheet,https://docs.google.com/spreadsheets/d/1JZpA-5XDldN2bjfvhvBPHYK-1AENETLnF1UxNEpWlNA/edit#gid=1222240008;https://docs.google.com/spreadsheets/d/1n9SmK-ccTCn8Jjhs4U2LKnibXY8PvuBtV3V9MCOURRA/edit#gid=0;https://docs.google.com/spreadsheets/d/1JZpA-5XDldN2bjfvhvBPHYK-1AENETLnF1UxNEpWlNA/edit#gid=352888197
season_001,Regular Season,,Dragoran,dragoran,dragonite,Raizor,raizor,Raizoroark,raizoroark,partial_external_old_project_sheet,https://docs.google.com/spreadsheets/d/1JZpA-5XDldN2bjfvhvBPHYK-1AENETLnF1UxNEpWlNA/edit#gid=1222240008;https://docs.google.com/spreadsheets/d/1n9SmK-ccTCn8Jjhs4U2LKnibXY8PvuBtV3V9MCOURRA/edit#gid=0;https://docs.google.com/spreadsheets/d/1JZpA-5XDldN2bjfvhvBPHYK-1AENETLnF1UxNEpWlNA/edit#gid=352888197
season_001,Regular Season,,Entei,entei,entei,Raizor,raizor,Raizoroark,raizoroark,partial_external_old_project_sheet,https://docs.google.com/spreadsheets/d/1JZpA-5XDldN2bjfvhvBPHYK-1AENETLnF1UxNEpWlNA/edit#gid=1222240008;https://docs.google.com/spreadsheets/d/1n9SmK-ccTCn8Jjhs4U2LKnibXY8PvuBtV3V9MCOURRA/edit#gid=0;https://docs.google.com/spreadsheets/d/1JZpA-5XDldN2bjfvhvBPHYK-1AENETLnF1UxNEpWlNA/edit#gid=352888197
season_001,Regular Season,,Forstellka,forstellka,forretress,Raizor,raizor,Raizoroark,raizoroark,partial_external_old_project_sheet,https://docs.google.com/spreadsheets/d/1JZpA-5XDldN2bjfvhvBPHYK-1AENETLnF1UxNEpWlNA/edit#gid=1222240008;https://docs.google.com/spreadsheets/d/1n9SmK-ccTCn8Jjhs4U2LKnibXY8PvuBtV3V9MCOURRA/edit#gid=0;https://docs.google.com/spreadsheets/d/1JZpA-5XDldN2bjfvhvBPHYK-1AENETLnF1UxNEpWlNA/edit#gid=352888197
season_001,Regular Season,,Mega-Glurak Y,megagluraky,charizardmegay,Raizor,raizor,Raizoroark,raizoroark,partial_external_old_project_sheet,https://docs.google.com/spreadsheets/d/1JZpA-5XDldN2bjfvhvBPHYK-1AENETLnF1UxNEpWlNA/edit#gid=1222240008;https://docs.google.com/spreadsheets/d/1n9SmK-ccTCn8Jjhs4U2LKnibXY8PvuBtV3V9MCOURRA/edit#gid=0;https://docs.google.com/spreadsheets/d/1JZpA-5XDldN2bjfvhvBPHYK-1AENETLnF1UxNEpWlNA/edit#gid=352888197
season_001,Regular Season,,Nidoking,nidoking,nidoking,Raizor,raizor,Raizoroark,raizoroark,partial_external_old_project_sheet,https://docs.google.com/spreadsheets/d/1JZpA-5XDldN2bjfvhvBPHYK-1AENETLnF1UxNEpWlNA/edit#gid=1222240008;https://docs.google.com/spreadsheets/d/1n9SmK-ccTCn8Jjhs4U2LKnibXY8PvuBtV3V9MCOURRA/edit#gid=0;https://docs.google.com/spreadsheets/d/1JZpA-5XDldN2bjfvhvBPHYK-1AENETLnF1UxNEpWlNA/edit#gid=352888197
season_001,Regular Season,,Psiana,psiana,espeon,Raizor,raizor,Raizoroark,raizoroark,partial_external_old_project_sheet,https://docs.google.com/spreadsheets/d/1JZpA-5XDldN2bjfvhvBPHYK-1AENETLnF1UxNEpWlNA/edit#gid=1222240008;https://docs.google.com/spreadsheets/d/1n9SmK-ccTCn8Jjhs4U2LKnibXY8PvuBtV3V9MCOURRA/edit#gid=0;https://docs.google.com/spreadsheets/d/1JZpA-5XDldN2bjfvhvBPHYK-1AENETLnF1UxNEpWlNA/edit#gid=352888197
season_001,Regular Season,,Quajutsu,quajutsu,greninja,Raizor,raizor,Raizoroark,raizoroark,partial_external_old_project_sheet,https://docs.google.com/spreadsheets/d/1JZpA-5XDldN2bjfvhvBPHYK-1AENETLnF1UxNEpWlNA/edit#gid=1222240008;https://docs.google.com/spreadsheets/d/1n9SmK-ccTCn8Jjhs4U2LKnibXY8PvuBtV3V9MCOURRA/edit#gid=0;https://docs.google.com/spreadsheets/d/1JZpA-5XDldN2bjfvhvBPHYK-1AENETLnF1UxNEpWlNA/edit#gid=352888197
season_001,Regular Season,,Ramoth,ramoth,volcarona,Raizor,raizor,Raizoroark,raizoroark,partial_external_old_project_sheet,https://docs.google.com/spreadsheets/d/1JZpA-5XDldN2bjfvhvBPHYK-1AENETLnF1UxNEpWlNA/edit#gid=1222240008;https://docs.google.com/spreadsheets/d/1n9SmK-ccTCn8Jjhs4U2LKnibXY8PvuBtV3V9MCOURRA/edit#gid=0;https://docs.google.com/spreadsheets/d/1JZpA-5XDldN2bjfvhvBPHYK-1AENETLnF1UxNEpWlNA/edit#gid=352888197
season_001,Regular Season,,Symvolara,symvolara,sigilyph,Raizor,raizor,Raizoroark,raizoroark,partial_external_old_project_sheet,https://docs.google.com/spreadsheets/d/1JZpA-5XDldN2bjfvhvBPHYK-1AENETLnF1UxNEpWlNA/edit#gid=1222240008;https://docs.google.com/spreadsheets/d/1n9SmK-ccTCn8Jjhs4U2LKnibXY8PvuBtV3V9MCOURRA/edit#gid=0;https://docs.google.com/spreadsheets/d/1JZpA-5XDldN2bjfvhvBPHYK-1AENETLnF1UxNEpWlNA/edit#gid=352888197
season_001,Regular Season,,Terrakium,terrakium,terrakion,Raizor,raizor,Raizoroark,raizoroark,partial_external_old_project_sheet,https://docs.google.com/spreadsheets/d/1JZpA-5XDldN2bjfvhvBPHYK-1AENETLnF1UxNEpWlNA/edit#gid=1222240008;https://docs.google.com/spreadsheets/d/1n9SmK-ccTCn8Jjhs4U2LKnibXY8PvuBtV3V9MCOURRA/edit#gid=0;https://docs.google.com/spreadsheets/d/1JZpA-5XDldN2bjfvhvBPHYK-1AENETLnF1UxNEpWlNA/edit#gid=352888197
season_001,Regular Season,,UHaFnir,uhafnir,noivern,Raizor,raizor,Raizoroark,raizoroark,partial_external_old_project_sheet,https://docs.google.com/spreadsheets/d/1JZpA-5XDldN2bjfvhvBPHYK-1AENETLnF1UxNEpWlNA/edit#gid=1222240008;https://docs.google.com/spreadsheets/d/1n9SmK-ccTCn8Jjhs4U2LKnibXY8PvuBtV3V9MCOURRA/edit#gid=0;https://docs.google.com/spreadsheets/d/1JZpA-5XDldN2bjfvhvBPHYK-1AENETLnF1UxNEpWlNA/edit#gid=352888197
season_001,Regular Season,,Zobiris,zobiris,sableye,Raizor,raizor,Raizoroark,raizoroark,partial_external_old_project_sheet,https://docs.google.com/spreadsheets/d/1JZpA-5XDldN2bjfvhvBPHYK-1AENETLnF1UxNEpWlNA/edit#gid=1222240008;https://docs.google.com/spreadsheets/d/1n9SmK-ccTCn8Jjhs4U2LKnibXY8PvuBtV3V9MCOURRA/edit#gid=0;https://docs.google.com/spreadsheets/d/1JZpA-5XDldN2bjfvhvBPHYK-1AENETLnF1UxNEpWlNA/edit#gid=352888197
season_001,Regular Season,,Zoroark,zoroark,zoroark,Raizor,raizor,Raizoroark,raizoroark,partial_external_old_project_sheet,https://docs.google.com/spreadsheets/d/1JZpA-5XDldN2bjfvhvBPHYK-1AENETLnF1UxNEpWlNA/edit#gid=1222240008;https://docs.google.com/spreadsheets/d/1n9SmK-ccTCn8Jjhs4U2LKnibXY8PvuBtV3V9MCOURRA/edit#gid=0;https://docs.google.com/spreadsheets/d/1JZpA-5XDldN2bjfvhvBPHYK-1AENETLnF1UxNEpWlNA/edit#gid=352888197
season_001,Regular Season,,Apoquallyp,apoquallyp,jellicent,Shiro,shiro,Dancing Darmanitans,dancingdarmanitans,partial_external_old_project_sheet,https://docs.google.com/spreadsheets/d/1JZpA-5XDldN2bjfvhvBPHYK-1AENETLnF1UxNEpWlNA/edit#gid=1222240008;https://docs.google.com/spreadsheets/d/1n9SmK-ccTCn8Jjhs4U2LKnibXY8PvuBtV3V9MCOURRA/edit#gid=0;https://docs.google.com/spreadsheets/d/1JZpA-5XDldN2bjfvhvBPHYK-1AENETLnF1UxNEpWlNA/edit#gid=352888197
season_001,Regular Season,,Clavion,clavion,klefki,Shiro,shiro,Dancing Darmanitans,dancingdarmanitans,partial_external_old_project_sheet,https://docs.google.com/spreadsheets/d/1JZpA-5XDldN2bjfvhvBPHYK-1AENETLnF1UxNEpWlNA/edit#gid=1222240008;https://docs.google.com/spreadsheets/d/1n9SmK-ccTCn8Jjhs4U2LKnibXY8PvuBtV3V9MCOURRA/edit#gid=0;https://docs.google.com/spreadsheets/d/1JZpA-5XDldN2bjfvhvBPHYK-1AENETLnF1UxNEpWlNA/edit#gid=352888197
season_001,Regular Season,,Donphan,donphan,donphan,Shiro,shiro,Dancing Darmanitans,dancingdarmanitans,partial_external_old_project_sheet,https://docs.google.com/spreadsheets/d/1JZpA-5XDldN2bjfvhvBPHYK-1AENETLnF1UxNEpWlNA/edit#gid=1222240008;https://docs.google.com/spreadsheets/d/1n9SmK-ccTCn8Jjhs4U2LKnibXY8PvuBtV3V9MCOURRA/edit#gid=0;https://docs.google.com/spreadsheets/d/1JZpA-5XDldN2bjfvhvBPHYK-1AENETLnF1UxNEpWlNA/edit#gid=352888197
season_001,Regular Season,,Drifzepli,drifzepli,drifblim,Shiro,shiro,Dancing Darmanitans,dancingdarmanitans,partial_external_old_project_sheet,https://docs.google.com/spreadsheets/d/1JZpA-5XDldN2bjfvhvBPHYK-1AENETLnF1UxNEpWlNA/edit#gid=1222240008;https://docs.google.com/spreadsheets/d/1n9SmK-ccTCn8Jjhs4U2LKnibXY8PvuBtV3V9MCOURRA/edit#gid=0;https://docs.google.com/spreadsheets/d/1JZpA-5XDldN2bjfvhvBPHYK-1AENETLnF1UxNEpWlNA/edit#gid=352888197
season_001,Regular Season,,Flampivian-Normal,flampiviannormal,darmanitan,Shiro,shiro,Dancing Darmanitans,dancingdarmanitans,partial_external_old_project_sheet,https://docs.google.com/spreadsheets/d/1JZpA-5XDldN2bjfvhvBPHYK-1AENETLnF1UxNEpWlNA/edit#gid=1222240008;https://docs.google.com/spreadsheets/d/1n9SmK-ccTCn8Jjhs4U2LKnibXY8PvuBtV3V9MCOURRA/edit#gid=0
season_001,Regular Season,,Kapilz,kapilz,breloom,Shiro,shiro,Dancing Darmanitans,dancingdarmanitans,partial_external_old_project_sheet,https://docs.google.com/spreadsheets/d/1JZpA-5XDldN2bjfvhvBPHYK-1AENETLnF1UxNEpWlNA/edit#gid=1222240008;https://docs.google.com/spreadsheets/d/1n9SmK-ccTCn8Jjhs4U2LKnibXY8PvuBtV3V9MCOURRA/edit#gid=0;https://docs.google.com/spreadsheets/d/1JZpA-5XDldN2bjfvhvBPHYK-1AENETLnF1UxNEpWlNA/edit#gid=352888197
season_001,Regular Season,,Lucario,lucario,lucario,Shiro,shiro,Dancing Darmanitans,dancingdarmanitans,partial_external_old_project_sheet,https://docs.google.com/spreadsheets/d/1JZpA-5XDldN2bjfvhvBPHYK-1AENETLnF1UxNEpWlNA/edit#gid=1222240008;https://docs.google.com/spreadsheets/d/1n9SmK-ccTCn8Jjhs4U2LKnibXY8PvuBtV3V9MCOURRA/edit#gid=0;https://docs.google.com/spreadsheets/d/1JZpA-5XDldN2bjfvhvBPHYK-1AENETLnF1UxNEpWlNA/edit#gid=352888197
season_001,Regular Season,,Mega-Glurak X,megaglurakx,charizardmegax,Shiro,shiro,Dancing Darmanitans,dancingdarmanitans,partial_external_old_project_sheet,https://docs.google.com/spreadsheets/d/1JZpA-5XDldN2bjfvhvBPHYK-1AENETLnF1UxNEpWlNA/edit#gid=1222240008;https://docs.google.com/spreadsheets/d/1n9SmK-ccTCn8Jjhs4U2LKnibXY8PvuBtV3V9MCOURRA/edit#gid=0;https://docs.google.com/spreadsheets/d/1JZpA-5XDldN2bjfvhvBPHYK-1AENETLnF1UxNEpWlNA/edit#gid=352888197
season_001,Regular Season,,Monargoras,monargoras,tyrantrum,Shiro,shiro,Dancing Darmanitans,dancingdarmanitans,partial_external_old_project_sheet,https://docs.google.com/spreadsheets/d/1JZpA-5XDldN2bjfvhvBPHYK-1AENETLnF1UxNEpWlNA/edit#gid=1222240008;https://docs.google.com/spreadsheets/d/1n9SmK-ccTCn8Jjhs4U2LKnibXY8PvuBtV3V9MCOURRA/edit#gid=0;https://docs.google.com/spreadsheets/d/1JZpA-5XDldN2bjfvhvBPHYK-1AENETLnF1UxNEpWlNA/edit#gid=352888197
season_001,Regular Season,,Panzaeron,panzaeron,skarmory,Shiro,shiro,Dancing Darmanitans,dancingdarmanitans,partial_external_old_project_sheet,https://docs.google.com/spreadsheets/d/1JZpA-5XDldN2bjfvhvBPHYK-1AENETLnF1UxNEpWlNA/edit#gid=1222240008;https://docs.google.com/spreadsheets/d/1n9SmK-ccTCn8Jjhs4U2LKnibXY8PvuBtV3V9MCOURRA/edit#gid=0;https://docs.google.com/spreadsheets/d/1JZpA-5XDldN2bjfvhvBPHYK-1AENETLnF1UxNEpWlNA/edit#gid=352888197
season_001,Regular Season,,Rotom-W,rotomw,rotomwash,Shiro,shiro,Dancing Darmanitans,dancingdarmanitans,partial_external_old_project_sheet,https://docs.google.com/spreadsheets/d/1JZpA-5XDldN2bjfvhvBPHYK-1AENETLnF1UxNEpWlNA/edit#gid=1222240008;https://docs.google.com/spreadsheets/d/1n9SmK-ccTCn8Jjhs4U2LKnibXY8PvuBtV3V9MCOURRA/edit#gid=0;https://docs.google.com/spreadsheets/d/1JZpA-5XDldN2bjfvhvBPHYK-1AENETLnF1UxNEpWlNA/edit#gid=352888197
season_001,Regular Season,,Shaymin,shaymin,shaymin,Shiro,shiro,Dancing Darmanitans,dancingdarmanitans,partial_external_old_project_sheet,https://docs.google.com/spreadsheets/d/1JZpA-5XDldN2bjfvhvBPHYK-1AENETLnF1UxNEpWlNA/edit#gid=1222240008;https://docs.google.com/spreadsheets/d/1n9SmK-ccTCn8Jjhs4U2LKnibXY8PvuBtV3V9MCOURRA/edit#gid=0;https://docs.google.com/spreadsheets/d/1JZpA-5XDldN2bjfvhvBPHYK-1AENETLnF1UxNEpWlNA/edit#gid=352888197
season_001,Regular Season,,Snibunna,snibunna,weavile,Shiro,shiro,Dancing Darmanitans,dancingdarmanitans,partial_external_old_project_sheet,https://docs.google.com/spreadsheets/d/1JZpA-5XDldN2bjfvhvBPHYK-1AENETLnF1UxNEpWlNA/edit#gid=1222240008;https://docs.google.com/spreadsheets/d/1n9SmK-ccTCn8Jjhs4U2LKnibXY8PvuBtV3V9MCOURRA/edit#gid=0;https://docs.google.com/spreadsheets/d/1JZpA-5XDldN2bjfvhvBPHYK-1AENETLnF1UxNEpWlNA/edit#gid=352888197
season_001,Regular Season,,Symvolara,symvolara,sigilyph,Shiro,shiro,Dancing Darmanitans,dancingdarmanitans,partial_external_old_project_sheet,https://docs.google.com/spreadsheets/d/1JZpA-5XDldN2bjfvhvBPHYK-1AENETLnF1UxNEpWlNA/edit#gid=1222240008;https://docs.google.com/spreadsheets/d/1n9SmK-ccTCn8Jjhs4U2LKnibXY8PvuBtV3V9MCOURRA/edit#gid=0;https://docs.google.com/spreadsheets/d/1JZpA-5XDldN2bjfvhvBPHYK-1AENETLnF1UxNEpWlNA/edit#gid=352888197
season_001,Regular Season,,Victini,victini,victini,Shiro,shiro,Dancing Darmanitans,dancingdarmanitans,partial_external_old_project_sheet,https://docs.google.com/spreadsheets/d/1JZpA-5XDldN2bjfvhvBPHYK-1AENETLnF1UxNEpWlNA/edit#gid=1222240008;https://docs.google.com/spreadsheets/d/1n9SmK-ccTCn8Jjhs4U2LKnibXY8PvuBtV3V9MCOURRA/edit#gid=0;https://docs.google.com/spreadsheets/d/1JZpA-5XDldN2bjfvhvBPHYK-1AENETLnF1UxNEpWlNA/edit#gid=352888197
season_001,Regular Season,,Apoquallyp,apoquallyp,jellicent,Silva,silva,Diggersby Army,diggersbyarmy,partial_external_old_project_sheet,https://docs.google.com/spreadsheets/d/1JZpA-5XDldN2bjfvhvBPHYK-1AENETLnF1UxNEpWlNA/edit#gid=1222240008;https://docs.google.com/spreadsheets/d/1n9SmK-ccTCn8Jjhs4U2LKnibXY8PvuBtV3V9MCOURRA/edit#gid=0;https://docs.google.com/spreadsheets/d/1JZpA-5XDldN2bjfvhvBPHYK-1AENETLnF1UxNEpWlNA/edit#gid=352888197
season_001,Regular Season,,Cresselia,cresselia,cresselia,Silva,silva,Diggersby Army,diggersbyarmy,partial_external_old_project_sheet,https://docs.google.com/spreadsheets/d/1JZpA-5XDldN2bjfvhvBPHYK-1AENETLnF1UxNEpWlNA/edit#gid=1222240008;https://docs.google.com/spreadsheets/d/1n9SmK-ccTCn8Jjhs4U2LKnibXY8PvuBtV3V9MCOURRA/edit#gid=0;https://docs.google.com/spreadsheets/d/1JZpA-5XDldN2bjfvhvBPHYK-1AENETLnF1UxNEpWlNA/edit#gid=352888197
season_001,Regular Season,,Forstellka,forstellka,forretress,Silva,silva,Diggersby Army,diggersbyarmy,partial_external_old_project_sheet,https://docs.google.com/spreadsheets/d/1JZpA-5XDldN2bjfvhvBPHYK-1AENETLnF1UxNEpWlNA/edit#gid=1222240008;https://docs.google.com/spreadsheets/d/1n9SmK-ccTCn8Jjhs4U2LKnibXY8PvuBtV3V9MCOURRA/edit#gid=0;https://docs.google.com/spreadsheets/d/1JZpA-5XDldN2bjfvhvBPHYK-1AENETLnF1UxNEpWlNA/edit#gid=352888197
season_001,Regular Season,,Grebbit,grebbit,diggersby,Silva,silva,Diggersby Army,diggersbyarmy,partial_external_old_project_sheet,https://docs.google.com/spreadsheets/d/1JZpA-5XDldN2bjfvhvBPHYK-1AENETLnF1UxNEpWlNA/edit#gid=1222240008;https://docs.google.com/spreadsheets/d/1n9SmK-ccTCn8Jjhs4U2LKnibXY8PvuBtV3V9MCOURRA/edit#gid=0
season_001,Regular Season,,Heiteira,heiteira,blissey,Silva,silva,Diggersby Army,diggersbyarmy,partial_external_old_project_sheet,https://docs.google.com/spreadsheets/d/1JZpA-5XDldN2bjfvhvBPHYK-1AENETLnF1UxNEpWlNA/edit#gid=1222240008;https://docs.google.com/spreadsheets/d/1n9SmK-ccTCn8Jjhs4U2LKnibXY8PvuBtV3V9MCOURRA/edit#gid=0;https://docs.google.com/spreadsheets/d/1JZpA-5XDldN2bjfvhvBPHYK-1AENETLnF1UxNEpWlNA/edit#gid=352888197
season_001,Regular Season,,Kyurem-Black,kyuremblack,kyuremblack,Silva,silva,Diggersby Army,diggersbyarmy,old_project_team_note,https://docs.google.com/spreadsheets/d/1JZpA-5XDldN2bjfvhvBPHYK-1AENETLnF1UxNEpWlNA/edit#gid=352888197;https://docs.google.com/spreadsheets/d/1n9SmK-ccTCn8Jjhs4U2LKnibXY8PvuBtV3V9MCOURRA/edit#gid=0
season_001,Regular Season,,Mega-Bisaflor,megabisaflor,venusaurmega,Silva,silva,Diggersby Army,diggersbyarmy,partial_external_old_project_sheet,https://docs.google.com/spreadsheets/d/1JZpA-5XDldN2bjfvhvBPHYK-1AENETLnF1UxNEpWlNA/edit#gid=1222240008;https://docs.google.com/spreadsheets/d/1n9SmK-ccTCn8Jjhs4U2LKnibXY8PvuBtV3V9MCOURRA/edit#gid=0;https://docs.google.com/spreadsheets/d/1JZpA-5XDldN2bjfvhvBPHYK-1AENETLnF1UxNEpWlNA/edit#gid=352888197
season_001,Regular Season,,Meistagrif,meistagrif,conkeldurr,Silva,silva,Diggersby Army,diggersbyarmy,partial_external_old_project_sheet,https://docs.google.com/spreadsheets/d/1JZpA-5XDldN2bjfvhvBPHYK-1AENETLnF1UxNEpWlNA/edit#gid=1222240008;https://docs.google.com/spreadsheets/d/1n9SmK-ccTCn8Jjhs4U2LKnibXY8PvuBtV3V9MCOURRA/edit#gid=0;https://docs.google.com/spreadsheets/d/1JZpA-5XDldN2bjfvhvBPHYK-1AENETLnF1UxNEpWlNA/edit#gid=352888197
season_001,Regular Season,,Panferno,panferno,infernape,Silva,silva,Diggersby Army,diggersbyarmy,partial_external_old_project_sheet,https://docs.google.com/spreadsheets/d/1JZpA-5XDldN2bjfvhvBPHYK-1AENETLnF1UxNEpWlNA/edit#gid=1222240008;https://docs.google.com/spreadsheets/d/1n9SmK-ccTCn8Jjhs4U2LKnibXY8PvuBtV3V9MCOURRA/edit#gid=0;https://docs.google.com/spreadsheets/d/1JZpA-5XDldN2bjfvhvBPHYK-1AENETLnF1UxNEpWlNA/edit#gid=352888197
season_001,Regular Season,,Porygon2,porygon2,porygon2,Silva,silva,Diggersby Army,diggersbyarmy,partial_external_old_project_sheet,https://docs.google.com/spreadsheets/d/1JZpA-5XDldN2bjfvhvBPHYK-1AENETLnF1UxNEpWlNA/edit#gid=1222240008;https://docs.google.com/spreadsheets/d/1n9SmK-ccTCn8Jjhs4U2LKnibXY8PvuBtV3V9MCOURRA/edit#gid=0;https://docs.google.com/spreadsheets/d/1JZpA-5XDldN2bjfvhvBPHYK-1AENETLnF1UxNEpWlNA/edit#gid=352888197
season_001,Regular Season,,Quajutsu,quajutsu,greninja,Silva,silva,Diggersby Army,diggersbyarmy,partial_external_old_project_sheet,https://docs.google.com/spreadsheets/d/1JZpA-5XDldN2bjfvhvBPHYK-1AENETLnF1UxNEpWlNA/edit#gid=1222240008;https://docs.google.com/spreadsheets/d/1n9SmK-ccTCn8Jjhs4U2LKnibXY8PvuBtV3V9MCOURRA/edit#gid=0;https://docs.google.com/spreadsheets/d/1JZpA-5XDldN2bjfvhvBPHYK-1AENETLnF1UxNEpWlNA/edit#gid=352888197
season_001,Regular Season,,Rihornior,rihornior,rhyperior,Silva,silva,Diggersby Army,diggersbyarmy,partial_external_old_project_sheet,https://docs.google.com/spreadsheets/d/1JZpA-5XDldN2bjfvhvBPHYK-1AENETLnF1UxNEpWlNA/edit#gid=1222240008;https://docs.google.com/spreadsheets/d/1n9SmK-ccTCn8Jjhs4U2LKnibXY8PvuBtV3V9MCOURRA/edit#gid=0;https://docs.google.com/spreadsheets/d/1JZpA-5XDldN2bjfvhvBPHYK-1AENETLnF1UxNEpWlNA/edit#gid=352888197
season_001,Regular Season,,Schwalboss,schwalboss,swellow,Silva,silva,Diggersby Army,diggersbyarmy,partial_external_old_project_sheet,https://docs.google.com/spreadsheets/d/1JZpA-5XDldN2bjfvhvBPHYK-1AENETLnF1UxNEpWlNA/edit#gid=1222240008;https://docs.google.com/spreadsheets/d/1n9SmK-ccTCn8Jjhs4U2LKnibXY8PvuBtV3V9MCOURRA/edit#gid=0;https://docs.google.com/spreadsheets/d/1JZpA-5XDldN2bjfvhvBPHYK-1AENETLnF1UxNEpWlNA/edit#gid=352888197
season_001,Regular Season,,Victini,victini,victini,Silva,silva,Diggersby Army,diggersbyarmy,partial_external_old_project_sheet,https://docs.google.com/spreadsheets/d/1JZpA-5XDldN2bjfvhvBPHYK-1AENETLnF1UxNEpWlNA/edit#gid=1222240008;https://docs.google.com/spreadsheets/d/1n9SmK-ccTCn8Jjhs4U2LKnibXY8PvuBtV3V9MCOURRA/edit#gid=0;https://docs.google.com/spreadsheets/d/1JZpA-5XDldN2bjfvhvBPHYK-1AENETLnF1UxNEpWlNA/edit#gid=352888197
season_001,Regular Season,,Brutalanda,brutalanda,salamence,SurskitTV,surskittv,Surstars,surstars,partial_external_old_project_sheet,https://docs.google.com/spreadsheets/d/1JZpA-5XDldN2bjfvhvBPHYK-1AENETLnF1UxNEpWlNA/edit#gid=1222240008;https://docs.google.com/spreadsheets/d/1n9SmK-ccTCn8Jjhs4U2LKnibXY8PvuBtV3V9MCOURRA/edit#gid=0;https://docs.google.com/spreadsheets/d/1JZpA-5XDldN2bjfvhvBPHYK-1AENETLnF1UxNEpWlNA/edit#gid=352888197
season_001,Regular Season,,Florges,florges,florges,SurskitTV,surskittv,Surstars,surstars,partial_external_old_project_sheet,https://docs.google.com/spreadsheets/d/1JZpA-5XDldN2bjfvhvBPHYK-1AENETLnF1UxNEpWlNA/edit#gid=1222240008;https://docs.google.com/spreadsheets/d/1n9SmK-ccTCn8Jjhs4U2LKnibXY8PvuBtV3V9MCOURRA/edit#gid=0;https://docs.google.com/spreadsheets/d/1JZpA-5XDldN2bjfvhvBPHYK-1AENETLnF1UxNEpWlNA/edit#gid=352888197
season_001,Regular Season,,Grypheldis,grypheldis,mandibuzz,SurskitTV,surskittv,Surstars,surstars,partial_external_old_project_sheet,https://docs.google.com/spreadsheets/d/1JZpA-5XDldN2bjfvhvBPHYK-1AENETLnF1UxNEpWlNA/edit#gid=1222240008;https://docs.google.com/spreadsheets/d/1n9SmK-ccTCn8Jjhs4U2LKnibXY8PvuBtV3V9MCOURRA/edit#gid=0;https://docs.google.com/spreadsheets/d/1JZpA-5XDldN2bjfvhvBPHYK-1AENETLnF1UxNEpWlNA/edit#gid=352888197
season_001,Regular Season,,Magnezone,magnezone,magnezone,SurskitTV,surskittv,Surstars,surstars,partial_external_old_project_sheet,https://docs.google.com/spreadsheets/d/1JZpA-5XDldN2bjfvhvBPHYK-1AENETLnF1UxNEpWlNA/edit#gid=1222240008;https://docs.google.com/spreadsheets/d/1n9SmK-ccTCn8Jjhs4U2LKnibXY8PvuBtV3V9MCOURRA/edit#gid=0;https://docs.google.com/spreadsheets/d/1JZpA-5XDldN2bjfvhvBPHYK-1AENETLnF1UxNEpWlNA/edit#gid=352888197
season_001,Regular Season,,Maskeregen,maskeregen,masquerain,SurskitTV,surskittv,Surstars,surstars,partial_external_old_project_sheet,https://docs.google.com/spreadsheets/d/1JZpA-5XDldN2bjfvhvBPHYK-1AENETLnF1UxNEpWlNA/edit#gid=1222240008;https://docs.google.com/spreadsheets/d/1n9SmK-ccTCn8Jjhs4U2LKnibXY8PvuBtV3V9MCOURRA/edit#gid=0
season_001,Regular Season,,Mega-Banette,megabanette,banettemega,SurskitTV,surskittv,Surstars,surstars,old_project_team_note,https://docs.google.com/spreadsheets/d/1JZpA-5XDldN2bjfvhvBPHYK-1AENETLnF1UxNEpWlNA/edit#gid=352888197;https://docs.google.com/spreadsheets/d/1n9SmK-ccTCn8Jjhs4U2LKnibXY8PvuBtV3V9MCOURRA/edit#gid=0
season_001,Regular Season,,Mega-Garados,megagarados,gyaradosmega,SurskitTV,surskittv,Surstars,surstars,partial_external_old_project_sheet,https://docs.google.com/spreadsheets/d/1JZpA-5XDldN2bjfvhvBPHYK-1AENETLnF1UxNEpWlNA/edit#gid=1222240008;https://docs.google.com/spreadsheets/d/1n9SmK-ccTCn8Jjhs4U2LKnibXY8PvuBtV3V9MCOURRA/edit#gid=0;https://docs.google.com/spreadsheets/d/1JZpA-5XDldN2bjfvhvBPHYK-1AENETLnF1UxNEpWlNA/edit#gid=352888197
season_001,Regular Season,,Metagross,metagross,metagross,SurskitTV,surskittv,Surstars,surstars,partial_external_old_project_sheet,https://docs.google.com/spreadsheets/d/1JZpA-5XDldN2bjfvhvBPHYK-1AENETLnF1UxNEpWlNA/edit#gid=1222240008;https://docs.google.com/spreadsheets/d/1n9SmK-ccTCn8Jjhs4U2LKnibXY8PvuBtV3V9MCOURRA/edit#gid=0
season_001,Regular Season,,Monargoras,monargoras,tyrantrum,SurskitTV,surskittv,Surstars,surstars,partial_external_old_project_sheet,https://docs.google.com/spreadsheets/d/1JZpA-5XDldN2bjfvhvBPHYK-1AENETLnF1UxNEpWlNA/edit#gid=1222240008;https://docs.google.com/spreadsheets/d/1n9SmK-ccTCn8Jjhs4U2LKnibXY8PvuBtV3V9MCOURRA/edit#gid=0;https://docs.google.com/spreadsheets/d/1JZpA-5XDldN2bjfvhvBPHYK-1AENETLnF1UxNEpWlNA/edit#gid=352888197
season_001,Regular Season,,Morlord,morlord,quagsire,SurskitTV,surskittv,Surstars,surstars,partial_external_old_project_sheet,https://docs.google.com/spreadsheets/d/1JZpA-5XDldN2bjfvhvBPHYK-1AENETLnF1UxNEpWlNA/edit#gid=1222240008;https://docs.google.com/spreadsheets/d/1n9SmK-ccTCn8Jjhs4U2LKnibXY8PvuBtV3V9MCOURRA/edit#gid=0;https://docs.google.com/spreadsheets/d/1JZpA-5XDldN2bjfvhvBPHYK-1AENETLnF1UxNEpWlNA/edit#gid=352888197
season_001,Regular Season,,Porygon2,porygon2,porygon2,SurskitTV,surskittv,Surstars,surstars,partial_external_old_project_sheet,https://docs.google.com/spreadsheets/d/1JZpA-5XDldN2bjfvhvBPHYK-1AENETLnF1UxNEpWlNA/edit#gid=1222240008;https://docs.google.com/spreadsheets/d/1n9SmK-ccTCn8Jjhs4U2LKnibXY8PvuBtV3V9MCOURRA/edit#gid=0
season_001,Regular Season,,Quajutsu,quajutsu,greninja,SurskitTV,surskittv,Surstars,surstars,partial_external_old_project_sheet,https://docs.google.com/spreadsheets/d/1JZpA-5XDldN2bjfvhvBPHYK-1AENETLnF1UxNEpWlNA/edit#gid=1222240008;https://docs.google.com/spreadsheets/d/1n9SmK-ccTCn8Jjhs4U2LKnibXY8PvuBtV3V9MCOURRA/edit#gid=0
season_001,Regular Season,,Rotom-H,rotomh,rotomheat,SurskitTV,surskittv,Surstars,surstars,partial_external_old_project_sheet,https://docs.google.com/spreadsheets/d/1JZpA-5XDldN2bjfvhvBPHYK-1AENETLnF1UxNEpWlNA/edit#gid=1222240008;https://docs.google.com/spreadsheets/d/1n9SmK-ccTCn8Jjhs4U2LKnibXY8PvuBtV3V9MCOURRA/edit#gid=0;https://docs.google.com/spreadsheets/d/1JZpA-5XDldN2bjfvhvBPHYK-1AENETLnF1UxNEpWlNA/edit#gid=352888197
season_001,Regular Season,,Simsala,simsala,alakazam,SurskitTV,surskittv,Surstars,surstars,partial_external_old_project_sheet,https://docs.google.com/spreadsheets/d/1JZpA-5XDldN2bjfvhvBPHYK-1AENETLnF1UxNEpWlNA/edit#gid=1222240008;https://docs.google.com/spreadsheets/d/1n9SmK-ccTCn8Jjhs4U2LKnibXY8PvuBtV3V9MCOURRA/edit#gid=0;https://docs.google.com/spreadsheets/d/1JZpA-5XDldN2bjfvhvBPHYK-1AENETLnF1UxNEpWlNA/edit#gid=352888197
season_001,Regular Season,,Wie-Shu,wieshu,mienshao,SurskitTV,surskittv,Surstars,surstars,partial_external_old_project_sheet,https://docs.google.com/spreadsheets/d/1JZpA-5XDldN2bjfvhvBPHYK-1AENETLnF1UxNEpWlNA/edit#gid=1222240008;https://docs.google.com/spreadsheets/d/1n9SmK-ccTCn8Jjhs4U2LKnibXY8PvuBtV3V9MCOURRA/edit#gid=0;https://docs.google.com/spreadsheets/d/1JZpA-5XDldN2bjfvhvBPHYK-1AENETLnF1UxNEpWlNA/edit#gid=352888197
season_002,Regular Season,,Chaneira,chaneira,chansey,Art'n'Gaming,artngaming,Little Littleos,littlelittleos,old_project_team_note,https://docs.google.com/spreadsheets/d/1JZpA-5XDldN2bjfvhvBPHYK-1AENETLnF1UxNEpWlNA/edit#gid=352888197;https://docs.google.com/spreadsheets/d/1vJ-pioe3RZKSZ3LIGEA3FVTv_KEE_XKIQAXSIUNNd-Q/edit#gid=0
season_002,Regular Season,,Entei,entei,entei,Art'n'Gaming,artngaming,Little Littleos,littlelittleos,sheet_extracted,https://docs.google.com/spreadsheets/d/1FUsClf5qEny-BHY5Djp8rIwRJKBSJDvygJ8LBa62FEo/edit#gid=0;https://docs.google.com/spreadsheets/d/1vJ-pioe3RZKSZ3LIGEA3FVTv_KEE_XKIQAXSIUNNd-Q/edit#gid=0;https://docs.google.com/spreadsheets/d/1JZpA-5XDldN2bjfvhvBPHYK-1AENETLnF1UxNEpWlNA/edit#gid=352888197
season_002,Regular Season,,Golgantes,golgantes,golurk,Art'n'Gaming,artngaming,Little Littleos,littlelittleos,sheet_extracted,https://docs.google.com/spreadsheets/d/1FUsClf5qEny-BHY5Djp8rIwRJKBSJDvygJ8LBa62FEo/edit#gid=0;https://docs.google.com/spreadsheets/d/1vJ-pioe3RZKSZ3LIGEA3FVTv_KEE_XKIQAXSIUNNd-Q/edit#gid=0;https://docs.google.com/spreadsheets/d/1JZpA-5XDldN2bjfvhvBPHYK-1AENETLnF1UxNEpWlNA/edit#gid=352888197
season_002,Regular Season,,Kapoera,kapoera,hitmontop,Art'n'Gaming,artngaming,Little Littleos,littlelittleos,old_project_team_note,https://docs.google.com/spreadsheets/d/1JZpA-5XDldN2bjfvhvBPHYK-1AENETLnF1UxNEpWlNA/edit#gid=352888197;https://docs.google.com/spreadsheets/d/1vJ-pioe3RZKSZ3LIGEA3FVTv_KEE_XKIQAXSIUNNd-Q/edit#gid=0
season_002,Regular Season,,Keldeo,keldeo,keldeo,Art'n'Gaming,artngaming,Little Littleos,littlelittleos,sheet_extracted,https://docs.google.com/spreadsheets/d/1FUsClf5qEny-BHY5Djp8rIwRJKBSJDvygJ8LBa62FEo/edit#gid=0;https://docs.google.com/spreadsheets/d/1vJ-pioe3RZKSZ3LIGEA3FVTv_KEE_XKIQAXSIUNNd-Q/edit#gid=0;https://docs.google.com/spreadsheets/d/1JZpA-5XDldN2bjfvhvBPHYK-1AENETLnF1UxNEpWlNA/edit#gid=352888197
season_002,Regular Season,,Leufeo,leufeo,litleo,Art'n'Gaming,artngaming,Little Littleos,littlelittleos,old_project_team_note,https://docs.google.com/spreadsheets/d/1JZpA-5XDldN2bjfvhvBPHYK-1AENETLnF1UxNEpWlNA/edit#gid=352888197;https://docs.google.com/spreadsheets/d/1vJ-pioe3RZKSZ3LIGEA3FVTv_KEE_XKIQAXSIUNNd-Q/edit#gid=0
season_002,Regular Season,,Mamolida,mamolida,alomomola,Art'n'Gaming,artngaming,Little Littleos,littlelittleos,sheet_extracted,https://docs.google.com/spreadsheets/d/1FUsClf5qEny-BHY5Djp8rIwRJKBSJDvygJ8LBa62FEo/edit#gid=0;https://docs.google.com/spreadsheets/d/1vJ-pioe3RZKSZ3LIGEA3FVTv_KEE_XKIQAXSIUNNd-Q/edit#gid=0;https://docs.google.com/spreadsheets/d/1JZpA-5XDldN2bjfvhvBPHYK-1AENETLnF1UxNEpWlNA/edit#gid=352888197
season_002,Regular Season,,Mega-Latias,megalatias,latiasmega,Art'n'Gaming,artngaming,Little Littleos,littlelittleos,sheet_extracted,https://docs.google.com/spreadsheets/d/1FUsClf5qEny-BHY5Djp8rIwRJKBSJDvygJ8LBa62FEo/edit#gid=0;https://docs.google.com/spreadsheets/d/1vJ-pioe3RZKSZ3LIGEA3FVTv_KEE_XKIQAXSIUNNd-Q/edit#gid=0;https://docs.google.com/spreadsheets/d/1JZpA-5XDldN2bjfvhvBPHYK-1AENETLnF1UxNEpWlNA/edit#gid=352888197
season_002,Regular Season,,Panzaeron,panzaeron,skarmory,Art'n'Gaming,artngaming,Little Littleos,littlelittleos,old_project_team_note,https://docs.google.com/spreadsheets/d/1JZpA-5XDldN2bjfvhvBPHYK-1AENETLnF1UxNEpWlNA/edit#gid=352888197;https://docs.google.com/spreadsheets/d/1vJ-pioe3RZKSZ3LIGEA3FVTv_KEE_XKIQAXSIUNNd-Q/edit#gid=0
season_002,Regular Season,,Psiaugon-Männlich,psiaugonmannlich,meowstic,Art'n'Gaming,artngaming,Little Littleos,littlelittleos,old_project_team_note,https://docs.google.com/spreadsheets/d/1JZpA-5XDldN2bjfvhvBPHYK-1AENETLnF1UxNEpWlNA/edit#gid=352888197;https://docs.google.com/spreadsheets/d/1vJ-pioe3RZKSZ3LIGEA3FVTv_KEE_XKIQAXSIUNNd-Q/edit#gid=0
season_002,Regular Season,,Regirock,regirock,regirock,Art'n'Gaming,artngaming,Little Littleos,littlelittleos,old_project_team_note,https://docs.google.com/spreadsheets/d/1JZpA-5XDldN2bjfvhvBPHYK-1AENETLnF1UxNEpWlNA/edit#gid=352888197;https://docs.google.com/spreadsheets/d/1vJ-pioe3RZKSZ3LIGEA3FVTv_KEE_XKIQAXSIUNNd-Q/edit#gid=0
season_002,Regular Season,,Rotom-Mow,rotommow,rotommow,Art'n'Gaming,artngaming,Little Littleos,littlelittleos,old_project_team_note,https://docs.google.com/spreadsheets/d/1JZpA-5XDldN2bjfvhvBPHYK-1AENETLnF1UxNEpWlNA/edit#gid=352888197;https://docs.google.com/spreadsheets/d/1vJ-pioe3RZKSZ3LIGEA3FVTv_KEE_XKIQAXSIUNNd-Q/edit#gid=0
season_002,Regular Season,,Skaraborn,skaraborn,heracross,Art'n'Gaming,artngaming,Little Littleos,littlelittleos,old_project_team_note,https://docs.google.com/spreadsheets/d/1JZpA-5XDldN2bjfvhvBPHYK-1AENETLnF1UxNEpWlNA/edit#gid=352888197;https://docs.google.com/spreadsheets/d/1vJ-pioe3RZKSZ3LIGEA3FVTv_KEE_XKIQAXSIUNNd-Q/edit#gid=0
season_002,Regular Season,,Staraptor,staraptor,staraptor,Art'n'Gaming,artngaming,Little Littleos,littlelittleos,sheet_extracted,https://docs.google.com/spreadsheets/d/1FUsClf5qEny-BHY5Djp8rIwRJKBSJDvygJ8LBa62FEo/edit#gid=0;https://docs.google.com/spreadsheets/d/1vJ-pioe3RZKSZ3LIGEA3FVTv_KEE_XKIQAXSIUNNd-Q/edit#gid=0;https://docs.google.com/spreadsheets/d/1JZpA-5XDldN2bjfvhvBPHYK-1AENETLnF1UxNEpWlNA/edit#gid=352888197
season_002,Regular Season,,Voltolos-T,voltolost,thundurustherian,Art'n'Gaming,artngaming,Little Littleos,littlelittleos,sheet_extracted,https://docs.google.com/spreadsheets/d/1FUsClf5qEny-BHY5Djp8rIwRJKBSJDvygJ8LBa62FEo/edit#gid=0;https://docs.google.com/spreadsheets/d/1vJ-pioe3RZKSZ3LIGEA3FVTv_KEE_XKIQAXSIUNNd-Q/edit#gid=0;https://docs.google.com/spreadsheets/d/1JZpA-5XDldN2bjfvhvBPHYK-1AENETLnF1UxNEpWlNA/edit#gid=352888197
season_002,Regular Season,,Flampivian-Normal,flampiviannormal,darmanitan,Cabgolord,fnupa,Doomforce,doomforce,sheet_extracted,https://docs.google.com/spreadsheets/d/1FUsClf5qEny-BHY5Djp8rIwRJKBSJDvygJ8LBa62FEo/edit#gid=0;https://docs.google.com/spreadsheets/d/1vJ-pioe3RZKSZ3LIGEA3FVTv_KEE_XKIQAXSIUNNd-Q/edit#gid=0;https://docs.google.com/spreadsheets/d/1JZpA-5XDldN2bjfvhvBPHYK-1AENETLnF1UxNEpWlNA/edit#gid=352888197
season_002,Regular Season,,Florges,florges,florges,Cabgolord,fnupa,Doomforce,doomforce,old_project_team_note,https://docs.google.com/spreadsheets/d/1JZpA-5XDldN2bjfvhvBPHYK-1AENETLnF1UxNEpWlNA/edit#gid=352888197;https://docs.google.com/spreadsheets/d/1vJ-pioe3RZKSZ3LIGEA3FVTv_KEE_XKIQAXSIUNNd-Q/edit#gid=0
season_002,Regular Season,,Forstellka,forstellka,forretress,Cabgolord,fnupa,Doomforce,doomforce,sheet_extracted,https://docs.google.com/spreadsheets/d/1FUsClf5qEny-BHY5Djp8rIwRJKBSJDvygJ8LBa62FEo/edit#gid=0;https://docs.google.com/spreadsheets/d/1vJ-pioe3RZKSZ3LIGEA3FVTv_KEE_XKIQAXSIUNNd-Q/edit#gid=0;https://docs.google.com/spreadsheets/d/1JZpA-5XDldN2bjfvhvBPHYK-1AENETLnF1UxNEpWlNA/edit#gid=352888197
season_002,Regular Season,,Frigometri,frigometri,cryogonal,Cabgolord,fnupa,Doomforce,doomforce,old_project_team_note,https://docs.google.com/spreadsheets/d/1JZpA-5XDldN2bjfvhvBPHYK-1AENETLnF1UxNEpWlNA/edit#gid=352888197;https://docs.google.com/spreadsheets/d/1vJ-pioe3RZKSZ3LIGEA3FVTv_KEE_XKIQAXSIUNNd-Q/edit#gid=0
season_002,Regular Season,,Galagladi,galagladi,gallade,Cabgolord,fnupa,Doomforce,doomforce,sheet_extracted,https://docs.google.com/spreadsheets/d/1FUsClf5qEny-BHY5Djp8rIwRJKBSJDvygJ8LBa62FEo/edit#gid=0;https://docs.google.com/spreadsheets/d/1vJ-pioe3RZKSZ3LIGEA3FVTv_KEE_XKIQAXSIUNNd-Q/edit#gid=0;https://docs.google.com/spreadsheets/d/1JZpA-5XDldN2bjfvhvBPHYK-1AENETLnF1UxNEpWlNA/edit#gid=352888197
season_002,Regular Season,,Magbrant,magbrant,magmortar,Cabgolord,fnupa,Doomforce,doomforce,sheet_extracted,https://docs.google.com/spreadsheets/d/1FUsClf5qEny-BHY5Djp8rIwRJKBSJDvygJ8LBa62FEo/edit#gid=0;https://docs.google.com/spreadsheets/d/1vJ-pioe3RZKSZ3LIGEA3FVTv_KEE_XKIQAXSIUNNd-Q/edit#gid=0;https://docs.google.com/spreadsheets/d/1JZpA-5XDldN2bjfvhvBPHYK-1AENETLnF1UxNEpWlNA/edit#gid=352888197
season_002,Regular Season,,Mega-Gewaldro,megagewaldro,sceptilemega,Cabgolord,fnupa,Doomforce,doomforce,sheet_extracted,https://docs.google.com/spreadsheets/d/1FUsClf5qEny-BHY5Djp8rIwRJKBSJDvygJ8LBa62FEo/edit#gid=0;https://docs.google.com/spreadsheets/d/1vJ-pioe3RZKSZ3LIGEA3FVTv_KEE_XKIQAXSIUNNd-Q/edit#gid=0;https://docs.google.com/spreadsheets/d/1JZpA-5XDldN2bjfvhvBPHYK-1AENETLnF1UxNEpWlNA/edit#gid=352888197
season_002,Regular Season,,Mega-Latios,megalatios,latiosmega,Cabgolord,fnupa,Doomforce,doomforce,old_project_team_note,https://docs.google.com/spreadsheets/d/1JZpA-5XDldN2bjfvhvBPHYK-1AENETLnF1UxNEpWlNA/edit#gid=352888197;https://docs.google.com/spreadsheets/d/1vJ-pioe3RZKSZ3LIGEA3FVTv_KEE_XKIQAXSIUNNd-Q/edit#gid=0
season_002,Regular Season,,Milotic,milotic,milotic,Cabgolord,fnupa,Doomforce,doomforce,sheet_extracted,https://docs.google.com/spreadsheets/d/1FUsClf5qEny-BHY5Djp8rIwRJKBSJDvygJ8LBa62FEo/edit#gid=0;https://docs.google.com/spreadsheets/d/1vJ-pioe3RZKSZ3LIGEA3FVTv_KEE_XKIQAXSIUNNd-Q/edit#gid=0;https://docs.google.com/spreadsheets/d/1JZpA-5XDldN2bjfvhvBPHYK-1AENETLnF1UxNEpWlNA/edit#gid=352888197
season_002,Regular Season,,Rotom-W,rotomw,rotomwash,Cabgolord,fnupa,Doomforce,doomforce,sheet_extracted,https://docs.google.com/spreadsheets/d/1FUsClf5qEny-BHY5Djp8rIwRJKBSJDvygJ8LBa62FEo/edit#gid=0;https://docs.google.com/spreadsheets/d/1vJ-pioe3RZKSZ3LIGEA3FVTv_KEE_XKIQAXSIUNNd-Q/edit#gid=0;https://docs.google.com/spreadsheets/d/1JZpA-5XDldN2bjfvhvBPHYK-1AENETLnF1UxNEpWlNA/edit#gid=352888197
season_002,Regular Season,,Skorgro,skorgro,gliscor,Cabgolord,fnupa,Doomforce,doomforce,sheet_extracted,https://docs.google.com/spreadsheets/d/1FUsClf5qEny-BHY5Djp8rIwRJKBSJDvygJ8LBa62FEo/edit#gid=0;https://docs.google.com/spreadsheets/d/1vJ-pioe3RZKSZ3LIGEA3FVTv_KEE_XKIQAXSIUNNd-Q/edit#gid=0;https://docs.google.com/spreadsheets/d/1JZpA-5XDldN2bjfvhvBPHYK-1AENETLnF1UxNEpWlNA/edit#gid=352888197
season_002,Regular Season,,Sumpex,sumpex,swampert,Cabgolord,fnupa,Doomforce,doomforce,old_project_team_note,https://docs.google.com/spreadsheets/d/1JZpA-5XDldN2bjfvhvBPHYK-1AENETLnF1UxNEpWlNA/edit#gid=352888197;https://docs.google.com/spreadsheets/d/1vJ-pioe3RZKSZ3LIGEA3FVTv_KEE_XKIQAXSIUNNd-Q/edit#gid=0
season_002,Regular Season,,Tangela,tangela,tangela,Cabgolord,fnupa,Doomforce,doomforce,old_project_team_note,https://docs.google.com/spreadsheets/d/1JZpA-5XDldN2bjfvhvBPHYK-1AENETLnF1UxNEpWlNA/edit#gid=352888197;https://docs.google.com/spreadsheets/d/1vJ-pioe3RZKSZ3LIGEA3FVTv_KEE_XKIQAXSIUNNd-Q/edit#gid=0
season_002,Regular Season,,Togekiss,togekiss,togekiss,Cabgolord,fnupa,Doomforce,doomforce,old_project_team_note,https://docs.google.com/spreadsheets/d/1JZpA-5XDldN2bjfvhvBPHYK-1AENETLnF1UxNEpWlNA/edit#gid=352888197;https://docs.google.com/spreadsheets/d/1vJ-pioe3RZKSZ3LIGEA3FVTv_KEE_XKIQAXSIUNNd-Q/edit#gid=0
season_002,Regular Season,,Voltula,voltula,galvantula,Cabgolord,fnupa,Doomforce,doomforce,sheet_extracted,https://docs.google.com/spreadsheets/d/1FUsClf5qEny-BHY5Djp8rIwRJKBSJDvygJ8LBa62FEo/edit#gid=0;https://docs.google.com/spreadsheets/d/1vJ-pioe3RZKSZ3LIGEA3FVTv_KEE_XKIQAXSIUNNd-Q/edit#gid=0;https://docs.google.com/spreadsheets/d/1JZpA-5XDldN2bjfvhvBPHYK-1AENETLnF1UxNEpWlNA/edit#gid=352888197
season_002,Liga 2,,Chaneira,chaneira,chansey,CaptainCrinch,captaincrinch,Crinchilla,crinchilla,sheet_extracted,https://docs.google.com/spreadsheets/d/1odsNRAZStW1GzmpXwmg27dqjOlch7w8syZOZ5Z2OQRg/edit#gid=0;https://docs.google.com/spreadsheets/d/1ACnJyxD1hx-mbOcZXoJ5BjXDOwUF1TYmfgkqtJgFRXk/edit#gid=0
season_002,Liga 2,,Chillabell,chillabell,cinccino,CaptainCrinch,captaincrinch,Crinchilla,crinchilla,sheet_extracted,https://docs.google.com/spreadsheets/d/1odsNRAZStW1GzmpXwmg27dqjOlch7w8syZOZ5Z2OQRg/edit#gid=0;https://docs.google.com/spreadsheets/d/1ACnJyxD1hx-mbOcZXoJ5BjXDOwUF1TYmfgkqtJgFRXk/edit#gid=0
season_002,Liga 2,,Grypheldis,grypheldis,mandibuzz,CaptainCrinch,captaincrinch,Crinchilla,crinchilla,sheet_extracted,https://docs.google.com/spreadsheets/d/1odsNRAZStW1GzmpXwmg27dqjOlch7w8syZOZ5Z2OQRg/edit#gid=0;https://docs.google.com/spreadsheets/d/1ACnJyxD1hx-mbOcZXoJ5BjXDOwUF1TYmfgkqtJgFRXk/edit#gid=0
season_002,Liga 2,,Kyurem-Black,kyuremblack,kyuremblack,CaptainCrinch,captaincrinch,Crinchilla,crinchilla,sheet_extracted,https://docs.google.com/spreadsheets/d/1odsNRAZStW1GzmpXwmg27dqjOlch7w8syZOZ5Z2OQRg/edit#gid=0;https://docs.google.com/spreadsheets/d/1ACnJyxD1hx-mbOcZXoJ5BjXDOwUF1TYmfgkqtJgFRXk/edit#gid=0
season_002,Liga 2,,Mamutel,mamutel,mamoswine,CaptainCrinch,captaincrinch,Crinchilla,crinchilla,sheet_extracted,https://docs.google.com/spreadsheets/d/1odsNRAZStW1GzmpXwmg27dqjOlch7w8syZOZ5Z2OQRg/edit#gid=0;https://docs.google.com/spreadsheets/d/1ACnJyxD1hx-mbOcZXoJ5BjXDOwUF1TYmfgkqtJgFRXk/edit#gid=0
season_002,Liga 2,,Mega-Scherox,megascherox,scizormega,CaptainCrinch,captaincrinch,Crinchilla,crinchilla,sheet_extracted,https://docs.google.com/spreadsheets/d/1odsNRAZStW1GzmpXwmg27dqjOlch7w8syZOZ5Z2OQRg/edit#gid=0;https://docs.google.com/spreadsheets/d/1ACnJyxD1hx-mbOcZXoJ5BjXDOwUF1TYmfgkqtJgFRXk/edit#gid=0
season_002,Liga 2,,Mew,mew,mew,CaptainCrinch,captaincrinch,Crinchilla,crinchilla,sheet_extracted,https://docs.google.com/spreadsheets/d/1odsNRAZStW1GzmpXwmg27dqjOlch7w8syZOZ5Z2OQRg/edit#gid=0;https://docs.google.com/spreadsheets/d/1ACnJyxD1hx-mbOcZXoJ5BjXDOwUF1TYmfgkqtJgFRXk/edit#gid=0
season_002,Liga 2,,Pixi,pixi,clefable,CaptainCrinch,captaincrinch,Crinchilla,crinchilla,sheet_extracted,https://docs.google.com/spreadsheets/d/1odsNRAZStW1GzmpXwmg27dqjOlch7w8syZOZ5Z2OQRg/edit#gid=0;https://docs.google.com/spreadsheets/d/1ACnJyxD1hx-mbOcZXoJ5BjXDOwUF1TYmfgkqtJgFRXk/edit#gid=0
season_002,Liga 2,,Rotom-H,rotomh,rotomheat,CaptainCrinch,captaincrinch,Crinchilla,crinchilla,sheet_extracted,https://docs.google.com/spreadsheets/d/1odsNRAZStW1GzmpXwmg27dqjOlch7w8syZOZ5Z2OQRg/edit#gid=0;https://docs.google.com/spreadsheets/d/1ACnJyxD1hx-mbOcZXoJ5BjXDOwUF1TYmfgkqtJgFRXk/edit#gid=0
season_002,Liga 2,,Simsala,simsala,alakazam,CaptainCrinch,captaincrinch,Crinchilla,crinchilla,sheet_extracted,https://docs.google.com/spreadsheets/d/1odsNRAZStW1GzmpXwmg27dqjOlch7w8syZOZ5Z2OQRg/edit#gid=0;https://docs.google.com/spreadsheets/d/1ACnJyxD1hx-mbOcZXoJ5BjXDOwUF1TYmfgkqtJgFRXk/edit#gid=0
season_002,Liga 2,,Smogmog,smogmog,weezing,CaptainCrinch,captaincrinch,Crinchilla,crinchilla,sheet_extracted,https://docs.google.com/spreadsheets/d/1odsNRAZStW1GzmpXwmg27dqjOlch7w8syZOZ5Z2OQRg/edit#gid=0;https://docs.google.com/spreadsheets/d/1ACnJyxD1hx-mbOcZXoJ5BjXDOwUF1TYmfgkqtJgFRXk/edit#gid=0
season_002,Regular Season,,Aquana,aquana,vaporeon,DaumenkinoLP,daumenkino,Melting Mamoswines,meltingmamoswines,sheet_extracted,https://docs.google.com/spreadsheets/d/1FUsClf5qEny-BHY5Djp8rIwRJKBSJDvygJ8LBa62FEo/edit#gid=0;https://docs.google.com/spreadsheets/d/1vJ-pioe3RZKSZ3LIGEA3FVTv_KEE_XKIQAXSIUNNd-Q/edit#gid=0;https://docs.google.com/spreadsheets/d/1JZpA-5XDldN2bjfvhvBPHYK-1AENETLnF1UxNEpWlNA/edit#gid=352888197
season_002,Regular Season,,Brutalanda,brutalanda,salamence,DaumenkinoLP,daumenkino,Melting Mamoswines,meltingmamoswines,sheet_extracted,https://docs.google.com/spreadsheets/d/1FUsClf5qEny-BHY5Djp8rIwRJKBSJDvygJ8LBa62FEo/edit#gid=0;https://docs.google.com/spreadsheets/d/1vJ-pioe3RZKSZ3LIGEA3FVTv_KEE_XKIQAXSIUNNd-Q/edit#gid=0;https://docs.google.com/spreadsheets/d/1JZpA-5XDldN2bjfvhvBPHYK-1AENETLnF1UxNEpWlNA/edit#gid=352888197
season_002,Regular Season,,Entei,entei,entei,DaumenkinoLP,daumenkino,Melting Mamoswines,meltingmamoswines,sheet_extracted,https://docs.google.com/spreadsheets/d/1FUsClf5qEny-BHY5Djp8rIwRJKBSJDvygJ8LBa62FEo/edit#gid=0;https://docs.google.com/spreadsheets/d/1vJ-pioe3RZKSZ3LIGEA3FVTv_KEE_XKIQAXSIUNNd-Q/edit#gid=0;https://docs.google.com/spreadsheets/d/1JZpA-5XDldN2bjfvhvBPHYK-1AENETLnF1UxNEpWlNA/edit#gid=352888197
season_002,Regular Season,,Feelinara,feelinara,sylveon,DaumenkinoLP,daumenkino,Melting Mamoswines,meltingmamoswines,sheet_extracted,https://docs.google.com/spreadsheets/d/1FUsClf5qEny-BHY5Djp8rIwRJKBSJDvygJ8LBa62FEo/edit#gid=0;https://docs.google.com/spreadsheets/d/1vJ-pioe3RZKSZ3LIGEA3FVTv_KEE_XKIQAXSIUNNd-Q/edit#gid=0;https://docs.google.com/spreadsheets/d/1JZpA-5XDldN2bjfvhvBPHYK-1AENETLnF1UxNEpWlNA/edit#gid=352888197
season_002,Regular Season,,Forstellka,forstellka,forretress,DaumenkinoLP,daumenkino,Melting Mamoswines,meltingmamoswines,sheet_extracted,https://docs.google.com/spreadsheets/d/1FUsClf5qEny-BHY5Djp8rIwRJKBSJDvygJ8LBa62FEo/edit#gid=0;https://docs.google.com/spreadsheets/d/1vJ-pioe3RZKSZ3LIGEA3FVTv_KEE_XKIQAXSIUNNd-Q/edit#gid=0;https://docs.google.com/spreadsheets/d/1JZpA-5XDldN2bjfvhvBPHYK-1AENETLnF1UxNEpWlNA/edit#gid=352888197
season_002,Regular Season,,Gengar,gengar,gengar,DaumenkinoLP,daumenkino,Melting Mamoswines,meltingmamoswines,old_project_team_note,https://docs.google.com/spreadsheets/d/1JZpA-5XDldN2bjfvhvBPHYK-1AENETLnF1UxNEpWlNA/edit#gid=352888197;https://docs.google.com/spreadsheets/d/1vJ-pioe3RZKSZ3LIGEA3FVTv_KEE_XKIQAXSIUNNd-Q/edit#gid=0
season_002,Regular Season,,Mamutel,mamutel,mamoswine,DaumenkinoLP,daumenkino,Melting Mamoswines,meltingmamoswines,sheet_extracted,https://docs.google.com/spreadsheets/d/1FUsClf5qEny-BHY5Djp8rIwRJKBSJDvygJ8LBa62FEo/edit#gid=0;https://docs.google.com/spreadsheets/d/1vJ-pioe3RZKSZ3LIGEA3FVTv_KEE_XKIQAXSIUNNd-Q/edit#gid=0;https://docs.google.com/spreadsheets/d/1JZpA-5XDldN2bjfvhvBPHYK-1AENETLnF1UxNEpWlNA/edit#gid=352888197
season_002,Regular Season,,Mega-Galagladi,megagalagladi,gallademega,DaumenkinoLP,daumenkino,Melting Mamoswines,meltingmamoswines,sheet_extracted,https://docs.google.com/spreadsheets/d/1FUsClf5qEny-BHY5Djp8rIwRJKBSJDvygJ8LBa62FEo/edit#gid=0;https://docs.google.com/spreadsheets/d/1vJ-pioe3RZKSZ3LIGEA3FVTv_KEE_XKIQAXSIUNNd-Q/edit#gid=0;https://docs.google.com/spreadsheets/d/1JZpA-5XDldN2bjfvhvBPHYK-1AENETLnF1UxNEpWlNA/edit#gid=352888197
season_002,Regular Season,,Shaymin,shaymin,shaymin,DaumenkinoLP,daumenkino,Melting Mamoswines,meltingmamoswines,old_project_team_note,https://docs.google.com/spreadsheets/d/1JZpA-5XDldN2bjfvhvBPHYK-1AENETLnF1UxNEpWlNA/edit#gid=352888197;https://docs.google.com/spreadsheets/d/1vJ-pioe3RZKSZ3LIGEA3FVTv_KEE_XKIQAXSIUNNd-Q/edit#gid=0
season_002,Regular Season,,Tentoxa,tentoxa,tentacruel,DaumenkinoLP,daumenkino,Melting Mamoswines,meltingmamoswines,sheet_extracted,https://docs.google.com/spreadsheets/d/1FUsClf5qEny-BHY5Djp8rIwRJKBSJDvygJ8LBa62FEo/edit#gid=0;https://docs.google.com/spreadsheets/d/1vJ-pioe3RZKSZ3LIGEA3FVTv_KEE_XKIQAXSIUNNd-Q/edit#gid=0;https://docs.google.com/spreadsheets/d/1JZpA-5XDldN2bjfvhvBPHYK-1AENETLnF1UxNEpWlNA/edit#gid=352888197
season_002,Regular Season,,Trikephalo,trikephalo,hydreigon,DaumenkinoLP,daumenkino,Melting Mamoswines,meltingmamoswines,sheet_extracted,https://docs.google.com/spreadsheets/d/1FUsClf5qEny-BHY5Djp8rIwRJKBSJDvygJ8LBa62FEo/edit#gid=0;https://docs.google.com/spreadsheets/d/1vJ-pioe3RZKSZ3LIGEA3FVTv_KEE_XKIQAXSIUNNd-Q/edit#gid=0;https://docs.google.com/spreadsheets/d/1JZpA-5XDldN2bjfvhvBPHYK-1AENETLnF1UxNEpWlNA/edit#gid=352888197
season_002,Regular Season,,Trombork,trombork,trevenant,DaumenkinoLP,daumenkino,Melting Mamoswines,meltingmamoswines,old_project_team_note,https://docs.google.com/spreadsheets/d/1JZpA-5XDldN2bjfvhvBPHYK-1AENETLnF1UxNEpWlNA/edit#gid=352888197;https://docs.google.com/spreadsheets/d/1vJ-pioe3RZKSZ3LIGEA3FVTv_KEE_XKIQAXSIUNNd-Q/edit#gid=0
season_002,Regular Season,,Zapdos,zapdos,zapdos,DaumenkinoLP,daumenkino,Melting Mamoswines,meltingmamoswines,sheet_extracted,https://docs.google.com/spreadsheets/d/1FUsClf5qEny-BHY5Djp8rIwRJKBSJDvygJ8LBa62FEo/edit#gid=0;https://docs.google.com/spreadsheets/d/1vJ-pioe3RZKSZ3LIGEA3FVTv_KEE_XKIQAXSIUNNd-Q/edit#gid=0;https://docs.google.com/spreadsheets/d/1JZpA-5XDldN2bjfvhvBPHYK-1AENETLnF1UxNEpWlNA/edit#gid=352888197
season_002,Regular Season,,Caesurio,caesurio,bisharp,DirtyD64,dirtyd64,Magic Manaphys,magicmanaphys,sheet_extracted,https://docs.google.com/spreadsheets/d/1FUsClf5qEny-BHY5Djp8rIwRJKBSJDvygJ8LBa62FEo/edit#gid=0;https://docs.google.com/spreadsheets/d/1vJ-pioe3RZKSZ3LIGEA3FVTv_KEE_XKIQAXSIUNNd-Q/edit#gid=0;https://docs.google.com/spreadsheets/d/1JZpA-5XDldN2bjfvhvBPHYK-1AENETLnF1UxNEpWlNA/edit#gid=352888197
season_002,Regular Season,,Elfun,elfun,whimsicott,DirtyD64,dirtyd64,Magic Manaphys,magicmanaphys,sheet_extracted,https://docs.google.com/spreadsheets/d/1FUsClf5qEny-BHY5Djp8rIwRJKBSJDvygJ8LBa62FEo/edit#gid=0;https://docs.google.com/spreadsheets/d/1vJ-pioe3RZKSZ3LIGEA3FVTv_KEE_XKIQAXSIUNNd-Q/edit#gid=0;https://docs.google.com/spreadsheets/d/1JZpA-5XDldN2bjfvhvBPHYK-1AENETLnF1UxNEpWlNA/edit#gid=352888197
season_002,Regular Season,,Flampivian-Normal,flampiviannormal,darmanitan,DirtyD64,dirtyd64,Magic Manaphys,magicmanaphys,sheet_extracted,https://docs.google.com/spreadsheets/d/1FUsClf5qEny-BHY5Djp8rIwRJKBSJDvygJ8LBa62FEo/edit#gid=0;https://docs.google.com/spreadsheets/d/1vJ-pioe3RZKSZ3LIGEA3FVTv_KEE_XKIQAXSIUNNd-Q/edit#gid=0;https://docs.google.com/spreadsheets/d/1JZpA-5XDldN2bjfvhvBPHYK-1AENETLnF1UxNEpWlNA/edit#gid=352888197
season_002,Regular Season,,Forstellka,forstellka,forretress,DirtyD64,dirtyd64,Magic Manaphys,magicmanaphys,sheet_extracted,https://docs.google.com/spreadsheets/d/1FUsClf5qEny-BHY5Djp8rIwRJKBSJDvygJ8LBa62FEo/edit#gid=0;https://docs.google.com/spreadsheets/d/1vJ-pioe3RZKSZ3LIGEA3FVTv_KEE_XKIQAXSIUNNd-Q/edit#gid=0;https://docs.google.com/spreadsheets/d/1JZpA-5XDldN2bjfvhvBPHYK-1AENETLnF1UxNEpWlNA/edit#gid=352888197
season_002,Regular Season,,Gengar,gengar,gengar,DirtyD64,dirtyd64,Magic Manaphys,magicmanaphys,sheet_extracted,https://docs.google.com/spreadsheets/d/1FUsClf5qEny-BHY5Djp8rIwRJKBSJDvygJ8LBa62FEo/edit#gid=0;https://docs.google.com/spreadsheets/d/1vJ-pioe3RZKSZ3LIGEA3FVTv_KEE_XKIQAXSIUNNd-Q/edit#gid=0;https://docs.google.com/spreadsheets/d/1JZpA-5XDldN2bjfvhvBPHYK-1AENETLnF1UxNEpWlNA/edit#gid=352888197
season_002,Regular Season,,Grypheldis,grypheldis,mandibuzz,DirtyD64,dirtyd64,Magic Manaphys,magicmanaphys,old_project_team_note,https://docs.google.com/spreadsheets/d/1JZpA-5XDldN2bjfvhvBPHYK-1AENETLnF1UxNEpWlNA/edit#gid=352888197;https://docs.google.com/spreadsheets/d/1vJ-pioe3RZKSZ3LIGEA3FVTv_KEE_XKIQAXSIUNNd-Q/edit#gid=0
season_002,Regular Season,,Hutsassa,hutsassa,amoonguss,DirtyD64,dirtyd64,Magic Manaphys,magicmanaphys,old_project_team_note,https://docs.google.com/spreadsheets/d/1JZpA-5XDldN2bjfvhvBPHYK-1AENETLnF1UxNEpWlNA/edit#gid=352888197;https://docs.google.com/spreadsheets/d/1vJ-pioe3RZKSZ3LIGEA3FVTv_KEE_XKIQAXSIUNNd-Q/edit#gid=0
season_002,Regular Season,,Latias,latias,latias,DirtyD64,dirtyd64,Magic Manaphys,magicmanaphys,old_project_team_note,https://docs.google.com/spreadsheets/d/1JZpA-5XDldN2bjfvhvBPHYK-1AENETLnF1UxNEpWlNA/edit#gid=352888197;https://docs.google.com/spreadsheets/d/1vJ-pioe3RZKSZ3LIGEA3FVTv_KEE_XKIQAXSIUNNd-Q/edit#gid=0
season_002,Regular Season,,Manaphy,manaphy,manaphy,DirtyD64,dirtyd64,Magic Manaphys,magicmanaphys,sheet_extracted,https://docs.google.com/spreadsheets/d/1FUsClf5qEny-BHY5Djp8rIwRJKBSJDvygJ8LBa62FEo/edit#gid=0;https://docs.google.com/spreadsheets/d/1vJ-pioe3RZKSZ3LIGEA3FVTv_KEE_XKIQAXSIUNNd-Q/edit#gid=0;https://docs.google.com/spreadsheets/d/1JZpA-5XDldN2bjfvhvBPHYK-1AENETLnF1UxNEpWlNA/edit#gid=352888197
season_002,Regular Season,,Mega-Knakrack,megaknakrack,garchompmega,DirtyD64,dirtyd64,Magic Manaphys,magicmanaphys,sheet_extracted,https://docs.google.com/spreadsheets/d/1FUsClf5qEny-BHY5Djp8rIwRJKBSJDvygJ8LBa62FEo/edit#gid=0;https://docs.google.com/spreadsheets/d/1vJ-pioe3RZKSZ3LIGEA3FVTv_KEE_XKIQAXSIUNNd-Q/edit#gid=0;https://docs.google.com/spreadsheets/d/1JZpA-5XDldN2bjfvhvBPHYK-1AENETLnF1UxNEpWlNA/edit#gid=352888197
season_002,Regular Season,,Mega-Turtok,megaturtok,blastoisemega,DirtyD64,dirtyd64,Magic Manaphys,magicmanaphys,old_project_team_note,https://docs.google.com/spreadsheets/d/1JZpA-5XDldN2bjfvhvBPHYK-1AENETLnF1UxNEpWlNA/edit#gid=352888197;https://docs.google.com/spreadsheets/d/1vJ-pioe3RZKSZ3LIGEA3FVTv_KEE_XKIQAXSIUNNd-Q/edit#gid=0
season_002,Regular Season,,Nidoqueen,nidoqueen,nidoqueen,DirtyD64,dirtyd64,Magic Manaphys,magicmanaphys,sheet_extracted,https://docs.google.com/spreadsheets/d/1FUsClf5qEny-BHY5Djp8rIwRJKBSJDvygJ8LBa62FEo/edit#gid=0;https://docs.google.com/spreadsheets/d/1vJ-pioe3RZKSZ3LIGEA3FVTv_KEE_XKIQAXSIUNNd-Q/edit#gid=0;https://docs.google.com/spreadsheets/d/1JZpA-5XDldN2bjfvhvBPHYK-1AENETLnF1UxNEpWlNA/edit#gid=352888197
season_002,Regular Season,,Pottrott,pottrott,shuckle,DirtyD64,dirtyd64,Magic Manaphys,magicmanaphys,old_project_team_note,https://docs.google.com/spreadsheets/d/1JZpA-5XDldN2bjfvhvBPHYK-1AENETLnF1UxNEpWlNA/edit#gid=352888197;https://docs.google.com/spreadsheets/d/1vJ-pioe3RZKSZ3LIGEA3FVTv_KEE_XKIQAXSIUNNd-Q/edit#gid=0
season_002,Regular Season,,Viscogon,viscogon,goodra,DirtyD64,dirtyd64,Magic Manaphys,magicmanaphys,sheet_extracted,https://docs.google.com/spreadsheets/d/1FUsClf5qEny-BHY5Djp8rIwRJKBSJDvygJ8LBa62FEo/edit#gid=0;https://docs.google.com/spreadsheets/d/1vJ-pioe3RZKSZ3LIGEA3FVTv_KEE_XKIQAXSIUNNd-Q/edit#gid=0;https://docs.google.com/spreadsheets/d/1JZpA-5XDldN2bjfvhvBPHYK-1AENETLnF1UxNEpWlNA/edit#gid=352888197
season_002,Regular Season,,Wie-Shu,wieshu,mienshao,DirtyD64,dirtyd64,Magic Manaphys,magicmanaphys,sheet_extracted,https://docs.google.com/spreadsheets/d/1FUsClf5qEny-BHY5Djp8rIwRJKBSJDvygJ8LBa62FEo/edit#gid=0;https://docs.google.com/spreadsheets/d/1vJ-pioe3RZKSZ3LIGEA3FVTv_KEE_XKIQAXSIUNNd-Q/edit#gid=0;https://docs.google.com/spreadsheets/d/1JZpA-5XDldN2bjfvhvBPHYK-1AENETLnF1UxNEpWlNA/edit#gid=352888197
season_002,Liga 2,,Aquana,aquana,vaporeon,Domibri,domibri,Sunny Reptiles*²,sunnyreptiles,sheet_extracted,https://docs.google.com/spreadsheets/d/1odsNRAZStW1GzmpXwmg27dqjOlch7w8syZOZ5Z2OQRg/edit#gid=0;https://docs.google.com/spreadsheets/d/1ACnJyxD1hx-mbOcZXoJ5BjXDOwUF1TYmfgkqtJgFRXk/edit#gid=0
season_002,Liga 2,,Elezard,elezard,heliolisk,Domibri,domibri,Sunny Reptiles*²,sunnyreptiles,sheet_extracted,https://docs.google.com/spreadsheets/d/1odsNRAZStW1GzmpXwmg27dqjOlch7w8syZOZ5Z2OQRg/edit#gid=0;https://docs.google.com/spreadsheets/d/1ACnJyxD1hx-mbOcZXoJ5BjXDOwUF1TYmfgkqtJgFRXk/edit#gid=0
season_002,Liga 2,,Mega-Turtok,megaturtok,blastoisemega,Domibri,domibri,Sunny Reptiles*²,sunnyreptiles,sheet_extracted,https://docs.google.com/spreadsheets/d/1odsNRAZStW1GzmpXwmg27dqjOlch7w8syZOZ5Z2OQRg/edit#gid=0;https://docs.google.com/spreadsheets/d/1ACnJyxD1hx-mbOcZXoJ5BjXDOwUF1TYmfgkqtJgFRXk/edit#gid=0
season_002,Liga 2,,Snibunna,snibunna,weavile,Domibri,domibri,Sunny Reptiles*²,sunnyreptiles,sheet_extracted,https://docs.google.com/spreadsheets/d/1odsNRAZStW1GzmpXwmg27dqjOlch7w8syZOZ5Z2OQRg/edit#gid=0;https://docs.google.com/spreadsheets/d/1ACnJyxD1hx-mbOcZXoJ5BjXDOwUF1TYmfgkqtJgFRXk/edit#gid=0
season_002,Regular Season,,Boreos-I,boreosi,tornadus,FanmadeLetsPlay,fanmadeletsplay,CroakDrop,croakdrop,sheet_extracted,https://docs.google.com/spreadsheets/d/1FUsClf5qEny-BHY5Djp8rIwRJKBSJDvygJ8LBa62FEo/edit#gid=0;https://docs.google.com/spreadsheets/d/1vJ-pioe3RZKSZ3LIGEA3FVTv_KEE_XKIQAXSIUNNd-Q/edit#gid=0;https://docs.google.com/spreadsheets/d/1JZpA-5XDldN2bjfvhvBPHYK-1AENETLnF1UxNEpWlNA/edit#gid=352888197
season_002,Regular Season,,Dragoran,dragoran,dragonite,FanmadeLetsPlay,fanmadeletsplay,CroakDrop,croakdrop,sheet_extracted,https://docs.google.com/spreadsheets/d/1FUsClf5qEny-BHY5Djp8rIwRJKBSJDvygJ8LBa62FEo/edit#gid=0;https://docs.google.com/spreadsheets/d/1vJ-pioe3RZKSZ3LIGEA3FVTv_KEE_XKIQAXSIUNNd-Q/edit#gid=0;https://docs.google.com/spreadsheets/d/1JZpA-5XDldN2bjfvhvBPHYK-1AENETLnF1UxNEpWlNA/edit#gid=352888197
season_002,Regular Season,,Forstellka,forstellka,forretress,FanmadeLetsPlay,fanmadeletsplay,CroakDrop,croakdrop,sheet_extracted,https://docs.google.com/spreadsheets/d/1FUsClf5qEny-BHY5Djp8rIwRJKBSJDvygJ8LBa62FEo/edit#gid=0;https://docs.google.com/spreadsheets/d/1vJ-pioe3RZKSZ3LIGEA3FVTv_KEE_XKIQAXSIUNNd-Q/edit#gid=0;https://docs.google.com/spreadsheets/d/1JZpA-5XDldN2bjfvhvBPHYK-1AENETLnF1UxNEpWlNA/edit#gid=352888197
season_002,Regular Season,,Hutsassa,hutsassa,amoonguss,FanmadeLetsPlay,fanmadeletsplay,CroakDrop,croakdrop,old_project_team_note,https://docs.google.com/spreadsheets/d/1JZpA-5XDldN2bjfvhvBPHYK-1AENETLnF1UxNEpWlNA/edit#gid=352888197;https://docs.google.com/spreadsheets/d/1vJ-pioe3RZKSZ3LIGEA3FVTv_KEE_XKIQAXSIUNNd-Q/edit#gid=0
season_002,Regular Season,,Kabutops,kabutops,kabutops,FanmadeLetsPlay,fanmadeletsplay,CroakDrop,croakdrop,sheet_extracted,https://docs.google.com/spreadsheets/d/1FUsClf5qEny-BHY5Djp8rIwRJKBSJDvygJ8LBa62FEo/edit#gid=0;https://docs.google.com/spreadsheets/d/1vJ-pioe3RZKSZ3LIGEA3FVTv_KEE_XKIQAXSIUNNd-Q/edit#gid=0;https://docs.google.com/spreadsheets/d/1JZpA-5XDldN2bjfvhvBPHYK-1AENETLnF1UxNEpWlNA/edit#gid=352888197
season_002,Regular Season,,Kappalores,kappalores,ludicolo,FanmadeLetsPlay,fanmadeletsplay,CroakDrop,croakdrop,sheet_extracted,https://docs.google.com/spreadsheets/d/1FUsClf5qEny-BHY5Djp8rIwRJKBSJDvygJ8LBa62FEo/edit#gid=0;https://docs.google.com/spreadsheets/d/1vJ-pioe3RZKSZ3LIGEA3FVTv_KEE_XKIQAXSIUNNd-Q/edit#gid=0;https://docs.google.com/spreadsheets/d/1JZpA-5XDldN2bjfvhvBPHYK-1AENETLnF1UxNEpWlNA/edit#gid=352888197
season_002,Regular Season,,Magnezone,magnezone,magnezone,FanmadeLetsPlay,fanmadeletsplay,CroakDrop,croakdrop,sheet_extracted,https://docs.google.com/spreadsheets/d/1FUsClf5qEny-BHY5Djp8rIwRJKBSJDvygJ8LBa62FEo/edit#gid=0;https://docs.google.com/spreadsheets/d/1vJ-pioe3RZKSZ3LIGEA3FVTv_KEE_XKIQAXSIUNNd-Q/edit#gid=0;https://docs.google.com/spreadsheets/d/1JZpA-5XDldN2bjfvhvBPHYK-1AENETLnF1UxNEpWlNA/edit#gid=352888197
season_002,Regular Season,,Mega-Sumpex,megasumpex,swampertmega,FanmadeLetsPlay,fanmadeletsplay,CroakDrop,croakdrop,sheet_extracted,https://docs.google.com/spreadsheets/d/1FUsClf5qEny-BHY5Djp8rIwRJKBSJDvygJ8LBa62FEo/edit#gid=0;https://docs.google.com/spreadsheets/d/1vJ-pioe3RZKSZ3LIGEA3FVTv_KEE_XKIQAXSIUNNd-Q/edit#gid=0;https://docs.google.com/spreadsheets/d/1JZpA-5XDldN2bjfvhvBPHYK-1AENETLnF1UxNEpWlNA/edit#gid=352888197
season_002,Regular Season,,Nachtara,nachtara,umbreon,FanmadeLetsPlay,fanmadeletsplay,CroakDrop,croakdrop,sheet_extracted,https://docs.google.com/spreadsheets/d/1FUsClf5qEny-BHY5Djp8rIwRJKBSJDvygJ8LBa62FEo/edit#gid=0;https://docs.google.com/spreadsheets/d/1vJ-pioe3RZKSZ3LIGEA3FVTv_KEE_XKIQAXSIUNNd-Q/edit#gid=0;https://docs.google.com/spreadsheets/d/1JZpA-5XDldN2bjfvhvBPHYK-1AENETLnF1UxNEpWlNA/edit#gid=352888197
season_002,Regular Season,,Panzaeron,panzaeron,skarmory,FanmadeLetsPlay,fanmadeletsplay,CroakDrop,croakdrop,old_project_team_note,https://docs.google.com/spreadsheets/d/1JZpA-5XDldN2bjfvhvBPHYK-1AENETLnF1UxNEpWlNA/edit#gid=352888197;https://docs.google.com/spreadsheets/d/1vJ-pioe3RZKSZ3LIGEA3FVTv_KEE_XKIQAXSIUNNd-Q/edit#gid=0
season_002,Regular Season,,Quaxo,quaxo,politoed,FanmadeLetsPlay,fanmadeletsplay,CroakDrop,croakdrop,sheet_extracted,https://docs.google.com/spreadsheets/d/1FUsClf5qEny-BHY5Djp8rIwRJKBSJDvygJ8LBa62FEo/edit#gid=0;https://docs.google.com/spreadsheets/d/1vJ-pioe3RZKSZ3LIGEA3FVTv_KEE_XKIQAXSIUNNd-Q/edit#gid=0;https://docs.google.com/spreadsheets/d/1JZpA-5XDldN2bjfvhvBPHYK-1AENETLnF1UxNEpWlNA/edit#gid=352888197
season_002,Regular Season,,Raikou,raikou,raikou,FanmadeLetsPlay,fanmadeletsplay,CroakDrop,croakdrop,sheet_extracted,https://docs.google.com/spreadsheets/d/1FUsClf5qEny-BHY5Djp8rIwRJKBSJDvygJ8LBa62FEo/edit#gid=0;https://docs.google.com/spreadsheets/d/1vJ-pioe3RZKSZ3LIGEA3FVTv_KEE_XKIQAXSIUNNd-Q/edit#gid=0;https://docs.google.com/spreadsheets/d/1JZpA-5XDldN2bjfvhvBPHYK-1AENETLnF1UxNEpWlNA/edit#gid=352888197
season_002,Regular Season,,Viscogon,viscogon,goodra,FanmadeLetsPlay,fanmadeletsplay,CroakDrop,croakdrop,sheet_extracted,https://docs.google.com/spreadsheets/d/1FUsClf5qEny-BHY5Djp8rIwRJKBSJDvygJ8LBa62FEo/edit#gid=0;https://docs.google.com/spreadsheets/d/1vJ-pioe3RZKSZ3LIGEA3FVTv_KEE_XKIQAXSIUNNd-Q/edit#gid=0;https://docs.google.com/spreadsheets/d/1JZpA-5XDldN2bjfvhvBPHYK-1AENETLnF1UxNEpWlNA/edit#gid=352888197
season_002,Regular Season,,Donphan,donphan,donphan,Kuchenjaeger,kuchenjaeger,StunfiskUnderdogs,stunfiskunderdogs,sheet_extracted,https://docs.google.com/spreadsheets/d/1FUsClf5qEny-BHY5Djp8rIwRJKBSJDvygJ8LBa62FEo/edit#gid=0;https://docs.google.com/spreadsheets/d/1vJ-pioe3RZKSZ3LIGEA3FVTv_KEE_XKIQAXSIUNNd-Q/edit#gid=0
season_002,Regular Season,,Flunschlik,flunschlik,stunfisk,Kuchenjaeger,kuchenjaeger,StunfiskUnderdogs,stunfiskunderdogs,sheet_extracted,https://docs.google.com/spreadsheets/d/1FUsClf5qEny-BHY5Djp8rIwRJKBSJDvygJ8LBa62FEo/edit#gid=0;https://docs.google.com/spreadsheets/d/1vJ-pioe3RZKSZ3LIGEA3FVTv_KEE_XKIQAXSIUNNd-Q/edit#gid=0
season_002,Regular Season,,Kobalium,kobalium,cobalion,Kuchenjaeger,kuchenjaeger,StunfiskUnderdogs,stunfiskunderdogs,sheet_extracted,https://docs.google.com/spreadsheets/d/1FUsClf5qEny-BHY5Djp8rIwRJKBSJDvygJ8LBa62FEo/edit#gid=0;https://docs.google.com/spreadsheets/d/1vJ-pioe3RZKSZ3LIGEA3FVTv_KEE_XKIQAXSIUNNd-Q/edit#gid=0
season_002,Regular Season,,Laschoking,laschoking,slowking,Kuchenjaeger,kuchenjaeger,StunfiskUnderdogs,stunfiskunderdogs,sheet_extracted,https://docs.google.com/spreadsheets/d/1FUsClf5qEny-BHY5Djp8rIwRJKBSJDvygJ8LBa62FEo/edit#gid=0;https://docs.google.com/spreadsheets/d/1vJ-pioe3RZKSZ3LIGEA3FVTv_KEE_XKIQAXSIUNNd-Q/edit#gid=0
season_002,Regular Season,,Mega-Bibor,megabibor,beedrillmega,Kuchenjaeger,kuchenjaeger,StunfiskUnderdogs,stunfiskunderdogs,sheet_extracted,https://docs.google.com/spreadsheets/d/1FUsClf5qEny-BHY5Djp8rIwRJKBSJDvygJ8LBa62FEo/edit#gid=0;https://docs.google.com/spreadsheets/d/1vJ-pioe3RZKSZ3LIGEA3FVTv_KEE_XKIQAXSIUNNd-Q/edit#gid=0
season_002,Regular Season,,Regirock,regirock,regirock,Kuchenjaeger,kuchenjaeger,StunfiskUnderdogs,stunfiskunderdogs,sheet_extracted,https://docs.google.com/spreadsheets/d/1FUsClf5qEny-BHY5Djp8rIwRJKBSJDvygJ8LBa62FEo/edit#gid=0;https://docs.google.com/spreadsheets/d/1vJ-pioe3RZKSZ3LIGEA3FVTv_KEE_XKIQAXSIUNNd-Q/edit#gid=0
season_002,Regular Season,,Skelabra,skelabra,chandelure,Kuchenjaeger,kuchenjaeger,StunfiskUnderdogs,stunfiskunderdogs,sheet_extracted,https://docs.google.com/spreadsheets/d/1FUsClf5qEny-BHY5Djp8rIwRJKBSJDvygJ8LBa62FEo/edit#gid=0;https://docs.google.com/spreadsheets/d/1vJ-pioe3RZKSZ3LIGEA3FVTv_KEE_XKIQAXSIUNNd-Q/edit#gid=0
season_002,Regular Season,,Snibunna,snibunna,weavile,Kuchenjaeger,kuchenjaeger,StunfiskUnderdogs,stunfiskunderdogs,sheet_extracted,https://docs.google.com/spreadsheets/d/1FUsClf5qEny-BHY5Djp8rIwRJKBSJDvygJ8LBa62FEo/edit#gid=0;https://docs.google.com/spreadsheets/d/1vJ-pioe3RZKSZ3LIGEA3FVTv_KEE_XKIQAXSIUNNd-Q/edit#gid=0
season_002,Regular Season,,Starmie,starmie,starmie,Kuchenjaeger,kuchenjaeger,StunfiskUnderdogs,stunfiskunderdogs,sheet_extracted,https://docs.google.com/spreadsheets/d/1FUsClf5qEny-BHY5Djp8rIwRJKBSJDvygJ8LBa62FEo/edit#gid=0;https://docs.google.com/spreadsheets/d/1vJ-pioe3RZKSZ3LIGEA3FVTv_KEE_XKIQAXSIUNNd-Q/edit#gid=0
season_002,Regular Season,,Tandrak,tandrak,dragalge,Kuchenjaeger,kuchenjaeger,StunfiskUnderdogs,stunfiskunderdogs,sheet_extracted,https://docs.google.com/spreadsheets/d/1FUsClf5qEny-BHY5Djp8rIwRJKBSJDvygJ8LBa62FEo/edit#gid=0;https://docs.google.com/spreadsheets/d/1vJ-pioe3RZKSZ3LIGEA3FVTv_KEE_XKIQAXSIUNNd-Q/edit#gid=0
season_002,Liga 2,,Donphan,donphan,donphan,Lets Kayze,letskayze,,,sheet_extracted,https://docs.google.com/spreadsheets/d/1odsNRAZStW1GzmpXwmg27dqjOlch7w8syZOZ5Z2OQRg/edit#gid=0
season_002,Liga 2,,Florges,florges,florges,Lets Kayze,letskayze,,,sheet_extracted,https://docs.google.com/spreadsheets/d/1odsNRAZStW1GzmpXwmg27dqjOlch7w8syZOZ5Z2OQRg/edit#gid=0
season_002,Liga 2,,Hutsassa,hutsassa,amoonguss,Lets Kayze,letskayze,,,sheet_extracted,https://docs.google.com/spreadsheets/d/1odsNRAZStW1GzmpXwmg27dqjOlch7w8syZOZ5Z2OQRg/edit#gid=0
season_002,Liga 2,,Mega-Garados,megagarados,gyaradosmega,Lets Kayze,letskayze,,,sheet_extracted,https://docs.google.com/spreadsheets/d/1odsNRAZStW1GzmpXwmg27dqjOlch7w8syZOZ5Z2OQRg/edit#gid=0
season_002,Liga 2,,Nidoking,nidoking,nidoking,Lets Kayze,letskayze,,,sheet_extracted,https://docs.google.com/spreadsheets/d/1odsNRAZStW1GzmpXwmg27dqjOlch7w8syZOZ5Z2OQRg/edit#gid=0
season_002,Liga 2,,Panferno,panferno,infernape,Lets Kayze,letskayze,,,sheet_extracted,https://docs.google.com/spreadsheets/d/1odsNRAZStW1GzmpXwmg27dqjOlch7w8syZOZ5Z2OQRg/edit#gid=0
season_002,Liga 2,,Porygon2,porygon2,porygon2,Lets Kayze,letskayze,,,sheet_extracted,https://docs.google.com/spreadsheets/d/1odsNRAZStW1GzmpXwmg27dqjOlch7w8syZOZ5Z2OQRg/edit#gid=0
season_002,Liga 2,,Ramoth,ramoth,volcarona,Lets Kayze,letskayze,,,sheet_extracted,https://docs.google.com/spreadsheets/d/1odsNRAZStW1GzmpXwmg27dqjOlch7w8syZOZ5Z2OQRg/edit#gid=0
season_002,Liga 2,,Simsala,simsala,alakazam,Lets Kayze,letskayze,,,sheet_extracted,https://docs.google.com/spreadsheets/d/1odsNRAZStW1GzmpXwmg27dqjOlch7w8syZOZ5Z2OQRg/edit#gid=0
season_002,Liga 2,,Snibunna,snibunna,weavile,Lets Kayze,letskayze,,,sheet_extracted,https://docs.google.com/spreadsheets/d/1odsNRAZStW1GzmpXwmg27dqjOlch7w8syZOZ5Z2OQRg/edit#gid=0
season_002,Liga 2,,Staraptor,staraptor,staraptor,Lets Kayze,letskayze,,,sheet_extracted,https://docs.google.com/spreadsheets/d/1odsNRAZStW1GzmpXwmg27dqjOlch7w8syZOZ5Z2OQRg/edit#gid=0
season_002,Liga 2,,Tentantel,tentantel,ferrothorn,Lets Kayze,letskayze,,,sheet_extracted,https://docs.google.com/spreadsheets/d/1odsNRAZStW1GzmpXwmg27dqjOlch7w8syZOZ5Z2OQRg/edit#gid=0
season_002,Liga 2,,Zapplarang,zapplarang,eelektross,Lets Kayze,letskayze,,,sheet_extracted,https://docs.google.com/spreadsheets/d/1odsNRAZStW1GzmpXwmg27dqjOlch7w8syZOZ5Z2OQRg/edit#gid=0
season_002,Liga 2,,Arkani,arkani,arcanine,LightGaming,lightgaming,Salty Gengars,saltygengars,sheet_extracted,https://docs.google.com/spreadsheets/d/1odsNRAZStW1GzmpXwmg27dqjOlch7w8syZOZ5Z2OQRg/edit#gid=0;https://docs.google.com/spreadsheets/d/1ACnJyxD1hx-mbOcZXoJ5BjXDOwUF1TYmfgkqtJgFRXk/edit#gid=0
season_002,Liga 2,,Chaneira,chaneira,chansey,LightGaming,lightgaming,Salty Gengars,saltygengars,sheet_extracted,https://docs.google.com/spreadsheets/d/1odsNRAZStW1GzmpXwmg27dqjOlch7w8syZOZ5Z2OQRg/edit#gid=0;https://docs.google.com/spreadsheets/d/1ACnJyxD1hx-mbOcZXoJ5BjXDOwUF1TYmfgkqtJgFRXk/edit#gid=0
season_002,Liga 2,,Forstellka,forstellka,forretress,LightGaming,lightgaming,Salty Gengars,saltygengars,sheet_extracted,https://docs.google.com/spreadsheets/d/1odsNRAZStW1GzmpXwmg27dqjOlch7w8syZOZ5Z2OQRg/edit#gid=0;https://docs.google.com/spreadsheets/d/1ACnJyxD1hx-mbOcZXoJ5BjXDOwUF1TYmfgkqtJgFRXk/edit#gid=0
season_002,Liga 2,,Gengar,gengar,gengar,LightGaming,lightgaming,Salty Gengars,saltygengars,sheet_extracted,https://docs.google.com/spreadsheets/d/1odsNRAZStW1GzmpXwmg27dqjOlch7w8syZOZ5Z2OQRg/edit#gid=0;https://docs.google.com/spreadsheets/d/1ACnJyxD1hx-mbOcZXoJ5BjXDOwUF1TYmfgkqtJgFRXk/edit#gid=0
season_002,Liga 2,,Iksbat,iksbat,crobat,LightGaming,lightgaming,Salty Gengars,saltygengars,sheet_extracted,https://docs.google.com/spreadsheets/d/1odsNRAZStW1GzmpXwmg27dqjOlch7w8syZOZ5Z2OQRg/edit#gid=0;https://docs.google.com/spreadsheets/d/1ACnJyxD1hx-mbOcZXoJ5BjXDOwUF1TYmfgkqtJgFRXk/edit#gid=0
season_002,Liga 2,,Magnezone,magnezone,magnezone,LightGaming,lightgaming,Salty Gengars,saltygengars,sheet_extracted,https://docs.google.com/spreadsheets/d/1odsNRAZStW1GzmpXwmg27dqjOlch7w8syZOZ5Z2OQRg/edit#gid=0;https://docs.google.com/spreadsheets/d/1ACnJyxD1hx-mbOcZXoJ5BjXDOwUF1TYmfgkqtJgFRXk/edit#gid=0
season_002,Liga 2,,Mamolida,mamolida,alomomola,LightGaming,lightgaming,Salty Gengars,saltygengars,sheet_extracted,https://docs.google.com/spreadsheets/d/1odsNRAZStW1GzmpXwmg27dqjOlch7w8syZOZ5Z2OQRg/edit#gid=0;https://docs.google.com/spreadsheets/d/1ACnJyxD1hx-mbOcZXoJ5BjXDOwUF1TYmfgkqtJgFRXk/edit#gid=0
season_002,Liga 2,,Mamutel,mamutel,mamoswine,LightGaming,lightgaming,Salty Gengars,saltygengars,sheet_extracted,https://docs.google.com/spreadsheets/d/1odsNRAZStW1GzmpXwmg27dqjOlch7w8syZOZ5Z2OQRg/edit#gid=0;https://docs.google.com/spreadsheets/d/1ACnJyxD1hx-mbOcZXoJ5BjXDOwUF1TYmfgkqtJgFRXk/edit#gid=0
season_002,Liga 2,,Mega-Galagladi,megagalagladi,gallademega,LightGaming,lightgaming,Salty Gengars,saltygengars,sheet_extracted,https://docs.google.com/spreadsheets/d/1odsNRAZStW1GzmpXwmg27dqjOlch7w8syZOZ5Z2OQRg/edit#gid=0;https://docs.google.com/spreadsheets/d/1ACnJyxD1hx-mbOcZXoJ5BjXDOwUF1TYmfgkqtJgFRXk/edit#gid=0
season_002,Liga 2,,Mega-Simsala,megasimsala,alakazammega,LightGaming,lightgaming,Salty Gengars,saltygengars,sheet_extracted,https://docs.google.com/spreadsheets/d/1odsNRAZStW1GzmpXwmg27dqjOlch7w8syZOZ5Z2OQRg/edit#gid=0;https://docs.google.com/spreadsheets/d/1ACnJyxD1hx-mbOcZXoJ5BjXDOwUF1TYmfgkqtJgFRXk/edit#gid=0
season_002,Liga 2,,Pixi,pixi,clefable,LightGaming,lightgaming,Salty Gengars,saltygengars,sheet_extracted,https://docs.google.com/spreadsheets/d/1odsNRAZStW1GzmpXwmg27dqjOlch7w8syZOZ5Z2OQRg/edit#gid=0;https://docs.google.com/spreadsheets/d/1ACnJyxD1hx-mbOcZXoJ5BjXDOwUF1TYmfgkqtJgFRXk/edit#gid=0
season_002,Liga 2,,Rabigator,rabigator,krookodile,LightGaming,lightgaming,Salty Gengars,saltygengars,sheet_extracted,https://docs.google.com/spreadsheets/d/1odsNRAZStW1GzmpXwmg27dqjOlch7w8syZOZ5Z2OQRg/edit#gid=0;https://docs.google.com/spreadsheets/d/1ACnJyxD1hx-mbOcZXoJ5BjXDOwUF1TYmfgkqtJgFRXk/edit#gid=0
season_002,Liga 2,,Scherox,scherox,scizor,LightGaming,lightgaming,Salty Gengars,saltygengars,sheet_extracted,https://docs.google.com/spreadsheets/d/1odsNRAZStW1GzmpXwmg27dqjOlch7w8syZOZ5Z2OQRg/edit#gid=0;https://docs.google.com/spreadsheets/d/1ACnJyxD1hx-mbOcZXoJ5BjXDOwUF1TYmfgkqtJgFRXk/edit#gid=0
season_002,Liga 2,,Trikephalo,trikephalo,hydreigon,LightGaming,lightgaming,Salty Gengars,saltygengars,sheet_extracted,https://docs.google.com/spreadsheets/d/1odsNRAZStW1GzmpXwmg27dqjOlch7w8syZOZ5Z2OQRg/edit#gid=0;https://docs.google.com/spreadsheets/d/1ACnJyxD1hx-mbOcZXoJ5BjXDOwUF1TYmfgkqtJgFRXk/edit#gid=0
season_002,Liga 2,,Zytomega,zytomega,reuniclus,LightGaming,lightgaming,Salty Gengars,saltygengars,sheet_extracted,https://docs.google.com/spreadsheets/d/1odsNRAZStW1GzmpXwmg27dqjOlch7w8syZOZ5Z2OQRg/edit#gid=0;https://docs.google.com/spreadsheets/d/1ACnJyxD1hx-mbOcZXoJ5BjXDOwUF1TYmfgkqtJgFRXk/edit#gid=0
season_002,Liga 2,,Arkani,arkani,arcanine,LucarioLP,lucariolp,Wildcats,wildcats,sheet_extracted,https://docs.google.com/spreadsheets/d/1odsNRAZStW1GzmpXwmg27dqjOlch7w8syZOZ5Z2OQRg/edit#gid=0;https://docs.google.com/spreadsheets/d/1ACnJyxD1hx-mbOcZXoJ5BjXDOwUF1TYmfgkqtJgFRXk/edit#gid=0
season_002,Liga 2,,Donphan,donphan,donphan,LucarioLP,lucariolp,Wildcats,wildcats,sheet_extracted,https://docs.google.com/spreadsheets/d/1odsNRAZStW1GzmpXwmg27dqjOlch7w8syZOZ5Z2OQRg/edit#gid=0;https://docs.google.com/spreadsheets/d/1ACnJyxD1hx-mbOcZXoJ5BjXDOwUF1TYmfgkqtJgFRXk/edit#gid=0
season_002,Liga 2,,Florges,florges,florges,LucarioLP,lucariolp,Wildcats,wildcats,sheet_extracted,https://docs.google.com/spreadsheets/d/1odsNRAZStW1GzmpXwmg27dqjOlch7w8syZOZ5Z2OQRg/edit#gid=0;https://docs.google.com/spreadsheets/d/1ACnJyxD1hx-mbOcZXoJ5BjXDOwUF1TYmfgkqtJgFRXk/edit#gid=0
season_002,Liga 2,,Heatran,heatran,heatran,LucarioLP,lucariolp,Wildcats,wildcats,sheet_extracted,https://docs.google.com/spreadsheets/d/1odsNRAZStW1GzmpXwmg27dqjOlch7w8syZOZ5Z2OQRg/edit#gid=0;https://docs.google.com/spreadsheets/d/1ACnJyxD1hx-mbOcZXoJ5BjXDOwUF1TYmfgkqtJgFRXk/edit#gid=0
season_002,Liga 2,,Kobalium,kobalium,cobalion,LucarioLP,lucariolp,Wildcats,wildcats,sheet_extracted,https://docs.google.com/spreadsheets/d/1odsNRAZStW1GzmpXwmg27dqjOlch7w8syZOZ5Z2OQRg/edit#gid=0;https://docs.google.com/spreadsheets/d/1ACnJyxD1hx-mbOcZXoJ5BjXDOwUF1TYmfgkqtJgFRXk/edit#gid=0
season_002,Liga 2,,Kramshef,kramshef,honchkrow,LucarioLP,lucariolp,Wildcats,wildcats,sheet_extracted,https://docs.google.com/spreadsheets/d/1odsNRAZStW1GzmpXwmg27dqjOlch7w8syZOZ5Z2OQRg/edit#gid=0;https://docs.google.com/spreadsheets/d/1ACnJyxD1hx-mbOcZXoJ5BjXDOwUF1TYmfgkqtJgFRXk/edit#gid=0
season_002,Liga 2,,Latios,latios,latios,LucarioLP,lucariolp,Wildcats,wildcats,sheet_extracted,https://docs.google.com/spreadsheets/d/1odsNRAZStW1GzmpXwmg27dqjOlch7w8syZOZ5Z2OQRg/edit#gid=0;https://docs.google.com/spreadsheets/d/1ACnJyxD1hx-mbOcZXoJ5BjXDOwUF1TYmfgkqtJgFRXk/edit#gid=0
season_002,Liga 2,,Machomei,machomei,machamp,LucarioLP,lucariolp,Wildcats,wildcats,sheet_extracted,https://docs.google.com/spreadsheets/d/1odsNRAZStW1GzmpXwmg27dqjOlch7w8syZOZ5Z2OQRg/edit#gid=0;https://docs.google.com/spreadsheets/d/1ACnJyxD1hx-mbOcZXoJ5BjXDOwUF1TYmfgkqtJgFRXk/edit#gid=0
season_002,Liga 2,,Mega-Bisaflor,megabisaflor,venusaurmega,LucarioLP,lucariolp,Wildcats,wildcats,sheet_extracted,https://docs.google.com/spreadsheets/d/1odsNRAZStW1GzmpXwmg27dqjOlch7w8syZOZ5Z2OQRg/edit#gid=0;https://docs.google.com/spreadsheets/d/1ACnJyxD1hx-mbOcZXoJ5BjXDOwUF1TYmfgkqtJgFRXk/edit#gid=0
season_002,Liga 2,,Raikou,raikou,raikou,LucarioLP,lucariolp,Wildcats,wildcats,sheet_extracted,https://docs.google.com/spreadsheets/d/1odsNRAZStW1GzmpXwmg27dqjOlch7w8syZOZ5Z2OQRg/edit#gid=0;https://docs.google.com/spreadsheets/d/1ACnJyxD1hx-mbOcZXoJ5BjXDOwUF1TYmfgkqtJgFRXk/edit#gid=0
season_002,Liga 2,,Scherox,scherox,scizor,LucarioLP,lucariolp,Wildcats,wildcats,sheet_extracted,https://docs.google.com/spreadsheets/d/1odsNRAZStW1GzmpXwmg27dqjOlch7w8syZOZ5Z2OQRg/edit#gid=0;https://docs.google.com/spreadsheets/d/1ACnJyxD1hx-mbOcZXoJ5BjXDOwUF1TYmfgkqtJgFRXk/edit#gid=0
season_002,Liga 2,,Sumpex,sumpex,swampert,LucarioLP,lucariolp,Wildcats,wildcats,sheet_extracted,https://docs.google.com/spreadsheets/d/1odsNRAZStW1GzmpXwmg27dqjOlch7w8syZOZ5Z2OQRg/edit#gid=0;https://docs.google.com/spreadsheets/d/1ACnJyxD1hx-mbOcZXoJ5BjXDOwUF1TYmfgkqtJgFRXk/edit#gid=0
season_002,Liga 2,,Trikephalo,trikephalo,hydreigon,LucarioLP,lucariolp,Wildcats,wildcats,sheet_extracted,https://docs.google.com/spreadsheets/d/1odsNRAZStW1GzmpXwmg27dqjOlch7w8syZOZ5Z2OQRg/edit#gid=0;https://docs.google.com/spreadsheets/d/1ACnJyxD1hx-mbOcZXoJ5BjXDOwUF1TYmfgkqtJgFRXk/edit#gid=0
season_002,Liga 2,,Zapplarang,zapplarang,eelektross,LucarioLP,lucariolp,Wildcats,wildcats,sheet_extracted,https://docs.google.com/spreadsheets/d/1odsNRAZStW1GzmpXwmg27dqjOlch7w8syZOZ5Z2OQRg/edit#gid=0;https://docs.google.com/spreadsheets/d/1ACnJyxD1hx-mbOcZXoJ5BjXDOwUF1TYmfgkqtJgFRXk/edit#gid=0
season_002,Liga 2,,Caesurio,caesurio,bisharp,Minetube,minetube,Triyolotree,triyolotree,sheet_extracted,https://docs.google.com/spreadsheets/d/1odsNRAZStW1GzmpXwmg27dqjOlch7w8syZOZ5Z2OQRg/edit#gid=0;https://docs.google.com/spreadsheets/d/1ACnJyxD1hx-mbOcZXoJ5BjXDOwUF1TYmfgkqtJgFRXk/edit#gid=0
season_002,Liga 2,,Chaneira,chaneira,chansey,Minetube,minetube,Triyolotree,triyolotree,sheet_extracted,https://docs.google.com/spreadsheets/d/1odsNRAZStW1GzmpXwmg27dqjOlch7w8syZOZ5Z2OQRg/edit#gid=0;https://docs.google.com/spreadsheets/d/1ACnJyxD1hx-mbOcZXoJ5BjXDOwUF1TYmfgkqtJgFRXk/edit#gid=0
season_002,Liga 2,,Flambirex,flambirex,emboar,Minetube,minetube,Triyolotree,triyolotree,sheet_extracted,https://docs.google.com/spreadsheets/d/1odsNRAZStW1GzmpXwmg27dqjOlch7w8syZOZ5Z2OQRg/edit#gid=0;https://docs.google.com/spreadsheets/d/1ACnJyxD1hx-mbOcZXoJ5BjXDOwUF1TYmfgkqtJgFRXk/edit#gid=0
season_002,Liga 2,,Forstellka,forstellka,forretress,Minetube,minetube,Triyolotree,triyolotree,sheet_extracted,https://docs.google.com/spreadsheets/d/1odsNRAZStW1GzmpXwmg27dqjOlch7w8syZOZ5Z2OQRg/edit#gid=0;https://docs.google.com/spreadsheets/d/1ACnJyxD1hx-mbOcZXoJ5BjXDOwUF1TYmfgkqtJgFRXk/edit#gid=0
season_002,Liga 2,,Hutsassa,hutsassa,amoonguss,Minetube,minetube,Triyolotree,triyolotree,sheet_extracted,https://docs.google.com/spreadsheets/d/1odsNRAZStW1GzmpXwmg27dqjOlch7w8syZOZ5Z2OQRg/edit#gid=0;https://docs.google.com/spreadsheets/d/1ACnJyxD1hx-mbOcZXoJ5BjXDOwUF1TYmfgkqtJgFRXk/edit#gid=0
season_002,Liga 2,,Kokowei,kokowei,exeggutor,Minetube,minetube,Triyolotree,triyolotree,sheet_extracted,https://docs.google.com/spreadsheets/d/1odsNRAZStW1GzmpXwmg27dqjOlch7w8syZOZ5Z2OQRg/edit#gid=0;https://docs.google.com/spreadsheets/d/1ACnJyxD1hx-mbOcZXoJ5BjXDOwUF1TYmfgkqtJgFRXk/edit#gid=0
season_002,Liga 2,,Mega-Zobiris,megazobiris,sableyemega,Minetube,minetube,Triyolotree,triyolotree,sheet_extracted,https://docs.google.com/spreadsheets/d/1odsNRAZStW1GzmpXwmg27dqjOlch7w8syZOZ5Z2OQRg/edit#gid=0;https://docs.google.com/spreadsheets/d/1ACnJyxD1hx-mbOcZXoJ5BjXDOwUF1TYmfgkqtJgFRXk/edit#gid=0
season_002,Liga 2,,Milotic,milotic,milotic,Minetube,minetube,Triyolotree,triyolotree,sheet_extracted,https://docs.google.com/spreadsheets/d/1odsNRAZStW1GzmpXwmg27dqjOlch7w8syZOZ5Z2OQRg/edit#gid=0;https://docs.google.com/spreadsheets/d/1ACnJyxD1hx-mbOcZXoJ5BjXDOwUF1TYmfgkqtJgFRXk/edit#gid=0
season_002,Liga 2,,Resladero,resladero,hawlucha,Minetube,minetube,Triyolotree,triyolotree,sheet_extracted,https://docs.google.com/spreadsheets/d/1odsNRAZStW1GzmpXwmg27dqjOlch7w8syZOZ5Z2OQRg/edit#gid=0;https://docs.google.com/spreadsheets/d/1ACnJyxD1hx-mbOcZXoJ5BjXDOwUF1TYmfgkqtJgFRXk/edit#gid=0
season_002,Liga 2,,Suicune,suicune,suicune,Minetube,minetube,Triyolotree,triyolotree,sheet_extracted,https://docs.google.com/spreadsheets/d/1odsNRAZStW1GzmpXwmg27dqjOlch7w8syZOZ5Z2OQRg/edit#gid=0;https://docs.google.com/spreadsheets/d/1ACnJyxD1hx-mbOcZXoJ5BjXDOwUF1TYmfgkqtJgFRXk/edit#gid=0
season_002,Liga 2,,Sumpex,sumpex,swampert,Minetube,minetube,Triyolotree,triyolotree,sheet_extracted,https://docs.google.com/spreadsheets/d/1odsNRAZStW1GzmpXwmg27dqjOlch7w8syZOZ5Z2OQRg/edit#gid=0;https://docs.google.com/spreadsheets/d/1ACnJyxD1hx-mbOcZXoJ5BjXDOwUF1TYmfgkqtJgFRXk/edit#gid=0
season_002,Liga 2,,Terrakium,terrakium,terrakion,Minetube,minetube,Triyolotree,triyolotree,sheet_extracted,https://docs.google.com/spreadsheets/d/1odsNRAZStW1GzmpXwmg27dqjOlch7w8syZOZ5Z2OQRg/edit#gid=0;https://docs.google.com/spreadsheets/d/1ACnJyxD1hx-mbOcZXoJ5BjXDOwUF1TYmfgkqtJgFRXk/edit#gid=0
season_002,Liga 2,,Trikephalo,trikephalo,hydreigon,Minetube,minetube,Triyolotree,triyolotree,sheet_extracted,https://docs.google.com/spreadsheets/d/1odsNRAZStW1GzmpXwmg27dqjOlch7w8syZOZ5Z2OQRg/edit#gid=0;https://docs.google.com/spreadsheets/d/1ACnJyxD1hx-mbOcZXoJ5BjXDOwUF1TYmfgkqtJgFRXk/edit#gid=0
season_002,Regular Season,,Entei,entei,entei,Oktopaul,oktopaul,Blazing Okturtles,blazingokturtles,sheet_extracted,https://docs.google.com/spreadsheets/d/1FUsClf5qEny-BHY5Djp8rIwRJKBSJDvygJ8LBa62FEo/edit#gid=0;https://docs.google.com/spreadsheets/d/1vJ-pioe3RZKSZ3LIGEA3FVTv_KEE_XKIQAXSIUNNd-Q/edit#gid=0;https://docs.google.com/spreadsheets/d/1JZpA-5XDldN2bjfvhvBPHYK-1AENETLnF1UxNEpWlNA/edit#gid=352888197
season_002,Regular Season,,Florges,florges,florges,Oktopaul,oktopaul,Blazing Okturtles,blazingokturtles,sheet_extracted,https://docs.google.com/spreadsheets/d/1FUsClf5qEny-BHY5Djp8rIwRJKBSJDvygJ8LBa62FEo/edit#gid=0;https://docs.google.com/spreadsheets/d/1vJ-pioe3RZKSZ3LIGEA3FVTv_KEE_XKIQAXSIUNNd-Q/edit#gid=0;https://docs.google.com/spreadsheets/d/1JZpA-5XDldN2bjfvhvBPHYK-1AENETLnF1UxNEpWlNA/edit#gid=352888197
season_002,Regular Season,,Forstellka,forstellka,forretress,Oktopaul,oktopaul,Blazing Okturtles,blazingokturtles,sheet_extracted,https://docs.google.com/spreadsheets/d/1FUsClf5qEny-BHY5Djp8rIwRJKBSJDvygJ8LBa62FEo/edit#gid=0;https://docs.google.com/spreadsheets/d/1vJ-pioe3RZKSZ3LIGEA3FVTv_KEE_XKIQAXSIUNNd-Q/edit#gid=0;https://docs.google.com/spreadsheets/d/1JZpA-5XDldN2bjfvhvBPHYK-1AENETLnF1UxNEpWlNA/edit#gid=352888197
season_002,Regular Season,,Irokex,irokex,scrafty,Oktopaul,oktopaul,Blazing Okturtles,blazingokturtles,old_project_team_note,https://docs.google.com/spreadsheets/d/1JZpA-5XDldN2bjfvhvBPHYK-1AENETLnF1UxNEpWlNA/edit#gid=352888197;https://docs.google.com/spreadsheets/d/1vJ-pioe3RZKSZ3LIGEA3FVTv_KEE_XKIQAXSIUNNd-Q/edit#gid=0
season_002,Regular Season,,Latios,latios,latios,Oktopaul,oktopaul,Blazing Okturtles,blazingokturtles,old_project_team_note,https://docs.google.com/spreadsheets/d/1JZpA-5XDldN2bjfvhvBPHYK-1AENETLnF1UxNEpWlNA/edit#gid=352888197;https://docs.google.com/spreadsheets/d/1vJ-pioe3RZKSZ3LIGEA3FVTv_KEE_XKIQAXSIUNNd-Q/edit#gid=0
season_002,Regular Season,,Mega-Altaria,megaaltaria,altariamega,Oktopaul,oktopaul,Blazing Okturtles,blazingokturtles,sheet_extracted,https://docs.google.com/spreadsheets/d/1FUsClf5qEny-BHY5Djp8rIwRJKBSJDvygJ8LBa62FEo/edit#gid=0;https://docs.google.com/spreadsheets/d/1vJ-pioe3RZKSZ3LIGEA3FVTv_KEE_XKIQAXSIUNNd-Q/edit#gid=0;https://docs.google.com/spreadsheets/d/1JZpA-5XDldN2bjfvhvBPHYK-1AENETLnF1UxNEpWlNA/edit#gid=352888197
season_002,Regular Season,,Meistagrif,meistagrif,conkeldurr,Oktopaul,oktopaul,Blazing Okturtles,blazingokturtles,sheet_extracted,https://docs.google.com/spreadsheets/d/1FUsClf5qEny-BHY5Djp8rIwRJKBSJDvygJ8LBa62FEo/edit#gid=0;https://docs.google.com/spreadsheets/d/1vJ-pioe3RZKSZ3LIGEA3FVTv_KEE_XKIQAXSIUNNd-Q/edit#gid=0;https://docs.google.com/spreadsheets/d/1JZpA-5XDldN2bjfvhvBPHYK-1AENETLnF1UxNEpWlNA/edit#gid=352888197
season_002,Regular Season,,Nidoking,nidoking,nidoking,Oktopaul,oktopaul,Blazing Okturtles,blazingokturtles,sheet_extracted,https://docs.google.com/spreadsheets/d/1FUsClf5qEny-BHY5Djp8rIwRJKBSJDvygJ8LBa62FEo/edit#gid=0;https://docs.google.com/spreadsheets/d/1vJ-pioe3RZKSZ3LIGEA3FVTv_KEE_XKIQAXSIUNNd-Q/edit#gid=0;https://docs.google.com/spreadsheets/d/1JZpA-5XDldN2bjfvhvBPHYK-1AENETLnF1UxNEpWlNA/edit#gid=352888197
season_002,Regular Season,,Pixi,pixi,clefable,Oktopaul,oktopaul,Blazing Okturtles,blazingokturtles,old_project_team_note,https://docs.google.com/spreadsheets/d/1JZpA-5XDldN2bjfvhvBPHYK-1AENETLnF1UxNEpWlNA/edit#gid=352888197;https://docs.google.com/spreadsheets/d/1vJ-pioe3RZKSZ3LIGEA3FVTv_KEE_XKIQAXSIUNNd-Q/edit#gid=0
season_002,Regular Season,,Qurtel,qurtel,torkoal,Oktopaul,oktopaul,Blazing Okturtles,blazingokturtles,old_project_team_note,https://docs.google.com/spreadsheets/d/1JZpA-5XDldN2bjfvhvBPHYK-1AENETLnF1UxNEpWlNA/edit#gid=352888197;https://docs.google.com/spreadsheets/d/1vJ-pioe3RZKSZ3LIGEA3FVTv_KEE_XKIQAXSIUNNd-Q/edit#gid=0
season_002,Regular Season,,Relaxo,relaxo,snorlax,Oktopaul,oktopaul,Blazing Okturtles,blazingokturtles,old_project_team_note,https://docs.google.com/spreadsheets/d/1JZpA-5XDldN2bjfvhvBPHYK-1AENETLnF1UxNEpWlNA/edit#gid=352888197;https://docs.google.com/spreadsheets/d/1vJ-pioe3RZKSZ3LIGEA3FVTv_KEE_XKIQAXSIUNNd-Q/edit#gid=0
season_002,Regular Season,,Rotom-W,rotomw,rotomwash,Oktopaul,oktopaul,Blazing Okturtles,blazingokturtles,sheet_extracted,https://docs.google.com/spreadsheets/d/1FUsClf5qEny-BHY5Djp8rIwRJKBSJDvygJ8LBa62FEo/edit#gid=0;https://docs.google.com/spreadsheets/d/1vJ-pioe3RZKSZ3LIGEA3FVTv_KEE_XKIQAXSIUNNd-Q/edit#gid=0;https://docs.google.com/spreadsheets/d/1JZpA-5XDldN2bjfvhvBPHYK-1AENETLnF1UxNEpWlNA/edit#gid=352888197
season_002,Regular Season,,Suicune,suicune,suicune,Oktopaul,oktopaul,Blazing Okturtles,blazingokturtles,sheet_extracted,https://docs.google.com/spreadsheets/d/1FUsClf5qEny-BHY5Djp8rIwRJKBSJDvygJ8LBa62FEo/edit#gid=0;https://docs.google.com/spreadsheets/d/1vJ-pioe3RZKSZ3LIGEA3FVTv_KEE_XKIQAXSIUNNd-Q/edit#gid=0;https://docs.google.com/spreadsheets/d/1JZpA-5XDldN2bjfvhvBPHYK-1AENETLnF1UxNEpWlNA/edit#gid=352888197
season_002,Regular Season,,Tobutz,tobutz,azelf,Oktopaul,oktopaul,Blazing Okturtles,blazingokturtles,sheet_extracted,https://docs.google.com/spreadsheets/d/1FUsClf5qEny-BHY5Djp8rIwRJKBSJDvygJ8LBa62FEo/edit#gid=0;https://docs.google.com/spreadsheets/d/1vJ-pioe3RZKSZ3LIGEA3FVTv_KEE_XKIQAXSIUNNd-Q/edit#gid=0;https://docs.google.com/spreadsheets/d/1JZpA-5XDldN2bjfvhvBPHYK-1AENETLnF1UxNEpWlNA/edit#gid=352888197
season_002,Regular Season,,Zapdos,zapdos,zapdos,Oktopaul,oktopaul,Blazing Okturtles,blazingokturtles,sheet_extracted,https://docs.google.com/spreadsheets/d/1FUsClf5qEny-BHY5Djp8rIwRJKBSJDvygJ8LBa62FEo/edit#gid=0;https://docs.google.com/spreadsheets/d/1vJ-pioe3RZKSZ3LIGEA3FVTv_KEE_XKIQAXSIUNNd-Q/edit#gid=0;https://docs.google.com/spreadsheets/d/1JZpA-5XDldN2bjfvhvBPHYK-1AENETLnF1UxNEpWlNA/edit#gid=352888197
season_002,Liga 2,,Azumarill,azumarill,azumarill,Parsifani,parsifani,Duelling Luca-Ri-Oh,duellinglucarioh,sheet_extracted,https://docs.google.com/spreadsheets/d/1odsNRAZStW1GzmpXwmg27dqjOlch7w8syZOZ5Z2OQRg/edit#gid=0;https://docs.google.com/spreadsheets/d/1ACnJyxD1hx-mbOcZXoJ5BjXDOwUF1TYmfgkqtJgFRXk/edit#gid=0
season_002,Liga 2,,Demeteros-T,demeterost,landorustherian,Parsifani,parsifani,Duelling Luca-Ri-Oh,duellinglucarioh,sheet_extracted,https://docs.google.com/spreadsheets/d/1odsNRAZStW1GzmpXwmg27dqjOlch7w8syZOZ5Z2OQRg/edit#gid=0;https://docs.google.com/spreadsheets/d/1ACnJyxD1hx-mbOcZXoJ5BjXDOwUF1TYmfgkqtJgFRXk/edit#gid=0
season_002,Liga 2,,Flampivian-Normal,flampiviannormal,darmanitan,Parsifani,parsifani,Duelling Luca-Ri-Oh,duellinglucarioh,sheet_extracted,https://docs.google.com/spreadsheets/d/1odsNRAZStW1GzmpXwmg27dqjOlch7w8syZOZ5Z2OQRg/edit#gid=0;https://docs.google.com/spreadsheets/d/1ACnJyxD1hx-mbOcZXoJ5BjXDOwUF1TYmfgkqtJgFRXk/edit#gid=0
season_002,Liga 2,,Florges,florges,florges,Parsifani,parsifani,Duelling Luca-Ri-Oh,duellinglucarioh,sheet_extracted,https://docs.google.com/spreadsheets/d/1odsNRAZStW1GzmpXwmg27dqjOlch7w8syZOZ5Z2OQRg/edit#gid=0;https://docs.google.com/spreadsheets/d/1ACnJyxD1hx-mbOcZXoJ5BjXDOwUF1TYmfgkqtJgFRXk/edit#gid=0
season_002,Liga 2,,Iksbat,iksbat,crobat,Parsifani,parsifani,Duelling Luca-Ri-Oh,duellinglucarioh,sheet_extracted,https://docs.google.com/spreadsheets/d/1odsNRAZStW1GzmpXwmg27dqjOlch7w8syZOZ5Z2OQRg/edit#gid=0;https://docs.google.com/spreadsheets/d/1ACnJyxD1hx-mbOcZXoJ5BjXDOwUF1TYmfgkqtJgFRXk/edit#gid=0
season_002,Liga 2,,Impoleon,impoleon,empoleon,Parsifani,parsifani,Duelling Luca-Ri-Oh,duellinglucarioh,sheet_extracted,https://docs.google.com/spreadsheets/d/1odsNRAZStW1GzmpXwmg27dqjOlch7w8syZOZ5Z2OQRg/edit#gid=0;https://docs.google.com/spreadsheets/d/1ACnJyxD1hx-mbOcZXoJ5BjXDOwUF1TYmfgkqtJgFRXk/edit#gid=0
season_002,Liga 2,,Kapoera,kapoera,hitmontop,Parsifani,parsifani,Duelling Luca-Ri-Oh,duellinglucarioh,sheet_extracted,https://docs.google.com/spreadsheets/d/1odsNRAZStW1GzmpXwmg27dqjOlch7w8syZOZ5Z2OQRg/edit#gid=0;https://docs.google.com/spreadsheets/d/1ACnJyxD1hx-mbOcZXoJ5BjXDOwUF1TYmfgkqtJgFRXk/edit#gid=0
season_002,Liga 2,,Lucario,lucario,lucario,Parsifani,parsifani,Duelling Luca-Ri-Oh,duellinglucarioh,sheet_extracted,https://docs.google.com/spreadsheets/d/1odsNRAZStW1GzmpXwmg27dqjOlch7w8syZOZ5Z2OQRg/edit#gid=0;https://docs.google.com/spreadsheets/d/1ACnJyxD1hx-mbOcZXoJ5BjXDOwUF1TYmfgkqtJgFRXk/edit#gid=0
season_002,Liga 2,,Mamolida,mamolida,alomomola,Parsifani,parsifani,Duelling Luca-Ri-Oh,duellinglucarioh,sheet_extracted,https://docs.google.com/spreadsheets/d/1odsNRAZStW1GzmpXwmg27dqjOlch7w8syZOZ5Z2OQRg/edit#gid=0;https://docs.google.com/spreadsheets/d/1ACnJyxD1hx-mbOcZXoJ5BjXDOwUF1TYmfgkqtJgFRXk/edit#gid=0
season_002,Liga 2,,Mega-Rexblisar,megarexblisar,abomasnowmega,Parsifani,parsifani,Duelling Luca-Ri-Oh,duellinglucarioh,sheet_extracted,https://docs.google.com/spreadsheets/d/1odsNRAZStW1GzmpXwmg27dqjOlch7w8syZOZ5Z2OQRg/edit#gid=0;https://docs.google.com/spreadsheets/d/1ACnJyxD1hx-mbOcZXoJ5BjXDOwUF1TYmfgkqtJgFRXk/edit#gid=0
season_002,Liga 2,,Nachtara,nachtara,umbreon,Parsifani,parsifani,Duelling Luca-Ri-Oh,duellinglucarioh,sheet_extracted,https://docs.google.com/spreadsheets/d/1odsNRAZStW1GzmpXwmg27dqjOlch7w8syZOZ5Z2OQRg/edit#gid=0;https://docs.google.com/spreadsheets/d/1ACnJyxD1hx-mbOcZXoJ5BjXDOwUF1TYmfgkqtJgFRXk/edit#gid=0
season_002,Liga 2,,Ramoth,ramoth,volcarona,Parsifani,parsifani,Duelling Luca-Ri-Oh,duellinglucarioh,sheet_extracted,https://docs.google.com/spreadsheets/d/1odsNRAZStW1GzmpXwmg27dqjOlch7w8syZOZ5Z2OQRg/edit#gid=0;https://docs.google.com/spreadsheets/d/1ACnJyxD1hx-mbOcZXoJ5BjXDOwUF1TYmfgkqtJgFRXk/edit#gid=0
season_002,Liga 2,,Simsala,simsala,alakazam,Parsifani,parsifani,Duelling Luca-Ri-Oh,duellinglucarioh,sheet_extracted,https://docs.google.com/spreadsheets/d/1odsNRAZStW1GzmpXwmg27dqjOlch7w8syZOZ5Z2OQRg/edit#gid=0;https://docs.google.com/spreadsheets/d/1ACnJyxD1hx-mbOcZXoJ5BjXDOwUF1TYmfgkqtJgFRXk/edit#gid=0
season_002,Liga 2,,Hariyama,hariyama,hariyama,PentaPlayer,pentaplayer,Power Knilz Bande,powerknilzbande,sheet_extracted,https://docs.google.com/spreadsheets/d/1odsNRAZStW1GzmpXwmg27dqjOlch7w8syZOZ5Z2OQRg/edit#gid=0;https://docs.google.com/spreadsheets/d/1ACnJyxD1hx-mbOcZXoJ5BjXDOwUF1TYmfgkqtJgFRXk/edit#gid=0
season_002,Liga 2,,Hutsassa,hutsassa,amoonguss,PentaPlayer,pentaplayer,Power Knilz Bande,powerknilzbande,sheet_extracted,https://docs.google.com/spreadsheets/d/1odsNRAZStW1GzmpXwmg27dqjOlch7w8syZOZ5Z2OQRg/edit#gid=0;https://docs.google.com/spreadsheets/d/1ACnJyxD1hx-mbOcZXoJ5BjXDOwUF1TYmfgkqtJgFRXk/edit#gid=0
season_002,Liga 2,,Iksbat,iksbat,crobat,PentaPlayer,pentaplayer,Power Knilz Bande,powerknilzbande,sheet_extracted,https://docs.google.com/spreadsheets/d/1odsNRAZStW1GzmpXwmg27dqjOlch7w8syZOZ5Z2OQRg/edit#gid=0;https://docs.google.com/spreadsheets/d/1ACnJyxD1hx-mbOcZXoJ5BjXDOwUF1TYmfgkqtJgFRXk/edit#gid=0
season_002,Liga 2,,Kappalores,kappalores,ludicolo,PentaPlayer,pentaplayer,Power Knilz Bande,powerknilzbande,sheet_extracted,https://docs.google.com/spreadsheets/d/1odsNRAZStW1GzmpXwmg27dqjOlch7w8syZOZ5Z2OQRg/edit#gid=0;https://docs.google.com/spreadsheets/d/1ACnJyxD1hx-mbOcZXoJ5BjXDOwUF1TYmfgkqtJgFRXk/edit#gid=0
season_002,Liga 2,,Knilz,knilz,shroomish,PentaPlayer,pentaplayer,Power Knilz Bande,powerknilzbande,sheet_extracted,https://docs.google.com/spreadsheets/d/1odsNRAZStW1GzmpXwmg27dqjOlch7w8syZOZ5Z2OQRg/edit#gid=0;https://docs.google.com/spreadsheets/d/1ACnJyxD1hx-mbOcZXoJ5BjXDOwUF1TYmfgkqtJgFRXk/edit#gid=0
season_002,Liga 2,,Latios,latios,latios,PentaPlayer,pentaplayer,Power Knilz Bande,powerknilzbande,sheet_extracted,https://docs.google.com/spreadsheets/d/1odsNRAZStW1GzmpXwmg27dqjOlch7w8syZOZ5Z2OQRg/edit#gid=0;https://docs.google.com/spreadsheets/d/1ACnJyxD1hx-mbOcZXoJ5BjXDOwUF1TYmfgkqtJgFRXk/edit#gid=0
season_002,Liga 2,,Mega-Metagross,megametagross,metagrossmega,PentaPlayer,pentaplayer,Power Knilz Bande,powerknilzbande,sheet_extracted,https://docs.google.com/spreadsheets/d/1odsNRAZStW1GzmpXwmg27dqjOlch7w8syZOZ5Z2OQRg/edit#gid=0;https://docs.google.com/spreadsheets/d/1ACnJyxD1hx-mbOcZXoJ5BjXDOwUF1TYmfgkqtJgFRXk/edit#gid=0
season_002,Liga 2,,Mega-Sumpex,megasumpex,swampertmega,PentaPlayer,pentaplayer,Power Knilz Bande,powerknilzbande,sheet_extracted,https://docs.google.com/spreadsheets/d/1odsNRAZStW1GzmpXwmg27dqjOlch7w8syZOZ5Z2OQRg/edit#gid=0;https://docs.google.com/spreadsheets/d/1ACnJyxD1hx-mbOcZXoJ5BjXDOwUF1TYmfgkqtJgFRXk/edit#gid=0
season_002,Liga 2,,Metagross,metagross,metagross,PentaPlayer,pentaplayer,Power Knilz Bande,powerknilzbande,sheet_extracted,https://docs.google.com/spreadsheets/d/1odsNRAZStW1GzmpXwmg27dqjOlch7w8syZOZ5Z2OQRg/edit#gid=0;https://docs.google.com/spreadsheets/d/1ACnJyxD1hx-mbOcZXoJ5BjXDOwUF1TYmfgkqtJgFRXk/edit#gid=0
season_002,Liga 2,,Pixi,pixi,clefable,PentaPlayer,pentaplayer,Power Knilz Bande,powerknilzbande,sheet_extracted,https://docs.google.com/spreadsheets/d/1odsNRAZStW1GzmpXwmg27dqjOlch7w8syZOZ5Z2OQRg/edit#gid=0;https://docs.google.com/spreadsheets/d/1ACnJyxD1hx-mbOcZXoJ5BjXDOwUF1TYmfgkqtJgFRXk/edit#gid=0
season_002,Liga 2,,Quaxo,quaxo,politoed,PentaPlayer,pentaplayer,Power Knilz Bande,powerknilzbande,sheet_extracted,https://docs.google.com/spreadsheets/d/1odsNRAZStW1GzmpXwmg27dqjOlch7w8syZOZ5Z2OQRg/edit#gid=0;https://docs.google.com/spreadsheets/d/1ACnJyxD1hx-mbOcZXoJ5BjXDOwUF1TYmfgkqtJgFRXk/edit#gid=0
season_002,Liga 2,,Rabigator,rabigator,krookodile,PentaPlayer,pentaplayer,Power Knilz Bande,powerknilzbande,sheet_extracted,https://docs.google.com/spreadsheets/d/1odsNRAZStW1GzmpXwmg27dqjOlch7w8syZOZ5Z2OQRg/edit#gid=0;https://docs.google.com/spreadsheets/d/1ACnJyxD1hx-mbOcZXoJ5BjXDOwUF1TYmfgkqtJgFRXk/edit#gid=0
season_002,Liga 2,,Rotom-H,rotomh,rotomheat,PentaPlayer,pentaplayer,Power Knilz Bande,powerknilzbande,sheet_extracted,https://docs.google.com/spreadsheets/d/1odsNRAZStW1GzmpXwmg27dqjOlch7w8syZOZ5Z2OQRg/edit#gid=0;https://docs.google.com/spreadsheets/d/1ACnJyxD1hx-mbOcZXoJ5BjXDOwUF1TYmfgkqtJgFRXk/edit#gid=0
season_002,Liga 2,,Suicune,suicune,suicune,PentaPlayer,pentaplayer,Power Knilz Bande,powerknilzbande,sheet_extracted,https://docs.google.com/spreadsheets/d/1odsNRAZStW1GzmpXwmg27dqjOlch7w8syZOZ5Z2OQRg/edit#gid=0;https://docs.google.com/spreadsheets/d/1ACnJyxD1hx-mbOcZXoJ5BjXDOwUF1TYmfgkqtJgFRXk/edit#gid=0
season_002,Liga 2,,Zobiris,zobiris,sableye,PentaPlayer,pentaplayer,Power Knilz Bande,powerknilzbande,sheet_extracted,https://docs.google.com/spreadsheets/d/1odsNRAZStW1GzmpXwmg27dqjOlch7w8syZOZ5Z2OQRg/edit#gid=0;https://docs.google.com/spreadsheets/d/1ACnJyxD1hx-mbOcZXoJ5BjXDOwUF1TYmfgkqtJgFRXk/edit#gid=0
season_002,Liga 2,,Brutalanda,brutalanda,salamence,PokeBazi,pokebazi,Psychic Bazis,psychicbazis,sheet_extracted,https://docs.google.com/spreadsheets/d/1odsNRAZStW1GzmpXwmg27dqjOlch7w8syZOZ5Z2OQRg/edit#gid=0;https://docs.google.com/spreadsheets/d/1ACnJyxD1hx-mbOcZXoJ5BjXDOwUF1TYmfgkqtJgFRXk/edit#gid=0
season_002,Liga 2,,Donphan,donphan,donphan,PokeBazi,pokebazi,Psychic Bazis,psychicbazis,sheet_extracted,https://docs.google.com/spreadsheets/d/1odsNRAZStW1GzmpXwmg27dqjOlch7w8syZOZ5Z2OQRg/edit#gid=0;https://docs.google.com/spreadsheets/d/1ACnJyxD1hx-mbOcZXoJ5BjXDOwUF1TYmfgkqtJgFRXk/edit#gid=0
season_002,Liga 2,,Entei,entei,entei,PokeBazi,pokebazi,Psychic Bazis,psychicbazis,sheet_extracted,https://docs.google.com/spreadsheets/d/1odsNRAZStW1GzmpXwmg27dqjOlch7w8syZOZ5Z2OQRg/edit#gid=0;https://docs.google.com/spreadsheets/d/1ACnJyxD1hx-mbOcZXoJ5BjXDOwUF1TYmfgkqtJgFRXk/edit#gid=0
season_002,Liga 2,,Florges,florges,florges,PokeBazi,pokebazi,Psychic Bazis,psychicbazis,sheet_extracted,https://docs.google.com/spreadsheets/d/1odsNRAZStW1GzmpXwmg27dqjOlch7w8syZOZ5Z2OQRg/edit#gid=0;https://docs.google.com/spreadsheets/d/1ACnJyxD1hx-mbOcZXoJ5BjXDOwUF1TYmfgkqtJgFRXk/edit#gid=0
season_002,Liga 2,,Grebbit,grebbit,diggersby,PokeBazi,pokebazi,Psychic Bazis,psychicbazis,sheet_extracted,https://docs.google.com/spreadsheets/d/1odsNRAZStW1GzmpXwmg27dqjOlch7w8syZOZ5Z2OQRg/edit#gid=0;https://docs.google.com/spreadsheets/d/1ACnJyxD1hx-mbOcZXoJ5BjXDOwUF1TYmfgkqtJgFRXk/edit#gid=0
season_002,Liga 2,,Iksbat,iksbat,crobat,PokeBazi,pokebazi,Psychic Bazis,psychicbazis,sheet_extracted,https://docs.google.com/spreadsheets/d/1odsNRAZStW1GzmpXwmg27dqjOlch7w8syZOZ5Z2OQRg/edit#gid=0;https://docs.google.com/spreadsheets/d/1ACnJyxD1hx-mbOcZXoJ5BjXDOwUF1TYmfgkqtJgFRXk/edit#gid=0
season_002,Liga 2,,Keldeo,keldeo,keldeo,PokeBazi,pokebazi,Psychic Bazis,psychicbazis,sheet_extracted,https://docs.google.com/spreadsheets/d/1odsNRAZStW1GzmpXwmg27dqjOlch7w8syZOZ5Z2OQRg/edit#gid=0;https://docs.google.com/spreadsheets/d/1ACnJyxD1hx-mbOcZXoJ5BjXDOwUF1TYmfgkqtJgFRXk/edit#gid=0
season_002,Liga 2,,Krebutack,krebutack,crawdaunt,PokeBazi,pokebazi,Psychic Bazis,psychicbazis,sheet_extracted,https://docs.google.com/spreadsheets/d/1odsNRAZStW1GzmpXwmg27dqjOlch7w8syZOZ5Z2OQRg/edit#gid=0;https://docs.google.com/spreadsheets/d/1ACnJyxD1hx-mbOcZXoJ5BjXDOwUF1TYmfgkqtJgFRXk/edit#gid=0
season_002,Liga 2,,Magnezone,magnezone,magnezone,PokeBazi,pokebazi,Psychic Bazis,psychicbazis,sheet_extracted,https://docs.google.com/spreadsheets/d/1odsNRAZStW1GzmpXwmg27dqjOlch7w8syZOZ5Z2OQRg/edit#gid=0;https://docs.google.com/spreadsheets/d/1ACnJyxD1hx-mbOcZXoJ5BjXDOwUF1TYmfgkqtJgFRXk/edit#gid=0
season_002,Liga 2,,Maxax,maxax,haxorus,PokeBazi,pokebazi,Psychic Bazis,psychicbazis,sheet_extracted,https://docs.google.com/spreadsheets/d/1odsNRAZStW1GzmpXwmg27dqjOlch7w8syZOZ5Z2OQRg/edit#gid=0;https://docs.google.com/spreadsheets/d/1ACnJyxD1hx-mbOcZXoJ5BjXDOwUF1TYmfgkqtJgFRXk/edit#gid=0
season_002,Liga 2,,Mega-Gewaldro,megagewaldro,sceptilemega,PokeBazi,pokebazi,Psychic Bazis,psychicbazis,sheet_extracted,https://docs.google.com/spreadsheets/d/1odsNRAZStW1GzmpXwmg27dqjOlch7w8syZOZ5Z2OQRg/edit#gid=0;https://docs.google.com/spreadsheets/d/1ACnJyxD1hx-mbOcZXoJ5BjXDOwUF1TYmfgkqtJgFRXk/edit#gid=0
season_002,Liga 2,,Mega-Glurak Y,megagluraky,charizardmegay,PokeBazi,pokebazi,Psychic Bazis,psychicbazis,sheet_extracted,https://docs.google.com/spreadsheets/d/1odsNRAZStW1GzmpXwmg27dqjOlch7w8syZOZ5Z2OQRg/edit#gid=0;https://docs.google.com/spreadsheets/d/1ACnJyxD1hx-mbOcZXoJ5BjXDOwUF1TYmfgkqtJgFRXk/edit#gid=0
season_002,Liga 2,,Psiana,psiana,espeon,PokeBazi,pokebazi,Psychic Bazis,psychicbazis,sheet_extracted,https://docs.google.com/spreadsheets/d/1odsNRAZStW1GzmpXwmg27dqjOlch7w8syZOZ5Z2OQRg/edit#gid=0;https://docs.google.com/spreadsheets/d/1ACnJyxD1hx-mbOcZXoJ5BjXDOwUF1TYmfgkqtJgFRXk/edit#gid=0
season_002,Liga 2,,Skaraborn,skaraborn,heracross,PokeBazi,pokebazi,Psychic Bazis,psychicbazis,sheet_extracted,https://docs.google.com/spreadsheets/d/1odsNRAZStW1GzmpXwmg27dqjOlch7w8syZOZ5Z2OQRg/edit#gid=0;https://docs.google.com/spreadsheets/d/1ACnJyxD1hx-mbOcZXoJ5BjXDOwUF1TYmfgkqtJgFRXk/edit#gid=0
season_002,Liga 2,,Viscogon,viscogon,goodra,PokeBazi,pokebazi,Psychic Bazis,psychicbazis,sheet_extracted,https://docs.google.com/spreadsheets/d/1odsNRAZStW1GzmpXwmg27dqjOlch7w8syZOZ5Z2OQRg/edit#gid=0;https://docs.google.com/spreadsheets/d/1ACnJyxD1hx-mbOcZXoJ5BjXDOwUF1TYmfgkqtJgFRXk/edit#gid=0
season_002,Liga 2,,Absol,absol,absol,PokeBree,pokebree,Absocore,absocore,sheet_extracted,https://docs.google.com/spreadsheets/d/1odsNRAZStW1GzmpXwmg27dqjOlch7w8syZOZ5Z2OQRg/edit#gid=0;https://docs.google.com/spreadsheets/d/1ACnJyxD1hx-mbOcZXoJ5BjXDOwUF1TYmfgkqtJgFRXk/edit#gid=0
season_002,Liga 2,,Arktilas,arktilas,avalugg,PokeBree,pokebree,Absocore,absocore,sheet_extracted,https://docs.google.com/spreadsheets/d/1odsNRAZStW1GzmpXwmg27dqjOlch7w8syZOZ5Z2OQRg/edit#gid=0;https://docs.google.com/spreadsheets/d/1ACnJyxD1hx-mbOcZXoJ5BjXDOwUF1TYmfgkqtJgFRXk/edit#gid=0
season_002,Liga 2,,Gastrodon,gastrodon,gastrodon,PokeBree,pokebree,Absocore,absocore,sheet_extracted,https://docs.google.com/spreadsheets/d/1odsNRAZStW1GzmpXwmg27dqjOlch7w8syZOZ5Z2OQRg/edit#gid=0;https://docs.google.com/spreadsheets/d/1ACnJyxD1hx-mbOcZXoJ5BjXDOwUF1TYmfgkqtJgFRXk/edit#gid=0
season_002,Liga 2,,Meditalis,meditalis,medicham,PokeBree,pokebree,Absocore,absocore,sheet_extracted,https://docs.google.com/spreadsheets/d/1odsNRAZStW1GzmpXwmg27dqjOlch7w8syZOZ5Z2OQRg/edit#gid=0;https://docs.google.com/spreadsheets/d/1ACnJyxD1hx-mbOcZXoJ5BjXDOwUF1TYmfgkqtJgFRXk/edit#gid=0
season_002,Liga 2,,Mega-Altaria,megaaltaria,altariamega,PokeBree,pokebree,Absocore,absocore,sheet_extracted,https://docs.google.com/spreadsheets/d/1odsNRAZStW1GzmpXwmg27dqjOlch7w8syZOZ5Z2OQRg/edit#gid=0;https://docs.google.com/spreadsheets/d/1ACnJyxD1hx-mbOcZXoJ5BjXDOwUF1TYmfgkqtJgFRXk/edit#gid=0
season_002,Liga 2,,Nidoking,nidoking,nidoking,PokeBree,pokebree,Absocore,absocore,sheet_extracted,https://docs.google.com/spreadsheets/d/1odsNRAZStW1GzmpXwmg27dqjOlch7w8syZOZ5Z2OQRg/edit#gid=0;https://docs.google.com/spreadsheets/d/1ACnJyxD1hx-mbOcZXoJ5BjXDOwUF1TYmfgkqtJgFRXk/edit#gid=0
season_002,Liga 2,,Porygon2,porygon2,porygon2,PokeBree,pokebree,Absocore,absocore,sheet_extracted,https://docs.google.com/spreadsheets/d/1odsNRAZStW1GzmpXwmg27dqjOlch7w8syZOZ5Z2OQRg/edit#gid=0;https://docs.google.com/spreadsheets/d/1ACnJyxD1hx-mbOcZXoJ5BjXDOwUF1TYmfgkqtJgFRXk/edit#gid=0
season_002,Liga 2,,Rotom-H,rotomh,rotomheat,PokeBree,pokebree,Absocore,absocore,sheet_extracted,https://docs.google.com/spreadsheets/d/1odsNRAZStW1GzmpXwmg27dqjOlch7w8syZOZ5Z2OQRg/edit#gid=0;https://docs.google.com/spreadsheets/d/1ACnJyxD1hx-mbOcZXoJ5BjXDOwUF1TYmfgkqtJgFRXk/edit#gid=0
season_002,Liga 2,,Scherox,scherox,scizor,PokeBree,pokebree,Absocore,absocore,sheet_extracted,https://docs.google.com/spreadsheets/d/1odsNRAZStW1GzmpXwmg27dqjOlch7w8syZOZ5Z2OQRg/edit#gid=0;https://docs.google.com/spreadsheets/d/1ACnJyxD1hx-mbOcZXoJ5BjXDOwUF1TYmfgkqtJgFRXk/edit#gid=0
season_002,Liga 2,,Skorgro,skorgro,gliscor,PokeBree,pokebree,Absocore,absocore,sheet_extracted,https://docs.google.com/spreadsheets/d/1odsNRAZStW1GzmpXwmg27dqjOlch7w8syZOZ5Z2OQRg/edit#gid=0;https://docs.google.com/spreadsheets/d/1ACnJyxD1hx-mbOcZXoJ5BjXDOwUF1TYmfgkqtJgFRXk/edit#gid=0
season_002,Liga 2,,Starmie,starmie,starmie,PokeBree,pokebree,Absocore,absocore,sheet_extracted,https://docs.google.com/spreadsheets/d/1odsNRAZStW1GzmpXwmg27dqjOlch7w8syZOZ5Z2OQRg/edit#gid=0;https://docs.google.com/spreadsheets/d/1ACnJyxD1hx-mbOcZXoJ5BjXDOwUF1TYmfgkqtJgFRXk/edit#gid=0
season_002,Liga 2,,Tentoxa,tentoxa,tentacruel,PokeBree,pokebree,Absocore,absocore,sheet_extracted,https://docs.google.com/spreadsheets/d/1odsNRAZStW1GzmpXwmg27dqjOlch7w8syZOZ5Z2OQRg/edit#gid=0;https://docs.google.com/spreadsheets/d/1ACnJyxD1hx-mbOcZXoJ5BjXDOwUF1TYmfgkqtJgFRXk/edit#gid=0
season_002,Liga 2,,Viscogon,viscogon,goodra,PokeBree,pokebree,Absocore,absocore,sheet_extracted,https://docs.google.com/spreadsheets/d/1odsNRAZStW1GzmpXwmg27dqjOlch7w8syZOZ5Z2OQRg/edit#gid=0;https://docs.google.com/spreadsheets/d/1ACnJyxD1hx-mbOcZXoJ5BjXDOwUF1TYmfgkqtJgFRXk/edit#gid=0
season_002,Regular Season,,Arkani,arkani,arcanine,PresentLP,present,Prekani,prekani,sheet_extracted,https://docs.google.com/spreadsheets/d/1FUsClf5qEny-BHY5Djp8rIwRJKBSJDvygJ8LBa62FEo/edit#gid=0;https://docs.google.com/spreadsheets/d/1vJ-pioe3RZKSZ3LIGEA3FVTv_KEE_XKIQAXSIUNNd-Q/edit#gid=0;https://docs.google.com/spreadsheets/d/1JZpA-5XDldN2bjfvhvBPHYK-1AENETLnF1UxNEpWlNA/edit#gid=352888197
season_002,Regular Season,,Blitza,blitza,jolteon,PresentLP,present,Prekani,prekani,sheet_extracted,https://docs.google.com/spreadsheets/d/1FUsClf5qEny-BHY5Djp8rIwRJKBSJDvygJ8LBa62FEo/edit#gid=0;https://docs.google.com/spreadsheets/d/1vJ-pioe3RZKSZ3LIGEA3FVTv_KEE_XKIQAXSIUNNd-Q/edit#gid=0;https://docs.google.com/spreadsheets/d/1JZpA-5XDldN2bjfvhvBPHYK-1AENETLnF1UxNEpWlNA/edit#gid=352888197
season_002,Regular Season,,Elfun,elfun,whimsicott,PresentLP,present,Prekani,prekani,old_project_team_note,https://docs.google.com/spreadsheets/d/1JZpA-5XDldN2bjfvhvBPHYK-1AENETLnF1UxNEpWlNA/edit#gid=352888197;https://docs.google.com/spreadsheets/d/1vJ-pioe3RZKSZ3LIGEA3FVTv_KEE_XKIQAXSIUNNd-Q/edit#gid=0
season_002,Regular Season,,Florges,florges,florges,PresentLP,present,Prekani,prekani,sheet_extracted,https://docs.google.com/spreadsheets/d/1FUsClf5qEny-BHY5Djp8rIwRJKBSJDvygJ8LBa62FEo/edit#gid=0;https://docs.google.com/spreadsheets/d/1vJ-pioe3RZKSZ3LIGEA3FVTv_KEE_XKIQAXSIUNNd-Q/edit#gid=0;https://docs.google.com/spreadsheets/d/1JZpA-5XDldN2bjfvhvBPHYK-1AENETLnF1UxNEpWlNA/edit#gid=352888197
season_002,Regular Season,,Forstellka,forstellka,forretress,PresentLP,present,Prekani,prekani,sheet_extracted,https://docs.google.com/spreadsheets/d/1FUsClf5qEny-BHY5Djp8rIwRJKBSJDvygJ8LBa62FEo/edit#gid=0;https://docs.google.com/spreadsheets/d/1vJ-pioe3RZKSZ3LIGEA3FVTv_KEE_XKIQAXSIUNNd-Q/edit#gid=0;https://docs.google.com/spreadsheets/d/1JZpA-5XDldN2bjfvhvBPHYK-1AENETLnF1UxNEpWlNA/edit#gid=352888197
season_002,Regular Season,,Heatran,heatran,heatran,PresentLP,present,Prekani,prekani,sheet_extracted,https://docs.google.com/spreadsheets/d/1FUsClf5qEny-BHY5Djp8rIwRJKBSJDvygJ8LBa62FEo/edit#gid=0;https://docs.google.com/spreadsheets/d/1vJ-pioe3RZKSZ3LIGEA3FVTv_KEE_XKIQAXSIUNNd-Q/edit#gid=0;https://docs.google.com/spreadsheets/d/1JZpA-5XDldN2bjfvhvBPHYK-1AENETLnF1UxNEpWlNA/edit#gid=352888197
season_002,Regular Season,,Hutsassa,hutsassa,amoonguss,PresentLP,present,Prekani,prekani,sheet_extracted,https://docs.google.com/spreadsheets/d/1FUsClf5qEny-BHY5Djp8rIwRJKBSJDvygJ8LBa62FEo/edit#gid=0;https://docs.google.com/spreadsheets/d/1vJ-pioe3RZKSZ3LIGEA3FVTv_KEE_XKIQAXSIUNNd-Q/edit#gid=0;https://docs.google.com/spreadsheets/d/1JZpA-5XDldN2bjfvhvBPHYK-1AENETLnF1UxNEpWlNA/edit#gid=352888197
season_002,Regular Season,,Latios,latios,latios,PresentLP,present,Prekani,prekani,old_project_team_note,https://docs.google.com/spreadsheets/d/1JZpA-5XDldN2bjfvhvBPHYK-1AENETLnF1UxNEpWlNA/edit#gid=352888197;https://docs.google.com/spreadsheets/d/1vJ-pioe3RZKSZ3LIGEA3FVTv_KEE_XKIQAXSIUNNd-Q/edit#gid=0
season_002,Regular Season,,Libelldra,libelldra,flygon,PresentLP,present,Prekani,prekani,sheet_extracted,https://docs.google.com/spreadsheets/d/1FUsClf5qEny-BHY5Djp8rIwRJKBSJDvygJ8LBa62FEo/edit#gid=0;https://docs.google.com/spreadsheets/d/1vJ-pioe3RZKSZ3LIGEA3FVTv_KEE_XKIQAXSIUNNd-Q/edit#gid=0;https://docs.google.com/spreadsheets/d/1JZpA-5XDldN2bjfvhvBPHYK-1AENETLnF1UxNEpWlNA/edit#gid=352888197
season_002,Regular Season,,Mega-Pinsir,megapinsir,pinsirmega,PresentLP,present,Prekani,prekani,sheet_extracted,https://docs.google.com/spreadsheets/d/1FUsClf5qEny-BHY5Djp8rIwRJKBSJDvygJ8LBa62FEo/edit#gid=0;https://docs.google.com/spreadsheets/d/1vJ-pioe3RZKSZ3LIGEA3FVTv_KEE_XKIQAXSIUNNd-Q/edit#gid=0;https://docs.google.com/spreadsheets/d/1JZpA-5XDldN2bjfvhvBPHYK-1AENETLnF1UxNEpWlNA/edit#gid=352888197
season_002,Regular Season,,Rotom-W,rotomw,rotomwash,PresentLP,present,Prekani,prekani,sheet_extracted,https://docs.google.com/spreadsheets/d/1FUsClf5qEny-BHY5Djp8rIwRJKBSJDvygJ8LBa62FEo/edit#gid=0;https://docs.google.com/spreadsheets/d/1vJ-pioe3RZKSZ3LIGEA3FVTv_KEE_XKIQAXSIUNNd-Q/edit#gid=0;https://docs.google.com/spreadsheets/d/1JZpA-5XDldN2bjfvhvBPHYK-1AENETLnF1UxNEpWlNA/edit#gid=352888197
season_002,Regular Season,,Stalobor,stalobor,excadrill,PresentLP,present,Prekani,prekani,old_project_team_note,https://docs.google.com/spreadsheets/d/1JZpA-5XDldN2bjfvhvBPHYK-1AENETLnF1UxNEpWlNA/edit#gid=352888197;https://docs.google.com/spreadsheets/d/1vJ-pioe3RZKSZ3LIGEA3FVTv_KEE_XKIQAXSIUNNd-Q/edit#gid=0
season_002,Regular Season,,Starmie,starmie,starmie,PresentLP,present,Prekani,prekani,sheet_extracted,https://docs.google.com/spreadsheets/d/1FUsClf5qEny-BHY5Djp8rIwRJKBSJDvygJ8LBa62FEo/edit#gid=0;https://docs.google.com/spreadsheets/d/1vJ-pioe3RZKSZ3LIGEA3FVTv_KEE_XKIQAXSIUNNd-Q/edit#gid=0;https://docs.google.com/spreadsheets/d/1JZpA-5XDldN2bjfvhvBPHYK-1AENETLnF1UxNEpWlNA/edit#gid=352888197
season_002,Regular Season,,Tobutz,tobutz,azelf,PresentLP,present,Prekani,prekani,old_project_team_note,https://docs.google.com/spreadsheets/d/1JZpA-5XDldN2bjfvhvBPHYK-1AENETLnF1UxNEpWlNA/edit#gid=352888197;https://docs.google.com/spreadsheets/d/1vJ-pioe3RZKSZ3LIGEA3FVTv_KEE_XKIQAXSIUNNd-Q/edit#gid=0
season_002,Regular Season,,Wie-Shu,wieshu,mienshao,PresentLP,present,Prekani,prekani,old_project_team_note,https://docs.google.com/spreadsheets/d/1JZpA-5XDldN2bjfvhvBPHYK-1AENETLnF1UxNEpWlNA/edit#gid=352888197;https://docs.google.com/spreadsheets/d/1vJ-pioe3RZKSZ3LIGEA3FVTv_KEE_XKIQAXSIUNNd-Q/edit#gid=0
season_002,Liga 2,,Azumarill,azumarill,azumarill,Raikani,raikani,Bulettenbande,bulettenbande,sheet_extracted,https://docs.google.com/spreadsheets/d/1odsNRAZStW1GzmpXwmg27dqjOlch7w8syZOZ5Z2OQRg/edit#gid=0;https://docs.google.com/spreadsheets/d/1ACnJyxD1hx-mbOcZXoJ5BjXDOwUF1TYmfgkqtJgFRXk/edit#gid=0
season_002,Liga 2,,Flampivian-Normal,flampiviannormal,darmanitan,Raikani,raikani,Bulettenbande,bulettenbande,sheet_extracted,https://docs.google.com/spreadsheets/d/1odsNRAZStW1GzmpXwmg27dqjOlch7w8syZOZ5Z2OQRg/edit#gid=0;https://docs.google.com/spreadsheets/d/1ACnJyxD1hx-mbOcZXoJ5BjXDOwUF1TYmfgkqtJgFRXk/edit#gid=0
season_002,Liga 2,,Forstellka,forstellka,forretress,Raikani,raikani,Bulettenbande,bulettenbande,sheet_extracted,https://docs.google.com/spreadsheets/d/1odsNRAZStW1GzmpXwmg27dqjOlch7w8syZOZ5Z2OQRg/edit#gid=0;https://docs.google.com/spreadsheets/d/1ACnJyxD1hx-mbOcZXoJ5BjXDOwUF1TYmfgkqtJgFRXk/edit#gid=0
season_002,Liga 2,,Hutsassa,hutsassa,amoonguss,Raikani,raikani,Bulettenbande,bulettenbande,sheet_extracted,https://docs.google.com/spreadsheets/d/1odsNRAZStW1GzmpXwmg27dqjOlch7w8syZOZ5Z2OQRg/edit#gid=0;https://docs.google.com/spreadsheets/d/1ACnJyxD1hx-mbOcZXoJ5BjXDOwUF1TYmfgkqtJgFRXk/edit#gid=0
season_002,Liga 2,,Mamutel,mamutel,mamoswine,Raikani,raikani,Bulettenbande,bulettenbande,sheet_extracted,https://docs.google.com/spreadsheets/d/1odsNRAZStW1GzmpXwmg27dqjOlch7w8syZOZ5Z2OQRg/edit#gid=0;https://docs.google.com/spreadsheets/d/1ACnJyxD1hx-mbOcZXoJ5BjXDOwUF1TYmfgkqtJgFRXk/edit#gid=0
season_002,Liga 2,,Mega-Gewaldro,megagewaldro,sceptilemega,Raikani,raikani,Bulettenbande,bulettenbande,sheet_extracted,https://docs.google.com/spreadsheets/d/1odsNRAZStW1GzmpXwmg27dqjOlch7w8syZOZ5Z2OQRg/edit#gid=0;https://docs.google.com/spreadsheets/d/1ACnJyxD1hx-mbOcZXoJ5BjXDOwUF1TYmfgkqtJgFRXk/edit#gid=0
season_002,Liga 2,,Mega-Latias,megalatias,latiasmega,Raikani,raikani,Bulettenbande,bulettenbande,sheet_extracted,https://docs.google.com/spreadsheets/d/1odsNRAZStW1GzmpXwmg27dqjOlch7w8syZOZ5Z2OQRg/edit#gid=0;https://docs.google.com/spreadsheets/d/1ACnJyxD1hx-mbOcZXoJ5BjXDOwUF1TYmfgkqtJgFRXk/edit#gid=0
season_002,Liga 2,,Mew,mew,mew,Raikani,raikani,Bulettenbande,bulettenbande,sheet_extracted,https://docs.google.com/spreadsheets/d/1odsNRAZStW1GzmpXwmg27dqjOlch7w8syZOZ5Z2OQRg/edit#gid=0;https://docs.google.com/spreadsheets/d/1ACnJyxD1hx-mbOcZXoJ5BjXDOwUF1TYmfgkqtJgFRXk/edit#gid=0
season_002,Liga 2,,Nachtara,nachtara,umbreon,Raikani,raikani,Bulettenbande,bulettenbande,sheet_extracted,https://docs.google.com/spreadsheets/d/1odsNRAZStW1GzmpXwmg27dqjOlch7w8syZOZ5Z2OQRg/edit#gid=0;https://docs.google.com/spreadsheets/d/1ACnJyxD1hx-mbOcZXoJ5BjXDOwUF1TYmfgkqtJgFRXk/edit#gid=0
season_002,Liga 2,,Nidoking,nidoking,nidoking,Raikani,raikani,Bulettenbande,bulettenbande,sheet_extracted,https://docs.google.com/spreadsheets/d/1odsNRAZStW1GzmpXwmg27dqjOlch7w8syZOZ5Z2OQRg/edit#gid=0;https://docs.google.com/spreadsheets/d/1ACnJyxD1hx-mbOcZXoJ5BjXDOwUF1TYmfgkqtJgFRXk/edit#gid=0
season_002,Liga 2,,Rotom-H,rotomh,rotomheat,Raikani,raikani,Bulettenbande,bulettenbande,sheet_extracted,https://docs.google.com/spreadsheets/d/1odsNRAZStW1GzmpXwmg27dqjOlch7w8syZOZ5Z2OQRg/edit#gid=0;https://docs.google.com/spreadsheets/d/1ACnJyxD1hx-mbOcZXoJ5BjXDOwUF1TYmfgkqtJgFRXk/edit#gid=0
season_002,Liga 2,,Suicune,suicune,suicune,Raikani,raikani,Bulettenbande,bulettenbande,sheet_extracted,https://docs.google.com/spreadsheets/d/1odsNRAZStW1GzmpXwmg27dqjOlch7w8syZOZ5Z2OQRg/edit#gid=0;https://docs.google.com/spreadsheets/d/1ACnJyxD1hx-mbOcZXoJ5BjXDOwUF1TYmfgkqtJgFRXk/edit#gid=0
season_002,Liga 2,,Terrakium,terrakium,terrakion,Raikani,raikani,Bulettenbande,bulettenbande,sheet_extracted,https://docs.google.com/spreadsheets/d/1odsNRAZStW1GzmpXwmg27dqjOlch7w8syZOZ5Z2OQRg/edit#gid=0;https://docs.google.com/spreadsheets/d/1ACnJyxD1hx-mbOcZXoJ5BjXDOwUF1TYmfgkqtJgFRXk/edit#gid=0
season_002,Liga 2,,UHaFnir,uhafnir,noivern,Raikani,raikani,Bulettenbande,bulettenbande,sheet_extracted,https://docs.google.com/spreadsheets/d/1odsNRAZStW1GzmpXwmg27dqjOlch7w8syZOZ5Z2OQRg/edit#gid=0;https://docs.google.com/spreadsheets/d/1ACnJyxD1hx-mbOcZXoJ5BjXDOwUF1TYmfgkqtJgFRXk/edit#gid=0
season_002,Regular Season,,Demeteros-T,demeterost,landorustherian,Raizor,raizor,Raizoroark,raizoroark,sheet_extracted,https://docs.google.com/spreadsheets/d/1FUsClf5qEny-BHY5Djp8rIwRJKBSJDvygJ8LBa62FEo/edit#gid=0;https://docs.google.com/spreadsheets/d/1vJ-pioe3RZKSZ3LIGEA3FVTv_KEE_XKIQAXSIUNNd-Q/edit#gid=0;https://docs.google.com/spreadsheets/d/1JZpA-5XDldN2bjfvhvBPHYK-1AENETLnF1UxNEpWlNA/edit#gid=352888197
season_002,Regular Season,,Heatran,heatran,heatran,Raizor,raizor,Raizoroark,raizoroark,sheet_extracted,https://docs.google.com/spreadsheets/d/1FUsClf5qEny-BHY5Djp8rIwRJKBSJDvygJ8LBa62FEo/edit#gid=0;https://docs.google.com/spreadsheets/d/1vJ-pioe3RZKSZ3LIGEA3FVTv_KEE_XKIQAXSIUNNd-Q/edit#gid=0;https://docs.google.com/spreadsheets/d/1JZpA-5XDldN2bjfvhvBPHYK-1AENETLnF1UxNEpWlNA/edit#gid=352888197
season_002,Regular Season,,Impoleon,impoleon,empoleon,Raizor,raizor,Raizoroark,raizoroark,old_project_team_note,https://docs.google.com/spreadsheets/d/1JZpA-5XDldN2bjfvhvBPHYK-1AENETLnF1UxNEpWlNA/edit#gid=352888197;https://docs.google.com/spreadsheets/d/1vJ-pioe3RZKSZ3LIGEA3FVTv_KEE_XKIQAXSIUNNd-Q/edit#gid=0
season_002,Regular Season,,Lucario,lucario,lucario,Raizor,raizor,Raizoroark,raizoroark,sheet_extracted,https://docs.google.com/spreadsheets/d/1FUsClf5qEny-BHY5Djp8rIwRJKBSJDvygJ8LBa62FEo/edit#gid=0;https://docs.google.com/spreadsheets/d/1vJ-pioe3RZKSZ3LIGEA3FVTv_KEE_XKIQAXSIUNNd-Q/edit#gid=0;https://docs.google.com/spreadsheets/d/1JZpA-5XDldN2bjfvhvBPHYK-1AENETLnF1UxNEpWlNA/edit#gid=352888197
season_002,Regular Season,,Mega-Bisaflor,megabisaflor,venusaurmega,Raizor,raizor,Raizoroark,raizoroark,sheet_extracted,https://docs.google.com/spreadsheets/d/1FUsClf5qEny-BHY5Djp8rIwRJKBSJDvygJ8LBa62FEo/edit#gid=0;https://docs.google.com/spreadsheets/d/1vJ-pioe3RZKSZ3LIGEA3FVTv_KEE_XKIQAXSIUNNd-Q/edit#gid=0;https://docs.google.com/spreadsheets/d/1JZpA-5XDldN2bjfvhvBPHYK-1AENETLnF1UxNEpWlNA/edit#gid=352888197
season_002,Regular Season,,Mega-Diancie,megadiancie,dianciemega,Raizor,raizor,Raizoroark,raizoroark,old_project_team_note,https://docs.google.com/spreadsheets/d/1JZpA-5XDldN2bjfvhvBPHYK-1AENETLnF1UxNEpWlNA/edit#gid=352888197;https://docs.google.com/spreadsheets/d/1vJ-pioe3RZKSZ3LIGEA3FVTv_KEE_XKIQAXSIUNNd-Q/edit#gid=0
season_002,Regular Season,,Nachtara,nachtara,umbreon,Raizor,raizor,Raizoroark,raizoroark,old_project_team_note,https://docs.google.com/spreadsheets/d/1JZpA-5XDldN2bjfvhvBPHYK-1AENETLnF1UxNEpWlNA/edit#gid=352888197;https://docs.google.com/spreadsheets/d/1vJ-pioe3RZKSZ3LIGEA3FVTv_KEE_XKIQAXSIUNNd-Q/edit#gid=0
season_002,Regular Season,,Shaymin,shaymin,shaymin,Raizor,raizor,Raizoroark,raizoroark,sheet_extracted,https://docs.google.com/spreadsheets/d/1FUsClf5qEny-BHY5Djp8rIwRJKBSJDvygJ8LBa62FEo/edit#gid=0;https://docs.google.com/spreadsheets/d/1vJ-pioe3RZKSZ3LIGEA3FVTv_KEE_XKIQAXSIUNNd-Q/edit#gid=0;https://docs.google.com/spreadsheets/d/1JZpA-5XDldN2bjfvhvBPHYK-1AENETLnF1UxNEpWlNA/edit#gid=352888197
season_002,Regular Season,,Skaraborn,skaraborn,heracross,Raizor,raizor,Raizoroark,raizoroark,old_project_team_note,https://docs.google.com/spreadsheets/d/1JZpA-5XDldN2bjfvhvBPHYK-1AENETLnF1UxNEpWlNA/edit#gid=352888197;https://docs.google.com/spreadsheets/d/1vJ-pioe3RZKSZ3LIGEA3FVTv_KEE_XKIQAXSIUNNd-Q/edit#gid=0
season_002,Regular Season,,Suicune,suicune,suicune,Raizor,raizor,Raizoroark,raizoroark,sheet_extracted,https://docs.google.com/spreadsheets/d/1FUsClf5qEny-BHY5Djp8rIwRJKBSJDvygJ8LBa62FEo/edit#gid=0;https://docs.google.com/spreadsheets/d/1vJ-pioe3RZKSZ3LIGEA3FVTv_KEE_XKIQAXSIUNNd-Q/edit#gid=0;https://docs.google.com/spreadsheets/d/1JZpA-5XDldN2bjfvhvBPHYK-1AENETLnF1UxNEpWlNA/edit#gid=352888197
season_002,Regular Season,,Sumpex,sumpex,swampert,Raizor,raizor,Raizoroark,raizoroark,sheet_extracted,https://docs.google.com/spreadsheets/d/1FUsClf5qEny-BHY5Djp8rIwRJKBSJDvygJ8LBa62FEo/edit#gid=0;https://docs.google.com/spreadsheets/d/1vJ-pioe3RZKSZ3LIGEA3FVTv_KEE_XKIQAXSIUNNd-Q/edit#gid=0;https://docs.google.com/spreadsheets/d/1JZpA-5XDldN2bjfvhvBPHYK-1AENETLnF1UxNEpWlNA/edit#gid=352888197
season_002,Regular Season,,Tentoxa,tentoxa,tentacruel,Raizor,raizor,Raizoroark,raizoroark,sheet_extracted,https://docs.google.com/spreadsheets/d/1FUsClf5qEny-BHY5Djp8rIwRJKBSJDvygJ8LBa62FEo/edit#gid=0;https://docs.google.com/spreadsheets/d/1vJ-pioe3RZKSZ3LIGEA3FVTv_KEE_XKIQAXSIUNNd-Q/edit#gid=0;https://docs.google.com/spreadsheets/d/1JZpA-5XDldN2bjfvhvBPHYK-1AENETLnF1UxNEpWlNA/edit#gid=352888197
season_002,Regular Season,,Trikephalo,trikephalo,hydreigon,Raizor,raizor,Raizoroark,raizoroark,sheet_extracted,https://docs.google.com/spreadsheets/d/1FUsClf5qEny-BHY5Djp8rIwRJKBSJDvygJ8LBa62FEo/edit#gid=0;https://docs.google.com/spreadsheets/d/1vJ-pioe3RZKSZ3LIGEA3FVTv_KEE_XKIQAXSIUNNd-Q/edit#gid=0;https://docs.google.com/spreadsheets/d/1JZpA-5XDldN2bjfvhvBPHYK-1AENETLnF1UxNEpWlNA/edit#gid=352888197
season_002,Regular Season,,Yanmega,yanmega,yanmega,Raizor,raizor,Raizoroark,raizoroark,old_project_team_note,https://docs.google.com/spreadsheets/d/1JZpA-5XDldN2bjfvhvBPHYK-1AENETLnF1UxNEpWlNA/edit#gid=352888197;https://docs.google.com/spreadsheets/d/1vJ-pioe3RZKSZ3LIGEA3FVTv_KEE_XKIQAXSIUNNd-Q/edit#gid=0
season_002,Regular Season,,Zapdos,zapdos,zapdos,Raizor,raizor,Raizoroark,raizoroark,sheet_extracted,https://docs.google.com/spreadsheets/d/1FUsClf5qEny-BHY5Djp8rIwRJKBSJDvygJ8LBa62FEo/edit#gid=0;https://docs.google.com/spreadsheets/d/1vJ-pioe3RZKSZ3LIGEA3FVTv_KEE_XKIQAXSIUNNd-Q/edit#gid=0
season_002,Regular Season,,Zoroark,zoroark,zoroark,Raizor,raizor,Raizoroark,raizoroark,old_project_team_note,https://docs.google.com/spreadsheets/d/1JZpA-5XDldN2bjfvhvBPHYK-1AENETLnF1UxNEpWlNA/edit#gid=352888197;https://docs.google.com/spreadsheets/d/1vJ-pioe3RZKSZ3LIGEA3FVTv_KEE_XKIQAXSIUNNd-Q/edit#gid=0
season_002,Regular Season,,Aquana,aquana,vaporeon,RegiBang,regibang,Lucha Libres,luchalibres,sheet_extracted,https://docs.google.com/spreadsheets/d/1FUsClf5qEny-BHY5Djp8rIwRJKBSJDvygJ8LBa62FEo/edit#gid=0;https://docs.google.com/spreadsheets/d/1vJ-pioe3RZKSZ3LIGEA3FVTv_KEE_XKIQAXSIUNNd-Q/edit#gid=0;https://docs.google.com/spreadsheets/d/1JZpA-5XDldN2bjfvhvBPHYK-1AENETLnF1UxNEpWlNA/edit#gid=352888197
season_002,Regular Season,,Brigaron,brigaron,chesnaught,RegiBang,regibang,Lucha Libres,luchalibres,sheet_extracted,https://docs.google.com/spreadsheets/d/1FUsClf5qEny-BHY5Djp8rIwRJKBSJDvygJ8LBa62FEo/edit#gid=0;https://docs.google.com/spreadsheets/d/1vJ-pioe3RZKSZ3LIGEA3FVTv_KEE_XKIQAXSIUNNd-Q/edit#gid=0;https://docs.google.com/spreadsheets/d/1JZpA-5XDldN2bjfvhvBPHYK-1AENETLnF1UxNEpWlNA/edit#gid=352888197
season_002,Regular Season,,Brutalanda,brutalanda,salamence,RegiBang,regibang,Lucha Libres,luchalibres,sheet_extracted,https://docs.google.com/spreadsheets/d/1FUsClf5qEny-BHY5Djp8rIwRJKBSJDvygJ8LBa62FEo/edit#gid=0;https://docs.google.com/spreadsheets/d/1vJ-pioe3RZKSZ3LIGEA3FVTv_KEE_XKIQAXSIUNNd-Q/edit#gid=0;https://docs.google.com/spreadsheets/d/1JZpA-5XDldN2bjfvhvBPHYK-1AENETLnF1UxNEpWlNA/edit#gid=352888197
season_002,Regular Season,,Demeteros-T,demeterost,landorustherian,RegiBang,regibang,Lucha Libres,luchalibres,sheet_extracted,https://docs.google.com/spreadsheets/d/1FUsClf5qEny-BHY5Djp8rIwRJKBSJDvygJ8LBa62FEo/edit#gid=0;https://docs.google.com/spreadsheets/d/1vJ-pioe3RZKSZ3LIGEA3FVTv_KEE_XKIQAXSIUNNd-Q/edit#gid=0;https://docs.google.com/spreadsheets/d/1JZpA-5XDldN2bjfvhvBPHYK-1AENETLnF1UxNEpWlNA/edit#gid=352888197
season_002,Regular Season,,Feelinara,feelinara,sylveon,RegiBang,regibang,Lucha Libres,luchalibres,old_project_team_note,https://docs.google.com/spreadsheets/d/1JZpA-5XDldN2bjfvhvBPHYK-1AENETLnF1UxNEpWlNA/edit#gid=352888197;https://docs.google.com/spreadsheets/d/1vJ-pioe3RZKSZ3LIGEA3FVTv_KEE_XKIQAXSIUNNd-Q/edit#gid=0
season_002,Regular Season,,Forstellka,forstellka,forretress,RegiBang,regibang,Lucha Libres,luchalibres,sheet_extracted,https://docs.google.com/spreadsheets/d/1FUsClf5qEny-BHY5Djp8rIwRJKBSJDvygJ8LBa62FEo/edit#gid=0;https://docs.google.com/spreadsheets/d/1vJ-pioe3RZKSZ3LIGEA3FVTv_KEE_XKIQAXSIUNNd-Q/edit#gid=0;https://docs.google.com/spreadsheets/d/1JZpA-5XDldN2bjfvhvBPHYK-1AENETLnF1UxNEpWlNA/edit#gid=352888197
season_002,Regular Season,,Gengar,gengar,gengar,RegiBang,regibang,Lucha Libres,luchalibres,sheet_extracted,https://docs.google.com/spreadsheets/d/1FUsClf5qEny-BHY5Djp8rIwRJKBSJDvygJ8LBa62FEo/edit#gid=0;https://docs.google.com/spreadsheets/d/1vJ-pioe3RZKSZ3LIGEA3FVTv_KEE_XKIQAXSIUNNd-Q/edit#gid=0;https://docs.google.com/spreadsheets/d/1JZpA-5XDldN2bjfvhvBPHYK-1AENETLnF1UxNEpWlNA/edit#gid=352888197
season_002,Regular Season,,Golbat,golbat,golbat,RegiBang,regibang,Lucha Libres,luchalibres,old_project_team_note,https://docs.google.com/spreadsheets/d/1JZpA-5XDldN2bjfvhvBPHYK-1AENETLnF1UxNEpWlNA/edit#gid=352888197;https://docs.google.com/spreadsheets/d/1vJ-pioe3RZKSZ3LIGEA3FVTv_KEE_XKIQAXSIUNNd-Q/edit#gid=0
season_002,Regular Season,,Magneton,magneton,magneton,RegiBang,regibang,Lucha Libres,luchalibres,sheet_extracted,https://docs.google.com/spreadsheets/d/1FUsClf5qEny-BHY5Djp8rIwRJKBSJDvygJ8LBa62FEo/edit#gid=0;https://docs.google.com/spreadsheets/d/1vJ-pioe3RZKSZ3LIGEA3FVTv_KEE_XKIQAXSIUNNd-Q/edit#gid=0;https://docs.google.com/spreadsheets/d/1JZpA-5XDldN2bjfvhvBPHYK-1AENETLnF1UxNEpWlNA/edit#gid=352888197
season_002,Regular Season,,Mega-Absol,megaabsol,absolmega,RegiBang,regibang,Lucha Libres,luchalibres,old_project_team_note,https://docs.google.com/spreadsheets/d/1JZpA-5XDldN2bjfvhvBPHYK-1AENETLnF1UxNEpWlNA/edit#gid=352888197;https://docs.google.com/spreadsheets/d/1vJ-pioe3RZKSZ3LIGEA3FVTv_KEE_XKIQAXSIUNNd-Q/edit#gid=0
season_002,Regular Season,,Mega-Diancie,megadiancie,dianciemega,RegiBang,regibang,Lucha Libres,luchalibres,sheet_extracted,https://docs.google.com/spreadsheets/d/1FUsClf5qEny-BHY5Djp8rIwRJKBSJDvygJ8LBa62FEo/edit#gid=0;https://docs.google.com/spreadsheets/d/1vJ-pioe3RZKSZ3LIGEA3FVTv_KEE_XKIQAXSIUNNd-Q/edit#gid=0;https://docs.google.com/spreadsheets/d/1JZpA-5XDldN2bjfvhvBPHYK-1AENETLnF1UxNEpWlNA/edit#gid=352888197
season_002,Regular Season,,Panferno,panferno,infernape,RegiBang,regibang,Lucha Libres,luchalibres,old_project_team_note,https://docs.google.com/spreadsheets/d/1JZpA-5XDldN2bjfvhvBPHYK-1AENETLnF1UxNEpWlNA/edit#gid=352888197;https://docs.google.com/spreadsheets/d/1vJ-pioe3RZKSZ3LIGEA3FVTv_KEE_XKIQAXSIUNNd-Q/edit#gid=0
season_002,Regular Season,,Resladero,resladero,hawlucha,RegiBang,regibang,Lucha Libres,luchalibres,sheet_extracted,https://docs.google.com/spreadsheets/d/1FUsClf5qEny-BHY5Djp8rIwRJKBSJDvygJ8LBa62FEo/edit#gid=0;https://docs.google.com/spreadsheets/d/1vJ-pioe3RZKSZ3LIGEA3FVTv_KEE_XKIQAXSIUNNd-Q/edit#gid=0;https://docs.google.com/spreadsheets/d/1JZpA-5XDldN2bjfvhvBPHYK-1AENETLnF1UxNEpWlNA/edit#gid=352888197
season_002,Regular Season,,Roserade,roserade,roserade,RegiBang,regibang,Lucha Libres,luchalibres,old_project_team_note,https://docs.google.com/spreadsheets/d/1JZpA-5XDldN2bjfvhvBPHYK-1AENETLnF1UxNEpWlNA/edit#gid=352888197;https://docs.google.com/spreadsheets/d/1vJ-pioe3RZKSZ3LIGEA3FVTv_KEE_XKIQAXSIUNNd-Q/edit#gid=0
season_002,Regular Season,,Schlurplek,schlurplek,lickilicky,RegiBang,regibang,Lucha Libres,luchalibres,old_project_team_note,https://docs.google.com/spreadsheets/d/1JZpA-5XDldN2bjfvhvBPHYK-1AENETLnF1UxNEpWlNA/edit#gid=352888197;https://docs.google.com/spreadsheets/d/1vJ-pioe3RZKSZ3LIGEA3FVTv_KEE_XKIQAXSIUNNd-Q/edit#gid=0
season_002,Regular Season,,Blitza,blitza,jolteon,Scherany,scherany,Fabulous Gayloppaz,fabulousgayloppaz,sheet_extracted,https://docs.google.com/spreadsheets/d/1FUsClf5qEny-BHY5Djp8rIwRJKBSJDvygJ8LBa62FEo/edit#gid=0;https://docs.google.com/spreadsheets/d/1vJ-pioe3RZKSZ3LIGEA3FVTv_KEE_XKIQAXSIUNNd-Q/edit#gid=0;https://docs.google.com/spreadsheets/d/1JZpA-5XDldN2bjfvhvBPHYK-1AENETLnF1UxNEpWlNA/edit#gid=352888197
season_002,Regular Season,,Boreos-I,boreosi,tornadus,Scherany,scherany,Fabulous Gayloppaz,fabulousgayloppaz,sheet_extracted,https://docs.google.com/spreadsheets/d/1FUsClf5qEny-BHY5Djp8rIwRJKBSJDvygJ8LBa62FEo/edit#gid=0;https://docs.google.com/spreadsheets/d/1vJ-pioe3RZKSZ3LIGEA3FVTv_KEE_XKIQAXSIUNNd-Q/edit#gid=0;https://docs.google.com/spreadsheets/d/1JZpA-5XDldN2bjfvhvBPHYK-1AENETLnF1UxNEpWlNA/edit#gid=352888197
season_002,Regular Season,,Brigaron,brigaron,chesnaught,Scherany,scherany,Fabulous Gayloppaz,fabulousgayloppaz,old_project_team_note,https://docs.google.com/spreadsheets/d/1JZpA-5XDldN2bjfvhvBPHYK-1AENETLnF1UxNEpWlNA/edit#gid=352888197;https://docs.google.com/spreadsheets/d/1vJ-pioe3RZKSZ3LIGEA3FVTv_KEE_XKIQAXSIUNNd-Q/edit#gid=0
season_002,Regular Season,,Despotar,despotar,tyranitar,Scherany,scherany,Fabulous Gayloppaz,fabulousgayloppaz,sheet_extracted,https://docs.google.com/spreadsheets/d/1FUsClf5qEny-BHY5Djp8rIwRJKBSJDvygJ8LBa62FEo/edit#gid=0;https://docs.google.com/spreadsheets/d/1vJ-pioe3RZKSZ3LIGEA3FVTv_KEE_XKIQAXSIUNNd-Q/edit#gid=0;https://docs.google.com/spreadsheets/d/1JZpA-5XDldN2bjfvhvBPHYK-1AENETLnF1UxNEpWlNA/edit#gid=352888197
season_002,Regular Season,,Florges,florges,florges,Scherany,scherany,Fabulous Gayloppaz,fabulousgayloppaz,old_project_team_note,https://docs.google.com/spreadsheets/d/1JZpA-5XDldN2bjfvhvBPHYK-1AENETLnF1UxNEpWlNA/edit#gid=352888197;https://docs.google.com/spreadsheets/d/1vJ-pioe3RZKSZ3LIGEA3FVTv_KEE_XKIQAXSIUNNd-Q/edit#gid=0
season_002,Regular Season,,Gengar,gengar,gengar,Scherany,scherany,Fabulous Gayloppaz,fabulousgayloppaz,sheet_extracted,https://docs.google.com/spreadsheets/d/1FUsClf5qEny-BHY5Djp8rIwRJKBSJDvygJ8LBa62FEo/edit#gid=0;https://docs.google.com/spreadsheets/d/1vJ-pioe3RZKSZ3LIGEA3FVTv_KEE_XKIQAXSIUNNd-Q/edit#gid=0;https://docs.google.com/spreadsheets/d/1JZpA-5XDldN2bjfvhvBPHYK-1AENETLnF1UxNEpWlNA/edit#gid=352888197
season_002,Regular Season,,Hutsassa,hutsassa,amoonguss,Scherany,scherany,Fabulous Gayloppaz,fabulousgayloppaz,old_project_team_note,https://docs.google.com/spreadsheets/d/1JZpA-5XDldN2bjfvhvBPHYK-1AENETLnF1UxNEpWlNA/edit#gid=352888197;https://docs.google.com/spreadsheets/d/1vJ-pioe3RZKSZ3LIGEA3FVTv_KEE_XKIQAXSIUNNd-Q/edit#gid=0
season_002,Regular Season,,Impoleon,impoleon,empoleon,Scherany,scherany,Fabulous Gayloppaz,fabulousgayloppaz,sheet_extracted,https://docs.google.com/spreadsheets/d/1FUsClf5qEny-BHY5Djp8rIwRJKBSJDvygJ8LBa62FEo/edit#gid=0;https://docs.google.com/spreadsheets/d/1vJ-pioe3RZKSZ3LIGEA3FVTv_KEE_XKIQAXSIUNNd-Q/edit#gid=0;https://docs.google.com/spreadsheets/d/1JZpA-5XDldN2bjfvhvBPHYK-1AENETLnF1UxNEpWlNA/edit#gid=352888197
season_002,Regular Season,,Machomei,machomei,machamp,Scherany,scherany,Fabulous Gayloppaz,fabulousgayloppaz,sheet_extracted,https://docs.google.com/spreadsheets/d/1FUsClf5qEny-BHY5Djp8rIwRJKBSJDvygJ8LBa62FEo/edit#gid=0;https://docs.google.com/spreadsheets/d/1vJ-pioe3RZKSZ3LIGEA3FVTv_KEE_XKIQAXSIUNNd-Q/edit#gid=0;https://docs.google.com/spreadsheets/d/1JZpA-5XDldN2bjfvhvBPHYK-1AENETLnF1UxNEpWlNA/edit#gid=352888197
season_002,Regular Season,,Mega-Glurak X,megaglurakx,charizardmegax,Scherany,scherany,Fabulous Gayloppaz,fabulousgayloppaz,sheet_extracted,https://docs.google.com/spreadsheets/d/1FUsClf5qEny-BHY5Djp8rIwRJKBSJDvygJ8LBa62FEo/edit#gid=0;https://docs.google.com/spreadsheets/d/1vJ-pioe3RZKSZ3LIGEA3FVTv_KEE_XKIQAXSIUNNd-Q/edit#gid=0;https://docs.google.com/spreadsheets/d/1JZpA-5XDldN2bjfvhvBPHYK-1AENETLnF1UxNEpWlNA/edit#gid=352888197
season_002,Regular Season,,Panferno,panferno,infernape,Scherany,scherany,Fabulous Gayloppaz,fabulousgayloppaz,sheet_extracted,https://docs.google.com/spreadsheets/d/1FUsClf5qEny-BHY5Djp8rIwRJKBSJDvygJ8LBa62FEo/edit#gid=0;https://docs.google.com/spreadsheets/d/1vJ-pioe3RZKSZ3LIGEA3FVTv_KEE_XKIQAXSIUNNd-Q/edit#gid=0;https://docs.google.com/spreadsheets/d/1JZpA-5XDldN2bjfvhvBPHYK-1AENETLnF1UxNEpWlNA/edit#gid=352888197
season_002,Regular Season,,Panzaeron,panzaeron,skarmory,Scherany,scherany,Fabulous Gayloppaz,fabulousgayloppaz,old_project_team_note,https://docs.google.com/spreadsheets/d/1JZpA-5XDldN2bjfvhvBPHYK-1AENETLnF1UxNEpWlNA/edit#gid=352888197;https://docs.google.com/spreadsheets/d/1vJ-pioe3RZKSZ3LIGEA3FVTv_KEE_XKIQAXSIUNNd-Q/edit#gid=0
season_002,Regular Season,,Scherox,scherox,scizor,Scherany,scherany,Fabulous Gayloppaz,fabulousgayloppaz,old_project_team_note,https://docs.google.com/spreadsheets/d/1JZpA-5XDldN2bjfvhvBPHYK-1AENETLnF1UxNEpWlNA/edit#gid=352888197;https://docs.google.com/spreadsheets/d/1vJ-pioe3RZKSZ3LIGEA3FVTv_KEE_XKIQAXSIUNNd-Q/edit#gid=0
season_002,Regular Season,,Stalobor,stalobor,excadrill,Scherany,scherany,Fabulous Gayloppaz,fabulousgayloppaz,sheet_extracted,https://docs.google.com/spreadsheets/d/1FUsClf5qEny-BHY5Djp8rIwRJKBSJDvygJ8LBa62FEo/edit#gid=0;https://docs.google.com/spreadsheets/d/1vJ-pioe3RZKSZ3LIGEA3FVTv_KEE_XKIQAXSIUNNd-Q/edit#gid=0;https://docs.google.com/spreadsheets/d/1JZpA-5XDldN2bjfvhvBPHYK-1AENETLnF1UxNEpWlNA/edit#gid=352888197
season_002,Regular Season,,Aquana,aquana,vaporeon,Shiro,shiro,Rotom Kebab,rotomkebab,sheet_extracted,https://docs.google.com/spreadsheets/d/1FUsClf5qEny-BHY5Djp8rIwRJKBSJDvygJ8LBa62FEo/edit#gid=0;https://docs.google.com/spreadsheets/d/1vJ-pioe3RZKSZ3LIGEA3FVTv_KEE_XKIQAXSIUNNd-Q/edit#gid=0;https://docs.google.com/spreadsheets/d/1JZpA-5XDldN2bjfvhvBPHYK-1AENETLnF1UxNEpWlNA/edit#gid=352888197
season_002,Regular Season,,Azumarill,azumarill,azumarill,Shiro,shiro,Rotom Kebab,rotomkebab,sheet_extracted,https://docs.google.com/spreadsheets/d/1FUsClf5qEny-BHY5Djp8rIwRJKBSJDvygJ8LBa62FEo/edit#gid=0;https://docs.google.com/spreadsheets/d/1vJ-pioe3RZKSZ3LIGEA3FVTv_KEE_XKIQAXSIUNNd-Q/edit#gid=0;https://docs.google.com/spreadsheets/d/1JZpA-5XDldN2bjfvhvBPHYK-1AENETLnF1UxNEpWlNA/edit#gid=352888197
season_002,Regular Season,,Brutalanda,brutalanda,salamence,Shiro,shiro,Rotom Kebab,rotomkebab,old_project_team_note,https://docs.google.com/spreadsheets/d/1JZpA-5XDldN2bjfvhvBPHYK-1AENETLnF1UxNEpWlNA/edit#gid=352888197;https://docs.google.com/spreadsheets/d/1vJ-pioe3RZKSZ3LIGEA3FVTv_KEE_XKIQAXSIUNNd-Q/edit#gid=0
season_002,Regular Season,,Despotar,despotar,tyranitar,Shiro,shiro,Rotom Kebab,rotomkebab,sheet_extracted,https://docs.google.com/spreadsheets/d/1FUsClf5qEny-BHY5Djp8rIwRJKBSJDvygJ8LBa62FEo/edit#gid=0;https://docs.google.com/spreadsheets/d/1vJ-pioe3RZKSZ3LIGEA3FVTv_KEE_XKIQAXSIUNNd-Q/edit#gid=0;https://docs.google.com/spreadsheets/d/1JZpA-5XDldN2bjfvhvBPHYK-1AENETLnF1UxNEpWlNA/edit#gid=352888197
season_002,Regular Season,,Hutsassa,hutsassa,amoonguss,Shiro,shiro,Rotom Kebab,rotomkebab,sheet_extracted,https://docs.google.com/spreadsheets/d/1FUsClf5qEny-BHY5Djp8rIwRJKBSJDvygJ8LBa62FEo/edit#gid=0;https://docs.google.com/spreadsheets/d/1vJ-pioe3RZKSZ3LIGEA3FVTv_KEE_XKIQAXSIUNNd-Q/edit#gid=0;https://docs.google.com/spreadsheets/d/1JZpA-5XDldN2bjfvhvBPHYK-1AENETLnF1UxNEpWlNA/edit#gid=352888197
season_002,Regular Season,,Impoleon,impoleon,empoleon,Shiro,shiro,Rotom Kebab,rotomkebab,sheet_extracted,https://docs.google.com/spreadsheets/d/1FUsClf5qEny-BHY5Djp8rIwRJKBSJDvygJ8LBa62FEo/edit#gid=0;https://docs.google.com/spreadsheets/d/1vJ-pioe3RZKSZ3LIGEA3FVTv_KEE_XKIQAXSIUNNd-Q/edit#gid=0;https://docs.google.com/spreadsheets/d/1JZpA-5XDldN2bjfvhvBPHYK-1AENETLnF1UxNEpWlNA/edit#gid=352888197
season_002,Regular Season,,Mega-Metagross,megametagross,metagrossmega,Shiro,shiro,Rotom Kebab,rotomkebab,old_project_team_note,https://docs.google.com/spreadsheets/d/1JZpA-5XDldN2bjfvhvBPHYK-1AENETLnF1UxNEpWlNA/edit#gid=352888197;https://docs.google.com/spreadsheets/d/1vJ-pioe3RZKSZ3LIGEA3FVTv_KEE_XKIQAXSIUNNd-Q/edit#gid=0
season_002,Regular Season,,Mega-Stolloss,megastolloss,aggronmega,Shiro,shiro,Rotom Kebab,rotomkebab,sheet_extracted,https://docs.google.com/spreadsheets/d/1FUsClf5qEny-BHY5Djp8rIwRJKBSJDvygJ8LBa62FEo/edit#gid=0;https://docs.google.com/spreadsheets/d/1vJ-pioe3RZKSZ3LIGEA3FVTv_KEE_XKIQAXSIUNNd-Q/edit#gid=0;https://docs.google.com/spreadsheets/d/1JZpA-5XDldN2bjfvhvBPHYK-1AENETLnF1UxNEpWlNA/edit#gid=352888197
season_002,Regular Season,,Mew,mew,mew,Shiro,shiro,Rotom Kebab,rotomkebab,old_project_team_note,https://docs.google.com/spreadsheets/d/1JZpA-5XDldN2bjfvhvBPHYK-1AENETLnF1UxNEpWlNA/edit#gid=352888197;https://docs.google.com/spreadsheets/d/1vJ-pioe3RZKSZ3LIGEA3FVTv_KEE_XKIQAXSIUNNd-Q/edit#gid=0
season_002,Regular Season,,Nidoqueen,nidoqueen,nidoqueen,Shiro,shiro,Rotom Kebab,rotomkebab,sheet_extracted,https://docs.google.com/spreadsheets/d/1FUsClf5qEny-BHY5Djp8rIwRJKBSJDvygJ8LBa62FEo/edit#gid=0;https://docs.google.com/spreadsheets/d/1vJ-pioe3RZKSZ3LIGEA3FVTv_KEE_XKIQAXSIUNNd-Q/edit#gid=0;https://docs.google.com/spreadsheets/d/1JZpA-5XDldN2bjfvhvBPHYK-1AENETLnF1UxNEpWlNA/edit#gid=352888197
season_002,Regular Season,,Rotom-H,rotomh,rotomheat,Shiro,shiro,Rotom Kebab,rotomkebab,sheet_extracted,https://docs.google.com/spreadsheets/d/1FUsClf5qEny-BHY5Djp8rIwRJKBSJDvygJ8LBa62FEo/edit#gid=0;https://docs.google.com/spreadsheets/d/1vJ-pioe3RZKSZ3LIGEA3FVTv_KEE_XKIQAXSIUNNd-Q/edit#gid=0;https://docs.google.com/spreadsheets/d/1JZpA-5XDldN2bjfvhvBPHYK-1AENETLnF1UxNEpWlNA/edit#gid=352888197
season_002,Regular Season,,Skorgro,skorgro,gliscor,Shiro,shiro,Rotom Kebab,rotomkebab,sheet_extracted,https://docs.google.com/spreadsheets/d/1FUsClf5qEny-BHY5Djp8rIwRJKBSJDvygJ8LBa62FEo/edit#gid=0;https://docs.google.com/spreadsheets/d/1vJ-pioe3RZKSZ3LIGEA3FVTv_KEE_XKIQAXSIUNNd-Q/edit#gid=0;https://docs.google.com/spreadsheets/d/1JZpA-5XDldN2bjfvhvBPHYK-1AENETLnF1UxNEpWlNA/edit#gid=352888197
season_002,Regular Season,,Tentoxa,tentoxa,tentacruel,Shiro,shiro,Rotom Kebab,rotomkebab,old_project_team_note,https://docs.google.com/spreadsheets/d/1JZpA-5XDldN2bjfvhvBPHYK-1AENETLnF1UxNEpWlNA/edit#gid=352888197;https://docs.google.com/spreadsheets/d/1vJ-pioe3RZKSZ3LIGEA3FVTv_KEE_XKIQAXSIUNNd-Q/edit#gid=0
season_002,Regular Season,,Togekiss,togekiss,togekiss,Shiro,shiro,Rotom Kebab,rotomkebab,sheet_extracted,https://docs.google.com/spreadsheets/d/1FUsClf5qEny-BHY5Djp8rIwRJKBSJDvygJ8LBa62FEo/edit#gid=0;https://docs.google.com/spreadsheets/d/1vJ-pioe3RZKSZ3LIGEA3FVTv_KEE_XKIQAXSIUNNd-Q/edit#gid=0;https://docs.google.com/spreadsheets/d/1JZpA-5XDldN2bjfvhvBPHYK-1AENETLnF1UxNEpWlNA/edit#gid=352888197
season_002,Regular Season,,Wie-Shu,wieshu,mienshao,Shiro,shiro,Rotom Kebab,rotomkebab,sheet_extracted,https://docs.google.com/spreadsheets/d/1FUsClf5qEny-BHY5Djp8rIwRJKBSJDvygJ8LBa62FEo/edit#gid=0;https://docs.google.com/spreadsheets/d/1vJ-pioe3RZKSZ3LIGEA3FVTv_KEE_XKIQAXSIUNNd-Q/edit#gid=0;https://docs.google.com/spreadsheets/d/1JZpA-5XDldN2bjfvhvBPHYK-1AENETLnF1UxNEpWlNA/edit#gid=352888197
season_002,Liga 2,,Entei,entei,entei,Shizumania,shizumania,Buzzingmaniacs*³,buzzingmaniacs,sheet_extracted,https://docs.google.com/spreadsheets/d/1odsNRAZStW1GzmpXwmg27dqjOlch7w8syZOZ5Z2OQRg/edit#gid=0;https://docs.google.com/spreadsheets/d/1ACnJyxD1hx-mbOcZXoJ5BjXDOwUF1TYmfgkqtJgFRXk/edit#gid=0
season_002,Liga 2,,Heatran,heatran,heatran,Shizumania,shizumania,Buzzingmaniacs*³,buzzingmaniacs,sheet_extracted,https://docs.google.com/spreadsheets/d/1odsNRAZStW1GzmpXwmg27dqjOlch7w8syZOZ5Z2OQRg/edit#gid=0;https://docs.google.com/spreadsheets/d/1ACnJyxD1hx-mbOcZXoJ5BjXDOwUF1TYmfgkqtJgFRXk/edit#gid=0
season_002,Liga 2,,Latios,latios,latios,Shizumania,shizumania,Buzzingmaniacs*³,buzzingmaniacs,sheet_extracted,https://docs.google.com/spreadsheets/d/1odsNRAZStW1GzmpXwmg27dqjOlch7w8syZOZ5Z2OQRg/edit#gid=0;https://docs.google.com/spreadsheets/d/1ACnJyxD1hx-mbOcZXoJ5BjXDOwUF1TYmfgkqtJgFRXk/edit#gid=0
season_002,Liga 2,,Mamutel,mamutel,mamoswine,Shizumania,shizumania,Buzzingmaniacs*³,buzzingmaniacs,sheet_extracted,https://docs.google.com/spreadsheets/d/1odsNRAZStW1GzmpXwmg27dqjOlch7w8syZOZ5Z2OQRg/edit#gid=0;https://docs.google.com/spreadsheets/d/1ACnJyxD1hx-mbOcZXoJ5BjXDOwUF1TYmfgkqtJgFRXk/edit#gid=0
season_002,Liga 2,,Maxax,maxax,haxorus,Shizumania,shizumania,Buzzingmaniacs*³,buzzingmaniacs,sheet_extracted,https://docs.google.com/spreadsheets/d/1odsNRAZStW1GzmpXwmg27dqjOlch7w8syZOZ5Z2OQRg/edit#gid=0;https://docs.google.com/spreadsheets/d/1ACnJyxD1hx-mbOcZXoJ5BjXDOwUF1TYmfgkqtJgFRXk/edit#gid=0
season_002,Liga 2,,Mega-Schlapor,megaschlapor,lopunnymega,Shizumania,shizumania,Buzzingmaniacs*³,buzzingmaniacs,sheet_extracted,https://docs.google.com/spreadsheets/d/1odsNRAZStW1GzmpXwmg27dqjOlch7w8syZOZ5Z2OQRg/edit#gid=0;https://docs.google.com/spreadsheets/d/1ACnJyxD1hx-mbOcZXoJ5BjXDOwUF1TYmfgkqtJgFRXk/edit#gid=0
season_002,Liga 2,,Milotic,milotic,milotic,Shizumania,shizumania,Buzzingmaniacs*³,buzzingmaniacs,sheet_extracted,https://docs.google.com/spreadsheets/d/1odsNRAZStW1GzmpXwmg27dqjOlch7w8syZOZ5Z2OQRg/edit#gid=0;https://docs.google.com/spreadsheets/d/1ACnJyxD1hx-mbOcZXoJ5BjXDOwUF1TYmfgkqtJgFRXk/edit#gid=0
season_002,Liga 2,,Pixi,pixi,clefable,Shizumania,shizumania,Buzzingmaniacs*³,buzzingmaniacs,sheet_extracted,https://docs.google.com/spreadsheets/d/1odsNRAZStW1GzmpXwmg27dqjOlch7w8syZOZ5Z2OQRg/edit#gid=0;https://docs.google.com/spreadsheets/d/1ACnJyxD1hx-mbOcZXoJ5BjXDOwUF1TYmfgkqtJgFRXk/edit#gid=0
season_002,Liga 2,,Voltula,voltula,galvantula,Shizumania,shizumania,Buzzingmaniacs*³,buzzingmaniacs,sheet_extracted,https://docs.google.com/spreadsheets/d/1odsNRAZStW1GzmpXwmg27dqjOlch7w8syZOZ5Z2OQRg/edit#gid=0;https://docs.google.com/spreadsheets/d/1ACnJyxD1hx-mbOcZXoJ5BjXDOwUF1TYmfgkqtJgFRXk/edit#gid=0
season_002,Liga 2,,Yanmega,yanmega,yanmega,Shizumania,shizumania,Buzzingmaniacs*³,buzzingmaniacs,sheet_extracted,https://docs.google.com/spreadsheets/d/1odsNRAZStW1GzmpXwmg27dqjOlch7w8syZOZ5Z2OQRg/edit#gid=0;https://docs.google.com/spreadsheets/d/1ACnJyxD1hx-mbOcZXoJ5BjXDOwUF1TYmfgkqtJgFRXk/edit#gid=0
season_002,Liga 2,,Blitza,blitza,jolteon,SpeedEevee,speedeevee,,,sheet_extracted,https://docs.google.com/spreadsheets/d/1odsNRAZStW1GzmpXwmg27dqjOlch7w8syZOZ5Z2OQRg/edit#gid=0
season_002,Liga 2,,Guardevoir,guardevoir,gardevoir,SpeedEevee,speedeevee,,,sheet_extracted,https://docs.google.com/spreadsheets/d/1odsNRAZStW1GzmpXwmg27dqjOlch7w8syZOZ5Z2OQRg/edit#gid=0
season_002,Liga 2,,Kobalium,kobalium,cobalion,SpeedEevee,speedeevee,,,sheet_extracted,https://docs.google.com/spreadsheets/d/1odsNRAZStW1GzmpXwmg27dqjOlch7w8syZOZ5Z2OQRg/edit#gid=0
season_002,Liga 2,,Krebutack,krebutack,crawdaunt,SpeedEevee,speedeevee,,,sheet_extracted,https://docs.google.com/spreadsheets/d/1odsNRAZStW1GzmpXwmg27dqjOlch7w8syZOZ5Z2OQRg/edit#gid=0
season_002,Liga 2,,Mega-Glurak X,megaglurakx,charizardmegax,SpeedEevee,speedeevee,,,sheet_extracted,https://docs.google.com/spreadsheets/d/1odsNRAZStW1GzmpXwmg27dqjOlch7w8syZOZ5Z2OQRg/edit#gid=0
season_002,Liga 2,,Panzaeron,panzaeron,skarmory,SpeedEevee,speedeevee,,,sheet_extracted,https://docs.google.com/spreadsheets/d/1odsNRAZStW1GzmpXwmg27dqjOlch7w8syZOZ5Z2OQRg/edit#gid=0
season_002,Liga 2,,Skaraborn,skaraborn,heracross,SpeedEevee,speedeevee,,,sheet_extracted,https://docs.google.com/spreadsheets/d/1odsNRAZStW1GzmpXwmg27dqjOlch7w8syZOZ5Z2OQRg/edit#gid=0
season_002,Liga 2,,Suicune,suicune,suicune,SpeedEevee,speedeevee,,,sheet_extracted,https://docs.google.com/spreadsheets/d/1odsNRAZStW1GzmpXwmg27dqjOlch7w8syZOZ5Z2OQRg/edit#gid=0
season_002,Liga 2,,Sumpex,sumpex,swampert,SpeedEevee,speedeevee,,,sheet_extracted,https://docs.google.com/spreadsheets/d/1odsNRAZStW1GzmpXwmg27dqjOlch7w8syZOZ5Z2OQRg/edit#gid=0
season_002,Liga 2,,Togekiss,togekiss,togekiss,SpeedEevee,speedeevee,,,sheet_extracted,https://docs.google.com/spreadsheets/d/1odsNRAZStW1GzmpXwmg27dqjOlch7w8syZOZ5Z2OQRg/edit#gid=0
season_002,Liga 2,,Zoroark,zoroark,zoroark,SpeedEevee,speedeevee,,,sheet_extracted,https://docs.google.com/spreadsheets/d/1odsNRAZStW1GzmpXwmg27dqjOlch7w8syZOZ5Z2OQRg/edit#gid=0
season_002,Regular Season,,Entei,entei,entei,SteveParker,steveparker,ToxicBlast,toxicblast,sheet_extracted,https://docs.google.com/spreadsheets/d/1FUsClf5qEny-BHY5Djp8rIwRJKBSJDvygJ8LBa62FEo/edit#gid=0;https://docs.google.com/spreadsheets/d/1vJ-pioe3RZKSZ3LIGEA3FVTv_KEE_XKIQAXSIUNNd-Q/edit#gid=0;https://docs.google.com/spreadsheets/d/1JZpA-5XDldN2bjfvhvBPHYK-1AENETLnF1UxNEpWlNA/edit#gid=352888197
season_002,Regular Season,,Hutsassa,hutsassa,amoonguss,SteveParker,steveparker,ToxicBlast,toxicblast,sheet_extracted,https://docs.google.com/spreadsheets/d/1FUsClf5qEny-BHY5Djp8rIwRJKBSJDvygJ8LBa62FEo/edit#gid=0;https://docs.google.com/spreadsheets/d/1vJ-pioe3RZKSZ3LIGEA3FVTv_KEE_XKIQAXSIUNNd-Q/edit#gid=0;https://docs.google.com/spreadsheets/d/1JZpA-5XDldN2bjfvhvBPHYK-1AENETLnF1UxNEpWlNA/edit#gid=352888197
season_002,Regular Season,,Iksbat,iksbat,crobat,SteveParker,steveparker,ToxicBlast,toxicblast,sheet_extracted,https://docs.google.com/spreadsheets/d/1FUsClf5qEny-BHY5Djp8rIwRJKBSJDvygJ8LBa62FEo/edit#gid=0;https://docs.google.com/spreadsheets/d/1vJ-pioe3RZKSZ3LIGEA3FVTv_KEE_XKIQAXSIUNNd-Q/edit#gid=0;https://docs.google.com/spreadsheets/d/1JZpA-5XDldN2bjfvhvBPHYK-1AENETLnF1UxNEpWlNA/edit#gid=352888197
season_002,Regular Season,,Kobalium,kobalium,cobalion,SteveParker,steveparker,ToxicBlast,toxicblast,sheet_extracted,https://docs.google.com/spreadsheets/d/1FUsClf5qEny-BHY5Djp8rIwRJKBSJDvygJ8LBa62FEo/edit#gid=0;https://docs.google.com/spreadsheets/d/1vJ-pioe3RZKSZ3LIGEA3FVTv_KEE_XKIQAXSIUNNd-Q/edit#gid=0;https://docs.google.com/spreadsheets/d/1JZpA-5XDldN2bjfvhvBPHYK-1AENETLnF1UxNEpWlNA/edit#gid=352888197
season_002,Regular Season,,Latios,latios,latios,SteveParker,steveparker,ToxicBlast,toxicblast,sheet_extracted,https://docs.google.com/spreadsheets/d/1FUsClf5qEny-BHY5Djp8rIwRJKBSJDvygJ8LBa62FEo/edit#gid=0;https://docs.google.com/spreadsheets/d/1vJ-pioe3RZKSZ3LIGEA3FVTv_KEE_XKIQAXSIUNNd-Q/edit#gid=0;https://docs.google.com/spreadsheets/d/1JZpA-5XDldN2bjfvhvBPHYK-1AENETLnF1UxNEpWlNA/edit#gid=352888197
season_002,Regular Season,,Mega-Aerodactyl,megaaerodactyl,aerodactylmega,SteveParker,steveparker,ToxicBlast,toxicblast,manual_override,data/manual/team_pokemon_usage.csv;https://docs.google.com/spreadsheets/d/1JZpA-5XDldN2bjfvhvBPHYK-1AENETLnF1UxNEpWlNA/edit#gid=352888197;https://docs.google.com/spreadsheets/d/1vJ-pioe3RZKSZ3LIGEA3FVTv_KEE_XKIQAXSIUNNd-Q/edit#gid=0
season_002,Regular Season,,Mega-Scherox,megascherox,scizormega,SteveParker,steveparker,ToxicBlast,toxicblast,old_project_team_note,https://docs.google.com/spreadsheets/d/1JZpA-5XDldN2bjfvhvBPHYK-1AENETLnF1UxNEpWlNA/edit#gid=352888197;https://docs.google.com/spreadsheets/d/1vJ-pioe3RZKSZ3LIGEA3FVTv_KEE_XKIQAXSIUNNd-Q/edit#gid=0
season_002,Regular Season,,Mew,mew,mew,SteveParker,steveparker,ToxicBlast,toxicblast,manual_override,data/manual/team_pokemon_usage.csv;https://docs.google.com/spreadsheets/d/1JZpA-5XDldN2bjfvhvBPHYK-1AENETLnF1UxNEpWlNA/edit#gid=352888197;https://docs.google.com/spreadsheets/d/1vJ-pioe3RZKSZ3LIGEA3FVTv_KEE_XKIQAXSIUNNd-Q/edit#gid=0
season_002,Regular Season,,Morlord,morlord,quagsire,SteveParker,steveparker,ToxicBlast,toxicblast,manual_override,data/manual/team_pokemon_usage.csv;https://docs.google.com/spreadsheets/d/1JZpA-5XDldN2bjfvhvBPHYK-1AENETLnF1UxNEpWlNA/edit#gid=352888197;https://docs.google.com/spreadsheets/d/1vJ-pioe3RZKSZ3LIGEA3FVTv_KEE_XKIQAXSIUNNd-Q/edit#gid=0
season_002,Regular Season,,Panzaeron,panzaeron,skarmory,SteveParker,steveparker,ToxicBlast,toxicblast,manual_override,data/manual/team_pokemon_usage.csv;https://docs.google.com/spreadsheets/d/1JZpA-5XDldN2bjfvhvBPHYK-1AENETLnF1UxNEpWlNA/edit#gid=352888197;https://docs.google.com/spreadsheets/d/1vJ-pioe3RZKSZ3LIGEA3FVTv_KEE_XKIQAXSIUNNd-Q/edit#gid=0
season_002,Regular Season,,Pixi,pixi,clefable,SteveParker,steveparker,ToxicBlast,toxicblast,sheet_extracted,https://docs.google.com/spreadsheets/d/1FUsClf5qEny-BHY5Djp8rIwRJKBSJDvygJ8LBa62FEo/edit#gid=0;https://docs.google.com/spreadsheets/d/1vJ-pioe3RZKSZ3LIGEA3FVTv_KEE_XKIQAXSIUNNd-Q/edit#gid=0;https://docs.google.com/spreadsheets/d/1JZpA-5XDldN2bjfvhvBPHYK-1AENETLnF1UxNEpWlNA/edit#gid=352888197
season_002,Regular Season,,Porygon2,porygon2,porygon2,SteveParker,steveparker,ToxicBlast,toxicblast,sheet_extracted,https://docs.google.com/spreadsheets/d/1FUsClf5qEny-BHY5Djp8rIwRJKBSJDvygJ8LBa62FEo/edit#gid=0;https://docs.google.com/spreadsheets/d/1vJ-pioe3RZKSZ3LIGEA3FVTv_KEE_XKIQAXSIUNNd-Q/edit#gid=0;https://docs.google.com/spreadsheets/d/1JZpA-5XDldN2bjfvhvBPHYK-1AENETLnF1UxNEpWlNA/edit#gid=352888197
season_002,Regular Season,,Rabigator,rabigator,krookodile,SteveParker,steveparker,ToxicBlast,toxicblast,sheet_extracted,https://docs.google.com/spreadsheets/d/1FUsClf5qEny-BHY5Djp8rIwRJKBSJDvygJ8LBa62FEo/edit#gid=0;https://docs.google.com/spreadsheets/d/1vJ-pioe3RZKSZ3LIGEA3FVTv_KEE_XKIQAXSIUNNd-Q/edit#gid=0;https://docs.google.com/spreadsheets/d/1JZpA-5XDldN2bjfvhvBPHYK-1AENETLnF1UxNEpWlNA/edit#gid=352888197
season_002,Regular Season,,Rotom-W,rotomw,rotomwash,SteveParker,steveparker,ToxicBlast,toxicblast,sheet_extracted,https://docs.google.com/spreadsheets/d/1FUsClf5qEny-BHY5Djp8rIwRJKBSJDvygJ8LBa62FEo/edit#gid=0;https://docs.google.com/spreadsheets/d/1vJ-pioe3RZKSZ3LIGEA3FVTv_KEE_XKIQAXSIUNNd-Q/edit#gid=0;https://docs.google.com/spreadsheets/d/1JZpA-5XDldN2bjfvhvBPHYK-1AENETLnF1UxNEpWlNA/edit#gid=352888197
season_002,Regular Season,,Skaraborn,skaraborn,heracross,SteveParker,steveparker,ToxicBlast,toxicblast,manual_override,data/manual/team_pokemon_usage.csv;https://docs.google.com/spreadsheets/d/1JZpA-5XDldN2bjfvhvBPHYK-1AENETLnF1UxNEpWlNA/edit#gid=352888197;https://docs.google.com/spreadsheets/d/1vJ-pioe3RZKSZ3LIGEA3FVTv_KEE_XKIQAXSIUNNd-Q/edit#gid=0
season_002,Regular Season,,Aquana,aquana,vaporeon,SurskitTV,surskittv,SurDrakings,surdrakings,sheet_extracted,https://docs.google.com/spreadsheets/d/1FUsClf5qEny-BHY5Djp8rIwRJKBSJDvygJ8LBa62FEo/edit#gid=0;https://docs.google.com/spreadsheets/d/1vJ-pioe3RZKSZ3LIGEA3FVTv_KEE_XKIQAXSIUNNd-Q/edit#gid=0;https://docs.google.com/spreadsheets/d/1JZpA-5XDldN2bjfvhvBPHYK-1AENETLnF1UxNEpWlNA/edit#gid=352888197
season_002,Regular Season,,Blitza,blitza,jolteon,SurskitTV,surskittv,SurDrakings,surdrakings,sheet_extracted,https://docs.google.com/spreadsheets/d/1FUsClf5qEny-BHY5Djp8rIwRJKBSJDvygJ8LBa62FEo/edit#gid=0;https://docs.google.com/spreadsheets/d/1vJ-pioe3RZKSZ3LIGEA3FVTv_KEE_XKIQAXSIUNNd-Q/edit#gid=0;https://docs.google.com/spreadsheets/d/1JZpA-5XDldN2bjfvhvBPHYK-1AENETLnF1UxNEpWlNA/edit#gid=352888197
season_002,Regular Season,,Donphan,donphan,donphan,SurskitTV,surskittv,SurDrakings,surdrakings,old_project_team_note,https://docs.google.com/spreadsheets/d/1JZpA-5XDldN2bjfvhvBPHYK-1AENETLnF1UxNEpWlNA/edit#gid=352888197;https://docs.google.com/spreadsheets/d/1vJ-pioe3RZKSZ3LIGEA3FVTv_KEE_XKIQAXSIUNNd-Q/edit#gid=0
season_002,Regular Season,,Fiaro,fiaro,talonflame,SurskitTV,surskittv,SurDrakings,surdrakings,sheet_extracted,https://docs.google.com/spreadsheets/d/1FUsClf5qEny-BHY5Djp8rIwRJKBSJDvygJ8LBa62FEo/edit#gid=0;https://docs.google.com/spreadsheets/d/1vJ-pioe3RZKSZ3LIGEA3FVTv_KEE_XKIQAXSIUNNd-Q/edit#gid=0;https://docs.google.com/spreadsheets/d/1JZpA-5XDldN2bjfvhvBPHYK-1AENETLnF1UxNEpWlNA/edit#gid=352888197
season_002,Regular Season,,Mega-Schlapor,megaschlapor,lopunnymega,SurskitTV,surskittv,SurDrakings,surdrakings,sheet_extracted,https://docs.google.com/spreadsheets/d/1FUsClf5qEny-BHY5Djp8rIwRJKBSJDvygJ8LBa62FEo/edit#gid=0;https://docs.google.com/spreadsheets/d/1vJ-pioe3RZKSZ3LIGEA3FVTv_KEE_XKIQAXSIUNNd-Q/edit#gid=0;https://docs.google.com/spreadsheets/d/1JZpA-5XDldN2bjfvhvBPHYK-1AENETLnF1UxNEpWlNA/edit#gid=352888197
season_002,Regular Season,,Pixi,pixi,clefable,SurskitTV,surskittv,SurDrakings,surdrakings,sheet_extracted,https://docs.google.com/spreadsheets/d/1FUsClf5qEny-BHY5Djp8rIwRJKBSJDvygJ8LBa62FEo/edit#gid=0;https://docs.google.com/spreadsheets/d/1vJ-pioe3RZKSZ3LIGEA3FVTv_KEE_XKIQAXSIUNNd-Q/edit#gid=0;https://docs.google.com/spreadsheets/d/1JZpA-5XDldN2bjfvhvBPHYK-1AENETLnF1UxNEpWlNA/edit#gid=352888197
season_002,Regular Season,,Porygon-Z,porygonz,porygonz,SurskitTV,surskittv,SurDrakings,surdrakings,sheet_extracted,https://docs.google.com/spreadsheets/d/1FUsClf5qEny-BHY5Djp8rIwRJKBSJDvygJ8LBa62FEo/edit#gid=0;https://docs.google.com/spreadsheets/d/1vJ-pioe3RZKSZ3LIGEA3FVTv_KEE_XKIQAXSIUNNd-Q/edit#gid=0;https://docs.google.com/spreadsheets/d/1JZpA-5XDldN2bjfvhvBPHYK-1AENETLnF1UxNEpWlNA/edit#gid=352888197
season_002,Regular Season,,Rotom-Mow,rotommow,rotommow,SurskitTV,surskittv,SurDrakings,surdrakings,old_project_team_note,https://docs.google.com/spreadsheets/d/1JZpA-5XDldN2bjfvhvBPHYK-1AENETLnF1UxNEpWlNA/edit#gid=352888197;https://docs.google.com/spreadsheets/d/1vJ-pioe3RZKSZ3LIGEA3FVTv_KEE_XKIQAXSIUNNd-Q/edit#gid=0
season_002,Regular Season,,Seedraking,seedraking,kingdra,SurskitTV,surskittv,SurDrakings,surdrakings,old_project_team_note,https://docs.google.com/spreadsheets/d/1JZpA-5XDldN2bjfvhvBPHYK-1AENETLnF1UxNEpWlNA/edit#gid=352888197;https://docs.google.com/spreadsheets/d/1vJ-pioe3RZKSZ3LIGEA3FVTv_KEE_XKIQAXSIUNNd-Q/edit#gid=0
season_002,Regular Season,,Skorgla,skorgla,gligar,SurskitTV,surskittv,SurDrakings,surdrakings,sheet_extracted,https://docs.google.com/spreadsheets/d/1FUsClf5qEny-BHY5Djp8rIwRJKBSJDvygJ8LBa62FEo/edit#gid=0;https://docs.google.com/spreadsheets/d/1vJ-pioe3RZKSZ3LIGEA3FVTv_KEE_XKIQAXSIUNNd-Q/edit#gid=0;https://docs.google.com/spreadsheets/d/1JZpA-5XDldN2bjfvhvBPHYK-1AENETLnF1UxNEpWlNA/edit#gid=352888197
season_002,Regular Season,,Stalobor,stalobor,excadrill,SurskitTV,surskittv,SurDrakings,surdrakings,sheet_extracted,https://docs.google.com/spreadsheets/d/1FUsClf5qEny-BHY5Djp8rIwRJKBSJDvygJ8LBa62FEo/edit#gid=0;https://docs.google.com/spreadsheets/d/1vJ-pioe3RZKSZ3LIGEA3FVTv_KEE_XKIQAXSIUNNd-Q/edit#gid=0;https://docs.google.com/spreadsheets/d/1JZpA-5XDldN2bjfvhvBPHYK-1AENETLnF1UxNEpWlNA/edit#gid=352888197
season_002,Regular Season,,Trombork,trombork,trevenant,SurskitTV,surskittv,SurDrakings,surdrakings,sheet_extracted,https://docs.google.com/spreadsheets/d/1FUsClf5qEny-BHY5Djp8rIwRJKBSJDvygJ8LBa62FEo/edit#gid=0;https://docs.google.com/spreadsheets/d/1vJ-pioe3RZKSZ3LIGEA3FVTv_KEE_XKIQAXSIUNNd-Q/edit#gid=0;https://docs.google.com/spreadsheets/d/1JZpA-5XDldN2bjfvhvBPHYK-1AENETLnF1UxNEpWlNA/edit#gid=352888197
season_002,Regular Season,,Zytomega,zytomega,reuniclus,SurskitTV,surskittv,SurDrakings,surdrakings,sheet_extracted,https://docs.google.com/spreadsheets/d/1FUsClf5qEny-BHY5Djp8rIwRJKBSJDvygJ8LBa62FEo/edit#gid=0;https://docs.google.com/spreadsheets/d/1vJ-pioe3RZKSZ3LIGEA3FVTv_KEE_XKIQAXSIUNNd-Q/edit#gid=0;https://docs.google.com/spreadsheets/d/1JZpA-5XDldN2bjfvhvBPHYK-1AENETLnF1UxNEpWlNA/edit#gid=352888197
season_002,Liga 2,,Donphan,donphan,donphan,WolvX,wolvx,The Gymleader,thegymleader,sheet_extracted,https://docs.google.com/spreadsheets/d/1odsNRAZStW1GzmpXwmg27dqjOlch7w8syZOZ5Z2OQRg/edit#gid=0;https://docs.google.com/spreadsheets/d/1ACnJyxD1hx-mbOcZXoJ5BjXDOwUF1TYmfgkqtJgFRXk/edit#gid=0
season_002,Liga 2,,Florges,florges,florges,WolvX,wolvx,The Gymleader,thegymleader,sheet_extracted,https://docs.google.com/spreadsheets/d/1odsNRAZStW1GzmpXwmg27dqjOlch7w8syZOZ5Z2OQRg/edit#gid=0;https://docs.google.com/spreadsheets/d/1ACnJyxD1hx-mbOcZXoJ5BjXDOwUF1TYmfgkqtJgFRXk/edit#gid=0
season_002,Liga 2,,Forstellka,forstellka,forretress,WolvX,wolvx,The Gymleader,thegymleader,sheet_extracted,https://docs.google.com/spreadsheets/d/1odsNRAZStW1GzmpXwmg27dqjOlch7w8syZOZ5Z2OQRg/edit#gid=0;https://docs.google.com/spreadsheets/d/1ACnJyxD1hx-mbOcZXoJ5BjXDOwUF1TYmfgkqtJgFRXk/edit#gid=0
season_002,Liga 2,,Gastrodon,gastrodon,gastrodon,WolvX,wolvx,The Gymleader,thegymleader,sheet_extracted,https://docs.google.com/spreadsheets/d/1odsNRAZStW1GzmpXwmg27dqjOlch7w8syZOZ5Z2OQRg/edit#gid=0;https://docs.google.com/spreadsheets/d/1ACnJyxD1hx-mbOcZXoJ5BjXDOwUF1TYmfgkqtJgFRXk/edit#gid=0
season_002,Liga 2,,Heatran,heatran,heatran,WolvX,wolvx,The Gymleader,thegymleader,sheet_extracted,https://docs.google.com/spreadsheets/d/1odsNRAZStW1GzmpXwmg27dqjOlch7w8syZOZ5Z2OQRg/edit#gid=0;https://docs.google.com/spreadsheets/d/1ACnJyxD1hx-mbOcZXoJ5BjXDOwUF1TYmfgkqtJgFRXk/edit#gid=0
season_002,Liga 2,,Latias,latias,latias,WolvX,wolvx,The Gymleader,thegymleader,sheet_extracted,https://docs.google.com/spreadsheets/d/1odsNRAZStW1GzmpXwmg27dqjOlch7w8syZOZ5Z2OQRg/edit#gid=0;https://docs.google.com/spreadsheets/d/1ACnJyxD1hx-mbOcZXoJ5BjXDOwUF1TYmfgkqtJgFRXk/edit#gid=0
season_002,Liga 2,,Mamolida,mamolida,alomomola,WolvX,wolvx,The Gymleader,thegymleader,sheet_extracted,https://docs.google.com/spreadsheets/d/1odsNRAZStW1GzmpXwmg27dqjOlch7w8syZOZ5Z2OQRg/edit#gid=0;https://docs.google.com/spreadsheets/d/1ACnJyxD1hx-mbOcZXoJ5BjXDOwUF1TYmfgkqtJgFRXk/edit#gid=0
season_002,Liga 2,,Mega-Pinsir,megapinsir,pinsirmega,WolvX,wolvx,The Gymleader,thegymleader,sheet_extracted,https://docs.google.com/spreadsheets/d/1odsNRAZStW1GzmpXwmg27dqjOlch7w8syZOZ5Z2OQRg/edit#gid=0;https://docs.google.com/spreadsheets/d/1ACnJyxD1hx-mbOcZXoJ5BjXDOwUF1TYmfgkqtJgFRXk/edit#gid=0
season_002,Liga 2,,Meistagrif,meistagrif,conkeldurr,WolvX,wolvx,The Gymleader,thegymleader,sheet_extracted,https://docs.google.com/spreadsheets/d/1odsNRAZStW1GzmpXwmg27dqjOlch7w8syZOZ5Z2OQRg/edit#gid=0;https://docs.google.com/spreadsheets/d/1ACnJyxD1hx-mbOcZXoJ5BjXDOwUF1TYmfgkqtJgFRXk/edit#gid=0
season_002,Liga 2,,Nidoking,nidoking,nidoking,WolvX,wolvx,The Gymleader,thegymleader,sheet_extracted,https://docs.google.com/spreadsheets/d/1odsNRAZStW1GzmpXwmg27dqjOlch7w8syZOZ5Z2OQRg/edit#gid=0;https://docs.google.com/spreadsheets/d/1ACnJyxD1hx-mbOcZXoJ5BjXDOwUF1TYmfgkqtJgFRXk/edit#gid=0
season_002,Liga 2,,Roserade,roserade,roserade,WolvX,wolvx,The Gymleader,thegymleader,sheet_extracted,https://docs.google.com/spreadsheets/d/1odsNRAZStW1GzmpXwmg27dqjOlch7w8syZOZ5Z2OQRg/edit#gid=0;https://docs.google.com/spreadsheets/d/1ACnJyxD1hx-mbOcZXoJ5BjXDOwUF1TYmfgkqtJgFRXk/edit#gid=0
season_002,Liga 2,,Zapplarang,zapplarang,eelektross,WolvX,wolvx,The Gymleader,thegymleader,sheet_extracted,https://docs.google.com/spreadsheets/d/1odsNRAZStW1GzmpXwmg27dqjOlch7w8syZOZ5Z2OQRg/edit#gid=0;https://docs.google.com/spreadsheets/d/1ACnJyxD1hx-mbOcZXoJ5BjXDOwUF1TYmfgkqtJgFRXk/edit#gid=0
season_002,Liga 2,,Elfun,elfun,whimsicott,Zant017,zant017,,,sheet_extracted,https://docs.google.com/spreadsheets/d/1odsNRAZStW1GzmpXwmg27dqjOlch7w8syZOZ5Z2OQRg/edit#gid=0
season_002,Liga 2,,Guardevoir,guardevoir,gardevoir,Zant017,zant017,,,sheet_extracted,https://docs.google.com/spreadsheets/d/1odsNRAZStW1GzmpXwmg27dqjOlch7w8syZOZ5Z2OQRg/edit#gid=0
season_002,Liga 2,,Impergator,impergator,feraligatr,Zant017,zant017,,,sheet_extracted,https://docs.google.com/spreadsheets/d/1odsNRAZStW1GzmpXwmg27dqjOlch7w8syZOZ5Z2OQRg/edit#gid=0
season_002,Liga 2,,Kapilz,kapilz,breloom,Zant017,zant017,,,sheet_extracted,https://docs.google.com/spreadsheets/d/1odsNRAZStW1GzmpXwmg27dqjOlch7w8syZOZ5Z2OQRg/edit#gid=0
season_002,Liga 2,,Latias,latias,latias,Zant017,zant017,,,sheet_extracted,https://docs.google.com/spreadsheets/d/1odsNRAZStW1GzmpXwmg27dqjOlch7w8syZOZ5Z2OQRg/edit#gid=0
season_002,Liga 2,,Mega-Tauboss,megatauboss,pidgeotmega,Zant017,zant017,,,sheet_extracted,https://docs.google.com/spreadsheets/d/1odsNRAZStW1GzmpXwmg27dqjOlch7w8syZOZ5Z2OQRg/edit#gid=0
season_002,Liga 2,,Raichu,raichu,raichu,Zant017,zant017,,,sheet_extracted,https://docs.google.com/spreadsheets/d/1odsNRAZStW1GzmpXwmg27dqjOlch7w8syZOZ5Z2OQRg/edit#gid=0
season_002,Liga 2,,Registeel,registeel,registeel,Zant017,zant017,,,sheet_extracted,https://docs.google.com/spreadsheets/d/1odsNRAZStW1GzmpXwmg27dqjOlch7w8syZOZ5Z2OQRg/edit#gid=0
season_002,Liga 2,,Snibunna,snibunna,weavile,Zant017,zant017,,,sheet_extracted,https://docs.google.com/spreadsheets/d/1odsNRAZStW1GzmpXwmg27dqjOlch7w8syZOZ5Z2OQRg/edit#gid=0
season_002,Liga 2,,Tornupto,tornupto,typhlosion,Zant017,zant017,,,sheet_extracted,https://docs.google.com/spreadsheets/d/1odsNRAZStW1GzmpXwmg27dqjOlch7w8syZOZ5Z2OQRg/edit#gid=0
season_002,Liga 2,,Zapplarang,zapplarang,eelektross,Zant017,zant017,,,sheet_extracted,https://docs.google.com/spreadsheets/d/1odsNRAZStW1GzmpXwmg27dqjOlch7w8syZOZ5Z2OQRg/edit#gid=0
season_002,Liga 2,,Demeteros-T,demeterost,landorustherian,glebber,glebber,,,sheet_extracted,https://docs.google.com/spreadsheets/d/1odsNRAZStW1GzmpXwmg27dqjOlch7w8syZOZ5Z2OQRg/edit#gid=0
season_002,Liga 2,,Heatran,heatran,heatran,glebber,glebber,,,sheet_extracted,https://docs.google.com/spreadsheets/d/1odsNRAZStW1GzmpXwmg27dqjOlch7w8syZOZ5Z2OQRg/edit#gid=0
season_002,Liga 2,,Iksbat,iksbat,crobat,glebber,glebber,,,sheet_extracted,https://docs.google.com/spreadsheets/d/1odsNRAZStW1GzmpXwmg27dqjOlch7w8syZOZ5Z2OQRg/edit#gid=0
season_002,Liga 2,,Mamutel,mamutel,mamoswine,glebber,glebber,,,sheet_extracted,https://docs.google.com/spreadsheets/d/1odsNRAZStW1GzmpXwmg27dqjOlch7w8syZOZ5Z2OQRg/edit#gid=0
season_002,Liga 2,,Mega-Turtok,megaturtok,blastoisemega,glebber,glebber,,,sheet_extracted,https://docs.google.com/spreadsheets/d/1odsNRAZStW1GzmpXwmg27dqjOlch7w8syZOZ5Z2OQRg/edit#gid=0
season_002,Liga 2,,Pixi,pixi,clefable,glebber,glebber,,,sheet_extracted,https://docs.google.com/spreadsheets/d/1odsNRAZStW1GzmpXwmg27dqjOlch7w8syZOZ5Z2OQRg/edit#gid=0
season_002,Liga 2,,Rotom-H,rotomh,rotomheat,glebber,glebber,,,sheet_extracted,https://docs.google.com/spreadsheets/d/1odsNRAZStW1GzmpXwmg27dqjOlch7w8syZOZ5Z2OQRg/edit#gid=0
season_002,Liga 2,,Scherox,scherox,scizor,glebber,glebber,,,sheet_extracted,https://docs.google.com/spreadsheets/d/1odsNRAZStW1GzmpXwmg27dqjOlch7w8syZOZ5Z2OQRg/edit#gid=0
season_002,Liga 2,,Tobutz,tobutz,azelf,glebber,glebber,,,sheet_extracted,https://docs.google.com/spreadsheets/d/1odsNRAZStW1GzmpXwmg27dqjOlch7w8syZOZ5Z2OQRg/edit#gid=0
season_002,Liga 2,,Toxiquak,toxiquak,toxicroak,glebber,glebber,,,sheet_extracted,https://docs.google.com/spreadsheets/d/1odsNRAZStW1GzmpXwmg27dqjOlch7w8syZOZ5Z2OQRg/edit#gid=0
season_002,Liga 2,,Trikephalo,trikephalo,hydreigon,glebber,glebber,,,sheet_extracted,https://docs.google.com/spreadsheets/d/1odsNRAZStW1GzmpXwmg27dqjOlch7w8syZOZ5Z2OQRg/edit#gid=0
season_003,Regular Season,rueckrunde,Ditto,ditto,ditto,Art'n'Gaming,artngaming,Little Littleos,littlelittleos,manual_graphic_assignment,https://docs.google.com/spreadsheets/d/1JZpA-5XDldN2bjfvhvBPHYK-1AENETLnF1UxNEpWlNA/edit#gid=352888197;data/manual/team_pokemon_usage.csv;output/team-graphics/s3/GPL Teams Spieltag 14 (2).jpg
season_003,Regular Season,rueckrunde,Donphan,donphan,donphan,Art'n'Gaming,artngaming,Little Littleos,littlelittleos,manual_graphic_assignment,https://docs.google.com/spreadsheets/d/1JZpA-5XDldN2bjfvhvBPHYK-1AENETLnF1UxNEpWlNA/edit#gid=352888197;data/manual/team_pokemon_usage.csv;output/team-graphics/s3/GPL Teams Spieltag 14 (2).jpg
season_003,Regular Season,rueckrunde,Elezard,elezard,heliolisk,Art'n'Gaming,artngaming,Little Littleos,littlelittleos,manual_graphic_assignment,https://docs.google.com/spreadsheets/d/1JZpA-5XDldN2bjfvhvBPHYK-1AENETLnF1UxNEpWlNA/edit#gid=352888197;data/manual/team_pokemon_usage.csv;output/team-graphics/s3/GPL Teams Spieltag 14 (2).jpg
season_003,Regular Season,rueckrunde,Farbeagle,farbeagle,smeargle,Art'n'Gaming,artngaming,Little Littleos,littlelittleos,manual_graphic_assignment,https://docs.google.com/spreadsheets/d/1JZpA-5XDldN2bjfvhvBPHYK-1AENETLnF1UxNEpWlNA/edit#gid=352888197;data/manual/team_pokemon_usage.csv;output/team-graphics/s3/GPL Teams Spieltag 14 (2).jpg
season_003,Regular Season,rueckrunde,Feelinara,feelinara,sylveon,Art'n'Gaming,artngaming,Little Littleos,littlelittleos,manual_graphic_assignment,https://docs.google.com/spreadsheets/d/1JZpA-5XDldN2bjfvhvBPHYK-1AENETLnF1UxNEpWlNA/edit#gid=352888197;data/manual/team_pokemon_usage.csv;output/team-graphics/s3/GPL Teams Spieltag 14 (2).jpg
season_003,Regular Season,rueckrunde,Kapilz,kapilz,breloom,Art'n'Gaming,artngaming,Little Littleos,littlelittleos,manual_override,https://docs.google.com/spreadsheets/d/1JZpA-5XDldN2bjfvhvBPHYK-1AENETLnF1UxNEpWlNA/edit#gid=352888197;data/manual/pokemon_killlists.csv
season_003,Regular Season,rueckrunde,Lektrobal,lektrobal,electrode,Art'n'Gaming,artngaming,Little Littleos,littlelittleos,manual_override,https://docs.google.com/spreadsheets/d/1JZpA-5XDldN2bjfvhvBPHYK-1AENETLnF1UxNEpWlNA/edit#gid=352888197;data/manual/pokemon_killlists.csv
season_003,Regular Season,rueckrunde,Meditalis,meditalis,medicham,Art'n'Gaming,artngaming,Little Littleos,littlelittleos,manual_graphic_assignment,https://docs.google.com/spreadsheets/d/1JZpA-5XDldN2bjfvhvBPHYK-1AENETLnF1UxNEpWlNA/edit#gid=352888197;data/manual/team_pokemon_usage.csv;output/team-graphics/s3/GPL Teams Spieltag 14 (2).jpg
season_003,Regular Season,rueckrunde,Mega-Bisaflor,megabisaflor,venusaurmega,Art'n'Gaming,artngaming,Little Littleos,littlelittleos,manual_graphic_assignment,https://docs.google.com/spreadsheets/d/1JZpA-5XDldN2bjfvhvBPHYK-1AENETLnF1UxNEpWlNA/edit#gid=352888197;data/manual/team_pokemon_usage.csv;output/team-graphics/s3/GPL Teams Spieltag 14 (2).jpg
season_003,Regular Season,rueckrunde,Porygon2,porygon2,porygon2,Art'n'Gaming,artngaming,Little Littleos,littlelittleos,manual_graphic_assignment,https://docs.google.com/spreadsheets/d/1JZpA-5XDldN2bjfvhvBPHYK-1AENETLnF1UxNEpWlNA/edit#gid=352888197;data/manual/team_pokemon_usage.csv;output/team-graphics/s3/GPL Teams Spieltag 14 (2).jpg
season_003,Regular Season,rueckrunde,Pyroleo,pyroleo,pyroar,Art'n'Gaming,artngaming,Little Littleos,littlelittleos,manual_graphic_assignment,https://docs.google.com/spreadsheets/d/1JZpA-5XDldN2bjfvhvBPHYK-1AENETLnF1UxNEpWlNA/edit#gid=352888197;data/manual/team_pokemon_usage.csv;output/team-graphics/s3/GPL Teams Spieltag 14 (2).jpg
season_003,Regular Season,rueckrunde,Schwalboss,schwalboss,swellow,Art'n'Gaming,artngaming,Little Littleos,littlelittleos,manual_graphic_assignment,https://docs.google.com/spreadsheets/d/1JZpA-5XDldN2bjfvhvBPHYK-1AENETLnF1UxNEpWlNA/edit#gid=352888197;data/manual/team_pokemon_usage.csv;output/team-graphics/s3/GPL Teams Spieltag 14 (2).jpg
season_003,Regular Season,rueckrunde,Terrakium,terrakium,terrakion,Art'n'Gaming,artngaming,Little Littleos,littlelittleos,manual_override,https://docs.google.com/spreadsheets/d/1JZpA-5XDldN2bjfvhvBPHYK-1AENETLnF1UxNEpWlNA/edit#gid=352888197;data/manual/team_pokemon_usage.csv;output/team-graphics/s3/GPL Teams Spieltag 14 (2).jpg;data/manual/pokemon_killlists.csv
season_003,Regular Season,rueckrunde,Alpollo,alpollo,haunter,Bene,bene,Unlimited Blade Works*¹,unlimitedbladeworks,manual_override,https://docs.google.com/spreadsheets/d/1JZpA-5XDldN2bjfvhvBPHYK-1AENETLnF1UxNEpWlNA/edit#gid=352888197;data/manual/pokemon_killlists.csv
season_003,Regular Season,rueckrunde,Arktos,arktos,articuno,Bene,bene,Unlimited Blade Works*¹,unlimitedbladeworks,manual_override,https://docs.google.com/spreadsheets/d/1JZpA-5XDldN2bjfvhvBPHYK-1AENETLnF1UxNEpWlNA/edit#gid=352888197;data/manual/pokemon_killlists.csv
season_003,Regular Season,rueckrunde,Bojelin,bojelin,floatzel,Bene,bene,Unlimited Blade Works*¹,unlimitedbladeworks,manual_graphic_assignment,https://docs.google.com/spreadsheets/d/1JZpA-5XDldN2bjfvhvBPHYK-1AENETLnF1UxNEpWlNA/edit#gid=352888197;data/manual/team_pokemon_usage.csv;output/team-graphics/s3/GPL Teams Spieltag 14 (2).jpg
season_003,Regular Season,rueckrunde,Branawarz,branawarz,seismitoad,Bene,bene,Unlimited Blade Works*¹,unlimitedbladeworks,manual_override,https://docs.google.com/spreadsheets/d/1JZpA-5XDldN2bjfvhvBPHYK-1AENETLnF1UxNEpWlNA/edit#gid=352888197;data/manual/pokemon_killlists.csv
season_003,Regular Season,rueckrunde,Brutalanda,brutalanda,salamence,Bene,bene,Unlimited Blade Works*¹,unlimitedbladeworks,manual_override,https://docs.google.com/spreadsheets/d/1JZpA-5XDldN2bjfvhvBPHYK-1AENETLnF1UxNEpWlNA/edit#gid=352888197;data/manual/pokemon_killlists.csv
season_003,Regular Season,rueckrunde,Caesurio,caesurio,bisharp,Bene,bene,Unlimited Blade Works*¹,unlimitedbladeworks,manual_graphic_assignment,https://docs.google.com/spreadsheets/d/1JZpA-5XDldN2bjfvhvBPHYK-1AENETLnF1UxNEpWlNA/edit#gid=352888197;data/manual/team_pokemon_usage.csv;output/team-graphics/s3/GPL Teams Spieltag 14 (2).jpg
season_003,Regular Season,rueckrunde,Heatran,heatran,heatran,Bene,bene,Unlimited Blade Works*¹,unlimitedbladeworks,manual_override,https://docs.google.com/spreadsheets/d/1JZpA-5XDldN2bjfvhvBPHYK-1AENETLnF1UxNEpWlNA/edit#gid=352888197;data/manual/team_pokemon_usage.csv;output/team-graphics/s3/GPL Teams Spieltag 14 (2).jpg;data/manual/pokemon_killlists.csv
season_003,Regular Season,rueckrunde,Krawumms,krawumms,exploud,Bene,bene,Unlimited Blade Works*¹,unlimitedbladeworks,manual_graphic_assignment,https://docs.google.com/spreadsheets/d/1JZpA-5XDldN2bjfvhvBPHYK-1AENETLnF1UxNEpWlNA/edit#gid=352888197;data/manual/team_pokemon_usage.csv;output/team-graphics/s3/GPL Teams Spieltag 14 (2).jpg
season_003,Regular Season,rueckrunde,Mega-Galagladi,megagalagladi,gallademega,Bene,bene,Unlimited Blade Works*¹,unlimitedbladeworks,manual_override,https://docs.google.com/spreadsheets/d/1JZpA-5XDldN2bjfvhvBPHYK-1AENETLnF1UxNEpWlNA/edit#gid=352888197;data/manual/pokemon_killlists.csv
season_003,Regular Season,rueckrunde,Mega-Latias,megalatias,latiasmega,Bene,bene,Unlimited Blade Works*¹,unlimitedbladeworks,manual_graphic_assignment,https://docs.google.com/spreadsheets/d/1JZpA-5XDldN2bjfvhvBPHYK-1AENETLnF1UxNEpWlNA/edit#gid=352888197;data/manual/team_pokemon_usage.csv;output/team-graphics/s3/GPL Teams Spieltag 14 (2).jpg
season_003,Regular Season,rueckrunde,Piepi,piepi,clefairy,Bene,bene,Unlimited Blade Works*¹,unlimitedbladeworks,manual_graphic_assignment,https://docs.google.com/spreadsheets/d/1JZpA-5XDldN2bjfvhvBPHYK-1AENETLnF1UxNEpWlNA/edit#gid=352888197;data/manual/team_pokemon_usage.csv;output/team-graphics/s3/GPL Teams Spieltag 14 (2).jpg
season_003,Regular Season,rueckrunde,Psiana,psiana,espeon,Bene,bene,Unlimited Blade Works*¹,unlimitedbladeworks,manual_override,https://docs.google.com/spreadsheets/d/1JZpA-5XDldN2bjfvhvBPHYK-1AENETLnF1UxNEpWlNA/edit#gid=352888197;data/manual/pokemon_killlists.csv
season_003,Regular Season,rueckrunde,Rihornior,rihornior,rhyperior,Bene,bene,Unlimited Blade Works*¹,unlimitedbladeworks,manual_graphic_assignment,https://docs.google.com/spreadsheets/d/1JZpA-5XDldN2bjfvhvBPHYK-1AENETLnF1UxNEpWlNA/edit#gid=352888197;data/manual/team_pokemon_usage.csv;output/team-graphics/s3/GPL Teams Spieltag 14 (2).jpg
season_003,Regular Season,rueckrunde,Suicune,suicune,suicune,Bene,bene,Unlimited Blade Works*¹,unlimitedbladeworks,manual_graphic_assignment,https://docs.google.com/spreadsheets/d/1JZpA-5XDldN2bjfvhvBPHYK-1AENETLnF1UxNEpWlNA/edit#gid=352888197;data/manual/team_pokemon_usage.csv;output/team-graphics/s3/GPL Teams Spieltag 14 (2).jpg
season_003,Regular Season,rueckrunde,Toxiquak,toxiquak,toxicroak,Bene,bene,Unlimited Blade Works*¹,unlimitedbladeworks,manual_graphic_assignment,https://docs.google.com/spreadsheets/d/1JZpA-5XDldN2bjfvhvBPHYK-1AENETLnF1UxNEpWlNA/edit#gid=352888197;data/manual/team_pokemon_usage.csv;output/team-graphics/s3/GPL Teams Spieltag 14 (2).jpg
season_003,Regular Season,rueckrunde,Zapdos,zapdos,zapdos,Bene,bene,Unlimited Blade Works*¹,unlimitedbladeworks,manual_graphic_assignment,https://docs.google.com/spreadsheets/d/1JZpA-5XDldN2bjfvhvBPHYK-1AENETLnF1UxNEpWlNA/edit#gid=352888197;data/manual/team_pokemon_usage.csv;output/team-graphics/s3/GPL Teams Spieltag 14 (2).jpg
season_003,Regular Season,rueckrunde,Azumarill,azumarill,azumarill,CaptainCrinch,captaincrinch,Crinchilla,crinchilla,manual_override,https://docs.google.com/spreadsheets/d/1JZpA-5XDldN2bjfvhvBPHYK-1AENETLnF1UxNEpWlNA/edit#gid=352888197;data/manual/team_pokemon_usage.csv;output/team-graphics/s3/GPL Teams Spieltag 14 (2).jpg;data/manual/pokemon_killlists.csv
season_003,Regular Season,rueckrunde,Blitza,blitza,jolteon,CaptainCrinch,captaincrinch,Crinchilla,crinchilla,manual_graphic_assignment,https://docs.google.com/spreadsheets/d/1JZpA-5XDldN2bjfvhvBPHYK-1AENETLnF1UxNEpWlNA/edit#gid=352888197;data/manual/team_pokemon_usage.csv;output/team-graphics/s3/GPL Teams Spieltag 14 (2).jpg
season_003,Regular Season,rueckrunde,Chillabell,chillabell,cinccino,CaptainCrinch,captaincrinch,Crinchilla,crinchilla,manual_graphic_assignment,https://docs.google.com/spreadsheets/d/1JZpA-5XDldN2bjfvhvBPHYK-1AENETLnF1UxNEpWlNA/edit#gid=352888197;data/manual/team_pokemon_usage.csv;output/team-graphics/s3/GPL Teams Spieltag 14 (2).jpg
season_003,Regular Season,rueckrunde,Cresselia,cresselia,cresselia,CaptainCrinch,captaincrinch,Crinchilla,crinchilla,manual_graphic_assignment,https://docs.google.com/spreadsheets/d/1JZpA-5XDldN2bjfvhvBPHYK-1AENETLnF1UxNEpWlNA/edit#gid=352888197;data/manual/team_pokemon_usage.csv;output/team-graphics/s3/GPL Teams Spieltag 14 (2).jpg
season_003,Regular Season,rueckrunde,Karadonis,karadonis,sawk,CaptainCrinch,captaincrinch,Crinchilla,crinchilla,manual_graphic_assignment,https://docs.google.com/spreadsheets/d/1JZpA-5XDldN2bjfvhvBPHYK-1AENETLnF1UxNEpWlNA/edit#gid=352888197;data/manual/team_pokemon_usage.csv;output/team-graphics/s3/GPL Teams Spieltag 14 (2).jpg
season_003,Regular Season,rueckrunde,Kyurem-Black,kyuremblack,kyuremblack,CaptainCrinch,captaincrinch,Crinchilla,crinchilla,manual_override,https://docs.google.com/spreadsheets/d/1JZpA-5XDldN2bjfvhvBPHYK-1AENETLnF1UxNEpWlNA/edit#gid=352888197;data/manual/team_pokemon_usage.csv;output/team-graphics/s3/GPL Teams Spieltag 14 (2).jpg;data/manual/pokemon_killlists.csv
season_003,Regular Season,rueckrunde,Mamutel,mamutel,mamoswine,CaptainCrinch,captaincrinch,Crinchilla,crinchilla,manual_override,https://docs.google.com/spreadsheets/d/1JZpA-5XDldN2bjfvhvBPHYK-1AENETLnF1UxNEpWlNA/edit#gid=352888197;data/manual/team_pokemon_usage.csv;output/team-graphics/s3/GPL Teams Spieltag 14 (2).jpg;data/manual/pokemon_killlists.csv
season_003,Regular Season,rueckrunde,Mega-Scherox,megascherox,scizormega,CaptainCrinch,captaincrinch,Crinchilla,crinchilla,manual_graphic_assignment,https://docs.google.com/spreadsheets/d/1JZpA-5XDldN2bjfvhvBPHYK-1AENETLnF1UxNEpWlNA/edit#gid=352888197;data/manual/team_pokemon_usage.csv;output/team-graphics/s3/GPL Teams Spieltag 14 (2).jpg
season_003,Regular Season,rueckrunde,Smogmog,smogmog,weezing,CaptainCrinch,captaincrinch,Crinchilla,crinchilla,manual_graphic_assignment,https://docs.google.com/spreadsheets/d/1JZpA-5XDldN2bjfvhvBPHYK-1AENETLnF1UxNEpWlNA/edit#gid=352888197;data/manual/team_pokemon_usage.csv;output/team-graphics/s3/GPL Teams Spieltag 14 (2).jpg
season_003,Regular Season,rueckrunde,Viscogon,viscogon,goodra,CaptainCrinch,captaincrinch,Crinchilla,crinchilla,manual_graphic_assignment,https://docs.google.com/spreadsheets/d/1JZpA-5XDldN2bjfvhvBPHYK-1AENETLnF1UxNEpWlNA/edit#gid=352888197;data/manual/team_pokemon_usage.csv;output/team-graphics/s3/GPL Teams Spieltag 14 (2).jpg
season_003,Regular Season,rueckrunde,Ambidiffel,ambidiffel,ambipom,FanmadeLetsPlay,fanmadeletsplay,Coldlauncher,coldlauncher,manual_graphic_assignment,https://docs.google.com/spreadsheets/d/1JZpA-5XDldN2bjfvhvBPHYK-1AENETLnF1UxNEpWlNA/edit#gid=352888197;data/manual/team_pokemon_usage.csv;output/team-graphics/s3/GPL Teams Spieltag 14 (1).jpg
season_003,Regular Season,rueckrunde,Clavion,clavion,klefki,FanmadeLetsPlay,fanmadeletsplay,Coldlauncher,coldlauncher,manual_graphic_assignment,https://docs.google.com/spreadsheets/d/1JZpA-5XDldN2bjfvhvBPHYK-1AENETLnF1UxNEpWlNA/edit#gid=352888197;data/manual/team_pokemon_usage.csv;output/team-graphics/s3/GPL Teams Spieltag 14 (1).jpg
season_003,Regular Season,rueckrunde,Fiaro,fiaro,talonflame,FanmadeLetsPlay,fanmadeletsplay,Coldlauncher,coldlauncher,manual_override,https://docs.google.com/spreadsheets/d/1JZpA-5XDldN2bjfvhvBPHYK-1AENETLnF1UxNEpWlNA/edit#gid=352888197;data/manual/team_pokemon_usage.csv;output/team-graphics/s3/GPL Teams Spieltag 14 (1).jpg;data/manual/pokemon_killlists.csv
season_003,Regular Season,rueckrunde,Hariyama,hariyama,hariyama,FanmadeLetsPlay,fanmadeletsplay,Coldlauncher,coldlauncher,manual_graphic_assignment,https://docs.google.com/spreadsheets/d/1JZpA-5XDldN2bjfvhvBPHYK-1AENETLnF1UxNEpWlNA/edit#gid=352888197;data/manual/team_pokemon_usage.csv;output/team-graphics/s3/GPL Teams Spieltag 14 (1).jpg
season_003,Regular Season,rueckrunde,Latias,latias,latias,FanmadeLetsPlay,fanmadeletsplay,Coldlauncher,coldlauncher,manual_graphic_assignment,https://docs.google.com/spreadsheets/d/1JZpA-5XDldN2bjfvhvBPHYK-1AENETLnF1UxNEpWlNA/edit#gid=352888197;data/manual/team_pokemon_usage.csv;output/team-graphics/s3/GPL Teams Spieltag 14 (1).jpg
season_003,Regular Season,rueckrunde,Magneton,magneton,magneton,FanmadeLetsPlay,fanmadeletsplay,Coldlauncher,coldlauncher,manual_graphic_assignment,https://docs.google.com/spreadsheets/d/1JZpA-5XDldN2bjfvhvBPHYK-1AENETLnF1UxNEpWlNA/edit#gid=352888197;data/manual/team_pokemon_usage.csv;output/team-graphics/s3/GPL Teams Spieltag 14 (1).jpg
season_003,Regular Season,rueckrunde,Mega-Turtok,megaturtok,blastoisemega,FanmadeLetsPlay,fanmadeletsplay,Coldlauncher,coldlauncher,manual_override,https://docs.google.com/spreadsheets/d/1JZpA-5XDldN2bjfvhvBPHYK-1AENETLnF1UxNEpWlNA/edit#gid=352888197;data/manual/team_pokemon_usage.csv;output/team-graphics/s3/GPL Teams Spieltag 14 (1).jpg;data/manual/pokemon_killlists.csv
season_003,Regular Season,rueckrunde,Miltank,miltank,miltank,FanmadeLetsPlay,fanmadeletsplay,Coldlauncher,coldlauncher,manual_graphic_assignment,https://docs.google.com/spreadsheets/d/1JZpA-5XDldN2bjfvhvBPHYK-1AENETLnF1UxNEpWlNA/edit#gid=352888197;data/manual/team_pokemon_usage.csv;output/team-graphics/s3/GPL Teams Spieltag 14 (1).jpg
season_003,Regular Season,rueckrunde,Rabigator,rabigator,krookodile,FanmadeLetsPlay,fanmadeletsplay,Coldlauncher,coldlauncher,manual_graphic_assignment,https://docs.google.com/spreadsheets/d/1JZpA-5XDldN2bjfvhvBPHYK-1AENETLnF1UxNEpWlNA/edit#gid=352888197;data/manual/team_pokemon_usage.csv;output/team-graphics/s3/GPL Teams Spieltag 14 (1).jpg
season_003,Regular Season,rueckrunde,Shaymin,shaymin,shaymin,FanmadeLetsPlay,fanmadeletsplay,Coldlauncher,coldlauncher,manual_graphic_assignment,https://docs.google.com/spreadsheets/d/1JZpA-5XDldN2bjfvhvBPHYK-1AENETLnF1UxNEpWlNA/edit#gid=352888197;data/manual/team_pokemon_usage.csv;output/team-graphics/s3/GPL Teams Spieltag 14 (1).jpg
season_003,Regular Season,rueckrunde,Traunmagil,traunmagil,mismagius,FanmadeLetsPlay,fanmadeletsplay,Coldlauncher,coldlauncher,manual_graphic_assignment,https://docs.google.com/spreadsheets/d/1JZpA-5XDldN2bjfvhvBPHYK-1AENETLnF1UxNEpWlNA/edit#gid=352888197;data/manual/team_pokemon_usage.csv;output/team-graphics/s3/GPL Teams Spieltag 14 (1).jpg
season_003,Regular Season,rueckrunde,Celebi,celebi,celebi,Lauris,lauris,Enteigeddon*³ **¹,enteigeddon,manual_graphic_assignment,https://docs.google.com/spreadsheets/d/1JZpA-5XDldN2bjfvhvBPHYK-1AENETLnF1UxNEpWlNA/edit#gid=352888197;data/manual/team_pokemon_usage.csv;output/team-graphics/s3/GPL Teams Spieltag 14 (2).jpg
season_003,Regular Season,rueckrunde,Granbull,granbull,granbull,Lauris,lauris,Enteigeddon*³ **¹,enteigeddon,manual_override,https://docs.google.com/spreadsheets/d/1JZpA-5XDldN2bjfvhvBPHYK-1AENETLnF1UxNEpWlNA/edit#gid=352888197;data/manual/pokemon_killlists.csv
season_003,Regular Season,rueckrunde,Grypheldis,grypheldis,mandibuzz,Lauris,lauris,Enteigeddon*³ **¹,enteigeddon,manual_graphic_assignment,https://docs.google.com/spreadsheets/d/1JZpA-5XDldN2bjfvhvBPHYK-1AENETLnF1UxNEpWlNA/edit#gid=352888197;data/manual/team_pokemon_usage.csv;output/team-graphics/s3/GPL Teams Spieltag 14 (2).jpg
season_003,Regular Season,rueckrunde,Hoopa-Gebanntes Hoopa,hoopagebannteshoopa,hoopa,Lauris,lauris,Enteigeddon*³ **¹,enteigeddon,manual_override,data/manual/team_pokemon_usage.csv
season_003,Regular Season,rueckrunde,Keifel,keifel,piloswine,Lauris,lauris,Enteigeddon*³ **¹,enteigeddon,manual_graphic_assignment,https://docs.google.com/spreadsheets/d/1JZpA-5XDldN2bjfvhvBPHYK-1AENETLnF1UxNEpWlNA/edit#gid=352888197;data/manual/team_pokemon_usage.csv;output/team-graphics/s3/GPL Teams Spieltag 14 (2).jpg
season_003,Regular Season,rueckrunde,Laschoking,laschoking,slowking,Lauris,lauris,Enteigeddon*³ **¹,enteigeddon,manual_graphic_assignment,https://docs.google.com/spreadsheets/d/1JZpA-5XDldN2bjfvhvBPHYK-1AENETLnF1UxNEpWlNA/edit#gid=352888197;data/manual/team_pokemon_usage.csv;output/team-graphics/s3/GPL Teams Spieltag 14 (2).jpg
season_003,Regular Season,rueckrunde,Libelldra,libelldra,flygon,Lauris,lauris,Enteigeddon*³ **¹,enteigeddon,manual_graphic_assignment,https://docs.google.com/spreadsheets/d/1JZpA-5XDldN2bjfvhvBPHYK-1AENETLnF1UxNEpWlNA/edit#gid=352888197;data/manual/team_pokemon_usage.csv;output/team-graphics/s3/GPL Teams Spieltag 14 (2).jpg
season_003,Regular Season,rueckrunde,Lucario,lucario,lucario,Lauris,lauris,Enteigeddon*³ **¹,enteigeddon,manual_override,https://docs.google.com/spreadsheets/d/1JZpA-5XDldN2bjfvhvBPHYK-1AENETLnF1UxNEpWlNA/edit#gid=352888197;data/manual/team_pokemon_usage.csv;output/team-graphics/s3/GPL Teams Spieltag 14 (2).jpg;data/manual/pokemon_killlists.csv
season_003,Regular Season,rueckrunde,Mega-Diancie,megadiancie,dianciemega,Lauris,lauris,Enteigeddon*³ **¹,enteigeddon,manual_graphic_assignment,https://docs.google.com/spreadsheets/d/1JZpA-5XDldN2bjfvhvBPHYK-1AENETLnF1UxNEpWlNA/edit#gid=352888197;data/manual/team_pokemon_usage.csv;output/team-graphics/s3/GPL Teams Spieltag 14 (2).jpg
season_003,Regular Season,rueckrunde,Mega-Zobiris,megazobiris,sableyemega,Lauris,lauris,Enteigeddon*³ **¹,enteigeddon,manual_override,https://docs.google.com/spreadsheets/d/1JZpA-5XDldN2bjfvhvBPHYK-1AENETLnF1UxNEpWlNA/edit#gid=352888197;data/manual/pokemon_killlists.csv
season_003,Regular Season,rueckrunde,Milotic,milotic,milotic,Lauris,lauris,Enteigeddon*³ **¹,enteigeddon,manual_override,https://docs.google.com/spreadsheets/d/1JZpA-5XDldN2bjfvhvBPHYK-1AENETLnF1UxNEpWlNA/edit#gid=352888197;data/manual/pokemon_killlists.csv
season_003,Regular Season,rueckrunde,Quajutsu,quajutsu,greninja,Lauris,lauris,Enteigeddon*³ **¹,enteigeddon,manual_override,https://docs.google.com/spreadsheets/d/1JZpA-5XDldN2bjfvhvBPHYK-1AENETLnF1UxNEpWlNA/edit#gid=352888197;data/manual/pokemon_killlists.csv
season_003,Regular Season,rueckrunde,Rotom-H,rotomh,rotomheat,Lauris,lauris,Enteigeddon*³ **¹,enteigeddon,manual_graphic_assignment,https://docs.google.com/spreadsheets/d/1JZpA-5XDldN2bjfvhvBPHYK-1AENETLnF1UxNEpWlNA/edit#gid=352888197;data/manual/team_pokemon_usage.csv;output/team-graphics/s3/GPL Teams Spieltag 14 (2).jpg
season_003,Regular Season,rueckrunde,Strepoli,strepoli,gurdurr,Lauris,lauris,Enteigeddon*³ **¹,enteigeddon,manual_graphic_assignment,https://docs.google.com/spreadsheets/d/1JZpA-5XDldN2bjfvhvBPHYK-1AENETLnF1UxNEpWlNA/edit#gid=352888197;data/manual/team_pokemon_usage.csv;output/team-graphics/s3/GPL Teams Spieltag 14 (2).jpg
season_003,Regular Season,rueckrunde,Voluminas,voluminas,probopass,Lauris,lauris,Enteigeddon*³ **¹,enteigeddon,manual_graphic_assignment,https://docs.google.com/spreadsheets/d/1JZpA-5XDldN2bjfvhvBPHYK-1AENETLnF1UxNEpWlNA/edit#gid=352888197;data/manual/team_pokemon_usage.csv;output/team-graphics/s3/GPL Teams Spieltag 14 (2).jpg
season_003,Regular Season,rueckrunde,Dartignis,dartignis,fletchinder,Minetube,minetube,Triyolotree,triyolotree,manual_graphic_assignment,https://docs.google.com/spreadsheets/d/1JZpA-5XDldN2bjfvhvBPHYK-1AENETLnF1UxNEpWlNA/edit#gid=352888197;data/manual/team_pokemon_usage.csv;output/team-graphics/s3/GPL Teams Spieltag 14 (2).jpg
season_003,Regular Season,rueckrunde,Kobalium,kobalium,cobalion,Minetube,minetube,Triyolotree,triyolotree,manual_override,https://docs.google.com/spreadsheets/d/1JZpA-5XDldN2bjfvhvBPHYK-1AENETLnF1UxNEpWlNA/edit#gid=352888197;data/manual/team_pokemon_usage.csv;output/team-graphics/s3/GPL Teams Spieltag 14 (2).jpg;data/manual/pokemon_killlists.csv
season_003,Regular Season,rueckrunde,Mega-Voltenso,megavoltenso,manectricmega,Minetube,minetube,Triyolotree,triyolotree,manual_graphic_assignment,https://docs.google.com/spreadsheets/d/1JZpA-5XDldN2bjfvhvBPHYK-1AENETLnF1UxNEpWlNA/edit#gid=352888197;data/manual/team_pokemon_usage.csv;output/team-graphics/s3/GPL Teams Spieltag 14 (2).jpg
season_003,Regular Season,rueckrunde,Meistagrif,meistagrif,conkeldurr,Minetube,minetube,Triyolotree,triyolotree,manual_override,https://docs.google.com/spreadsheets/d/1JZpA-5XDldN2bjfvhvBPHYK-1AENETLnF1UxNEpWlNA/edit#gid=352888197;data/manual/pokemon_killlists.csv
season_003,Regular Season,rueckrunde,Ohrdoch,ohrdoch,audino,Minetube,minetube,Triyolotree,triyolotree,manual_graphic_assignment,https://docs.google.com/spreadsheets/d/1JZpA-5XDldN2bjfvhvBPHYK-1AENETLnF1UxNEpWlNA/edit#gid=352888197;data/manual/team_pokemon_usage.csv;output/team-graphics/s3/GPL Teams Spieltag 14 (2).jpg
season_003,Regular Season,rueckrunde,Pelipper,pelipper,pelipper,Minetube,minetube,Triyolotree,triyolotree,manual_override,https://docs.google.com/spreadsheets/d/1JZpA-5XDldN2bjfvhvBPHYK-1AENETLnF1UxNEpWlNA/edit#gid=352888197;data/manual/pokemon_killlists.csv
season_003,Regular Season,rueckrunde,Skorgla,skorgla,gligar,Minetube,minetube,Triyolotree,triyolotree,manual_graphic_assignment,https://docs.google.com/spreadsheets/d/1JZpA-5XDldN2bjfvhvBPHYK-1AENETLnF1UxNEpWlNA/edit#gid=352888197;data/manual/team_pokemon_usage.csv;output/team-graphics/s3/GPL Teams Spieltag 14 (2).jpg
season_003,Regular Season,rueckrunde,Stahlos,stahlos,steelix,Minetube,minetube,Triyolotree,triyolotree,manual_graphic_assignment,https://docs.google.com/spreadsheets/d/1JZpA-5XDldN2bjfvhvBPHYK-1AENETLnF1UxNEpWlNA/edit#gid=352888197;data/manual/team_pokemon_usage.csv;output/team-graphics/s3/GPL Teams Spieltag 14 (2).jpg
season_003,Regular Season,rueckrunde,Starmie,starmie,starmie,Minetube,minetube,Triyolotree,triyolotree,manual_graphic_assignment,https://docs.google.com/spreadsheets/d/1JZpA-5XDldN2bjfvhvBPHYK-1AENETLnF1UxNEpWlNA/edit#gid=352888197;data/manual/team_pokemon_usage.csv;output/team-graphics/s3/GPL Teams Spieltag 14 (2).jpg
season_003,Regular Season,rueckrunde,Tangoloss,tangoloss,tangrowth,Minetube,minetube,Triyolotree,triyolotree,manual_graphic_assignment,https://docs.google.com/spreadsheets/d/1JZpA-5XDldN2bjfvhvBPHYK-1AENETLnF1UxNEpWlNA/edit#gid=352888197;data/manual/team_pokemon_usage.csv;output/team-graphics/s3/GPL Teams Spieltag 14 (2).jpg
season_003,Regular Season,rueckrunde,Thanathora,thanathora,barbaracle,Minetube,minetube,Triyolotree,triyolotree,manual_graphic_assignment,https://docs.google.com/spreadsheets/d/1JZpA-5XDldN2bjfvhvBPHYK-1AENETLnF1UxNEpWlNA/edit#gid=352888197;data/manual/team_pokemon_usage.csv;output/team-graphics/s3/GPL Teams Spieltag 14 (2).jpg
season_003,Regular Season,rueckrunde,Trikephalo,trikephalo,hydreigon,Minetube,minetube,Triyolotree,triyolotree,manual_graphic_assignment,https://docs.google.com/spreadsheets/d/1JZpA-5XDldN2bjfvhvBPHYK-1AENETLnF1UxNEpWlNA/edit#gid=352888197;data/manual/team_pokemon_usage.csv;output/team-graphics/s3/GPL Teams Spieltag 14 (2).jpg
season_003,Regular Season,rueckrunde,Victini,victini,victini,Minetube,minetube,Triyolotree,triyolotree,manual_graphic_assignment,https://docs.google.com/spreadsheets/d/1JZpA-5XDldN2bjfvhvBPHYK-1AENETLnF1UxNEpWlNA/edit#gid=352888197;data/manual/team_pokemon_usage.csv;output/team-graphics/s3/GPL Teams Spieltag 14 (2).jpg
season_003,Regular Season,rueckrunde,Aquana,aquana,vaporeon,Oktopaul,oktopaul,Petalburg Panchams,petalburgpanchams,manual_graphic_assignment,https://docs.google.com/spreadsheets/d/1JZpA-5XDldN2bjfvhvBPHYK-1AENETLnF1UxNEpWlNA/edit#gid=352888197;data/manual/team_pokemon_usage.csv;output/team-graphics/s3/GPL Teams Spieltag 14 (1).jpg
season_003,Regular Season,rueckrunde,Kapoera,kapoera,hitmontop,Oktopaul,oktopaul,Petalburg Panchams,petalburgpanchams,manual_override,https://docs.google.com/spreadsheets/d/1JZpA-5XDldN2bjfvhvBPHYK-1AENETLnF1UxNEpWlNA/edit#gid=352888197;data/manual/pokemon_killlists.csv
season_003,Regular Season,rueckrunde,Keldeo,keldeo,keldeo,Oktopaul,oktopaul,Petalburg Panchams,petalburgpanchams,manual_graphic_assignment,https://docs.google.com/spreadsheets/d/1JZpA-5XDldN2bjfvhvBPHYK-1AENETLnF1UxNEpWlNA/edit#gid=352888197;data/manual/team_pokemon_usage.csv;output/team-graphics/s3/GPL Teams Spieltag 14 (1).jpg
season_003,Regular Season,rueckrunde,Magbrant,magbrant,magmortar,Oktopaul,oktopaul,Petalburg Panchams,petalburgpanchams,manual_graphic_assignment,https://docs.google.com/spreadsheets/d/1JZpA-5XDldN2bjfvhvBPHYK-1AENETLnF1UxNEpWlNA/edit#gid=352888197;data/manual/team_pokemon_usage.csv;output/team-graphics/s3/GPL Teams Spieltag 14 (1).jpg
season_003,Regular Season,rueckrunde,Mega-Metagross,megametagross,metagrossmega,Oktopaul,oktopaul,Petalburg Panchams,petalburgpanchams,manual_override,https://docs.google.com/spreadsheets/d/1JZpA-5XDldN2bjfvhvBPHYK-1AENETLnF1UxNEpWlNA/edit#gid=352888197;data/manual/team_pokemon_usage.csv;output/team-graphics/s3/GPL Teams Spieltag 14 (1).jpg;data/manual/pokemon_killlists.csv
season_003,Regular Season,rueckrunde,Panferno,panferno,infernape,Oktopaul,oktopaul,Petalburg Panchams,petalburgpanchams,manual_override,https://docs.google.com/spreadsheets/d/1JZpA-5XDldN2bjfvhvBPHYK-1AENETLnF1UxNEpWlNA/edit#gid=352888197;data/manual/team_pokemon_usage.csv;output/team-graphics/s3/GPL Teams Spieltag 14 (1).jpg;data/manual/pokemon_killlists.csv
season_003,Regular Season,rueckrunde,Relaxo,relaxo,snorlax,Oktopaul,oktopaul,Petalburg Panchams,petalburgpanchams,manual_graphic_assignment,https://docs.google.com/spreadsheets/d/1JZpA-5XDldN2bjfvhvBPHYK-1AENETLnF1UxNEpWlNA/edit#gid=352888197;data/manual/team_pokemon_usage.csv;output/team-graphics/s3/GPL Teams Spieltag 14 (1).jpg
season_003,Regular Season,rueckrunde,Sniebel,sniebel,sneasel,Oktopaul,oktopaul,Petalburg Panchams,petalburgpanchams,manual_graphic_assignment,https://docs.google.com/spreadsheets/d/1JZpA-5XDldN2bjfvhvBPHYK-1AENETLnF1UxNEpWlNA/edit#gid=352888197;data/manual/team_pokemon_usage.csv;output/team-graphics/s3/GPL Teams Spieltag 14 (1).jpg
season_003,Regular Season,rueckrunde,Togetic,togetic,togetic,Oktopaul,oktopaul,Petalburg Panchams,petalburgpanchams,manual_graphic_assignment,https://docs.google.com/spreadsheets/d/1JZpA-5XDldN2bjfvhvBPHYK-1AENETLnF1UxNEpWlNA/edit#gid=352888197;data/manual/team_pokemon_usage.csv;output/team-graphics/s3/GPL Teams Spieltag 14 (1).jpg
season_003,Regular Season,rueckrunde,Vesprit,vesprit,mesprit,Oktopaul,oktopaul,Petalburg Panchams,petalburgpanchams,manual_graphic_assignment,https://docs.google.com/spreadsheets/d/1JZpA-5XDldN2bjfvhvBPHYK-1AENETLnF1UxNEpWlNA/edit#gid=352888197;data/manual/team_pokemon_usage.csv;output/team-graphics/s3/GPL Teams Spieltag 14 (1).jpg
season_003,Regular Season,rueckrunde,Voltolos-I,voltolosi,thundurus,Oktopaul,oktopaul,Petalburg Panchams,petalburgpanchams,manual_graphic_assignment,https://docs.google.com/spreadsheets/d/1JZpA-5XDldN2bjfvhvBPHYK-1AENETLnF1UxNEpWlNA/edit#gid=352888197;data/manual/team_pokemon_usage.csv;output/team-graphics/s3/GPL Teams Spieltag 14 (1).jpg
season_003,Regular Season,rueckrunde,Bronzong,bronzong,bronzong,Parsifani,parsifani,Persian Carpets,persiancarpets,manual_graphic_assignment,https://docs.google.com/spreadsheets/d/1JZpA-5XDldN2bjfvhvBPHYK-1AENETLnF1UxNEpWlNA/edit#gid=352888197;data/manual/team_pokemon_usage.csv;output/team-graphics/s3/GPL Teams Spieltag 14 (1).jpg
season_003,Regular Season,rueckrunde,Demeteros-T,demeterost,landorustherian,Parsifani,parsifani,Persian Carpets,persiancarpets,manual_graphic_assignment,https://docs.google.com/spreadsheets/d/1JZpA-5XDldN2bjfvhvBPHYK-1AENETLnF1UxNEpWlNA/edit#gid=352888197;data/manual/team_pokemon_usage.csv;output/team-graphics/s3/GPL Teams Spieltag 14 (1).jpg
season_003,Regular Season,rueckrunde,Digdri,digdri,dugtrio,Parsifani,parsifani,Persian Carpets,persiancarpets,manual_graphic_assignment,https://docs.google.com/spreadsheets/d/1JZpA-5XDldN2bjfvhvBPHYK-1AENETLnF1UxNEpWlNA/edit#gid=352888197;data/manual/team_pokemon_usage.csv;output/team-graphics/s3/GPL Teams Spieltag 14 (1).jpg
season_003,Regular Season,rueckrunde,Florges,florges,florges,Parsifani,parsifani,Persian Carpets,persiancarpets,manual_graphic_assignment,https://docs.google.com/spreadsheets/d/1JZpA-5XDldN2bjfvhvBPHYK-1AENETLnF1UxNEpWlNA/edit#gid=352888197;data/manual/team_pokemon_usage.csv;output/team-graphics/s3/GPL Teams Spieltag 14 (1).jpg
season_003,Regular Season,rueckrunde,Gengar,gengar,gengar,Parsifani,parsifani,Persian Carpets,persiancarpets,manual_graphic_assignment,https://docs.google.com/spreadsheets/d/1JZpA-5XDldN2bjfvhvBPHYK-1AENETLnF1UxNEpWlNA/edit#gid=352888197;data/manual/team_pokemon_usage.csv;output/team-graphics/s3/GPL Teams Spieltag 14 (1).jpg
season_003,Regular Season,rueckrunde,Impergator,impergator,feraligatr,Parsifani,parsifani,Persian Carpets,persiancarpets,manual_graphic_assignment,https://docs.google.com/spreadsheets/d/1JZpA-5XDldN2bjfvhvBPHYK-1AENETLnF1UxNEpWlNA/edit#gid=352888197;data/manual/team_pokemon_usage.csv;output/team-graphics/s3/GPL Teams Spieltag 14 (1).jpg
season_003,Regular Season,rueckrunde,Mega-Glurak X,megaglurakx,charizardmegax,Parsifani,parsifani,Persian Carpets,persiancarpets,manual_override,https://docs.google.com/spreadsheets/d/1JZpA-5XDldN2bjfvhvBPHYK-1AENETLnF1UxNEpWlNA/edit#gid=352888197;data/manual/team_pokemon_usage.csv;output/team-graphics/s3/GPL Teams Spieltag 14 (1).jpg;data/manual/pokemon_killlists.csv
season_003,Regular Season,rueckrunde,Mega-Glurak Y,megagluraky,charizardmegay,Parsifani,parsifani,Persian Carpets,persiancarpets,manual_override,https://docs.google.com/spreadsheets/d/1JZpA-5XDldN2bjfvhvBPHYK-1AENETLnF1UxNEpWlNA/edit#gid=352888197;data/manual/pokemon_killlists.csv
season_003,Regular Season,rueckrunde,Morlord,morlord,quagsire,Parsifani,parsifani,Persian Carpets,persiancarpets,manual_graphic_assignment,https://docs.google.com/spreadsheets/d/1JZpA-5XDldN2bjfvhvBPHYK-1AENETLnF1UxNEpWlNA/edit#gid=352888197;data/manual/team_pokemon_usage.csv;output/team-graphics/s3/GPL Teams Spieltag 14 (1).jpg
season_003,Regular Season,rueckrunde,Skuntank,skuntank,skuntank,Parsifani,parsifani,Persian Carpets,persiancarpets,manual_graphic_assignment,https://docs.google.com/spreadsheets/d/1JZpA-5XDldN2bjfvhvBPHYK-1AENETLnF1UxNEpWlNA/edit#gid=352888197;data/manual/team_pokemon_usage.csv;output/team-graphics/s3/GPL Teams Spieltag 14 (1).jpg
season_003,Regular Season,rueckrunde,Tengulist,tengulist,shiftry,Parsifani,parsifani,Persian Carpets,persiancarpets,manual_graphic_assignment,https://docs.google.com/spreadsheets/d/1JZpA-5XDldN2bjfvhvBPHYK-1AENETLnF1UxNEpWlNA/edit#gid=352888197;data/manual/team_pokemon_usage.csv;output/team-graphics/s3/GPL Teams Spieltag 14 (1).jpg
season_003,Regular Season,rueckrunde,Tobutz,tobutz,azelf,Parsifani,parsifani,Persian Carpets,persiancarpets,manual_graphic_assignment,https://docs.google.com/spreadsheets/d/1JZpA-5XDldN2bjfvhvBPHYK-1AENETLnF1UxNEpWlNA/edit#gid=352888197;data/manual/team_pokemon_usage.csv;output/team-graphics/s3/GPL Teams Spieltag 14 (1).jpg
season_003,Regular Season,rueckrunde,Flampivian-Normal,flampiviannormal,darmanitan,PokeBazi,pokebazi,Krebuknackis,krebuknackis,manual_override,https://docs.google.com/spreadsheets/d/1JZpA-5XDldN2bjfvhvBPHYK-1AENETLnF1UxNEpWlNA/edit#gid=352888197;data/manual/pokemon_killlists.csv
season_003,Regular Season,rueckrunde,Jirachi,jirachi,jirachi,PokeBazi,pokebazi,Krebuknackis,krebuknackis,manual_graphic_assignment,https://docs.google.com/spreadsheets/d/1JZpA-5XDldN2bjfvhvBPHYK-1AENETLnF1UxNEpWlNA/edit#gid=352888197;data/manual/team_pokemon_usage.csv;output/team-graphics/s3/GPL Teams Spieltag 14 (1).jpg
season_003,Regular Season,rueckrunde,Manaphy,manaphy,manaphy,PokeBazi,pokebazi,Krebuknackis,krebuknackis,manual_override,https://docs.google.com/spreadsheets/d/1JZpA-5XDldN2bjfvhvBPHYK-1AENETLnF1UxNEpWlNA/edit#gid=352888197;data/manual/team_pokemon_usage.csv;output/team-graphics/s3/GPL Teams Spieltag 14 (1).jpg;data/manual/pokemon_killlists.csv
season_003,Regular Season,rueckrunde,Mega-Aerodactyl,megaaerodactyl,aerodactylmega,PokeBazi,pokebazi,Krebuknackis,krebuknackis,manual_override,https://docs.google.com/spreadsheets/d/1JZpA-5XDldN2bjfvhvBPHYK-1AENETLnF1UxNEpWlNA/edit#gid=352888197;data/manual/team_pokemon_usage.csv;output/team-graphics/s3/GPL Teams Spieltag 14 (1).jpg;data/manual/pokemon_killlists.csv
season_003,Regular Season,rueckrunde,Meloetta,meloetta,meloetta,PokeBazi,pokebazi,Krebuknackis,krebuknackis,manual_graphic_assignment,https://docs.google.com/spreadsheets/d/1JZpA-5XDldN2bjfvhvBPHYK-1AENETLnF1UxNEpWlNA/edit#gid=352888197;data/manual/team_pokemon_usage.csv;output/team-graphics/s3/GPL Teams Spieltag 14 (1).jpg
season_003,Regular Season,rueckrunde,Nidoqueen,nidoqueen,nidoqueen,PokeBazi,pokebazi,Krebuknackis,krebuknackis,manual_override,https://docs.google.com/spreadsheets/d/1JZpA-5XDldN2bjfvhvBPHYK-1AENETLnF1UxNEpWlNA/edit#gid=352888197;data/manual/team_pokemon_usage.csv;output/team-graphics/s3/GPL Teams Spieltag 14 (1).jpg;data/manual/pokemon_killlists.csv
season_003,Regular Season,rueckrunde,Noktuska,noktuska,cacturne,PokeBazi,pokebazi,Krebuknackis,krebuknackis,manual_override,https://docs.google.com/spreadsheets/d/1JZpA-5XDldN2bjfvhvBPHYK-1AENETLnF1UxNEpWlNA/edit#gid=352888197;data/manual/pokemon_killlists.csv
season_003,Regular Season,rueckrunde,Panpyro,panpyro,monferno,PokeBazi,pokebazi,Krebuknackis,krebuknackis,manual_graphic_assignment,https://docs.google.com/spreadsheets/d/1JZpA-5XDldN2bjfvhvBPHYK-1AENETLnF1UxNEpWlNA/edit#gid=352888197;data/manual/team_pokemon_usage.csv;output/team-graphics/s3/GPL Teams Spieltag 14 (1).jpg
season_003,Regular Season,rueckrunde,Rotom-Mow,rotommow,rotommow,PokeBazi,pokebazi,Krebuknackis,krebuknackis,manual_graphic_assignment,https://docs.google.com/spreadsheets/d/1JZpA-5XDldN2bjfvhvBPHYK-1AENETLnF1UxNEpWlNA/edit#gid=352888197;data/manual/team_pokemon_usage.csv;output/team-graphics/s3/GPL Teams Spieltag 14 (1).jpg
season_003,Regular Season,rueckrunde,Scherox,scherox,scizor,PokeBazi,pokebazi,Krebuknackis,krebuknackis,manual_graphic_assignment,https://docs.google.com/spreadsheets/d/1JZpA-5XDldN2bjfvhvBPHYK-1AENETLnF1UxNEpWlNA/edit#gid=352888197;data/manual/team_pokemon_usage.csv;output/team-graphics/s3/GPL Teams Spieltag 14 (1).jpg
season_003,Regular Season,rueckrunde,Togekiss,togekiss,togekiss,PokeBazi,pokebazi,Krebuknackis,krebuknackis,manual_override,https://docs.google.com/spreadsheets/d/1JZpA-5XDldN2bjfvhvBPHYK-1AENETLnF1UxNEpWlNA/edit#gid=352888197;data/manual/pokemon_killlists.csv
season_003,Regular Season,rueckrunde,Admurai,admurai,samurott,PresentLP,present,Prekani,prekani,manual_graphic_assignment,https://docs.google.com/spreadsheets/d/1JZpA-5XDldN2bjfvhvBPHYK-1AENETLnF1UxNEpWlNA/edit#gid=352888197;data/manual/team_pokemon_usage.csv;output/team-graphics/s3/GPL Teams Spieltag 14 (1).jpg
season_003,Regular Season,rueckrunde,Boreos-T,boreost,tornadustherian,PresentLP,present,Prekani,prekani,manual_override,https://docs.google.com/spreadsheets/d/1JZpA-5XDldN2bjfvhvBPHYK-1AENETLnF1UxNEpWlNA/edit#gid=352888197;data/manual/team_pokemon_usage.csv;output/team-graphics/s3/GPL Teams Spieltag 14 (1).jpg;data/manual/pokemon_killlists.csv
season_003,Regular Season,rueckrunde,Elevoltek,elevoltek,electivire,PresentLP,present,Prekani,prekani,manual_graphic_assignment,https://docs.google.com/spreadsheets/d/1JZpA-5XDldN2bjfvhvBPHYK-1AENETLnF1UxNEpWlNA/edit#gid=352888197;data/manual/team_pokemon_usage.csv;output/team-graphics/s3/GPL Teams Spieltag 14 (1).jpg
season_003,Regular Season,rueckrunde,Fermicula,fermicula,durant,PresentLP,present,Prekani,prekani,manual_graphic_assignment,https://docs.google.com/spreadsheets/d/1JZpA-5XDldN2bjfvhvBPHYK-1AENETLnF1UxNEpWlNA/edit#gid=352888197;data/manual/team_pokemon_usage.csv;output/team-graphics/s3/GPL Teams Spieltag 14 (1).jpg
season_003,Regular Season,rueckrunde,Frigometri,frigometri,cryogonal,PresentLP,present,Prekani,prekani,manual_override,https://docs.google.com/spreadsheets/d/1JZpA-5XDldN2bjfvhvBPHYK-1AENETLnF1UxNEpWlNA/edit#gid=352888197;data/manual/pokemon_killlists.csv
season_003,Regular Season,rueckrunde,Gastrodon,gastrodon,gastrodon,PresentLP,present,Prekani,prekani,manual_graphic_assignment,https://docs.google.com/spreadsheets/d/1JZpA-5XDldN2bjfvhvBPHYK-1AENETLnF1UxNEpWlNA/edit#gid=352888197;data/manual/team_pokemon_usage.csv;output/team-graphics/s3/GPL Teams Spieltag 14 (1).jpg
season_003,Regular Season,rueckrunde,Latios,latios,latios,PresentLP,present,Prekani,prekani,manual_graphic_assignment,https://docs.google.com/spreadsheets/d/1JZpA-5XDldN2bjfvhvBPHYK-1AENETLnF1UxNEpWlNA/edit#gid=352888197;data/manual/team_pokemon_usage.csv;output/team-graphics/s3/GPL Teams Spieltag 14 (1).jpg
season_003,Regular Season,rueckrunde,Mega-Absol,megaabsol,absolmega,PresentLP,present,Prekani,prekani,manual_override,https://docs.google.com/spreadsheets/d/1JZpA-5XDldN2bjfvhvBPHYK-1AENETLnF1UxNEpWlNA/edit#gid=352888197;data/manual/team_pokemon_usage.csv;output/team-graphics/s3/GPL Teams Spieltag 14 (1).jpg;data/manual/pokemon_killlists.csv
season_003,Regular Season,rueckrunde,Nachtara,nachtara,umbreon,PresentLP,present,Prekani,prekani,manual_graphic_assignment,https://docs.google.com/spreadsheets/d/1JZpA-5XDldN2bjfvhvBPHYK-1AENETLnF1UxNEpWlNA/edit#gid=352888197;data/manual/team_pokemon_usage.csv;output/team-graphics/s3/GPL Teams Spieltag 14 (1).jpg
season_003,Regular Season,rueckrunde,Nidoking,nidoking,nidoking,PresentLP,present,Prekani,prekani,manual_override,https://docs.google.com/spreadsheets/d/1JZpA-5XDldN2bjfvhvBPHYK-1AENETLnF1UxNEpWlNA/edit#gid=352888197;data/manual/team_pokemon_usage.csv;output/team-graphics/s3/GPL Teams Spieltag 14 (1).jpg;data/manual/pokemon_killlists.csv
season_003,Regular Season,rueckrunde,Panzaeron,panzaeron,skarmory,PresentLP,present,Prekani,prekani,manual_graphic_assignment,https://docs.google.com/spreadsheets/d/1JZpA-5XDldN2bjfvhvBPHYK-1AENETLnF1UxNEpWlNA/edit#gid=352888197;data/manual/team_pokemon_usage.csv;output/team-graphics/s3/GPL Teams Spieltag 14 (1).jpg
season_003,Regular Season,rueckrunde,Regirock,regirock,regirock,PresentLP,present,Prekani,prekani,manual_graphic_assignment,https://docs.google.com/spreadsheets/d/1JZpA-5XDldN2bjfvhvBPHYK-1AENETLnF1UxNEpWlNA/edit#gid=352888197;data/manual/team_pokemon_usage.csv;output/team-graphics/s3/GPL Teams Spieltag 14 (1).jpg
season_003,Liga 1,,Armaldo,armaldo,armaldo,Raizor,raizor,,,old_project_team_note,https://docs.google.com/spreadsheets/d/1JZpA-5XDldN2bjfvhvBPHYK-1AENETLnF1UxNEpWlNA/edit#gid=352888197;https://docs.google.com/spreadsheets/d/1kXhNwKGrqQTwSal0NxpZ9h0yo6u_mQwhwg4vGVwxMX4/edit#gid=0
season_003,Liga 1,,Entei,entei,entei,Raizor,raizor,,,old_project_team_note,https://docs.google.com/spreadsheets/d/1JZpA-5XDldN2bjfvhvBPHYK-1AENETLnF1UxNEpWlNA/edit#gid=352888197;https://docs.google.com/spreadsheets/d/1kXhNwKGrqQTwSal0NxpZ9h0yo6u_mQwhwg4vGVwxMX4/edit#gid=0
season_003,Liga 1,,Hippoterus,hippoterus,hippowdon,Raizor,raizor,,,old_project_team_note,https://docs.google.com/spreadsheets/d/1JZpA-5XDldN2bjfvhvBPHYK-1AENETLnF1UxNEpWlNA/edit#gid=352888197;https://docs.google.com/spreadsheets/d/1kXhNwKGrqQTwSal0NxpZ9h0yo6u_mQwhwg4vGVwxMX4/edit#gid=0
season_003,Liga 1,,Hoopa-Gebanntes Hoopa,hoopagebannteshoopa,hoopa,Raizor,raizor,,,old_project_team_note,https://docs.google.com/spreadsheets/d/1JZpA-5XDldN2bjfvhvBPHYK-1AENETLnF1UxNEpWlNA/edit#gid=352888197;https://docs.google.com/spreadsheets/d/1kXhNwKGrqQTwSal0NxpZ9h0yo6u_mQwhwg4vGVwxMX4/edit#gid=0
season_003,Liga 1,,Keifel,keifel,piloswine,Raizor,raizor,,,old_project_team_note,https://docs.google.com/spreadsheets/d/1JZpA-5XDldN2bjfvhvBPHYK-1AENETLnF1UxNEpWlNA/edit#gid=352888197;https://docs.google.com/spreadsheets/d/1kXhNwKGrqQTwSal0NxpZ9h0yo6u_mQwhwg4vGVwxMX4/edit#gid=0
season_003,Liga 1,,Mamolida,mamolida,alomomola,Raizor,raizor,,,old_project_team_note,https://docs.google.com/spreadsheets/d/1JZpA-5XDldN2bjfvhvBPHYK-1AENETLnF1UxNEpWlNA/edit#gid=352888197;https://docs.google.com/spreadsheets/d/1kXhNwKGrqQTwSal0NxpZ9h0yo6u_mQwhwg4vGVwxMX4/edit#gid=0
season_003,Liga 1,,Mega-Knakrack,megaknakrack,garchompmega,Raizor,raizor,,,old_project_team_note,https://docs.google.com/spreadsheets/d/1JZpA-5XDldN2bjfvhvBPHYK-1AENETLnF1UxNEpWlNA/edit#gid=352888197;https://docs.google.com/spreadsheets/d/1kXhNwKGrqQTwSal0NxpZ9h0yo6u_mQwhwg4vGVwxMX4/edit#gid=0
season_003,Liga 1,,Pantimos,pantimos,mrmime,Raizor,raizor,,,old_project_team_note,https://docs.google.com/spreadsheets/d/1JZpA-5XDldN2bjfvhvBPHYK-1AENETLnF1UxNEpWlNA/edit#gid=352888197;https://docs.google.com/spreadsheets/d/1kXhNwKGrqQTwSal0NxpZ9h0yo6u_mQwhwg4vGVwxMX4/edit#gid=0
season_003,Liga 1,,Stalobor,stalobor,excadrill,Raizor,raizor,,,old_project_team_note,https://docs.google.com/spreadsheets/d/1JZpA-5XDldN2bjfvhvBPHYK-1AENETLnF1UxNEpWlNA/edit#gid=352888197;https://docs.google.com/spreadsheets/d/1kXhNwKGrqQTwSal0NxpZ9h0yo6u_mQwhwg4vGVwxMX4/edit#gid=0
season_003,Liga 1,,Toxiquak,toxiquak,toxicroak,Raizor,raizor,,,old_project_team_note,https://docs.google.com/spreadsheets/d/1JZpA-5XDldN2bjfvhvBPHYK-1AENETLnF1UxNEpWlNA/edit#gid=352888197;https://docs.google.com/spreadsheets/d/1kXhNwKGrqQTwSal0NxpZ9h0yo6u_mQwhwg4vGVwxMX4/edit#gid=0
season_003,Liga 1,,Washakwil,washakwil,braviary,Raizor,raizor,,,old_project_team_note,https://docs.google.com/spreadsheets/d/1JZpA-5XDldN2bjfvhvBPHYK-1AENETLnF1UxNEpWlNA/edit#gid=352888197;https://docs.google.com/spreadsheets/d/1kXhNwKGrqQTwSal0NxpZ9h0yo6u_mQwhwg4vGVwxMX4/edit#gid=0
season_003,Regular Season,rueckrunde,Boreos-I,boreosi,tornadus,Raizor,raizor,Unbound Zoroarks,unboundzoroarks,manual_graphic_assignment,https://docs.google.com/spreadsheets/d/1JZpA-5XDldN2bjfvhvBPHYK-1AENETLnF1UxNEpWlNA/edit#gid=352888197;data/manual/team_pokemon_usage.csv;output/team-graphics/s3/GPL Teams Spieltag 14 (1).jpg
season_003,Regular Season,rueckrunde,Entei,entei,entei,Raizor,raizor,Unbound Zoroarks,unboundzoroarks,manual_override,https://docs.google.com/spreadsheets/d/1JZpA-5XDldN2bjfvhvBPHYK-1AENETLnF1UxNEpWlNA/edit#gid=352888197;data/manual/team_pokemon_usage.csv;output/team-graphics/s3/GPL Teams Spieltag 14 (1).jpg;data/manual/pokemon_killlists.csv
season_003,Regular Season,rueckrunde,Hippoterus,hippoterus,hippowdon,Raizor,raizor,Unbound Zoroarks,unboundzoroarks,manual_graphic_assignment,https://docs.google.com/spreadsheets/d/1JZpA-5XDldN2bjfvhvBPHYK-1AENETLnF1UxNEpWlNA/edit#gid=352888197;data/manual/team_pokemon_usage.csv;output/team-graphics/s3/GPL Teams Spieltag 14 (1).jpg
season_003,Regular Season,rueckrunde,Hoopa-Gebanntes Hoopa,hoopagebannteshoopa,hoopa,Raizor,raizor,Unbound Zoroarks,unboundzoroarks,manual_override,https://docs.google.com/spreadsheets/d/1JZpA-5XDldN2bjfvhvBPHYK-1AENETLnF1UxNEpWlNA/edit#gid=352888197;data/manual/pokemon_killlists.csv;data/manual/team_pokemon_usage.csv
season_003,Regular Season,rueckrunde,Lapras,lapras,lapras,Raizor,raizor,Unbound Zoroarks,unboundzoroarks,manual_graphic_assignment,https://docs.google.com/spreadsheets/d/1JZpA-5XDldN2bjfvhvBPHYK-1AENETLnF1UxNEpWlNA/edit#gid=352888197;data/manual/team_pokemon_usage.csv;output/team-graphics/s3/GPL Teams Spieltag 14 (1).jpg
season_003,Regular Season,rueckrunde,Mamolida,mamolida,alomomola,Raizor,raizor,Unbound Zoroarks,unboundzoroarks,manual_override,https://docs.google.com/spreadsheets/d/1JZpA-5XDldN2bjfvhvBPHYK-1AENETLnF1UxNEpWlNA/edit#gid=352888197;data/manual/pokemon_killlists.csv
season_003,Regular Season,rueckrunde,Mega-Knakrack,megaknakrack,garchompmega,Raizor,raizor,Unbound Zoroarks,unboundzoroarks,manual_override,https://docs.google.com/spreadsheets/d/1JZpA-5XDldN2bjfvhvBPHYK-1AENETLnF1UxNEpWlNA/edit#gid=352888197;data/manual/team_pokemon_usage.csv;output/team-graphics/s3/GPL Teams Spieltag 14 (1).jpg;data/manual/pokemon_killlists.csv
season_003,Regular Season,rueckrunde,Pantimos,pantimos,mrmime,Raizor,raizor,Unbound Zoroarks,unboundzoroarks,manual_graphic_assignment,https://docs.google.com/spreadsheets/d/1JZpA-5XDldN2bjfvhvBPHYK-1AENETLnF1UxNEpWlNA/edit#gid=352888197;data/manual/team_pokemon_usage.csv;output/team-graphics/s3/GPL Teams Spieltag 14 (1).jpg
season_003,Regular Season,rueckrunde,Stalobor,stalobor,excadrill,Raizor,raizor,Unbound Zoroarks,unboundzoroarks,manual_override,https://docs.google.com/spreadsheets/d/1JZpA-5XDldN2bjfvhvBPHYK-1AENETLnF1UxNEpWlNA/edit#gid=352888197;data/manual/team_pokemon_usage.csv;output/team-graphics/s3/GPL Teams Spieltag 14 (1).jpg;data/manual/pokemon_killlists.csv
season_003,Regular Season,rueckrunde,Viridium,viridium,virizion,Raizor,raizor,Unbound Zoroarks,unboundzoroarks,manual_graphic_assignment,https://docs.google.com/spreadsheets/d/1JZpA-5XDldN2bjfvhvBPHYK-1AENETLnF1UxNEpWlNA/edit#gid=352888197;data/manual/team_pokemon_usage.csv;output/team-graphics/s3/GPL Teams Spieltag 14 (1).jpg
season_003,Regular Season,rueckrunde,Washakwil,washakwil,braviary,Raizor,raizor,Unbound Zoroarks,unboundzoroarks,manual_graphic_assignment,https://docs.google.com/spreadsheets/d/1JZpA-5XDldN2bjfvhvBPHYK-1AENETLnF1UxNEpWlNA/edit#gid=352888197;data/manual/team_pokemon_usage.csv;output/team-graphics/s3/GPL Teams Spieltag 14 (1).jpg
season_003,Regular Season,rueckrunde,Despotar,despotar,tyranitar,RegiBang,regibang,Glorious Emperors,gloriousemperors,manual_override,https://docs.google.com/spreadsheets/d/1JZpA-5XDldN2bjfvhvBPHYK-1AENETLnF1UxNEpWlNA/edit#gid=352888197;data/manual/pokemon_killlists.csv
season_003,Regular Season,rueckrunde,Flambirex,flambirex,emboar,RegiBang,regibang,Glorious Emperors,gloriousemperors,manual_graphic_assignment,https://docs.google.com/spreadsheets/d/1JZpA-5XDldN2bjfvhvBPHYK-1AENETLnF1UxNEpWlNA/edit#gid=352888197;data/manual/team_pokemon_usage.csv;output/team-graphics/s3/GPL Teams Spieltag 14 (2).jpg
season_003,Regular Season,rueckrunde,Garados,garados,gyarados,RegiBang,regibang,Glorious Emperors,gloriousemperors,manual_graphic_assignment,https://docs.google.com/spreadsheets/d/1JZpA-5XDldN2bjfvhvBPHYK-1AENETLnF1UxNEpWlNA/edit#gid=352888197;data/manual/team_pokemon_usage.csv;output/team-graphics/s3/GPL Teams Spieltag 14 (2).jpg
season_003,Regular Season,rueckrunde,Hutsassa,hutsassa,amoonguss,RegiBang,regibang,Glorious Emperors,gloriousemperors,manual_graphic_assignment,https://docs.google.com/spreadsheets/d/1JZpA-5XDldN2bjfvhvBPHYK-1AENETLnF1UxNEpWlNA/edit#gid=352888197;data/manual/team_pokemon_usage.csv;output/team-graphics/s3/GPL Teams Spieltag 14 (2).jpg
season_003,Regular Season,rueckrunde,Impoleon,impoleon,empoleon,RegiBang,regibang,Glorious Emperors,gloriousemperors,manual_graphic_assignment,https://docs.google.com/spreadsheets/d/1JZpA-5XDldN2bjfvhvBPHYK-1AENETLnF1UxNEpWlNA/edit#gid=352888197;data/manual/team_pokemon_usage.csv;output/team-graphics/s3/GPL Teams Spieltag 14 (2).jpg
season_003,Regular Season,rueckrunde,Knakrack,knakrack,garchomp,RegiBang,regibang,Glorious Emperors,gloriousemperors,manual_override,https://docs.google.com/spreadsheets/d/1JZpA-5XDldN2bjfvhvBPHYK-1AENETLnF1UxNEpWlNA/edit#gid=352888197;data/manual/team_pokemon_usage.csv;output/team-graphics/s3/GPL Teams Spieltag 14 (2).jpg;data/manual/pokemon_killlists.csv
season_003,Regular Season,rueckrunde,Lanturn,lanturn,lanturn,RegiBang,regibang,Glorious Emperors,gloriousemperors,manual_graphic_assignment,https://docs.google.com/spreadsheets/d/1JZpA-5XDldN2bjfvhvBPHYK-1AENETLnF1UxNEpWlNA/edit#gid=352888197;data/manual/team_pokemon_usage.csv;output/team-graphics/s3/GPL Teams Spieltag 14 (2).jpg
season_003,Regular Season,rueckrunde,Mega-Bibor,megabibor,beedrillmega,RegiBang,regibang,Glorious Emperors,gloriousemperors,manual_override,https://docs.google.com/spreadsheets/d/1JZpA-5XDldN2bjfvhvBPHYK-1AENETLnF1UxNEpWlNA/edit#gid=352888197;data/manual/team_pokemon_usage.csv;output/team-graphics/s3/GPL Teams Spieltag 14 (2).jpg;data/manual/pokemon_killlists.csv
season_003,Regular Season,rueckrunde,Pixi,pixi,clefable,RegiBang,regibang,Glorious Emperors,gloriousemperors,manual_graphic_assignment,https://docs.google.com/spreadsheets/d/1JZpA-5XDldN2bjfvhvBPHYK-1AENETLnF1UxNEpWlNA/edit#gid=352888197;data/manual/team_pokemon_usage.csv;output/team-graphics/s3/GPL Teams Spieltag 14 (2).jpg
season_003,Regular Season,rueckrunde,Rossana,rossana,jynx,RegiBang,regibang,Glorious Emperors,gloriousemperors,manual_graphic_assignment,https://docs.google.com/spreadsheets/d/1JZpA-5XDldN2bjfvhvBPHYK-1AENETLnF1UxNEpWlNA/edit#gid=352888197;data/manual/team_pokemon_usage.csv;output/team-graphics/s3/GPL Teams Spieltag 14 (2).jpg
season_003,Regular Season,rueckrunde,Rotom,rotom,rotom,RegiBang,regibang,Glorious Emperors,gloriousemperors,manual_override,https://docs.google.com/spreadsheets/d/1JZpA-5XDldN2bjfvhvBPHYK-1AENETLnF1UxNEpWlNA/edit#gid=352888197;data/manual/pokemon_killlists.csv
season_003,Regular Season,rueckrunde,Voltolos-T,voltolost,thundurustherian,RegiBang,regibang,Glorious Emperors,gloriousemperors,manual_graphic_assignment,https://docs.google.com/spreadsheets/d/1JZpA-5XDldN2bjfvhvBPHYK-1AENETLnF1UxNEpWlNA/edit#gid=352888197;data/manual/team_pokemon_usage.csv;output/team-graphics/s3/GPL Teams Spieltag 14 (2).jpg
season_003,Regular Season,rueckrunde,Xatu,xatu,xatu,RegiBang,regibang,Glorious Emperors,gloriousemperors,manual_graphic_assignment,https://docs.google.com/spreadsheets/d/1JZpA-5XDldN2bjfvhvBPHYK-1AENETLnF1UxNEpWlNA/edit#gid=352888197;data/manual/team_pokemon_usage.csv;output/team-graphics/s3/GPL Teams Spieltag 14 (2).jpg
season_003,Regular Season,rueckrunde,Aeropteryx,aeropteryx,archeops,Shiro,shiro,Munich Magbys*²,munichmagbys,manual_graphic_assignment,https://docs.google.com/spreadsheets/d/1JZpA-5XDldN2bjfvhvBPHYK-1AENETLnF1UxNEpWlNA/edit#gid=352888197;data/manual/team_pokemon_usage.csv;output/team-graphics/s3/GPL Teams Spieltag 14 (1).jpg
season_003,Regular Season,rueckrunde,Arkani,arkani,arcanine,Shiro,shiro,Munich Magbys*²,munichmagbys,manual_graphic_assignment,https://docs.google.com/spreadsheets/d/1JZpA-5XDldN2bjfvhvBPHYK-1AENETLnF1UxNEpWlNA/edit#gid=352888197;data/manual/team_pokemon_usage.csv;output/team-graphics/s3/GPL Teams Spieltag 14 (1).jpg
season_003,Regular Season,rueckrunde,Demeteros-I,demeterosi,landorus,Shiro,shiro,Munich Magbys*²,munichmagbys,manual_graphic_assignment,https://docs.google.com/spreadsheets/d/1JZpA-5XDldN2bjfvhvBPHYK-1AENETLnF1UxNEpWlNA/edit#gid=352888197;data/manual/team_pokemon_usage.csv;output/team-graphics/s3/GPL Teams Spieltag 14 (1).jpg
season_003,Regular Season,rueckrunde,Duokles,duokles,doublade,Shiro,shiro,Munich Magbys*²,munichmagbys,manual_graphic_assignment,https://docs.google.com/spreadsheets/d/1JZpA-5XDldN2bjfvhvBPHYK-1AENETLnF1UxNEpWlNA/edit#gid=352888197;data/manual/team_pokemon_usage.csv;output/team-graphics/s3/GPL Teams Spieltag 14 (1).jpg
season_003,Regular Season,rueckrunde,Hydragil,hydragil,accelgor,Shiro,shiro,Munich Magbys*²,munichmagbys,manual_override,https://docs.google.com/spreadsheets/d/1JZpA-5XDldN2bjfvhvBPHYK-1AENETLnF1UxNEpWlNA/edit#gid=352888197;data/manual/pokemon_killlists.csv
season_003,Regular Season,rueckrunde,Kicklee,kicklee,hitmonlee,Shiro,shiro,Munich Magbys*²,munichmagbys,manual_graphic_assignment,https://docs.google.com/spreadsheets/d/1JZpA-5XDldN2bjfvhvBPHYK-1AENETLnF1UxNEpWlNA/edit#gid=352888197;data/manual/team_pokemon_usage.csv;output/team-graphics/s3/GPL Teams Spieltag 14 (1).jpg
season_003,Regular Season,rueckrunde,Klikdiklak,klikdiklak,klinklang,Shiro,shiro,Munich Magbys*²,munichmagbys,manual_graphic_assignment,https://docs.google.com/spreadsheets/d/1JZpA-5XDldN2bjfvhvBPHYK-1AENETLnF1UxNEpWlNA/edit#gid=352888197;data/manual/team_pokemon_usage.csv;output/team-graphics/s3/GPL Teams Spieltag 14 (1).jpg
season_003,Regular Season,rueckrunde,Krebutack,krebutack,crawdaunt,Shiro,shiro,Munich Magbys*²,munichmagbys,manual_graphic_assignment,https://docs.google.com/spreadsheets/d/1JZpA-5XDldN2bjfvhvBPHYK-1AENETLnF1UxNEpWlNA/edit#gid=352888197;data/manual/team_pokemon_usage.csv;output/team-graphics/s3/GPL Teams Spieltag 14 (1).jpg
season_003,Regular Season,rueckrunde,Mega-Altaria,megaaltaria,altariamega,Shiro,shiro,Munich Magbys*²,munichmagbys,manual_graphic_assignment,https://docs.google.com/spreadsheets/d/1JZpA-5XDldN2bjfvhvBPHYK-1AENETLnF1UxNEpWlNA/edit#gid=352888197;data/manual/team_pokemon_usage.csv;output/team-graphics/s3/GPL Teams Spieltag 14 (1).jpg
season_003,Regular Season,rueckrunde,Raikou,raikou,raikou,Shiro,shiro,Munich Magbys*²,munichmagbys,manual_override,https://docs.google.com/spreadsheets/d/1JZpA-5XDldN2bjfvhvBPHYK-1AENETLnF1UxNEpWlNA/edit#gid=352888197;data/manual/pokemon_killlists.csv
season_003,Regular Season,rueckrunde,Roserade,roserade,roserade,Shiro,shiro,Munich Magbys*²,munichmagbys,manual_override,https://docs.google.com/spreadsheets/d/1JZpA-5XDldN2bjfvhvBPHYK-1AENETLnF1UxNEpWlNA/edit#gid=352888197;data/manual/pokemon_killlists.csv
season_003,Regular Season,rueckrunde,Serpiroyal,serpiroyal,serperior,Shiro,shiro,Munich Magbys*²,munichmagbys,manual_graphic_assignment,https://docs.google.com/spreadsheets/d/1JZpA-5XDldN2bjfvhvBPHYK-1AENETLnF1UxNEpWlNA/edit#gid=352888197;data/manual/team_pokemon_usage.csv;output/team-graphics/s3/GPL Teams Spieltag 14 (1).jpg
season_003,Regular Season,rueckrunde,Shardrago,shardrago,druddigon,Shiro,shiro,Munich Magbys*²,munichmagbys,manual_graphic_assignment,https://docs.google.com/spreadsheets/d/1JZpA-5XDldN2bjfvhvBPHYK-1AENETLnF1UxNEpWlNA/edit#gid=352888197;data/manual/team_pokemon_usage.csv;output/team-graphics/s3/GPL Teams Spieltag 14 (1).jpg
season_003,Regular Season,rueckrunde,Tauros,tauros,tauros,Shiro,shiro,Munich Magbys*²,munichmagbys,manual_graphic_assignment,https://docs.google.com/spreadsheets/d/1JZpA-5XDldN2bjfvhvBPHYK-1AENETLnF1UxNEpWlNA/edit#gid=352888197;data/manual/team_pokemon_usage.csv;output/team-graphics/s3/GPL Teams Spieltag 14 (1).jpg
season_003,Regular Season,rueckrunde,Zwirrklop,zwirrklop,dusclops,Shiro,shiro,Munich Magbys*²,munichmagbys,manual_override,https://docs.google.com/spreadsheets/d/1JZpA-5XDldN2bjfvhvBPHYK-1AENETLnF1UxNEpWlNA/edit#gid=352888197;data/manual/pokemon_killlists.csv
season_003,Liga 1,,Amigento-Typ:Boden,amigentotypboden,silvallyground,SurskitTV,surskittv,,,old_project_team_note,https://docs.google.com/spreadsheets/d/1JZpA-5XDldN2bjfvhvBPHYK-1AENETLnF1UxNEpWlNA/edit#gid=352888197;https://docs.google.com/spreadsheets/d/1kXhNwKGrqQTwSal0NxpZ9h0yo6u_mQwhwg4vGVwxMX4/edit#gid=0
season_003,Regular Season,rueckrunde,Bisaflor,bisaflor,venusaur,SurskitTV,surskittv,Surstars,surstars,manual_graphic_assignment,https://docs.google.com/spreadsheets/d/1JZpA-5XDldN2bjfvhvBPHYK-1AENETLnF1UxNEpWlNA/edit#gid=352888197;data/manual/team_pokemon_usage.csv;output/team-graphics/s3/GPL Teams Spieltag 14 (2).jpg
season_003,Regular Season,rueckrunde,Guardevoir,guardevoir,gardevoir,SurskitTV,surskittv,Surstars,surstars,manual_graphic_assignment,https://docs.google.com/spreadsheets/d/1JZpA-5XDldN2bjfvhvBPHYK-1AENETLnF1UxNEpWlNA/edit#gid=352888197;data/manual/team_pokemon_usage.csv;output/team-graphics/s3/GPL Teams Spieltag 14 (2).jpg
season_003,Regular Season,rueckrunde,Iksbat,iksbat,crobat,SurskitTV,surskittv,Surstars,surstars,manual_graphic_assignment,https://docs.google.com/spreadsheets/d/1JZpA-5XDldN2bjfvhvBPHYK-1AENETLnF1UxNEpWlNA/edit#gid=352888197;data/manual/team_pokemon_usage.csv;output/team-graphics/s3/GPL Teams Spieltag 14 (2).jpg
season_003,Regular Season,rueckrunde,Kappalores,kappalores,ludicolo,SurskitTV,surskittv,Surstars,surstars,manual_override,https://docs.google.com/spreadsheets/d/1JZpA-5XDldN2bjfvhvBPHYK-1AENETLnF1UxNEpWlNA/edit#gid=352888197;data/manual/pokemon_killlists.csv
season_003,Regular Season,rueckrunde,Lahmus,lahmus,slowbro,SurskitTV,surskittv,Surstars,surstars,manual_graphic_assignment,https://docs.google.com/spreadsheets/d/1JZpA-5XDldN2bjfvhvBPHYK-1AENETLnF1UxNEpWlNA/edit#gid=352888197;data/manual/team_pokemon_usage.csv;output/team-graphics/s3/GPL Teams Spieltag 14 (2).jpg
season_003,Regular Season,rueckrunde,Mega-Schlapor,megaschlapor,lopunnymega,SurskitTV,surskittv,Surstars,surstars,manual_graphic_assignment,https://docs.google.com/spreadsheets/d/1JZpA-5XDldN2bjfvhvBPHYK-1AENETLnF1UxNEpWlNA/edit#gid=352888197;data/manual/team_pokemon_usage.csv;output/team-graphics/s3/GPL Teams Spieltag 14 (2).jpg
season_003,Regular Season,rueckrunde,Metagross,metagross,metagross,SurskitTV,surskittv,Surstars,surstars,manual_override,https://docs.google.com/spreadsheets/d/1JZpA-5XDldN2bjfvhvBPHYK-1AENETLnF1UxNEpWlNA/edit#gid=352888197;data/manual/pokemon_killlists.csv
season_003,Regular Season,rueckrunde,Parfinesse,parfinesse,aromatisse,SurskitTV,surskittv,Surstars,surstars,manual_override,https://docs.google.com/spreadsheets/d/1JZpA-5XDldN2bjfvhvBPHYK-1AENETLnF1UxNEpWlNA/edit#gid=352888197;data/manual/pokemon_killlists.csv
season_003,Regular Season,rueckrunde,Rizeros,rizeros,rhydon,SurskitTV,surskittv,Surstars,surstars,manual_graphic_assignment,https://docs.google.com/spreadsheets/d/1JZpA-5XDldN2bjfvhvBPHYK-1AENETLnF1UxNEpWlNA/edit#gid=352888197;data/manual/team_pokemon_usage.csv;output/team-graphics/s3/GPL Teams Spieltag 14 (2).jpg
season_003,Regular Season,rueckrunde,Sabbaione,sabbaione,slurpuff,SurskitTV,surskittv,Surstars,surstars,manual_override,https://docs.google.com/spreadsheets/d/1JZpA-5XDldN2bjfvhvBPHYK-1AENETLnF1UxNEpWlNA/edit#gid=352888197;data/manual/pokemon_killlists.csv
season_003,Regular Season,rueckrunde,Sandamer,sandamer,sandslash,SurskitTV,surskittv,Surstars,surstars,manual_graphic_assignment,https://docs.google.com/spreadsheets/d/1JZpA-5XDldN2bjfvhvBPHYK-1AENETLnF1UxNEpWlNA/edit#gid=352888197;data/manual/team_pokemon_usage.csv;output/team-graphics/s3/GPL Teams Spieltag 14 (2).jpg
season_003,Regular Season,rueckrunde,Skelabra,skelabra,chandelure,SurskitTV,surskittv,Surstars,surstars,manual_graphic_assignment,https://docs.google.com/spreadsheets/d/1JZpA-5XDldN2bjfvhvBPHYK-1AENETLnF1UxNEpWlNA/edit#gid=352888197;data/manual/team_pokemon_usage.csv;output/team-graphics/s3/GPL Teams Spieltag 14 (2).jpg
season_003,Regular Season,rueckrunde,Snibunna,snibunna,weavile,SurskitTV,surskittv,Surstars,surstars,manual_override,https://docs.google.com/spreadsheets/d/1JZpA-5XDldN2bjfvhvBPHYK-1AENETLnF1UxNEpWlNA/edit#gid=352888197;data/manual/team_pokemon_usage.csv;output/team-graphics/s3/GPL Teams Spieltag 14 (2).jpg;data/manual/pokemon_killlists.csv
season_003,Regular Season,rueckrunde,Zapplarang,zapplarang,eelektross,SurskitTV,surskittv,Surstars,surstars,manual_graphic_assignment,https://docs.google.com/spreadsheets/d/1JZpA-5XDldN2bjfvhvBPHYK-1AENETLnF1UxNEpWlNA/edit#gid=352888197;data/manual/team_pokemon_usage.csv;output/team-graphics/s3/GPL Teams Spieltag 14 (2).jpg
season_004,Regular Season,,Celebi,celebi,celebi,Art'n'Gaming,artngaming,Pyroars of the Carribean,pyroarsofthecarribean,manual_override,https://docs.google.com/spreadsheets/d/1JZpA-5XDldN2bjfvhvBPHYK-1AENETLnF1UxNEpWlNA/edit#gid=352888197;data/manual/pokemon_killlists.csv
season_004,Regular Season,,Chaneira,chaneira,chansey,Art'n'Gaming,artngaming,Pyroars of the Carribean,pyroarsofthecarribean,manual_override,https://docs.google.com/spreadsheets/d/1JZpA-5XDldN2bjfvhvBPHYK-1AENETLnF1UxNEpWlNA/edit#gid=352888197;data/manual/pokemon_killlists.csv
season_004,Regular Season,,Digdri,digdri,dugtrio,Art'n'Gaming,artngaming,Pyroars of the Carribean,pyroarsofthecarribean,manual_override,https://docs.google.com/spreadsheets/d/1JZpA-5XDldN2bjfvhvBPHYK-1AENETLnF1UxNEpWlNA/edit#gid=352888197;data/manual/pokemon_killlists.csv
season_004,Regular Season,,Forstellka,forstellka,forretress,Art'n'Gaming,artngaming,Pyroars of the Carribean,pyroarsofthecarribean,manual_override,https://docs.google.com/spreadsheets/d/1JZpA-5XDldN2bjfvhvBPHYK-1AENETLnF1UxNEpWlNA/edit#gid=352888197;data/manual/pokemon_killlists.csv
season_004,Regular Season,,Grypheldis,grypheldis,mandibuzz,Art'n'Gaming,artngaming,Pyroars of the Carribean,pyroarsofthecarribean,manual_override,https://docs.google.com/spreadsheets/d/1JZpA-5XDldN2bjfvhvBPHYK-1AENETLnF1UxNEpWlNA/edit#gid=352888197;data/manual/pokemon_killlists.csv
season_004,Regular Season,,Keldeo,keldeo,keldeo,Art'n'Gaming,artngaming,Pyroars of the Carribean,pyroarsofthecarribean,manual_override,https://docs.google.com/spreadsheets/d/1JZpA-5XDldN2bjfvhvBPHYK-1AENETLnF1UxNEpWlNA/edit#gid=352888197;data/manual/pokemon_killlists.csv
season_004,Regular Season,,Magneton,magneton,magneton,Art'n'Gaming,artngaming,Pyroars of the Carribean,pyroarsofthecarribean,manual_override,https://docs.google.com/spreadsheets/d/1JZpA-5XDldN2bjfvhvBPHYK-1AENETLnF1UxNEpWlNA/edit#gid=352888197;data/manual/pokemon_killlists.csv
season_004,Regular Season,,Mega-Firnontor,megafirnontor,glaliemega,Art'n'Gaming,artngaming,Pyroars of the Carribean,pyroarsofthecarribean,manual_override,https://docs.google.com/spreadsheets/d/1JZpA-5XDldN2bjfvhvBPHYK-1AENETLnF1UxNEpWlNA/edit#gid=352888197;data/manual/pokemon_killlists.csv
season_004,Regular Season,,Mega-Pinsir,megapinsir,pinsirmega,Art'n'Gaming,artngaming,Pyroars of the Carribean,pyroarsofthecarribean,manual_override,https://docs.google.com/spreadsheets/d/1JZpA-5XDldN2bjfvhvBPHYK-1AENETLnF1UxNEpWlNA/edit#gid=352888197;data/manual/pokemon_killlists.csv
season_004,Regular Season,,Mimigma,mimigma,mimikyu,Art'n'Gaming,artngaming,Pyroars of the Carribean,pyroarsofthecarribean,manual_override,https://docs.google.com/spreadsheets/d/1JZpA-5XDldN2bjfvhvBPHYK-1AENETLnF1UxNEpWlNA/edit#gid=352888197;data/manual/pokemon_killlists.csv
season_004,Regular Season,,Pyroleo,pyroleo,pyroar,Art'n'Gaming,artngaming,Pyroars of the Carribean,pyroarsofthecarribean,manual_override,https://docs.google.com/spreadsheets/d/1JZpA-5XDldN2bjfvhvBPHYK-1AENETLnF1UxNEpWlNA/edit#gid=352888197;data/manual/pokemon_killlists.csv
season_004,Regular Season,,Rameidon,rameidon,rampardos,Art'n'Gaming,artngaming,Pyroars of the Carribean,pyroarsofthecarribean,manual_override,https://docs.google.com/spreadsheets/d/1JZpA-5XDldN2bjfvhvBPHYK-1AENETLnF1UxNEpWlNA/edit#gid=352888197;data/manual/pokemon_killlists.csv
season_004,Regular Season,,Ursaring,ursaring,ursaring,Art'n'Gaming,artngaming,Pyroars of the Carribean,pyroarsofthecarribean,manual_override,https://docs.google.com/spreadsheets/d/1JZpA-5XDldN2bjfvhvBPHYK-1AENETLnF1UxNEpWlNA/edit#gid=352888197;data/manual/pokemon_killlists.csv
season_004,Regular Season,,Volcanion,volcanion,volcanion,Art'n'Gaming,artngaming,Pyroars of the Carribean,pyroarsofthecarribean,manual_override,https://docs.google.com/spreadsheets/d/1JZpA-5XDldN2bjfvhvBPHYK-1AENETLnF1UxNEpWlNA/edit#gid=352888197;data/manual/pokemon_killlists.csv
season_004,Regular Season,hinrunde,Amfira,amfira,salazzle,Bene,bene,Ritter der Tapukokosnuss,ritterdertapukokosnuss,manual_graphic_assignment,https://docs.google.com/spreadsheets/d/1JZpA-5XDldN2bjfvhvBPHYK-1AENETLnF1UxNEpWlNA/edit#gid=352888197;data/manual/team_pokemon_usage.csv;output/team-graphics/s4/Ritter der Tapukokosnuss - FullLifeGames.png
season_004,Regular Season,hinrunde,Demeteros-T,demeterost,landorustherian,Bene,bene,Ritter der Tapukokosnuss,ritterdertapukokosnuss,manual_graphic_assignment,https://docs.google.com/spreadsheets/d/1JZpA-5XDldN2bjfvhvBPHYK-1AENETLnF1UxNEpWlNA/edit#gid=352888197;data/manual/team_pokemon_usage.csv;output/team-graphics/s4/Ritter der Tapukokosnuss - FullLifeGames.png
season_004,Regular Season,hinrunde,Florges,florges,florges,Bene,bene,Ritter der Tapukokosnuss,ritterdertapukokosnuss,manual_graphic_assignment,https://docs.google.com/spreadsheets/d/1JZpA-5XDldN2bjfvhvBPHYK-1AENETLnF1UxNEpWlNA/edit#gid=352888197;data/manual/team_pokemon_usage.csv;output/team-graphics/s4/Ritter der Tapukokosnuss - FullLifeGames.png
season_004,Regular Season,hinrunde,Hariyama,hariyama,hariyama,Bene,bene,Ritter der Tapukokosnuss,ritterdertapukokosnuss,manual_override,https://docs.google.com/spreadsheets/d/1JZpA-5XDldN2bjfvhvBPHYK-1AENETLnF1UxNEpWlNA/edit#gid=352888197;data/manual/pokemon_killlists.csv
season_004,Regular Season,hinrunde,Jirachi,jirachi,jirachi,Bene,bene,Ritter der Tapukokosnuss,ritterdertapukokosnuss,manual_graphic_assignment,https://docs.google.com/spreadsheets/d/1JZpA-5XDldN2bjfvhvBPHYK-1AENETLnF1UxNEpWlNA/edit#gid=352888197;data/manual/team_pokemon_usage.csv;output/team-graphics/s4/Ritter der Tapukokosnuss - FullLifeGames.png
season_004,Regular Season,hinrunde,Karippas,karippas,carracosta,Bene,bene,Ritter der Tapukokosnuss,ritterdertapukokosnuss,manual_override,https://docs.google.com/spreadsheets/d/1JZpA-5XDldN2bjfvhvBPHYK-1AENETLnF1UxNEpWlNA/edit#gid=352888197;data/manual/pokemon_killlists.csv
season_004,Regular Season,hinrunde,Mantax,mantax,mantine,Bene,bene,Ritter der Tapukokosnuss,ritterdertapukokosnuss,manual_graphic_assignment,https://docs.google.com/spreadsheets/d/1JZpA-5XDldN2bjfvhvBPHYK-1AENETLnF1UxNEpWlNA/edit#gid=352888197;data/manual/team_pokemon_usage.csv;output/team-graphics/s4/Ritter der Tapukokosnuss - FullLifeGames.png
season_004,Regular Season,hinrunde,Mega-Bisaflor,megabisaflor,venusaurmega,Bene,bene,Ritter der Tapukokosnuss,ritterdertapukokosnuss,manual_graphic_assignment,https://docs.google.com/spreadsheets/d/1JZpA-5XDldN2bjfvhvBPHYK-1AENETLnF1UxNEpWlNA/edit#gid=352888197;data/manual/team_pokemon_usage.csv;output/team-graphics/s4/Ritter der Tapukokosnuss - FullLifeGames.png
season_004,Regular Season,hinrunde,Quappo,quappo,poliwrath,Bene,bene,Ritter der Tapukokosnuss,ritterdertapukokosnuss,manual_graphic_assignment,https://docs.google.com/spreadsheets/d/1JZpA-5XDldN2bjfvhvBPHYK-1AENETLnF1UxNEpWlNA/edit#gid=352888197;data/manual/team_pokemon_usage.csv;output/team-graphics/s4/Ritter der Tapukokosnuss - FullLifeGames.png
season_004,Regular Season,hinrunde,Rotom,rotom,rotom,Bene,bene,Ritter der Tapukokosnuss,ritterdertapukokosnuss,manual_graphic_assignment,https://docs.google.com/spreadsheets/d/1JZpA-5XDldN2bjfvhvBPHYK-1AENETLnF1UxNEpWlNA/edit#gid=352888197;data/manual/team_pokemon_usage.csv;output/team-graphics/s4/Ritter der Tapukokosnuss - FullLifeGames.png
season_004,Regular Season,hinrunde,Tauros,tauros,tauros,Bene,bene,Ritter der Tapukokosnuss,ritterdertapukokosnuss,manual_graphic_assignment,https://docs.google.com/spreadsheets/d/1JZpA-5XDldN2bjfvhvBPHYK-1AENETLnF1UxNEpWlNA/edit#gid=352888197;data/manual/team_pokemon_usage.csv;output/team-graphics/s4/Ritter der Tapukokosnuss - FullLifeGames.png
season_004,Regular Season,hinrunde,Trikephalo,trikephalo,hydreigon,Bene,bene,Ritter der Tapukokosnuss,ritterdertapukokosnuss,manual_graphic_assignment,https://docs.google.com/spreadsheets/d/1JZpA-5XDldN2bjfvhvBPHYK-1AENETLnF1UxNEpWlNA/edit#gid=352888197;data/manual/team_pokemon_usage.csv;output/team-graphics/s4/Ritter der Tapukokosnuss - FullLifeGames.png
season_004,Regular Season,hinrunde,Cresselia,cresselia,cresselia,CaptainCrinch,captaincrinch,Suicide Squad,suicidesquad,manual_graphic_assignment,https://docs.google.com/spreadsheets/d/1JZpA-5XDldN2bjfvhvBPHYK-1AENETLnF1UxNEpWlNA/edit#gid=352888197;data/manual/team_pokemon_usage.csv;output/team-graphics/s4/Suicide Squad - CaptainCrinch.png
season_004,Regular Season,hinrunde,Entei,entei,entei,CaptainCrinch,captaincrinch,Suicide Squad,suicidesquad,manual_graphic_assignment,https://docs.google.com/spreadsheets/d/1JZpA-5XDldN2bjfvhvBPHYK-1AENETLnF1UxNEpWlNA/edit#gid=352888197;data/manual/team_pokemon_usage.csv;output/team-graphics/s4/Suicide Squad - CaptainCrinch.png
season_004,Regular Season,hinrunde,Fiaro,fiaro,talonflame,CaptainCrinch,captaincrinch,Suicide Squad,suicidesquad,manual_graphic_assignment,https://docs.google.com/spreadsheets/d/1JZpA-5XDldN2bjfvhvBPHYK-1AENETLnF1UxNEpWlNA/edit#gid=352888197;data/manual/team_pokemon_usage.csv;output/team-graphics/s4/Suicide Squad - CaptainCrinch.png
season_004,Regular Season,hinrunde,Gastrodon,gastrodon,gastrodon,CaptainCrinch,captaincrinch,Suicide Squad,suicidesquad,manual_graphic_assignment,https://docs.google.com/spreadsheets/d/1JZpA-5XDldN2bjfvhvBPHYK-1AENETLnF1UxNEpWlNA/edit#gid=352888197;data/manual/team_pokemon_usage.csv;output/team-graphics/s4/Suicide Squad - CaptainCrinch.png
season_004,Regular Season,hinrunde,Kapoera,kapoera,hitmontop,CaptainCrinch,captaincrinch,Suicide Squad,suicidesquad,manual_graphic_assignment,https://docs.google.com/spreadsheets/d/1JZpA-5XDldN2bjfvhvBPHYK-1AENETLnF1UxNEpWlNA/edit#gid=352888197;data/manual/team_pokemon_usage.csv;output/team-graphics/s4/Suicide Squad - CaptainCrinch.png
season_004,Regular Season,hinrunde,Kapu-Riki,kapuriki,tapukoko,CaptainCrinch,captaincrinch,Suicide Squad,suicidesquad,manual_graphic_assignment,https://docs.google.com/spreadsheets/d/1JZpA-5XDldN2bjfvhvBPHYK-1AENETLnF1UxNEpWlNA/edit#gid=352888197;data/manual/team_pokemon_usage.csv;output/team-graphics/s4/Suicide Squad - CaptainCrinch.png
season_004,Regular Season,hinrunde,Katagami,katagami,kartana,CaptainCrinch,captaincrinch,Suicide Squad,suicidesquad,manual_graphic_assignment,https://docs.google.com/spreadsheets/d/1JZpA-5XDldN2bjfvhvBPHYK-1AENETLnF1UxNEpWlNA/edit#gid=352888197;data/manual/team_pokemon_usage.csv;output/team-graphics/s4/Suicide Squad - CaptainCrinch.png
season_004,Regular Season,hinrunde,Mega-Garados,megagarados,gyaradosmega,CaptainCrinch,captaincrinch,Suicide Squad,suicidesquad,manual_graphic_assignment,https://docs.google.com/spreadsheets/d/1JZpA-5XDldN2bjfvhvBPHYK-1AENETLnF1UxNEpWlNA/edit#gid=352888197;data/manual/team_pokemon_usage.csv;output/team-graphics/s4/Suicide Squad - CaptainCrinch.png
season_004,Regular Season,hinrunde,Rabigator,rabigator,krookodile,CaptainCrinch,captaincrinch,Suicide Squad,suicidesquad,manual_graphic_assignment,https://docs.google.com/spreadsheets/d/1JZpA-5XDldN2bjfvhvBPHYK-1AENETLnF1UxNEpWlNA/edit#gid=352888197;data/manual/team_pokemon_usage.csv;output/team-graphics/s4/Suicide Squad - CaptainCrinch.png
season_004,Regular Season,hinrunde,Alola Knogga,alolaknogga,marowakalola,CrowdController,crowdcontroller,Variant Vulpix,variantvulpix,manual_graphic_assignment,https://docs.google.com/spreadsheets/d/1JZpA-5XDldN2bjfvhvBPHYK-1AENETLnF1UxNEpWlNA/edit#gid=352888197;data/manual/team_pokemon_usage.csv;output/team-graphics/s4/Variant Vulpix - CrowdController.png
season_004,Regular Season,hinrunde,Donphan,donphan,donphan,CrowdController,crowdcontroller,Variant Vulpix,variantvulpix,manual_graphic_assignment,https://docs.google.com/spreadsheets/d/1JZpA-5XDldN2bjfvhvBPHYK-1AENETLnF1UxNEpWlNA/edit#gid=352888197;data/manual/team_pokemon_usage.csv;output/team-graphics/s4/Variant Vulpix - CrowdController.png
season_004,Regular Season,hinrunde,Hoopa-Gebanntes Hoopa,hoopagebannteshoopa,hoopa,CrowdController,crowdcontroller,Variant Vulpix,variantvulpix,manual_override,https://docs.google.com/spreadsheets/d/1JZpA-5XDldN2bjfvhvBPHYK-1AENETLnF1UxNEpWlNA/edit#gid=352888197;data/manual/pokemon_killlists.csv
season_004,Regular Season,hinrunde,Kapu-Kime,kapukime,tapufini,CrowdController,crowdcontroller,Variant Vulpix,variantvulpix,manual_graphic_assignment,https://docs.google.com/spreadsheets/d/1JZpA-5XDldN2bjfvhvBPHYK-1AENETLnF1UxNEpWlNA/edit#gid=352888197;data/manual/team_pokemon_usage.csv;output/team-graphics/s4/Variant Vulpix - CrowdController.png
season_004,Regular Season,hinrunde,Kobalium,kobalium,cobalion,CrowdController,crowdcontroller,Variant Vulpix,variantvulpix,manual_graphic_assignment,https://docs.google.com/spreadsheets/d/1JZpA-5XDldN2bjfvhvBPHYK-1AENETLnF1UxNEpWlNA/edit#gid=352888197;data/manual/team_pokemon_usage.csv;output/team-graphics/s4/Variant Vulpix - CrowdController.png
season_004,Regular Season,hinrunde,Latios,latios,latios,CrowdController,crowdcontroller,Variant Vulpix,variantvulpix,manual_graphic_assignment,https://docs.google.com/spreadsheets/d/1JZpA-5XDldN2bjfvhvBPHYK-1AENETLnF1UxNEpWlNA/edit#gid=352888197;data/manual/team_pokemon_usage.csv;output/team-graphics/s4/Variant Vulpix - CrowdController.png
season_004,Regular Season,hinrunde,Mega-Bibor,megabibor,beedrillmega,CrowdController,crowdcontroller,Variant Vulpix,variantvulpix,manual_graphic_assignment,https://docs.google.com/spreadsheets/d/1JZpA-5XDldN2bjfvhvBPHYK-1AENETLnF1UxNEpWlNA/edit#gid=352888197;data/manual/team_pokemon_usage.csv;output/team-graphics/s4/Variant Vulpix - CrowdController.png
season_004,Regular Season,hinrunde,Meloetta,meloetta,meloetta,CrowdController,crowdcontroller,Variant Vulpix,variantvulpix,manual_graphic_assignment,https://docs.google.com/spreadsheets/d/1JZpA-5XDldN2bjfvhvBPHYK-1AENETLnF1UxNEpWlNA/edit#gid=352888197;data/manual/team_pokemon_usage.csv;output/team-graphics/s4/Variant Vulpix - CrowdController.png
season_004,Regular Season,hinrunde,Piepi,piepi,clefairy,CrowdController,crowdcontroller,Variant Vulpix,variantvulpix,manual_override,https://docs.google.com/spreadsheets/d/1JZpA-5XDldN2bjfvhvBPHYK-1AENETLnF1UxNEpWlNA/edit#gid=352888197;data/manual/pokemon_killlists.csv
season_004,Regular Season,hinrunde,Rotom-Mow,rotommow,rotommow,CrowdController,crowdcontroller,Variant Vulpix,variantvulpix,manual_graphic_assignment,https://docs.google.com/spreadsheets/d/1JZpA-5XDldN2bjfvhvBPHYK-1AENETLnF1UxNEpWlNA/edit#gid=352888197;data/manual/team_pokemon_usage.csv;output/team-graphics/s4/Variant Vulpix - CrowdController.png
season_004,Regular Season,hinrunde,Sumpex,sumpex,swampert,CrowdController,crowdcontroller,Variant Vulpix,variantvulpix,manual_override,https://docs.google.com/spreadsheets/d/1JZpA-5XDldN2bjfvhvBPHYK-1AENETLnF1UxNEpWlNA/edit#gid=352888197;data/manual/pokemon_killlists.csv
season_004,Regular Season,hinrunde,Feelinara,feelinara,sylveon,Fnupa,fnupa,Slicing Knights,slicingknights,manual_graphic_assignment,https://docs.google.com/spreadsheets/d/1JZpA-5XDldN2bjfvhvBPHYK-1AENETLnF1UxNEpWlNA/edit#gid=352888197;data/manual/team_pokemon_usage.csv;output/team-graphics/s4/Slicing Knights - Cabgolord.png
season_004,Regular Season,hinrunde,Fuegro,fuegro,incineroar,Fnupa,fnupa,Slicing Knights,slicingknights,manual_graphic_assignment,https://docs.google.com/spreadsheets/d/1JZpA-5XDldN2bjfvhvBPHYK-1AENETLnF1UxNEpWlNA/edit#gid=352888197;data/manual/team_pokemon_usage.csv;output/team-graphics/s4/Slicing Knights - Cabgolord.png
season_004,Regular Season,hinrunde,Galagladi,galagladi,gallade,Fnupa,fnupa,Slicing Knights,slicingknights,manual_graphic_assignment,https://docs.google.com/spreadsheets/d/1JZpA-5XDldN2bjfvhvBPHYK-1AENETLnF1UxNEpWlNA/edit#gid=352888197;data/manual/team_pokemon_usage.csv;output/team-graphics/s4/Slicing Knights - Cabgolord.png
season_004,Regular Season,hinrunde,Impoleon,impoleon,empoleon,Fnupa,fnupa,Slicing Knights,slicingknights,manual_graphic_assignment,https://docs.google.com/spreadsheets/d/1JZpA-5XDldN2bjfvhvBPHYK-1AENETLnF1UxNEpWlNA/edit#gid=352888197;data/manual/team_pokemon_usage.csv;output/team-graphics/s4/Slicing Knights - Cabgolord.png
season_004,Regular Season,hinrunde,Kaguron,kaguron,celesteela,Fnupa,fnupa,Slicing Knights,slicingknights,manual_graphic_assignment,https://docs.google.com/spreadsheets/d/1JZpA-5XDldN2bjfvhvBPHYK-1AENETLnF1UxNEpWlNA/edit#gid=352888197;data/manual/team_pokemon_usage.csv;output/team-graphics/s4/Slicing Knights - Cabgolord.png
season_004,Regular Season,hinrunde,Kappalores,kappalores,ludicolo,Fnupa,fnupa,Slicing Knights,slicingknights,manual_override,https://docs.google.com/spreadsheets/d/1JZpA-5XDldN2bjfvhvBPHYK-1AENETLnF1UxNEpWlNA/edit#gid=352888197;data/manual/pokemon_killlists.csv
season_004,Regular Season,hinrunde,Kryppuk,kryppuk,spiritomb,Fnupa,fnupa,Slicing Knights,slicingknights,manual_graphic_assignment,https://docs.google.com/spreadsheets/d/1JZpA-5XDldN2bjfvhvBPHYK-1AENETLnF1UxNEpWlNA/edit#gid=352888197;data/manual/team_pokemon_usage.csv;output/team-graphics/s4/Slicing Knights - Cabgolord.png
season_004,Regular Season,hinrunde,Kyurem-Black,kyuremblack,kyuremblack,Fnupa,fnupa,Slicing Knights,slicingknights,manual_graphic_assignment,https://docs.google.com/spreadsheets/d/1JZpA-5XDldN2bjfvhvBPHYK-1AENETLnF1UxNEpWlNA/edit#gid=352888197;data/manual/team_pokemon_usage.csv;output/team-graphics/s4/Slicing Knights - Cabgolord.png
season_004,Regular Season,hinrunde,Miltank,miltank,miltank,Fnupa,fnupa,Slicing Knights,slicingknights,manual_graphic_assignment,https://docs.google.com/spreadsheets/d/1JZpA-5XDldN2bjfvhvBPHYK-1AENETLnF1UxNEpWlNA/edit#gid=352888197;data/manual/team_pokemon_usage.csv;output/team-graphics/s4/Slicing Knights - Cabgolord.png
season_004,Regular Season,hinrunde,Nidoking,nidoking,nidoking,Fnupa,fnupa,Slicing Knights,slicingknights,manual_graphic_assignment,https://docs.google.com/spreadsheets/d/1JZpA-5XDldN2bjfvhvBPHYK-1AENETLnF1UxNEpWlNA/edit#gid=352888197;data/manual/team_pokemon_usage.csv;output/team-graphics/s4/Slicing Knights - Cabgolord.png
season_004,Regular Season,hinrunde,Traunmagil,traunmagil,mismagius,Fnupa,fnupa,Slicing Knights,slicingknights,manual_graphic_assignment,https://docs.google.com/spreadsheets/d/1JZpA-5XDldN2bjfvhvBPHYK-1AENETLnF1UxNEpWlNA/edit#gid=352888197;data/manual/team_pokemon_usage.csv;output/team-graphics/s4/Slicing Knights - Cabgolord.png
season_004,Regular Season,hinrunde,Turtok,turtok,blastoise,Fnupa,fnupa,Slicing Knights,slicingknights,manual_override,https://docs.google.com/spreadsheets/d/1JZpA-5XDldN2bjfvhvBPHYK-1AENETLnF1UxNEpWlNA/edit#gid=352888197;data/manual/pokemon_killlists.csv
season_004,Regular Season,hinrunde,Voltolos-I,voltolosi,thundurus,Fnupa,fnupa,Slicing Knights,slicingknights,manual_graphic_assignment,https://docs.google.com/spreadsheets/d/1JZpA-5XDldN2bjfvhvBPHYK-1AENETLnF1UxNEpWlNA/edit#gid=352888197;data/manual/team_pokemon_usage.csv;output/team-graphics/s4/Slicing Knights - Cabgolord.png
season_004,Regular Season,hinrunde,Elevoltek,elevoltek,electivire,Lauris,lauris,Enteikutierung,enteikutierung,manual_graphic_assignment,https://docs.google.com/spreadsheets/d/1JZpA-5XDldN2bjfvhvBPHYK-1AENETLnF1UxNEpWlNA/edit#gid=352888197;data/manual/team_pokemon_usage.csv;output/team-graphics/s4/Enteikutierung - Lauris Enteitainment.png
season_004,Regular Season,hinrunde,Fruyal,fruyal,tsareena,Lauris,lauris,Enteikutierung,enteikutierung,manual_graphic_assignment,https://docs.google.com/spreadsheets/d/1JZpA-5XDldN2bjfvhvBPHYK-1AENETLnF1UxNEpWlNA/edit#gid=352888197;data/manual/team_pokemon_usage.csv;output/team-graphics/s4/Enteikutierung - Lauris Enteitainment.png
season_004,Regular Season,hinrunde,Iksbat,iksbat,crobat,Lauris,lauris,Enteikutierung,enteikutierung,manual_graphic_assignment,https://docs.google.com/spreadsheets/d/1JZpA-5XDldN2bjfvhvBPHYK-1AENETLnF1UxNEpWlNA/edit#gid=352888197;data/manual/team_pokemon_usage.csv;output/team-graphics/s4/Enteikutierung - Lauris Enteitainment.png
season_004,Regular Season,hinrunde,Keifel,keifel,piloswine,Lauris,lauris,Enteikutierung,enteikutierung,manual_override,https://docs.google.com/spreadsheets/d/1JZpA-5XDldN2bjfvhvBPHYK-1AENETLnF1UxNEpWlNA/edit#gid=352888197;data/manual/pokemon_killlists.csv
season_004,Regular Season,hinrunde,Lucario,lucario,lucario,Lauris,lauris,Enteikutierung,enteikutierung,manual_graphic_assignment,https://docs.google.com/spreadsheets/d/1JZpA-5XDldN2bjfvhvBPHYK-1AENETLnF1UxNEpWlNA/edit#gid=352888197;data/manual/team_pokemon_usage.csv;output/team-graphics/s4/Enteikutierung - Lauris Enteitainment.png
season_004,Regular Season,hinrunde,Mega-Glurak X,megaglurakx,charizardmegax,Lauris,lauris,Enteikutierung,enteikutierung,manual_graphic_assignment,https://docs.google.com/spreadsheets/d/1JZpA-5XDldN2bjfvhvBPHYK-1AENETLnF1UxNEpWlNA/edit#gid=352888197;data/manual/team_pokemon_usage.csv;output/team-graphics/s4/Enteikutierung - Lauris Enteitainment.png
season_004,Regular Season,hinrunde,Milotic,milotic,milotic,Lauris,lauris,Enteikutierung,enteikutierung,manual_graphic_assignment,https://docs.google.com/spreadsheets/d/1JZpA-5XDldN2bjfvhvBPHYK-1AENETLnF1UxNEpWlNA/edit#gid=352888197;data/manual/team_pokemon_usage.csv;output/team-graphics/s4/Enteikutierung - Lauris Enteitainment.png
season_004,Regular Season,hinrunde,Panzaeron,panzaeron,skarmory,Lauris,lauris,Enteikutierung,enteikutierung,manual_graphic_assignment,https://docs.google.com/spreadsheets/d/1JZpA-5XDldN2bjfvhvBPHYK-1AENETLnF1UxNEpWlNA/edit#gid=352888197;data/manual/team_pokemon_usage.csv;output/team-graphics/s4/Enteikutierung - Lauris Enteitainment.png
season_004,Regular Season,hinrunde,Pixi,pixi,clefable,Lauris,lauris,Enteikutierung,enteikutierung,manual_graphic_assignment,https://docs.google.com/spreadsheets/d/1JZpA-5XDldN2bjfvhvBPHYK-1AENETLnF1UxNEpWlNA/edit#gid=352888197;data/manual/team_pokemon_usage.csv;output/team-graphics/s4/Enteikutierung - Lauris Enteitainment.png
season_004,Regular Season,hinrunde,Rihornior,rihornior,rhyperior,Lauris,lauris,Enteikutierung,enteikutierung,manual_graphic_assignment,https://docs.google.com/spreadsheets/d/1JZpA-5XDldN2bjfvhvBPHYK-1AENETLnF1UxNEpWlNA/edit#gid=352888197;data/manual/team_pokemon_usage.csv;output/team-graphics/s4/Enteikutierung - Lauris Enteitainment.png
season_004,Regular Season,hinrunde,Sniebel,sniebel,sneasel,Lauris,lauris,Enteikutierung,enteikutierung,manual_override,https://docs.google.com/spreadsheets/d/1JZpA-5XDldN2bjfvhvBPHYK-1AENETLnF1UxNEpWlNA/edit#gid=352888197;data/manual/pokemon_killlists.csv
season_004,Regular Season,hinrunde,Tobutz,tobutz,azelf,Lauris,lauris,Enteikutierung,enteikutierung,manual_graphic_assignment,https://docs.google.com/spreadsheets/d/1JZpA-5XDldN2bjfvhvBPHYK-1AENETLnF1UxNEpWlNA/edit#gid=352888197;data/manual/team_pokemon_usage.csv;output/team-graphics/s4/Enteikutierung - Lauris Enteitainment.png
season_004,Regular Season,hinrunde,Boreos-T,boreost,tornadustherian,MeLevies,melevies,Shocking Shaymins,shockingshaymins,manual_graphic_assignment,https://docs.google.com/spreadsheets/d/1JZpA-5XDldN2bjfvhvBPHYK-1AENETLnF1UxNEpWlNA/edit#gid=352888197;data/manual/team_pokemon_usage.csv;output/team-graphics/s4/Shocking Shaymins - MeLevies.png
season_004,Regular Season,hinrunde,Diancie,diancie,diancie,MeLevies,melevies,Shocking Shaymins,shockingshaymins,manual_graphic_assignment,https://docs.google.com/spreadsheets/d/1JZpA-5XDldN2bjfvhvBPHYK-1AENETLnF1UxNEpWlNA/edit#gid=352888197;data/manual/team_pokemon_usage.csv;output/team-graphics/s4/Shocking Shaymins - MeLevies.png
season_004,Regular Season,hinrunde,Krawumms,krawumms,exploud,MeLevies,melevies,Shocking Shaymins,shockingshaymins,manual_graphic_assignment,https://docs.google.com/spreadsheets/d/1JZpA-5XDldN2bjfvhvBPHYK-1AENETLnF1UxNEpWlNA/edit#gid=352888197;data/manual/team_pokemon_usage.csv;output/team-graphics/s4/Shocking Shaymins - MeLevies.png
season_004,Regular Season,hinrunde,Krebutack,krebutack,crawdaunt,MeLevies,melevies,Shocking Shaymins,shockingshaymins,manual_graphic_assignment,https://docs.google.com/spreadsheets/d/1JZpA-5XDldN2bjfvhvBPHYK-1AENETLnF1UxNEpWlNA/edit#gid=352888197;data/manual/team_pokemon_usage.csv;output/team-graphics/s4/Shocking Shaymins - MeLevies.png
season_004,Regular Season,hinrunde,Manaphy,manaphy,manaphy,MeLevies,melevies,Shocking Shaymins,shockingshaymins,manual_graphic_assignment,https://docs.google.com/spreadsheets/d/1JZpA-5XDldN2bjfvhvBPHYK-1AENETLnF1UxNEpWlNA/edit#gid=352888197;data/manual/team_pokemon_usage.csv;output/team-graphics/s4/Shocking Shaymins - MeLevies.png
season_004,Regular Season,hinrunde,Mega-Scherox,megascherox,scizormega,MeLevies,melevies,Shocking Shaymins,shockingshaymins,manual_graphic_assignment,https://docs.google.com/spreadsheets/d/1JZpA-5XDldN2bjfvhvBPHYK-1AENETLnF1UxNEpWlNA/edit#gid=352888197;data/manual/team_pokemon_usage.csv;output/team-graphics/s4/Shocking Shaymins - MeLevies.png
season_004,Regular Season,hinrunde,Mega-Simsala,megasimsala,alakazammega,MeLevies,melevies,Shocking Shaymins,shockingshaymins,manual_override,https://docs.google.com/spreadsheets/d/1JZpA-5XDldN2bjfvhvBPHYK-1AENETLnF1UxNEpWlNA/edit#gid=352888197;data/manual/pokemon_killlists.csv
season_004,Regular Season,hinrunde,Nockchan,nockchan,hitmonchan,MeLevies,melevies,Shocking Shaymins,shockingshaymins,manual_graphic_assignment,https://docs.google.com/spreadsheets/d/1JZpA-5XDldN2bjfvhvBPHYK-1AENETLnF1UxNEpWlNA/edit#gid=352888197;data/manual/team_pokemon_usage.csv;output/team-graphics/s4/Shocking Shaymins - MeLevies.png
season_004,Regular Season,hinrunde,Rotom-H,rotomh,rotomheat,MeLevies,melevies,Shocking Shaymins,shockingshaymins,manual_graphic_assignment,https://docs.google.com/spreadsheets/d/1JZpA-5XDldN2bjfvhvBPHYK-1AENETLnF1UxNEpWlNA/edit#gid=352888197;data/manual/team_pokemon_usage.csv;output/team-graphics/s4/Shocking Shaymins - MeLevies.png
season_004,Regular Season,hinrunde,Skorgla,skorgla,gligar,MeLevies,melevies,Shocking Shaymins,shockingshaymins,manual_override,https://docs.google.com/spreadsheets/d/1JZpA-5XDldN2bjfvhvBPHYK-1AENETLnF1UxNEpWlNA/edit#gid=352888197;data/manual/pokemon_killlists.csv
season_004,Regular Season,hinrunde,Stahlos,stahlos,steelix,MeLevies,melevies,Shocking Shaymins,shockingshaymins,manual_graphic_assignment,https://docs.google.com/spreadsheets/d/1JZpA-5XDldN2bjfvhvBPHYK-1AENETLnF1UxNEpWlNA/edit#gid=352888197;data/manual/team_pokemon_usage.csv;output/team-graphics/s4/Shocking Shaymins - MeLevies.png
season_004,Regular Season,hinrunde,Tangoloss,tangoloss,tangrowth,MeLevies,melevies,Shocking Shaymins,shockingshaymins,manual_graphic_assignment,https://docs.google.com/spreadsheets/d/1JZpA-5XDldN2bjfvhvBPHYK-1AENETLnF1UxNEpWlNA/edit#gid=352888197;data/manual/team_pokemon_usage.csv;output/team-graphics/s4/Shocking Shaymins - MeLevies.png
season_004,Regular Season,hinrunde,Azumarill,azumarill,azumarill,Minetube,minetube,Triyolotree,triyolotree,manual_graphic_assignment,https://docs.google.com/spreadsheets/d/1JZpA-5XDldN2bjfvhvBPHYK-1AENETLnF1UxNEpWlNA/edit#gid=352888197;data/manual/team_pokemon_usage.csv;output/team-graphics/s4/Minetube - Triyolotree.png
season_004,Regular Season,hinrunde,Blitza,blitza,jolteon,Minetube,minetube,Triyolotree,triyolotree,manual_graphic_assignment,https://docs.google.com/spreadsheets/d/1JZpA-5XDldN2bjfvhvBPHYK-1AENETLnF1UxNEpWlNA/edit#gid=352888197;data/manual/team_pokemon_usage.csv;output/team-graphics/s4/Minetube - Triyolotree.png
season_004,Regular Season,hinrunde,Echnatoll,echnatoll,cofagrigus,Minetube,minetube,Triyolotree,triyolotree,manual_graphic_assignment,https://docs.google.com/spreadsheets/d/1JZpA-5XDldN2bjfvhvBPHYK-1AENETLnF1UxNEpWlNA/edit#gid=352888197;data/manual/team_pokemon_usage.csv;output/team-graphics/s4/Minetube - Triyolotree.png
season_004,Regular Season,hinrunde,Hutsassa,hutsassa,amoonguss,Minetube,minetube,Triyolotree,triyolotree,manual_graphic_assignment,https://docs.google.com/spreadsheets/d/1JZpA-5XDldN2bjfvhvBPHYK-1AENETLnF1UxNEpWlNA/edit#gid=352888197;data/manual/team_pokemon_usage.csv;output/team-graphics/s4/Minetube - Triyolotree.png
season_004,Regular Season,hinrunde,Kecleon,kecleon,kecleon,Minetube,minetube,Triyolotree,triyolotree,manual_graphic_assignment,https://docs.google.com/spreadsheets/d/1JZpA-5XDldN2bjfvhvBPHYK-1AENETLnF1UxNEpWlNA/edit#gid=352888197;data/manual/team_pokemon_usage.csv;output/team-graphics/s4/Minetube - Triyolotree.png
season_004,Regular Season,hinrunde,Knakrack,knakrack,garchomp,Minetube,minetube,Triyolotree,triyolotree,manual_graphic_assignment,https://docs.google.com/spreadsheets/d/1JZpA-5XDldN2bjfvhvBPHYK-1AENETLnF1UxNEpWlNA/edit#gid=352888197;data/manual/team_pokemon_usage.csv;output/team-graphics/s4/Minetube - Triyolotree.png
season_004,Regular Season,hinrunde,Kosturso,kosturso,bewear,Minetube,minetube,Triyolotree,triyolotree,manual_graphic_assignment,https://docs.google.com/spreadsheets/d/1JZpA-5XDldN2bjfvhvBPHYK-1AENETLnF1UxNEpWlNA/edit#gid=352888197;data/manual/team_pokemon_usage.csv;output/team-graphics/s4/Minetube - Triyolotree.png
season_004,Regular Season,hinrunde,Matrifol,matrifol,leavanny,Minetube,minetube,Triyolotree,triyolotree,manual_override,https://docs.google.com/spreadsheets/d/1JZpA-5XDldN2bjfvhvBPHYK-1AENETLnF1UxNEpWlNA/edit#gid=352888197;data/manual/pokemon_killlists.csv
season_004,Regular Season,hinrunde,Pinsir,pinsir,pinsir,Minetube,minetube,Triyolotree,triyolotree,manual_graphic_assignment,https://docs.google.com/spreadsheets/d/1JZpA-5XDldN2bjfvhvBPHYK-1AENETLnF1UxNEpWlNA/edit#gid=352888197;data/manual/team_pokemon_usage.csv;output/team-graphics/s4/Minetube - Triyolotree.png
season_004,Regular Season,hinrunde,Sarzenia,sarzenia,victreebel,Minetube,minetube,Triyolotree,triyolotree,manual_override,https://docs.google.com/spreadsheets/d/1JZpA-5XDldN2bjfvhvBPHYK-1AENETLnF1UxNEpWlNA/edit#gid=352888197;data/manual/pokemon_killlists.csv
season_004,Regular Season,hinrunde,Skuntank,skuntank,skuntank,Minetube,minetube,Triyolotree,triyolotree,manual_graphic_assignment,https://docs.google.com/spreadsheets/d/1JZpA-5XDldN2bjfvhvBPHYK-1AENETLnF1UxNEpWlNA/edit#gid=352888197;data/manual/team_pokemon_usage.csv;output/team-graphics/s4/Minetube - Triyolotree.png
season_004,Regular Season,hinrunde,Victini,victini,victini,Minetube,minetube,Triyolotree,triyolotree,manual_graphic_assignment,https://docs.google.com/spreadsheets/d/1JZpA-5XDldN2bjfvhvBPHYK-1AENETLnF1UxNEpWlNA/edit#gid=352888197;data/manual/team_pokemon_usage.csv;output/team-graphics/s4/Minetube - Triyolotree.png
season_004,Regular Season,hinrunde,Washakwil,washakwil,braviary,Minetube,minetube,Triyolotree,triyolotree,manual_graphic_assignment,https://docs.google.com/spreadsheets/d/1JZpA-5XDldN2bjfvhvBPHYK-1AENETLnF1UxNEpWlNA/edit#gid=352888197;data/manual/team_pokemon_usage.csv;output/team-graphics/s4/Minetube - Triyolotree.png
season_004,Regular Season,hinrunde,Alola Vulnona,alolavulnona,ninetalesalola,PokeBazi,pokebazi,Schnittlauchs,schnittlauchs,manual_graphic_assignment,https://docs.google.com/spreadsheets/d/1JZpA-5XDldN2bjfvhvBPHYK-1AENETLnF1UxNEpWlNA/edit#gid=352888197;data/manual/team_pokemon_usage.csv;output/team-graphics/s4/Schnittlauchs - PokeBazi.png
season_004,Regular Season,hinrunde,Amoroso,amoroso,omastar,PokeBazi,pokebazi,Schnittlauchs,schnittlauchs,manual_graphic_assignment,https://docs.google.com/spreadsheets/d/1JZpA-5XDldN2bjfvhvBPHYK-1AENETLnF1UxNEpWlNA/edit#gid=352888197;data/manual/team_pokemon_usage.csv;output/team-graphics/s4/Schnittlauchs - PokeBazi.png
season_004,Regular Season,hinrunde,Ditto,ditto,ditto,PokeBazi,pokebazi,Schnittlauchs,schnittlauchs,manual_graphic_assignment,https://docs.google.com/spreadsheets/d/1JZpA-5XDldN2bjfvhvBPHYK-1AENETLnF1UxNEpWlNA/edit#gid=352888197;data/manual/team_pokemon_usage.csv;output/team-graphics/s4/Schnittlauchs - PokeBazi.png
season_004,Regular Season,hinrunde,Flunkifer,flunkifer,mawile,PokeBazi,pokebazi,Schnittlauchs,schnittlauchs,manual_graphic_assignment,https://docs.google.com/spreadsheets/d/1JZpA-5XDldN2bjfvhvBPHYK-1AENETLnF1UxNEpWlNA/edit#gid=352888197;data/manual/team_pokemon_usage.csv;output/team-graphics/s4/Schnittlauchs - PokeBazi.png
season_004,Regular Season,hinrunde,Lohgock,lohgock,blaziken,PokeBazi,pokebazi,Schnittlauchs,schnittlauchs,manual_override,https://docs.google.com/spreadsheets/d/1JZpA-5XDldN2bjfvhvBPHYK-1AENETLnF1UxNEpWlNA/edit#gid=352888197;data/manual/pokemon_killlists.csv
season_004,Regular Season,hinrunde,Mega-Absol,megaabsol,absolmega,PokeBazi,pokebazi,Schnittlauchs,schnittlauchs,manual_graphic_assignment,https://docs.google.com/spreadsheets/d/1JZpA-5XDldN2bjfvhvBPHYK-1AENETLnF1UxNEpWlNA/edit#gid=352888197;data/manual/team_pokemon_usage.csv;output/team-graphics/s4/Schnittlauchs - PokeBazi.png
season_004,Regular Season,hinrunde,Mega-Aerodactyl,megaaerodactyl,aerodactylmega,PokeBazi,pokebazi,Schnittlauchs,schnittlauchs,manual_override,https://docs.google.com/spreadsheets/d/1JZpA-5XDldN2bjfvhvBPHYK-1AENETLnF1UxNEpWlNA/edit#gid=352888197;data/manual/pokemon_killlists.csv
season_004,Regular Season,hinrunde,Necrozma,necrozma,necrozma,PokeBazi,pokebazi,Schnittlauchs,schnittlauchs,manual_graphic_assignment,https://docs.google.com/spreadsheets/d/1JZpA-5XDldN2bjfvhvBPHYK-1AENETLnF1UxNEpWlNA/edit#gid=352888197;data/manual/team_pokemon_usage.csv;output/team-graphics/s4/Schnittlauchs - PokeBazi.png
season_004,Regular Season,hinrunde,Panferno,panferno,infernape,PokeBazi,pokebazi,Schnittlauchs,schnittlauchs,manual_graphic_assignment,https://docs.google.com/spreadsheets/d/1JZpA-5XDldN2bjfvhvBPHYK-1AENETLnF1UxNEpWlNA/edit#gid=352888197;data/manual/team_pokemon_usage.csv;output/team-graphics/s4/Schnittlauchs - PokeBazi.png
season_004,Regular Season,hinrunde,Silvarro,silvarro,decidueye,PokeBazi,pokebazi,Schnittlauchs,schnittlauchs,manual_graphic_assignment,https://docs.google.com/spreadsheets/d/1JZpA-5XDldN2bjfvhvBPHYK-1AENETLnF1UxNEpWlNA/edit#gid=352888197;data/manual/team_pokemon_usage.csv;output/team-graphics/s4/Schnittlauchs - PokeBazi.png
season_004,Regular Season,hinrunde,Zapdos,zapdos,zapdos,PokeBazi,pokebazi,Schnittlauchs,schnittlauchs,manual_graphic_assignment,https://docs.google.com/spreadsheets/d/1JZpA-5XDldN2bjfvhvBPHYK-1AENETLnF1UxNEpWlNA/edit#gid=352888197;data/manual/team_pokemon_usage.csv;output/team-graphics/s4/Schnittlauchs - PokeBazi.png
season_004,Regular Season,hinrunde,Zoroark,zoroark,zoroark,PokeBazi,pokebazi,Schnittlauchs,schnittlauchs,manual_override,https://docs.google.com/spreadsheets/d/1JZpA-5XDldN2bjfvhvBPHYK-1AENETLnF1UxNEpWlNA/edit#gid=352888197;data/manual/pokemon_killlists.csv
season_004,Regular Season,hinrunde,Zygarde,zygarde,zygarde,PokeBazi,pokebazi,Schnittlauchs,schnittlauchs,manual_override,https://docs.google.com/spreadsheets/d/1JZpA-5XDldN2bjfvhvBPHYK-1AENETLnF1UxNEpWlNA/edit#gid=352888197;data/manual/pokemon_killlists.csv
season_004,Regular Season,hinrunde,Zygarde (10%),zygarde10,zygarde10,PokeBazi,pokebazi,Schnittlauchs,schnittlauchs,manual_graphic_assignment,https://docs.google.com/spreadsheets/d/1JZpA-5XDldN2bjfvhvBPHYK-1AENETLnF1UxNEpWlNA/edit#gid=352888197;data/manual/team_pokemon_usage.csv;output/team-graphics/s4/Schnittlauchs - PokeBazi.png
season_004,Regular Season,hinrunde,Arkani,arkani,arcanine,PresentLP,present,Prekani,prekani,manual_graphic_assignment,https://docs.google.com/spreadsheets/d/1JZpA-5XDldN2bjfvhvBPHYK-1AENETLnF1UxNEpWlNA/edit#gid=352888197;data/manual/team_pokemon_usage.csv;output/team-graphics/s4/Prekani - PresentLP.png
season_004,Regular Season,hinrunde,Brutalanda,brutalanda,salamence,PresentLP,present,Prekani,prekani,manual_graphic_assignment,https://docs.google.com/spreadsheets/d/1JZpA-5XDldN2bjfvhvBPHYK-1AENETLnF1UxNEpWlNA/edit#gid=352888197;data/manual/team_pokemon_usage.csv;output/team-graphics/s4/Prekani - PresentLP.png
season_004,Regular Season,hinrunde,Magearna-Originalfarbe,magearnaoriginalfarbe,magearnaoriginal,PresentLP,present,Prekani,prekani,manual_graphic_assignment,https://docs.google.com/spreadsheets/d/1JZpA-5XDldN2bjfvhvBPHYK-1AENETLnF1UxNEpWlNA/edit#gid=352888197;data/manual/team_pokemon_usage.csv;output/team-graphics/s4/Prekani - PresentLP.png
season_004,Regular Season,hinrunde,Meistagrif,meistagrif,conkeldurr,PresentLP,present,Prekani,prekani,manual_override,https://docs.google.com/spreadsheets/d/1JZpA-5XDldN2bjfvhvBPHYK-1AENETLnF1UxNEpWlNA/edit#gid=352888197;data/manual/pokemon_killlists.csv
season_004,Regular Season,hinrunde,Nidoqueen,nidoqueen,nidoqueen,PresentLP,present,Prekani,prekani,manual_graphic_assignment,https://docs.google.com/spreadsheets/d/1JZpA-5XDldN2bjfvhvBPHYK-1AENETLnF1UxNEpWlNA/edit#gid=352888197;data/manual/team_pokemon_usage.csv;output/team-graphics/s4/Prekani - PresentLP.png
season_004,Regular Season,hinrunde,Raichu,raichu,raichu,PresentLP,present,Prekani,prekani,manual_override,https://docs.google.com/spreadsheets/d/1JZpA-5XDldN2bjfvhvBPHYK-1AENETLnF1UxNEpWlNA/edit#gid=352888197;data/manual/pokemon_killlists.csv
season_004,Regular Season,hinrunde,Rotom-W,rotomw,rotomwash,PresentLP,present,Prekani,prekani,manual_override,https://docs.google.com/spreadsheets/d/1JZpA-5XDldN2bjfvhvBPHYK-1AENETLnF1UxNEpWlNA/edit#gid=352888197;data/manual/pokemon_killlists.csv
season_004,Regular Season,hinrunde,Schwalboss,schwalboss,swellow,PresentLP,present,Prekani,prekani,manual_override,https://docs.google.com/spreadsheets/d/1JZpA-5XDldN2bjfvhvBPHYK-1AENETLnF1UxNEpWlNA/edit#gid=352888197;data/manual/pokemon_killlists.csv
season_004,Regular Season,hinrunde,Shaymin,shaymin,shaymin,PresentLP,present,Prekani,prekani,manual_graphic_assignment,https://docs.google.com/spreadsheets/d/1JZpA-5XDldN2bjfvhvBPHYK-1AENETLnF1UxNEpWlNA/edit#gid=352888197;data/manual/team_pokemon_usage.csv;output/team-graphics/s4/Prekani - PresentLP.png
season_004,Regular Season,hinrunde,Snibunna,snibunna,weavile,PresentLP,present,Prekani,prekani,manual_graphic_assignment,https://docs.google.com/spreadsheets/d/1JZpA-5XDldN2bjfvhvBPHYK-1AENETLnF1UxNEpWlNA/edit#gid=352888197;data/manual/team_pokemon_usage.csv;output/team-graphics/s4/Prekani - PresentLP.png
season_004,Regular Season,hinrunde,Tangela,tangela,tangela,PresentLP,present,Prekani,prekani,manual_override,https://docs.google.com/spreadsheets/d/1JZpA-5XDldN2bjfvhvBPHYK-1AENETLnF1UxNEpWlNA/edit#gid=352888197;data/manual/pokemon_killlists.csv
season_004,Regular Season,hinrunde,Vesprit,vesprit,mesprit,PresentLP,present,Prekani,prekani,manual_graphic_assignment,https://docs.google.com/spreadsheets/d/1JZpA-5XDldN2bjfvhvBPHYK-1AENETLnF1UxNEpWlNA/edit#gid=352888197;data/manual/team_pokemon_usage.csv;output/team-graphics/s4/Prekani - PresentLP.png
season_004,Regular Season,hinrunde,Alola Raichu,alolaraichu,raichualola,RegiBang,regibang,Flexing Masskito,flexingmasskito,manual_graphic_assignment,https://docs.google.com/spreadsheets/d/1JZpA-5XDldN2bjfvhvBPHYK-1AENETLnF1UxNEpWlNA/edit#gid=352888197;data/manual/team_pokemon_usage.csv;output/team-graphics/s4/Flexing Masskito - RegiBang.png
season_004,Regular Season,hinrunde,Armaldo,armaldo,armaldo,RegiBang,regibang,Flexing Masskito,flexingmasskito,manual_graphic_assignment,https://docs.google.com/spreadsheets/d/1JZpA-5XDldN2bjfvhvBPHYK-1AENETLnF1UxNEpWlNA/edit#gid=352888197;data/manual/team_pokemon_usage.csv;output/team-graphics/s4/Flexing Masskito - RegiBang.png
season_004,Regular Season,hinrunde,Austos,austos,cloyster,RegiBang,regibang,Flexing Masskito,flexingmasskito,manual_override,https://docs.google.com/spreadsheets/d/1JZpA-5XDldN2bjfvhvBPHYK-1AENETLnF1UxNEpWlNA/edit#gid=352888197;data/manual/pokemon_killlists.csv
season_004,Regular Season,hinrunde,Bisaflor,bisaflor,venusaur,RegiBang,regibang,Flexing Masskito,flexingmasskito,manual_graphic_assignment,https://docs.google.com/spreadsheets/d/1JZpA-5XDldN2bjfvhvBPHYK-1AENETLnF1UxNEpWlNA/edit#gid=352888197;data/manual/team_pokemon_usage.csv;output/team-graphics/s4/Flexing Masskito - RegiBang.png
season_004,Regular Season,hinrunde,Demeteros-I,demeterosi,landorus,RegiBang,regibang,Flexing Masskito,flexingmasskito,manual_override,https://docs.google.com/spreadsheets/d/1JZpA-5XDldN2bjfvhvBPHYK-1AENETLnF1UxNEpWlNA/edit#gid=352888197;data/manual/pokemon_killlists.csv
season_004,Regular Season,hinrunde,Masskito,masskito,buzzwole,RegiBang,regibang,Flexing Masskito,flexingmasskito,manual_graphic_assignment,https://docs.google.com/spreadsheets/d/1JZpA-5XDldN2bjfvhvBPHYK-1AENETLnF1UxNEpWlNA/edit#gid=352888197;data/manual/team_pokemon_usage.csv;output/team-graphics/s4/Flexing Masskito - RegiBang.png
season_004,Regular Season,hinrunde,Mega-Glurak Y,megagluraky,charizardmegay,RegiBang,regibang,Flexing Masskito,flexingmasskito,manual_graphic_assignment,https://docs.google.com/spreadsheets/d/1JZpA-5XDldN2bjfvhvBPHYK-1AENETLnF1UxNEpWlNA/edit#gid=352888197;data/manual/team_pokemon_usage.csv;output/team-graphics/s4/Flexing Masskito - RegiBang.png
season_004,Regular Season,hinrunde,Metagross,metagross,metagross,RegiBang,regibang,Flexing Masskito,flexingmasskito,manual_override,https://docs.google.com/spreadsheets/d/1JZpA-5XDldN2bjfvhvBPHYK-1AENETLnF1UxNEpWlNA/edit#gid=352888197;data/manual/pokemon_killlists.csv
season_004,Regular Season,hinrunde,Relaxo,relaxo,snorlax,RegiBang,regibang,Flexing Masskito,flexingmasskito,manual_graphic_assignment,https://docs.google.com/spreadsheets/d/1JZpA-5XDldN2bjfvhvBPHYK-1AENETLnF1UxNEpWlNA/edit#gid=352888197;data/manual/team_pokemon_usage.csv;output/team-graphics/s4/Flexing Masskito - RegiBang.png
season_004,Regular Season,hinrunde,Tentoxa,tentoxa,tentacruel,RegiBang,regibang,Flexing Masskito,flexingmasskito,manual_graphic_assignment,https://docs.google.com/spreadsheets/d/1JZpA-5XDldN2bjfvhvBPHYK-1AENETLnF1UxNEpWlNA/edit#gid=352888197;data/manual/team_pokemon_usage.csv;output/team-graphics/s4/Flexing Masskito - RegiBang.png
season_004,Regular Season,hinrunde,Trombork,trombork,trevenant,RegiBang,regibang,Flexing Masskito,flexingmasskito,manual_graphic_assignment,https://docs.google.com/spreadsheets/d/1JZpA-5XDldN2bjfvhvBPHYK-1AENETLnF1UxNEpWlNA/edit#gid=352888197;data/manual/team_pokemon_usage.csv;output/team-graphics/s4/Flexing Masskito - RegiBang.png
season_004,Regular Season,hinrunde,Bandelby,bandelby,ribombee,SurskitTV,surskittv,Surstars,surstars,manual_graphic_assignment,https://docs.google.com/spreadsheets/d/1JZpA-5XDldN2bjfvhvBPHYK-1AENETLnF1UxNEpWlNA/edit#gid=352888197;data/manual/team_pokemon_usage.csv;output/team-graphics/s4/Surstars - SurskitTV.png
season_004,Regular Season,,Durengard,durengard,aegislash,SurskitTV,surskittv,Surstars,surstars,old_project_team_note,https://docs.google.com/spreadsheets/d/1JZpA-5XDldN2bjfvhvBPHYK-1AENETLnF1UxNEpWlNA/edit#gid=352888197;https://docs.google.com/spreadsheets/d/1rZd3D0JRNj3lK0ZKdMXPLvCNBofRhFsvW0AlPuBk3VE/edit#gid=0
season_004,Regular Season,hinrunde,Frost-Rotom,frostrotom,rotomfrost,SurskitTV,surskittv,Surstars,surstars,manual_override,https://docs.google.com/spreadsheets/d/1JZpA-5XDldN2bjfvhvBPHYK-1AENETLnF1UxNEpWlNA/edit#gid=352888197;data/manual/pokemon_killlists.csv
season_004,Regular Season,hinrunde,Heatran,heatran,heatran,SurskitTV,surskittv,Surstars,surstars,manual_graphic_assignment,https://docs.google.com/spreadsheets/d/1JZpA-5XDldN2bjfvhvBPHYK-1AENETLnF1UxNEpWlNA/edit#gid=352888197;data/manual/team_pokemon_usage.csv;output/team-graphics/s4/Surstars - SurskitTV.png
season_004,Regular Season,hinrunde,Kapu-Toro,kaputoro,tapubulu,SurskitTV,surskittv,Surstars,surstars,manual_graphic_assignment,https://docs.google.com/spreadsheets/d/1JZpA-5XDldN2bjfvhvBPHYK-1AENETLnF1UxNEpWlNA/edit#gid=352888197;data/manual/team_pokemon_usage.csv;output/team-graphics/s4/Surstars - SurskitTV.png
season_004,Regular Season,hinrunde,Latias,latias,latias,SurskitTV,surskittv,Surstars,surstars,manual_graphic_assignment,https://docs.google.com/spreadsheets/d/1JZpA-5XDldN2bjfvhvBPHYK-1AENETLnF1UxNEpWlNA/edit#gid=352888197;data/manual/team_pokemon_usage.csv;output/team-graphics/s4/Surstars - SurskitTV.png
season_004,Regular Season,hinrunde,Meditalis,meditalis,medicham,SurskitTV,surskittv,Surstars,surstars,manual_graphic_assignment,https://docs.google.com/spreadsheets/d/1JZpA-5XDldN2bjfvhvBPHYK-1AENETLnF1UxNEpWlNA/edit#gid=352888197;data/manual/team_pokemon_usage.csv;output/team-graphics/s4/Surstars - SurskitTV.png
season_004,Regular Season,hinrunde,Mega-Tauboss,megatauboss,pidgeotmega,SurskitTV,surskittv,Surstars,surstars,manual_override,https://docs.google.com/spreadsheets/d/1JZpA-5XDldN2bjfvhvBPHYK-1AENETLnF1UxNEpWlNA/edit#gid=352888197;data/manual/pokemon_killlists.csv
season_004,Regular Season,hinrunde,Mega-Turtok,megaturtok,blastoisemega,SurskitTV,surskittv,Surstars,surstars,manual_graphic_assignment,https://docs.google.com/spreadsheets/d/1JZpA-5XDldN2bjfvhvBPHYK-1AENETLnF1UxNEpWlNA/edit#gid=352888197;data/manual/team_pokemon_usage.csv;output/team-graphics/s4/Surstars - SurskitTV.png
season_004,Regular Season,hinrunde,Porygon2,porygon2,porygon2,SurskitTV,surskittv,Surstars,surstars,manual_graphic_assignment,https://docs.google.com/spreadsheets/d/1JZpA-5XDldN2bjfvhvBPHYK-1AENETLnF1UxNEpWlNA/edit#gid=352888197;data/manual/team_pokemon_usage.csv;output/team-graphics/s4/Surstars - SurskitTV.png
season_004,Regular Season,hinrunde,Regirock,regirock,regirock,SurskitTV,surskittv,Surstars,surstars,manual_graphic_assignment,https://docs.google.com/spreadsheets/d/1JZpA-5XDldN2bjfvhvBPHYK-1AENETLnF1UxNEpWlNA/edit#gid=352888197;data/manual/team_pokemon_usage.csv;output/team-graphics/s4/Surstars - SurskitTV.png
season_004,Regular Season,hinrunde,Smogmog,smogmog,weezing,SurskitTV,surskittv,Surstars,surstars,manual_override,https://docs.google.com/spreadsheets/d/1JZpA-5XDldN2bjfvhvBPHYK-1AENETLnF1UxNEpWlNA/edit#gid=352888197;data/manual/pokemon_killlists.csv
season_004,Regular Season,hinrunde,Voltula,voltula,galvantula,SurskitTV,surskittv,Surstars,surstars,manual_graphic_assignment,https://docs.google.com/spreadsheets/d/1JZpA-5XDldN2bjfvhvBPHYK-1AENETLnF1UxNEpWlNA/edit#gid=352888197;data/manual/team_pokemon_usage.csv;output/team-graphics/s4/Surstars - SurskitTV.png
season_005,Liga 1,,Gufa,gufa,pyukumuku,Art'n'Gaming,artngaming,Little Litleos*,littlelitleos,manual_override,https://docs.google.com/spreadsheets/d/1JZpA-5XDldN2bjfvhvBPHYK-1AENETLnF1UxNEpWlNA/edit#gid=352888197;data/manual/pokemon_killlists.csv
season_005,Liga 1,,Jirachi,jirachi,jirachi,Art'n'Gaming,artngaming,Little Litleos*,littlelitleos,manual_override,https://docs.google.com/spreadsheets/d/1JZpA-5XDldN2bjfvhvBPHYK-1AENETLnF1UxNEpWlNA/edit#gid=352888197;data/manual/pokemon_killlists.csv
season_005,Liga 1,,Magnezone,magnezone,magnezone,Art'n'Gaming,artngaming,Little Litleos*,littlelitleos,manual_override,https://docs.google.com/spreadsheets/d/1JZpA-5XDldN2bjfvhvBPHYK-1AENETLnF1UxNEpWlNA/edit#gid=352888197;data/manual/pokemon_killlists.csv
season_005,Liga 1,,Masskito,masskito,buzzwole,Art'n'Gaming,artngaming,Little Litleos*,littlelitleos,manual_override,https://docs.google.com/spreadsheets/d/1JZpA-5XDldN2bjfvhvBPHYK-1AENETLnF1UxNEpWlNA/edit#gid=352888197;data/manual/pokemon_killlists.csv
season_005,Liga 1,,Mega-Gewaldro,megagewaldro,sceptilemega,Art'n'Gaming,artngaming,Little Litleos*,littlelitleos,manual_override,https://docs.google.com/spreadsheets/d/1JZpA-5XDldN2bjfvhvBPHYK-1AENETLnF1UxNEpWlNA/edit#gid=352888197;data/manual/pokemon_killlists.csv
season_005,Liga 1,,Meistagrif,meistagrif,conkeldurr,Art'n'Gaming,artngaming,Little Litleos*,littlelitleos,manual_override,https://docs.google.com/spreadsheets/d/1JZpA-5XDldN2bjfvhvBPHYK-1AENETLnF1UxNEpWlNA/edit#gid=352888197;data/manual/pokemon_killlists.csv
season_005,Liga 1,,Monargoras,monargoras,tyrantrum,Art'n'Gaming,artngaming,Little Litleos*,littlelitleos,manual_override,https://docs.google.com/spreadsheets/d/1JZpA-5XDldN2bjfvhvBPHYK-1AENETLnF1UxNEpWlNA/edit#gid=352888197;data/manual/pokemon_killlists.csv
season_005,Liga 1,,Pixi,pixi,clefable,Art'n'Gaming,artngaming,Little Litleos*,littlelitleos,manual_override,https://docs.google.com/spreadsheets/d/1JZpA-5XDldN2bjfvhvBPHYK-1AENETLnF1UxNEpWlNA/edit#gid=352888197;data/manual/pokemon_killlists.csv
season_005,Liga 1,,Relaxo,relaxo,snorlax,Art'n'Gaming,artngaming,Little Litleos*,littlelitleos,manual_override,https://docs.google.com/spreadsheets/d/1JZpA-5XDldN2bjfvhvBPHYK-1AENETLnF1UxNEpWlNA/edit#gid=352888197;data/manual/pokemon_killlists.csv
season_005,Liga 1,,Smogmog,smogmog,weezing,Art'n'Gaming,artngaming,Little Litleos*,littlelitleos,manual_override,https://docs.google.com/spreadsheets/d/1JZpA-5XDldN2bjfvhvBPHYK-1AENETLnF1UxNEpWlNA/edit#gid=352888197;data/manual/pokemon_killlists.csv
season_005,Liga 1,rueckrunde,Arkani,arkani,arcanine,Barry D. Sin of Speed,barrydsinofspeed,Marvelous Speedsters,marvelousspeedsters,manual_graphic_assignment,https://docs.google.com/spreadsheets/d/1JZpA-5XDldN2bjfvhvBPHYK-1AENETLnF1UxNEpWlNA/edit#gid=352888197;data/manual/team_pokemon_usage.csv;output/team-graphics/s5/Marvelous Speedsters.png
season_005,Liga 1,rueckrunde,Cresselia,cresselia,cresselia,Barry D. Sin of Speed,barrydsinofspeed,Marvelous Speedsters,marvelousspeedsters,manual_graphic_assignment,https://docs.google.com/spreadsheets/d/1JZpA-5XDldN2bjfvhvBPHYK-1AENETLnF1UxNEpWlNA/edit#gid=352888197;data/manual/team_pokemon_usage.csv;output/team-graphics/s5/Marvelous Speedsters.png
season_005,Liga 1,rueckrunde,Ditto,ditto,ditto,Barry D. Sin of Speed,barrydsinofspeed,Marvelous Speedsters,marvelousspeedsters,manual_graphic_assignment,https://docs.google.com/spreadsheets/d/1JZpA-5XDldN2bjfvhvBPHYK-1AENETLnF1UxNEpWlNA/edit#gid=352888197;data/manual/team_pokemon_usage.csv;output/team-graphics/s5/Marvelous Speedsters.png
season_005,Liga 1,rueckrunde,Forstellka,forstellka,forretress,Barry D. Sin of Speed,barrydsinofspeed,Marvelous Speedsters,marvelousspeedsters,manual_graphic_assignment,https://docs.google.com/spreadsheets/d/1JZpA-5XDldN2bjfvhvBPHYK-1AENETLnF1UxNEpWlNA/edit#gid=352888197;data/manual/team_pokemon_usage.csv;output/team-graphics/s5/Marvelous Speedsters.png
season_005,Liga 1,rueckrunde,Golgantes,golgantes,golurk,Barry D. Sin of Speed,barrydsinofspeed,Marvelous Speedsters,marvelousspeedsters,manual_graphic_assignment,https://docs.google.com/spreadsheets/d/1JZpA-5XDldN2bjfvhvBPHYK-1AENETLnF1UxNEpWlNA/edit#gid=352888197;data/manual/team_pokemon_usage.csv;output/team-graphics/s5/Marvelous Speedsters.png
season_005,Liga 1,rueckrunde,Manaphy,manaphy,manaphy,Barry D. Sin of Speed,barrydsinofspeed,Marvelous Speedsters,marvelousspeedsters,manual_graphic_assignment,https://docs.google.com/spreadsheets/d/1JZpA-5XDldN2bjfvhvBPHYK-1AENETLnF1UxNEpWlNA/edit#gid=352888197;data/manual/team_pokemon_usage.csv;output/team-graphics/s5/Marvelous Speedsters.png
season_005,Liga 1,rueckrunde,Mega-Aerodactyl,megaaerodactyl,aerodactylmega,Barry D. Sin of Speed,barrydsinofspeed,Marvelous Speedsters,marvelousspeedsters,manual_override,https://docs.google.com/spreadsheets/d/1JZpA-5XDldN2bjfvhvBPHYK-1AENETLnF1UxNEpWlNA/edit#gid=352888197;data/manual/pokemon_killlists.csv
season_005,Liga 1,rueckrunde,Mega-Bisaflor,megabisaflor,venusaurmega,Barry D. Sin of Speed,barrydsinofspeed,Marvelous Speedsters,marvelousspeedsters,manual_graphic_assignment,https://docs.google.com/spreadsheets/d/1JZpA-5XDldN2bjfvhvBPHYK-1AENETLnF1UxNEpWlNA/edit#gid=352888197;data/manual/team_pokemon_usage.csv;output/team-graphics/s5/Marvelous Speedsters.png
season_005,Liga 1,rueckrunde,Nidoking,nidoking,nidoking,Barry D. Sin of Speed,barrydsinofspeed,Marvelous Speedsters,marvelousspeedsters,manual_graphic_assignment,https://docs.google.com/spreadsheets/d/1JZpA-5XDldN2bjfvhvBPHYK-1AENETLnF1UxNEpWlNA/edit#gid=352888197;data/manual/team_pokemon_usage.csv;output/team-graphics/s5/Marvelous Speedsters.png
season_005,Liga 1,rueckrunde,Quajutsu,quajutsu,greninja,Barry D. Sin of Speed,barrydsinofspeed,Marvelous Speedsters,marvelousspeedsters,manual_graphic_assignment,https://docs.google.com/spreadsheets/d/1JZpA-5XDldN2bjfvhvBPHYK-1AENETLnF1UxNEpWlNA/edit#gid=352888197;data/manual/team_pokemon_usage.csv;output/team-graphics/s5/Marvelous Speedsters.png
season_005,Liga 1,rueckrunde,Vesprit,vesprit,mesprit,Barry D. Sin of Speed,barrydsinofspeed,Marvelous Speedsters,marvelousspeedsters,manual_override,https://docs.google.com/spreadsheets/d/1JZpA-5XDldN2bjfvhvBPHYK-1AENETLnF1UxNEpWlNA/edit#gid=352888197;data/manual/pokemon_killlists.csv
season_005,Liga 1,rueckrunde,Victini,victini,victini,Barry D. Sin of Speed,barrydsinofspeed,Marvelous Speedsters,marvelousspeedsters,manual_override,https://docs.google.com/spreadsheets/d/1JZpA-5XDldN2bjfvhvBPHYK-1AENETLnF1UxNEpWlNA/edit#gid=352888197;data/manual/pokemon_killlists.csv
season_005,Liga 1,rueckrunde,Aeropteryx,aeropteryx,archeops,Bene,bene,Victini Bottom,victinibottom,manual_override,https://docs.google.com/spreadsheets/d/1JZpA-5XDldN2bjfvhvBPHYK-1AENETLnF1UxNEpWlNA/edit#gid=352888197;data/manual/pokemon_killlists.csv
season_005,Liga 1,rueckrunde,Aggrostella,aggrostella,toxapex,Bene,bene,Victini Bottom,victinibottom,manual_graphic_assignment,https://docs.google.com/spreadsheets/d/1JZpA-5XDldN2bjfvhvBPHYK-1AENETLnF1UxNEpWlNA/edit#gid=352888197;data/manual/team_pokemon_usage.csv;output/team-graphics/s5/Victini Bottom.png
season_005,Liga 1,rueckrunde,Florges,florges,florges,Bene,bene,Victini Bottom,victinibottom,manual_graphic_assignment,https://docs.google.com/spreadsheets/d/1JZpA-5XDldN2bjfvhvBPHYK-1AENETLnF1UxNEpWlNA/edit#gid=352888197;data/manual/team_pokemon_usage.csv;output/team-graphics/s5/Victini Bottom.png
season_005,Liga 1,rueckrunde,Lanturn,lanturn,lanturn,Bene,bene,Victini Bottom,victinibottom,manual_override,https://docs.google.com/spreadsheets/d/1JZpA-5XDldN2bjfvhvBPHYK-1AENETLnF1UxNEpWlNA/edit#gid=352888197;data/manual/pokemon_killlists.csv
season_005,Liga 1,rueckrunde,Lavados,lavados,moltres,Bene,bene,Victini Bottom,victinibottom,manual_graphic_assignment,https://docs.google.com/spreadsheets/d/1JZpA-5XDldN2bjfvhvBPHYK-1AENETLnF1UxNEpWlNA/edit#gid=352888197;data/manual/team_pokemon_usage.csv;output/team-graphics/s5/Victini Bottom.png
season_005,Liga 1,rueckrunde,Mega-Skaraborn,megaskaraborn,heracrossmega,Bene,bene,Victini Bottom,victinibottom,manual_graphic_assignment,https://docs.google.com/spreadsheets/d/1JZpA-5XDldN2bjfvhvBPHYK-1AENETLnF1UxNEpWlNA/edit#gid=352888197;data/manual/team_pokemon_usage.csv;output/team-graphics/s5/Victini Bottom.png
season_005,Liga 1,rueckrunde,Metagross,metagross,metagross,Bene,bene,Victini Bottom,victinibottom,manual_graphic_assignment,https://docs.google.com/spreadsheets/d/1JZpA-5XDldN2bjfvhvBPHYK-1AENETLnF1UxNEpWlNA/edit#gid=352888197;data/manual/team_pokemon_usage.csv;output/team-graphics/s5/Victini Bottom.png
season_005,Liga 1,rueckrunde,Rotom-Mow,rotommow,rotommow,Bene,bene,Victini Bottom,victinibottom,manual_graphic_assignment,https://docs.google.com/spreadsheets/d/1JZpA-5XDldN2bjfvhvBPHYK-1AENETLnF1UxNEpWlNA/edit#gid=352888197;data/manual/team_pokemon_usage.csv;output/team-graphics/s5/Victini Bottom.png
season_005,Liga 1,rueckrunde,Selfe,selfe,uxie,Bene,bene,Victini Bottom,victinibottom,manual_graphic_assignment,https://docs.google.com/spreadsheets/d/1JZpA-5XDldN2bjfvhvBPHYK-1AENETLnF1UxNEpWlNA/edit#gid=352888197;data/manual/team_pokemon_usage.csv;output/team-graphics/s5/Victini Bottom.png
season_005,Liga 1,rueckrunde,Snibunna,snibunna,weavile,Bene,bene,Victini Bottom,victinibottom,manual_graphic_assignment,https://docs.google.com/spreadsheets/d/1JZpA-5XDldN2bjfvhvBPHYK-1AENETLnF1UxNEpWlNA/edit#gid=352888197;data/manual/team_pokemon_usage.csv;output/team-graphics/s5/Victini Bottom.png
season_005,Liga 1,rueckrunde,Zygarde,zygarde,zygarde,Bene,bene,Victini Bottom,victinibottom,manual_override,https://docs.google.com/spreadsheets/d/1JZpA-5XDldN2bjfvhvBPHYK-1AENETLnF1UxNEpWlNA/edit#gid=352888197;data/manual/team_pokemon_usage.csv;data/manual/pokemon_killlists.csv
season_005,Liga 1,rueckrunde,Alola Sleimok,alolasleimok,mukalola,CaptainCrinch,captaincrinch,Crinchilla,crinchilla,manual_graphic_assignment,https://docs.google.com/spreadsheets/d/1JZpA-5XDldN2bjfvhvBPHYK-1AENETLnF1UxNEpWlNA/edit#gid=352888197;data/manual/team_pokemon_usage.csv;output/team-graphics/s5/Crinchilla.png
season_005,Liga 1,rueckrunde,Chillabell,chillabell,cinccino,CaptainCrinch,captaincrinch,Crinchilla,crinchilla,manual_graphic_assignment,https://docs.google.com/spreadsheets/d/1JZpA-5XDldN2bjfvhvBPHYK-1AENETLnF1UxNEpWlNA/edit#gid=352888197;data/manual/team_pokemon_usage.csv;output/team-graphics/s5/Crinchilla.png
season_005,Liga 1,rueckrunde,Demeteros-T,demeterost,landorustherian,CaptainCrinch,captaincrinch,Crinchilla,crinchilla,manual_graphic_assignment,https://docs.google.com/spreadsheets/d/1JZpA-5XDldN2bjfvhvBPHYK-1AENETLnF1UxNEpWlNA/edit#gid=352888197;data/manual/team_pokemon_usage.csv;output/team-graphics/s5/Crinchilla.png
season_005,Liga 1,rueckrunde,Echnatoll,echnatoll,cofagrigus,CaptainCrinch,captaincrinch,Crinchilla,crinchilla,manual_graphic_assignment,https://docs.google.com/spreadsheets/d/1JZpA-5XDldN2bjfvhvBPHYK-1AENETLnF1UxNEpWlNA/edit#gid=352888197;data/manual/team_pokemon_usage.csv;output/team-graphics/s5/Crinchilla.png
season_005,Liga 1,rueckrunde,Kapu-Kime,kapukime,tapufini,CaptainCrinch,captaincrinch,Crinchilla,crinchilla,manual_graphic_assignment,https://docs.google.com/spreadsheets/d/1JZpA-5XDldN2bjfvhvBPHYK-1AENETLnF1UxNEpWlNA/edit#gid=352888197;data/manual/team_pokemon_usage.csv;output/team-graphics/s5/Crinchilla.png
season_005,Liga 1,rueckrunde,Kyurem-Black,kyuremblack,kyuremblack,CaptainCrinch,captaincrinch,Crinchilla,crinchilla,manual_graphic_assignment,https://docs.google.com/spreadsheets/d/1JZpA-5XDldN2bjfvhvBPHYK-1AENETLnF1UxNEpWlNA/edit#gid=352888197;data/manual/team_pokemon_usage.csv;output/team-graphics/s5/Crinchilla.png
season_005,Liga 1,rueckrunde,Magneton,magneton,magneton,CaptainCrinch,captaincrinch,Crinchilla,crinchilla,manual_graphic_assignment,https://docs.google.com/spreadsheets/d/1JZpA-5XDldN2bjfvhvBPHYK-1AENETLnF1UxNEpWlNA/edit#gid=352888197;data/manual/team_pokemon_usage.csv;output/team-graphics/s5/Crinchilla.png
season_005,Liga 1,rueckrunde,Maskeregen,maskeregen,masquerain,CaptainCrinch,captaincrinch,Crinchilla,crinchilla,manual_graphic_assignment,https://docs.google.com/spreadsheets/d/1JZpA-5XDldN2bjfvhvBPHYK-1AENETLnF1UxNEpWlNA/edit#gid=352888197;data/manual/team_pokemon_usage.csv;output/team-graphics/s5/Crinchilla.png
season_005,Liga 1,rueckrunde,Muramura,muramura,stakataka,CaptainCrinch,captaincrinch,Crinchilla,crinchilla,manual_graphic_assignment,https://docs.google.com/spreadsheets/d/1JZpA-5XDldN2bjfvhvBPHYK-1AENETLnF1UxNEpWlNA/edit#gid=352888197;data/manual/team_pokemon_usage.csv;output/team-graphics/s5/Crinchilla.png
season_005,Liga 1,rueckrunde,Resladero,resladero,hawlucha,CaptainCrinch,captaincrinch,Crinchilla,crinchilla,manual_graphic_assignment,https://docs.google.com/spreadsheets/d/1JZpA-5XDldN2bjfvhvBPHYK-1AENETLnF1UxNEpWlNA/edit#gid=352888197;data/manual/team_pokemon_usage.csv;output/team-graphics/s5/Crinchilla.png
season_005,Liga 1,rueckrunde,Tornupto,tornupto,typhlosion,CaptainCrinch,captaincrinch,Crinchilla,crinchilla,manual_graphic_assignment,https://docs.google.com/spreadsheets/d/1JZpA-5XDldN2bjfvhvBPHYK-1AENETLnF1UxNEpWlNA/edit#gid=352888197;data/manual/team_pokemon_usage.csv;output/team-graphics/s5/Crinchilla.png
season_005,Liga 1,rueckrunde,Cavalanzas,cavalanzas,escavalier,Fnupa,fnupa,Cabgosport,cabgosport,manual_graphic_assignment,https://docs.google.com/spreadsheets/d/1JZpA-5XDldN2bjfvhvBPHYK-1AENETLnF1UxNEpWlNA/edit#gid=352888197;data/manual/team_pokemon_usage.csv;output/team-graphics/s5/Cabgosport.png
season_005,Liga 1,rueckrunde,Demeteros-I,demeterosi,landorus,Fnupa,fnupa,Cabgosport,cabgosport,manual_override,https://docs.google.com/spreadsheets/d/1JZpA-5XDldN2bjfvhvBPHYK-1AENETLnF1UxNEpWlNA/edit#gid=352888197;data/manual/pokemon_killlists.csv
season_005,Liga 1,rueckrunde,Donphan,donphan,donphan,Fnupa,fnupa,Cabgosport,cabgosport,manual_graphic_assignment,https://docs.google.com/spreadsheets/d/1JZpA-5XDldN2bjfvhvBPHYK-1AENETLnF1UxNEpWlNA/edit#gid=352888197;data/manual/team_pokemon_usage.csv;output/team-graphics/s5/Cabgosport.png
season_005,Liga 1,rueckrunde,Feelinara,feelinara,sylveon,Fnupa,fnupa,Cabgosport,cabgosport,manual_graphic_assignment,https://docs.google.com/spreadsheets/d/1JZpA-5XDldN2bjfvhvBPHYK-1AENETLnF1UxNEpWlNA/edit#gid=352888197;data/manual/team_pokemon_usage.csv;output/team-graphics/s5/Cabgosport.png
season_005,Liga 1,rueckrunde,Fruyal,fruyal,tsareena,Fnupa,fnupa,Cabgosport,cabgosport,manual_override,https://docs.google.com/spreadsheets/d/1JZpA-5XDldN2bjfvhvBPHYK-1AENETLnF1UxNEpWlNA/edit#gid=352888197;data/manual/pokemon_killlists.csv
season_005,Liga 1,rueckrunde,Garados,garados,gyarados,Fnupa,fnupa,Cabgosport,cabgosport,manual_graphic_assignment,https://docs.google.com/spreadsheets/d/1JZpA-5XDldN2bjfvhvBPHYK-1AENETLnF1UxNEpWlNA/edit#gid=352888197;data/manual/team_pokemon_usage.csv;output/team-graphics/s5/Cabgosport.png
season_005,Liga 1,rueckrunde,Kapu-Riki,kapuriki,tapukoko,Fnupa,fnupa,Cabgosport,cabgosport,manual_graphic_assignment,https://docs.google.com/spreadsheets/d/1JZpA-5XDldN2bjfvhvBPHYK-1AENETLnF1UxNEpWlNA/edit#gid=352888197;data/manual/team_pokemon_usage.csv;output/team-graphics/s5/Cabgosport.png
season_005,Liga 1,rueckrunde,Koalelu,koalelu,komala,Fnupa,fnupa,Cabgosport,cabgosport,manual_graphic_assignment,https://docs.google.com/spreadsheets/d/1JZpA-5XDldN2bjfvhvBPHYK-1AENETLnF1UxNEpWlNA/edit#gid=352888197;data/manual/team_pokemon_usage.csv;output/team-graphics/s5/Cabgosport.png
season_005,Liga 1,rueckrunde,Krawumms,krawumms,exploud,Fnupa,fnupa,Cabgosport,cabgosport,manual_override,https://docs.google.com/spreadsheets/d/1JZpA-5XDldN2bjfvhvBPHYK-1AENETLnF1UxNEpWlNA/edit#gid=352888197;data/manual/pokemon_killlists.csv
season_005,Liga 1,rueckrunde,Kyurem,kyurem,kyurem,Fnupa,fnupa,Cabgosport,cabgosport,manual_graphic_assignment,https://docs.google.com/spreadsheets/d/1JZpA-5XDldN2bjfvhvBPHYK-1AENETLnF1UxNEpWlNA/edit#gid=352888197;data/manual/team_pokemon_usage.csv;output/team-graphics/s5/Cabgosport.png
season_005,Liga 1,rueckrunde,Mega-Galagladi,megagalagladi,gallademega,Fnupa,fnupa,Cabgosport,cabgosport,manual_graphic_assignment,https://docs.google.com/spreadsheets/d/1JZpA-5XDldN2bjfvhvBPHYK-1AENETLnF1UxNEpWlNA/edit#gid=352888197;data/manual/team_pokemon_usage.csv;output/team-graphics/s5/Cabgosport.png
season_005,Liga 1,rueckrunde,Moruda,moruda,dhelmise,Fnupa,fnupa,Cabgosport,cabgosport,manual_override,https://docs.google.com/spreadsheets/d/1JZpA-5XDldN2bjfvhvBPHYK-1AENETLnF1UxNEpWlNA/edit#gid=352888197;data/manual/pokemon_killlists.csv
season_005,Liga 1,rueckrunde,Porygon2,porygon2,porygon2,Fnupa,fnupa,Cabgosport,cabgosport,manual_graphic_assignment,https://docs.google.com/spreadsheets/d/1JZpA-5XDldN2bjfvhvBPHYK-1AENETLnF1UxNEpWlNA/edit#gid=352888197;data/manual/team_pokemon_usage.csv;output/team-graphics/s5/Cabgosport.png
season_005,Liga 1,rueckrunde,Pumpdjinn-Größe XL,pumpdjinngrossexl,gourgeistsuper,Fnupa,fnupa,Cabgosport,cabgosport,manual_graphic_assignment,https://docs.google.com/spreadsheets/d/1JZpA-5XDldN2bjfvhvBPHYK-1AENETLnF1UxNEpWlNA/edit#gid=352888197;data/manual/team_pokemon_usage.csv;output/team-graphics/s5/Cabgosport.png
season_005,Liga 1,rueckrunde,Sabbaione,sabbaione,slurpuff,Fnupa,fnupa,Cabgosport,cabgosport,manual_override,https://docs.google.com/spreadsheets/d/1JZpA-5XDldN2bjfvhvBPHYK-1AENETLnF1UxNEpWlNA/edit#gid=352888197;data/manual/pokemon_killlists.csv
season_005,Liga 1,rueckrunde,Sumpex,sumpex,swampert,Fnupa,fnupa,Cabgosport,cabgosport,manual_override,https://docs.google.com/spreadsheets/d/1JZpA-5XDldN2bjfvhvBPHYK-1AENETLnF1UxNEpWlNA/edit#gid=352888197;data/manual/pokemon_killlists.csv
season_005,Liga 1,rueckrunde,Celebi,celebi,celebi,Lauris,lauris,Shockwaving Magearnas,shockwavingmagearnas,manual_graphic_assignment,https://docs.google.com/spreadsheets/d/1JZpA-5XDldN2bjfvhvBPHYK-1AENETLnF1UxNEpWlNA/edit#gid=352888197;data/manual/team_pokemon_usage.csv;output/team-graphics/s5/Shockwaving Magearnas.png
season_005,Liga 1,rueckrunde,Elfun,elfun,whimsicott,Lauris,lauris,Shockwaving Magearnas,shockwavingmagearnas,manual_graphic_assignment,https://docs.google.com/spreadsheets/d/1JZpA-5XDldN2bjfvhvBPHYK-1AENETLnF1UxNEpWlNA/edit#gid=352888197;data/manual/team_pokemon_usage.csv;output/team-graphics/s5/Shockwaving Magearnas.png
season_005,Liga 1,rueckrunde,Hundemon,hundemon,houndoom,Lauris,lauris,Shockwaving Magearnas,shockwavingmagearnas,manual_override,https://docs.google.com/spreadsheets/d/1JZpA-5XDldN2bjfvhvBPHYK-1AENETLnF1UxNEpWlNA/edit#gid=352888197;data/manual/pokemon_killlists.csv
season_005,Liga 1,rueckrunde,Iksbat,iksbat,crobat,Lauris,lauris,Shockwaving Magearnas,shockwavingmagearnas,manual_graphic_assignment,https://docs.google.com/spreadsheets/d/1JZpA-5XDldN2bjfvhvBPHYK-1AENETLnF1UxNEpWlNA/edit#gid=352888197;data/manual/team_pokemon_usage.csv;output/team-graphics/s5/Shockwaving Magearnas.png
season_005,Liga 1,rueckrunde,Magbrant,magbrant,magmortar,Lauris,lauris,Shockwaving Magearnas,shockwavingmagearnas,manual_graphic_assignment,https://docs.google.com/spreadsheets/d/1JZpA-5XDldN2bjfvhvBPHYK-1AENETLnF1UxNEpWlNA/edit#gid=352888197;data/manual/team_pokemon_usage.csv;output/team-graphics/s5/Shockwaving Magearnas.png
season_005,Liga 1,rueckrunde,Magearna-Originalfarbe,magearnaoriginalfarbe,magearnaoriginal,Lauris,lauris,Shockwaving Magearnas,shockwavingmagearnas,manual_graphic_assignment,https://docs.google.com/spreadsheets/d/1JZpA-5XDldN2bjfvhvBPHYK-1AENETLnF1UxNEpWlNA/edit#gid=352888197;data/manual/team_pokemon_usage.csv;output/team-graphics/s5/Shockwaving Magearnas.png
season_005,Liga 1,rueckrunde,Mamutel,mamutel,mamoswine,Lauris,lauris,Shockwaving Magearnas,shockwavingmagearnas,manual_graphic_assignment,https://docs.google.com/spreadsheets/d/1JZpA-5XDldN2bjfvhvBPHYK-1AENETLnF1UxNEpWlNA/edit#gid=352888197;data/manual/team_pokemon_usage.csv;output/team-graphics/s5/Shockwaving Magearnas.png
season_005,Liga 1,rueckrunde,Mega-Meditalis,megameditalis,medichammega,Lauris,lauris,Shockwaving Magearnas,shockwavingmagearnas,manual_graphic_assignment,https://docs.google.com/spreadsheets/d/1JZpA-5XDldN2bjfvhvBPHYK-1AENETLnF1UxNEpWlNA/edit#gid=352888197;data/manual/team_pokemon_usage.csv;output/team-graphics/s5/Shockwaving Magearnas.png
season_005,Liga 1,rueckrunde,Rotom-W,rotomw,rotomwash,Lauris,lauris,Shockwaving Magearnas,shockwavingmagearnas,manual_graphic_assignment,https://docs.google.com/spreadsheets/d/1JZpA-5XDldN2bjfvhvBPHYK-1AENETLnF1UxNEpWlNA/edit#gid=352888197;data/manual/team_pokemon_usage.csv;output/team-graphics/s5/Shockwaving Magearnas.png
season_005,Liga 1,rueckrunde,Sen-Long,senlong,drampa,Lauris,lauris,Shockwaving Magearnas,shockwavingmagearnas,manual_graphic_assignment,https://docs.google.com/spreadsheets/d/1JZpA-5XDldN2bjfvhvBPHYK-1AENETLnF1UxNEpWlNA/edit#gid=352888197;data/manual/team_pokemon_usage.csv;output/team-graphics/s5/Shockwaving Magearnas.png
season_005,Liga 1,rueckrunde,Typ:Null,typnull,typenull,Lauris,lauris,Shockwaving Magearnas,shockwavingmagearnas,manual_graphic_assignment,https://docs.google.com/spreadsheets/d/1JZpA-5XDldN2bjfvhvBPHYK-1AENETLnF1UxNEpWlNA/edit#gid=352888197;data/manual/team_pokemon_usage.csv;output/team-graphics/s5/Shockwaving Magearnas.png
season_005,Liga 1,rueckrunde,Blitza,blitza,jolteon,Minetube,minetube,Triyolotree,triyolotree,manual_graphic_assignment,https://docs.google.com/spreadsheets/d/1JZpA-5XDldN2bjfvhvBPHYK-1AENETLnF1UxNEpWlNA/edit#gid=352888197;data/manual/team_pokemon_usage.csv;output/team-graphics/s5/Triyolotree.png
season_005,Liga 1,rueckrunde,Bronzel,bronzel,bronzor,Minetube,minetube,Triyolotree,triyolotree,manual_graphic_assignment,https://docs.google.com/spreadsheets/d/1JZpA-5XDldN2bjfvhvBPHYK-1AENETLnF1UxNEpWlNA/edit#gid=352888197;data/manual/team_pokemon_usage.csv;output/team-graphics/s5/Triyolotree.png
season_005,Liga 1,rueckrunde,Diancie,diancie,diancie,Minetube,minetube,Triyolotree,triyolotree,manual_override,https://docs.google.com/spreadsheets/d/1JZpA-5XDldN2bjfvhvBPHYK-1AENETLnF1UxNEpWlNA/edit#gid=352888197;data/manual/pokemon_killlists.csv
season_005,Liga 1,rueckrunde,Fuegro,fuegro,incineroar,Minetube,minetube,Triyolotree,triyolotree,manual_graphic_assignment,https://docs.google.com/spreadsheets/d/1JZpA-5XDldN2bjfvhvBPHYK-1AENETLnF1UxNEpWlNA/edit#gid=352888197;data/manual/team_pokemon_usage.csv;output/team-graphics/s5/Triyolotree.png
season_005,Liga 1,rueckrunde,Granbull,granbull,granbull,Minetube,minetube,Triyolotree,triyolotree,manual_graphic_assignment,https://docs.google.com/spreadsheets/d/1JZpA-5XDldN2bjfvhvBPHYK-1AENETLnF1UxNEpWlNA/edit#gid=352888197;data/manual/team_pokemon_usage.csv;output/team-graphics/s5/Triyolotree.png
season_005,Liga 1,rueckrunde,Machomei,machomei,machamp,Minetube,minetube,Triyolotree,triyolotree,manual_graphic_assignment,https://docs.google.com/spreadsheets/d/1JZpA-5XDldN2bjfvhvBPHYK-1AENETLnF1UxNEpWlNA/edit#gid=352888197;data/manual/team_pokemon_usage.csv;output/team-graphics/s5/Triyolotree.png
season_005,Liga 1,rueckrunde,Meloetta,meloetta,meloetta,Minetube,minetube,Triyolotree,triyolotree,manual_override,https://docs.google.com/spreadsheets/d/1JZpA-5XDldN2bjfvhvBPHYK-1AENETLnF1UxNEpWlNA/edit#gid=352888197;data/manual/pokemon_killlists.csv
season_005,Liga 1,rueckrunde,Omot,omot,venomoth,Minetube,minetube,Triyolotree,triyolotree,manual_graphic_assignment,https://docs.google.com/spreadsheets/d/1JZpA-5XDldN2bjfvhvBPHYK-1AENETLnF1UxNEpWlNA/edit#gid=352888197;data/manual/team_pokemon_usage.csv;output/team-graphics/s5/Triyolotree.png
season_005,Liga 1,rueckrunde,Piondragi,piondragi,drapion,Minetube,minetube,Triyolotree,triyolotree,manual_override,https://docs.google.com/spreadsheets/d/1JZpA-5XDldN2bjfvhvBPHYK-1AENETLnF1UxNEpWlNA/edit#gid=352888197;data/manual/pokemon_killlists.csv
season_005,Liga 1,rueckrunde,Primarene,primarene,primarina,Minetube,minetube,Triyolotree,triyolotree,manual_graphic_assignment,https://docs.google.com/spreadsheets/d/1JZpA-5XDldN2bjfvhvBPHYK-1AENETLnF1UxNEpWlNA/edit#gid=352888197;data/manual/team_pokemon_usage.csv;output/team-graphics/s5/Triyolotree.png
season_005,Liga 1,rueckrunde,Serpiroyal,serpiroyal,serperior,Minetube,minetube,Triyolotree,triyolotree,manual_graphic_assignment,https://docs.google.com/spreadsheets/d/1JZpA-5XDldN2bjfvhvBPHYK-1AENETLnF1UxNEpWlNA/edit#gid=352888197;data/manual/team_pokemon_usage.csv;output/team-graphics/s5/Triyolotree.png
season_005,Liga 1,rueckrunde,Stalobor,stalobor,excadrill,Minetube,minetube,Triyolotree,triyolotree,manual_graphic_assignment,https://docs.google.com/spreadsheets/d/1JZpA-5XDldN2bjfvhvBPHYK-1AENETLnF1UxNEpWlNA/edit#gid=352888197;data/manual/team_pokemon_usage.csv;output/team-graphics/s5/Triyolotree.png
season_005,Liga 1,rueckrunde,Terrakium,terrakium,terrakion,Minetube,minetube,Triyolotree,triyolotree,manual_graphic_assignment,https://docs.google.com/spreadsheets/d/1JZpA-5XDldN2bjfvhvBPHYK-1AENETLnF1UxNEpWlNA/edit#gid=352888197;data/manual/team_pokemon_usage.csv;output/team-graphics/s5/Triyolotree.png
season_005,Liga 1,rueckrunde,Amigento-Typ:Fee,amigentotypfee,silvallyfairy,Parsifani,parsifani,Aggron Successors*,aggronsuccessors,manual_graphic_assignment,https://docs.google.com/spreadsheets/d/1JZpA-5XDldN2bjfvhvBPHYK-1AENETLnF1UxNEpWlNA/edit#gid=352888197;data/manual/team_pokemon_usage.csv;output/team-graphics/s5/Aggron Berlin.png
season_005,Liga 1,rueckrunde,Gallopa,gallopa,rapidash,Parsifani,parsifani,Aggron Successors*,aggronsuccessors,manual_override,https://docs.google.com/spreadsheets/d/1JZpA-5XDldN2bjfvhvBPHYK-1AENETLnF1UxNEpWlNA/edit#gid=352888197;data/manual/pokemon_killlists.csv
season_005,Liga 1,rueckrunde,Keifel,keifel,piloswine,Parsifani,parsifani,Aggron Successors*,aggronsuccessors,manual_graphic_assignment,https://docs.google.com/spreadsheets/d/1JZpA-5XDldN2bjfvhvBPHYK-1AENETLnF1UxNEpWlNA/edit#gid=352888197;data/manual/team_pokemon_usage.csv;output/team-graphics/s5/Aggron Berlin.png
season_005,Liga 1,rueckrunde,Meditalis,meditalis,medicham,Parsifani,parsifani,Aggron Successors*,aggronsuccessors,manual_graphic_assignment,https://docs.google.com/spreadsheets/d/1JZpA-5XDldN2bjfvhvBPHYK-1AENETLnF1UxNEpWlNA/edit#gid=352888197;data/manual/team_pokemon_usage.csv;output/team-graphics/s5/Aggron Berlin.png
season_005,Liga 1,rueckrunde,Mega-Latias,megalatias,latiasmega,Parsifani,parsifani,Aggron Successors*,aggronsuccessors,manual_graphic_assignment,https://docs.google.com/spreadsheets/d/1JZpA-5XDldN2bjfvhvBPHYK-1AENETLnF1UxNEpWlNA/edit#gid=352888197;data/manual/team_pokemon_usage.csv;output/team-graphics/s5/Aggron Berlin.png
season_005,Liga 1,rueckrunde,Mega-Schlapor,megaschlapor,lopunnymega,Parsifani,parsifani,Aggron Successors*,aggronsuccessors,manual_override,https://docs.google.com/spreadsheets/d/1JZpA-5XDldN2bjfvhvBPHYK-1AENETLnF1UxNEpWlNA/edit#gid=352888197;data/manual/pokemon_killlists.csv
season_005,Liga 1,rueckrunde,Mimigma,mimigma,mimikyu,Parsifani,parsifani,Aggron Successors*,aggronsuccessors,manual_override,https://docs.google.com/spreadsheets/d/1JZpA-5XDldN2bjfvhvBPHYK-1AENETLnF1UxNEpWlNA/edit#gid=352888197;data/manual/pokemon_killlists.csv
season_005,Liga 1,rueckrunde,Panzaeron,panzaeron,skarmory,Parsifani,parsifani,Aggron Successors*,aggronsuccessors,manual_graphic_assignment,https://docs.google.com/spreadsheets/d/1JZpA-5XDldN2bjfvhvBPHYK-1AENETLnF1UxNEpWlNA/edit#gid=352888197;data/manual/team_pokemon_usage.csv;output/team-graphics/s5/Aggron Berlin.png
season_005,Liga 1,rueckrunde,Tectass,tectass,golisopod,Parsifani,parsifani,Aggron Successors*,aggronsuccessors,manual_graphic_assignment,https://docs.google.com/spreadsheets/d/1JZpA-5XDldN2bjfvhvBPHYK-1AENETLnF1UxNEpWlNA/edit#gid=352888197;data/manual/team_pokemon_usage.csv;output/team-graphics/s5/Aggron Berlin.png
season_005,Liga 1,rueckrunde,Tentoxa,tentoxa,tentacruel,Parsifani,parsifani,Aggron Successors*,aggronsuccessors,manual_graphic_assignment,https://docs.google.com/spreadsheets/d/1JZpA-5XDldN2bjfvhvBPHYK-1AENETLnF1UxNEpWlNA/edit#gid=352888197;data/manual/team_pokemon_usage.csv;output/team-graphics/s5/Aggron Berlin.png
season_005,Liga 1,rueckrunde,Voltolos-T,voltolost,thundurustherian,Parsifani,parsifani,Aggron Successors*,aggronsuccessors,manual_graphic_assignment,https://docs.google.com/spreadsheets/d/1JZpA-5XDldN2bjfvhvBPHYK-1AENETLnF1UxNEpWlNA/edit#gid=352888197;data/manual/team_pokemon_usage.csv;output/team-graphics/s5/Aggron Berlin.png
season_005,Liga 1,rueckrunde,Wolwerock,wolwerock,lycanroc,Parsifani,parsifani,Aggron Successors*,aggronsuccessors,manual_graphic_assignment,https://docs.google.com/spreadsheets/d/1JZpA-5XDldN2bjfvhvBPHYK-1AENETLnF1UxNEpWlNA/edit#gid=352888197;data/manual/team_pokemon_usage.csv;output/team-graphics/s5/Aggron Berlin.png
season_005,Liga 1,rueckrunde,Aerodactyl,aerodactyl,aerodactyl,PresentLP,present,Prekani,prekani,manual_graphic_assignment,https://docs.google.com/spreadsheets/d/1JZpA-5XDldN2bjfvhvBPHYK-1AENETLnF1UxNEpWlNA/edit#gid=352888197;data/manual/team_pokemon_usage.csv;output/team-graphics/s5/Prekani.png
season_005,Liga 1,rueckrunde,Aquana,aquana,vaporeon,PresentLP,present,Prekani,prekani,manual_graphic_assignment,https://docs.google.com/spreadsheets/d/1JZpA-5XDldN2bjfvhvBPHYK-1AENETLnF1UxNEpWlNA/edit#gid=352888197;data/manual/team_pokemon_usage.csv;output/team-graphics/s5/Prekani.png
season_005,Liga 1,rueckrunde,Clavion,clavion,klefki,PresentLP,present,Prekani,prekani,manual_graphic_assignment,https://docs.google.com/spreadsheets/d/1JZpA-5XDldN2bjfvhvBPHYK-1AENETLnF1UxNEpWlNA/edit#gid=352888197;data/manual/team_pokemon_usage.csv;output/team-graphics/s5/Prekani.png
season_005,Liga 1,rueckrunde,Entei,entei,entei,PresentLP,present,Prekani,prekani,manual_graphic_assignment,https://docs.google.com/spreadsheets/d/1JZpA-5XDldN2bjfvhvBPHYK-1AENETLnF1UxNEpWlNA/edit#gid=352888197;data/manual/team_pokemon_usage.csv;output/team-graphics/s5/Prekani.png
season_005,Liga 1,rueckrunde,Fennexis,fennexis,delphox,PresentLP,present,Prekani,prekani,manual_override,https://docs.google.com/spreadsheets/d/1JZpA-5XDldN2bjfvhvBPHYK-1AENETLnF1UxNEpWlNA/edit#gid=352888197;data/manual/pokemon_killlists.csv
season_005,Liga 1,rueckrunde,Hariyama,hariyama,hariyama,PresentLP,present,Prekani,prekani,manual_graphic_assignment,https://docs.google.com/spreadsheets/d/1JZpA-5XDldN2bjfvhvBPHYK-1AENETLnF1UxNEpWlNA/edit#gid=352888197;data/manual/team_pokemon_usage.csv;output/team-graphics/s5/Prekani.png
season_005,Liga 1,rueckrunde,Knakrack,knakrack,garchomp,PresentLP,present,Prekani,prekani,manual_override,https://docs.google.com/spreadsheets/d/1JZpA-5XDldN2bjfvhvBPHYK-1AENETLnF1UxNEpWlNA/edit#gid=352888197;data/manual/pokemon_killlists.csv
season_005,Liga 1,rueckrunde,Latias,latias,latias,PresentLP,present,Prekani,prekani,manual_graphic_assignment,https://docs.google.com/spreadsheets/d/1JZpA-5XDldN2bjfvhvBPHYK-1AENETLnF1UxNEpWlNA/edit#gid=352888197;data/manual/team_pokemon_usage.csv;output/team-graphics/s5/Prekani.png
season_005,Liga 1,rueckrunde,Mega-Bibor,megabibor,beedrillmega,PresentLP,present,Prekani,prekani,manual_graphic_assignment,https://docs.google.com/spreadsheets/d/1JZpA-5XDldN2bjfvhvBPHYK-1AENETLnF1UxNEpWlNA/edit#gid=352888197;data/manual/team_pokemon_usage.csv;output/team-graphics/s5/Prekani.png
season_005,Liga 1,rueckrunde,Schwalboss,schwalboss,swellow,PresentLP,present,Prekani,prekani,manual_override,https://docs.google.com/spreadsheets/d/1JZpA-5XDldN2bjfvhvBPHYK-1AENETLnF1UxNEpWlNA/edit#gid=352888197;data/manual/pokemon_killlists.csv
season_005,Liga 1,rueckrunde,Tangoloss,tangoloss,tangrowth,PresentLP,present,Prekani,prekani,manual_graphic_assignment,https://docs.google.com/spreadsheets/d/1JZpA-5XDldN2bjfvhvBPHYK-1AENETLnF1UxNEpWlNA/edit#gid=352888197;data/manual/team_pokemon_usage.csv;output/team-graphics/s5/Prekani.png
season_005,Liga 1,rueckrunde,Voltolos-I,voltolosi,thundurus,PresentLP,present,Prekani,prekani,manual_graphic_assignment,https://docs.google.com/spreadsheets/d/1JZpA-5XDldN2bjfvhvBPHYK-1AENETLnF1UxNEpWlNA/edit#gid=352888197;data/manual/team_pokemon_usage.csv;output/team-graphics/s5/Prekani.png
season_005,Liga 1,rueckrunde,Alpollo,alpollo,haunter,Professor N,professorn,Howling Commandos,howlingcommandos,manual_override,https://docs.google.com/spreadsheets/d/1JZpA-5XDldN2bjfvhvBPHYK-1AENETLnF1UxNEpWlNA/edit#gid=352888197;data/manual/pokemon_killlists.csv
season_005,Liga 1,rueckrunde,Azumarill,azumarill,azumarill,Professor N,professorn,Howling Commandos,howlingcommandos,manual_graphic_assignment,https://docs.google.com/spreadsheets/d/1JZpA-5XDldN2bjfvhvBPHYK-1AENETLnF1UxNEpWlNA/edit#gid=352888197;data/manual/team_pokemon_usage.csv;output/team-graphics/s5/Howling Commandos.png
season_005,Liga 1,rueckrunde,Baldorfish,baldorfish,qwilfish,Professor N,professorn,Howling Commandos,howlingcommandos,manual_graphic_assignment,https://docs.google.com/spreadsheets/d/1JZpA-5XDldN2bjfvhvBPHYK-1AENETLnF1UxNEpWlNA/edit#gid=352888197;data/manual/team_pokemon_usage.csv;output/team-graphics/s5/Howling Commandos.png
season_005,Liga 1,rueckrunde,Boreos-T,boreost,tornadustherian,Professor N,professorn,Howling Commandos,howlingcommandos,manual_graphic_assignment,https://docs.google.com/spreadsheets/d/1JZpA-5XDldN2bjfvhvBPHYK-1AENETLnF1UxNEpWlNA/edit#gid=352888197;data/manual/team_pokemon_usage.csv;output/team-graphics/s5/Howling Commandos.png
season_005,Liga 1,rueckrunde,Bronzong,bronzong,bronzong,Professor N,professorn,Howling Commandos,howlingcommandos,manual_graphic_assignment,https://docs.google.com/spreadsheets/d/1JZpA-5XDldN2bjfvhvBPHYK-1AENETLnF1UxNEpWlNA/edit#gid=352888197;data/manual/team_pokemon_usage.csv;output/team-graphics/s5/Howling Commandos.png
season_005,Liga 1,rueckrunde,Gewaldro,gewaldro,sceptile,Professor N,professorn,Howling Commandos,howlingcommandos,manual_graphic_assignment,https://docs.google.com/spreadsheets/d/1JZpA-5XDldN2bjfvhvBPHYK-1AENETLnF1UxNEpWlNA/edit#gid=352888197;data/manual/team_pokemon_usage.csv;output/team-graphics/s5/Howling Commandos.png
season_005,Liga 1,rueckrunde,Hippoterus,hippoterus,hippowdon,Professor N,professorn,Howling Commandos,howlingcommandos,manual_graphic_assignment,https://docs.google.com/spreadsheets/d/1JZpA-5XDldN2bjfvhvBPHYK-1AENETLnF1UxNEpWlNA/edit#gid=352888197;data/manual/team_pokemon_usage.csv;output/team-graphics/s5/Howling Commandos.png
season_005,Liga 1,rueckrunde,Lucario,lucario,lucario,Professor N,professorn,Howling Commandos,howlingcommandos,manual_graphic_assignment,https://docs.google.com/spreadsheets/d/1JZpA-5XDldN2bjfvhvBPHYK-1AENETLnF1UxNEpWlNA/edit#gid=352888197;data/manual/team_pokemon_usage.csv;output/team-graphics/s5/Howling Commandos.png
season_005,Liga 1,rueckrunde,Rotom-H,rotomh,rotomheat,Professor N,professorn,Howling Commandos,howlingcommandos,manual_graphic_assignment,https://docs.google.com/spreadsheets/d/1JZpA-5XDldN2bjfvhvBPHYK-1AENETLnF1UxNEpWlNA/edit#gid=352888197;data/manual/team_pokemon_usage.csv;output/team-graphics/s5/Howling Commandos.png
season_005,Liga 1,rueckrunde,Somnivora,somnivora,musharna,Professor N,professorn,Howling Commandos,howlingcommandos,manual_override,https://docs.google.com/spreadsheets/d/1JZpA-5XDldN2bjfvhvBPHYK-1AENETLnF1UxNEpWlNA/edit#gid=352888197;data/manual/pokemon_killlists.csv
season_005,Liga 1,rueckrunde,Trikephalo,trikephalo,hydreigon,Professor N,professorn,Howling Commandos,howlingcommandos,manual_graphic_assignment,https://docs.google.com/spreadsheets/d/1JZpA-5XDldN2bjfvhvBPHYK-1AENETLnF1UxNEpWlNA/edit#gid=352888197;data/manual/team_pokemon_usage.csv;output/team-graphics/s5/Howling Commandos.png
season_005,Liga 1,rueckrunde,Wolwerock (Zwielicht),wolwerockzwielicht,lycanrocdusk,Professor N,professorn,Howling Commandos,howlingcommandos,manual_override,https://docs.google.com/spreadsheets/d/1JZpA-5XDldN2bjfvhvBPHYK-1AENETLnF1UxNEpWlNA/edit#gid=352888197;data/manual/team_pokemon_usage.csv;output/team-graphics/s5/Howling Commandos.png;data/manual/pokemon_killlists.csv
season_005,Liga 1,rueckrunde,Alola Knogga,alolaknogga,marowakalola,Raizor,raizor,Soulstealer,soulstealer,manual_graphic_assignment,https://docs.google.com/spreadsheets/d/1JZpA-5XDldN2bjfvhvBPHYK-1AENETLnF1UxNEpWlNA/edit#gid=352888197;data/manual/team_pokemon_usage.csv;output/team-graphics/s5/SoulStealer.png
season_005,Liga 1,rueckrunde,Brutalanda,brutalanda,salamence,Raizor,raizor,Soulstealer,soulstealer,manual_graphic_assignment,https://docs.google.com/spreadsheets/d/1JZpA-5XDldN2bjfvhvBPHYK-1AENETLnF1UxNEpWlNA/edit#gid=352888197;data/manual/team_pokemon_usage.csv;output/team-graphics/s5/SoulStealer.png
season_005,Liga 1,rueckrunde,Drifzepli,drifzepli,drifblim,Raizor,raizor,Soulstealer,soulstealer,manual_graphic_assignment,https://docs.google.com/spreadsheets/d/1JZpA-5XDldN2bjfvhvBPHYK-1AENETLnF1UxNEpWlNA/edit#gid=352888197;data/manual/team_pokemon_usage.csv;output/team-graphics/s5/SoulStealer.png
season_005,Liga 1,rueckrunde,Kapu-Toro,kaputoro,tapubulu,Raizor,raizor,Soulstealer,soulstealer,manual_graphic_assignment,https://docs.google.com/spreadsheets/d/1JZpA-5XDldN2bjfvhvBPHYK-1AENETLnF1UxNEpWlNA/edit#gid=352888197;data/manual/team_pokemon_usage.csv;output/team-graphics/s5/SoulStealer.png
season_005,Liga 1,rueckrunde,Kobalium,kobalium,cobalion,Raizor,raizor,Soulstealer,soulstealer,manual_graphic_assignment,https://docs.google.com/spreadsheets/d/1JZpA-5XDldN2bjfvhvBPHYK-1AENETLnF1UxNEpWlNA/edit#gid=352888197;data/manual/team_pokemon_usage.csv;output/team-graphics/s5/SoulStealer.png
season_005,Liga 1,rueckrunde,Lepumentas,lepumentas,claydol,Raizor,raizor,Soulstealer,soulstealer,manual_graphic_assignment,https://docs.google.com/spreadsheets/d/1JZpA-5XDldN2bjfvhvBPHYK-1AENETLnF1UxNEpWlNA/edit#gid=352888197;data/manual/team_pokemon_usage.csv;output/team-graphics/s5/SoulStealer.png
season_005,Liga 1,rueckrunde,Mega-Diancie,megadiancie,dianciemega,Raizor,raizor,Soulstealer,soulstealer,manual_graphic_assignment,https://docs.google.com/spreadsheets/d/1JZpA-5XDldN2bjfvhvBPHYK-1AENETLnF1UxNEpWlNA/edit#gid=352888197;data/manual/team_pokemon_usage.csv;output/team-graphics/s5/SoulStealer.png
season_005,Liga 1,rueckrunde,Mega-Simsala,megasimsala,alakazammega,Raizor,raizor,Soulstealer,soulstealer,manual_override,https://docs.google.com/spreadsheets/d/1JZpA-5XDldN2bjfvhvBPHYK-1AENETLnF1UxNEpWlNA/edit#gid=352888197;data/manual/pokemon_killlists.csv
season_005,Liga 1,rueckrunde,Milotic,milotic,milotic,Raizor,raizor,Soulstealer,soulstealer,manual_graphic_assignment,https://docs.google.com/spreadsheets/d/1JZpA-5XDldN2bjfvhvBPHYK-1AENETLnF1UxNEpWlNA/edit#gid=352888197;data/manual/team_pokemon_usage.csv;output/team-graphics/s5/SoulStealer.png
season_005,Liga 1,rueckrunde,Porygon-Z,porygonz,porygonz,Raizor,raizor,Soulstealer,soulstealer,manual_override,https://docs.google.com/spreadsheets/d/1JZpA-5XDldN2bjfvhvBPHYK-1AENETLnF1UxNEpWlNA/edit#gid=352888197;data/manual/pokemon_killlists.csv
season_005,Liga 1,rueckrunde,Sniebel,sniebel,sneasel,Raizor,raizor,Soulstealer,soulstealer,manual_graphic_assignment,https://docs.google.com/spreadsheets/d/1JZpA-5XDldN2bjfvhvBPHYK-1AENETLnF1UxNEpWlNA/edit#gid=352888197;data/manual/team_pokemon_usage.csv;output/team-graphics/s5/SoulStealer.png
season_005,Liga 1,rueckrunde,Tangela,tangela,tangela,Raizor,raizor,Soulstealer,soulstealer,manual_graphic_assignment,https://docs.google.com/spreadsheets/d/1JZpA-5XDldN2bjfvhvBPHYK-1AENETLnF1UxNEpWlNA/edit#gid=352888197;data/manual/team_pokemon_usage.csv;output/team-graphics/s5/SoulStealer.png
season_005,Liga 1,,Impergator,impergator,feraligatr,Tabasco TV,tabascotv,Aggron Successors*,aggronsuccessors,manual_override,https://docs.google.com/spreadsheets/d/1JZpA-5XDldN2bjfvhvBPHYK-1AENETLnF1UxNEpWlNA/edit#gid=352888197;data/manual/pokemon_killlists.csv
season_005,Liga 1,,Togedemaru,togedemaru,togedemaru,Tabasco TV,tabascotv,Aggron Successors*,aggronsuccessors,manual_override,https://docs.google.com/spreadsheets/d/1JZpA-5XDldN2bjfvhvBPHYK-1AENETLnF1UxNEpWlNA/edit#gid=352888197;data/manual/pokemon_killlists.csv
season_005,Liga 1,rueckrunde,Amfira,amfira,salazzle,glebber,glebber,Energie Tobutz,energietobutz,manual_graphic_assignment,https://docs.google.com/spreadsheets/d/1JZpA-5XDldN2bjfvhvBPHYK-1AENETLnF1UxNEpWlNA/edit#gid=352888197;data/manual/team_pokemon_usage.csv;output/team-graphics/s5/Energie Tobutz.png
season_005,Liga 1,rueckrunde,Bisofank,bisofank,bouffalant,glebber,glebber,Energie Tobutz,energietobutz,manual_override,https://docs.google.com/spreadsheets/d/1JZpA-5XDldN2bjfvhvBPHYK-1AENETLnF1UxNEpWlNA/edit#gid=352888197;data/manual/pokemon_killlists.csv
season_005,Liga 1,rueckrunde,Bissbark,bissbark,stoutland,glebber,glebber,Energie Tobutz,energietobutz,manual_graphic_assignment,https://docs.google.com/spreadsheets/d/1JZpA-5XDldN2bjfvhvBPHYK-1AENETLnF1UxNEpWlNA/edit#gid=352888197;data/manual/team_pokemon_usage.csv;output/team-graphics/s5/Energie Tobutz.png
season_005,Liga 1,rueckrunde,Brockoloss,brockoloss,gigalith,glebber,glebber,Energie Tobutz,energietobutz,manual_graphic_assignment,https://docs.google.com/spreadsheets/d/1JZpA-5XDldN2bjfvhvBPHYK-1AENETLnF1UxNEpWlNA/edit#gid=352888197;data/manual/team_pokemon_usage.csv;output/team-graphics/s5/Energie Tobutz.png
season_005,Liga 1,rueckrunde,Heatran,heatran,heatran,glebber,glebber,Energie Tobutz,energietobutz,manual_override,https://docs.google.com/spreadsheets/d/1JZpA-5XDldN2bjfvhvBPHYK-1AENETLnF1UxNEpWlNA/edit#gid=352888197;data/manual/pokemon_killlists.csv
season_005,Liga 1,rueckrunde,Katagami,katagami,kartana,glebber,glebber,Energie Tobutz,energietobutz,manual_graphic_assignment,https://docs.google.com/spreadsheets/d/1JZpA-5XDldN2bjfvhvBPHYK-1AENETLnF1UxNEpWlNA/edit#gid=352888197;data/manual/team_pokemon_usage.csv;output/team-graphics/s5/Energie Tobutz.png
season_005,Liga 1,rueckrunde,Laschoking,laschoking,slowking,glebber,glebber,Energie Tobutz,energietobutz,manual_graphic_assignment,https://docs.google.com/spreadsheets/d/1JZpA-5XDldN2bjfvhvBPHYK-1AENETLnF1UxNEpWlNA/edit#gid=352888197;data/manual/team_pokemon_usage.csv;output/team-graphics/s5/Energie Tobutz.png
season_005,Liga 1,rueckrunde,Mega-Altaria,megaaltaria,altariamega,glebber,glebber,Energie Tobutz,energietobutz,manual_graphic_assignment,https://docs.google.com/spreadsheets/d/1JZpA-5XDldN2bjfvhvBPHYK-1AENETLnF1UxNEpWlNA/edit#gid=352888197;data/manual/team_pokemon_usage.csv;output/team-graphics/s5/Energie Tobutz.png
season_005,Liga 1,rueckrunde,Mega-Guardevoir,megaguardevoir,gardevoirmega,glebber,glebber,Energie Tobutz,energietobutz,manual_override,https://docs.google.com/spreadsheets/d/1JZpA-5XDldN2bjfvhvBPHYK-1AENETLnF1UxNEpWlNA/edit#gid=352888197;data/manual/pokemon_killlists.csv
season_005,Liga 1,rueckrunde,Nockchan,nockchan,hitmonchan,glebber,glebber,Energie Tobutz,energietobutz,manual_graphic_assignment,https://docs.google.com/spreadsheets/d/1JZpA-5XDldN2bjfvhvBPHYK-1AENETLnF1UxNEpWlNA/edit#gid=352888197;data/manual/team_pokemon_usage.csv;output/team-graphics/s5/Energie Tobutz.png
season_005,Liga 1,rueckrunde,Rabigator,rabigator,krookodile,glebber,glebber,Energie Tobutz,energietobutz,manual_graphic_assignment,https://docs.google.com/spreadsheets/d/1JZpA-5XDldN2bjfvhvBPHYK-1AENETLnF1UxNEpWlNA/edit#gid=352888197;data/manual/team_pokemon_usage.csv;output/team-graphics/s5/Energie Tobutz.png
season_005,Liga 1,rueckrunde,Rotom,rotom,rotom,glebber,glebber,Energie Tobutz,energietobutz,manual_graphic_assignment,https://docs.google.com/spreadsheets/d/1JZpA-5XDldN2bjfvhvBPHYK-1AENETLnF1UxNEpWlNA/edit#gid=352888197;data/manual/team_pokemon_usage.csv;output/team-graphics/s5/Energie Tobutz.png
season_005,Liga 1,rueckrunde,Skaraborn,skaraborn,heracross,glebber,glebber,Energie Tobutz,energietobutz,manual_override,https://docs.google.com/spreadsheets/d/1JZpA-5XDldN2bjfvhvBPHYK-1AENETLnF1UxNEpWlNA/edit#gid=352888197;data/manual/pokemon_killlists.csv
season_005,Liga 1,rueckrunde,Skorgla,skorgla,gligar,glebber,glebber,Energie Tobutz,energietobutz,manual_override,https://docs.google.com/spreadsheets/d/1JZpA-5XDldN2bjfvhvBPHYK-1AENETLnF1UxNEpWlNA/edit#gid=352888197;data/manual/pokemon_killlists.csv
season_005,Liga 1,rueckrunde,Tentantel,tentantel,ferrothorn,glebber,glebber,Energie Tobutz,energietobutz,manual_graphic_assignment,https://docs.google.com/spreadsheets/d/1JZpA-5XDldN2bjfvhvBPHYK-1AENETLnF1UxNEpWlNA/edit#gid=352888197;data/manual/team_pokemon_usage.csv;output/team-graphics/s5/Energie Tobutz.png
season_005,Liga 1,rueckrunde,UHaFnir,uhafnir,noivern,glebber,glebber,Energie Tobutz,energietobutz,manual_graphic_assignment,https://docs.google.com/spreadsheets/d/1JZpA-5XDldN2bjfvhvBPHYK-1AENETLnF1UxNEpWlNA/edit#gid=352888197;data/manual/team_pokemon_usage.csv;output/team-graphics/s5/Energie Tobutz.png
season_006,Playoffs,playoffs,Brockoloss,brockoloss,gigalith,Art'n'Gaming,artngaming,Little Litleos,littlelitleos,sheet_extracted,https://docs.google.com/spreadsheets/d/11wxsKyCydVmDjp4kGLJAOLPM_LgwCLN2GYpbDQkNtkk/edit#gid=654435343
season_006,Moon Conference,regular,Demeteros-I,demeterosi,landorus,Art'n'Gaming,artngaming,Little Litleos,littlelitleos,sheet_extracted,https://docs.google.com/spreadsheets/d/11wxsKyCydVmDjp4kGLJAOLPM_LgwCLN2GYpbDQkNtkk/edit#gid=1843013406
season_006,Playoffs,playoffs,Demeteros-I,demeterosi,landorus,Art'n'Gaming,artngaming,Little Litleos,littlelitleos,sheet_extracted,https://docs.google.com/spreadsheets/d/11wxsKyCydVmDjp4kGLJAOLPM_LgwCLN2GYpbDQkNtkk/edit#gid=654435343
season_006,Moon Conference,regular,Hippoterus,hippoterus,hippowdon,Art'n'Gaming,artngaming,Little Litleos,littlelitleos,sheet_extracted,https://docs.google.com/spreadsheets/d/11wxsKyCydVmDjp4kGLJAOLPM_LgwCLN2GYpbDQkNtkk/edit#gid=1843013406
season_006,Moon Conference,regular,Hoopa-Gebanntes Hoopa,hoopagebannteshoopa,hoopa,Art'n'Gaming,artngaming,Little Litleos,littlelitleos,sheet_extracted,https://docs.google.com/spreadsheets/d/11wxsKyCydVmDjp4kGLJAOLPM_LgwCLN2GYpbDQkNtkk/edit#gid=1843013406
season_006,Moon Conference,regular,Magnezone,magnezone,magnezone,Art'n'Gaming,artngaming,Little Litleos,littlelitleos,sheet_extracted,https://docs.google.com/spreadsheets/d/11wxsKyCydVmDjp4kGLJAOLPM_LgwCLN2GYpbDQkNtkk/edit#gid=1843013406
season_006,Playoffs,playoffs,Magnezone,magnezone,magnezone,Art'n'Gaming,artngaming,Little Litleos,littlelitleos,sheet_extracted,https://docs.google.com/spreadsheets/d/11wxsKyCydVmDjp4kGLJAOLPM_LgwCLN2GYpbDQkNtkk/edit#gid=654435343
season_006,Moon Conference,regular,Mega-Skaraborn,megaskaraborn,heracrossmega,Art'n'Gaming,artngaming,Little Litleos,littlelitleos,sheet_extracted,https://docs.google.com/spreadsheets/d/11wxsKyCydVmDjp4kGLJAOLPM_LgwCLN2GYpbDQkNtkk/edit#gid=1843013406
season_006,Moon Conference,regular,Morlord,morlord,quagsire,Art'n'Gaming,artngaming,Little Litleos,littlelitleos,sheet_extracted,https://docs.google.com/spreadsheets/d/11wxsKyCydVmDjp4kGLJAOLPM_LgwCLN2GYpbDQkNtkk/edit#gid=1843013406
season_006,Playoffs,playoffs,Morlord,morlord,quagsire,Art'n'Gaming,artngaming,Little Litleos,littlelitleos,sheet_extracted,https://docs.google.com/spreadsheets/d/11wxsKyCydVmDjp4kGLJAOLPM_LgwCLN2GYpbDQkNtkk/edit#gid=654435343
season_006,Playoffs,playoffs,Necrozma,necrozma,necrozma,Art'n'Gaming,artngaming,Little Litleos,littlelitleos,sheet_extracted,https://docs.google.com/spreadsheets/d/11wxsKyCydVmDjp4kGLJAOLPM_LgwCLN2GYpbDQkNtkk/edit#gid=654435343
season_006,Moon Conference,regular,Primarene,primarene,primarina,Art'n'Gaming,artngaming,Little Litleos,littlelitleos,sheet_extracted,https://docs.google.com/spreadsheets/d/11wxsKyCydVmDjp4kGLJAOLPM_LgwCLN2GYpbDQkNtkk/edit#gid=1843013406
season_006,Playoffs,playoffs,Primarene,primarene,primarina,Art'n'Gaming,artngaming,Little Litleos,littlelitleos,sheet_extracted,https://docs.google.com/spreadsheets/d/11wxsKyCydVmDjp4kGLJAOLPM_LgwCLN2GYpbDQkNtkk/edit#gid=654435343
season_006,Moon Conference,regular,Pumpdjinn-Größe XL,pumpdjinngrossexl,gourgeistsuper,Art'n'Gaming,artngaming,Little Litleos,littlelitleos,sheet_extracted,https://docs.google.com/spreadsheets/d/11wxsKyCydVmDjp4kGLJAOLPM_LgwCLN2GYpbDQkNtkk/edit#gid=1843013406
season_006,Playoffs,playoffs,Pumpdjinn-Größe XL,pumpdjinngrossexl,gourgeistsuper,Art'n'Gaming,artngaming,Little Litleos,littlelitleos,sheet_extracted,https://docs.google.com/spreadsheets/d/11wxsKyCydVmDjp4kGLJAOLPM_LgwCLN2GYpbDQkNtkk/edit#gid=654435343
season_006,Playoffs,playoffs,Resladero,resladero,hawlucha,Art'n'Gaming,artngaming,Little Litleos,littlelitleos,sheet_extracted,https://docs.google.com/spreadsheets/d/11wxsKyCydVmDjp4kGLJAOLPM_LgwCLN2GYpbDQkNtkk/edit#gid=654435343
season_006,Moon Conference,regular,Sen-Long,senlong,drampa,Art'n'Gaming,artngaming,Little Litleos,littlelitleos,sheet_extracted,https://docs.google.com/spreadsheets/d/11wxsKyCydVmDjp4kGLJAOLPM_LgwCLN2GYpbDQkNtkk/edit#gid=1843013406
season_006,Playoffs,playoffs,Sen-Long,senlong,drampa,Art'n'Gaming,artngaming,Little Litleos,littlelitleos,sheet_extracted,https://docs.google.com/spreadsheets/d/11wxsKyCydVmDjp4kGLJAOLPM_LgwCLN2GYpbDQkNtkk/edit#gid=654435343
season_006,Moon Conference,regular,Stalobor,stalobor,excadrill,Art'n'Gaming,artngaming,Little Litleos,littlelitleos,sheet_extracted,https://docs.google.com/spreadsheets/d/11wxsKyCydVmDjp4kGLJAOLPM_LgwCLN2GYpbDQkNtkk/edit#gid=1843013406
season_006,Playoffs,playoffs,Stalobor,stalobor,excadrill,Art'n'Gaming,artngaming,Little Litleos,littlelitleos,sheet_extracted,https://docs.google.com/spreadsheets/d/11wxsKyCydVmDjp4kGLJAOLPM_LgwCLN2GYpbDQkNtkk/edit#gid=654435343
season_006,Moon Conference,regular,Wolwerock,wolwerock,lycanroc,Art'n'Gaming,artngaming,Little Litleos,littlelitleos,sheet_extracted,https://docs.google.com/spreadsheets/d/11wxsKyCydVmDjp4kGLJAOLPM_LgwCLN2GYpbDQkNtkk/edit#gid=1843013406
season_006,Playoffs,playoffs,Wolwerock,wolwerock,lycanroc,Art'n'Gaming,artngaming,Little Litleos,littlelitleos,sheet_extracted,https://docs.google.com/spreadsheets/d/11wxsKyCydVmDjp4kGLJAOLPM_LgwCLN2GYpbDQkNtkk/edit#gid=654435343
season_006,Sun Conference,regular,Aerodactyl,aerodactyl,aerodactyl,Asalakoren,asalakoren,Absolutism,absolutism,sheet_extracted,https://docs.google.com/spreadsheets/d/11wxsKyCydVmDjp4kGLJAOLPM_LgwCLN2GYpbDQkNtkk/edit#gid=1588964432
season_006,Sun Conference,regular,Deponitox,deponitox,garbodor,Asalakoren,asalakoren,Absolutism,absolutism,sheet_extracted,https://docs.google.com/spreadsheets/d/11wxsKyCydVmDjp4kGLJAOLPM_LgwCLN2GYpbDQkNtkk/edit#gid=1588964432
season_006,Sun Conference,regular,Elezard,elezard,heliolisk,Asalakoren,asalakoren,Absolutism,absolutism,sheet_extracted,https://docs.google.com/spreadsheets/d/11wxsKyCydVmDjp4kGLJAOLPM_LgwCLN2GYpbDQkNtkk/edit#gid=1588964432
season_006,Sun Conference,regular,Florges,florges,florges,Asalakoren,asalakoren,Absolutism,absolutism,sheet_extracted,https://docs.google.com/spreadsheets/d/11wxsKyCydVmDjp4kGLJAOLPM_LgwCLN2GYpbDQkNtkk/edit#gid=1588964432
season_006,Sun Conference,regular,Hundemon,hundemon,houndoom,Asalakoren,asalakoren,Absolutism,absolutism,sheet_extracted,https://docs.google.com/spreadsheets/d/11wxsKyCydVmDjp4kGLJAOLPM_LgwCLN2GYpbDQkNtkk/edit#gid=1588964432
season_006,Sun Conference,regular,Latias,latias,latias,Asalakoren,asalakoren,Absolutism,absolutism,sheet_extracted,https://docs.google.com/spreadsheets/d/11wxsKyCydVmDjp4kGLJAOLPM_LgwCLN2GYpbDQkNtkk/edit#gid=1588964432
season_006,Sun Conference,regular,Mega-Stolloss,megastolloss,aggronmega,Asalakoren,asalakoren,Absolutism,absolutism,sheet_extracted,https://docs.google.com/spreadsheets/d/11wxsKyCydVmDjp4kGLJAOLPM_LgwCLN2GYpbDQkNtkk/edit#gid=1588964432
season_006,Sun Conference,regular,Meistagrif,meistagrif,conkeldurr,Asalakoren,asalakoren,Absolutism,absolutism,sheet_extracted,https://docs.google.com/spreadsheets/d/11wxsKyCydVmDjp4kGLJAOLPM_LgwCLN2GYpbDQkNtkk/edit#gid=1588964432
season_006,Sun Conference,regular,Rotom-W,rotomw,rotomwash,Asalakoren,asalakoren,Absolutism,absolutism,sheet_extracted,https://docs.google.com/spreadsheets/d/11wxsKyCydVmDjp4kGLJAOLPM_LgwCLN2GYpbDQkNtkk/edit#gid=1588964432
season_006,Sun Conference,regular,Serpiroyal,serpiroyal,serperior,Asalakoren,asalakoren,Absolutism,absolutism,sheet_extracted,https://docs.google.com/spreadsheets/d/11wxsKyCydVmDjp4kGLJAOLPM_LgwCLN2GYpbDQkNtkk/edit#gid=1588964432
season_006,Sun Conference,regular,Skorgla,skorgla,gligar,Asalakoren,asalakoren,Absolutism,absolutism,sheet_extracted,https://docs.google.com/spreadsheets/d/11wxsKyCydVmDjp4kGLJAOLPM_LgwCLN2GYpbDQkNtkk/edit#gid=1588964432
season_006,Sun Conference,regular,Alola Raichu,alolaraichu,raichualola,Barry D. Sin of Speed,barrydsinofspeed,Nova Dragons,novadragons,sheet_extracted,https://docs.google.com/spreadsheets/d/11wxsKyCydVmDjp4kGLJAOLPM_LgwCLN2GYpbDQkNtkk/edit#gid=1588964432
season_006,Playoffs,playoffs,Alola Snobilikat,alolasnobilikat,persianalola,Barry D. Sin of Speed,barrydsinofspeed,Nova Dragons,novadragons,sheet_extracted,https://docs.google.com/spreadsheets/d/11wxsKyCydVmDjp4kGLJAOLPM_LgwCLN2GYpbDQkNtkk/edit#gid=654435343
season_006,Sun Conference,regular,Colossand,colossand,palossand,Barry D. Sin of Speed,barrydsinofspeed,Nova Dragons,novadragons,sheet_extracted,https://docs.google.com/spreadsheets/d/11wxsKyCydVmDjp4kGLJAOLPM_LgwCLN2GYpbDQkNtkk/edit#gid=1588964432
season_006,Sun Conference,regular,Ditto,ditto,ditto,Barry D. Sin of Speed,barrydsinofspeed,Nova Dragons,novadragons,sheet_extracted,https://docs.google.com/spreadsheets/d/11wxsKyCydVmDjp4kGLJAOLPM_LgwCLN2GYpbDQkNtkk/edit#gid=1588964432
season_006,Playoffs,playoffs,Ditto,ditto,ditto,Barry D. Sin of Speed,barrydsinofspeed,Nova Dragons,novadragons,sheet_extracted,https://docs.google.com/spreadsheets/d/11wxsKyCydVmDjp4kGLJAOLPM_LgwCLN2GYpbDQkNtkk/edit#gid=654435343
season_006,Playoffs,playoffs,Donphan,donphan,donphan,Barry D. Sin of Speed,barrydsinofspeed,Nova Dragons,novadragons,sheet_extracted,https://docs.google.com/spreadsheets/d/11wxsKyCydVmDjp4kGLJAOLPM_LgwCLN2GYpbDQkNtkk/edit#gid=654435343
season_006,Playoffs,playoffs,Echnatoll,echnatoll,cofagrigus,Barry D. Sin of Speed,barrydsinofspeed,Nova Dragons,novadragons,sheet_extracted,https://docs.google.com/spreadsheets/d/11wxsKyCydVmDjp4kGLJAOLPM_LgwCLN2GYpbDQkNtkk/edit#gid=654435343
season_006,Sun Conference,regular,Impergator,impergator,feraligatr,Barry D. Sin of Speed,barrydsinofspeed,Nova Dragons,novadragons,sheet_extracted,https://docs.google.com/spreadsheets/d/11wxsKyCydVmDjp4kGLJAOLPM_LgwCLN2GYpbDQkNtkk/edit#gid=1588964432
season_006,Playoffs,playoffs,Impergator,impergator,feraligatr,Barry D. Sin of Speed,barrydsinofspeed,Nova Dragons,novadragons,sheet_extracted,https://docs.google.com/spreadsheets/d/11wxsKyCydVmDjp4kGLJAOLPM_LgwCLN2GYpbDQkNtkk/edit#gid=654435343
season_006,Sun Conference,regular,Kapu-Riki,kapuriki,tapukoko,Barry D. Sin of Speed,barrydsinofspeed,Nova Dragons,novadragons,sheet_extracted,https://docs.google.com/spreadsheets/d/11wxsKyCydVmDjp4kGLJAOLPM_LgwCLN2GYpbDQkNtkk/edit#gid=1588964432
season_006,Playoffs,playoffs,Kapu-Riki,kapuriki,tapukoko,Barry D. Sin of Speed,barrydsinofspeed,Nova Dragons,novadragons,sheet_extracted,https://docs.google.com/spreadsheets/d/11wxsKyCydVmDjp4kGLJAOLPM_LgwCLN2GYpbDQkNtkk/edit#gid=654435343
season_006,Sun Conference,regular,Mega-Glurak X,megaglurakx,charizardmegax,Barry D. Sin of Speed,barrydsinofspeed,Nova Dragons,novadragons,sheet_extracted,https://docs.google.com/spreadsheets/d/11wxsKyCydVmDjp4kGLJAOLPM_LgwCLN2GYpbDQkNtkk/edit#gid=1588964432
season_006,Playoffs,playoffs,Mega-Glurak X,megaglurakx,charizardmegax,Barry D. Sin of Speed,barrydsinofspeed,Nova Dragons,novadragons,sheet_extracted,https://docs.google.com/spreadsheets/d/11wxsKyCydVmDjp4kGLJAOLPM_LgwCLN2GYpbDQkNtkk/edit#gid=654435343
season_006,Sun Conference,regular,Panzaeron,panzaeron,skarmory,Barry D. Sin of Speed,barrydsinofspeed,Nova Dragons,novadragons,sheet_extracted,https://docs.google.com/spreadsheets/d/11wxsKyCydVmDjp4kGLJAOLPM_LgwCLN2GYpbDQkNtkk/edit#gid=1588964432
season_006,Playoffs,playoffs,Panzaeron,panzaeron,skarmory,Barry D. Sin of Speed,barrydsinofspeed,Nova Dragons,novadragons,sheet_extracted,https://docs.google.com/spreadsheets/d/11wxsKyCydVmDjp4kGLJAOLPM_LgwCLN2GYpbDQkNtkk/edit#gid=654435343
season_006,Sun Conference,regular,Resladero,resladero,hawlucha,Barry D. Sin of Speed,barrydsinofspeed,Nova Dragons,novadragons,sheet_extracted,https://docs.google.com/spreadsheets/d/11wxsKyCydVmDjp4kGLJAOLPM_LgwCLN2GYpbDQkNtkk/edit#gid=1588964432
season_006,Playoffs,playoffs,Resladero,resladero,hawlucha,Barry D. Sin of Speed,barrydsinofspeed,Nova Dragons,novadragons,sheet_extracted,https://docs.google.com/spreadsheets/d/11wxsKyCydVmDjp4kGLJAOLPM_LgwCLN2GYpbDQkNtkk/edit#gid=654435343
season_006,Sun Conference,regular,Selfe,selfe,uxie,Barry D. Sin of Speed,barrydsinofspeed,Nova Dragons,novadragons,sheet_extracted,https://docs.google.com/spreadsheets/d/11wxsKyCydVmDjp4kGLJAOLPM_LgwCLN2GYpbDQkNtkk/edit#gid=1588964432
season_006,Playoffs,playoffs,Selfe,selfe,uxie,Barry D. Sin of Speed,barrydsinofspeed,Nova Dragons,novadragons,sheet_extracted,https://docs.google.com/spreadsheets/d/11wxsKyCydVmDjp4kGLJAOLPM_LgwCLN2GYpbDQkNtkk/edit#gid=654435343
season_006,Sun Conference,regular,Typ:Null,typnull,typenull,Barry D. Sin of Speed,barrydsinofspeed,Nova Dragons,novadragons,sheet_extracted,https://docs.google.com/spreadsheets/d/11wxsKyCydVmDjp4kGLJAOLPM_LgwCLN2GYpbDQkNtkk/edit#gid=1588964432
season_006,Playoffs,playoffs,Typ:Null,typnull,typenull,Barry D. Sin of Speed,barrydsinofspeed,Nova Dragons,novadragons,sheet_extracted,https://docs.google.com/spreadsheets/d/11wxsKyCydVmDjp4kGLJAOLPM_LgwCLN2GYpbDQkNtkk/edit#gid=654435343
season_006,Sun Conference,regular,Zygarde (10%),zygarde10,zygarde10,Barry D. Sin of Speed,barrydsinofspeed,Nova Dragons,novadragons,sheet_extracted,https://docs.google.com/spreadsheets/d/11wxsKyCydVmDjp4kGLJAOLPM_LgwCLN2GYpbDQkNtkk/edit#gid=1588964432
season_006,Playoffs,playoffs,Apoquallyp,apoquallyp,jellicent,BelmontGabriel,belmontgabriel,Niemandsland,niemandsland,sheet_extracted,https://docs.google.com/spreadsheets/d/11wxsKyCydVmDjp4kGLJAOLPM_LgwCLN2GYpbDQkNtkk/edit#gid=654435343
season_006,Playoffs,playoffs,Celebi,celebi,celebi,BelmontGabriel,belmontgabriel,Niemandsland,niemandsland,sheet_extracted,https://docs.google.com/spreadsheets/d/11wxsKyCydVmDjp4kGLJAOLPM_LgwCLN2GYpbDQkNtkk/edit#gid=654435343
season_006,Moon Conference,regular,Gufa,gufa,pyukumuku,BelmontGabriel,belmontgabriel,Niemandsland,niemandsland,sheet_extracted,https://docs.google.com/spreadsheets/d/11wxsKyCydVmDjp4kGLJAOLPM_LgwCLN2GYpbDQkNtkk/edit#gid=1843013406
season_006,Moon Conference,regular,Kopplosio,kopplosio,blacephalon,BelmontGabriel,belmontgabriel,Niemandsland,niemandsland,sheet_extracted,https://docs.google.com/spreadsheets/d/11wxsKyCydVmDjp4kGLJAOLPM_LgwCLN2GYpbDQkNtkk/edit#gid=1843013406
season_006,Moon Conference,regular,Kyurem-Black,kyuremblack,kyuremblack,BelmontGabriel,belmontgabriel,Niemandsland,niemandsland,sheet_extracted,https://docs.google.com/spreadsheets/d/11wxsKyCydVmDjp4kGLJAOLPM_LgwCLN2GYpbDQkNtkk/edit#gid=1843013406
season_006,Playoffs,playoffs,Kyurem-Black,kyuremblack,kyuremblack,BelmontGabriel,belmontgabriel,Niemandsland,niemandsland,sheet_extracted,https://docs.google.com/spreadsheets/d/11wxsKyCydVmDjp4kGLJAOLPM_LgwCLN2GYpbDQkNtkk/edit#gid=654435343
season_006,Moon Conference,regular,Luxtra,luxtra,luxray,BelmontGabriel,belmontgabriel,Niemandsland,niemandsland,sheet_extracted,https://docs.google.com/spreadsheets/d/11wxsKyCydVmDjp4kGLJAOLPM_LgwCLN2GYpbDQkNtkk/edit#gid=1843013406
season_006,Playoffs,playoffs,Luxtra,luxtra,luxray,BelmontGabriel,belmontgabriel,Niemandsland,niemandsland,sheet_extracted,https://docs.google.com/spreadsheets/d/11wxsKyCydVmDjp4kGLJAOLPM_LgwCLN2GYpbDQkNtkk/edit#gid=654435343
season_006,Playoffs,playoffs,Masskito,masskito,buzzwole,BelmontGabriel,belmontgabriel,Niemandsland,niemandsland,sheet_extracted,https://docs.google.com/spreadsheets/d/11wxsKyCydVmDjp4kGLJAOLPM_LgwCLN2GYpbDQkNtkk/edit#gid=654435343
season_006,Moon Conference,regular,Mega-Tauboss,megatauboss,pidgeotmega,BelmontGabriel,belmontgabriel,Niemandsland,niemandsland,sheet_extracted,https://docs.google.com/spreadsheets/d/11wxsKyCydVmDjp4kGLJAOLPM_LgwCLN2GYpbDQkNtkk/edit#gid=1843013406
season_006,Playoffs,playoffs,Mega-Tauboss,megatauboss,pidgeotmega,BelmontGabriel,belmontgabriel,Niemandsland,niemandsland,sheet_extracted,https://docs.google.com/spreadsheets/d/11wxsKyCydVmDjp4kGLJAOLPM_LgwCLN2GYpbDQkNtkk/edit#gid=654435343
season_006,Moon Conference,regular,Parfinesse,parfinesse,aromatisse,BelmontGabriel,belmontgabriel,Niemandsland,niemandsland,sheet_extracted,https://docs.google.com/spreadsheets/d/11wxsKyCydVmDjp4kGLJAOLPM_LgwCLN2GYpbDQkNtkk/edit#gid=1843013406
season_006,Playoffs,playoffs,Parfinesse,parfinesse,aromatisse,BelmontGabriel,belmontgabriel,Niemandsland,niemandsland,sheet_extracted,https://docs.google.com/spreadsheets/d/11wxsKyCydVmDjp4kGLJAOLPM_LgwCLN2GYpbDQkNtkk/edit#gid=654435343
season_006,Moon Conference,regular,Piondragi,piondragi,drapion,BelmontGabriel,belmontgabriel,Niemandsland,niemandsland,sheet_extracted,https://docs.google.com/spreadsheets/d/11wxsKyCydVmDjp4kGLJAOLPM_LgwCLN2GYpbDQkNtkk/edit#gid=1843013406
season_006,Playoffs,playoffs,Piondragi,piondragi,drapion,BelmontGabriel,belmontgabriel,Niemandsland,niemandsland,sheet_extracted,https://docs.google.com/spreadsheets/d/11wxsKyCydVmDjp4kGLJAOLPM_LgwCLN2GYpbDQkNtkk/edit#gid=654435343
season_006,Moon Conference,regular,Scherox,scherox,scizor,BelmontGabriel,belmontgabriel,Niemandsland,niemandsland,sheet_extracted,https://docs.google.com/spreadsheets/d/11wxsKyCydVmDjp4kGLJAOLPM_LgwCLN2GYpbDQkNtkk/edit#gid=1843013406
season_006,Playoffs,playoffs,Scherox,scherox,scizor,BelmontGabriel,belmontgabriel,Niemandsland,niemandsland,sheet_extracted,https://docs.google.com/spreadsheets/d/11wxsKyCydVmDjp4kGLJAOLPM_LgwCLN2GYpbDQkNtkk/edit#gid=654435343
season_006,Moon Conference,regular,Sumpex,sumpex,swampert,BelmontGabriel,belmontgabriel,Niemandsland,niemandsland,sheet_extracted,https://docs.google.com/spreadsheets/d/11wxsKyCydVmDjp4kGLJAOLPM_LgwCLN2GYpbDQkNtkk/edit#gid=1843013406
season_006,Playoffs,playoffs,Sumpex,sumpex,swampert,BelmontGabriel,belmontgabriel,Niemandsland,niemandsland,sheet_extracted,https://docs.google.com/spreadsheets/d/11wxsKyCydVmDjp4kGLJAOLPM_LgwCLN2GYpbDQkNtkk/edit#gid=654435343
season_006,Moon Conference,regular,Toxiquak,toxiquak,toxicroak,BelmontGabriel,belmontgabriel,Niemandsland,niemandsland,sheet_extracted,https://docs.google.com/spreadsheets/d/11wxsKyCydVmDjp4kGLJAOLPM_LgwCLN2GYpbDQkNtkk/edit#gid=1843013406
season_006,Moon Conference,regular,Zytomega,zytomega,reuniclus,BelmontGabriel,belmontgabriel,Niemandsland,niemandsland,sheet_extracted,https://docs.google.com/spreadsheets/d/11wxsKyCydVmDjp4kGLJAOLPM_LgwCLN2GYpbDQkNtkk/edit#gid=1843013406
season_006,Playoffs,playoffs,Zytomega,zytomega,reuniclus,BelmontGabriel,belmontgabriel,Niemandsland,niemandsland,sheet_extracted,https://docs.google.com/spreadsheets/d/11wxsKyCydVmDjp4kGLJAOLPM_LgwCLN2GYpbDQkNtkk/edit#gid=654435343
season_006,Moon Conference,regular,Bissbark,bissbark,stoutland,Bene,bene,Kleinsteins;Gate,kleinsteinsgate,sheet_extracted,https://docs.google.com/spreadsheets/d/11wxsKyCydVmDjp4kGLJAOLPM_LgwCLN2GYpbDQkNtkk/edit#gid=1843013406
season_006,Playoffs,playoffs,Bissbark,bissbark,stoutland,Bene,bene,Kleinsteins;Gate,kleinsteinsgate,sheet_extracted,https://docs.google.com/spreadsheets/d/11wxsKyCydVmDjp4kGLJAOLPM_LgwCLN2GYpbDQkNtkk/edit#gid=654435343
season_006,Moon Conference,regular,Boreos-T,boreost,tornadustherian,Bene,bene,Kleinsteins;Gate,kleinsteinsgate,sheet_extracted,https://docs.google.com/spreadsheets/d/11wxsKyCydVmDjp4kGLJAOLPM_LgwCLN2GYpbDQkNtkk/edit#gid=1843013406
season_006,Playoffs,playoffs,Boreos-T,boreost,tornadustherian,Bene,bene,Kleinsteins;Gate,kleinsteinsgate,sheet_extracted,https://docs.google.com/spreadsheets/d/11wxsKyCydVmDjp4kGLJAOLPM_LgwCLN2GYpbDQkNtkk/edit#gid=654435343
season_006,Moon Conference,regular,Bronzong,bronzong,bronzong,Bene,bene,Kleinsteins;Gate,kleinsteinsgate,sheet_extracted,https://docs.google.com/spreadsheets/d/11wxsKyCydVmDjp4kGLJAOLPM_LgwCLN2GYpbDQkNtkk/edit#gid=1843013406
season_006,Playoffs,playoffs,Bronzong,bronzong,bronzong,Bene,bene,Kleinsteins;Gate,kleinsteinsgate,sheet_extracted,https://docs.google.com/spreadsheets/d/11wxsKyCydVmDjp4kGLJAOLPM_LgwCLN2GYpbDQkNtkk/edit#gid=654435343
season_006,Playoffs,playoffs,Elfun,elfun,whimsicott,Bene,bene,Kleinsteins;Gate,kleinsteinsgate,sheet_extracted,https://docs.google.com/spreadsheets/d/11wxsKyCydVmDjp4kGLJAOLPM_LgwCLN2GYpbDQkNtkk/edit#gid=654435343
season_006,Moon Conference,regular,Forstellka,forstellka,forretress,Bene,bene,Kleinsteins;Gate,kleinsteinsgate,sheet_extracted,https://docs.google.com/spreadsheets/d/11wxsKyCydVmDjp4kGLJAOLPM_LgwCLN2GYpbDQkNtkk/edit#gid=1843013406
season_006,Moon Conference,regular,Gastrodon,gastrodon,gastrodon,Bene,bene,Kleinsteins;Gate,kleinsteinsgate,sheet_extracted,https://docs.google.com/spreadsheets/d/11wxsKyCydVmDjp4kGLJAOLPM_LgwCLN2GYpbDQkNtkk/edit#gid=1843013406
season_006,Playoffs,playoffs,Gastrodon,gastrodon,gastrodon,Bene,bene,Kleinsteins;Gate,kleinsteinsgate,sheet_extracted,https://docs.google.com/spreadsheets/d/11wxsKyCydVmDjp4kGLJAOLPM_LgwCLN2GYpbDQkNtkk/edit#gid=654435343
season_006,Moon Conference,regular,Kapu-Toro,kaputoro,tapubulu,Bene,bene,Kleinsteins;Gate,kleinsteinsgate,sheet_extracted,https://docs.google.com/spreadsheets/d/11wxsKyCydVmDjp4kGLJAOLPM_LgwCLN2GYpbDQkNtkk/edit#gid=1843013406
season_006,Playoffs,playoffs,Knakrack,knakrack,garchomp,Bene,bene,Kleinsteins;Gate,kleinsteinsgate,sheet_extracted,https://docs.google.com/spreadsheets/d/11wxsKyCydVmDjp4kGLJAOLPM_LgwCLN2GYpbDQkNtkk/edit#gid=654435343
season_006,Moon Conference,regular,Libelldra,libelldra,flygon,Bene,bene,Kleinsteins;Gate,kleinsteinsgate,sheet_extracted,https://docs.google.com/spreadsheets/d/11wxsKyCydVmDjp4kGLJAOLPM_LgwCLN2GYpbDQkNtkk/edit#gid=1843013406
season_006,Playoffs,playoffs,Mamolida,mamolida,alomomola,Bene,bene,Kleinsteins;Gate,kleinsteinsgate,sheet_extracted,https://docs.google.com/spreadsheets/d/11wxsKyCydVmDjp4kGLJAOLPM_LgwCLN2GYpbDQkNtkk/edit#gid=654435343
season_006,Moon Conference,regular,Mega-Despotar,megadespotar,tyranitarmega,Bene,bene,Kleinsteins;Gate,kleinsteinsgate,sheet_extracted,https://docs.google.com/spreadsheets/d/11wxsKyCydVmDjp4kGLJAOLPM_LgwCLN2GYpbDQkNtkk/edit#gid=1843013406
season_006,Playoffs,playoffs,Mega-Despotar,megadespotar,tyranitarmega,Bene,bene,Kleinsteins;Gate,kleinsteinsgate,sheet_extracted,https://docs.google.com/spreadsheets/d/11wxsKyCydVmDjp4kGLJAOLPM_LgwCLN2GYpbDQkNtkk/edit#gid=654435343
season_006,Moon Conference,regular,Panferno,panferno,infernape,Bene,bene,Kleinsteins;Gate,kleinsteinsgate,sheet_extracted,https://docs.google.com/spreadsheets/d/11wxsKyCydVmDjp4kGLJAOLPM_LgwCLN2GYpbDQkNtkk/edit#gid=1843013406
season_006,Playoffs,playoffs,Panferno,panferno,infernape,Bene,bene,Kleinsteins;Gate,kleinsteinsgate,sheet_extracted,https://docs.google.com/spreadsheets/d/11wxsKyCydVmDjp4kGLJAOLPM_LgwCLN2GYpbDQkNtkk/edit#gid=654435343
season_006,Moon Conference,regular,Rotom,rotom,rotom,Bene,bene,Kleinsteins;Gate,kleinsteinsgate,sheet_extracted,https://docs.google.com/spreadsheets/d/11wxsKyCydVmDjp4kGLJAOLPM_LgwCLN2GYpbDQkNtkk/edit#gid=1843013406
season_006,Playoffs,playoffs,Rotom,rotom,rotom,Bene,bene,Kleinsteins;Gate,kleinsteinsgate,sheet_extracted,https://docs.google.com/spreadsheets/d/11wxsKyCydVmDjp4kGLJAOLPM_LgwCLN2GYpbDQkNtkk/edit#gid=654435343
season_006,Moon Conference,regular,Tandrak,tandrak,dragalge,Bene,bene,Kleinsteins;Gate,kleinsteinsgate,sheet_extracted,https://docs.google.com/spreadsheets/d/11wxsKyCydVmDjp4kGLJAOLPM_LgwCLN2GYpbDQkNtkk/edit#gid=1843013406
season_006,Playoffs,playoffs,Tandrak,tandrak,dragalge,Bene,bene,Kleinsteins;Gate,kleinsteinsgate,sheet_extracted,https://docs.google.com/spreadsheets/d/11wxsKyCydVmDjp4kGLJAOLPM_LgwCLN2GYpbDQkNtkk/edit#gid=654435343
season_006,Sun Conference,regular,Amigento-Normal,amigentonormal,silvally,BlackLink,blacklink,Majora's Maskeregen,majorasmaskeregen,sheet_extracted,https://docs.google.com/spreadsheets/d/11wxsKyCydVmDjp4kGLJAOLPM_LgwCLN2GYpbDQkNtkk/edit#gid=1588964432
season_006,Sun Conference,regular,Blitza,blitza,jolteon,BlackLink,blacklink,Majora's Maskeregen,majorasmaskeregen,sheet_extracted,https://docs.google.com/spreadsheets/d/11wxsKyCydVmDjp4kGLJAOLPM_LgwCLN2GYpbDQkNtkk/edit#gid=1588964432
season_006,Sun Conference,regular,Impoleon,impoleon,empoleon,BlackLink,blacklink,Majora's Maskeregen,majorasmaskeregen,sheet_extracted,https://docs.google.com/spreadsheets/d/11wxsKyCydVmDjp4kGLJAOLPM_LgwCLN2GYpbDQkNtkk/edit#gid=1588964432
season_006,Sun Conference,regular,Keifel,keifel,piloswine,BlackLink,blacklink,Majora's Maskeregen,majorasmaskeregen,sheet_extracted,https://docs.google.com/spreadsheets/d/11wxsKyCydVmDjp4kGLJAOLPM_LgwCLN2GYpbDQkNtkk/edit#gid=1588964432
season_006,Sun Conference,regular,Mamolida,mamolida,alomomola,BlackLink,blacklink,Majora's Maskeregen,majorasmaskeregen,sheet_extracted,https://docs.google.com/spreadsheets/d/11wxsKyCydVmDjp4kGLJAOLPM_LgwCLN2GYpbDQkNtkk/edit#gid=1588964432
season_006,Sun Conference,regular,Mega-Latias,megalatias,latiasmega,BlackLink,blacklink,Majora's Maskeregen,majorasmaskeregen,sheet_extracted,https://docs.google.com/spreadsheets/d/11wxsKyCydVmDjp4kGLJAOLPM_LgwCLN2GYpbDQkNtkk/edit#gid=1588964432
season_006,Sun Conference,regular,Panferno,panferno,infernape,BlackLink,blacklink,Majora's Maskeregen,majorasmaskeregen,sheet_extracted,https://docs.google.com/spreadsheets/d/11wxsKyCydVmDjp4kGLJAOLPM_LgwCLN2GYpbDQkNtkk/edit#gid=1588964432
season_006,Sun Conference,regular,Parfinesse,parfinesse,aromatisse,BlackLink,blacklink,Majora's Maskeregen,majorasmaskeregen,sheet_extracted,https://docs.google.com/spreadsheets/d/11wxsKyCydVmDjp4kGLJAOLPM_LgwCLN2GYpbDQkNtkk/edit#gid=1588964432
season_006,Sun Conference,regular,Silvarro,silvarro,decidueye,BlackLink,blacklink,Majora's Maskeregen,majorasmaskeregen,sheet_extracted,https://docs.google.com/spreadsheets/d/11wxsKyCydVmDjp4kGLJAOLPM_LgwCLN2GYpbDQkNtkk/edit#gid=1588964432
season_006,Sun Conference,regular,Snibunna,snibunna,weavile,BlackLink,blacklink,Majora's Maskeregen,majorasmaskeregen,sheet_extracted,https://docs.google.com/spreadsheets/d/11wxsKyCydVmDjp4kGLJAOLPM_LgwCLN2GYpbDQkNtkk/edit#gid=1588964432
season_006,Sun Conference,regular,Staraptor,staraptor,staraptor,BlackLink,blacklink,Majora's Maskeregen,majorasmaskeregen,sheet_extracted,https://docs.google.com/spreadsheets/d/11wxsKyCydVmDjp4kGLJAOLPM_LgwCLN2GYpbDQkNtkk/edit#gid=1588964432
season_006,Sun Conference,regular,Boreos-T,boreost,tornadustherian,BraveBird,bravebird,Youngstars,youngstars,sheet_extracted,https://docs.google.com/spreadsheets/d/11wxsKyCydVmDjp4kGLJAOLPM_LgwCLN2GYpbDQkNtkk/edit#gid=1588964432
season_006,Playoffs,playoffs,Boreos-T,boreost,tornadustherian,BraveBird,bravebird,Youngstars,youngstars,sheet_extracted,https://docs.google.com/spreadsheets/d/11wxsKyCydVmDjp4kGLJAOLPM_LgwCLN2GYpbDQkNtkk/edit#gid=654435343
season_006,Sun Conference,regular,Clavion,clavion,klefki,BraveBird,bravebird,Youngstars,youngstars,sheet_extracted,https://docs.google.com/spreadsheets/d/11wxsKyCydVmDjp4kGLJAOLPM_LgwCLN2GYpbDQkNtkk/edit#gid=1588964432
season_006,Playoffs,playoffs,Clavion,clavion,klefki,BraveBird,bravebird,Youngstars,youngstars,sheet_extracted,https://docs.google.com/spreadsheets/d/11wxsKyCydVmDjp4kGLJAOLPM_LgwCLN2GYpbDQkNtkk/edit#gid=654435343
season_006,Playoffs,playoffs,Donarion,donarion,vikavolt,BraveBird,bravebird,Youngstars,youngstars,sheet_extracted,https://docs.google.com/spreadsheets/d/11wxsKyCydVmDjp4kGLJAOLPM_LgwCLN2GYpbDQkNtkk/edit#gid=654435343
season_006,Sun Conference,regular,Lanturn,lanturn,lanturn,BraveBird,bravebird,Youngstars,youngstars,sheet_extracted,https://docs.google.com/spreadsheets/d/11wxsKyCydVmDjp4kGLJAOLPM_LgwCLN2GYpbDQkNtkk/edit#gid=1588964432
season_006,Playoffs,playoffs,Lanturn,lanturn,lanturn,BraveBird,bravebird,Youngstars,youngstars,sheet_extracted,https://docs.google.com/spreadsheets/d/11wxsKyCydVmDjp4kGLJAOLPM_LgwCLN2GYpbDQkNtkk/edit#gid=654435343
season_006,Sun Conference,regular,Mega-Meditalis,megameditalis,medichammega,BraveBird,bravebird,Youngstars,youngstars,sheet_extracted,https://docs.google.com/spreadsheets/d/11wxsKyCydVmDjp4kGLJAOLPM_LgwCLN2GYpbDQkNtkk/edit#gid=1588964432
season_006,Playoffs,playoffs,Mega-Meditalis,megameditalis,medichammega,BraveBird,bravebird,Youngstars,youngstars,sheet_extracted,https://docs.google.com/spreadsheets/d/11wxsKyCydVmDjp4kGLJAOLPM_LgwCLN2GYpbDQkNtkk/edit#gid=654435343
season_006,Sun Conference,regular,Rabigator,rabigator,krookodile,BraveBird,bravebird,Youngstars,youngstars,sheet_extracted,https://docs.google.com/spreadsheets/d/11wxsKyCydVmDjp4kGLJAOLPM_LgwCLN2GYpbDQkNtkk/edit#gid=1588964432
season_006,Playoffs,playoffs,Rabigator,rabigator,krookodile,BraveBird,bravebird,Youngstars,youngstars,sheet_extracted,https://docs.google.com/spreadsheets/d/11wxsKyCydVmDjp4kGLJAOLPM_LgwCLN2GYpbDQkNtkk/edit#gid=654435343
season_006,Sun Conference,regular,Scherox,scherox,scizor,BraveBird,bravebird,Youngstars,youngstars,sheet_extracted,https://docs.google.com/spreadsheets/d/11wxsKyCydVmDjp4kGLJAOLPM_LgwCLN2GYpbDQkNtkk/edit#gid=1588964432
season_006,Playoffs,playoffs,Scherox,scherox,scizor,BraveBird,bravebird,Youngstars,youngstars,sheet_extracted,https://docs.google.com/spreadsheets/d/11wxsKyCydVmDjp4kGLJAOLPM_LgwCLN2GYpbDQkNtkk/edit#gid=654435343
season_006,Sun Conference,regular,Trikephalo,trikephalo,hydreigon,BraveBird,bravebird,Youngstars,youngstars,sheet_extracted,https://docs.google.com/spreadsheets/d/11wxsKyCydVmDjp4kGLJAOLPM_LgwCLN2GYpbDQkNtkk/edit#gid=1588964432
season_006,Playoffs,playoffs,Trikephalo,trikephalo,hydreigon,BraveBird,bravebird,Youngstars,youngstars,sheet_extracted,https://docs.google.com/spreadsheets/d/11wxsKyCydVmDjp4kGLJAOLPM_LgwCLN2GYpbDQkNtkk/edit#gid=654435343
season_006,Sun Conference,regular,Trombork,trombork,trevenant,BraveBird,bravebird,Youngstars,youngstars,sheet_extracted,https://docs.google.com/spreadsheets/d/11wxsKyCydVmDjp4kGLJAOLPM_LgwCLN2GYpbDQkNtkk/edit#gid=1588964432
season_006,Sun Conference,regular,Vesprit,vesprit,mesprit,BraveBird,bravebird,Youngstars,youngstars,sheet_extracted,https://docs.google.com/spreadsheets/d/11wxsKyCydVmDjp4kGLJAOLPM_LgwCLN2GYpbDQkNtkk/edit#gid=1588964432
season_006,Playoffs,playoffs,Vesprit,vesprit,mesprit,BraveBird,bravebird,Youngstars,youngstars,sheet_extracted,https://docs.google.com/spreadsheets/d/11wxsKyCydVmDjp4kGLJAOLPM_LgwCLN2GYpbDQkNtkk/edit#gid=654435343
season_006,Sun Conference,regular,Volcanion,volcanion,volcanion,BraveBird,bravebird,Youngstars,youngstars,sheet_extracted,https://docs.google.com/spreadsheets/d/11wxsKyCydVmDjp4kGLJAOLPM_LgwCLN2GYpbDQkNtkk/edit#gid=1588964432
season_006,Playoffs,playoffs,Volcanion,volcanion,volcanion,BraveBird,bravebird,Youngstars,youngstars,sheet_extracted,https://docs.google.com/spreadsheets/d/11wxsKyCydVmDjp4kGLJAOLPM_LgwCLN2GYpbDQkNtkk/edit#gid=654435343
season_006,Sun Conference,regular,Wolwerock (Zwielicht),wolwerockzwielicht,lycanrocdusk,BraveBird,bravebird,Youngstars,youngstars,sheet_extracted,https://docs.google.com/spreadsheets/d/11wxsKyCydVmDjp4kGLJAOLPM_LgwCLN2GYpbDQkNtkk/edit#gid=1588964432
season_006,Playoffs,playoffs,Wolwerock (Zwielicht),wolwerockzwielicht,lycanrocdusk,BraveBird,bravebird,Youngstars,youngstars,sheet_extracted,https://docs.google.com/spreadsheets/d/11wxsKyCydVmDjp4kGLJAOLPM_LgwCLN2GYpbDQkNtkk/edit#gid=654435343
season_006,Moon Conference,regular,Fermicula,fermicula,durant,Cabgolord,fnupa,Blades Enforcer,bladesenforcer,sheet_extracted,https://docs.google.com/spreadsheets/d/11wxsKyCydVmDjp4kGLJAOLPM_LgwCLN2GYpbDQkNtkk/edit#gid=1843013406
season_006,Moon Conference,regular,Frigometri,frigometri,cryogonal,Cabgolord,fnupa,Blades Enforcer,bladesenforcer,sheet_extracted,https://docs.google.com/spreadsheets/d/11wxsKyCydVmDjp4kGLJAOLPM_LgwCLN2GYpbDQkNtkk/edit#gid=1843013406
season_006,Moon Conference,regular,Granbull,granbull,granbull,Cabgolord,fnupa,Blades Enforcer,bladesenforcer,sheet_extracted,https://docs.google.com/spreadsheets/d/11wxsKyCydVmDjp4kGLJAOLPM_LgwCLN2GYpbDQkNtkk/edit#gid=1843013406
season_006,Moon Conference,regular,Mega-Galagladi,megagalagladi,gallademega,Cabgolord,fnupa,Blades Enforcer,bladesenforcer,sheet_extracted,https://docs.google.com/spreadsheets/d/11wxsKyCydVmDjp4kGLJAOLPM_LgwCLN2GYpbDQkNtkk/edit#gid=1843013406
season_006,Moon Conference,regular,Panzaeron,panzaeron,skarmory,Cabgolord,fnupa,Blades Enforcer,bladesenforcer,sheet_extracted,https://docs.google.com/spreadsheets/d/11wxsKyCydVmDjp4kGLJAOLPM_LgwCLN2GYpbDQkNtkk/edit#gid=1843013406
season_006,Moon Conference,regular,Regirock,regirock,regirock,Cabgolord,fnupa,Blades Enforcer,bladesenforcer,sheet_extracted,https://docs.google.com/spreadsheets/d/11wxsKyCydVmDjp4kGLJAOLPM_LgwCLN2GYpbDQkNtkk/edit#gid=1843013406
season_006,Moon Conference,regular,Rotom-W,rotomw,rotomwash,Cabgolord,fnupa,Blades Enforcer,bladesenforcer,sheet_extracted,https://docs.google.com/spreadsheets/d/11wxsKyCydVmDjp4kGLJAOLPM_LgwCLN2GYpbDQkNtkk/edit#gid=1843013406
season_006,Moon Conference,regular,Schwalboss,schwalboss,swellow,Cabgolord,fnupa,Blades Enforcer,bladesenforcer,sheet_extracted,https://docs.google.com/spreadsheets/d/11wxsKyCydVmDjp4kGLJAOLPM_LgwCLN2GYpbDQkNtkk/edit#gid=1843013406
season_006,Moon Conference,regular,Typ:Null,typnull,typenull,Cabgolord,fnupa,Blades Enforcer,bladesenforcer,sheet_extracted,https://docs.google.com/spreadsheets/d/11wxsKyCydVmDjp4kGLJAOLPM_LgwCLN2GYpbDQkNtkk/edit#gid=1843013406
season_006,Moon Conference,regular,Voltriant,voltriant,xurkitree,Cabgolord,fnupa,Blades Enforcer,bladesenforcer,sheet_extracted,https://docs.google.com/spreadsheets/d/11wxsKyCydVmDjp4kGLJAOLPM_LgwCLN2GYpbDQkNtkk/edit#gid=1843013406
season_006,Moon Conference,regular,Zygarde (10%),zygarde10,zygarde10,Cabgolord,fnupa,Blades Enforcer,bladesenforcer,sheet_extracted,https://docs.google.com/spreadsheets/d/11wxsKyCydVmDjp4kGLJAOLPM_LgwCLN2GYpbDQkNtkk/edit#gid=1843013406
season_006,Moon Conference,regular,Chillabell,chillabell,cinccino,CaptainCrinch,captaincrinch,Crinchilla,crinchilla,sheet_extracted,https://docs.google.com/spreadsheets/d/11wxsKyCydVmDjp4kGLJAOLPM_LgwCLN2GYpbDQkNtkk/edit#gid=1843013406
season_006,Moon Conference,regular,Florges,florges,florges,CaptainCrinch,captaincrinch,Crinchilla,crinchilla,sheet_extracted,https://docs.google.com/spreadsheets/d/11wxsKyCydVmDjp4kGLJAOLPM_LgwCLN2GYpbDQkNtkk/edit#gid=1843013406
season_006,Moon Conference,regular,Lahmus,lahmus,slowbro,CaptainCrinch,captaincrinch,Crinchilla,crinchilla,sheet_extracted,https://docs.google.com/spreadsheets/d/11wxsKyCydVmDjp4kGLJAOLPM_LgwCLN2GYpbDQkNtkk/edit#gid=1843013406
season_006,Moon Conference,regular,Lepumentas,lepumentas,claydol,CaptainCrinch,captaincrinch,Crinchilla,crinchilla,sheet_extracted,https://docs.google.com/spreadsheets/d/11wxsKyCydVmDjp4kGLJAOLPM_LgwCLN2GYpbDQkNtkk/edit#gid=1843013406
season_006,Moon Conference,regular,Mega-Latias,megalatias,latiasmega,CaptainCrinch,captaincrinch,Crinchilla,crinchilla,sheet_extracted,https://docs.google.com/spreadsheets/d/11wxsKyCydVmDjp4kGLJAOLPM_LgwCLN2GYpbDQkNtkk/edit#gid=1843013406
season_006,Moon Conference,regular,Moruda,moruda,dhelmise,CaptainCrinch,captaincrinch,Crinchilla,crinchilla,sheet_extracted,https://docs.google.com/spreadsheets/d/11wxsKyCydVmDjp4kGLJAOLPM_LgwCLN2GYpbDQkNtkk/edit#gid=1843013406
season_006,Moon Conference,regular,Rotom-H,rotomh,rotomheat,CaptainCrinch,captaincrinch,Crinchilla,crinchilla,sheet_extracted,https://docs.google.com/spreadsheets/d/11wxsKyCydVmDjp4kGLJAOLPM_LgwCLN2GYpbDQkNtkk/edit#gid=1843013406
season_006,Moon Conference,regular,Snibunna,snibunna,weavile,CaptainCrinch,captaincrinch,Crinchilla,crinchilla,sheet_extracted,https://docs.google.com/spreadsheets/d/11wxsKyCydVmDjp4kGLJAOLPM_LgwCLN2GYpbDQkNtkk/edit#gid=1843013406
season_006,Moon Conference,regular,Tectass,tectass,golisopod,CaptainCrinch,captaincrinch,Crinchilla,crinchilla,sheet_extracted,https://docs.google.com/spreadsheets/d/11wxsKyCydVmDjp4kGLJAOLPM_LgwCLN2GYpbDQkNtkk/edit#gid=1843013406
season_006,Moon Conference,regular,Tentantel,tentantel,ferrothorn,CaptainCrinch,captaincrinch,Crinchilla,crinchilla,sheet_extracted,https://docs.google.com/spreadsheets/d/11wxsKyCydVmDjp4kGLJAOLPM_LgwCLN2GYpbDQkNtkk/edit#gid=1843013406
season_006,Moon Conference,regular,Wie-Shu,wieshu,mienshao,CaptainCrinch,captaincrinch,Crinchilla,crinchilla,sheet_extracted,https://docs.google.com/spreadsheets/d/11wxsKyCydVmDjp4kGLJAOLPM_LgwCLN2GYpbDQkNtkk/edit#gid=1843013406
season_006,Moon Conference,regular,Aerodactyl,aerodactyl,aerodactyl,Craycom,craycom,Strubbelohr Bande,strubbelohrbande,sheet_extracted,https://docs.google.com/spreadsheets/d/11wxsKyCydVmDjp4kGLJAOLPM_LgwCLN2GYpbDQkNtkk/edit#gid=1843013406
season_006,Moon Conference,regular,Duokles,duokles,doublade,Craycom,craycom,Strubbelohr Bande,strubbelohrbande,sheet_extracted,https://docs.google.com/spreadsheets/d/11wxsKyCydVmDjp4kGLJAOLPM_LgwCLN2GYpbDQkNtkk/edit#gid=1843013406
season_006,Moon Conference,regular,Grypheldis,grypheldis,mandibuzz,Craycom,craycom,Strubbelohr Bande,strubbelohrbande,sheet_extracted,https://docs.google.com/spreadsheets/d/11wxsKyCydVmDjp4kGLJAOLPM_LgwCLN2GYpbDQkNtkk/edit#gid=1843013406
season_006,Moon Conference,regular,Hutsassa,hutsassa,amoonguss,Craycom,craycom,Strubbelohr Bande,strubbelohrbande,sheet_extracted,https://docs.google.com/spreadsheets/d/11wxsKyCydVmDjp4kGLJAOLPM_LgwCLN2GYpbDQkNtkk/edit#gid=1843013406
season_006,Moon Conference,regular,Koalelu,koalelu,komala,Craycom,craycom,Strubbelohr Bande,strubbelohrbande,sheet_extracted,https://docs.google.com/spreadsheets/d/11wxsKyCydVmDjp4kGLJAOLPM_LgwCLN2GYpbDQkNtkk/edit#gid=1843013406
season_006,Moon Conference,regular,Mega-Diancie,megadiancie,dianciemega,Craycom,craycom,Strubbelohr Bande,strubbelohrbande,sheet_extracted,https://docs.google.com/spreadsheets/d/11wxsKyCydVmDjp4kGLJAOLPM_LgwCLN2GYpbDQkNtkk/edit#gid=1843013406
season_006,Moon Conference,regular,Milotic,milotic,milotic,Craycom,craycom,Strubbelohr Bande,strubbelohrbande,sheet_extracted,https://docs.google.com/spreadsheets/d/11wxsKyCydVmDjp4kGLJAOLPM_LgwCLN2GYpbDQkNtkk/edit#gid=1843013406
season_006,Moon Conference,regular,Skaraborn,skaraborn,heracross,Craycom,craycom,Strubbelohr Bande,strubbelohrbande,sheet_extracted,https://docs.google.com/spreadsheets/d/11wxsKyCydVmDjp4kGLJAOLPM_LgwCLN2GYpbDQkNtkk/edit#gid=1843013406
season_006,Moon Conference,regular,Vesprit,vesprit,mesprit,Craycom,craycom,Strubbelohr Bande,strubbelohrbande,sheet_extracted,https://docs.google.com/spreadsheets/d/11wxsKyCydVmDjp4kGLJAOLPM_LgwCLN2GYpbDQkNtkk/edit#gid=1843013406
season_006,Moon Conference,regular,Zeraora,zeraora,zeraora,Craycom,craycom,Strubbelohr Bande,strubbelohrbande,sheet_extracted,https://docs.google.com/spreadsheets/d/11wxsKyCydVmDjp4kGLJAOLPM_LgwCLN2GYpbDQkNtkk/edit#gid=1843013406
season_006,Moon Conference,regular,Zygarde,zygarde,zygarde,Craycom,craycom,Strubbelohr Bande,strubbelohrbande,sheet_extracted,https://docs.google.com/spreadsheets/d/11wxsKyCydVmDjp4kGLJAOLPM_LgwCLN2GYpbDQkNtkk/edit#gid=1843013406
season_006,Moon Conference,regular,Deponitox,deponitox,garbodor,Dauni,daunidaunstar,Lazycakes,lazycakes,sheet_extracted,https://docs.google.com/spreadsheets/d/11wxsKyCydVmDjp4kGLJAOLPM_LgwCLN2GYpbDQkNtkk/edit#gid=1843013406
season_006,Moon Conference,regular,Feelinara,feelinara,sylveon,Dauni,daunidaunstar,Lazycakes,lazycakes,sheet_extracted,https://docs.google.com/spreadsheets/d/11wxsKyCydVmDjp4kGLJAOLPM_LgwCLN2GYpbDQkNtkk/edit#gid=1843013406
season_006,Playoffs,playoffs,Feelinara,feelinara,sylveon,Dauni,daunidaunstar,Lazycakes,lazycakes,sheet_extracted,https://docs.google.com/spreadsheets/d/11wxsKyCydVmDjp4kGLJAOLPM_LgwCLN2GYpbDQkNtkk/edit#gid=654435343
season_006,Moon Conference,regular,Impergator,impergator,feraligatr,Dauni,daunidaunstar,Lazycakes,lazycakes,sheet_extracted,https://docs.google.com/spreadsheets/d/11wxsKyCydVmDjp4kGLJAOLPM_LgwCLN2GYpbDQkNtkk/edit#gid=1843013406
season_006,Playoffs,playoffs,Impergator,impergator,feraligatr,Dauni,daunidaunstar,Lazycakes,lazycakes,sheet_extracted,https://docs.google.com/spreadsheets/d/11wxsKyCydVmDjp4kGLJAOLPM_LgwCLN2GYpbDQkNtkk/edit#gid=654435343
season_006,Moon Conference,regular,Mega-Bisaflor,megabisaflor,venusaurmega,Dauni,daunidaunstar,Lazycakes,lazycakes,sheet_extracted,https://docs.google.com/spreadsheets/d/11wxsKyCydVmDjp4kGLJAOLPM_LgwCLN2GYpbDQkNtkk/edit#gid=1843013406
season_006,Playoffs,playoffs,Mega-Bisaflor,megabisaflor,venusaurmega,Dauni,daunidaunstar,Lazycakes,lazycakes,sheet_extracted,https://docs.google.com/spreadsheets/d/11wxsKyCydVmDjp4kGLJAOLPM_LgwCLN2GYpbDQkNtkk/edit#gid=654435343
season_006,Playoffs,playoffs,Quappo,quappo,poliwrath,Dauni,daunidaunstar,Lazycakes,lazycakes,sheet_extracted,https://docs.google.com/spreadsheets/d/11wxsKyCydVmDjp4kGLJAOLPM_LgwCLN2GYpbDQkNtkk/edit#gid=654435343
season_006,Moon Conference,regular,Rabigator,rabigator,krookodile,Dauni,daunidaunstar,Lazycakes,lazycakes,sheet_extracted,https://docs.google.com/spreadsheets/d/11wxsKyCydVmDjp4kGLJAOLPM_LgwCLN2GYpbDQkNtkk/edit#gid=1843013406
season_006,Playoffs,playoffs,Rabigator,rabigator,krookodile,Dauni,daunidaunstar,Lazycakes,lazycakes,sheet_extracted,https://docs.google.com/spreadsheets/d/11wxsKyCydVmDjp4kGLJAOLPM_LgwCLN2GYpbDQkNtkk/edit#gid=654435343
season_006,Moon Conference,regular,Selfe,selfe,uxie,Dauni,daunidaunstar,Lazycakes,lazycakes,sheet_extracted,https://docs.google.com/spreadsheets/d/11wxsKyCydVmDjp4kGLJAOLPM_LgwCLN2GYpbDQkNtkk/edit#gid=1843013406
season_006,Playoffs,playoffs,Selfe,selfe,uxie,Dauni,daunidaunstar,Lazycakes,lazycakes,sheet_extracted,https://docs.google.com/spreadsheets/d/11wxsKyCydVmDjp4kGLJAOLPM_LgwCLN2GYpbDQkNtkk/edit#gid=654435343
season_006,Moon Conference,regular,Skelabra,skelabra,chandelure,Dauni,daunidaunstar,Lazycakes,lazycakes,sheet_extracted,https://docs.google.com/spreadsheets/d/11wxsKyCydVmDjp4kGLJAOLPM_LgwCLN2GYpbDQkNtkk/edit#gid=1843013406
season_006,Playoffs,playoffs,Skelabra,skelabra,chandelure,Dauni,daunidaunstar,Lazycakes,lazycakes,sheet_extracted,https://docs.google.com/spreadsheets/d/11wxsKyCydVmDjp4kGLJAOLPM_LgwCLN2GYpbDQkNtkk/edit#gid=654435343
season_006,Moon Conference,regular,Stahlos,stahlos,steelix,Dauni,daunidaunstar,Lazycakes,lazycakes,sheet_extracted,https://docs.google.com/spreadsheets/d/11wxsKyCydVmDjp4kGLJAOLPM_LgwCLN2GYpbDQkNtkk/edit#gid=1843013406
season_006,Playoffs,playoffs,Stahlos,stahlos,steelix,Dauni,daunidaunstar,Lazycakes,lazycakes,sheet_extracted,https://docs.google.com/spreadsheets/d/11wxsKyCydVmDjp4kGLJAOLPM_LgwCLN2GYpbDQkNtkk/edit#gid=654435343
season_006,Moon Conference,regular,Terrakium,terrakium,terrakion,Dauni,daunidaunstar,Lazycakes,lazycakes,sheet_extracted,https://docs.google.com/spreadsheets/d/11wxsKyCydVmDjp4kGLJAOLPM_LgwCLN2GYpbDQkNtkk/edit#gid=1843013406
season_006,Playoffs,playoffs,Terrakium,terrakium,terrakion,Dauni,daunidaunstar,Lazycakes,lazycakes,sheet_extracted,https://docs.google.com/spreadsheets/d/11wxsKyCydVmDjp4kGLJAOLPM_LgwCLN2GYpbDQkNtkk/edit#gid=654435343
season_006,Moon Conference,regular,UHaFnir,uhafnir,noivern,Dauni,daunidaunstar,Lazycakes,lazycakes,sheet_extracted,https://docs.google.com/spreadsheets/d/11wxsKyCydVmDjp4kGLJAOLPM_LgwCLN2GYpbDQkNtkk/edit#gid=1843013406
season_006,Playoffs,playoffs,UHaFnir,uhafnir,noivern,Dauni,daunidaunstar,Lazycakes,lazycakes,sheet_extracted,https://docs.google.com/spreadsheets/d/11wxsKyCydVmDjp4kGLJAOLPM_LgwCLN2GYpbDQkNtkk/edit#gid=654435343
season_006,Moon Conference,regular,Zapdos,zapdos,zapdos,Dauni,daunidaunstar,Lazycakes,lazycakes,sheet_extracted,https://docs.google.com/spreadsheets/d/11wxsKyCydVmDjp4kGLJAOLPM_LgwCLN2GYpbDQkNtkk/edit#gid=1843013406
season_006,Playoffs,playoffs,Zapdos,zapdos,zapdos,Dauni,daunidaunstar,Lazycakes,lazycakes,sheet_extracted,https://docs.google.com/spreadsheets/d/11wxsKyCydVmDjp4kGLJAOLPM_LgwCLN2GYpbDQkNtkk/edit#gid=654435343
season_006,Moon Conference,regular,Alola Snobilikat,alolasnobilikat,persianalola,ElektechN9ne,elektechn9ne,Elekids Club,elekidsclub,sheet_extracted,https://docs.google.com/spreadsheets/d/11wxsKyCydVmDjp4kGLJAOLPM_LgwCLN2GYpbDQkNtkk/edit#gid=1843013406
season_006,Playoffs,playoffs,Alola Snobilikat,alolasnobilikat,persianalola,ElektechN9ne,elektechn9ne,Elekids Club,elekidsclub,sheet_extracted,https://docs.google.com/spreadsheets/d/11wxsKyCydVmDjp4kGLJAOLPM_LgwCLN2GYpbDQkNtkk/edit#gid=654435343
season_006,Moon Conference,regular,Ditto,ditto,ditto,ElektechN9ne,elektechn9ne,Elekids Club,elekidsclub,sheet_extracted,https://docs.google.com/spreadsheets/d/11wxsKyCydVmDjp4kGLJAOLPM_LgwCLN2GYpbDQkNtkk/edit#gid=1843013406
season_006,Playoffs,playoffs,Ditto,ditto,ditto,ElektechN9ne,elektechn9ne,Elekids Club,elekidsclub,sheet_extracted,https://docs.google.com/spreadsheets/d/11wxsKyCydVmDjp4kGLJAOLPM_LgwCLN2GYpbDQkNtkk/edit#gid=654435343
season_006,Moon Conference,regular,Donphan,donphan,donphan,ElektechN9ne,elektechn9ne,Elekids Club,elekidsclub,sheet_extracted,https://docs.google.com/spreadsheets/d/11wxsKyCydVmDjp4kGLJAOLPM_LgwCLN2GYpbDQkNtkk/edit#gid=1843013406
season_006,Playoffs,playoffs,Donphan,donphan,donphan,ElektechN9ne,elektechn9ne,Elekids Club,elekidsclub,sheet_extracted,https://docs.google.com/spreadsheets/d/11wxsKyCydVmDjp4kGLJAOLPM_LgwCLN2GYpbDQkNtkk/edit#gid=654435343
season_006,Playoffs,playoffs,Elevoltek,elevoltek,electivire,ElektechN9ne,elektechn9ne,Elekids Club,elekidsclub,sheet_extracted,https://docs.google.com/spreadsheets/d/11wxsKyCydVmDjp4kGLJAOLPM_LgwCLN2GYpbDQkNtkk/edit#gid=654435343
season_006,Moon Conference,regular,Gengar,gengar,gengar,ElektechN9ne,elektechn9ne,Elekids Club,elekidsclub,sheet_extracted,https://docs.google.com/spreadsheets/d/11wxsKyCydVmDjp4kGLJAOLPM_LgwCLN2GYpbDQkNtkk/edit#gid=1843013406
season_006,Playoffs,playoffs,Gengar,gengar,gengar,ElektechN9ne,elektechn9ne,Elekids Club,elekidsclub,sheet_extracted,https://docs.google.com/spreadsheets/d/11wxsKyCydVmDjp4kGLJAOLPM_LgwCLN2GYpbDQkNtkk/edit#gid=654435343
season_006,Moon Conference,regular,Impoleon,impoleon,empoleon,ElektechN9ne,elektechn9ne,Elekids Club,elekidsclub,sheet_extracted,https://docs.google.com/spreadsheets/d/11wxsKyCydVmDjp4kGLJAOLPM_LgwCLN2GYpbDQkNtkk/edit#gid=1843013406
season_006,Playoffs,playoffs,Impoleon,impoleon,empoleon,ElektechN9ne,elektechn9ne,Elekids Club,elekidsclub,sheet_extracted,https://docs.google.com/spreadsheets/d/11wxsKyCydVmDjp4kGLJAOLPM_LgwCLN2GYpbDQkNtkk/edit#gid=654435343
season_006,Moon Conference,regular,Kaguron,kaguron,celesteela,ElektechN9ne,elektechn9ne,Elekids Club,elekidsclub,sheet_extracted,https://docs.google.com/spreadsheets/d/11wxsKyCydVmDjp4kGLJAOLPM_LgwCLN2GYpbDQkNtkk/edit#gid=1843013406
season_006,Moon Conference,regular,Kapilz,kapilz,breloom,ElektechN9ne,elektechn9ne,Elekids Club,elekidsclub,sheet_extracted,https://docs.google.com/spreadsheets/d/11wxsKyCydVmDjp4kGLJAOLPM_LgwCLN2GYpbDQkNtkk/edit#gid=1843013406
season_006,Moon Conference,regular,Kyurem,kyurem,kyurem,ElektechN9ne,elektechn9ne,Elekids Club,elekidsclub,sheet_extracted,https://docs.google.com/spreadsheets/d/11wxsKyCydVmDjp4kGLJAOLPM_LgwCLN2GYpbDQkNtkk/edit#gid=1843013406
season_006,Playoffs,playoffs,Kyurem,kyurem,kyurem,ElektechN9ne,elektechn9ne,Elekids Club,elekidsclub,sheet_extracted,https://docs.google.com/spreadsheets/d/11wxsKyCydVmDjp4kGLJAOLPM_LgwCLN2GYpbDQkNtkk/edit#gid=654435343
season_006,Playoffs,playoffs,Latios,latios,latios,ElektechN9ne,elektechn9ne,Elekids Club,elekidsclub,sheet_extracted,https://docs.google.com/spreadsheets/d/11wxsKyCydVmDjp4kGLJAOLPM_LgwCLN2GYpbDQkNtkk/edit#gid=654435343
season_006,Moon Conference,regular,Mega-Tohaido,megatohaido,sharpedomega,ElektechN9ne,elektechn9ne,Elekids Club,elekidsclub,sheet_extracted,https://docs.google.com/spreadsheets/d/11wxsKyCydVmDjp4kGLJAOLPM_LgwCLN2GYpbDQkNtkk/edit#gid=1843013406
season_006,Playoffs,playoffs,Mega-Tohaido,megatohaido,sharpedomega,ElektechN9ne,elektechn9ne,Elekids Club,elekidsclub,sheet_extracted,https://docs.google.com/spreadsheets/d/11wxsKyCydVmDjp4kGLJAOLPM_LgwCLN2GYpbDQkNtkk/edit#gid=654435343
season_006,Moon Conference,regular,Pixi,pixi,clefable,ElektechN9ne,elektechn9ne,Elekids Club,elekidsclub,sheet_extracted,https://docs.google.com/spreadsheets/d/11wxsKyCydVmDjp4kGLJAOLPM_LgwCLN2GYpbDQkNtkk/edit#gid=1843013406
season_006,Playoffs,playoffs,Pixi,pixi,clefable,ElektechN9ne,elektechn9ne,Elekids Club,elekidsclub,sheet_extracted,https://docs.google.com/spreadsheets/d/11wxsKyCydVmDjp4kGLJAOLPM_LgwCLN2GYpbDQkNtkk/edit#gid=654435343
season_006,Playoffs,playoffs,Roserade,roserade,roserade,ElektechN9ne,elektechn9ne,Elekids Club,elekidsclub,sheet_extracted,https://docs.google.com/spreadsheets/d/11wxsKyCydVmDjp4kGLJAOLPM_LgwCLN2GYpbDQkNtkk/edit#gid=654435343
season_006,Moon Conference,regular,Viscargot,viscargot,sliggoo,ElektechN9ne,elektechn9ne,Elekids Club,elekidsclub,sheet_extracted,https://docs.google.com/spreadsheets/d/11wxsKyCydVmDjp4kGLJAOLPM_LgwCLN2GYpbDQkNtkk/edit#gid=1843013406
season_006,Sun Conference,regular,Apoquallyp,apoquallyp,jellicent,Hydronic,hydronic,Grippebärchen,grippebarchen,sheet_extracted,https://docs.google.com/spreadsheets/d/11wxsKyCydVmDjp4kGLJAOLPM_LgwCLN2GYpbDQkNtkk/edit#gid=1588964432
season_006,Sun Conference,regular,Feelinara,feelinara,sylveon,Hydronic,hydronic,Grippebärchen,grippebarchen,sheet_extracted,https://docs.google.com/spreadsheets/d/11wxsKyCydVmDjp4kGLJAOLPM_LgwCLN2GYpbDQkNtkk/edit#gid=1588964432
season_006,Sun Conference,regular,Fruyal,fruyal,tsareena,Hydronic,hydronic,Grippebärchen,grippebarchen,sheet_extracted,https://docs.google.com/spreadsheets/d/11wxsKyCydVmDjp4kGLJAOLPM_LgwCLN2GYpbDQkNtkk/edit#gid=1588964432
season_006,Sun Conference,regular,Grypheldis,grypheldis,mandibuzz,Hydronic,hydronic,Grippebärchen,grippebarchen,sheet_extracted,https://docs.google.com/spreadsheets/d/11wxsKyCydVmDjp4kGLJAOLPM_LgwCLN2GYpbDQkNtkk/edit#gid=1588964432
season_006,Sun Conference,regular,Kyurem-Black,kyuremblack,kyuremblack,Hydronic,hydronic,Grippebärchen,grippebarchen,sheet_extracted,https://docs.google.com/spreadsheets/d/11wxsKyCydVmDjp4kGLJAOLPM_LgwCLN2GYpbDQkNtkk/edit#gid=1588964432
season_006,Sun Conference,regular,Mega-Schlapor,megaschlapor,lopunnymega,Hydronic,hydronic,Grippebärchen,grippebarchen,sheet_extracted,https://docs.google.com/spreadsheets/d/11wxsKyCydVmDjp4kGLJAOLPM_LgwCLN2GYpbDQkNtkk/edit#gid=1588964432
season_006,Sun Conference,regular,Metagross,metagross,metagross,Hydronic,hydronic,Grippebärchen,grippebarchen,sheet_extracted,https://docs.google.com/spreadsheets/d/11wxsKyCydVmDjp4kGLJAOLPM_LgwCLN2GYpbDQkNtkk/edit#gid=1588964432
season_006,Sun Conference,regular,Pampross,pampross,mudsdale,Hydronic,hydronic,Grippebärchen,grippebarchen,sheet_extracted,https://docs.google.com/spreadsheets/d/11wxsKyCydVmDjp4kGLJAOLPM_LgwCLN2GYpbDQkNtkk/edit#gid=1588964432
season_006,Sun Conference,regular,Raikou,raikou,raikou,Hydronic,hydronic,Grippebärchen,grippebarchen,sheet_extracted,https://docs.google.com/spreadsheets/d/11wxsKyCydVmDjp4kGLJAOLPM_LgwCLN2GYpbDQkNtkk/edit#gid=1588964432
season_006,Sun Conference,regular,Rotom-H,rotomh,rotomheat,Hydronic,hydronic,Grippebärchen,grippebarchen,sheet_extracted,https://docs.google.com/spreadsheets/d/11wxsKyCydVmDjp4kGLJAOLPM_LgwCLN2GYpbDQkNtkk/edit#gid=1588964432
season_006,Sun Conference,regular,Somnivora,somnivora,musharna,Hydronic,hydronic,Grippebärchen,grippebarchen,sheet_extracted,https://docs.google.com/spreadsheets/d/11wxsKyCydVmDjp4kGLJAOLPM_LgwCLN2GYpbDQkNtkk/edit#gid=1588964432
season_006,Sun Conference,regular,Brutalanda,brutalanda,salamence,Lauris,lauris,Schleudergang,schleudergang,sheet_extracted,https://docs.google.com/spreadsheets/d/11wxsKyCydVmDjp4kGLJAOLPM_LgwCLN2GYpbDQkNtkk/edit#gid=1588964432
season_006,Playoffs,playoffs,Chaneira,chaneira,chansey,Lauris,lauris,Schleudergang,schleudergang,sheet_extracted,https://docs.google.com/spreadsheets/d/11wxsKyCydVmDjp4kGLJAOLPM_LgwCLN2GYpbDQkNtkk/edit#gid=654435343
season_006,Sun Conference,regular,Fennexis,fennexis,delphox,Lauris,lauris,Schleudergang,schleudergang,sheet_extracted,https://docs.google.com/spreadsheets/d/11wxsKyCydVmDjp4kGLJAOLPM_LgwCLN2GYpbDQkNtkk/edit#gid=1588964432
season_006,Playoffs,playoffs,Fennexis,fennexis,delphox,Lauris,lauris,Schleudergang,schleudergang,sheet_extracted,https://docs.google.com/spreadsheets/d/11wxsKyCydVmDjp4kGLJAOLPM_LgwCLN2GYpbDQkNtkk/edit#gid=654435343
season_006,Sun Conference,regular,Iksbat,iksbat,crobat,Lauris,lauris,Schleudergang,schleudergang,sheet_extracted,https://docs.google.com/spreadsheets/d/11wxsKyCydVmDjp4kGLJAOLPM_LgwCLN2GYpbDQkNtkk/edit#gid=1588964432
season_006,Playoffs,playoffs,Iksbat,iksbat,crobat,Lauris,lauris,Schleudergang,schleudergang,sheet_extracted,https://docs.google.com/spreadsheets/d/11wxsKyCydVmDjp4kGLJAOLPM_LgwCLN2GYpbDQkNtkk/edit#gid=654435343
season_006,Sun Conference,regular,Jirachi,jirachi,jirachi,Lauris,lauris,Schleudergang,schleudergang,sheet_extracted,https://docs.google.com/spreadsheets/d/11wxsKyCydVmDjp4kGLJAOLPM_LgwCLN2GYpbDQkNtkk/edit#gid=1588964432
season_006,Playoffs,playoffs,Jirachi,jirachi,jirachi,Lauris,lauris,Schleudergang,schleudergang,sheet_extracted,https://docs.google.com/spreadsheets/d/11wxsKyCydVmDjp4kGLJAOLPM_LgwCLN2GYpbDQkNtkk/edit#gid=654435343
season_006,Sun Conference,regular,Mega-Diancie,megadiancie,dianciemega,Lauris,lauris,Schleudergang,schleudergang,sheet_extracted,https://docs.google.com/spreadsheets/d/11wxsKyCydVmDjp4kGLJAOLPM_LgwCLN2GYpbDQkNtkk/edit#gid=1588964432
season_006,Playoffs,playoffs,Mega-Diancie,megadiancie,dianciemega,Lauris,lauris,Schleudergang,schleudergang,sheet_extracted,https://docs.google.com/spreadsheets/d/11wxsKyCydVmDjp4kGLJAOLPM_LgwCLN2GYpbDQkNtkk/edit#gid=654435343
season_006,Sun Conference,regular,Rihornior,rihornior,rhyperior,Lauris,lauris,Schleudergang,schleudergang,sheet_extracted,https://docs.google.com/spreadsheets/d/11wxsKyCydVmDjp4kGLJAOLPM_LgwCLN2GYpbDQkNtkk/edit#gid=1588964432
season_006,Playoffs,playoffs,Rihornior,rihornior,rhyperior,Lauris,lauris,Schleudergang,schleudergang,sheet_extracted,https://docs.google.com/spreadsheets/d/11wxsKyCydVmDjp4kGLJAOLPM_LgwCLN2GYpbDQkNtkk/edit#gid=654435343
season_006,Sun Conference,regular,Rotom-Mow,rotommow,rotommow,Lauris,lauris,Schleudergang,schleudergang,sheet_extracted,https://docs.google.com/spreadsheets/d/11wxsKyCydVmDjp4kGLJAOLPM_LgwCLN2GYpbDQkNtkk/edit#gid=1588964432
season_006,Playoffs,playoffs,Rotom-Mow,rotommow,rotommow,Lauris,lauris,Schleudergang,schleudergang,sheet_extracted,https://docs.google.com/spreadsheets/d/11wxsKyCydVmDjp4kGLJAOLPM_LgwCLN2GYpbDQkNtkk/edit#gid=654435343
season_006,Sun Conference,regular,Skaraborn,skaraborn,heracross,Lauris,lauris,Schleudergang,schleudergang,sheet_extracted,https://docs.google.com/spreadsheets/d/11wxsKyCydVmDjp4kGLJAOLPM_LgwCLN2GYpbDQkNtkk/edit#gid=1588964432
season_006,Playoffs,playoffs,Skaraborn,skaraborn,heracross,Lauris,lauris,Schleudergang,schleudergang,sheet_extracted,https://docs.google.com/spreadsheets/d/11wxsKyCydVmDjp4kGLJAOLPM_LgwCLN2GYpbDQkNtkk/edit#gid=654435343
season_006,Sun Conference,regular,Sniebel,sniebel,sneasel,Lauris,lauris,Schleudergang,schleudergang,sheet_extracted,https://docs.google.com/spreadsheets/d/11wxsKyCydVmDjp4kGLJAOLPM_LgwCLN2GYpbDQkNtkk/edit#gid=1588964432
season_006,Playoffs,playoffs,Sniebel,sniebel,sneasel,Lauris,lauris,Schleudergang,schleudergang,sheet_extracted,https://docs.google.com/spreadsheets/d/11wxsKyCydVmDjp4kGLJAOLPM_LgwCLN2GYpbDQkNtkk/edit#gid=654435343
season_006,Sun Conference,regular,Suicune,suicune,suicune,Lauris,lauris,Schleudergang,schleudergang,sheet_extracted,https://docs.google.com/spreadsheets/d/11wxsKyCydVmDjp4kGLJAOLPM_LgwCLN2GYpbDQkNtkk/edit#gid=1588964432
season_006,Playoffs,playoffs,Suicune,suicune,suicune,Lauris,lauris,Schleudergang,schleudergang,sheet_extracted,https://docs.google.com/spreadsheets/d/11wxsKyCydVmDjp4kGLJAOLPM_LgwCLN2GYpbDQkNtkk/edit#gid=654435343
season_006,Sun Conference,regular,Togedemaru,togedemaru,togedemaru,Lauris,lauris,Schleudergang,schleudergang,sheet_extracted,https://docs.google.com/spreadsheets/d/11wxsKyCydVmDjp4kGLJAOLPM_LgwCLN2GYpbDQkNtkk/edit#gid=1588964432
season_006,Playoffs,playoffs,Togedemaru,togedemaru,togedemaru,Lauris,lauris,Schleudergang,schleudergang,sheet_extracted,https://docs.google.com/spreadsheets/d/11wxsKyCydVmDjp4kGLJAOLPM_LgwCLN2GYpbDQkNtkk/edit#gid=654435343
season_006,Sun Conference,regular,Aeropteryx,aeropteryx,archeops,Minetube,minetube,Triyolotree,triyolotree,sheet_extracted,https://docs.google.com/spreadsheets/d/11wxsKyCydVmDjp4kGLJAOLPM_LgwCLN2GYpbDQkNtkk/edit#gid=1588964432
season_006,Sun Conference,regular,Elfun,elfun,whimsicott,Minetube,minetube,Triyolotree,triyolotree,sheet_extracted,https://docs.google.com/spreadsheets/d/11wxsKyCydVmDjp4kGLJAOLPM_LgwCLN2GYpbDQkNtkk/edit#gid=1588964432
season_006,Sun Conference,regular,Fuegro,fuegro,incineroar,Minetube,minetube,Triyolotree,triyolotree,sheet_extracted,https://docs.google.com/spreadsheets/d/11wxsKyCydVmDjp4kGLJAOLPM_LgwCLN2GYpbDQkNtkk/edit#gid=1588964432
season_006,Playoffs,playoffs,Fuegro,fuegro,incineroar,Minetube,minetube,Triyolotree,triyolotree,sheet_extracted,https://docs.google.com/spreadsheets/d/11wxsKyCydVmDjp4kGLJAOLPM_LgwCLN2GYpbDQkNtkk/edit#gid=654435343
season_006,Sun Conference,regular,Knakrack,knakrack,garchomp,Minetube,minetube,Triyolotree,triyolotree,sheet_extracted,https://docs.google.com/spreadsheets/d/11wxsKyCydVmDjp4kGLJAOLPM_LgwCLN2GYpbDQkNtkk/edit#gid=1588964432
season_006,Playoffs,playoffs,Knakrack,knakrack,garchomp,Minetube,minetube,Triyolotree,triyolotree,sheet_extracted,https://docs.google.com/spreadsheets/d/11wxsKyCydVmDjp4kGLJAOLPM_LgwCLN2GYpbDQkNtkk/edit#gid=654435343
season_006,Sun Conference,regular,Lahmus,lahmus,slowbro,Minetube,minetube,Triyolotree,triyolotree,sheet_extracted,https://docs.google.com/spreadsheets/d/11wxsKyCydVmDjp4kGLJAOLPM_LgwCLN2GYpbDQkNtkk/edit#gid=1588964432
season_006,Playoffs,playoffs,Lahmus,lahmus,slowbro,Minetube,minetube,Triyolotree,triyolotree,sheet_extracted,https://docs.google.com/spreadsheets/d/11wxsKyCydVmDjp4kGLJAOLPM_LgwCLN2GYpbDQkNtkk/edit#gid=654435343
season_006,Sun Conference,regular,Magneton,magneton,magneton,Minetube,minetube,Triyolotree,triyolotree,sheet_extracted,https://docs.google.com/spreadsheets/d/11wxsKyCydVmDjp4kGLJAOLPM_LgwCLN2GYpbDQkNtkk/edit#gid=1588964432
season_006,Playoffs,playoffs,Magneton,magneton,magneton,Minetube,minetube,Triyolotree,triyolotree,sheet_extracted,https://docs.google.com/spreadsheets/d/11wxsKyCydVmDjp4kGLJAOLPM_LgwCLN2GYpbDQkNtkk/edit#gid=654435343
season_006,Playoffs,playoffs,Mega-Gewaldro,megagewaldro,sceptilemega,Minetube,minetube,Triyolotree,triyolotree,sheet_extracted,https://docs.google.com/spreadsheets/d/11wxsKyCydVmDjp4kGLJAOLPM_LgwCLN2GYpbDQkNtkk/edit#gid=654435343
season_006,Sun Conference,regular,Mega-Turtok,megaturtok,blastoisemega,Minetube,minetube,Triyolotree,triyolotree,sheet_extracted,https://docs.google.com/spreadsheets/d/11wxsKyCydVmDjp4kGLJAOLPM_LgwCLN2GYpbDQkNtkk/edit#gid=1588964432
season_006,Playoffs,playoffs,Sengo,sengo,zangoose,Minetube,minetube,Triyolotree,triyolotree,sheet_extracted,https://docs.google.com/spreadsheets/d/11wxsKyCydVmDjp4kGLJAOLPM_LgwCLN2GYpbDQkNtkk/edit#gid=654435343
season_006,Sun Conference,regular,Stahlos,stahlos,steelix,Minetube,minetube,Triyolotree,triyolotree,sheet_extracted,https://docs.google.com/spreadsheets/d/11wxsKyCydVmDjp4kGLJAOLPM_LgwCLN2GYpbDQkNtkk/edit#gid=1588964432
season_006,Playoffs,playoffs,Stahlos,stahlos,steelix,Minetube,minetube,Triyolotree,triyolotree,sheet_extracted,https://docs.google.com/spreadsheets/d/11wxsKyCydVmDjp4kGLJAOLPM_LgwCLN2GYpbDQkNtkk/edit#gid=654435343
season_006,Sun Conference,regular,Tangoloss,tangoloss,tangrowth,Minetube,minetube,Triyolotree,triyolotree,sheet_extracted,https://docs.google.com/spreadsheets/d/11wxsKyCydVmDjp4kGLJAOLPM_LgwCLN2GYpbDQkNtkk/edit#gid=1588964432
season_006,Playoffs,playoffs,Tangoloss,tangoloss,tangrowth,Minetube,minetube,Triyolotree,triyolotree,sheet_extracted,https://docs.google.com/spreadsheets/d/11wxsKyCydVmDjp4kGLJAOLPM_LgwCLN2GYpbDQkNtkk/edit#gid=654435343
season_006,Sun Conference,regular,Togekiss,togekiss,togekiss,Minetube,minetube,Triyolotree,triyolotree,sheet_extracted,https://docs.google.com/spreadsheets/d/11wxsKyCydVmDjp4kGLJAOLPM_LgwCLN2GYpbDQkNtkk/edit#gid=1588964432
season_006,Playoffs,playoffs,Togekiss,togekiss,togekiss,Minetube,minetube,Triyolotree,triyolotree,sheet_extracted,https://docs.google.com/spreadsheets/d/11wxsKyCydVmDjp4kGLJAOLPM_LgwCLN2GYpbDQkNtkk/edit#gid=654435343
season_006,Sun Conference,regular,Toxiquak,toxiquak,toxicroak,Minetube,minetube,Triyolotree,triyolotree,sheet_extracted,https://docs.google.com/spreadsheets/d/11wxsKyCydVmDjp4kGLJAOLPM_LgwCLN2GYpbDQkNtkk/edit#gid=1588964432
season_006,Playoffs,playoffs,Toxiquak,toxiquak,toxicroak,Minetube,minetube,Triyolotree,triyolotree,sheet_extracted,https://docs.google.com/spreadsheets/d/11wxsKyCydVmDjp4kGLJAOLPM_LgwCLN2GYpbDQkNtkk/edit#gid=654435343
season_006,Playoffs,playoffs,UHaFnir,uhafnir,noivern,Minetube,minetube,Triyolotree,triyolotree,sheet_extracted,https://docs.google.com/spreadsheets/d/11wxsKyCydVmDjp4kGLJAOLPM_LgwCLN2GYpbDQkNtkk/edit#gid=654435343
season_006,Moon Conference,regular,Gewaldro,gewaldro,sceptile,Nestfloh,nestfloh,Flutschige Zäpfchen,flutschigezapfchen,sheet_extracted,https://docs.google.com/spreadsheets/d/11wxsKyCydVmDjp4kGLJAOLPM_LgwCLN2GYpbDQkNtkk/edit#gid=1843013406
season_006,Moon Conference,regular,Giflor,giflor,vileplume,Nestfloh,nestfloh,Flutschige Zäpfchen,flutschigezapfchen,sheet_extracted,https://docs.google.com/spreadsheets/d/11wxsKyCydVmDjp4kGLJAOLPM_LgwCLN2GYpbDQkNtkk/edit#gid=1843013406
season_006,Moon Conference,regular,Hariyama,hariyama,hariyama,Nestfloh,nestfloh,Flutschige Zäpfchen,flutschigezapfchen,sheet_extracted,https://docs.google.com/spreadsheets/d/11wxsKyCydVmDjp4kGLJAOLPM_LgwCLN2GYpbDQkNtkk/edit#gid=1843013406
season_006,Moon Conference,regular,Kapu-Riki,kapuriki,tapukoko,Nestfloh,nestfloh,Flutschige Zäpfchen,flutschigezapfchen,sheet_extracted,https://docs.google.com/spreadsheets/d/11wxsKyCydVmDjp4kGLJAOLPM_LgwCLN2GYpbDQkNtkk/edit#gid=1843013406
season_006,Moon Conference,regular,Mega-Scherox,megascherox,scizormega,Nestfloh,nestfloh,Flutschige Zäpfchen,flutschigezapfchen,sheet_extracted,https://docs.google.com/spreadsheets/d/11wxsKyCydVmDjp4kGLJAOLPM_LgwCLN2GYpbDQkNtkk/edit#gid=1843013406
season_006,Moon Conference,regular,Pelipper,pelipper,pelipper,Nestfloh,nestfloh,Flutschige Zäpfchen,flutschigezapfchen,sheet_extracted,https://docs.google.com/spreadsheets/d/11wxsKyCydVmDjp4kGLJAOLPM_LgwCLN2GYpbDQkNtkk/edit#gid=1843013406
season_006,Moon Conference,regular,Rihornior,rihornior,rhyperior,Nestfloh,nestfloh,Flutschige Zäpfchen,flutschigezapfchen,sheet_extracted,https://docs.google.com/spreadsheets/d/11wxsKyCydVmDjp4kGLJAOLPM_LgwCLN2GYpbDQkNtkk/edit#gid=1843013406
season_006,Moon Conference,regular,Seedraking,seedraking,kingdra,Nestfloh,nestfloh,Flutschige Zäpfchen,flutschigezapfchen,sheet_extracted,https://docs.google.com/spreadsheets/d/11wxsKyCydVmDjp4kGLJAOLPM_LgwCLN2GYpbDQkNtkk/edit#gid=1843013406
season_006,Moon Conference,regular,Skorgla,skorgla,gligar,Nestfloh,nestfloh,Flutschige Zäpfchen,flutschigezapfchen,sheet_extracted,https://docs.google.com/spreadsheets/d/11wxsKyCydVmDjp4kGLJAOLPM_LgwCLN2GYpbDQkNtkk/edit#gid=1843013406
season_006,Moon Conference,regular,Tauros,tauros,tauros,Nestfloh,nestfloh,Flutschige Zäpfchen,flutschigezapfchen,sheet_extracted,https://docs.google.com/spreadsheets/d/11wxsKyCydVmDjp4kGLJAOLPM_LgwCLN2GYpbDQkNtkk/edit#gid=1843013406
season_006,Moon Conference,regular,Trikephalo,trikephalo,hydreigon,Nestfloh,nestfloh,Flutschige Zäpfchen,flutschigezapfchen,sheet_extracted,https://docs.google.com/spreadsheets/d/11wxsKyCydVmDjp4kGLJAOLPM_LgwCLN2GYpbDQkNtkk/edit#gid=1843013406
season_006,Sun Conference,regular,Aquana,aquana,vaporeon,Parsifani,parsifani,Mythical FighterZ,mythicalfighterz,sheet_extracted,https://docs.google.com/spreadsheets/d/11wxsKyCydVmDjp4kGLJAOLPM_LgwCLN2GYpbDQkNtkk/edit#gid=1588964432
season_006,Sun Conference,regular,Arkani,arkani,arcanine,Parsifani,parsifani,Mythical FighterZ,mythicalfighterz,sheet_extracted,https://docs.google.com/spreadsheets/d/11wxsKyCydVmDjp4kGLJAOLPM_LgwCLN2GYpbDQkNtkk/edit#gid=1588964432
season_006,Sun Conference,regular,Boreos-I,boreosi,tornadus,Parsifani,parsifani,Mythical FighterZ,mythicalfighterz,sheet_extracted,https://docs.google.com/spreadsheets/d/11wxsKyCydVmDjp4kGLJAOLPM_LgwCLN2GYpbDQkNtkk/edit#gid=1588964432
season_006,Sun Conference,regular,Flunschlik,flunschlik,stunfisk,Parsifani,parsifani,Mythical FighterZ,mythicalfighterz,sheet_extracted,https://docs.google.com/spreadsheets/d/11wxsKyCydVmDjp4kGLJAOLPM_LgwCLN2GYpbDQkNtkk/edit#gid=1588964432
season_006,Sun Conference,regular,Koalelu,koalelu,komala,Parsifani,parsifani,Mythical FighterZ,mythicalfighterz,sheet_extracted,https://docs.google.com/spreadsheets/d/11wxsKyCydVmDjp4kGLJAOLPM_LgwCLN2GYpbDQkNtkk/edit#gid=1588964432
season_006,Sun Conference,regular,Lucario,lucario,lucario,Parsifani,parsifani,Mythical FighterZ,mythicalfighterz,sheet_extracted,https://docs.google.com/spreadsheets/d/11wxsKyCydVmDjp4kGLJAOLPM_LgwCLN2GYpbDQkNtkk/edit#gid=1588964432
season_006,Sun Conference,regular,Mamutel,mamutel,mamoswine,Parsifani,parsifani,Mythical FighterZ,mythicalfighterz,sheet_extracted,https://docs.google.com/spreadsheets/d/11wxsKyCydVmDjp4kGLJAOLPM_LgwCLN2GYpbDQkNtkk/edit#gid=1588964432
season_006,Sun Conference,regular,Maxax,maxax,haxorus,Parsifani,parsifani,Mythical FighterZ,mythicalfighterz,sheet_extracted,https://docs.google.com/spreadsheets/d/11wxsKyCydVmDjp4kGLJAOLPM_LgwCLN2GYpbDQkNtkk/edit#gid=1588964432
season_006,Sun Conference,regular,Moruda,moruda,dhelmise,Parsifani,parsifani,Mythical FighterZ,mythicalfighterz,sheet_extracted,https://docs.google.com/spreadsheets/d/11wxsKyCydVmDjp4kGLJAOLPM_LgwCLN2GYpbDQkNtkk/edit#gid=1588964432
season_006,Sun Conference,regular,Pixi,pixi,clefable,Parsifani,parsifani,Mythical FighterZ,mythicalfighterz,sheet_extracted,https://docs.google.com/spreadsheets/d/11wxsKyCydVmDjp4kGLJAOLPM_LgwCLN2GYpbDQkNtkk/edit#gid=1588964432
season_006,Sun Conference,regular,Simsala,simsala,alakazam,Parsifani,parsifani,Mythical FighterZ,mythicalfighterz,sheet_extracted,https://docs.google.com/spreadsheets/d/11wxsKyCydVmDjp4kGLJAOLPM_LgwCLN2GYpbDQkNtkk/edit#gid=1588964432
season_006,Sun Conference,regular,Anego,anego,nihilego,PokeBazi,pokebazi,Pokebassis,pokebassis,sheet_extracted,https://docs.google.com/spreadsheets/d/11wxsKyCydVmDjp4kGLJAOLPM_LgwCLN2GYpbDQkNtkk/edit#gid=1588964432
season_006,Playoffs,playoffs,Anego,anego,nihilego,PokeBazi,pokebazi,Pokebassis,pokebassis,sheet_extracted,https://docs.google.com/spreadsheets/d/11wxsKyCydVmDjp4kGLJAOLPM_LgwCLN2GYpbDQkNtkk/edit#gid=654435343
season_006,Sun Conference,regular,Galagladi,galagladi,gallade,PokeBazi,pokebazi,Pokebassis,pokebassis,sheet_extracted,https://docs.google.com/spreadsheets/d/11wxsKyCydVmDjp4kGLJAOLPM_LgwCLN2GYpbDQkNtkk/edit#gid=1588964432
season_006,Playoffs,playoffs,Galagladi,galagladi,gallade,PokeBazi,pokebazi,Pokebassis,pokebassis,sheet_extracted,https://docs.google.com/spreadsheets/d/11wxsKyCydVmDjp4kGLJAOLPM_LgwCLN2GYpbDQkNtkk/edit#gid=654435343
season_006,Sun Conference,regular,Grebbit,grebbit,diggersby,PokeBazi,pokebazi,Pokebassis,pokebassis,sheet_extracted,https://docs.google.com/spreadsheets/d/11wxsKyCydVmDjp4kGLJAOLPM_LgwCLN2GYpbDQkNtkk/edit#gid=1588964432
season_006,Playoffs,playoffs,Grebbit,grebbit,diggersby,PokeBazi,pokebazi,Pokebassis,pokebassis,sheet_extracted,https://docs.google.com/spreadsheets/d/11wxsKyCydVmDjp4kGLJAOLPM_LgwCLN2GYpbDQkNtkk/edit#gid=654435343
season_006,Sun Conference,regular,Katagami,katagami,kartana,PokeBazi,pokebazi,Pokebassis,pokebassis,sheet_extracted,https://docs.google.com/spreadsheets/d/11wxsKyCydVmDjp4kGLJAOLPM_LgwCLN2GYpbDQkNtkk/edit#gid=1588964432
season_006,Playoffs,playoffs,Katagami,katagami,kartana,PokeBazi,pokebazi,Pokebassis,pokebassis,sheet_extracted,https://docs.google.com/spreadsheets/d/11wxsKyCydVmDjp4kGLJAOLPM_LgwCLN2GYpbDQkNtkk/edit#gid=654435343
season_006,Sun Conference,regular,Lavados,lavados,moltres,PokeBazi,pokebazi,Pokebassis,pokebassis,sheet_extracted,https://docs.google.com/spreadsheets/d/11wxsKyCydVmDjp4kGLJAOLPM_LgwCLN2GYpbDQkNtkk/edit#gid=1588964432
season_006,Playoffs,playoffs,Lavados,lavados,moltres,PokeBazi,pokebazi,Pokebassis,pokebassis,sheet_extracted,https://docs.google.com/spreadsheets/d/11wxsKyCydVmDjp4kGLJAOLPM_LgwCLN2GYpbDQkNtkk/edit#gid=654435343
season_006,Sun Conference,regular,Mega-Altaria,megaaltaria,altariamega,PokeBazi,pokebazi,Pokebassis,pokebassis,sheet_extracted,https://docs.google.com/spreadsheets/d/11wxsKyCydVmDjp4kGLJAOLPM_LgwCLN2GYpbDQkNtkk/edit#gid=1588964432
season_006,Playoffs,playoffs,Mega-Altaria,megaaltaria,altariamega,PokeBazi,pokebazi,Pokebassis,pokebassis,sheet_extracted,https://docs.google.com/spreadsheets/d/11wxsKyCydVmDjp4kGLJAOLPM_LgwCLN2GYpbDQkNtkk/edit#gid=654435343
season_006,Sun Conference,regular,Milotic,milotic,milotic,PokeBazi,pokebazi,Pokebassis,pokebassis,sheet_extracted,https://docs.google.com/spreadsheets/d/11wxsKyCydVmDjp4kGLJAOLPM_LgwCLN2GYpbDQkNtkk/edit#gid=1588964432
season_006,Playoffs,playoffs,Milotic,milotic,milotic,PokeBazi,pokebazi,Pokebassis,pokebassis,sheet_extracted,https://docs.google.com/spreadsheets/d/11wxsKyCydVmDjp4kGLJAOLPM_LgwCLN2GYpbDQkNtkk/edit#gid=654435343
season_006,Sun Conference,regular,Miltank,miltank,miltank,PokeBazi,pokebazi,Pokebassis,pokebassis,sheet_extracted,https://docs.google.com/spreadsheets/d/11wxsKyCydVmDjp4kGLJAOLPM_LgwCLN2GYpbDQkNtkk/edit#gid=1588964432
season_006,Playoffs,playoffs,Miltank,miltank,miltank,PokeBazi,pokebazi,Pokebassis,pokebassis,sheet_extracted,https://docs.google.com/spreadsheets/d/11wxsKyCydVmDjp4kGLJAOLPM_LgwCLN2GYpbDQkNtkk/edit#gid=654435343
season_006,Sun Conference,regular,Quajutsu,quajutsu,greninja,PokeBazi,pokebazi,Pokebassis,pokebassis,sheet_extracted,https://docs.google.com/spreadsheets/d/11wxsKyCydVmDjp4kGLJAOLPM_LgwCLN2GYpbDQkNtkk/edit#gid=1588964432
season_006,Playoffs,playoffs,Quajutsu,quajutsu,greninja,PokeBazi,pokebazi,Pokebassis,pokebassis,sheet_extracted,https://docs.google.com/spreadsheets/d/11wxsKyCydVmDjp4kGLJAOLPM_LgwCLN2GYpbDQkNtkk/edit#gid=654435343
season_006,Sun Conference,regular,Rotom,rotom,rotom,PokeBazi,pokebazi,Pokebassis,pokebassis,sheet_extracted,https://docs.google.com/spreadsheets/d/11wxsKyCydVmDjp4kGLJAOLPM_LgwCLN2GYpbDQkNtkk/edit#gid=1588964432
season_006,Playoffs,playoffs,Rotom,rotom,rotom,PokeBazi,pokebazi,Pokebassis,pokebassis,sheet_extracted,https://docs.google.com/spreadsheets/d/11wxsKyCydVmDjp4kGLJAOLPM_LgwCLN2GYpbDQkNtkk/edit#gid=654435343
season_006,Sun Conference,regular,Shaymin,shaymin,shaymin,PokeBazi,pokebazi,Pokebassis,pokebassis,sheet_extracted,https://docs.google.com/spreadsheets/d/11wxsKyCydVmDjp4kGLJAOLPM_LgwCLN2GYpbDQkNtkk/edit#gid=1588964432
season_006,Playoffs,playoffs,Shaymin,shaymin,shaymin,PokeBazi,pokebazi,Pokebassis,pokebassis,sheet_extracted,https://docs.google.com/spreadsheets/d/11wxsKyCydVmDjp4kGLJAOLPM_LgwCLN2GYpbDQkNtkk/edit#gid=654435343
season_006,Sun Conference,regular,Ambidiffel,ambidiffel,ambipom,PresentLP,present,Prekani,prekani,sheet_extracted,https://docs.google.com/spreadsheets/d/11wxsKyCydVmDjp4kGLJAOLPM_LgwCLN2GYpbDQkNtkk/edit#gid=1588964432
season_006,Playoffs,playoffs,Ambidiffel,ambidiffel,ambipom,PresentLP,present,Prekani,prekani,sheet_extracted,https://docs.google.com/spreadsheets/d/11wxsKyCydVmDjp4kGLJAOLPM_LgwCLN2GYpbDQkNtkk/edit#gid=654435343
season_006,Sun Conference,regular,Bronzong,bronzong,bronzong,PresentLP,present,Prekani,prekani,sheet_extracted,https://docs.google.com/spreadsheets/d/11wxsKyCydVmDjp4kGLJAOLPM_LgwCLN2GYpbDQkNtkk/edit#gid=1588964432
season_006,Playoffs,playoffs,Bronzong,bronzong,bronzong,PresentLP,present,Prekani,prekani,sheet_extracted,https://docs.google.com/spreadsheets/d/11wxsKyCydVmDjp4kGLJAOLPM_LgwCLN2GYpbDQkNtkk/edit#gid=654435343
season_006,Sun Conference,regular,Krebutack,krebutack,crawdaunt,PresentLP,present,Prekani,prekani,sheet_extracted,https://docs.google.com/spreadsheets/d/11wxsKyCydVmDjp4kGLJAOLPM_LgwCLN2GYpbDQkNtkk/edit#gid=1588964432
season_006,Playoffs,playoffs,Krebutack,krebutack,crawdaunt,PresentLP,present,Prekani,prekani,sheet_extracted,https://docs.google.com/spreadsheets/d/11wxsKyCydVmDjp4kGLJAOLPM_LgwCLN2GYpbDQkNtkk/edit#gid=654435343
season_006,Playoffs,playoffs,Kryppuk,kryppuk,spiritomb,PresentLP,present,Prekani,prekani,sheet_extracted,https://docs.google.com/spreadsheets/d/11wxsKyCydVmDjp4kGLJAOLPM_LgwCLN2GYpbDQkNtkk/edit#gid=654435343
season_006,Sun Conference,regular,Kyurem,kyurem,kyurem,PresentLP,present,Prekani,prekani,sheet_extracted,https://docs.google.com/spreadsheets/d/11wxsKyCydVmDjp4kGLJAOLPM_LgwCLN2GYpbDQkNtkk/edit#gid=1588964432
season_006,Playoffs,playoffs,Kyurem,kyurem,kyurem,PresentLP,present,Prekani,prekani,sheet_extracted,https://docs.google.com/spreadsheets/d/11wxsKyCydVmDjp4kGLJAOLPM_LgwCLN2GYpbDQkNtkk/edit#gid=654435343
season_006,Sun Conference,regular,Manaphy,manaphy,manaphy,PresentLP,present,Prekani,prekani,sheet_extracted,https://docs.google.com/spreadsheets/d/11wxsKyCydVmDjp4kGLJAOLPM_LgwCLN2GYpbDQkNtkk/edit#gid=1588964432
season_006,Playoffs,playoffs,Manaphy,manaphy,manaphy,PresentLP,present,Prekani,prekani,sheet_extracted,https://docs.google.com/spreadsheets/d/11wxsKyCydVmDjp4kGLJAOLPM_LgwCLN2GYpbDQkNtkk/edit#gid=654435343
season_006,Sun Conference,regular,Mega-Bisaflor,megabisaflor,venusaurmega,PresentLP,present,Prekani,prekani,sheet_extracted,https://docs.google.com/spreadsheets/d/11wxsKyCydVmDjp4kGLJAOLPM_LgwCLN2GYpbDQkNtkk/edit#gid=1588964432
season_006,Playoffs,playoffs,Mega-Bisaflor,megabisaflor,venusaurmega,PresentLP,present,Prekani,prekani,sheet_extracted,https://docs.google.com/spreadsheets/d/11wxsKyCydVmDjp4kGLJAOLPM_LgwCLN2GYpbDQkNtkk/edit#gid=654435343
season_006,Sun Conference,regular,Piepi,piepi,clefairy,PresentLP,present,Prekani,prekani,sheet_extracted,https://docs.google.com/spreadsheets/d/11wxsKyCydVmDjp4kGLJAOLPM_LgwCLN2GYpbDQkNtkk/edit#gid=1588964432
season_006,Playoffs,playoffs,Piepi,piepi,clefairy,PresentLP,present,Prekani,prekani,sheet_extracted,https://docs.google.com/spreadsheets/d/11wxsKyCydVmDjp4kGLJAOLPM_LgwCLN2GYpbDQkNtkk/edit#gid=654435343
season_006,Playoffs,playoffs,Regirock,regirock,regirock,PresentLP,present,Prekani,prekani,sheet_extracted,https://docs.google.com/spreadsheets/d/11wxsKyCydVmDjp4kGLJAOLPM_LgwCLN2GYpbDQkNtkk/edit#gid=654435343
season_006,Sun Conference,regular,Skorgro,skorgro,gliscor,PresentLP,present,Prekani,prekani,sheet_extracted,https://docs.google.com/spreadsheets/d/11wxsKyCydVmDjp4kGLJAOLPM_LgwCLN2GYpbDQkNtkk/edit#gid=1588964432
season_006,Playoffs,playoffs,Skorgro,skorgro,gliscor,PresentLP,present,Prekani,prekani,sheet_extracted,https://docs.google.com/spreadsheets/d/11wxsKyCydVmDjp4kGLJAOLPM_LgwCLN2GYpbDQkNtkk/edit#gid=654435343
season_006,Sun Conference,regular,Skuntank,skuntank,skuntank,PresentLP,present,Prekani,prekani,sheet_extracted,https://docs.google.com/spreadsheets/d/11wxsKyCydVmDjp4kGLJAOLPM_LgwCLN2GYpbDQkNtkk/edit#gid=1588964432
season_006,Sun Conference,regular,Viridium,viridium,virizion,PresentLP,present,Prekani,prekani,sheet_extracted,https://docs.google.com/spreadsheets/d/11wxsKyCydVmDjp4kGLJAOLPM_LgwCLN2GYpbDQkNtkk/edit#gid=1588964432
season_006,Sun Conference,regular,Zeraora,zeraora,zeraora,PresentLP,present,Prekani,prekani,sheet_extracted,https://docs.google.com/spreadsheets/d/11wxsKyCydVmDjp4kGLJAOLPM_LgwCLN2GYpbDQkNtkk/edit#gid=1588964432
season_006,Playoffs,playoffs,Zeraora,zeraora,zeraora,PresentLP,present,Prekani,prekani,sheet_extracted,https://docs.google.com/spreadsheets/d/11wxsKyCydVmDjp4kGLJAOLPM_LgwCLN2GYpbDQkNtkk/edit#gid=654435343
season_006,Sun Conference,regular,Alola Sleimok,alolasleimok,mukalola,Raizor,raizor,Soulstealer,soulstealer,sheet_extracted,https://docs.google.com/spreadsheets/d/11wxsKyCydVmDjp4kGLJAOLPM_LgwCLN2GYpbDQkNtkk/edit#gid=1588964432
season_006,Sun Conference,regular,Amigento-Typ:Fee,amigentotypfee,silvallyfairy,Raizor,raizor,Soulstealer,soulstealer,sheet_extracted,https://docs.google.com/spreadsheets/d/11wxsKyCydVmDjp4kGLJAOLPM_LgwCLN2GYpbDQkNtkk/edit#gid=1588964432
season_006,Sun Conference,regular,Demeteros-T,demeterost,landorustherian,Raizor,raizor,Soulstealer,soulstealer,sheet_extracted,https://docs.google.com/spreadsheets/d/11wxsKyCydVmDjp4kGLJAOLPM_LgwCLN2GYpbDQkNtkk/edit#gid=1588964432
season_006,Sun Conference,regular,Entei,entei,entei,Raizor,raizor,Soulstealer,soulstealer,sheet_extracted,https://docs.google.com/spreadsheets/d/11wxsKyCydVmDjp4kGLJAOLPM_LgwCLN2GYpbDQkNtkk/edit#gid=1588964432
season_006,Sun Conference,regular,Hariyama,hariyama,hariyama,Raizor,raizor,Soulstealer,soulstealer,sheet_extracted,https://docs.google.com/spreadsheets/d/11wxsKyCydVmDjp4kGLJAOLPM_LgwCLN2GYpbDQkNtkk/edit#gid=1588964432
season_006,Sun Conference,regular,Laschoking,laschoking,slowking,Raizor,raizor,Soulstealer,soulstealer,sheet_extracted,https://docs.google.com/spreadsheets/d/11wxsKyCydVmDjp4kGLJAOLPM_LgwCLN2GYpbDQkNtkk/edit#gid=1588964432
season_006,Sun Conference,regular,Mega-Scherox,megascherox,scizormega,Raizor,raizor,Soulstealer,soulstealer,sheet_extracted,https://docs.google.com/spreadsheets/d/11wxsKyCydVmDjp4kGLJAOLPM_LgwCLN2GYpbDQkNtkk/edit#gid=1588964432
season_006,Sun Conference,regular,Schwalboss,schwalboss,swellow,Raizor,raizor,Soulstealer,soulstealer,sheet_extracted,https://docs.google.com/spreadsheets/d/11wxsKyCydVmDjp4kGLJAOLPM_LgwCLN2GYpbDQkNtkk/edit#gid=1588964432
season_006,Sun Conference,regular,Tangela,tangela,tangela,Raizor,raizor,Soulstealer,soulstealer,sheet_extracted,https://docs.google.com/spreadsheets/d/11wxsKyCydVmDjp4kGLJAOLPM_LgwCLN2GYpbDQkNtkk/edit#gid=1588964432
season_006,Sun Conference,regular,Tectass,tectass,golisopod,Raizor,raizor,Soulstealer,soulstealer,sheet_extracted,https://docs.google.com/spreadsheets/d/11wxsKyCydVmDjp4kGLJAOLPM_LgwCLN2GYpbDQkNtkk/edit#gid=1588964432
season_006,Sun Conference,regular,Wolwerock,wolwerock,lycanroc,Raizor,raizor,Soulstealer,soulstealer,sheet_extracted,https://docs.google.com/spreadsheets/d/11wxsKyCydVmDjp4kGLJAOLPM_LgwCLN2GYpbDQkNtkk/edit#gid=1588964432
season_006,Moon Conference,regular,Clavion,clavion,klefki,RegiBang,regibang,Tectass Toppas,tectasstoppas,sheet_extracted,https://docs.google.com/spreadsheets/d/11wxsKyCydVmDjp4kGLJAOLPM_LgwCLN2GYpbDQkNtkk/edit#gid=1843013406
season_006,Moon Conference,regular,Iksbat,iksbat,crobat,RegiBang,regibang,Tectass Toppas,tectasstoppas,sheet_extracted,https://docs.google.com/spreadsheets/d/11wxsKyCydVmDjp4kGLJAOLPM_LgwCLN2GYpbDQkNtkk/edit#gid=1843013406
season_006,Moon Conference,regular,Keifel,keifel,piloswine,RegiBang,regibang,Tectass Toppas,tectasstoppas,sheet_extracted,https://docs.google.com/spreadsheets/d/11wxsKyCydVmDjp4kGLJAOLPM_LgwCLN2GYpbDQkNtkk/edit#gid=1843013406
season_006,Moon Conference,regular,Kobalium,kobalium,cobalion,RegiBang,regibang,Tectass Toppas,tectasstoppas,sheet_extracted,https://docs.google.com/spreadsheets/d/11wxsKyCydVmDjp4kGLJAOLPM_LgwCLN2GYpbDQkNtkk/edit#gid=1843013406
season_006,Moon Conference,regular,Laschoking,laschoking,slowking,RegiBang,regibang,Tectass Toppas,tectasstoppas,sheet_extracted,https://docs.google.com/spreadsheets/d/11wxsKyCydVmDjp4kGLJAOLPM_LgwCLN2GYpbDQkNtkk/edit#gid=1843013406
season_006,Moon Conference,regular,Machomei,machomei,machamp,RegiBang,regibang,Tectass Toppas,tectasstoppas,sheet_extracted,https://docs.google.com/spreadsheets/d/11wxsKyCydVmDjp4kGLJAOLPM_LgwCLN2GYpbDQkNtkk/edit#gid=1843013406
season_006,Moon Conference,regular,Mega-Glurak X,megaglurakx,charizardmegax,RegiBang,regibang,Tectass Toppas,tectasstoppas,sheet_extracted,https://docs.google.com/spreadsheets/d/11wxsKyCydVmDjp4kGLJAOLPM_LgwCLN2GYpbDQkNtkk/edit#gid=1843013406
season_006,Moon Conference,regular,Miltank,miltank,miltank,RegiBang,regibang,Tectass Toppas,tectasstoppas,sheet_extracted,https://docs.google.com/spreadsheets/d/11wxsKyCydVmDjp4kGLJAOLPM_LgwCLN2GYpbDQkNtkk/edit#gid=1843013406
season_006,Moon Conference,regular,Rotom-Mow,rotommow,rotommow,RegiBang,regibang,Tectass Toppas,tectasstoppas,sheet_extracted,https://docs.google.com/spreadsheets/d/11wxsKyCydVmDjp4kGLJAOLPM_LgwCLN2GYpbDQkNtkk/edit#gid=1843013406
season_006,Moon Conference,regular,Voltolos-I,voltolosi,thundurus,RegiBang,regibang,Tectass Toppas,tectasstoppas,sheet_extracted,https://docs.google.com/spreadsheets/d/11wxsKyCydVmDjp4kGLJAOLPM_LgwCLN2GYpbDQkNtkk/edit#gid=1843013406
season_006,Moon Conference,regular,Zobiris,zobiris,sableye,RegiBang,regibang,Tectass Toppas,tectasstoppas,sheet_extracted,https://docs.google.com/spreadsheets/d/11wxsKyCydVmDjp4kGLJAOLPM_LgwCLN2GYpbDQkNtkk/edit#gid=1843013406
season_006,Sun Conference,regular,Amfira,amfira,salazzle,Scoutley,scoutley,Rising Delibirds,risingdelibirds,sheet_extracted,https://docs.google.com/spreadsheets/d/11wxsKyCydVmDjp4kGLJAOLPM_LgwCLN2GYpbDQkNtkk/edit#gid=1588964432
season_006,Sun Conference,regular,Chillabell,chillabell,cinccino,Scoutley,scoutley,Rising Delibirds,risingdelibirds,sheet_extracted,https://docs.google.com/spreadsheets/d/11wxsKyCydVmDjp4kGLJAOLPM_LgwCLN2GYpbDQkNtkk/edit#gid=1588964432
season_006,Sun Conference,regular,Dragoran,dragoran,dragonite,Scoutley,scoutley,Rising Delibirds,risingdelibirds,sheet_extracted,https://docs.google.com/spreadsheets/d/11wxsKyCydVmDjp4kGLJAOLPM_LgwCLN2GYpbDQkNtkk/edit#gid=1588964432
season_006,Sun Conference,regular,Forstellka,forstellka,forretress,Scoutley,scoutley,Rising Delibirds,risingdelibirds,sheet_extracted,https://docs.google.com/spreadsheets/d/11wxsKyCydVmDjp4kGLJAOLPM_LgwCLN2GYpbDQkNtkk/edit#gid=1588964432
season_006,Sun Conference,regular,Frosdedje,frosdedje,froslass,Scoutley,scoutley,Rising Delibirds,risingdelibirds,sheet_extracted,https://docs.google.com/spreadsheets/d/11wxsKyCydVmDjp4kGLJAOLPM_LgwCLN2GYpbDQkNtkk/edit#gid=1588964432
season_006,Sun Conference,regular,Kapu-Toro,kaputoro,tapubulu,Scoutley,scoutley,Rising Delibirds,risingdelibirds,sheet_extracted,https://docs.google.com/spreadsheets/d/11wxsKyCydVmDjp4kGLJAOLPM_LgwCLN2GYpbDQkNtkk/edit#gid=1588964432
season_006,Sun Conference,regular,Kobalium,kobalium,cobalion,Scoutley,scoutley,Rising Delibirds,risingdelibirds,sheet_extracted,https://docs.google.com/spreadsheets/d/11wxsKyCydVmDjp4kGLJAOLPM_LgwCLN2GYpbDQkNtkk/edit#gid=1588964432
season_006,Sun Conference,regular,Mega-Lahmus,megalahmus,slowbromega,Scoutley,scoutley,Rising Delibirds,risingdelibirds,sheet_extracted,https://docs.google.com/spreadsheets/d/11wxsKyCydVmDjp4kGLJAOLPM_LgwCLN2GYpbDQkNtkk/edit#gid=1588964432
season_006,Sun Conference,regular,Nachtara,nachtara,umbreon,Scoutley,scoutley,Rising Delibirds,risingdelibirds,sheet_extracted,https://docs.google.com/spreadsheets/d/11wxsKyCydVmDjp4kGLJAOLPM_LgwCLN2GYpbDQkNtkk/edit#gid=1588964432
season_006,Sun Conference,regular,Rizeros,rizeros,rhydon,Scoutley,scoutley,Rising Delibirds,risingdelibirds,sheet_extracted,https://docs.google.com/spreadsheets/d/11wxsKyCydVmDjp4kGLJAOLPM_LgwCLN2GYpbDQkNtkk/edit#gid=1588964432
season_006,Sun Conference,regular,Voltula,voltula,galvantula,Scoutley,scoutley,Rising Delibirds,risingdelibirds,sheet_extracted,https://docs.google.com/spreadsheets/d/11wxsKyCydVmDjp4kGLJAOLPM_LgwCLN2GYpbDQkNtkk/edit#gid=1588964432
season_006,Moon Conference,regular,Demeteros-T,demeterost,landorustherian,Stratocopter TV,stratocoptertv,Crustle Crusaders,crustlecrusaders,sheet_extracted,https://docs.google.com/spreadsheets/d/11wxsKyCydVmDjp4kGLJAOLPM_LgwCLN2GYpbDQkNtkk/edit#gid=1843013406
season_006,Moon Conference,regular,Fiaro,fiaro,talonflame,Stratocopter TV,stratocoptertv,Crustle Crusaders,crustlecrusaders,sheet_extracted,https://docs.google.com/spreadsheets/d/11wxsKyCydVmDjp4kGLJAOLPM_LgwCLN2GYpbDQkNtkk/edit#gid=1843013406
season_006,Moon Conference,regular,Fruyal,fruyal,tsareena,Stratocopter TV,stratocoptertv,Crustle Crusaders,crustlecrusaders,sheet_extracted,https://docs.google.com/spreadsheets/d/11wxsKyCydVmDjp4kGLJAOLPM_LgwCLN2GYpbDQkNtkk/edit#gid=1843013406
season_006,Moon Conference,regular,Kosturso,kosturso,bewear,Stratocopter TV,stratocoptertv,Crustle Crusaders,crustlecrusaders,sheet_extracted,https://docs.google.com/spreadsheets/d/11wxsKyCydVmDjp4kGLJAOLPM_LgwCLN2GYpbDQkNtkk/edit#gid=1843013406
season_006,Moon Conference,regular,Mega-Voltenso,megavoltenso,manectricmega,Stratocopter TV,stratocoptertv,Crustle Crusaders,crustlecrusaders,sheet_extracted,https://docs.google.com/spreadsheets/d/11wxsKyCydVmDjp4kGLJAOLPM_LgwCLN2GYpbDQkNtkk/edit#gid=1843013406
season_006,Moon Conference,regular,Metagross,metagross,metagross,Stratocopter TV,stratocoptertv,Crustle Crusaders,crustlecrusaders,sheet_extracted,https://docs.google.com/spreadsheets/d/11wxsKyCydVmDjp4kGLJAOLPM_LgwCLN2GYpbDQkNtkk/edit#gid=1843013406
season_006,Moon Conference,regular,Smogmog,smogmog,weezing,Stratocopter TV,stratocoptertv,Crustle Crusaders,crustlecrusaders,sheet_extracted,https://docs.google.com/spreadsheets/d/11wxsKyCydVmDjp4kGLJAOLPM_LgwCLN2GYpbDQkNtkk/edit#gid=1843013406
season_006,Moon Conference,regular,Suicune,suicune,suicune,Stratocopter TV,stratocoptertv,Crustle Crusaders,crustlecrusaders,sheet_extracted,https://docs.google.com/spreadsheets/d/11wxsKyCydVmDjp4kGLJAOLPM_LgwCLN2GYpbDQkNtkk/edit#gid=1843013406
season_006,Moon Conference,regular,Victini,victini,victini,Stratocopter TV,stratocoptertv,Crustle Crusaders,crustlecrusaders,sheet_extracted,https://docs.google.com/spreadsheets/d/11wxsKyCydVmDjp4kGLJAOLPM_LgwCLN2GYpbDQkNtkk/edit#gid=1843013406
season_006,Moon Conference,regular,Viscogon,viscogon,goodra,Stratocopter TV,stratocoptertv,Crustle Crusaders,crustlecrusaders,sheet_extracted,https://docs.google.com/spreadsheets/d/11wxsKyCydVmDjp4kGLJAOLPM_LgwCLN2GYpbDQkNtkk/edit#gid=1843013406
season_006,Moon Conference,regular,Wolwerock (Zwielicht),wolwerockzwielicht,lycanrocdusk,Stratocopter TV,stratocoptertv,Crustle Crusaders,crustlecrusaders,sheet_extracted,https://docs.google.com/spreadsheets/d/11wxsKyCydVmDjp4kGLJAOLPM_LgwCLN2GYpbDQkNtkk/edit#gid=1843013406
season_006,Playoffs,playoffs,Cresselia,cresselia,cresselia,Tabasco TV,tabascotv,Aggron Berlin,aggronberlin,sheet_extracted,https://docs.google.com/spreadsheets/d/11wxsKyCydVmDjp4kGLJAOLPM_LgwCLN2GYpbDQkNtkk/edit#gid=654435343
season_006,Moon Conference,regular,Entei,entei,entei,Tabasco TV,tabascotv,Aggron Berlin,aggronberlin,sheet_extracted,https://docs.google.com/spreadsheets/d/11wxsKyCydVmDjp4kGLJAOLPM_LgwCLN2GYpbDQkNtkk/edit#gid=1843013406
season_006,Playoffs,playoffs,Entei,entei,entei,Tabasco TV,tabascotv,Aggron Berlin,aggronberlin,sheet_extracted,https://docs.google.com/spreadsheets/d/11wxsKyCydVmDjp4kGLJAOLPM_LgwCLN2GYpbDQkNtkk/edit#gid=654435343
season_006,Moon Conference,regular,Geradaks,geradaks,linoone,Tabasco TV,tabascotv,Aggron Berlin,aggronberlin,sheet_extracted,https://docs.google.com/spreadsheets/d/11wxsKyCydVmDjp4kGLJAOLPM_LgwCLN2GYpbDQkNtkk/edit#gid=1843013406
season_006,Playoffs,playoffs,Geradaks,geradaks,linoone,Tabasco TV,tabascotv,Aggron Berlin,aggronberlin,sheet_extracted,https://docs.google.com/spreadsheets/d/11wxsKyCydVmDjp4kGLJAOLPM_LgwCLN2GYpbDQkNtkk/edit#gid=654435343
season_006,Moon Conference,regular,Golbat,golbat,golbat,Tabasco TV,tabascotv,Aggron Berlin,aggronberlin,sheet_extracted,https://docs.google.com/spreadsheets/d/11wxsKyCydVmDjp4kGLJAOLPM_LgwCLN2GYpbDQkNtkk/edit#gid=1843013406
season_006,Playoffs,playoffs,Golbat,golbat,golbat,Tabasco TV,tabascotv,Aggron Berlin,aggronberlin,sheet_extracted,https://docs.google.com/spreadsheets/d/11wxsKyCydVmDjp4kGLJAOLPM_LgwCLN2GYpbDQkNtkk/edit#gid=654435343
season_006,Moon Conference,regular,Grandiras,grandiras,kommoo,Tabasco TV,tabascotv,Aggron Berlin,aggronberlin,sheet_extracted,https://docs.google.com/spreadsheets/d/11wxsKyCydVmDjp4kGLJAOLPM_LgwCLN2GYpbDQkNtkk/edit#gid=1843013406
season_006,Playoffs,playoffs,Grandiras,grandiras,kommoo,Tabasco TV,tabascotv,Aggron Berlin,aggronberlin,sheet_extracted,https://docs.google.com/spreadsheets/d/11wxsKyCydVmDjp4kGLJAOLPM_LgwCLN2GYpbDQkNtkk/edit#gid=654435343
season_006,Playoffs,playoffs,Grebbit,grebbit,diggersby,Tabasco TV,tabascotv,Aggron Berlin,aggronberlin,sheet_extracted,https://docs.google.com/spreadsheets/d/11wxsKyCydVmDjp4kGLJAOLPM_LgwCLN2GYpbDQkNtkk/edit#gid=654435343
season_006,Moon Conference,regular,Jirachi,jirachi,jirachi,Tabasco TV,tabascotv,Aggron Berlin,aggronberlin,sheet_extracted,https://docs.google.com/spreadsheets/d/11wxsKyCydVmDjp4kGLJAOLPM_LgwCLN2GYpbDQkNtkk/edit#gid=1843013406
season_006,Playoffs,playoffs,Jirachi,jirachi,jirachi,Tabasco TV,tabascotv,Aggron Berlin,aggronberlin,sheet_extracted,https://docs.google.com/spreadsheets/d/11wxsKyCydVmDjp4kGLJAOLPM_LgwCLN2GYpbDQkNtkk/edit#gid=654435343
season_006,Moon Conference,regular,Lanturn,lanturn,lanturn,Tabasco TV,tabascotv,Aggron Berlin,aggronberlin,sheet_extracted,https://docs.google.com/spreadsheets/d/11wxsKyCydVmDjp4kGLJAOLPM_LgwCLN2GYpbDQkNtkk/edit#gid=1843013406
season_006,Playoffs,playoffs,Lanturn,lanturn,lanturn,Tabasco TV,tabascotv,Aggron Berlin,aggronberlin,sheet_extracted,https://docs.google.com/spreadsheets/d/11wxsKyCydVmDjp4kGLJAOLPM_LgwCLN2GYpbDQkNtkk/edit#gid=654435343
season_006,Moon Conference,regular,Mega-Altaria,megaaltaria,altariamega,Tabasco TV,tabascotv,Aggron Berlin,aggronberlin,sheet_extracted,https://docs.google.com/spreadsheets/d/11wxsKyCydVmDjp4kGLJAOLPM_LgwCLN2GYpbDQkNtkk/edit#gid=1843013406
season_006,Playoffs,playoffs,Mega-Garados,megagarados,gyaradosmega,Tabasco TV,tabascotv,Aggron Berlin,aggronberlin,sheet_extracted,https://docs.google.com/spreadsheets/d/11wxsKyCydVmDjp4kGLJAOLPM_LgwCLN2GYpbDQkNtkk/edit#gid=654435343
season_006,Moon Conference,regular,Nachtara,nachtara,umbreon,Tabasco TV,tabascotv,Aggron Berlin,aggronberlin,sheet_extracted,https://docs.google.com/spreadsheets/d/11wxsKyCydVmDjp4kGLJAOLPM_LgwCLN2GYpbDQkNtkk/edit#gid=1843013406
season_006,Moon Conference,regular,Pampross,pampross,mudsdale,Tabasco TV,tabascotv,Aggron Berlin,aggronberlin,sheet_extracted,https://docs.google.com/spreadsheets/d/11wxsKyCydVmDjp4kGLJAOLPM_LgwCLN2GYpbDQkNtkk/edit#gid=1843013406
season_006,Playoffs,playoffs,Pampross,pampross,mudsdale,Tabasco TV,tabascotv,Aggron Berlin,aggronberlin,sheet_extracted,https://docs.google.com/spreadsheets/d/11wxsKyCydVmDjp4kGLJAOLPM_LgwCLN2GYpbDQkNtkk/edit#gid=654435343
season_006,Moon Conference,regular,Quajutsu,quajutsu,greninja,Tabasco TV,tabascotv,Aggron Berlin,aggronberlin,sheet_extracted,https://docs.google.com/spreadsheets/d/11wxsKyCydVmDjp4kGLJAOLPM_LgwCLN2GYpbDQkNtkk/edit#gid=1843013406
season_006,Playoffs,playoffs,Quajutsu,quajutsu,greninja,Tabasco TV,tabascotv,Aggron Berlin,aggronberlin,sheet_extracted,https://docs.google.com/spreadsheets/d/11wxsKyCydVmDjp4kGLJAOLPM_LgwCLN2GYpbDQkNtkk/edit#gid=654435343
season_006,Moon Conference,regular,Serpiroyal,serpiroyal,serperior,Tabasco TV,tabascotv,Aggron Berlin,aggronberlin,sheet_extracted,https://docs.google.com/spreadsheets/d/11wxsKyCydVmDjp4kGLJAOLPM_LgwCLN2GYpbDQkNtkk/edit#gid=1843013406
season_007,Regular Season,,Amigento-Typ:Fee,amigentotypfee,silvallyfairy,Barry D. Sin of Speed,barrydsinofspeed,Skywalking Zacians,skywalkingzacians,sheet_extracted,https://docs.google.com/spreadsheets/d/1nwiq_ggEj7QePeZGMR2xoi0bEHJr_ZGO24YCRdt93No/edit#gid=857670931
season_007,Regular Season,,Aquana,aquana,vaporeon,Barry D. Sin of Speed,barrydsinofspeed,Skywalking Zacians,skywalkingzacians,sheet_extracted,https://docs.google.com/spreadsheets/d/1nwiq_ggEj7QePeZGMR2xoi0bEHJr_ZGO24YCRdt93No/edit#gid=857670931
season_007,Regular Season,,Britzigel,britzigel,pincurchin,Barry D. Sin of Speed,barrydsinofspeed,Skywalking Zacians,skywalkingzacians,sheet_extracted,https://docs.google.com/spreadsheets/d/1nwiq_ggEj7QePeZGMR2xoi0bEHJr_ZGO24YCRdt93No/edit#gid=857670931
season_007,Regular Season,,Flampivian-Normal,flampiviannormal,darmanitan,Barry D. Sin of Speed,barrydsinofspeed,Skywalking Zacians,skywalkingzacians,sheet_extracted,https://docs.google.com/spreadsheets/d/1nwiq_ggEj7QePeZGMR2xoi0bEHJr_ZGO24YCRdt93No/edit#gid=857670931
season_007,Regular Season,,Giga-Deponitox,gigadeponitox,garbodorgmax,Barry D. Sin of Speed,barrydsinofspeed,Skywalking Zacians,skywalkingzacians,sheet_extracted,https://docs.google.com/spreadsheets/d/1nwiq_ggEj7QePeZGMR2xoi0bEHJr_ZGO24YCRdt93No/edit#gid=857670931
season_007,Regular Season,,Gladiantri,gladiantri,pawniard,Barry D. Sin of Speed,barrydsinofspeed,Skywalking Zacians,skywalkingzacians,sheet_extracted,https://docs.google.com/spreadsheets/d/1nwiq_ggEj7QePeZGMR2xoi0bEHJr_ZGO24YCRdt93No/edit#gid=857670931
season_007,Regular Season,,Moruda,moruda,dhelmise,Barry D. Sin of Speed,barrydsinofspeed,Skywalking Zacians,skywalkingzacians,sheet_extracted,https://docs.google.com/spreadsheets/d/1nwiq_ggEj7QePeZGMR2xoi0bEHJr_ZGO24YCRdt93No/edit#gid=857670931
season_007,Regular Season,,Pampuli,pampuli,mudbray,Barry D. Sin of Speed,barrydsinofspeed,Skywalking Zacians,skywalkingzacians,sheet_extracted,https://docs.google.com/spreadsheets/d/1nwiq_ggEj7QePeZGMR2xoi0bEHJr_ZGO24YCRdt93No/edit#gid=857670931
season_007,Regular Season,,Resladero,resladero,hawlucha,Barry D. Sin of Speed,barrydsinofspeed,Skywalking Zacians,skywalkingzacians,sheet_extracted,https://docs.google.com/spreadsheets/d/1nwiq_ggEj7QePeZGMR2xoi0bEHJr_ZGO24YCRdt93No/edit#gid=857670931
season_007,Regular Season,,Viscargot,viscargot,sliggoo,Barry D. Sin of Speed,barrydsinofspeed,Skywalking Zacians,skywalkingzacians,sheet_extracted,https://docs.google.com/spreadsheets/d/1nwiq_ggEj7QePeZGMR2xoi0bEHJr_ZGO24YCRdt93No/edit#gid=857670931
season_007,Regular Season,,Zeraora,zeraora,zeraora,Barry D. Sin of Speed,barrydsinofspeed,Skywalking Zacians,skywalkingzacians,sheet_extracted,https://docs.google.com/spreadsheets/d/1nwiq_ggEj7QePeZGMR2xoi0bEHJr_ZGO24YCRdt93No/edit#gid=857670931
season_007,Regular Season,,Bisaflor,bisaflor,venusaur,BelmontGabriel,belmontgabriel,Igalima Impoleon,igalimaimpoleon,sheet_extracted,https://docs.google.com/spreadsheets/d/1nwiq_ggEj7QePeZGMR2xoi0bEHJr_ZGO24YCRdt93No/edit#gid=857670931
season_007,Regular Season,,Duokles,duokles,doublade,BelmontGabriel,belmontgabriel,Igalima Impoleon,igalimaimpoleon,sheet_extracted,https://docs.google.com/spreadsheets/d/1nwiq_ggEj7QePeZGMR2xoi0bEHJr_ZGO24YCRdt93No/edit#gid=857670931
season_007,Regular Season,,Flunschlik,flunschlik,stunfisk,BelmontGabriel,belmontgabriel,Igalima Impoleon,igalimaimpoleon,sheet_extracted,https://docs.google.com/spreadsheets/d/1nwiq_ggEj7QePeZGMR2xoi0bEHJr_ZGO24YCRdt93No/edit#gid=857670931
season_007,Regular Season,,Galar Gallopa,galargallopa,rapidashgalar,BelmontGabriel,belmontgabriel,Igalima Impoleon,igalimaimpoleon,sheet_extracted,https://docs.google.com/spreadsheets/d/1nwiq_ggEj7QePeZGMR2xoi0bEHJr_ZGO24YCRdt93No/edit#gid=857670931
season_007,Regular Season,,Kosturso,kosturso,bewear,BelmontGabriel,belmontgabriel,Igalima Impoleon,igalimaimpoleon,sheet_extracted,https://docs.google.com/spreadsheets/d/1nwiq_ggEj7QePeZGMR2xoi0bEHJr_ZGO24YCRdt93No/edit#gid=857670931
season_007,Regular Season,,Kyurem,kyurem,kyurem,BelmontGabriel,belmontgabriel,Igalima Impoleon,igalimaimpoleon,sheet_extracted,https://docs.google.com/spreadsheets/d/1nwiq_ggEj7QePeZGMR2xoi0bEHJr_ZGO24YCRdt93No/edit#gid=857670931
season_007,Regular Season,,Lunastein,lunastein,lunatone,BelmontGabriel,belmontgabriel,Igalima Impoleon,igalimaimpoleon,sheet_extracted,https://docs.google.com/spreadsheets/d/1nwiq_ggEj7QePeZGMR2xoi0bEHJr_ZGO24YCRdt93No/edit#gid=857670931
season_007,Regular Season,,Mantax,mantax,mantine,BelmontGabriel,belmontgabriel,Igalima Impoleon,igalimaimpoleon,sheet_extracted,https://docs.google.com/spreadsheets/d/1nwiq_ggEj7QePeZGMR2xoi0bEHJr_ZGO24YCRdt93No/edit#gid=857670931
season_007,Regular Season,,Mitodos,mitodos,duosion,BelmontGabriel,belmontgabriel,Igalima Impoleon,igalimaimpoleon,sheet_extracted,https://docs.google.com/spreadsheets/d/1nwiq_ggEj7QePeZGMR2xoi0bEHJr_ZGO24YCRdt93No/edit#gid=857670931
season_007,Regular Season,,Piondragi,piondragi,drapion,BelmontGabriel,belmontgabriel,Igalima Impoleon,igalimaimpoleon,sheet_extracted,https://docs.google.com/spreadsheets/d/1nwiq_ggEj7QePeZGMR2xoi0bEHJr_ZGO24YCRdt93No/edit#gid=857670931
season_007,Regular Season,,Qurtel,qurtel,torkoal,BelmontGabriel,belmontgabriel,Igalima Impoleon,igalimaimpoleon,sheet_extracted,https://docs.google.com/spreadsheets/d/1nwiq_ggEj7QePeZGMR2xoi0bEHJr_ZGO24YCRdt93No/edit#gid=857670931
season_007,Regular Season,,Bandelby,bandelby,ribombee,Bene,bene,Riffex Pontifex,riffexpontifex,sheet_extracted,https://docs.google.com/spreadsheets/d/1nwiq_ggEj7QePeZGMR2xoi0bEHJr_ZGO24YCRdt93No/edit#gid=857670931
season_007,Regular Season,,Barrikadax,barrikadax,obstagoon,Bene,bene,Riffex Pontifex,riffexpontifex,sheet_extracted,https://docs.google.com/spreadsheets/d/1nwiq_ggEj7QePeZGMR2xoi0bEHJr_ZGO24YCRdt93No/edit#gid=857670931
season_007,Regular Season,,Branawarz,branawarz,seismitoad,Bene,bene,Riffex Pontifex,riffexpontifex,sheet_extracted,https://docs.google.com/spreadsheets/d/1nwiq_ggEj7QePeZGMR2xoi0bEHJr_ZGO24YCRdt93No/edit#gid=857670931
season_007,Regular Season,,Echnatoll,echnatoll,cofagrigus,Bene,bene,Riffex Pontifex,riffexpontifex,sheet_extracted,https://docs.google.com/spreadsheets/d/1nwiq_ggEj7QePeZGMR2xoi0bEHJr_ZGO24YCRdt93No/edit#gid=857670931
season_007,Regular Season,,Kobalium,kobalium,cobalion,Bene,bene,Riffex Pontifex,riffexpontifex,sheet_extracted,https://docs.google.com/spreadsheets/d/1nwiq_ggEj7QePeZGMR2xoi0bEHJr_ZGO24YCRdt93No/edit#gid=857670931
season_007,Regular Season,,Pescryodon,pescryodon,arctovish,Bene,bene,Riffex Pontifex,riffexpontifex,sheet_extracted,https://docs.google.com/spreadsheets/d/1nwiq_ggEj7QePeZGMR2xoi0bEHJr_ZGO24YCRdt93No/edit#gid=857670931
season_007,Regular Season,,Piepi,piepi,clefairy,Bene,bene,Riffex Pontifex,riffexpontifex,sheet_extracted,https://docs.google.com/spreadsheets/d/1nwiq_ggEj7QePeZGMR2xoi0bEHJr_ZGO24YCRdt93No/edit#gid=857670931
season_007,Regular Season,,Roserade,roserade,roserade,Bene,bene,Riffex Pontifex,riffexpontifex,sheet_extracted,https://docs.google.com/spreadsheets/d/1nwiq_ggEj7QePeZGMR2xoi0bEHJr_ZGO24YCRdt93No/edit#gid=857670931
season_007,Regular Season,,Rotom-H,rotomh,rotomheat,Bene,bene,Riffex Pontifex,riffexpontifex,sheet_extracted,https://docs.google.com/spreadsheets/d/1nwiq_ggEj7QePeZGMR2xoi0bEHJr_ZGO24YCRdt93No/edit#gid=857670931
season_007,Regular Season,,Tortunator,tortunator,turtonator,Bene,bene,Riffex Pontifex,riffexpontifex,sheet_extracted,https://docs.google.com/spreadsheets/d/1nwiq_ggEj7QePeZGMR2xoi0bEHJr_ZGO24YCRdt93No/edit#gid=857670931
season_007,Regular Season,,Xatu,xatu,xatu,Bene,bene,Riffex Pontifex,riffexpontifex,sheet_extracted,https://docs.google.com/spreadsheets/d/1nwiq_ggEj7QePeZGMR2xoi0bEHJr_ZGO24YCRdt93No/edit#gid=857670931
season_007,Regular Season,,Alola Raichu,alolaraichu,raichualola,BlackLink,blacklink,Nose to Order,nosetoorder,sheet_extracted,https://docs.google.com/spreadsheets/d/1nwiq_ggEj7QePeZGMR2xoi0bEHJr_ZGO24YCRdt93No/edit#gid=857670931
season_007,Regular Season,,Alpollo,alpollo,haunter,BlackLink,blacklink,Nose to Order,nosetoorder,sheet_extracted,https://docs.google.com/spreadsheets/d/1nwiq_ggEj7QePeZGMR2xoi0bEHJr_ZGO24YCRdt93No/edit#gid=857670931
season_007,Regular Season,,Fruyal,fruyal,tsareena,BlackLink,blacklink,Nose to Order,nosetoorder,sheet_extracted,https://docs.google.com/spreadsheets/d/1nwiq_ggEj7QePeZGMR2xoi0bEHJr_ZGO24YCRdt93No/edit#gid=857670931
season_007,Regular Season,,Galar Smogmog,galarsmogmog,weezinggalar,BlackLink,blacklink,Nose to Order,nosetoorder,sheet_extracted,https://docs.google.com/spreadsheets/d/1nwiq_ggEj7QePeZGMR2xoi0bEHJr_ZGO24YCRdt93No/edit#gid=857670931
season_007,Regular Season,,Gallopa,gallopa,rapidash,BlackLink,blacklink,Nose to Order,nosetoorder,sheet_extracted,https://docs.google.com/spreadsheets/d/1nwiq_ggEj7QePeZGMR2xoi0bEHJr_ZGO24YCRdt93No/edit#gid=857670931
season_007,Regular Season,,Giga-Patinaraja,gigapatinaraja,copperajahgmax,BlackLink,blacklink,Nose to Order,nosetoorder,sheet_extracted,https://docs.google.com/spreadsheets/d/1nwiq_ggEj7QePeZGMR2xoi0bEHJr_ZGO24YCRdt93No/edit#gid=857670931
season_007,Regular Season,,Jiutesto,jiutesto,throh,BlackLink,blacklink,Nose to Order,nosetoorder,sheet_extracted,https://docs.google.com/spreadsheets/d/1nwiq_ggEj7QePeZGMR2xoi0bEHJr_ZGO24YCRdt93No/edit#gid=857670931
season_007,Regular Season,,Milotic,milotic,milotic,BlackLink,blacklink,Nose to Order,nosetoorder,sheet_extracted,https://docs.google.com/spreadsheets/d/1nwiq_ggEj7QePeZGMR2xoi0bEHJr_ZGO24YCRdt93No/edit#gid=857670931
season_007,Regular Season,,Pampross,pampross,mudsdale,BlackLink,blacklink,Nose to Order,nosetoorder,sheet_extracted,https://docs.google.com/spreadsheets/d/1nwiq_ggEj7QePeZGMR2xoi0bEHJr_ZGO24YCRdt93No/edit#gid=857670931
season_007,Regular Season,,Snibunna,snibunna,weavile,BlackLink,blacklink,Nose to Order,nosetoorder,sheet_extracted,https://docs.google.com/spreadsheets/d/1nwiq_ggEj7QePeZGMR2xoi0bEHJr_ZGO24YCRdt93No/edit#gid=857670931
season_007,Regular Season,,UHaFnir,uhafnir,noivern,BlackLink,blacklink,Nose to Order,nosetoorder,sheet_extracted,https://docs.google.com/spreadsheets/d/1nwiq_ggEj7QePeZGMR2xoi0bEHJr_ZGO24YCRdt93No/edit#gid=857670931
season_007,Regular Season,,Alola Digdri,aloladigdri,dugtrioalola,CaptainCrinch,captaincrinch,Crinchilla,crinchilla,sheet_extracted,https://docs.google.com/spreadsheets/d/1nwiq_ggEj7QePeZGMR2xoi0bEHJr_ZGO24YCRdt93No/edit#gid=857670931
season_007,Regular Season,,Austos,austos,cloyster,CaptainCrinch,captaincrinch,Crinchilla,crinchilla,sheet_extracted,https://docs.google.com/spreadsheets/d/1nwiq_ggEj7QePeZGMR2xoi0bEHJr_ZGO24YCRdt93No/edit#gid=857670931
season_007,Regular Season,,Chillabell,chillabell,cinccino,CaptainCrinch,captaincrinch,Crinchilla,crinchilla,sheet_extracted,https://docs.google.com/spreadsheets/d/1nwiq_ggEj7QePeZGMR2xoi0bEHJr_ZGO24YCRdt93No/edit#gid=857670931
season_007,Regular Season,,Duraludon,duraludon,duraludon,CaptainCrinch,captaincrinch,Crinchilla,crinchilla,sheet_extracted,https://docs.google.com/spreadsheets/d/1nwiq_ggEj7QePeZGMR2xoi0bEHJr_ZGO24YCRdt93No/edit#gid=857670931
season_007,Regular Season,,Feelinara,feelinara,sylveon,CaptainCrinch,captaincrinch,Crinchilla,crinchilla,sheet_extracted,https://docs.google.com/spreadsheets/d/1nwiq_ggEj7QePeZGMR2xoi0bEHJr_ZGO24YCRdt93No/edit#gid=857670931
season_007,Regular Season,,Gufa,gufa,pyukumuku,CaptainCrinch,captaincrinch,Crinchilla,crinchilla,sheet_extracted,https://docs.google.com/spreadsheets/d/1nwiq_ggEj7QePeZGMR2xoi0bEHJr_ZGO24YCRdt93No/edit#gid=857670931
season_007,Regular Season,,Kommandutan,kommandutan,oranguru,CaptainCrinch,captaincrinch,Crinchilla,crinchilla,sheet_extracted,https://docs.google.com/spreadsheets/d/1nwiq_ggEj7QePeZGMR2xoi0bEHJr_ZGO24YCRdt93No/edit#gid=857670931
season_007,Regular Season,,Meistagrif,meistagrif,conkeldurr,CaptainCrinch,captaincrinch,Crinchilla,crinchilla,sheet_extracted,https://docs.google.com/spreadsheets/d/1nwiq_ggEj7QePeZGMR2xoi0bEHJr_ZGO24YCRdt93No/edit#gid=857670931
season_007,Regular Season,,Montecarbo,montecarbo,coalossal,CaptainCrinch,captaincrinch,Crinchilla,crinchilla,sheet_extracted,https://docs.google.com/spreadsheets/d/1nwiq_ggEj7QePeZGMR2xoi0bEHJr_ZGO24YCRdt93No/edit#gid=857670931
season_007,Regular Season,,Rotom-Mow,rotommow,rotommow,CaptainCrinch,captaincrinch,Crinchilla,crinchilla,sheet_extracted,https://docs.google.com/spreadsheets/d/1nwiq_ggEj7QePeZGMR2xoi0bEHJr_ZGO24YCRdt93No/edit#gid=857670931
season_007,Regular Season,,Silvarro,silvarro,decidueye,CaptainCrinch,captaincrinch,Crinchilla,crinchilla,sheet_extracted,https://docs.google.com/spreadsheets/d/1nwiq_ggEj7QePeZGMR2xoi0bEHJr_ZGO24YCRdt93No/edit#gid=857670931
season_007,Regular Season,,Blitza,blitza,jolteon,Dauni,daunidaunstar,Milchbubis,milchbubis,sheet_extracted,https://docs.google.com/spreadsheets/d/1nwiq_ggEj7QePeZGMR2xoi0bEHJr_ZGO24YCRdt93No/edit#gid=857670931
season_007,Regular Season,,Castellith,castellith,crustle,Dauni,daunidaunstar,Milchbubis,milchbubis,sheet_extracted,https://docs.google.com/spreadsheets/d/1nwiq_ggEj7QePeZGMR2xoi0bEHJr_ZGO24YCRdt93No/edit#gid=857670931
season_007,Regular Season,,Fermicula,fermicula,durant,Dauni,daunidaunstar,Milchbubis,milchbubis,sheet_extracted,https://docs.google.com/spreadsheets/d/1nwiq_ggEj7QePeZGMR2xoi0bEHJr_ZGO24YCRdt93No/edit#gid=857670931
season_007,Regular Season,,Gortrom,gortrom,rillaboom,Dauni,daunidaunstar,Milchbubis,milchbubis,sheet_extracted,https://docs.google.com/spreadsheets/d/1nwiq_ggEj7QePeZGMR2xoi0bEHJr_ZGO24YCRdt93No/edit#gid=857670931
season_007,Regular Season,,Keldeo,keldeo,keldeo,Dauni,daunidaunstar,Milchbubis,milchbubis,sheet_extracted,https://docs.google.com/spreadsheets/d/1nwiq_ggEj7QePeZGMR2xoi0bEHJr_ZGO24YCRdt93No/edit#gid=857670931
season_007,Regular Season,,Libelldra,libelldra,flygon,Dauni,daunidaunstar,Milchbubis,milchbubis,sheet_extracted,https://docs.google.com/spreadsheets/d/1nwiq_ggEj7QePeZGMR2xoi0bEHJr_ZGO24YCRdt93No/edit#gid=857670931
season_007,Regular Season,,Nachtara,nachtara,umbreon,Dauni,daunidaunstar,Milchbubis,milchbubis,sheet_extracted,https://docs.google.com/spreadsheets/d/1nwiq_ggEj7QePeZGMR2xoi0bEHJr_ZGO24YCRdt93No/edit#gid=857670931
season_007,Regular Season,,Necrozma,necrozma,necrozma,Dauni,daunidaunstar,Milchbubis,milchbubis,sheet_extracted,https://docs.google.com/spreadsheets/d/1nwiq_ggEj7QePeZGMR2xoi0bEHJr_ZGO24YCRdt93No/edit#gid=857670931
season_007,Regular Season,,Pantimos,pantimos,mrmime,Dauni,daunidaunstar,Milchbubis,milchbubis,sheet_extracted,https://docs.google.com/spreadsheets/d/1nwiq_ggEj7QePeZGMR2xoi0bEHJr_ZGO24YCRdt93No/edit#gid=857670931
season_007,Regular Season,,Smogmog,smogmog,weezing,Dauni,daunidaunstar,Milchbubis,milchbubis,sheet_extracted,https://docs.google.com/spreadsheets/d/1nwiq_ggEj7QePeZGMR2xoi0bEHJr_ZGO24YCRdt93No/edit#gid=857670931
season_007,Regular Season,,Typ:Null,typnull,typenull,Dauni,daunidaunstar,Milchbubis,milchbubis,sheet_extracted,https://docs.google.com/spreadsheets/d/1nwiq_ggEj7QePeZGMR2xoi0bEHJr_ZGO24YCRdt93No/edit#gid=857670931
season_007,Regular Season,,Amfira,amfira,salazzle,ElektechN9ne,elektechn9ne,Elekid's Club,elekidsclub,sheet_extracted,https://docs.google.com/spreadsheets/d/1nwiq_ggEj7QePeZGMR2xoi0bEHJr_ZGO24YCRdt93No/edit#gid=857670931
season_007,Regular Season,,Donarion,donarion,vikavolt,ElektechN9ne,elektechn9ne,Elekid's Club,elekidsclub,sheet_extracted,https://docs.google.com/spreadsheets/d/1nwiq_ggEj7QePeZGMR2xoi0bEHJr_ZGO24YCRdt93No/edit#gid=857670931
season_007,Regular Season,,Drifzepli,drifzepli,drifblim,ElektechN9ne,elektechn9ne,Elekid's Club,elekidsclub,sheet_extracted,https://docs.google.com/spreadsheets/d/1nwiq_ggEj7QePeZGMR2xoi0bEHJr_ZGO24YCRdt93No/edit#gid=857670931
season_007,Regular Season,,Flunkifer,flunkifer,mawile,ElektechN9ne,elektechn9ne,Elekid's Club,elekidsclub,sheet_extracted,https://docs.google.com/spreadsheets/d/1nwiq_ggEj7QePeZGMR2xoi0bEHJr_ZGO24YCRdt93No/edit#gid=857670931
season_007,Regular Season,,Giga-Schlapfel,gigaschlapfel,appletungmax,ElektechN9ne,elektechn9ne,Elekid's Club,elekidsclub,sheet_extracted,https://docs.google.com/spreadsheets/d/1nwiq_ggEj7QePeZGMR2xoi0bEHJr_ZGO24YCRdt93No/edit#gid=857670931
season_007,Regular Season,,Grandiras,grandiras,kommoo,ElektechN9ne,elektechn9ne,Elekid's Club,elekidsclub,sheet_extracted,https://docs.google.com/spreadsheets/d/1nwiq_ggEj7QePeZGMR2xoi0bEHJr_ZGO24YCRdt93No/edit#gid=857670931
season_007,Regular Season,,Keifel,keifel,piloswine,ElektechN9ne,elektechn9ne,Elekid's Club,elekidsclub,sheet_extracted,https://docs.google.com/spreadsheets/d/1nwiq_ggEj7QePeZGMR2xoi0bEHJr_ZGO24YCRdt93No/edit#gid=857670931
season_007,Regular Season,,Kingler,kingler,kingler,ElektechN9ne,elektechn9ne,Elekid's Club,elekidsclub,sheet_extracted,https://docs.google.com/spreadsheets/d/1nwiq_ggEj7QePeZGMR2xoi0bEHJr_ZGO24YCRdt93No/edit#gid=857670931
season_007,Regular Season,,Servol-Männlich,servolmannlich,indeedee,ElektechN9ne,elektechn9ne,Elekid's Club,elekidsclub,sheet_extracted,https://docs.google.com/spreadsheets/d/1nwiq_ggEj7QePeZGMR2xoi0bEHJr_ZGO24YCRdt93No/edit#gid=857670931
season_007,Regular Season,,Togekiss,togekiss,togekiss,ElektechN9ne,elektechn9ne,Elekid's Club,elekidsclub,sheet_extracted,https://docs.google.com/spreadsheets/d/1nwiq_ggEj7QePeZGMR2xoi0bEHJr_ZGO24YCRdt93No/edit#gid=857670931
season_007,Regular Season,,Viridium,viridium,virizion,ElektechN9ne,elektechn9ne,Elekid's Club,elekidsclub,sheet_extracted,https://docs.google.com/spreadsheets/d/1nwiq_ggEj7QePeZGMR2xoi0bEHJr_ZGO24YCRdt93No/edit#gid=857670931
season_007,Regular Season,,Baldorfish,baldorfish,qwilfish,Hydronic,hydronic,Baltoy Story,baltoystory,sheet_extracted,https://docs.google.com/spreadsheets/d/1nwiq_ggEj7QePeZGMR2xoi0bEHJr_ZGO24YCRdt93No/edit#gid=857670931
season_007,Regular Season,,Barschuft,barschuft,basculin,Hydronic,hydronic,Baltoy Story,baltoystory,sheet_extracted,https://docs.google.com/spreadsheets/d/1nwiq_ggEj7QePeZGMR2xoi0bEHJr_ZGO24YCRdt93No/edit#gid=857670931
season_007,Regular Season,,Cavalanzas,cavalanzas,escavalier,Hydronic,hydronic,Baltoy Story,baltoystory,sheet_extracted,https://docs.google.com/spreadsheets/d/1nwiq_ggEj7QePeZGMR2xoi0bEHJr_ZGO24YCRdt93No/edit#gid=857670931
season_007,Regular Season,,Elfun,elfun,whimsicott,Hydronic,hydronic,Baltoy Story,baltoystory,sheet_extracted,https://docs.google.com/spreadsheets/d/1nwiq_ggEj7QePeZGMR2xoi0bEHJr_ZGO24YCRdt93No/edit#gid=857670931
season_007,Regular Season,,Glaziola,glaziola,glaceon,Hydronic,hydronic,Baltoy Story,baltoystory,sheet_extracted,https://docs.google.com/spreadsheets/d/1nwiq_ggEj7QePeZGMR2xoi0bEHJr_ZGO24YCRdt93No/edit#gid=857670931
season_007,Regular Season,,Grypheldis,grypheldis,mandibuzz,Hydronic,hydronic,Baltoy Story,baltoystory,sheet_extracted,https://docs.google.com/spreadsheets/d/1nwiq_ggEj7QePeZGMR2xoi0bEHJr_ZGO24YCRdt93No/edit#gid=857670931
season_007,Regular Season,,Sanaconda,sanaconda,sandaconda,Hydronic,hydronic,Baltoy Story,baltoystory,sheet_extracted,https://docs.google.com/spreadsheets/d/1nwiq_ggEj7QePeZGMR2xoi0bEHJr_ZGO24YCRdt93No/edit#gid=857670931
season_007,Regular Season,,Skelabra,skelabra,chandelure,Hydronic,hydronic,Baltoy Story,baltoystory,sheet_extracted,https://docs.google.com/spreadsheets/d/1nwiq_ggEj7QePeZGMR2xoi0bEHJr_ZGO24YCRdt93No/edit#gid=857670931
season_007,Regular Season,,Sonnfel,sonnfel,solrock,Hydronic,hydronic,Baltoy Story,baltoystory,sheet_extracted,https://docs.google.com/spreadsheets/d/1nwiq_ggEj7QePeZGMR2xoi0bEHJr_ZGO24YCRdt93No/edit#gid=857670931
season_007,Regular Season,,Terrakium,terrakium,terrakion,Hydronic,hydronic,Baltoy Story,baltoystory,sheet_extracted,https://docs.google.com/spreadsheets/d/1nwiq_ggEj7QePeZGMR2xoi0bEHJr_ZGO24YCRdt93No/edit#gid=857670931
season_007,Regular Season,,Voltula,voltula,galvantula,Hydronic,hydronic,Baltoy Story,baltoystory,sheet_extracted,https://docs.google.com/spreadsheets/d/1nwiq_ggEj7QePeZGMR2xoi0bEHJr_ZGO24YCRdt93No/edit#gid=857670931
season_007,Regular Season,,Amigento-Normal,amigentonormal,silvally,Nestfloh,nestfloh,Flutschige Zäpfchen,flutschigezapfchen,sheet_extracted,https://docs.google.com/spreadsheets/d/1nwiq_ggEj7QePeZGMR2xoi0bEHJr_ZGO24YCRdt93No/edit#gid=857670931
season_007,Regular Season,,Cottomi,cottomi,eldegoss,Nestfloh,nestfloh,Flutschige Zäpfchen,flutschigezapfchen,sheet_extracted,https://docs.google.com/spreadsheets/d/1nwiq_ggEj7QePeZGMR2xoi0bEHJr_ZGO24YCRdt93No/edit#gid=857670931
season_007,Regular Season,,Giga-Maritellit,gigamaritellit,orbeetlegmax,Nestfloh,nestfloh,Flutschige Zäpfchen,flutschigezapfchen,sheet_extracted,https://docs.google.com/spreadsheets/d/1nwiq_ggEj7QePeZGMR2xoi0bEHJr_ZGO24YCRdt93No/edit#gid=857670931
season_007,Regular Season,,Humanolith,humanolith,stonjourner,Nestfloh,nestfloh,Flutschige Zäpfchen,flutschigezapfchen,sheet_extracted,https://docs.google.com/spreadsheets/d/1nwiq_ggEj7QePeZGMR2xoi0bEHJr_ZGO24YCRdt93No/edit#gid=857670931
season_007,Regular Season,,Lectragon,lectragon,dracozolt,Nestfloh,nestfloh,Flutschige Zäpfchen,flutschigezapfchen,sheet_extracted,https://docs.google.com/spreadsheets/d/1nwiq_ggEj7QePeZGMR2xoi0bEHJr_ZGO24YCRdt93No/edit#gid=857670931
season_007,Regular Season,,Liberlo,liberlo,cinderace,Nestfloh,nestfloh,Flutschige Zäpfchen,flutschigezapfchen,sheet_extracted,https://docs.google.com/spreadsheets/d/1nwiq_ggEj7QePeZGMR2xoi0bEHJr_ZGO24YCRdt93No/edit#gid=857670931
season_007,Regular Season,,Primarene,primarene,primarina,Nestfloh,nestfloh,Flutschige Zäpfchen,flutschigezapfchen,sheet_extracted,https://docs.google.com/spreadsheets/d/1nwiq_ggEj7QePeZGMR2xoi0bEHJr_ZGO24YCRdt93No/edit#gid=857670931
season_007,Regular Season,,Rotom,rotom,rotom,Nestfloh,nestfloh,Flutschige Zäpfchen,flutschigezapfchen,sheet_extracted,https://docs.google.com/spreadsheets/d/1nwiq_ggEj7QePeZGMR2xoi0bEHJr_ZGO24YCRdt93No/edit#gid=857670931
season_007,Regular Season,,Stahlos,stahlos,steelix,Nestfloh,nestfloh,Flutschige Zäpfchen,flutschigezapfchen,sheet_extracted,https://docs.google.com/spreadsheets/d/1nwiq_ggEj7QePeZGMR2xoi0bEHJr_ZGO24YCRdt93No/edit#gid=857670931
season_007,Regular Season,,Strepoli,strepoli,gurdurr,Nestfloh,nestfloh,Flutschige Zäpfchen,flutschigezapfchen,sheet_extracted,https://docs.google.com/spreadsheets/d/1nwiq_ggEj7QePeZGMR2xoi0bEHJr_ZGO24YCRdt93No/edit#gid=857670931
season_007,Regular Season,,Vulnona,vulnona,ninetales,Nestfloh,nestfloh,Flutschige Zäpfchen,flutschigezapfchen,sheet_extracted,https://docs.google.com/spreadsheets/d/1nwiq_ggEj7QePeZGMR2xoi0bEHJr_ZGO24YCRdt93No/edit#gid=857670931
season_007,Regular Season,,Barrakiefa,barrakiefa,barraskewda,PokeBazi,pokebazi,Therapiepi,therapiepi,sheet_extracted,https://docs.google.com/spreadsheets/d/1nwiq_ggEj7QePeZGMR2xoi0bEHJr_ZGO24YCRdt93No/edit#gid=857670931
season_007,Regular Season,,Elezard,elezard,heliolisk,PokeBazi,pokebazi,Therapiepi,therapiepi,sheet_extracted,https://docs.google.com/spreadsheets/d/1nwiq_ggEj7QePeZGMR2xoi0bEHJr_ZGO24YCRdt93No/edit#gid=857670931
season_007,Regular Season,,Furnifraß,furnifrass,heatmor,PokeBazi,pokebazi,Therapiepi,therapiepi,sheet_extracted,https://docs.google.com/spreadsheets/d/1nwiq_ggEj7QePeZGMR2xoi0bEHJr_ZGO24YCRdt93No/edit#gid=857670931
season_007,Regular Season,,Giga-Drapfel,gigadrapfel,flapplegmax,PokeBazi,pokebazi,Therapiepi,therapiepi,sheet_extracted,https://docs.google.com/spreadsheets/d/1nwiq_ggEj7QePeZGMR2xoi0bEHJr_ZGO24YCRdt93No/edit#gid=857670931
season_007,Regular Season,,Golgantes,golgantes,golurk,PokeBazi,pokebazi,Therapiepi,therapiepi,sheet_extracted,https://docs.google.com/spreadsheets/d/1nwiq_ggEj7QePeZGMR2xoi0bEHJr_ZGO24YCRdt93No/edit#gid=857670931
season_007,Regular Season,,Guardevoir,guardevoir,gardevoir,PokeBazi,pokebazi,Therapiepi,therapiepi,sheet_extracted,https://docs.google.com/spreadsheets/d/1nwiq_ggEj7QePeZGMR2xoi0bEHJr_ZGO24YCRdt93No/edit#gid=857670931
season_007,Regular Season,,Krarmor,krarmor,corviknight,PokeBazi,pokebazi,Therapiepi,therapiepi,sheet_extracted,https://docs.google.com/spreadsheets/d/1nwiq_ggEj7QePeZGMR2xoi0bEHJr_ZGO24YCRdt93No/edit#gid=857670931
season_007,Regular Season,,Lucario,lucario,lucario,PokeBazi,pokebazi,Therapiepi,therapiepi,sheet_extracted,https://docs.google.com/spreadsheets/d/1nwiq_ggEj7QePeZGMR2xoi0bEHJr_ZGO24YCRdt93No/edit#gid=857670931
season_007,Regular Season,,Mottineva,mottineva,frosmoth,PokeBazi,pokebazi,Therapiepi,therapiepi,sheet_extracted,https://docs.google.com/spreadsheets/d/1nwiq_ggEj7QePeZGMR2xoi0bEHJr_ZGO24YCRdt93No/edit#gid=857670931
season_007,Regular Season,,Sedimantur,sedimantur,boldore,PokeBazi,pokebazi,Therapiepi,therapiepi,sheet_extracted,https://docs.google.com/spreadsheets/d/1nwiq_ggEj7QePeZGMR2xoi0bEHJr_ZGO24YCRdt93No/edit#gid=857670931
season_007,Regular Season,,Skuntank,skuntank,skuntank,PokeBazi,pokebazi,Therapiepi,therapiepi,sheet_extracted,https://docs.google.com/spreadsheets/d/1nwiq_ggEj7QePeZGMR2xoi0bEHJr_ZGO24YCRdt93No/edit#gid=857670931
season_007,Regular Season,,Arkani,arkani,arcanine,PresentLP,present,PrekaKnight,prekaknight,sheet_extracted,https://docs.google.com/spreadsheets/d/1nwiq_ggEj7QePeZGMR2xoi0bEHJr_ZGO24YCRdt93No/edit#gid=857670931
season_007,Regular Season,,Celebi,celebi,celebi,PresentLP,present,PrekaKnight,prekaknight,sheet_extracted,https://docs.google.com/spreadsheets/d/1nwiq_ggEj7QePeZGMR2xoi0bEHJr_ZGO24YCRdt93No/edit#gid=857670931
season_007,Regular Season,,Gorgasonn,gorgasonn,cursola,PresentLP,present,PrekaKnight,prekaknight,sheet_extracted,https://docs.google.com/spreadsheets/d/1nwiq_ggEj7QePeZGMR2xoi0bEHJr_ZGO24YCRdt93No/edit#gid=857670931
season_007,Regular Season,,Lauchzelot,lauchzelot,sirfetchd,PresentLP,present,PrekaKnight,prekaknight,sheet_extracted,https://docs.google.com/spreadsheets/d/1nwiq_ggEj7QePeZGMR2xoi0bEHJr_ZGO24YCRdt93No/edit#gid=857670931
season_007,Regular Season,,Mauzinger,mauzinger,perrserker,PresentLP,present,PrekaKnight,prekaknight,sheet_extracted,https://docs.google.com/spreadsheets/d/1nwiq_ggEj7QePeZGMR2xoi0bEHJr_ZGO24YCRdt93No/edit#gid=857670931
season_007,Regular Season,,Noctuh,noctuh,noctowl,PresentLP,present,PrekaKnight,prekaknight,sheet_extracted,https://docs.google.com/spreadsheets/d/1nwiq_ggEj7QePeZGMR2xoi0bEHJr_ZGO24YCRdt93No/edit#gid=857670931
season_007,Regular Season,,Pixi,pixi,clefable,PresentLP,present,PrekaKnight,prekaknight,sheet_extracted,https://docs.google.com/spreadsheets/d/1nwiq_ggEj7QePeZGMR2xoi0bEHJr_ZGO24YCRdt93No/edit#gid=857670931
season_007,Regular Season,,Rizeros,rizeros,rhydon,PresentLP,present,PrekaKnight,prekaknight,sheet_extracted,https://docs.google.com/spreadsheets/d/1nwiq_ggEj7QePeZGMR2xoi0bEHJr_ZGO24YCRdt93No/edit#gid=857670931
season_007,Regular Season,,Rotom-W,rotomw,rotomwash,PresentLP,present,PrekaKnight,prekaknight,sheet_extracted,https://docs.google.com/spreadsheets/d/1nwiq_ggEj7QePeZGMR2xoi0bEHJr_ZGO24YCRdt93No/edit#gid=857670931
season_007,Regular Season,,Sen-Long,senlong,drampa,PresentLP,present,PrekaKnight,prekaknight,sheet_extracted,https://docs.google.com/spreadsheets/d/1nwiq_ggEj7QePeZGMR2xoi0bEHJr_ZGO24YCRdt93No/edit#gid=857670931
season_007,Regular Season,,Sniebel,sniebel,sneasel,PresentLP,present,PrekaKnight,prekaknight,sheet_extracted,https://docs.google.com/spreadsheets/d/1nwiq_ggEj7QePeZGMR2xoi0bEHJr_ZGO24YCRdt93No/edit#gid=857670931
season_007,Regular Season,,Brockoloss,brockoloss,gigalith,Raizor,raizor,Soulstealer,soulstealer,sheet_extracted,https://docs.google.com/spreadsheets/d/1nwiq_ggEj7QePeZGMR2xoi0bEHJr_ZGO24YCRdt93No/edit#gid=857670931
season_007,Regular Season,,Giflor,giflor,vileplume,Raizor,raizor,Soulstealer,soulstealer,sheet_extracted,https://docs.google.com/spreadsheets/d/1nwiq_ggEj7QePeZGMR2xoi0bEHJr_ZGO24YCRdt93No/edit#gid=857670931
season_007,Regular Season,,Kleoparda,kleoparda,liepard,Raizor,raizor,Soulstealer,soulstealer,sheet_extracted,https://docs.google.com/spreadsheets/d/1nwiq_ggEj7QePeZGMR2xoi0bEHJr_ZGO24YCRdt93No/edit#gid=857670931
season_007,Regular Season,,Lanturn,lanturn,lanturn,Raizor,raizor,Soulstealer,soulstealer,sheet_extracted,https://docs.google.com/spreadsheets/d/1nwiq_ggEj7QePeZGMR2xoi0bEHJr_ZGO24YCRdt93No/edit#gid=857670931
season_007,Regular Season,,Machomei,machomei,machamp,Raizor,raizor,Soulstealer,soulstealer,sheet_extracted,https://docs.google.com/spreadsheets/d/1nwiq_ggEj7QePeZGMR2xoi0bEHJr_ZGO24YCRdt93No/edit#gid=857670931
season_007,Regular Season,,Maxax,maxax,haxorus,Raizor,raizor,Soulstealer,soulstealer,sheet_extracted,https://docs.google.com/spreadsheets/d/1nwiq_ggEj7QePeZGMR2xoi0bEHJr_ZGO24YCRdt93No/edit#gid=857670931
season_007,Regular Season,,Ninjask,ninjask,ninjask,Raizor,raizor,Soulstealer,soulstealer,sheet_extracted,https://docs.google.com/spreadsheets/d/1nwiq_ggEj7QePeZGMR2xoi0bEHJr_ZGO24YCRdt93No/edit#gid=857670931
season_007,Regular Season,,Oghnatoll,oghnatoll,runerigus,Raizor,raizor,Soulstealer,soulstealer,sheet_extracted,https://docs.google.com/spreadsheets/d/1nwiq_ggEj7QePeZGMR2xoi0bEHJr_ZGO24YCRdt93No/edit#gid=857670931
season_007,Regular Season,,Parfinesse,parfinesse,aromatisse,Raizor,raizor,Soulstealer,soulstealer,sheet_extracted,https://docs.google.com/spreadsheets/d/1nwiq_ggEj7QePeZGMR2xoi0bEHJr_ZGO24YCRdt93No/edit#gid=857670931
season_007,Regular Season,,Stalobor,stalobor,excadrill,Raizor,raizor,Soulstealer,soulstealer,sheet_extracted,https://docs.google.com/spreadsheets/d/1nwiq_ggEj7QePeZGMR2xoi0bEHJr_ZGO24YCRdt93No/edit#gid=857670931
season_007,Regular Season,,Symvolara,symvolara,sigilyph,Raizor,raizor,Soulstealer,soulstealer,sheet_extracted,https://docs.google.com/spreadsheets/d/1nwiq_ggEj7QePeZGMR2xoi0bEHJr_ZGO24YCRdt93No/edit#gid=857670931
season_007,Regular Season,,Arktilas,arktilas,avalugg,RegiBang,regibang,Launching Dragapults,launchingdragapults,sheet_extracted,https://docs.google.com/spreadsheets/d/1nwiq_ggEj7QePeZGMR2xoi0bEHJr_ZGO24YCRdt93No/edit#gid=857670931
season_007,Regular Season,,Deponitox,deponitox,garbodor,RegiBang,regibang,Launching Dragapults,launchingdragapults,sheet_extracted,https://docs.google.com/spreadsheets/d/1nwiq_ggEj7QePeZGMR2xoi0bEHJr_ZGO24YCRdt93No/edit#gid=857670931
season_007,Regular Season,,Fuegro,fuegro,incineroar,RegiBang,regibang,Launching Dragapults,launchingdragapults,sheet_extracted,https://docs.google.com/spreadsheets/d/1nwiq_ggEj7QePeZGMR2xoi0bEHJr_ZGO24YCRdt93No/edit#gid=857670931
season_007,Regular Season,,Galagladi,galagladi,gallade,RegiBang,regibang,Launching Dragapults,launchingdragapults,sheet_extracted,https://docs.google.com/spreadsheets/d/1nwiq_ggEj7QePeZGMR2xoi0bEHJr_ZGO24YCRdt93No/edit#gid=857670931
season_007,Regular Season,,Grebbit,grebbit,diggersby,RegiBang,regibang,Launching Dragapults,launchingdragapults,sheet_extracted,https://docs.google.com/spreadsheets/d/1nwiq_ggEj7QePeZGMR2xoi0bEHJr_ZGO24YCRdt93No/edit#gid=857670931
season_007,Regular Season,,Katapuldra,katapuldra,dragapult,RegiBang,regibang,Launching Dragapults,launchingdragapults,sheet_extracted,https://docs.google.com/spreadsheets/d/1nwiq_ggEj7QePeZGMR2xoi0bEHJr_ZGO24YCRdt93No/edit#gid=857670931
season_007,Regular Season,,Psiaugon-Männlich,psiaugonmannlich,meowstic,RegiBang,regibang,Launching Dragapults,launchingdragapults,sheet_extracted,https://docs.google.com/spreadsheets/d/1nwiq_ggEj7QePeZGMR2xoi0bEHJr_ZGO24YCRdt93No/edit#gid=857670931
season_007,Regular Season,,Raichu,raichu,raichu,RegiBang,regibang,Launching Dragapults,launchingdragapults,sheet_extracted,https://docs.google.com/spreadsheets/d/1nwiq_ggEj7QePeZGMR2xoi0bEHJr_ZGO24YCRdt93No/edit#gid=857670931
season_007,Regular Season,,Tentantel,tentantel,ferrothorn,RegiBang,regibang,Launching Dragapults,launchingdragapults,sheet_extracted,https://docs.google.com/spreadsheets/d/1nwiq_ggEj7QePeZGMR2xoi0bEHJr_ZGO24YCRdt93No/edit#gid=857670931
season_007,Regular Season,,Togetic,togetic,togetic,RegiBang,regibang,Launching Dragapults,launchingdragapults,sheet_extracted,https://docs.google.com/spreadsheets/d/1nwiq_ggEj7QePeZGMR2xoi0bEHJr_ZGO24YCRdt93No/edit#gid=857670931
season_007,Regular Season,,Turtok,turtok,blastoise,RegiBang,regibang,Launching Dragapults,launchingdragapults,sheet_extracted,https://docs.google.com/spreadsheets/d/1nwiq_ggEj7QePeZGMR2xoi0bEHJr_ZGO24YCRdt93No/edit#gid=857670931
season_007,Regular Season,,Bronzong,bronzong,bronzong,Tabasco TV,tabascotv,Aggron Berlin,aggronberlin,sheet_extracted,https://docs.google.com/spreadsheets/d/1nwiq_ggEj7QePeZGMR2xoi0bEHJr_ZGO24YCRdt93No/edit#gid=857670931
season_007,Regular Season,,Flamara,flamara,flareon,Tabasco TV,tabascotv,Aggron Berlin,aggronberlin,sheet_extracted,https://docs.google.com/spreadsheets/d/1nwiq_ggEj7QePeZGMR2xoi0bEHJr_ZGO24YCRdt93No/edit#gid=857670931
season_007,Regular Season,,Gengar,gengar,gengar,Tabasco TV,tabascotv,Aggron Berlin,aggronberlin,sheet_extracted,https://docs.google.com/spreadsheets/d/1nwiq_ggEj7QePeZGMR2xoi0bEHJr_ZGO24YCRdt93No/edit#gid=857670931
season_007,Regular Season,,Giga-Machomei,gigamachomei,machampgmax,Tabasco TV,tabascotv,Aggron Berlin,aggronberlin,sheet_extracted,https://docs.google.com/spreadsheets/d/1nwiq_ggEj7QePeZGMR2xoi0bEHJr_ZGO24YCRdt93No/edit#gid=857670931
season_007,Regular Season,,Intelleon,intelleon,inteleon,Tabasco TV,tabascotv,Aggron Berlin,aggronberlin,sheet_extracted,https://docs.google.com/spreadsheets/d/1nwiq_ggEj7QePeZGMR2xoi0bEHJr_ZGO24YCRdt93No/edit#gid=857670931
season_007,Regular Season,,Pumpdjinn-Größe XL,pumpdjinngrossexl,gourgeistsuper,Tabasco TV,tabascotv,Aggron Berlin,aggronberlin,sheet_extracted,https://docs.google.com/spreadsheets/d/1nwiq_ggEj7QePeZGMR2xoi0bEHJr_ZGO24YCRdt93No/edit#gid=857670931
season_007,Regular Season,,Rihornior,rihornior,rhyperior,Tabasco TV,tabascotv,Aggron Berlin,aggronberlin,sheet_extracted,https://docs.google.com/spreadsheets/d/1nwiq_ggEj7QePeZGMR2xoi0bEHJr_ZGO24YCRdt93No/edit#gid=857670931
season_007,Regular Season,,Smettbo,smettbo,butterfree,Tabasco TV,tabascotv,Aggron Berlin,aggronberlin,sheet_extracted,https://docs.google.com/spreadsheets/d/1nwiq_ggEj7QePeZGMR2xoi0bEHJr_ZGO24YCRdt93No/edit#gid=857670931
season_007,Regular Season,,Somnivora,somnivora,musharna,Tabasco TV,tabascotv,Aggron Berlin,aggronberlin,sheet_extracted,https://docs.google.com/spreadsheets/d/1nwiq_ggEj7QePeZGMR2xoi0bEHJr_ZGO24YCRdt93No/edit#gid=857670931
season_007,Regular Season,,Trikephalo,trikephalo,hydreigon,Tabasco TV,tabascotv,Aggron Berlin,aggronberlin,sheet_extracted,https://docs.google.com/spreadsheets/d/1nwiq_ggEj7QePeZGMR2xoi0bEHJr_ZGO24YCRdt93No/edit#gid=857670931
season_007,Regular Season,,Washakwil,washakwil,braviary,Tabasco TV,tabascotv,Aggron Berlin,aggronberlin,sheet_extracted,https://docs.google.com/spreadsheets/d/1nwiq_ggEj7QePeZGMR2xoi0bEHJr_ZGO24YCRdt93No/edit#gid=857670931
season_008,Liga 2,hinrunde,Amigento-Typ:Boden,amigentotypboden,silvallyground,Barry D. Sin of Speed,barrydsinofspeed,Holy Fairies,holyfairies,sheet_extracted,https://docs.google.com/spreadsheets/d/1B2uTMvWlAHb7WlpupJV1A2Hbi3K3U1vCyoFV0wCapcw/edit#gid=1846395979;https://docs.google.com/spreadsheets/d/1B2uTMvWlAHb7WlpupJV1A2Hbi3K3U1vCyoFV0wCapcw/edit#gid=419572953;https://docs.google.com/spreadsheets/d/1B2uTMvWlAHb7WlpupJV1A2Hbi3K3U1vCyoFV0wCapcw/edit#gid=1271313224
season_008,Liga 2,hinrunde,Arkani,arkani,arcanine,Barry D. Sin of Speed,barrydsinofspeed,Holy Fairies,holyfairies,sheet_extracted,https://docs.google.com/spreadsheets/d/1B2uTMvWlAHb7WlpupJV1A2Hbi3K3U1vCyoFV0wCapcw/edit#gid=1846395979;https://docs.google.com/spreadsheets/d/1B2uTMvWlAHb7WlpupJV1A2Hbi3K3U1vCyoFV0wCapcw/edit#gid=419572953;https://docs.google.com/spreadsheets/d/1B2uTMvWlAHb7WlpupJV1A2Hbi3K3U1vCyoFV0wCapcw/edit#gid=1271313224
season_008,Liga 2,rueckrunde,Arkani,arkani,arcanine,Barry D. Sin of Speed,barrydsinofspeed,Holy Fairies,holyfairies,sheet_extracted,https://docs.google.com/spreadsheets/d/1B2uTMvWlAHb7WlpupJV1A2Hbi3K3U1vCyoFV0wCapcw/edit#gid=1271313224
season_008,Liga 2,rueckrunde,Galar Smogmog,galarsmogmog,weezinggalar,Barry D. Sin of Speed,barrydsinofspeed,Holy Fairies,holyfairies,sheet_extracted,https://docs.google.com/spreadsheets/d/1B2uTMvWlAHb7WlpupJV1A2Hbi3K3U1vCyoFV0wCapcw/edit#gid=1846395979;https://docs.google.com/spreadsheets/d/1B2uTMvWlAHb7WlpupJV1A2Hbi3K3U1vCyoFV0wCapcw/edit#gid=419572953;https://docs.google.com/spreadsheets/d/1B2uTMvWlAHb7WlpupJV1A2Hbi3K3U1vCyoFV0wCapcw/edit#gid=1271313224
season_008,Liga 2,hinrunde,Galar Zapdos,galarzapdos,zapdosgalar,Barry D. Sin of Speed,barrydsinofspeed,Holy Fairies,holyfairies,sheet_extracted,https://docs.google.com/spreadsheets/d/1B2uTMvWlAHb7WlpupJV1A2Hbi3K3U1vCyoFV0wCapcw/edit#gid=1846395979;https://docs.google.com/spreadsheets/d/1B2uTMvWlAHb7WlpupJV1A2Hbi3K3U1vCyoFV0wCapcw/edit#gid=419572953;https://docs.google.com/spreadsheets/d/1B2uTMvWlAHb7WlpupJV1A2Hbi3K3U1vCyoFV0wCapcw/edit#gid=1271313224
season_008,Liga 2,rueckrunde,Galar Zapdos,galarzapdos,zapdosgalar,Barry D. Sin of Speed,barrydsinofspeed,Holy Fairies,holyfairies,sheet_extracted,https://docs.google.com/spreadsheets/d/1B2uTMvWlAHb7WlpupJV1A2Hbi3K3U1vCyoFV0wCapcw/edit#gid=1271313224
season_008,Liga 2,hinrunde,Guardevoir,guardevoir,gardevoir,Barry D. Sin of Speed,barrydsinofspeed,Holy Fairies,holyfairies,sheet_extracted,https://docs.google.com/spreadsheets/d/1B2uTMvWlAHb7WlpupJV1A2Hbi3K3U1vCyoFV0wCapcw/edit#gid=1846395979;https://docs.google.com/spreadsheets/d/1B2uTMvWlAHb7WlpupJV1A2Hbi3K3U1vCyoFV0wCapcw/edit#gid=419572953;https://docs.google.com/spreadsheets/d/1B2uTMvWlAHb7WlpupJV1A2Hbi3K3U1vCyoFV0wCapcw/edit#gid=1271313224
season_008,Liga 2,rueckrunde,Guardevoir,guardevoir,gardevoir,Barry D. Sin of Speed,barrydsinofspeed,Holy Fairies,holyfairies,sheet_extracted,https://docs.google.com/spreadsheets/d/1B2uTMvWlAHb7WlpupJV1A2Hbi3K3U1vCyoFV0wCapcw/edit#gid=1271313224
season_008,Liga 2,rueckrunde,Hydragil,hydragil,accelgor,Barry D. Sin of Speed,barrydsinofspeed,Holy Fairies,holyfairies,sheet_extracted,https://docs.google.com/spreadsheets/d/1B2uTMvWlAHb7WlpupJV1A2Hbi3K3U1vCyoFV0wCapcw/edit#gid=1846395979;https://docs.google.com/spreadsheets/d/1B2uTMvWlAHb7WlpupJV1A2Hbi3K3U1vCyoFV0wCapcw/edit#gid=419572953;https://docs.google.com/spreadsheets/d/1B2uTMvWlAHb7WlpupJV1A2Hbi3K3U1vCyoFV0wCapcw/edit#gid=1271313224
season_008,Liga 2,hinrunde,Katapuldra,katapuldra,dragapult,Barry D. Sin of Speed,barrydsinofspeed,Holy Fairies,holyfairies,sheet_extracted,https://docs.google.com/spreadsheets/d/1B2uTMvWlAHb7WlpupJV1A2Hbi3K3U1vCyoFV0wCapcw/edit#gid=1846395979;https://docs.google.com/spreadsheets/d/1B2uTMvWlAHb7WlpupJV1A2Hbi3K3U1vCyoFV0wCapcw/edit#gid=419572953;https://docs.google.com/spreadsheets/d/1B2uTMvWlAHb7WlpupJV1A2Hbi3K3U1vCyoFV0wCapcw/edit#gid=1271313224
season_008,Liga 2,rueckrunde,Katapuldra,katapuldra,dragapult,Barry D. Sin of Speed,barrydsinofspeed,Holy Fairies,holyfairies,sheet_extracted,https://docs.google.com/spreadsheets/d/1B2uTMvWlAHb7WlpupJV1A2Hbi3K3U1vCyoFV0wCapcw/edit#gid=1271313224
season_008,Liga 2,hinrunde,Keifel,keifel,piloswine,Barry D. Sin of Speed,barrydsinofspeed,Holy Fairies,holyfairies,sheet_extracted,https://docs.google.com/spreadsheets/d/1B2uTMvWlAHb7WlpupJV1A2Hbi3K3U1vCyoFV0wCapcw/edit#gid=1846395979;https://docs.google.com/spreadsheets/d/1B2uTMvWlAHb7WlpupJV1A2Hbi3K3U1vCyoFV0wCapcw/edit#gid=419572953;https://docs.google.com/spreadsheets/d/1B2uTMvWlAHb7WlpupJV1A2Hbi3K3U1vCyoFV0wCapcw/edit#gid=1271313224
season_008,Liga 2,rueckrunde,Keifel,keifel,piloswine,Barry D. Sin of Speed,barrydsinofspeed,Holy Fairies,holyfairies,sheet_extracted,https://docs.google.com/spreadsheets/d/1B2uTMvWlAHb7WlpupJV1A2Hbi3K3U1vCyoFV0wCapcw/edit#gid=1271313224
season_008,Liga 2,hinrunde,Lahmus,lahmus,slowbro,Barry D. Sin of Speed,barrydsinofspeed,Holy Fairies,holyfairies,sheet_extracted,https://docs.google.com/spreadsheets/d/1B2uTMvWlAHb7WlpupJV1A2Hbi3K3U1vCyoFV0wCapcw/edit#gid=1846395979;https://docs.google.com/spreadsheets/d/1B2uTMvWlAHb7WlpupJV1A2Hbi3K3U1vCyoFV0wCapcw/edit#gid=419572953;https://docs.google.com/spreadsheets/d/1B2uTMvWlAHb7WlpupJV1A2Hbi3K3U1vCyoFV0wCapcw/edit#gid=1271313224
season_008,Liga 2,hinrunde,Ohrdoch,ohrdoch,audino,Barry D. Sin of Speed,barrydsinofspeed,Holy Fairies,holyfairies,sheet_extracted,https://docs.google.com/spreadsheets/d/1B2uTMvWlAHb7WlpupJV1A2Hbi3K3U1vCyoFV0wCapcw/edit#gid=1846395979;https://docs.google.com/spreadsheets/d/1B2uTMvWlAHb7WlpupJV1A2Hbi3K3U1vCyoFV0wCapcw/edit#gid=419572953;https://docs.google.com/spreadsheets/d/1B2uTMvWlAHb7WlpupJV1A2Hbi3K3U1vCyoFV0wCapcw/edit#gid=1271313224
season_008,Liga 2,rueckrunde,Ohrdoch,ohrdoch,audino,Barry D. Sin of Speed,barrydsinofspeed,Holy Fairies,holyfairies,sheet_extracted,https://docs.google.com/spreadsheets/d/1B2uTMvWlAHb7WlpupJV1A2Hbi3K3U1vCyoFV0wCapcw/edit#gid=1271313224
season_008,Liga 2,hinrunde,Panzaeron,panzaeron,skarmory,Barry D. Sin of Speed,barrydsinofspeed,Holy Fairies,holyfairies,sheet_extracted,https://docs.google.com/spreadsheets/d/1B2uTMvWlAHb7WlpupJV1A2Hbi3K3U1vCyoFV0wCapcw/edit#gid=1846395979;https://docs.google.com/spreadsheets/d/1B2uTMvWlAHb7WlpupJV1A2Hbi3K3U1vCyoFV0wCapcw/edit#gid=419572953;https://docs.google.com/spreadsheets/d/1B2uTMvWlAHb7WlpupJV1A2Hbi3K3U1vCyoFV0wCapcw/edit#gid=1271313224
season_008,Liga 2,rueckrunde,Scherox,scherox,scizor,Barry D. Sin of Speed,barrydsinofspeed,Holy Fairies,holyfairies,sheet_extracted,https://docs.google.com/spreadsheets/d/1B2uTMvWlAHb7WlpupJV1A2Hbi3K3U1vCyoFV0wCapcw/edit#gid=1846395979;https://docs.google.com/spreadsheets/d/1B2uTMvWlAHb7WlpupJV1A2Hbi3K3U1vCyoFV0wCapcw/edit#gid=419572953;https://docs.google.com/spreadsheets/d/1B2uTMvWlAHb7WlpupJV1A2Hbi3K3U1vCyoFV0wCapcw/edit#gid=1271313224
season_008,Liga 2,hinrunde,Sniebel,sniebel,sneasel,Barry D. Sin of Speed,barrydsinofspeed,Holy Fairies,holyfairies,sheet_extracted,https://docs.google.com/spreadsheets/d/1B2uTMvWlAHb7WlpupJV1A2Hbi3K3U1vCyoFV0wCapcw/edit#gid=1846395979;https://docs.google.com/spreadsheets/d/1B2uTMvWlAHb7WlpupJV1A2Hbi3K3U1vCyoFV0wCapcw/edit#gid=419572953;https://docs.google.com/spreadsheets/d/1B2uTMvWlAHb7WlpupJV1A2Hbi3K3U1vCyoFV0wCapcw/edit#gid=1271313224
season_008,Liga 2,rueckrunde,Sniebel,sniebel,sneasel,Barry D. Sin of Speed,barrydsinofspeed,Holy Fairies,holyfairies,sheet_extracted,https://docs.google.com/spreadsheets/d/1B2uTMvWlAHb7WlpupJV1A2Hbi3K3U1vCyoFV0wCapcw/edit#gid=1271313224
season_008,Liga 2,rueckrunde,Tangoloss,tangoloss,tangrowth,Barry D. Sin of Speed,barrydsinofspeed,Holy Fairies,holyfairies,sheet_extracted,https://docs.google.com/spreadsheets/d/1B2uTMvWlAHb7WlpupJV1A2Hbi3K3U1vCyoFV0wCapcw/edit#gid=1846395979;https://docs.google.com/spreadsheets/d/1B2uTMvWlAHb7WlpupJV1A2Hbi3K3U1vCyoFV0wCapcw/edit#gid=419572953;https://docs.google.com/spreadsheets/d/1B2uTMvWlAHb7WlpupJV1A2Hbi3K3U1vCyoFV0wCapcw/edit#gid=1271313224
season_008,Liga 2,hinrunde,Viscogon,viscogon,goodra,Barry D. Sin of Speed,barrydsinofspeed,Holy Fairies,holyfairies,sheet_extracted,https://docs.google.com/spreadsheets/d/1B2uTMvWlAHb7WlpupJV1A2Hbi3K3U1vCyoFV0wCapcw/edit#gid=1846395979;https://docs.google.com/spreadsheets/d/1B2uTMvWlAHb7WlpupJV1A2Hbi3K3U1vCyoFV0wCapcw/edit#gid=419572953;https://docs.google.com/spreadsheets/d/1B2uTMvWlAHb7WlpupJV1A2Hbi3K3U1vCyoFV0wCapcw/edit#gid=1271313224
season_008,Liga 1,hinrunde,Aerodactyl,aerodactyl,aerodactyl,BelmontGabriel,belmontgabriel,Igalima Impoleon,igalimaimpoleon,sheet_extracted,https://docs.google.com/spreadsheets/d/1B2uTMvWlAHb7WlpupJV1A2Hbi3K3U1vCyoFV0wCapcw/edit#gid=26363830;https://docs.google.com/spreadsheets/d/1B2uTMvWlAHb7WlpupJV1A2Hbi3K3U1vCyoFV0wCapcw/edit#gid=1953934700;https://docs.google.com/spreadsheets/d/1B2uTMvWlAHb7WlpupJV1A2Hbi3K3U1vCyoFV0wCapcw/edit#gid=1521895812
season_008,Liga 1,rueckrunde,Aerodactyl,aerodactyl,aerodactyl,BelmontGabriel,belmontgabriel,Igalima Impoleon,igalimaimpoleon,sheet_extracted,https://docs.google.com/spreadsheets/d/1B2uTMvWlAHb7WlpupJV1A2Hbi3K3U1vCyoFV0wCapcw/edit#gid=1521895812
season_008,Liga 1,rueckrunde,Alola Snobilikat,alolasnobilikat,persianalola,BelmontGabriel,belmontgabriel,Igalima Impoleon,igalimaimpoleon,sheet_extracted,https://docs.google.com/spreadsheets/d/1B2uTMvWlAHb7WlpupJV1A2Hbi3K3U1vCyoFV0wCapcw/edit#gid=26363830;https://docs.google.com/spreadsheets/d/1B2uTMvWlAHb7WlpupJV1A2Hbi3K3U1vCyoFV0wCapcw/edit#gid=1953934700;https://docs.google.com/spreadsheets/d/1B2uTMvWlAHb7WlpupJV1A2Hbi3K3U1vCyoFV0wCapcw/edit#gid=1521895812
season_008,Liga 1,hinrunde,Amigento-Typ:Drache,amigentotypdrache,silvallydragon,BelmontGabriel,belmontgabriel,Igalima Impoleon,igalimaimpoleon,sheet_extracted,https://docs.google.com/spreadsheets/d/1B2uTMvWlAHb7WlpupJV1A2Hbi3K3U1vCyoFV0wCapcw/edit#gid=26363830;https://docs.google.com/spreadsheets/d/1B2uTMvWlAHb7WlpupJV1A2Hbi3K3U1vCyoFV0wCapcw/edit#gid=1953934700;https://docs.google.com/spreadsheets/d/1B2uTMvWlAHb7WlpupJV1A2Hbi3K3U1vCyoFV0wCapcw/edit#gid=1521895812
season_008,Liga 1,rueckrunde,Aranestro,aranestro,araquanid,BelmontGabriel,belmontgabriel,Igalima Impoleon,igalimaimpoleon,sheet_extracted,https://docs.google.com/spreadsheets/d/1B2uTMvWlAHb7WlpupJV1A2Hbi3K3U1vCyoFV0wCapcw/edit#gid=26363830;https://docs.google.com/spreadsheets/d/1B2uTMvWlAHb7WlpupJV1A2Hbi3K3U1vCyoFV0wCapcw/edit#gid=1953934700;https://docs.google.com/spreadsheets/d/1B2uTMvWlAHb7WlpupJV1A2Hbi3K3U1vCyoFV0wCapcw/edit#gid=1521895812
season_008,Liga 1,hinrunde,Chaneira,chaneira,chansey,BelmontGabriel,belmontgabriel,Igalima Impoleon,igalimaimpoleon,sheet_extracted,https://docs.google.com/spreadsheets/d/1B2uTMvWlAHb7WlpupJV1A2Hbi3K3U1vCyoFV0wCapcw/edit#gid=26363830;https://docs.google.com/spreadsheets/d/1B2uTMvWlAHb7WlpupJV1A2Hbi3K3U1vCyoFV0wCapcw/edit#gid=1953934700;https://docs.google.com/spreadsheets/d/1B2uTMvWlAHb7WlpupJV1A2Hbi3K3U1vCyoFV0wCapcw/edit#gid=1521895812
season_008,Liga 1,hinrunde,Durengard,durengard,aegislash,BelmontGabriel,belmontgabriel,Igalima Impoleon,igalimaimpoleon,sheet_extracted,https://docs.google.com/spreadsheets/d/1B2uTMvWlAHb7WlpupJV1A2Hbi3K3U1vCyoFV0wCapcw/edit#gid=26363830;https://docs.google.com/spreadsheets/d/1B2uTMvWlAHb7WlpupJV1A2Hbi3K3U1vCyoFV0wCapcw/edit#gid=1953934700;https://docs.google.com/spreadsheets/d/1B2uTMvWlAHb7WlpupJV1A2Hbi3K3U1vCyoFV0wCapcw/edit#gid=1521895812
season_008,Liga 1,rueckrunde,Durengard,durengard,aegislash,BelmontGabriel,belmontgabriel,Igalima Impoleon,igalimaimpoleon,sheet_extracted,https://docs.google.com/spreadsheets/d/1B2uTMvWlAHb7WlpupJV1A2Hbi3K3U1vCyoFV0wCapcw/edit#gid=1521895812
season_008,Liga 1,hinrunde,Guardevoir,guardevoir,gardevoir,BelmontGabriel,belmontgabriel,Igalima Impoleon,igalimaimpoleon,sheet_extracted,https://docs.google.com/spreadsheets/d/1B2uTMvWlAHb7WlpupJV1A2Hbi3K3U1vCyoFV0wCapcw/edit#gid=26363830;https://docs.google.com/spreadsheets/d/1B2uTMvWlAHb7WlpupJV1A2Hbi3K3U1vCyoFV0wCapcw/edit#gid=1953934700;https://docs.google.com/spreadsheets/d/1B2uTMvWlAHb7WlpupJV1A2Hbi3K3U1vCyoFV0wCapcw/edit#gid=1521895812
season_008,Liga 1,rueckrunde,Guardevoir,guardevoir,gardevoir,BelmontGabriel,belmontgabriel,Igalima Impoleon,igalimaimpoleon,sheet_extracted,https://docs.google.com/spreadsheets/d/1B2uTMvWlAHb7WlpupJV1A2Hbi3K3U1vCyoFV0wCapcw/edit#gid=1521895812
season_008,Liga 1,hinrunde,Lahmus,lahmus,slowbro,BelmontGabriel,belmontgabriel,Igalima Impoleon,igalimaimpoleon,sheet_extracted,https://docs.google.com/spreadsheets/d/1B2uTMvWlAHb7WlpupJV1A2Hbi3K3U1vCyoFV0wCapcw/edit#gid=26363830;https://docs.google.com/spreadsheets/d/1B2uTMvWlAHb7WlpupJV1A2Hbi3K3U1vCyoFV0wCapcw/edit#gid=1953934700;https://docs.google.com/spreadsheets/d/1B2uTMvWlAHb7WlpupJV1A2Hbi3K3U1vCyoFV0wCapcw/edit#gid=1521895812
season_008,Liga 1,rueckrunde,Lahmus,lahmus,slowbro,BelmontGabriel,belmontgabriel,Igalima Impoleon,igalimaimpoleon,sheet_extracted,https://docs.google.com/spreadsheets/d/1B2uTMvWlAHb7WlpupJV1A2Hbi3K3U1vCyoFV0wCapcw/edit#gid=1521895812
season_008,Liga 1,hinrunde,Nidoking,nidoking,nidoking,BelmontGabriel,belmontgabriel,Igalima Impoleon,igalimaimpoleon,sheet_extracted,https://docs.google.com/spreadsheets/d/1B2uTMvWlAHb7WlpupJV1A2Hbi3K3U1vCyoFV0wCapcw/edit#gid=26363830;https://docs.google.com/spreadsheets/d/1B2uTMvWlAHb7WlpupJV1A2Hbi3K3U1vCyoFV0wCapcw/edit#gid=1953934700;https://docs.google.com/spreadsheets/d/1B2uTMvWlAHb7WlpupJV1A2Hbi3K3U1vCyoFV0wCapcw/edit#gid=1521895812
season_008,Liga 1,rueckrunde,Nidoking,nidoking,nidoking,BelmontGabriel,belmontgabriel,Igalima Impoleon,igalimaimpoleon,sheet_extracted,https://docs.google.com/spreadsheets/d/1B2uTMvWlAHb7WlpupJV1A2Hbi3K3U1vCyoFV0wCapcw/edit#gid=1521895812
season_008,Liga 1,hinrunde,Quartermak,quartermak,passimian,BelmontGabriel,belmontgabriel,Igalima Impoleon,igalimaimpoleon,sheet_extracted,https://docs.google.com/spreadsheets/d/1B2uTMvWlAHb7WlpupJV1A2Hbi3K3U1vCyoFV0wCapcw/edit#gid=26363830;https://docs.google.com/spreadsheets/d/1B2uTMvWlAHb7WlpupJV1A2Hbi3K3U1vCyoFV0wCapcw/edit#gid=1953934700;https://docs.google.com/spreadsheets/d/1B2uTMvWlAHb7WlpupJV1A2Hbi3K3U1vCyoFV0wCapcw/edit#gid=1521895812
season_008,Liga 1,rueckrunde,Quartermak,quartermak,passimian,BelmontGabriel,belmontgabriel,Igalima Impoleon,igalimaimpoleon,sheet_extracted,https://docs.google.com/spreadsheets/d/1B2uTMvWlAHb7WlpupJV1A2Hbi3K3U1vCyoFV0wCapcw/edit#gid=1521895812
season_008,Liga 1,rueckrunde,Stahlos,stahlos,steelix,BelmontGabriel,belmontgabriel,Igalima Impoleon,igalimaimpoleon,sheet_extracted,https://docs.google.com/spreadsheets/d/1B2uTMvWlAHb7WlpupJV1A2Hbi3K3U1vCyoFV0wCapcw/edit#gid=26363830;https://docs.google.com/spreadsheets/d/1B2uTMvWlAHb7WlpupJV1A2Hbi3K3U1vCyoFV0wCapcw/edit#gid=1953934700;https://docs.google.com/spreadsheets/d/1B2uTMvWlAHb7WlpupJV1A2Hbi3K3U1vCyoFV0wCapcw/edit#gid=1521895812
season_008,Liga 1,hinrunde,Tangela,tangela,tangela,BelmontGabriel,belmontgabriel,Igalima Impoleon,igalimaimpoleon,sheet_extracted,https://docs.google.com/spreadsheets/d/1B2uTMvWlAHb7WlpupJV1A2Hbi3K3U1vCyoFV0wCapcw/edit#gid=26363830;https://docs.google.com/spreadsheets/d/1B2uTMvWlAHb7WlpupJV1A2Hbi3K3U1vCyoFV0wCapcw/edit#gid=1953934700;https://docs.google.com/spreadsheets/d/1B2uTMvWlAHb7WlpupJV1A2Hbi3K3U1vCyoFV0wCapcw/edit#gid=1521895812
season_008,Liga 1,rueckrunde,Viscogon,viscogon,goodra,BelmontGabriel,belmontgabriel,Igalima Impoleon,igalimaimpoleon,sheet_extracted,https://docs.google.com/spreadsheets/d/1B2uTMvWlAHb7WlpupJV1A2Hbi3K3U1vCyoFV0wCapcw/edit#gid=26363830;https://docs.google.com/spreadsheets/d/1B2uTMvWlAHb7WlpupJV1A2Hbi3K3U1vCyoFV0wCapcw/edit#gid=1953934700;https://docs.google.com/spreadsheets/d/1B2uTMvWlAHb7WlpupJV1A2Hbi3K3U1vCyoFV0wCapcw/edit#gid=1521895812
season_008,Liga 1,hinrunde,Zapdos,zapdos,zapdos,BelmontGabriel,belmontgabriel,Igalima Impoleon,igalimaimpoleon,sheet_extracted,https://docs.google.com/spreadsheets/d/1B2uTMvWlAHb7WlpupJV1A2Hbi3K3U1vCyoFV0wCapcw/edit#gid=26363830;https://docs.google.com/spreadsheets/d/1B2uTMvWlAHb7WlpupJV1A2Hbi3K3U1vCyoFV0wCapcw/edit#gid=1953934700;https://docs.google.com/spreadsheets/d/1B2uTMvWlAHb7WlpupJV1A2Hbi3K3U1vCyoFV0wCapcw/edit#gid=1521895812
season_008,Liga 1,rueckrunde,Zapdos,zapdos,zapdos,BelmontGabriel,belmontgabriel,Igalima Impoleon,igalimaimpoleon,sheet_extracted,https://docs.google.com/spreadsheets/d/1B2uTMvWlAHb7WlpupJV1A2Hbi3K3U1vCyoFV0wCapcw/edit#gid=1521895812
season_008,Liga 1,hinrunde,Zoroark,zoroark,zoroark,BelmontGabriel,belmontgabriel,Igalima Impoleon,igalimaimpoleon,sheet_extracted,https://docs.google.com/spreadsheets/d/1B2uTMvWlAHb7WlpupJV1A2Hbi3K3U1vCyoFV0wCapcw/edit#gid=26363830;https://docs.google.com/spreadsheets/d/1B2uTMvWlAHb7WlpupJV1A2Hbi3K3U1vCyoFV0wCapcw/edit#gid=1953934700;https://docs.google.com/spreadsheets/d/1B2uTMvWlAHb7WlpupJV1A2Hbi3K3U1vCyoFV0wCapcw/edit#gid=1521895812
season_008,Liga 1,hinrunde,Bronzong,bronzong,bronzong,Bene,bene,Victini Bottom,victinibottom,sheet_extracted,https://docs.google.com/spreadsheets/d/1B2uTMvWlAHb7WlpupJV1A2Hbi3K3U1vCyoFV0wCapcw/edit#gid=26363830;https://docs.google.com/spreadsheets/d/1B2uTMvWlAHb7WlpupJV1A2Hbi3K3U1vCyoFV0wCapcw/edit#gid=1953934700;https://docs.google.com/spreadsheets/d/1B2uTMvWlAHb7WlpupJV1A2Hbi3K3U1vCyoFV0wCapcw/edit#gid=1521895812
season_008,Liga 1,rueckrunde,Bronzong,bronzong,bronzong,Bene,bene,Victini Bottom,victinibottom,sheet_extracted,https://docs.google.com/spreadsheets/d/1B2uTMvWlAHb7WlpupJV1A2Hbi3K3U1vCyoFV0wCapcw/edit#gid=1521895812
season_008,Liga 1,hinrunde,Caesurio,caesurio,bisharp,Bene,bene,Victini Bottom,victinibottom,sheet_extracted,https://docs.google.com/spreadsheets/d/1B2uTMvWlAHb7WlpupJV1A2Hbi3K3U1vCyoFV0wCapcw/edit#gid=26363830;https://docs.google.com/spreadsheets/d/1B2uTMvWlAHb7WlpupJV1A2Hbi3K3U1vCyoFV0wCapcw/edit#gid=1953934700;https://docs.google.com/spreadsheets/d/1B2uTMvWlAHb7WlpupJV1A2Hbi3K3U1vCyoFV0wCapcw/edit#gid=1521895812
season_008,Liga 1,rueckrunde,Caesurio,caesurio,bisharp,Bene,bene,Victini Bottom,victinibottom,sheet_extracted,https://docs.google.com/spreadsheets/d/1B2uTMvWlAHb7WlpupJV1A2Hbi3K3U1vCyoFV0wCapcw/edit#gid=1521895812
season_008,Liga 1,hinrunde,Demeteros-T,demeterost,landorustherian,Bene,bene,Victini Bottom,victinibottom,sheet_extracted,https://docs.google.com/spreadsheets/d/1B2uTMvWlAHb7WlpupJV1A2Hbi3K3U1vCyoFV0wCapcw/edit#gid=26363830;https://docs.google.com/spreadsheets/d/1B2uTMvWlAHb7WlpupJV1A2Hbi3K3U1vCyoFV0wCapcw/edit#gid=1953934700;https://docs.google.com/spreadsheets/d/1B2uTMvWlAHb7WlpupJV1A2Hbi3K3U1vCyoFV0wCapcw/edit#gid=1521895812
season_008,Liga 1,rueckrunde,Demeteros-T,demeterost,landorustherian,Bene,bene,Victini Bottom,victinibottom,sheet_extracted,https://docs.google.com/spreadsheets/d/1B2uTMvWlAHb7WlpupJV1A2Hbi3K3U1vCyoFV0wCapcw/edit#gid=1521895812
season_008,Liga 1,hinrunde,Deponitox,deponitox,garbodor,Bene,bene,Victini Bottom,victinibottom,sheet_extracted,https://docs.google.com/spreadsheets/d/1B2uTMvWlAHb7WlpupJV1A2Hbi3K3U1vCyoFV0wCapcw/edit#gid=26363830;https://docs.google.com/spreadsheets/d/1B2uTMvWlAHb7WlpupJV1A2Hbi3K3U1vCyoFV0wCapcw/edit#gid=1953934700;https://docs.google.com/spreadsheets/d/1B2uTMvWlAHb7WlpupJV1A2Hbi3K3U1vCyoFV0wCapcw/edit#gid=1521895812
season_008,Liga 1,rueckrunde,Flunkifer,flunkifer,mawile,Bene,bene,Victini Bottom,victinibottom,sheet_extracted,https://docs.google.com/spreadsheets/d/1B2uTMvWlAHb7WlpupJV1A2Hbi3K3U1vCyoFV0wCapcw/edit#gid=26363830;https://docs.google.com/spreadsheets/d/1B2uTMvWlAHb7WlpupJV1A2Hbi3K3U1vCyoFV0wCapcw/edit#gid=1953934700;https://docs.google.com/spreadsheets/d/1B2uTMvWlAHb7WlpupJV1A2Hbi3K3U1vCyoFV0wCapcw/edit#gid=1521895812
season_008,Liga 1,hinrunde,Kapoera,kapoera,hitmontop,Bene,bene,Victini Bottom,victinibottom,sheet_extracted,https://docs.google.com/spreadsheets/d/1B2uTMvWlAHb7WlpupJV1A2Hbi3K3U1vCyoFV0wCapcw/edit#gid=26363830;https://docs.google.com/spreadsheets/d/1B2uTMvWlAHb7WlpupJV1A2Hbi3K3U1vCyoFV0wCapcw/edit#gid=1953934700;https://docs.google.com/spreadsheets/d/1B2uTMvWlAHb7WlpupJV1A2Hbi3K3U1vCyoFV0wCapcw/edit#gid=1521895812
season_008,Liga 1,hinrunde,Kopplosio,kopplosio,blacephalon,Bene,bene,Victini Bottom,victinibottom,sheet_extracted,https://docs.google.com/spreadsheets/d/1B2uTMvWlAHb7WlpupJV1A2Hbi3K3U1vCyoFV0wCapcw/edit#gid=26363830;https://docs.google.com/spreadsheets/d/1B2uTMvWlAHb7WlpupJV1A2Hbi3K3U1vCyoFV0wCapcw/edit#gid=1953934700;https://docs.google.com/spreadsheets/d/1B2uTMvWlAHb7WlpupJV1A2Hbi3K3U1vCyoFV0wCapcw/edit#gid=1521895812
season_008,Liga 1,rueckrunde,Kopplosio,kopplosio,blacephalon,Bene,bene,Victini Bottom,victinibottom,sheet_extracted,https://docs.google.com/spreadsheets/d/1B2uTMvWlAHb7WlpupJV1A2Hbi3K3U1vCyoFV0wCapcw/edit#gid=1521895812
season_008,Liga 1,hinrunde,Laschoking,laschoking,slowking,Bene,bene,Victini Bottom,victinibottom,sheet_extracted,https://docs.google.com/spreadsheets/d/1B2uTMvWlAHb7WlpupJV1A2Hbi3K3U1vCyoFV0wCapcw/edit#gid=26363830;https://docs.google.com/spreadsheets/d/1B2uTMvWlAHb7WlpupJV1A2Hbi3K3U1vCyoFV0wCapcw/edit#gid=1953934700;https://docs.google.com/spreadsheets/d/1B2uTMvWlAHb7WlpupJV1A2Hbi3K3U1vCyoFV0wCapcw/edit#gid=1521895812
season_008,Liga 1,rueckrunde,Laschoking,laschoking,slowking,Bene,bene,Victini Bottom,victinibottom,sheet_extracted,https://docs.google.com/spreadsheets/d/1B2uTMvWlAHb7WlpupJV1A2Hbi3K3U1vCyoFV0wCapcw/edit#gid=1521895812
season_008,Liga 1,rueckrunde,Piepi,piepi,clefairy,Bene,bene,Victini Bottom,victinibottom,sheet_extracted,https://docs.google.com/spreadsheets/d/1B2uTMvWlAHb7WlpupJV1A2Hbi3K3U1vCyoFV0wCapcw/edit#gid=26363830;https://docs.google.com/spreadsheets/d/1B2uTMvWlAHb7WlpupJV1A2Hbi3K3U1vCyoFV0wCapcw/edit#gid=1953934700;https://docs.google.com/spreadsheets/d/1B2uTMvWlAHb7WlpupJV1A2Hbi3K3U1vCyoFV0wCapcw/edit#gid=1521895812
season_008,Liga 1,hinrunde,Pixi,pixi,clefable,Bene,bene,Victini Bottom,victinibottom,sheet_extracted,https://docs.google.com/spreadsheets/d/1B2uTMvWlAHb7WlpupJV1A2Hbi3K3U1vCyoFV0wCapcw/edit#gid=26363830;https://docs.google.com/spreadsheets/d/1B2uTMvWlAHb7WlpupJV1A2Hbi3K3U1vCyoFV0wCapcw/edit#gid=1953934700;https://docs.google.com/spreadsheets/d/1B2uTMvWlAHb7WlpupJV1A2Hbi3K3U1vCyoFV0wCapcw/edit#gid=1521895812
season_008,Liga 1,rueckrunde,Roserade,roserade,roserade,Bene,bene,Victini Bottom,victinibottom,sheet_extracted,https://docs.google.com/spreadsheets/d/1B2uTMvWlAHb7WlpupJV1A2Hbi3K3U1vCyoFV0wCapcw/edit#gid=26363830;https://docs.google.com/spreadsheets/d/1B2uTMvWlAHb7WlpupJV1A2Hbi3K3U1vCyoFV0wCapcw/edit#gid=1953934700;https://docs.google.com/spreadsheets/d/1B2uTMvWlAHb7WlpupJV1A2Hbi3K3U1vCyoFV0wCapcw/edit#gid=1521895812
season_008,Liga 1,hinrunde,Rotom-Mow,rotommow,rotommow,Bene,bene,Victini Bottom,victinibottom,sheet_extracted,https://docs.google.com/spreadsheets/d/1B2uTMvWlAHb7WlpupJV1A2Hbi3K3U1vCyoFV0wCapcw/edit#gid=26363830;https://docs.google.com/spreadsheets/d/1B2uTMvWlAHb7WlpupJV1A2Hbi3K3U1vCyoFV0wCapcw/edit#gid=1953934700;https://docs.google.com/spreadsheets/d/1B2uTMvWlAHb7WlpupJV1A2Hbi3K3U1vCyoFV0wCapcw/edit#gid=1521895812
season_008,Liga 1,hinrunde,Tauros,tauros,tauros,Bene,bene,Victini Bottom,victinibottom,sheet_extracted,https://docs.google.com/spreadsheets/d/1B2uTMvWlAHb7WlpupJV1A2Hbi3K3U1vCyoFV0wCapcw/edit#gid=26363830;https://docs.google.com/spreadsheets/d/1B2uTMvWlAHb7WlpupJV1A2Hbi3K3U1vCyoFV0wCapcw/edit#gid=1953934700;https://docs.google.com/spreadsheets/d/1B2uTMvWlAHb7WlpupJV1A2Hbi3K3U1vCyoFV0wCapcw/edit#gid=1521895812
season_008,Liga 1,rueckrunde,Tauros,tauros,tauros,Bene,bene,Victini Bottom,victinibottom,sheet_extracted,https://docs.google.com/spreadsheets/d/1B2uTMvWlAHb7WlpupJV1A2Hbi3K3U1vCyoFV0wCapcw/edit#gid=1521895812
season_008,Liga 1,hinrunde,UHaFnir,uhafnir,noivern,Bene,bene,Victini Bottom,victinibottom,sheet_extracted,https://docs.google.com/spreadsheets/d/1B2uTMvWlAHb7WlpupJV1A2Hbi3K3U1vCyoFV0wCapcw/edit#gid=26363830;https://docs.google.com/spreadsheets/d/1B2uTMvWlAHb7WlpupJV1A2Hbi3K3U1vCyoFV0wCapcw/edit#gid=1953934700;https://docs.google.com/spreadsheets/d/1B2uTMvWlAHb7WlpupJV1A2Hbi3K3U1vCyoFV0wCapcw/edit#gid=1521895812
season_008,Liga 1,rueckrunde,UHaFnir,uhafnir,noivern,Bene,bene,Victini Bottom,victinibottom,sheet_extracted,https://docs.google.com/spreadsheets/d/1B2uTMvWlAHb7WlpupJV1A2Hbi3K3U1vCyoFV0wCapcw/edit#gid=1521895812
season_008,Liga 1,rueckrunde,Zeraora,zeraora,zeraora,Bene,bene,Victini Bottom,victinibottom,sheet_extracted,https://docs.google.com/spreadsheets/d/1B2uTMvWlAHb7WlpupJV1A2Hbi3K3U1vCyoFV0wCapcw/edit#gid=26363830;https://docs.google.com/spreadsheets/d/1B2uTMvWlAHb7WlpupJV1A2Hbi3K3U1vCyoFV0wCapcw/edit#gid=1953934700;https://docs.google.com/spreadsheets/d/1B2uTMvWlAHb7WlpupJV1A2Hbi3K3U1vCyoFV0wCapcw/edit#gid=1521895812
season_008,Liga 2,hinrunde,Aerodactyl,aerodactyl,aerodactyl,BlackLink,blacklink,Abyssal Nightmare,abyssalnightmare,sheet_extracted,https://docs.google.com/spreadsheets/d/1B2uTMvWlAHb7WlpupJV1A2Hbi3K3U1vCyoFV0wCapcw/edit#gid=1846395979;https://docs.google.com/spreadsheets/d/1B2uTMvWlAHb7WlpupJV1A2Hbi3K3U1vCyoFV0wCapcw/edit#gid=419572953;https://docs.google.com/spreadsheets/d/1B2uTMvWlAHb7WlpupJV1A2Hbi3K3U1vCyoFV0wCapcw/edit#gid=1271313224
season_008,Liga 2,rueckrunde,Aerodactyl,aerodactyl,aerodactyl,BlackLink,blacklink,Abyssal Nightmare,abyssalnightmare,sheet_extracted,https://docs.google.com/spreadsheets/d/1B2uTMvWlAHb7WlpupJV1A2Hbi3K3U1vCyoFV0wCapcw/edit#gid=1271313224
season_008,Liga 2,rueckrunde,Amigento-Typ:Fee,amigentotypfee,silvallyfairy,BlackLink,blacklink,Abyssal Nightmare,abyssalnightmare,sheet_extracted,https://docs.google.com/spreadsheets/d/1B2uTMvWlAHb7WlpupJV1A2Hbi3K3U1vCyoFV0wCapcw/edit#gid=1846395979;https://docs.google.com/spreadsheets/d/1B2uTMvWlAHb7WlpupJV1A2Hbi3K3U1vCyoFV0wCapcw/edit#gid=419572953;https://docs.google.com/spreadsheets/d/1B2uTMvWlAHb7WlpupJV1A2Hbi3K3U1vCyoFV0wCapcw/edit#gid=1271313224
season_008,Liga 2,hinrunde,Apoquallyp,apoquallyp,jellicent,BlackLink,blacklink,Abyssal Nightmare,abyssalnightmare,sheet_extracted,https://docs.google.com/spreadsheets/d/1B2uTMvWlAHb7WlpupJV1A2Hbi3K3U1vCyoFV0wCapcw/edit#gid=1846395979;https://docs.google.com/spreadsheets/d/1B2uTMvWlAHb7WlpupJV1A2Hbi3K3U1vCyoFV0wCapcw/edit#gid=419572953;https://docs.google.com/spreadsheets/d/1B2uTMvWlAHb7WlpupJV1A2Hbi3K3U1vCyoFV0wCapcw/edit#gid=1271313224
season_008,Liga 2,hinrunde,Arktilas,arktilas,avalugg,BlackLink,blacklink,Abyssal Nightmare,abyssalnightmare,sheet_extracted,https://docs.google.com/spreadsheets/d/1B2uTMvWlAHb7WlpupJV1A2Hbi3K3U1vCyoFV0wCapcw/edit#gid=1846395979;https://docs.google.com/spreadsheets/d/1B2uTMvWlAHb7WlpupJV1A2Hbi3K3U1vCyoFV0wCapcw/edit#gid=419572953;https://docs.google.com/spreadsheets/d/1B2uTMvWlAHb7WlpupJV1A2Hbi3K3U1vCyoFV0wCapcw/edit#gid=1271313224
season_008,Liga 2,rueckrunde,Arktilas,arktilas,avalugg,BlackLink,blacklink,Abyssal Nightmare,abyssalnightmare,sheet_extracted,https://docs.google.com/spreadsheets/d/1B2uTMvWlAHb7WlpupJV1A2Hbi3K3U1vCyoFV0wCapcw/edit#gid=1271313224
season_008,Liga 2,rueckrunde,Celebi,celebi,celebi,BlackLink,blacklink,Abyssal Nightmare,abyssalnightmare,sheet_extracted,https://docs.google.com/spreadsheets/d/1B2uTMvWlAHb7WlpupJV1A2Hbi3K3U1vCyoFV0wCapcw/edit#gid=1846395979;https://docs.google.com/spreadsheets/d/1B2uTMvWlAHb7WlpupJV1A2Hbi3K3U1vCyoFV0wCapcw/edit#gid=419572953;https://docs.google.com/spreadsheets/d/1B2uTMvWlAHb7WlpupJV1A2Hbi3K3U1vCyoFV0wCapcw/edit#gid=1271313224
season_008,Liga 2,hinrunde,Deponitox,deponitox,garbodor,BlackLink,blacklink,Abyssal Nightmare,abyssalnightmare,sheet_extracted,https://docs.google.com/spreadsheets/d/1B2uTMvWlAHb7WlpupJV1A2Hbi3K3U1vCyoFV0wCapcw/edit#gid=1846395979;https://docs.google.com/spreadsheets/d/1B2uTMvWlAHb7WlpupJV1A2Hbi3K3U1vCyoFV0wCapcw/edit#gid=419572953;https://docs.google.com/spreadsheets/d/1B2uTMvWlAHb7WlpupJV1A2Hbi3K3U1vCyoFV0wCapcw/edit#gid=1271313224
season_008,Liga 2,hinrunde,Feelinara,feelinara,sylveon,BlackLink,blacklink,Abyssal Nightmare,abyssalnightmare,sheet_extracted,https://docs.google.com/spreadsheets/d/1B2uTMvWlAHb7WlpupJV1A2Hbi3K3U1vCyoFV0wCapcw/edit#gid=1846395979;https://docs.google.com/spreadsheets/d/1B2uTMvWlAHb7WlpupJV1A2Hbi3K3U1vCyoFV0wCapcw/edit#gid=419572953;https://docs.google.com/spreadsheets/d/1B2uTMvWlAHb7WlpupJV1A2Hbi3K3U1vCyoFV0wCapcw/edit#gid=1271313224
season_008,Liga 2,hinrunde,Heatran,heatran,heatran,BlackLink,blacklink,Abyssal Nightmare,abyssalnightmare,sheet_extracted,https://docs.google.com/spreadsheets/d/1B2uTMvWlAHb7WlpupJV1A2Hbi3K3U1vCyoFV0wCapcw/edit#gid=1846395979;https://docs.google.com/spreadsheets/d/1B2uTMvWlAHb7WlpupJV1A2Hbi3K3U1vCyoFV0wCapcw/edit#gid=419572953;https://docs.google.com/spreadsheets/d/1B2uTMvWlAHb7WlpupJV1A2Hbi3K3U1vCyoFV0wCapcw/edit#gid=1271313224
season_008,Liga 2,rueckrunde,Heatran,heatran,heatran,BlackLink,blacklink,Abyssal Nightmare,abyssalnightmare,sheet_extracted,https://docs.google.com/spreadsheets/d/1B2uTMvWlAHb7WlpupJV1A2Hbi3K3U1vCyoFV0wCapcw/edit#gid=1271313224
season_008,Liga 2,rueckrunde,Lanturn,lanturn,lanturn,BlackLink,blacklink,Abyssal Nightmare,abyssalnightmare,sheet_extracted,https://docs.google.com/spreadsheets/d/1B2uTMvWlAHb7WlpupJV1A2Hbi3K3U1vCyoFV0wCapcw/edit#gid=1846395979;https://docs.google.com/spreadsheets/d/1B2uTMvWlAHb7WlpupJV1A2Hbi3K3U1vCyoFV0wCapcw/edit#gid=419572953;https://docs.google.com/spreadsheets/d/1B2uTMvWlAHb7WlpupJV1A2Hbi3K3U1vCyoFV0wCapcw/edit#gid=1271313224
season_008,Liga 2,hinrunde,Latias,latias,latias,BlackLink,blacklink,Abyssal Nightmare,abyssalnightmare,sheet_extracted,https://docs.google.com/spreadsheets/d/1B2uTMvWlAHb7WlpupJV1A2Hbi3K3U1vCyoFV0wCapcw/edit#gid=1846395979;https://docs.google.com/spreadsheets/d/1B2uTMvWlAHb7WlpupJV1A2Hbi3K3U1vCyoFV0wCapcw/edit#gid=419572953;https://docs.google.com/spreadsheets/d/1B2uTMvWlAHb7WlpupJV1A2Hbi3K3U1vCyoFV0wCapcw/edit#gid=1271313224
season_008,Liga 2,rueckrunde,Latias,latias,latias,BlackLink,blacklink,Abyssal Nightmare,abyssalnightmare,sheet_extracted,https://docs.google.com/spreadsheets/d/1B2uTMvWlAHb7WlpupJV1A2Hbi3K3U1vCyoFV0wCapcw/edit#gid=1271313224
season_008,Liga 2,hinrunde,Porygon-Z,porygonz,porygonz,BlackLink,blacklink,Abyssal Nightmare,abyssalnightmare,sheet_extracted,https://docs.google.com/spreadsheets/d/1B2uTMvWlAHb7WlpupJV1A2Hbi3K3U1vCyoFV0wCapcw/edit#gid=1846395979;https://docs.google.com/spreadsheets/d/1B2uTMvWlAHb7WlpupJV1A2Hbi3K3U1vCyoFV0wCapcw/edit#gid=419572953;https://docs.google.com/spreadsheets/d/1B2uTMvWlAHb7WlpupJV1A2Hbi3K3U1vCyoFV0wCapcw/edit#gid=1271313224
season_008,Liga 2,rueckrunde,Porygon-Z,porygonz,porygonz,BlackLink,blacklink,Abyssal Nightmare,abyssalnightmare,sheet_extracted,https://docs.google.com/spreadsheets/d/1B2uTMvWlAHb7WlpupJV1A2Hbi3K3U1vCyoFV0wCapcw/edit#gid=1271313224
season_008,Liga 2,hinrunde,Rabigator,rabigator,krookodile,BlackLink,blacklink,Abyssal Nightmare,abyssalnightmare,sheet_extracted,https://docs.google.com/spreadsheets/d/1B2uTMvWlAHb7WlpupJV1A2Hbi3K3U1vCyoFV0wCapcw/edit#gid=1846395979;https://docs.google.com/spreadsheets/d/1B2uTMvWlAHb7WlpupJV1A2Hbi3K3U1vCyoFV0wCapcw/edit#gid=419572953;https://docs.google.com/spreadsheets/d/1B2uTMvWlAHb7WlpupJV1A2Hbi3K3U1vCyoFV0wCapcw/edit#gid=1271313224
season_008,Liga 2,rueckrunde,Rabigator,rabigator,krookodile,BlackLink,blacklink,Abyssal Nightmare,abyssalnightmare,sheet_extracted,https://docs.google.com/spreadsheets/d/1B2uTMvWlAHb7WlpupJV1A2Hbi3K3U1vCyoFV0wCapcw/edit#gid=1271313224
season_008,Liga 2,hinrunde,Rotom-Mow,rotommow,rotommow,BlackLink,blacklink,Abyssal Nightmare,abyssalnightmare,sheet_extracted,https://docs.google.com/spreadsheets/d/1B2uTMvWlAHb7WlpupJV1A2Hbi3K3U1vCyoFV0wCapcw/edit#gid=1846395979;https://docs.google.com/spreadsheets/d/1B2uTMvWlAHb7WlpupJV1A2Hbi3K3U1vCyoFV0wCapcw/edit#gid=419572953;https://docs.google.com/spreadsheets/d/1B2uTMvWlAHb7WlpupJV1A2Hbi3K3U1vCyoFV0wCapcw/edit#gid=1271313224
season_008,Liga 2,rueckrunde,Voltolos-T,voltolost,thundurustherian,BlackLink,blacklink,Abyssal Nightmare,abyssalnightmare,sheet_extracted,https://docs.google.com/spreadsheets/d/1B2uTMvWlAHb7WlpupJV1A2Hbi3K3U1vCyoFV0wCapcw/edit#gid=1846395979;https://docs.google.com/spreadsheets/d/1B2uTMvWlAHb7WlpupJV1A2Hbi3K3U1vCyoFV0wCapcw/edit#gid=419572953;https://docs.google.com/spreadsheets/d/1B2uTMvWlAHb7WlpupJV1A2Hbi3K3U1vCyoFV0wCapcw/edit#gid=1271313224
season_008,Liga 2,hinrunde,Wulaosu-Fließender Stil,wulaosufliessenderstil,urshifurapidstrike,BlackLink,blacklink,Abyssal Nightmare,abyssalnightmare,sheet_extracted,https://docs.google.com/spreadsheets/d/1B2uTMvWlAHb7WlpupJV1A2Hbi3K3U1vCyoFV0wCapcw/edit#gid=1846395979;https://docs.google.com/spreadsheets/d/1B2uTMvWlAHb7WlpupJV1A2Hbi3K3U1vCyoFV0wCapcw/edit#gid=419572953;https://docs.google.com/spreadsheets/d/1B2uTMvWlAHb7WlpupJV1A2Hbi3K3U1vCyoFV0wCapcw/edit#gid=1271313224
season_008,Liga 2,rueckrunde,Wulaosu-Fließender Stil,wulaosufliessenderstil,urshifurapidstrike,BlackLink,blacklink,Abyssal Nightmare,abyssalnightmare,sheet_extracted,https://docs.google.com/spreadsheets/d/1B2uTMvWlAHb7WlpupJV1A2Hbi3K3U1vCyoFV0wCapcw/edit#gid=1271313224
season_008,Liga 2,hinrunde,Amigento-Normal,amigentonormal,silvally,Blocki,blocki,Kastanienbomber,kastanienbomber,sheet_extracted,https://docs.google.com/spreadsheets/d/1B2uTMvWlAHb7WlpupJV1A2Hbi3K3U1vCyoFV0wCapcw/edit#gid=1846395979;https://docs.google.com/spreadsheets/d/1B2uTMvWlAHb7WlpupJV1A2Hbi3K3U1vCyoFV0wCapcw/edit#gid=419572953;https://docs.google.com/spreadsheets/d/1B2uTMvWlAHb7WlpupJV1A2Hbi3K3U1vCyoFV0wCapcw/edit#gid=1271313224
season_008,Liga 2,rueckrunde,Amigento-Normal,amigentonormal,silvally,Blocki,blocki,Kastanienbomber,kastanienbomber,sheet_extracted,https://docs.google.com/spreadsheets/d/1B2uTMvWlAHb7WlpupJV1A2Hbi3K3U1vCyoFV0wCapcw/edit#gid=1271313224
season_008,Liga 2,hinrunde,Boreos-T,boreost,tornadustherian,Blocki,blocki,Kastanienbomber,kastanienbomber,sheet_extracted,https://docs.google.com/spreadsheets/d/1B2uTMvWlAHb7WlpupJV1A2Hbi3K3U1vCyoFV0wCapcw/edit#gid=1846395979;https://docs.google.com/spreadsheets/d/1B2uTMvWlAHb7WlpupJV1A2Hbi3K3U1vCyoFV0wCapcw/edit#gid=419572953;https://docs.google.com/spreadsheets/d/1B2uTMvWlAHb7WlpupJV1A2Hbi3K3U1vCyoFV0wCapcw/edit#gid=1271313224
season_008,Liga 2,rueckrunde,Boreos-T,boreost,tornadustherian,Blocki,blocki,Kastanienbomber,kastanienbomber,sheet_extracted,https://docs.google.com/spreadsheets/d/1B2uTMvWlAHb7WlpupJV1A2Hbi3K3U1vCyoFV0wCapcw/edit#gid=1271313224
season_008,Liga 2,hinrunde,Castellith,castellith,crustle,Blocki,blocki,Kastanienbomber,kastanienbomber,sheet_extracted,https://docs.google.com/spreadsheets/d/1B2uTMvWlAHb7WlpupJV1A2Hbi3K3U1vCyoFV0wCapcw/edit#gid=1846395979;https://docs.google.com/spreadsheets/d/1B2uTMvWlAHb7WlpupJV1A2Hbi3K3U1vCyoFV0wCapcw/edit#gid=419572953;https://docs.google.com/spreadsheets/d/1B2uTMvWlAHb7WlpupJV1A2Hbi3K3U1vCyoFV0wCapcw/edit#gid=1271313224
season_008,Liga 2,hinrunde,Frosdedje,frosdedje,froslass,Blocki,blocki,Kastanienbomber,kastanienbomber,sheet_extracted,https://docs.google.com/spreadsheets/d/1B2uTMvWlAHb7WlpupJV1A2Hbi3K3U1vCyoFV0wCapcw/edit#gid=1846395979;https://docs.google.com/spreadsheets/d/1B2uTMvWlAHb7WlpupJV1A2Hbi3K3U1vCyoFV0wCapcw/edit#gid=419572953;https://docs.google.com/spreadsheets/d/1B2uTMvWlAHb7WlpupJV1A2Hbi3K3U1vCyoFV0wCapcw/edit#gid=1271313224
season_008,Liga 2,hinrunde,Fuegro,fuegro,incineroar,Blocki,blocki,Kastanienbomber,kastanienbomber,sheet_extracted,https://docs.google.com/spreadsheets/d/1B2uTMvWlAHb7WlpupJV1A2Hbi3K3U1vCyoFV0wCapcw/edit#gid=1846395979;https://docs.google.com/spreadsheets/d/1B2uTMvWlAHb7WlpupJV1A2Hbi3K3U1vCyoFV0wCapcw/edit#gid=419572953;https://docs.google.com/spreadsheets/d/1B2uTMvWlAHb7WlpupJV1A2Hbi3K3U1vCyoFV0wCapcw/edit#gid=1271313224
season_008,Liga 2,rueckrunde,Fuegro,fuegro,incineroar,Blocki,blocki,Kastanienbomber,kastanienbomber,sheet_extracted,https://docs.google.com/spreadsheets/d/1B2uTMvWlAHb7WlpupJV1A2Hbi3K3U1vCyoFV0wCapcw/edit#gid=1271313224
season_008,Liga 2,rueckrunde,Gengar,gengar,gengar,Blocki,blocki,Kastanienbomber,kastanienbomber,sheet_extracted,https://docs.google.com/spreadsheets/d/1B2uTMvWlAHb7WlpupJV1A2Hbi3K3U1vCyoFV0wCapcw/edit#gid=1846395979;https://docs.google.com/spreadsheets/d/1B2uTMvWlAHb7WlpupJV1A2Hbi3K3U1vCyoFV0wCapcw/edit#gid=419572953;https://docs.google.com/spreadsheets/d/1B2uTMvWlAHb7WlpupJV1A2Hbi3K3U1vCyoFV0wCapcw/edit#gid=1271313224
season_008,Liga 2,hinrunde,Knakrack,knakrack,garchomp,Blocki,blocki,Kastanienbomber,kastanienbomber,sheet_extracted,https://docs.google.com/spreadsheets/d/1B2uTMvWlAHb7WlpupJV1A2Hbi3K3U1vCyoFV0wCapcw/edit#gid=1846395979;https://docs.google.com/spreadsheets/d/1B2uTMvWlAHb7WlpupJV1A2Hbi3K3U1vCyoFV0wCapcw/edit#gid=419572953;https://docs.google.com/spreadsheets/d/1B2uTMvWlAHb7WlpupJV1A2Hbi3K3U1vCyoFV0wCapcw/edit#gid=1271313224
season_008,Liga 2,rueckrunde,Knakrack,knakrack,garchomp,Blocki,blocki,Kastanienbomber,kastanienbomber,sheet_extracted,https://docs.google.com/spreadsheets/d/1B2uTMvWlAHb7WlpupJV1A2Hbi3K3U1vCyoFV0wCapcw/edit#gid=1271313224
season_008,Liga 2,hinrunde,Masskito,masskito,buzzwole,Blocki,blocki,Kastanienbomber,kastanienbomber,sheet_extracted,https://docs.google.com/spreadsheets/d/1B2uTMvWlAHb7WlpupJV1A2Hbi3K3U1vCyoFV0wCapcw/edit#gid=1846395979;https://docs.google.com/spreadsheets/d/1B2uTMvWlAHb7WlpupJV1A2Hbi3K3U1vCyoFV0wCapcw/edit#gid=419572953;https://docs.google.com/spreadsheets/d/1B2uTMvWlAHb7WlpupJV1A2Hbi3K3U1vCyoFV0wCapcw/edit#gid=1271313224
season_008,Liga 2,hinrunde,Metagross,metagross,metagross,Blocki,blocki,Kastanienbomber,kastanienbomber,sheet_extracted,https://docs.google.com/spreadsheets/d/1B2uTMvWlAHb7WlpupJV1A2Hbi3K3U1vCyoFV0wCapcw/edit#gid=1846395979;https://docs.google.com/spreadsheets/d/1B2uTMvWlAHb7WlpupJV1A2Hbi3K3U1vCyoFV0wCapcw/edit#gid=419572953;https://docs.google.com/spreadsheets/d/1B2uTMvWlAHb7WlpupJV1A2Hbi3K3U1vCyoFV0wCapcw/edit#gid=1271313224
season_008,Liga 2,rueckrunde,Metagross,metagross,metagross,Blocki,blocki,Kastanienbomber,kastanienbomber,sheet_extracted,https://docs.google.com/spreadsheets/d/1B2uTMvWlAHb7WlpupJV1A2Hbi3K3U1vCyoFV0wCapcw/edit#gid=1271313224
season_008,Liga 2,rueckrunde,Moruda,moruda,dhelmise,Blocki,blocki,Kastanienbomber,kastanienbomber,sheet_extracted,https://docs.google.com/spreadsheets/d/1B2uTMvWlAHb7WlpupJV1A2Hbi3K3U1vCyoFV0wCapcw/edit#gid=1846395979;https://docs.google.com/spreadsheets/d/1B2uTMvWlAHb7WlpupJV1A2Hbi3K3U1vCyoFV0wCapcw/edit#gid=419572953;https://docs.google.com/spreadsheets/d/1B2uTMvWlAHb7WlpupJV1A2Hbi3K3U1vCyoFV0wCapcw/edit#gid=1271313224
season_008,Liga 2,hinrunde,Primarene,primarene,primarina,Blocki,blocki,Kastanienbomber,kastanienbomber,sheet_extracted,https://docs.google.com/spreadsheets/d/1B2uTMvWlAHb7WlpupJV1A2Hbi3K3U1vCyoFV0wCapcw/edit#gid=1846395979;https://docs.google.com/spreadsheets/d/1B2uTMvWlAHb7WlpupJV1A2Hbi3K3U1vCyoFV0wCapcw/edit#gid=419572953;https://docs.google.com/spreadsheets/d/1B2uTMvWlAHb7WlpupJV1A2Hbi3K3U1vCyoFV0wCapcw/edit#gid=1271313224
season_008,Liga 2,rueckrunde,Primarene,primarene,primarina,Blocki,blocki,Kastanienbomber,kastanienbomber,sheet_extracted,https://docs.google.com/spreadsheets/d/1B2uTMvWlAHb7WlpupJV1A2Hbi3K3U1vCyoFV0wCapcw/edit#gid=1271313224
season_008,Liga 2,hinrunde,Raichu,raichu,raichu,Blocki,blocki,Kastanienbomber,kastanienbomber,sheet_extracted,https://docs.google.com/spreadsheets/d/1B2uTMvWlAHb7WlpupJV1A2Hbi3K3U1vCyoFV0wCapcw/edit#gid=1846395979;https://docs.google.com/spreadsheets/d/1B2uTMvWlAHb7WlpupJV1A2Hbi3K3U1vCyoFV0wCapcw/edit#gid=419572953;https://docs.google.com/spreadsheets/d/1B2uTMvWlAHb7WlpupJV1A2Hbi3K3U1vCyoFV0wCapcw/edit#gid=1271313224
season_008,Liga 2,rueckrunde,Raichu,raichu,raichu,Blocki,blocki,Kastanienbomber,kastanienbomber,sheet_extracted,https://docs.google.com/spreadsheets/d/1B2uTMvWlAHb7WlpupJV1A2Hbi3K3U1vCyoFV0wCapcw/edit#gid=1271313224
season_008,Liga 2,hinrunde,Roserade,roserade,roserade,Blocki,blocki,Kastanienbomber,kastanienbomber,sheet_extracted,https://docs.google.com/spreadsheets/d/1B2uTMvWlAHb7WlpupJV1A2Hbi3K3U1vCyoFV0wCapcw/edit#gid=1846395979;https://docs.google.com/spreadsheets/d/1B2uTMvWlAHb7WlpupJV1A2Hbi3K3U1vCyoFV0wCapcw/edit#gid=419572953;https://docs.google.com/spreadsheets/d/1B2uTMvWlAHb7WlpupJV1A2Hbi3K3U1vCyoFV0wCapcw/edit#gid=1271313224
season_008,Liga 2,rueckrunde,Skaraborn,skaraborn,heracross,Blocki,blocki,Kastanienbomber,kastanienbomber,sheet_extracted,https://docs.google.com/spreadsheets/d/1B2uTMvWlAHb7WlpupJV1A2Hbi3K3U1vCyoFV0wCapcw/edit#gid=1846395979;https://docs.google.com/spreadsheets/d/1B2uTMvWlAHb7WlpupJV1A2Hbi3K3U1vCyoFV0wCapcw/edit#gid=419572953;https://docs.google.com/spreadsheets/d/1B2uTMvWlAHb7WlpupJV1A2Hbi3K3U1vCyoFV0wCapcw/edit#gid=1271313224
season_008,Liga 2,rueckrunde,Wolwerock,wolwerock,lycanroc,Blocki,blocki,Kastanienbomber,kastanienbomber,sheet_extracted,https://docs.google.com/spreadsheets/d/1B2uTMvWlAHb7WlpupJV1A2Hbi3K3U1vCyoFV0wCapcw/edit#gid=1846395979;https://docs.google.com/spreadsheets/d/1B2uTMvWlAHb7WlpupJV1A2Hbi3K3U1vCyoFV0wCapcw/edit#gid=419572953;https://docs.google.com/spreadsheets/d/1B2uTMvWlAHb7WlpupJV1A2Hbi3K3U1vCyoFV0wCapcw/edit#gid=1271313224
season_008,Liga 1,hinrunde,Alola Kokowei,alolakokowei,exeggutoralola,Dauni,daunidaunstar,Glückspilze,gluckspilze,sheet_extracted,https://docs.google.com/spreadsheets/d/1B2uTMvWlAHb7WlpupJV1A2Hbi3K3U1vCyoFV0wCapcw/edit#gid=26363830;https://docs.google.com/spreadsheets/d/1B2uTMvWlAHb7WlpupJV1A2Hbi3K3U1vCyoFV0wCapcw/edit#gid=1953934700;https://docs.google.com/spreadsheets/d/1B2uTMvWlAHb7WlpupJV1A2Hbi3K3U1vCyoFV0wCapcw/edit#gid=1521895812
season_008,Liga 1,rueckrunde,Alola Kokowei,alolakokowei,exeggutoralola,Dauni,daunidaunstar,Glückspilze,gluckspilze,sheet_extracted,https://docs.google.com/spreadsheets/d/1B2uTMvWlAHb7WlpupJV1A2Hbi3K3U1vCyoFV0wCapcw/edit#gid=1521895812
season_008,Liga 1,rueckrunde,Amigento-Normal,amigentonormal,silvally,Dauni,daunidaunstar,Glückspilze,gluckspilze,sheet_extracted,https://docs.google.com/spreadsheets/d/1B2uTMvWlAHb7WlpupJV1A2Hbi3K3U1vCyoFV0wCapcw/edit#gid=26363830;https://docs.google.com/spreadsheets/d/1B2uTMvWlAHb7WlpupJV1A2Hbi3K3U1vCyoFV0wCapcw/edit#gid=1953934700;https://docs.google.com/spreadsheets/d/1B2uTMvWlAHb7WlpupJV1A2Hbi3K3U1vCyoFV0wCapcw/edit#gid=1521895812
season_008,Liga 1,hinrunde,Galar Smogmog,galarsmogmog,weezinggalar,Dauni,daunidaunstar,Glückspilze,gluckspilze,sheet_extracted,https://docs.google.com/spreadsheets/d/1B2uTMvWlAHb7WlpupJV1A2Hbi3K3U1vCyoFV0wCapcw/edit#gid=26363830;https://docs.google.com/spreadsheets/d/1B2uTMvWlAHb7WlpupJV1A2Hbi3K3U1vCyoFV0wCapcw/edit#gid=1953934700;https://docs.google.com/spreadsheets/d/1B2uTMvWlAHb7WlpupJV1A2Hbi3K3U1vCyoFV0wCapcw/edit#gid=1521895812
season_008,Liga 1,rueckrunde,Galar Smogmog,galarsmogmog,weezinggalar,Dauni,daunidaunstar,Glückspilze,gluckspilze,sheet_extracted,https://docs.google.com/spreadsheets/d/1B2uTMvWlAHb7WlpupJV1A2Hbi3K3U1vCyoFV0wCapcw/edit#gid=1521895812
season_008,Liga 1,hinrunde,Gengar,gengar,gengar,Dauni,daunidaunstar,Glückspilze,gluckspilze,sheet_extracted,https://docs.google.com/spreadsheets/d/1B2uTMvWlAHb7WlpupJV1A2Hbi3K3U1vCyoFV0wCapcw/edit#gid=26363830;https://docs.google.com/spreadsheets/d/1B2uTMvWlAHb7WlpupJV1A2Hbi3K3U1vCyoFV0wCapcw/edit#gid=1953934700;https://docs.google.com/spreadsheets/d/1B2uTMvWlAHb7WlpupJV1A2Hbi3K3U1vCyoFV0wCapcw/edit#gid=1521895812
season_008,Liga 1,rueckrunde,Gengar,gengar,gengar,Dauni,daunidaunstar,Glückspilze,gluckspilze,sheet_extracted,https://docs.google.com/spreadsheets/d/1B2uTMvWlAHb7WlpupJV1A2Hbi3K3U1vCyoFV0wCapcw/edit#gid=1521895812
season_008,Liga 1,hinrunde,Grypheldis,grypheldis,mandibuzz,Dauni,daunidaunstar,Glückspilze,gluckspilze,sheet_extracted,https://docs.google.com/spreadsheets/d/1B2uTMvWlAHb7WlpupJV1A2Hbi3K3U1vCyoFV0wCapcw/edit#gid=26363830;https://docs.google.com/spreadsheets/d/1B2uTMvWlAHb7WlpupJV1A2Hbi3K3U1vCyoFV0wCapcw/edit#gid=1953934700;https://docs.google.com/spreadsheets/d/1B2uTMvWlAHb7WlpupJV1A2Hbi3K3U1vCyoFV0wCapcw/edit#gid=1521895812
season_008,Liga 1,hinrunde,Kangama,kangama,kangaskhan,Dauni,daunidaunstar,Glückspilze,gluckspilze,sheet_extracted,https://docs.google.com/spreadsheets/d/1B2uTMvWlAHb7WlpupJV1A2Hbi3K3U1vCyoFV0wCapcw/edit#gid=26363830;https://docs.google.com/spreadsheets/d/1B2uTMvWlAHb7WlpupJV1A2Hbi3K3U1vCyoFV0wCapcw/edit#gid=1953934700;https://docs.google.com/spreadsheets/d/1B2uTMvWlAHb7WlpupJV1A2Hbi3K3U1vCyoFV0wCapcw/edit#gid=1521895812
season_008,Liga 1,hinrunde,Kapu-Riki,kapuriki,tapukoko,Dauni,daunidaunstar,Glückspilze,gluckspilze,sheet_extracted,https://docs.google.com/spreadsheets/d/1B2uTMvWlAHb7WlpupJV1A2Hbi3K3U1vCyoFV0wCapcw/edit#gid=26363830;https://docs.google.com/spreadsheets/d/1B2uTMvWlAHb7WlpupJV1A2Hbi3K3U1vCyoFV0wCapcw/edit#gid=1953934700;https://docs.google.com/spreadsheets/d/1B2uTMvWlAHb7WlpupJV1A2Hbi3K3U1vCyoFV0wCapcw/edit#gid=1521895812
season_008,Liga 1,rueckrunde,Kapu-Riki,kapuriki,tapukoko,Dauni,daunidaunstar,Glückspilze,gluckspilze,sheet_extracted,https://docs.google.com/spreadsheets/d/1B2uTMvWlAHb7WlpupJV1A2Hbi3K3U1vCyoFV0wCapcw/edit#gid=1521895812
season_008,Liga 1,hinrunde,Kobalium,kobalium,cobalion,Dauni,daunidaunstar,Glückspilze,gluckspilze,sheet_extracted,https://docs.google.com/spreadsheets/d/1B2uTMvWlAHb7WlpupJV1A2Hbi3K3U1vCyoFV0wCapcw/edit#gid=26363830;https://docs.google.com/spreadsheets/d/1B2uTMvWlAHb7WlpupJV1A2Hbi3K3U1vCyoFV0wCapcw/edit#gid=1953934700;https://docs.google.com/spreadsheets/d/1B2uTMvWlAHb7WlpupJV1A2Hbi3K3U1vCyoFV0wCapcw/edit#gid=1521895812
season_008,Liga 1,rueckrunde,Kobalium,kobalium,cobalion,Dauni,daunidaunstar,Glückspilze,gluckspilze,sheet_extracted,https://docs.google.com/spreadsheets/d/1B2uTMvWlAHb7WlpupJV1A2Hbi3K3U1vCyoFV0wCapcw/edit#gid=1521895812
season_008,Liga 1,hinrunde,Krebutack,krebutack,crawdaunt,Dauni,daunidaunstar,Glückspilze,gluckspilze,sheet_extracted,https://docs.google.com/spreadsheets/d/1B2uTMvWlAHb7WlpupJV1A2Hbi3K3U1vCyoFV0wCapcw/edit#gid=26363830;https://docs.google.com/spreadsheets/d/1B2uTMvWlAHb7WlpupJV1A2Hbi3K3U1vCyoFV0wCapcw/edit#gid=1953934700;https://docs.google.com/spreadsheets/d/1B2uTMvWlAHb7WlpupJV1A2Hbi3K3U1vCyoFV0wCapcw/edit#gid=1521895812
season_008,Liga 1,rueckrunde,Krebutack,krebutack,crawdaunt,Dauni,daunidaunstar,Glückspilze,gluckspilze,sheet_extracted,https://docs.google.com/spreadsheets/d/1B2uTMvWlAHb7WlpupJV1A2Hbi3K3U1vCyoFV0wCapcw/edit#gid=1521895812
season_008,Liga 1,hinrunde,Lanturn,lanturn,lanturn,Dauni,daunidaunstar,Glückspilze,gluckspilze,sheet_extracted,https://docs.google.com/spreadsheets/d/1B2uTMvWlAHb7WlpupJV1A2Hbi3K3U1vCyoFV0wCapcw/edit#gid=26363830;https://docs.google.com/spreadsheets/d/1B2uTMvWlAHb7WlpupJV1A2Hbi3K3U1vCyoFV0wCapcw/edit#gid=1953934700;https://docs.google.com/spreadsheets/d/1B2uTMvWlAHb7WlpupJV1A2Hbi3K3U1vCyoFV0wCapcw/edit#gid=1521895812
season_008,Liga 1,rueckrunde,Lanturn,lanturn,lanturn,Dauni,daunidaunstar,Glückspilze,gluckspilze,sheet_extracted,https://docs.google.com/spreadsheets/d/1B2uTMvWlAHb7WlpupJV1A2Hbi3K3U1vCyoFV0wCapcw/edit#gid=1521895812
season_008,Liga 1,rueckrunde,Lavados,lavados,moltres,Dauni,daunidaunstar,Glückspilze,gluckspilze,sheet_extracted,https://docs.google.com/spreadsheets/d/1B2uTMvWlAHb7WlpupJV1A2Hbi3K3U1vCyoFV0wCapcw/edit#gid=26363830;https://docs.google.com/spreadsheets/d/1B2uTMvWlAHb7WlpupJV1A2Hbi3K3U1vCyoFV0wCapcw/edit#gid=1953934700;https://docs.google.com/spreadsheets/d/1B2uTMvWlAHb7WlpupJV1A2Hbi3K3U1vCyoFV0wCapcw/edit#gid=1521895812
season_008,Liga 1,hinrunde,Mamutel,mamutel,mamoswine,Dauni,daunidaunstar,Glückspilze,gluckspilze,sheet_extracted,https://docs.google.com/spreadsheets/d/1B2uTMvWlAHb7WlpupJV1A2Hbi3K3U1vCyoFV0wCapcw/edit#gid=26363830;https://docs.google.com/spreadsheets/d/1B2uTMvWlAHb7WlpupJV1A2Hbi3K3U1vCyoFV0wCapcw/edit#gid=1953934700;https://docs.google.com/spreadsheets/d/1B2uTMvWlAHb7WlpupJV1A2Hbi3K3U1vCyoFV0wCapcw/edit#gid=1521895812
season_008,Liga 1,rueckrunde,Mamutel,mamutel,mamoswine,Dauni,daunidaunstar,Glückspilze,gluckspilze,sheet_extracted,https://docs.google.com/spreadsheets/d/1B2uTMvWlAHb7WlpupJV1A2Hbi3K3U1vCyoFV0wCapcw/edit#gid=1521895812
season_008,Liga 1,hinrunde,Selfe,selfe,uxie,Dauni,daunidaunstar,Glückspilze,gluckspilze,sheet_extracted,https://docs.google.com/spreadsheets/d/1B2uTMvWlAHb7WlpupJV1A2Hbi3K3U1vCyoFV0wCapcw/edit#gid=26363830;https://docs.google.com/spreadsheets/d/1B2uTMvWlAHb7WlpupJV1A2Hbi3K3U1vCyoFV0wCapcw/edit#gid=1953934700;https://docs.google.com/spreadsheets/d/1B2uTMvWlAHb7WlpupJV1A2Hbi3K3U1vCyoFV0wCapcw/edit#gid=1521895812
season_008,Liga 1,rueckrunde,Selfe,selfe,uxie,Dauni,daunidaunstar,Glückspilze,gluckspilze,sheet_extracted,https://docs.google.com/spreadsheets/d/1B2uTMvWlAHb7WlpupJV1A2Hbi3K3U1vCyoFV0wCapcw/edit#gid=1521895812
season_008,Liga 1,hinrunde,Boreos-I,boreosi,tornadus,ElektechN9ne,elektechn9ne,Elekids Club,elekidsclub,sheet_extracted,https://docs.google.com/spreadsheets/d/1B2uTMvWlAHb7WlpupJV1A2Hbi3K3U1vCyoFV0wCapcw/edit#gid=26363830;https://docs.google.com/spreadsheets/d/1B2uTMvWlAHb7WlpupJV1A2Hbi3K3U1vCyoFV0wCapcw/edit#gid=1953934700;https://docs.google.com/spreadsheets/d/1B2uTMvWlAHb7WlpupJV1A2Hbi3K3U1vCyoFV0wCapcw/edit#gid=1521895812
season_008,Liga 1,rueckrunde,Clavion,clavion,klefki,ElektechN9ne,elektechn9ne,Elekids Club,elekidsclub,sheet_extracted,https://docs.google.com/spreadsheets/d/1B2uTMvWlAHb7WlpupJV1A2Hbi3K3U1vCyoFV0wCapcw/edit#gid=26363830;https://docs.google.com/spreadsheets/d/1B2uTMvWlAHb7WlpupJV1A2Hbi3K3U1vCyoFV0wCapcw/edit#gid=1953934700;https://docs.google.com/spreadsheets/d/1B2uTMvWlAHb7WlpupJV1A2Hbi3K3U1vCyoFV0wCapcw/edit#gid=1521895812
season_008,Liga 1,hinrunde,Fiaro,fiaro,talonflame,ElektechN9ne,elektechn9ne,Elekids Club,elekidsclub,sheet_extracted,https://docs.google.com/spreadsheets/d/1B2uTMvWlAHb7WlpupJV1A2Hbi3K3U1vCyoFV0wCapcw/edit#gid=26363830;https://docs.google.com/spreadsheets/d/1B2uTMvWlAHb7WlpupJV1A2Hbi3K3U1vCyoFV0wCapcw/edit#gid=1953934700;https://docs.google.com/spreadsheets/d/1B2uTMvWlAHb7WlpupJV1A2Hbi3K3U1vCyoFV0wCapcw/edit#gid=1521895812
season_008,Liga 1,rueckrunde,Fiaro,fiaro,talonflame,ElektechN9ne,elektechn9ne,Elekids Club,elekidsclub,sheet_extracted,https://docs.google.com/spreadsheets/d/1B2uTMvWlAHb7WlpupJV1A2Hbi3K3U1vCyoFV0wCapcw/edit#gid=1521895812
season_008,Liga 1,hinrunde,Kapu-Toro,kaputoro,tapubulu,ElektechN9ne,elektechn9ne,Elekids Club,elekidsclub,sheet_extracted,https://docs.google.com/spreadsheets/d/1B2uTMvWlAHb7WlpupJV1A2Hbi3K3U1vCyoFV0wCapcw/edit#gid=26363830;https://docs.google.com/spreadsheets/d/1B2uTMvWlAHb7WlpupJV1A2Hbi3K3U1vCyoFV0wCapcw/edit#gid=1953934700;https://docs.google.com/spreadsheets/d/1B2uTMvWlAHb7WlpupJV1A2Hbi3K3U1vCyoFV0wCapcw/edit#gid=1521895812
season_008,Liga 1,rueckrunde,Kapu-Toro,kaputoro,tapubulu,ElektechN9ne,elektechn9ne,Elekids Club,elekidsclub,sheet_extracted,https://docs.google.com/spreadsheets/d/1B2uTMvWlAHb7WlpupJV1A2Hbi3K3U1vCyoFV0wCapcw/edit#gid=1521895812
season_008,Liga 1,hinrunde,Katapuldra,katapuldra,dragapult,ElektechN9ne,elektechn9ne,Elekids Club,elekidsclub,sheet_extracted,https://docs.google.com/spreadsheets/d/1B2uTMvWlAHb7WlpupJV1A2Hbi3K3U1vCyoFV0wCapcw/edit#gid=26363830;https://docs.google.com/spreadsheets/d/1B2uTMvWlAHb7WlpupJV1A2Hbi3K3U1vCyoFV0wCapcw/edit#gid=1953934700;https://docs.google.com/spreadsheets/d/1B2uTMvWlAHb7WlpupJV1A2Hbi3K3U1vCyoFV0wCapcw/edit#gid=1521895812
season_008,Liga 1,rueckrunde,Katapuldra,katapuldra,dragapult,ElektechN9ne,elektechn9ne,Elekids Club,elekidsclub,sheet_extracted,https://docs.google.com/spreadsheets/d/1B2uTMvWlAHb7WlpupJV1A2Hbi3K3U1vCyoFV0wCapcw/edit#gid=1521895812
season_008,Liga 1,rueckrunde,Kosturso,kosturso,bewear,ElektechN9ne,elektechn9ne,Elekids Club,elekidsclub,sheet_extracted,https://docs.google.com/spreadsheets/d/1B2uTMvWlAHb7WlpupJV1A2Hbi3K3U1vCyoFV0wCapcw/edit#gid=26363830;https://docs.google.com/spreadsheets/d/1B2uTMvWlAHb7WlpupJV1A2Hbi3K3U1vCyoFV0wCapcw/edit#gid=1953934700;https://docs.google.com/spreadsheets/d/1B2uTMvWlAHb7WlpupJV1A2Hbi3K3U1vCyoFV0wCapcw/edit#gid=1521895812
season_008,Liga 1,hinrunde,Miltank,miltank,miltank,ElektechN9ne,elektechn9ne,Elekids Club,elekidsclub,sheet_extracted,https://docs.google.com/spreadsheets/d/1B2uTMvWlAHb7WlpupJV1A2Hbi3K3U1vCyoFV0wCapcw/edit#gid=26363830;https://docs.google.com/spreadsheets/d/1B2uTMvWlAHb7WlpupJV1A2Hbi3K3U1vCyoFV0wCapcw/edit#gid=1953934700;https://docs.google.com/spreadsheets/d/1B2uTMvWlAHb7WlpupJV1A2Hbi3K3U1vCyoFV0wCapcw/edit#gid=1521895812
season_008,Liga 1,hinrunde,Necrozma,necrozma,necrozma,ElektechN9ne,elektechn9ne,Elekids Club,elekidsclub,sheet_extracted,https://docs.google.com/spreadsheets/d/1B2uTMvWlAHb7WlpupJV1A2Hbi3K3U1vCyoFV0wCapcw/edit#gid=26363830;https://docs.google.com/spreadsheets/d/1B2uTMvWlAHb7WlpupJV1A2Hbi3K3U1vCyoFV0wCapcw/edit#gid=1953934700;https://docs.google.com/spreadsheets/d/1B2uTMvWlAHb7WlpupJV1A2Hbi3K3U1vCyoFV0wCapcw/edit#gid=1521895812
season_008,Liga 1,rueckrunde,Necrozma,necrozma,necrozma,ElektechN9ne,elektechn9ne,Elekids Club,elekidsclub,sheet_extracted,https://docs.google.com/spreadsheets/d/1B2uTMvWlAHb7WlpupJV1A2Hbi3K3U1vCyoFV0wCapcw/edit#gid=1521895812
season_008,Liga 1,hinrunde,Pampross,pampross,mudsdale,ElektechN9ne,elektechn9ne,Elekids Club,elekidsclub,sheet_extracted,https://docs.google.com/spreadsheets/d/1B2uTMvWlAHb7WlpupJV1A2Hbi3K3U1vCyoFV0wCapcw/edit#gid=26363830;https://docs.google.com/spreadsheets/d/1B2uTMvWlAHb7WlpupJV1A2Hbi3K3U1vCyoFV0wCapcw/edit#gid=1953934700;https://docs.google.com/spreadsheets/d/1B2uTMvWlAHb7WlpupJV1A2Hbi3K3U1vCyoFV0wCapcw/edit#gid=1521895812
season_008,Liga 1,rueckrunde,Pampross,pampross,mudsdale,ElektechN9ne,elektechn9ne,Elekids Club,elekidsclub,sheet_extracted,https://docs.google.com/spreadsheets/d/1B2uTMvWlAHb7WlpupJV1A2Hbi3K3U1vCyoFV0wCapcw/edit#gid=1521895812
season_008,Liga 1,hinrunde,Pandagro,pandagro,pangoro,ElektechN9ne,elektechn9ne,Elekids Club,elekidsclub,sheet_extracted,https://docs.google.com/spreadsheets/d/1B2uTMvWlAHb7WlpupJV1A2Hbi3K3U1vCyoFV0wCapcw/edit#gid=26363830;https://docs.google.com/spreadsheets/d/1B2uTMvWlAHb7WlpupJV1A2Hbi3K3U1vCyoFV0wCapcw/edit#gid=1953934700;https://docs.google.com/spreadsheets/d/1B2uTMvWlAHb7WlpupJV1A2Hbi3K3U1vCyoFV0wCapcw/edit#gid=1521895812
season_008,Liga 1,rueckrunde,Regirock,regirock,regirock,ElektechN9ne,elektechn9ne,Elekids Club,elekidsclub,sheet_extracted,https://docs.google.com/spreadsheets/d/1B2uTMvWlAHb7WlpupJV1A2Hbi3K3U1vCyoFV0wCapcw/edit#gid=26363830;https://docs.google.com/spreadsheets/d/1B2uTMvWlAHb7WlpupJV1A2Hbi3K3U1vCyoFV0wCapcw/edit#gid=1953934700;https://docs.google.com/spreadsheets/d/1B2uTMvWlAHb7WlpupJV1A2Hbi3K3U1vCyoFV0wCapcw/edit#gid=1521895812
season_008,Liga 1,hinrunde,Rotom,rotom,rotom,ElektechN9ne,elektechn9ne,Elekids Club,elekidsclub,sheet_extracted,https://docs.google.com/spreadsheets/d/1B2uTMvWlAHb7WlpupJV1A2Hbi3K3U1vCyoFV0wCapcw/edit#gid=26363830;https://docs.google.com/spreadsheets/d/1B2uTMvWlAHb7WlpupJV1A2Hbi3K3U1vCyoFV0wCapcw/edit#gid=1953934700;https://docs.google.com/spreadsheets/d/1B2uTMvWlAHb7WlpupJV1A2Hbi3K3U1vCyoFV0wCapcw/edit#gid=1521895812
season_008,Liga 1,rueckrunde,Rotom,rotom,rotom,ElektechN9ne,elektechn9ne,Elekids Club,elekidsclub,sheet_extracted,https://docs.google.com/spreadsheets/d/1B2uTMvWlAHb7WlpupJV1A2Hbi3K3U1vCyoFV0wCapcw/edit#gid=1521895812
season_008,Liga 1,hinrunde,Scherox,scherox,scizor,ElektechN9ne,elektechn9ne,Elekids Club,elekidsclub,sheet_extracted,https://docs.google.com/spreadsheets/d/1B2uTMvWlAHb7WlpupJV1A2Hbi3K3U1vCyoFV0wCapcw/edit#gid=26363830;https://docs.google.com/spreadsheets/d/1B2uTMvWlAHb7WlpupJV1A2Hbi3K3U1vCyoFV0wCapcw/edit#gid=1953934700;https://docs.google.com/spreadsheets/d/1B2uTMvWlAHb7WlpupJV1A2Hbi3K3U1vCyoFV0wCapcw/edit#gid=1521895812
season_008,Liga 1,rueckrunde,Scherox,scherox,scizor,ElektechN9ne,elektechn9ne,Elekids Club,elekidsclub,sheet_extracted,https://docs.google.com/spreadsheets/d/1B2uTMvWlAHb7WlpupJV1A2Hbi3K3U1vCyoFV0wCapcw/edit#gid=1521895812
season_008,Liga 1,hinrunde,Tentoxa,tentoxa,tentacruel,ElektechN9ne,elektechn9ne,Elekids Club,elekidsclub,sheet_extracted,https://docs.google.com/spreadsheets/d/1B2uTMvWlAHb7WlpupJV1A2Hbi3K3U1vCyoFV0wCapcw/edit#gid=26363830;https://docs.google.com/spreadsheets/d/1B2uTMvWlAHb7WlpupJV1A2Hbi3K3U1vCyoFV0wCapcw/edit#gid=1953934700;https://docs.google.com/spreadsheets/d/1B2uTMvWlAHb7WlpupJV1A2Hbi3K3U1vCyoFV0wCapcw/edit#gid=1521895812
season_008,Liga 1,rueckrunde,Tentoxa,tentoxa,tentacruel,ElektechN9ne,elektechn9ne,Elekids Club,elekidsclub,sheet_extracted,https://docs.google.com/spreadsheets/d/1B2uTMvWlAHb7WlpupJV1A2Hbi3K3U1vCyoFV0wCapcw/edit#gid=1521895812
season_008,Liga 1,hinrunde,Azumarill,azumarill,azumarill,Hydronic,hydronic,Arktipico,arktipico,sheet_extracted,https://docs.google.com/spreadsheets/d/1B2uTMvWlAHb7WlpupJV1A2Hbi3K3U1vCyoFV0wCapcw/edit#gid=26363830;https://docs.google.com/spreadsheets/d/1B2uTMvWlAHb7WlpupJV1A2Hbi3K3U1vCyoFV0wCapcw/edit#gid=1953934700;https://docs.google.com/spreadsheets/d/1B2uTMvWlAHb7WlpupJV1A2Hbi3K3U1vCyoFV0wCapcw/edit#gid=1521895812
season_008,Liga 1,rueckrunde,Azumarill,azumarill,azumarill,Hydronic,hydronic,Arktipico,arktipico,sheet_extracted,https://docs.google.com/spreadsheets/d/1B2uTMvWlAHb7WlpupJV1A2Hbi3K3U1vCyoFV0wCapcw/edit#gid=1521895812
season_008,Liga 1,rueckrunde,Donarion,donarion,vikavolt,Hydronic,hydronic,Arktipico,arktipico,sheet_extracted,https://docs.google.com/spreadsheets/d/1B2uTMvWlAHb7WlpupJV1A2Hbi3K3U1vCyoFV0wCapcw/edit#gid=26363830;https://docs.google.com/spreadsheets/d/1B2uTMvWlAHb7WlpupJV1A2Hbi3K3U1vCyoFV0wCapcw/edit#gid=1953934700;https://docs.google.com/spreadsheets/d/1B2uTMvWlAHb7WlpupJV1A2Hbi3K3U1vCyoFV0wCapcw/edit#gid=1521895812
season_008,Liga 1,hinrunde,Galagladi,galagladi,gallade,Hydronic,hydronic,Arktipico,arktipico,sheet_extracted,https://docs.google.com/spreadsheets/d/1B2uTMvWlAHb7WlpupJV1A2Hbi3K3U1vCyoFV0wCapcw/edit#gid=26363830;https://docs.google.com/spreadsheets/d/1B2uTMvWlAHb7WlpupJV1A2Hbi3K3U1vCyoFV0wCapcw/edit#gid=1953934700;https://docs.google.com/spreadsheets/d/1B2uTMvWlAHb7WlpupJV1A2Hbi3K3U1vCyoFV0wCapcw/edit#gid=1521895812
season_008,Liga 1,hinrunde,Iksbat,iksbat,crobat,Hydronic,hydronic,Arktipico,arktipico,sheet_extracted,https://docs.google.com/spreadsheets/d/1B2uTMvWlAHb7WlpupJV1A2Hbi3K3U1vCyoFV0wCapcw/edit#gid=26363830;https://docs.google.com/spreadsheets/d/1B2uTMvWlAHb7WlpupJV1A2Hbi3K3U1vCyoFV0wCapcw/edit#gid=1953934700;https://docs.google.com/spreadsheets/d/1B2uTMvWlAHb7WlpupJV1A2Hbi3K3U1vCyoFV0wCapcw/edit#gid=1521895812
season_008,Liga 1,rueckrunde,Iksbat,iksbat,crobat,Hydronic,hydronic,Arktipico,arktipico,sheet_extracted,https://docs.google.com/spreadsheets/d/1B2uTMvWlAHb7WlpupJV1A2Hbi3K3U1vCyoFV0wCapcw/edit#gid=1521895812
season_008,Liga 1,hinrunde,Jirachi,jirachi,jirachi,Hydronic,hydronic,Arktipico,arktipico,sheet_extracted,https://docs.google.com/spreadsheets/d/1B2uTMvWlAHb7WlpupJV1A2Hbi3K3U1vCyoFV0wCapcw/edit#gid=26363830;https://docs.google.com/spreadsheets/d/1B2uTMvWlAHb7WlpupJV1A2Hbi3K3U1vCyoFV0wCapcw/edit#gid=1953934700;https://docs.google.com/spreadsheets/d/1B2uTMvWlAHb7WlpupJV1A2Hbi3K3U1vCyoFV0wCapcw/edit#gid=1521895812
season_008,Liga 1,rueckrunde,Jirachi,jirachi,jirachi,Hydronic,hydronic,Arktipico,arktipico,sheet_extracted,https://docs.google.com/spreadsheets/d/1B2uTMvWlAHb7WlpupJV1A2Hbi3K3U1vCyoFV0wCapcw/edit#gid=1521895812
season_008,Liga 1,hinrunde,Knakrack,knakrack,garchomp,Hydronic,hydronic,Arktipico,arktipico,sheet_extracted,https://docs.google.com/spreadsheets/d/1B2uTMvWlAHb7WlpupJV1A2Hbi3K3U1vCyoFV0wCapcw/edit#gid=26363830;https://docs.google.com/spreadsheets/d/1B2uTMvWlAHb7WlpupJV1A2Hbi3K3U1vCyoFV0wCapcw/edit#gid=1953934700;https://docs.google.com/spreadsheets/d/1B2uTMvWlAHb7WlpupJV1A2Hbi3K3U1vCyoFV0wCapcw/edit#gid=1521895812
season_008,Liga 1,rueckrunde,Knakrack,knakrack,garchomp,Hydronic,hydronic,Arktipico,arktipico,sheet_extracted,https://docs.google.com/spreadsheets/d/1B2uTMvWlAHb7WlpupJV1A2Hbi3K3U1vCyoFV0wCapcw/edit#gid=1521895812
season_008,Liga 1,rueckrunde,Masskito,masskito,buzzwole,Hydronic,hydronic,Arktipico,arktipico,sheet_extracted,https://docs.google.com/spreadsheets/d/1B2uTMvWlAHb7WlpupJV1A2Hbi3K3U1vCyoFV0wCapcw/edit#gid=26363830;https://docs.google.com/spreadsheets/d/1B2uTMvWlAHb7WlpupJV1A2Hbi3K3U1vCyoFV0wCapcw/edit#gid=1953934700;https://docs.google.com/spreadsheets/d/1B2uTMvWlAHb7WlpupJV1A2Hbi3K3U1vCyoFV0wCapcw/edit#gid=1521895812
season_008,Liga 1,hinrunde,Milotic,milotic,milotic,Hydronic,hydronic,Arktipico,arktipico,sheet_extracted,https://docs.google.com/spreadsheets/d/1B2uTMvWlAHb7WlpupJV1A2Hbi3K3U1vCyoFV0wCapcw/edit#gid=26363830;https://docs.google.com/spreadsheets/d/1B2uTMvWlAHb7WlpupJV1A2Hbi3K3U1vCyoFV0wCapcw/edit#gid=1953934700;https://docs.google.com/spreadsheets/d/1B2uTMvWlAHb7WlpupJV1A2Hbi3K3U1vCyoFV0wCapcw/edit#gid=1521895812
season_008,Liga 1,rueckrunde,Milotic,milotic,milotic,Hydronic,hydronic,Arktipico,arktipico,sheet_extracted,https://docs.google.com/spreadsheets/d/1B2uTMvWlAHb7WlpupJV1A2Hbi3K3U1vCyoFV0wCapcw/edit#gid=1521895812
season_008,Liga 1,hinrunde,Moruda,moruda,dhelmise,Hydronic,hydronic,Arktipico,arktipico,sheet_extracted,https://docs.google.com/spreadsheets/d/1B2uTMvWlAHb7WlpupJV1A2Hbi3K3U1vCyoFV0wCapcw/edit#gid=26363830;https://docs.google.com/spreadsheets/d/1B2uTMvWlAHb7WlpupJV1A2Hbi3K3U1vCyoFV0wCapcw/edit#gid=1953934700;https://docs.google.com/spreadsheets/d/1B2uTMvWlAHb7WlpupJV1A2Hbi3K3U1vCyoFV0wCapcw/edit#gid=1521895812
season_008,Liga 1,hinrunde,Porygon-Z,porygonz,porygonz,Hydronic,hydronic,Arktipico,arktipico,sheet_extracted,https://docs.google.com/spreadsheets/d/1B2uTMvWlAHb7WlpupJV1A2Hbi3K3U1vCyoFV0wCapcw/edit#gid=26363830;https://docs.google.com/spreadsheets/d/1B2uTMvWlAHb7WlpupJV1A2Hbi3K3U1vCyoFV0wCapcw/edit#gid=1953934700;https://docs.google.com/spreadsheets/d/1B2uTMvWlAHb7WlpupJV1A2Hbi3K3U1vCyoFV0wCapcw/edit#gid=1521895812
season_008,Liga 1,rueckrunde,Porygon-Z,porygonz,porygonz,Hydronic,hydronic,Arktipico,arktipico,sheet_extracted,https://docs.google.com/spreadsheets/d/1B2uTMvWlAHb7WlpupJV1A2Hbi3K3U1vCyoFV0wCapcw/edit#gid=1521895812
season_008,Liga 1,rueckrunde,Regigigas,regigigas,regigigas,Hydronic,hydronic,Arktipico,arktipico,sheet_extracted,https://docs.google.com/spreadsheets/d/1B2uTMvWlAHb7WlpupJV1A2Hbi3K3U1vCyoFV0wCapcw/edit#gid=26363830;https://docs.google.com/spreadsheets/d/1B2uTMvWlAHb7WlpupJV1A2Hbi3K3U1vCyoFV0wCapcw/edit#gid=1953934700;https://docs.google.com/spreadsheets/d/1B2uTMvWlAHb7WlpupJV1A2Hbi3K3U1vCyoFV0wCapcw/edit#gid=1521895812
season_008,Liga 1,hinrunde,Rotom-H,rotomh,rotomheat,Hydronic,hydronic,Arktipico,arktipico,sheet_extracted,https://docs.google.com/spreadsheets/d/1B2uTMvWlAHb7WlpupJV1A2Hbi3K3U1vCyoFV0wCapcw/edit#gid=26363830;https://docs.google.com/spreadsheets/d/1B2uTMvWlAHb7WlpupJV1A2Hbi3K3U1vCyoFV0wCapcw/edit#gid=1953934700;https://docs.google.com/spreadsheets/d/1B2uTMvWlAHb7WlpupJV1A2Hbi3K3U1vCyoFV0wCapcw/edit#gid=1521895812
season_008,Liga 1,hinrunde,Schlurplek,schlurplek,lickilicky,Hydronic,hydronic,Arktipico,arktipico,sheet_extracted,https://docs.google.com/spreadsheets/d/1B2uTMvWlAHb7WlpupJV1A2Hbi3K3U1vCyoFV0wCapcw/edit#gid=26363830;https://docs.google.com/spreadsheets/d/1B2uTMvWlAHb7WlpupJV1A2Hbi3K3U1vCyoFV0wCapcw/edit#gid=1953934700;https://docs.google.com/spreadsheets/d/1B2uTMvWlAHb7WlpupJV1A2Hbi3K3U1vCyoFV0wCapcw/edit#gid=1521895812
season_008,Liga 1,hinrunde,Sniebel,sniebel,sneasel,Hydronic,hydronic,Arktipico,arktipico,sheet_extracted,https://docs.google.com/spreadsheets/d/1B2uTMvWlAHb7WlpupJV1A2Hbi3K3U1vCyoFV0wCapcw/edit#gid=26363830;https://docs.google.com/spreadsheets/d/1B2uTMvWlAHb7WlpupJV1A2Hbi3K3U1vCyoFV0wCapcw/edit#gid=1953934700;https://docs.google.com/spreadsheets/d/1B2uTMvWlAHb7WlpupJV1A2Hbi3K3U1vCyoFV0wCapcw/edit#gid=1521895812
season_008,Liga 1,rueckrunde,Sniebel,sniebel,sneasel,Hydronic,hydronic,Arktipico,arktipico,sheet_extracted,https://docs.google.com/spreadsheets/d/1B2uTMvWlAHb7WlpupJV1A2Hbi3K3U1vCyoFV0wCapcw/edit#gid=1521895812
season_008,Liga 1,rueckrunde,Wolwerock,wolwerock,lycanroc,Hydronic,hydronic,Arktipico,arktipico,sheet_extracted,https://docs.google.com/spreadsheets/d/1B2uTMvWlAHb7WlpupJV1A2Hbi3K3U1vCyoFV0wCapcw/edit#gid=26363830;https://docs.google.com/spreadsheets/d/1B2uTMvWlAHb7WlpupJV1A2Hbi3K3U1vCyoFV0wCapcw/edit#gid=1953934700;https://docs.google.com/spreadsheets/d/1B2uTMvWlAHb7WlpupJV1A2Hbi3K3U1vCyoFV0wCapcw/edit#gid=1521895812
season_008,Liga 2,rueckrunde,Boreos-I,boreosi,tornadus,KingBlex,kingblex,End Level Hydreigon,endlevelhydreigon,sheet_extracted,https://docs.google.com/spreadsheets/d/1B2uTMvWlAHb7WlpupJV1A2Hbi3K3U1vCyoFV0wCapcw/edit#gid=1846395979;https://docs.google.com/spreadsheets/d/1B2uTMvWlAHb7WlpupJV1A2Hbi3K3U1vCyoFV0wCapcw/edit#gid=419572953;https://docs.google.com/spreadsheets/d/1B2uTMvWlAHb7WlpupJV1A2Hbi3K3U1vCyoFV0wCapcw/edit#gid=1271313224
season_008,Liga 2,rueckrunde,Brockoloss,brockoloss,gigalith,KingBlex,kingblex,End Level Hydreigon,endlevelhydreigon,sheet_extracted,https://docs.google.com/spreadsheets/d/1B2uTMvWlAHb7WlpupJV1A2Hbi3K3U1vCyoFV0wCapcw/edit#gid=1846395979;https://docs.google.com/spreadsheets/d/1B2uTMvWlAHb7WlpupJV1A2Hbi3K3U1vCyoFV0wCapcw/edit#gid=419572953;https://docs.google.com/spreadsheets/d/1B2uTMvWlAHb7WlpupJV1A2Hbi3K3U1vCyoFV0wCapcw/edit#gid=1271313224
season_008,Liga 2,hinrunde,Donarion,donarion,vikavolt,KingBlex,kingblex,End Level Hydreigon,endlevelhydreigon,sheet_extracted,https://docs.google.com/spreadsheets/d/1B2uTMvWlAHb7WlpupJV1A2Hbi3K3U1vCyoFV0wCapcw/edit#gid=1846395979;https://docs.google.com/spreadsheets/d/1B2uTMvWlAHb7WlpupJV1A2Hbi3K3U1vCyoFV0wCapcw/edit#gid=419572953;https://docs.google.com/spreadsheets/d/1B2uTMvWlAHb7WlpupJV1A2Hbi3K3U1vCyoFV0wCapcw/edit#gid=1271313224
season_008,Liga 2,rueckrunde,Donarion,donarion,vikavolt,KingBlex,kingblex,End Level Hydreigon,endlevelhydreigon,sheet_extracted,https://docs.google.com/spreadsheets/d/1B2uTMvWlAHb7WlpupJV1A2Hbi3K3U1vCyoFV0wCapcw/edit#gid=1271313224
season_008,Liga 2,hinrunde,Durengard,durengard,aegislash,KingBlex,kingblex,End Level Hydreigon,endlevelhydreigon,sheet_extracted,https://docs.google.com/spreadsheets/d/1B2uTMvWlAHb7WlpupJV1A2Hbi3K3U1vCyoFV0wCapcw/edit#gid=1846395979;https://docs.google.com/spreadsheets/d/1B2uTMvWlAHb7WlpupJV1A2Hbi3K3U1vCyoFV0wCapcw/edit#gid=419572953;https://docs.google.com/spreadsheets/d/1B2uTMvWlAHb7WlpupJV1A2Hbi3K3U1vCyoFV0wCapcw/edit#gid=1271313224
season_008,Liga 2,hinrunde,Flunschlik,flunschlik,stunfisk,KingBlex,kingblex,End Level Hydreigon,endlevelhydreigon,sheet_extracted,https://docs.google.com/spreadsheets/d/1B2uTMvWlAHb7WlpupJV1A2Hbi3K3U1vCyoFV0wCapcw/edit#gid=1846395979;https://docs.google.com/spreadsheets/d/1B2uTMvWlAHb7WlpupJV1A2Hbi3K3U1vCyoFV0wCapcw/edit#gid=419572953;https://docs.google.com/spreadsheets/d/1B2uTMvWlAHb7WlpupJV1A2Hbi3K3U1vCyoFV0wCapcw/edit#gid=1271313224
season_008,Liga 2,rueckrunde,Flunschlik,flunschlik,stunfisk,KingBlex,kingblex,End Level Hydreigon,endlevelhydreigon,sheet_extracted,https://docs.google.com/spreadsheets/d/1B2uTMvWlAHb7WlpupJV1A2Hbi3K3U1vCyoFV0wCapcw/edit#gid=1271313224
season_008,Liga 2,hinrunde,Hutsassa,hutsassa,amoonguss,KingBlex,kingblex,End Level Hydreigon,endlevelhydreigon,sheet_extracted,https://docs.google.com/spreadsheets/d/1B2uTMvWlAHb7WlpupJV1A2Hbi3K3U1vCyoFV0wCapcw/edit#gid=1846395979;https://docs.google.com/spreadsheets/d/1B2uTMvWlAHb7WlpupJV1A2Hbi3K3U1vCyoFV0wCapcw/edit#gid=419572953;https://docs.google.com/spreadsheets/d/1B2uTMvWlAHb7WlpupJV1A2Hbi3K3U1vCyoFV0wCapcw/edit#gid=1271313224
season_008,Liga 2,rueckrunde,Hutsassa,hutsassa,amoonguss,KingBlex,kingblex,End Level Hydreigon,endlevelhydreigon,sheet_extracted,https://docs.google.com/spreadsheets/d/1B2uTMvWlAHb7WlpupJV1A2Hbi3K3U1vCyoFV0wCapcw/edit#gid=1271313224
season_008,Liga 2,hinrunde,Laschoking,laschoking,slowking,KingBlex,kingblex,End Level Hydreigon,endlevelhydreigon,sheet_extracted,https://docs.google.com/spreadsheets/d/1B2uTMvWlAHb7WlpupJV1A2Hbi3K3U1vCyoFV0wCapcw/edit#gid=1846395979;https://docs.google.com/spreadsheets/d/1B2uTMvWlAHb7WlpupJV1A2Hbi3K3U1vCyoFV0wCapcw/edit#gid=419572953;https://docs.google.com/spreadsheets/d/1B2uTMvWlAHb7WlpupJV1A2Hbi3K3U1vCyoFV0wCapcw/edit#gid=1271313224
season_008,Liga 2,rueckrunde,Laschoking,laschoking,slowking,KingBlex,kingblex,End Level Hydreigon,endlevelhydreigon,sheet_extracted,https://docs.google.com/spreadsheets/d/1B2uTMvWlAHb7WlpupJV1A2Hbi3K3U1vCyoFV0wCapcw/edit#gid=1271313224
season_008,Liga 2,hinrunde,Libelldra,libelldra,flygon,KingBlex,kingblex,End Level Hydreigon,endlevelhydreigon,sheet_extracted,https://docs.google.com/spreadsheets/d/1B2uTMvWlAHb7WlpupJV1A2Hbi3K3U1vCyoFV0wCapcw/edit#gid=1846395979;https://docs.google.com/spreadsheets/d/1B2uTMvWlAHb7WlpupJV1A2Hbi3K3U1vCyoFV0wCapcw/edit#gid=419572953;https://docs.google.com/spreadsheets/d/1B2uTMvWlAHb7WlpupJV1A2Hbi3K3U1vCyoFV0wCapcw/edit#gid=1271313224
season_008,Liga 2,hinrunde,Piepi,piepi,clefairy,KingBlex,kingblex,End Level Hydreigon,endlevelhydreigon,sheet_extracted,https://docs.google.com/spreadsheets/d/1B2uTMvWlAHb7WlpupJV1A2Hbi3K3U1vCyoFV0wCapcw/edit#gid=1846395979;https://docs.google.com/spreadsheets/d/1B2uTMvWlAHb7WlpupJV1A2Hbi3K3U1vCyoFV0wCapcw/edit#gid=419572953;https://docs.google.com/spreadsheets/d/1B2uTMvWlAHb7WlpupJV1A2Hbi3K3U1vCyoFV0wCapcw/edit#gid=1271313224
season_008,Liga 2,rueckrunde,Piepi,piepi,clefairy,KingBlex,kingblex,End Level Hydreigon,endlevelhydreigon,sheet_extracted,https://docs.google.com/spreadsheets/d/1B2uTMvWlAHb7WlpupJV1A2Hbi3K3U1vCyoFV0wCapcw/edit#gid=1271313224
season_008,Liga 2,hinrunde,Snibunna,snibunna,weavile,KingBlex,kingblex,End Level Hydreigon,endlevelhydreigon,sheet_extracted,https://docs.google.com/spreadsheets/d/1B2uTMvWlAHb7WlpupJV1A2Hbi3K3U1vCyoFV0wCapcw/edit#gid=1846395979;https://docs.google.com/spreadsheets/d/1B2uTMvWlAHb7WlpupJV1A2Hbi3K3U1vCyoFV0wCapcw/edit#gid=419572953;https://docs.google.com/spreadsheets/d/1B2uTMvWlAHb7WlpupJV1A2Hbi3K3U1vCyoFV0wCapcw/edit#gid=1271313224
season_008,Liga 2,rueckrunde,Snibunna,snibunna,weavile,KingBlex,kingblex,End Level Hydreigon,endlevelhydreigon,sheet_extracted,https://docs.google.com/spreadsheets/d/1B2uTMvWlAHb7WlpupJV1A2Hbi3K3U1vCyoFV0wCapcw/edit#gid=1271313224
season_008,Liga 2,rueckrunde,Stalobor,stalobor,excadrill,KingBlex,kingblex,End Level Hydreigon,endlevelhydreigon,sheet_extracted,https://docs.google.com/spreadsheets/d/1B2uTMvWlAHb7WlpupJV1A2Hbi3K3U1vCyoFV0wCapcw/edit#gid=1846395979;https://docs.google.com/spreadsheets/d/1B2uTMvWlAHb7WlpupJV1A2Hbi3K3U1vCyoFV0wCapcw/edit#gid=419572953;https://docs.google.com/spreadsheets/d/1B2uTMvWlAHb7WlpupJV1A2Hbi3K3U1vCyoFV0wCapcw/edit#gid=1271313224
season_008,Liga 2,hinrunde,Tohaido,tohaido,sharpedo,KingBlex,kingblex,End Level Hydreigon,endlevelhydreigon,sheet_extracted,https://docs.google.com/spreadsheets/d/1B2uTMvWlAHb7WlpupJV1A2Hbi3K3U1vCyoFV0wCapcw/edit#gid=1846395979;https://docs.google.com/spreadsheets/d/1B2uTMvWlAHb7WlpupJV1A2Hbi3K3U1vCyoFV0wCapcw/edit#gid=419572953;https://docs.google.com/spreadsheets/d/1B2uTMvWlAHb7WlpupJV1A2Hbi3K3U1vCyoFV0wCapcw/edit#gid=1271313224
season_008,Liga 2,rueckrunde,Tohaido,tohaido,sharpedo,KingBlex,kingblex,End Level Hydreigon,endlevelhydreigon,sheet_extracted,https://docs.google.com/spreadsheets/d/1B2uTMvWlAHb7WlpupJV1A2Hbi3K3U1vCyoFV0wCapcw/edit#gid=1271313224
season_008,Liga 2,hinrunde,Washakwil,washakwil,braviary,KingBlex,kingblex,End Level Hydreigon,endlevelhydreigon,sheet_extracted,https://docs.google.com/spreadsheets/d/1B2uTMvWlAHb7WlpupJV1A2Hbi3K3U1vCyoFV0wCapcw/edit#gid=1846395979;https://docs.google.com/spreadsheets/d/1B2uTMvWlAHb7WlpupJV1A2Hbi3K3U1vCyoFV0wCapcw/edit#gid=419572953;https://docs.google.com/spreadsheets/d/1B2uTMvWlAHb7WlpupJV1A2Hbi3K3U1vCyoFV0wCapcw/edit#gid=1271313224
season_008,Liga 2,hinrunde,Wie-Shu,wieshu,mienshao,KingBlex,kingblex,End Level Hydreigon,endlevelhydreigon,sheet_extracted,https://docs.google.com/spreadsheets/d/1B2uTMvWlAHb7WlpupJV1A2Hbi3K3U1vCyoFV0wCapcw/edit#gid=1846395979;https://docs.google.com/spreadsheets/d/1B2uTMvWlAHb7WlpupJV1A2Hbi3K3U1vCyoFV0wCapcw/edit#gid=419572953;https://docs.google.com/spreadsheets/d/1B2uTMvWlAHb7WlpupJV1A2Hbi3K3U1vCyoFV0wCapcw/edit#gid=1271313224
season_008,Liga 2,rueckrunde,Wie-Shu,wieshu,mienshao,KingBlex,kingblex,End Level Hydreigon,endlevelhydreigon,sheet_extracted,https://docs.google.com/spreadsheets/d/1B2uTMvWlAHb7WlpupJV1A2Hbi3K3U1vCyoFV0wCapcw/edit#gid=1271313224
season_008,Liga 2,hinrunde,Alola Snobilikat,alolasnobilikat,persianalola,Maxi von Vogel,maxivonvogel,Rexcalybur,rexcalybur,sheet_extracted,https://docs.google.com/spreadsheets/d/1B2uTMvWlAHb7WlpupJV1A2Hbi3K3U1vCyoFV0wCapcw/edit#gid=1846395979;https://docs.google.com/spreadsheets/d/1B2uTMvWlAHb7WlpupJV1A2Hbi3K3U1vCyoFV0wCapcw/edit#gid=419572953;https://docs.google.com/spreadsheets/d/1B2uTMvWlAHb7WlpupJV1A2Hbi3K3U1vCyoFV0wCapcw/edit#gid=1271313224
season_008,Liga 2,rueckrunde,Alola Snobilikat,alolasnobilikat,persianalola,Maxi von Vogel,maxivonvogel,Rexcalybur,rexcalybur,sheet_extracted,https://docs.google.com/spreadsheets/d/1B2uTMvWlAHb7WlpupJV1A2Hbi3K3U1vCyoFV0wCapcw/edit#gid=1271313224
season_008,Liga 2,hinrunde,Azumarill,azumarill,azumarill,Maxi von Vogel,maxivonvogel,Rexcalybur,rexcalybur,sheet_extracted,https://docs.google.com/spreadsheets/d/1B2uTMvWlAHb7WlpupJV1A2Hbi3K3U1vCyoFV0wCapcw/edit#gid=1846395979;https://docs.google.com/spreadsheets/d/1B2uTMvWlAHb7WlpupJV1A2Hbi3K3U1vCyoFV0wCapcw/edit#gid=419572953;https://docs.google.com/spreadsheets/d/1B2uTMvWlAHb7WlpupJV1A2Hbi3K3U1vCyoFV0wCapcw/edit#gid=1271313224
season_008,Liga 2,hinrunde,Celebi,celebi,celebi,Maxi von Vogel,maxivonvogel,Rexcalybur,rexcalybur,sheet_extracted,https://docs.google.com/spreadsheets/d/1B2uTMvWlAHb7WlpupJV1A2Hbi3K3U1vCyoFV0wCapcw/edit#gid=1846395979;https://docs.google.com/spreadsheets/d/1B2uTMvWlAHb7WlpupJV1A2Hbi3K3U1vCyoFV0wCapcw/edit#gid=419572953;https://docs.google.com/spreadsheets/d/1B2uTMvWlAHb7WlpupJV1A2Hbi3K3U1vCyoFV0wCapcw/edit#gid=1271313224
season_008,Liga 2,hinrunde,Demeteros-T,demeterost,landorustherian,Maxi von Vogel,maxivonvogel,Rexcalybur,rexcalybur,sheet_extracted,https://docs.google.com/spreadsheets/d/1B2uTMvWlAHb7WlpupJV1A2Hbi3K3U1vCyoFV0wCapcw/edit#gid=1846395979;https://docs.google.com/spreadsheets/d/1B2uTMvWlAHb7WlpupJV1A2Hbi3K3U1vCyoFV0wCapcw/edit#gid=419572953;https://docs.google.com/spreadsheets/d/1B2uTMvWlAHb7WlpupJV1A2Hbi3K3U1vCyoFV0wCapcw/edit#gid=1271313224
season_008,Liga 2,rueckrunde,Demeteros-T,demeterost,landorustherian,Maxi von Vogel,maxivonvogel,Rexcalybur,rexcalybur,sheet_extracted,https://docs.google.com/spreadsheets/d/1B2uTMvWlAHb7WlpupJV1A2Hbi3K3U1vCyoFV0wCapcw/edit#gid=1271313224
season_008,Liga 2,rueckrunde,Gelatwino,gelatwino,vanilluxe,Maxi von Vogel,maxivonvogel,Rexcalybur,rexcalybur,sheet_extracted,https://docs.google.com/spreadsheets/d/1B2uTMvWlAHb7WlpupJV1A2Hbi3K3U1vCyoFV0wCapcw/edit#gid=1846395979;https://docs.google.com/spreadsheets/d/1B2uTMvWlAHb7WlpupJV1A2Hbi3K3U1vCyoFV0wCapcw/edit#gid=419572953;https://docs.google.com/spreadsheets/d/1B2uTMvWlAHb7WlpupJV1A2Hbi3K3U1vCyoFV0wCapcw/edit#gid=1271313224
season_008,Liga 2,hinrunde,Gorgasonn,gorgasonn,cursola,Maxi von Vogel,maxivonvogel,Rexcalybur,rexcalybur,sheet_extracted,https://docs.google.com/spreadsheets/d/1B2uTMvWlAHb7WlpupJV1A2Hbi3K3U1vCyoFV0wCapcw/edit#gid=1846395979;https://docs.google.com/spreadsheets/d/1B2uTMvWlAHb7WlpupJV1A2Hbi3K3U1vCyoFV0wCapcw/edit#gid=419572953;https://docs.google.com/spreadsheets/d/1B2uTMvWlAHb7WlpupJV1A2Hbi3K3U1vCyoFV0wCapcw/edit#gid=1271313224
season_008,Liga 2,rueckrunde,Gorgasonn,gorgasonn,cursola,Maxi von Vogel,maxivonvogel,Rexcalybur,rexcalybur,sheet_extracted,https://docs.google.com/spreadsheets/d/1B2uTMvWlAHb7WlpupJV1A2Hbi3K3U1vCyoFV0wCapcw/edit#gid=1271313224
season_008,Liga 2,hinrunde,Grandiras,grandiras,kommoo,Maxi von Vogel,maxivonvogel,Rexcalybur,rexcalybur,sheet_extracted,https://docs.google.com/spreadsheets/d/1B2uTMvWlAHb7WlpupJV1A2Hbi3K3U1vCyoFV0wCapcw/edit#gid=1846395979;https://docs.google.com/spreadsheets/d/1B2uTMvWlAHb7WlpupJV1A2Hbi3K3U1vCyoFV0wCapcw/edit#gid=419572953;https://docs.google.com/spreadsheets/d/1B2uTMvWlAHb7WlpupJV1A2Hbi3K3U1vCyoFV0wCapcw/edit#gid=1271313224
season_008,Liga 2,hinrunde,Iksbat,iksbat,crobat,Maxi von Vogel,maxivonvogel,Rexcalybur,rexcalybur,sheet_extracted,https://docs.google.com/spreadsheets/d/1B2uTMvWlAHb7WlpupJV1A2Hbi3K3U1vCyoFV0wCapcw/edit#gid=1846395979;https://docs.google.com/spreadsheets/d/1B2uTMvWlAHb7WlpupJV1A2Hbi3K3U1vCyoFV0wCapcw/edit#gid=419572953;https://docs.google.com/spreadsheets/d/1B2uTMvWlAHb7WlpupJV1A2Hbi3K3U1vCyoFV0wCapcw/edit#gid=1271313224
season_008,Liga 2,rueckrunde,Iksbat,iksbat,crobat,Maxi von Vogel,maxivonvogel,Rexcalybur,rexcalybur,sheet_extracted,https://docs.google.com/spreadsheets/d/1B2uTMvWlAHb7WlpupJV1A2Hbi3K3U1vCyoFV0wCapcw/edit#gid=1271313224
season_008,Liga 2,hinrunde,Jirachi,jirachi,jirachi,Maxi von Vogel,maxivonvogel,Rexcalybur,rexcalybur,sheet_extracted,https://docs.google.com/spreadsheets/d/1B2uTMvWlAHb7WlpupJV1A2Hbi3K3U1vCyoFV0wCapcw/edit#gid=1846395979;https://docs.google.com/spreadsheets/d/1B2uTMvWlAHb7WlpupJV1A2Hbi3K3U1vCyoFV0wCapcw/edit#gid=419572953;https://docs.google.com/spreadsheets/d/1B2uTMvWlAHb7WlpupJV1A2Hbi3K3U1vCyoFV0wCapcw/edit#gid=1271313224
season_008,Liga 2,rueckrunde,Jirachi,jirachi,jirachi,Maxi von Vogel,maxivonvogel,Rexcalybur,rexcalybur,sheet_extracted,https://docs.google.com/spreadsheets/d/1B2uTMvWlAHb7WlpupJV1A2Hbi3K3U1vCyoFV0wCapcw/edit#gid=1271313224
season_008,Liga 2,rueckrunde,Maxax,maxax,haxorus,Maxi von Vogel,maxivonvogel,Rexcalybur,rexcalybur,sheet_extracted,https://docs.google.com/spreadsheets/d/1B2uTMvWlAHb7WlpupJV1A2Hbi3K3U1vCyoFV0wCapcw/edit#gid=1846395979;https://docs.google.com/spreadsheets/d/1B2uTMvWlAHb7WlpupJV1A2Hbi3K3U1vCyoFV0wCapcw/edit#gid=419572953;https://docs.google.com/spreadsheets/d/1B2uTMvWlAHb7WlpupJV1A2Hbi3K3U1vCyoFV0wCapcw/edit#gid=1271313224
season_008,Liga 2,hinrunde,Riffex-Hoch,riffexhoch,toxtricity,Maxi von Vogel,maxivonvogel,Rexcalybur,rexcalybur,sheet_extracted,https://docs.google.com/spreadsheets/d/1B2uTMvWlAHb7WlpupJV1A2Hbi3K3U1vCyoFV0wCapcw/edit#gid=1846395979;https://docs.google.com/spreadsheets/d/1B2uTMvWlAHb7WlpupJV1A2Hbi3K3U1vCyoFV0wCapcw/edit#gid=419572953;https://docs.google.com/spreadsheets/d/1B2uTMvWlAHb7WlpupJV1A2Hbi3K3U1vCyoFV0wCapcw/edit#gid=1271313224
season_008,Liga 2,rueckrunde,Riffex-Hoch,riffexhoch,toxtricity,Maxi von Vogel,maxivonvogel,Rexcalybur,rexcalybur,sheet_extracted,https://docs.google.com/spreadsheets/d/1B2uTMvWlAHb7WlpupJV1A2Hbi3K3U1vCyoFV0wCapcw/edit#gid=1271313224
season_008,Liga 2,hinrunde,Schnuthelm,schnuthelm,shelmet,Maxi von Vogel,maxivonvogel,Rexcalybur,rexcalybur,sheet_extracted,https://docs.google.com/spreadsheets/d/1B2uTMvWlAHb7WlpupJV1A2Hbi3K3U1vCyoFV0wCapcw/edit#gid=1846395979;https://docs.google.com/spreadsheets/d/1B2uTMvWlAHb7WlpupJV1A2Hbi3K3U1vCyoFV0wCapcw/edit#gid=419572953;https://docs.google.com/spreadsheets/d/1B2uTMvWlAHb7WlpupJV1A2Hbi3K3U1vCyoFV0wCapcw/edit#gid=1271313224
season_008,Liga 2,rueckrunde,Schnuthelm,schnuthelm,shelmet,Maxi von Vogel,maxivonvogel,Rexcalybur,rexcalybur,sheet_extracted,https://docs.google.com/spreadsheets/d/1B2uTMvWlAHb7WlpupJV1A2Hbi3K3U1vCyoFV0wCapcw/edit#gid=1271313224
season_008,Liga 2,rueckrunde,Typ:Null,typnull,typenull,Maxi von Vogel,maxivonvogel,Rexcalybur,rexcalybur,sheet_extracted,https://docs.google.com/spreadsheets/d/1B2uTMvWlAHb7WlpupJV1A2Hbi3K3U1vCyoFV0wCapcw/edit#gid=1846395979;https://docs.google.com/spreadsheets/d/1B2uTMvWlAHb7WlpupJV1A2Hbi3K3U1vCyoFV0wCapcw/edit#gid=419572953;https://docs.google.com/spreadsheets/d/1B2uTMvWlAHb7WlpupJV1A2Hbi3K3U1vCyoFV0wCapcw/edit#gid=1271313224
season_008,Liga 2,rueckrunde,Volcanion,volcanion,volcanion,Maxi von Vogel,maxivonvogel,Rexcalybur,rexcalybur,sheet_extracted,https://docs.google.com/spreadsheets/d/1B2uTMvWlAHb7WlpupJV1A2Hbi3K3U1vCyoFV0wCapcw/edit#gid=1846395979;https://docs.google.com/spreadsheets/d/1B2uTMvWlAHb7WlpupJV1A2Hbi3K3U1vCyoFV0wCapcw/edit#gid=419572953;https://docs.google.com/spreadsheets/d/1B2uTMvWlAHb7WlpupJV1A2Hbi3K3U1vCyoFV0wCapcw/edit#gid=1271313224
season_008,Liga 2,hinrunde,Wolwerock (Nacht),wolwerocknacht,lycanrocmidnight,Maxi von Vogel,maxivonvogel,Rexcalybur,rexcalybur,sheet_extracted,https://docs.google.com/spreadsheets/d/1B2uTMvWlAHb7WlpupJV1A2Hbi3K3U1vCyoFV0wCapcw/edit#gid=1846395979;https://docs.google.com/spreadsheets/d/1B2uTMvWlAHb7WlpupJV1A2Hbi3K3U1vCyoFV0wCapcw/edit#gid=419572953;https://docs.google.com/spreadsheets/d/1B2uTMvWlAHb7WlpupJV1A2Hbi3K3U1vCyoFV0wCapcw/edit#gid=1271313224
season_008,Liga 1,rueckrunde,Amigento-Typ:Unlicht,amigentotypunlicht,silvallydark,Nestfloh,nestfloh,Flutschige Zäpfchen,flutschigezapfchen,sheet_extracted,https://docs.google.com/spreadsheets/d/1B2uTMvWlAHb7WlpupJV1A2Hbi3K3U1vCyoFV0wCapcw/edit#gid=26363830;https://docs.google.com/spreadsheets/d/1B2uTMvWlAHb7WlpupJV1A2Hbi3K3U1vCyoFV0wCapcw/edit#gid=1953934700;https://docs.google.com/spreadsheets/d/1B2uTMvWlAHb7WlpupJV1A2Hbi3K3U1vCyoFV0wCapcw/edit#gid=1521895812
season_008,Liga 1,hinrunde,Arkani,arkani,arcanine,Nestfloh,nestfloh,Flutschige Zäpfchen,flutschigezapfchen,sheet_extracted,https://docs.google.com/spreadsheets/d/1B2uTMvWlAHb7WlpupJV1A2Hbi3K3U1vCyoFV0wCapcw/edit#gid=26363830;https://docs.google.com/spreadsheets/d/1B2uTMvWlAHb7WlpupJV1A2Hbi3K3U1vCyoFV0wCapcw/edit#gid=1953934700;https://docs.google.com/spreadsheets/d/1B2uTMvWlAHb7WlpupJV1A2Hbi3K3U1vCyoFV0wCapcw/edit#gid=1521895812
season_008,Liga 1,rueckrunde,Arkani,arkani,arcanine,Nestfloh,nestfloh,Flutschige Zäpfchen,flutschigezapfchen,sheet_extracted,https://docs.google.com/spreadsheets/d/1B2uTMvWlAHb7WlpupJV1A2Hbi3K3U1vCyoFV0wCapcw/edit#gid=1521895812
season_008,Liga 1,hinrunde,Barrakiefa,barrakiefa,barraskewda,Nestfloh,nestfloh,Flutschige Zäpfchen,flutschigezapfchen,sheet_extracted,https://docs.google.com/spreadsheets/d/1B2uTMvWlAHb7WlpupJV1A2Hbi3K3U1vCyoFV0wCapcw/edit#gid=26363830;https://docs.google.com/spreadsheets/d/1B2uTMvWlAHb7WlpupJV1A2Hbi3K3U1vCyoFV0wCapcw/edit#gid=1953934700;https://docs.google.com/spreadsheets/d/1B2uTMvWlAHb7WlpupJV1A2Hbi3K3U1vCyoFV0wCapcw/edit#gid=1521895812
season_008,Liga 1,rueckrunde,Barrakiefa,barrakiefa,barraskewda,Nestfloh,nestfloh,Flutschige Zäpfchen,flutschigezapfchen,sheet_extracted,https://docs.google.com/spreadsheets/d/1B2uTMvWlAHb7WlpupJV1A2Hbi3K3U1vCyoFV0wCapcw/edit#gid=1521895812
season_008,Liga 1,hinrunde,Bisofank,bisofank,bouffalant,Nestfloh,nestfloh,Flutschige Zäpfchen,flutschigezapfchen,sheet_extracted,https://docs.google.com/spreadsheets/d/1B2uTMvWlAHb7WlpupJV1A2Hbi3K3U1vCyoFV0wCapcw/edit#gid=26363830;https://docs.google.com/spreadsheets/d/1B2uTMvWlAHb7WlpupJV1A2Hbi3K3U1vCyoFV0wCapcw/edit#gid=1953934700;https://docs.google.com/spreadsheets/d/1B2uTMvWlAHb7WlpupJV1A2Hbi3K3U1vCyoFV0wCapcw/edit#gid=1521895812
season_008,Liga 1,hinrunde,Elfun,elfun,whimsicott,Nestfloh,nestfloh,Flutschige Zäpfchen,flutschigezapfchen,sheet_extracted,https://docs.google.com/spreadsheets/d/1B2uTMvWlAHb7WlpupJV1A2Hbi3K3U1vCyoFV0wCapcw/edit#gid=26363830;https://docs.google.com/spreadsheets/d/1B2uTMvWlAHb7WlpupJV1A2Hbi3K3U1vCyoFV0wCapcw/edit#gid=1953934700;https://docs.google.com/spreadsheets/d/1B2uTMvWlAHb7WlpupJV1A2Hbi3K3U1vCyoFV0wCapcw/edit#gid=1521895812
season_008,Liga 1,rueckrunde,Elfun,elfun,whimsicott,Nestfloh,nestfloh,Flutschige Zäpfchen,flutschigezapfchen,sheet_extracted,https://docs.google.com/spreadsheets/d/1B2uTMvWlAHb7WlpupJV1A2Hbi3K3U1vCyoFV0wCapcw/edit#gid=1521895812
season_008,Liga 1,hinrunde,Fruyal,fruyal,tsareena,Nestfloh,nestfloh,Flutschige Zäpfchen,flutschigezapfchen,sheet_extracted,https://docs.google.com/spreadsheets/d/1B2uTMvWlAHb7WlpupJV1A2Hbi3K3U1vCyoFV0wCapcw/edit#gid=26363830;https://docs.google.com/spreadsheets/d/1B2uTMvWlAHb7WlpupJV1A2Hbi3K3U1vCyoFV0wCapcw/edit#gid=1953934700;https://docs.google.com/spreadsheets/d/1B2uTMvWlAHb7WlpupJV1A2Hbi3K3U1vCyoFV0wCapcw/edit#gid=1521895812
season_008,Liga 1,hinrunde,Kaguron,kaguron,celesteela,Nestfloh,nestfloh,Flutschige Zäpfchen,flutschigezapfchen,sheet_extracted,https://docs.google.com/spreadsheets/d/1B2uTMvWlAHb7WlpupJV1A2Hbi3K3U1vCyoFV0wCapcw/edit#gid=26363830;https://docs.google.com/spreadsheets/d/1B2uTMvWlAHb7WlpupJV1A2Hbi3K3U1vCyoFV0wCapcw/edit#gid=1953934700;https://docs.google.com/spreadsheets/d/1B2uTMvWlAHb7WlpupJV1A2Hbi3K3U1vCyoFV0wCapcw/edit#gid=1521895812
season_008,Liga 1,rueckrunde,Krarmor,krarmor,corviknight,Nestfloh,nestfloh,Flutschige Zäpfchen,flutschigezapfchen,sheet_extracted,https://docs.google.com/spreadsheets/d/1B2uTMvWlAHb7WlpupJV1A2Hbi3K3U1vCyoFV0wCapcw/edit#gid=26363830;https://docs.google.com/spreadsheets/d/1B2uTMvWlAHb7WlpupJV1A2Hbi3K3U1vCyoFV0wCapcw/edit#gid=1953934700;https://docs.google.com/spreadsheets/d/1B2uTMvWlAHb7WlpupJV1A2Hbi3K3U1vCyoFV0wCapcw/edit#gid=1521895812
season_008,Liga 1,hinrunde,Kyurem,kyurem,kyurem,Nestfloh,nestfloh,Flutschige Zäpfchen,flutschigezapfchen,sheet_extracted,https://docs.google.com/spreadsheets/d/1B2uTMvWlAHb7WlpupJV1A2Hbi3K3U1vCyoFV0wCapcw/edit#gid=26363830;https://docs.google.com/spreadsheets/d/1B2uTMvWlAHb7WlpupJV1A2Hbi3K3U1vCyoFV0wCapcw/edit#gid=1953934700;https://docs.google.com/spreadsheets/d/1B2uTMvWlAHb7WlpupJV1A2Hbi3K3U1vCyoFV0wCapcw/edit#gid=1521895812
season_008,Liga 1,rueckrunde,Kyurem,kyurem,kyurem,Nestfloh,nestfloh,Flutschige Zäpfchen,flutschigezapfchen,sheet_extracted,https://docs.google.com/spreadsheets/d/1B2uTMvWlAHb7WlpupJV1A2Hbi3K3U1vCyoFV0wCapcw/edit#gid=1521895812
season_008,Liga 1,hinrunde,Raichu,raichu,raichu,Nestfloh,nestfloh,Flutschige Zäpfchen,flutschigezapfchen,sheet_extracted,https://docs.google.com/spreadsheets/d/1B2uTMvWlAHb7WlpupJV1A2Hbi3K3U1vCyoFV0wCapcw/edit#gid=26363830;https://docs.google.com/spreadsheets/d/1B2uTMvWlAHb7WlpupJV1A2Hbi3K3U1vCyoFV0wCapcw/edit#gid=1953934700;https://docs.google.com/spreadsheets/d/1B2uTMvWlAHb7WlpupJV1A2Hbi3K3U1vCyoFV0wCapcw/edit#gid=1521895812
season_008,Liga 1,hinrunde,Silembrim,silembrim,hatterene,Nestfloh,nestfloh,Flutschige Zäpfchen,flutschigezapfchen,sheet_extracted,https://docs.google.com/spreadsheets/d/1B2uTMvWlAHb7WlpupJV1A2Hbi3K3U1vCyoFV0wCapcw/edit#gid=26363830;https://docs.google.com/spreadsheets/d/1B2uTMvWlAHb7WlpupJV1A2Hbi3K3U1vCyoFV0wCapcw/edit#gid=1953934700;https://docs.google.com/spreadsheets/d/1B2uTMvWlAHb7WlpupJV1A2Hbi3K3U1vCyoFV0wCapcw/edit#gid=1521895812
season_008,Liga 1,rueckrunde,Silembrim,silembrim,hatterene,Nestfloh,nestfloh,Flutschige Zäpfchen,flutschigezapfchen,sheet_extracted,https://docs.google.com/spreadsheets/d/1B2uTMvWlAHb7WlpupJV1A2Hbi3K3U1vCyoFV0wCapcw/edit#gid=1521895812
season_008,Liga 1,hinrunde,Sumpex,sumpex,swampert,Nestfloh,nestfloh,Flutschige Zäpfchen,flutschigezapfchen,sheet_extracted,https://docs.google.com/spreadsheets/d/1B2uTMvWlAHb7WlpupJV1A2Hbi3K3U1vCyoFV0wCapcw/edit#gid=26363830;https://docs.google.com/spreadsheets/d/1B2uTMvWlAHb7WlpupJV1A2Hbi3K3U1vCyoFV0wCapcw/edit#gid=1953934700;https://docs.google.com/spreadsheets/d/1B2uTMvWlAHb7WlpupJV1A2Hbi3K3U1vCyoFV0wCapcw/edit#gid=1521895812
season_008,Liga 1,rueckrunde,Sumpex,sumpex,swampert,Nestfloh,nestfloh,Flutschige Zäpfchen,flutschigezapfchen,sheet_extracted,https://docs.google.com/spreadsheets/d/1B2uTMvWlAHb7WlpupJV1A2Hbi3K3U1vCyoFV0wCapcw/edit#gid=1521895812
season_008,Liga 1,hinrunde,Terrakium,terrakium,terrakion,Nestfloh,nestfloh,Flutschige Zäpfchen,flutschigezapfchen,sheet_extracted,https://docs.google.com/spreadsheets/d/1B2uTMvWlAHb7WlpupJV1A2Hbi3K3U1vCyoFV0wCapcw/edit#gid=26363830;https://docs.google.com/spreadsheets/d/1B2uTMvWlAHb7WlpupJV1A2Hbi3K3U1vCyoFV0wCapcw/edit#gid=1953934700;https://docs.google.com/spreadsheets/d/1B2uTMvWlAHb7WlpupJV1A2Hbi3K3U1vCyoFV0wCapcw/edit#gid=1521895812
season_008,Liga 1,rueckrunde,Terrakium,terrakium,terrakion,Nestfloh,nestfloh,Flutschige Zäpfchen,flutschigezapfchen,sheet_extracted,https://docs.google.com/spreadsheets/d/1B2uTMvWlAHb7WlpupJV1A2Hbi3K3U1vCyoFV0wCapcw/edit#gid=1521895812
season_008,Liga 1,rueckrunde,Trombork,trombork,trevenant,Nestfloh,nestfloh,Flutschige Zäpfchen,flutschigezapfchen,sheet_extracted,https://docs.google.com/spreadsheets/d/1B2uTMvWlAHb7WlpupJV1A2Hbi3K3U1vCyoFV0wCapcw/edit#gid=26363830;https://docs.google.com/spreadsheets/d/1B2uTMvWlAHb7WlpupJV1A2Hbi3K3U1vCyoFV0wCapcw/edit#gid=1953934700;https://docs.google.com/spreadsheets/d/1B2uTMvWlAHb7WlpupJV1A2Hbi3K3U1vCyoFV0wCapcw/edit#gid=1521895812
season_008,Liga 1,rueckrunde,Voltula,voltula,galvantula,Nestfloh,nestfloh,Flutschige Zäpfchen,flutschigezapfchen,sheet_extracted,https://docs.google.com/spreadsheets/d/1B2uTMvWlAHb7WlpupJV1A2Hbi3K3U1vCyoFV0wCapcw/edit#gid=26363830;https://docs.google.com/spreadsheets/d/1B2uTMvWlAHb7WlpupJV1A2Hbi3K3U1vCyoFV0wCapcw/edit#gid=1953934700;https://docs.google.com/spreadsheets/d/1B2uTMvWlAHb7WlpupJV1A2Hbi3K3U1vCyoFV0wCapcw/edit#gid=1521895812
season_008,Liga 2,rueckrunde,Bronzong,bronzong,bronzong,OGDNZ,ogdnz,Chasing Cinderaces,chasingcinderaces,sheet_extracted,https://docs.google.com/spreadsheets/d/1B2uTMvWlAHb7WlpupJV1A2Hbi3K3U1vCyoFV0wCapcw/edit#gid=1846395979;https://docs.google.com/spreadsheets/d/1B2uTMvWlAHb7WlpupJV1A2Hbi3K3U1vCyoFV0wCapcw/edit#gid=419572953;https://docs.google.com/spreadsheets/d/1B2uTMvWlAHb7WlpupJV1A2Hbi3K3U1vCyoFV0wCapcw/edit#gid=1271313224
season_008,Liga 2,hinrunde,Cerapendra,cerapendra,scolipede,OGDNZ,ogdnz,Chasing Cinderaces,chasingcinderaces,sheet_extracted,https://docs.google.com/spreadsheets/d/1B2uTMvWlAHb7WlpupJV1A2Hbi3K3U1vCyoFV0wCapcw/edit#gid=1846395979;https://docs.google.com/spreadsheets/d/1B2uTMvWlAHb7WlpupJV1A2Hbi3K3U1vCyoFV0wCapcw/edit#gid=419572953;https://docs.google.com/spreadsheets/d/1B2uTMvWlAHb7WlpupJV1A2Hbi3K3U1vCyoFV0wCapcw/edit#gid=1271313224
season_008,Liga 2,rueckrunde,Cerapendra,cerapendra,scolipede,OGDNZ,ogdnz,Chasing Cinderaces,chasingcinderaces,sheet_extracted,https://docs.google.com/spreadsheets/d/1B2uTMvWlAHb7WlpupJV1A2Hbi3K3U1vCyoFV0wCapcw/edit#gid=1271313224
season_008,Liga 2,hinrunde,Fruyal,fruyal,tsareena,OGDNZ,ogdnz,Chasing Cinderaces,chasingcinderaces,sheet_extracted,https://docs.google.com/spreadsheets/d/1B2uTMvWlAHb7WlpupJV1A2Hbi3K3U1vCyoFV0wCapcw/edit#gid=1846395979;https://docs.google.com/spreadsheets/d/1B2uTMvWlAHb7WlpupJV1A2Hbi3K3U1vCyoFV0wCapcw/edit#gid=419572953;https://docs.google.com/spreadsheets/d/1B2uTMvWlAHb7WlpupJV1A2Hbi3K3U1vCyoFV0wCapcw/edit#gid=1271313224
season_008,Liga 2,rueckrunde,Fruyal,fruyal,tsareena,OGDNZ,ogdnz,Chasing Cinderaces,chasingcinderaces,sheet_extracted,https://docs.google.com/spreadsheets/d/1B2uTMvWlAHb7WlpupJV1A2Hbi3K3U1vCyoFV0wCapcw/edit#gid=1271313224
season_008,Liga 2,rueckrunde,Kangama,kangama,kangaskhan,OGDNZ,ogdnz,Chasing Cinderaces,chasingcinderaces,sheet_extracted,https://docs.google.com/spreadsheets/d/1B2uTMvWlAHb7WlpupJV1A2Hbi3K3U1vCyoFV0wCapcw/edit#gid=1846395979;https://docs.google.com/spreadsheets/d/1B2uTMvWlAHb7WlpupJV1A2Hbi3K3U1vCyoFV0wCapcw/edit#gid=419572953;https://docs.google.com/spreadsheets/d/1B2uTMvWlAHb7WlpupJV1A2Hbi3K3U1vCyoFV0wCapcw/edit#gid=1271313224
season_008,Liga 2,hinrunde,Krarmor,krarmor,corviknight,OGDNZ,ogdnz,Chasing Cinderaces,chasingcinderaces,sheet_extracted,https://docs.google.com/spreadsheets/d/1B2uTMvWlAHb7WlpupJV1A2Hbi3K3U1vCyoFV0wCapcw/edit#gid=1846395979;https://docs.google.com/spreadsheets/d/1B2uTMvWlAHb7WlpupJV1A2Hbi3K3U1vCyoFV0wCapcw/edit#gid=419572953;https://docs.google.com/spreadsheets/d/1B2uTMvWlAHb7WlpupJV1A2Hbi3K3U1vCyoFV0wCapcw/edit#gid=1271313224
season_008,Liga 2,hinrunde,Kyurem,kyurem,kyurem,OGDNZ,ogdnz,Chasing Cinderaces,chasingcinderaces,sheet_extracted,https://docs.google.com/spreadsheets/d/1B2uTMvWlAHb7WlpupJV1A2Hbi3K3U1vCyoFV0wCapcw/edit#gid=1846395979;https://docs.google.com/spreadsheets/d/1B2uTMvWlAHb7WlpupJV1A2Hbi3K3U1vCyoFV0wCapcw/edit#gid=419572953;https://docs.google.com/spreadsheets/d/1B2uTMvWlAHb7WlpupJV1A2Hbi3K3U1vCyoFV0wCapcw/edit#gid=1271313224
season_008,Liga 2,rueckrunde,Kyurem,kyurem,kyurem,OGDNZ,ogdnz,Chasing Cinderaces,chasingcinderaces,sheet_extracted,https://docs.google.com/spreadsheets/d/1B2uTMvWlAHb7WlpupJV1A2Hbi3K3U1vCyoFV0wCapcw/edit#gid=1271313224
season_008,Liga 2,hinrunde,Milotic,milotic,milotic,OGDNZ,ogdnz,Chasing Cinderaces,chasingcinderaces,sheet_extracted,https://docs.google.com/spreadsheets/d/1B2uTMvWlAHb7WlpupJV1A2Hbi3K3U1vCyoFV0wCapcw/edit#gid=1846395979;https://docs.google.com/spreadsheets/d/1B2uTMvWlAHb7WlpupJV1A2Hbi3K3U1vCyoFV0wCapcw/edit#gid=419572953;https://docs.google.com/spreadsheets/d/1B2uTMvWlAHb7WlpupJV1A2Hbi3K3U1vCyoFV0wCapcw/edit#gid=1271313224
season_008,Liga 2,rueckrunde,Milotic,milotic,milotic,OGDNZ,ogdnz,Chasing Cinderaces,chasingcinderaces,sheet_extracted,https://docs.google.com/spreadsheets/d/1B2uTMvWlAHb7WlpupJV1A2Hbi3K3U1vCyoFV0wCapcw/edit#gid=1271313224
season_008,Liga 2,hinrunde,Nidoking,nidoking,nidoking,OGDNZ,ogdnz,Chasing Cinderaces,chasingcinderaces,sheet_extracted,https://docs.google.com/spreadsheets/d/1B2uTMvWlAHb7WlpupJV1A2Hbi3K3U1vCyoFV0wCapcw/edit#gid=1846395979;https://docs.google.com/spreadsheets/d/1B2uTMvWlAHb7WlpupJV1A2Hbi3K3U1vCyoFV0wCapcw/edit#gid=419572953;https://docs.google.com/spreadsheets/d/1B2uTMvWlAHb7WlpupJV1A2Hbi3K3U1vCyoFV0wCapcw/edit#gid=1271313224
season_008,Liga 2,rueckrunde,Nidoking,nidoking,nidoking,OGDNZ,ogdnz,Chasing Cinderaces,chasingcinderaces,sheet_extracted,https://docs.google.com/spreadsheets/d/1B2uTMvWlAHb7WlpupJV1A2Hbi3K3U1vCyoFV0wCapcw/edit#gid=1271313224
season_008,Liga 2,hinrunde,Pandagro,pandagro,pangoro,OGDNZ,ogdnz,Chasing Cinderaces,chasingcinderaces,sheet_extracted,https://docs.google.com/spreadsheets/d/1B2uTMvWlAHb7WlpupJV1A2Hbi3K3U1vCyoFV0wCapcw/edit#gid=1846395979;https://docs.google.com/spreadsheets/d/1B2uTMvWlAHb7WlpupJV1A2Hbi3K3U1vCyoFV0wCapcw/edit#gid=419572953;https://docs.google.com/spreadsheets/d/1B2uTMvWlAHb7WlpupJV1A2Hbi3K3U1vCyoFV0wCapcw/edit#gid=1271313224
season_008,Liga 2,rueckrunde,Pandagro,pandagro,pangoro,OGDNZ,ogdnz,Chasing Cinderaces,chasingcinderaces,sheet_extracted,https://docs.google.com/spreadsheets/d/1B2uTMvWlAHb7WlpupJV1A2Hbi3K3U1vCyoFV0wCapcw/edit#gid=1271313224
season_008,Liga 2,hinrunde,Parfinesse,parfinesse,aromatisse,OGDNZ,ogdnz,Chasing Cinderaces,chasingcinderaces,sheet_extracted,https://docs.google.com/spreadsheets/d/1B2uTMvWlAHb7WlpupJV1A2Hbi3K3U1vCyoFV0wCapcw/edit#gid=1846395979;https://docs.google.com/spreadsheets/d/1B2uTMvWlAHb7WlpupJV1A2Hbi3K3U1vCyoFV0wCapcw/edit#gid=419572953;https://docs.google.com/spreadsheets/d/1B2uTMvWlAHb7WlpupJV1A2Hbi3K3U1vCyoFV0wCapcw/edit#gid=1271313224
season_008,Liga 2,rueckrunde,Sabbaione,sabbaione,slurpuff,OGDNZ,ogdnz,Chasing Cinderaces,chasingcinderaces,sheet_extracted,https://docs.google.com/spreadsheets/d/1B2uTMvWlAHb7WlpupJV1A2Hbi3K3U1vCyoFV0wCapcw/edit#gid=1846395979;https://docs.google.com/spreadsheets/d/1B2uTMvWlAHb7WlpupJV1A2Hbi3K3U1vCyoFV0wCapcw/edit#gid=419572953;https://docs.google.com/spreadsheets/d/1B2uTMvWlAHb7WlpupJV1A2Hbi3K3U1vCyoFV0wCapcw/edit#gid=1271313224
season_008,Liga 2,hinrunde,Vesprit,vesprit,mesprit,OGDNZ,ogdnz,Chasing Cinderaces,chasingcinderaces,sheet_extracted,https://docs.google.com/spreadsheets/d/1B2uTMvWlAHb7WlpupJV1A2Hbi3K3U1vCyoFV0wCapcw/edit#gid=1846395979;https://docs.google.com/spreadsheets/d/1B2uTMvWlAHb7WlpupJV1A2Hbi3K3U1vCyoFV0wCapcw/edit#gid=419572953;https://docs.google.com/spreadsheets/d/1B2uTMvWlAHb7WlpupJV1A2Hbi3K3U1vCyoFV0wCapcw/edit#gid=1271313224
season_008,Liga 2,rueckrunde,Victini,victini,victini,OGDNZ,ogdnz,Chasing Cinderaces,chasingcinderaces,sheet_extracted,https://docs.google.com/spreadsheets/d/1B2uTMvWlAHb7WlpupJV1A2Hbi3K3U1vCyoFV0wCapcw/edit#gid=1846395979;https://docs.google.com/spreadsheets/d/1B2uTMvWlAHb7WlpupJV1A2Hbi3K3U1vCyoFV0wCapcw/edit#gid=419572953;https://docs.google.com/spreadsheets/d/1B2uTMvWlAHb7WlpupJV1A2Hbi3K3U1vCyoFV0wCapcw/edit#gid=1271313224
season_008,Liga 2,hinrunde,Zeraora,zeraora,zeraora,OGDNZ,ogdnz,Chasing Cinderaces,chasingcinderaces,sheet_extracted,https://docs.google.com/spreadsheets/d/1B2uTMvWlAHb7WlpupJV1A2Hbi3K3U1vCyoFV0wCapcw/edit#gid=1846395979;https://docs.google.com/spreadsheets/d/1B2uTMvWlAHb7WlpupJV1A2Hbi3K3U1vCyoFV0wCapcw/edit#gid=419572953;https://docs.google.com/spreadsheets/d/1B2uTMvWlAHb7WlpupJV1A2Hbi3K3U1vCyoFV0wCapcw/edit#gid=1271313224
season_008,Liga 2,rueckrunde,Zeraora,zeraora,zeraora,OGDNZ,ogdnz,Chasing Cinderaces,chasingcinderaces,sheet_extracted,https://docs.google.com/spreadsheets/d/1B2uTMvWlAHb7WlpupJV1A2Hbi3K3U1vCyoFV0wCapcw/edit#gid=1271313224
season_008,Liga 2,rueckrunde,Amfira,amfira,salazzle,Pokgalaxy,pokgalaxy,Issotop,issotop,sheet_extracted,https://docs.google.com/spreadsheets/d/1B2uTMvWlAHb7WlpupJV1A2Hbi3K3U1vCyoFV0wCapcw/edit#gid=1846395979;https://docs.google.com/spreadsheets/d/1B2uTMvWlAHb7WlpupJV1A2Hbi3K3U1vCyoFV0wCapcw/edit#gid=419572953;https://docs.google.com/spreadsheets/d/1B2uTMvWlAHb7WlpupJV1A2Hbi3K3U1vCyoFV0wCapcw/edit#gid=1271313224
season_008,Liga 2,hinrunde,Aquana,aquana,vaporeon,Pokgalaxy,pokgalaxy,Issotop,issotop,sheet_extracted,https://docs.google.com/spreadsheets/d/1B2uTMvWlAHb7WlpupJV1A2Hbi3K3U1vCyoFV0wCapcw/edit#gid=1846395979;https://docs.google.com/spreadsheets/d/1B2uTMvWlAHb7WlpupJV1A2Hbi3K3U1vCyoFV0wCapcw/edit#gid=419572953;https://docs.google.com/spreadsheets/d/1B2uTMvWlAHb7WlpupJV1A2Hbi3K3U1vCyoFV0wCapcw/edit#gid=1271313224
season_008,Liga 2,rueckrunde,Aranestro,aranestro,araquanid,Pokgalaxy,pokgalaxy,Issotop,issotop,sheet_extracted,https://docs.google.com/spreadsheets/d/1B2uTMvWlAHb7WlpupJV1A2Hbi3K3U1vCyoFV0wCapcw/edit#gid=1846395979;https://docs.google.com/spreadsheets/d/1B2uTMvWlAHb7WlpupJV1A2Hbi3K3U1vCyoFV0wCapcw/edit#gid=419572953;https://docs.google.com/spreadsheets/d/1B2uTMvWlAHb7WlpupJV1A2Hbi3K3U1vCyoFV0wCapcw/edit#gid=1271313224
season_008,Liga 2,hinrunde,Cresselia,cresselia,cresselia,Pokgalaxy,pokgalaxy,Issotop,issotop,sheet_extracted,https://docs.google.com/spreadsheets/d/1B2uTMvWlAHb7WlpupJV1A2Hbi3K3U1vCyoFV0wCapcw/edit#gid=1846395979;https://docs.google.com/spreadsheets/d/1B2uTMvWlAHb7WlpupJV1A2Hbi3K3U1vCyoFV0wCapcw/edit#gid=419572953;https://docs.google.com/spreadsheets/d/1B2uTMvWlAHb7WlpupJV1A2Hbi3K3U1vCyoFV0wCapcw/edit#gid=1271313224
season_008,Liga 2,rueckrunde,Cresselia,cresselia,cresselia,Pokgalaxy,pokgalaxy,Issotop,issotop,sheet_extracted,https://docs.google.com/spreadsheets/d/1B2uTMvWlAHb7WlpupJV1A2Hbi3K3U1vCyoFV0wCapcw/edit#gid=1271313224
season_008,Liga 2,hinrunde,Dragoran,dragoran,dragonite,Pokgalaxy,pokgalaxy,Issotop,issotop,sheet_extracted,https://docs.google.com/spreadsheets/d/1B2uTMvWlAHb7WlpupJV1A2Hbi3K3U1vCyoFV0wCapcw/edit#gid=1846395979;https://docs.google.com/spreadsheets/d/1B2uTMvWlAHb7WlpupJV1A2Hbi3K3U1vCyoFV0wCapcw/edit#gid=419572953;https://docs.google.com/spreadsheets/d/1B2uTMvWlAHb7WlpupJV1A2Hbi3K3U1vCyoFV0wCapcw/edit#gid=1271313224
season_008,Liga 2,hinrunde,Katagami,katagami,kartana,Pokgalaxy,pokgalaxy,Issotop,issotop,sheet_extracted,https://docs.google.com/spreadsheets/d/1B2uTMvWlAHb7WlpupJV1A2Hbi3K3U1vCyoFV0wCapcw/edit#gid=1846395979;https://docs.google.com/spreadsheets/d/1B2uTMvWlAHb7WlpupJV1A2Hbi3K3U1vCyoFV0wCapcw/edit#gid=419572953;https://docs.google.com/spreadsheets/d/1B2uTMvWlAHb7WlpupJV1A2Hbi3K3U1vCyoFV0wCapcw/edit#gid=1271313224
season_008,Liga 2,rueckrunde,Katagami,katagami,kartana,Pokgalaxy,pokgalaxy,Issotop,issotop,sheet_extracted,https://docs.google.com/spreadsheets/d/1B2uTMvWlAHb7WlpupJV1A2Hbi3K3U1vCyoFV0wCapcw/edit#gid=1271313224
season_008,Liga 2,hinrunde,Miltank,miltank,miltank,Pokgalaxy,pokgalaxy,Issotop,issotop,sheet_extracted,https://docs.google.com/spreadsheets/d/1B2uTMvWlAHb7WlpupJV1A2Hbi3K3U1vCyoFV0wCapcw/edit#gid=1846395979;https://docs.google.com/spreadsheets/d/1B2uTMvWlAHb7WlpupJV1A2Hbi3K3U1vCyoFV0wCapcw/edit#gid=419572953;https://docs.google.com/spreadsheets/d/1B2uTMvWlAHb7WlpupJV1A2Hbi3K3U1vCyoFV0wCapcw/edit#gid=1271313224
season_008,Liga 2,rueckrunde,Miltank,miltank,miltank,Pokgalaxy,pokgalaxy,Issotop,issotop,sheet_extracted,https://docs.google.com/spreadsheets/d/1B2uTMvWlAHb7WlpupJV1A2Hbi3K3U1vCyoFV0wCapcw/edit#gid=1271313224
season_008,Liga 2,hinrunde,Mortipot,mortipot,polteageist,Pokgalaxy,pokgalaxy,Issotop,issotop,sheet_extracted,https://docs.google.com/spreadsheets/d/1B2uTMvWlAHb7WlpupJV1A2Hbi3K3U1vCyoFV0wCapcw/edit#gid=1846395979;https://docs.google.com/spreadsheets/d/1B2uTMvWlAHb7WlpupJV1A2Hbi3K3U1vCyoFV0wCapcw/edit#gid=419572953;https://docs.google.com/spreadsheets/d/1B2uTMvWlAHb7WlpupJV1A2Hbi3K3U1vCyoFV0wCapcw/edit#gid=1271313224
season_008,Liga 2,rueckrunde,Nockchan,nockchan,hitmonchan,Pokgalaxy,pokgalaxy,Issotop,issotop,sheet_extracted,https://docs.google.com/spreadsheets/d/1B2uTMvWlAHb7WlpupJV1A2Hbi3K3U1vCyoFV0wCapcw/edit#gid=1846395979;https://docs.google.com/spreadsheets/d/1B2uTMvWlAHb7WlpupJV1A2Hbi3K3U1vCyoFV0wCapcw/edit#gid=419572953;https://docs.google.com/spreadsheets/d/1B2uTMvWlAHb7WlpupJV1A2Hbi3K3U1vCyoFV0wCapcw/edit#gid=1271313224
season_008,Liga 2,hinrunde,Pampross,pampross,mudsdale,Pokgalaxy,pokgalaxy,Issotop,issotop,sheet_extracted,https://docs.google.com/spreadsheets/d/1B2uTMvWlAHb7WlpupJV1A2Hbi3K3U1vCyoFV0wCapcw/edit#gid=1846395979;https://docs.google.com/spreadsheets/d/1B2uTMvWlAHb7WlpupJV1A2Hbi3K3U1vCyoFV0wCapcw/edit#gid=419572953;https://docs.google.com/spreadsheets/d/1B2uTMvWlAHb7WlpupJV1A2Hbi3K3U1vCyoFV0wCapcw/edit#gid=1271313224
season_008,Liga 2,rueckrunde,Pampross,pampross,mudsdale,Pokgalaxy,pokgalaxy,Issotop,issotop,sheet_extracted,https://docs.google.com/spreadsheets/d/1B2uTMvWlAHb7WlpupJV1A2Hbi3K3U1vCyoFV0wCapcw/edit#gid=1271313224
season_008,Liga 2,hinrunde,Piondragi,piondragi,drapion,Pokgalaxy,pokgalaxy,Issotop,issotop,sheet_extracted,https://docs.google.com/spreadsheets/d/1B2uTMvWlAHb7WlpupJV1A2Hbi3K3U1vCyoFV0wCapcw/edit#gid=1846395979;https://docs.google.com/spreadsheets/d/1B2uTMvWlAHb7WlpupJV1A2Hbi3K3U1vCyoFV0wCapcw/edit#gid=419572953;https://docs.google.com/spreadsheets/d/1B2uTMvWlAHb7WlpupJV1A2Hbi3K3U1vCyoFV0wCapcw/edit#gid=1271313224
season_008,Liga 2,rueckrunde,Piondragi,piondragi,drapion,Pokgalaxy,pokgalaxy,Issotop,issotop,sheet_extracted,https://docs.google.com/spreadsheets/d/1B2uTMvWlAHb7WlpupJV1A2Hbi3K3U1vCyoFV0wCapcw/edit#gid=1271313224
season_008,Liga 2,hinrunde,Pixi,pixi,clefable,Pokgalaxy,pokgalaxy,Issotop,issotop,sheet_extracted,https://docs.google.com/spreadsheets/d/1B2uTMvWlAHb7WlpupJV1A2Hbi3K3U1vCyoFV0wCapcw/edit#gid=1846395979;https://docs.google.com/spreadsheets/d/1B2uTMvWlAHb7WlpupJV1A2Hbi3K3U1vCyoFV0wCapcw/edit#gid=419572953;https://docs.google.com/spreadsheets/d/1B2uTMvWlAHb7WlpupJV1A2Hbi3K3U1vCyoFV0wCapcw/edit#gid=1271313224
season_008,Liga 2,rueckrunde,Pixi,pixi,clefable,Pokgalaxy,pokgalaxy,Issotop,issotop,sheet_extracted,https://docs.google.com/spreadsheets/d/1B2uTMvWlAHb7WlpupJV1A2Hbi3K3U1vCyoFV0wCapcw/edit#gid=1271313224
season_008,Liga 2,rueckrunde,Raikou,raikou,raikou,Pokgalaxy,pokgalaxy,Issotop,issotop,sheet_extracted,https://docs.google.com/spreadsheets/d/1B2uTMvWlAHb7WlpupJV1A2Hbi3K3U1vCyoFV0wCapcw/edit#gid=1846395979;https://docs.google.com/spreadsheets/d/1B2uTMvWlAHb7WlpupJV1A2Hbi3K3U1vCyoFV0wCapcw/edit#gid=419572953;https://docs.google.com/spreadsheets/d/1B2uTMvWlAHb7WlpupJV1A2Hbi3K3U1vCyoFV0wCapcw/edit#gid=1271313224
season_008,Liga 2,hinrunde,Rotom-H,rotomh,rotomheat,Pokgalaxy,pokgalaxy,Issotop,issotop,sheet_extracted,https://docs.google.com/spreadsheets/d/1B2uTMvWlAHb7WlpupJV1A2Hbi3K3U1vCyoFV0wCapcw/edit#gid=1846395979;https://docs.google.com/spreadsheets/d/1B2uTMvWlAHb7WlpupJV1A2Hbi3K3U1vCyoFV0wCapcw/edit#gid=419572953;https://docs.google.com/spreadsheets/d/1B2uTMvWlAHb7WlpupJV1A2Hbi3K3U1vCyoFV0wCapcw/edit#gid=1271313224
season_008,Liga 2,rueckrunde,UHaFnir,uhafnir,noivern,Pokgalaxy,pokgalaxy,Issotop,issotop,sheet_extracted,https://docs.google.com/spreadsheets/d/1B2uTMvWlAHb7WlpupJV1A2Hbi3K3U1vCyoFV0wCapcw/edit#gid=1846395979;https://docs.google.com/spreadsheets/d/1B2uTMvWlAHb7WlpupJV1A2Hbi3K3U1vCyoFV0wCapcw/edit#gid=419572953;https://docs.google.com/spreadsheets/d/1B2uTMvWlAHb7WlpupJV1A2Hbi3K3U1vCyoFV0wCapcw/edit#gid=1271313224
season_008,Liga 1,rueckrunde,Alola Raichu,alolaraichu,raichualola,PresentLP,present,Prekani,prekani,sheet_extracted,https://docs.google.com/spreadsheets/d/1B2uTMvWlAHb7WlpupJV1A2Hbi3K3U1vCyoFV0wCapcw/edit#gid=26363830;https://docs.google.com/spreadsheets/d/1B2uTMvWlAHb7WlpupJV1A2Hbi3K3U1vCyoFV0wCapcw/edit#gid=1953934700;https://docs.google.com/spreadsheets/d/1B2uTMvWlAHb7WlpupJV1A2Hbi3K3U1vCyoFV0wCapcw/edit#gid=1521895812
season_008,Liga 1,hinrunde,Boreos-T,boreost,tornadustherian,PresentLP,present,Prekani,prekani,sheet_extracted,https://docs.google.com/spreadsheets/d/1B2uTMvWlAHb7WlpupJV1A2Hbi3K3U1vCyoFV0wCapcw/edit#gid=26363830;https://docs.google.com/spreadsheets/d/1B2uTMvWlAHb7WlpupJV1A2Hbi3K3U1vCyoFV0wCapcw/edit#gid=1953934700;https://docs.google.com/spreadsheets/d/1B2uTMvWlAHb7WlpupJV1A2Hbi3K3U1vCyoFV0wCapcw/edit#gid=1521895812
season_008,Liga 1,rueckrunde,Boreos-T,boreost,tornadustherian,PresentLP,present,Prekani,prekani,sheet_extracted,https://docs.google.com/spreadsheets/d/1B2uTMvWlAHb7WlpupJV1A2Hbi3K3U1vCyoFV0wCapcw/edit#gid=1521895812
season_008,Liga 1,hinrunde,Fletiamo,fletiamo,swoobat,PresentLP,present,Prekani,prekani,sheet_extracted,https://docs.google.com/spreadsheets/d/1B2uTMvWlAHb7WlpupJV1A2Hbi3K3U1vCyoFV0wCapcw/edit#gid=26363830;https://docs.google.com/spreadsheets/d/1B2uTMvWlAHb7WlpupJV1A2Hbi3K3U1vCyoFV0wCapcw/edit#gid=1953934700;https://docs.google.com/spreadsheets/d/1B2uTMvWlAHb7WlpupJV1A2Hbi3K3U1vCyoFV0wCapcw/edit#gid=1521895812
season_008,Liga 1,rueckrunde,Fletiamo,fletiamo,swoobat,PresentLP,present,Prekani,prekani,sheet_extracted,https://docs.google.com/spreadsheets/d/1B2uTMvWlAHb7WlpupJV1A2Hbi3K3U1vCyoFV0wCapcw/edit#gid=1521895812
season_008,Liga 1,hinrunde,Fuegro,fuegro,incineroar,PresentLP,present,Prekani,prekani,sheet_extracted,https://docs.google.com/spreadsheets/d/1B2uTMvWlAHb7WlpupJV1A2Hbi3K3U1vCyoFV0wCapcw/edit#gid=26363830;https://docs.google.com/spreadsheets/d/1B2uTMvWlAHb7WlpupJV1A2Hbi3K3U1vCyoFV0wCapcw/edit#gid=1953934700;https://docs.google.com/spreadsheets/d/1B2uTMvWlAHb7WlpupJV1A2Hbi3K3U1vCyoFV0wCapcw/edit#gid=1521895812
season_008,Liga 1,rueckrunde,Fuegro,fuegro,incineroar,PresentLP,present,Prekani,prekani,sheet_extracted,https://docs.google.com/spreadsheets/d/1B2uTMvWlAHb7WlpupJV1A2Hbi3K3U1vCyoFV0wCapcw/edit#gid=1521895812
season_008,Liga 1,hinrunde,Gortrom,gortrom,rillaboom,PresentLP,present,Prekani,prekani,sheet_extracted,https://docs.google.com/spreadsheets/d/1B2uTMvWlAHb7WlpupJV1A2Hbi3K3U1vCyoFV0wCapcw/edit#gid=26363830;https://docs.google.com/spreadsheets/d/1B2uTMvWlAHb7WlpupJV1A2Hbi3K3U1vCyoFV0wCapcw/edit#gid=1953934700;https://docs.google.com/spreadsheets/d/1B2uTMvWlAHb7WlpupJV1A2Hbi3K3U1vCyoFV0wCapcw/edit#gid=1521895812
season_008,Liga 1,rueckrunde,Gortrom,gortrom,rillaboom,PresentLP,present,Prekani,prekani,sheet_extracted,https://docs.google.com/spreadsheets/d/1B2uTMvWlAHb7WlpupJV1A2Hbi3K3U1vCyoFV0wCapcw/edit#gid=1521895812
season_008,Liga 1,hinrunde,Keifel,keifel,piloswine,PresentLP,present,Prekani,prekani,sheet_extracted,https://docs.google.com/spreadsheets/d/1B2uTMvWlAHb7WlpupJV1A2Hbi3K3U1vCyoFV0wCapcw/edit#gid=26363830;https://docs.google.com/spreadsheets/d/1B2uTMvWlAHb7WlpupJV1A2Hbi3K3U1vCyoFV0wCapcw/edit#gid=1953934700;https://docs.google.com/spreadsheets/d/1B2uTMvWlAHb7WlpupJV1A2Hbi3K3U1vCyoFV0wCapcw/edit#gid=1521895812
season_008,Liga 1,rueckrunde,Keifel,keifel,piloswine,PresentLP,present,Prekani,prekani,sheet_extracted,https://docs.google.com/spreadsheets/d/1B2uTMvWlAHb7WlpupJV1A2Hbi3K3U1vCyoFV0wCapcw/edit#gid=1521895812
season_008,Liga 1,hinrunde,Kicklee,kicklee,hitmonlee,PresentLP,present,Prekani,prekani,sheet_extracted,https://docs.google.com/spreadsheets/d/1B2uTMvWlAHb7WlpupJV1A2Hbi3K3U1vCyoFV0wCapcw/edit#gid=26363830;https://docs.google.com/spreadsheets/d/1B2uTMvWlAHb7WlpupJV1A2Hbi3K3U1vCyoFV0wCapcw/edit#gid=1953934700;https://docs.google.com/spreadsheets/d/1B2uTMvWlAHb7WlpupJV1A2Hbi3K3U1vCyoFV0wCapcw/edit#gid=1521895812
season_008,Liga 1,hinrunde,Krawumms,krawumms,exploud,PresentLP,present,Prekani,prekani,sheet_extracted,https://docs.google.com/spreadsheets/d/1B2uTMvWlAHb7WlpupJV1A2Hbi3K3U1vCyoFV0wCapcw/edit#gid=26363830;https://docs.google.com/spreadsheets/d/1B2uTMvWlAHb7WlpupJV1A2Hbi3K3U1vCyoFV0wCapcw/edit#gid=1953934700;https://docs.google.com/spreadsheets/d/1B2uTMvWlAHb7WlpupJV1A2Hbi3K3U1vCyoFV0wCapcw/edit#gid=1521895812
season_008,Liga 1,rueckrunde,Meistagrif,meistagrif,conkeldurr,PresentLP,present,Prekani,prekani,sheet_extracted,https://docs.google.com/spreadsheets/d/1B2uTMvWlAHb7WlpupJV1A2Hbi3K3U1vCyoFV0wCapcw/edit#gid=26363830;https://docs.google.com/spreadsheets/d/1B2uTMvWlAHb7WlpupJV1A2Hbi3K3U1vCyoFV0wCapcw/edit#gid=1953934700;https://docs.google.com/spreadsheets/d/1B2uTMvWlAHb7WlpupJV1A2Hbi3K3U1vCyoFV0wCapcw/edit#gid=1521895812
season_008,Liga 1,hinrunde,Metagross,metagross,metagross,PresentLP,present,Prekani,prekani,sheet_extracted,https://docs.google.com/spreadsheets/d/1B2uTMvWlAHb7WlpupJV1A2Hbi3K3U1vCyoFV0wCapcw/edit#gid=26363830;https://docs.google.com/spreadsheets/d/1B2uTMvWlAHb7WlpupJV1A2Hbi3K3U1vCyoFV0wCapcw/edit#gid=1953934700;https://docs.google.com/spreadsheets/d/1B2uTMvWlAHb7WlpupJV1A2Hbi3K3U1vCyoFV0wCapcw/edit#gid=1521895812
season_008,Liga 1,rueckrunde,Metagross,metagross,metagross,PresentLP,present,Prekani,prekani,sheet_extracted,https://docs.google.com/spreadsheets/d/1B2uTMvWlAHb7WlpupJV1A2Hbi3K3U1vCyoFV0wCapcw/edit#gid=1521895812
season_008,Liga 1,rueckrunde,Monargoras,monargoras,tyrantrum,PresentLP,present,Prekani,prekani,sheet_extracted,https://docs.google.com/spreadsheets/d/1B2uTMvWlAHb7WlpupJV1A2Hbi3K3U1vCyoFV0wCapcw/edit#gid=26363830;https://docs.google.com/spreadsheets/d/1B2uTMvWlAHb7WlpupJV1A2Hbi3K3U1vCyoFV0wCapcw/edit#gid=1953934700;https://docs.google.com/spreadsheets/d/1B2uTMvWlAHb7WlpupJV1A2Hbi3K3U1vCyoFV0wCapcw/edit#gid=1521895812
season_008,Liga 1,rueckrunde,Piondragi,piondragi,drapion,PresentLP,present,Prekani,prekani,sheet_extracted,https://docs.google.com/spreadsheets/d/1B2uTMvWlAHb7WlpupJV1A2Hbi3K3U1vCyoFV0wCapcw/edit#gid=26363830;https://docs.google.com/spreadsheets/d/1B2uTMvWlAHb7WlpupJV1A2Hbi3K3U1vCyoFV0wCapcw/edit#gid=1953934700;https://docs.google.com/spreadsheets/d/1B2uTMvWlAHb7WlpupJV1A2Hbi3K3U1vCyoFV0wCapcw/edit#gid=1521895812
season_008,Liga 1,hinrunde,Primarene,primarene,primarina,PresentLP,present,Prekani,prekani,sheet_extracted,https://docs.google.com/spreadsheets/d/1B2uTMvWlAHb7WlpupJV1A2Hbi3K3U1vCyoFV0wCapcw/edit#gid=26363830;https://docs.google.com/spreadsheets/d/1B2uTMvWlAHb7WlpupJV1A2Hbi3K3U1vCyoFV0wCapcw/edit#gid=1953934700;https://docs.google.com/spreadsheets/d/1B2uTMvWlAHb7WlpupJV1A2Hbi3K3U1vCyoFV0wCapcw/edit#gid=1521895812
season_008,Liga 1,rueckrunde,Primarene,primarene,primarina,PresentLP,present,Prekani,prekani,sheet_extracted,https://docs.google.com/spreadsheets/d/1B2uTMvWlAHb7WlpupJV1A2Hbi3K3U1vCyoFV0wCapcw/edit#gid=1521895812
season_008,Liga 1,hinrunde,Tandrak,tandrak,dragalge,PresentLP,present,Prekani,prekani,sheet_extracted,https://docs.google.com/spreadsheets/d/1B2uTMvWlAHb7WlpupJV1A2Hbi3K3U1vCyoFV0wCapcw/edit#gid=26363830;https://docs.google.com/spreadsheets/d/1B2uTMvWlAHb7WlpupJV1A2Hbi3K3U1vCyoFV0wCapcw/edit#gid=1953934700;https://docs.google.com/spreadsheets/d/1B2uTMvWlAHb7WlpupJV1A2Hbi3K3U1vCyoFV0wCapcw/edit#gid=1521895812
season_008,Liga 1,hinrunde,Voltolos-T,voltolost,thundurustherian,PresentLP,present,Prekani,prekani,sheet_extracted,https://docs.google.com/spreadsheets/d/1B2uTMvWlAHb7WlpupJV1A2Hbi3K3U1vCyoFV0wCapcw/edit#gid=26363830;https://docs.google.com/spreadsheets/d/1B2uTMvWlAHb7WlpupJV1A2Hbi3K3U1vCyoFV0wCapcw/edit#gid=1953934700;https://docs.google.com/spreadsheets/d/1B2uTMvWlAHb7WlpupJV1A2Hbi3K3U1vCyoFV0wCapcw/edit#gid=1521895812
season_008,Liga 2,hinrunde,Alola Knogga,alolaknogga,marowakalola,Raizor,raizor,Soulstealer,soulstealer,sheet_extracted,https://docs.google.com/spreadsheets/d/1B2uTMvWlAHb7WlpupJV1A2Hbi3K3U1vCyoFV0wCapcw/edit#gid=1846395979;https://docs.google.com/spreadsheets/d/1B2uTMvWlAHb7WlpupJV1A2Hbi3K3U1vCyoFV0wCapcw/edit#gid=419572953;https://docs.google.com/spreadsheets/d/1B2uTMvWlAHb7WlpupJV1A2Hbi3K3U1vCyoFV0wCapcw/edit#gid=1271313224
season_008,Liga 2,rueckrunde,Alola Knogga,alolaknogga,marowakalola,Raizor,raizor,Soulstealer,soulstealer,sheet_extracted,https://docs.google.com/spreadsheets/d/1B2uTMvWlAHb7WlpupJV1A2Hbi3K3U1vCyoFV0wCapcw/edit#gid=1271313224
season_008,Liga 2,hinrunde,Alola Kokowei,alolakokowei,exeggutoralola,Raizor,raizor,Soulstealer,soulstealer,sheet_extracted,https://docs.google.com/spreadsheets/d/1B2uTMvWlAHb7WlpupJV1A2Hbi3K3U1vCyoFV0wCapcw/edit#gid=1846395979;https://docs.google.com/spreadsheets/d/1B2uTMvWlAHb7WlpupJV1A2Hbi3K3U1vCyoFV0wCapcw/edit#gid=419572953;https://docs.google.com/spreadsheets/d/1B2uTMvWlAHb7WlpupJV1A2Hbi3K3U1vCyoFV0wCapcw/edit#gid=1271313224
season_008,Liga 2,rueckrunde,Alola Kokowei,alolakokowei,exeggutoralola,Raizor,raizor,Soulstealer,soulstealer,sheet_extracted,https://docs.google.com/spreadsheets/d/1B2uTMvWlAHb7WlpupJV1A2Hbi3K3U1vCyoFV0wCapcw/edit#gid=1271313224
season_008,Liga 2,rueckrunde,Alola Raichu,alolaraichu,raichualola,Raizor,raizor,Soulstealer,soulstealer,sheet_extracted,https://docs.google.com/spreadsheets/d/1B2uTMvWlAHb7WlpupJV1A2Hbi3K3U1vCyoFV0wCapcw/edit#gid=1846395979;https://docs.google.com/spreadsheets/d/1B2uTMvWlAHb7WlpupJV1A2Hbi3K3U1vCyoFV0wCapcw/edit#gid=419572953;https://docs.google.com/spreadsheets/d/1B2uTMvWlAHb7WlpupJV1A2Hbi3K3U1vCyoFV0wCapcw/edit#gid=1271313224
season_008,Liga 2,hinrunde,Baldorfish,baldorfish,qwilfish,Raizor,raizor,Soulstealer,soulstealer,sheet_extracted,https://docs.google.com/spreadsheets/d/1B2uTMvWlAHb7WlpupJV1A2Hbi3K3U1vCyoFV0wCapcw/edit#gid=1846395979;https://docs.google.com/spreadsheets/d/1B2uTMvWlAHb7WlpupJV1A2Hbi3K3U1vCyoFV0wCapcw/edit#gid=419572953;https://docs.google.com/spreadsheets/d/1B2uTMvWlAHb7WlpupJV1A2Hbi3K3U1vCyoFV0wCapcw/edit#gid=1271313224
season_008,Liga 2,hinrunde,Galar Arktos,galararktos,articunogalar,Raizor,raizor,Soulstealer,soulstealer,sheet_extracted,https://docs.google.com/spreadsheets/d/1B2uTMvWlAHb7WlpupJV1A2Hbi3K3U1vCyoFV0wCapcw/edit#gid=1846395979;https://docs.google.com/spreadsheets/d/1B2uTMvWlAHb7WlpupJV1A2Hbi3K3U1vCyoFV0wCapcw/edit#gid=419572953;https://docs.google.com/spreadsheets/d/1B2uTMvWlAHb7WlpupJV1A2Hbi3K3U1vCyoFV0wCapcw/edit#gid=1271313224
season_008,Liga 2,rueckrunde,Golgantes,golgantes,golurk,Raizor,raizor,Soulstealer,soulstealer,sheet_extracted,https://docs.google.com/spreadsheets/d/1B2uTMvWlAHb7WlpupJV1A2Hbi3K3U1vCyoFV0wCapcw/edit#gid=1846395979;https://docs.google.com/spreadsheets/d/1B2uTMvWlAHb7WlpupJV1A2Hbi3K3U1vCyoFV0wCapcw/edit#gid=419572953;https://docs.google.com/spreadsheets/d/1B2uTMvWlAHb7WlpupJV1A2Hbi3K3U1vCyoFV0wCapcw/edit#gid=1271313224
season_008,Liga 2,hinrunde,Kaguron,kaguron,celesteela,Raizor,raizor,Soulstealer,soulstealer,sheet_extracted,https://docs.google.com/spreadsheets/d/1B2uTMvWlAHb7WlpupJV1A2Hbi3K3U1vCyoFV0wCapcw/edit#gid=1846395979;https://docs.google.com/spreadsheets/d/1B2uTMvWlAHb7WlpupJV1A2Hbi3K3U1vCyoFV0wCapcw/edit#gid=419572953;https://docs.google.com/spreadsheets/d/1B2uTMvWlAHb7WlpupJV1A2Hbi3K3U1vCyoFV0wCapcw/edit#gid=1271313224
season_008,Liga 2,rueckrunde,Kaguron,kaguron,celesteela,Raizor,raizor,Soulstealer,soulstealer,sheet_extracted,https://docs.google.com/spreadsheets/d/1B2uTMvWlAHb7WlpupJV1A2Hbi3K3U1vCyoFV0wCapcw/edit#gid=1271313224
season_008,Liga 2,hinrunde,Kapu-Kime,kapukime,tapufini,Raizor,raizor,Soulstealer,soulstealer,sheet_extracted,https://docs.google.com/spreadsheets/d/1B2uTMvWlAHb7WlpupJV1A2Hbi3K3U1vCyoFV0wCapcw/edit#gid=1846395979;https://docs.google.com/spreadsheets/d/1B2uTMvWlAHb7WlpupJV1A2Hbi3K3U1vCyoFV0wCapcw/edit#gid=419572953;https://docs.google.com/spreadsheets/d/1B2uTMvWlAHb7WlpupJV1A2Hbi3K3U1vCyoFV0wCapcw/edit#gid=1271313224
season_008,Liga 2,hinrunde,Kapu-Riki,kapuriki,tapukoko,Raizor,raizor,Soulstealer,soulstealer,sheet_extracted,https://docs.google.com/spreadsheets/d/1B2uTMvWlAHb7WlpupJV1A2Hbi3K3U1vCyoFV0wCapcw/edit#gid=1846395979;https://docs.google.com/spreadsheets/d/1B2uTMvWlAHb7WlpupJV1A2Hbi3K3U1vCyoFV0wCapcw/edit#gid=419572953;https://docs.google.com/spreadsheets/d/1B2uTMvWlAHb7WlpupJV1A2Hbi3K3U1vCyoFV0wCapcw/edit#gid=1271313224
season_008,Liga 2,rueckrunde,Kapu-Riki,kapuriki,tapukoko,Raizor,raizor,Soulstealer,soulstealer,sheet_extracted,https://docs.google.com/spreadsheets/d/1B2uTMvWlAHb7WlpupJV1A2Hbi3K3U1vCyoFV0wCapcw/edit#gid=1271313224
season_008,Liga 2,hinrunde,Kicklee,kicklee,hitmonlee,Raizor,raizor,Soulstealer,soulstealer,sheet_extracted,https://docs.google.com/spreadsheets/d/1B2uTMvWlAHb7WlpupJV1A2Hbi3K3U1vCyoFV0wCapcw/edit#gid=1846395979;https://docs.google.com/spreadsheets/d/1B2uTMvWlAHb7WlpupJV1A2Hbi3K3U1vCyoFV0wCapcw/edit#gid=419572953;https://docs.google.com/spreadsheets/d/1B2uTMvWlAHb7WlpupJV1A2Hbi3K3U1vCyoFV0wCapcw/edit#gid=1271313224
season_008,Liga 2,rueckrunde,Kicklee,kicklee,hitmonlee,Raizor,raizor,Soulstealer,soulstealer,sheet_extracted,https://docs.google.com/spreadsheets/d/1B2uTMvWlAHb7WlpupJV1A2Hbi3K3U1vCyoFV0wCapcw/edit#gid=1271313224
season_008,Liga 2,rueckrunde,Polaross,polaross,glastrier,Raizor,raizor,Soulstealer,soulstealer,sheet_extracted,https://docs.google.com/spreadsheets/d/1B2uTMvWlAHb7WlpupJV1A2Hbi3K3U1vCyoFV0wCapcw/edit#gid=1846395979;https://docs.google.com/spreadsheets/d/1B2uTMvWlAHb7WlpupJV1A2Hbi3K3U1vCyoFV0wCapcw/edit#gid=419572953;https://docs.google.com/spreadsheets/d/1B2uTMvWlAHb7WlpupJV1A2Hbi3K3U1vCyoFV0wCapcw/edit#gid=1271313224
season_008,Liga 2,hinrunde,Porygon2,porygon2,porygon2,Raizor,raizor,Soulstealer,soulstealer,sheet_extracted,https://docs.google.com/spreadsheets/d/1B2uTMvWlAHb7WlpupJV1A2Hbi3K3U1vCyoFV0wCapcw/edit#gid=1846395979;https://docs.google.com/spreadsheets/d/1B2uTMvWlAHb7WlpupJV1A2Hbi3K3U1vCyoFV0wCapcw/edit#gid=419572953;https://docs.google.com/spreadsheets/d/1B2uTMvWlAHb7WlpupJV1A2Hbi3K3U1vCyoFV0wCapcw/edit#gid=1271313224
season_008,Liga 2,rueckrunde,Porygon2,porygon2,porygon2,Raizor,raizor,Soulstealer,soulstealer,sheet_extracted,https://docs.google.com/spreadsheets/d/1B2uTMvWlAHb7WlpupJV1A2Hbi3K3U1vCyoFV0wCapcw/edit#gid=1271313224
season_008,Liga 2,hinrunde,Rihornior,rihornior,rhyperior,Raizor,raizor,Soulstealer,soulstealer,sheet_extracted,https://docs.google.com/spreadsheets/d/1B2uTMvWlAHb7WlpupJV1A2Hbi3K3U1vCyoFV0wCapcw/edit#gid=1846395979;https://docs.google.com/spreadsheets/d/1B2uTMvWlAHb7WlpupJV1A2Hbi3K3U1vCyoFV0wCapcw/edit#gid=419572953;https://docs.google.com/spreadsheets/d/1B2uTMvWlAHb7WlpupJV1A2Hbi3K3U1vCyoFV0wCapcw/edit#gid=1271313224
season_008,Liga 2,rueckrunde,Tentoxa,tentoxa,tentacruel,Raizor,raizor,Soulstealer,soulstealer,sheet_extracted,https://docs.google.com/spreadsheets/d/1B2uTMvWlAHb7WlpupJV1A2Hbi3K3U1vCyoFV0wCapcw/edit#gid=1846395979;https://docs.google.com/spreadsheets/d/1B2uTMvWlAHb7WlpupJV1A2Hbi3K3U1vCyoFV0wCapcw/edit#gid=419572953;https://docs.google.com/spreadsheets/d/1B2uTMvWlAHb7WlpupJV1A2Hbi3K3U1vCyoFV0wCapcw/edit#gid=1271313224
season_008,Liga 2,hinrunde,Zoroark,zoroark,zoroark,Raizor,raizor,Soulstealer,soulstealer,sheet_extracted,https://docs.google.com/spreadsheets/d/1B2uTMvWlAHb7WlpupJV1A2Hbi3K3U1vCyoFV0wCapcw/edit#gid=1846395979;https://docs.google.com/spreadsheets/d/1B2uTMvWlAHb7WlpupJV1A2Hbi3K3U1vCyoFV0wCapcw/edit#gid=419572953;https://docs.google.com/spreadsheets/d/1B2uTMvWlAHb7WlpupJV1A2Hbi3K3U1vCyoFV0wCapcw/edit#gid=1271313224
season_008,Liga 2,rueckrunde,Zoroark,zoroark,zoroark,Raizor,raizor,Soulstealer,soulstealer,sheet_extracted,https://docs.google.com/spreadsheets/d/1B2uTMvWlAHb7WlpupJV1A2Hbi3K3U1vCyoFV0wCapcw/edit#gid=1271313224
season_008,Liga 1,rueckrunde,Amoroso,amoroso,omastar,RegiBang,regibang,Pillar Mons,pillarmons,sheet_extracted,https://docs.google.com/spreadsheets/d/1B2uTMvWlAHb7WlpupJV1A2Hbi3K3U1vCyoFV0wCapcw/edit#gid=26363830;https://docs.google.com/spreadsheets/d/1B2uTMvWlAHb7WlpupJV1A2Hbi3K3U1vCyoFV0wCapcw/edit#gid=1953934700;https://docs.google.com/spreadsheets/d/1B2uTMvWlAHb7WlpupJV1A2Hbi3K3U1vCyoFV0wCapcw/edit#gid=1521895812
season_008,Liga 1,hinrunde,Cerapendra,cerapendra,scolipede,RegiBang,regibang,Pillar Mons,pillarmons,sheet_extracted,https://docs.google.com/spreadsheets/d/1B2uTMvWlAHb7WlpupJV1A2Hbi3K3U1vCyoFV0wCapcw/edit#gid=26363830;https://docs.google.com/spreadsheets/d/1B2uTMvWlAHb7WlpupJV1A2Hbi3K3U1vCyoFV0wCapcw/edit#gid=1953934700;https://docs.google.com/spreadsheets/d/1B2uTMvWlAHb7WlpupJV1A2Hbi3K3U1vCyoFV0wCapcw/edit#gid=1521895812
season_008,Liga 1,rueckrunde,Cerapendra,cerapendra,scolipede,RegiBang,regibang,Pillar Mons,pillarmons,sheet_extracted,https://docs.google.com/spreadsheets/d/1B2uTMvWlAHb7WlpupJV1A2Hbi3K3U1vCyoFV0wCapcw/edit#gid=1521895812
season_008,Liga 1,hinrunde,Elezard,elezard,heliolisk,RegiBang,regibang,Pillar Mons,pillarmons,sheet_extracted,https://docs.google.com/spreadsheets/d/1B2uTMvWlAHb7WlpupJV1A2Hbi3K3U1vCyoFV0wCapcw/edit#gid=26363830;https://docs.google.com/spreadsheets/d/1B2uTMvWlAHb7WlpupJV1A2Hbi3K3U1vCyoFV0wCapcw/edit#gid=1953934700;https://docs.google.com/spreadsheets/d/1B2uTMvWlAHb7WlpupJV1A2Hbi3K3U1vCyoFV0wCapcw/edit#gid=1521895812
season_008,Liga 1,rueckrunde,Elezard,elezard,heliolisk,RegiBang,regibang,Pillar Mons,pillarmons,sheet_extracted,https://docs.google.com/spreadsheets/d/1B2uTMvWlAHb7WlpupJV1A2Hbi3K3U1vCyoFV0wCapcw/edit#gid=1521895812
season_008,Liga 1,rueckrunde,Flamara,flamara,flareon,RegiBang,regibang,Pillar Mons,pillarmons,sheet_extracted,https://docs.google.com/spreadsheets/d/1B2uTMvWlAHb7WlpupJV1A2Hbi3K3U1vCyoFV0wCapcw/edit#gid=26363830;https://docs.google.com/spreadsheets/d/1B2uTMvWlAHb7WlpupJV1A2Hbi3K3U1vCyoFV0wCapcw/edit#gid=1953934700;https://docs.google.com/spreadsheets/d/1B2uTMvWlAHb7WlpupJV1A2Hbi3K3U1vCyoFV0wCapcw/edit#gid=1521895812
season_008,Liga 1,hinrunde,Heatran,heatran,heatran,RegiBang,regibang,Pillar Mons,pillarmons,sheet_extracted,https://docs.google.com/spreadsheets/d/1B2uTMvWlAHb7WlpupJV1A2Hbi3K3U1vCyoFV0wCapcw/edit#gid=26363830;https://docs.google.com/spreadsheets/d/1B2uTMvWlAHb7WlpupJV1A2Hbi3K3U1vCyoFV0wCapcw/edit#gid=1953934700;https://docs.google.com/spreadsheets/d/1B2uTMvWlAHb7WlpupJV1A2Hbi3K3U1vCyoFV0wCapcw/edit#gid=1521895812
season_008,Liga 1,rueckrunde,Kaguron,kaguron,celesteela,RegiBang,regibang,Pillar Mons,pillarmons,sheet_extracted,https://docs.google.com/spreadsheets/d/1B2uTMvWlAHb7WlpupJV1A2Hbi3K3U1vCyoFV0wCapcw/edit#gid=26363830;https://docs.google.com/spreadsheets/d/1B2uTMvWlAHb7WlpupJV1A2Hbi3K3U1vCyoFV0wCapcw/edit#gid=1953934700;https://docs.google.com/spreadsheets/d/1B2uTMvWlAHb7WlpupJV1A2Hbi3K3U1vCyoFV0wCapcw/edit#gid=1521895812
season_008,Liga 1,hinrunde,Kapu-Kime,kapukime,tapufini,RegiBang,regibang,Pillar Mons,pillarmons,sheet_extracted,https://docs.google.com/spreadsheets/d/1B2uTMvWlAHb7WlpupJV1A2Hbi3K3U1vCyoFV0wCapcw/edit#gid=26363830;https://docs.google.com/spreadsheets/d/1B2uTMvWlAHb7WlpupJV1A2Hbi3K3U1vCyoFV0wCapcw/edit#gid=1953934700;https://docs.google.com/spreadsheets/d/1B2uTMvWlAHb7WlpupJV1A2Hbi3K3U1vCyoFV0wCapcw/edit#gid=1521895812
season_008,Liga 1,rueckrunde,Kapu-Kime,kapukime,tapufini,RegiBang,regibang,Pillar Mons,pillarmons,sheet_extracted,https://docs.google.com/spreadsheets/d/1B2uTMvWlAHb7WlpupJV1A2Hbi3K3U1vCyoFV0wCapcw/edit#gid=1521895812
season_008,Liga 1,hinrunde,Latias,latias,latias,RegiBang,regibang,Pillar Mons,pillarmons,sheet_extracted,https://docs.google.com/spreadsheets/d/1B2uTMvWlAHb7WlpupJV1A2Hbi3K3U1vCyoFV0wCapcw/edit#gid=26363830;https://docs.google.com/spreadsheets/d/1B2uTMvWlAHb7WlpupJV1A2Hbi3K3U1vCyoFV0wCapcw/edit#gid=1953934700;https://docs.google.com/spreadsheets/d/1B2uTMvWlAHb7WlpupJV1A2Hbi3K3U1vCyoFV0wCapcw/edit#gid=1521895812
season_008,Liga 1,rueckrunde,Latias,latias,latias,RegiBang,regibang,Pillar Mons,pillarmons,sheet_extracted,https://docs.google.com/spreadsheets/d/1B2uTMvWlAHb7WlpupJV1A2Hbi3K3U1vCyoFV0wCapcw/edit#gid=1521895812
season_008,Liga 1,hinrunde,Lucario,lucario,lucario,RegiBang,regibang,Pillar Mons,pillarmons,sheet_extracted,https://docs.google.com/spreadsheets/d/1B2uTMvWlAHb7WlpupJV1A2Hbi3K3U1vCyoFV0wCapcw/edit#gid=26363830;https://docs.google.com/spreadsheets/d/1B2uTMvWlAHb7WlpupJV1A2Hbi3K3U1vCyoFV0wCapcw/edit#gid=1953934700;https://docs.google.com/spreadsheets/d/1B2uTMvWlAHb7WlpupJV1A2Hbi3K3U1vCyoFV0wCapcw/edit#gid=1521895812
season_008,Liga 1,hinrunde,Rabigator,rabigator,krookodile,RegiBang,regibang,Pillar Mons,pillarmons,sheet_extracted,https://docs.google.com/spreadsheets/d/1B2uTMvWlAHb7WlpupJV1A2Hbi3K3U1vCyoFV0wCapcw/edit#gid=26363830;https://docs.google.com/spreadsheets/d/1B2uTMvWlAHb7WlpupJV1A2Hbi3K3U1vCyoFV0wCapcw/edit#gid=1953934700;https://docs.google.com/spreadsheets/d/1B2uTMvWlAHb7WlpupJV1A2Hbi3K3U1vCyoFV0wCapcw/edit#gid=1521895812
season_008,Liga 1,rueckrunde,Rabigator,rabigator,krookodile,RegiBang,regibang,Pillar Mons,pillarmons,sheet_extracted,https://docs.google.com/spreadsheets/d/1B2uTMvWlAHb7WlpupJV1A2Hbi3K3U1vCyoFV0wCapcw/edit#gid=1521895812
season_008,Liga 1,hinrunde,Silvarro,silvarro,decidueye,RegiBang,regibang,Pillar Mons,pillarmons,sheet_extracted,https://docs.google.com/spreadsheets/d/1B2uTMvWlAHb7WlpupJV1A2Hbi3K3U1vCyoFV0wCapcw/edit#gid=26363830;https://docs.google.com/spreadsheets/d/1B2uTMvWlAHb7WlpupJV1A2Hbi3K3U1vCyoFV0wCapcw/edit#gid=1953934700;https://docs.google.com/spreadsheets/d/1B2uTMvWlAHb7WlpupJV1A2Hbi3K3U1vCyoFV0wCapcw/edit#gid=1521895812
season_008,Liga 1,rueckrunde,Silvarro,silvarro,decidueye,RegiBang,regibang,Pillar Mons,pillarmons,sheet_extracted,https://docs.google.com/spreadsheets/d/1B2uTMvWlAHb7WlpupJV1A2Hbi3K3U1vCyoFV0wCapcw/edit#gid=1521895812
season_008,Liga 1,hinrunde,Smogmog,smogmog,weezing,RegiBang,regibang,Pillar Mons,pillarmons,sheet_extracted,https://docs.google.com/spreadsheets/d/1B2uTMvWlAHb7WlpupJV1A2Hbi3K3U1vCyoFV0wCapcw/edit#gid=26363830;https://docs.google.com/spreadsheets/d/1B2uTMvWlAHb7WlpupJV1A2Hbi3K3U1vCyoFV0wCapcw/edit#gid=1953934700;https://docs.google.com/spreadsheets/d/1B2uTMvWlAHb7WlpupJV1A2Hbi3K3U1vCyoFV0wCapcw/edit#gid=1521895812
season_008,Liga 1,hinrunde,Snibunna,snibunna,weavile,RegiBang,regibang,Pillar Mons,pillarmons,sheet_extracted,https://docs.google.com/spreadsheets/d/1B2uTMvWlAHb7WlpupJV1A2Hbi3K3U1vCyoFV0wCapcw/edit#gid=26363830;https://docs.google.com/spreadsheets/d/1B2uTMvWlAHb7WlpupJV1A2Hbi3K3U1vCyoFV0wCapcw/edit#gid=1953934700;https://docs.google.com/spreadsheets/d/1B2uTMvWlAHb7WlpupJV1A2Hbi3K3U1vCyoFV0wCapcw/edit#gid=1521895812
season_008,Liga 1,rueckrunde,Snibunna,snibunna,weavile,RegiBang,regibang,Pillar Mons,pillarmons,sheet_extracted,https://docs.google.com/spreadsheets/d/1B2uTMvWlAHb7WlpupJV1A2Hbi3K3U1vCyoFV0wCapcw/edit#gid=1521895812
season_008,Liga 1,hinrunde,Togetic,togetic,togetic,RegiBang,regibang,Pillar Mons,pillarmons,sheet_extracted,https://docs.google.com/spreadsheets/d/1B2uTMvWlAHb7WlpupJV1A2Hbi3K3U1vCyoFV0wCapcw/edit#gid=26363830;https://docs.google.com/spreadsheets/d/1B2uTMvWlAHb7WlpupJV1A2Hbi3K3U1vCyoFV0wCapcw/edit#gid=1953934700;https://docs.google.com/spreadsheets/d/1B2uTMvWlAHb7WlpupJV1A2Hbi3K3U1vCyoFV0wCapcw/edit#gid=1521895812
season_008,Liga 1,rueckrunde,Wie-Shu,wieshu,mienshao,RegiBang,regibang,Pillar Mons,pillarmons,sheet_extracted,https://docs.google.com/spreadsheets/d/1B2uTMvWlAHb7WlpupJV1A2Hbi3K3U1vCyoFV0wCapcw/edit#gid=26363830;https://docs.google.com/spreadsheets/d/1B2uTMvWlAHb7WlpupJV1A2Hbi3K3U1vCyoFV0wCapcw/edit#gid=1953934700;https://docs.google.com/spreadsheets/d/1B2uTMvWlAHb7WlpupJV1A2Hbi3K3U1vCyoFV0wCapcw/edit#gid=1521895812
season_009,Overall,,Arkani,arkani,arcanine,,,Akatsuki Amphibianz,akatsukiamphibianz,sheet_extracted,https://docs.google.com/spreadsheets/d/1uo7-E_E2jbehB2hbBurpPayP_0fKY5sPZcFgZmfLydY/edit#gid=1526488506
season_009,Overall,,Elfun,elfun,whimsicott,,,Akatsuki Amphibianz,akatsukiamphibianz,sheet_extracted,https://docs.google.com/spreadsheets/d/1uo7-E_E2jbehB2hbBurpPayP_0fKY5sPZcFgZmfLydY/edit#gid=1526488506
season_009,Overall,,Galar Lavados,galarlavados,moltresgalar,,,Akatsuki Amphibianz,akatsukiamphibianz,sheet_extracted,https://docs.google.com/spreadsheets/d/1uo7-E_E2jbehB2hbBurpPayP_0fKY5sPZcFgZmfLydY/edit#gid=1526488506
season_009,Overall,,Gengar,gengar,gengar,,,Akatsuki Amphibianz,akatsukiamphibianz,sheet_extracted,https://docs.google.com/spreadsheets/d/1uo7-E_E2jbehB2hbBurpPayP_0fKY5sPZcFgZmfLydY/edit#gid=1526488506
season_009,Overall,,Knakrack,knakrack,garchomp,,,Akatsuki Amphibianz,akatsukiamphibianz,sheet_extracted,https://docs.google.com/spreadsheets/d/1uo7-E_E2jbehB2hbBurpPayP_0fKY5sPZcFgZmfLydY/edit#gid=1526488506
season_009,Overall,,Olangaar,olangaar,grimmsnarl,,,Akatsuki Amphibianz,akatsukiamphibianz,sheet_extracted,https://docs.google.com/spreadsheets/d/1uo7-E_E2jbehB2hbBurpPayP_0fKY5sPZcFgZmfLydY/edit#gid=1526488506
season_009,Overall,,Panzaeron,panzaeron,skarmory,,,Akatsuki Amphibianz,akatsukiamphibianz,sheet_extracted,https://docs.google.com/spreadsheets/d/1uo7-E_E2jbehB2hbBurpPayP_0fKY5sPZcFgZmfLydY/edit#gid=1526488506
season_009,Overall,,Primarene,primarene,primarina,,,Akatsuki Amphibianz,akatsukiamphibianz,sheet_extracted,https://docs.google.com/spreadsheets/d/1uo7-E_E2jbehB2hbBurpPayP_0fKY5sPZcFgZmfLydY/edit#gid=1526488506
season_009,Overall,,Raichu,raichu,raichu,,,Akatsuki Amphibianz,akatsukiamphibianz,sheet_extracted,https://docs.google.com/spreadsheets/d/1uo7-E_E2jbehB2hbBurpPayP_0fKY5sPZcFgZmfLydY/edit#gid=1526488506
season_009,Overall,,Schlaraffel,schlaraffel,greedent,,,Akatsuki Amphibianz,akatsukiamphibianz,sheet_extracted,https://docs.google.com/spreadsheets/d/1uo7-E_E2jbehB2hbBurpPayP_0fKY5sPZcFgZmfLydY/edit#gid=1526488506
season_009,Overall,,Tortunator,tortunator,turtonator,,,Akatsuki Amphibianz,akatsukiamphibianz,sheet_extracted,https://docs.google.com/spreadsheets/d/1uo7-E_E2jbehB2hbBurpPayP_0fKY5sPZcFgZmfLydY/edit#gid=1526488506
season_009,Overall,,Vesprit,vesprit,mesprit,,,Akatsuki Amphibianz,akatsukiamphibianz,sheet_extracted,https://docs.google.com/spreadsheets/d/1uo7-E_E2jbehB2hbBurpPayP_0fKY5sPZcFgZmfLydY/edit#gid=1526488506
season_009,Overall,,Wolwerock (Zwielicht),wolwerockzwielicht,lycanrocdusk,,,Akatsuki Amphibianz,akatsukiamphibianz,sheet_extracted,https://docs.google.com/spreadsheets/d/1uo7-E_E2jbehB2hbBurpPayP_0fKY5sPZcFgZmfLydY/edit#gid=1526488506
season_009,Overall,,Wulaosu-Fließender Stil,wulaosufliessenderstil,urshifurapidstrike,,,Akatsuki Amphibianz,akatsukiamphibianz,sheet_extracted,https://docs.google.com/spreadsheets/d/1uo7-E_E2jbehB2hbBurpPayP_0fKY5sPZcFgZmfLydY/edit#gid=1526488506
season_009,Overall,,Alola Snobilikat,alolasnobilikat,persianalola,,,Fen and Gator,fenandgator,sheet_extracted,https://docs.google.com/spreadsheets/d/1uo7-E_E2jbehB2hbBurpPayP_0fKY5sPZcFgZmfLydY/edit#gid=1526488506
season_009,Overall,,Blitza,blitza,jolteon,,,Fen and Gator,fenandgator,sheet_extracted,https://docs.google.com/spreadsheets/d/1uo7-E_E2jbehB2hbBurpPayP_0fKY5sPZcFgZmfLydY/edit#gid=1526488506
season_009,Overall,,Celebi,celebi,celebi,,,Fen and Gator,fenandgator,sheet_extracted,https://docs.google.com/spreadsheets/d/1uo7-E_E2jbehB2hbBurpPayP_0fKY5sPZcFgZmfLydY/edit#gid=1526488506
season_009,Overall,,Entei,entei,entei,,,Fen and Gator,fenandgator,sheet_extracted,https://docs.google.com/spreadsheets/d/1uo7-E_E2jbehB2hbBurpPayP_0fKY5sPZcFgZmfLydY/edit#gid=1526488506
season_009,Overall,,Gastrodon,gastrodon,gastrodon,,,Fen and Gator,fenandgator,sheet_extracted,https://docs.google.com/spreadsheets/d/1uo7-E_E2jbehB2hbBurpPayP_0fKY5sPZcFgZmfLydY/edit#gid=1526488506
season_009,Overall,,Gorgasonn,gorgasonn,cursola,,,Fen and Gator,fenandgator,sheet_extracted,https://docs.google.com/spreadsheets/d/1uo7-E_E2jbehB2hbBurpPayP_0fKY5sPZcFgZmfLydY/edit#gid=1526488506
season_009,Overall,,Guardevoir,guardevoir,gardevoir,,,Fen and Gator,fenandgator,sheet_extracted,https://docs.google.com/spreadsheets/d/1uo7-E_E2jbehB2hbBurpPayP_0fKY5sPZcFgZmfLydY/edit#gid=1526488506
season_009,Overall,,Metagross,metagross,metagross,,,Fen and Gator,fenandgator,sheet_extracted,https://docs.google.com/spreadsheets/d/1uo7-E_E2jbehB2hbBurpPayP_0fKY5sPZcFgZmfLydY/edit#gid=1526488506
season_009,Overall,,Ohrdoch,ohrdoch,audino,,,Fen and Gator,fenandgator,sheet_extracted,https://docs.google.com/spreadsheets/d/1uo7-E_E2jbehB2hbBurpPayP_0fKY5sPZcFgZmfLydY/edit#gid=1526488506
season_009,Overall,,Roserade,roserade,roserade,,,Fen and Gator,fenandgator,sheet_extracted,https://docs.google.com/spreadsheets/d/1uo7-E_E2jbehB2hbBurpPayP_0fKY5sPZcFgZmfLydY/edit#gid=1526488506
season_009,Overall,,Smogmog,smogmog,weezing,,,Fen and Gator,fenandgator,sheet_extracted,https://docs.google.com/spreadsheets/d/1uo7-E_E2jbehB2hbBurpPayP_0fKY5sPZcFgZmfLydY/edit#gid=1526488506
season_009,Overall,,Terrakium,terrakium,terrakion,,,Fen and Gator,fenandgator,sheet_extracted,https://docs.google.com/spreadsheets/d/1uo7-E_E2jbehB2hbBurpPayP_0fKY5sPZcFgZmfLydY/edit#gid=1526488506
season_009,Overall,,Togekiss,togekiss,togekiss,,,Fen and Gator,fenandgator,sheet_extracted,https://docs.google.com/spreadsheets/d/1uo7-E_E2jbehB2hbBurpPayP_0fKY5sPZcFgZmfLydY/edit#gid=1526488506
season_009,Overall,,Trikephalo,trikephalo,hydreigon,,,Fen and Gator,fenandgator,sheet_extracted,https://docs.google.com/spreadsheets/d/1uo7-E_E2jbehB2hbBurpPayP_0fKY5sPZcFgZmfLydY/edit#gid=1526488506
season_009,Overall,,Zapdos,zapdos,zapdos,,,Fen and Gator,fenandgator,sheet_extracted,https://docs.google.com/spreadsheets/d/1uo7-E_E2jbehB2hbBurpPayP_0fKY5sPZcFgZmfLydY/edit#gid=1526488506
season_009,Overall,,Branawarz,branawarz,seismitoad,,,Royal Bluff,royalbluff,sheet_extracted,https://docs.google.com/spreadsheets/d/1uo7-E_E2jbehB2hbBurpPayP_0fKY5sPZcFgZmfLydY/edit#gid=1526488506
season_009,Overall,,Cerapendra,cerapendra,scolipede,,,Royal Bluff,royalbluff,sheet_extracted,https://docs.google.com/spreadsheets/d/1uo7-E_E2jbehB2hbBurpPayP_0fKY5sPZcFgZmfLydY/edit#gid=1526488506
season_009,Overall,,Durengard,durengard,aegislash,,,Royal Bluff,royalbluff,sheet_extracted,https://docs.google.com/spreadsheets/d/1uo7-E_E2jbehB2hbBurpPayP_0fKY5sPZcFgZmfLydY/edit#gid=1526488506
season_009,Overall,,Fruyal,fruyal,tsareena,,,Royal Bluff,royalbluff,sheet_extracted,https://docs.google.com/spreadsheets/d/1uo7-E_E2jbehB2hbBurpPayP_0fKY5sPZcFgZmfLydY/edit#gid=1526488506
season_009,Overall,,Fuegro,fuegro,incineroar,,,Royal Bluff,royalbluff,sheet_extracted,https://docs.google.com/spreadsheets/d/1uo7-E_E2jbehB2hbBurpPayP_0fKY5sPZcFgZmfLydY/edit#gid=1526488506
season_009,Overall,,Kapu-Riki,kapuriki,tapukoko,,,Royal Bluff,royalbluff,sheet_extracted,https://docs.google.com/spreadsheets/d/1uo7-E_E2jbehB2hbBurpPayP_0fKY5sPZcFgZmfLydY/edit#gid=1526488506
season_009,Overall,,Keifel,keifel,piloswine,,,Royal Bluff,royalbluff,sheet_extracted,https://docs.google.com/spreadsheets/d/1uo7-E_E2jbehB2hbBurpPayP_0fKY5sPZcFgZmfLydY/edit#gid=1526488506
season_009,Overall,,Kicklee,kicklee,hitmonlee,,,Royal Bluff,royalbluff,sheet_extracted,https://docs.google.com/spreadsheets/d/1uo7-E_E2jbehB2hbBurpPayP_0fKY5sPZcFgZmfLydY/edit#gid=1526488506
season_009,Overall,,Latias,latias,latias,,,Royal Bluff,royalbluff,sheet_extracted,https://docs.google.com/spreadsheets/d/1uo7-E_E2jbehB2hbBurpPayP_0fKY5sPZcFgZmfLydY/edit#gid=1526488506
season_009,Overall,,Masskito,masskito,buzzwole,,,Royal Bluff,royalbluff,sheet_extracted,https://docs.google.com/spreadsheets/d/1uo7-E_E2jbehB2hbBurpPayP_0fKY5sPZcFgZmfLydY/edit#gid=1526488506
season_009,Overall,,Mimigma,mimigma,mimikyu,,,Royal Bluff,royalbluff,sheet_extracted,https://docs.google.com/spreadsheets/d/1uo7-E_E2jbehB2hbBurpPayP_0fKY5sPZcFgZmfLydY/edit#gid=1526488506
season_009,Overall,,Schlurplek,schlurplek,lickilicky,,,Royal Bluff,royalbluff,sheet_extracted,https://docs.google.com/spreadsheets/d/1uo7-E_E2jbehB2hbBurpPayP_0fKY5sPZcFgZmfLydY/edit#gid=1526488506
season_009,Overall,,Smogmog,smogmog,weezing,,,Royal Bluff,royalbluff,sheet_extracted,https://docs.google.com/spreadsheets/d/1uo7-E_E2jbehB2hbBurpPayP_0fKY5sPZcFgZmfLydY/edit#gid=1526488506
season_009,Overall,,Voltenso,voltenso,manectric,,,Royal Bluff,royalbluff,sheet_extracted,https://docs.google.com/spreadsheets/d/1uo7-E_E2jbehB2hbBurpPayP_0fKY5sPZcFgZmfLydY/edit#gid=1526488506
season_009,Overall,,Demeteros-T,demeterost,landorustherian,,,Scherzkekse,scherzkekse,sheet_extracted,https://docs.google.com/spreadsheets/d/1uo7-E_E2jbehB2hbBurpPayP_0fKY5sPZcFgZmfLydY/edit#gid=1526488506
season_009,Overall,,Kabutops,kabutops,kabutops,,,Scherzkekse,scherzkekse,sheet_extracted,https://docs.google.com/spreadsheets/d/1uo7-E_E2jbehB2hbBurpPayP_0fKY5sPZcFgZmfLydY/edit#gid=1526488506
season_009,Overall,,Kaguron,kaguron,celesteela,,,Scherzkekse,scherzkekse,sheet_extracted,https://docs.google.com/spreadsheets/d/1uo7-E_E2jbehB2hbBurpPayP_0fKY5sPZcFgZmfLydY/edit#gid=1526488506
season_009,Overall,,Krarmor,krarmor,corviknight,,,Scherzkekse,scherzkekse,sheet_extracted,https://docs.google.com/spreadsheets/d/1uo7-E_E2jbehB2hbBurpPayP_0fKY5sPZcFgZmfLydY/edit#gid=1526488506
season_009,Overall,,Latios,latios,latios,,,Scherzkekse,scherzkekse,sheet_extracted,https://docs.google.com/spreadsheets/d/1uo7-E_E2jbehB2hbBurpPayP_0fKY5sPZcFgZmfLydY/edit#gid=1526488506
season_009,Overall,,Liberlo,liberlo,cinderace,,,Scherzkekse,scherzkekse,sheet_extracted,https://docs.google.com/spreadsheets/d/1uo7-E_E2jbehB2hbBurpPayP_0fKY5sPZcFgZmfLydY/edit#gid=1526488506
season_009,Overall,,Meistagrif,meistagrif,conkeldurr,,,Scherzkekse,scherzkekse,sheet_extracted,https://docs.google.com/spreadsheets/d/1uo7-E_E2jbehB2hbBurpPayP_0fKY5sPZcFgZmfLydY/edit#gid=1526488506
season_009,Overall,,Milotic,milotic,milotic,,,Scherzkekse,scherzkekse,sheet_extracted,https://docs.google.com/spreadsheets/d/1uo7-E_E2jbehB2hbBurpPayP_0fKY5sPZcFgZmfLydY/edit#gid=1526488506
season_009,Overall,,Piepi,piepi,clefairy,,,Scherzkekse,scherzkekse,sheet_extracted,https://docs.google.com/spreadsheets/d/1uo7-E_E2jbehB2hbBurpPayP_0fKY5sPZcFgZmfLydY/edit#gid=1526488506
season_009,Overall,,Piondragi,piondragi,drapion,,,Scherzkekse,scherzkekse,sheet_extracted,https://docs.google.com/spreadsheets/d/1uo7-E_E2jbehB2hbBurpPayP_0fKY5sPZcFgZmfLydY/edit#gid=1526488506
season_009,Overall,,Porygon-Z,porygonz,porygonz,,,Scherzkekse,scherzkekse,sheet_extracted,https://docs.google.com/spreadsheets/d/1uo7-E_E2jbehB2hbBurpPayP_0fKY5sPZcFgZmfLydY/edit#gid=1526488506
season_009,Overall,,Riffex-Hoch,riffexhoch,toxtricity,,,Scherzkekse,scherzkekse,sheet_extracted,https://docs.google.com/spreadsheets/d/1uo7-E_E2jbehB2hbBurpPayP_0fKY5sPZcFgZmfLydY/edit#gid=1526488506
season_009,Overall,,Somnivora,somnivora,musharna,,,Scherzkekse,scherzkekse,sheet_extracted,https://docs.google.com/spreadsheets/d/1uo7-E_E2jbehB2hbBurpPayP_0fKY5sPZcFgZmfLydY/edit#gid=1526488506
season_009,Overall,,Togedemaru,togedemaru,togedemaru,,,Scherzkekse,scherzkekse,sheet_extracted,https://docs.google.com/spreadsheets/d/1uo7-E_E2jbehB2hbBurpPayP_0fKY5sPZcFgZmfLydY/edit#gid=1526488506
season_009,Overall,,Zytomega,zytomega,reuniclus,,,Scherzkekse,scherzkekse,sheet_extracted,https://docs.google.com/spreadsheets/d/1uo7-E_E2jbehB2hbBurpPayP_0fKY5sPZcFgZmfLydY/edit#gid=1526488506
season_009,Overall,,Alola Raichu,alolaraichu,raichualola,,,Soulblaze,soulblaze,sheet_extracted,https://docs.google.com/spreadsheets/d/1uo7-E_E2jbehB2hbBurpPayP_0fKY5sPZcFgZmfLydY/edit#gid=1526488506
season_009,Overall,,Amigento-Typ:Stahl,amigentotypstahl,silvallysteel,,,Soulblaze,soulblaze,sheet_extracted,https://docs.google.com/spreadsheets/d/1uo7-E_E2jbehB2hbBurpPayP_0fKY5sPZcFgZmfLydY/edit#gid=1526488506
season_009,Overall,,Azumarill,azumarill,azumarill,,,Soulblaze,soulblaze,sheet_extracted,https://docs.google.com/spreadsheets/d/1uo7-E_E2jbehB2hbBurpPayP_0fKY5sPZcFgZmfLydY/edit#gid=1526488506
season_009,Overall,,Boreos-T,boreost,tornadustherian,,,Soulblaze,soulblaze,sheet_extracted,https://docs.google.com/spreadsheets/d/1uo7-E_E2jbehB2hbBurpPayP_0fKY5sPZcFgZmfLydY/edit#gid=1526488506
season_009,Overall,,Britzigel,britzigel,pincurchin,,,Soulblaze,soulblaze,sheet_extracted,https://docs.google.com/spreadsheets/d/1uo7-E_E2jbehB2hbBurpPayP_0fKY5sPZcFgZmfLydY/edit#gid=1526488506
season_009,Overall,,Galar Lahmus,galarlahmus,slowbrogalar,,,Soulblaze,soulblaze,sheet_extracted,https://docs.google.com/spreadsheets/d/1uo7-E_E2jbehB2hbBurpPayP_0fKY5sPZcFgZmfLydY/edit#gid=1526488506
season_009,Overall,,Hutsassa,hutsassa,amoonguss,,,Soulblaze,soulblaze,sheet_extracted,https://docs.google.com/spreadsheets/d/1uo7-E_E2jbehB2hbBurpPayP_0fKY5sPZcFgZmfLydY/edit#gid=1526488506
season_009,Overall,,Kappalores,kappalores,ludicolo,,,Soulblaze,soulblaze,sheet_extracted,https://docs.google.com/spreadsheets/d/1uo7-E_E2jbehB2hbBurpPayP_0fKY5sPZcFgZmfLydY/edit#gid=1526488506
season_009,Overall,,Katapuldra,katapuldra,dragapult,,,Soulblaze,soulblaze,sheet_extracted,https://docs.google.com/spreadsheets/d/1uo7-E_E2jbehB2hbBurpPayP_0fKY5sPZcFgZmfLydY/edit#gid=1526488506
season_009,Overall,,Lavados,lavados,moltres,,,Soulblaze,soulblaze,sheet_extracted,https://docs.google.com/spreadsheets/d/1uo7-E_E2jbehB2hbBurpPayP_0fKY5sPZcFgZmfLydY/edit#gid=1526488506
season_009,Overall,,Lucario,lucario,lucario,,,Soulblaze,soulblaze,sheet_extracted,https://docs.google.com/spreadsheets/d/1uo7-E_E2jbehB2hbBurpPayP_0fKY5sPZcFgZmfLydY/edit#gid=1526488506
season_009,Overall,,Pelipper,pelipper,pelipper,,,Soulblaze,soulblaze,sheet_extracted,https://docs.google.com/spreadsheets/d/1uo7-E_E2jbehB2hbBurpPayP_0fKY5sPZcFgZmfLydY/edit#gid=1526488506
season_009,Overall,,Rabigator,rabigator,krookodile,,,Soulblaze,soulblaze,sheet_extracted,https://docs.google.com/spreadsheets/d/1uo7-E_E2jbehB2hbBurpPayP_0fKY5sPZcFgZmfLydY/edit#gid=1526488506
season_009,Overall,,Viscogon,viscogon,goodra,,,Soulblaze,soulblaze,sheet_extracted,https://docs.google.com/spreadsheets/d/1uo7-E_E2jbehB2hbBurpPayP_0fKY5sPZcFgZmfLydY/edit#gid=1526488506
season_009,Overall,,Wie-Shu,wieshu,mienshao,,,Soulblaze,soulblaze,sheet_extracted,https://docs.google.com/spreadsheets/d/1uo7-E_E2jbehB2hbBurpPayP_0fKY5sPZcFgZmfLydY/edit#gid=1526488506
season_009,Overall,,Amfira,amfira,salazzle,,,Toon World,toonworld,sheet_extracted,https://docs.google.com/spreadsheets/d/1uo7-E_E2jbehB2hbBurpPayP_0fKY5sPZcFgZmfLydY/edit#gid=1526488506
season_009,Overall,,Amigento-Normal,amigentonormal,silvally,,,Toon World,toonworld,sheet_extracted,https://docs.google.com/spreadsheets/d/1uo7-E_E2jbehB2hbBurpPayP_0fKY5sPZcFgZmfLydY/edit#gid=1526488506
season_009,Overall,,Bissbark,bissbark,stoutland,,,Toon World,toonworld,sheet_extracted,https://docs.google.com/spreadsheets/d/1uo7-E_E2jbehB2hbBurpPayP_0fKY5sPZcFgZmfLydY/edit#gid=1526488506
season_009,Overall,,Brockoloss,brockoloss,gigalith,,,Toon World,toonworld,sheet_extracted,https://docs.google.com/spreadsheets/d/1uo7-E_E2jbehB2hbBurpPayP_0fKY5sPZcFgZmfLydY/edit#gid=1526488506
season_009,Overall,,Donarion,donarion,vikavolt,,,Toon World,toonworld,sheet_extracted,https://docs.google.com/spreadsheets/d/1uo7-E_E2jbehB2hbBurpPayP_0fKY5sPZcFgZmfLydY/edit#gid=1526488506
season_009,Overall,,Feelinara,feelinara,sylveon,,,Toon World,toonworld,sheet_extracted,https://docs.google.com/spreadsheets/d/1uo7-E_E2jbehB2hbBurpPayP_0fKY5sPZcFgZmfLydY/edit#gid=1526488506
season_009,Overall,,Grypheldis,grypheldis,mandibuzz,,,Toon World,toonworld,sheet_extracted,https://docs.google.com/spreadsheets/d/1uo7-E_E2jbehB2hbBurpPayP_0fKY5sPZcFgZmfLydY/edit#gid=1526488506
season_009,Overall,,Kyurem,kyurem,kyurem,,,Toon World,toonworld,sheet_extracted,https://docs.google.com/spreadsheets/d/1uo7-E_E2jbehB2hbBurpPayP_0fKY5sPZcFgZmfLydY/edit#gid=1526488506
season_009,Overall,,Lahmus,lahmus,slowbro,,,Toon World,toonworld,sheet_extracted,https://docs.google.com/spreadsheets/d/1uo7-E_E2jbehB2hbBurpPayP_0fKY5sPZcFgZmfLydY/edit#gid=1526488506
season_009,Overall,,Lectragon,lectragon,dracozolt,,,Toon World,toonworld,sheet_extracted,https://docs.google.com/spreadsheets/d/1uo7-E_E2jbehB2hbBurpPayP_0fKY5sPZcFgZmfLydY/edit#gid=1526488506
season_009,Overall,,Quartermak,quartermak,passimian,,,Toon World,toonworld,sheet_extracted,https://docs.google.com/spreadsheets/d/1uo7-E_E2jbehB2hbBurpPayP_0fKY5sPZcFgZmfLydY/edit#gid=1526488506
season_009,Overall,,Stalobor,stalobor,excadrill,,,Toon World,toonworld,sheet_extracted,https://docs.google.com/spreadsheets/d/1uo7-E_E2jbehB2hbBurpPayP_0fKY5sPZcFgZmfLydY/edit#gid=1526488506
season_009,Overall,,Trombork,trombork,trevenant,,,Toon World,toonworld,sheet_extracted,https://docs.google.com/spreadsheets/d/1uo7-E_E2jbehB2hbBurpPayP_0fKY5sPZcFgZmfLydY/edit#gid=1526488506
season_009,Overall,,Viridium,viridium,virizion,,,Toon World,toonworld,sheet_extracted,https://docs.google.com/spreadsheets/d/1uo7-E_E2jbehB2hbBurpPayP_0fKY5sPZcFgZmfLydY/edit#gid=1526488506
season_009,Overall,,Bronzong,bronzong,bronzong,,,Victory Instinct,victoryinstinct,sheet_extracted,https://docs.google.com/spreadsheets/d/1uo7-E_E2jbehB2hbBurpPayP_0fKY5sPZcFgZmfLydY/edit#gid=1526488506
season_009,Overall,,Demeteros-I,demeterosi,landorus,,,Victory Instinct,victoryinstinct,sheet_extracted,https://docs.google.com/spreadsheets/d/1uo7-E_E2jbehB2hbBurpPayP_0fKY5sPZcFgZmfLydY/edit#gid=1526488506
season_009,Overall,,Irokex,irokex,scrafty,,,Victory Instinct,victoryinstinct,sheet_extracted,https://docs.google.com/spreadsheets/d/1uo7-E_E2jbehB2hbBurpPayP_0fKY5sPZcFgZmfLydY/edit#gid=1526488506
season_009,Overall,,Kapu-Kime,kapukime,tapufini,,,Victory Instinct,victoryinstinct,sheet_extracted,https://docs.google.com/spreadsheets/d/1uo7-E_E2jbehB2hbBurpPayP_0fKY5sPZcFgZmfLydY/edit#gid=1526488506
season_009,Overall,,Miltank,miltank,miltank,,,Victory Instinct,victoryinstinct,sheet_extracted,https://docs.google.com/spreadsheets/d/1uo7-E_E2jbehB2hbBurpPayP_0fKY5sPZcFgZmfLydY/edit#gid=1526488506
season_009,Overall,,Nidoqueen,nidoqueen,nidoqueen,,,Victory Instinct,victoryinstinct,sheet_extracted,https://docs.google.com/spreadsheets/d/1uo7-E_E2jbehB2hbBurpPayP_0fKY5sPZcFgZmfLydY/edit#gid=1526488506
season_009,Overall,,Pantimos,pantimos,mrmime,,,Victory Instinct,victoryinstinct,sheet_extracted,https://docs.google.com/spreadsheets/d/1uo7-E_E2jbehB2hbBurpPayP_0fKY5sPZcFgZmfLydY/edit#gid=1526488506
season_009,Overall,,Rotom,rotom,rotom,,,Victory Instinct,victoryinstinct,sheet_extracted,https://docs.google.com/spreadsheets/d/1uo7-E_E2jbehB2hbBurpPayP_0fKY5sPZcFgZmfLydY/edit#gid=1526488506
season_009,Overall,,Scherox,scherox,scizor,,,Victory Instinct,victoryinstinct,sheet_extracted,https://docs.google.com/spreadsheets/d/1uo7-E_E2jbehB2hbBurpPayP_0fKY5sPZcFgZmfLydY/edit#gid=1526488506
season_009,Overall,,UHaFnir,uhafnir,noivern,,,Victory Instinct,victoryinstinct,sheet_extracted,https://docs.google.com/spreadsheets/d/1uo7-E_E2jbehB2hbBurpPayP_0fKY5sPZcFgZmfLydY/edit#gid=1526488506
season_009,Overall,,Volcanion,volcanion,volcanion,,,Victory Instinct,victoryinstinct,sheet_extracted,https://docs.google.com/spreadsheets/d/1uo7-E_E2jbehB2hbBurpPayP_0fKY5sPZcFgZmfLydY/edit#gid=1526488506
season_009,Overall,,Zarude,zarude,zarude,,,Victory Instinct,victoryinstinct,sheet_extracted,https://docs.google.com/spreadsheets/d/1uo7-E_E2jbehB2hbBurpPayP_0fKY5sPZcFgZmfLydY/edit#gid=1526488506
season_009,Overall,,Zeraora,zeraora,zeraora,,,Victory Instinct,victoryinstinct,sheet_extracted,https://docs.google.com/spreadsheets/d/1uo7-E_E2jbehB2hbBurpPayP_0fKY5sPZcFgZmfLydY/edit#gid=1526488506
season_009,Overall,,Curelei,curelei,comfey,,,Voltwizards,voltwizards,sheet_extracted,https://docs.google.com/spreadsheets/d/1uo7-E_E2jbehB2hbBurpPayP_0fKY5sPZcFgZmfLydY/edit#gid=1526488506
season_009,Overall,,Gortrom,gortrom,rillaboom,,,Voltwizards,voltwizards,sheet_extracted,https://docs.google.com/spreadsheets/d/1uo7-E_E2jbehB2hbBurpPayP_0fKY5sPZcFgZmfLydY/edit#gid=1526488506
season_009,Overall,,Grebbit,grebbit,diggersby,,,Voltwizards,voltwizards,sheet_extracted,https://docs.google.com/spreadsheets/d/1uo7-E_E2jbehB2hbBurpPayP_0fKY5sPZcFgZmfLydY/edit#gid=1526488506
season_009,Overall,,Heatran,heatran,heatran,,,Voltwizards,voltwizards,sheet_extracted,https://docs.google.com/spreadsheets/d/1uo7-E_E2jbehB2hbBurpPayP_0fKY5sPZcFgZmfLydY/edit#gid=1526488506
season_009,Overall,,Iksbat,iksbat,crobat,,,Voltwizards,voltwizards,sheet_extracted,https://docs.google.com/spreadsheets/d/1uo7-E_E2jbehB2hbBurpPayP_0fKY5sPZcFgZmfLydY/edit#gid=1526488506
season_009,Overall,,Kangama,kangama,kangaskhan,,,Voltwizards,voltwizards,sheet_extracted,https://docs.google.com/spreadsheets/d/1uo7-E_E2jbehB2hbBurpPayP_0fKY5sPZcFgZmfLydY/edit#gid=1526488506
season_009,Overall,,Keldeo,keldeo,keldeo,,,Voltwizards,voltwizards,sheet_extracted,https://docs.google.com/spreadsheets/d/1uo7-E_E2jbehB2hbBurpPayP_0fKY5sPZcFgZmfLydY/edit#gid=1526488506
season_009,Overall,,Mamutel,mamutel,mamoswine,,,Voltwizards,voltwizards,sheet_extracted,https://docs.google.com/spreadsheets/d/1uo7-E_E2jbehB2hbBurpPayP_0fKY5sPZcFgZmfLydY/edit#gid=1526488506
season_009,Overall,,Morbitesse,morbitesse,gothitelle,,,Voltwizards,voltwizards,sheet_extracted,https://docs.google.com/spreadsheets/d/1uo7-E_E2jbehB2hbBurpPayP_0fKY5sPZcFgZmfLydY/edit#gid=1526488506
season_009,Overall,,Raikou,raikou,raikou,,,Voltwizards,voltwizards,sheet_extracted,https://docs.google.com/spreadsheets/d/1uo7-E_E2jbehB2hbBurpPayP_0fKY5sPZcFgZmfLydY/edit#gid=1526488506
season_009,Overall,,Selfe,selfe,uxie,,,Voltwizards,voltwizards,sheet_extracted,https://docs.google.com/spreadsheets/d/1uo7-E_E2jbehB2hbBurpPayP_0fKY5sPZcFgZmfLydY/edit#gid=1526488506
season_009,Overall,,Skuntank,skuntank,skuntank,,,Voltwizards,voltwizards,sheet_extracted,https://docs.google.com/spreadsheets/d/1uo7-E_E2jbehB2hbBurpPayP_0fKY5sPZcFgZmfLydY/edit#gid=1526488506
season_009,Overall,,Sniebel,sniebel,sneasel,,,Voltwizards,voltwizards,sheet_extracted,https://docs.google.com/spreadsheets/d/1uo7-E_E2jbehB2hbBurpPayP_0fKY5sPZcFgZmfLydY/edit#gid=1526488506
season_009,Overall,,Tandrak,tandrak,dragalge,,,Voltwizards,voltwizards,sheet_extracted,https://docs.google.com/spreadsheets/d/1uo7-E_E2jbehB2hbBurpPayP_0fKY5sPZcFgZmfLydY/edit#gid=1526488506
season_009,Overall,,Zobiris,zobiris,sableye,,,Voltwizards,voltwizards,sheet_extracted,https://docs.google.com/spreadsheets/d/1uo7-E_E2jbehB2hbBurpPayP_0fKY5sPZcFgZmfLydY/edit#gid=1526488506
season_009,Singles,hinrunde,Arkani,arkani,arcanine,Barry D. Sin of Speed,barrydsinofspeed,Akatsuki Amphibianz,akatsukiamphibianz,sheet_extracted,https://docs.google.com/spreadsheets/d/1uo7-E_E2jbehB2hbBurpPayP_0fKY5sPZcFgZmfLydY/edit#gid=520178140;https://docs.google.com/spreadsheets/d/1uo7-E_E2jbehB2hbBurpPayP_0fKY5sPZcFgZmfLydY/edit#gid=1992807502
season_009,Singles,hinrunde,Elfun,elfun,whimsicott,Barry D. Sin of Speed,barrydsinofspeed,Akatsuki Amphibianz,akatsukiamphibianz,sheet_extracted,https://docs.google.com/spreadsheets/d/1uo7-E_E2jbehB2hbBurpPayP_0fKY5sPZcFgZmfLydY/edit#gid=520178140;https://docs.google.com/spreadsheets/d/1uo7-E_E2jbehB2hbBurpPayP_0fKY5sPZcFgZmfLydY/edit#gid=1992807502
season_009,Singles,rueckrunde,Elfun,elfun,whimsicott,Barry D. Sin of Speed,barrydsinofspeed,Akatsuki Amphibianz,akatsukiamphibianz,sheet_extracted,https://docs.google.com/spreadsheets/d/1uo7-E_E2jbehB2hbBurpPayP_0fKY5sPZcFgZmfLydY/edit#gid=1992807502;https://docs.google.com/spreadsheets/d/1uo7-E_E2jbehB2hbBurpPayP_0fKY5sPZcFgZmfLydY/edit#gid=754790791
season_009,Singles,rueckrunde,Galar Lavados,galarlavados,moltresgalar,Barry D. Sin of Speed,barrydsinofspeed,Akatsuki Amphibianz,akatsukiamphibianz,sheet_extracted,https://docs.google.com/spreadsheets/d/1uo7-E_E2jbehB2hbBurpPayP_0fKY5sPZcFgZmfLydY/edit#gid=520178140;https://docs.google.com/spreadsheets/d/1uo7-E_E2jbehB2hbBurpPayP_0fKY5sPZcFgZmfLydY/edit#gid=1992807502;https://docs.google.com/spreadsheets/d/1uo7-E_E2jbehB2hbBurpPayP_0fKY5sPZcFgZmfLydY/edit#gid=754790791
season_009,Singles,rueckrunde,Gengar,gengar,gengar,Barry D. Sin of Speed,barrydsinofspeed,Akatsuki Amphibianz,akatsukiamphibianz,sheet_extracted,https://docs.google.com/spreadsheets/d/1uo7-E_E2jbehB2hbBurpPayP_0fKY5sPZcFgZmfLydY/edit#gid=520178140;https://docs.google.com/spreadsheets/d/1uo7-E_E2jbehB2hbBurpPayP_0fKY5sPZcFgZmfLydY/edit#gid=1992807502;https://docs.google.com/spreadsheets/d/1uo7-E_E2jbehB2hbBurpPayP_0fKY5sPZcFgZmfLydY/edit#gid=754790791
season_009,Singles,hinrunde,Knakrack,knakrack,garchomp,Barry D. Sin of Speed,barrydsinofspeed,Akatsuki Amphibianz,akatsukiamphibianz,sheet_extracted,https://docs.google.com/spreadsheets/d/1uo7-E_E2jbehB2hbBurpPayP_0fKY5sPZcFgZmfLydY/edit#gid=520178140;https://docs.google.com/spreadsheets/d/1uo7-E_E2jbehB2hbBurpPayP_0fKY5sPZcFgZmfLydY/edit#gid=1992807502
season_009,Singles,rueckrunde,Knakrack,knakrack,garchomp,Barry D. Sin of Speed,barrydsinofspeed,Akatsuki Amphibianz,akatsukiamphibianz,sheet_extracted,https://docs.google.com/spreadsheets/d/1uo7-E_E2jbehB2hbBurpPayP_0fKY5sPZcFgZmfLydY/edit#gid=1992807502;https://docs.google.com/spreadsheets/d/1uo7-E_E2jbehB2hbBurpPayP_0fKY5sPZcFgZmfLydY/edit#gid=754790791
season_009,Singles,hinrunde,Olangaar,olangaar,grimmsnarl,Barry D. Sin of Speed,barrydsinofspeed,Akatsuki Amphibianz,akatsukiamphibianz,sheet_extracted,https://docs.google.com/spreadsheets/d/1uo7-E_E2jbehB2hbBurpPayP_0fKY5sPZcFgZmfLydY/edit#gid=520178140;https://docs.google.com/spreadsheets/d/1uo7-E_E2jbehB2hbBurpPayP_0fKY5sPZcFgZmfLydY/edit#gid=1992807502
season_009,Singles,hinrunde,Panzaeron,panzaeron,skarmory,Barry D. Sin of Speed,barrydsinofspeed,Akatsuki Amphibianz,akatsukiamphibianz,sheet_extracted,https://docs.google.com/spreadsheets/d/1uo7-E_E2jbehB2hbBurpPayP_0fKY5sPZcFgZmfLydY/edit#gid=520178140;https://docs.google.com/spreadsheets/d/1uo7-E_E2jbehB2hbBurpPayP_0fKY5sPZcFgZmfLydY/edit#gid=1992807502
season_009,Singles,rueckrunde,Panzaeron,panzaeron,skarmory,Barry D. Sin of Speed,barrydsinofspeed,Akatsuki Amphibianz,akatsukiamphibianz,sheet_extracted,https://docs.google.com/spreadsheets/d/1uo7-E_E2jbehB2hbBurpPayP_0fKY5sPZcFgZmfLydY/edit#gid=1992807502;https://docs.google.com/spreadsheets/d/1uo7-E_E2jbehB2hbBurpPayP_0fKY5sPZcFgZmfLydY/edit#gid=754790791
season_009,Singles,hinrunde,Primarene,primarene,primarina,Barry D. Sin of Speed,barrydsinofspeed,Akatsuki Amphibianz,akatsukiamphibianz,sheet_extracted,https://docs.google.com/spreadsheets/d/1uo7-E_E2jbehB2hbBurpPayP_0fKY5sPZcFgZmfLydY/edit#gid=520178140;https://docs.google.com/spreadsheets/d/1uo7-E_E2jbehB2hbBurpPayP_0fKY5sPZcFgZmfLydY/edit#gid=1992807502
season_009,Singles,rueckrunde,Primarene,primarene,primarina,Barry D. Sin of Speed,barrydsinofspeed,Akatsuki Amphibianz,akatsukiamphibianz,sheet_extracted,https://docs.google.com/spreadsheets/d/1uo7-E_E2jbehB2hbBurpPayP_0fKY5sPZcFgZmfLydY/edit#gid=1992807502;https://docs.google.com/spreadsheets/d/1uo7-E_E2jbehB2hbBurpPayP_0fKY5sPZcFgZmfLydY/edit#gid=754790791
season_009,Singles,hinrunde,Raichu,raichu,raichu,Barry D. Sin of Speed,barrydsinofspeed,Akatsuki Amphibianz,akatsukiamphibianz,sheet_extracted,https://docs.google.com/spreadsheets/d/1uo7-E_E2jbehB2hbBurpPayP_0fKY5sPZcFgZmfLydY/edit#gid=520178140;https://docs.google.com/spreadsheets/d/1uo7-E_E2jbehB2hbBurpPayP_0fKY5sPZcFgZmfLydY/edit#gid=1992807502
season_009,Singles,rueckrunde,Raichu,raichu,raichu,Barry D. Sin of Speed,barrydsinofspeed,Akatsuki Amphibianz,akatsukiamphibianz,sheet_extracted,https://docs.google.com/spreadsheets/d/1uo7-E_E2jbehB2hbBurpPayP_0fKY5sPZcFgZmfLydY/edit#gid=1992807502;https://docs.google.com/spreadsheets/d/1uo7-E_E2jbehB2hbBurpPayP_0fKY5sPZcFgZmfLydY/edit#gid=754790791
season_009,Singles,hinrunde,Schlaraffel,schlaraffel,greedent,Barry D. Sin of Speed,barrydsinofspeed,Akatsuki Amphibianz,akatsukiamphibianz,sheet_extracted,https://docs.google.com/spreadsheets/d/1uo7-E_E2jbehB2hbBurpPayP_0fKY5sPZcFgZmfLydY/edit#gid=520178140;https://docs.google.com/spreadsheets/d/1uo7-E_E2jbehB2hbBurpPayP_0fKY5sPZcFgZmfLydY/edit#gid=1992807502
season_009,Singles,rueckrunde,Tortunator,tortunator,turtonator,Barry D. Sin of Speed,barrydsinofspeed,Akatsuki Amphibianz,akatsukiamphibianz,sheet_extracted,https://docs.google.com/spreadsheets/d/1uo7-E_E2jbehB2hbBurpPayP_0fKY5sPZcFgZmfLydY/edit#gid=520178140;https://docs.google.com/spreadsheets/d/1uo7-E_E2jbehB2hbBurpPayP_0fKY5sPZcFgZmfLydY/edit#gid=1992807502;https://docs.google.com/spreadsheets/d/1uo7-E_E2jbehB2hbBurpPayP_0fKY5sPZcFgZmfLydY/edit#gid=754790791
season_009,Singles,hinrunde,Vesprit,vesprit,mesprit,Barry D. Sin of Speed,barrydsinofspeed,Akatsuki Amphibianz,akatsukiamphibianz,sheet_extracted,https://docs.google.com/spreadsheets/d/1uo7-E_E2jbehB2hbBurpPayP_0fKY5sPZcFgZmfLydY/edit#gid=520178140;https://docs.google.com/spreadsheets/d/1uo7-E_E2jbehB2hbBurpPayP_0fKY5sPZcFgZmfLydY/edit#gid=1992807502
season_009,Singles,rueckrunde,Vesprit,vesprit,mesprit,Barry D. Sin of Speed,barrydsinofspeed,Akatsuki Amphibianz,akatsukiamphibianz,sheet_extracted,https://docs.google.com/spreadsheets/d/1uo7-E_E2jbehB2hbBurpPayP_0fKY5sPZcFgZmfLydY/edit#gid=1992807502;https://docs.google.com/spreadsheets/d/1uo7-E_E2jbehB2hbBurpPayP_0fKY5sPZcFgZmfLydY/edit#gid=754790791
season_009,Singles,hinrunde,Wolwerock (Zwielicht),wolwerockzwielicht,lycanrocdusk,Barry D. Sin of Speed,barrydsinofspeed,Akatsuki Amphibianz,akatsukiamphibianz,sheet_extracted,https://docs.google.com/spreadsheets/d/1uo7-E_E2jbehB2hbBurpPayP_0fKY5sPZcFgZmfLydY/edit#gid=520178140;https://docs.google.com/spreadsheets/d/1uo7-E_E2jbehB2hbBurpPayP_0fKY5sPZcFgZmfLydY/edit#gid=1992807502
season_009,Singles,rueckrunde,Wolwerock (Zwielicht),wolwerockzwielicht,lycanrocdusk,Barry D. Sin of Speed,barrydsinofspeed,Akatsuki Amphibianz,akatsukiamphibianz,sheet_extracted,https://docs.google.com/spreadsheets/d/1uo7-E_E2jbehB2hbBurpPayP_0fKY5sPZcFgZmfLydY/edit#gid=1992807502;https://docs.google.com/spreadsheets/d/1uo7-E_E2jbehB2hbBurpPayP_0fKY5sPZcFgZmfLydY/edit#gid=754790791
season_009,Singles,hinrunde,Wulaosu-Fließender Stil,wulaosufliessenderstil,urshifurapidstrike,Barry D. Sin of Speed,barrydsinofspeed,Akatsuki Amphibianz,akatsukiamphibianz,sheet_extracted,https://docs.google.com/spreadsheets/d/1uo7-E_E2jbehB2hbBurpPayP_0fKY5sPZcFgZmfLydY/edit#gid=520178140;https://docs.google.com/spreadsheets/d/1uo7-E_E2jbehB2hbBurpPayP_0fKY5sPZcFgZmfLydY/edit#gid=1992807502
season_009,Singles,rueckrunde,Wulaosu-Fließender Stil,wulaosufliessenderstil,urshifurapidstrike,Barry D. Sin of Speed,barrydsinofspeed,Akatsuki Amphibianz,akatsukiamphibianz,sheet_extracted,https://docs.google.com/spreadsheets/d/1uo7-E_E2jbehB2hbBurpPayP_0fKY5sPZcFgZmfLydY/edit#gid=1992807502;https://docs.google.com/spreadsheets/d/1uo7-E_E2jbehB2hbBurpPayP_0fKY5sPZcFgZmfLydY/edit#gid=754790791
season_009,Singles,hinrunde,Bronzong,bronzong,bronzong,BelmontGabriel,belmontgabriel,Victory Instinct,victoryinstinct,sheet_extracted,https://docs.google.com/spreadsheets/d/1uo7-E_E2jbehB2hbBurpPayP_0fKY5sPZcFgZmfLydY/edit#gid=520178140;https://docs.google.com/spreadsheets/d/1uo7-E_E2jbehB2hbBurpPayP_0fKY5sPZcFgZmfLydY/edit#gid=1992807502
season_009,Singles,hinrunde,Demeteros-I,demeterosi,landorus,BelmontGabriel,belmontgabriel,Victory Instinct,victoryinstinct,sheet_extracted,https://docs.google.com/spreadsheets/d/1uo7-E_E2jbehB2hbBurpPayP_0fKY5sPZcFgZmfLydY/edit#gid=520178140;https://docs.google.com/spreadsheets/d/1uo7-E_E2jbehB2hbBurpPayP_0fKY5sPZcFgZmfLydY/edit#gid=1992807502
season_009,Singles,hinrunde,Irokex,irokex,scrafty,BelmontGabriel,belmontgabriel,Victory Instinct,victoryinstinct,sheet_extracted,https://docs.google.com/spreadsheets/d/1uo7-E_E2jbehB2hbBurpPayP_0fKY5sPZcFgZmfLydY/edit#gid=520178140;https://docs.google.com/spreadsheets/d/1uo7-E_E2jbehB2hbBurpPayP_0fKY5sPZcFgZmfLydY/edit#gid=1992807502
season_009,Singles,hinrunde,Kapu-Kime,kapukime,tapufini,BelmontGabriel,belmontgabriel,Victory Instinct,victoryinstinct,sheet_extracted,https://docs.google.com/spreadsheets/d/1uo7-E_E2jbehB2hbBurpPayP_0fKY5sPZcFgZmfLydY/edit#gid=520178140;https://docs.google.com/spreadsheets/d/1uo7-E_E2jbehB2hbBurpPayP_0fKY5sPZcFgZmfLydY/edit#gid=1992807502
season_009,Singles,hinrunde,Nidoqueen,nidoqueen,nidoqueen,BelmontGabriel,belmontgabriel,Victory Instinct,victoryinstinct,sheet_extracted,https://docs.google.com/spreadsheets/d/1uo7-E_E2jbehB2hbBurpPayP_0fKY5sPZcFgZmfLydY/edit#gid=520178140;https://docs.google.com/spreadsheets/d/1uo7-E_E2jbehB2hbBurpPayP_0fKY5sPZcFgZmfLydY/edit#gid=1992807502
season_009,Singles,hinrunde,Pantimos,pantimos,mrmime,BelmontGabriel,belmontgabriel,Victory Instinct,victoryinstinct,sheet_extracted,https://docs.google.com/spreadsheets/d/1uo7-E_E2jbehB2hbBurpPayP_0fKY5sPZcFgZmfLydY/edit#gid=520178140;https://docs.google.com/spreadsheets/d/1uo7-E_E2jbehB2hbBurpPayP_0fKY5sPZcFgZmfLydY/edit#gid=1992807502
season_009,Singles,hinrunde,Rotom,rotom,rotom,BelmontGabriel,belmontgabriel,Victory Instinct,victoryinstinct,sheet_extracted,https://docs.google.com/spreadsheets/d/1uo7-E_E2jbehB2hbBurpPayP_0fKY5sPZcFgZmfLydY/edit#gid=520178140;https://docs.google.com/spreadsheets/d/1uo7-E_E2jbehB2hbBurpPayP_0fKY5sPZcFgZmfLydY/edit#gid=1992807502
season_009,Singles,hinrunde,Scherox,scherox,scizor,BelmontGabriel,belmontgabriel,Victory Instinct,victoryinstinct,sheet_extracted,https://docs.google.com/spreadsheets/d/1uo7-E_E2jbehB2hbBurpPayP_0fKY5sPZcFgZmfLydY/edit#gid=520178140;https://docs.google.com/spreadsheets/d/1uo7-E_E2jbehB2hbBurpPayP_0fKY5sPZcFgZmfLydY/edit#gid=1992807502
season_009,Singles,hinrunde,UHaFnir,uhafnir,noivern,BelmontGabriel,belmontgabriel,Victory Instinct,victoryinstinct,sheet_extracted,https://docs.google.com/spreadsheets/d/1uo7-E_E2jbehB2hbBurpPayP_0fKY5sPZcFgZmfLydY/edit#gid=520178140;https://docs.google.com/spreadsheets/d/1uo7-E_E2jbehB2hbBurpPayP_0fKY5sPZcFgZmfLydY/edit#gid=1992807502
season_009,Singles,hinrunde,Volcanion,volcanion,volcanion,BelmontGabriel,belmontgabriel,Victory Instinct,victoryinstinct,sheet_extracted,https://docs.google.com/spreadsheets/d/1uo7-E_E2jbehB2hbBurpPayP_0fKY5sPZcFgZmfLydY/edit#gid=520178140;https://docs.google.com/spreadsheets/d/1uo7-E_E2jbehB2hbBurpPayP_0fKY5sPZcFgZmfLydY/edit#gid=1992807502
season_009,Singles,hinrunde,Zeraora,zeraora,zeraora,BelmontGabriel,belmontgabriel,Victory Instinct,victoryinstinct,sheet_extracted,https://docs.google.com/spreadsheets/d/1uo7-E_E2jbehB2hbBurpPayP_0fKY5sPZcFgZmfLydY/edit#gid=520178140;https://docs.google.com/spreadsheets/d/1uo7-E_E2jbehB2hbBurpPayP_0fKY5sPZcFgZmfLydY/edit#gid=1992807502
season_009,Doubles,hinrunde,Bronzong,bronzong,bronzong,Bene,bene,Victory Instinct,victoryinstinct,sheet_extracted,https://docs.google.com/spreadsheets/d/1uo7-E_E2jbehB2hbBurpPayP_0fKY5sPZcFgZmfLydY/edit#gid=1696255979;https://docs.google.com/spreadsheets/d/1uo7-E_E2jbehB2hbBurpPayP_0fKY5sPZcFgZmfLydY/edit#gid=1992807502
season_009,Doubles,rueckrunde,Bronzong,bronzong,bronzong,Bene,bene,Victory Instinct,victoryinstinct,sheet_extracted,https://docs.google.com/spreadsheets/d/1uo7-E_E2jbehB2hbBurpPayP_0fKY5sPZcFgZmfLydY/edit#gid=1992807502;https://docs.google.com/spreadsheets/d/1uo7-E_E2jbehB2hbBurpPayP_0fKY5sPZcFgZmfLydY/edit#gid=754790791
season_009,Doubles,hinrunde,Demeteros-I,demeterosi,landorus,Bene,bene,Victory Instinct,victoryinstinct,sheet_extracted,https://docs.google.com/spreadsheets/d/1uo7-E_E2jbehB2hbBurpPayP_0fKY5sPZcFgZmfLydY/edit#gid=1696255979;https://docs.google.com/spreadsheets/d/1uo7-E_E2jbehB2hbBurpPayP_0fKY5sPZcFgZmfLydY/edit#gid=1992807502
season_009,Doubles,rueckrunde,Demeteros-I,demeterosi,landorus,Bene,bene,Victory Instinct,victoryinstinct,sheet_extracted,https://docs.google.com/spreadsheets/d/1uo7-E_E2jbehB2hbBurpPayP_0fKY5sPZcFgZmfLydY/edit#gid=1992807502;https://docs.google.com/spreadsheets/d/1uo7-E_E2jbehB2hbBurpPayP_0fKY5sPZcFgZmfLydY/edit#gid=754790791
season_009,Doubles,hinrunde,Irokex,irokex,scrafty,Bene,bene,Victory Instinct,victoryinstinct,sheet_extracted,https://docs.google.com/spreadsheets/d/1uo7-E_E2jbehB2hbBurpPayP_0fKY5sPZcFgZmfLydY/edit#gid=1696255979;https://docs.google.com/spreadsheets/d/1uo7-E_E2jbehB2hbBurpPayP_0fKY5sPZcFgZmfLydY/edit#gid=1992807502
season_009,Doubles,hinrunde,Kapu-Kime,kapukime,tapufini,Bene,bene,Victory Instinct,victoryinstinct,sheet_extracted,https://docs.google.com/spreadsheets/d/1uo7-E_E2jbehB2hbBurpPayP_0fKY5sPZcFgZmfLydY/edit#gid=1696255979;https://docs.google.com/spreadsheets/d/1uo7-E_E2jbehB2hbBurpPayP_0fKY5sPZcFgZmfLydY/edit#gid=1992807502
season_009,Doubles,rueckrunde,Kapu-Kime,kapukime,tapufini,Bene,bene,Victory Instinct,victoryinstinct,sheet_extracted,https://docs.google.com/spreadsheets/d/1uo7-E_E2jbehB2hbBurpPayP_0fKY5sPZcFgZmfLydY/edit#gid=1992807502;https://docs.google.com/spreadsheets/d/1uo7-E_E2jbehB2hbBurpPayP_0fKY5sPZcFgZmfLydY/edit#gid=754790791
season_009,Doubles,rueckrunde,Miltank,miltank,miltank,Bene,bene,Victory Instinct,victoryinstinct,sheet_extracted,https://docs.google.com/spreadsheets/d/1uo7-E_E2jbehB2hbBurpPayP_0fKY5sPZcFgZmfLydY/edit#gid=1696255979;https://docs.google.com/spreadsheets/d/1uo7-E_E2jbehB2hbBurpPayP_0fKY5sPZcFgZmfLydY/edit#gid=1992807502;https://docs.google.com/spreadsheets/d/1uo7-E_E2jbehB2hbBurpPayP_0fKY5sPZcFgZmfLydY/edit#gid=754790791
season_009,Doubles,hinrunde,Nidoqueen,nidoqueen,nidoqueen,Bene,bene,Victory Instinct,victoryinstinct,sheet_extracted,https://docs.google.com/spreadsheets/d/1uo7-E_E2jbehB2hbBurpPayP_0fKY5sPZcFgZmfLydY/edit#gid=1696255979;https://docs.google.com/spreadsheets/d/1uo7-E_E2jbehB2hbBurpPayP_0fKY5sPZcFgZmfLydY/edit#gid=1992807502
season_009,Doubles,rueckrunde,Nidoqueen,nidoqueen,nidoqueen,Bene,bene,Victory Instinct,victoryinstinct,sheet_extracted,https://docs.google.com/spreadsheets/d/1uo7-E_E2jbehB2hbBurpPayP_0fKY5sPZcFgZmfLydY/edit#gid=1992807502;https://docs.google.com/spreadsheets/d/1uo7-E_E2jbehB2hbBurpPayP_0fKY5sPZcFgZmfLydY/edit#gid=754790791
season_009,Doubles,hinrunde,Pantimos,pantimos,mrmime,Bene,bene,Victory Instinct,victoryinstinct,sheet_extracted,https://docs.google.com/spreadsheets/d/1uo7-E_E2jbehB2hbBurpPayP_0fKY5sPZcFgZmfLydY/edit#gid=1696255979;https://docs.google.com/spreadsheets/d/1uo7-E_E2jbehB2hbBurpPayP_0fKY5sPZcFgZmfLydY/edit#gid=1992807502
season_009,Doubles,rueckrunde,Pantimos,pantimos,mrmime,Bene,bene,Victory Instinct,victoryinstinct,sheet_extracted,https://docs.google.com/spreadsheets/d/1uo7-E_E2jbehB2hbBurpPayP_0fKY5sPZcFgZmfLydY/edit#gid=1992807502;https://docs.google.com/spreadsheets/d/1uo7-E_E2jbehB2hbBurpPayP_0fKY5sPZcFgZmfLydY/edit#gid=754790791
season_009,Doubles,hinrunde,Rotom,rotom,rotom,Bene,bene,Victory Instinct,victoryinstinct,sheet_extracted,https://docs.google.com/spreadsheets/d/1uo7-E_E2jbehB2hbBurpPayP_0fKY5sPZcFgZmfLydY/edit#gid=1696255979;https://docs.google.com/spreadsheets/d/1uo7-E_E2jbehB2hbBurpPayP_0fKY5sPZcFgZmfLydY/edit#gid=1992807502
season_009,Doubles,hinrunde,Scherox,scherox,scizor,Bene,bene,Victory Instinct,victoryinstinct,sheet_extracted,https://docs.google.com/spreadsheets/d/1uo7-E_E2jbehB2hbBurpPayP_0fKY5sPZcFgZmfLydY/edit#gid=1696255979;https://docs.google.com/spreadsheets/d/1uo7-E_E2jbehB2hbBurpPayP_0fKY5sPZcFgZmfLydY/edit#gid=1992807502
season_009,Doubles,rueckrunde,Scherox,scherox,scizor,Bene,bene,Victory Instinct,victoryinstinct,sheet_extracted,https://docs.google.com/spreadsheets/d/1uo7-E_E2jbehB2hbBurpPayP_0fKY5sPZcFgZmfLydY/edit#gid=1992807502;https://docs.google.com/spreadsheets/d/1uo7-E_E2jbehB2hbBurpPayP_0fKY5sPZcFgZmfLydY/edit#gid=754790791
season_009,Doubles,hinrunde,UHaFnir,uhafnir,noivern,Bene,bene,Victory Instinct,victoryinstinct,sheet_extracted,https://docs.google.com/spreadsheets/d/1uo7-E_E2jbehB2hbBurpPayP_0fKY5sPZcFgZmfLydY/edit#gid=1696255979;https://docs.google.com/spreadsheets/d/1uo7-E_E2jbehB2hbBurpPayP_0fKY5sPZcFgZmfLydY/edit#gid=1992807502
season_009,Doubles,rueckrunde,UHaFnir,uhafnir,noivern,Bene,bene,Victory Instinct,victoryinstinct,sheet_extracted,https://docs.google.com/spreadsheets/d/1uo7-E_E2jbehB2hbBurpPayP_0fKY5sPZcFgZmfLydY/edit#gid=1992807502;https://docs.google.com/spreadsheets/d/1uo7-E_E2jbehB2hbBurpPayP_0fKY5sPZcFgZmfLydY/edit#gid=754790791
season_009,Doubles,hinrunde,Volcanion,volcanion,volcanion,Bene,bene,Victory Instinct,victoryinstinct,sheet_extracted,https://docs.google.com/spreadsheets/d/1uo7-E_E2jbehB2hbBurpPayP_0fKY5sPZcFgZmfLydY/edit#gid=1696255979;https://docs.google.com/spreadsheets/d/1uo7-E_E2jbehB2hbBurpPayP_0fKY5sPZcFgZmfLydY/edit#gid=1992807502
season_009,Doubles,rueckrunde,Volcanion,volcanion,volcanion,Bene,bene,Victory Instinct,victoryinstinct,sheet_extracted,https://docs.google.com/spreadsheets/d/1uo7-E_E2jbehB2hbBurpPayP_0fKY5sPZcFgZmfLydY/edit#gid=1992807502;https://docs.google.com/spreadsheets/d/1uo7-E_E2jbehB2hbBurpPayP_0fKY5sPZcFgZmfLydY/edit#gid=754790791
season_009,Doubles,rueckrunde,Zarude,zarude,zarude,Bene,bene,Victory Instinct,victoryinstinct,sheet_extracted,https://docs.google.com/spreadsheets/d/1uo7-E_E2jbehB2hbBurpPayP_0fKY5sPZcFgZmfLydY/edit#gid=1696255979;https://docs.google.com/spreadsheets/d/1uo7-E_E2jbehB2hbBurpPayP_0fKY5sPZcFgZmfLydY/edit#gid=1992807502;https://docs.google.com/spreadsheets/d/1uo7-E_E2jbehB2hbBurpPayP_0fKY5sPZcFgZmfLydY/edit#gid=754790791
season_009,Doubles,hinrunde,Zeraora,zeraora,zeraora,Bene,bene,Victory Instinct,victoryinstinct,sheet_extracted,https://docs.google.com/spreadsheets/d/1uo7-E_E2jbehB2hbBurpPayP_0fKY5sPZcFgZmfLydY/edit#gid=1696255979;https://docs.google.com/spreadsheets/d/1uo7-E_E2jbehB2hbBurpPayP_0fKY5sPZcFgZmfLydY/edit#gid=1992807502
season_009,Doubles,rueckrunde,Zeraora,zeraora,zeraora,Bene,bene,Victory Instinct,victoryinstinct,sheet_extracted,https://docs.google.com/spreadsheets/d/1uo7-E_E2jbehB2hbBurpPayP_0fKY5sPZcFgZmfLydY/edit#gid=1992807502;https://docs.google.com/spreadsheets/d/1uo7-E_E2jbehB2hbBurpPayP_0fKY5sPZcFgZmfLydY/edit#gid=754790791
season_009,Singles,hinrunde,Branawarz,branawarz,seismitoad,BlackLink,blacklink,Royal Bluff,royalbluff,sheet_extracted,https://docs.google.com/spreadsheets/d/1uo7-E_E2jbehB2hbBurpPayP_0fKY5sPZcFgZmfLydY/edit#gid=520178140;https://docs.google.com/spreadsheets/d/1uo7-E_E2jbehB2hbBurpPayP_0fKY5sPZcFgZmfLydY/edit#gid=1992807502
season_009,Singles,rueckrunde,Branawarz,branawarz,seismitoad,BlackLink,blacklink,Royal Bluff,royalbluff,sheet_extracted,https://docs.google.com/spreadsheets/d/1uo7-E_E2jbehB2hbBurpPayP_0fKY5sPZcFgZmfLydY/edit#gid=1992807502;https://docs.google.com/spreadsheets/d/1uo7-E_E2jbehB2hbBurpPayP_0fKY5sPZcFgZmfLydY/edit#gid=754790791
season_009,Singles,hinrunde,Cerapendra,cerapendra,scolipede,BlackLink,blacklink,Royal Bluff,royalbluff,sheet_extracted,https://docs.google.com/spreadsheets/d/1uo7-E_E2jbehB2hbBurpPayP_0fKY5sPZcFgZmfLydY/edit#gid=520178140;https://docs.google.com/spreadsheets/d/1uo7-E_E2jbehB2hbBurpPayP_0fKY5sPZcFgZmfLydY/edit#gid=1992807502
season_009,Singles,hinrunde,Durengard,durengard,aegislash,BlackLink,blacklink,Royal Bluff,royalbluff,sheet_extracted,https://docs.google.com/spreadsheets/d/1uo7-E_E2jbehB2hbBurpPayP_0fKY5sPZcFgZmfLydY/edit#gid=520178140;https://docs.google.com/spreadsheets/d/1uo7-E_E2jbehB2hbBurpPayP_0fKY5sPZcFgZmfLydY/edit#gid=1992807502
season_009,Singles,rueckrunde,Durengard,durengard,aegislash,BlackLink,blacklink,Royal Bluff,royalbluff,sheet_extracted,https://docs.google.com/spreadsheets/d/1uo7-E_E2jbehB2hbBurpPayP_0fKY5sPZcFgZmfLydY/edit#gid=1992807502;https://docs.google.com/spreadsheets/d/1uo7-E_E2jbehB2hbBurpPayP_0fKY5sPZcFgZmfLydY/edit#gid=754790791
season_009,Singles,hinrunde,Fruyal,fruyal,tsareena,BlackLink,blacklink,Royal Bluff,royalbluff,sheet_extracted,https://docs.google.com/spreadsheets/d/1uo7-E_E2jbehB2hbBurpPayP_0fKY5sPZcFgZmfLydY/edit#gid=520178140;https://docs.google.com/spreadsheets/d/1uo7-E_E2jbehB2hbBurpPayP_0fKY5sPZcFgZmfLydY/edit#gid=1992807502
season_009,Singles,rueckrunde,Fruyal,fruyal,tsareena,BlackLink,blacklink,Royal Bluff,royalbluff,sheet_extracted,https://docs.google.com/spreadsheets/d/1uo7-E_E2jbehB2hbBurpPayP_0fKY5sPZcFgZmfLydY/edit#gid=1992807502;https://docs.google.com/spreadsheets/d/1uo7-E_E2jbehB2hbBurpPayP_0fKY5sPZcFgZmfLydY/edit#gid=754790791
season_009,Singles,hinrunde,Fuegro,fuegro,incineroar,BlackLink,blacklink,Royal Bluff,royalbluff,sheet_extracted,https://docs.google.com/spreadsheets/d/1uo7-E_E2jbehB2hbBurpPayP_0fKY5sPZcFgZmfLydY/edit#gid=520178140;https://docs.google.com/spreadsheets/d/1uo7-E_E2jbehB2hbBurpPayP_0fKY5sPZcFgZmfLydY/edit#gid=1992807502
season_009,Singles,rueckrunde,Fuegro,fuegro,incineroar,BlackLink,blacklink,Royal Bluff,royalbluff,sheet_extracted,https://docs.google.com/spreadsheets/d/1uo7-E_E2jbehB2hbBurpPayP_0fKY5sPZcFgZmfLydY/edit#gid=1992807502;https://docs.google.com/spreadsheets/d/1uo7-E_E2jbehB2hbBurpPayP_0fKY5sPZcFgZmfLydY/edit#gid=754790791
season_009,Singles,hinrunde,Kapu-Riki,kapuriki,tapukoko,BlackLink,blacklink,Royal Bluff,royalbluff,sheet_extracted,https://docs.google.com/spreadsheets/d/1uo7-E_E2jbehB2hbBurpPayP_0fKY5sPZcFgZmfLydY/edit#gid=520178140;https://docs.google.com/spreadsheets/d/1uo7-E_E2jbehB2hbBurpPayP_0fKY5sPZcFgZmfLydY/edit#gid=1992807502
season_009,Singles,rueckrunde,Kapu-Riki,kapuriki,tapukoko,BlackLink,blacklink,Royal Bluff,royalbluff,sheet_extracted,https://docs.google.com/spreadsheets/d/1uo7-E_E2jbehB2hbBurpPayP_0fKY5sPZcFgZmfLydY/edit#gid=1992807502;https://docs.google.com/spreadsheets/d/1uo7-E_E2jbehB2hbBurpPayP_0fKY5sPZcFgZmfLydY/edit#gid=754790791
season_009,Singles,hinrunde,Keifel,keifel,piloswine,BlackLink,blacklink,Royal Bluff,royalbluff,sheet_extracted,https://docs.google.com/spreadsheets/d/1uo7-E_E2jbehB2hbBurpPayP_0fKY5sPZcFgZmfLydY/edit#gid=520178140;https://docs.google.com/spreadsheets/d/1uo7-E_E2jbehB2hbBurpPayP_0fKY5sPZcFgZmfLydY/edit#gid=1992807502
season_009,Singles,hinrunde,Kicklee,kicklee,hitmonlee,BlackLink,blacklink,Royal Bluff,royalbluff,sheet_extracted,https://docs.google.com/spreadsheets/d/1uo7-E_E2jbehB2hbBurpPayP_0fKY5sPZcFgZmfLydY/edit#gid=520178140;https://docs.google.com/spreadsheets/d/1uo7-E_E2jbehB2hbBurpPayP_0fKY5sPZcFgZmfLydY/edit#gid=1992807502
season_009,Singles,rueckrunde,Kicklee,kicklee,hitmonlee,BlackLink,blacklink,Royal Bluff,royalbluff,sheet_extracted,https://docs.google.com/spreadsheets/d/1uo7-E_E2jbehB2hbBurpPayP_0fKY5sPZcFgZmfLydY/edit#gid=1992807502;https://docs.google.com/spreadsheets/d/1uo7-E_E2jbehB2hbBurpPayP_0fKY5sPZcFgZmfLydY/edit#gid=754790791
season_009,Singles,hinrunde,Latias,latias,latias,BlackLink,blacklink,Royal Bluff,royalbluff,sheet_extracted,https://docs.google.com/spreadsheets/d/1uo7-E_E2jbehB2hbBurpPayP_0fKY5sPZcFgZmfLydY/edit#gid=520178140;https://docs.google.com/spreadsheets/d/1uo7-E_E2jbehB2hbBurpPayP_0fKY5sPZcFgZmfLydY/edit#gid=1992807502
season_009,Singles,rueckrunde,Latias,latias,latias,BlackLink,blacklink,Royal Bluff,royalbluff,sheet_extracted,https://docs.google.com/spreadsheets/d/1uo7-E_E2jbehB2hbBurpPayP_0fKY5sPZcFgZmfLydY/edit#gid=1992807502;https://docs.google.com/spreadsheets/d/1uo7-E_E2jbehB2hbBurpPayP_0fKY5sPZcFgZmfLydY/edit#gid=754790791
season_009,Singles,rueckrunde,Masskito,masskito,buzzwole,BlackLink,blacklink,Royal Bluff,royalbluff,sheet_extracted,https://docs.google.com/spreadsheets/d/1uo7-E_E2jbehB2hbBurpPayP_0fKY5sPZcFgZmfLydY/edit#gid=520178140;https://docs.google.com/spreadsheets/d/1uo7-E_E2jbehB2hbBurpPayP_0fKY5sPZcFgZmfLydY/edit#gid=1992807502;https://docs.google.com/spreadsheets/d/1uo7-E_E2jbehB2hbBurpPayP_0fKY5sPZcFgZmfLydY/edit#gid=754790791
season_009,Singles,hinrunde,Mimigma,mimigma,mimikyu,BlackLink,blacklink,Royal Bluff,royalbluff,sheet_extracted,https://docs.google.com/spreadsheets/d/1uo7-E_E2jbehB2hbBurpPayP_0fKY5sPZcFgZmfLydY/edit#gid=520178140;https://docs.google.com/spreadsheets/d/1uo7-E_E2jbehB2hbBurpPayP_0fKY5sPZcFgZmfLydY/edit#gid=1992807502
season_009,Singles,hinrunde,Schlurplek,schlurplek,lickilicky,BlackLink,blacklink,Royal Bluff,royalbluff,sheet_extracted,https://docs.google.com/spreadsheets/d/1uo7-E_E2jbehB2hbBurpPayP_0fKY5sPZcFgZmfLydY/edit#gid=520178140;https://docs.google.com/spreadsheets/d/1uo7-E_E2jbehB2hbBurpPayP_0fKY5sPZcFgZmfLydY/edit#gid=1992807502
season_009,Singles,rueckrunde,Schlurplek,schlurplek,lickilicky,BlackLink,blacklink,Royal Bluff,royalbluff,sheet_extracted,https://docs.google.com/spreadsheets/d/1uo7-E_E2jbehB2hbBurpPayP_0fKY5sPZcFgZmfLydY/edit#gid=1992807502;https://docs.google.com/spreadsheets/d/1uo7-E_E2jbehB2hbBurpPayP_0fKY5sPZcFgZmfLydY/edit#gid=754790791
season_009,Singles,rueckrunde,Smogmog,smogmog,weezing,BlackLink,blacklink,Royal Bluff,royalbluff,sheet_extracted,https://docs.google.com/spreadsheets/d/1uo7-E_E2jbehB2hbBurpPayP_0fKY5sPZcFgZmfLydY/edit#gid=520178140;https://docs.google.com/spreadsheets/d/1uo7-E_E2jbehB2hbBurpPayP_0fKY5sPZcFgZmfLydY/edit#gid=1992807502;https://docs.google.com/spreadsheets/d/1uo7-E_E2jbehB2hbBurpPayP_0fKY5sPZcFgZmfLydY/edit#gid=754790791
season_009,Singles,rueckrunde,Voltenso,voltenso,manectric,BlackLink,blacklink,Royal Bluff,royalbluff,sheet_extracted,https://docs.google.com/spreadsheets/d/1uo7-E_E2jbehB2hbBurpPayP_0fKY5sPZcFgZmfLydY/edit#gid=520178140;https://docs.google.com/spreadsheets/d/1uo7-E_E2jbehB2hbBurpPayP_0fKY5sPZcFgZmfLydY/edit#gid=1992807502;https://docs.google.com/spreadsheets/d/1uo7-E_E2jbehB2hbBurpPayP_0fKY5sPZcFgZmfLydY/edit#gid=754790791
season_009,Singles,hinrunde,Curelei,curelei,comfey,Blocki,blocki,Voltwizards,voltwizards,sheet_extracted,https://docs.google.com/spreadsheets/d/1uo7-E_E2jbehB2hbBurpPayP_0fKY5sPZcFgZmfLydY/edit#gid=520178140;https://docs.google.com/spreadsheets/d/1uo7-E_E2jbehB2hbBurpPayP_0fKY5sPZcFgZmfLydY/edit#gid=1992807502
season_009,Singles,rueckrunde,Curelei,curelei,comfey,Blocki,blocki,Voltwizards,voltwizards,sheet_extracted,https://docs.google.com/spreadsheets/d/1uo7-E_E2jbehB2hbBurpPayP_0fKY5sPZcFgZmfLydY/edit#gid=1992807502;https://docs.google.com/spreadsheets/d/1uo7-E_E2jbehB2hbBurpPayP_0fKY5sPZcFgZmfLydY/edit#gid=754790791
season_009,Singles,hinrunde,Gortrom,gortrom,rillaboom,Blocki,blocki,Voltwizards,voltwizards,sheet_extracted,https://docs.google.com/spreadsheets/d/1uo7-E_E2jbehB2hbBurpPayP_0fKY5sPZcFgZmfLydY/edit#gid=520178140;https://docs.google.com/spreadsheets/d/1uo7-E_E2jbehB2hbBurpPayP_0fKY5sPZcFgZmfLydY/edit#gid=1992807502
season_009,Singles,rueckrunde,Gortrom,gortrom,rillaboom,Blocki,blocki,Voltwizards,voltwizards,sheet_extracted,https://docs.google.com/spreadsheets/d/1uo7-E_E2jbehB2hbBurpPayP_0fKY5sPZcFgZmfLydY/edit#gid=1992807502;https://docs.google.com/spreadsheets/d/1uo7-E_E2jbehB2hbBurpPayP_0fKY5sPZcFgZmfLydY/edit#gid=754790791
season_009,Singles,rueckrunde,Grebbit,grebbit,diggersby,Blocki,blocki,Voltwizards,voltwizards,sheet_extracted,https://docs.google.com/spreadsheets/d/1uo7-E_E2jbehB2hbBurpPayP_0fKY5sPZcFgZmfLydY/edit#gid=520178140;https://docs.google.com/spreadsheets/d/1uo7-E_E2jbehB2hbBurpPayP_0fKY5sPZcFgZmfLydY/edit#gid=1992807502;https://docs.google.com/spreadsheets/d/1uo7-E_E2jbehB2hbBurpPayP_0fKY5sPZcFgZmfLydY/edit#gid=754790791
season_009,Singles,hinrunde,Heatran,heatran,heatran,Blocki,blocki,Voltwizards,voltwizards,sheet_extracted,https://docs.google.com/spreadsheets/d/1uo7-E_E2jbehB2hbBurpPayP_0fKY5sPZcFgZmfLydY/edit#gid=520178140;https://docs.google.com/spreadsheets/d/1uo7-E_E2jbehB2hbBurpPayP_0fKY5sPZcFgZmfLydY/edit#gid=1992807502
season_009,Singles,rueckrunde,Heatran,heatran,heatran,Blocki,blocki,Voltwizards,voltwizards,sheet_extracted,https://docs.google.com/spreadsheets/d/1uo7-E_E2jbehB2hbBurpPayP_0fKY5sPZcFgZmfLydY/edit#gid=1992807502;https://docs.google.com/spreadsheets/d/1uo7-E_E2jbehB2hbBurpPayP_0fKY5sPZcFgZmfLydY/edit#gid=754790791
season_009,Singles,hinrunde,Iksbat,iksbat,crobat,Blocki,blocki,Voltwizards,voltwizards,sheet_extracted,https://docs.google.com/spreadsheets/d/1uo7-E_E2jbehB2hbBurpPayP_0fKY5sPZcFgZmfLydY/edit#gid=520178140;https://docs.google.com/spreadsheets/d/1uo7-E_E2jbehB2hbBurpPayP_0fKY5sPZcFgZmfLydY/edit#gid=1992807502
season_009,Singles,rueckrunde,Iksbat,iksbat,crobat,Blocki,blocki,Voltwizards,voltwizards,sheet_extracted,https://docs.google.com/spreadsheets/d/1uo7-E_E2jbehB2hbBurpPayP_0fKY5sPZcFgZmfLydY/edit#gid=1992807502;https://docs.google.com/spreadsheets/d/1uo7-E_E2jbehB2hbBurpPayP_0fKY5sPZcFgZmfLydY/edit#gid=754790791
season_009,Singles,hinrunde,Kangama,kangama,kangaskhan,Blocki,blocki,Voltwizards,voltwizards,sheet_extracted,https://docs.google.com/spreadsheets/d/1uo7-E_E2jbehB2hbBurpPayP_0fKY5sPZcFgZmfLydY/edit#gid=520178140;https://docs.google.com/spreadsheets/d/1uo7-E_E2jbehB2hbBurpPayP_0fKY5sPZcFgZmfLydY/edit#gid=1992807502
season_009,Singles,hinrunde,Keldeo,keldeo,keldeo,Blocki,blocki,Voltwizards,voltwizards,sheet_extracted,https://docs.google.com/spreadsheets/d/1uo7-E_E2jbehB2hbBurpPayP_0fKY5sPZcFgZmfLydY/edit#gid=520178140;https://docs.google.com/spreadsheets/d/1uo7-E_E2jbehB2hbBurpPayP_0fKY5sPZcFgZmfLydY/edit#gid=1992807502
season_009,Singles,rueckrunde,Keldeo,keldeo,keldeo,Blocki,blocki,Voltwizards,voltwizards,sheet_extracted,https://docs.google.com/spreadsheets/d/1uo7-E_E2jbehB2hbBurpPayP_0fKY5sPZcFgZmfLydY/edit#gid=1992807502;https://docs.google.com/spreadsheets/d/1uo7-E_E2jbehB2hbBurpPayP_0fKY5sPZcFgZmfLydY/edit#gid=754790791
season_009,Singles,hinrunde,Mamutel,mamutel,mamoswine,Blocki,blocki,Voltwizards,voltwizards,sheet_extracted,https://docs.google.com/spreadsheets/d/1uo7-E_E2jbehB2hbBurpPayP_0fKY5sPZcFgZmfLydY/edit#gid=520178140;https://docs.google.com/spreadsheets/d/1uo7-E_E2jbehB2hbBurpPayP_0fKY5sPZcFgZmfLydY/edit#gid=1992807502
season_009,Singles,hinrunde,Morbitesse,morbitesse,gothitelle,Blocki,blocki,Voltwizards,voltwizards,sheet_extracted,https://docs.google.com/spreadsheets/d/1uo7-E_E2jbehB2hbBurpPayP_0fKY5sPZcFgZmfLydY/edit#gid=520178140;https://docs.google.com/spreadsheets/d/1uo7-E_E2jbehB2hbBurpPayP_0fKY5sPZcFgZmfLydY/edit#gid=1992807502
season_009,Singles,hinrunde,Raikou,raikou,raikou,Blocki,blocki,Voltwizards,voltwizards,sheet_extracted,https://docs.google.com/spreadsheets/d/1uo7-E_E2jbehB2hbBurpPayP_0fKY5sPZcFgZmfLydY/edit#gid=520178140;https://docs.google.com/spreadsheets/d/1uo7-E_E2jbehB2hbBurpPayP_0fKY5sPZcFgZmfLydY/edit#gid=1992807502
season_009,Singles,rueckrunde,Raikou,raikou,raikou,Blocki,blocki,Voltwizards,voltwizards,sheet_extracted,https://docs.google.com/spreadsheets/d/1uo7-E_E2jbehB2hbBurpPayP_0fKY5sPZcFgZmfLydY/edit#gid=1992807502;https://docs.google.com/spreadsheets/d/1uo7-E_E2jbehB2hbBurpPayP_0fKY5sPZcFgZmfLydY/edit#gid=754790791
season_009,Singles,rueckrunde,Selfe,selfe,uxie,Blocki,blocki,Voltwizards,voltwizards,sheet_extracted,https://docs.google.com/spreadsheets/d/1uo7-E_E2jbehB2hbBurpPayP_0fKY5sPZcFgZmfLydY/edit#gid=520178140;https://docs.google.com/spreadsheets/d/1uo7-E_E2jbehB2hbBurpPayP_0fKY5sPZcFgZmfLydY/edit#gid=1992807502;https://docs.google.com/spreadsheets/d/1uo7-E_E2jbehB2hbBurpPayP_0fKY5sPZcFgZmfLydY/edit#gid=754790791
season_009,Singles,rueckrunde,Skuntank,skuntank,skuntank,Blocki,blocki,Voltwizards,voltwizards,sheet_extracted,https://docs.google.com/spreadsheets/d/1uo7-E_E2jbehB2hbBurpPayP_0fKY5sPZcFgZmfLydY/edit#gid=520178140;https://docs.google.com/spreadsheets/d/1uo7-E_E2jbehB2hbBurpPayP_0fKY5sPZcFgZmfLydY/edit#gid=1992807502;https://docs.google.com/spreadsheets/d/1uo7-E_E2jbehB2hbBurpPayP_0fKY5sPZcFgZmfLydY/edit#gid=754790791
season_009,Singles,rueckrunde,Sniebel,sniebel,sneasel,Blocki,blocki,Voltwizards,voltwizards,sheet_extracted,https://docs.google.com/spreadsheets/d/1uo7-E_E2jbehB2hbBurpPayP_0fKY5sPZcFgZmfLydY/edit#gid=520178140;https://docs.google.com/spreadsheets/d/1uo7-E_E2jbehB2hbBurpPayP_0fKY5sPZcFgZmfLydY/edit#gid=1992807502;https://docs.google.com/spreadsheets/d/1uo7-E_E2jbehB2hbBurpPayP_0fKY5sPZcFgZmfLydY/edit#gid=754790791
season_009,Singles,hinrunde,Tandrak,tandrak,dragalge,Blocki,blocki,Voltwizards,voltwizards,sheet_extracted,https://docs.google.com/spreadsheets/d/1uo7-E_E2jbehB2hbBurpPayP_0fKY5sPZcFgZmfLydY/edit#gid=520178140;https://docs.google.com/spreadsheets/d/1uo7-E_E2jbehB2hbBurpPayP_0fKY5sPZcFgZmfLydY/edit#gid=1992807502
season_009,Singles,hinrunde,Zobiris,zobiris,sableye,Blocki,blocki,Voltwizards,voltwizards,sheet_extracted,https://docs.google.com/spreadsheets/d/1uo7-E_E2jbehB2hbBurpPayP_0fKY5sPZcFgZmfLydY/edit#gid=520178140;https://docs.google.com/spreadsheets/d/1uo7-E_E2jbehB2hbBurpPayP_0fKY5sPZcFgZmfLydY/edit#gid=1992807502
season_009,Singles,rueckrunde,Zobiris,zobiris,sableye,Blocki,blocki,Voltwizards,voltwizards,sheet_extracted,https://docs.google.com/spreadsheets/d/1uo7-E_E2jbehB2hbBurpPayP_0fKY5sPZcFgZmfLydY/edit#gid=1992807502;https://docs.google.com/spreadsheets/d/1uo7-E_E2jbehB2hbBurpPayP_0fKY5sPZcFgZmfLydY/edit#gid=754790791
season_009,Singles,hinrunde,Demeteros-T,demeterost,landorustherian,Dauni,daunidaunstar,Scherzkekse,scherzkekse,sheet_extracted,https://docs.google.com/spreadsheets/d/1uo7-E_E2jbehB2hbBurpPayP_0fKY5sPZcFgZmfLydY/edit#gid=520178140;https://docs.google.com/spreadsheets/d/1uo7-E_E2jbehB2hbBurpPayP_0fKY5sPZcFgZmfLydY/edit#gid=1992807502
season_009,Singles,rueckrunde,Demeteros-T,demeterost,landorustherian,Dauni,daunidaunstar,Scherzkekse,scherzkekse,sheet_extracted,https://docs.google.com/spreadsheets/d/1uo7-E_E2jbehB2hbBurpPayP_0fKY5sPZcFgZmfLydY/edit#gid=1992807502;https://docs.google.com/spreadsheets/d/1uo7-E_E2jbehB2hbBurpPayP_0fKY5sPZcFgZmfLydY/edit#gid=754790791
season_009,Singles,hinrunde,Kabutops,kabutops,kabutops,Dauni,daunidaunstar,Scherzkekse,scherzkekse,sheet_extracted,https://docs.google.com/spreadsheets/d/1uo7-E_E2jbehB2hbBurpPayP_0fKY5sPZcFgZmfLydY/edit#gid=520178140;https://docs.google.com/spreadsheets/d/1uo7-E_E2jbehB2hbBurpPayP_0fKY5sPZcFgZmfLydY/edit#gid=1992807502
season_009,Singles,hinrunde,Kaguron,kaguron,celesteela,Dauni,daunidaunstar,Scherzkekse,scherzkekse,sheet_extracted,https://docs.google.com/spreadsheets/d/1uo7-E_E2jbehB2hbBurpPayP_0fKY5sPZcFgZmfLydY/edit#gid=520178140;https://docs.google.com/spreadsheets/d/1uo7-E_E2jbehB2hbBurpPayP_0fKY5sPZcFgZmfLydY/edit#gid=1992807502
season_009,Singles,rueckrunde,Krarmor,krarmor,corviknight,Dauni,daunidaunstar,Scherzkekse,scherzkekse,sheet_extracted,https://docs.google.com/spreadsheets/d/1uo7-E_E2jbehB2hbBurpPayP_0fKY5sPZcFgZmfLydY/edit#gid=520178140;https://docs.google.com/spreadsheets/d/1uo7-E_E2jbehB2hbBurpPayP_0fKY5sPZcFgZmfLydY/edit#gid=1992807502;https://docs.google.com/spreadsheets/d/1uo7-E_E2jbehB2hbBurpPayP_0fKY5sPZcFgZmfLydY/edit#gid=754790791
season_009,Singles,rueckrunde,Latios,latios,latios,Dauni,daunidaunstar,Scherzkekse,scherzkekse,sheet_extracted,https://docs.google.com/spreadsheets/d/1uo7-E_E2jbehB2hbBurpPayP_0fKY5sPZcFgZmfLydY/edit#gid=520178140;https://docs.google.com/spreadsheets/d/1uo7-E_E2jbehB2hbBurpPayP_0fKY5sPZcFgZmfLydY/edit#gid=1992807502;https://docs.google.com/spreadsheets/d/1uo7-E_E2jbehB2hbBurpPayP_0fKY5sPZcFgZmfLydY/edit#gid=754790791
season_009,Singles,hinrunde,Liberlo,liberlo,cinderace,Dauni,daunidaunstar,Scherzkekse,scherzkekse,sheet_extracted,https://docs.google.com/spreadsheets/d/1uo7-E_E2jbehB2hbBurpPayP_0fKY5sPZcFgZmfLydY/edit#gid=520178140;https://docs.google.com/spreadsheets/d/1uo7-E_E2jbehB2hbBurpPayP_0fKY5sPZcFgZmfLydY/edit#gid=1992807502
season_009,Singles,rueckrunde,Liberlo,liberlo,cinderace,Dauni,daunidaunstar,Scherzkekse,scherzkekse,sheet_extracted,https://docs.google.com/spreadsheets/d/1uo7-E_E2jbehB2hbBurpPayP_0fKY5sPZcFgZmfLydY/edit#gid=1992807502;https://docs.google.com/spreadsheets/d/1uo7-E_E2jbehB2hbBurpPayP_0fKY5sPZcFgZmfLydY/edit#gid=754790791
season_009,Singles,hinrunde,Meistagrif,meistagrif,conkeldurr,Dauni,daunidaunstar,Scherzkekse,scherzkekse,sheet_extracted,https://docs.google.com/spreadsheets/d/1uo7-E_E2jbehB2hbBurpPayP_0fKY5sPZcFgZmfLydY/edit#gid=520178140;https://docs.google.com/spreadsheets/d/1uo7-E_E2jbehB2hbBurpPayP_0fKY5sPZcFgZmfLydY/edit#gid=1992807502
season_009,Singles,rueckrunde,Meistagrif,meistagrif,conkeldurr,Dauni,daunidaunstar,Scherzkekse,scherzkekse,sheet_extracted,https://docs.google.com/spreadsheets/d/1uo7-E_E2jbehB2hbBurpPayP_0fKY5sPZcFgZmfLydY/edit#gid=1992807502;https://docs.google.com/spreadsheets/d/1uo7-E_E2jbehB2hbBurpPayP_0fKY5sPZcFgZmfLydY/edit#gid=754790791
season_009,Singles,hinrunde,Milotic,milotic,milotic,Dauni,daunidaunstar,Scherzkekse,scherzkekse,sheet_extracted,https://docs.google.com/spreadsheets/d/1uo7-E_E2jbehB2hbBurpPayP_0fKY5sPZcFgZmfLydY/edit#gid=520178140;https://docs.google.com/spreadsheets/d/1uo7-E_E2jbehB2hbBurpPayP_0fKY5sPZcFgZmfLydY/edit#gid=1992807502
season_009,Singles,rueckrunde,Milotic,milotic,milotic,Dauni,daunidaunstar,Scherzkekse,scherzkekse,sheet_extracted,https://docs.google.com/spreadsheets/d/1uo7-E_E2jbehB2hbBurpPayP_0fKY5sPZcFgZmfLydY/edit#gid=1992807502;https://docs.google.com/spreadsheets/d/1uo7-E_E2jbehB2hbBurpPayP_0fKY5sPZcFgZmfLydY/edit#gid=754790791
season_009,Singles,hinrunde,Piepi,piepi,clefairy,Dauni,daunidaunstar,Scherzkekse,scherzkekse,sheet_extracted,https://docs.google.com/spreadsheets/d/1uo7-E_E2jbehB2hbBurpPayP_0fKY5sPZcFgZmfLydY/edit#gid=520178140;https://docs.google.com/spreadsheets/d/1uo7-E_E2jbehB2hbBurpPayP_0fKY5sPZcFgZmfLydY/edit#gid=1992807502
season_009,Singles,rueckrunde,Piepi,piepi,clefairy,Dauni,daunidaunstar,Scherzkekse,scherzkekse,sheet_extracted,https://docs.google.com/spreadsheets/d/1uo7-E_E2jbehB2hbBurpPayP_0fKY5sPZcFgZmfLydY/edit#gid=1992807502;https://docs.google.com/spreadsheets/d/1uo7-E_E2jbehB2hbBurpPayP_0fKY5sPZcFgZmfLydY/edit#gid=754790791
season_009,Singles,hinrunde,Piondragi,piondragi,drapion,Dauni,daunidaunstar,Scherzkekse,scherzkekse,sheet_extracted,https://docs.google.com/spreadsheets/d/1uo7-E_E2jbehB2hbBurpPayP_0fKY5sPZcFgZmfLydY/edit#gid=520178140;https://docs.google.com/spreadsheets/d/1uo7-E_E2jbehB2hbBurpPayP_0fKY5sPZcFgZmfLydY/edit#gid=1992807502
season_009,Singles,rueckrunde,Piondragi,piondragi,drapion,Dauni,daunidaunstar,Scherzkekse,scherzkekse,sheet_extracted,https://docs.google.com/spreadsheets/d/1uo7-E_E2jbehB2hbBurpPayP_0fKY5sPZcFgZmfLydY/edit#gid=1992807502;https://docs.google.com/spreadsheets/d/1uo7-E_E2jbehB2hbBurpPayP_0fKY5sPZcFgZmfLydY/edit#gid=754790791
season_009,Singles,hinrunde,Porygon-Z,porygonz,porygonz,Dauni,daunidaunstar,Scherzkekse,scherzkekse,sheet_extracted,https://docs.google.com/spreadsheets/d/1uo7-E_E2jbehB2hbBurpPayP_0fKY5sPZcFgZmfLydY/edit#gid=520178140;https://docs.google.com/spreadsheets/d/1uo7-E_E2jbehB2hbBurpPayP_0fKY5sPZcFgZmfLydY/edit#gid=1992807502
season_009,Singles,rueckrunde,Riffex-Hoch,riffexhoch,toxtricity,Dauni,daunidaunstar,Scherzkekse,scherzkekse,sheet_extracted,https://docs.google.com/spreadsheets/d/1uo7-E_E2jbehB2hbBurpPayP_0fKY5sPZcFgZmfLydY/edit#gid=520178140;https://docs.google.com/spreadsheets/d/1uo7-E_E2jbehB2hbBurpPayP_0fKY5sPZcFgZmfLydY/edit#gid=1992807502;https://docs.google.com/spreadsheets/d/1uo7-E_E2jbehB2hbBurpPayP_0fKY5sPZcFgZmfLydY/edit#gid=754790791
season_009,Singles,rueckrunde,Somnivora,somnivora,musharna,Dauni,daunidaunstar,Scherzkekse,scherzkekse,sheet_extracted,https://docs.google.com/spreadsheets/d/1uo7-E_E2jbehB2hbBurpPayP_0fKY5sPZcFgZmfLydY/edit#gid=520178140;https://docs.google.com/spreadsheets/d/1uo7-E_E2jbehB2hbBurpPayP_0fKY5sPZcFgZmfLydY/edit#gid=1992807502;https://docs.google.com/spreadsheets/d/1uo7-E_E2jbehB2hbBurpPayP_0fKY5sPZcFgZmfLydY/edit#gid=754790791
season_009,Singles,hinrunde,Togedemaru,togedemaru,togedemaru,Dauni,daunidaunstar,Scherzkekse,scherzkekse,sheet_extracted,https://docs.google.com/spreadsheets/d/1uo7-E_E2jbehB2hbBurpPayP_0fKY5sPZcFgZmfLydY/edit#gid=520178140;https://docs.google.com/spreadsheets/d/1uo7-E_E2jbehB2hbBurpPayP_0fKY5sPZcFgZmfLydY/edit#gid=1992807502
season_009,Singles,rueckrunde,Togedemaru,togedemaru,togedemaru,Dauni,daunidaunstar,Scherzkekse,scherzkekse,sheet_extracted,https://docs.google.com/spreadsheets/d/1uo7-E_E2jbehB2hbBurpPayP_0fKY5sPZcFgZmfLydY/edit#gid=1992807502;https://docs.google.com/spreadsheets/d/1uo7-E_E2jbehB2hbBurpPayP_0fKY5sPZcFgZmfLydY/edit#gid=754790791
season_009,Singles,hinrunde,Zytomega,zytomega,reuniclus,Dauni,daunidaunstar,Scherzkekse,scherzkekse,sheet_extracted,https://docs.google.com/spreadsheets/d/1uo7-E_E2jbehB2hbBurpPayP_0fKY5sPZcFgZmfLydY/edit#gid=520178140;https://docs.google.com/spreadsheets/d/1uo7-E_E2jbehB2hbBurpPayP_0fKY5sPZcFgZmfLydY/edit#gid=1992807502
season_009,Singles,rueckrunde,Bronzong,bronzong,bronzong,El Scizor,elscizor,Victory Instinct,victoryinstinct,sheet_extracted,https://docs.google.com/spreadsheets/d/1uo7-E_E2jbehB2hbBurpPayP_0fKY5sPZcFgZmfLydY/edit#gid=1992807502;https://docs.google.com/spreadsheets/d/1uo7-E_E2jbehB2hbBurpPayP_0fKY5sPZcFgZmfLydY/edit#gid=754790791
season_009,Singles,rueckrunde,Demeteros-I,demeterosi,landorus,El Scizor,elscizor,Victory Instinct,victoryinstinct,sheet_extracted,https://docs.google.com/spreadsheets/d/1uo7-E_E2jbehB2hbBurpPayP_0fKY5sPZcFgZmfLydY/edit#gid=1992807502;https://docs.google.com/spreadsheets/d/1uo7-E_E2jbehB2hbBurpPayP_0fKY5sPZcFgZmfLydY/edit#gid=754790791
season_009,Singles,rueckrunde,Kapu-Kime,kapukime,tapufini,El Scizor,elscizor,Victory Instinct,victoryinstinct,sheet_extracted,https://docs.google.com/spreadsheets/d/1uo7-E_E2jbehB2hbBurpPayP_0fKY5sPZcFgZmfLydY/edit#gid=1992807502;https://docs.google.com/spreadsheets/d/1uo7-E_E2jbehB2hbBurpPayP_0fKY5sPZcFgZmfLydY/edit#gid=754790791
season_009,Singles,rueckrunde,Miltank,miltank,miltank,El Scizor,elscizor,Victory Instinct,victoryinstinct,sheet_extracted,https://docs.google.com/spreadsheets/d/1uo7-E_E2jbehB2hbBurpPayP_0fKY5sPZcFgZmfLydY/edit#gid=520178140;https://docs.google.com/spreadsheets/d/1uo7-E_E2jbehB2hbBurpPayP_0fKY5sPZcFgZmfLydY/edit#gid=1992807502;https://docs.google.com/spreadsheets/d/1uo7-E_E2jbehB2hbBurpPayP_0fKY5sPZcFgZmfLydY/edit#gid=754790791
season_009,Singles,rueckrunde,Nidoqueen,nidoqueen,nidoqueen,El Scizor,elscizor,Victory Instinct,victoryinstinct,sheet_extracted,https://docs.google.com/spreadsheets/d/1uo7-E_E2jbehB2hbBurpPayP_0fKY5sPZcFgZmfLydY/edit#gid=1992807502;https://docs.google.com/spreadsheets/d/1uo7-E_E2jbehB2hbBurpPayP_0fKY5sPZcFgZmfLydY/edit#gid=754790791
season_009,Singles,rueckrunde,Pantimos,pantimos,mrmime,El Scizor,elscizor,Victory Instinct,victoryinstinct,sheet_extracted,https://docs.google.com/spreadsheets/d/1uo7-E_E2jbehB2hbBurpPayP_0fKY5sPZcFgZmfLydY/edit#gid=1992807502;https://docs.google.com/spreadsheets/d/1uo7-E_E2jbehB2hbBurpPayP_0fKY5sPZcFgZmfLydY/edit#gid=754790791
season_009,Singles,rueckrunde,Scherox,scherox,scizor,El Scizor,elscizor,Victory Instinct,victoryinstinct,sheet_extracted,https://docs.google.com/spreadsheets/d/1uo7-E_E2jbehB2hbBurpPayP_0fKY5sPZcFgZmfLydY/edit#gid=1992807502;https://docs.google.com/spreadsheets/d/1uo7-E_E2jbehB2hbBurpPayP_0fKY5sPZcFgZmfLydY/edit#gid=754790791
season_009,Singles,rueckrunde,UHaFnir,uhafnir,noivern,El Scizor,elscizor,Victory Instinct,victoryinstinct,sheet_extracted,https://docs.google.com/spreadsheets/d/1uo7-E_E2jbehB2hbBurpPayP_0fKY5sPZcFgZmfLydY/edit#gid=1992807502;https://docs.google.com/spreadsheets/d/1uo7-E_E2jbehB2hbBurpPayP_0fKY5sPZcFgZmfLydY/edit#gid=754790791
season_009,Singles,rueckrunde,Volcanion,volcanion,volcanion,El Scizor,elscizor,Victory Instinct,victoryinstinct,sheet_extracted,https://docs.google.com/spreadsheets/d/1uo7-E_E2jbehB2hbBurpPayP_0fKY5sPZcFgZmfLydY/edit#gid=1992807502;https://docs.google.com/spreadsheets/d/1uo7-E_E2jbehB2hbBurpPayP_0fKY5sPZcFgZmfLydY/edit#gid=754790791
season_009,Singles,rueckrunde,Zarude,zarude,zarude,El Scizor,elscizor,Victory Instinct,victoryinstinct,sheet_extracted,https://docs.google.com/spreadsheets/d/1uo7-E_E2jbehB2hbBurpPayP_0fKY5sPZcFgZmfLydY/edit#gid=520178140;https://docs.google.com/spreadsheets/d/1uo7-E_E2jbehB2hbBurpPayP_0fKY5sPZcFgZmfLydY/edit#gid=1992807502;https://docs.google.com/spreadsheets/d/1uo7-E_E2jbehB2hbBurpPayP_0fKY5sPZcFgZmfLydY/edit#gid=754790791
season_009,Singles,rueckrunde,Zeraora,zeraora,zeraora,El Scizor,elscizor,Victory Instinct,victoryinstinct,sheet_extracted,https://docs.google.com/spreadsheets/d/1uo7-E_E2jbehB2hbBurpPayP_0fKY5sPZcFgZmfLydY/edit#gid=1992807502;https://docs.google.com/spreadsheets/d/1uo7-E_E2jbehB2hbBurpPayP_0fKY5sPZcFgZmfLydY/edit#gid=754790791
season_009,Doubles,hinrunde,Branawarz,branawarz,seismitoad,ElektechN9ne,elektechn9ne,Royal Bluff,royalbluff,sheet_extracted,https://docs.google.com/spreadsheets/d/1uo7-E_E2jbehB2hbBurpPayP_0fKY5sPZcFgZmfLydY/edit#gid=1696255979;https://docs.google.com/spreadsheets/d/1uo7-E_E2jbehB2hbBurpPayP_0fKY5sPZcFgZmfLydY/edit#gid=1992807502
season_009,Doubles,rueckrunde,Branawarz,branawarz,seismitoad,ElektechN9ne,elektechn9ne,Royal Bluff,royalbluff,sheet_extracted,https://docs.google.com/spreadsheets/d/1uo7-E_E2jbehB2hbBurpPayP_0fKY5sPZcFgZmfLydY/edit#gid=1992807502;https://docs.google.com/spreadsheets/d/1uo7-E_E2jbehB2hbBurpPayP_0fKY5sPZcFgZmfLydY/edit#gid=754790791
season_009,Doubles,hinrunde,Cerapendra,cerapendra,scolipede,ElektechN9ne,elektechn9ne,Royal Bluff,royalbluff,sheet_extracted,https://docs.google.com/spreadsheets/d/1uo7-E_E2jbehB2hbBurpPayP_0fKY5sPZcFgZmfLydY/edit#gid=1696255979;https://docs.google.com/spreadsheets/d/1uo7-E_E2jbehB2hbBurpPayP_0fKY5sPZcFgZmfLydY/edit#gid=1992807502
season_009,Doubles,hinrunde,Durengard,durengard,aegislash,ElektechN9ne,elektechn9ne,Royal Bluff,royalbluff,sheet_extracted,https://docs.google.com/spreadsheets/d/1uo7-E_E2jbehB2hbBurpPayP_0fKY5sPZcFgZmfLydY/edit#gid=1696255979;https://docs.google.com/spreadsheets/d/1uo7-E_E2jbehB2hbBurpPayP_0fKY5sPZcFgZmfLydY/edit#gid=1992807502
season_009,Doubles,rueckrunde,Durengard,durengard,aegislash,ElektechN9ne,elektechn9ne,Royal Bluff,royalbluff,sheet_extracted,https://docs.google.com/spreadsheets/d/1uo7-E_E2jbehB2hbBurpPayP_0fKY5sPZcFgZmfLydY/edit#gid=1992807502;https://docs.google.com/spreadsheets/d/1uo7-E_E2jbehB2hbBurpPayP_0fKY5sPZcFgZmfLydY/edit#gid=754790791
season_009,Doubles,hinrunde,Fruyal,fruyal,tsareena,ElektechN9ne,elektechn9ne,Royal Bluff,royalbluff,sheet_extracted,https://docs.google.com/spreadsheets/d/1uo7-E_E2jbehB2hbBurpPayP_0fKY5sPZcFgZmfLydY/edit#gid=1696255979;https://docs.google.com/spreadsheets/d/1uo7-E_E2jbehB2hbBurpPayP_0fKY5sPZcFgZmfLydY/edit#gid=1992807502
season_009,Doubles,rueckrunde,Fruyal,fruyal,tsareena,ElektechN9ne,elektechn9ne,Royal Bluff,royalbluff,sheet_extracted,https://docs.google.com/spreadsheets/d/1uo7-E_E2jbehB2hbBurpPayP_0fKY5sPZcFgZmfLydY/edit#gid=1992807502;https://docs.google.com/spreadsheets/d/1uo7-E_E2jbehB2hbBurpPayP_0fKY5sPZcFgZmfLydY/edit#gid=754790791
season_009,Doubles,hinrunde,Fuegro,fuegro,incineroar,ElektechN9ne,elektechn9ne,Royal Bluff,royalbluff,sheet_extracted,https://docs.google.com/spreadsheets/d/1uo7-E_E2jbehB2hbBurpPayP_0fKY5sPZcFgZmfLydY/edit#gid=1696255979;https://docs.google.com/spreadsheets/d/1uo7-E_E2jbehB2hbBurpPayP_0fKY5sPZcFgZmfLydY/edit#gid=1992807502
season_009,Doubles,rueckrunde,Fuegro,fuegro,incineroar,ElektechN9ne,elektechn9ne,Royal Bluff,royalbluff,sheet_extracted,https://docs.google.com/spreadsheets/d/1uo7-E_E2jbehB2hbBurpPayP_0fKY5sPZcFgZmfLydY/edit#gid=1992807502;https://docs.google.com/spreadsheets/d/1uo7-E_E2jbehB2hbBurpPayP_0fKY5sPZcFgZmfLydY/edit#gid=754790791
season_009,Doubles,hinrunde,Kapu-Riki,kapuriki,tapukoko,ElektechN9ne,elektechn9ne,Royal Bluff,royalbluff,sheet_extracted,https://docs.google.com/spreadsheets/d/1uo7-E_E2jbehB2hbBurpPayP_0fKY5sPZcFgZmfLydY/edit#gid=1696255979;https://docs.google.com/spreadsheets/d/1uo7-E_E2jbehB2hbBurpPayP_0fKY5sPZcFgZmfLydY/edit#gid=1992807502
season_009,Doubles,rueckrunde,Kapu-Riki,kapuriki,tapukoko,ElektechN9ne,elektechn9ne,Royal Bluff,royalbluff,sheet_extracted,https://docs.google.com/spreadsheets/d/1uo7-E_E2jbehB2hbBurpPayP_0fKY5sPZcFgZmfLydY/edit#gid=1992807502;https://docs.google.com/spreadsheets/d/1uo7-E_E2jbehB2hbBurpPayP_0fKY5sPZcFgZmfLydY/edit#gid=754790791
season_009,Doubles,hinrunde,Keifel,keifel,piloswine,ElektechN9ne,elektechn9ne,Royal Bluff,royalbluff,sheet_extracted,https://docs.google.com/spreadsheets/d/1uo7-E_E2jbehB2hbBurpPayP_0fKY5sPZcFgZmfLydY/edit#gid=1696255979;https://docs.google.com/spreadsheets/d/1uo7-E_E2jbehB2hbBurpPayP_0fKY5sPZcFgZmfLydY/edit#gid=1992807502
season_009,Doubles,hinrunde,Kicklee,kicklee,hitmonlee,ElektechN9ne,elektechn9ne,Royal Bluff,royalbluff,sheet_extracted,https://docs.google.com/spreadsheets/d/1uo7-E_E2jbehB2hbBurpPayP_0fKY5sPZcFgZmfLydY/edit#gid=1696255979;https://docs.google.com/spreadsheets/d/1uo7-E_E2jbehB2hbBurpPayP_0fKY5sPZcFgZmfLydY/edit#gid=1992807502
season_009,Doubles,rueckrunde,Kicklee,kicklee,hitmonlee,ElektechN9ne,elektechn9ne,Royal Bluff,royalbluff,sheet_extracted,https://docs.google.com/spreadsheets/d/1uo7-E_E2jbehB2hbBurpPayP_0fKY5sPZcFgZmfLydY/edit#gid=1992807502;https://docs.google.com/spreadsheets/d/1uo7-E_E2jbehB2hbBurpPayP_0fKY5sPZcFgZmfLydY/edit#gid=754790791
season_009,Doubles,hinrunde,Latias,latias,latias,ElektechN9ne,elektechn9ne,Royal Bluff,royalbluff,sheet_extracted,https://docs.google.com/spreadsheets/d/1uo7-E_E2jbehB2hbBurpPayP_0fKY5sPZcFgZmfLydY/edit#gid=1696255979;https://docs.google.com/spreadsheets/d/1uo7-E_E2jbehB2hbBurpPayP_0fKY5sPZcFgZmfLydY/edit#gid=1992807502
season_009,Doubles,rueckrunde,Latias,latias,latias,ElektechN9ne,elektechn9ne,Royal Bluff,royalbluff,sheet_extracted,https://docs.google.com/spreadsheets/d/1uo7-E_E2jbehB2hbBurpPayP_0fKY5sPZcFgZmfLydY/edit#gid=1992807502;https://docs.google.com/spreadsheets/d/1uo7-E_E2jbehB2hbBurpPayP_0fKY5sPZcFgZmfLydY/edit#gid=754790791
season_009,Doubles,rueckrunde,Masskito,masskito,buzzwole,ElektechN9ne,elektechn9ne,Royal Bluff,royalbluff,sheet_extracted,https://docs.google.com/spreadsheets/d/1uo7-E_E2jbehB2hbBurpPayP_0fKY5sPZcFgZmfLydY/edit#gid=1696255979;https://docs.google.com/spreadsheets/d/1uo7-E_E2jbehB2hbBurpPayP_0fKY5sPZcFgZmfLydY/edit#gid=1992807502;https://docs.google.com/spreadsheets/d/1uo7-E_E2jbehB2hbBurpPayP_0fKY5sPZcFgZmfLydY/edit#gid=754790791
season_009,Doubles,hinrunde,Mimigma,mimigma,mimikyu,ElektechN9ne,elektechn9ne,Royal Bluff,royalbluff,sheet_extracted,https://docs.google.com/spreadsheets/d/1uo7-E_E2jbehB2hbBurpPayP_0fKY5sPZcFgZmfLydY/edit#gid=1696255979;https://docs.google.com/spreadsheets/d/1uo7-E_E2jbehB2hbBurpPayP_0fKY5sPZcFgZmfLydY/edit#gid=1992807502
season_009,Doubles,hinrunde,Schlurplek,schlurplek,lickilicky,ElektechN9ne,elektechn9ne,Royal Bluff,royalbluff,sheet_extracted,https://docs.google.com/spreadsheets/d/1uo7-E_E2jbehB2hbBurpPayP_0fKY5sPZcFgZmfLydY/edit#gid=1696255979;https://docs.google.com/spreadsheets/d/1uo7-E_E2jbehB2hbBurpPayP_0fKY5sPZcFgZmfLydY/edit#gid=1992807502
season_009,Doubles,rueckrunde,Schlurplek,schlurplek,lickilicky,ElektechN9ne,elektechn9ne,Royal Bluff,royalbluff,sheet_extracted,https://docs.google.com/spreadsheets/d/1uo7-E_E2jbehB2hbBurpPayP_0fKY5sPZcFgZmfLydY/edit#gid=1992807502;https://docs.google.com/spreadsheets/d/1uo7-E_E2jbehB2hbBurpPayP_0fKY5sPZcFgZmfLydY/edit#gid=754790791
season_009,Doubles,rueckrunde,Smogmog,smogmog,weezing,ElektechN9ne,elektechn9ne,Royal Bluff,royalbluff,sheet_extracted,https://docs.google.com/spreadsheets/d/1uo7-E_E2jbehB2hbBurpPayP_0fKY5sPZcFgZmfLydY/edit#gid=1696255979;https://docs.google.com/spreadsheets/d/1uo7-E_E2jbehB2hbBurpPayP_0fKY5sPZcFgZmfLydY/edit#gid=1992807502;https://docs.google.com/spreadsheets/d/1uo7-E_E2jbehB2hbBurpPayP_0fKY5sPZcFgZmfLydY/edit#gid=754790791
season_009,Doubles,rueckrunde,Voltenso,voltenso,manectric,ElektechN9ne,elektechn9ne,Royal Bluff,royalbluff,sheet_extracted,https://docs.google.com/spreadsheets/d/1uo7-E_E2jbehB2hbBurpPayP_0fKY5sPZcFgZmfLydY/edit#gid=1696255979;https://docs.google.com/spreadsheets/d/1uo7-E_E2jbehB2hbBurpPayP_0fKY5sPZcFgZmfLydY/edit#gid=1992807502;https://docs.google.com/spreadsheets/d/1uo7-E_E2jbehB2hbBurpPayP_0fKY5sPZcFgZmfLydY/edit#gid=754790791
season_009,Doubles,hinrunde,Demeteros-T,demeterost,landorustherian,Hydronic,hydronic,Scherzkekse,scherzkekse,sheet_extracted,https://docs.google.com/spreadsheets/d/1uo7-E_E2jbehB2hbBurpPayP_0fKY5sPZcFgZmfLydY/edit#gid=1696255979;https://docs.google.com/spreadsheets/d/1uo7-E_E2jbehB2hbBurpPayP_0fKY5sPZcFgZmfLydY/edit#gid=1992807502
season_009,Doubles,rueckrunde,Demeteros-T,demeterost,landorustherian,Hydronic,hydronic,Scherzkekse,scherzkekse,sheet_extracted,https://docs.google.com/spreadsheets/d/1uo7-E_E2jbehB2hbBurpPayP_0fKY5sPZcFgZmfLydY/edit#gid=1992807502;https://docs.google.com/spreadsheets/d/1uo7-E_E2jbehB2hbBurpPayP_0fKY5sPZcFgZmfLydY/edit#gid=754790791
season_009,Doubles,hinrunde,Kabutops,kabutops,kabutops,Hydronic,hydronic,Scherzkekse,scherzkekse,sheet_extracted,https://docs.google.com/spreadsheets/d/1uo7-E_E2jbehB2hbBurpPayP_0fKY5sPZcFgZmfLydY/edit#gid=1696255979;https://docs.google.com/spreadsheets/d/1uo7-E_E2jbehB2hbBurpPayP_0fKY5sPZcFgZmfLydY/edit#gid=1992807502
season_009,Doubles,hinrunde,Kaguron,kaguron,celesteela,Hydronic,hydronic,Scherzkekse,scherzkekse,sheet_extracted,https://docs.google.com/spreadsheets/d/1uo7-E_E2jbehB2hbBurpPayP_0fKY5sPZcFgZmfLydY/edit#gid=1696255979;https://docs.google.com/spreadsheets/d/1uo7-E_E2jbehB2hbBurpPayP_0fKY5sPZcFgZmfLydY/edit#gid=1992807502
season_009,Doubles,rueckrunde,Krarmor,krarmor,corviknight,Hydronic,hydronic,Scherzkekse,scherzkekse,sheet_extracted,https://docs.google.com/spreadsheets/d/1uo7-E_E2jbehB2hbBurpPayP_0fKY5sPZcFgZmfLydY/edit#gid=1696255979;https://docs.google.com/spreadsheets/d/1uo7-E_E2jbehB2hbBurpPayP_0fKY5sPZcFgZmfLydY/edit#gid=1992807502;https://docs.google.com/spreadsheets/d/1uo7-E_E2jbehB2hbBurpPayP_0fKY5sPZcFgZmfLydY/edit#gid=754790791
season_009,Doubles,rueckrunde,Latios,latios,latios,Hydronic,hydronic,Scherzkekse,scherzkekse,sheet_extracted,https://docs.google.com/spreadsheets/d/1uo7-E_E2jbehB2hbBurpPayP_0fKY5sPZcFgZmfLydY/edit#gid=1696255979;https://docs.google.com/spreadsheets/d/1uo7-E_E2jbehB2hbBurpPayP_0fKY5sPZcFgZmfLydY/edit#gid=1992807502;https://docs.google.com/spreadsheets/d/1uo7-E_E2jbehB2hbBurpPayP_0fKY5sPZcFgZmfLydY/edit#gid=754790791
season_009,Doubles,hinrunde,Liberlo,liberlo,cinderace,Hydronic,hydronic,Scherzkekse,scherzkekse,sheet_extracted,https://docs.google.com/spreadsheets/d/1uo7-E_E2jbehB2hbBurpPayP_0fKY5sPZcFgZmfLydY/edit#gid=1696255979;https://docs.google.com/spreadsheets/d/1uo7-E_E2jbehB2hbBurpPayP_0fKY5sPZcFgZmfLydY/edit#gid=1992807502
season_009,Doubles,rueckrunde,Liberlo,liberlo,cinderace,Hydronic,hydronic,Scherzkekse,scherzkekse,sheet_extracted,https://docs.google.com/spreadsheets/d/1uo7-E_E2jbehB2hbBurpPayP_0fKY5sPZcFgZmfLydY/edit#gid=1992807502;https://docs.google.com/spreadsheets/d/1uo7-E_E2jbehB2hbBurpPayP_0fKY5sPZcFgZmfLydY/edit#gid=754790791
season_009,Doubles,hinrunde,Meistagrif,meistagrif,conkeldurr,Hydronic,hydronic,Scherzkekse,scherzkekse,sheet_extracted,https://docs.google.com/spreadsheets/d/1uo7-E_E2jbehB2hbBurpPayP_0fKY5sPZcFgZmfLydY/edit#gid=1696255979;https://docs.google.com/spreadsheets/d/1uo7-E_E2jbehB2hbBurpPayP_0fKY5sPZcFgZmfLydY/edit#gid=1992807502
season_009,Doubles,rueckrunde,Meistagrif,meistagrif,conkeldurr,Hydronic,hydronic,Scherzkekse,scherzkekse,sheet_extracted,https://docs.google.com/spreadsheets/d/1uo7-E_E2jbehB2hbBurpPayP_0fKY5sPZcFgZmfLydY/edit#gid=1992807502;https://docs.google.com/spreadsheets/d/1uo7-E_E2jbehB2hbBurpPayP_0fKY5sPZcFgZmfLydY/edit#gid=754790791
season_009,Doubles,hinrunde,Milotic,milotic,milotic,Hydronic,hydronic,Scherzkekse,scherzkekse,sheet_extracted,https://docs.google.com/spreadsheets/d/1uo7-E_E2jbehB2hbBurpPayP_0fKY5sPZcFgZmfLydY/edit#gid=1696255979;https://docs.google.com/spreadsheets/d/1uo7-E_E2jbehB2hbBurpPayP_0fKY5sPZcFgZmfLydY/edit#gid=1992807502
season_009,Doubles,rueckrunde,Milotic,milotic,milotic,Hydronic,hydronic,Scherzkekse,scherzkekse,sheet_extracted,https://docs.google.com/spreadsheets/d/1uo7-E_E2jbehB2hbBurpPayP_0fKY5sPZcFgZmfLydY/edit#gid=1992807502;https://docs.google.com/spreadsheets/d/1uo7-E_E2jbehB2hbBurpPayP_0fKY5sPZcFgZmfLydY/edit#gid=754790791
season_009,Doubles,hinrunde,Piepi,piepi,clefairy,Hydronic,hydronic,Scherzkekse,scherzkekse,sheet_extracted,https://docs.google.com/spreadsheets/d/1uo7-E_E2jbehB2hbBurpPayP_0fKY5sPZcFgZmfLydY/edit#gid=1696255979;https://docs.google.com/spreadsheets/d/1uo7-E_E2jbehB2hbBurpPayP_0fKY5sPZcFgZmfLydY/edit#gid=1992807502
season_009,Doubles,rueckrunde,Piepi,piepi,clefairy,Hydronic,hydronic,Scherzkekse,scherzkekse,sheet_extracted,https://docs.google.com/spreadsheets/d/1uo7-E_E2jbehB2hbBurpPayP_0fKY5sPZcFgZmfLydY/edit#gid=1992807502;https://docs.google.com/spreadsheets/d/1uo7-E_E2jbehB2hbBurpPayP_0fKY5sPZcFgZmfLydY/edit#gid=754790791
season_009,Doubles,hinrunde,Piondragi,piondragi,drapion,Hydronic,hydronic,Scherzkekse,scherzkekse,sheet_extracted,https://docs.google.com/spreadsheets/d/1uo7-E_E2jbehB2hbBurpPayP_0fKY5sPZcFgZmfLydY/edit#gid=1696255979;https://docs.google.com/spreadsheets/d/1uo7-E_E2jbehB2hbBurpPayP_0fKY5sPZcFgZmfLydY/edit#gid=1992807502
season_009,Doubles,rueckrunde,Piondragi,piondragi,drapion,Hydronic,hydronic,Scherzkekse,scherzkekse,sheet_extracted,https://docs.google.com/spreadsheets/d/1uo7-E_E2jbehB2hbBurpPayP_0fKY5sPZcFgZmfLydY/edit#gid=1992807502;https://docs.google.com/spreadsheets/d/1uo7-E_E2jbehB2hbBurpPayP_0fKY5sPZcFgZmfLydY/edit#gid=754790791
season_009,Doubles,hinrunde,Porygon-Z,porygonz,porygonz,Hydronic,hydronic,Scherzkekse,scherzkekse,sheet_extracted,https://docs.google.com/spreadsheets/d/1uo7-E_E2jbehB2hbBurpPayP_0fKY5sPZcFgZmfLydY/edit#gid=1696255979;https://docs.google.com/spreadsheets/d/1uo7-E_E2jbehB2hbBurpPayP_0fKY5sPZcFgZmfLydY/edit#gid=1992807502
season_009,Doubles,rueckrunde,Riffex-Hoch,riffexhoch,toxtricity,Hydronic,hydronic,Scherzkekse,scherzkekse,sheet_extracted,https://docs.google.com/spreadsheets/d/1uo7-E_E2jbehB2hbBurpPayP_0fKY5sPZcFgZmfLydY/edit#gid=1696255979;https://docs.google.com/spreadsheets/d/1uo7-E_E2jbehB2hbBurpPayP_0fKY5sPZcFgZmfLydY/edit#gid=1992807502;https://docs.google.com/spreadsheets/d/1uo7-E_E2jbehB2hbBurpPayP_0fKY5sPZcFgZmfLydY/edit#gid=754790791
season_009,Doubles,rueckrunde,Somnivora,somnivora,musharna,Hydronic,hydronic,Scherzkekse,scherzkekse,sheet_extracted,https://docs.google.com/spreadsheets/d/1uo7-E_E2jbehB2hbBurpPayP_0fKY5sPZcFgZmfLydY/edit#gid=1696255979;https://docs.google.com/spreadsheets/d/1uo7-E_E2jbehB2hbBurpPayP_0fKY5sPZcFgZmfLydY/edit#gid=1992807502;https://docs.google.com/spreadsheets/d/1uo7-E_E2jbehB2hbBurpPayP_0fKY5sPZcFgZmfLydY/edit#gid=754790791
season_009,Doubles,hinrunde,Togedemaru,togedemaru,togedemaru,Hydronic,hydronic,Scherzkekse,scherzkekse,sheet_extracted,https://docs.google.com/spreadsheets/d/1uo7-E_E2jbehB2hbBurpPayP_0fKY5sPZcFgZmfLydY/edit#gid=1696255979;https://docs.google.com/spreadsheets/d/1uo7-E_E2jbehB2hbBurpPayP_0fKY5sPZcFgZmfLydY/edit#gid=1992807502
season_009,Doubles,rueckrunde,Togedemaru,togedemaru,togedemaru,Hydronic,hydronic,Scherzkekse,scherzkekse,sheet_extracted,https://docs.google.com/spreadsheets/d/1uo7-E_E2jbehB2hbBurpPayP_0fKY5sPZcFgZmfLydY/edit#gid=1992807502;https://docs.google.com/spreadsheets/d/1uo7-E_E2jbehB2hbBurpPayP_0fKY5sPZcFgZmfLydY/edit#gid=754790791
season_009,Doubles,hinrunde,Zytomega,zytomega,reuniclus,Hydronic,hydronic,Scherzkekse,scherzkekse,sheet_extracted,https://docs.google.com/spreadsheets/d/1uo7-E_E2jbehB2hbBurpPayP_0fKY5sPZcFgZmfLydY/edit#gid=1696255979;https://docs.google.com/spreadsheets/d/1uo7-E_E2jbehB2hbBurpPayP_0fKY5sPZcFgZmfLydY/edit#gid=1992807502
season_009,Singles,hinrunde,Amfira,amfira,salazzle,KingBlex,kingblex,Toon World,toonworld,sheet_extracted,https://docs.google.com/spreadsheets/d/1uo7-E_E2jbehB2hbBurpPayP_0fKY5sPZcFgZmfLydY/edit#gid=520178140;https://docs.google.com/spreadsheets/d/1uo7-E_E2jbehB2hbBurpPayP_0fKY5sPZcFgZmfLydY/edit#gid=1992807502
season_009,Singles,rueckrunde,Amfira,amfira,salazzle,KingBlex,kingblex,Toon World,toonworld,sheet_extracted,https://docs.google.com/spreadsheets/d/1uo7-E_E2jbehB2hbBurpPayP_0fKY5sPZcFgZmfLydY/edit#gid=1992807502;https://docs.google.com/spreadsheets/d/1uo7-E_E2jbehB2hbBurpPayP_0fKY5sPZcFgZmfLydY/edit#gid=754790791
season_009,Singles,hinrunde,Amigento-Normal,amigentonormal,silvally,KingBlex,kingblex,Toon World,toonworld,sheet_extracted,https://docs.google.com/spreadsheets/d/1uo7-E_E2jbehB2hbBurpPayP_0fKY5sPZcFgZmfLydY/edit#gid=520178140;https://docs.google.com/spreadsheets/d/1uo7-E_E2jbehB2hbBurpPayP_0fKY5sPZcFgZmfLydY/edit#gid=1992807502
season_009,Singles,rueckrunde,Bissbark,bissbark,stoutland,KingBlex,kingblex,Toon World,toonworld,sheet_extracted,https://docs.google.com/spreadsheets/d/1uo7-E_E2jbehB2hbBurpPayP_0fKY5sPZcFgZmfLydY/edit#gid=520178140;https://docs.google.com/spreadsheets/d/1uo7-E_E2jbehB2hbBurpPayP_0fKY5sPZcFgZmfLydY/edit#gid=1992807502;https://docs.google.com/spreadsheets/d/1uo7-E_E2jbehB2hbBurpPayP_0fKY5sPZcFgZmfLydY/edit#gid=754790791
season_009,Singles,hinrunde,Brockoloss,brockoloss,gigalith,KingBlex,kingblex,Toon World,toonworld,sheet_extracted,https://docs.google.com/spreadsheets/d/1uo7-E_E2jbehB2hbBurpPayP_0fKY5sPZcFgZmfLydY/edit#gid=520178140;https://docs.google.com/spreadsheets/d/1uo7-E_E2jbehB2hbBurpPayP_0fKY5sPZcFgZmfLydY/edit#gid=1992807502
season_009,Singles,rueckrunde,Brockoloss,brockoloss,gigalith,KingBlex,kingblex,Toon World,toonworld,sheet_extracted,https://docs.google.com/spreadsheets/d/1uo7-E_E2jbehB2hbBurpPayP_0fKY5sPZcFgZmfLydY/edit#gid=1992807502;https://docs.google.com/spreadsheets/d/1uo7-E_E2jbehB2hbBurpPayP_0fKY5sPZcFgZmfLydY/edit#gid=754790791
season_009,Singles,hinrunde,Donarion,donarion,vikavolt,KingBlex,kingblex,Toon World,toonworld,sheet_extracted,https://docs.google.com/spreadsheets/d/1uo7-E_E2jbehB2hbBurpPayP_0fKY5sPZcFgZmfLydY/edit#gid=520178140;https://docs.google.com/spreadsheets/d/1uo7-E_E2jbehB2hbBurpPayP_0fKY5sPZcFgZmfLydY/edit#gid=1992807502
season_009,Singles,rueckrunde,Donarion,donarion,vikavolt,KingBlex,kingblex,Toon World,toonworld,sheet_extracted,https://docs.google.com/spreadsheets/d/1uo7-E_E2jbehB2hbBurpPayP_0fKY5sPZcFgZmfLydY/edit#gid=1992807502;https://docs.google.com/spreadsheets/d/1uo7-E_E2jbehB2hbBurpPayP_0fKY5sPZcFgZmfLydY/edit#gid=754790791
season_009,Singles,hinrunde,Feelinara,feelinara,sylveon,KingBlex,kingblex,Toon World,toonworld,sheet_extracted,https://docs.google.com/spreadsheets/d/1uo7-E_E2jbehB2hbBurpPayP_0fKY5sPZcFgZmfLydY/edit#gid=520178140;https://docs.google.com/spreadsheets/d/1uo7-E_E2jbehB2hbBurpPayP_0fKY5sPZcFgZmfLydY/edit#gid=1992807502
season_009,Singles,rueckrunde,Feelinara,feelinara,sylveon,KingBlex,kingblex,Toon World,toonworld,sheet_extracted,https://docs.google.com/spreadsheets/d/1uo7-E_E2jbehB2hbBurpPayP_0fKY5sPZcFgZmfLydY/edit#gid=1992807502;https://docs.google.com/spreadsheets/d/1uo7-E_E2jbehB2hbBurpPayP_0fKY5sPZcFgZmfLydY/edit#gid=754790791
season_009,Singles,hinrunde,Grypheldis,grypheldis,mandibuzz,KingBlex,kingblex,Toon World,toonworld,sheet_extracted,https://docs.google.com/spreadsheets/d/1uo7-E_E2jbehB2hbBurpPayP_0fKY5sPZcFgZmfLydY/edit#gid=520178140;https://docs.google.com/spreadsheets/d/1uo7-E_E2jbehB2hbBurpPayP_0fKY5sPZcFgZmfLydY/edit#gid=1992807502
season_009,Singles,rueckrunde,Grypheldis,grypheldis,mandibuzz,KingBlex,kingblex,Toon World,toonworld,sheet_extracted,https://docs.google.com/spreadsheets/d/1uo7-E_E2jbehB2hbBurpPayP_0fKY5sPZcFgZmfLydY/edit#gid=1992807502;https://docs.google.com/spreadsheets/d/1uo7-E_E2jbehB2hbBurpPayP_0fKY5sPZcFgZmfLydY/edit#gid=754790791
season_009,Singles,rueckrunde,Kyurem,kyurem,kyurem,KingBlex,kingblex,Toon World,toonworld,sheet_extracted,https://docs.google.com/spreadsheets/d/1uo7-E_E2jbehB2hbBurpPayP_0fKY5sPZcFgZmfLydY/edit#gid=520178140;https://docs.google.com/spreadsheets/d/1uo7-E_E2jbehB2hbBurpPayP_0fKY5sPZcFgZmfLydY/edit#gid=1992807502;https://docs.google.com/spreadsheets/d/1uo7-E_E2jbehB2hbBurpPayP_0fKY5sPZcFgZmfLydY/edit#gid=754790791
season_009,Singles,hinrunde,Lahmus,lahmus,slowbro,KingBlex,kingblex,Toon World,toonworld,sheet_extracted,https://docs.google.com/spreadsheets/d/1uo7-E_E2jbehB2hbBurpPayP_0fKY5sPZcFgZmfLydY/edit#gid=520178140;https://docs.google.com/spreadsheets/d/1uo7-E_E2jbehB2hbBurpPayP_0fKY5sPZcFgZmfLydY/edit#gid=1992807502
season_009,Singles,rueckrunde,Lahmus,lahmus,slowbro,KingBlex,kingblex,Toon World,toonworld,sheet_extracted,https://docs.google.com/spreadsheets/d/1uo7-E_E2jbehB2hbBurpPayP_0fKY5sPZcFgZmfLydY/edit#gid=1992807502;https://docs.google.com/spreadsheets/d/1uo7-E_E2jbehB2hbBurpPayP_0fKY5sPZcFgZmfLydY/edit#gid=754790791
season_009,Singles,hinrunde,Lectragon,lectragon,dracozolt,KingBlex,kingblex,Toon World,toonworld,sheet_extracted,https://docs.google.com/spreadsheets/d/1uo7-E_E2jbehB2hbBurpPayP_0fKY5sPZcFgZmfLydY/edit#gid=520178140;https://docs.google.com/spreadsheets/d/1uo7-E_E2jbehB2hbBurpPayP_0fKY5sPZcFgZmfLydY/edit#gid=1992807502
season_009,Singles,rueckrunde,Quartermak,quartermak,passimian,KingBlex,kingblex,Toon World,toonworld,sheet_extracted,https://docs.google.com/spreadsheets/d/1uo7-E_E2jbehB2hbBurpPayP_0fKY5sPZcFgZmfLydY/edit#gid=520178140;https://docs.google.com/spreadsheets/d/1uo7-E_E2jbehB2hbBurpPayP_0fKY5sPZcFgZmfLydY/edit#gid=1992807502;https://docs.google.com/spreadsheets/d/1uo7-E_E2jbehB2hbBurpPayP_0fKY5sPZcFgZmfLydY/edit#gid=754790791
season_009,Singles,hinrunde,Stalobor,stalobor,excadrill,KingBlex,kingblex,Toon World,toonworld,sheet_extracted,https://docs.google.com/spreadsheets/d/1uo7-E_E2jbehB2hbBurpPayP_0fKY5sPZcFgZmfLydY/edit#gid=520178140;https://docs.google.com/spreadsheets/d/1uo7-E_E2jbehB2hbBurpPayP_0fKY5sPZcFgZmfLydY/edit#gid=1992807502
season_009,Singles,rueckrunde,Stalobor,stalobor,excadrill,KingBlex,kingblex,Toon World,toonworld,sheet_extracted,https://docs.google.com/spreadsheets/d/1uo7-E_E2jbehB2hbBurpPayP_0fKY5sPZcFgZmfLydY/edit#gid=1992807502;https://docs.google.com/spreadsheets/d/1uo7-E_E2jbehB2hbBurpPayP_0fKY5sPZcFgZmfLydY/edit#gid=754790791
season_009,Singles,hinrunde,Trombork,trombork,trevenant,KingBlex,kingblex,Toon World,toonworld,sheet_extracted,https://docs.google.com/spreadsheets/d/1uo7-E_E2jbehB2hbBurpPayP_0fKY5sPZcFgZmfLydY/edit#gid=520178140;https://docs.google.com/spreadsheets/d/1uo7-E_E2jbehB2hbBurpPayP_0fKY5sPZcFgZmfLydY/edit#gid=1992807502
season_009,Singles,rueckrunde,Trombork,trombork,trevenant,KingBlex,kingblex,Toon World,toonworld,sheet_extracted,https://docs.google.com/spreadsheets/d/1uo7-E_E2jbehB2hbBurpPayP_0fKY5sPZcFgZmfLydY/edit#gid=1992807502;https://docs.google.com/spreadsheets/d/1uo7-E_E2jbehB2hbBurpPayP_0fKY5sPZcFgZmfLydY/edit#gid=754790791
season_009,Singles,hinrunde,Viridium,viridium,virizion,KingBlex,kingblex,Toon World,toonworld,sheet_extracted,https://docs.google.com/spreadsheets/d/1uo7-E_E2jbehB2hbBurpPayP_0fKY5sPZcFgZmfLydY/edit#gid=520178140;https://docs.google.com/spreadsheets/d/1uo7-E_E2jbehB2hbBurpPayP_0fKY5sPZcFgZmfLydY/edit#gid=1992807502
season_009,Singles,hinrunde,Alola Snobilikat,alolasnobilikat,persianalola,Maxi von Vogel,maxivonvogel,Fen and Gator,fenandgator,sheet_extracted,https://docs.google.com/spreadsheets/d/1uo7-E_E2jbehB2hbBurpPayP_0fKY5sPZcFgZmfLydY/edit#gid=520178140;https://docs.google.com/spreadsheets/d/1uo7-E_E2jbehB2hbBurpPayP_0fKY5sPZcFgZmfLydY/edit#gid=1992807502
season_009,Singles,rueckrunde,Alola Snobilikat,alolasnobilikat,persianalola,Maxi von Vogel,maxivonvogel,Fen and Gator,fenandgator,sheet_extracted,https://docs.google.com/spreadsheets/d/1uo7-E_E2jbehB2hbBurpPayP_0fKY5sPZcFgZmfLydY/edit#gid=1992807502;https://docs.google.com/spreadsheets/d/1uo7-E_E2jbehB2hbBurpPayP_0fKY5sPZcFgZmfLydY/edit#gid=754790791
season_009,Singles,hinrunde,Blitza,blitza,jolteon,Maxi von Vogel,maxivonvogel,Fen and Gator,fenandgator,sheet_extracted,https://docs.google.com/spreadsheets/d/1uo7-E_E2jbehB2hbBurpPayP_0fKY5sPZcFgZmfLydY/edit#gid=520178140;https://docs.google.com/spreadsheets/d/1uo7-E_E2jbehB2hbBurpPayP_0fKY5sPZcFgZmfLydY/edit#gid=1992807502
season_009,Singles,hinrunde,Celebi,celebi,celebi,Maxi von Vogel,maxivonvogel,Fen and Gator,fenandgator,sheet_extracted,https://docs.google.com/spreadsheets/d/1uo7-E_E2jbehB2hbBurpPayP_0fKY5sPZcFgZmfLydY/edit#gid=520178140;https://docs.google.com/spreadsheets/d/1uo7-E_E2jbehB2hbBurpPayP_0fKY5sPZcFgZmfLydY/edit#gid=1992807502
season_009,Singles,hinrunde,Entei,entei,entei,Maxi von Vogel,maxivonvogel,Fen and Gator,fenandgator,sheet_extracted,https://docs.google.com/spreadsheets/d/1uo7-E_E2jbehB2hbBurpPayP_0fKY5sPZcFgZmfLydY/edit#gid=520178140;https://docs.google.com/spreadsheets/d/1uo7-E_E2jbehB2hbBurpPayP_0fKY5sPZcFgZmfLydY/edit#gid=1992807502
season_009,Singles,rueckrunde,Entei,entei,entei,Maxi von Vogel,maxivonvogel,Fen and Gator,fenandgator,sheet_extracted,https://docs.google.com/spreadsheets/d/1uo7-E_E2jbehB2hbBurpPayP_0fKY5sPZcFgZmfLydY/edit#gid=1992807502;https://docs.google.com/spreadsheets/d/1uo7-E_E2jbehB2hbBurpPayP_0fKY5sPZcFgZmfLydY/edit#gid=754790791
season_009,Singles,hinrunde,Gastrodon,gastrodon,gastrodon,Maxi von Vogel,maxivonvogel,Fen and Gator,fenandgator,sheet_extracted,https://docs.google.com/spreadsheets/d/1uo7-E_E2jbehB2hbBurpPayP_0fKY5sPZcFgZmfLydY/edit#gid=520178140;https://docs.google.com/spreadsheets/d/1uo7-E_E2jbehB2hbBurpPayP_0fKY5sPZcFgZmfLydY/edit#gid=1992807502
season_009,Singles,rueckrunde,Gastrodon,gastrodon,gastrodon,Maxi von Vogel,maxivonvogel,Fen and Gator,fenandgator,sheet_extracted,https://docs.google.com/spreadsheets/d/1uo7-E_E2jbehB2hbBurpPayP_0fKY5sPZcFgZmfLydY/edit#gid=1992807502;https://docs.google.com/spreadsheets/d/1uo7-E_E2jbehB2hbBurpPayP_0fKY5sPZcFgZmfLydY/edit#gid=754790791
season_009,Singles,rueckrunde,Gorgasonn,gorgasonn,cursola,Maxi von Vogel,maxivonvogel,Fen and Gator,fenandgator,sheet_extracted,https://docs.google.com/spreadsheets/d/1uo7-E_E2jbehB2hbBurpPayP_0fKY5sPZcFgZmfLydY/edit#gid=520178140;https://docs.google.com/spreadsheets/d/1uo7-E_E2jbehB2hbBurpPayP_0fKY5sPZcFgZmfLydY/edit#gid=1992807502;https://docs.google.com/spreadsheets/d/1uo7-E_E2jbehB2hbBurpPayP_0fKY5sPZcFgZmfLydY/edit#gid=754790791
season_009,Singles,rueckrunde,Guardevoir,guardevoir,gardevoir,Maxi von Vogel,maxivonvogel,Fen and Gator,fenandgator,sheet_extracted,https://docs.google.com/spreadsheets/d/1uo7-E_E2jbehB2hbBurpPayP_0fKY5sPZcFgZmfLydY/edit#gid=520178140;https://docs.google.com/spreadsheets/d/1uo7-E_E2jbehB2hbBurpPayP_0fKY5sPZcFgZmfLydY/edit#gid=1992807502;https://docs.google.com/spreadsheets/d/1uo7-E_E2jbehB2hbBurpPayP_0fKY5sPZcFgZmfLydY/edit#gid=754790791
season_009,Singles,hinrunde,Metagross,metagross,metagross,Maxi von Vogel,maxivonvogel,Fen and Gator,fenandgator,sheet_extracted,https://docs.google.com/spreadsheets/d/1uo7-E_E2jbehB2hbBurpPayP_0fKY5sPZcFgZmfLydY/edit#gid=520178140;https://docs.google.com/spreadsheets/d/1uo7-E_E2jbehB2hbBurpPayP_0fKY5sPZcFgZmfLydY/edit#gid=1992807502
season_009,Singles,rueckrunde,Metagross,metagross,metagross,Maxi von Vogel,maxivonvogel,Fen and Gator,fenandgator,sheet_extracted,https://docs.google.com/spreadsheets/d/1uo7-E_E2jbehB2hbBurpPayP_0fKY5sPZcFgZmfLydY/edit#gid=1992807502;https://docs.google.com/spreadsheets/d/1uo7-E_E2jbehB2hbBurpPayP_0fKY5sPZcFgZmfLydY/edit#gid=754790791
season_009,Singles,hinrunde,Ohrdoch,ohrdoch,audino,Maxi von Vogel,maxivonvogel,Fen and Gator,fenandgator,sheet_extracted,https://docs.google.com/spreadsheets/d/1uo7-E_E2jbehB2hbBurpPayP_0fKY5sPZcFgZmfLydY/edit#gid=520178140;https://docs.google.com/spreadsheets/d/1uo7-E_E2jbehB2hbBurpPayP_0fKY5sPZcFgZmfLydY/edit#gid=1992807502
season_009,Singles,rueckrunde,Ohrdoch,ohrdoch,audino,Maxi von Vogel,maxivonvogel,Fen and Gator,fenandgator,sheet_extracted,https://docs.google.com/spreadsheets/d/1uo7-E_E2jbehB2hbBurpPayP_0fKY5sPZcFgZmfLydY/edit#gid=1992807502;https://docs.google.com/spreadsheets/d/1uo7-E_E2jbehB2hbBurpPayP_0fKY5sPZcFgZmfLydY/edit#gid=754790791
season_009,Singles,rueckrunde,Roserade,roserade,roserade,Maxi von Vogel,maxivonvogel,Fen and Gator,fenandgator,sheet_extracted,https://docs.google.com/spreadsheets/d/1uo7-E_E2jbehB2hbBurpPayP_0fKY5sPZcFgZmfLydY/edit#gid=520178140;https://docs.google.com/spreadsheets/d/1uo7-E_E2jbehB2hbBurpPayP_0fKY5sPZcFgZmfLydY/edit#gid=1992807502;https://docs.google.com/spreadsheets/d/1uo7-E_E2jbehB2hbBurpPayP_0fKY5sPZcFgZmfLydY/edit#gid=754790791
season_009,Singles,hinrunde,Smogmog,smogmog,weezing,Maxi von Vogel,maxivonvogel,Fen and Gator,fenandgator,sheet_extracted,https://docs.google.com/spreadsheets/d/1uo7-E_E2jbehB2hbBurpPayP_0fKY5sPZcFgZmfLydY/edit#gid=520178140;https://docs.google.com/spreadsheets/d/1uo7-E_E2jbehB2hbBurpPayP_0fKY5sPZcFgZmfLydY/edit#gid=1992807502
season_009,Singles,hinrunde,Terrakium,terrakium,terrakion,Maxi von Vogel,maxivonvogel,Fen and Gator,fenandgator,sheet_extracted,https://docs.google.com/spreadsheets/d/1uo7-E_E2jbehB2hbBurpPayP_0fKY5sPZcFgZmfLydY/edit#gid=520178140;https://docs.google.com/spreadsheets/d/1uo7-E_E2jbehB2hbBurpPayP_0fKY5sPZcFgZmfLydY/edit#gid=1992807502
season_009,Singles,rueckrunde,Terrakium,terrakium,terrakion,Maxi von Vogel,maxivonvogel,Fen and Gator,fenandgator,sheet_extracted,https://docs.google.com/spreadsheets/d/1uo7-E_E2jbehB2hbBurpPayP_0fKY5sPZcFgZmfLydY/edit#gid=1992807502;https://docs.google.com/spreadsheets/d/1uo7-E_E2jbehB2hbBurpPayP_0fKY5sPZcFgZmfLydY/edit#gid=754790791
season_009,Singles,hinrunde,Togekiss,togekiss,togekiss,Maxi von Vogel,maxivonvogel,Fen and Gator,fenandgator,sheet_extracted,https://docs.google.com/spreadsheets/d/1uo7-E_E2jbehB2hbBurpPayP_0fKY5sPZcFgZmfLydY/edit#gid=520178140;https://docs.google.com/spreadsheets/d/1uo7-E_E2jbehB2hbBurpPayP_0fKY5sPZcFgZmfLydY/edit#gid=1992807502
season_009,Singles,hinrunde,Trikephalo,trikephalo,hydreigon,Maxi von Vogel,maxivonvogel,Fen and Gator,fenandgator,sheet_extracted,https://docs.google.com/spreadsheets/d/1uo7-E_E2jbehB2hbBurpPayP_0fKY5sPZcFgZmfLydY/edit#gid=520178140;https://docs.google.com/spreadsheets/d/1uo7-E_E2jbehB2hbBurpPayP_0fKY5sPZcFgZmfLydY/edit#gid=1992807502
season_009,Singles,rueckrunde,Trikephalo,trikephalo,hydreigon,Maxi von Vogel,maxivonvogel,Fen and Gator,fenandgator,sheet_extracted,https://docs.google.com/spreadsheets/d/1uo7-E_E2jbehB2hbBurpPayP_0fKY5sPZcFgZmfLydY/edit#gid=1992807502;https://docs.google.com/spreadsheets/d/1uo7-E_E2jbehB2hbBurpPayP_0fKY5sPZcFgZmfLydY/edit#gid=754790791
season_009,Singles,rueckrunde,Zapdos,zapdos,zapdos,Maxi von Vogel,maxivonvogel,Fen and Gator,fenandgator,sheet_extracted,https://docs.google.com/spreadsheets/d/1uo7-E_E2jbehB2hbBurpPayP_0fKY5sPZcFgZmfLydY/edit#gid=520178140;https://docs.google.com/spreadsheets/d/1uo7-E_E2jbehB2hbBurpPayP_0fKY5sPZcFgZmfLydY/edit#gid=1992807502;https://docs.google.com/spreadsheets/d/1uo7-E_E2jbehB2hbBurpPayP_0fKY5sPZcFgZmfLydY/edit#gid=754790791
season_009,Doubles,hinrunde,Arkani,arkani,arcanine,Minetube,minetube,Akatsuki Amphibianz,akatsukiamphibianz,sheet_extracted,https://docs.google.com/spreadsheets/d/1uo7-E_E2jbehB2hbBurpPayP_0fKY5sPZcFgZmfLydY/edit#gid=1696255979;https://docs.google.com/spreadsheets/d/1uo7-E_E2jbehB2hbBurpPayP_0fKY5sPZcFgZmfLydY/edit#gid=1992807502
season_009,Doubles,hinrunde,Elfun,elfun,whimsicott,Minetube,minetube,Akatsuki Amphibianz,akatsukiamphibianz,sheet_extracted,https://docs.google.com/spreadsheets/d/1uo7-E_E2jbehB2hbBurpPayP_0fKY5sPZcFgZmfLydY/edit#gid=1696255979;https://docs.google.com/spreadsheets/d/1uo7-E_E2jbehB2hbBurpPayP_0fKY5sPZcFgZmfLydY/edit#gid=1992807502
season_009,Doubles,rueckrunde,Elfun,elfun,whimsicott,Minetube,minetube,Akatsuki Amphibianz,akatsukiamphibianz,sheet_extracted,https://docs.google.com/spreadsheets/d/1uo7-E_E2jbehB2hbBurpPayP_0fKY5sPZcFgZmfLydY/edit#gid=1992807502;https://docs.google.com/spreadsheets/d/1uo7-E_E2jbehB2hbBurpPayP_0fKY5sPZcFgZmfLydY/edit#gid=754790791
season_009,Doubles,rueckrunde,Galar Lavados,galarlavados,moltresgalar,Minetube,minetube,Akatsuki Amphibianz,akatsukiamphibianz,sheet_extracted,https://docs.google.com/spreadsheets/d/1uo7-E_E2jbehB2hbBurpPayP_0fKY5sPZcFgZmfLydY/edit#gid=1696255979;https://docs.google.com/spreadsheets/d/1uo7-E_E2jbehB2hbBurpPayP_0fKY5sPZcFgZmfLydY/edit#gid=1992807502;https://docs.google.com/spreadsheets/d/1uo7-E_E2jbehB2hbBurpPayP_0fKY5sPZcFgZmfLydY/edit#gid=754790791
season_009,Doubles,rueckrunde,Gengar,gengar,gengar,Minetube,minetube,Akatsuki Amphibianz,akatsukiamphibianz,sheet_extracted,https://docs.google.com/spreadsheets/d/1uo7-E_E2jbehB2hbBurpPayP_0fKY5sPZcFgZmfLydY/edit#gid=1696255979;https://docs.google.com/spreadsheets/d/1uo7-E_E2jbehB2hbBurpPayP_0fKY5sPZcFgZmfLydY/edit#gid=1992807502;https://docs.google.com/spreadsheets/d/1uo7-E_E2jbehB2hbBurpPayP_0fKY5sPZcFgZmfLydY/edit#gid=754790791
season_009,Doubles,hinrunde,Knakrack,knakrack,garchomp,Minetube,minetube,Akatsuki Amphibianz,akatsukiamphibianz,sheet_extracted,https://docs.google.com/spreadsheets/d/1uo7-E_E2jbehB2hbBurpPayP_0fKY5sPZcFgZmfLydY/edit#gid=1696255979;https://docs.google.com/spreadsheets/d/1uo7-E_E2jbehB2hbBurpPayP_0fKY5sPZcFgZmfLydY/edit#gid=1992807502
season_009,Doubles,rueckrunde,Knakrack,knakrack,garchomp,Minetube,minetube,Akatsuki Amphibianz,akatsukiamphibianz,sheet_extracted,https://docs.google.com/spreadsheets/d/1uo7-E_E2jbehB2hbBurpPayP_0fKY5sPZcFgZmfLydY/edit#gid=1992807502;https://docs.google.com/spreadsheets/d/1uo7-E_E2jbehB2hbBurpPayP_0fKY5sPZcFgZmfLydY/edit#gid=754790791
season_009,Doubles,hinrunde,Olangaar,olangaar,grimmsnarl,Minetube,minetube,Akatsuki Amphibianz,akatsukiamphibianz,sheet_extracted,https://docs.google.com/spreadsheets/d/1uo7-E_E2jbehB2hbBurpPayP_0fKY5sPZcFgZmfLydY/edit#gid=1696255979;https://docs.google.com/spreadsheets/d/1uo7-E_E2jbehB2hbBurpPayP_0fKY5sPZcFgZmfLydY/edit#gid=1992807502
season_009,Doubles,hinrunde,Panzaeron,panzaeron,skarmory,Minetube,minetube,Akatsuki Amphibianz,akatsukiamphibianz,sheet_extracted,https://docs.google.com/spreadsheets/d/1uo7-E_E2jbehB2hbBurpPayP_0fKY5sPZcFgZmfLydY/edit#gid=1696255979;https://docs.google.com/spreadsheets/d/1uo7-E_E2jbehB2hbBurpPayP_0fKY5sPZcFgZmfLydY/edit#gid=1992807502
season_009,Doubles,rueckrunde,Panzaeron,panzaeron,skarmory,Minetube,minetube,Akatsuki Amphibianz,akatsukiamphibianz,sheet_extracted,https://docs.google.com/spreadsheets/d/1uo7-E_E2jbehB2hbBurpPayP_0fKY5sPZcFgZmfLydY/edit#gid=1992807502;https://docs.google.com/spreadsheets/d/1uo7-E_E2jbehB2hbBurpPayP_0fKY5sPZcFgZmfLydY/edit#gid=754790791
season_009,Doubles,hinrunde,Primarene,primarene,primarina,Minetube,minetube,Akatsuki Amphibianz,akatsukiamphibianz,sheet_extracted,https://docs.google.com/spreadsheets/d/1uo7-E_E2jbehB2hbBurpPayP_0fKY5sPZcFgZmfLydY/edit#gid=1696255979;https://docs.google.com/spreadsheets/d/1uo7-E_E2jbehB2hbBurpPayP_0fKY5sPZcFgZmfLydY/edit#gid=1992807502
season_009,Doubles,rueckrunde,Primarene,primarene,primarina,Minetube,minetube,Akatsuki Amphibianz,akatsukiamphibianz,sheet_extracted,https://docs.google.com/spreadsheets/d/1uo7-E_E2jbehB2hbBurpPayP_0fKY5sPZcFgZmfLydY/edit#gid=1992807502;https://docs.google.com/spreadsheets/d/1uo7-E_E2jbehB2hbBurpPayP_0fKY5sPZcFgZmfLydY/edit#gid=754790791
season_009,Doubles,hinrunde,Raichu,raichu,raichu,Minetube,minetube,Akatsuki Amphibianz,akatsukiamphibianz,sheet_extracted,https://docs.google.com/spreadsheets/d/1uo7-E_E2jbehB2hbBurpPayP_0fKY5sPZcFgZmfLydY/edit#gid=1696255979;https://docs.google.com/spreadsheets/d/1uo7-E_E2jbehB2hbBurpPayP_0fKY5sPZcFgZmfLydY/edit#gid=1992807502
season_009,Doubles,rueckrunde,Raichu,raichu,raichu,Minetube,minetube,Akatsuki Amphibianz,akatsukiamphibianz,sheet_extracted,https://docs.google.com/spreadsheets/d/1uo7-E_E2jbehB2hbBurpPayP_0fKY5sPZcFgZmfLydY/edit#gid=1992807502;https://docs.google.com/spreadsheets/d/1uo7-E_E2jbehB2hbBurpPayP_0fKY5sPZcFgZmfLydY/edit#gid=754790791
season_009,Doubles,hinrunde,Schlaraffel,schlaraffel,greedent,Minetube,minetube,Akatsuki Amphibianz,akatsukiamphibianz,sheet_extracted,https://docs.google.com/spreadsheets/d/1uo7-E_E2jbehB2hbBurpPayP_0fKY5sPZcFgZmfLydY/edit#gid=1696255979;https://docs.google.com/spreadsheets/d/1uo7-E_E2jbehB2hbBurpPayP_0fKY5sPZcFgZmfLydY/edit#gid=1992807502
season_009,Doubles,rueckrunde,Tortunator,tortunator,turtonator,Minetube,minetube,Akatsuki Amphibianz,akatsukiamphibianz,sheet_extracted,https://docs.google.com/spreadsheets/d/1uo7-E_E2jbehB2hbBurpPayP_0fKY5sPZcFgZmfLydY/edit#gid=1696255979;https://docs.google.com/spreadsheets/d/1uo7-E_E2jbehB2hbBurpPayP_0fKY5sPZcFgZmfLydY/edit#gid=1992807502;https://docs.google.com/spreadsheets/d/1uo7-E_E2jbehB2hbBurpPayP_0fKY5sPZcFgZmfLydY/edit#gid=754790791
season_009,Doubles,hinrunde,Vesprit,vesprit,mesprit,Minetube,minetube,Akatsuki Amphibianz,akatsukiamphibianz,sheet_extracted,https://docs.google.com/spreadsheets/d/1uo7-E_E2jbehB2hbBurpPayP_0fKY5sPZcFgZmfLydY/edit#gid=1696255979;https://docs.google.com/spreadsheets/d/1uo7-E_E2jbehB2hbBurpPayP_0fKY5sPZcFgZmfLydY/edit#gid=1992807502
season_009,Doubles,rueckrunde,Vesprit,vesprit,mesprit,Minetube,minetube,Akatsuki Amphibianz,akatsukiamphibianz,sheet_extracted,https://docs.google.com/spreadsheets/d/1uo7-E_E2jbehB2hbBurpPayP_0fKY5sPZcFgZmfLydY/edit#gid=1992807502;https://docs.google.com/spreadsheets/d/1uo7-E_E2jbehB2hbBurpPayP_0fKY5sPZcFgZmfLydY/edit#gid=754790791
season_009,Doubles,hinrunde,Wolwerock (Zwielicht),wolwerockzwielicht,lycanrocdusk,Minetube,minetube,Akatsuki Amphibianz,akatsukiamphibianz,sheet_extracted,https://docs.google.com/spreadsheets/d/1uo7-E_E2jbehB2hbBurpPayP_0fKY5sPZcFgZmfLydY/edit#gid=1696255979;https://docs.google.com/spreadsheets/d/1uo7-E_E2jbehB2hbBurpPayP_0fKY5sPZcFgZmfLydY/edit#gid=1992807502
season_009,Doubles,rueckrunde,Wolwerock (Zwielicht),wolwerockzwielicht,lycanrocdusk,Minetube,minetube,Akatsuki Amphibianz,akatsukiamphibianz,sheet_extracted,https://docs.google.com/spreadsheets/d/1uo7-E_E2jbehB2hbBurpPayP_0fKY5sPZcFgZmfLydY/edit#gid=1992807502;https://docs.google.com/spreadsheets/d/1uo7-E_E2jbehB2hbBurpPayP_0fKY5sPZcFgZmfLydY/edit#gid=754790791
season_009,Doubles,hinrunde,Wulaosu-Fließender Stil,wulaosufliessenderstil,urshifurapidstrike,Minetube,minetube,Akatsuki Amphibianz,akatsukiamphibianz,sheet_extracted,https://docs.google.com/spreadsheets/d/1uo7-E_E2jbehB2hbBurpPayP_0fKY5sPZcFgZmfLydY/edit#gid=1696255979;https://docs.google.com/spreadsheets/d/1uo7-E_E2jbehB2hbBurpPayP_0fKY5sPZcFgZmfLydY/edit#gid=1992807502
season_009,Doubles,rueckrunde,Wulaosu-Fließender Stil,wulaosufliessenderstil,urshifurapidstrike,Minetube,minetube,Akatsuki Amphibianz,akatsukiamphibianz,sheet_extracted,https://docs.google.com/spreadsheets/d/1uo7-E_E2jbehB2hbBurpPayP_0fKY5sPZcFgZmfLydY/edit#gid=1992807502;https://docs.google.com/spreadsheets/d/1uo7-E_E2jbehB2hbBurpPayP_0fKY5sPZcFgZmfLydY/edit#gid=754790791
season_009,Doubles,hinrunde,Curelei,curelei,comfey,Nestfloh,nestfloh,Voltwizards,voltwizards,sheet_extracted,https://docs.google.com/spreadsheets/d/1uo7-E_E2jbehB2hbBurpPayP_0fKY5sPZcFgZmfLydY/edit#gid=1696255979;https://docs.google.com/spreadsheets/d/1uo7-E_E2jbehB2hbBurpPayP_0fKY5sPZcFgZmfLydY/edit#gid=1992807502
season_009,Doubles,rueckrunde,Curelei,curelei,comfey,Nestfloh,nestfloh,Voltwizards,voltwizards,sheet_extracted,https://docs.google.com/spreadsheets/d/1uo7-E_E2jbehB2hbBurpPayP_0fKY5sPZcFgZmfLydY/edit#gid=1992807502;https://docs.google.com/spreadsheets/d/1uo7-E_E2jbehB2hbBurpPayP_0fKY5sPZcFgZmfLydY/edit#gid=754790791
season_009,Doubles,hinrunde,Gortrom,gortrom,rillaboom,Nestfloh,nestfloh,Voltwizards,voltwizards,sheet_extracted,https://docs.google.com/spreadsheets/d/1uo7-E_E2jbehB2hbBurpPayP_0fKY5sPZcFgZmfLydY/edit#gid=1696255979;https://docs.google.com/spreadsheets/d/1uo7-E_E2jbehB2hbBurpPayP_0fKY5sPZcFgZmfLydY/edit#gid=1992807502
season_009,Doubles,rueckrunde,Gortrom,gortrom,rillaboom,Nestfloh,nestfloh,Voltwizards,voltwizards,sheet_extracted,https://docs.google.com/spreadsheets/d/1uo7-E_E2jbehB2hbBurpPayP_0fKY5sPZcFgZmfLydY/edit#gid=1992807502;https://docs.google.com/spreadsheets/d/1uo7-E_E2jbehB2hbBurpPayP_0fKY5sPZcFgZmfLydY/edit#gid=754790791
season_009,Doubles,rueckrunde,Grebbit,grebbit,diggersby,Nestfloh,nestfloh,Voltwizards,voltwizards,sheet_extracted,https://docs.google.com/spreadsheets/d/1uo7-E_E2jbehB2hbBurpPayP_0fKY5sPZcFgZmfLydY/edit#gid=1696255979;https://docs.google.com/spreadsheets/d/1uo7-E_E2jbehB2hbBurpPayP_0fKY5sPZcFgZmfLydY/edit#gid=1992807502;https://docs.google.com/spreadsheets/d/1uo7-E_E2jbehB2hbBurpPayP_0fKY5sPZcFgZmfLydY/edit#gid=754790791
season_009,Doubles,hinrunde,Heatran,heatran,heatran,Nestfloh,nestfloh,Voltwizards,voltwizards,sheet_extracted,https://docs.google.com/spreadsheets/d/1uo7-E_E2jbehB2hbBurpPayP_0fKY5sPZcFgZmfLydY/edit#gid=1696255979;https://docs.google.com/spreadsheets/d/1uo7-E_E2jbehB2hbBurpPayP_0fKY5sPZcFgZmfLydY/edit#gid=1992807502
season_009,Doubles,rueckrunde,Heatran,heatran,heatran,Nestfloh,nestfloh,Voltwizards,voltwizards,sheet_extracted,https://docs.google.com/spreadsheets/d/1uo7-E_E2jbehB2hbBurpPayP_0fKY5sPZcFgZmfLydY/edit#gid=1992807502;https://docs.google.com/spreadsheets/d/1uo7-E_E2jbehB2hbBurpPayP_0fKY5sPZcFgZmfLydY/edit#gid=754790791
season_009,Doubles,hinrunde,Iksbat,iksbat,crobat,Nestfloh,nestfloh,Voltwizards,voltwizards,sheet_extracted,https://docs.google.com/spreadsheets/d/1uo7-E_E2jbehB2hbBurpPayP_0fKY5sPZcFgZmfLydY/edit#gid=1696255979;https://docs.google.com/spreadsheets/d/1uo7-E_E2jbehB2hbBurpPayP_0fKY5sPZcFgZmfLydY/edit#gid=1992807502
season_009,Doubles,rueckrunde,Iksbat,iksbat,crobat,Nestfloh,nestfloh,Voltwizards,voltwizards,sheet_extracted,https://docs.google.com/spreadsheets/d/1uo7-E_E2jbehB2hbBurpPayP_0fKY5sPZcFgZmfLydY/edit#gid=1992807502;https://docs.google.com/spreadsheets/d/1uo7-E_E2jbehB2hbBurpPayP_0fKY5sPZcFgZmfLydY/edit#gid=754790791
season_009,Doubles,hinrunde,Kangama,kangama,kangaskhan,Nestfloh,nestfloh,Voltwizards,voltwizards,sheet_extracted,https://docs.google.com/spreadsheets/d/1uo7-E_E2jbehB2hbBurpPayP_0fKY5sPZcFgZmfLydY/edit#gid=1696255979;https://docs.google.com/spreadsheets/d/1uo7-E_E2jbehB2hbBurpPayP_0fKY5sPZcFgZmfLydY/edit#gid=1992807502
season_009,Doubles,hinrunde,Keldeo,keldeo,keldeo,Nestfloh,nestfloh,Voltwizards,voltwizards,sheet_extracted,https://docs.google.com/spreadsheets/d/1uo7-E_E2jbehB2hbBurpPayP_0fKY5sPZcFgZmfLydY/edit#gid=1696255979;https://docs.google.com/spreadsheets/d/1uo7-E_E2jbehB2hbBurpPayP_0fKY5sPZcFgZmfLydY/edit#gid=1992807502
season_009,Doubles,rueckrunde,Keldeo,keldeo,keldeo,Nestfloh,nestfloh,Voltwizards,voltwizards,sheet_extracted,https://docs.google.com/spreadsheets/d/1uo7-E_E2jbehB2hbBurpPayP_0fKY5sPZcFgZmfLydY/edit#gid=1992807502;https://docs.google.com/spreadsheets/d/1uo7-E_E2jbehB2hbBurpPayP_0fKY5sPZcFgZmfLydY/edit#gid=754790791
season_009,Doubles,hinrunde,Mamutel,mamutel,mamoswine,Nestfloh,nestfloh,Voltwizards,voltwizards,sheet_extracted,https://docs.google.com/spreadsheets/d/1uo7-E_E2jbehB2hbBurpPayP_0fKY5sPZcFgZmfLydY/edit#gid=1696255979;https://docs.google.com/spreadsheets/d/1uo7-E_E2jbehB2hbBurpPayP_0fKY5sPZcFgZmfLydY/edit#gid=1992807502
season_009,Doubles,hinrunde,Morbitesse,morbitesse,gothitelle,Nestfloh,nestfloh,Voltwizards,voltwizards,sheet_extracted,https://docs.google.com/spreadsheets/d/1uo7-E_E2jbehB2hbBurpPayP_0fKY5sPZcFgZmfLydY/edit#gid=1696255979;https://docs.google.com/spreadsheets/d/1uo7-E_E2jbehB2hbBurpPayP_0fKY5sPZcFgZmfLydY/edit#gid=1992807502
season_009,Doubles,hinrunde,Raikou,raikou,raikou,Nestfloh,nestfloh,Voltwizards,voltwizards,sheet_extracted,https://docs.google.com/spreadsheets/d/1uo7-E_E2jbehB2hbBurpPayP_0fKY5sPZcFgZmfLydY/edit#gid=1696255979;https://docs.google.com/spreadsheets/d/1uo7-E_E2jbehB2hbBurpPayP_0fKY5sPZcFgZmfLydY/edit#gid=1992807502
season_009,Doubles,rueckrunde,Raikou,raikou,raikou,Nestfloh,nestfloh,Voltwizards,voltwizards,sheet_extracted,https://docs.google.com/spreadsheets/d/1uo7-E_E2jbehB2hbBurpPayP_0fKY5sPZcFgZmfLydY/edit#gid=1992807502;https://docs.google.com/spreadsheets/d/1uo7-E_E2jbehB2hbBurpPayP_0fKY5sPZcFgZmfLydY/edit#gid=754790791
season_009,Doubles,rueckrunde,Selfe,selfe,uxie,Nestfloh,nestfloh,Voltwizards,voltwizards,sheet_extracted,https://docs.google.com/spreadsheets/d/1uo7-E_E2jbehB2hbBurpPayP_0fKY5sPZcFgZmfLydY/edit#gid=1696255979;https://docs.google.com/spreadsheets/d/1uo7-E_E2jbehB2hbBurpPayP_0fKY5sPZcFgZmfLydY/edit#gid=1992807502;https://docs.google.com/spreadsheets/d/1uo7-E_E2jbehB2hbBurpPayP_0fKY5sPZcFgZmfLydY/edit#gid=754790791
season_009,Doubles,rueckrunde,Skuntank,skuntank,skuntank,Nestfloh,nestfloh,Voltwizards,voltwizards,sheet_extracted,https://docs.google.com/spreadsheets/d/1uo7-E_E2jbehB2hbBurpPayP_0fKY5sPZcFgZmfLydY/edit#gid=1696255979;https://docs.google.com/spreadsheets/d/1uo7-E_E2jbehB2hbBurpPayP_0fKY5sPZcFgZmfLydY/edit#gid=1992807502;https://docs.google.com/spreadsheets/d/1uo7-E_E2jbehB2hbBurpPayP_0fKY5sPZcFgZmfLydY/edit#gid=754790791
season_009,Doubles,rueckrunde,Sniebel,sniebel,sneasel,Nestfloh,nestfloh,Voltwizards,voltwizards,sheet_extracted,https://docs.google.com/spreadsheets/d/1uo7-E_E2jbehB2hbBurpPayP_0fKY5sPZcFgZmfLydY/edit#gid=1696255979;https://docs.google.com/spreadsheets/d/1uo7-E_E2jbehB2hbBurpPayP_0fKY5sPZcFgZmfLydY/edit#gid=1992807502;https://docs.google.com/spreadsheets/d/1uo7-E_E2jbehB2hbBurpPayP_0fKY5sPZcFgZmfLydY/edit#gid=754790791
season_009,Doubles,hinrunde,Tandrak,tandrak,dragalge,Nestfloh,nestfloh,Voltwizards,voltwizards,sheet_extracted,https://docs.google.com/spreadsheets/d/1uo7-E_E2jbehB2hbBurpPayP_0fKY5sPZcFgZmfLydY/edit#gid=1696255979;https://docs.google.com/spreadsheets/d/1uo7-E_E2jbehB2hbBurpPayP_0fKY5sPZcFgZmfLydY/edit#gid=1992807502
season_009,Doubles,hinrunde,Zobiris,zobiris,sableye,Nestfloh,nestfloh,Voltwizards,voltwizards,sheet_extracted,https://docs.google.com/spreadsheets/d/1uo7-E_E2jbehB2hbBurpPayP_0fKY5sPZcFgZmfLydY/edit#gid=1696255979;https://docs.google.com/spreadsheets/d/1uo7-E_E2jbehB2hbBurpPayP_0fKY5sPZcFgZmfLydY/edit#gid=1992807502
season_009,Doubles,rueckrunde,Zobiris,zobiris,sableye,Nestfloh,nestfloh,Voltwizards,voltwizards,sheet_extracted,https://docs.google.com/spreadsheets/d/1uo7-E_E2jbehB2hbBurpPayP_0fKY5sPZcFgZmfLydY/edit#gid=1992807502;https://docs.google.com/spreadsheets/d/1uo7-E_E2jbehB2hbBurpPayP_0fKY5sPZcFgZmfLydY/edit#gid=754790791
season_009,Doubles,hinrunde,Amfira,amfira,salazzle,OGDNZ,ogdnz,Toon World,toonworld,sheet_extracted,https://docs.google.com/spreadsheets/d/1uo7-E_E2jbehB2hbBurpPayP_0fKY5sPZcFgZmfLydY/edit#gid=1696255979;https://docs.google.com/spreadsheets/d/1uo7-E_E2jbehB2hbBurpPayP_0fKY5sPZcFgZmfLydY/edit#gid=1992807502
season_009,Doubles,rueckrunde,Amfira,amfira,salazzle,OGDNZ,ogdnz,Toon World,toonworld,sheet_extracted,https://docs.google.com/spreadsheets/d/1uo7-E_E2jbehB2hbBurpPayP_0fKY5sPZcFgZmfLydY/edit#gid=1992807502;https://docs.google.com/spreadsheets/d/1uo7-E_E2jbehB2hbBurpPayP_0fKY5sPZcFgZmfLydY/edit#gid=754790791
season_009,Doubles,hinrunde,Amigento-Normal,amigentonormal,silvally,OGDNZ,ogdnz,Toon World,toonworld,sheet_extracted,https://docs.google.com/spreadsheets/d/1uo7-E_E2jbehB2hbBurpPayP_0fKY5sPZcFgZmfLydY/edit#gid=1696255979;https://docs.google.com/spreadsheets/d/1uo7-E_E2jbehB2hbBurpPayP_0fKY5sPZcFgZmfLydY/edit#gid=1992807502
season_009,Doubles,rueckrunde,Bissbark,bissbark,stoutland,OGDNZ,ogdnz,Toon World,toonworld,sheet_extracted,https://docs.google.com/spreadsheets/d/1uo7-E_E2jbehB2hbBurpPayP_0fKY5sPZcFgZmfLydY/edit#gid=1696255979;https://docs.google.com/spreadsheets/d/1uo7-E_E2jbehB2hbBurpPayP_0fKY5sPZcFgZmfLydY/edit#gid=1992807502;https://docs.google.com/spreadsheets/d/1uo7-E_E2jbehB2hbBurpPayP_0fKY5sPZcFgZmfLydY/edit#gid=754790791
season_009,Doubles,hinrunde,Brockoloss,brockoloss,gigalith,OGDNZ,ogdnz,Toon World,toonworld,sheet_extracted,https://docs.google.com/spreadsheets/d/1uo7-E_E2jbehB2hbBurpPayP_0fKY5sPZcFgZmfLydY/edit#gid=1696255979;https://docs.google.com/spreadsheets/d/1uo7-E_E2jbehB2hbBurpPayP_0fKY5sPZcFgZmfLydY/edit#gid=1992807502
season_009,Doubles,rueckrunde,Brockoloss,brockoloss,gigalith,OGDNZ,ogdnz,Toon World,toonworld,sheet_extracted,https://docs.google.com/spreadsheets/d/1uo7-E_E2jbehB2hbBurpPayP_0fKY5sPZcFgZmfLydY/edit#gid=1992807502;https://docs.google.com/spreadsheets/d/1uo7-E_E2jbehB2hbBurpPayP_0fKY5sPZcFgZmfLydY/edit#gid=754790791
season_009,Doubles,hinrunde,Donarion,donarion,vikavolt,OGDNZ,ogdnz,Toon World,toonworld,sheet_extracted,https://docs.google.com/spreadsheets/d/1uo7-E_E2jbehB2hbBurpPayP_0fKY5sPZcFgZmfLydY/edit#gid=1696255979;https://docs.google.com/spreadsheets/d/1uo7-E_E2jbehB2hbBurpPayP_0fKY5sPZcFgZmfLydY/edit#gid=1992807502
season_009,Doubles,rueckrunde,Donarion,donarion,vikavolt,OGDNZ,ogdnz,Toon World,toonworld,sheet_extracted,https://docs.google.com/spreadsheets/d/1uo7-E_E2jbehB2hbBurpPayP_0fKY5sPZcFgZmfLydY/edit#gid=1992807502;https://docs.google.com/spreadsheets/d/1uo7-E_E2jbehB2hbBurpPayP_0fKY5sPZcFgZmfLydY/edit#gid=754790791
season_009,Doubles,hinrunde,Feelinara,feelinara,sylveon,OGDNZ,ogdnz,Toon World,toonworld,sheet_extracted,https://docs.google.com/spreadsheets/d/1uo7-E_E2jbehB2hbBurpPayP_0fKY5sPZcFgZmfLydY/edit#gid=1696255979;https://docs.google.com/spreadsheets/d/1uo7-E_E2jbehB2hbBurpPayP_0fKY5sPZcFgZmfLydY/edit#gid=1992807502
season_009,Doubles,rueckrunde,Feelinara,feelinara,sylveon,OGDNZ,ogdnz,Toon World,toonworld,sheet_extracted,https://docs.google.com/spreadsheets/d/1uo7-E_E2jbehB2hbBurpPayP_0fKY5sPZcFgZmfLydY/edit#gid=1992807502;https://docs.google.com/spreadsheets/d/1uo7-E_E2jbehB2hbBurpPayP_0fKY5sPZcFgZmfLydY/edit#gid=754790791
season_009,Doubles,hinrunde,Grypheldis,grypheldis,mandibuzz,OGDNZ,ogdnz,Toon World,toonworld,sheet_extracted,https://docs.google.com/spreadsheets/d/1uo7-E_E2jbehB2hbBurpPayP_0fKY5sPZcFgZmfLydY/edit#gid=1696255979;https://docs.google.com/spreadsheets/d/1uo7-E_E2jbehB2hbBurpPayP_0fKY5sPZcFgZmfLydY/edit#gid=1992807502
season_009,Doubles,rueckrunde,Grypheldis,grypheldis,mandibuzz,OGDNZ,ogdnz,Toon World,toonworld,sheet_extracted,https://docs.google.com/spreadsheets/d/1uo7-E_E2jbehB2hbBurpPayP_0fKY5sPZcFgZmfLydY/edit#gid=1992807502;https://docs.google.com/spreadsheets/d/1uo7-E_E2jbehB2hbBurpPayP_0fKY5sPZcFgZmfLydY/edit#gid=754790791
season_009,Doubles,rueckrunde,Kyurem,kyurem,kyurem,OGDNZ,ogdnz,Toon World,toonworld,sheet_extracted,https://docs.google.com/spreadsheets/d/1uo7-E_E2jbehB2hbBurpPayP_0fKY5sPZcFgZmfLydY/edit#gid=1696255979;https://docs.google.com/spreadsheets/d/1uo7-E_E2jbehB2hbBurpPayP_0fKY5sPZcFgZmfLydY/edit#gid=1992807502;https://docs.google.com/spreadsheets/d/1uo7-E_E2jbehB2hbBurpPayP_0fKY5sPZcFgZmfLydY/edit#gid=754790791
season_009,Doubles,hinrunde,Lahmus,lahmus,slowbro,OGDNZ,ogdnz,Toon World,toonworld,sheet_extracted,https://docs.google.com/spreadsheets/d/1uo7-E_E2jbehB2hbBurpPayP_0fKY5sPZcFgZmfLydY/edit#gid=1696255979;https://docs.google.com/spreadsheets/d/1uo7-E_E2jbehB2hbBurpPayP_0fKY5sPZcFgZmfLydY/edit#gid=1992807502
season_009,Doubles,rueckrunde,Lahmus,lahmus,slowbro,OGDNZ,ogdnz,Toon World,toonworld,sheet_extracted,https://docs.google.com/spreadsheets/d/1uo7-E_E2jbehB2hbBurpPayP_0fKY5sPZcFgZmfLydY/edit#gid=1992807502;https://docs.google.com/spreadsheets/d/1uo7-E_E2jbehB2hbBurpPayP_0fKY5sPZcFgZmfLydY/edit#gid=754790791
season_009,Doubles,hinrunde,Lectragon,lectragon,dracozolt,OGDNZ,ogdnz,Toon World,toonworld,sheet_extracted,https://docs.google.com/spreadsheets/d/1uo7-E_E2jbehB2hbBurpPayP_0fKY5sPZcFgZmfLydY/edit#gid=1696255979;https://docs.google.com/spreadsheets/d/1uo7-E_E2jbehB2hbBurpPayP_0fKY5sPZcFgZmfLydY/edit#gid=1992807502
season_009,Doubles,rueckrunde,Quartermak,quartermak,passimian,OGDNZ,ogdnz,Toon World,toonworld,sheet_extracted,https://docs.google.com/spreadsheets/d/1uo7-E_E2jbehB2hbBurpPayP_0fKY5sPZcFgZmfLydY/edit#gid=1696255979;https://docs.google.com/spreadsheets/d/1uo7-E_E2jbehB2hbBurpPayP_0fKY5sPZcFgZmfLydY/edit#gid=1992807502;https://docs.google.com/spreadsheets/d/1uo7-E_E2jbehB2hbBurpPayP_0fKY5sPZcFgZmfLydY/edit#gid=754790791
season_009,Doubles,hinrunde,Stalobor,stalobor,excadrill,OGDNZ,ogdnz,Toon World,toonworld,sheet_extracted,https://docs.google.com/spreadsheets/d/1uo7-E_E2jbehB2hbBurpPayP_0fKY5sPZcFgZmfLydY/edit#gid=1696255979;https://docs.google.com/spreadsheets/d/1uo7-E_E2jbehB2hbBurpPayP_0fKY5sPZcFgZmfLydY/edit#gid=1992807502
season_009,Doubles,rueckrunde,Stalobor,stalobor,excadrill,OGDNZ,ogdnz,Toon World,toonworld,sheet_extracted,https://docs.google.com/spreadsheets/d/1uo7-E_E2jbehB2hbBurpPayP_0fKY5sPZcFgZmfLydY/edit#gid=1992807502;https://docs.google.com/spreadsheets/d/1uo7-E_E2jbehB2hbBurpPayP_0fKY5sPZcFgZmfLydY/edit#gid=754790791
season_009,Doubles,hinrunde,Trombork,trombork,trevenant,OGDNZ,ogdnz,Toon World,toonworld,sheet_extracted,https://docs.google.com/spreadsheets/d/1uo7-E_E2jbehB2hbBurpPayP_0fKY5sPZcFgZmfLydY/edit#gid=1696255979;https://docs.google.com/spreadsheets/d/1uo7-E_E2jbehB2hbBurpPayP_0fKY5sPZcFgZmfLydY/edit#gid=1992807502
season_009,Doubles,rueckrunde,Trombork,trombork,trevenant,OGDNZ,ogdnz,Toon World,toonworld,sheet_extracted,https://docs.google.com/spreadsheets/d/1uo7-E_E2jbehB2hbBurpPayP_0fKY5sPZcFgZmfLydY/edit#gid=1992807502;https://docs.google.com/spreadsheets/d/1uo7-E_E2jbehB2hbBurpPayP_0fKY5sPZcFgZmfLydY/edit#gid=754790791
season_009,Doubles,hinrunde,Viridium,viridium,virizion,OGDNZ,ogdnz,Toon World,toonworld,sheet_extracted,https://docs.google.com/spreadsheets/d/1uo7-E_E2jbehB2hbBurpPayP_0fKY5sPZcFgZmfLydY/edit#gid=1696255979;https://docs.google.com/spreadsheets/d/1uo7-E_E2jbehB2hbBurpPayP_0fKY5sPZcFgZmfLydY/edit#gid=1992807502
season_009,Doubles,hinrunde,Alola Snobilikat,alolasnobilikat,persianalola,Pokgalaxy,pokgalaxy,Fen and Gator,fenandgator,sheet_extracted,https://docs.google.com/spreadsheets/d/1uo7-E_E2jbehB2hbBurpPayP_0fKY5sPZcFgZmfLydY/edit#gid=1696255979;https://docs.google.com/spreadsheets/d/1uo7-E_E2jbehB2hbBurpPayP_0fKY5sPZcFgZmfLydY/edit#gid=1992807502
season_009,Doubles,rueckrunde,Alola Snobilikat,alolasnobilikat,persianalola,Pokgalaxy,pokgalaxy,Fen and Gator,fenandgator,sheet_extracted,https://docs.google.com/spreadsheets/d/1uo7-E_E2jbehB2hbBurpPayP_0fKY5sPZcFgZmfLydY/edit#gid=1992807502;https://docs.google.com/spreadsheets/d/1uo7-E_E2jbehB2hbBurpPayP_0fKY5sPZcFgZmfLydY/edit#gid=754790791
season_009,Doubles,hinrunde,Blitza,blitza,jolteon,Pokgalaxy,pokgalaxy,Fen and Gator,fenandgator,sheet_extracted,https://docs.google.com/spreadsheets/d/1uo7-E_E2jbehB2hbBurpPayP_0fKY5sPZcFgZmfLydY/edit#gid=1696255979;https://docs.google.com/spreadsheets/d/1uo7-E_E2jbehB2hbBurpPayP_0fKY5sPZcFgZmfLydY/edit#gid=1992807502
season_009,Doubles,hinrunde,Celebi,celebi,celebi,Pokgalaxy,pokgalaxy,Fen and Gator,fenandgator,sheet_extracted,https://docs.google.com/spreadsheets/d/1uo7-E_E2jbehB2hbBurpPayP_0fKY5sPZcFgZmfLydY/edit#gid=1696255979;https://docs.google.com/spreadsheets/d/1uo7-E_E2jbehB2hbBurpPayP_0fKY5sPZcFgZmfLydY/edit#gid=1992807502
season_009,Doubles,hinrunde,Entei,entei,entei,Pokgalaxy,pokgalaxy,Fen and Gator,fenandgator,sheet_extracted,https://docs.google.com/spreadsheets/d/1uo7-E_E2jbehB2hbBurpPayP_0fKY5sPZcFgZmfLydY/edit#gid=1696255979;https://docs.google.com/spreadsheets/d/1uo7-E_E2jbehB2hbBurpPayP_0fKY5sPZcFgZmfLydY/edit#gid=1992807502
season_009,Doubles,rueckrunde,Entei,entei,entei,Pokgalaxy,pokgalaxy,Fen and Gator,fenandgator,sheet_extracted,https://docs.google.com/spreadsheets/d/1uo7-E_E2jbehB2hbBurpPayP_0fKY5sPZcFgZmfLydY/edit#gid=1992807502;https://docs.google.com/spreadsheets/d/1uo7-E_E2jbehB2hbBurpPayP_0fKY5sPZcFgZmfLydY/edit#gid=754790791
season_009,Doubles,hinrunde,Gastrodon,gastrodon,gastrodon,Pokgalaxy,pokgalaxy,Fen and Gator,fenandgator,sheet_extracted,https://docs.google.com/spreadsheets/d/1uo7-E_E2jbehB2hbBurpPayP_0fKY5sPZcFgZmfLydY/edit#gid=1696255979;https://docs.google.com/spreadsheets/d/1uo7-E_E2jbehB2hbBurpPayP_0fKY5sPZcFgZmfLydY/edit#gid=1992807502
season_009,Doubles,rueckrunde,Gastrodon,gastrodon,gastrodon,Pokgalaxy,pokgalaxy,Fen and Gator,fenandgator,sheet_extracted,https://docs.google.com/spreadsheets/d/1uo7-E_E2jbehB2hbBurpPayP_0fKY5sPZcFgZmfLydY/edit#gid=1992807502;https://docs.google.com/spreadsheets/d/1uo7-E_E2jbehB2hbBurpPayP_0fKY5sPZcFgZmfLydY/edit#gid=754790791
season_009,Doubles,rueckrunde,Gorgasonn,gorgasonn,cursola,Pokgalaxy,pokgalaxy,Fen and Gator,fenandgator,sheet_extracted,https://docs.google.com/spreadsheets/d/1uo7-E_E2jbehB2hbBurpPayP_0fKY5sPZcFgZmfLydY/edit#gid=1696255979;https://docs.google.com/spreadsheets/d/1uo7-E_E2jbehB2hbBurpPayP_0fKY5sPZcFgZmfLydY/edit#gid=1992807502;https://docs.google.com/spreadsheets/d/1uo7-E_E2jbehB2hbBurpPayP_0fKY5sPZcFgZmfLydY/edit#gid=754790791
season_009,Doubles,rueckrunde,Guardevoir,guardevoir,gardevoir,Pokgalaxy,pokgalaxy,Fen and Gator,fenandgator,sheet_extracted,https://docs.google.com/spreadsheets/d/1uo7-E_E2jbehB2hbBurpPayP_0fKY5sPZcFgZmfLydY/edit#gid=1696255979;https://docs.google.com/spreadsheets/d/1uo7-E_E2jbehB2hbBurpPayP_0fKY5sPZcFgZmfLydY/edit#gid=1992807502;https://docs.google.com/spreadsheets/d/1uo7-E_E2jbehB2hbBurpPayP_0fKY5sPZcFgZmfLydY/edit#gid=754790791
season_009,Doubles,hinrunde,Metagross,metagross,metagross,Pokgalaxy,pokgalaxy,Fen and Gator,fenandgator,sheet_extracted,https://docs.google.com/spreadsheets/d/1uo7-E_E2jbehB2hbBurpPayP_0fKY5sPZcFgZmfLydY/edit#gid=1696255979;https://docs.google.com/spreadsheets/d/1uo7-E_E2jbehB2hbBurpPayP_0fKY5sPZcFgZmfLydY/edit#gid=1992807502
season_009,Doubles,rueckrunde,Metagross,metagross,metagross,Pokgalaxy,pokgalaxy,Fen and Gator,fenandgator,sheet_extracted,https://docs.google.com/spreadsheets/d/1uo7-E_E2jbehB2hbBurpPayP_0fKY5sPZcFgZmfLydY/edit#gid=1992807502;https://docs.google.com/spreadsheets/d/1uo7-E_E2jbehB2hbBurpPayP_0fKY5sPZcFgZmfLydY/edit#gid=754790791
season_009,Doubles,hinrunde,Ohrdoch,ohrdoch,audino,Pokgalaxy,pokgalaxy,Fen and Gator,fenandgator,sheet_extracted,https://docs.google.com/spreadsheets/d/1uo7-E_E2jbehB2hbBurpPayP_0fKY5sPZcFgZmfLydY/edit#gid=1696255979;https://docs.google.com/spreadsheets/d/1uo7-E_E2jbehB2hbBurpPayP_0fKY5sPZcFgZmfLydY/edit#gid=1992807502
season_009,Doubles,rueckrunde,Ohrdoch,ohrdoch,audino,Pokgalaxy,pokgalaxy,Fen and Gator,fenandgator,sheet_extracted,https://docs.google.com/spreadsheets/d/1uo7-E_E2jbehB2hbBurpPayP_0fKY5sPZcFgZmfLydY/edit#gid=1992807502;https://docs.google.com/spreadsheets/d/1uo7-E_E2jbehB2hbBurpPayP_0fKY5sPZcFgZmfLydY/edit#gid=754790791
season_009,Doubles,rueckrunde,Roserade,roserade,roserade,Pokgalaxy,pokgalaxy,Fen and Gator,fenandgator,sheet_extracted,https://docs.google.com/spreadsheets/d/1uo7-E_E2jbehB2hbBurpPayP_0fKY5sPZcFgZmfLydY/edit#gid=1696255979;https://docs.google.com/spreadsheets/d/1uo7-E_E2jbehB2hbBurpPayP_0fKY5sPZcFgZmfLydY/edit#gid=1992807502;https://docs.google.com/spreadsheets/d/1uo7-E_E2jbehB2hbBurpPayP_0fKY5sPZcFgZmfLydY/edit#gid=754790791
season_009,Doubles,hinrunde,Smogmog,smogmog,weezing,Pokgalaxy,pokgalaxy,Fen and Gator,fenandgator,sheet_extracted,https://docs.google.com/spreadsheets/d/1uo7-E_E2jbehB2hbBurpPayP_0fKY5sPZcFgZmfLydY/edit#gid=1696255979;https://docs.google.com/spreadsheets/d/1uo7-E_E2jbehB2hbBurpPayP_0fKY5sPZcFgZmfLydY/edit#gid=1992807502
season_009,Doubles,hinrunde,Terrakium,terrakium,terrakion,Pokgalaxy,pokgalaxy,Fen and Gator,fenandgator,sheet_extracted,https://docs.google.com/spreadsheets/d/1uo7-E_E2jbehB2hbBurpPayP_0fKY5sPZcFgZmfLydY/edit#gid=1696255979;https://docs.google.com/spreadsheets/d/1uo7-E_E2jbehB2hbBurpPayP_0fKY5sPZcFgZmfLydY/edit#gid=1992807502
season_009,Doubles,rueckrunde,Terrakium,terrakium,terrakion,Pokgalaxy,pokgalaxy,Fen and Gator,fenandgator,sheet_extracted,https://docs.google.com/spreadsheets/d/1uo7-E_E2jbehB2hbBurpPayP_0fKY5sPZcFgZmfLydY/edit#gid=1992807502;https://docs.google.com/spreadsheets/d/1uo7-E_E2jbehB2hbBurpPayP_0fKY5sPZcFgZmfLydY/edit#gid=754790791
season_009,Doubles,hinrunde,Togekiss,togekiss,togekiss,Pokgalaxy,pokgalaxy,Fen and Gator,fenandgator,sheet_extracted,https://docs.google.com/spreadsheets/d/1uo7-E_E2jbehB2hbBurpPayP_0fKY5sPZcFgZmfLydY/edit#gid=1696255979;https://docs.google.com/spreadsheets/d/1uo7-E_E2jbehB2hbBurpPayP_0fKY5sPZcFgZmfLydY/edit#gid=1992807502
season_009,Doubles,hinrunde,Trikephalo,trikephalo,hydreigon,Pokgalaxy,pokgalaxy,Fen and Gator,fenandgator,sheet_extracted,https://docs.google.com/spreadsheets/d/1uo7-E_E2jbehB2hbBurpPayP_0fKY5sPZcFgZmfLydY/edit#gid=1696255979;https://docs.google.com/spreadsheets/d/1uo7-E_E2jbehB2hbBurpPayP_0fKY5sPZcFgZmfLydY/edit#gid=1992807502
season_009,Doubles,rueckrunde,Trikephalo,trikephalo,hydreigon,Pokgalaxy,pokgalaxy,Fen and Gator,fenandgator,sheet_extracted,https://docs.google.com/spreadsheets/d/1uo7-E_E2jbehB2hbBurpPayP_0fKY5sPZcFgZmfLydY/edit#gid=1992807502;https://docs.google.com/spreadsheets/d/1uo7-E_E2jbehB2hbBurpPayP_0fKY5sPZcFgZmfLydY/edit#gid=754790791
season_009,Doubles,rueckrunde,Zapdos,zapdos,zapdos,Pokgalaxy,pokgalaxy,Fen and Gator,fenandgator,sheet_extracted,https://docs.google.com/spreadsheets/d/1uo7-E_E2jbehB2hbBurpPayP_0fKY5sPZcFgZmfLydY/edit#gid=1696255979;https://docs.google.com/spreadsheets/d/1uo7-E_E2jbehB2hbBurpPayP_0fKY5sPZcFgZmfLydY/edit#gid=1992807502;https://docs.google.com/spreadsheets/d/1uo7-E_E2jbehB2hbBurpPayP_0fKY5sPZcFgZmfLydY/edit#gid=754790791
season_009,Singles,hinrunde,Alola Raichu,alolaraichu,raichualola,PresentLP,present,Soulblaze,soulblaze,sheet_extracted,https://docs.google.com/spreadsheets/d/1uo7-E_E2jbehB2hbBurpPayP_0fKY5sPZcFgZmfLydY/edit#gid=520178140;https://docs.google.com/spreadsheets/d/1uo7-E_E2jbehB2hbBurpPayP_0fKY5sPZcFgZmfLydY/edit#gid=1992807502
season_009,Singles,hinrunde,Amigento-Typ:Stahl,amigentotypstahl,silvallysteel,PresentLP,present,Soulblaze,soulblaze,sheet_extracted,https://docs.google.com/spreadsheets/d/1uo7-E_E2jbehB2hbBurpPayP_0fKY5sPZcFgZmfLydY/edit#gid=520178140;https://docs.google.com/spreadsheets/d/1uo7-E_E2jbehB2hbBurpPayP_0fKY5sPZcFgZmfLydY/edit#gid=1992807502
season_009,Singles,rueckrunde,Amigento-Typ:Stahl,amigentotypstahl,silvallysteel,PresentLP,present,Soulblaze,soulblaze,sheet_extracted,https://docs.google.com/spreadsheets/d/1uo7-E_E2jbehB2hbBurpPayP_0fKY5sPZcFgZmfLydY/edit#gid=1992807502;https://docs.google.com/spreadsheets/d/1uo7-E_E2jbehB2hbBurpPayP_0fKY5sPZcFgZmfLydY/edit#gid=754790791
season_009,Singles,hinrunde,Azumarill,azumarill,azumarill,PresentLP,present,Soulblaze,soulblaze,sheet_extracted,https://docs.google.com/spreadsheets/d/1uo7-E_E2jbehB2hbBurpPayP_0fKY5sPZcFgZmfLydY/edit#gid=520178140;https://docs.google.com/spreadsheets/d/1uo7-E_E2jbehB2hbBurpPayP_0fKY5sPZcFgZmfLydY/edit#gid=1992807502
season_009,Singles,rueckrunde,Azumarill,azumarill,azumarill,PresentLP,present,Soulblaze,soulblaze,sheet_extracted,https://docs.google.com/spreadsheets/d/1uo7-E_E2jbehB2hbBurpPayP_0fKY5sPZcFgZmfLydY/edit#gid=1992807502;https://docs.google.com/spreadsheets/d/1uo7-E_E2jbehB2hbBurpPayP_0fKY5sPZcFgZmfLydY/edit#gid=754790791
season_009,Singles,rueckrunde,Boreos-T,boreost,tornadustherian,PresentLP,present,Soulblaze,soulblaze,sheet_extracted,https://docs.google.com/spreadsheets/d/1uo7-E_E2jbehB2hbBurpPayP_0fKY5sPZcFgZmfLydY/edit#gid=520178140;https://docs.google.com/spreadsheets/d/1uo7-E_E2jbehB2hbBurpPayP_0fKY5sPZcFgZmfLydY/edit#gid=1992807502;https://docs.google.com/spreadsheets/d/1uo7-E_E2jbehB2hbBurpPayP_0fKY5sPZcFgZmfLydY/edit#gid=754790791
season_009,Singles,hinrunde,Britzigel,britzigel,pincurchin,PresentLP,present,Soulblaze,soulblaze,sheet_extracted,https://docs.google.com/spreadsheets/d/1uo7-E_E2jbehB2hbBurpPayP_0fKY5sPZcFgZmfLydY/edit#gid=520178140;https://docs.google.com/spreadsheets/d/1uo7-E_E2jbehB2hbBurpPayP_0fKY5sPZcFgZmfLydY/edit#gid=1992807502
season_009,Singles,rueckrunde,Britzigel,britzigel,pincurchin,PresentLP,present,Soulblaze,soulblaze,sheet_extracted,https://docs.google.com/spreadsheets/d/1uo7-E_E2jbehB2hbBurpPayP_0fKY5sPZcFgZmfLydY/edit#gid=1992807502;https://docs.google.com/spreadsheets/d/1uo7-E_E2jbehB2hbBurpPayP_0fKY5sPZcFgZmfLydY/edit#gid=754790791
season_009,Singles,rueckrunde,Galar Lahmus,galarlahmus,slowbrogalar,PresentLP,present,Soulblaze,soulblaze,sheet_extracted,https://docs.google.com/spreadsheets/d/1uo7-E_E2jbehB2hbBurpPayP_0fKY5sPZcFgZmfLydY/edit#gid=520178140;https://docs.google.com/spreadsheets/d/1uo7-E_E2jbehB2hbBurpPayP_0fKY5sPZcFgZmfLydY/edit#gid=1992807502;https://docs.google.com/spreadsheets/d/1uo7-E_E2jbehB2hbBurpPayP_0fKY5sPZcFgZmfLydY/edit#gid=754790791
season_009,Singles,hinrunde,Hutsassa,hutsassa,amoonguss,PresentLP,present,Soulblaze,soulblaze,sheet_extracted,https://docs.google.com/spreadsheets/d/1uo7-E_E2jbehB2hbBurpPayP_0fKY5sPZcFgZmfLydY/edit#gid=520178140;https://docs.google.com/spreadsheets/d/1uo7-E_E2jbehB2hbBurpPayP_0fKY5sPZcFgZmfLydY/edit#gid=1992807502
season_009,Singles,hinrunde,Kappalores,kappalores,ludicolo,PresentLP,present,Soulblaze,soulblaze,sheet_extracted,https://docs.google.com/spreadsheets/d/1uo7-E_E2jbehB2hbBurpPayP_0fKY5sPZcFgZmfLydY/edit#gid=520178140;https://docs.google.com/spreadsheets/d/1uo7-E_E2jbehB2hbBurpPayP_0fKY5sPZcFgZmfLydY/edit#gid=1992807502
season_009,Singles,rueckrunde,Kappalores,kappalores,ludicolo,PresentLP,present,Soulblaze,soulblaze,sheet_extracted,https://docs.google.com/spreadsheets/d/1uo7-E_E2jbehB2hbBurpPayP_0fKY5sPZcFgZmfLydY/edit#gid=1992807502;https://docs.google.com/spreadsheets/d/1uo7-E_E2jbehB2hbBurpPayP_0fKY5sPZcFgZmfLydY/edit#gid=754790791
season_009,Singles,hinrunde,Katapuldra,katapuldra,dragapult,PresentLP,present,Soulblaze,soulblaze,sheet_extracted,https://docs.google.com/spreadsheets/d/1uo7-E_E2jbehB2hbBurpPayP_0fKY5sPZcFgZmfLydY/edit#gid=520178140;https://docs.google.com/spreadsheets/d/1uo7-E_E2jbehB2hbBurpPayP_0fKY5sPZcFgZmfLydY/edit#gid=1992807502
season_009,Singles,rueckrunde,Katapuldra,katapuldra,dragapult,PresentLP,present,Soulblaze,soulblaze,sheet_extracted,https://docs.google.com/spreadsheets/d/1uo7-E_E2jbehB2hbBurpPayP_0fKY5sPZcFgZmfLydY/edit#gid=1992807502;https://docs.google.com/spreadsheets/d/1uo7-E_E2jbehB2hbBurpPayP_0fKY5sPZcFgZmfLydY/edit#gid=754790791
season_009,Singles,hinrunde,Lavados,lavados,moltres,PresentLP,present,Soulblaze,soulblaze,sheet_extracted,https://docs.google.com/spreadsheets/d/1uo7-E_E2jbehB2hbBurpPayP_0fKY5sPZcFgZmfLydY/edit#gid=520178140;https://docs.google.com/spreadsheets/d/1uo7-E_E2jbehB2hbBurpPayP_0fKY5sPZcFgZmfLydY/edit#gid=1992807502
season_009,Singles,hinrunde,Lucario,lucario,lucario,PresentLP,present,Soulblaze,soulblaze,sheet_extracted,https://docs.google.com/spreadsheets/d/1uo7-E_E2jbehB2hbBurpPayP_0fKY5sPZcFgZmfLydY/edit#gid=520178140;https://docs.google.com/spreadsheets/d/1uo7-E_E2jbehB2hbBurpPayP_0fKY5sPZcFgZmfLydY/edit#gid=1992807502
season_009,Singles,hinrunde,Pelipper,pelipper,pelipper,PresentLP,present,Soulblaze,soulblaze,sheet_extracted,https://docs.google.com/spreadsheets/d/1uo7-E_E2jbehB2hbBurpPayP_0fKY5sPZcFgZmfLydY/edit#gid=520178140;https://docs.google.com/spreadsheets/d/1uo7-E_E2jbehB2hbBurpPayP_0fKY5sPZcFgZmfLydY/edit#gid=1992807502
season_009,Singles,rueckrunde,Pelipper,pelipper,pelipper,PresentLP,present,Soulblaze,soulblaze,sheet_extracted,https://docs.google.com/spreadsheets/d/1uo7-E_E2jbehB2hbBurpPayP_0fKY5sPZcFgZmfLydY/edit#gid=1992807502;https://docs.google.com/spreadsheets/d/1uo7-E_E2jbehB2hbBurpPayP_0fKY5sPZcFgZmfLydY/edit#gid=754790791
season_009,Singles,hinrunde,Rabigator,rabigator,krookodile,PresentLP,present,Soulblaze,soulblaze,sheet_extracted,https://docs.google.com/spreadsheets/d/1uo7-E_E2jbehB2hbBurpPayP_0fKY5sPZcFgZmfLydY/edit#gid=520178140;https://docs.google.com/spreadsheets/d/1uo7-E_E2jbehB2hbBurpPayP_0fKY5sPZcFgZmfLydY/edit#gid=1992807502
season_009,Singles,rueckrunde,Rabigator,rabigator,krookodile,PresentLP,present,Soulblaze,soulblaze,sheet_extracted,https://docs.google.com/spreadsheets/d/1uo7-E_E2jbehB2hbBurpPayP_0fKY5sPZcFgZmfLydY/edit#gid=1992807502;https://docs.google.com/spreadsheets/d/1uo7-E_E2jbehB2hbBurpPayP_0fKY5sPZcFgZmfLydY/edit#gid=754790791
season_009,Singles,rueckrunde,Viscogon,viscogon,goodra,PresentLP,present,Soulblaze,soulblaze,sheet_extracted,https://docs.google.com/spreadsheets/d/1uo7-E_E2jbehB2hbBurpPayP_0fKY5sPZcFgZmfLydY/edit#gid=520178140;https://docs.google.com/spreadsheets/d/1uo7-E_E2jbehB2hbBurpPayP_0fKY5sPZcFgZmfLydY/edit#gid=1992807502;https://docs.google.com/spreadsheets/d/1uo7-E_E2jbehB2hbBurpPayP_0fKY5sPZcFgZmfLydY/edit#gid=754790791
season_009,Singles,rueckrunde,Wie-Shu,wieshu,mienshao,PresentLP,present,Soulblaze,soulblaze,sheet_extracted,https://docs.google.com/spreadsheets/d/1uo7-E_E2jbehB2hbBurpPayP_0fKY5sPZcFgZmfLydY/edit#gid=520178140;https://docs.google.com/spreadsheets/d/1uo7-E_E2jbehB2hbBurpPayP_0fKY5sPZcFgZmfLydY/edit#gid=1992807502;https://docs.google.com/spreadsheets/d/1uo7-E_E2jbehB2hbBurpPayP_0fKY5sPZcFgZmfLydY/edit#gid=754790791
season_009,Doubles,hinrunde,Alola Raichu,alolaraichu,raichualola,Raizor,raizor,Soulblaze,soulblaze,sheet_extracted,https://docs.google.com/spreadsheets/d/1uo7-E_E2jbehB2hbBurpPayP_0fKY5sPZcFgZmfLydY/edit#gid=1696255979;https://docs.google.com/spreadsheets/d/1uo7-E_E2jbehB2hbBurpPayP_0fKY5sPZcFgZmfLydY/edit#gid=1992807502
season_009,Doubles,hinrunde,Amigento-Typ:Stahl,amigentotypstahl,silvallysteel,Raizor,raizor,Soulblaze,soulblaze,sheet_extracted,https://docs.google.com/spreadsheets/d/1uo7-E_E2jbehB2hbBurpPayP_0fKY5sPZcFgZmfLydY/edit#gid=1696255979;https://docs.google.com/spreadsheets/d/1uo7-E_E2jbehB2hbBurpPayP_0fKY5sPZcFgZmfLydY/edit#gid=1992807502
season_009,Doubles,rueckrunde,Amigento-Typ:Stahl,amigentotypstahl,silvallysteel,Raizor,raizor,Soulblaze,soulblaze,sheet_extracted,https://docs.google.com/spreadsheets/d/1uo7-E_E2jbehB2hbBurpPayP_0fKY5sPZcFgZmfLydY/edit#gid=1992807502;https://docs.google.com/spreadsheets/d/1uo7-E_E2jbehB2hbBurpPayP_0fKY5sPZcFgZmfLydY/edit#gid=754790791
season_009,Doubles,hinrunde,Azumarill,azumarill,azumarill,Raizor,raizor,Soulblaze,soulblaze,sheet_extracted,https://docs.google.com/spreadsheets/d/1uo7-E_E2jbehB2hbBurpPayP_0fKY5sPZcFgZmfLydY/edit#gid=1696255979;https://docs.google.com/spreadsheets/d/1uo7-E_E2jbehB2hbBurpPayP_0fKY5sPZcFgZmfLydY/edit#gid=1992807502
season_009,Doubles,rueckrunde,Azumarill,azumarill,azumarill,Raizor,raizor,Soulblaze,soulblaze,sheet_extracted,https://docs.google.com/spreadsheets/d/1uo7-E_E2jbehB2hbBurpPayP_0fKY5sPZcFgZmfLydY/edit#gid=1992807502;https://docs.google.com/spreadsheets/d/1uo7-E_E2jbehB2hbBurpPayP_0fKY5sPZcFgZmfLydY/edit#gid=754790791
season_009,Doubles,rueckrunde,Boreos-T,boreost,tornadustherian,Raizor,raizor,Soulblaze,soulblaze,sheet_extracted,https://docs.google.com/spreadsheets/d/1uo7-E_E2jbehB2hbBurpPayP_0fKY5sPZcFgZmfLydY/edit#gid=1696255979;https://docs.google.com/spreadsheets/d/1uo7-E_E2jbehB2hbBurpPayP_0fKY5sPZcFgZmfLydY/edit#gid=1992807502;https://docs.google.com/spreadsheets/d/1uo7-E_E2jbehB2hbBurpPayP_0fKY5sPZcFgZmfLydY/edit#gid=754790791
season_009,Doubles,hinrunde,Britzigel,britzigel,pincurchin,Raizor,raizor,Soulblaze,soulblaze,sheet_extracted,https://docs.google.com/spreadsheets/d/1uo7-E_E2jbehB2hbBurpPayP_0fKY5sPZcFgZmfLydY/edit#gid=1696255979;https://docs.google.com/spreadsheets/d/1uo7-E_E2jbehB2hbBurpPayP_0fKY5sPZcFgZmfLydY/edit#gid=1992807502
season_009,Doubles,rueckrunde,Britzigel,britzigel,pincurchin,Raizor,raizor,Soulblaze,soulblaze,sheet_extracted,https://docs.google.com/spreadsheets/d/1uo7-E_E2jbehB2hbBurpPayP_0fKY5sPZcFgZmfLydY/edit#gid=1992807502;https://docs.google.com/spreadsheets/d/1uo7-E_E2jbehB2hbBurpPayP_0fKY5sPZcFgZmfLydY/edit#gid=754790791
season_009,Doubles,rueckrunde,Galar Lahmus,galarlahmus,slowbrogalar,Raizor,raizor,Soulblaze,soulblaze,sheet_extracted,https://docs.google.com/spreadsheets/d/1uo7-E_E2jbehB2hbBurpPayP_0fKY5sPZcFgZmfLydY/edit#gid=1696255979;https://docs.google.com/spreadsheets/d/1uo7-E_E2jbehB2hbBurpPayP_0fKY5sPZcFgZmfLydY/edit#gid=1992807502;https://docs.google.com/spreadsheets/d/1uo7-E_E2jbehB2hbBurpPayP_0fKY5sPZcFgZmfLydY/edit#gid=754790791
season_009,Doubles,hinrunde,Hutsassa,hutsassa,amoonguss,Raizor,raizor,Soulblaze,soulblaze,sheet_extracted,https://docs.google.com/spreadsheets/d/1uo7-E_E2jbehB2hbBurpPayP_0fKY5sPZcFgZmfLydY/edit#gid=1696255979;https://docs.google.com/spreadsheets/d/1uo7-E_E2jbehB2hbBurpPayP_0fKY5sPZcFgZmfLydY/edit#gid=1992807502
season_009,Doubles,hinrunde,Kappalores,kappalores,ludicolo,Raizor,raizor,Soulblaze,soulblaze,sheet_extracted,https://docs.google.com/spreadsheets/d/1uo7-E_E2jbehB2hbBurpPayP_0fKY5sPZcFgZmfLydY/edit#gid=1696255979;https://docs.google.com/spreadsheets/d/1uo7-E_E2jbehB2hbBurpPayP_0fKY5sPZcFgZmfLydY/edit#gid=1992807502
season_009,Doubles,rueckrunde,Kappalores,kappalores,ludicolo,Raizor,raizor,Soulblaze,soulblaze,sheet_extracted,https://docs.google.com/spreadsheets/d/1uo7-E_E2jbehB2hbBurpPayP_0fKY5sPZcFgZmfLydY/edit#gid=1992807502;https://docs.google.com/spreadsheets/d/1uo7-E_E2jbehB2hbBurpPayP_0fKY5sPZcFgZmfLydY/edit#gid=754790791
season_009,Doubles,hinrunde,Katapuldra,katapuldra,dragapult,Raizor,raizor,Soulblaze,soulblaze,sheet_extracted,https://docs.google.com/spreadsheets/d/1uo7-E_E2jbehB2hbBurpPayP_0fKY5sPZcFgZmfLydY/edit#gid=1696255979;https://docs.google.com/spreadsheets/d/1uo7-E_E2jbehB2hbBurpPayP_0fKY5sPZcFgZmfLydY/edit#gid=1992807502
season_009,Doubles,rueckrunde,Katapuldra,katapuldra,dragapult,Raizor,raizor,Soulblaze,soulblaze,sheet_extracted,https://docs.google.com/spreadsheets/d/1uo7-E_E2jbehB2hbBurpPayP_0fKY5sPZcFgZmfLydY/edit#gid=1992807502;https://docs.google.com/spreadsheets/d/1uo7-E_E2jbehB2hbBurpPayP_0fKY5sPZcFgZmfLydY/edit#gid=754790791
season_009,Doubles,hinrunde,Lavados,lavados,moltres,Raizor,raizor,Soulblaze,soulblaze,sheet_extracted,https://docs.google.com/spreadsheets/d/1uo7-E_E2jbehB2hbBurpPayP_0fKY5sPZcFgZmfLydY/edit#gid=1696255979;https://docs.google.com/spreadsheets/d/1uo7-E_E2jbehB2hbBurpPayP_0fKY5sPZcFgZmfLydY/edit#gid=1992807502
season_009,Doubles,hinrunde,Lucario,lucario,lucario,Raizor,raizor,Soulblaze,soulblaze,sheet_extracted,https://docs.google.com/spreadsheets/d/1uo7-E_E2jbehB2hbBurpPayP_0fKY5sPZcFgZmfLydY/edit#gid=1696255979;https://docs.google.com/spreadsheets/d/1uo7-E_E2jbehB2hbBurpPayP_0fKY5sPZcFgZmfLydY/edit#gid=1992807502
season_009,Doubles,hinrunde,Pelipper,pelipper,pelipper,Raizor,raizor,Soulblaze,soulblaze,sheet_extracted,https://docs.google.com/spreadsheets/d/1uo7-E_E2jbehB2hbBurpPayP_0fKY5sPZcFgZmfLydY/edit#gid=1696255979;https://docs.google.com/spreadsheets/d/1uo7-E_E2jbehB2hbBurpPayP_0fKY5sPZcFgZmfLydY/edit#gid=1992807502
season_009,Doubles,rueckrunde,Pelipper,pelipper,pelipper,Raizor,raizor,Soulblaze,soulblaze,sheet_extracted,https://docs.google.com/spreadsheets/d/1uo7-E_E2jbehB2hbBurpPayP_0fKY5sPZcFgZmfLydY/edit#gid=1992807502;https://docs.google.com/spreadsheets/d/1uo7-E_E2jbehB2hbBurpPayP_0fKY5sPZcFgZmfLydY/edit#gid=754790791
season_009,Doubles,hinrunde,Rabigator,rabigator,krookodile,Raizor,raizor,Soulblaze,soulblaze,sheet_extracted,https://docs.google.com/spreadsheets/d/1uo7-E_E2jbehB2hbBurpPayP_0fKY5sPZcFgZmfLydY/edit#gid=1696255979;https://docs.google.com/spreadsheets/d/1uo7-E_E2jbehB2hbBurpPayP_0fKY5sPZcFgZmfLydY/edit#gid=1992807502
season_009,Doubles,rueckrunde,Rabigator,rabigator,krookodile,Raizor,raizor,Soulblaze,soulblaze,sheet_extracted,https://docs.google.com/spreadsheets/d/1uo7-E_E2jbehB2hbBurpPayP_0fKY5sPZcFgZmfLydY/edit#gid=1992807502;https://docs.google.com/spreadsheets/d/1uo7-E_E2jbehB2hbBurpPayP_0fKY5sPZcFgZmfLydY/edit#gid=754790791
season_009,Doubles,rueckrunde,Viscogon,viscogon,goodra,Raizor,raizor,Soulblaze,soulblaze,sheet_extracted,https://docs.google.com/spreadsheets/d/1uo7-E_E2jbehB2hbBurpPayP_0fKY5sPZcFgZmfLydY/edit#gid=1696255979;https://docs.google.com/spreadsheets/d/1uo7-E_E2jbehB2hbBurpPayP_0fKY5sPZcFgZmfLydY/edit#gid=1992807502;https://docs.google.com/spreadsheets/d/1uo7-E_E2jbehB2hbBurpPayP_0fKY5sPZcFgZmfLydY/edit#gid=754790791
season_009,Doubles,rueckrunde,Wie-Shu,wieshu,mienshao,Raizor,raizor,Soulblaze,soulblaze,sheet_extracted,https://docs.google.com/spreadsheets/d/1uo7-E_E2jbehB2hbBurpPayP_0fKY5sPZcFgZmfLydY/edit#gid=1696255979;https://docs.google.com/spreadsheets/d/1uo7-E_E2jbehB2hbBurpPayP_0fKY5sPZcFgZmfLydY/edit#gid=1992807502;https://docs.google.com/spreadsheets/d/1uo7-E_E2jbehB2hbBurpPayP_0fKY5sPZcFgZmfLydY/edit#gid=754790791
season_010,Playoffs,playoffs,Amfira,amfira,salazzle,Bene,bene,Wackel Backel,wackelbackel,sheet_extracted,https://docs.google.com/spreadsheets/d/13smsrG2BGYxr_omJWcgr-sUDr39bvOJPNL5RPt4DSow/edit#gid=71150222;https://docs.google.com/spreadsheets/d/13smsrG2BGYxr_omJWcgr-sUDr39bvOJPNL5RPt4DSow/edit#gid=1215904780;https://docs.google.com/spreadsheets/d/13smsrG2BGYxr_omJWcgr-sUDr39bvOJPNL5RPt4DSow/edit#gid=1953790464;https://docs.google.com/spreadsheets/d/13smsrG2BGYxr_omJWcgr-sUDr39bvOJPNL5RPt4DSow/edit#gid=171349938
season_010,Regular Season,regular,Amfira,amfira,salazzle,Bene,bene,Wackel Backel,wackelbackel,sheet_extracted,https://docs.google.com/spreadsheets/d/13smsrG2BGYxr_omJWcgr-sUDr39bvOJPNL5RPt4DSow/edit#gid=1934543062;https://docs.google.com/spreadsheets/d/13smsrG2BGYxr_omJWcgr-sUDr39bvOJPNL5RPt4DSow/edit#gid=1465731937
season_010,Playoffs,,Bailonda,bailonda,quaquaval,Bene,bene,Wackel Backel,wackelbackel,sheet_extracted,https://docs.google.com/spreadsheets/d/13smsrG2BGYxr_omJWcgr-sUDr39bvOJPNL5RPt4DSow/edit#gid=71150222;https://docs.google.com/spreadsheets/d/13smsrG2BGYxr_omJWcgr-sUDr39bvOJPNL5RPt4DSow/edit#gid=1215904780;https://docs.google.com/spreadsheets/d/13smsrG2BGYxr_omJWcgr-sUDr39bvOJPNL5RPt4DSow/edit#gid=1953790464
season_010,Regular Season,regular,Bailonda,bailonda,quaquaval,Bene,bene,Wackel Backel,wackelbackel,sheet_extracted,https://docs.google.com/spreadsheets/d/13smsrG2BGYxr_omJWcgr-sUDr39bvOJPNL5RPt4DSow/edit#gid=1934543062;https://docs.google.com/spreadsheets/d/13smsrG2BGYxr_omJWcgr-sUDr39bvOJPNL5RPt4DSow/edit#gid=1465731937
season_010,Playoffs,,Bronzong,bronzong,bronzong,Bene,bene,Wackel Backel,wackelbackel,sheet_extracted,https://docs.google.com/spreadsheets/d/13smsrG2BGYxr_omJWcgr-sUDr39bvOJPNL5RPt4DSow/edit#gid=71150222;https://docs.google.com/spreadsheets/d/13smsrG2BGYxr_omJWcgr-sUDr39bvOJPNL5RPt4DSow/edit#gid=1215904780;https://docs.google.com/spreadsheets/d/13smsrG2BGYxr_omJWcgr-sUDr39bvOJPNL5RPt4DSow/edit#gid=1953790464
season_010,Regular Season,regular,Bronzong,bronzong,bronzong,Bene,bene,Wackel Backel,wackelbackel,sheet_extracted,https://docs.google.com/spreadsheets/d/13smsrG2BGYxr_omJWcgr-sUDr39bvOJPNL5RPt4DSow/edit#gid=1934543062;https://docs.google.com/spreadsheets/d/13smsrG2BGYxr_omJWcgr-sUDr39bvOJPNL5RPt4DSow/edit#gid=1465731937
season_010,Playoffs,playoffs,Caesurio,caesurio,bisharp,Bene,bene,Wackel Backel,wackelbackel,sheet_extracted,https://docs.google.com/spreadsheets/d/13smsrG2BGYxr_omJWcgr-sUDr39bvOJPNL5RPt4DSow/edit#gid=71150222;https://docs.google.com/spreadsheets/d/13smsrG2BGYxr_omJWcgr-sUDr39bvOJPNL5RPt4DSow/edit#gid=1215904780;https://docs.google.com/spreadsheets/d/13smsrG2BGYxr_omJWcgr-sUDr39bvOJPNL5RPt4DSow/edit#gid=1953790464;https://docs.google.com/spreadsheets/d/13smsrG2BGYxr_omJWcgr-sUDr39bvOJPNL5RPt4DSow/edit#gid=171349938
season_010,Regular Season,regular,Caesurio,caesurio,bisharp,Bene,bene,Wackel Backel,wackelbackel,sheet_extracted,https://docs.google.com/spreadsheets/d/13smsrG2BGYxr_omJWcgr-sUDr39bvOJPNL5RPt4DSow/edit#gid=1934543062;https://docs.google.com/spreadsheets/d/13smsrG2BGYxr_omJWcgr-sUDr39bvOJPNL5RPt4DSow/edit#gid=1465731937
season_010,Playoffs,,Demeteros-I,demeterosi,landorus,Bene,bene,Wackel Backel,wackelbackel,sheet_extracted,https://docs.google.com/spreadsheets/d/13smsrG2BGYxr_omJWcgr-sUDr39bvOJPNL5RPt4DSow/edit#gid=71150222;https://docs.google.com/spreadsheets/d/13smsrG2BGYxr_omJWcgr-sUDr39bvOJPNL5RPt4DSow/edit#gid=1215904780;https://docs.google.com/spreadsheets/d/13smsrG2BGYxr_omJWcgr-sUDr39bvOJPNL5RPt4DSow/edit#gid=1953790464
season_010,Regular Season,regular,Demeteros-I,demeterosi,landorus,Bene,bene,Wackel Backel,wackelbackel,sheet_extracted,https://docs.google.com/spreadsheets/d/13smsrG2BGYxr_omJWcgr-sUDr39bvOJPNL5RPt4DSow/edit#gid=1934543062;https://docs.google.com/spreadsheets/d/13smsrG2BGYxr_omJWcgr-sUDr39bvOJPNL5RPt4DSow/edit#gid=1465731937
season_010,Playoffs,,Deoxys-Geschwindigkeit,deoxysgeschwindigkeit,deoxysspeed,Bene,bene,Wackel Backel,wackelbackel,sheet_extracted,https://docs.google.com/spreadsheets/d/13smsrG2BGYxr_omJWcgr-sUDr39bvOJPNL5RPt4DSow/edit#gid=71150222;https://docs.google.com/spreadsheets/d/13smsrG2BGYxr_omJWcgr-sUDr39bvOJPNL5RPt4DSow/edit#gid=1215904780;https://docs.google.com/spreadsheets/d/13smsrG2BGYxr_omJWcgr-sUDr39bvOJPNL5RPt4DSow/edit#gid=1953790464
season_010,Regular Season,regular,Deoxys-Geschwindigkeit,deoxysgeschwindigkeit,deoxysspeed,Bene,bene,Wackel Backel,wackelbackel,sheet_extracted,https://docs.google.com/spreadsheets/d/13smsrG2BGYxr_omJWcgr-sUDr39bvOJPNL5RPt4DSow/edit#gid=1934543062;https://docs.google.com/spreadsheets/d/13smsrG2BGYxr_omJWcgr-sUDr39bvOJPNL5RPt4DSow/edit#gid=1465731937
season_010,Playoffs,playoffs,Eisenrad,eisenrad,irontreads,Bene,bene,Wackel Backel,wackelbackel,sheet_extracted,https://docs.google.com/spreadsheets/d/13smsrG2BGYxr_omJWcgr-sUDr39bvOJPNL5RPt4DSow/edit#gid=71150222;https://docs.google.com/spreadsheets/d/13smsrG2BGYxr_omJWcgr-sUDr39bvOJPNL5RPt4DSow/edit#gid=1215904780;https://docs.google.com/spreadsheets/d/13smsrG2BGYxr_omJWcgr-sUDr39bvOJPNL5RPt4DSow/edit#gid=1953790464;https://docs.google.com/spreadsheets/d/13smsrG2BGYxr_omJWcgr-sUDr39bvOJPNL5RPt4DSow/edit#gid=171349938
season_010,Playoffs,playoffs,Gastrodon,gastrodon,gastrodon,Bene,bene,Wackel Backel,wackelbackel,sheet_extracted,https://docs.google.com/spreadsheets/d/13smsrG2BGYxr_omJWcgr-sUDr39bvOJPNL5RPt4DSow/edit#gid=71150222;https://docs.google.com/spreadsheets/d/13smsrG2BGYxr_omJWcgr-sUDr39bvOJPNL5RPt4DSow/edit#gid=1215904780;https://docs.google.com/spreadsheets/d/13smsrG2BGYxr_omJWcgr-sUDr39bvOJPNL5RPt4DSow/edit#gid=1953790464;https://docs.google.com/spreadsheets/d/13smsrG2BGYxr_omJWcgr-sUDr39bvOJPNL5RPt4DSow/edit#gid=171349938
season_010,Regular Season,regular,Gastrodon,gastrodon,gastrodon,Bene,bene,Wackel Backel,wackelbackel,sheet_extracted,https://docs.google.com/spreadsheets/d/13smsrG2BGYxr_omJWcgr-sUDr39bvOJPNL5RPt4DSow/edit#gid=1934543062;https://docs.google.com/spreadsheets/d/13smsrG2BGYxr_omJWcgr-sUDr39bvOJPNL5RPt4DSow/edit#gid=1465731937
season_010,Playoffs,playoffs,Giflor,giflor,vileplume,Bene,bene,Wackel Backel,wackelbackel,sheet_extracted,https://docs.google.com/spreadsheets/d/13smsrG2BGYxr_omJWcgr-sUDr39bvOJPNL5RPt4DSow/edit#gid=71150222;https://docs.google.com/spreadsheets/d/13smsrG2BGYxr_omJWcgr-sUDr39bvOJPNL5RPt4DSow/edit#gid=1215904780;https://docs.google.com/spreadsheets/d/13smsrG2BGYxr_omJWcgr-sUDr39bvOJPNL5RPt4DSow/edit#gid=1953790464;https://docs.google.com/spreadsheets/d/13smsrG2BGYxr_omJWcgr-sUDr39bvOJPNL5RPt4DSow/edit#gid=171349938
season_010,Regular Season,regular,Giflor,giflor,vileplume,Bene,bene,Wackel Backel,wackelbackel,sheet_extracted,https://docs.google.com/spreadsheets/d/13smsrG2BGYxr_omJWcgr-sUDr39bvOJPNL5RPt4DSow/edit#gid=1934543062;https://docs.google.com/spreadsheets/d/13smsrG2BGYxr_omJWcgr-sUDr39bvOJPNL5RPt4DSow/edit#gid=1465731937
season_010,Playoffs,,Granforgita,granforgita,tinkaton,Bene,bene,Wackel Backel,wackelbackel,sheet_extracted,https://docs.google.com/spreadsheets/d/13smsrG2BGYxr_omJWcgr-sUDr39bvOJPNL5RPt4DSow/edit#gid=71150222;https://docs.google.com/spreadsheets/d/13smsrG2BGYxr_omJWcgr-sUDr39bvOJPNL5RPt4DSow/edit#gid=1215904780;https://docs.google.com/spreadsheets/d/13smsrG2BGYxr_omJWcgr-sUDr39bvOJPNL5RPt4DSow/edit#gid=1953790464
season_010,Regular Season,regular,Granforgita,granforgita,tinkaton,Bene,bene,Wackel Backel,wackelbackel,sheet_extracted,https://docs.google.com/spreadsheets/d/13smsrG2BGYxr_omJWcgr-sUDr39bvOJPNL5RPt4DSow/edit#gid=1934543062;https://docs.google.com/spreadsheets/d/13smsrG2BGYxr_omJWcgr-sUDr39bvOJPNL5RPt4DSow/edit#gid=1465731937
season_010,Playoffs,playoffs,Ogerpon-Gestein,ogerpongestein,ogerponcornerstone,Bene,bene,Wackel Backel,wackelbackel,sheet_extracted,https://docs.google.com/spreadsheets/d/13smsrG2BGYxr_omJWcgr-sUDr39bvOJPNL5RPt4DSow/edit#gid=71150222;https://docs.google.com/spreadsheets/d/13smsrG2BGYxr_omJWcgr-sUDr39bvOJPNL5RPt4DSow/edit#gid=1215904780;https://docs.google.com/spreadsheets/d/13smsrG2BGYxr_omJWcgr-sUDr39bvOJPNL5RPt4DSow/edit#gid=1953790464;https://docs.google.com/spreadsheets/d/13smsrG2BGYxr_omJWcgr-sUDr39bvOJPNL5RPt4DSow/edit#gid=171349938
season_010,Regular Season,regular,Ogerpon-Gestein,ogerpongestein,ogerponcornerstone,Bene,bene,Wackel Backel,wackelbackel,sheet_extracted,https://docs.google.com/spreadsheets/d/13smsrG2BGYxr_omJWcgr-sUDr39bvOJPNL5RPt4DSow/edit#gid=1934543062;https://docs.google.com/spreadsheets/d/13smsrG2BGYxr_omJWcgr-sUDr39bvOJPNL5RPt4DSow/edit#gid=1465731937
season_010,Playoffs,playoffs,Pixi,pixi,clefable,Bene,bene,Wackel Backel,wackelbackel,sheet_extracted,https://docs.google.com/spreadsheets/d/13smsrG2BGYxr_omJWcgr-sUDr39bvOJPNL5RPt4DSow/edit#gid=71150222;https://docs.google.com/spreadsheets/d/13smsrG2BGYxr_omJWcgr-sUDr39bvOJPNL5RPt4DSow/edit#gid=1215904780;https://docs.google.com/spreadsheets/d/13smsrG2BGYxr_omJWcgr-sUDr39bvOJPNL5RPt4DSow/edit#gid=1953790464;https://docs.google.com/spreadsheets/d/13smsrG2BGYxr_omJWcgr-sUDr39bvOJPNL5RPt4DSow/edit#gid=171349938
season_010,Playoffs,playoffs,Selfe,selfe,uxie,Bene,bene,Wackel Backel,wackelbackel,sheet_extracted,https://docs.google.com/spreadsheets/d/13smsrG2BGYxr_omJWcgr-sUDr39bvOJPNL5RPt4DSow/edit#gid=71150222;https://docs.google.com/spreadsheets/d/13smsrG2BGYxr_omJWcgr-sUDr39bvOJPNL5RPt4DSow/edit#gid=1215904780;https://docs.google.com/spreadsheets/d/13smsrG2BGYxr_omJWcgr-sUDr39bvOJPNL5RPt4DSow/edit#gid=1953790464;https://docs.google.com/spreadsheets/d/13smsrG2BGYxr_omJWcgr-sUDr39bvOJPNL5RPt4DSow/edit#gid=171349938
season_010,Playoffs,playoffs,UHaFnir,uhafnir,noivern,Bene,bene,Wackel Backel,wackelbackel,sheet_extracted,https://docs.google.com/spreadsheets/d/13smsrG2BGYxr_omJWcgr-sUDr39bvOJPNL5RPt4DSow/edit#gid=71150222;https://docs.google.com/spreadsheets/d/13smsrG2BGYxr_omJWcgr-sUDr39bvOJPNL5RPt4DSow/edit#gid=1215904780;https://docs.google.com/spreadsheets/d/13smsrG2BGYxr_omJWcgr-sUDr39bvOJPNL5RPt4DSow/edit#gid=1953790464;https://docs.google.com/spreadsheets/d/13smsrG2BGYxr_omJWcgr-sUDr39bvOJPNL5RPt4DSow/edit#gid=171349938
season_010,Regular Season,regular,UHaFnir,uhafnir,noivern,Bene,bene,Wackel Backel,wackelbackel,sheet_extracted,https://docs.google.com/spreadsheets/d/13smsrG2BGYxr_omJWcgr-sUDr39bvOJPNL5RPt4DSow/edit#gid=1934543062;https://docs.google.com/spreadsheets/d/13smsrG2BGYxr_omJWcgr-sUDr39bvOJPNL5RPt4DSow/edit#gid=1465731937
season_010,Playoffs,playoffs,Volcanion,volcanion,volcanion,Bene,bene,Wackel Backel,wackelbackel,sheet_extracted,https://docs.google.com/spreadsheets/d/13smsrG2BGYxr_omJWcgr-sUDr39bvOJPNL5RPt4DSow/edit#gid=71150222;https://docs.google.com/spreadsheets/d/13smsrG2BGYxr_omJWcgr-sUDr39bvOJPNL5RPt4DSow/edit#gid=1215904780;https://docs.google.com/spreadsheets/d/13smsrG2BGYxr_omJWcgr-sUDr39bvOJPNL5RPt4DSow/edit#gid=1953790464;https://docs.google.com/spreadsheets/d/13smsrG2BGYxr_omJWcgr-sUDr39bvOJPNL5RPt4DSow/edit#gid=171349938
season_010,Playoffs,playoffs,Voltolos-I,voltolosi,thundurus,Bene,bene,Wackel Backel,wackelbackel,sheet_extracted,https://docs.google.com/spreadsheets/d/13smsrG2BGYxr_omJWcgr-sUDr39bvOJPNL5RPt4DSow/edit#gid=71150222;https://docs.google.com/spreadsheets/d/13smsrG2BGYxr_omJWcgr-sUDr39bvOJPNL5RPt4DSow/edit#gid=1215904780;https://docs.google.com/spreadsheets/d/13smsrG2BGYxr_omJWcgr-sUDr39bvOJPNL5RPt4DSow/edit#gid=1953790464;https://docs.google.com/spreadsheets/d/13smsrG2BGYxr_omJWcgr-sUDr39bvOJPNL5RPt4DSow/edit#gid=171349938
season_010,Regular Season,regular,Axantor,axantor,kleavor,Blocki,blocki,Kastanienbomber,kastanienbomber,sheet_extracted,https://docs.google.com/spreadsheets/d/13smsrG2BGYxr_omJWcgr-sUDr39bvOJPNL5RPt4DSow/edit#gid=1934543062;https://docs.google.com/spreadsheets/d/13smsrG2BGYxr_omJWcgr-sUDr39bvOJPNL5RPt4DSow/edit#gid=1465731937
season_010,Regular Season,regular,Boreos-T,boreost,tornadustherian,Blocki,blocki,Kastanienbomber,kastanienbomber,sheet_extracted,https://docs.google.com/spreadsheets/d/13smsrG2BGYxr_omJWcgr-sUDr39bvOJPNL5RPt4DSow/edit#gid=1934543062;https://docs.google.com/spreadsheets/d/13smsrG2BGYxr_omJWcgr-sUDr39bvOJPNL5RPt4DSow/edit#gid=1465731937
season_010,Regular Season,regular,Calamanero,calamanero,malamar,Blocki,blocki,Kastanienbomber,kastanienbomber,sheet_extracted,https://docs.google.com/spreadsheets/d/13smsrG2BGYxr_omJWcgr-sUDr39bvOJPNL5RPt4DSow/edit#gid=1934543062;https://docs.google.com/spreadsheets/d/13smsrG2BGYxr_omJWcgr-sUDr39bvOJPNL5RPt4DSow/edit#gid=1465731937
season_010,Regular Season,regular,Diancie,diancie,diancie,Blocki,blocki,Kastanienbomber,kastanienbomber,sheet_extracted,https://docs.google.com/spreadsheets/d/13smsrG2BGYxr_omJWcgr-sUDr39bvOJPNL5RPt4DSow/edit#gid=1934543062;https://docs.google.com/spreadsheets/d/13smsrG2BGYxr_omJWcgr-sUDr39bvOJPNL5RPt4DSow/edit#gid=1465731937
season_010,Regular Season,regular,Donphan,donphan,donphan,Blocki,blocki,Kastanienbomber,kastanienbomber,sheet_extracted,https://docs.google.com/spreadsheets/d/13smsrG2BGYxr_omJWcgr-sUDr39bvOJPNL5RPt4DSow/edit#gid=1934543062;https://docs.google.com/spreadsheets/d/13smsrG2BGYxr_omJWcgr-sUDr39bvOJPNL5RPt4DSow/edit#gid=1465731937
season_010,Regular Season,regular,Galar Lahmus,galarlahmus,slowbrogalar,Blocki,blocki,Kastanienbomber,kastanienbomber,sheet_extracted,https://docs.google.com/spreadsheets/d/13smsrG2BGYxr_omJWcgr-sUDr39bvOJPNL5RPt4DSow/edit#gid=1934543062;https://docs.google.com/spreadsheets/d/13smsrG2BGYxr_omJWcgr-sUDr39bvOJPNL5RPt4DSow/edit#gid=1465731937
season_010,Regular Season,regular,Hisui Viscogon,hisuiviscogon,goodrahisui,Blocki,blocki,Kastanienbomber,kastanienbomber,sheet_extracted,https://docs.google.com/spreadsheets/d/13smsrG2BGYxr_omJWcgr-sUDr39bvOJPNL5RPt4DSow/edit#gid=1934543062;https://docs.google.com/spreadsheets/d/13smsrG2BGYxr_omJWcgr-sUDr39bvOJPNL5RPt4DSow/edit#gid=1465731937
season_010,Regular Season,regular,Ogerpon,ogerpon,ogerpon,Blocki,blocki,Kastanienbomber,kastanienbomber,sheet_extracted,https://docs.google.com/spreadsheets/d/13smsrG2BGYxr_omJWcgr-sUDr39bvOJPNL5RPt4DSow/edit#gid=1934543062;https://docs.google.com/spreadsheets/d/13smsrG2BGYxr_omJWcgr-sUDr39bvOJPNL5RPt4DSow/edit#gid=1465731937
season_010,Regular Season,regular,Panferno,panferno,infernape,Blocki,blocki,Kastanienbomber,kastanienbomber,sheet_extracted,https://docs.google.com/spreadsheets/d/13smsrG2BGYxr_omJWcgr-sUDr39bvOJPNL5RPt4DSow/edit#gid=1934543062;https://docs.google.com/spreadsheets/d/13smsrG2BGYxr_omJWcgr-sUDr39bvOJPNL5RPt4DSow/edit#gid=1465731937
season_010,Regular Season,regular,Rotom,rotom,rotom,Blocki,blocki,Kastanienbomber,kastanienbomber,sheet_extracted,https://docs.google.com/spreadsheets/d/13smsrG2BGYxr_omJWcgr-sUDr39bvOJPNL5RPt4DSow/edit#gid=1934543062;https://docs.google.com/spreadsheets/d/13smsrG2BGYxr_omJWcgr-sUDr39bvOJPNL5RPt4DSow/edit#gid=1465731937
season_010,Regular Season,regular,Suicune,suicune,suicune,Blocki,blocki,Kastanienbomber,kastanienbomber,sheet_extracted,https://docs.google.com/spreadsheets/d/13smsrG2BGYxr_omJWcgr-sUDr39bvOJPNL5RPt4DSow/edit#gid=1934543062;https://docs.google.com/spreadsheets/d/13smsrG2BGYxr_omJWcgr-sUDr39bvOJPNL5RPt4DSow/edit#gid=1465731937
season_010,Playoffs,playoffs,Ambidiffel,ambidiffel,ambipom,Dauni,daunidaunstar,Pfundskerle,pfundskerle,sheet_extracted,https://docs.google.com/spreadsheets/d/13smsrG2BGYxr_omJWcgr-sUDr39bvOJPNL5RPt4DSow/edit#gid=71150222;https://docs.google.com/spreadsheets/d/13smsrG2BGYxr_omJWcgr-sUDr39bvOJPNL5RPt4DSow/edit#gid=1215904780;https://docs.google.com/spreadsheets/d/13smsrG2BGYxr_omJWcgr-sUDr39bvOJPNL5RPt4DSow/edit#gid=1953790464;https://docs.google.com/spreadsheets/d/13smsrG2BGYxr_omJWcgr-sUDr39bvOJPNL5RPt4DSow/edit#gid=171349938
season_010,Regular Season,regular,Ambidiffel,ambidiffel,ambipom,Dauni,daunidaunstar,Pfundskerle,pfundskerle,sheet_extracted,https://docs.google.com/spreadsheets/d/13smsrG2BGYxr_omJWcgr-sUDr39bvOJPNL5RPt4DSow/edit#gid=1934543062;https://docs.google.com/spreadsheets/d/13smsrG2BGYxr_omJWcgr-sUDr39bvOJPNL5RPt4DSow/edit#gid=1465731937
season_010,Playoffs,playoffs,Crimanzo,crimanzo,armarouge,Dauni,daunidaunstar,Pfundskerle,pfundskerle,sheet_extracted,https://docs.google.com/spreadsheets/d/13smsrG2BGYxr_omJWcgr-sUDr39bvOJPNL5RPt4DSow/edit#gid=71150222;https://docs.google.com/spreadsheets/d/13smsrG2BGYxr_omJWcgr-sUDr39bvOJPNL5RPt4DSow/edit#gid=1215904780;https://docs.google.com/spreadsheets/d/13smsrG2BGYxr_omJWcgr-sUDr39bvOJPNL5RPt4DSow/edit#gid=1953790464;https://docs.google.com/spreadsheets/d/13smsrG2BGYxr_omJWcgr-sUDr39bvOJPNL5RPt4DSow/edit#gid=171349938
season_010,Regular Season,regular,Crimanzo,crimanzo,armarouge,Dauni,daunidaunstar,Pfundskerle,pfundskerle,sheet_extracted,https://docs.google.com/spreadsheets/d/13smsrG2BGYxr_omJWcgr-sUDr39bvOJPNL5RPt4DSow/edit#gid=1934543062;https://docs.google.com/spreadsheets/d/13smsrG2BGYxr_omJWcgr-sUDr39bvOJPNL5RPt4DSow/edit#gid=1465731937
season_010,Playoffs,playoffs,Donnersichel,donnersichel,roaringmoon,Dauni,daunidaunstar,Pfundskerle,pfundskerle,sheet_extracted,https://docs.google.com/spreadsheets/d/13smsrG2BGYxr_omJWcgr-sUDr39bvOJPNL5RPt4DSow/edit#gid=71150222;https://docs.google.com/spreadsheets/d/13smsrG2BGYxr_omJWcgr-sUDr39bvOJPNL5RPt4DSow/edit#gid=1215904780;https://docs.google.com/spreadsheets/d/13smsrG2BGYxr_omJWcgr-sUDr39bvOJPNL5RPt4DSow/edit#gid=1953790464;https://docs.google.com/spreadsheets/d/13smsrG2BGYxr_omJWcgr-sUDr39bvOJPNL5RPt4DSow/edit#gid=171349938
season_010,Regular Season,regular,Donnersichel,donnersichel,roaringmoon,Dauni,daunidaunstar,Pfundskerle,pfundskerle,sheet_extracted,https://docs.google.com/spreadsheets/d/13smsrG2BGYxr_omJWcgr-sUDr39bvOJPNL5RPt4DSow/edit#gid=1934543062;https://docs.google.com/spreadsheets/d/13smsrG2BGYxr_omJWcgr-sUDr39bvOJPNL5RPt4DSow/edit#gid=1465731937
season_010,Playoffs,playoffs,Krarmor,krarmor,corviknight,Dauni,daunidaunstar,Pfundskerle,pfundskerle,sheet_extracted,https://docs.google.com/spreadsheets/d/13smsrG2BGYxr_omJWcgr-sUDr39bvOJPNL5RPt4DSow/edit#gid=71150222;https://docs.google.com/spreadsheets/d/13smsrG2BGYxr_omJWcgr-sUDr39bvOJPNL5RPt4DSow/edit#gid=1215904780;https://docs.google.com/spreadsheets/d/13smsrG2BGYxr_omJWcgr-sUDr39bvOJPNL5RPt4DSow/edit#gid=1953790464;https://docs.google.com/spreadsheets/d/13smsrG2BGYxr_omJWcgr-sUDr39bvOJPNL5RPt4DSow/edit#gid=171349938
season_010,Playoffs,,Myriador,myriador,overqwil,Dauni,daunidaunstar,Pfundskerle,pfundskerle,sheet_extracted,https://docs.google.com/spreadsheets/d/13smsrG2BGYxr_omJWcgr-sUDr39bvOJPNL5RPt4DSow/edit#gid=71150222;https://docs.google.com/spreadsheets/d/13smsrG2BGYxr_omJWcgr-sUDr39bvOJPNL5RPt4DSow/edit#gid=1215904780;https://docs.google.com/spreadsheets/d/13smsrG2BGYxr_omJWcgr-sUDr39bvOJPNL5RPt4DSow/edit#gid=1953790464
season_010,Regular Season,regular,Myriador,myriador,overqwil,Dauni,daunidaunstar,Pfundskerle,pfundskerle,sheet_extracted,https://docs.google.com/spreadsheets/d/13smsrG2BGYxr_omJWcgr-sUDr39bvOJPNL5RPt4DSow/edit#gid=1934543062;https://docs.google.com/spreadsheets/d/13smsrG2BGYxr_omJWcgr-sUDr39bvOJPNL5RPt4DSow/edit#gid=1465731937
season_010,Playoffs,playoffs,Ogerpon,ogerpon,ogerpon,Dauni,daunidaunstar,Pfundskerle,pfundskerle,sheet_extracted,https://docs.google.com/spreadsheets/d/13smsrG2BGYxr_omJWcgr-sUDr39bvOJPNL5RPt4DSow/edit#gid=71150222;https://docs.google.com/spreadsheets/d/13smsrG2BGYxr_omJWcgr-sUDr39bvOJPNL5RPt4DSow/edit#gid=1215904780;https://docs.google.com/spreadsheets/d/13smsrG2BGYxr_omJWcgr-sUDr39bvOJPNL5RPt4DSow/edit#gid=1953790464;https://docs.google.com/spreadsheets/d/13smsrG2BGYxr_omJWcgr-sUDr39bvOJPNL5RPt4DSow/edit#gid=171349938
season_010,Playoffs,playoffs,Primarene,primarene,primarina,Dauni,daunidaunstar,Pfundskerle,pfundskerle,sheet_extracted,https://docs.google.com/spreadsheets/d/13smsrG2BGYxr_omJWcgr-sUDr39bvOJPNL5RPt4DSow/edit#gid=71150222;https://docs.google.com/spreadsheets/d/13smsrG2BGYxr_omJWcgr-sUDr39bvOJPNL5RPt4DSow/edit#gid=1215904780;https://docs.google.com/spreadsheets/d/13smsrG2BGYxr_omJWcgr-sUDr39bvOJPNL5RPt4DSow/edit#gid=1953790464;https://docs.google.com/spreadsheets/d/13smsrG2BGYxr_omJWcgr-sUDr39bvOJPNL5RPt4DSow/edit#gid=171349938
season_010,Regular Season,regular,Primarene,primarene,primarina,Dauni,daunidaunstar,Pfundskerle,pfundskerle,sheet_extracted,https://docs.google.com/spreadsheets/d/13smsrG2BGYxr_omJWcgr-sUDr39bvOJPNL5RPt4DSow/edit#gid=1934543062;https://docs.google.com/spreadsheets/d/13smsrG2BGYxr_omJWcgr-sUDr39bvOJPNL5RPt4DSow/edit#gid=1465731937
season_010,Playoffs,playoffs,Sandfell,sandfell,sandyshocks,Dauni,daunidaunstar,Pfundskerle,pfundskerle,sheet_extracted,https://docs.google.com/spreadsheets/d/13smsrG2BGYxr_omJWcgr-sUDr39bvOJPNL5RPt4DSow/edit#gid=71150222;https://docs.google.com/spreadsheets/d/13smsrG2BGYxr_omJWcgr-sUDr39bvOJPNL5RPt4DSow/edit#gid=1215904780;https://docs.google.com/spreadsheets/d/13smsrG2BGYxr_omJWcgr-sUDr39bvOJPNL5RPt4DSow/edit#gid=1953790464;https://docs.google.com/spreadsheets/d/13smsrG2BGYxr_omJWcgr-sUDr39bvOJPNL5RPt4DSow/edit#gid=171349938
season_010,Playoffs,,Scherox,scherox,scizor,Dauni,daunidaunstar,Pfundskerle,pfundskerle,sheet_extracted,https://docs.google.com/spreadsheets/d/13smsrG2BGYxr_omJWcgr-sUDr39bvOJPNL5RPt4DSow/edit#gid=71150222;https://docs.google.com/spreadsheets/d/13smsrG2BGYxr_omJWcgr-sUDr39bvOJPNL5RPt4DSow/edit#gid=1215904780;https://docs.google.com/spreadsheets/d/13smsrG2BGYxr_omJWcgr-sUDr39bvOJPNL5RPt4DSow/edit#gid=1953790464
season_010,Regular Season,regular,Scherox,scherox,scizor,Dauni,daunidaunstar,Pfundskerle,pfundskerle,sheet_extracted,https://docs.google.com/spreadsheets/d/13smsrG2BGYxr_omJWcgr-sUDr39bvOJPNL5RPt4DSow/edit#gid=1934543062;https://docs.google.com/spreadsheets/d/13smsrG2BGYxr_omJWcgr-sUDr39bvOJPNL5RPt4DSow/edit#gid=1465731937
season_010,Playoffs,,Tenterra,tenterra,toedscruel,Dauni,daunidaunstar,Pfundskerle,pfundskerle,sheet_extracted,https://docs.google.com/spreadsheets/d/13smsrG2BGYxr_omJWcgr-sUDr39bvOJPNL5RPt4DSow/edit#gid=71150222;https://docs.google.com/spreadsheets/d/13smsrG2BGYxr_omJWcgr-sUDr39bvOJPNL5RPt4DSow/edit#gid=1215904780;https://docs.google.com/spreadsheets/d/13smsrG2BGYxr_omJWcgr-sUDr39bvOJPNL5RPt4DSow/edit#gid=1953790464
season_010,Regular Season,regular,Tenterra,tenterra,toedscruel,Dauni,daunidaunstar,Pfundskerle,pfundskerle,sheet_extracted,https://docs.google.com/spreadsheets/d/13smsrG2BGYxr_omJWcgr-sUDr39bvOJPNL5RPt4DSow/edit#gid=1934543062;https://docs.google.com/spreadsheets/d/13smsrG2BGYxr_omJWcgr-sUDr39bvOJPNL5RPt4DSow/edit#gid=1465731937
season_010,Playoffs,playoffs,Terrakium,terrakium,terrakion,Dauni,daunidaunstar,Pfundskerle,pfundskerle,sheet_extracted,https://docs.google.com/spreadsheets/d/13smsrG2BGYxr_omJWcgr-sUDr39bvOJPNL5RPt4DSow/edit#gid=71150222;https://docs.google.com/spreadsheets/d/13smsrG2BGYxr_omJWcgr-sUDr39bvOJPNL5RPt4DSow/edit#gid=1215904780;https://docs.google.com/spreadsheets/d/13smsrG2BGYxr_omJWcgr-sUDr39bvOJPNL5RPt4DSow/edit#gid=1953790464;https://docs.google.com/spreadsheets/d/13smsrG2BGYxr_omJWcgr-sUDr39bvOJPNL5RPt4DSow/edit#gid=171349938
season_010,Regular Season,regular,Terrakium,terrakium,terrakion,Dauni,daunidaunstar,Pfundskerle,pfundskerle,sheet_extracted,https://docs.google.com/spreadsheets/d/13smsrG2BGYxr_omJWcgr-sUDr39bvOJPNL5RPt4DSow/edit#gid=1934543062;https://docs.google.com/spreadsheets/d/13smsrG2BGYxr_omJWcgr-sUDr39bvOJPNL5RPt4DSow/edit#gid=1465731937
season_010,Playoffs,playoffs,Trombork,trombork,trevenant,Dauni,daunidaunstar,Pfundskerle,pfundskerle,sheet_extracted,https://docs.google.com/spreadsheets/d/13smsrG2BGYxr_omJWcgr-sUDr39bvOJPNL5RPt4DSow/edit#gid=71150222;https://docs.google.com/spreadsheets/d/13smsrG2BGYxr_omJWcgr-sUDr39bvOJPNL5RPt4DSow/edit#gid=1215904780;https://docs.google.com/spreadsheets/d/13smsrG2BGYxr_omJWcgr-sUDr39bvOJPNL5RPt4DSow/edit#gid=1953790464;https://docs.google.com/spreadsheets/d/13smsrG2BGYxr_omJWcgr-sUDr39bvOJPNL5RPt4DSow/edit#gid=171349938
season_010,Playoffs,playoffs,Vesprit,vesprit,mesprit,Dauni,daunidaunstar,Pfundskerle,pfundskerle,sheet_extracted,https://docs.google.com/spreadsheets/d/13smsrG2BGYxr_omJWcgr-sUDr39bvOJPNL5RPt4DSow/edit#gid=71150222;https://docs.google.com/spreadsheets/d/13smsrG2BGYxr_omJWcgr-sUDr39bvOJPNL5RPt4DSow/edit#gid=1215904780;https://docs.google.com/spreadsheets/d/13smsrG2BGYxr_omJWcgr-sUDr39bvOJPNL5RPt4DSow/edit#gid=1953790464;https://docs.google.com/spreadsheets/d/13smsrG2BGYxr_omJWcgr-sUDr39bvOJPNL5RPt4DSow/edit#gid=171349938
season_010,Regular Season,regular,Vesprit,vesprit,mesprit,Dauni,daunidaunstar,Pfundskerle,pfundskerle,sheet_extracted,https://docs.google.com/spreadsheets/d/13smsrG2BGYxr_omJWcgr-sUDr39bvOJPNL5RPt4DSow/edit#gid=1934543062;https://docs.google.com/spreadsheets/d/13smsrG2BGYxr_omJWcgr-sUDr39bvOJPNL5RPt4DSow/edit#gid=1465731937
season_010,Playoffs,,Zapdos,zapdos,zapdos,Dauni,daunidaunstar,Pfundskerle,pfundskerle,sheet_extracted,https://docs.google.com/spreadsheets/d/13smsrG2BGYxr_omJWcgr-sUDr39bvOJPNL5RPt4DSow/edit#gid=71150222;https://docs.google.com/spreadsheets/d/13smsrG2BGYxr_omJWcgr-sUDr39bvOJPNL5RPt4DSow/edit#gid=1215904780;https://docs.google.com/spreadsheets/d/13smsrG2BGYxr_omJWcgr-sUDr39bvOJPNL5RPt4DSow/edit#gid=1953790464
season_010,Regular Season,regular,Zapdos,zapdos,zapdos,Dauni,daunidaunstar,Pfundskerle,pfundskerle,sheet_extracted,https://docs.google.com/spreadsheets/d/13smsrG2BGYxr_omJWcgr-sUDr39bvOJPNL5RPt4DSow/edit#gid=1934543062;https://docs.google.com/spreadsheets/d/13smsrG2BGYxr_omJWcgr-sUDr39bvOJPNL5RPt4DSow/edit#gid=1465731937
season_010,Playoffs,playoffs,Zobiris,zobiris,sableye,Dauni,daunidaunstar,Pfundskerle,pfundskerle,sheet_extracted,https://docs.google.com/spreadsheets/d/13smsrG2BGYxr_omJWcgr-sUDr39bvOJPNL5RPt4DSow/edit#gid=71150222;https://docs.google.com/spreadsheets/d/13smsrG2BGYxr_omJWcgr-sUDr39bvOJPNL5RPt4DSow/edit#gid=1215904780;https://docs.google.com/spreadsheets/d/13smsrG2BGYxr_omJWcgr-sUDr39bvOJPNL5RPt4DSow/edit#gid=1953790464;https://docs.google.com/spreadsheets/d/13smsrG2BGYxr_omJWcgr-sUDr39bvOJPNL5RPt4DSow/edit#gid=171349938
season_010,Regular Season,regular,Zobiris,zobiris,sableye,Dauni,daunidaunstar,Pfundskerle,pfundskerle,sheet_extracted,https://docs.google.com/spreadsheets/d/13smsrG2BGYxr_omJWcgr-sUDr39bvOJPNL5RPt4DSow/edit#gid=1934543062;https://docs.google.com/spreadsheets/d/13smsrG2BGYxr_omJWcgr-sUDr39bvOJPNL5RPt4DSow/edit#gid=1465731937
season_010,Regular Season,regular,Bandelby,bandelby,ribombee,Domji,domji,Shining Legends,shininglegends,sheet_extracted,https://docs.google.com/spreadsheets/d/13smsrG2BGYxr_omJWcgr-sUDr39bvOJPNL5RPt4DSow/edit#gid=1934543062;https://docs.google.com/spreadsheets/d/13smsrG2BGYxr_omJWcgr-sUDr39bvOJPNL5RPt4DSow/edit#gid=1465731937
season_010,Regular Season,regular,Garados,garados,gyarados,Domji,domji,Shining Legends,shininglegends,sheet_extracted,https://docs.google.com/spreadsheets/d/13smsrG2BGYxr_omJWcgr-sUDr39bvOJPNL5RPt4DSow/edit#gid=1934543062;https://docs.google.com/spreadsheets/d/13smsrG2BGYxr_omJWcgr-sUDr39bvOJPNL5RPt4DSow/edit#gid=1465731937
season_010,Regular Season,regular,Gewaldro,gewaldro,sceptile,Domji,domji,Shining Legends,shininglegends,sheet_extracted,https://docs.google.com/spreadsheets/d/13smsrG2BGYxr_omJWcgr-sUDr39bvOJPNL5RPt4DSow/edit#gid=1934543062;https://docs.google.com/spreadsheets/d/13smsrG2BGYxr_omJWcgr-sUDr39bvOJPNL5RPt4DSow/edit#gid=1465731937
season_010,Regular Season,regular,Gladimperio,gladimperio,kingambit,Domji,domji,Shining Legends,shininglegends,sheet_extracted,https://docs.google.com/spreadsheets/d/13smsrG2BGYxr_omJWcgr-sUDr39bvOJPNL5RPt4DSow/edit#gid=1934543062;https://docs.google.com/spreadsheets/d/13smsrG2BGYxr_omJWcgr-sUDr39bvOJPNL5RPt4DSow/edit#gid=1465731937
season_010,Regular Season,regular,Gortrom,gortrom,rillaboom,Domji,domji,Shining Legends,shininglegends,sheet_extracted,https://docs.google.com/spreadsheets/d/13smsrG2BGYxr_omJWcgr-sUDr39bvOJPNL5RPt4DSow/edit#gid=1934543062;https://docs.google.com/spreadsheets/d/13smsrG2BGYxr_omJWcgr-sUDr39bvOJPNL5RPt4DSow/edit#gid=1465731937
season_010,Regular Season,regular,Kapoera,kapoera,hitmontop,Domji,domji,Shining Legends,shininglegends,sheet_extracted,https://docs.google.com/spreadsheets/d/13smsrG2BGYxr_omJWcgr-sUDr39bvOJPNL5RPt4DSow/edit#gid=1934543062;https://docs.google.com/spreadsheets/d/13smsrG2BGYxr_omJWcgr-sUDr39bvOJPNL5RPt4DSow/edit#gid=1465731937
season_010,Regular Season,regular,Mamutel,mamutel,mamoswine,Domji,domji,Shining Legends,shininglegends,sheet_extracted,https://docs.google.com/spreadsheets/d/13smsrG2BGYxr_omJWcgr-sUDr39bvOJPNL5RPt4DSow/edit#gid=1934543062;https://docs.google.com/spreadsheets/d/13smsrG2BGYxr_omJWcgr-sUDr39bvOJPNL5RPt4DSow/edit#gid=1465731937
season_010,Regular Season,regular,Pixi,pixi,clefable,Domji,domji,Shining Legends,shininglegends,sheet_extracted,https://docs.google.com/spreadsheets/d/13smsrG2BGYxr_omJWcgr-sUDr39bvOJPNL5RPt4DSow/edit#gid=1934543062;https://docs.google.com/spreadsheets/d/13smsrG2BGYxr_omJWcgr-sUDr39bvOJPNL5RPt4DSow/edit#gid=1465731937
season_010,Regular Season,regular,Psiana,psiana,espeon,Domji,domji,Shining Legends,shininglegends,sheet_extracted,https://docs.google.com/spreadsheets/d/13smsrG2BGYxr_omJWcgr-sUDr39bvOJPNL5RPt4DSow/edit#gid=1934543062;https://docs.google.com/spreadsheets/d/13smsrG2BGYxr_omJWcgr-sUDr39bvOJPNL5RPt4DSow/edit#gid=1465731937
season_010,Regular Season,regular,Skelabra,skelabra,chandelure,Domji,domji,Shining Legends,shininglegends,sheet_extracted,https://docs.google.com/spreadsheets/d/13smsrG2BGYxr_omJWcgr-sUDr39bvOJPNL5RPt4DSow/edit#gid=1934543062;https://docs.google.com/spreadsheets/d/13smsrG2BGYxr_omJWcgr-sUDr39bvOJPNL5RPt4DSow/edit#gid=1465731937
season_010,Regular Season,regular,Voltolos-T,voltolost,thundurustherian,Domji,domji,Shining Legends,shininglegends,sheet_extracted,https://docs.google.com/spreadsheets/d/13smsrG2BGYxr_omJWcgr-sUDr39bvOJPNL5RPt4DSow/edit#gid=1934543062;https://docs.google.com/spreadsheets/d/13smsrG2BGYxr_omJWcgr-sUDr39bvOJPNL5RPt4DSow/edit#gid=1465731937
season_010,Regular Season,regular,Britzigel,britzigel,pincurchin,KingBlex,kingblex,Cyber End Jugulis,cyberendjugulis,sheet_extracted,https://docs.google.com/spreadsheets/d/13smsrG2BGYxr_omJWcgr-sUDr39bvOJPNL5RPt4DSow/edit#gid=1934543062;https://docs.google.com/spreadsheets/d/13smsrG2BGYxr_omJWcgr-sUDr39bvOJPNL5RPt4DSow/edit#gid=1465731937
season_010,Regular Season,regular,Eisenhals,eisenhals,ironjugulis,KingBlex,kingblex,Cyber End Jugulis,cyberendjugulis,sheet_extracted,https://docs.google.com/spreadsheets/d/13smsrG2BGYxr_omJWcgr-sUDr39bvOJPNL5RPt4DSow/edit#gid=1934543062;https://docs.google.com/spreadsheets/d/13smsrG2BGYxr_omJWcgr-sUDr39bvOJPNL5RPt4DSow/edit#gid=1465731937
season_010,Regular Season,regular,Eisenhand,eisenhand,ironhands,KingBlex,kingblex,Cyber End Jugulis,cyberendjugulis,sheet_extracted,https://docs.google.com/spreadsheets/d/13smsrG2BGYxr_omJWcgr-sUDr39bvOJPNL5RPt4DSow/edit#gid=1934543062;https://docs.google.com/spreadsheets/d/13smsrG2BGYxr_omJWcgr-sUDr39bvOJPNL5RPt4DSow/edit#gid=1465731937
season_010,Regular Season,regular,Eisenrad,eisenrad,irontreads,KingBlex,kingblex,Cyber End Jugulis,cyberendjugulis,sheet_extracted,https://docs.google.com/spreadsheets/d/13smsrG2BGYxr_omJWcgr-sUDr39bvOJPNL5RPt4DSow/edit#gid=1934543062;https://docs.google.com/spreadsheets/d/13smsrG2BGYxr_omJWcgr-sUDr39bvOJPNL5RPt4DSow/edit#gid=1465731937
season_010,Regular Season,regular,Fruyal,fruyal,tsareena,KingBlex,kingblex,Cyber End Jugulis,cyberendjugulis,sheet_extracted,https://docs.google.com/spreadsheets/d/13smsrG2BGYxr_omJWcgr-sUDr39bvOJPNL5RPt4DSow/edit#gid=1934543062;https://docs.google.com/spreadsheets/d/13smsrG2BGYxr_omJWcgr-sUDr39bvOJPNL5RPt4DSow/edit#gid=1465731937
season_010,Regular Season,regular,Hisui Arkani,hisuiarkani,arcaninehisui,KingBlex,kingblex,Cyber End Jugulis,cyberendjugulis,sheet_extracted,https://docs.google.com/spreadsheets/d/13smsrG2BGYxr_omJWcgr-sUDr39bvOJPNL5RPt4DSow/edit#gid=1934543062;https://docs.google.com/spreadsheets/d/13smsrG2BGYxr_omJWcgr-sUDr39bvOJPNL5RPt4DSow/edit#gid=1465731937
season_010,Regular Season,regular,Hoopa-Entfesselt,hoopaentfesselt,hoopaunbound,KingBlex,kingblex,Cyber End Jugulis,cyberendjugulis,sheet_extracted,https://docs.google.com/spreadsheets/d/13smsrG2BGYxr_omJWcgr-sUDr39bvOJPNL5RPt4DSow/edit#gid=1934543062;https://docs.google.com/spreadsheets/d/13smsrG2BGYxr_omJWcgr-sUDr39bvOJPNL5RPt4DSow/edit#gid=1465731937
season_010,Regular Season,regular,Mimigma,mimigma,mimikyu,KingBlex,kingblex,Cyber End Jugulis,cyberendjugulis,sheet_extracted,https://docs.google.com/spreadsheets/d/13smsrG2BGYxr_omJWcgr-sUDr39bvOJPNL5RPt4DSow/edit#gid=1934543062;https://docs.google.com/spreadsheets/d/13smsrG2BGYxr_omJWcgr-sUDr39bvOJPNL5RPt4DSow/edit#gid=1465731937
season_010,Regular Season,regular,Pokusan,pokusan,alcremie,KingBlex,kingblex,Cyber End Jugulis,cyberendjugulis,sheet_extracted,https://docs.google.com/spreadsheets/d/13smsrG2BGYxr_omJWcgr-sUDr39bvOJPNL5RPt4DSow/edit#gid=1934543062;https://docs.google.com/spreadsheets/d/13smsrG2BGYxr_omJWcgr-sUDr39bvOJPNL5RPt4DSow/edit#gid=1465731937
season_010,Regular Season,regular,Porygon-Z,porygonz,porygonz,KingBlex,kingblex,Cyber End Jugulis,cyberendjugulis,sheet_extracted,https://docs.google.com/spreadsheets/d/13smsrG2BGYxr_omJWcgr-sUDr39bvOJPNL5RPt4DSow/edit#gid=1934543062;https://docs.google.com/spreadsheets/d/13smsrG2BGYxr_omJWcgr-sUDr39bvOJPNL5RPt4DSow/edit#gid=1465731937
season_010,Regular Season,regular,Tentoxa,tentoxa,tentacruel,KingBlex,kingblex,Cyber End Jugulis,cyberendjugulis,sheet_extracted,https://docs.google.com/spreadsheets/d/13smsrG2BGYxr_omJWcgr-sUDr39bvOJPNL5RPt4DSow/edit#gid=1934543062;https://docs.google.com/spreadsheets/d/13smsrG2BGYxr_omJWcgr-sUDr39bvOJPNL5RPt4DSow/edit#gid=1465731937
season_010,Playoffs,,Affiti,affiti,grafaiai,Minetube,minetube,Throes Mad,throesmad,sheet_extracted,https://docs.google.com/spreadsheets/d/13smsrG2BGYxr_omJWcgr-sUDr39bvOJPNL5RPt4DSow/edit#gid=71150222;https://docs.google.com/spreadsheets/d/13smsrG2BGYxr_omJWcgr-sUDr39bvOJPNL5RPt4DSow/edit#gid=1215904780;https://docs.google.com/spreadsheets/d/13smsrG2BGYxr_omJWcgr-sUDr39bvOJPNL5RPt4DSow/edit#gid=1953790464
season_010,Regular Season,regular,Affiti,affiti,grafaiai,Minetube,minetube,Throes Mad,throesmad,sheet_extracted,https://docs.google.com/spreadsheets/d/13smsrG2BGYxr_omJWcgr-sUDr39bvOJPNL5RPt4DSow/edit#gid=1934543062;https://docs.google.com/spreadsheets/d/13smsrG2BGYxr_omJWcgr-sUDr39bvOJPNL5RPt4DSow/edit#gid=1465731937
season_010,Playoffs,playoffs,Curelei,curelei,comfey,Minetube,minetube,Throes Mad,throesmad,sheet_extracted,https://docs.google.com/spreadsheets/d/13smsrG2BGYxr_omJWcgr-sUDr39bvOJPNL5RPt4DSow/edit#gid=71150222;https://docs.google.com/spreadsheets/d/13smsrG2BGYxr_omJWcgr-sUDr39bvOJPNL5RPt4DSow/edit#gid=1215904780;https://docs.google.com/spreadsheets/d/13smsrG2BGYxr_omJWcgr-sUDr39bvOJPNL5RPt4DSow/edit#gid=1953790464;https://docs.google.com/spreadsheets/d/13smsrG2BGYxr_omJWcgr-sUDr39bvOJPNL5RPt4DSow/edit#gid=171349938
season_010,Regular Season,regular,Curelei,curelei,comfey,Minetube,minetube,Throes Mad,throesmad,sheet_extracted,https://docs.google.com/spreadsheets/d/13smsrG2BGYxr_omJWcgr-sUDr39bvOJPNL5RPt4DSow/edit#gid=1934543062;https://docs.google.com/spreadsheets/d/13smsrG2BGYxr_omJWcgr-sUDr39bvOJPNL5RPt4DSow/edit#gid=1465731937
season_010,Playoffs,playoffs,Despotar,despotar,tyranitar,Minetube,minetube,Throes Mad,throesmad,sheet_extracted,https://docs.google.com/spreadsheets/d/13smsrG2BGYxr_omJWcgr-sUDr39bvOJPNL5RPt4DSow/edit#gid=71150222;https://docs.google.com/spreadsheets/d/13smsrG2BGYxr_omJWcgr-sUDr39bvOJPNL5RPt4DSow/edit#gid=1215904780;https://docs.google.com/spreadsheets/d/13smsrG2BGYxr_omJWcgr-sUDr39bvOJPNL5RPt4DSow/edit#gid=1953790464;https://docs.google.com/spreadsheets/d/13smsrG2BGYxr_omJWcgr-sUDr39bvOJPNL5RPt4DSow/edit#gid=171349938
season_010,Regular Season,regular,Despotar,despotar,tyranitar,Minetube,minetube,Throes Mad,throesmad,sheet_extracted,https://docs.google.com/spreadsheets/d/13smsrG2BGYxr_omJWcgr-sUDr39bvOJPNL5RPt4DSow/edit#gid=1934543062;https://docs.google.com/spreadsheets/d/13smsrG2BGYxr_omJWcgr-sUDr39bvOJPNL5RPt4DSow/edit#gid=1465731937
season_010,Playoffs,playoffs,Drifzepli,drifzepli,drifblim,Minetube,minetube,Throes Mad,throesmad,sheet_extracted,https://docs.google.com/spreadsheets/d/13smsrG2BGYxr_omJWcgr-sUDr39bvOJPNL5RPt4DSow/edit#gid=71150222;https://docs.google.com/spreadsheets/d/13smsrG2BGYxr_omJWcgr-sUDr39bvOJPNL5RPt4DSow/edit#gid=1215904780;https://docs.google.com/spreadsheets/d/13smsrG2BGYxr_omJWcgr-sUDr39bvOJPNL5RPt4DSow/edit#gid=1953790464;https://docs.google.com/spreadsheets/d/13smsrG2BGYxr_omJWcgr-sUDr39bvOJPNL5RPt4DSow/edit#gid=171349938
season_010,Playoffs,playoffs,Elevoltek,elevoltek,electivire,Minetube,minetube,Throes Mad,throesmad,sheet_extracted,https://docs.google.com/spreadsheets/d/13smsrG2BGYxr_omJWcgr-sUDr39bvOJPNL5RPt4DSow/edit#gid=71150222;https://docs.google.com/spreadsheets/d/13smsrG2BGYxr_omJWcgr-sUDr39bvOJPNL5RPt4DSow/edit#gid=1215904780;https://docs.google.com/spreadsheets/d/13smsrG2BGYxr_omJWcgr-sUDr39bvOJPNL5RPt4DSow/edit#gid=1953790464;https://docs.google.com/spreadsheets/d/13smsrG2BGYxr_omJWcgr-sUDr39bvOJPNL5RPt4DSow/edit#gid=171349938
season_010,Playoffs,playoffs,Grandiras,grandiras,kommoo,Minetube,minetube,Throes Mad,throesmad,sheet_extracted,https://docs.google.com/spreadsheets/d/13smsrG2BGYxr_omJWcgr-sUDr39bvOJPNL5RPt4DSow/edit#gid=71150222;https://docs.google.com/spreadsheets/d/13smsrG2BGYxr_omJWcgr-sUDr39bvOJPNL5RPt4DSow/edit#gid=1215904780;https://docs.google.com/spreadsheets/d/13smsrG2BGYxr_omJWcgr-sUDr39bvOJPNL5RPt4DSow/edit#gid=1953790464;https://docs.google.com/spreadsheets/d/13smsrG2BGYxr_omJWcgr-sUDr39bvOJPNL5RPt4DSow/edit#gid=171349938
season_010,Regular Season,regular,Grandiras,grandiras,kommoo,Minetube,minetube,Throes Mad,throesmad,sheet_extracted,https://docs.google.com/spreadsheets/d/13smsrG2BGYxr_omJWcgr-sUDr39bvOJPNL5RPt4DSow/edit#gid=1934543062;https://docs.google.com/spreadsheets/d/13smsrG2BGYxr_omJWcgr-sUDr39bvOJPNL5RPt4DSow/edit#gid=1465731937
season_010,Playoffs,playoffs,Maskagato,maskagato,meowscarada,Minetube,minetube,Throes Mad,throesmad,sheet_extracted,https://docs.google.com/spreadsheets/d/13smsrG2BGYxr_omJWcgr-sUDr39bvOJPNL5RPt4DSow/edit#gid=71150222;https://docs.google.com/spreadsheets/d/13smsrG2BGYxr_omJWcgr-sUDr39bvOJPNL5RPt4DSow/edit#gid=1215904780;https://docs.google.com/spreadsheets/d/13smsrG2BGYxr_omJWcgr-sUDr39bvOJPNL5RPt4DSow/edit#gid=1953790464;https://docs.google.com/spreadsheets/d/13smsrG2BGYxr_omJWcgr-sUDr39bvOJPNL5RPt4DSow/edit#gid=171349938
season_010,Regular Season,regular,Maskagato,maskagato,meowscarada,Minetube,minetube,Throes Mad,throesmad,sheet_extracted,https://docs.google.com/spreadsheets/d/13smsrG2BGYxr_omJWcgr-sUDr39bvOJPNL5RPt4DSow/edit#gid=1934543062;https://docs.google.com/spreadsheets/d/13smsrG2BGYxr_omJWcgr-sUDr39bvOJPNL5RPt4DSow/edit#gid=1465731937
season_010,Playoffs,,Mew,mew,mew,Minetube,minetube,Throes Mad,throesmad,sheet_extracted,https://docs.google.com/spreadsheets/d/13smsrG2BGYxr_omJWcgr-sUDr39bvOJPNL5RPt4DSow/edit#gid=71150222;https://docs.google.com/spreadsheets/d/13smsrG2BGYxr_omJWcgr-sUDr39bvOJPNL5RPt4DSow/edit#gid=1215904780;https://docs.google.com/spreadsheets/d/13smsrG2BGYxr_omJWcgr-sUDr39bvOJPNL5RPt4DSow/edit#gid=1953790464
season_010,Regular Season,regular,Mew,mew,mew,Minetube,minetube,Throes Mad,throesmad,sheet_extracted,https://docs.google.com/spreadsheets/d/13smsrG2BGYxr_omJWcgr-sUDr39bvOJPNL5RPt4DSow/edit#gid=1934543062;https://docs.google.com/spreadsheets/d/13smsrG2BGYxr_omJWcgr-sUDr39bvOJPNL5RPt4DSow/edit#gid=1465731937
season_010,Playoffs,playoffs,Milotic,milotic,milotic,Minetube,minetube,Throes Mad,throesmad,sheet_extracted,https://docs.google.com/spreadsheets/d/13smsrG2BGYxr_omJWcgr-sUDr39bvOJPNL5RPt4DSow/edit#gid=71150222;https://docs.google.com/spreadsheets/d/13smsrG2BGYxr_omJWcgr-sUDr39bvOJPNL5RPt4DSow/edit#gid=1215904780;https://docs.google.com/spreadsheets/d/13smsrG2BGYxr_omJWcgr-sUDr39bvOJPNL5RPt4DSow/edit#gid=1953790464;https://docs.google.com/spreadsheets/d/13smsrG2BGYxr_omJWcgr-sUDr39bvOJPNL5RPt4DSow/edit#gid=171349938
season_010,Regular Season,regular,Milotic,milotic,milotic,Minetube,minetube,Throes Mad,throesmad,sheet_extracted,https://docs.google.com/spreadsheets/d/13smsrG2BGYxr_omJWcgr-sUDr39bvOJPNL5RPt4DSow/edit#gid=1934543062;https://docs.google.com/spreadsheets/d/13smsrG2BGYxr_omJWcgr-sUDr39bvOJPNL5RPt4DSow/edit#gid=1465731937
season_010,Playoffs,playoffs,Panzaeron,panzaeron,skarmory,Minetube,minetube,Throes Mad,throesmad,sheet_extracted,https://docs.google.com/spreadsheets/d/13smsrG2BGYxr_omJWcgr-sUDr39bvOJPNL5RPt4DSow/edit#gid=71150222;https://docs.google.com/spreadsheets/d/13smsrG2BGYxr_omJWcgr-sUDr39bvOJPNL5RPt4DSow/edit#gid=1215904780;https://docs.google.com/spreadsheets/d/13smsrG2BGYxr_omJWcgr-sUDr39bvOJPNL5RPt4DSow/edit#gid=1953790464;https://docs.google.com/spreadsheets/d/13smsrG2BGYxr_omJWcgr-sUDr39bvOJPNL5RPt4DSow/edit#gid=171349938
season_010,Regular Season,regular,Panzaeron,panzaeron,skarmory,Minetube,minetube,Throes Mad,throesmad,sheet_extracted,https://docs.google.com/spreadsheets/d/13smsrG2BGYxr_omJWcgr-sUDr39bvOJPNL5RPt4DSow/edit#gid=1934543062;https://docs.google.com/spreadsheets/d/13smsrG2BGYxr_omJWcgr-sUDr39bvOJPNL5RPt4DSow/edit#gid=1465731937
season_010,Playoffs,playoffs,Ramoth,ramoth,volcarona,Minetube,minetube,Throes Mad,throesmad,sheet_extracted,https://docs.google.com/spreadsheets/d/13smsrG2BGYxr_omJWcgr-sUDr39bvOJPNL5RPt4DSow/edit#gid=71150222;https://docs.google.com/spreadsheets/d/13smsrG2BGYxr_omJWcgr-sUDr39bvOJPNL5RPt4DSow/edit#gid=1215904780;https://docs.google.com/spreadsheets/d/13smsrG2BGYxr_omJWcgr-sUDr39bvOJPNL5RPt4DSow/edit#gid=1953790464;https://docs.google.com/spreadsheets/d/13smsrG2BGYxr_omJWcgr-sUDr39bvOJPNL5RPt4DSow/edit#gid=171349938
season_010,Playoffs,playoffs,Stalobor,stalobor,excadrill,Minetube,minetube,Throes Mad,throesmad,sheet_extracted,https://docs.google.com/spreadsheets/d/13smsrG2BGYxr_omJWcgr-sUDr39bvOJPNL5RPt4DSow/edit#gid=71150222;https://docs.google.com/spreadsheets/d/13smsrG2BGYxr_omJWcgr-sUDr39bvOJPNL5RPt4DSow/edit#gid=1215904780;https://docs.google.com/spreadsheets/d/13smsrG2BGYxr_omJWcgr-sUDr39bvOJPNL5RPt4DSow/edit#gid=1953790464;https://docs.google.com/spreadsheets/d/13smsrG2BGYxr_omJWcgr-sUDr39bvOJPNL5RPt4DSow/edit#gid=171349938
season_010,Regular Season,regular,Stalobor,stalobor,excadrill,Minetube,minetube,Throes Mad,throesmad,sheet_extracted,https://docs.google.com/spreadsheets/d/13smsrG2BGYxr_omJWcgr-sUDr39bvOJPNL5RPt4DSow/edit#gid=1934543062;https://docs.google.com/spreadsheets/d/13smsrG2BGYxr_omJWcgr-sUDr39bvOJPNL5RPt4DSow/edit#gid=1465731937
season_010,Playoffs,playoffs,Toxiquak,toxiquak,toxicroak,Minetube,minetube,Throes Mad,throesmad,sheet_extracted,https://docs.google.com/spreadsheets/d/13smsrG2BGYxr_omJWcgr-sUDr39bvOJPNL5RPt4DSow/edit#gid=71150222;https://docs.google.com/spreadsheets/d/13smsrG2BGYxr_omJWcgr-sUDr39bvOJPNL5RPt4DSow/edit#gid=1215904780;https://docs.google.com/spreadsheets/d/13smsrG2BGYxr_omJWcgr-sUDr39bvOJPNL5RPt4DSow/edit#gid=1953790464;https://docs.google.com/spreadsheets/d/13smsrG2BGYxr_omJWcgr-sUDr39bvOJPNL5RPt4DSow/edit#gid=171349938
season_010,Regular Season,regular,Toxiquak,toxiquak,toxicroak,Minetube,minetube,Throes Mad,throesmad,sheet_extracted,https://docs.google.com/spreadsheets/d/13smsrG2BGYxr_omJWcgr-sUDr39bvOJPNL5RPt4DSow/edit#gid=1934543062;https://docs.google.com/spreadsheets/d/13smsrG2BGYxr_omJWcgr-sUDr39bvOJPNL5RPt4DSow/edit#gid=1465731937
season_010,Playoffs,,Traunfugil,traunfugil,misdreavus,Minetube,minetube,Throes Mad,throesmad,sheet_extracted,https://docs.google.com/spreadsheets/d/13smsrG2BGYxr_omJWcgr-sUDr39bvOJPNL5RPt4DSow/edit#gid=71150222;https://docs.google.com/spreadsheets/d/13smsrG2BGYxr_omJWcgr-sUDr39bvOJPNL5RPt4DSow/edit#gid=1215904780;https://docs.google.com/spreadsheets/d/13smsrG2BGYxr_omJWcgr-sUDr39bvOJPNL5RPt4DSow/edit#gid=1953790464
season_010,Regular Season,regular,Traunfugil,traunfugil,misdreavus,Minetube,minetube,Throes Mad,throesmad,sheet_extracted,https://docs.google.com/spreadsheets/d/13smsrG2BGYxr_omJWcgr-sUDr39bvOJPNL5RPt4DSow/edit#gid=1934543062;https://docs.google.com/spreadsheets/d/13smsrG2BGYxr_omJWcgr-sUDr39bvOJPNL5RPt4DSow/edit#gid=1465731937
season_010,Playoffs,playoffs,Alola Sleimok,alolasleimok,mukalola,Nestfloh,nestfloh,Böller Brüder,bollerbruder,sheet_extracted,https://docs.google.com/spreadsheets/d/13smsrG2BGYxr_omJWcgr-sUDr39bvOJPNL5RPt4DSow/edit#gid=71150222;https://docs.google.com/spreadsheets/d/13smsrG2BGYxr_omJWcgr-sUDr39bvOJPNL5RPt4DSow/edit#gid=1215904780;https://docs.google.com/spreadsheets/d/13smsrG2BGYxr_omJWcgr-sUDr39bvOJPNL5RPt4DSow/edit#gid=1953790464;https://docs.google.com/spreadsheets/d/13smsrG2BGYxr_omJWcgr-sUDr39bvOJPNL5RPt4DSow/edit#gid=171349938
season_010,Playoffs,playoffs,Arktilas,arktilas,avalugg,Nestfloh,nestfloh,Böller Brüder,bollerbruder,sheet_extracted,https://docs.google.com/spreadsheets/d/13smsrG2BGYxr_omJWcgr-sUDr39bvOJPNL5RPt4DSow/edit#gid=71150222;https://docs.google.com/spreadsheets/d/13smsrG2BGYxr_omJWcgr-sUDr39bvOJPNL5RPt4DSow/edit#gid=1215904780;https://docs.google.com/spreadsheets/d/13smsrG2BGYxr_omJWcgr-sUDr39bvOJPNL5RPt4DSow/edit#gid=1953790464;https://docs.google.com/spreadsheets/d/13smsrG2BGYxr_omJWcgr-sUDr39bvOJPNL5RPt4DSow/edit#gid=171349938
season_010,Regular Season,regular,Arktilas,arktilas,avalugg,Nestfloh,nestfloh,Böller Brüder,bollerbruder,sheet_extracted,https://docs.google.com/spreadsheets/d/13smsrG2BGYxr_omJWcgr-sUDr39bvOJPNL5RPt4DSow/edit#gid=1934543062;https://docs.google.com/spreadsheets/d/13smsrG2BGYxr_omJWcgr-sUDr39bvOJPNL5RPt4DSow/edit#gid=1465731937
season_010,Playoffs,playoffs,Bandelby,bandelby,ribombee,Nestfloh,nestfloh,Böller Brüder,bollerbruder,sheet_extracted,https://docs.google.com/spreadsheets/d/13smsrG2BGYxr_omJWcgr-sUDr39bvOJPNL5RPt4DSow/edit#gid=71150222;https://docs.google.com/spreadsheets/d/13smsrG2BGYxr_omJWcgr-sUDr39bvOJPNL5RPt4DSow/edit#gid=1215904780;https://docs.google.com/spreadsheets/d/13smsrG2BGYxr_omJWcgr-sUDr39bvOJPNL5RPt4DSow/edit#gid=1953790464;https://docs.google.com/spreadsheets/d/13smsrG2BGYxr_omJWcgr-sUDr39bvOJPNL5RPt4DSow/edit#gid=171349938
season_010,Playoffs,playoffs,Cresselia,cresselia,cresselia,Nestfloh,nestfloh,Böller Brüder,bollerbruder,sheet_extracted,https://docs.google.com/spreadsheets/d/13smsrG2BGYxr_omJWcgr-sUDr39bvOJPNL5RPt4DSow/edit#gid=71150222;https://docs.google.com/spreadsheets/d/13smsrG2BGYxr_omJWcgr-sUDr39bvOJPNL5RPt4DSow/edit#gid=1215904780;https://docs.google.com/spreadsheets/d/13smsrG2BGYxr_omJWcgr-sUDr39bvOJPNL5RPt4DSow/edit#gid=1953790464;https://docs.google.com/spreadsheets/d/13smsrG2BGYxr_omJWcgr-sUDr39bvOJPNL5RPt4DSow/edit#gid=171349938
season_010,Regular Season,regular,Cresselia,cresselia,cresselia,Nestfloh,nestfloh,Böller Brüder,bollerbruder,sheet_extracted,https://docs.google.com/spreadsheets/d/13smsrG2BGYxr_omJWcgr-sUDr39bvOJPNL5RPt4DSow/edit#gid=1934543062;https://docs.google.com/spreadsheets/d/13smsrG2BGYxr_omJWcgr-sUDr39bvOJPNL5RPt4DSow/edit#gid=1465731937
season_010,Playoffs,playoffs,Grypheldis,grypheldis,mandibuzz,Nestfloh,nestfloh,Böller Brüder,bollerbruder,sheet_extracted,https://docs.google.com/spreadsheets/d/13smsrG2BGYxr_omJWcgr-sUDr39bvOJPNL5RPt4DSow/edit#gid=71150222;https://docs.google.com/spreadsheets/d/13smsrG2BGYxr_omJWcgr-sUDr39bvOJPNL5RPt4DSow/edit#gid=1215904780;https://docs.google.com/spreadsheets/d/13smsrG2BGYxr_omJWcgr-sUDr39bvOJPNL5RPt4DSow/edit#gid=1953790464;https://docs.google.com/spreadsheets/d/13smsrG2BGYxr_omJWcgr-sUDr39bvOJPNL5RPt4DSow/edit#gid=171349938
season_010,Playoffs,,Guardevoir,guardevoir,gardevoir,Nestfloh,nestfloh,Böller Brüder,bollerbruder,sheet_extracted,https://docs.google.com/spreadsheets/d/13smsrG2BGYxr_omJWcgr-sUDr39bvOJPNL5RPt4DSow/edit#gid=71150222;https://docs.google.com/spreadsheets/d/13smsrG2BGYxr_omJWcgr-sUDr39bvOJPNL5RPt4DSow/edit#gid=1215904780;https://docs.google.com/spreadsheets/d/13smsrG2BGYxr_omJWcgr-sUDr39bvOJPNL5RPt4DSow/edit#gid=1953790464
season_010,Regular Season,regular,Guardevoir,guardevoir,gardevoir,Nestfloh,nestfloh,Böller Brüder,bollerbruder,sheet_extracted,https://docs.google.com/spreadsheets/d/13smsrG2BGYxr_omJWcgr-sUDr39bvOJPNL5RPt4DSow/edit#gid=1934543062;https://docs.google.com/spreadsheets/d/13smsrG2BGYxr_omJWcgr-sUDr39bvOJPNL5RPt4DSow/edit#gid=1465731937
season_010,Playoffs,playoffs,Impoleon,impoleon,empoleon,Nestfloh,nestfloh,Böller Brüder,bollerbruder,sheet_extracted,https://docs.google.com/spreadsheets/d/13smsrG2BGYxr_omJWcgr-sUDr39bvOJPNL5RPt4DSow/edit#gid=71150222;https://docs.google.com/spreadsheets/d/13smsrG2BGYxr_omJWcgr-sUDr39bvOJPNL5RPt4DSow/edit#gid=1215904780;https://docs.google.com/spreadsheets/d/13smsrG2BGYxr_omJWcgr-sUDr39bvOJPNL5RPt4DSow/edit#gid=1953790464;https://docs.google.com/spreadsheets/d/13smsrG2BGYxr_omJWcgr-sUDr39bvOJPNL5RPt4DSow/edit#gid=171349938
season_010,Regular Season,regular,Impoleon,impoleon,empoleon,Nestfloh,nestfloh,Böller Brüder,bollerbruder,sheet_extracted,https://docs.google.com/spreadsheets/d/13smsrG2BGYxr_omJWcgr-sUDr39bvOJPNL5RPt4DSow/edit#gid=1934543062;https://docs.google.com/spreadsheets/d/13smsrG2BGYxr_omJWcgr-sUDr39bvOJPNL5RPt4DSow/edit#gid=1465731937
season_010,Playoffs,,Irokex,irokex,scrafty,Nestfloh,nestfloh,Böller Brüder,bollerbruder,sheet_extracted,https://docs.google.com/spreadsheets/d/13smsrG2BGYxr_omJWcgr-sUDr39bvOJPNL5RPt4DSow/edit#gid=71150222;https://docs.google.com/spreadsheets/d/13smsrG2BGYxr_omJWcgr-sUDr39bvOJPNL5RPt4DSow/edit#gid=1215904780;https://docs.google.com/spreadsheets/d/13smsrG2BGYxr_omJWcgr-sUDr39bvOJPNL5RPt4DSow/edit#gid=1953790464
season_010,Regular Season,regular,Irokex,irokex,scrafty,Nestfloh,nestfloh,Böller Brüder,bollerbruder,sheet_extracted,https://docs.google.com/spreadsheets/d/13smsrG2BGYxr_omJWcgr-sUDr39bvOJPNL5RPt4DSow/edit#gid=1934543062;https://docs.google.com/spreadsheets/d/13smsrG2BGYxr_omJWcgr-sUDr39bvOJPNL5RPt4DSow/edit#gid=1465731937
season_010,Playoffs,playoffs,Katapuldra,katapuldra,dragapult,Nestfloh,nestfloh,Böller Brüder,bollerbruder,sheet_extracted,https://docs.google.com/spreadsheets/d/13smsrG2BGYxr_omJWcgr-sUDr39bvOJPNL5RPt4DSow/edit#gid=71150222;https://docs.google.com/spreadsheets/d/13smsrG2BGYxr_omJWcgr-sUDr39bvOJPNL5RPt4DSow/edit#gid=1215904780;https://docs.google.com/spreadsheets/d/13smsrG2BGYxr_omJWcgr-sUDr39bvOJPNL5RPt4DSow/edit#gid=1953790464;https://docs.google.com/spreadsheets/d/13smsrG2BGYxr_omJWcgr-sUDr39bvOJPNL5RPt4DSow/edit#gid=171349938
season_010,Regular Season,regular,Katapuldra,katapuldra,dragapult,Nestfloh,nestfloh,Böller Brüder,bollerbruder,sheet_extracted,https://docs.google.com/spreadsheets/d/13smsrG2BGYxr_omJWcgr-sUDr39bvOJPNL5RPt4DSow/edit#gid=1934543062;https://docs.google.com/spreadsheets/d/13smsrG2BGYxr_omJWcgr-sUDr39bvOJPNL5RPt4DSow/edit#gid=1465731937
season_010,Playoffs,playoffs,Lavados,lavados,moltres,Nestfloh,nestfloh,Böller Brüder,bollerbruder,sheet_extracted,https://docs.google.com/spreadsheets/d/13smsrG2BGYxr_omJWcgr-sUDr39bvOJPNL5RPt4DSow/edit#gid=71150222;https://docs.google.com/spreadsheets/d/13smsrG2BGYxr_omJWcgr-sUDr39bvOJPNL5RPt4DSow/edit#gid=1215904780;https://docs.google.com/spreadsheets/d/13smsrG2BGYxr_omJWcgr-sUDr39bvOJPNL5RPt4DSow/edit#gid=1953790464;https://docs.google.com/spreadsheets/d/13smsrG2BGYxr_omJWcgr-sUDr39bvOJPNL5RPt4DSow/edit#gid=171349938
season_010,Regular Season,regular,Lavados,lavados,moltres,Nestfloh,nestfloh,Böller Brüder,bollerbruder,sheet_extracted,https://docs.google.com/spreadsheets/d/13smsrG2BGYxr_omJWcgr-sUDr39bvOJPNL5RPt4DSow/edit#gid=1934543062;https://docs.google.com/spreadsheets/d/13smsrG2BGYxr_omJWcgr-sUDr39bvOJPNL5RPt4DSow/edit#gid=1465731937
season_010,Playoffs,,Lumiflora,lumiflora,glimmora,Nestfloh,nestfloh,Böller Brüder,bollerbruder,sheet_extracted,https://docs.google.com/spreadsheets/d/13smsrG2BGYxr_omJWcgr-sUDr39bvOJPNL5RPt4DSow/edit#gid=71150222;https://docs.google.com/spreadsheets/d/13smsrG2BGYxr_omJWcgr-sUDr39bvOJPNL5RPt4DSow/edit#gid=1215904780;https://docs.google.com/spreadsheets/d/13smsrG2BGYxr_omJWcgr-sUDr39bvOJPNL5RPt4DSow/edit#gid=1953790464
season_010,Regular Season,regular,Lumiflora,lumiflora,glimmora,Nestfloh,nestfloh,Böller Brüder,bollerbruder,sheet_extracted,https://docs.google.com/spreadsheets/d/13smsrG2BGYxr_omJWcgr-sUDr39bvOJPNL5RPt4DSow/edit#gid=1934543062;https://docs.google.com/spreadsheets/d/13smsrG2BGYxr_omJWcgr-sUDr39bvOJPNL5RPt4DSow/edit#gid=1465731937
season_010,Playoffs,playoffs,Ogerpon-Wasser,ogerponwasser,ogerponwellspring,Nestfloh,nestfloh,Böller Brüder,bollerbruder,sheet_extracted,https://docs.google.com/spreadsheets/d/13smsrG2BGYxr_omJWcgr-sUDr39bvOJPNL5RPt4DSow/edit#gid=71150222;https://docs.google.com/spreadsheets/d/13smsrG2BGYxr_omJWcgr-sUDr39bvOJPNL5RPt4DSow/edit#gid=1215904780;https://docs.google.com/spreadsheets/d/13smsrG2BGYxr_omJWcgr-sUDr39bvOJPNL5RPt4DSow/edit#gid=1953790464;https://docs.google.com/spreadsheets/d/13smsrG2BGYxr_omJWcgr-sUDr39bvOJPNL5RPt4DSow/edit#gid=171349938
season_010,Playoffs,playoffs,Pamomamo,pamomamo,pawmot,Nestfloh,nestfloh,Böller Brüder,bollerbruder,sheet_extracted,https://docs.google.com/spreadsheets/d/13smsrG2BGYxr_omJWcgr-sUDr39bvOJPNL5RPt4DSow/edit#gid=71150222;https://docs.google.com/spreadsheets/d/13smsrG2BGYxr_omJWcgr-sUDr39bvOJPNL5RPt4DSow/edit#gid=1215904780;https://docs.google.com/spreadsheets/d/13smsrG2BGYxr_omJWcgr-sUDr39bvOJPNL5RPt4DSow/edit#gid=1953790464;https://docs.google.com/spreadsheets/d/13smsrG2BGYxr_omJWcgr-sUDr39bvOJPNL5RPt4DSow/edit#gid=171349938
season_010,Regular Season,regular,Pamomamo,pamomamo,pawmot,Nestfloh,nestfloh,Böller Brüder,bollerbruder,sheet_extracted,https://docs.google.com/spreadsheets/d/13smsrG2BGYxr_omJWcgr-sUDr39bvOJPNL5RPt4DSow/edit#gid=1934543062;https://docs.google.com/spreadsheets/d/13smsrG2BGYxr_omJWcgr-sUDr39bvOJPNL5RPt4DSow/edit#gid=1465731937
season_010,Playoffs,playoffs,Pampross,pampross,mudsdale,Nestfloh,nestfloh,Böller Brüder,bollerbruder,sheet_extracted,https://docs.google.com/spreadsheets/d/13smsrG2BGYxr_omJWcgr-sUDr39bvOJPNL5RPt4DSow/edit#gid=71150222;https://docs.google.com/spreadsheets/d/13smsrG2BGYxr_omJWcgr-sUDr39bvOJPNL5RPt4DSow/edit#gid=1215904780;https://docs.google.com/spreadsheets/d/13smsrG2BGYxr_omJWcgr-sUDr39bvOJPNL5RPt4DSow/edit#gid=1953790464;https://docs.google.com/spreadsheets/d/13smsrG2BGYxr_omJWcgr-sUDr39bvOJPNL5RPt4DSow/edit#gid=171349938
season_010,Regular Season,regular,Pampross,pampross,mudsdale,Nestfloh,nestfloh,Böller Brüder,bollerbruder,sheet_extracted,https://docs.google.com/spreadsheets/d/13smsrG2BGYxr_omJWcgr-sUDr39bvOJPNL5RPt4DSow/edit#gid=1934543062;https://docs.google.com/spreadsheets/d/13smsrG2BGYxr_omJWcgr-sUDr39bvOJPNL5RPt4DSow/edit#gid=1465731937
season_010,Playoffs,,Rotom-H,rotomh,rotomheat,Nestfloh,nestfloh,Böller Brüder,bollerbruder,sheet_extracted,https://docs.google.com/spreadsheets/d/13smsrG2BGYxr_omJWcgr-sUDr39bvOJPNL5RPt4DSow/edit#gid=71150222;https://docs.google.com/spreadsheets/d/13smsrG2BGYxr_omJWcgr-sUDr39bvOJPNL5RPt4DSow/edit#gid=1215904780;https://docs.google.com/spreadsheets/d/13smsrG2BGYxr_omJWcgr-sUDr39bvOJPNL5RPt4DSow/edit#gid=1953790464
season_010,Playoffs,,Ursaring,ursaring,ursaring,Nestfloh,nestfloh,Böller Brüder,bollerbruder,sheet_extracted,https://docs.google.com/spreadsheets/d/13smsrG2BGYxr_omJWcgr-sUDr39bvOJPNL5RPt4DSow/edit#gid=71150222;https://docs.google.com/spreadsheets/d/13smsrG2BGYxr_omJWcgr-sUDr39bvOJPNL5RPt4DSow/edit#gid=1215904780;https://docs.google.com/spreadsheets/d/13smsrG2BGYxr_omJWcgr-sUDr39bvOJPNL5RPt4DSow/edit#gid=1953790464
season_010,Regular Season,regular,Ursaring,ursaring,ursaring,Nestfloh,nestfloh,Böller Brüder,bollerbruder,sheet_extracted,https://docs.google.com/spreadsheets/d/13smsrG2BGYxr_omJWcgr-sUDr39bvOJPNL5RPt4DSow/edit#gid=1934543062;https://docs.google.com/spreadsheets/d/13smsrG2BGYxr_omJWcgr-sUDr39bvOJPNL5RPt4DSow/edit#gid=1465731937
season_010,Regular Season,regular,Chillabell,chillabell,cinccino,OGDNZ,ogdnz,Squid Squad,squidsquad,sheet_extracted,https://docs.google.com/spreadsheets/d/13smsrG2BGYxr_omJWcgr-sUDr39bvOJPNL5RPt4DSow/edit#gid=1934543062;https://docs.google.com/spreadsheets/d/13smsrG2BGYxr_omJWcgr-sUDr39bvOJPNL5RPt4DSow/edit#gid=1465731937
season_010,Regular Season,regular,Eisenfalter,eisenfalter,ironmoth,OGDNZ,ogdnz,Squid Squad,squidsquad,sheet_extracted,https://docs.google.com/spreadsheets/d/13smsrG2BGYxr_omJWcgr-sUDr39bvOJPNL5RPt4DSow/edit#gid=1934543062;https://docs.google.com/spreadsheets/d/13smsrG2BGYxr_omJWcgr-sUDr39bvOJPNL5RPt4DSow/edit#gid=1465731937
season_010,Regular Season,regular,Eisenkrieger,eisenkrieger,ironvaliant,OGDNZ,ogdnz,Squid Squad,squidsquad,sheet_extracted,https://docs.google.com/spreadsheets/d/13smsrG2BGYxr_omJWcgr-sUDr39bvOJPNL5RPt4DSow/edit#gid=1934543062;https://docs.google.com/spreadsheets/d/13smsrG2BGYxr_omJWcgr-sUDr39bvOJPNL5RPt4DSow/edit#gid=1465731937
season_010,Regular Season,regular,Grypheldis,grypheldis,mandibuzz,OGDNZ,ogdnz,Squid Squad,squidsquad,sheet_extracted,https://docs.google.com/spreadsheets/d/13smsrG2BGYxr_omJWcgr-sUDr39bvOJPNL5RPt4DSow/edit#gid=1934543062;https://docs.google.com/spreadsheets/d/13smsrG2BGYxr_omJWcgr-sUDr39bvOJPNL5RPt4DSow/edit#gid=1465731937
season_010,Regular Season,regular,Hisui Admurai,hisuiadmurai,samurotthisui,OGDNZ,ogdnz,Squid Squad,squidsquad,sheet_extracted,https://docs.google.com/spreadsheets/d/13smsrG2BGYxr_omJWcgr-sUDr39bvOJPNL5RPt4DSow/edit#gid=1934543062;https://docs.google.com/spreadsheets/d/13smsrG2BGYxr_omJWcgr-sUDr39bvOJPNL5RPt4DSow/edit#gid=1465731937
season_010,Regular Season,regular,Laschoking,laschoking,slowking,OGDNZ,ogdnz,Squid Squad,squidsquad,sheet_extracted,https://docs.google.com/spreadsheets/d/13smsrG2BGYxr_omJWcgr-sUDr39bvOJPNL5RPt4DSow/edit#gid=1934543062;https://docs.google.com/spreadsheets/d/13smsrG2BGYxr_omJWcgr-sUDr39bvOJPNL5RPt4DSow/edit#gid=1465731937
season_010,Regular Season,regular,Metagross,metagross,metagross,OGDNZ,ogdnz,Squid Squad,squidsquad,sheet_extracted,https://docs.google.com/spreadsheets/d/13smsrG2BGYxr_omJWcgr-sUDr39bvOJPNL5RPt4DSow/edit#gid=1934543062;https://docs.google.com/spreadsheets/d/13smsrG2BGYxr_omJWcgr-sUDr39bvOJPNL5RPt4DSow/edit#gid=1465731937
season_010,Regular Season,regular,Piepi,piepi,clefairy,OGDNZ,ogdnz,Squid Squad,squidsquad,sheet_extracted,https://docs.google.com/spreadsheets/d/13smsrG2BGYxr_omJWcgr-sUDr39bvOJPNL5RPt4DSow/edit#gid=1934543062;https://docs.google.com/spreadsheets/d/13smsrG2BGYxr_omJWcgr-sUDr39bvOJPNL5RPt4DSow/edit#gid=1465731937
season_010,Regular Season,regular,Polaross,polaross,glastrier,OGDNZ,ogdnz,Squid Squad,squidsquad,sheet_extracted,https://docs.google.com/spreadsheets/d/13smsrG2BGYxr_omJWcgr-sUDr39bvOJPNL5RPt4DSow/edit#gid=1934543062;https://docs.google.com/spreadsheets/d/13smsrG2BGYxr_omJWcgr-sUDr39bvOJPNL5RPt4DSow/edit#gid=1465731937
season_010,Regular Season,regular,Sandfell,sandfell,sandyshocks,OGDNZ,ogdnz,Squid Squad,squidsquad,sheet_extracted,https://docs.google.com/spreadsheets/d/13smsrG2BGYxr_omJWcgr-sUDr39bvOJPNL5RPt4DSow/edit#gid=1934543062;https://docs.google.com/spreadsheets/d/13smsrG2BGYxr_omJWcgr-sUDr39bvOJPNL5RPt4DSow/edit#gid=1465731937
season_010,Regular Season,regular,Trombork,trombork,trevenant,OGDNZ,ogdnz,Squid Squad,squidsquad,sheet_extracted,https://docs.google.com/spreadsheets/d/13smsrG2BGYxr_omJWcgr-sUDr39bvOJPNL5RPt4DSow/edit#gid=1934543062;https://docs.google.com/spreadsheets/d/13smsrG2BGYxr_omJWcgr-sUDr39bvOJPNL5RPt4DSow/edit#gid=1465731937
season_010,Regular Season,regular,Feelinara,feelinara,sylveon,Pokgalaxy,pokgalaxy,Tails of Mystery,tailsofmystery,sheet_extracted,https://docs.google.com/spreadsheets/d/13smsrG2BGYxr_omJWcgr-sUDr39bvOJPNL5RPt4DSow/edit#gid=1934543062;https://docs.google.com/spreadsheets/d/13smsrG2BGYxr_omJWcgr-sUDr39bvOJPNL5RPt4DSow/edit#gid=1465731937
season_010,Regular Season,regular,Galar Laschoking,galarlaschoking,slowkinggalar,Pokgalaxy,pokgalaxy,Tails of Mystery,tailsofmystery,sheet_extracted,https://docs.google.com/spreadsheets/d/13smsrG2BGYxr_omJWcgr-sUDr39bvOJPNL5RPt4DSow/edit#gid=1934543062;https://docs.google.com/spreadsheets/d/13smsrG2BGYxr_omJWcgr-sUDr39bvOJPNL5RPt4DSow/edit#gid=1465731937
season_010,Regular Season,regular,Horrerba,horrerba,brambleghast,Pokgalaxy,pokgalaxy,Tails of Mystery,tailsofmystery,sheet_extracted,https://docs.google.com/spreadsheets/d/13smsrG2BGYxr_omJWcgr-sUDr39bvOJPNL5RPt4DSow/edit#gid=1934543062;https://docs.google.com/spreadsheets/d/13smsrG2BGYxr_omJWcgr-sUDr39bvOJPNL5RPt4DSow/edit#gid=1465731937
season_010,Regular Season,regular,Keldeo,keldeo,keldeo,Pokgalaxy,pokgalaxy,Tails of Mystery,tailsofmystery,sheet_extracted,https://docs.google.com/spreadsheets/d/13smsrG2BGYxr_omJWcgr-sUDr39bvOJPNL5RPt4DSow/edit#gid=1934543062;https://docs.google.com/spreadsheets/d/13smsrG2BGYxr_omJWcgr-sUDr39bvOJPNL5RPt4DSow/edit#gid=1465731937
season_010,Regular Season,regular,Knakrack,knakrack,garchomp,Pokgalaxy,pokgalaxy,Tails of Mystery,tailsofmystery,sheet_extracted,https://docs.google.com/spreadsheets/d/13smsrG2BGYxr_omJWcgr-sUDr39bvOJPNL5RPt4DSow/edit#gid=1934543062;https://docs.google.com/spreadsheets/d/13smsrG2BGYxr_omJWcgr-sUDr39bvOJPNL5RPt4DSow/edit#gid=1465731937
season_010,Regular Season,regular,Krarmor,krarmor,corviknight,Pokgalaxy,pokgalaxy,Tails of Mystery,tailsofmystery,sheet_extracted,https://docs.google.com/spreadsheets/d/13smsrG2BGYxr_omJWcgr-sUDr39bvOJPNL5RPt4DSow/edit#gid=1934543062;https://docs.google.com/spreadsheets/d/13smsrG2BGYxr_omJWcgr-sUDr39bvOJPNL5RPt4DSow/edit#gid=1465731937
season_010,Regular Season,regular,Rameidon,rameidon,rampardos,Pokgalaxy,pokgalaxy,Tails of Mystery,tailsofmystery,sheet_extracted,https://docs.google.com/spreadsheets/d/13smsrG2BGYxr_omJWcgr-sUDr39bvOJPNL5RPt4DSow/edit#gid=1934543062;https://docs.google.com/spreadsheets/d/13smsrG2BGYxr_omJWcgr-sUDr39bvOJPNL5RPt4DSow/edit#gid=1465731937
season_010,Regular Season,regular,Relaxo,relaxo,snorlax,Pokgalaxy,pokgalaxy,Tails of Mystery,tailsofmystery,sheet_extracted,https://docs.google.com/spreadsheets/d/13smsrG2BGYxr_omJWcgr-sUDr39bvOJPNL5RPt4DSow/edit#gid=1934543062;https://docs.google.com/spreadsheets/d/13smsrG2BGYxr_omJWcgr-sUDr39bvOJPNL5RPt4DSow/edit#gid=1465731937
season_010,Regular Season,regular,Rotom-H,rotomh,rotomheat,Pokgalaxy,pokgalaxy,Tails of Mystery,tailsofmystery,sheet_extracted,https://docs.google.com/spreadsheets/d/13smsrG2BGYxr_omJWcgr-sUDr39bvOJPNL5RPt4DSow/edit#gid=1934543062;https://docs.google.com/spreadsheets/d/13smsrG2BGYxr_omJWcgr-sUDr39bvOJPNL5RPt4DSow/edit#gid=1465731937
season_010,Regular Season,regular,Snibunna,snibunna,weavile,Pokgalaxy,pokgalaxy,Tails of Mystery,tailsofmystery,sheet_extracted,https://docs.google.com/spreadsheets/d/13smsrG2BGYxr_omJWcgr-sUDr39bvOJPNL5RPt4DSow/edit#gid=1934543062;https://docs.google.com/spreadsheets/d/13smsrG2BGYxr_omJWcgr-sUDr39bvOJPNL5RPt4DSow/edit#gid=1465731937
season_010,Regular Season,regular,Wampitz,wampitz,bellibolt,Pokgalaxy,pokgalaxy,Tails of Mystery,tailsofmystery,sheet_extracted,https://docs.google.com/spreadsheets/d/13smsrG2BGYxr_omJWcgr-sUDr39bvOJPNL5RPt4DSow/edit#gid=1934543062;https://docs.google.com/spreadsheets/d/13smsrG2BGYxr_omJWcgr-sUDr39bvOJPNL5RPt4DSow/edit#gid=1465731937
season_010,Playoffs,playoffs,Arkani,arkani,arcanine,PresentLP,present,Prekani,prekani,sheet_extracted,https://docs.google.com/spreadsheets/d/13smsrG2BGYxr_omJWcgr-sUDr39bvOJPNL5RPt4DSow/edit#gid=71150222;https://docs.google.com/spreadsheets/d/13smsrG2BGYxr_omJWcgr-sUDr39bvOJPNL5RPt4DSow/edit#gid=1215904780;https://docs.google.com/spreadsheets/d/13smsrG2BGYxr_omJWcgr-sUDr39bvOJPNL5RPt4DSow/edit#gid=1953790464;https://docs.google.com/spreadsheets/d/13smsrG2BGYxr_omJWcgr-sUDr39bvOJPNL5RPt4DSow/edit#gid=171349938
season_010,Regular Season,regular,Arkani,arkani,arcanine,PresentLP,present,Prekani,prekani,sheet_extracted,https://docs.google.com/spreadsheets/d/13smsrG2BGYxr_omJWcgr-sUDr39bvOJPNL5RPt4DSow/edit#gid=1934543062;https://docs.google.com/spreadsheets/d/13smsrG2BGYxr_omJWcgr-sUDr39bvOJPNL5RPt4DSow/edit#gid=1465731937
season_010,Playoffs,playoffs,Beatori,beatori,fezandipiti,PresentLP,present,Prekani,prekani,sheet_extracted,https://docs.google.com/spreadsheets/d/13smsrG2BGYxr_omJWcgr-sUDr39bvOJPNL5RPt4DSow/edit#gid=71150222;https://docs.google.com/spreadsheets/d/13smsrG2BGYxr_omJWcgr-sUDr39bvOJPNL5RPt4DSow/edit#gid=1215904780;https://docs.google.com/spreadsheets/d/13smsrG2BGYxr_omJWcgr-sUDr39bvOJPNL5RPt4DSow/edit#gid=1953790464;https://docs.google.com/spreadsheets/d/13smsrG2BGYxr_omJWcgr-sUDr39bvOJPNL5RPt4DSow/edit#gid=171349938
season_010,Regular Season,regular,Beatori,beatori,fezandipiti,PresentLP,present,Prekani,prekani,sheet_extracted,https://docs.google.com/spreadsheets/d/13smsrG2BGYxr_omJWcgr-sUDr39bvOJPNL5RPt4DSow/edit#gid=1934543062;https://docs.google.com/spreadsheets/d/13smsrG2BGYxr_omJWcgr-sUDr39bvOJPNL5RPt4DSow/edit#gid=1465731937
season_010,Playoffs,playoffs,Demeteros-T,demeterost,landorustherian,PresentLP,present,Prekani,prekani,sheet_extracted,https://docs.google.com/spreadsheets/d/13smsrG2BGYxr_omJWcgr-sUDr39bvOJPNL5RPt4DSow/edit#gid=71150222;https://docs.google.com/spreadsheets/d/13smsrG2BGYxr_omJWcgr-sUDr39bvOJPNL5RPt4DSow/edit#gid=1215904780;https://docs.google.com/spreadsheets/d/13smsrG2BGYxr_omJWcgr-sUDr39bvOJPNL5RPt4DSow/edit#gid=1953790464;https://docs.google.com/spreadsheets/d/13smsrG2BGYxr_omJWcgr-sUDr39bvOJPNL5RPt4DSow/edit#gid=171349938
season_010,Regular Season,regular,Demeteros-T,demeterost,landorustherian,PresentLP,present,Prekani,prekani,sheet_extracted,https://docs.google.com/spreadsheets/d/13smsrG2BGYxr_omJWcgr-sUDr39bvOJPNL5RPt4DSow/edit#gid=1934543062;https://docs.google.com/spreadsheets/d/13smsrG2BGYxr_omJWcgr-sUDr39bvOJPNL5RPt4DSow/edit#gid=1465731937
season_010,Playoffs,,Dragoran,dragoran,dragonite,PresentLP,present,Prekani,prekani,sheet_extracted,https://docs.google.com/spreadsheets/d/13smsrG2BGYxr_omJWcgr-sUDr39bvOJPNL5RPt4DSow/edit#gid=71150222;https://docs.google.com/spreadsheets/d/13smsrG2BGYxr_omJWcgr-sUDr39bvOJPNL5RPt4DSow/edit#gid=1215904780;https://docs.google.com/spreadsheets/d/13smsrG2BGYxr_omJWcgr-sUDr39bvOJPNL5RPt4DSow/edit#gid=1953790464
season_010,Regular Season,regular,Dragoran,dragoran,dragonite,PresentLP,present,Prekani,prekani,sheet_extracted,https://docs.google.com/spreadsheets/d/13smsrG2BGYxr_omJWcgr-sUDr39bvOJPNL5RPt4DSow/edit#gid=1934543062;https://docs.google.com/spreadsheets/d/13smsrG2BGYxr_omJWcgr-sUDr39bvOJPNL5RPt4DSow/edit#gid=1465731937
season_010,Playoffs,playoffs,Eisenhals,eisenhals,ironjugulis,PresentLP,present,Prekani,prekani,sheet_extracted,https://docs.google.com/spreadsheets/d/13smsrG2BGYxr_omJWcgr-sUDr39bvOJPNL5RPt4DSow/edit#gid=71150222;https://docs.google.com/spreadsheets/d/13smsrG2BGYxr_omJWcgr-sUDr39bvOJPNL5RPt4DSow/edit#gid=1215904780;https://docs.google.com/spreadsheets/d/13smsrG2BGYxr_omJWcgr-sUDr39bvOJPNL5RPt4DSow/edit#gid=1953790464;https://docs.google.com/spreadsheets/d/13smsrG2BGYxr_omJWcgr-sUDr39bvOJPNL5RPt4DSow/edit#gid=171349938
season_010,Playoffs,playoffs,Eisenkrieger,eisenkrieger,ironvaliant,PresentLP,present,Prekani,prekani,sheet_extracted,https://docs.google.com/spreadsheets/d/13smsrG2BGYxr_omJWcgr-sUDr39bvOJPNL5RPt4DSow/edit#gid=71150222;https://docs.google.com/spreadsheets/d/13smsrG2BGYxr_omJWcgr-sUDr39bvOJPNL5RPt4DSow/edit#gid=1215904780;https://docs.google.com/spreadsheets/d/13smsrG2BGYxr_omJWcgr-sUDr39bvOJPNL5RPt4DSow/edit#gid=1953790464;https://docs.google.com/spreadsheets/d/13smsrG2BGYxr_omJWcgr-sUDr39bvOJPNL5RPt4DSow/edit#gid=171349938
season_010,Playoffs,playoffs,Horrerba,horrerba,brambleghast,PresentLP,present,Prekani,prekani,sheet_extracted,https://docs.google.com/spreadsheets/d/13smsrG2BGYxr_omJWcgr-sUDr39bvOJPNL5RPt4DSow/edit#gid=71150222;https://docs.google.com/spreadsheets/d/13smsrG2BGYxr_omJWcgr-sUDr39bvOJPNL5RPt4DSow/edit#gid=1215904780;https://docs.google.com/spreadsheets/d/13smsrG2BGYxr_omJWcgr-sUDr39bvOJPNL5RPt4DSow/edit#gid=1953790464;https://docs.google.com/spreadsheets/d/13smsrG2BGYxr_omJWcgr-sUDr39bvOJPNL5RPt4DSow/edit#gid=171349938
season_010,Playoffs,playoffs,Kobalium,kobalium,cobalion,PresentLP,present,Prekani,prekani,sheet_extracted,https://docs.google.com/spreadsheets/d/13smsrG2BGYxr_omJWcgr-sUDr39bvOJPNL5RPt4DSow/edit#gid=71150222;https://docs.google.com/spreadsheets/d/13smsrG2BGYxr_omJWcgr-sUDr39bvOJPNL5RPt4DSow/edit#gid=1215904780;https://docs.google.com/spreadsheets/d/13smsrG2BGYxr_omJWcgr-sUDr39bvOJPNL5RPt4DSow/edit#gid=1953790464;https://docs.google.com/spreadsheets/d/13smsrG2BGYxr_omJWcgr-sUDr39bvOJPNL5RPt4DSow/edit#gid=171349938
season_010,Regular Season,regular,Kobalium,kobalium,cobalion,PresentLP,present,Prekani,prekani,sheet_extracted,https://docs.google.com/spreadsheets/d/13smsrG2BGYxr_omJWcgr-sUDr39bvOJPNL5RPt4DSow/edit#gid=1934543062;https://docs.google.com/spreadsheets/d/13smsrG2BGYxr_omJWcgr-sUDr39bvOJPNL5RPt4DSow/edit#gid=1465731937
season_010,Playoffs,playoffs,Mopex,mopex,cyclizar,PresentLP,present,Prekani,prekani,sheet_extracted,https://docs.google.com/spreadsheets/d/13smsrG2BGYxr_omJWcgr-sUDr39bvOJPNL5RPt4DSow/edit#gid=71150222;https://docs.google.com/spreadsheets/d/13smsrG2BGYxr_omJWcgr-sUDr39bvOJPNL5RPt4DSow/edit#gid=1215904780;https://docs.google.com/spreadsheets/d/13smsrG2BGYxr_omJWcgr-sUDr39bvOJPNL5RPt4DSow/edit#gid=1953790464;https://docs.google.com/spreadsheets/d/13smsrG2BGYxr_omJWcgr-sUDr39bvOJPNL5RPt4DSow/edit#gid=171349938
season_010,Regular Season,regular,Mopex,mopex,cyclizar,PresentLP,present,Prekani,prekani,sheet_extracted,https://docs.google.com/spreadsheets/d/13smsrG2BGYxr_omJWcgr-sUDr39bvOJPNL5RPt4DSow/edit#gid=1934543062;https://docs.google.com/spreadsheets/d/13smsrG2BGYxr_omJWcgr-sUDr39bvOJPNL5RPt4DSow/edit#gid=1465731937
season_010,Playoffs,playoffs,Mottineva,mottineva,frosmoth,PresentLP,present,Prekani,prekani,sheet_extracted,https://docs.google.com/spreadsheets/d/13smsrG2BGYxr_omJWcgr-sUDr39bvOJPNL5RPt4DSow/edit#gid=71150222;https://docs.google.com/spreadsheets/d/13smsrG2BGYxr_omJWcgr-sUDr39bvOJPNL5RPt4DSow/edit#gid=1215904780;https://docs.google.com/spreadsheets/d/13smsrG2BGYxr_omJWcgr-sUDr39bvOJPNL5RPt4DSow/edit#gid=1953790464;https://docs.google.com/spreadsheets/d/13smsrG2BGYxr_omJWcgr-sUDr39bvOJPNL5RPt4DSow/edit#gid=171349938
season_010,Regular Season,regular,Mottineva,mottineva,frosmoth,PresentLP,present,Prekani,prekani,sheet_extracted,https://docs.google.com/spreadsheets/d/13smsrG2BGYxr_omJWcgr-sUDr39bvOJPNL5RPt4DSow/edit#gid=1934543062;https://docs.google.com/spreadsheets/d/13smsrG2BGYxr_omJWcgr-sUDr39bvOJPNL5RPt4DSow/edit#gid=1465731937
season_010,Playoffs,playoffs,Rizeros,rizeros,rhydon,PresentLP,present,Prekani,prekani,sheet_extracted,https://docs.google.com/spreadsheets/d/13smsrG2BGYxr_omJWcgr-sUDr39bvOJPNL5RPt4DSow/edit#gid=71150222;https://docs.google.com/spreadsheets/d/13smsrG2BGYxr_omJWcgr-sUDr39bvOJPNL5RPt4DSow/edit#gid=1215904780;https://docs.google.com/spreadsheets/d/13smsrG2BGYxr_omJWcgr-sUDr39bvOJPNL5RPt4DSow/edit#gid=1953790464;https://docs.google.com/spreadsheets/d/13smsrG2BGYxr_omJWcgr-sUDr39bvOJPNL5RPt4DSow/edit#gid=171349938
season_010,Regular Season,regular,Rizeros,rizeros,rhydon,PresentLP,present,Prekani,prekani,sheet_extracted,https://docs.google.com/spreadsheets/d/13smsrG2BGYxr_omJWcgr-sUDr39bvOJPNL5RPt4DSow/edit#gid=1934543062;https://docs.google.com/spreadsheets/d/13smsrG2BGYxr_omJWcgr-sUDr39bvOJPNL5RPt4DSow/edit#gid=1465731937
season_010,Playoffs,playoffs,Rotom-W,rotomw,rotomwash,PresentLP,present,Prekani,prekani,sheet_extracted,https://docs.google.com/spreadsheets/d/13smsrG2BGYxr_omJWcgr-sUDr39bvOJPNL5RPt4DSow/edit#gid=71150222;https://docs.google.com/spreadsheets/d/13smsrG2BGYxr_omJWcgr-sUDr39bvOJPNL5RPt4DSow/edit#gid=1215904780;https://docs.google.com/spreadsheets/d/13smsrG2BGYxr_omJWcgr-sUDr39bvOJPNL5RPt4DSow/edit#gid=1953790464;https://docs.google.com/spreadsheets/d/13smsrG2BGYxr_omJWcgr-sUDr39bvOJPNL5RPt4DSow/edit#gid=171349938
season_010,Regular Season,regular,Rotom-W,rotomw,rotomwash,PresentLP,present,Prekani,prekani,sheet_extracted,https://docs.google.com/spreadsheets/d/13smsrG2BGYxr_omJWcgr-sUDr39bvOJPNL5RPt4DSow/edit#gid=1934543062;https://docs.google.com/spreadsheets/d/13smsrG2BGYxr_omJWcgr-sUDr39bvOJPNL5RPt4DSow/edit#gid=1465731937
season_010,Playoffs,,Tengulist,tengulist,shiftry,PresentLP,present,Prekani,prekani,sheet_extracted,https://docs.google.com/spreadsheets/d/13smsrG2BGYxr_omJWcgr-sUDr39bvOJPNL5RPt4DSow/edit#gid=71150222;https://docs.google.com/spreadsheets/d/13smsrG2BGYxr_omJWcgr-sUDr39bvOJPNL5RPt4DSow/edit#gid=1215904780;https://docs.google.com/spreadsheets/d/13smsrG2BGYxr_omJWcgr-sUDr39bvOJPNL5RPt4DSow/edit#gid=1953790464
season_010,Regular Season,regular,Tengulist,tengulist,shiftry,PresentLP,present,Prekani,prekani,sheet_extracted,https://docs.google.com/spreadsheets/d/13smsrG2BGYxr_omJWcgr-sUDr39bvOJPNL5RPt4DSow/edit#gid=1934543062;https://docs.google.com/spreadsheets/d/13smsrG2BGYxr_omJWcgr-sUDr39bvOJPNL5RPt4DSow/edit#gid=1465731937
season_010,Playoffs,,Zytomega,zytomega,reuniclus,PresentLP,present,Prekani,prekani,sheet_extracted,https://docs.google.com/spreadsheets/d/13smsrG2BGYxr_omJWcgr-sUDr39bvOJPNL5RPt4DSow/edit#gid=71150222;https://docs.google.com/spreadsheets/d/13smsrG2BGYxr_omJWcgr-sUDr39bvOJPNL5RPt4DSow/edit#gid=1215904780;https://docs.google.com/spreadsheets/d/13smsrG2BGYxr_omJWcgr-sUDr39bvOJPNL5RPt4DSow/edit#gid=1953790464
season_010,Regular Season,regular,Zytomega,zytomega,reuniclus,PresentLP,present,Prekani,prekani,sheet_extracted,https://docs.google.com/spreadsheets/d/13smsrG2BGYxr_omJWcgr-sUDr39bvOJPNL5RPt4DSow/edit#gid=1934543062;https://docs.google.com/spreadsheets/d/13smsrG2BGYxr_omJWcgr-sUDr39bvOJPNL5RPt4DSow/edit#gid=1465731937
season_010,Playoffs,playoffs,Alola Raichu,alolaraichu,raichualola,Raizor,raizor,Unbound Soul,unboundsoul,sheet_extracted,https://docs.google.com/spreadsheets/d/13smsrG2BGYxr_omJWcgr-sUDr39bvOJPNL5RPt4DSow/edit#gid=71150222;https://docs.google.com/spreadsheets/d/13smsrG2BGYxr_omJWcgr-sUDr39bvOJPNL5RPt4DSow/edit#gid=1215904780;https://docs.google.com/spreadsheets/d/13smsrG2BGYxr_omJWcgr-sUDr39bvOJPNL5RPt4DSow/edit#gid=1953790464;https://docs.google.com/spreadsheets/d/13smsrG2BGYxr_omJWcgr-sUDr39bvOJPNL5RPt4DSow/edit#gid=171349938
season_010,Playoffs,,Alola Snobilikat,alolasnobilikat,persianalola,Raizor,raizor,Unbound Soul,unboundsoul,sheet_extracted,https://docs.google.com/spreadsheets/d/13smsrG2BGYxr_omJWcgr-sUDr39bvOJPNL5RPt4DSow/edit#gid=71150222;https://docs.google.com/spreadsheets/d/13smsrG2BGYxr_omJWcgr-sUDr39bvOJPNL5RPt4DSow/edit#gid=1215904780;https://docs.google.com/spreadsheets/d/13smsrG2BGYxr_omJWcgr-sUDr39bvOJPNL5RPt4DSow/edit#gid=1953790464
season_010,Regular Season,regular,Alola Snobilikat,alolasnobilikat,persianalola,Raizor,raizor,Unbound Soul,unboundsoul,sheet_extracted,https://docs.google.com/spreadsheets/d/13smsrG2BGYxr_omJWcgr-sUDr39bvOJPNL5RPt4DSow/edit#gid=1934543062;https://docs.google.com/spreadsheets/d/13smsrG2BGYxr_omJWcgr-sUDr39bvOJPNL5RPt4DSow/edit#gid=1465731937
season_010,Playoffs,,Cupidos-T,cupidost,enamorustherian,Raizor,raizor,Unbound Soul,unboundsoul,sheet_extracted,https://docs.google.com/spreadsheets/d/13smsrG2BGYxr_omJWcgr-sUDr39bvOJPNL5RPt4DSow/edit#gid=71150222;https://docs.google.com/spreadsheets/d/13smsrG2BGYxr_omJWcgr-sUDr39bvOJPNL5RPt4DSow/edit#gid=1215904780;https://docs.google.com/spreadsheets/d/13smsrG2BGYxr_omJWcgr-sUDr39bvOJPNL5RPt4DSow/edit#gid=1953790464
season_010,Regular Season,regular,Cupidos-T,cupidost,enamorustherian,Raizor,raizor,Unbound Soul,unboundsoul,sheet_extracted,https://docs.google.com/spreadsheets/d/13smsrG2BGYxr_omJWcgr-sUDr39bvOJPNL5RPt4DSow/edit#gid=1934543062;https://docs.google.com/spreadsheets/d/13smsrG2BGYxr_omJWcgr-sUDr39bvOJPNL5RPt4DSow/edit#gid=1465731937
season_010,Playoffs,playoffs,Eisenhaupt,eisenhaupt,ironcrown,Raizor,raizor,Unbound Soul,unboundsoul,sheet_extracted,https://docs.google.com/spreadsheets/d/13smsrG2BGYxr_omJWcgr-sUDr39bvOJPNL5RPt4DSow/edit#gid=71150222;https://docs.google.com/spreadsheets/d/13smsrG2BGYxr_omJWcgr-sUDr39bvOJPNL5RPt4DSow/edit#gid=1215904780;https://docs.google.com/spreadsheets/d/13smsrG2BGYxr_omJWcgr-sUDr39bvOJPNL5RPt4DSow/edit#gid=1953790464;https://docs.google.com/spreadsheets/d/13smsrG2BGYxr_omJWcgr-sUDr39bvOJPNL5RPt4DSow/edit#gid=171349938
season_010,Regular Season,regular,Eisenhaupt,eisenhaupt,ironcrown,Raizor,raizor,Unbound Soul,unboundsoul,sheet_extracted,https://docs.google.com/spreadsheets/d/13smsrG2BGYxr_omJWcgr-sUDr39bvOJPNL5RPt4DSow/edit#gid=1934543062;https://docs.google.com/spreadsheets/d/13smsrG2BGYxr_omJWcgr-sUDr39bvOJPNL5RPt4DSow/edit#gid=1465731937
season_010,Playoffs,,Entei,entei,entei,Raizor,raizor,Unbound Soul,unboundsoul,sheet_extracted,https://docs.google.com/spreadsheets/d/13smsrG2BGYxr_omJWcgr-sUDr39bvOJPNL5RPt4DSow/edit#gid=71150222;https://docs.google.com/spreadsheets/d/13smsrG2BGYxr_omJWcgr-sUDr39bvOJPNL5RPt4DSow/edit#gid=1215904780;https://docs.google.com/spreadsheets/d/13smsrG2BGYxr_omJWcgr-sUDr39bvOJPNL5RPt4DSow/edit#gid=1953790464
season_010,Regular Season,regular,Entei,entei,entei,Raizor,raizor,Unbound Soul,unboundsoul,sheet_extracted,https://docs.google.com/spreadsheets/d/13smsrG2BGYxr_omJWcgr-sUDr39bvOJPNL5RPt4DSow/edit#gid=1934543062;https://docs.google.com/spreadsheets/d/13smsrG2BGYxr_omJWcgr-sUDr39bvOJPNL5RPt4DSow/edit#gid=1465731937
season_010,Playoffs,playoffs,Feelinara,feelinara,sylveon,Raizor,raizor,Unbound Soul,unboundsoul,sheet_extracted,https://docs.google.com/spreadsheets/d/13smsrG2BGYxr_omJWcgr-sUDr39bvOJPNL5RPt4DSow/edit#gid=71150222;https://docs.google.com/spreadsheets/d/13smsrG2BGYxr_omJWcgr-sUDr39bvOJPNL5RPt4DSow/edit#gid=1215904780;https://docs.google.com/spreadsheets/d/13smsrG2BGYxr_omJWcgr-sUDr39bvOJPNL5RPt4DSow/edit#gid=1953790464;https://docs.google.com/spreadsheets/d/13smsrG2BGYxr_omJWcgr-sUDr39bvOJPNL5RPt4DSow/edit#gid=171349938
season_010,Playoffs,playoffs,Fiaro,fiaro,talonflame,Raizor,raizor,Unbound Soul,unboundsoul,sheet_extracted,https://docs.google.com/spreadsheets/d/13smsrG2BGYxr_omJWcgr-sUDr39bvOJPNL5RPt4DSow/edit#gid=71150222;https://docs.google.com/spreadsheets/d/13smsrG2BGYxr_omJWcgr-sUDr39bvOJPNL5RPt4DSow/edit#gid=1215904780;https://docs.google.com/spreadsheets/d/13smsrG2BGYxr_omJWcgr-sUDr39bvOJPNL5RPt4DSow/edit#gid=1953790464;https://docs.google.com/spreadsheets/d/13smsrG2BGYxr_omJWcgr-sUDr39bvOJPNL5RPt4DSow/edit#gid=171349938
season_010,Playoffs,playoffs,Hisui Arktilas,hisuiarktilas,avalugghisui,Raizor,raizor,Unbound Soul,unboundsoul,sheet_extracted,https://docs.google.com/spreadsheets/d/13smsrG2BGYxr_omJWcgr-sUDr39bvOJPNL5RPt4DSow/edit#gid=71150222;https://docs.google.com/spreadsheets/d/13smsrG2BGYxr_omJWcgr-sUDr39bvOJPNL5RPt4DSow/edit#gid=1215904780;https://docs.google.com/spreadsheets/d/13smsrG2BGYxr_omJWcgr-sUDr39bvOJPNL5RPt4DSow/edit#gid=1953790464;https://docs.google.com/spreadsheets/d/13smsrG2BGYxr_omJWcgr-sUDr39bvOJPNL5RPt4DSow/edit#gid=171349938
season_010,Regular Season,regular,Hisui Arktilas,hisuiarktilas,avalugghisui,Raizor,raizor,Unbound Soul,unboundsoul,sheet_extracted,https://docs.google.com/spreadsheets/d/13smsrG2BGYxr_omJWcgr-sUDr39bvOJPNL5RPt4DSow/edit#gid=1934543062;https://docs.google.com/spreadsheets/d/13smsrG2BGYxr_omJWcgr-sUDr39bvOJPNL5RPt4DSow/edit#gid=1465731937
season_010,Playoffs,playoffs,Knakrack,knakrack,garchomp,Raizor,raizor,Unbound Soul,unboundsoul,sheet_extracted,https://docs.google.com/spreadsheets/d/13smsrG2BGYxr_omJWcgr-sUDr39bvOJPNL5RPt4DSow/edit#gid=71150222;https://docs.google.com/spreadsheets/d/13smsrG2BGYxr_omJWcgr-sUDr39bvOJPNL5RPt4DSow/edit#gid=1215904780;https://docs.google.com/spreadsheets/d/13smsrG2BGYxr_omJWcgr-sUDr39bvOJPNL5RPt4DSow/edit#gid=1953790464;https://docs.google.com/spreadsheets/d/13smsrG2BGYxr_omJWcgr-sUDr39bvOJPNL5RPt4DSow/edit#gid=171349938
season_010,Playoffs,playoffs,Servol-w,servolw,indeedeef,Raizor,raizor,Unbound Soul,unboundsoul,sheet_extracted,https://docs.google.com/spreadsheets/d/13smsrG2BGYxr_omJWcgr-sUDr39bvOJPNL5RPt4DSow/edit#gid=71150222;https://docs.google.com/spreadsheets/d/13smsrG2BGYxr_omJWcgr-sUDr39bvOJPNL5RPt4DSow/edit#gid=1215904780;https://docs.google.com/spreadsheets/d/13smsrG2BGYxr_omJWcgr-sUDr39bvOJPNL5RPt4DSow/edit#gid=1953790464;https://docs.google.com/spreadsheets/d/13smsrG2BGYxr_omJWcgr-sUDr39bvOJPNL5RPt4DSow/edit#gid=171349938
season_010,Regular Season,regular,Servol-w,servolw,indeedeef,Raizor,raizor,Unbound Soul,unboundsoul,sheet_extracted,https://docs.google.com/spreadsheets/d/13smsrG2BGYxr_omJWcgr-sUDr39bvOJPNL5RPt4DSow/edit#gid=1934543062;https://docs.google.com/spreadsheets/d/13smsrG2BGYxr_omJWcgr-sUDr39bvOJPNL5RPt4DSow/edit#gid=1465731937
season_010,Playoffs,playoffs,Silvarro,silvarro,decidueye,Raizor,raizor,Unbound Soul,unboundsoul,sheet_extracted,https://docs.google.com/spreadsheets/d/13smsrG2BGYxr_omJWcgr-sUDr39bvOJPNL5RPt4DSow/edit#gid=71150222;https://docs.google.com/spreadsheets/d/13smsrG2BGYxr_omJWcgr-sUDr39bvOJPNL5RPt4DSow/edit#gid=1215904780;https://docs.google.com/spreadsheets/d/13smsrG2BGYxr_omJWcgr-sUDr39bvOJPNL5RPt4DSow/edit#gid=1953790464;https://docs.google.com/spreadsheets/d/13smsrG2BGYxr_omJWcgr-sUDr39bvOJPNL5RPt4DSow/edit#gid=171349938
season_010,Regular Season,regular,Silvarro,silvarro,decidueye,Raizor,raizor,Unbound Soul,unboundsoul,sheet_extracted,https://docs.google.com/spreadsheets/d/13smsrG2BGYxr_omJWcgr-sUDr39bvOJPNL5RPt4DSow/edit#gid=1934543062;https://docs.google.com/spreadsheets/d/13smsrG2BGYxr_omJWcgr-sUDr39bvOJPNL5RPt4DSow/edit#gid=1465731937
season_010,Playoffs,playoffs,Snieboss,snieboss,sneasler,Raizor,raizor,Unbound Soul,unboundsoul,sheet_extracted,https://docs.google.com/spreadsheets/d/13smsrG2BGYxr_omJWcgr-sUDr39bvOJPNL5RPt4DSow/edit#gid=71150222;https://docs.google.com/spreadsheets/d/13smsrG2BGYxr_omJWcgr-sUDr39bvOJPNL5RPt4DSow/edit#gid=1215904780;https://docs.google.com/spreadsheets/d/13smsrG2BGYxr_omJWcgr-sUDr39bvOJPNL5RPt4DSow/edit#gid=1953790464;https://docs.google.com/spreadsheets/d/13smsrG2BGYxr_omJWcgr-sUDr39bvOJPNL5RPt4DSow/edit#gid=171349938
season_010,Regular Season,regular,Snieboss,snieboss,sneasler,Raizor,raizor,Unbound Soul,unboundsoul,sheet_extracted,https://docs.google.com/spreadsheets/d/13smsrG2BGYxr_omJWcgr-sUDr39bvOJPNL5RPt4DSow/edit#gid=1934543062;https://docs.google.com/spreadsheets/d/13smsrG2BGYxr_omJWcgr-sUDr39bvOJPNL5RPt4DSow/edit#gid=1465731937
season_010,Playoffs,playoffs,Turtok,turtok,blastoise,Raizor,raizor,Unbound Soul,unboundsoul,sheet_extracted,https://docs.google.com/spreadsheets/d/13smsrG2BGYxr_omJWcgr-sUDr39bvOJPNL5RPt4DSow/edit#gid=71150222;https://docs.google.com/spreadsheets/d/13smsrG2BGYxr_omJWcgr-sUDr39bvOJPNL5RPt4DSow/edit#gid=1215904780;https://docs.google.com/spreadsheets/d/13smsrG2BGYxr_omJWcgr-sUDr39bvOJPNL5RPt4DSow/edit#gid=1953790464;https://docs.google.com/spreadsheets/d/13smsrG2BGYxr_omJWcgr-sUDr39bvOJPNL5RPt4DSow/edit#gid=171349938
season_010,Regular Season,regular,Turtok,turtok,blastoise,Raizor,raizor,Unbound Soul,unboundsoul,sheet_extracted,https://docs.google.com/spreadsheets/d/13smsrG2BGYxr_omJWcgr-sUDr39bvOJPNL5RPt4DSow/edit#gid=1934543062;https://docs.google.com/spreadsheets/d/13smsrG2BGYxr_omJWcgr-sUDr39bvOJPNL5RPt4DSow/edit#gid=1465731937
season_010,Playoffs,,Ursaluna,ursaluna,ursaluna,Raizor,raizor,Unbound Soul,unboundsoul,sheet_extracted,https://docs.google.com/spreadsheets/d/13smsrG2BGYxr_omJWcgr-sUDr39bvOJPNL5RPt4DSow/edit#gid=71150222;https://docs.google.com/spreadsheets/d/13smsrG2BGYxr_omJWcgr-sUDr39bvOJPNL5RPt4DSow/edit#gid=1215904780;https://docs.google.com/spreadsheets/d/13smsrG2BGYxr_omJWcgr-sUDr39bvOJPNL5RPt4DSow/edit#gid=1953790464
season_010,Regular Season,regular,Ursaluna,ursaluna,ursaluna,Raizor,raizor,Unbound Soul,unboundsoul,sheet_extracted,https://docs.google.com/spreadsheets/d/13smsrG2BGYxr_omJWcgr-sUDr39bvOJPNL5RPt4DSow/edit#gid=1934543062;https://docs.google.com/spreadsheets/d/13smsrG2BGYxr_omJWcgr-sUDr39bvOJPNL5RPt4DSow/edit#gid=1465731937
season_010,Playoffs,,Voltrean,voltrean,kilowattrel,Raizor,raizor,Unbound Soul,unboundsoul,sheet_extracted,https://docs.google.com/spreadsheets/d/13smsrG2BGYxr_omJWcgr-sUDr39bvOJPNL5RPt4DSow/edit#gid=71150222;https://docs.google.com/spreadsheets/d/13smsrG2BGYxr_omJWcgr-sUDr39bvOJPNL5RPt4DSow/edit#gid=1215904780;https://docs.google.com/spreadsheets/d/13smsrG2BGYxr_omJWcgr-sUDr39bvOJPNL5RPt4DSow/edit#gid=1953790464
season_010,Regular Season,regular,Voltrean,voltrean,kilowattrel,Raizor,raizor,Unbound Soul,unboundsoul,sheet_extracted,https://docs.google.com/spreadsheets/d/13smsrG2BGYxr_omJWcgr-sUDr39bvOJPNL5RPt4DSow/edit#gid=1934543062;https://docs.google.com/spreadsheets/d/13smsrG2BGYxr_omJWcgr-sUDr39bvOJPNL5RPt4DSow/edit#gid=1465731937
season_010,Playoffs,playoffs,Zoroark,zoroark,zoroark,Raizor,raizor,Unbound Soul,unboundsoul,sheet_extracted,https://docs.google.com/spreadsheets/d/13smsrG2BGYxr_omJWcgr-sUDr39bvOJPNL5RPt4DSow/edit#gid=71150222;https://docs.google.com/spreadsheets/d/13smsrG2BGYxr_omJWcgr-sUDr39bvOJPNL5RPt4DSow/edit#gid=1215904780;https://docs.google.com/spreadsheets/d/13smsrG2BGYxr_omJWcgr-sUDr39bvOJPNL5RPt4DSow/edit#gid=1953790464;https://docs.google.com/spreadsheets/d/13smsrG2BGYxr_omJWcgr-sUDr39bvOJPNL5RPt4DSow/edit#gid=171349938
season_010,Playoffs,,Aggrostella,aggrostella,toxapex,RobinVGC,robinvgc,Choice Bandits,choicebandits,sheet_extracted,https://docs.google.com/spreadsheets/d/13smsrG2BGYxr_omJWcgr-sUDr39bvOJPNL5RPt4DSow/edit#gid=71150222;https://docs.google.com/spreadsheets/d/13smsrG2BGYxr_omJWcgr-sUDr39bvOJPNL5RPt4DSow/edit#gid=1215904780;https://docs.google.com/spreadsheets/d/13smsrG2BGYxr_omJWcgr-sUDr39bvOJPNL5RPt4DSow/edit#gid=1953790464
season_010,Regular Season,regular,Aggrostella,aggrostella,toxapex,RobinVGC,robinvgc,Choice Bandits,choicebandits,sheet_extracted,https://docs.google.com/spreadsheets/d/13smsrG2BGYxr_omJWcgr-sUDr39bvOJPNL5RPt4DSow/edit#gid=1934543062;https://docs.google.com/spreadsheets/d/13smsrG2BGYxr_omJWcgr-sUDr39bvOJPNL5RPt4DSow/edit#gid=1465731937
season_010,Playoffs,playoffs,Barschuft,barschuft,basculin,RobinVGC,robinvgc,Choice Bandits,choicebandits,sheet_extracted,https://docs.google.com/spreadsheets/d/13smsrG2BGYxr_omJWcgr-sUDr39bvOJPNL5RPt4DSow/edit#gid=71150222;https://docs.google.com/spreadsheets/d/13smsrG2BGYxr_omJWcgr-sUDr39bvOJPNL5RPt4DSow/edit#gid=1215904780;https://docs.google.com/spreadsheets/d/13smsrG2BGYxr_omJWcgr-sUDr39bvOJPNL5RPt4DSow/edit#gid=1953790464;https://docs.google.com/spreadsheets/d/13smsrG2BGYxr_omJWcgr-sUDr39bvOJPNL5RPt4DSow/edit#gid=171349938
season_010,Playoffs,,Cupidos-I,cupidosi,enamorus,RobinVGC,robinvgc,Choice Bandits,choicebandits,sheet_extracted,https://docs.google.com/spreadsheets/d/13smsrG2BGYxr_omJWcgr-sUDr39bvOJPNL5RPt4DSow/edit#gid=71150222;https://docs.google.com/spreadsheets/d/13smsrG2BGYxr_omJWcgr-sUDr39bvOJPNL5RPt4DSow/edit#gid=1215904780;https://docs.google.com/spreadsheets/d/13smsrG2BGYxr_omJWcgr-sUDr39bvOJPNL5RPt4DSow/edit#gid=1953790464
season_010,Regular Season,regular,Cupidos-I,cupidosi,enamorus,RobinVGC,robinvgc,Choice Bandits,choicebandits,sheet_extracted,https://docs.google.com/spreadsheets/d/13smsrG2BGYxr_omJWcgr-sUDr39bvOJPNL5RPt4DSow/edit#gid=1934543062;https://docs.google.com/spreadsheets/d/13smsrG2BGYxr_omJWcgr-sUDr39bvOJPNL5RPt4DSow/edit#gid=1465731937
season_010,Playoffs,playoffs,Fatalitcha,fatalitcha,sinistcha,RobinVGC,robinvgc,Choice Bandits,choicebandits,sheet_extracted,https://docs.google.com/spreadsheets/d/13smsrG2BGYxr_omJWcgr-sUDr39bvOJPNL5RPt4DSow/edit#gid=71150222;https://docs.google.com/spreadsheets/d/13smsrG2BGYxr_omJWcgr-sUDr39bvOJPNL5RPt4DSow/edit#gid=1215904780;https://docs.google.com/spreadsheets/d/13smsrG2BGYxr_omJWcgr-sUDr39bvOJPNL5RPt4DSow/edit#gid=1953790464;https://docs.google.com/spreadsheets/d/13smsrG2BGYxr_omJWcgr-sUDr39bvOJPNL5RPt4DSow/edit#gid=171349938
season_010,Regular Season,regular,Fatalitcha,fatalitcha,sinistcha,RobinVGC,robinvgc,Choice Bandits,choicebandits,sheet_extracted,https://docs.google.com/spreadsheets/d/13smsrG2BGYxr_omJWcgr-sUDr39bvOJPNL5RPt4DSow/edit#gid=1934543062;https://docs.google.com/spreadsheets/d/13smsrG2BGYxr_omJWcgr-sUDr39bvOJPNL5RPt4DSow/edit#gid=1465731937
season_010,Playoffs,playoffs,Florges,florges,florges,RobinVGC,robinvgc,Choice Bandits,choicebandits,sheet_extracted,https://docs.google.com/spreadsheets/d/13smsrG2BGYxr_omJWcgr-sUDr39bvOJPNL5RPt4DSow/edit#gid=71150222;https://docs.google.com/spreadsheets/d/13smsrG2BGYxr_omJWcgr-sUDr39bvOJPNL5RPt4DSow/edit#gid=1215904780;https://docs.google.com/spreadsheets/d/13smsrG2BGYxr_omJWcgr-sUDr39bvOJPNL5RPt4DSow/edit#gid=1953790464;https://docs.google.com/spreadsheets/d/13smsrG2BGYxr_omJWcgr-sUDr39bvOJPNL5RPt4DSow/edit#gid=171349938
season_010,Playoffs,playoffs,Gortrom,gortrom,rillaboom,RobinVGC,robinvgc,Choice Bandits,choicebandits,sheet_extracted,https://docs.google.com/spreadsheets/d/13smsrG2BGYxr_omJWcgr-sUDr39bvOJPNL5RPt4DSow/edit#gid=71150222;https://docs.google.com/spreadsheets/d/13smsrG2BGYxr_omJWcgr-sUDr39bvOJPNL5RPt4DSow/edit#gid=1215904780;https://docs.google.com/spreadsheets/d/13smsrG2BGYxr_omJWcgr-sUDr39bvOJPNL5RPt4DSow/edit#gid=1953790464;https://docs.google.com/spreadsheets/d/13smsrG2BGYxr_omJWcgr-sUDr39bvOJPNL5RPt4DSow/edit#gid=171349938
season_010,Playoffs,playoffs,Hisui Viscogon,hisuiviscogon,goodrahisui,RobinVGC,robinvgc,Choice Bandits,choicebandits,sheet_extracted,https://docs.google.com/spreadsheets/d/13smsrG2BGYxr_omJWcgr-sUDr39bvOJPNL5RPt4DSow/edit#gid=71150222;https://docs.google.com/spreadsheets/d/13smsrG2BGYxr_omJWcgr-sUDr39bvOJPNL5RPt4DSow/edit#gid=1215904780;https://docs.google.com/spreadsheets/d/13smsrG2BGYxr_omJWcgr-sUDr39bvOJPNL5RPt4DSow/edit#gid=1953790464;https://docs.google.com/spreadsheets/d/13smsrG2BGYxr_omJWcgr-sUDr39bvOJPNL5RPt4DSow/edit#gid=171349938
season_010,Playoffs,playoffs,Illumise,illumise,illumise,RobinVGC,robinvgc,Choice Bandits,choicebandits,sheet_extracted,https://docs.google.com/spreadsheets/d/13smsrG2BGYxr_omJWcgr-sUDr39bvOJPNL5RPt4DSow/edit#gid=71150222;https://docs.google.com/spreadsheets/d/13smsrG2BGYxr_omJWcgr-sUDr39bvOJPNL5RPt4DSow/edit#gid=1215904780;https://docs.google.com/spreadsheets/d/13smsrG2BGYxr_omJWcgr-sUDr39bvOJPNL5RPt4DSow/edit#gid=1953790464;https://docs.google.com/spreadsheets/d/13smsrG2BGYxr_omJWcgr-sUDr39bvOJPNL5RPt4DSow/edit#gid=171349938
season_010,Regular Season,regular,Illumise,illumise,illumise,RobinVGC,robinvgc,Choice Bandits,choicebandits,sheet_extracted,https://docs.google.com/spreadsheets/d/13smsrG2BGYxr_omJWcgr-sUDr39bvOJPNL5RPt4DSow/edit#gid=1934543062;https://docs.google.com/spreadsheets/d/13smsrG2BGYxr_omJWcgr-sUDr39bvOJPNL5RPt4DSow/edit#gid=1465731937
season_010,Playoffs,,Kronjuwild,kronjuwild,sawsbuck,RobinVGC,robinvgc,Choice Bandits,choicebandits,sheet_extracted,https://docs.google.com/spreadsheets/d/13smsrG2BGYxr_omJWcgr-sUDr39bvOJPNL5RPt4DSow/edit#gid=71150222;https://docs.google.com/spreadsheets/d/13smsrG2BGYxr_omJWcgr-sUDr39bvOJPNL5RPt4DSow/edit#gid=1215904780;https://docs.google.com/spreadsheets/d/13smsrG2BGYxr_omJWcgr-sUDr39bvOJPNL5RPt4DSow/edit#gid=1953790464
season_010,Regular Season,regular,Kronjuwild,kronjuwild,sawsbuck,RobinVGC,robinvgc,Choice Bandits,choicebandits,sheet_extracted,https://docs.google.com/spreadsheets/d/13smsrG2BGYxr_omJWcgr-sUDr39bvOJPNL5RPt4DSow/edit#gid=1934543062;https://docs.google.com/spreadsheets/d/13smsrG2BGYxr_omJWcgr-sUDr39bvOJPNL5RPt4DSow/edit#gid=1465731937
season_010,Playoffs,playoffs,Latios,latios,latios,RobinVGC,robinvgc,Choice Bandits,choicebandits,sheet_extracted,https://docs.google.com/spreadsheets/d/13smsrG2BGYxr_omJWcgr-sUDr39bvOJPNL5RPt4DSow/edit#gid=71150222;https://docs.google.com/spreadsheets/d/13smsrG2BGYxr_omJWcgr-sUDr39bvOJPNL5RPt4DSow/edit#gid=1215904780;https://docs.google.com/spreadsheets/d/13smsrG2BGYxr_omJWcgr-sUDr39bvOJPNL5RPt4DSow/edit#gid=1953790464;https://docs.google.com/spreadsheets/d/13smsrG2BGYxr_omJWcgr-sUDr39bvOJPNL5RPt4DSow/edit#gid=171349938
season_010,Regular Season,regular,Latios,latios,latios,RobinVGC,robinvgc,Choice Bandits,choicebandits,sheet_extracted,https://docs.google.com/spreadsheets/d/13smsrG2BGYxr_omJWcgr-sUDr39bvOJPNL5RPt4DSow/edit#gid=1934543062;https://docs.google.com/spreadsheets/d/13smsrG2BGYxr_omJWcgr-sUDr39bvOJPNL5RPt4DSow/edit#gid=1465731937
season_010,Playoffs,playoffs,Montecarbo,montecarbo,coalossal,RobinVGC,robinvgc,Choice Bandits,choicebandits,sheet_extracted,https://docs.google.com/spreadsheets/d/13smsrG2BGYxr_omJWcgr-sUDr39bvOJPNL5RPt4DSow/edit#gid=71150222;https://docs.google.com/spreadsheets/d/13smsrG2BGYxr_omJWcgr-sUDr39bvOJPNL5RPt4DSow/edit#gid=1215904780;https://docs.google.com/spreadsheets/d/13smsrG2BGYxr_omJWcgr-sUDr39bvOJPNL5RPt4DSow/edit#gid=1953790464;https://docs.google.com/spreadsheets/d/13smsrG2BGYxr_omJWcgr-sUDr39bvOJPNL5RPt4DSow/edit#gid=171349938
season_010,Regular Season,regular,Montecarbo,montecarbo,coalossal,RobinVGC,robinvgc,Choice Bandits,choicebandits,sheet_extracted,https://docs.google.com/spreadsheets/d/13smsrG2BGYxr_omJWcgr-sUDr39bvOJPNL5RPt4DSow/edit#gid=1934543062;https://docs.google.com/spreadsheets/d/13smsrG2BGYxr_omJWcgr-sUDr39bvOJPNL5RPt4DSow/edit#gid=1465731937
season_010,Playoffs,playoffs,Rabigator,rabigator,krookodile,RobinVGC,robinvgc,Choice Bandits,choicebandits,sheet_extracted,https://docs.google.com/spreadsheets/d/13smsrG2BGYxr_omJWcgr-sUDr39bvOJPNL5RPt4DSow/edit#gid=71150222;https://docs.google.com/spreadsheets/d/13smsrG2BGYxr_omJWcgr-sUDr39bvOJPNL5RPt4DSow/edit#gid=1215904780;https://docs.google.com/spreadsheets/d/13smsrG2BGYxr_omJWcgr-sUDr39bvOJPNL5RPt4DSow/edit#gid=1953790464;https://docs.google.com/spreadsheets/d/13smsrG2BGYxr_omJWcgr-sUDr39bvOJPNL5RPt4DSow/edit#gid=171349938
season_010,Regular Season,regular,Rabigator,rabigator,krookodile,RobinVGC,robinvgc,Choice Bandits,choicebandits,sheet_extracted,https://docs.google.com/spreadsheets/d/13smsrG2BGYxr_omJWcgr-sUDr39bvOJPNL5RPt4DSow/edit#gid=1934543062;https://docs.google.com/spreadsheets/d/13smsrG2BGYxr_omJWcgr-sUDr39bvOJPNL5RPt4DSow/edit#gid=1465731937
season_010,Playoffs,playoffs,Raikou,raikou,raikou,RobinVGC,robinvgc,Choice Bandits,choicebandits,sheet_extracted,https://docs.google.com/spreadsheets/d/13smsrG2BGYxr_omJWcgr-sUDr39bvOJPNL5RPt4DSow/edit#gid=71150222;https://docs.google.com/spreadsheets/d/13smsrG2BGYxr_omJWcgr-sUDr39bvOJPNL5RPt4DSow/edit#gid=1215904780;https://docs.google.com/spreadsheets/d/13smsrG2BGYxr_omJWcgr-sUDr39bvOJPNL5RPt4DSow/edit#gid=1953790464;https://docs.google.com/spreadsheets/d/13smsrG2BGYxr_omJWcgr-sUDr39bvOJPNL5RPt4DSow/edit#gid=171349938
season_010,Regular Season,regular,Raikou,raikou,raikou,RobinVGC,robinvgc,Choice Bandits,choicebandits,sheet_extracted,https://docs.google.com/spreadsheets/d/13smsrG2BGYxr_omJWcgr-sUDr39bvOJPNL5RPt4DSow/edit#gid=1934543062;https://docs.google.com/spreadsheets/d/13smsrG2BGYxr_omJWcgr-sUDr39bvOJPNL5RPt4DSow/edit#gid=1465731937
season_010,Playoffs,,Registeel,registeel,registeel,RobinVGC,robinvgc,Choice Bandits,choicebandits,sheet_extracted,https://docs.google.com/spreadsheets/d/13smsrG2BGYxr_omJWcgr-sUDr39bvOJPNL5RPt4DSow/edit#gid=71150222;https://docs.google.com/spreadsheets/d/13smsrG2BGYxr_omJWcgr-sUDr39bvOJPNL5RPt4DSow/edit#gid=1215904780;https://docs.google.com/spreadsheets/d/13smsrG2BGYxr_omJWcgr-sUDr39bvOJPNL5RPt4DSow/edit#gid=1953790464
season_010,Regular Season,regular,Registeel,registeel,registeel,RobinVGC,robinvgc,Choice Bandits,choicebandits,sheet_extracted,https://docs.google.com/spreadsheets/d/13smsrG2BGYxr_omJWcgr-sUDr39bvOJPNL5RPt4DSow/edit#gid=1934543062;https://docs.google.com/spreadsheets/d/13smsrG2BGYxr_omJWcgr-sUDr39bvOJPNL5RPt4DSow/edit#gid=1465731937
season_010,Playoffs,playoffs,Resladero,resladero,hawlucha,RobinVGC,robinvgc,Choice Bandits,choicebandits,sheet_extracted,https://docs.google.com/spreadsheets/d/13smsrG2BGYxr_omJWcgr-sUDr39bvOJPNL5RPt4DSow/edit#gid=71150222;https://docs.google.com/spreadsheets/d/13smsrG2BGYxr_omJWcgr-sUDr39bvOJPNL5RPt4DSow/edit#gid=1215904780;https://docs.google.com/spreadsheets/d/13smsrG2BGYxr_omJWcgr-sUDr39bvOJPNL5RPt4DSow/edit#gid=1953790464;https://docs.google.com/spreadsheets/d/13smsrG2BGYxr_omJWcgr-sUDr39bvOJPNL5RPt4DSow/edit#gid=171349938
season_010,Playoffs,,Wie-Shu,wieshu,mienshao,RobinVGC,robinvgc,Choice Bandits,choicebandits,sheet_extracted,https://docs.google.com/spreadsheets/d/13smsrG2BGYxr_omJWcgr-sUDr39bvOJPNL5RPt4DSow/edit#gid=71150222;https://docs.google.com/spreadsheets/d/13smsrG2BGYxr_omJWcgr-sUDr39bvOJPNL5RPt4DSow/edit#gid=1215904780;https://docs.google.com/spreadsheets/d/13smsrG2BGYxr_omJWcgr-sUDr39bvOJPNL5RPt4DSow/edit#gid=1953790464
season_010,Regular Season,regular,Wie-Shu,wieshu,mienshao,RobinVGC,robinvgc,Choice Bandits,choicebandits,sheet_extracted,https://docs.google.com/spreadsheets/d/13smsrG2BGYxr_omJWcgr-sUDr39bvOJPNL5RPt4DSow/edit#gid=1934543062;https://docs.google.com/spreadsheets/d/13smsrG2BGYxr_omJWcgr-sUDr39bvOJPNL5RPt4DSow/edit#gid=1465731937
season_010,Regular Season,regular,Alola Vulnona,alolavulnona,ninetalesalola,Sirazoa,sirazoa,Eon Engine,eonengine,sheet_extracted,https://docs.google.com/spreadsheets/d/13smsrG2BGYxr_omJWcgr-sUDr39bvOJPNL5RPt4DSow/edit#gid=1934543062;https://docs.google.com/spreadsheets/d/13smsrG2BGYxr_omJWcgr-sUDr39bvOJPNL5RPt4DSow/edit#gid=1465731937
season_010,Regular Season,regular,Aquana,aquana,vaporeon,Sirazoa,sirazoa,Eon Engine,eonengine,sheet_extracted,https://docs.google.com/spreadsheets/d/13smsrG2BGYxr_omJWcgr-sUDr39bvOJPNL5RPt4DSow/edit#gid=1934543062;https://docs.google.com/spreadsheets/d/13smsrG2BGYxr_omJWcgr-sUDr39bvOJPNL5RPt4DSow/edit#gid=1465731937
season_010,Regular Season,regular,Brutalanda,brutalanda,salamence,Sirazoa,sirazoa,Eon Engine,eonengine,sheet_extracted,https://docs.google.com/spreadsheets/d/13smsrG2BGYxr_omJWcgr-sUDr39bvOJPNL5RPt4DSow/edit#gid=1934543062;https://docs.google.com/spreadsheets/d/13smsrG2BGYxr_omJWcgr-sUDr39bvOJPNL5RPt4DSow/edit#gid=1465731937
season_010,Regular Season,regular,Chimstix,chimstix,thwackey,Sirazoa,sirazoa,Eon Engine,eonengine,sheet_extracted,https://docs.google.com/spreadsheets/d/13smsrG2BGYxr_omJWcgr-sUDr39bvOJPNL5RPt4DSow/edit#gid=1934543062;https://docs.google.com/spreadsheets/d/13smsrG2BGYxr_omJWcgr-sUDr39bvOJPNL5RPt4DSow/edit#gid=1465731937
season_010,Regular Season,regular,Jirachi,jirachi,jirachi,Sirazoa,sirazoa,Eon Engine,eonengine,sheet_extracted,https://docs.google.com/spreadsheets/d/13smsrG2BGYxr_omJWcgr-sUDr39bvOJPNL5RPt4DSow/edit#gid=1934543062;https://docs.google.com/spreadsheets/d/13smsrG2BGYxr_omJWcgr-sUDr39bvOJPNL5RPt4DSow/edit#gid=1465731937
season_010,Regular Season,regular,Kolowal,kolowal,cetitan,Sirazoa,sirazoa,Eon Engine,eonengine,sheet_extracted,https://docs.google.com/spreadsheets/d/13smsrG2BGYxr_omJWcgr-sUDr39bvOJPNL5RPt4DSow/edit#gid=1934543062;https://docs.google.com/spreadsheets/d/13smsrG2BGYxr_omJWcgr-sUDr39bvOJPNL5RPt4DSow/edit#gid=1465731937
season_010,Regular Season,regular,Morpeko,morpeko,morpeko,Sirazoa,sirazoa,Eon Engine,eonengine,sheet_extracted,https://docs.google.com/spreadsheets/d/13smsrG2BGYxr_omJWcgr-sUDr39bvOJPNL5RPt4DSow/edit#gid=1934543062;https://docs.google.com/spreadsheets/d/13smsrG2BGYxr_omJWcgr-sUDr39bvOJPNL5RPt4DSow/edit#gid=1465731937
season_010,Regular Season,regular,Riesenzahn,riesenzahn,greattusk,Sirazoa,sirazoa,Eon Engine,eonengine,sheet_extracted,https://docs.google.com/spreadsheets/d/13smsrG2BGYxr_omJWcgr-sUDr39bvOJPNL5RPt4DSow/edit#gid=1934543062;https://docs.google.com/spreadsheets/d/13smsrG2BGYxr_omJWcgr-sUDr39bvOJPNL5RPt4DSow/edit#gid=1465731937
season_010,Regular Season,regular,Riffex-Hoch,riffexhoch,toxtricity,Sirazoa,sirazoa,Eon Engine,eonengine,sheet_extracted,https://docs.google.com/spreadsheets/d/13smsrG2BGYxr_omJWcgr-sUDr39bvOJPNL5RPt4DSow/edit#gid=1934543062;https://docs.google.com/spreadsheets/d/13smsrG2BGYxr_omJWcgr-sUDr39bvOJPNL5RPt4DSow/edit#gid=1465731937
season_010,Regular Season,regular,Skorgla,skorgla,gligar,Sirazoa,sirazoa,Eon Engine,eonengine,sheet_extracted,https://docs.google.com/spreadsheets/d/13smsrG2BGYxr_omJWcgr-sUDr39bvOJPNL5RPt4DSow/edit#gid=1934543062;https://docs.google.com/spreadsheets/d/13smsrG2BGYxr_omJWcgr-sUDr39bvOJPNL5RPt4DSow/edit#gid=1465731937
season_010,Regular Season,regular,Volcanion,volcanion,volcanion,Sirazoa,sirazoa,Eon Engine,eonengine,sheet_extracted,https://docs.google.com/spreadsheets/d/13smsrG2BGYxr_omJWcgr-sUDr39bvOJPNL5RPt4DSow/edit#gid=1934543062;https://docs.google.com/spreadsheets/d/13smsrG2BGYxr_omJWcgr-sUDr39bvOJPNL5RPt4DSow/edit#gid=1465731937
season_010,Regular Season,regular,Arktos,arktos,articuno,Snomnie,snomnie,Corvi Crushers,corvicrushers,sheet_extracted,https://docs.google.com/spreadsheets/d/13smsrG2BGYxr_omJWcgr-sUDr39bvOJPNL5RPt4DSow/edit#gid=1934543062;https://docs.google.com/spreadsheets/d/13smsrG2BGYxr_omJWcgr-sUDr39bvOJPNL5RPt4DSow/edit#gid=1465731937
season_010,Regular Season,regular,Florges,florges,florges,Snomnie,snomnie,Corvi Crushers,corvicrushers,sheet_extracted,https://docs.google.com/spreadsheets/d/13smsrG2BGYxr_omJWcgr-sUDr39bvOJPNL5RPt4DSow/edit#gid=1934543062;https://docs.google.com/spreadsheets/d/13smsrG2BGYxr_omJWcgr-sUDr39bvOJPNL5RPt4DSow/edit#gid=1465731937
season_010,Regular Season,regular,Golgantes,golgantes,golurk,Snomnie,snomnie,Corvi Crushers,corvicrushers,sheet_extracted,https://docs.google.com/spreadsheets/d/13smsrG2BGYxr_omJWcgr-sUDr39bvOJPNL5RPt4DSow/edit#gid=1934543062;https://docs.google.com/spreadsheets/d/13smsrG2BGYxr_omJWcgr-sUDr39bvOJPNL5RPt4DSow/edit#gid=1465731937
season_010,Regular Season,regular,Infamomo,infamomo,pecharunt,Snomnie,snomnie,Corvi Crushers,corvicrushers,sheet_extracted,https://docs.google.com/spreadsheets/d/13smsrG2BGYxr_omJWcgr-sUDr39bvOJPNL5RPt4DSow/edit#gid=1934543062;https://docs.google.com/spreadsheets/d/13smsrG2BGYxr_omJWcgr-sUDr39bvOJPNL5RPt4DSow/edit#gid=1465731937
season_010,Regular Season,regular,Liberlo,liberlo,cinderace,Snomnie,snomnie,Corvi Crushers,corvicrushers,sheet_extracted,https://docs.google.com/spreadsheets/d/13smsrG2BGYxr_omJWcgr-sUDr39bvOJPNL5RPt4DSow/edit#gid=1934543062;https://docs.google.com/spreadsheets/d/13smsrG2BGYxr_omJWcgr-sUDr39bvOJPNL5RPt4DSow/edit#gid=1465731937
season_010,Regular Season,regular,Meloetta,meloetta,meloetta,Snomnie,snomnie,Corvi Crushers,corvicrushers,sheet_extracted,https://docs.google.com/spreadsheets/d/13smsrG2BGYxr_omJWcgr-sUDr39bvOJPNL5RPt4DSow/edit#gid=1934543062;https://docs.google.com/spreadsheets/d/13smsrG2BGYxr_omJWcgr-sUDr39bvOJPNL5RPt4DSow/edit#gid=1465731937
season_010,Regular Season,regular,Nockchan,nockchan,hitmonchan,Snomnie,snomnie,Corvi Crushers,corvicrushers,sheet_extracted,https://docs.google.com/spreadsheets/d/13smsrG2BGYxr_omJWcgr-sUDr39bvOJPNL5RPt4DSow/edit#gid=1934543062;https://docs.google.com/spreadsheets/d/13smsrG2BGYxr_omJWcgr-sUDr39bvOJPNL5RPt4DSow/edit#gid=1465731937
season_010,Regular Season,regular,Ogerpon-Wasser,ogerponwasser,ogerponwellspring,Snomnie,snomnie,Corvi Crushers,corvicrushers,sheet_extracted,https://docs.google.com/spreadsheets/d/13smsrG2BGYxr_omJWcgr-sUDr39bvOJPNL5RPt4DSow/edit#gid=1934543062;https://docs.google.com/spreadsheets/d/13smsrG2BGYxr_omJWcgr-sUDr39bvOJPNL5RPt4DSow/edit#gid=1465731937
season_010,Regular Season,regular,Regieleki,regieleki,regieleki,Snomnie,snomnie,Corvi Crushers,corvicrushers,sheet_extracted,https://docs.google.com/spreadsheets/d/13smsrG2BGYxr_omJWcgr-sUDr39bvOJPNL5RPt4DSow/edit#gid=1934543062;https://docs.google.com/spreadsheets/d/13smsrG2BGYxr_omJWcgr-sUDr39bvOJPNL5RPt4DSow/edit#gid=1465731937
season_010,Regular Season,regular,Schlurm,schlurm,orthworm,Snomnie,snomnie,Corvi Crushers,corvicrushers,sheet_extracted,https://docs.google.com/spreadsheets/d/13smsrG2BGYxr_omJWcgr-sUDr39bvOJPNL5RPt4DSow/edit#gid=1934543062;https://docs.google.com/spreadsheets/d/13smsrG2BGYxr_omJWcgr-sUDr39bvOJPNL5RPt4DSow/edit#gid=1465731937
season_010,Regular Season,regular,Trikephalo,trikephalo,hydreigon,Snomnie,snomnie,Corvi Crushers,corvicrushers,sheet_extracted,https://docs.google.com/spreadsheets/d/13smsrG2BGYxr_omJWcgr-sUDr39bvOJPNL5RPt4DSow/edit#gid=1934543062;https://docs.google.com/spreadsheets/d/13smsrG2BGYxr_omJWcgr-sUDr39bvOJPNL5RPt4DSow/edit#gid=1465731937
