pokemon,pokemon_normalized,appearances,kills,deaths,differential,seasons,season_list,titles,title_seasons,trainers,teams,source_urls
Demeteros-T,demeteros t,95,183,11,172,9,"Season 1, Season 2, Season 3, Season 4, Season 5, Season 6, Season 8, Season 9, Season 10",1,Season 4,Bene; CaptainCrinch; Dauni Daunstar; DirtyD64; Hydronic; Maxi von Vogel; Parsifani; PresentLP; Raizor; RegiBang; Stratocopter TV; glebber,Crinchilla; Crustle Crusaders; Persian Carpets; Prekani; Ritter der Tapukokosnuss; Scherzkekse; Soulstealer,data/manual/team_pokemon_usage.csv;https://docs.google.com/spreadsheets/d/11wxsKyCydVmDjp4kGLJAOLPM_LgwCLN2GYpbDQkNtkk/edit#gid=1588964432;https://docs.google.com/spreadsheets/d/11wxsKyCydVmDjp4kGLJAOLPM_LgwCLN2GYpbDQkNtkk/edit#gid=1843013406;https://docs.google.com/spreadsheets/d/13smsrG2BGYxr_omJWcgr-sUDr39bvOJPNL5RPt4DSow/edit#gid=1934543062;https://docs.google.com/spreadsheets/d/13smsrG2BGYxr_omJWcgr-sUDr39bvOJPNL5RPt4DSow/edit#gid=71150222;https://docs.google.com/spreadsheets/d/1B2uTMvWlAHb7WlpupJV1A2Hbi3K3U1vCyoFV0wCapcw/edit#gid=1846395979;https://docs.google.com/spreadsheets/d/1B2uTMvWlAHb7WlpupJV1A2Hbi3K3U1vCyoFV0wCapcw/edit#gid=26363830;https://docs.google.com/spreadsheets/d/1FUsClf5qEny-BHY5Djp8rIwRJKBSJDvygJ8LBa62FEo/edit#gid=0;https://docs.google.com/spreadsheets/d/1JZpA-5XDldN2bjfvhvBPHYK-1AENETLnF1UxNEpWlNA/edit#gid=352888197;https://docs.google.com/spreadsheets/d/1kiwDk4NgYoKb0Oo9yqzwl9HXHxuQ_0I5gkb1JtE57PI/edit#gid=0;https://docs.google.com/spreadsheets/d/1odsNRAZStW1GzmpXwmg27dqjOlch7w8syZOZ5Z2OQRg/edit#gid=0;https://docs.google.com/spreadsheets/d/1rZd3D0JRNj3lK0ZKdMXPLvCNBofRhFsvW0AlPuBk3VE/edit#gid=0;https://docs.google.com/spreadsheets/d/1uo7-E_E2jbehB2hbBurpPayP_0fKY5sPZcFgZmfLydY/edit#gid=1526488506;https://docs.google.com/spreadsheets/d/1uo7-E_E2jbehB2hbBurpPayP_0fKY5sPZcFgZmfLydY/edit#gid=1696255979;https://docs.google.com/spreadsheets/d/1uo7-E_E2jbehB2hbBurpPayP_0fKY5sPZcFgZmfLydY/edit#gid=520178140;output/team-graphics/s3/GPL Teams Spieltag 14 (1).jpg;output/team-graphics/s4/Ritter der Tapukokosnuss - FullLifeGames.png;output/team-graphics/s5/Crinchilla.png
Azumarill,azumarill,54,174,0,174,6,"Season 2, Season 3, Season 4, Season 5, Season 8, Season 9",0,,CaptainCrinch; Hydronic; Maxi von Vogel; Minetube; Parsifani; PresentLP; Professor N; Raikani; Raizor; Shiro,Crinchilla; Howling Commandos; Soulblaze; Triyolotree,data/manual/pokemon_killlists.csv;data/manual/team_pokemon_usage.csv;https://docs.google.com/spreadsheets/d/1B2uTMvWlAHb7WlpupJV1A2Hbi3K3U1vCyoFV0wCapcw/edit#gid=1846395979;https://docs.google.com/spreadsheets/d/1B2uTMvWlAHb7WlpupJV1A2Hbi3K3U1vCyoFV0wCapcw/edit#gid=26363830;https://docs.google.com/spreadsheets/d/1FUsClf5qEny-BHY5Djp8rIwRJKBSJDvygJ8LBa62FEo/edit#gid=0;https://docs.google.com/spreadsheets/d/1JZpA-5XDldN2bjfvhvBPHYK-1AENETLnF1UxNEpWlNA/edit#gid=352888197;https://docs.google.com/spreadsheets/d/1odsNRAZStW1GzmpXwmg27dqjOlch7w8syZOZ5Z2OQRg/edit#gid=0;https://docs.google.com/spreadsheets/d/1uo7-E_E2jbehB2hbBurpPayP_0fKY5sPZcFgZmfLydY/edit#gid=1526488506;https://docs.google.com/spreadsheets/d/1uo7-E_E2jbehB2hbBurpPayP_0fKY5sPZcFgZmfLydY/edit#gid=1696255979;https://docs.google.com/spreadsheets/d/1uo7-E_E2jbehB2hbBurpPayP_0fKY5sPZcFgZmfLydY/edit#gid=520178140;output/team-graphics/s3/GPL Teams Spieltag 14 (2).jpg;output/team-graphics/s4/Minetube - Triyolotree.png;output/team-graphics/s5/Howling Commandos.png
Stalobor,stalobor,79,172,12,160,8,"Season 2, Season 3, Season 5, Season 6, Season 7, Season 8, Season 9, Season 10",0,,Art'n'Gaming; KingBlex; Minetube; OGDNZ; Raizor; Scherany; SurskitTV,Little Litleos; Soulstealer; Throes Mad; Toon World; Triyolotree; Unbound Zoroarks,data/manual/pokemon_killlists.csv;data/manual/team_pokemon_usage.csv;https://docs.google.com/spreadsheets/d/11wxsKyCydVmDjp4kGLJAOLPM_LgwCLN2GYpbDQkNtkk/edit#gid=1843013406;https://docs.google.com/spreadsheets/d/11wxsKyCydVmDjp4kGLJAOLPM_LgwCLN2GYpbDQkNtkk/edit#gid=654435343;https://docs.google.com/spreadsheets/d/13smsrG2BGYxr_omJWcgr-sUDr39bvOJPNL5RPt4DSow/edit#gid=1934543062;https://docs.google.com/spreadsheets/d/13smsrG2BGYxr_omJWcgr-sUDr39bvOJPNL5RPt4DSow/edit#gid=71150222;https://docs.google.com/spreadsheets/d/1B2uTMvWlAHb7WlpupJV1A2Hbi3K3U1vCyoFV0wCapcw/edit#gid=1846395979;https://docs.google.com/spreadsheets/d/1FUsClf5qEny-BHY5Djp8rIwRJKBSJDvygJ8LBa62FEo/edit#gid=0;https://docs.google.com/spreadsheets/d/1JZpA-5XDldN2bjfvhvBPHYK-1AENETLnF1UxNEpWlNA/edit#gid=352888197;https://docs.google.com/spreadsheets/d/1nwiq_ggEj7QePeZGMR2xoi0bEHJr_ZGO24YCRdt93No/edit#gid=857670931;https://docs.google.com/spreadsheets/d/1uo7-E_E2jbehB2hbBurpPayP_0fKY5sPZcFgZmfLydY/edit#gid=1526488506;https://docs.google.com/spreadsheets/d/1uo7-E_E2jbehB2hbBurpPayP_0fKY5sPZcFgZmfLydY/edit#gid=1696255979;https://docs.google.com/spreadsheets/d/1uo7-E_E2jbehB2hbBurpPayP_0fKY5sPZcFgZmfLydY/edit#gid=520178140;output/team-graphics/s3/GPL Teams Spieltag 14 (1).jpg;output/team-graphics/s5/Triyolotree.png
Mamutel,mamutel,39,143,0,143,8,"Season 1, Season 2, Season 3, Season 5, Season 6, Season 8, Season 9, Season 10",1,Season 5,Blocki; CaptainCrinch; DaumenkinoLP; Dauni Daunstar; Domji; Lauris; LightGaming; Nestfloh; Parsifani; Raikani; Shizumania; glebber,Crinchilla; Mythical FighterZ; Shining Legends; Shockwaving Magearnas; Voltwizards,data/manual/pokemon_killlists.csv;data/manual/team_pokemon_usage.csv;https://docs.google.com/spreadsheets/d/11wxsKyCydVmDjp4kGLJAOLPM_LgwCLN2GYpbDQkNtkk/edit#gid=1588964432;https://docs.google.com/spreadsheets/d/13smsrG2BGYxr_omJWcgr-sUDr39bvOJPNL5RPt4DSow/edit#gid=1934543062;https://docs.google.com/spreadsheets/d/1B2uTMvWlAHb7WlpupJV1A2Hbi3K3U1vCyoFV0wCapcw/edit#gid=26363830;https://docs.google.com/spreadsheets/d/1FUsClf5qEny-BHY5Djp8rIwRJKBSJDvygJ8LBa62FEo/edit#gid=0;https://docs.google.com/spreadsheets/d/1JZpA-5XDldN2bjfvhvBPHYK-1AENETLnF1UxNEpWlNA/edit#gid=352888197;https://docs.google.com/spreadsheets/d/1kiwDk4NgYoKb0Oo9yqzwl9HXHxuQ_0I5gkb1JtE57PI/edit#gid=0;https://docs.google.com/spreadsheets/d/1nONaKwJcrN04APGKN-HrZ8yavwZdFkfnaA59Zp1sdBU/edit#gid=1708603996;https://docs.google.com/spreadsheets/d/1odsNRAZStW1GzmpXwmg27dqjOlch7w8syZOZ5Z2OQRg/edit#gid=0;https://docs.google.com/spreadsheets/d/1uo7-E_E2jbehB2hbBurpPayP_0fKY5sPZcFgZmfLydY/edit#gid=1526488506;https://docs.google.com/spreadsheets/d/1uo7-E_E2jbehB2hbBurpPayP_0fKY5sPZcFgZmfLydY/edit#gid=1696255979;https://docs.google.com/spreadsheets/d/1uo7-E_E2jbehB2hbBurpPayP_0fKY5sPZcFgZmfLydY/edit#gid=520178140;output/team-graphics/s3/GPL Teams Spieltag 14 (2).jpg;output/team-graphics/s5/Shockwaving Magearnas.png
Katapuldra,katapuldra,113,143,12,131,4,"Season 7, Season 8, Season 9, Season 10",0,,Barry D. Sin of Speed; ElektechN9ne; Nestfloh; PresentLP; Raizor; RegiBang,Böller Brüder; Launching Dragapults; Soulblaze,https://docs.google.com/spreadsheets/d/13smsrG2BGYxr_omJWcgr-sUDr39bvOJPNL5RPt4DSow/edit#gid=1934543062;https://docs.google.com/spreadsheets/d/13smsrG2BGYxr_omJWcgr-sUDr39bvOJPNL5RPt4DSow/edit#gid=71150222;https://docs.google.com/spreadsheets/d/1B2uTMvWlAHb7WlpupJV1A2Hbi3K3U1vCyoFV0wCapcw/edit#gid=1846395979;https://docs.google.com/spreadsheets/d/1B2uTMvWlAHb7WlpupJV1A2Hbi3K3U1vCyoFV0wCapcw/edit#gid=26363830;https://docs.google.com/spreadsheets/d/1nwiq_ggEj7QePeZGMR2xoi0bEHJr_ZGO24YCRdt93No/edit#gid=857670931;https://docs.google.com/spreadsheets/d/1uo7-E_E2jbehB2hbBurpPayP_0fKY5sPZcFgZmfLydY/edit#gid=1526488506;https://docs.google.com/spreadsheets/d/1uo7-E_E2jbehB2hbBurpPayP_0fKY5sPZcFgZmfLydY/edit#gid=1696255979;https://docs.google.com/spreadsheets/d/1uo7-E_E2jbehB2hbBurpPayP_0fKY5sPZcFgZmfLydY/edit#gid=520178140
Terrakium,terrakium,66,137,12,125,8,"Season 2, Season 3, Season 5, Season 6, Season 7, Season 8, Season 9, Season 10",0,,Art'n'Gaming; Dauni Daunstar; Hydronic; Maxi von Vogel; Minetube; Nestfloh; Pokgalaxy; Raikani,Baltoy Story; Fen and Gator; Lazycakes; Little Littleos; Pfundskerle; Triyolotree,data/manual/pokemon_killlists.csv;data/manual/team_pokemon_usage.csv;https://docs.google.com/spreadsheets/d/11wxsKyCydVmDjp4kGLJAOLPM_LgwCLN2GYpbDQkNtkk/edit#gid=1843013406;https://docs.google.com/spreadsheets/d/11wxsKyCydVmDjp4kGLJAOLPM_LgwCLN2GYpbDQkNtkk/edit#gid=654435343;https://docs.google.com/spreadsheets/d/13smsrG2BGYxr_omJWcgr-sUDr39bvOJPNL5RPt4DSow/edit#gid=1934543062;https://docs.google.com/spreadsheets/d/13smsrG2BGYxr_omJWcgr-sUDr39bvOJPNL5RPt4DSow/edit#gid=71150222;https://docs.google.com/spreadsheets/d/1B2uTMvWlAHb7WlpupJV1A2Hbi3K3U1vCyoFV0wCapcw/edit#gid=26363830;https://docs.google.com/spreadsheets/d/1JZpA-5XDldN2bjfvhvBPHYK-1AENETLnF1UxNEpWlNA/edit#gid=352888197;https://docs.google.com/spreadsheets/d/1nwiq_ggEj7QePeZGMR2xoi0bEHJr_ZGO24YCRdt93No/edit#gid=857670931;https://docs.google.com/spreadsheets/d/1odsNRAZStW1GzmpXwmg27dqjOlch7w8syZOZ5Z2OQRg/edit#gid=0;https://docs.google.com/spreadsheets/d/1uo7-E_E2jbehB2hbBurpPayP_0fKY5sPZcFgZmfLydY/edit#gid=1526488506;https://docs.google.com/spreadsheets/d/1uo7-E_E2jbehB2hbBurpPayP_0fKY5sPZcFgZmfLydY/edit#gid=1696255979;https://docs.google.com/spreadsheets/d/1uo7-E_E2jbehB2hbBurpPayP_0fKY5sPZcFgZmfLydY/edit#gid=520178140;output/team-graphics/s3/GPL Teams Spieltag 14 (2).jpg;output/team-graphics/s5/Triyolotree.png
Entei,entei,44,135,5,130,8,"Season 1, Season 2, Season 3, Season 4, Season 5, Season 6, Season 9, Season 10",0,,Art'n'Gaming; CaptainCrinch; DaumenkinoLP; Maxi von Vogel; Oktopaul; PokeBazi; Pokgalaxy; PresentLP; Raizor; Shizumania; SteveParker; Tabasco TV,Aggron Berlin; Fen and Gator; Prekani; Soulstealer; Suicide Squad; Unbound Soul; Unbound Zoroarks,data/manual/pokemon_killlists.csv;data/manual/team_pokemon_usage.csv;https://docs.google.com/spreadsheets/d/11wxsKyCydVmDjp4kGLJAOLPM_LgwCLN2GYpbDQkNtkk/edit#gid=1588964432;https://docs.google.com/spreadsheets/d/11wxsKyCydVmDjp4kGLJAOLPM_LgwCLN2GYpbDQkNtkk/edit#gid=1843013406;https://docs.google.com/spreadsheets/d/11wxsKyCydVmDjp4kGLJAOLPM_LgwCLN2GYpbDQkNtkk/edit#gid=654435343;https://docs.google.com/spreadsheets/d/13smsrG2BGYxr_omJWcgr-sUDr39bvOJPNL5RPt4DSow/edit#gid=1934543062;https://docs.google.com/spreadsheets/d/13smsrG2BGYxr_omJWcgr-sUDr39bvOJPNL5RPt4DSow/edit#gid=71150222;https://docs.google.com/spreadsheets/d/1FUsClf5qEny-BHY5Djp8rIwRJKBSJDvygJ8LBa62FEo/edit#gid=0;https://docs.google.com/spreadsheets/d/1JZpA-5XDldN2bjfvhvBPHYK-1AENETLnF1UxNEpWlNA/edit#gid=352888197;https://docs.google.com/spreadsheets/d/1kiwDk4NgYoKb0Oo9yqzwl9HXHxuQ_0I5gkb1JtE57PI/edit#gid=0;https://docs.google.com/spreadsheets/d/1odsNRAZStW1GzmpXwmg27dqjOlch7w8syZOZ5Z2OQRg/edit#gid=0;https://docs.google.com/spreadsheets/d/1uo7-E_E2jbehB2hbBurpPayP_0fKY5sPZcFgZmfLydY/edit#gid=1526488506;https://docs.google.com/spreadsheets/d/1uo7-E_E2jbehB2hbBurpPayP_0fKY5sPZcFgZmfLydY/edit#gid=1696255979;https://docs.google.com/spreadsheets/d/1uo7-E_E2jbehB2hbBurpPayP_0fKY5sPZcFgZmfLydY/edit#gid=520178140;output/team-graphics/s3/GPL Teams Spieltag 14 (1).jpg;output/team-graphics/s4/Suicide Squad - CaptainCrinch.png;output/team-graphics/s5/Prekani.png
Trikephalo,trikephalo,39,133,0,133,8,"Season 2, Season 3, Season 4, Season 5, Season 6, Season 7, Season 9, Season 10",1,Season 4,Bene; BraveBird; DaumenkinoLP; LightGaming; LucarioLP; Maxi von Vogel; Minetube; Nestfloh; Pokgalaxy; Professor N; Raizor; Snomnie; Tabasco TV; glebber,Aggron Berlin; Corvi Crushers; Fen and Gator; Flutschige Zäpfchen; Howling Commandos; Ritter der Tapukokosnuss; Triyolotree; Youngstars,data/manual/team_pokemon_usage.csv;https://docs.google.com/spreadsheets/d/11wxsKyCydVmDjp4kGLJAOLPM_LgwCLN2GYpbDQkNtkk/edit#gid=1588964432;https://docs.google.com/spreadsheets/d/11wxsKyCydVmDjp4kGLJAOLPM_LgwCLN2GYpbDQkNtkk/edit#gid=1843013406;https://docs.google.com/spreadsheets/d/11wxsKyCydVmDjp4kGLJAOLPM_LgwCLN2GYpbDQkNtkk/edit#gid=654435343;https://docs.google.com/spreadsheets/d/13smsrG2BGYxr_omJWcgr-sUDr39bvOJPNL5RPt4DSow/edit#gid=1934543062;https://docs.google.com/spreadsheets/d/1FUsClf5qEny-BHY5Djp8rIwRJKBSJDvygJ8LBa62FEo/edit#gid=0;https://docs.google.com/spreadsheets/d/1JZpA-5XDldN2bjfvhvBPHYK-1AENETLnF1UxNEpWlNA/edit#gid=352888197;https://docs.google.com/spreadsheets/d/1nwiq_ggEj7QePeZGMR2xoi0bEHJr_ZGO24YCRdt93No/edit#gid=857670931;https://docs.google.com/spreadsheets/d/1odsNRAZStW1GzmpXwmg27dqjOlch7w8syZOZ5Z2OQRg/edit#gid=0;https://docs.google.com/spreadsheets/d/1rZd3D0JRNj3lK0ZKdMXPLvCNBofRhFsvW0AlPuBk3VE/edit#gid=0;https://docs.google.com/spreadsheets/d/1uo7-E_E2jbehB2hbBurpPayP_0fKY5sPZcFgZmfLydY/edit#gid=1526488506;https://docs.google.com/spreadsheets/d/1uo7-E_E2jbehB2hbBurpPayP_0fKY5sPZcFgZmfLydY/edit#gid=1696255979;https://docs.google.com/spreadsheets/d/1uo7-E_E2jbehB2hbBurpPayP_0fKY5sPZcFgZmfLydY/edit#gid=520178140;output/team-graphics/s3/GPL Teams Spieltag 14 (2).jpg;output/team-graphics/s4/Ritter der Tapukokosnuss - FullLifeGames.png;output/team-graphics/s5/Howling Commandos.png
Scherox,scherox,65,133,10,123,7,"Season 1, Season 2, Season 3, Season 6, Season 8, Season 9, Season 10",1,Season 9,Barry D. Sin of Speed; BelmontGabriel; Bene; BraveBird; DaumenkinoLP; Dauni Daunstar; El Scizor; ElektechN9ne; LightGaming; LucarioLP; Morbol; PokeBazi; PokeBree; glebber,Krebuknackis; Niemandsland; Pfundskerle; Victory Instinct; Youngstars,data/manual/team_pokemon_usage.csv;https://docs.google.com/spreadsheets/d/11wxsKyCydVmDjp4kGLJAOLPM_LgwCLN2GYpbDQkNtkk/edit#gid=1588964432;https://docs.google.com/spreadsheets/d/11wxsKyCydVmDjp4kGLJAOLPM_LgwCLN2GYpbDQkNtkk/edit#gid=1843013406;https://docs.google.com/spreadsheets/d/11wxsKyCydVmDjp4kGLJAOLPM_LgwCLN2GYpbDQkNtkk/edit#gid=654435343;https://docs.google.com/spreadsheets/d/13smsrG2BGYxr_omJWcgr-sUDr39bvOJPNL5RPt4DSow/edit#gid=1934543062;https://docs.google.com/spreadsheets/d/13smsrG2BGYxr_omJWcgr-sUDr39bvOJPNL5RPt4DSow/edit#gid=71150222;https://docs.google.com/spreadsheets/d/1B2uTMvWlAHb7WlpupJV1A2Hbi3K3U1vCyoFV0wCapcw/edit#gid=1846395979;https://docs.google.com/spreadsheets/d/1B2uTMvWlAHb7WlpupJV1A2Hbi3K3U1vCyoFV0wCapcw/edit#gid=26363830;https://docs.google.com/spreadsheets/d/1JZpA-5XDldN2bjfvhvBPHYK-1AENETLnF1UxNEpWlNA/edit#gid=352888197;https://docs.google.com/spreadsheets/d/1kiwDk4NgYoKb0Oo9yqzwl9HXHxuQ_0I5gkb1JtE57PI/edit#gid=0;https://docs.google.com/spreadsheets/d/1odsNRAZStW1GzmpXwmg27dqjOlch7w8syZOZ5Z2OQRg/edit#gid=0;https://docs.google.com/spreadsheets/d/1uo7-E_E2jbehB2hbBurpPayP_0fKY5sPZcFgZmfLydY/edit#gid=1526488506;https://docs.google.com/spreadsheets/d/1uo7-E_E2jbehB2hbBurpPayP_0fKY5sPZcFgZmfLydY/edit#gid=1696255979;https://docs.google.com/spreadsheets/d/1uo7-E_E2jbehB2hbBurpPayP_0fKY5sPZcFgZmfLydY/edit#gid=1953155019;https://docs.google.com/spreadsheets/d/1uo7-E_E2jbehB2hbBurpPayP_0fKY5sPZcFgZmfLydY/edit#gid=520178140;output/team-graphics/s3/GPL Teams Spieltag 14 (1).jpg
Nidoking,nidoking,17,129,0,129,6,"Season 1, Season 2, Season 3, Season 4, Season 5, Season 8",1,Season 3,Barry D. Sin of Speed; BelmontGabriel; DirtyD64; Fnupa; Lets Kayze; OGDNZ; Oktopaul; PokeBree; PresentLP; Raikani; Raizor; WolvX,Marvelous Speedsters; Prekani; Slicing Knights,data/manual/pokemon_killlists.csv;data/manual/team_pokemon_usage.csv;https://docs.google.com/spreadsheets/d/13ggv8-k1WCcrrjlwXb-ZoSwhODIQlG_NVffp3TGKOgI/edit#gid=0;https://docs.google.com/spreadsheets/d/1B2uTMvWlAHb7WlpupJV1A2Hbi3K3U1vCyoFV0wCapcw/edit#gid=1846395979;https://docs.google.com/spreadsheets/d/1B2uTMvWlAHb7WlpupJV1A2Hbi3K3U1vCyoFV0wCapcw/edit#gid=26363830;https://docs.google.com/spreadsheets/d/1FUsClf5qEny-BHY5Djp8rIwRJKBSJDvygJ8LBa62FEo/edit#gid=0;https://docs.google.com/spreadsheets/d/1JZpA-5XDldN2bjfvhvBPHYK-1AENETLnF1UxNEpWlNA/edit#gid=352888197;https://docs.google.com/spreadsheets/d/1kiwDk4NgYoKb0Oo9yqzwl9HXHxuQ_0I5gkb1JtE57PI/edit#gid=0;https://docs.google.com/spreadsheets/d/1odsNRAZStW1GzmpXwmg27dqjOlch7w8syZOZ5Z2OQRg/edit#gid=0;output/team-graphics/s3/GPL Teams Spieltag 14 (1).jpg;output/team-graphics/s4/Slicing Knights - Cabgolord.png;output/team-graphics/s5/Marvelous Speedsters.png
Knakrack,knakrack,87,129,3,126,7,"Season 3, Season 4, Season 5, Season 6, Season 8, Season 9, Season 10",0,,Barry D. Sin of Speed; Bene; Blocki; Hydronic; Minetube; Pokgalaxy; PresentLP; Raizor; RegiBang,Akatsuki Amphibianz; Glorious Emperors; Kleinsteins;Gate; Prekani; Tails of Mystery; Triyolotree,data/manual/pokemon_killlists.csv;data/manual/team_pokemon_usage.csv;https://docs.google.com/spreadsheets/d/11wxsKyCydVmDjp4kGLJAOLPM_LgwCLN2GYpbDQkNtkk/edit#gid=1588964432;https://docs.google.com/spreadsheets/d/11wxsKyCydVmDjp4kGLJAOLPM_LgwCLN2GYpbDQkNtkk/edit#gid=654435343;https://docs.google.com/spreadsheets/d/13smsrG2BGYxr_omJWcgr-sUDr39bvOJPNL5RPt4DSow/edit#gid=1934543062;https://docs.google.com/spreadsheets/d/13smsrG2BGYxr_omJWcgr-sUDr39bvOJPNL5RPt4DSow/edit#gid=71150222;https://docs.google.com/spreadsheets/d/1B2uTMvWlAHb7WlpupJV1A2Hbi3K3U1vCyoFV0wCapcw/edit#gid=1846395979;https://docs.google.com/spreadsheets/d/1B2uTMvWlAHb7WlpupJV1A2Hbi3K3U1vCyoFV0wCapcw/edit#gid=26363830;https://docs.google.com/spreadsheets/d/1JZpA-5XDldN2bjfvhvBPHYK-1AENETLnF1UxNEpWlNA/edit#gid=352888197;https://docs.google.com/spreadsheets/d/1uo7-E_E2jbehB2hbBurpPayP_0fKY5sPZcFgZmfLydY/edit#gid=1526488506;https://docs.google.com/spreadsheets/d/1uo7-E_E2jbehB2hbBurpPayP_0fKY5sPZcFgZmfLydY/edit#gid=1696255979;https://docs.google.com/spreadsheets/d/1uo7-E_E2jbehB2hbBurpPayP_0fKY5sPZcFgZmfLydY/edit#gid=520178140;output/team-graphics/s3/GPL Teams Spieltag 14 (2).jpg;output/team-graphics/s4/Minetube - Triyolotree.png
Snibunna,snibunna,43,124,0,124,9,"Season 1, Season 2, Season 3, Season 4, Season 5, Season 6, Season 7, Season 8, Season 10",0,,Bene; BlackLink; CaptainCrinch; Domibri; KingBlex; Kuchenjaeger; Lets Kayze; Pokgalaxy; PresentLP; RegiBang; Shiro; SurskitTV; Zant017,Crinchilla; Majora's Maskeregen; Nose to Order; Prekani; Surstars; Tails of Mystery; Victini Bottom,data/manual/pokemon_killlists.csv;data/manual/team_pokemon_usage.csv;https://docs.google.com/spreadsheets/d/11wxsKyCydVmDjp4kGLJAOLPM_LgwCLN2GYpbDQkNtkk/edit#gid=1588964432;https://docs.google.com/spreadsheets/d/11wxsKyCydVmDjp4kGLJAOLPM_LgwCLN2GYpbDQkNtkk/edit#gid=1843013406;https://docs.google.com/spreadsheets/d/13smsrG2BGYxr_omJWcgr-sUDr39bvOJPNL5RPt4DSow/edit#gid=1934543062;https://docs.google.com/spreadsheets/d/1B2uTMvWlAHb7WlpupJV1A2Hbi3K3U1vCyoFV0wCapcw/edit#gid=1846395979;https://docs.google.com/spreadsheets/d/1B2uTMvWlAHb7WlpupJV1A2Hbi3K3U1vCyoFV0wCapcw/edit#gid=26363830;https://docs.google.com/spreadsheets/d/1FUsClf5qEny-BHY5Djp8rIwRJKBSJDvygJ8LBa62FEo/edit#gid=0;https://docs.google.com/spreadsheets/d/1JZpA-5XDldN2bjfvhvBPHYK-1AENETLnF1UxNEpWlNA/edit#gid=352888197;https://docs.google.com/spreadsheets/d/1kiwDk4NgYoKb0Oo9yqzwl9HXHxuQ_0I5gkb1JtE57PI/edit#gid=0;https://docs.google.com/spreadsheets/d/1nwiq_ggEj7QePeZGMR2xoi0bEHJr_ZGO24YCRdt93No/edit#gid=857670931;https://docs.google.com/spreadsheets/d/1odsNRAZStW1GzmpXwmg27dqjOlch7w8syZOZ5Z2OQRg/edit#gid=0;output/team-graphics/s3/GPL Teams Spieltag 14 (2).jpg;output/team-graphics/s4/Prekani - PresentLP.png;output/team-graphics/s5/Victini Bottom.png
Milotic,milotic,93,121,8,113,10,"Season 1, Season 2, Season 3, Season 4, Season 5, Season 6, Season 7, Season 8, Season 9, Season 10",0,,BlackLink; Cabgolord; Craycom; DaumenkinoLP; Dauni Daunstar; Hydronic; Lauris; Minetube; OGDNZ; PokeBazi; Raizor; Shizumania,Enteigeddon*³ **¹; Enteikutierung; Nose to Order; Pokebassis; Scherzkekse; Soulstealer; Strubbelohr Bande; Throes Mad,data/manual/pokemon_killlists.csv;data/manual/team_pokemon_usage.csv;https://docs.google.com/spreadsheets/d/11wxsKyCydVmDjp4kGLJAOLPM_LgwCLN2GYpbDQkNtkk/edit#gid=1588964432;https://docs.google.com/spreadsheets/d/11wxsKyCydVmDjp4kGLJAOLPM_LgwCLN2GYpbDQkNtkk/edit#gid=1843013406;https://docs.google.com/spreadsheets/d/11wxsKyCydVmDjp4kGLJAOLPM_LgwCLN2GYpbDQkNtkk/edit#gid=654435343;https://docs.google.com/spreadsheets/d/13smsrG2BGYxr_omJWcgr-sUDr39bvOJPNL5RPt4DSow/edit#gid=1934543062;https://docs.google.com/spreadsheets/d/13smsrG2BGYxr_omJWcgr-sUDr39bvOJPNL5RPt4DSow/edit#gid=71150222;https://docs.google.com/spreadsheets/d/1B2uTMvWlAHb7WlpupJV1A2Hbi3K3U1vCyoFV0wCapcw/edit#gid=1846395979;https://docs.google.com/spreadsheets/d/1B2uTMvWlAHb7WlpupJV1A2Hbi3K3U1vCyoFV0wCapcw/edit#gid=26363830;https://docs.google.com/spreadsheets/d/1FUsClf5qEny-BHY5Djp8rIwRJKBSJDvygJ8LBa62FEo/edit#gid=0;https://docs.google.com/spreadsheets/d/1JZpA-5XDldN2bjfvhvBPHYK-1AENETLnF1UxNEpWlNA/edit#gid=352888197;https://docs.google.com/spreadsheets/d/1kiwDk4NgYoKb0Oo9yqzwl9HXHxuQ_0I5gkb1JtE57PI/edit#gid=0;https://docs.google.com/spreadsheets/d/1nwiq_ggEj7QePeZGMR2xoi0bEHJr_ZGO24YCRdt93No/edit#gid=857670931;https://docs.google.com/spreadsheets/d/1odsNRAZStW1GzmpXwmg27dqjOlch7w8syZOZ5Z2OQRg/edit#gid=0;https://docs.google.com/spreadsheets/d/1uo7-E_E2jbehB2hbBurpPayP_0fKY5sPZcFgZmfLydY/edit#gid=1526488506;https://docs.google.com/spreadsheets/d/1uo7-E_E2jbehB2hbBurpPayP_0fKY5sPZcFgZmfLydY/edit#gid=1696255979;https://docs.google.com/spreadsheets/d/1uo7-E_E2jbehB2hbBurpPayP_0fKY5sPZcFgZmfLydY/edit#gid=520178140;output/team-graphics/s4/Enteikutierung - Lauris Enteitainment.png;output/team-graphics/s5/SoulStealer.png
Kapu-Riki,kapu riki,74,117,0,117,5,"Season 4, Season 5, Season 6, Season 8, Season 9",0,,Barry D. Sin of Speed; BlackLink; CaptainCrinch; Dauni Daunstar; ElektechN9ne; Fnupa; Nestfloh; Raizor,Cabgosport; Flutschige Zäpfchen; Nova Dragons; Royal Bluff; Suicide Squad,data/manual/team_pokemon_usage.csv;https://docs.google.com/spreadsheets/d/11wxsKyCydVmDjp4kGLJAOLPM_LgwCLN2GYpbDQkNtkk/edit#gid=1588964432;https://docs.google.com/spreadsheets/d/11wxsKyCydVmDjp4kGLJAOLPM_LgwCLN2GYpbDQkNtkk/edit#gid=1843013406;https://docs.google.com/spreadsheets/d/11wxsKyCydVmDjp4kGLJAOLPM_LgwCLN2GYpbDQkNtkk/edit#gid=654435343;https://docs.google.com/spreadsheets/d/1B2uTMvWlAHb7WlpupJV1A2Hbi3K3U1vCyoFV0wCapcw/edit#gid=1846395979;https://docs.google.com/spreadsheets/d/1B2uTMvWlAHb7WlpupJV1A2Hbi3K3U1vCyoFV0wCapcw/edit#gid=26363830;https://docs.google.com/spreadsheets/d/1JZpA-5XDldN2bjfvhvBPHYK-1AENETLnF1UxNEpWlNA/edit#gid=352888197;https://docs.google.com/spreadsheets/d/1uo7-E_E2jbehB2hbBurpPayP_0fKY5sPZcFgZmfLydY/edit#gid=1526488506;https://docs.google.com/spreadsheets/d/1uo7-E_E2jbehB2hbBurpPayP_0fKY5sPZcFgZmfLydY/edit#gid=1696255979;https://docs.google.com/spreadsheets/d/1uo7-E_E2jbehB2hbBurpPayP_0fKY5sPZcFgZmfLydY/edit#gid=520178140;output/team-graphics/s4/Suicide Squad - CaptainCrinch.png;output/team-graphics/s5/Cabgosport.png
Lucario,lucario,23,115,0,115,9,"Season 1, Season 2, Season 3, Season 4, Season 5, Season 6, Season 7, Season 8, Season 9",0,,Cabgolord; Lauris; Parsifani; PokeBazi; PresentLP; Professor N; Raizor; RegiBang; Shiro,Enteigeddon*³ **¹; Enteikutierung; Howling Commandos; Mythical FighterZ; Soulblaze; Therapiepi,data/manual/pokemon_killlists.csv;data/manual/team_pokemon_usage.csv;https://docs.google.com/spreadsheets/d/11wxsKyCydVmDjp4kGLJAOLPM_LgwCLN2GYpbDQkNtkk/edit#gid=1588964432;https://docs.google.com/spreadsheets/d/1B2uTMvWlAHb7WlpupJV1A2Hbi3K3U1vCyoFV0wCapcw/edit#gid=26363830;https://docs.google.com/spreadsheets/d/1FUsClf5qEny-BHY5Djp8rIwRJKBSJDvygJ8LBa62FEo/edit#gid=0;https://docs.google.com/spreadsheets/d/1JZpA-5XDldN2bjfvhvBPHYK-1AENETLnF1UxNEpWlNA/edit#gid=352888197;https://docs.google.com/spreadsheets/d/1kiwDk4NgYoKb0Oo9yqzwl9HXHxuQ_0I5gkb1JtE57PI/edit#gid=0;https://docs.google.com/spreadsheets/d/1nwiq_ggEj7QePeZGMR2xoi0bEHJr_ZGO24YCRdt93No/edit#gid=857670931;https://docs.google.com/spreadsheets/d/1odsNRAZStW1GzmpXwmg27dqjOlch7w8syZOZ5Z2OQRg/edit#gid=0;https://docs.google.com/spreadsheets/d/1uo7-E_E2jbehB2hbBurpPayP_0fKY5sPZcFgZmfLydY/edit#gid=1526488506;https://docs.google.com/spreadsheets/d/1uo7-E_E2jbehB2hbBurpPayP_0fKY5sPZcFgZmfLydY/edit#gid=1696255979;https://docs.google.com/spreadsheets/d/1uo7-E_E2jbehB2hbBurpPayP_0fKY5sPZcFgZmfLydY/edit#gid=520178140;output/team-graphics/s3/GPL Teams Spieltag 14 (2).jpg;output/team-graphics/s4/Enteikutierung - Lauris Enteitainment.png;output/team-graphics/s5/Howling Commandos.png
Latios,latios,43,115,9,106,6,"Season 2, Season 3, Season 4, Season 6, Season 9, Season 10",1,Season 3,CrowdController; Dauni Daunstar; ElektechN9ne; Hydronic; LucarioLP; PentaPlayer; PresentLP; RobinVGC; Shizumania; SteveParker,Choice Bandits; Elekids Club; Prekani; Scherzkekse; Variant Vulpix,data/manual/team_pokemon_usage.csv;https://docs.google.com/spreadsheets/d/11wxsKyCydVmDjp4kGLJAOLPM_LgwCLN2GYpbDQkNtkk/edit#gid=654435343;https://docs.google.com/spreadsheets/d/13ggv8-k1WCcrrjlwXb-ZoSwhODIQlG_NVffp3TGKOgI/edit#gid=0;https://docs.google.com/spreadsheets/d/13smsrG2BGYxr_omJWcgr-sUDr39bvOJPNL5RPt4DSow/edit#gid=1934543062;https://docs.google.com/spreadsheets/d/13smsrG2BGYxr_omJWcgr-sUDr39bvOJPNL5RPt4DSow/edit#gid=71150222;https://docs.google.com/spreadsheets/d/1FUsClf5qEny-BHY5Djp8rIwRJKBSJDvygJ8LBa62FEo/edit#gid=0;https://docs.google.com/spreadsheets/d/1JZpA-5XDldN2bjfvhvBPHYK-1AENETLnF1UxNEpWlNA/edit#gid=352888197;https://docs.google.com/spreadsheets/d/1odsNRAZStW1GzmpXwmg27dqjOlch7w8syZOZ5Z2OQRg/edit#gid=0;https://docs.google.com/spreadsheets/d/1uo7-E_E2jbehB2hbBurpPayP_0fKY5sPZcFgZmfLydY/edit#gid=1526488506;https://docs.google.com/spreadsheets/d/1uo7-E_E2jbehB2hbBurpPayP_0fKY5sPZcFgZmfLydY/edit#gid=1696255979;https://docs.google.com/spreadsheets/d/1uo7-E_E2jbehB2hbBurpPayP_0fKY5sPZcFgZmfLydY/edit#gid=520178140;output/team-graphics/s3/GPL Teams Spieltag 14 (1).jpg;output/team-graphics/s4/Variant Vulpix - CrowdController.png
Primarene,primarene,86,114,10,104,6,"Season 5, Season 6, Season 7, Season 8, Season 9, Season 10",1,Season 7,Art'n'Gaming; Barry D. Sin of Speed; Blocki; Dauni Daunstar; Minetube; Nestfloh; PresentLP,Akatsuki Amphibianz; Flutschige Zäpfchen; Little Litleos; Pfundskerle; Triyolotree,data/manual/team_pokemon_usage.csv;https://docs.google.com/spreadsheets/d/11wxsKyCydVmDjp4kGLJAOLPM_LgwCLN2GYpbDQkNtkk/edit#gid=1843013406;https://docs.google.com/spreadsheets/d/11wxsKyCydVmDjp4kGLJAOLPM_LgwCLN2GYpbDQkNtkk/edit#gid=654435343;https://docs.google.com/spreadsheets/d/13smsrG2BGYxr_omJWcgr-sUDr39bvOJPNL5RPt4DSow/edit#gid=1934543062;https://docs.google.com/spreadsheets/d/13smsrG2BGYxr_omJWcgr-sUDr39bvOJPNL5RPt4DSow/edit#gid=71150222;https://docs.google.com/spreadsheets/d/1B2uTMvWlAHb7WlpupJV1A2Hbi3K3U1vCyoFV0wCapcw/edit#gid=1846395979;https://docs.google.com/spreadsheets/d/1B2uTMvWlAHb7WlpupJV1A2Hbi3K3U1vCyoFV0wCapcw/edit#gid=26363830;https://docs.google.com/spreadsheets/d/1JZpA-5XDldN2bjfvhvBPHYK-1AENETLnF1UxNEpWlNA/edit#gid=352888197;https://docs.google.com/spreadsheets/d/1nwiq_ggEj7QePeZGMR2xoi0bEHJr_ZGO24YCRdt93No/edit#gid=1953934700;https://docs.google.com/spreadsheets/d/1nwiq_ggEj7QePeZGMR2xoi0bEHJr_ZGO24YCRdt93No/edit#gid=857670931;https://docs.google.com/spreadsheets/d/1uo7-E_E2jbehB2hbBurpPayP_0fKY5sPZcFgZmfLydY/edit#gid=1526488506;https://docs.google.com/spreadsheets/d/1uo7-E_E2jbehB2hbBurpPayP_0fKY5sPZcFgZmfLydY/edit#gid=1696255979;https://docs.google.com/spreadsheets/d/1uo7-E_E2jbehB2hbBurpPayP_0fKY5sPZcFgZmfLydY/edit#gid=520178140;output/team-graphics/s5/Triyolotree.png
Iksbat,iksbat,57,112,0,112,7,"Season 2, Season 3, Season 4, Season 5, Season 6, Season 8, Season 9",1,Season 5,Blocki; Hydronic; Lauris; LightGaming; Maxi von Vogel; Nestfloh; Parsifani; PentaPlayer; PokeBazi; RegiBang; SteveParker; SurskitTV; glebber,Enteikutierung; Schleudergang; Shockwaving Magearnas; Surstars; Tectass Toppas; Voltwizards,data/manual/team_pokemon_usage.csv;https://docs.google.com/spreadsheets/d/11wxsKyCydVmDjp4kGLJAOLPM_LgwCLN2GYpbDQkNtkk/edit#gid=1588964432;https://docs.google.com/spreadsheets/d/11wxsKyCydVmDjp4kGLJAOLPM_LgwCLN2GYpbDQkNtkk/edit#gid=1843013406;https://docs.google.com/spreadsheets/d/11wxsKyCydVmDjp4kGLJAOLPM_LgwCLN2GYpbDQkNtkk/edit#gid=654435343;https://docs.google.com/spreadsheets/d/1B2uTMvWlAHb7WlpupJV1A2Hbi3K3U1vCyoFV0wCapcw/edit#gid=1846395979;https://docs.google.com/spreadsheets/d/1B2uTMvWlAHb7WlpupJV1A2Hbi3K3U1vCyoFV0wCapcw/edit#gid=26363830;https://docs.google.com/spreadsheets/d/1FUsClf5qEny-BHY5Djp8rIwRJKBSJDvygJ8LBa62FEo/edit#gid=0;https://docs.google.com/spreadsheets/d/1JZpA-5XDldN2bjfvhvBPHYK-1AENETLnF1UxNEpWlNA/edit#gid=352888197;https://docs.google.com/spreadsheets/d/1nONaKwJcrN04APGKN-HrZ8yavwZdFkfnaA59Zp1sdBU/edit#gid=1708603996;https://docs.google.com/spreadsheets/d/1odsNRAZStW1GzmpXwmg27dqjOlch7w8syZOZ5Z2OQRg/edit#gid=0;https://docs.google.com/spreadsheets/d/1uo7-E_E2jbehB2hbBurpPayP_0fKY5sPZcFgZmfLydY/edit#gid=1526488506;https://docs.google.com/spreadsheets/d/1uo7-E_E2jbehB2hbBurpPayP_0fKY5sPZcFgZmfLydY/edit#gid=1696255979;https://docs.google.com/spreadsheets/d/1uo7-E_E2jbehB2hbBurpPayP_0fKY5sPZcFgZmfLydY/edit#gid=520178140;output/team-graphics/s3/GPL Teams Spieltag 14 (2).jpg;output/team-graphics/s4/Enteikutierung - Lauris Enteitainment.png;output/team-graphics/s5/Shockwaving Magearnas.png
Metagross,metagross,73,111,0,111,8,"Season 2, Season 3, Season 4, Season 5, Season 6, Season 8, Season 9, Season 10",0,,Bene; Blocki; Hydronic; Maxi von Vogel; OGDNZ; PentaPlayer; Pokgalaxy; PresentLP; RegiBang; Stratocopter TV; SurskitTV,Crustle Crusaders; Fen and Gator; Flexing Masskito; Grippebärchen; Squid Squad; Surstars; Victini Bottom,data/manual/pokemon_killlists.csv;data/manual/team_pokemon_usage.csv;https://docs.google.com/spreadsheets/d/11wxsKyCydVmDjp4kGLJAOLPM_LgwCLN2GYpbDQkNtkk/edit#gid=1588964432;https://docs.google.com/spreadsheets/d/11wxsKyCydVmDjp4kGLJAOLPM_LgwCLN2GYpbDQkNtkk/edit#gid=1843013406;https://docs.google.com/spreadsheets/d/13smsrG2BGYxr_omJWcgr-sUDr39bvOJPNL5RPt4DSow/edit#gid=1934543062;https://docs.google.com/spreadsheets/d/1B2uTMvWlAHb7WlpupJV1A2Hbi3K3U1vCyoFV0wCapcw/edit#gid=1846395979;https://docs.google.com/spreadsheets/d/1B2uTMvWlAHb7WlpupJV1A2Hbi3K3U1vCyoFV0wCapcw/edit#gid=26363830;https://docs.google.com/spreadsheets/d/1JZpA-5XDldN2bjfvhvBPHYK-1AENETLnF1UxNEpWlNA/edit#gid=352888197;https://docs.google.com/spreadsheets/d/1odsNRAZStW1GzmpXwmg27dqjOlch7w8syZOZ5Z2OQRg/edit#gid=0;https://docs.google.com/spreadsheets/d/1uo7-E_E2jbehB2hbBurpPayP_0fKY5sPZcFgZmfLydY/edit#gid=1526488506;https://docs.google.com/spreadsheets/d/1uo7-E_E2jbehB2hbBurpPayP_0fKY5sPZcFgZmfLydY/edit#gid=1696255979;https://docs.google.com/spreadsheets/d/1uo7-E_E2jbehB2hbBurpPayP_0fKY5sPZcFgZmfLydY/edit#gid=520178140;output/team-graphics/s5/Victini Bottom.png
Kobalium,kobalium,29,111,9,102,8,"Season 2, Season 3, Season 4, Season 5, Season 6, Season 7, Season 8, Season 10",0,,Bene; CrowdController; Dauni Daunstar; Kuchenjaeger; LucarioLP; Minetube; PresentLP; Raizor; RegiBang; Scoutley; SpeedEevee; SteveParker,Prekani; Riffex Pontifex; Rising Delibirds; Soulstealer; Tectass Toppas; Triyolotree; Variant Vulpix,data/manual/pokemon_killlists.csv;data/manual/team_pokemon_usage.csv;https://docs.google.com/spreadsheets/d/11wxsKyCydVmDjp4kGLJAOLPM_LgwCLN2GYpbDQkNtkk/edit#gid=1588964432;https://docs.google.com/spreadsheets/d/11wxsKyCydVmDjp4kGLJAOLPM_LgwCLN2GYpbDQkNtkk/edit#gid=1843013406;https://docs.google.com/spreadsheets/d/13smsrG2BGYxr_omJWcgr-sUDr39bvOJPNL5RPt4DSow/edit#gid=1934543062;https://docs.google.com/spreadsheets/d/13smsrG2BGYxr_omJWcgr-sUDr39bvOJPNL5RPt4DSow/edit#gid=71150222;https://docs.google.com/spreadsheets/d/1B2uTMvWlAHb7WlpupJV1A2Hbi3K3U1vCyoFV0wCapcw/edit#gid=26363830;https://docs.google.com/spreadsheets/d/1FUsClf5qEny-BHY5Djp8rIwRJKBSJDvygJ8LBa62FEo/edit#gid=0;https://docs.google.com/spreadsheets/d/1JZpA-5XDldN2bjfvhvBPHYK-1AENETLnF1UxNEpWlNA/edit#gid=352888197;https://docs.google.com/spreadsheets/d/1nwiq_ggEj7QePeZGMR2xoi0bEHJr_ZGO24YCRdt93No/edit#gid=857670931;https://docs.google.com/spreadsheets/d/1odsNRAZStW1GzmpXwmg27dqjOlch7w8syZOZ5Z2OQRg/edit#gid=0;output/team-graphics/s3/GPL Teams Spieltag 14 (2).jpg;output/team-graphics/s4/Variant Vulpix - CrowdController.png;output/team-graphics/s5/SoulStealer.png
Zeraora,zeraora,79,109,0,109,4,"Season 6, Season 7, Season 8, Season 9",1,Season 9,Barry D. Sin of Speed; BelmontGabriel; Bene; Craycom; El Scizor; OGDNZ; PresentLP,Prekani; Skywalking Zacians; Strubbelohr Bande; Victory Instinct,https://docs.google.com/spreadsheets/d/11wxsKyCydVmDjp4kGLJAOLPM_LgwCLN2GYpbDQkNtkk/edit#gid=1588964432;https://docs.google.com/spreadsheets/d/11wxsKyCydVmDjp4kGLJAOLPM_LgwCLN2GYpbDQkNtkk/edit#gid=1843013406;https://docs.google.com/spreadsheets/d/11wxsKyCydVmDjp4kGLJAOLPM_LgwCLN2GYpbDQkNtkk/edit#gid=654435343;https://docs.google.com/spreadsheets/d/1B2uTMvWlAHb7WlpupJV1A2Hbi3K3U1vCyoFV0wCapcw/edit#gid=1846395979;https://docs.google.com/spreadsheets/d/1B2uTMvWlAHb7WlpupJV1A2Hbi3K3U1vCyoFV0wCapcw/edit#gid=26363830;https://docs.google.com/spreadsheets/d/1nwiq_ggEj7QePeZGMR2xoi0bEHJr_ZGO24YCRdt93No/edit#gid=857670931;https://docs.google.com/spreadsheets/d/1uo7-E_E2jbehB2hbBurpPayP_0fKY5sPZcFgZmfLydY/edit#gid=1526488506;https://docs.google.com/spreadsheets/d/1uo7-E_E2jbehB2hbBurpPayP_0fKY5sPZcFgZmfLydY/edit#gid=1696255979;https://docs.google.com/spreadsheets/d/1uo7-E_E2jbehB2hbBurpPayP_0fKY5sPZcFgZmfLydY/edit#gid=1953155019;https://docs.google.com/spreadsheets/d/1uo7-E_E2jbehB2hbBurpPayP_0fKY5sPZcFgZmfLydY/edit#gid=520178140
Keldeo,keldeo,53,106,0,106,6,"Season 2, Season 3, Season 4, Season 7, Season 9, Season 10",0,,Art'n'Gaming; Blocki; Dauni Daunstar; Nestfloh; Oktopaul; PokeBazi; Pokgalaxy,Milchbubis; Petalburg Panchams; Pyroars of the Carribean; Tails of Mystery; Voltwizards,data/manual/pokemon_killlists.csv;data/manual/team_pokemon_usage.csv;https://docs.google.com/spreadsheets/d/13smsrG2BGYxr_omJWcgr-sUDr39bvOJPNL5RPt4DSow/edit#gid=1934543062;https://docs.google.com/spreadsheets/d/1FUsClf5qEny-BHY5Djp8rIwRJKBSJDvygJ8LBa62FEo/edit#gid=0;https://docs.google.com/spreadsheets/d/1JZpA-5XDldN2bjfvhvBPHYK-1AENETLnF1UxNEpWlNA/edit#gid=352888197;https://docs.google.com/spreadsheets/d/1nwiq_ggEj7QePeZGMR2xoi0bEHJr_ZGO24YCRdt93No/edit#gid=857670931;https://docs.google.com/spreadsheets/d/1odsNRAZStW1GzmpXwmg27dqjOlch7w8syZOZ5Z2OQRg/edit#gid=0;https://docs.google.com/spreadsheets/d/1uo7-E_E2jbehB2hbBurpPayP_0fKY5sPZcFgZmfLydY/edit#gid=1526488506;https://docs.google.com/spreadsheets/d/1uo7-E_E2jbehB2hbBurpPayP_0fKY5sPZcFgZmfLydY/edit#gid=1696255979;https://docs.google.com/spreadsheets/d/1uo7-E_E2jbehB2hbBurpPayP_0fKY5sPZcFgZmfLydY/edit#gid=520178140;output/team-graphics/s3/GPL Teams Spieltag 14 (1).jpg
Latias,latias,72,103,0,103,7,"Season 2, Season 3, Season 4, Season 5, Season 6, Season 8, Season 9",0,,Asalakoren; BlackLink; ElektechN9ne; FanmadeLetsPlay; PresentLP; RegiBang; SurskitTV; WolvX; Zant017,Absolutism; Coldlauncher; Prekani; Royal Bluff; Surstars,data/manual/team_pokemon_usage.csv;https://docs.google.com/spreadsheets/d/11wxsKyCydVmDjp4kGLJAOLPM_LgwCLN2GYpbDQkNtkk/edit#gid=1588964432;https://docs.google.com/spreadsheets/d/1B2uTMvWlAHb7WlpupJV1A2Hbi3K3U1vCyoFV0wCapcw/edit#gid=1846395979;https://docs.google.com/spreadsheets/d/1B2uTMvWlAHb7WlpupJV1A2Hbi3K3U1vCyoFV0wCapcw/edit#gid=26363830;https://docs.google.com/spreadsheets/d/1JZpA-5XDldN2bjfvhvBPHYK-1AENETLnF1UxNEpWlNA/edit#gid=352888197;https://docs.google.com/spreadsheets/d/1odsNRAZStW1GzmpXwmg27dqjOlch7w8syZOZ5Z2OQRg/edit#gid=0;https://docs.google.com/spreadsheets/d/1uo7-E_E2jbehB2hbBurpPayP_0fKY5sPZcFgZmfLydY/edit#gid=1526488506;https://docs.google.com/spreadsheets/d/1uo7-E_E2jbehB2hbBurpPayP_0fKY5sPZcFgZmfLydY/edit#gid=1696255979;https://docs.google.com/spreadsheets/d/1uo7-E_E2jbehB2hbBurpPayP_0fKY5sPZcFgZmfLydY/edit#gid=520178140;output/team-graphics/s3/GPL Teams Spieltag 14 (1).jpg;output/team-graphics/s4/Surstars - SurskitTV.png;output/team-graphics/s5/Prekani.png
Rotom-Hitze,rotom hitze,27,102,0,102,9,"Season 1, Season 2, Season 3, Season 4, Season 5, Season 6, Season 7, Season 8, Season 10",0,,Bene; CaptainCrinch; Hydronic; Lauris; MeLevies; Nestfloh; PentaPlayer; PokeBree; Pokgalaxy; Professor N; Raikani; Shiro; SurskitTV; glebber,Crinchilla; Enteigeddon*³ **¹; Grippebärchen; Howling Commandos; Riffex Pontifex; Shocking Shaymins; Tails of Mystery,data/manual/team_pokemon_usage.csv;https://docs.google.com/spreadsheets/d/11wxsKyCydVmDjp4kGLJAOLPM_LgwCLN2GYpbDQkNtkk/edit#gid=1588964432;https://docs.google.com/spreadsheets/d/11wxsKyCydVmDjp4kGLJAOLPM_LgwCLN2GYpbDQkNtkk/edit#gid=1843013406;https://docs.google.com/spreadsheets/d/13smsrG2BGYxr_omJWcgr-sUDr39bvOJPNL5RPt4DSow/edit#gid=1934543062;https://docs.google.com/spreadsheets/d/13smsrG2BGYxr_omJWcgr-sUDr39bvOJPNL5RPt4DSow/edit#gid=71150222;https://docs.google.com/spreadsheets/d/1B2uTMvWlAHb7WlpupJV1A2Hbi3K3U1vCyoFV0wCapcw/edit#gid=1846395979;https://docs.google.com/spreadsheets/d/1B2uTMvWlAHb7WlpupJV1A2Hbi3K3U1vCyoFV0wCapcw/edit#gid=26363830;https://docs.google.com/spreadsheets/d/1FUsClf5qEny-BHY5Djp8rIwRJKBSJDvygJ8LBa62FEo/edit#gid=0;https://docs.google.com/spreadsheets/d/1JZpA-5XDldN2bjfvhvBPHYK-1AENETLnF1UxNEpWlNA/edit#gid=352888197;https://docs.google.com/spreadsheets/d/1kiwDk4NgYoKb0Oo9yqzwl9HXHxuQ_0I5gkb1JtE57PI/edit#gid=0;https://docs.google.com/spreadsheets/d/1nwiq_ggEj7QePeZGMR2xoi0bEHJr_ZGO24YCRdt93No/edit#gid=857670931;https://docs.google.com/spreadsheets/d/1odsNRAZStW1GzmpXwmg27dqjOlch7w8syZOZ5Z2OQRg/edit#gid=0;output/team-graphics/s3/GPL Teams Spieltag 14 (2).jpg;output/team-graphics/s4/Shocking Shaymins - MeLevies.png;output/team-graphics/s5/Howling Commandos.png
Rabigator,rabigator,68,101,7,94,8,"Season 2, Season 3, Season 4, Season 5, Season 6, Season 8, Season 9, Season 10",0,,BlackLink; BraveBird; CaptainCrinch; Dauni Daunstar; FanmadeLetsPlay; LightGaming; PentaPlayer; PresentLP; Raizor; RegiBang; RobinVGC; SteveParker; glebber,Choice Bandits; Coldlauncher; Energie Tobutz; Lazycakes; Soulblaze; Suicide Squad; Youngstars,data/manual/team_pokemon_usage.csv;https://docs.google.com/spreadsheets/d/11wxsKyCydVmDjp4kGLJAOLPM_LgwCLN2GYpbDQkNtkk/edit#gid=1588964432;https://docs.google.com/spreadsheets/d/11wxsKyCydVmDjp4kGLJAOLPM_LgwCLN2GYpbDQkNtkk/edit#gid=1843013406;https://docs.google.com/spreadsheets/d/11wxsKyCydVmDjp4kGLJAOLPM_LgwCLN2GYpbDQkNtkk/edit#gid=654435343;https://docs.google.com/spreadsheets/d/13smsrG2BGYxr_omJWcgr-sUDr39bvOJPNL5RPt4DSow/edit#gid=1934543062;https://docs.google.com/spreadsheets/d/13smsrG2BGYxr_omJWcgr-sUDr39bvOJPNL5RPt4DSow/edit#gid=71150222;https://docs.google.com/spreadsheets/d/1B2uTMvWlAHb7WlpupJV1A2Hbi3K3U1vCyoFV0wCapcw/edit#gid=1846395979;https://docs.google.com/spreadsheets/d/1B2uTMvWlAHb7WlpupJV1A2Hbi3K3U1vCyoFV0wCapcw/edit#gid=26363830;https://docs.google.com/spreadsheets/d/1FUsClf5qEny-BHY5Djp8rIwRJKBSJDvygJ8LBa62FEo/edit#gid=0;https://docs.google.com/spreadsheets/d/1JZpA-5XDldN2bjfvhvBPHYK-1AENETLnF1UxNEpWlNA/edit#gid=352888197;https://docs.google.com/spreadsheets/d/1odsNRAZStW1GzmpXwmg27dqjOlch7w8syZOZ5Z2OQRg/edit#gid=0;https://docs.google.com/spreadsheets/d/1uo7-E_E2jbehB2hbBurpPayP_0fKY5sPZcFgZmfLydY/edit#gid=1526488506;https://docs.google.com/spreadsheets/d/1uo7-E_E2jbehB2hbBurpPayP_0fKY5sPZcFgZmfLydY/edit#gid=1696255979;https://docs.google.com/spreadsheets/d/1uo7-E_E2jbehB2hbBurpPayP_0fKY5sPZcFgZmfLydY/edit#gid=520178140;output/team-graphics/s3/GPL Teams Spieltag 14 (1).jpg;output/team-graphics/s4/Suicide Squad - CaptainCrinch.png;output/team-graphics/s5/Energie Tobutz.png
Arkani,arkani,55,101,8,93,10,"Season 1, Season 2, Season 3, Season 4, Season 5, Season 6, Season 7, Season 8, Season 9, Season 10",0,,Barry D. Sin of Speed; LightGaming; LucarioLP; Minetube; Nestfloh; Parsifani; PresentLP; Shiro,Akatsuki Amphibianz; Marvelous Speedsters; Munich Magbys*²; Mythical FighterZ; PrekaKnight; Prekani,data/manual/team_pokemon_usage.csv;https://docs.google.com/spreadsheets/d/11wxsKyCydVmDjp4kGLJAOLPM_LgwCLN2GYpbDQkNtkk/edit#gid=1588964432;https://docs.google.com/spreadsheets/d/13smsrG2BGYxr_omJWcgr-sUDr39bvOJPNL5RPt4DSow/edit#gid=1934543062;https://docs.google.com/spreadsheets/d/13smsrG2BGYxr_omJWcgr-sUDr39bvOJPNL5RPt4DSow/edit#gid=71150222;https://docs.google.com/spreadsheets/d/1B2uTMvWlAHb7WlpupJV1A2Hbi3K3U1vCyoFV0wCapcw/edit#gid=1846395979;https://docs.google.com/spreadsheets/d/1B2uTMvWlAHb7WlpupJV1A2Hbi3K3U1vCyoFV0wCapcw/edit#gid=26363830;https://docs.google.com/spreadsheets/d/1FUsClf5qEny-BHY5Djp8rIwRJKBSJDvygJ8LBa62FEo/edit#gid=0;https://docs.google.com/spreadsheets/d/1JZpA-5XDldN2bjfvhvBPHYK-1AENETLnF1UxNEpWlNA/edit#gid=352888197;https://docs.google.com/spreadsheets/d/1kiwDk4NgYoKb0Oo9yqzwl9HXHxuQ_0I5gkb1JtE57PI/edit#gid=0;https://docs.google.com/spreadsheets/d/1nwiq_ggEj7QePeZGMR2xoi0bEHJr_ZGO24YCRdt93No/edit#gid=857670931;https://docs.google.com/spreadsheets/d/1odsNRAZStW1GzmpXwmg27dqjOlch7w8syZOZ5Z2OQRg/edit#gid=0;https://docs.google.com/spreadsheets/d/1uo7-E_E2jbehB2hbBurpPayP_0fKY5sPZcFgZmfLydY/edit#gid=1526488506;https://docs.google.com/spreadsheets/d/1uo7-E_E2jbehB2hbBurpPayP_0fKY5sPZcFgZmfLydY/edit#gid=1696255979;https://docs.google.com/spreadsheets/d/1uo7-E_E2jbehB2hbBurpPayP_0fKY5sPZcFgZmfLydY/edit#gid=520178140;output/team-graphics/s3/GPL Teams Spieltag 14 (1).jpg;output/team-graphics/s4/Prekani - PresentLP.png;output/team-graphics/s5/Marvelous Speedsters.png
Boreos-T,boreos t,45,100,0,100,7,"Season 3, Season 4, Season 5, Season 6, Season 8, Season 9, Season 10",1,Season 3,Bene; Blocki; BraveBird; MeLevies; PresentLP; Professor N; Raizor,Howling Commandos; Kastanienbomber; Kleinsteins;Gate; Prekani; Shocking Shaymins; Soulblaze; Youngstars,data/manual/pokemon_killlists.csv;data/manual/team_pokemon_usage.csv;https://docs.google.com/spreadsheets/d/11wxsKyCydVmDjp4kGLJAOLPM_LgwCLN2GYpbDQkNtkk/edit#gid=1588964432;https://docs.google.com/spreadsheets/d/11wxsKyCydVmDjp4kGLJAOLPM_LgwCLN2GYpbDQkNtkk/edit#gid=1843013406;https://docs.google.com/spreadsheets/d/11wxsKyCydVmDjp4kGLJAOLPM_LgwCLN2GYpbDQkNtkk/edit#gid=654435343;https://docs.google.com/spreadsheets/d/13ggv8-k1WCcrrjlwXb-ZoSwhODIQlG_NVffp3TGKOgI/edit#gid=0;https://docs.google.com/spreadsheets/d/13smsrG2BGYxr_omJWcgr-sUDr39bvOJPNL5RPt4DSow/edit#gid=1934543062;https://docs.google.com/spreadsheets/d/1B2uTMvWlAHb7WlpupJV1A2Hbi3K3U1vCyoFV0wCapcw/edit#gid=1846395979;https://docs.google.com/spreadsheets/d/1B2uTMvWlAHb7WlpupJV1A2Hbi3K3U1vCyoFV0wCapcw/edit#gid=26363830;https://docs.google.com/spreadsheets/d/1JZpA-5XDldN2bjfvhvBPHYK-1AENETLnF1UxNEpWlNA/edit#gid=352888197;https://docs.google.com/spreadsheets/d/1uo7-E_E2jbehB2hbBurpPayP_0fKY5sPZcFgZmfLydY/edit#gid=1526488506;https://docs.google.com/spreadsheets/d/1uo7-E_E2jbehB2hbBurpPayP_0fKY5sPZcFgZmfLydY/edit#gid=1696255979;https://docs.google.com/spreadsheets/d/1uo7-E_E2jbehB2hbBurpPayP_0fKY5sPZcFgZmfLydY/edit#gid=520178140;output/team-graphics/s3/GPL Teams Spieltag 14 (1).jpg;output/team-graphics/s4/Shocking Shaymins - MeLevies.png;output/team-graphics/s5/Howling Commandos.png
Heatran,heatran,65,99,0,99,7,"Season 1, Season 2, Season 3, Season 4, Season 5, Season 8, Season 9",0,,Bene; BlackLink; Blocki; DaumenkinoLP; DirtyD64; LucarioLP; Nestfloh; PresentLP; Raizor; RegiBang; Shizumania; SurskitTV; WolvX; glebber,Energie Tobutz; Surstars; Unlimited Blade Works*¹; Voltwizards,data/manual/pokemon_killlists.csv;data/manual/team_pokemon_usage.csv;https://docs.google.com/spreadsheets/d/1B2uTMvWlAHb7WlpupJV1A2Hbi3K3U1vCyoFV0wCapcw/edit#gid=1846395979;https://docs.google.com/spreadsheets/d/1B2uTMvWlAHb7WlpupJV1A2Hbi3K3U1vCyoFV0wCapcw/edit#gid=26363830;https://docs.google.com/spreadsheets/d/1FUsClf5qEny-BHY5Djp8rIwRJKBSJDvygJ8LBa62FEo/edit#gid=0;https://docs.google.com/spreadsheets/d/1JZpA-5XDldN2bjfvhvBPHYK-1AENETLnF1UxNEpWlNA/edit#gid=352888197;https://docs.google.com/spreadsheets/d/1kiwDk4NgYoKb0Oo9yqzwl9HXHxuQ_0I5gkb1JtE57PI/edit#gid=0;https://docs.google.com/spreadsheets/d/1odsNRAZStW1GzmpXwmg27dqjOlch7w8syZOZ5Z2OQRg/edit#gid=0;https://docs.google.com/spreadsheets/d/1uo7-E_E2jbehB2hbBurpPayP_0fKY5sPZcFgZmfLydY/edit#gid=1526488506;https://docs.google.com/spreadsheets/d/1uo7-E_E2jbehB2hbBurpPayP_0fKY5sPZcFgZmfLydY/edit#gid=1696255979;https://docs.google.com/spreadsheets/d/1uo7-E_E2jbehB2hbBurpPayP_0fKY5sPZcFgZmfLydY/edit#gid=520178140;output/team-graphics/s3/GPL Teams Spieltag 14 (2).jpg;output/team-graphics/s4/Surstars - SurskitTV.png
Meistagrif,meistagrif,37,96,0,96,9,"Season 1, Season 2, Season 3, Season 4, Season 5, Season 6, Season 7, Season 8, Season 9",0,,Art'n'Gaming; Asalakoren; CaptainCrinch; DaumenkinoLP; Dauni Daunstar; Hydronic; Minetube; Oktopaul; PokemonFakten; PresentLP; WolvX,Absolutism; Crinchilla; Little Litleos*; Prekani; Scherzkekse; Triyolotree,data/manual/pokemon_killlists.csv;https://docs.google.com/spreadsheets/d/11wxsKyCydVmDjp4kGLJAOLPM_LgwCLN2GYpbDQkNtkk/edit#gid=1588964432;https://docs.google.com/spreadsheets/d/1B2uTMvWlAHb7WlpupJV1A2Hbi3K3U1vCyoFV0wCapcw/edit#gid=26363830;https://docs.google.com/spreadsheets/d/1FUsClf5qEny-BHY5Djp8rIwRJKBSJDvygJ8LBa62FEo/edit#gid=0;https://docs.google.com/spreadsheets/d/1JZpA-5XDldN2bjfvhvBPHYK-1AENETLnF1UxNEpWlNA/edit#gid=352888197;https://docs.google.com/spreadsheets/d/1kiwDk4NgYoKb0Oo9yqzwl9HXHxuQ_0I5gkb1JtE57PI/edit#gid=0;https://docs.google.com/spreadsheets/d/1nwiq_ggEj7QePeZGMR2xoi0bEHJr_ZGO24YCRdt93No/edit#gid=857670931;https://docs.google.com/spreadsheets/d/1odsNRAZStW1GzmpXwmg27dqjOlch7w8syZOZ5Z2OQRg/edit#gid=0;https://docs.google.com/spreadsheets/d/1uo7-E_E2jbehB2hbBurpPayP_0fKY5sPZcFgZmfLydY/edit#gid=1526488506;https://docs.google.com/spreadsheets/d/1uo7-E_E2jbehB2hbBurpPayP_0fKY5sPZcFgZmfLydY/edit#gid=1696255979;https://docs.google.com/spreadsheets/d/1uo7-E_E2jbehB2hbBurpPayP_0fKY5sPZcFgZmfLydY/edit#gid=520178140
Feelinara,feelinara,44,96,1,95,9,"Season 2, Season 3, Season 4, Season 5, Season 6, Season 7, Season 8, Season 9, Season 10",0,,Art'n'Gaming; BlackLink; CaptainCrinch; DaumenkinoLP; Dauni Daunstar; Fnupa; Hydronic; KingBlex; OGDNZ; Pokgalaxy; Raizor,Cabgosport; Crinchilla; Grippebärchen; Lazycakes; Little Littleos; Slicing Knights; Tails of Mystery; Toon World,data/manual/team_pokemon_usage.csv;https://docs.google.com/spreadsheets/d/11wxsKyCydVmDjp4kGLJAOLPM_LgwCLN2GYpbDQkNtkk/edit#gid=1588964432;https://docs.google.com/spreadsheets/d/11wxsKyCydVmDjp4kGLJAOLPM_LgwCLN2GYpbDQkNtkk/edit#gid=1843013406;https://docs.google.com/spreadsheets/d/11wxsKyCydVmDjp4kGLJAOLPM_LgwCLN2GYpbDQkNtkk/edit#gid=654435343;https://docs.google.com/spreadsheets/d/13smsrG2BGYxr_omJWcgr-sUDr39bvOJPNL5RPt4DSow/edit#gid=1934543062;https://docs.google.com/spreadsheets/d/13smsrG2BGYxr_omJWcgr-sUDr39bvOJPNL5RPt4DSow/edit#gid=71150222;https://docs.google.com/spreadsheets/d/1B2uTMvWlAHb7WlpupJV1A2Hbi3K3U1vCyoFV0wCapcw/edit#gid=1846395979;https://docs.google.com/spreadsheets/d/1FUsClf5qEny-BHY5Djp8rIwRJKBSJDvygJ8LBa62FEo/edit#gid=0;https://docs.google.com/spreadsheets/d/1JZpA-5XDldN2bjfvhvBPHYK-1AENETLnF1UxNEpWlNA/edit#gid=352888197;https://docs.google.com/spreadsheets/d/1nwiq_ggEj7QePeZGMR2xoi0bEHJr_ZGO24YCRdt93No/edit#gid=857670931;https://docs.google.com/spreadsheets/d/1uo7-E_E2jbehB2hbBurpPayP_0fKY5sPZcFgZmfLydY/edit#gid=1526488506;https://docs.google.com/spreadsheets/d/1uo7-E_E2jbehB2hbBurpPayP_0fKY5sPZcFgZmfLydY/edit#gid=1696255979;https://docs.google.com/spreadsheets/d/1uo7-E_E2jbehB2hbBurpPayP_0fKY5sPZcFgZmfLydY/edit#gid=520178140;output/team-graphics/s3/GPL Teams Spieltag 14 (2).jpg;output/team-graphics/s4/Slicing Knights - Cabgolord.png;output/team-graphics/s5/Cabgosport.png
Mega Glurak X,mega glurak x,0,93,0,93,5,"Season 1, Season 2, Season 3, Season 4, Season 6",0,,Barry D. Sin of Speed; Lauris; Parsifani; RegiBang; Scherany; Shiro; SpeedEevee,Enteikutierung; Nova Dragons; Persian Carpets; Tectass Toppas,data/manual/pokemon_killlists.csv;data/manual/team_pokemon_usage.csv;https://docs.google.com/spreadsheets/d/11wxsKyCydVmDjp4kGLJAOLPM_LgwCLN2GYpbDQkNtkk/edit#gid=1588964432;https://docs.google.com/spreadsheets/d/11wxsKyCydVmDjp4kGLJAOLPM_LgwCLN2GYpbDQkNtkk/edit#gid=1843013406;https://docs.google.com/spreadsheets/d/11wxsKyCydVmDjp4kGLJAOLPM_LgwCLN2GYpbDQkNtkk/edit#gid=654435343;https://docs.google.com/spreadsheets/d/1FUsClf5qEny-BHY5Djp8rIwRJKBSJDvygJ8LBa62FEo/edit#gid=0;https://docs.google.com/spreadsheets/d/1JZpA-5XDldN2bjfvhvBPHYK-1AENETLnF1UxNEpWlNA/edit#gid=352888197;https://docs.google.com/spreadsheets/d/1kiwDk4NgYoKb0Oo9yqzwl9HXHxuQ_0I5gkb1JtE57PI/edit#gid=0;https://docs.google.com/spreadsheets/d/1odsNRAZStW1GzmpXwmg27dqjOlch7w8syZOZ5Z2OQRg/edit#gid=0;output/team-graphics/s3/GPL Teams Spieltag 14 (1).jpg;output/team-graphics/s4/Enteikutierung - Lauris Enteitainment.png
Mega Bisaflor,mega bisaflor,0,91,0,91,6,"Season 1, Season 2, Season 3, Season 4, Season 5, Season 6",1,Season 4,Art'n'Gaming; Barry D. Sin of Speed; Bene; Dauni Daunstar; LucarioLP; PresentLP; Raizor; Silva,Lazycakes; Little Littleos; Marvelous Speedsters; Prekani; Ritter der Tapukokosnuss,data/manual/team_pokemon_usage.csv;https://docs.google.com/spreadsheets/d/11wxsKyCydVmDjp4kGLJAOLPM_LgwCLN2GYpbDQkNtkk/edit#gid=1588964432;https://docs.google.com/spreadsheets/d/11wxsKyCydVmDjp4kGLJAOLPM_LgwCLN2GYpbDQkNtkk/edit#gid=1843013406;https://docs.google.com/spreadsheets/d/11wxsKyCydVmDjp4kGLJAOLPM_LgwCLN2GYpbDQkNtkk/edit#gid=654435343;https://docs.google.com/spreadsheets/d/1FUsClf5qEny-BHY5Djp8rIwRJKBSJDvygJ8LBa62FEo/edit#gid=0;https://docs.google.com/spreadsheets/d/1JZpA-5XDldN2bjfvhvBPHYK-1AENETLnF1UxNEpWlNA/edit#gid=352888197;https://docs.google.com/spreadsheets/d/1kiwDk4NgYoKb0Oo9yqzwl9HXHxuQ_0I5gkb1JtE57PI/edit#gid=0;https://docs.google.com/spreadsheets/d/1odsNRAZStW1GzmpXwmg27dqjOlch7w8syZOZ5Z2OQRg/edit#gid=0;https://docs.google.com/spreadsheets/d/1rZd3D0JRNj3lK0ZKdMXPLvCNBofRhFsvW0AlPuBk3VE/edit#gid=0;output/team-graphics/s3/GPL Teams Spieltag 14 (2).jpg;output/team-graphics/s4/Ritter der Tapukokosnuss - FullLifeGames.png;output/team-graphics/s5/Marvelous Speedsters.png
Nidoqueen,nidoqueen,30,91,0,91,4,"Season 2, Season 3, Season 4, Season 9",1,Season 9,BelmontGabriel; Bene; DirtyD64; El Scizor; PokeBazi; PresentLP; Shiro,Krebuknackis; Prekani; Victory Instinct,data/manual/pokemon_killlists.csv;data/manual/team_pokemon_usage.csv;https://docs.google.com/spreadsheets/d/1FUsClf5qEny-BHY5Djp8rIwRJKBSJDvygJ8LBa62FEo/edit#gid=0;https://docs.google.com/spreadsheets/d/1JZpA-5XDldN2bjfvhvBPHYK-1AENETLnF1UxNEpWlNA/edit#gid=352888197;https://docs.google.com/spreadsheets/d/1uo7-E_E2jbehB2hbBurpPayP_0fKY5sPZcFgZmfLydY/edit#gid=1526488506;https://docs.google.com/spreadsheets/d/1uo7-E_E2jbehB2hbBurpPayP_0fKY5sPZcFgZmfLydY/edit#gid=1696255979;https://docs.google.com/spreadsheets/d/1uo7-E_E2jbehB2hbBurpPayP_0fKY5sPZcFgZmfLydY/edit#gid=1953155019;https://docs.google.com/spreadsheets/d/1uo7-E_E2jbehB2hbBurpPayP_0fKY5sPZcFgZmfLydY/edit#gid=520178140;output/team-graphics/s3/GPL Teams Spieltag 14 (1).jpg;output/team-graphics/s4/Prekani - PresentLP.png
Caesurio,caesurio,30,90,13,77,4,"Season 2, Season 3, Season 8, Season 10",1,Season 10,Bene; DirtyD64; Minetube,Unlimited Blade Works*¹; Wackel Backel,data/manual/team_pokemon_usage.csv;https://docs.google.com/spreadsheets/d/13smsrG2BGYxr_omJWcgr-sUDr39bvOJPNL5RPt4DSow/edit#gid=1215904780;https://docs.google.com/spreadsheets/d/13smsrG2BGYxr_omJWcgr-sUDr39bvOJPNL5RPt4DSow/edit#gid=1934543062;https://docs.google.com/spreadsheets/d/13smsrG2BGYxr_omJWcgr-sUDr39bvOJPNL5RPt4DSow/edit#gid=1953790464;https://docs.google.com/spreadsheets/d/13smsrG2BGYxr_omJWcgr-sUDr39bvOJPNL5RPt4DSow/edit#gid=71150222;https://docs.google.com/spreadsheets/d/1B2uTMvWlAHb7WlpupJV1A2Hbi3K3U1vCyoFV0wCapcw/edit#gid=26363830;https://docs.google.com/spreadsheets/d/1FUsClf5qEny-BHY5Djp8rIwRJKBSJDvygJ8LBa62FEo/edit#gid=0;https://docs.google.com/spreadsheets/d/1JZpA-5XDldN2bjfvhvBPHYK-1AENETLnF1UxNEpWlNA/edit#gid=352888197;https://docs.google.com/spreadsheets/d/1odsNRAZStW1GzmpXwmg27dqjOlch7w8syZOZ5Z2OQRg/edit#gid=0;output/team-graphics/s3/GPL Teams Spieltag 14 (2).jpg
Jirachi,jirachi,32,89,0,89,6,"Season 3, Season 4, Season 5, Season 6, Season 8, Season 10",1,Season 4,Art'n'Gaming; Bene; Hydronic; Lauris; Maxi von Vogel; PokeBazi; Sirazoa; Tabasco TV,Aggron Berlin; Eon Engine; Krebuknackis; Little Litleos*; Ritter der Tapukokosnuss; Schleudergang,data/manual/pokemon_killlists.csv;data/manual/team_pokemon_usage.csv;https://docs.google.com/spreadsheets/d/11wxsKyCydVmDjp4kGLJAOLPM_LgwCLN2GYpbDQkNtkk/edit#gid=1588964432;https://docs.google.com/spreadsheets/d/11wxsKyCydVmDjp4kGLJAOLPM_LgwCLN2GYpbDQkNtkk/edit#gid=1843013406;https://docs.google.com/spreadsheets/d/11wxsKyCydVmDjp4kGLJAOLPM_LgwCLN2GYpbDQkNtkk/edit#gid=654435343;https://docs.google.com/spreadsheets/d/13smsrG2BGYxr_omJWcgr-sUDr39bvOJPNL5RPt4DSow/edit#gid=1934543062;https://docs.google.com/spreadsheets/d/1B2uTMvWlAHb7WlpupJV1A2Hbi3K3U1vCyoFV0wCapcw/edit#gid=1846395979;https://docs.google.com/spreadsheets/d/1B2uTMvWlAHb7WlpupJV1A2Hbi3K3U1vCyoFV0wCapcw/edit#gid=26363830;https://docs.google.com/spreadsheets/d/1JZpA-5XDldN2bjfvhvBPHYK-1AENETLnF1UxNEpWlNA/edit#gid=352888197;https://docs.google.com/spreadsheets/d/1rZd3D0JRNj3lK0ZKdMXPLvCNBofRhFsvW0AlPuBk3VE/edit#gid=0;output/team-graphics/s3/GPL Teams Spieltag 14 (1).jpg;output/team-graphics/s4/Ritter der Tapukokosnuss - FullLifeGames.png
Demeteros-I,demeteros i,48,86,6,80,6,"Season 3, Season 4, Season 5, Season 6, Season 9, Season 10",2,"Season 9, Season 10",Art'n'Gaming; BelmontGabriel; Bene; El Scizor; Fnupa; RegiBang; Shiro,Cabgosport; Flexing Masskito; Little Litleos; Munich Magbys*²; Victory Instinct; Wackel Backel,data/manual/pokemon_killlists.csv;data/manual/team_pokemon_usage.csv;https://docs.google.com/spreadsheets/d/11wxsKyCydVmDjp4kGLJAOLPM_LgwCLN2GYpbDQkNtkk/edit#gid=1843013406;https://docs.google.com/spreadsheets/d/11wxsKyCydVmDjp4kGLJAOLPM_LgwCLN2GYpbDQkNtkk/edit#gid=654435343;https://docs.google.com/spreadsheets/d/13smsrG2BGYxr_omJWcgr-sUDr39bvOJPNL5RPt4DSow/edit#gid=1215904780;https://docs.google.com/spreadsheets/d/13smsrG2BGYxr_omJWcgr-sUDr39bvOJPNL5RPt4DSow/edit#gid=1934543062;https://docs.google.com/spreadsheets/d/13smsrG2BGYxr_omJWcgr-sUDr39bvOJPNL5RPt4DSow/edit#gid=1953790464;https://docs.google.com/spreadsheets/d/13smsrG2BGYxr_omJWcgr-sUDr39bvOJPNL5RPt4DSow/edit#gid=71150222;https://docs.google.com/spreadsheets/d/1JZpA-5XDldN2bjfvhvBPHYK-1AENETLnF1UxNEpWlNA/edit#gid=352888197;https://docs.google.com/spreadsheets/d/1uo7-E_E2jbehB2hbBurpPayP_0fKY5sPZcFgZmfLydY/edit#gid=1526488506;https://docs.google.com/spreadsheets/d/1uo7-E_E2jbehB2hbBurpPayP_0fKY5sPZcFgZmfLydY/edit#gid=1696255979;https://docs.google.com/spreadsheets/d/1uo7-E_E2jbehB2hbBurpPayP_0fKY5sPZcFgZmfLydY/edit#gid=1953155019;https://docs.google.com/spreadsheets/d/1uo7-E_E2jbehB2hbBurpPayP_0fKY5sPZcFgZmfLydY/edit#gid=520178140;output/team-graphics/s3/GPL Teams Spieltag 14 (1).jpg
Zapdos,zapdos,61,86,10,76,7,"Season 2, Season 3, Season 4, Season 6, Season 8, Season 9, Season 10",0,,BelmontGabriel; Bene; DaumenkinoLP; Dauni Daunstar; Maxi von Vogel; Oktopaul; PokeBazi; Pokgalaxy; Raizor,Fen and Gator; Lazycakes; Pfundskerle; Schnittlauchs; Unlimited Blade Works*¹,data/manual/team_pokemon_usage.csv;https://docs.google.com/spreadsheets/d/11wxsKyCydVmDjp4kGLJAOLPM_LgwCLN2GYpbDQkNtkk/edit#gid=1843013406;https://docs.google.com/spreadsheets/d/11wxsKyCydVmDjp4kGLJAOLPM_LgwCLN2GYpbDQkNtkk/edit#gid=654435343;https://docs.google.com/spreadsheets/d/13smsrG2BGYxr_omJWcgr-sUDr39bvOJPNL5RPt4DSow/edit#gid=1934543062;https://docs.google.com/spreadsheets/d/13smsrG2BGYxr_omJWcgr-sUDr39bvOJPNL5RPt4DSow/edit#gid=71150222;https://docs.google.com/spreadsheets/d/1B2uTMvWlAHb7WlpupJV1A2Hbi3K3U1vCyoFV0wCapcw/edit#gid=26363830;https://docs.google.com/spreadsheets/d/1FUsClf5qEny-BHY5Djp8rIwRJKBSJDvygJ8LBa62FEo/edit#gid=0;https://docs.google.com/spreadsheets/d/1JZpA-5XDldN2bjfvhvBPHYK-1AENETLnF1UxNEpWlNA/edit#gid=352888197;https://docs.google.com/spreadsheets/d/1uo7-E_E2jbehB2hbBurpPayP_0fKY5sPZcFgZmfLydY/edit#gid=1526488506;https://docs.google.com/spreadsheets/d/1uo7-E_E2jbehB2hbBurpPayP_0fKY5sPZcFgZmfLydY/edit#gid=1696255979;https://docs.google.com/spreadsheets/d/1uo7-E_E2jbehB2hbBurpPayP_0fKY5sPZcFgZmfLydY/edit#gid=520178140;output/team-graphics/s3/GPL Teams Spieltag 14 (2).jpg;output/team-graphics/s4/Schnittlauchs - PokeBazi.png
Kyurem-Schwarz,kyurem schwarz,0,82,0,82,5,"Season 2, Season 3, Season 4, Season 5, Season 6",0,,BelmontGabriel; CaptainCrinch; Fnupa; Hydronic,Crinchilla; Grippebärchen; Niemandsland; Slicing Knights,data/manual/pokemon_killlists.csv;data/manual/team_pokemon_usage.csv;https://docs.google.com/spreadsheets/d/11wxsKyCydVmDjp4kGLJAOLPM_LgwCLN2GYpbDQkNtkk/edit#gid=1588964432;https://docs.google.com/spreadsheets/d/11wxsKyCydVmDjp4kGLJAOLPM_LgwCLN2GYpbDQkNtkk/edit#gid=1843013406;https://docs.google.com/spreadsheets/d/11wxsKyCydVmDjp4kGLJAOLPM_LgwCLN2GYpbDQkNtkk/edit#gid=654435343;https://docs.google.com/spreadsheets/d/1JZpA-5XDldN2bjfvhvBPHYK-1AENETLnF1UxNEpWlNA/edit#gid=352888197;https://docs.google.com/spreadsheets/d/1odsNRAZStW1GzmpXwmg27dqjOlch7w8syZOZ5Z2OQRg/edit#gid=0;output/team-graphics/s3/GPL Teams Spieltag 14 (2).jpg;output/team-graphics/s4/Slicing Knights - Cabgolord.png;output/team-graphics/s5/Crinchilla.png
Florges,florges,6,82,1,81,7,"Season 1, Season 2, Season 3, Season 4, Season 5, Season 6, Season 10",1,Season 4,Asalakoren; Bene; CaptainCrinch; Lets Kayze; LucarioLP; Oktopaul; Parsifani; PokeBazi; PresentLP; RobinVGC; Snomnie; SurskitTV; WolvX,Absolutism; Corvi Crushers; Crinchilla; Persian Carpets; Ritter der Tapukokosnuss; Victini Bottom,data/manual/team_pokemon_usage.csv;https://docs.google.com/spreadsheets/d/11wxsKyCydVmDjp4kGLJAOLPM_LgwCLN2GYpbDQkNtkk/edit#gid=1588964432;https://docs.google.com/spreadsheets/d/11wxsKyCydVmDjp4kGLJAOLPM_LgwCLN2GYpbDQkNtkk/edit#gid=1843013406;https://docs.google.com/spreadsheets/d/13smsrG2BGYxr_omJWcgr-sUDr39bvOJPNL5RPt4DSow/edit#gid=1934543062;https://docs.google.com/spreadsheets/d/13smsrG2BGYxr_omJWcgr-sUDr39bvOJPNL5RPt4DSow/edit#gid=71150222;https://docs.google.com/spreadsheets/d/1FUsClf5qEny-BHY5Djp8rIwRJKBSJDvygJ8LBa62FEo/edit#gid=0;https://docs.google.com/spreadsheets/d/1JZpA-5XDldN2bjfvhvBPHYK-1AENETLnF1UxNEpWlNA/edit#gid=352888197;https://docs.google.com/spreadsheets/d/1kiwDk4NgYoKb0Oo9yqzwl9HXHxuQ_0I5gkb1JtE57PI/edit#gid=0;https://docs.google.com/spreadsheets/d/1odsNRAZStW1GzmpXwmg27dqjOlch7w8syZOZ5Z2OQRg/edit#gid=0;https://docs.google.com/spreadsheets/d/1rZd3D0JRNj3lK0ZKdMXPLvCNBofRhFsvW0AlPuBk3VE/edit#gid=0;output/team-graphics/s3/GPL Teams Spieltag 14 (1).jpg;output/team-graphics/s4/Ritter der Tapukokosnuss - FullLifeGames.png;output/team-graphics/s5/Victini Bottom.png
Manaphy,manaphy,0,80,0,80,5,"Season 2, Season 3, Season 4, Season 5, Season 6",0,,Barry D. Sin of Speed; DirtyD64; MeLevies; PokeBazi; PresentLP,Krebuknackis; Marvelous Speedsters; Prekani; Shocking Shaymins,data/manual/pokemon_killlists.csv;data/manual/team_pokemon_usage.csv;https://docs.google.com/spreadsheets/d/11wxsKyCydVmDjp4kGLJAOLPM_LgwCLN2GYpbDQkNtkk/edit#gid=1588964432;https://docs.google.com/spreadsheets/d/11wxsKyCydVmDjp4kGLJAOLPM_LgwCLN2GYpbDQkNtkk/edit#gid=654435343;https://docs.google.com/spreadsheets/d/1FUsClf5qEny-BHY5Djp8rIwRJKBSJDvygJ8LBa62FEo/edit#gid=0;https://docs.google.com/spreadsheets/d/1JZpA-5XDldN2bjfvhvBPHYK-1AENETLnF1UxNEpWlNA/edit#gid=352888197;output/team-graphics/s3/GPL Teams Spieltag 14 (1).jpg;output/team-graphics/s4/Shocking Shaymins - MeLevies.png;output/team-graphics/s5/Marvelous Speedsters.png
Wie-Shu,wie shu,49,77,10,67,6,"Season 1, Season 2, Season 6, Season 8, Season 9, Season 10",0,,CaptainCrinch; DirtyD64; KingBlex; PresentLP; Raizor; RegiBang; RobinVGC; Shiro; SurskitTV,Choice Bandits; Crinchilla; Soulblaze,https://docs.google.com/spreadsheets/d/11wxsKyCydVmDjp4kGLJAOLPM_LgwCLN2GYpbDQkNtkk/edit#gid=1843013406;https://docs.google.com/spreadsheets/d/13smsrG2BGYxr_omJWcgr-sUDr39bvOJPNL5RPt4DSow/edit#gid=1934543062;https://docs.google.com/spreadsheets/d/13smsrG2BGYxr_omJWcgr-sUDr39bvOJPNL5RPt4DSow/edit#gid=71150222;https://docs.google.com/spreadsheets/d/1B2uTMvWlAHb7WlpupJV1A2Hbi3K3U1vCyoFV0wCapcw/edit#gid=1846395979;https://docs.google.com/spreadsheets/d/1B2uTMvWlAHb7WlpupJV1A2Hbi3K3U1vCyoFV0wCapcw/edit#gid=26363830;https://docs.google.com/spreadsheets/d/1FUsClf5qEny-BHY5Djp8rIwRJKBSJDvygJ8LBa62FEo/edit#gid=0;https://docs.google.com/spreadsheets/d/1kiwDk4NgYoKb0Oo9yqzwl9HXHxuQ_0I5gkb1JtE57PI/edit#gid=0;https://docs.google.com/spreadsheets/d/1uo7-E_E2jbehB2hbBurpPayP_0fKY5sPZcFgZmfLydY/edit#gid=1526488506;https://docs.google.com/spreadsheets/d/1uo7-E_E2jbehB2hbBurpPayP_0fKY5sPZcFgZmfLydY/edit#gid=1696255979;https://docs.google.com/spreadsheets/d/1uo7-E_E2jbehB2hbBurpPayP_0fKY5sPZcFgZmfLydY/edit#gid=520178140
Amfira,amfira,48,76,9,67,7,"Season 4, Season 5, Season 6, Season 7, Season 8, Season 9, Season 10",2,"Season 4, Season 10",Bene; ElektechN9ne; KingBlex; OGDNZ; Pokgalaxy; Scoutley; glebber,Elekid's Club; Energie Tobutz; Rising Delibirds; Ritter der Tapukokosnuss; Toon World; Wackel Backel,data/manual/team_pokemon_usage.csv;https://docs.google.com/spreadsheets/d/11wxsKyCydVmDjp4kGLJAOLPM_LgwCLN2GYpbDQkNtkk/edit#gid=1588964432;https://docs.google.com/spreadsheets/d/13smsrG2BGYxr_omJWcgr-sUDr39bvOJPNL5RPt4DSow/edit#gid=1215904780;https://docs.google.com/spreadsheets/d/13smsrG2BGYxr_omJWcgr-sUDr39bvOJPNL5RPt4DSow/edit#gid=1934543062;https://docs.google.com/spreadsheets/d/13smsrG2BGYxr_omJWcgr-sUDr39bvOJPNL5RPt4DSow/edit#gid=1953790464;https://docs.google.com/spreadsheets/d/13smsrG2BGYxr_omJWcgr-sUDr39bvOJPNL5RPt4DSow/edit#gid=71150222;https://docs.google.com/spreadsheets/d/1B2uTMvWlAHb7WlpupJV1A2Hbi3K3U1vCyoFV0wCapcw/edit#gid=1846395979;https://docs.google.com/spreadsheets/d/1JZpA-5XDldN2bjfvhvBPHYK-1AENETLnF1UxNEpWlNA/edit#gid=352888197;https://docs.google.com/spreadsheets/d/1nwiq_ggEj7QePeZGMR2xoi0bEHJr_ZGO24YCRdt93No/edit#gid=857670931;https://docs.google.com/spreadsheets/d/1rZd3D0JRNj3lK0ZKdMXPLvCNBofRhFsvW0AlPuBk3VE/edit#gid=0;https://docs.google.com/spreadsheets/d/1uo7-E_E2jbehB2hbBurpPayP_0fKY5sPZcFgZmfLydY/edit#gid=1526488506;https://docs.google.com/spreadsheets/d/1uo7-E_E2jbehB2hbBurpPayP_0fKY5sPZcFgZmfLydY/edit#gid=1696255979;https://docs.google.com/spreadsheets/d/1uo7-E_E2jbehB2hbBurpPayP_0fKY5sPZcFgZmfLydY/edit#gid=520178140;output/team-graphics/s4/Ritter der Tapukokosnuss - FullLifeGames.png;output/team-graphics/s5/Energie Tobutz.png
Gengar,gengar,33,75,0,75,6,"Season 2, Season 3, Season 6, Season 7, Season 8, Season 9",0,,Barry D. Sin of Speed; Blocki; Dauni Daunstar; DirtyD64; ElektechN9ne; LightGaming; Minetube; Parsifani; RegiBang; Scherany; Tabasco TV,Aggron Berlin; Akatsuki Amphibianz; Elekids Club; Persian Carpets,data/manual/team_pokemon_usage.csv;https://docs.google.com/spreadsheets/d/11wxsKyCydVmDjp4kGLJAOLPM_LgwCLN2GYpbDQkNtkk/edit#gid=1843013406;https://docs.google.com/spreadsheets/d/11wxsKyCydVmDjp4kGLJAOLPM_LgwCLN2GYpbDQkNtkk/edit#gid=654435343;https://docs.google.com/spreadsheets/d/1B2uTMvWlAHb7WlpupJV1A2Hbi3K3U1vCyoFV0wCapcw/edit#gid=1846395979;https://docs.google.com/spreadsheets/d/1B2uTMvWlAHb7WlpupJV1A2Hbi3K3U1vCyoFV0wCapcw/edit#gid=26363830;https://docs.google.com/spreadsheets/d/1FUsClf5qEny-BHY5Djp8rIwRJKBSJDvygJ8LBa62FEo/edit#gid=0;https://docs.google.com/spreadsheets/d/1JZpA-5XDldN2bjfvhvBPHYK-1AENETLnF1UxNEpWlNA/edit#gid=352888197;https://docs.google.com/spreadsheets/d/1nwiq_ggEj7QePeZGMR2xoi0bEHJr_ZGO24YCRdt93No/edit#gid=857670931;https://docs.google.com/spreadsheets/d/1odsNRAZStW1GzmpXwmg27dqjOlch7w8syZOZ5Z2OQRg/edit#gid=0;https://docs.google.com/spreadsheets/d/1uo7-E_E2jbehB2hbBurpPayP_0fKY5sPZcFgZmfLydY/edit#gid=1526488506;https://docs.google.com/spreadsheets/d/1uo7-E_E2jbehB2hbBurpPayP_0fKY5sPZcFgZmfLydY/edit#gid=1696255979;https://docs.google.com/spreadsheets/d/1uo7-E_E2jbehB2hbBurpPayP_0fKY5sPZcFgZmfLydY/edit#gid=520178140;output/team-graphics/s3/GPL Teams Spieltag 14 (1).jpg
Krebutack,krebutack,7,75,0,75,6,"Season 1, Season 2, Season 3, Season 4, Season 6, Season 8",0,,Art'n'Gaming; Dauni Daunstar; MeLevies; PokeBazi; PresentLP; Shiro; SpeedEevee,Munich Magbys*²; Prekani; Shocking Shaymins,data/manual/team_pokemon_usage.csv;https://docs.google.com/spreadsheets/d/11wxsKyCydVmDjp4kGLJAOLPM_LgwCLN2GYpbDQkNtkk/edit#gid=1588964432;https://docs.google.com/spreadsheets/d/11wxsKyCydVmDjp4kGLJAOLPM_LgwCLN2GYpbDQkNtkk/edit#gid=654435343;https://docs.google.com/spreadsheets/d/1B2uTMvWlAHb7WlpupJV1A2Hbi3K3U1vCyoFV0wCapcw/edit#gid=26363830;https://docs.google.com/spreadsheets/d/1JZpA-5XDldN2bjfvhvBPHYK-1AENETLnF1UxNEpWlNA/edit#gid=352888197;https://docs.google.com/spreadsheets/d/1kiwDk4NgYoKb0Oo9yqzwl9HXHxuQ_0I5gkb1JtE57PI/edit#gid=0;https://docs.google.com/spreadsheets/d/1odsNRAZStW1GzmpXwmg27dqjOlch7w8syZOZ5Z2OQRg/edit#gid=0;output/team-graphics/s3/GPL Teams Spieltag 14 (1).jpg;output/team-graphics/s4/Shocking Shaymins - MeLevies.png
Quajutsu,quajutsu,0,75,0,75,4,"Season 1, Season 3, Season 5, Season 6",0,,Barry D. Sin of Speed; Cabgolord; Lauris; PokeBazi; PresentLP; Silva; Tabasco TV,Aggron Berlin; Enteigeddon*³ **¹; Marvelous Speedsters; Pokebassis,data/manual/pokemon_killlists.csv;data/manual/team_pokemon_usage.csv;https://docs.google.com/spreadsheets/d/11wxsKyCydVmDjp4kGLJAOLPM_LgwCLN2GYpbDQkNtkk/edit#gid=1588964432;https://docs.google.com/spreadsheets/d/11wxsKyCydVmDjp4kGLJAOLPM_LgwCLN2GYpbDQkNtkk/edit#gid=1843013406;https://docs.google.com/spreadsheets/d/11wxsKyCydVmDjp4kGLJAOLPM_LgwCLN2GYpbDQkNtkk/edit#gid=654435343;https://docs.google.com/spreadsheets/d/1JZpA-5XDldN2bjfvhvBPHYK-1AENETLnF1UxNEpWlNA/edit#gid=352888197;https://docs.google.com/spreadsheets/d/1kiwDk4NgYoKb0Oo9yqzwl9HXHxuQ_0I5gkb1JtE57PI/edit#gid=0;output/team-graphics/s5/Marvelous Speedsters.png
Resladero,resladero,6,74,0,74,5,"Season 2, Season 5, Season 6, Season 7, Season 10",0,,Art'n'Gaming; Barry D. Sin of Speed; CaptainCrinch; Minetube; RegiBang; RobinVGC,Crinchilla; Little Litleos; Nova Dragons; Skywalking Zacians,data/manual/team_pokemon_usage.csv;https://docs.google.com/spreadsheets/d/11wxsKyCydVmDjp4kGLJAOLPM_LgwCLN2GYpbDQkNtkk/edit#gid=1588964432;https://docs.google.com/spreadsheets/d/11wxsKyCydVmDjp4kGLJAOLPM_LgwCLN2GYpbDQkNtkk/edit#gid=654435343;https://docs.google.com/spreadsheets/d/13smsrG2BGYxr_omJWcgr-sUDr39bvOJPNL5RPt4DSow/edit#gid=71150222;https://docs.google.com/spreadsheets/d/1FUsClf5qEny-BHY5Djp8rIwRJKBSJDvygJ8LBa62FEo/edit#gid=0;https://docs.google.com/spreadsheets/d/1JZpA-5XDldN2bjfvhvBPHYK-1AENETLnF1UxNEpWlNA/edit#gid=352888197;https://docs.google.com/spreadsheets/d/1nwiq_ggEj7QePeZGMR2xoi0bEHJr_ZGO24YCRdt93No/edit#gid=857670931;https://docs.google.com/spreadsheets/d/1odsNRAZStW1GzmpXwmg27dqjOlch7w8syZOZ5Z2OQRg/edit#gid=0;output/team-graphics/s5/Crinchilla.png
Pixi,pixi,36,74,3,71,8,"Season 2, Season 3, Season 4, Season 5, Season 6, Season 7, Season 8, Season 10",0,,Art'n'Gaming; Bene; CaptainCrinch; Domji; ElektechN9ne; Lauris; LightGaming; Parsifani; PentaPlayer; Pokgalaxy; PresentLP; RegiBang; Shizumania; SteveParker; SurskitTV; glebber,Elekids Club; Enteikutierung; Glorious Emperors; Little Litleos*; Mythical FighterZ; PrekaKnight; Shining Legends,data/manual/pokemon_killlists.csv;data/manual/team_pokemon_usage.csv;https://docs.google.com/spreadsheets/d/11wxsKyCydVmDjp4kGLJAOLPM_LgwCLN2GYpbDQkNtkk/edit#gid=1588964432;https://docs.google.com/spreadsheets/d/11wxsKyCydVmDjp4kGLJAOLPM_LgwCLN2GYpbDQkNtkk/edit#gid=1843013406;https://docs.google.com/spreadsheets/d/11wxsKyCydVmDjp4kGLJAOLPM_LgwCLN2GYpbDQkNtkk/edit#gid=654435343;https://docs.google.com/spreadsheets/d/13smsrG2BGYxr_omJWcgr-sUDr39bvOJPNL5RPt4DSow/edit#gid=1934543062;https://docs.google.com/spreadsheets/d/13smsrG2BGYxr_omJWcgr-sUDr39bvOJPNL5RPt4DSow/edit#gid=71150222;https://docs.google.com/spreadsheets/d/1B2uTMvWlAHb7WlpupJV1A2Hbi3K3U1vCyoFV0wCapcw/edit#gid=1846395979;https://docs.google.com/spreadsheets/d/1B2uTMvWlAHb7WlpupJV1A2Hbi3K3U1vCyoFV0wCapcw/edit#gid=26363830;https://docs.google.com/spreadsheets/d/1FUsClf5qEny-BHY5Djp8rIwRJKBSJDvygJ8LBa62FEo/edit#gid=0;https://docs.google.com/spreadsheets/d/1JZpA-5XDldN2bjfvhvBPHYK-1AENETLnF1UxNEpWlNA/edit#gid=352888197;https://docs.google.com/spreadsheets/d/1nwiq_ggEj7QePeZGMR2xoi0bEHJr_ZGO24YCRdt93No/edit#gid=857670931;https://docs.google.com/spreadsheets/d/1odsNRAZStW1GzmpXwmg27dqjOlch7w8syZOZ5Z2OQRg/edit#gid=0;output/team-graphics/s3/GPL Teams Spieltag 14 (2).jpg;output/team-graphics/s4/Enteikutierung - Lauris Enteitainment.png
Voltolos-I,voltolos i,2,71,2,69,5,"Season 3, Season 4, Season 5, Season 6, Season 10",0,,Bene; Fnupa; Oktopaul; PresentLP; RegiBang,Petalburg Panchams; Prekani; Slicing Knights; Tectass Toppas,data/manual/team_pokemon_usage.csv;https://docs.google.com/spreadsheets/d/11wxsKyCydVmDjp4kGLJAOLPM_LgwCLN2GYpbDQkNtkk/edit#gid=1843013406;https://docs.google.com/spreadsheets/d/13smsrG2BGYxr_omJWcgr-sUDr39bvOJPNL5RPt4DSow/edit#gid=71150222;https://docs.google.com/spreadsheets/d/1JZpA-5XDldN2bjfvhvBPHYK-1AENETLnF1UxNEpWlNA/edit#gid=352888197;output/team-graphics/s3/GPL Teams Spieltag 14 (1).jpg;output/team-graphics/s4/Slicing Knights - Cabgolord.png;output/team-graphics/s5/Prekani.png
Panferno,panferno,11,70,0,70,6,"Season 1, Season 2, Season 3, Season 4, Season 6, Season 10",0,,Art'n'Gaming; Bene; BlackLink; Blocki; Cabgolord; Lets Kayze; Morbol; Oktopaul; PokeBazi; Scherany; Silva,Kastanienbomber; Kleinsteins;Gate; Majora's Maskeregen; Petalburg Panchams; Schnittlauchs,data/manual/pokemon_killlists.csv;data/manual/team_pokemon_usage.csv;https://docs.google.com/spreadsheets/d/11wxsKyCydVmDjp4kGLJAOLPM_LgwCLN2GYpbDQkNtkk/edit#gid=1588964432;https://docs.google.com/spreadsheets/d/11wxsKyCydVmDjp4kGLJAOLPM_LgwCLN2GYpbDQkNtkk/edit#gid=1843013406;https://docs.google.com/spreadsheets/d/11wxsKyCydVmDjp4kGLJAOLPM_LgwCLN2GYpbDQkNtkk/edit#gid=654435343;https://docs.google.com/spreadsheets/d/13smsrG2BGYxr_omJWcgr-sUDr39bvOJPNL5RPt4DSow/edit#gid=1934543062;https://docs.google.com/spreadsheets/d/1FUsClf5qEny-BHY5Djp8rIwRJKBSJDvygJ8LBa62FEo/edit#gid=0;https://docs.google.com/spreadsheets/d/1JZpA-5XDldN2bjfvhvBPHYK-1AENETLnF1UxNEpWlNA/edit#gid=352888197;https://docs.google.com/spreadsheets/d/1kiwDk4NgYoKb0Oo9yqzwl9HXHxuQ_0I5gkb1JtE57PI/edit#gid=0;https://docs.google.com/spreadsheets/d/1odsNRAZStW1GzmpXwmg27dqjOlch7w8syZOZ5Z2OQRg/edit#gid=0;output/team-graphics/s3/GPL Teams Spieltag 14 (1).jpg;output/team-graphics/s4/Schnittlauchs - PokeBazi.png
Wolwerock-Dämmerungsform,wolwerock daemmerungsform,36,69,0,69,3,"Season 5, Season 6, Season 9",0,,Barry D. Sin of Speed; BraveBird; Minetube; Stratocopter TV,Akatsuki Amphibianz; Crustle Crusaders; Youngstars,https://docs.google.com/spreadsheets/d/11wxsKyCydVmDjp4kGLJAOLPM_LgwCLN2GYpbDQkNtkk/edit#gid=1588964432;https://docs.google.com/spreadsheets/d/11wxsKyCydVmDjp4kGLJAOLPM_LgwCLN2GYpbDQkNtkk/edit#gid=1843013406;https://docs.google.com/spreadsheets/d/11wxsKyCydVmDjp4kGLJAOLPM_LgwCLN2GYpbDQkNtkk/edit#gid=654435343;https://docs.google.com/spreadsheets/d/1JZpA-5XDldN2bjfvhvBPHYK-1AENETLnF1UxNEpWlNA/edit#gid=352888197;https://docs.google.com/spreadsheets/d/1uo7-E_E2jbehB2hbBurpPayP_0fKY5sPZcFgZmfLydY/edit#gid=1526488506;https://docs.google.com/spreadsheets/d/1uo7-E_E2jbehB2hbBurpPayP_0fKY5sPZcFgZmfLydY/edit#gid=1696255979;https://docs.google.com/spreadsheets/d/1uo7-E_E2jbehB2hbBurpPayP_0fKY5sPZcFgZmfLydY/edit#gid=520178140
Kyurem,kyurem,56,67,0,67,5,"Season 5, Season 6, Season 7, Season 8, Season 9",0,,BelmontGabriel; ElektechN9ne; Fnupa; KingBlex; Nestfloh; OGDNZ; PresentLP,Cabgosport; Elekids Club; Igalima Impoleon; Prekani; Toon World,data/manual/team_pokemon_usage.csv;https://docs.google.com/spreadsheets/d/11wxsKyCydVmDjp4kGLJAOLPM_LgwCLN2GYpbDQkNtkk/edit#gid=1588964432;https://docs.google.com/spreadsheets/d/11wxsKyCydVmDjp4kGLJAOLPM_LgwCLN2GYpbDQkNtkk/edit#gid=1843013406;https://docs.google.com/spreadsheets/d/11wxsKyCydVmDjp4kGLJAOLPM_LgwCLN2GYpbDQkNtkk/edit#gid=654435343;https://docs.google.com/spreadsheets/d/1B2uTMvWlAHb7WlpupJV1A2Hbi3K3U1vCyoFV0wCapcw/edit#gid=1846395979;https://docs.google.com/spreadsheets/d/1B2uTMvWlAHb7WlpupJV1A2Hbi3K3U1vCyoFV0wCapcw/edit#gid=26363830;https://docs.google.com/spreadsheets/d/1JZpA-5XDldN2bjfvhvBPHYK-1AENETLnF1UxNEpWlNA/edit#gid=352888197;https://docs.google.com/spreadsheets/d/1nwiq_ggEj7QePeZGMR2xoi0bEHJr_ZGO24YCRdt93No/edit#gid=857670931;https://docs.google.com/spreadsheets/d/1uo7-E_E2jbehB2hbBurpPayP_0fKY5sPZcFgZmfLydY/edit#gid=1526488506;https://docs.google.com/spreadsheets/d/1uo7-E_E2jbehB2hbBurpPayP_0fKY5sPZcFgZmfLydY/edit#gid=1696255979;https://docs.google.com/spreadsheets/d/1uo7-E_E2jbehB2hbBurpPayP_0fKY5sPZcFgZmfLydY/edit#gid=520178140;output/team-graphics/s5/Cabgosport.png
Rizeros,rizeros,30,67,14,53,4,"Season 3, Season 6, Season 7, Season 10",0,,PresentLP; Scoutley; SurskitTV,PrekaKnight; Prekani; Rising Delibirds; Surstars,data/manual/team_pokemon_usage.csv;https://docs.google.com/spreadsheets/d/11wxsKyCydVmDjp4kGLJAOLPM_LgwCLN2GYpbDQkNtkk/edit#gid=1588964432;https://docs.google.com/spreadsheets/d/13smsrG2BGYxr_omJWcgr-sUDr39bvOJPNL5RPt4DSow/edit#gid=1934543062;https://docs.google.com/spreadsheets/d/13smsrG2BGYxr_omJWcgr-sUDr39bvOJPNL5RPt4DSow/edit#gid=71150222;https://docs.google.com/spreadsheets/d/1JZpA-5XDldN2bjfvhvBPHYK-1AENETLnF1UxNEpWlNA/edit#gid=352888197;https://docs.google.com/spreadsheets/d/1nwiq_ggEj7QePeZGMR2xoi0bEHJr_ZGO24YCRdt93No/edit#gid=857670931;output/team-graphics/s3/GPL Teams Spieltag 14 (2).jpg
Liberlo,liberlo,56,66,0,66,3,"Season 7, Season 9, Season 10",1,Season 7,Dauni Daunstar; Hydronic; Nestfloh; Snomnie,Corvi Crushers; Flutschige Zäpfchen; Scherzkekse,https://docs.google.com/spreadsheets/d/13smsrG2BGYxr_omJWcgr-sUDr39bvOJPNL5RPt4DSow/edit#gid=1934543062;https://docs.google.com/spreadsheets/d/1nwiq_ggEj7QePeZGMR2xoi0bEHJr_ZGO24YCRdt93No/edit#gid=1953934700;https://docs.google.com/spreadsheets/d/1nwiq_ggEj7QePeZGMR2xoi0bEHJr_ZGO24YCRdt93No/edit#gid=857670931;https://docs.google.com/spreadsheets/d/1uo7-E_E2jbehB2hbBurpPayP_0fKY5sPZcFgZmfLydY/edit#gid=1526488506;https://docs.google.com/spreadsheets/d/1uo7-E_E2jbehB2hbBurpPayP_0fKY5sPZcFgZmfLydY/edit#gid=1696255979;https://docs.google.com/spreadsheets/d/1uo7-E_E2jbehB2hbBurpPayP_0fKY5sPZcFgZmfLydY/edit#gid=520178140
Rotom-Wasch,rotom wasch,25,66,11,55,7,"Season 1, Season 2, Season 4, Season 5, Season 6, Season 7, Season 10",1,Season 5,Asalakoren; Cabgolord; DiaSwordPlay; Lauris; Oktopaul; PresentLP; SteveParker,Absolutism; Blades Enforcer; PrekaKnight; Prekani; Shockwaving Magearnas,data/manual/pokemon_killlists.csv;data/manual/team_pokemon_usage.csv;https://docs.google.com/spreadsheets/d/11wxsKyCydVmDjp4kGLJAOLPM_LgwCLN2GYpbDQkNtkk/edit#gid=1588964432;https://docs.google.com/spreadsheets/d/11wxsKyCydVmDjp4kGLJAOLPM_LgwCLN2GYpbDQkNtkk/edit#gid=1843013406;https://docs.google.com/spreadsheets/d/13smsrG2BGYxr_omJWcgr-sUDr39bvOJPNL5RPt4DSow/edit#gid=1934543062;https://docs.google.com/spreadsheets/d/13smsrG2BGYxr_omJWcgr-sUDr39bvOJPNL5RPt4DSow/edit#gid=71150222;https://docs.google.com/spreadsheets/d/1FUsClf5qEny-BHY5Djp8rIwRJKBSJDvygJ8LBa62FEo/edit#gid=0;https://docs.google.com/spreadsheets/d/1JZpA-5XDldN2bjfvhvBPHYK-1AENETLnF1UxNEpWlNA/edit#gid=352888197;https://docs.google.com/spreadsheets/d/1kiwDk4NgYoKb0Oo9yqzwl9HXHxuQ_0I5gkb1JtE57PI/edit#gid=0;https://docs.google.com/spreadsheets/d/1nONaKwJcrN04APGKN-HrZ8yavwZdFkfnaA59Zp1sdBU/edit#gid=1708603996;https://docs.google.com/spreadsheets/d/1nwiq_ggEj7QePeZGMR2xoi0bEHJr_ZGO24YCRdt93No/edit#gid=857670931;output/team-graphics/s5/Shockwaving Magearnas.png
Blitza,blitza,3,65,0,65,8,"Season 1, Season 2, Season 3, Season 4, Season 5, Season 6, Season 7, Season 9",0,,BlackLink; CaptainCrinch; Dauni Daunstar; Maxi von Vogel; Minetube; Morbol; Pokgalaxy; PresentLP; Scherany; SpeedEevee; SurskitTV,Crinchilla; Fen and Gator; Majora's Maskeregen; Milchbubis; Triyolotree,data/manual/team_pokemon_usage.csv;https://docs.google.com/spreadsheets/d/11wxsKyCydVmDjp4kGLJAOLPM_LgwCLN2GYpbDQkNtkk/edit#gid=1588964432;https://docs.google.com/spreadsheets/d/1FUsClf5qEny-BHY5Djp8rIwRJKBSJDvygJ8LBa62FEo/edit#gid=0;https://docs.google.com/spreadsheets/d/1JZpA-5XDldN2bjfvhvBPHYK-1AENETLnF1UxNEpWlNA/edit#gid=352888197;https://docs.google.com/spreadsheets/d/1kiwDk4NgYoKb0Oo9yqzwl9HXHxuQ_0I5gkb1JtE57PI/edit#gid=0;https://docs.google.com/spreadsheets/d/1nwiq_ggEj7QePeZGMR2xoi0bEHJr_ZGO24YCRdt93No/edit#gid=857670931;https://docs.google.com/spreadsheets/d/1odsNRAZStW1GzmpXwmg27dqjOlch7w8syZOZ5Z2OQRg/edit#gid=0;https://docs.google.com/spreadsheets/d/1uo7-E_E2jbehB2hbBurpPayP_0fKY5sPZcFgZmfLydY/edit#gid=1526488506;https://docs.google.com/spreadsheets/d/1uo7-E_E2jbehB2hbBurpPayP_0fKY5sPZcFgZmfLydY/edit#gid=1696255979;https://docs.google.com/spreadsheets/d/1uo7-E_E2jbehB2hbBurpPayP_0fKY5sPZcFgZmfLydY/edit#gid=520178140;output/team-graphics/s3/GPL Teams Spieltag 14 (2).jpg;output/team-graphics/s4/Minetube - Triyolotree.png;output/team-graphics/s5/Triyolotree.png
Mega Altaria,mega altaria,0,63,0,63,4,"Season 2, Season 3, Season 5, Season 6",0,,Oktopaul; PokeBazi; PokeBree; Shiro; Tabasco TV; glebber,Aggron Berlin; Energie Tobutz; Munich Magbys*²; Pokebassis,data/manual/team_pokemon_usage.csv;https://docs.google.com/spreadsheets/d/11wxsKyCydVmDjp4kGLJAOLPM_LgwCLN2GYpbDQkNtkk/edit#gid=1588964432;https://docs.google.com/spreadsheets/d/11wxsKyCydVmDjp4kGLJAOLPM_LgwCLN2GYpbDQkNtkk/edit#gid=1843013406;https://docs.google.com/spreadsheets/d/11wxsKyCydVmDjp4kGLJAOLPM_LgwCLN2GYpbDQkNtkk/edit#gid=654435343;https://docs.google.com/spreadsheets/d/1FUsClf5qEny-BHY5Djp8rIwRJKBSJDvygJ8LBa62FEo/edit#gid=0;https://docs.google.com/spreadsheets/d/1JZpA-5XDldN2bjfvhvBPHYK-1AENETLnF1UxNEpWlNA/edit#gid=352888197;https://docs.google.com/spreadsheets/d/1odsNRAZStW1GzmpXwmg27dqjOlch7w8syZOZ5Z2OQRg/edit#gid=0;output/team-graphics/s3/GPL Teams Spieltag 14 (1).jpg;output/team-graphics/s5/Energie Tobutz.png
Raikou,raikou,60,62,8,54,6,"Season 2, Season 3, Season 6, Season 8, Season 9, Season 10",0,,Blocki; FanmadeLetsPlay; Hydronic; LucarioLP; Nestfloh; Pokgalaxy; RobinVGC; Shiro,Choice Bandits; Grippebärchen; Munich Magbys*²; Voltwizards,data/manual/pokemon_killlists.csv;https://docs.google.com/spreadsheets/d/11wxsKyCydVmDjp4kGLJAOLPM_LgwCLN2GYpbDQkNtkk/edit#gid=1588964432;https://docs.google.com/spreadsheets/d/13smsrG2BGYxr_omJWcgr-sUDr39bvOJPNL5RPt4DSow/edit#gid=1934543062;https://docs.google.com/spreadsheets/d/13smsrG2BGYxr_omJWcgr-sUDr39bvOJPNL5RPt4DSow/edit#gid=71150222;https://docs.google.com/spreadsheets/d/1B2uTMvWlAHb7WlpupJV1A2Hbi3K3U1vCyoFV0wCapcw/edit#gid=1846395979;https://docs.google.com/spreadsheets/d/1FUsClf5qEny-BHY5Djp8rIwRJKBSJDvygJ8LBa62FEo/edit#gid=0;https://docs.google.com/spreadsheets/d/1JZpA-5XDldN2bjfvhvBPHYK-1AENETLnF1UxNEpWlNA/edit#gid=352888197;https://docs.google.com/spreadsheets/d/1odsNRAZStW1GzmpXwmg27dqjOlch7w8syZOZ5Z2OQRg/edit#gid=0;https://docs.google.com/spreadsheets/d/1uo7-E_E2jbehB2hbBurpPayP_0fKY5sPZcFgZmfLydY/edit#gid=1526488506;https://docs.google.com/spreadsheets/d/1uo7-E_E2jbehB2hbBurpPayP_0fKY5sPZcFgZmfLydY/edit#gid=1696255979;https://docs.google.com/spreadsheets/d/1uo7-E_E2jbehB2hbBurpPayP_0fKY5sPZcFgZmfLydY/edit#gid=520178140
Brutalanda,brutalanda,7,61,0,61,7,"Season 1, Season 2, Season 3, Season 4, Season 5, Season 6, Season 10",0,,Bene; DaumenkinoLP; Lauris; PokeBazi; PresentLP; Raizor; RegiBang; Sirazoa; SurskitTV,Eon Engine; Prekani; Schleudergang; Soulstealer; Unlimited Blade Works*¹,data/manual/pokemon_killlists.csv;data/manual/team_pokemon_usage.csv;https://docs.google.com/spreadsheets/d/11wxsKyCydVmDjp4kGLJAOLPM_LgwCLN2GYpbDQkNtkk/edit#gid=1588964432;https://docs.google.com/spreadsheets/d/13smsrG2BGYxr_omJWcgr-sUDr39bvOJPNL5RPt4DSow/edit#gid=1934543062;https://docs.google.com/spreadsheets/d/1FUsClf5qEny-BHY5Djp8rIwRJKBSJDvygJ8LBa62FEo/edit#gid=0;https://docs.google.com/spreadsheets/d/1JZpA-5XDldN2bjfvhvBPHYK-1AENETLnF1UxNEpWlNA/edit#gid=352888197;https://docs.google.com/spreadsheets/d/1kiwDk4NgYoKb0Oo9yqzwl9HXHxuQ_0I5gkb1JtE57PI/edit#gid=0;https://docs.google.com/spreadsheets/d/1odsNRAZStW1GzmpXwmg27dqjOlch7w8syZOZ5Z2OQRg/edit#gid=0;output/team-graphics/s4/Prekani - PresentLP.png;output/team-graphics/s5/SoulStealer.png
Hutsassa,hutsassa,23,61,0,61,6,"Season 2, Season 3, Season 4, Season 6, Season 8, Season 9",0,,Craycom; KingBlex; Lets Kayze; Minetube; PentaPlayer; PresentLP; Raikani; Raizor; RegiBang; Shiro; SteveParker,Glorious Emperors; Soulblaze; Strubbelohr Bande; Triyolotree,data/manual/team_pokemon_usage.csv;https://docs.google.com/spreadsheets/d/11wxsKyCydVmDjp4kGLJAOLPM_LgwCLN2GYpbDQkNtkk/edit#gid=1843013406;https://docs.google.com/spreadsheets/d/1B2uTMvWlAHb7WlpupJV1A2Hbi3K3U1vCyoFV0wCapcw/edit#gid=1846395979;https://docs.google.com/spreadsheets/d/1FUsClf5qEny-BHY5Djp8rIwRJKBSJDvygJ8LBa62FEo/edit#gid=0;https://docs.google.com/spreadsheets/d/1JZpA-5XDldN2bjfvhvBPHYK-1AENETLnF1UxNEpWlNA/edit#gid=352888197;https://docs.google.com/spreadsheets/d/1odsNRAZStW1GzmpXwmg27dqjOlch7w8syZOZ5Z2OQRg/edit#gid=0;https://docs.google.com/spreadsheets/d/1uo7-E_E2jbehB2hbBurpPayP_0fKY5sPZcFgZmfLydY/edit#gid=1526488506;https://docs.google.com/spreadsheets/d/1uo7-E_E2jbehB2hbBurpPayP_0fKY5sPZcFgZmfLydY/edit#gid=1696255979;https://docs.google.com/spreadsheets/d/1uo7-E_E2jbehB2hbBurpPayP_0fKY5sPZcFgZmfLydY/edit#gid=520178140;output/team-graphics/s3/GPL Teams Spieltag 14 (2).jpg;output/team-graphics/s4/Minetube - Triyolotree.png
Bronzong,bronzong,47,61,4,57,7,"Season 3, Season 5, Season 6, Season 7, Season 8, Season 9, Season 10",2,"Season 9, Season 10",BelmontGabriel; Bene; El Scizor; OGDNZ; Parsifani; PresentLP; Professor N; Tabasco TV,Aggron Berlin; Howling Commandos; Kleinsteins;Gate; Persian Carpets; Prekani; Victory Instinct; Wackel Backel,data/manual/team_pokemon_usage.csv;https://docs.google.com/spreadsheets/d/11wxsKyCydVmDjp4kGLJAOLPM_LgwCLN2GYpbDQkNtkk/edit#gid=1588964432;https://docs.google.com/spreadsheets/d/11wxsKyCydVmDjp4kGLJAOLPM_LgwCLN2GYpbDQkNtkk/edit#gid=1843013406;https://docs.google.com/spreadsheets/d/11wxsKyCydVmDjp4kGLJAOLPM_LgwCLN2GYpbDQkNtkk/edit#gid=654435343;https://docs.google.com/spreadsheets/d/13smsrG2BGYxr_omJWcgr-sUDr39bvOJPNL5RPt4DSow/edit#gid=1215904780;https://docs.google.com/spreadsheets/d/13smsrG2BGYxr_omJWcgr-sUDr39bvOJPNL5RPt4DSow/edit#gid=1934543062;https://docs.google.com/spreadsheets/d/13smsrG2BGYxr_omJWcgr-sUDr39bvOJPNL5RPt4DSow/edit#gid=1953790464;https://docs.google.com/spreadsheets/d/13smsrG2BGYxr_omJWcgr-sUDr39bvOJPNL5RPt4DSow/edit#gid=71150222;https://docs.google.com/spreadsheets/d/1B2uTMvWlAHb7WlpupJV1A2Hbi3K3U1vCyoFV0wCapcw/edit#gid=1846395979;https://docs.google.com/spreadsheets/d/1B2uTMvWlAHb7WlpupJV1A2Hbi3K3U1vCyoFV0wCapcw/edit#gid=26363830;https://docs.google.com/spreadsheets/d/1JZpA-5XDldN2bjfvhvBPHYK-1AENETLnF1UxNEpWlNA/edit#gid=352888197;https://docs.google.com/spreadsheets/d/1nwiq_ggEj7QePeZGMR2xoi0bEHJr_ZGO24YCRdt93No/edit#gid=857670931;https://docs.google.com/spreadsheets/d/1uo7-E_E2jbehB2hbBurpPayP_0fKY5sPZcFgZmfLydY/edit#gid=1526488506;https://docs.google.com/spreadsheets/d/1uo7-E_E2jbehB2hbBurpPayP_0fKY5sPZcFgZmfLydY/edit#gid=1696255979;https://docs.google.com/spreadsheets/d/1uo7-E_E2jbehB2hbBurpPayP_0fKY5sPZcFgZmfLydY/edit#gid=1953155019;https://docs.google.com/spreadsheets/d/1uo7-E_E2jbehB2hbBurpPayP_0fKY5sPZcFgZmfLydY/edit#gid=520178140;output/team-graphics/s3/GPL Teams Spieltag 14 (1).jpg;output/team-graphics/s5/Howling Commandos.png
Donphan,donphan,4,60,0,60,7,"Season 1, Season 2, Season 3, Season 4, Season 5, Season 6, Season 10",0,,Art'n'Gaming; Barry D. Sin of Speed; Blocki; CrowdController; DaumenkinoLP; DiaSwordPlay; ElektechN9ne; Fnupa; Kuchenjaeger; Lets Kayze; LucarioLP; PokeBazi; Shiro; WolvX,Cabgosport; Elekids Club; Kastanienbomber; Little Littleos; Nova Dragons; Variant Vulpix,data/manual/team_pokemon_usage.csv;https://docs.google.com/spreadsheets/d/11wxsKyCydVmDjp4kGLJAOLPM_LgwCLN2GYpbDQkNtkk/edit#gid=1843013406;https://docs.google.com/spreadsheets/d/11wxsKyCydVmDjp4kGLJAOLPM_LgwCLN2GYpbDQkNtkk/edit#gid=654435343;https://docs.google.com/spreadsheets/d/13smsrG2BGYxr_omJWcgr-sUDr39bvOJPNL5RPt4DSow/edit#gid=1934543062;https://docs.google.com/spreadsheets/d/1FUsClf5qEny-BHY5Djp8rIwRJKBSJDvygJ8LBa62FEo/edit#gid=0;https://docs.google.com/spreadsheets/d/1JZpA-5XDldN2bjfvhvBPHYK-1AENETLnF1UxNEpWlNA/edit#gid=352888197;https://docs.google.com/spreadsheets/d/1kiwDk4NgYoKb0Oo9yqzwl9HXHxuQ_0I5gkb1JtE57PI/edit#gid=0;https://docs.google.com/spreadsheets/d/1odsNRAZStW1GzmpXwmg27dqjOlch7w8syZOZ5Z2OQRg/edit#gid=0;output/team-graphics/s3/GPL Teams Spieltag 14 (2).jpg;output/team-graphics/s4/Variant Vulpix - CrowdController.png;output/team-graphics/s5/Cabgosport.png
Katagami,katagami,11,60,0,60,4,"Season 4, Season 5, Season 6, Season 8",0,,CaptainCrinch; PokeBazi; Pokgalaxy; glebber,Energie Tobutz; Pokebassis; Suicide Squad,data/manual/team_pokemon_usage.csv;https://docs.google.com/spreadsheets/d/11wxsKyCydVmDjp4kGLJAOLPM_LgwCLN2GYpbDQkNtkk/edit#gid=1588964432;https://docs.google.com/spreadsheets/d/11wxsKyCydVmDjp4kGLJAOLPM_LgwCLN2GYpbDQkNtkk/edit#gid=654435343;https://docs.google.com/spreadsheets/d/1B2uTMvWlAHb7WlpupJV1A2Hbi3K3U1vCyoFV0wCapcw/edit#gid=1846395979;https://docs.google.com/spreadsheets/d/1JZpA-5XDldN2bjfvhvBPHYK-1AENETLnF1UxNEpWlNA/edit#gid=352888197;output/team-graphics/s4/Suicide Squad - CaptainCrinch.png;output/team-graphics/s5/Energie Tobutz.png
Mega Bibor,mega bibor,0,60,0,60,4,"Season 2, Season 3, Season 4, Season 5",0,,CrowdController; Kuchenjaeger; PresentLP; RegiBang,Glorious Emperors; Prekani; Variant Vulpix,data/manual/pokemon_killlists.csv;data/manual/team_pokemon_usage.csv;https://docs.google.com/spreadsheets/d/1FUsClf5qEny-BHY5Djp8rIwRJKBSJDvygJ8LBa62FEo/edit#gid=0;https://docs.google.com/spreadsheets/d/1JZpA-5XDldN2bjfvhvBPHYK-1AENETLnF1UxNEpWlNA/edit#gid=352888197;output/team-graphics/s3/GPL Teams Spieltag 14 (2).jpg;output/team-graphics/s4/Variant Vulpix - CrowdController.png;output/team-graphics/s5/Prekani.png
Kapu-Kime,kapu kime,69,58,0,58,4,"Season 4, Season 5, Season 8, Season 9",1,Season 9,BelmontGabriel; Bene; CaptainCrinch; CrowdController; El Scizor; Raizor; RegiBang,Crinchilla; Variant Vulpix; Victory Instinct,data/manual/team_pokemon_usage.csv;https://docs.google.com/spreadsheets/d/1B2uTMvWlAHb7WlpupJV1A2Hbi3K3U1vCyoFV0wCapcw/edit#gid=1846395979;https://docs.google.com/spreadsheets/d/1B2uTMvWlAHb7WlpupJV1A2Hbi3K3U1vCyoFV0wCapcw/edit#gid=26363830;https://docs.google.com/spreadsheets/d/1JZpA-5XDldN2bjfvhvBPHYK-1AENETLnF1UxNEpWlNA/edit#gid=352888197;https://docs.google.com/spreadsheets/d/1uo7-E_E2jbehB2hbBurpPayP_0fKY5sPZcFgZmfLydY/edit#gid=1526488506;https://docs.google.com/spreadsheets/d/1uo7-E_E2jbehB2hbBurpPayP_0fKY5sPZcFgZmfLydY/edit#gid=1696255979;https://docs.google.com/spreadsheets/d/1uo7-E_E2jbehB2hbBurpPayP_0fKY5sPZcFgZmfLydY/edit#gid=1953155019;https://docs.google.com/spreadsheets/d/1uo7-E_E2jbehB2hbBurpPayP_0fKY5sPZcFgZmfLydY/edit#gid=520178140;output/team-graphics/s4/Variant Vulpix - CrowdController.png;output/team-graphics/s5/Crinchilla.png
Mega Latias,mega latias,0,58,0,58,4,"Season 2, Season 3, Season 5, Season 6",0,,Art'n'Gaming; Bene; BlackLink; CaptainCrinch; Parsifani; Raikani,Aggron Successors*; Crinchilla; Majora's Maskeregen; Unlimited Blade Works*¹,data/manual/team_pokemon_usage.csv;https://docs.google.com/spreadsheets/d/11wxsKyCydVmDjp4kGLJAOLPM_LgwCLN2GYpbDQkNtkk/edit#gid=1588964432;https://docs.google.com/spreadsheets/d/11wxsKyCydVmDjp4kGLJAOLPM_LgwCLN2GYpbDQkNtkk/edit#gid=1843013406;https://docs.google.com/spreadsheets/d/1FUsClf5qEny-BHY5Djp8rIwRJKBSJDvygJ8LBa62FEo/edit#gid=0;https://docs.google.com/spreadsheets/d/1JZpA-5XDldN2bjfvhvBPHYK-1AENETLnF1UxNEpWlNA/edit#gid=352888197;https://docs.google.com/spreadsheets/d/1odsNRAZStW1GzmpXwmg27dqjOlch7w8syZOZ5Z2OQRg/edit#gid=0;output/team-graphics/s3/GPL Teams Spieltag 14 (2).jpg;output/team-graphics/s5/Aggron Berlin.png
Suicune,suicune,10,58,0,58,4,"Season 2, Season 3, Season 6, Season 10",0,,Bene; Blocki; Lauris; Minetube; Oktopaul; PentaPlayer; Raikani; Raizor; SpeedEevee; Stratocopter TV,Crustle Crusaders; Kastanienbomber; Schleudergang; Unlimited Blade Works*¹,data/manual/team_pokemon_usage.csv;https://docs.google.com/spreadsheets/d/11wxsKyCydVmDjp4kGLJAOLPM_LgwCLN2GYpbDQkNtkk/edit#gid=1588964432;https://docs.google.com/spreadsheets/d/11wxsKyCydVmDjp4kGLJAOLPM_LgwCLN2GYpbDQkNtkk/edit#gid=1843013406;https://docs.google.com/spreadsheets/d/11wxsKyCydVmDjp4kGLJAOLPM_LgwCLN2GYpbDQkNtkk/edit#gid=654435343;https://docs.google.com/spreadsheets/d/13smsrG2BGYxr_omJWcgr-sUDr39bvOJPNL5RPt4DSow/edit#gid=1934543062;https://docs.google.com/spreadsheets/d/1FUsClf5qEny-BHY5Djp8rIwRJKBSJDvygJ8LBa62FEo/edit#gid=0;https://docs.google.com/spreadsheets/d/1JZpA-5XDldN2bjfvhvBPHYK-1AENETLnF1UxNEpWlNA/edit#gid=352888197;https://docs.google.com/spreadsheets/d/1odsNRAZStW1GzmpXwmg27dqjOlch7w8syZOZ5Z2OQRg/edit#gid=0;output/team-graphics/s3/GPL Teams Spieltag 14 (2).jpg
Victini,victini,6,58,0,58,6,"Season 1, Season 3, Season 4, Season 5, Season 6, Season 8",0,,Barry D. Sin of Speed; DaumenkinoLP; DiaSwordPlay; DirtyD64; Minetube; OGDNZ; Stratocopter TV,Crustle Crusaders; Marvelous Speedsters; Triyolotree,data/manual/pokemon_killlists.csv;data/manual/team_pokemon_usage.csv;https://docs.google.com/spreadsheets/d/11wxsKyCydVmDjp4kGLJAOLPM_LgwCLN2GYpbDQkNtkk/edit#gid=1843013406;https://docs.google.com/spreadsheets/d/1B2uTMvWlAHb7WlpupJV1A2Hbi3K3U1vCyoFV0wCapcw/edit#gid=1846395979;https://docs.google.com/spreadsheets/d/1JZpA-5XDldN2bjfvhvBPHYK-1AENETLnF1UxNEpWlNA/edit#gid=352888197;https://docs.google.com/spreadsheets/d/1kiwDk4NgYoKb0Oo9yqzwl9HXHxuQ_0I5gkb1JtE57PI/edit#gid=0;output/team-graphics/s3/GPL Teams Spieltag 14 (2).jpg;output/team-graphics/s4/Minetube - Triyolotree.png
Guardevoir,guardevoir,52,58,7,51,7,"Season 1, Season 2, Season 3, Season 7, Season 8, Season 9, Season 10",0,,Barry D. Sin of Speed; BelmontGabriel; Cabgolord; Maxi von Vogel; Nestfloh; PokeBazi; Pokgalaxy; SpeedEevee; SurskitTV; Zant017,Böller Brüder; Fen and Gator; Surstars; Therapiepi,data/manual/team_pokemon_usage.csv;https://docs.google.com/spreadsheets/d/13smsrG2BGYxr_omJWcgr-sUDr39bvOJPNL5RPt4DSow/edit#gid=1934543062;https://docs.google.com/spreadsheets/d/13smsrG2BGYxr_omJWcgr-sUDr39bvOJPNL5RPt4DSow/edit#gid=71150222;https://docs.google.com/spreadsheets/d/1B2uTMvWlAHb7WlpupJV1A2Hbi3K3U1vCyoFV0wCapcw/edit#gid=1846395979;https://docs.google.com/spreadsheets/d/1B2uTMvWlAHb7WlpupJV1A2Hbi3K3U1vCyoFV0wCapcw/edit#gid=26363830;https://docs.google.com/spreadsheets/d/1JZpA-5XDldN2bjfvhvBPHYK-1AENETLnF1UxNEpWlNA/edit#gid=352888197;https://docs.google.com/spreadsheets/d/1kiwDk4NgYoKb0Oo9yqzwl9HXHxuQ_0I5gkb1JtE57PI/edit#gid=0;https://docs.google.com/spreadsheets/d/1nwiq_ggEj7QePeZGMR2xoi0bEHJr_ZGO24YCRdt93No/edit#gid=857670931;https://docs.google.com/spreadsheets/d/1odsNRAZStW1GzmpXwmg27dqjOlch7w8syZOZ5Z2OQRg/edit#gid=0;https://docs.google.com/spreadsheets/d/1uo7-E_E2jbehB2hbBurpPayP_0fKY5sPZcFgZmfLydY/edit#gid=1526488506;https://docs.google.com/spreadsheets/d/1uo7-E_E2jbehB2hbBurpPayP_0fKY5sPZcFgZmfLydY/edit#gid=1696255979;https://docs.google.com/spreadsheets/d/1uo7-E_E2jbehB2hbBurpPayP_0fKY5sPZcFgZmfLydY/edit#gid=520178140;output/team-graphics/s3/GPL Teams Spieltag 14 (2).jpg
Mega Schlapor,mega schlapor,0,57,0,57,4,"Season 2, Season 3, Season 5, Season 6",0,,Hydronic; Parsifani; Shizumania; SurskitTV,Aggron Successors*; Grippebärchen; Surstars,data/manual/pokemon_killlists.csv;data/manual/team_pokemon_usage.csv;https://docs.google.com/spreadsheets/d/11wxsKyCydVmDjp4kGLJAOLPM_LgwCLN2GYpbDQkNtkk/edit#gid=1588964432;https://docs.google.com/spreadsheets/d/1FUsClf5qEny-BHY5Djp8rIwRJKBSJDvygJ8LBa62FEo/edit#gid=0;https://docs.google.com/spreadsheets/d/1JZpA-5XDldN2bjfvhvBPHYK-1AENETLnF1UxNEpWlNA/edit#gid=352888197;https://docs.google.com/spreadsheets/d/1odsNRAZStW1GzmpXwmg27dqjOlch7w8syZOZ5Z2OQRg/edit#gid=0;output/team-graphics/s3/GPL Teams Spieltag 14 (2).jpg
Impoleon,impoleon,15,57,7,50,5,"Season 2, Season 3, Season 4, Season 6, Season 10",0,,BlackLink; ElektechN9ne; Fnupa; Nestfloh; Parsifani; RegiBang; Scherany; Shiro,Böller Brüder; Elekids Club; Glorious Emperors; Majora's Maskeregen; Slicing Knights,data/manual/team_pokemon_usage.csv;https://docs.google.com/spreadsheets/d/11wxsKyCydVmDjp4kGLJAOLPM_LgwCLN2GYpbDQkNtkk/edit#gid=1588964432;https://docs.google.com/spreadsheets/d/11wxsKyCydVmDjp4kGLJAOLPM_LgwCLN2GYpbDQkNtkk/edit#gid=1843013406;https://docs.google.com/spreadsheets/d/11wxsKyCydVmDjp4kGLJAOLPM_LgwCLN2GYpbDQkNtkk/edit#gid=654435343;https://docs.google.com/spreadsheets/d/13smsrG2BGYxr_omJWcgr-sUDr39bvOJPNL5RPt4DSow/edit#gid=1934543062;https://docs.google.com/spreadsheets/d/13smsrG2BGYxr_omJWcgr-sUDr39bvOJPNL5RPt4DSow/edit#gid=71150222;https://docs.google.com/spreadsheets/d/1FUsClf5qEny-BHY5Djp8rIwRJKBSJDvygJ8LBa62FEo/edit#gid=0;https://docs.google.com/spreadsheets/d/1JZpA-5XDldN2bjfvhvBPHYK-1AENETLnF1UxNEpWlNA/edit#gid=352888197;https://docs.google.com/spreadsheets/d/1odsNRAZStW1GzmpXwmg27dqjOlch7w8syZOZ5Z2OQRg/edit#gid=0;output/team-graphics/s3/GPL Teams Spieltag 14 (2).jpg;output/team-graphics/s4/Slicing Knights - Cabgolord.png
Grebbit,grebbit,26,56,0,56,5,"Season 1, Season 2, Season 6, Season 7, Season 9",0,,Blocki; Nestfloh; PokeBazi; RegiBang; Silva; Tabasco TV,Aggron Berlin; Launching Dragapults; Pokebassis; Voltwizards,https://docs.google.com/spreadsheets/d/11wxsKyCydVmDjp4kGLJAOLPM_LgwCLN2GYpbDQkNtkk/edit#gid=1588964432;https://docs.google.com/spreadsheets/d/11wxsKyCydVmDjp4kGLJAOLPM_LgwCLN2GYpbDQkNtkk/edit#gid=654435343;https://docs.google.com/spreadsheets/d/1kiwDk4NgYoKb0Oo9yqzwl9HXHxuQ_0I5gkb1JtE57PI/edit#gid=0;https://docs.google.com/spreadsheets/d/1nwiq_ggEj7QePeZGMR2xoi0bEHJr_ZGO24YCRdt93No/edit#gid=857670931;https://docs.google.com/spreadsheets/d/1odsNRAZStW1GzmpXwmg27dqjOlch7w8syZOZ5Z2OQRg/edit#gid=0;https://docs.google.com/spreadsheets/d/1uo7-E_E2jbehB2hbBurpPayP_0fKY5sPZcFgZmfLydY/edit#gid=1526488506;https://docs.google.com/spreadsheets/d/1uo7-E_E2jbehB2hbBurpPayP_0fKY5sPZcFgZmfLydY/edit#gid=1696255979;https://docs.google.com/spreadsheets/d/1uo7-E_E2jbehB2hbBurpPayP_0fKY5sPZcFgZmfLydY/edit#gid=520178140
Magearna,magearna,0,56,0,56,2,"Season 4, Season 5",1,Season 5,Lauris; PresentLP,Prekani; Shockwaving Magearnas,data/manual/team_pokemon_usage.csv;https://docs.google.com/spreadsheets/d/1JZpA-5XDldN2bjfvhvBPHYK-1AENETLnF1UxNEpWlNA/edit#gid=352888197;https://docs.google.com/spreadsheets/d/1nONaKwJcrN04APGKN-HrZ8yavwZdFkfnaA59Zp1sdBU/edit#gid=1708603996;output/team-graphics/s4/Prekani - PresentLP.png;output/team-graphics/s5/Shockwaving Magearnas.png
Panzaeron,panzaeron,55,56,9,47,8,"Season 2, Season 3, Season 4, Season 5, Season 6, Season 8, Season 9, Season 10",1,Season 3,Barry D. Sin of Speed; Cabgolord; Lauris; Minetube; Parsifani; PresentLP; SpeedEevee,Aggron Successors*; Akatsuki Amphibianz; Blades Enforcer; Enteikutierung; Nova Dragons; Prekani; Throes Mad,data/manual/team_pokemon_usage.csv;https://docs.google.com/spreadsheets/d/11wxsKyCydVmDjp4kGLJAOLPM_LgwCLN2GYpbDQkNtkk/edit#gid=1588964432;https://docs.google.com/spreadsheets/d/11wxsKyCydVmDjp4kGLJAOLPM_LgwCLN2GYpbDQkNtkk/edit#gid=1843013406;https://docs.google.com/spreadsheets/d/11wxsKyCydVmDjp4kGLJAOLPM_LgwCLN2GYpbDQkNtkk/edit#gid=654435343;https://docs.google.com/spreadsheets/d/13ggv8-k1WCcrrjlwXb-ZoSwhODIQlG_NVffp3TGKOgI/edit#gid=0;https://docs.google.com/spreadsheets/d/13smsrG2BGYxr_omJWcgr-sUDr39bvOJPNL5RPt4DSow/edit#gid=1934543062;https://docs.google.com/spreadsheets/d/13smsrG2BGYxr_omJWcgr-sUDr39bvOJPNL5RPt4DSow/edit#gid=71150222;https://docs.google.com/spreadsheets/d/1B2uTMvWlAHb7WlpupJV1A2Hbi3K3U1vCyoFV0wCapcw/edit#gid=1846395979;https://docs.google.com/spreadsheets/d/1JZpA-5XDldN2bjfvhvBPHYK-1AENETLnF1UxNEpWlNA/edit#gid=352888197;https://docs.google.com/spreadsheets/d/1odsNRAZStW1GzmpXwmg27dqjOlch7w8syZOZ5Z2OQRg/edit#gid=0;https://docs.google.com/spreadsheets/d/1uo7-E_E2jbehB2hbBurpPayP_0fKY5sPZcFgZmfLydY/edit#gid=1526488506;https://docs.google.com/spreadsheets/d/1uo7-E_E2jbehB2hbBurpPayP_0fKY5sPZcFgZmfLydY/edit#gid=1696255979;https://docs.google.com/spreadsheets/d/1uo7-E_E2jbehB2hbBurpPayP_0fKY5sPZcFgZmfLydY/edit#gid=520178140;output/team-graphics/s3/GPL Teams Spieltag 14 (1).jpg;output/team-graphics/s4/Enteikutierung - Lauris Enteitainment.png;output/team-graphics/s5/Aggron Berlin.png
Kapu-Toro,kapu toro,12,55,0,55,4,"Season 4, Season 5, Season 6, Season 8",0,,Bene; ElektechN9ne; Raizor; Scoutley; SurskitTV,Kleinsteins;Gate; Rising Delibirds; Soulstealer; Surstars,data/manual/team_pokemon_usage.csv;https://docs.google.com/spreadsheets/d/11wxsKyCydVmDjp4kGLJAOLPM_LgwCLN2GYpbDQkNtkk/edit#gid=1588964432;https://docs.google.com/spreadsheets/d/11wxsKyCydVmDjp4kGLJAOLPM_LgwCLN2GYpbDQkNtkk/edit#gid=1843013406;https://docs.google.com/spreadsheets/d/1B2uTMvWlAHb7WlpupJV1A2Hbi3K3U1vCyoFV0wCapcw/edit#gid=26363830;https://docs.google.com/spreadsheets/d/1JZpA-5XDldN2bjfvhvBPHYK-1AENETLnF1UxNEpWlNA/edit#gid=352888197;output/team-graphics/s4/Surstars - SurskitTV.png;output/team-graphics/s5/SoulStealer.png
Mega Galagladi,mega galagladi,0,54,0,54,4,"Season 2, Season 3, Season 5, Season 6",0,,Bene; Cabgolord; DaumenkinoLP; Fnupa; LightGaming,Blades Enforcer; Cabgosport; Unlimited Blade Works*¹,data/manual/pokemon_killlists.csv;data/manual/team_pokemon_usage.csv;https://docs.google.com/spreadsheets/d/11wxsKyCydVmDjp4kGLJAOLPM_LgwCLN2GYpbDQkNtkk/edit#gid=1843013406;https://docs.google.com/spreadsheets/d/1FUsClf5qEny-BHY5Djp8rIwRJKBSJDvygJ8LBa62FEo/edit#gid=0;https://docs.google.com/spreadsheets/d/1JZpA-5XDldN2bjfvhvBPHYK-1AENETLnF1UxNEpWlNA/edit#gid=352888197;https://docs.google.com/spreadsheets/d/1odsNRAZStW1GzmpXwmg27dqjOlch7w8syZOZ5Z2OQRg/edit#gid=0;output/team-graphics/s5/Cabgosport.png
Aquana,aquana,13,52,0,52,7,"Season 2, Season 3, Season 5, Season 6, Season 7, Season 8, Season 10",0,,Barry D. Sin of Speed; DaumenkinoLP; Domibri; Oktopaul; Parsifani; Pokgalaxy; PresentLP; RegiBang; Shiro; Sirazoa; SurskitTV,Eon Engine; Mythical FighterZ; Petalburg Panchams; Prekani; Skywalking Zacians,data/manual/team_pokemon_usage.csv;https://docs.google.com/spreadsheets/d/11wxsKyCydVmDjp4kGLJAOLPM_LgwCLN2GYpbDQkNtkk/edit#gid=1588964432;https://docs.google.com/spreadsheets/d/13smsrG2BGYxr_omJWcgr-sUDr39bvOJPNL5RPt4DSow/edit#gid=1934543062;https://docs.google.com/spreadsheets/d/1B2uTMvWlAHb7WlpupJV1A2Hbi3K3U1vCyoFV0wCapcw/edit#gid=1846395979;https://docs.google.com/spreadsheets/d/1FUsClf5qEny-BHY5Djp8rIwRJKBSJDvygJ8LBa62FEo/edit#gid=0;https://docs.google.com/spreadsheets/d/1JZpA-5XDldN2bjfvhvBPHYK-1AENETLnF1UxNEpWlNA/edit#gid=352888197;https://docs.google.com/spreadsheets/d/1nwiq_ggEj7QePeZGMR2xoi0bEHJr_ZGO24YCRdt93No/edit#gid=857670931;https://docs.google.com/spreadsheets/d/1odsNRAZStW1GzmpXwmg27dqjOlch7w8syZOZ5Z2OQRg/edit#gid=0;output/team-graphics/s3/GPL Teams Spieltag 14 (1).jpg;output/team-graphics/s5/Prekani.png
Mega Glurak Y,mega glurak y,0,52,0,52,4,"Season 1, Season 2, Season 3, Season 4",0,,Parsifani; PokeBazi; Raizor; RegiBang,Flexing Masskito; Persian Carpets,data/manual/pokemon_killlists.csv;data/manual/team_pokemon_usage.csv;https://docs.google.com/spreadsheets/d/1JZpA-5XDldN2bjfvhvBPHYK-1AENETLnF1UxNEpWlNA/edit#gid=352888197;https://docs.google.com/spreadsheets/d/1kiwDk4NgYoKb0Oo9yqzwl9HXHxuQ_0I5gkb1JtE57PI/edit#gid=0;https://docs.google.com/spreadsheets/d/1odsNRAZStW1GzmpXwmg27dqjOlch7w8syZOZ5Z2OQRg/edit#gid=0;output/team-graphics/s4/Flexing Masskito - RegiBang.png
Cresselia,cresselia,24,52,6,46,7,"Season 1, Season 3, Season 4, Season 5, Season 6, Season 8, Season 10",0,,Barry D. Sin of Speed; CaptainCrinch; Nestfloh; Pokgalaxy; Silva; Tabasco TV,Aggron Berlin; Böller Brüder; Crinchilla; Marvelous Speedsters; Suicide Squad,data/manual/team_pokemon_usage.csv;https://docs.google.com/spreadsheets/d/11wxsKyCydVmDjp4kGLJAOLPM_LgwCLN2GYpbDQkNtkk/edit#gid=654435343;https://docs.google.com/spreadsheets/d/13smsrG2BGYxr_omJWcgr-sUDr39bvOJPNL5RPt4DSow/edit#gid=1934543062;https://docs.google.com/spreadsheets/d/13smsrG2BGYxr_omJWcgr-sUDr39bvOJPNL5RPt4DSow/edit#gid=71150222;https://docs.google.com/spreadsheets/d/1B2uTMvWlAHb7WlpupJV1A2Hbi3K3U1vCyoFV0wCapcw/edit#gid=1846395979;https://docs.google.com/spreadsheets/d/1JZpA-5XDldN2bjfvhvBPHYK-1AENETLnF1UxNEpWlNA/edit#gid=352888197;https://docs.google.com/spreadsheets/d/1kiwDk4NgYoKb0Oo9yqzwl9HXHxuQ_0I5gkb1JtE57PI/edit#gid=0;output/team-graphics/s3/GPL Teams Spieltag 14 (2).jpg;output/team-graphics/s4/Suicide Squad - CaptainCrinch.png;output/team-graphics/s5/Marvelous Speedsters.png
Gastrodon,gastrodon,45,52,6,46,7,"Season 1, Season 2, Season 3, Season 4, Season 6, Season 9, Season 10",2,"Season 3, Season 10",Bene; CaptainCrinch; Maxi von Vogel; PokeBree; Pokgalaxy; PresentLP; WolvX,Fen and Gator; Kleinsteins;Gate; Prekani; Suicide Squad; Wackel Backel,data/manual/team_pokemon_usage.csv;https://docs.google.com/spreadsheets/d/11wxsKyCydVmDjp4kGLJAOLPM_LgwCLN2GYpbDQkNtkk/edit#gid=1843013406;https://docs.google.com/spreadsheets/d/11wxsKyCydVmDjp4kGLJAOLPM_LgwCLN2GYpbDQkNtkk/edit#gid=654435343;https://docs.google.com/spreadsheets/d/13ggv8-k1WCcrrjlwXb-ZoSwhODIQlG_NVffp3TGKOgI/edit#gid=0;https://docs.google.com/spreadsheets/d/13smsrG2BGYxr_omJWcgr-sUDr39bvOJPNL5RPt4DSow/edit#gid=1215904780;https://docs.google.com/spreadsheets/d/13smsrG2BGYxr_omJWcgr-sUDr39bvOJPNL5RPt4DSow/edit#gid=1934543062;https://docs.google.com/spreadsheets/d/13smsrG2BGYxr_omJWcgr-sUDr39bvOJPNL5RPt4DSow/edit#gid=1953790464;https://docs.google.com/spreadsheets/d/13smsrG2BGYxr_omJWcgr-sUDr39bvOJPNL5RPt4DSow/edit#gid=71150222;https://docs.google.com/spreadsheets/d/1JZpA-5XDldN2bjfvhvBPHYK-1AENETLnF1UxNEpWlNA/edit#gid=352888197;https://docs.google.com/spreadsheets/d/1kiwDk4NgYoKb0Oo9yqzwl9HXHxuQ_0I5gkb1JtE57PI/edit#gid=0;https://docs.google.com/spreadsheets/d/1odsNRAZStW1GzmpXwmg27dqjOlch7w8syZOZ5Z2OQRg/edit#gid=0;https://docs.google.com/spreadsheets/d/1uo7-E_E2jbehB2hbBurpPayP_0fKY5sPZcFgZmfLydY/edit#gid=1526488506;https://docs.google.com/spreadsheets/d/1uo7-E_E2jbehB2hbBurpPayP_0fKY5sPZcFgZmfLydY/edit#gid=1696255979;https://docs.google.com/spreadsheets/d/1uo7-E_E2jbehB2hbBurpPayP_0fKY5sPZcFgZmfLydY/edit#gid=520178140;output/team-graphics/s3/GPL Teams Spieltag 14 (1).jpg;output/team-graphics/s4/Suicide Squad - CaptainCrinch.png
Toxiquak,toxiquak,17,52,9,43,4,"Season 2, Season 3, Season 6, Season 10",0,,BelmontGabriel; Bene; Minetube; glebber,Niemandsland; Throes Mad; Triyolotree; Unlimited Blade Works*¹,data/manual/team_pokemon_usage.csv;https://docs.google.com/spreadsheets/d/11wxsKyCydVmDjp4kGLJAOLPM_LgwCLN2GYpbDQkNtkk/edit#gid=1588964432;https://docs.google.com/spreadsheets/d/11wxsKyCydVmDjp4kGLJAOLPM_LgwCLN2GYpbDQkNtkk/edit#gid=1843013406;https://docs.google.com/spreadsheets/d/11wxsKyCydVmDjp4kGLJAOLPM_LgwCLN2GYpbDQkNtkk/edit#gid=654435343;https://docs.google.com/spreadsheets/d/13smsrG2BGYxr_omJWcgr-sUDr39bvOJPNL5RPt4DSow/edit#gid=1934543062;https://docs.google.com/spreadsheets/d/13smsrG2BGYxr_omJWcgr-sUDr39bvOJPNL5RPt4DSow/edit#gid=71150222;https://docs.google.com/spreadsheets/d/1JZpA-5XDldN2bjfvhvBPHYK-1AENETLnF1UxNEpWlNA/edit#gid=352888197;https://docs.google.com/spreadsheets/d/1odsNRAZStW1GzmpXwmg27dqjOlch7w8syZOZ5Z2OQRg/edit#gid=0;output/team-graphics/s3/GPL Teams Spieltag 14 (2).jpg
Gortrom,gortrom,58,51,0,51,4,"Season 7, Season 8, Season 9, Season 10",0,,Blocki; Dauni Daunstar; Domji; Nestfloh; PresentLP; RobinVGC,Milchbubis; Shining Legends; Voltwizards,https://docs.google.com/spreadsheets/d/13smsrG2BGYxr_omJWcgr-sUDr39bvOJPNL5RPt4DSow/edit#gid=1934543062;https://docs.google.com/spreadsheets/d/13smsrG2BGYxr_omJWcgr-sUDr39bvOJPNL5RPt4DSow/edit#gid=71150222;https://docs.google.com/spreadsheets/d/1B2uTMvWlAHb7WlpupJV1A2Hbi3K3U1vCyoFV0wCapcw/edit#gid=26363830;https://docs.google.com/spreadsheets/d/1nwiq_ggEj7QePeZGMR2xoi0bEHJr_ZGO24YCRdt93No/edit#gid=857670931;https://docs.google.com/spreadsheets/d/1uo7-E_E2jbehB2hbBurpPayP_0fKY5sPZcFgZmfLydY/edit#gid=1526488506;https://docs.google.com/spreadsheets/d/1uo7-E_E2jbehB2hbBurpPayP_0fKY5sPZcFgZmfLydY/edit#gid=1696255979;https://docs.google.com/spreadsheets/d/1uo7-E_E2jbehB2hbBurpPayP_0fKY5sPZcFgZmfLydY/edit#gid=520178140
Volcanion,volcanion,45,51,2,49,5,"Season 4, Season 6, Season 8, Season 9, Season 10",1,Season 9,Art'n'Gaming; BelmontGabriel; Bene; BraveBird; El Scizor; Maxi von Vogel; Sirazoa,Eon Engine; Pyroars of the Carribean; Victory Instinct; Youngstars,data/manual/pokemon_killlists.csv;https://docs.google.com/spreadsheets/d/11wxsKyCydVmDjp4kGLJAOLPM_LgwCLN2GYpbDQkNtkk/edit#gid=1588964432;https://docs.google.com/spreadsheets/d/11wxsKyCydVmDjp4kGLJAOLPM_LgwCLN2GYpbDQkNtkk/edit#gid=654435343;https://docs.google.com/spreadsheets/d/13smsrG2BGYxr_omJWcgr-sUDr39bvOJPNL5RPt4DSow/edit#gid=1934543062;https://docs.google.com/spreadsheets/d/13smsrG2BGYxr_omJWcgr-sUDr39bvOJPNL5RPt4DSow/edit#gid=71150222;https://docs.google.com/spreadsheets/d/1B2uTMvWlAHb7WlpupJV1A2Hbi3K3U1vCyoFV0wCapcw/edit#gid=1846395979;https://docs.google.com/spreadsheets/d/1JZpA-5XDldN2bjfvhvBPHYK-1AENETLnF1UxNEpWlNA/edit#gid=352888197;https://docs.google.com/spreadsheets/d/1uo7-E_E2jbehB2hbBurpPayP_0fKY5sPZcFgZmfLydY/edit#gid=1526488506;https://docs.google.com/spreadsheets/d/1uo7-E_E2jbehB2hbBurpPayP_0fKY5sPZcFgZmfLydY/edit#gid=1696255979;https://docs.google.com/spreadsheets/d/1uo7-E_E2jbehB2hbBurpPayP_0fKY5sPZcFgZmfLydY/edit#gid=1953155019;https://docs.google.com/spreadsheets/d/1uo7-E_E2jbehB2hbBurpPayP_0fKY5sPZcFgZmfLydY/edit#gid=520178140
Grandiras,grandiras,21,51,7,44,4,"Season 6, Season 7, Season 8, Season 10",0,,ElektechN9ne; Maxi von Vogel; Minetube; Tabasco TV,Aggron Berlin; Elekid's Club; Throes Mad,https://docs.google.com/spreadsheets/d/11wxsKyCydVmDjp4kGLJAOLPM_LgwCLN2GYpbDQkNtkk/edit#gid=1843013406;https://docs.google.com/spreadsheets/d/11wxsKyCydVmDjp4kGLJAOLPM_LgwCLN2GYpbDQkNtkk/edit#gid=654435343;https://docs.google.com/spreadsheets/d/13smsrG2BGYxr_omJWcgr-sUDr39bvOJPNL5RPt4DSow/edit#gid=1934543062;https://docs.google.com/spreadsheets/d/13smsrG2BGYxr_omJWcgr-sUDr39bvOJPNL5RPt4DSow/edit#gid=71150222;https://docs.google.com/spreadsheets/d/1B2uTMvWlAHb7WlpupJV1A2Hbi3K3U1vCyoFV0wCapcw/edit#gid=1846395979;https://docs.google.com/spreadsheets/d/1nwiq_ggEj7QePeZGMR2xoi0bEHJr_ZGO24YCRdt93No/edit#gid=857670931
Uhafnir,uhafnir,61,51,8,43,7,"Season 2, Season 5, Season 6, Season 7, Season 8, Season 9, Season 10",2,"Season 9, Season 10",BelmontGabriel; Bene; BlackLink; Dauni Daunstar; El Scizor; Minetube; Pokgalaxy; Raikani; glebber,Energie Tobutz; Lazycakes; Nose to Order; Triyolotree; Victory Instinct; Wackel Backel,data/manual/team_pokemon_usage.csv;https://docs.google.com/spreadsheets/d/11wxsKyCydVmDjp4kGLJAOLPM_LgwCLN2GYpbDQkNtkk/edit#gid=1843013406;https://docs.google.com/spreadsheets/d/11wxsKyCydVmDjp4kGLJAOLPM_LgwCLN2GYpbDQkNtkk/edit#gid=654435343;https://docs.google.com/spreadsheets/d/13smsrG2BGYxr_omJWcgr-sUDr39bvOJPNL5RPt4DSow/edit#gid=1215904780;https://docs.google.com/spreadsheets/d/13smsrG2BGYxr_omJWcgr-sUDr39bvOJPNL5RPt4DSow/edit#gid=1934543062;https://docs.google.com/spreadsheets/d/13smsrG2BGYxr_omJWcgr-sUDr39bvOJPNL5RPt4DSow/edit#gid=1953790464;https://docs.google.com/spreadsheets/d/13smsrG2BGYxr_omJWcgr-sUDr39bvOJPNL5RPt4DSow/edit#gid=71150222;https://docs.google.com/spreadsheets/d/1B2uTMvWlAHb7WlpupJV1A2Hbi3K3U1vCyoFV0wCapcw/edit#gid=1846395979;https://docs.google.com/spreadsheets/d/1B2uTMvWlAHb7WlpupJV1A2Hbi3K3U1vCyoFV0wCapcw/edit#gid=26363830;https://docs.google.com/spreadsheets/d/1JZpA-5XDldN2bjfvhvBPHYK-1AENETLnF1UxNEpWlNA/edit#gid=352888197;https://docs.google.com/spreadsheets/d/1nwiq_ggEj7QePeZGMR2xoi0bEHJr_ZGO24YCRdt93No/edit#gid=857670931;https://docs.google.com/spreadsheets/d/1odsNRAZStW1GzmpXwmg27dqjOlch7w8syZOZ5Z2OQRg/edit#gid=0;https://docs.google.com/spreadsheets/d/1uo7-E_E2jbehB2hbBurpPayP_0fKY5sPZcFgZmfLydY/edit#gid=1526488506;https://docs.google.com/spreadsheets/d/1uo7-E_E2jbehB2hbBurpPayP_0fKY5sPZcFgZmfLydY/edit#gid=1696255979;https://docs.google.com/spreadsheets/d/1uo7-E_E2jbehB2hbBurpPayP_0fKY5sPZcFgZmfLydY/edit#gid=1953155019;https://docs.google.com/spreadsheets/d/1uo7-E_E2jbehB2hbBurpPayP_0fKY5sPZcFgZmfLydY/edit#gid=520178140;output/team-graphics/s5/Energie Tobutz.png
Skelabra,skelabra,12,50,0,50,6,"Season 1, Season 2, Season 3, Season 6, Season 7, Season 10",0,,Dauni Daunstar; Domji; Hydronic; Kuchenjaeger; PokemonFakten; SurskitTV,Baltoy Story; Lazycakes; Shining Legends; Surstars,data/manual/team_pokemon_usage.csv;https://docs.google.com/spreadsheets/d/11wxsKyCydVmDjp4kGLJAOLPM_LgwCLN2GYpbDQkNtkk/edit#gid=1843013406;https://docs.google.com/spreadsheets/d/11wxsKyCydVmDjp4kGLJAOLPM_LgwCLN2GYpbDQkNtkk/edit#gid=654435343;https://docs.google.com/spreadsheets/d/13smsrG2BGYxr_omJWcgr-sUDr39bvOJPNL5RPt4DSow/edit#gid=1934543062;https://docs.google.com/spreadsheets/d/1FUsClf5qEny-BHY5Djp8rIwRJKBSJDvygJ8LBa62FEo/edit#gid=0;https://docs.google.com/spreadsheets/d/1JZpA-5XDldN2bjfvhvBPHYK-1AENETLnF1UxNEpWlNA/edit#gid=352888197;https://docs.google.com/spreadsheets/d/1kiwDk4NgYoKb0Oo9yqzwl9HXHxuQ_0I5gkb1JtE57PI/edit#gid=0;https://docs.google.com/spreadsheets/d/1nwiq_ggEj7QePeZGMR2xoi0bEHJr_ZGO24YCRdt93No/edit#gid=857670931;output/team-graphics/s3/GPL Teams Spieltag 14 (2).jpg
Lahmus,lahmus,64,49,0,49,4,"Season 3, Season 6, Season 8, Season 9",0,,Barry D. Sin of Speed; BelmontGabriel; CaptainCrinch; KingBlex; Minetube; OGDNZ; SurskitTV,Crinchilla; Surstars; Toon World; Triyolotree,data/manual/team_pokemon_usage.csv;https://docs.google.com/spreadsheets/d/11wxsKyCydVmDjp4kGLJAOLPM_LgwCLN2GYpbDQkNtkk/edit#gid=1588964432;https://docs.google.com/spreadsheets/d/11wxsKyCydVmDjp4kGLJAOLPM_LgwCLN2GYpbDQkNtkk/edit#gid=1843013406;https://docs.google.com/spreadsheets/d/11wxsKyCydVmDjp4kGLJAOLPM_LgwCLN2GYpbDQkNtkk/edit#gid=654435343;https://docs.google.com/spreadsheets/d/1B2uTMvWlAHb7WlpupJV1A2Hbi3K3U1vCyoFV0wCapcw/edit#gid=1846395979;https://docs.google.com/spreadsheets/d/1B2uTMvWlAHb7WlpupJV1A2Hbi3K3U1vCyoFV0wCapcw/edit#gid=26363830;https://docs.google.com/spreadsheets/d/1JZpA-5XDldN2bjfvhvBPHYK-1AENETLnF1UxNEpWlNA/edit#gid=352888197;https://docs.google.com/spreadsheets/d/1uo7-E_E2jbehB2hbBurpPayP_0fKY5sPZcFgZmfLydY/edit#gid=1526488506;https://docs.google.com/spreadsheets/d/1uo7-E_E2jbehB2hbBurpPayP_0fKY5sPZcFgZmfLydY/edit#gid=1696255979;https://docs.google.com/spreadsheets/d/1uo7-E_E2jbehB2hbBurpPayP_0fKY5sPZcFgZmfLydY/edit#gid=520178140;output/team-graphics/s3/GPL Teams Spieltag 14 (2).jpg
Sumpex,sumpex,9,49,0,49,6,"Season 1, Season 2, Season 4, Season 5, Season 6, Season 8",0,,BelmontGabriel; CrowdController; Fnupa; LucarioLP; Minetube; Morbol; Nestfloh; Raizor; SpeedEevee,Cabgosport; Niemandsland; Variant Vulpix,data/manual/pokemon_killlists.csv;https://docs.google.com/spreadsheets/d/11wxsKyCydVmDjp4kGLJAOLPM_LgwCLN2GYpbDQkNtkk/edit#gid=1843013406;https://docs.google.com/spreadsheets/d/11wxsKyCydVmDjp4kGLJAOLPM_LgwCLN2GYpbDQkNtkk/edit#gid=654435343;https://docs.google.com/spreadsheets/d/1B2uTMvWlAHb7WlpupJV1A2Hbi3K3U1vCyoFV0wCapcw/edit#gid=26363830;https://docs.google.com/spreadsheets/d/1FUsClf5qEny-BHY5Djp8rIwRJKBSJDvygJ8LBa62FEo/edit#gid=0;https://docs.google.com/spreadsheets/d/1JZpA-5XDldN2bjfvhvBPHYK-1AENETLnF1UxNEpWlNA/edit#gid=352888197;https://docs.google.com/spreadsheets/d/1kiwDk4NgYoKb0Oo9yqzwl9HXHxuQ_0I5gkb1JtE57PI/edit#gid=0;https://docs.google.com/spreadsheets/d/1odsNRAZStW1GzmpXwmg27dqjOlch7w8syZOZ5Z2OQRg/edit#gid=0
Mega Turtok,mega turtok,0,48,0,48,5,"Season 1, Season 2, Season 3, Season 4, Season 6",0,,Domibri; FanmadeLetsPlay; Minetube; Morbol; SurskitTV; glebber,Coldlauncher; Surstars; Triyolotree,data/manual/pokemon_killlists.csv;data/manual/team_pokemon_usage.csv;https://docs.google.com/spreadsheets/d/11wxsKyCydVmDjp4kGLJAOLPM_LgwCLN2GYpbDQkNtkk/edit#gid=1588964432;https://docs.google.com/spreadsheets/d/1JZpA-5XDldN2bjfvhvBPHYK-1AENETLnF1UxNEpWlNA/edit#gid=352888197;https://docs.google.com/spreadsheets/d/1kiwDk4NgYoKb0Oo9yqzwl9HXHxuQ_0I5gkb1JtE57PI/edit#gid=0;https://docs.google.com/spreadsheets/d/1odsNRAZStW1GzmpXwmg27dqjOlch7w8syZOZ5Z2OQRg/edit#gid=0;output/team-graphics/s3/GPL Teams Spieltag 14 (1).jpg;output/team-graphics/s4/Surstars - SurskitTV.png
Mega-Metagross,mega metagross,0,48,0,48,2,"Season 2, Season 3",0,,Oktopaul; PentaPlayer,Petalburg Panchams,data/manual/pokemon_killlists.csv;data/manual/team_pokemon_usage.csv;https://docs.google.com/spreadsheets/d/1JZpA-5XDldN2bjfvhvBPHYK-1AENETLnF1UxNEpWlNA/edit#gid=352888197;https://docs.google.com/spreadsheets/d/1odsNRAZStW1GzmpXwmg27dqjOlch7w8syZOZ5Z2OQRg/edit#gid=0;output/team-graphics/s3/GPL Teams Spieltag 14 (1).jpg
Necrozma,necrozma,20,48,0,48,4,"Season 4, Season 6, Season 7, Season 8",0,,Art'n'Gaming; Dauni Daunstar; ElektechN9ne; PokeBazi,Little Litleos; Milchbubis; Schnittlauchs,data/manual/team_pokemon_usage.csv;https://docs.google.com/spreadsheets/d/11wxsKyCydVmDjp4kGLJAOLPM_LgwCLN2GYpbDQkNtkk/edit#gid=654435343;https://docs.google.com/spreadsheets/d/1B2uTMvWlAHb7WlpupJV1A2Hbi3K3U1vCyoFV0wCapcw/edit#gid=26363830;https://docs.google.com/spreadsheets/d/1JZpA-5XDldN2bjfvhvBPHYK-1AENETLnF1UxNEpWlNA/edit#gid=352888197;https://docs.google.com/spreadsheets/d/1nwiq_ggEj7QePeZGMR2xoi0bEHJr_ZGO24YCRdt93No/edit#gid=857670931;output/team-graphics/s4/Schnittlauchs - PokeBazi.png
Viscogon,viscogon,25,48,0,48,5,"Season 2, Season 3, Season 6, Season 8, Season 9",0,,Barry D. Sin of Speed; BelmontGabriel; CaptainCrinch; DirtyD64; FanmadeLetsPlay; PokeBazi; PokeBree; PresentLP; Raizor; Stratocopter TV,Crinchilla; Crustle Crusaders; Soulblaze,data/manual/team_pokemon_usage.csv;https://docs.google.com/spreadsheets/d/11wxsKyCydVmDjp4kGLJAOLPM_LgwCLN2GYpbDQkNtkk/edit#gid=1843013406;https://docs.google.com/spreadsheets/d/1B2uTMvWlAHb7WlpupJV1A2Hbi3K3U1vCyoFV0wCapcw/edit#gid=1846395979;https://docs.google.com/spreadsheets/d/1B2uTMvWlAHb7WlpupJV1A2Hbi3K3U1vCyoFV0wCapcw/edit#gid=26363830;https://docs.google.com/spreadsheets/d/1FUsClf5qEny-BHY5Djp8rIwRJKBSJDvygJ8LBa62FEo/edit#gid=0;https://docs.google.com/spreadsheets/d/1JZpA-5XDldN2bjfvhvBPHYK-1AENETLnF1UxNEpWlNA/edit#gid=352888197;https://docs.google.com/spreadsheets/d/1odsNRAZStW1GzmpXwmg27dqjOlch7w8syZOZ5Z2OQRg/edit#gid=0;https://docs.google.com/spreadsheets/d/1uo7-E_E2jbehB2hbBurpPayP_0fKY5sPZcFgZmfLydY/edit#gid=1526488506;https://docs.google.com/spreadsheets/d/1uo7-E_E2jbehB2hbBurpPayP_0fKY5sPZcFgZmfLydY/edit#gid=1696255979;https://docs.google.com/spreadsheets/d/1uo7-E_E2jbehB2hbBurpPayP_0fKY5sPZcFgZmfLydY/edit#gid=520178140;output/team-graphics/s3/GPL Teams Spieltag 14 (2).jpg
Hariyama,hariyama,0,47,0,47,6,"Season 1, Season 2, Season 3, Season 4, Season 5, Season 6",1,Season 4,Bene; FanmadeLetsPlay; Nestfloh; PentaPlayer; PresentLP; Raizor,Coldlauncher; Flutschige Zäpfchen; Prekani; Ritter der Tapukokosnuss; Soulstealer,data/manual/pokemon_killlists.csv;data/manual/team_pokemon_usage.csv;https://docs.google.com/spreadsheets/d/11wxsKyCydVmDjp4kGLJAOLPM_LgwCLN2GYpbDQkNtkk/edit#gid=1588964432;https://docs.google.com/spreadsheets/d/11wxsKyCydVmDjp4kGLJAOLPM_LgwCLN2GYpbDQkNtkk/edit#gid=1843013406;https://docs.google.com/spreadsheets/d/1JZpA-5XDldN2bjfvhvBPHYK-1AENETLnF1UxNEpWlNA/edit#gid=352888197;https://docs.google.com/spreadsheets/d/1kiwDk4NgYoKb0Oo9yqzwl9HXHxuQ_0I5gkb1JtE57PI/edit#gid=0;https://docs.google.com/spreadsheets/d/1odsNRAZStW1GzmpXwmg27dqjOlch7w8syZOZ5Z2OQRg/edit#gid=0;https://docs.google.com/spreadsheets/d/1rZd3D0JRNj3lK0ZKdMXPLvCNBofRhFsvW0AlPuBk3VE/edit#gid=0;output/team-graphics/s3/GPL Teams Spieltag 14 (1).jpg;output/team-graphics/s5/Prekani.png
Kaguron,kaguron,41,47,0,47,4,"Season 4, Season 6, Season 8, Season 9",0,,Dauni Daunstar; ElektechN9ne; Fnupa; Hydronic; Nestfloh; Raizor; RegiBang,Elekids Club; Scherzkekse; Slicing Knights,data/manual/team_pokemon_usage.csv;https://docs.google.com/spreadsheets/d/11wxsKyCydVmDjp4kGLJAOLPM_LgwCLN2GYpbDQkNtkk/edit#gid=1843013406;https://docs.google.com/spreadsheets/d/1B2uTMvWlAHb7WlpupJV1A2Hbi3K3U1vCyoFV0wCapcw/edit#gid=1846395979;https://docs.google.com/spreadsheets/d/1B2uTMvWlAHb7WlpupJV1A2Hbi3K3U1vCyoFV0wCapcw/edit#gid=26363830;https://docs.google.com/spreadsheets/d/1JZpA-5XDldN2bjfvhvBPHYK-1AENETLnF1UxNEpWlNA/edit#gid=352888197;https://docs.google.com/spreadsheets/d/1uo7-E_E2jbehB2hbBurpPayP_0fKY5sPZcFgZmfLydY/edit#gid=1526488506;https://docs.google.com/spreadsheets/d/1uo7-E_E2jbehB2hbBurpPayP_0fKY5sPZcFgZmfLydY/edit#gid=1696255979;https://docs.google.com/spreadsheets/d/1uo7-E_E2jbehB2hbBurpPayP_0fKY5sPZcFgZmfLydY/edit#gid=520178140;output/team-graphics/s4/Slicing Knights - Cabgolord.png
Kappalores,kappalores,36,47,0,47,4,"Season 2, Season 3, Season 4, Season 9",0,,FanmadeLetsPlay; Fnupa; PentaPlayer; PresentLP; Raizor; SurskitTV,Slicing Knights; Soulblaze; Surstars,data/manual/pokemon_killlists.csv;https://docs.google.com/spreadsheets/d/1FUsClf5qEny-BHY5Djp8rIwRJKBSJDvygJ8LBa62FEo/edit#gid=0;https://docs.google.com/spreadsheets/d/1JZpA-5XDldN2bjfvhvBPHYK-1AENETLnF1UxNEpWlNA/edit#gid=352888197;https://docs.google.com/spreadsheets/d/1odsNRAZStW1GzmpXwmg27dqjOlch7w8syZOZ5Z2OQRg/edit#gid=0;https://docs.google.com/spreadsheets/d/1uo7-E_E2jbehB2hbBurpPayP_0fKY5sPZcFgZmfLydY/edit#gid=1526488506;https://docs.google.com/spreadsheets/d/1uo7-E_E2jbehB2hbBurpPayP_0fKY5sPZcFgZmfLydY/edit#gid=1696255979;https://docs.google.com/spreadsheets/d/1uo7-E_E2jbehB2hbBurpPayP_0fKY5sPZcFgZmfLydY/edit#gid=520178140
Meditalis,meditalis,0,46,0,46,4,"Season 2, Season 3, Season 4, Season 5",0,,Art'n'Gaming; Parsifani; PokeBree; SurskitTV,Aggron Successors*; Little Littleos; Surstars,data/manual/team_pokemon_usage.csv;https://docs.google.com/spreadsheets/d/1JZpA-5XDldN2bjfvhvBPHYK-1AENETLnF1UxNEpWlNA/edit#gid=352888197;https://docs.google.com/spreadsheets/d/1odsNRAZStW1GzmpXwmg27dqjOlch7w8syZOZ5Z2OQRg/edit#gid=0;output/team-graphics/s3/GPL Teams Spieltag 14 (2).jpg;output/team-graphics/s4/Surstars - SurskitTV.png;output/team-graphics/s5/Aggron Berlin.png
Simsala,simsala,0,46,0,46,3,"Season 1, Season 2, Season 6",0,,CaptainCrinch; Lets Kayze; Parsifani; SurskitTV,Mythical FighterZ,https://docs.google.com/spreadsheets/d/11wxsKyCydVmDjp4kGLJAOLPM_LgwCLN2GYpbDQkNtkk/edit#gid=1588964432;https://docs.google.com/spreadsheets/d/1kiwDk4NgYoKb0Oo9yqzwl9HXHxuQ_0I5gkb1JtE57PI/edit#gid=0;https://docs.google.com/spreadsheets/d/1odsNRAZStW1GzmpXwmg27dqjOlch7w8syZOZ5Z2OQRg/edit#gid=0
Voltolos-T,voltolos t,18,46,0,46,5,"Season 2, Season 3, Season 5, Season 8, Season 10",0,,Art'n'Gaming; BlackLink; Domji; Parsifani; PresentLP; RegiBang,Aggron Successors*; Glorious Emperors; Shining Legends,data/manual/team_pokemon_usage.csv;https://docs.google.com/spreadsheets/d/13smsrG2BGYxr_omJWcgr-sUDr39bvOJPNL5RPt4DSow/edit#gid=1934543062;https://docs.google.com/spreadsheets/d/1B2uTMvWlAHb7WlpupJV1A2Hbi3K3U1vCyoFV0wCapcw/edit#gid=1846395979;https://docs.google.com/spreadsheets/d/1B2uTMvWlAHb7WlpupJV1A2Hbi3K3U1vCyoFV0wCapcw/edit#gid=26363830;https://docs.google.com/spreadsheets/d/1FUsClf5qEny-BHY5Djp8rIwRJKBSJDvygJ8LBa62FEo/edit#gid=0;https://docs.google.com/spreadsheets/d/1JZpA-5XDldN2bjfvhvBPHYK-1AENETLnF1UxNEpWlNA/edit#gid=352888197;output/team-graphics/s3/GPL Teams Spieltag 14 (2).jpg;output/team-graphics/s5/Aggron Berlin.png
Wulaosu-Fließend,wulaosu fliessend,46,46,0,46,2,"Season 8, Season 9",0,,Barry D. Sin of Speed; BlackLink; Minetube,Akatsuki Amphibianz,https://docs.google.com/spreadsheets/d/1B2uTMvWlAHb7WlpupJV1A2Hbi3K3U1vCyoFV0wCapcw/edit#gid=1846395979;https://docs.google.com/spreadsheets/d/1uo7-E_E2jbehB2hbBurpPayP_0fKY5sPZcFgZmfLydY/edit#gid=1526488506;https://docs.google.com/spreadsheets/d/1uo7-E_E2jbehB2hbBurpPayP_0fKY5sPZcFgZmfLydY/edit#gid=1696255979;https://docs.google.com/spreadsheets/d/1uo7-E_E2jbehB2hbBurpPayP_0fKY5sPZcFgZmfLydY/edit#gid=520178140
Piondragi,piondragi,31,45,0,45,5,"Season 5, Season 6, Season 7, Season 8, Season 9",0,,BelmontGabriel; Dauni Daunstar; Hydronic; Minetube; Pokgalaxy; PresentLP,Igalima Impoleon; Niemandsland; Scherzkekse; Triyolotree,data/manual/pokemon_killlists.csv;https://docs.google.com/spreadsheets/d/11wxsKyCydVmDjp4kGLJAOLPM_LgwCLN2GYpbDQkNtkk/edit#gid=1843013406;https://docs.google.com/spreadsheets/d/11wxsKyCydVmDjp4kGLJAOLPM_LgwCLN2GYpbDQkNtkk/edit#gid=654435343;https://docs.google.com/spreadsheets/d/1B2uTMvWlAHb7WlpupJV1A2Hbi3K3U1vCyoFV0wCapcw/edit#gid=1846395979;https://docs.google.com/spreadsheets/d/1B2uTMvWlAHb7WlpupJV1A2Hbi3K3U1vCyoFV0wCapcw/edit#gid=26363830;https://docs.google.com/spreadsheets/d/1JZpA-5XDldN2bjfvhvBPHYK-1AENETLnF1UxNEpWlNA/edit#gid=352888197;https://docs.google.com/spreadsheets/d/1nwiq_ggEj7QePeZGMR2xoi0bEHJr_ZGO24YCRdt93No/edit#gid=857670931;https://docs.google.com/spreadsheets/d/1uo7-E_E2jbehB2hbBurpPayP_0fKY5sPZcFgZmfLydY/edit#gid=1526488506;https://docs.google.com/spreadsheets/d/1uo7-E_E2jbehB2hbBurpPayP_0fKY5sPZcFgZmfLydY/edit#gid=1696255979;https://docs.google.com/spreadsheets/d/1uo7-E_E2jbehB2hbBurpPayP_0fKY5sPZcFgZmfLydY/edit#gid=520178140
Curelei,curelei,33,45,5,40,2,"Season 9, Season 10",0,,Blocki; Minetube; Nestfloh,Throes Mad; Voltwizards,https://docs.google.com/spreadsheets/d/13smsrG2BGYxr_omJWcgr-sUDr39bvOJPNL5RPt4DSow/edit#gid=1934543062;https://docs.google.com/spreadsheets/d/13smsrG2BGYxr_omJWcgr-sUDr39bvOJPNL5RPt4DSow/edit#gid=71150222;https://docs.google.com/spreadsheets/d/1uo7-E_E2jbehB2hbBurpPayP_0fKY5sPZcFgZmfLydY/edit#gid=1526488506;https://docs.google.com/spreadsheets/d/1uo7-E_E2jbehB2hbBurpPayP_0fKY5sPZcFgZmfLydY/edit#gid=1696255979;https://docs.google.com/spreadsheets/d/1uo7-E_E2jbehB2hbBurpPayP_0fKY5sPZcFgZmfLydY/edit#gid=520178140
Flampivian,flampivian,7,44,0,44,4,"Season 1, Season 2, Season 3, Season 7",0,,Barry D. Sin of Speed; Cabgolord; DirtyD64; Parsifani; PokeBazi; Raikani; Shiro,Krebuknackis; Skywalking Zacians,data/manual/pokemon_killlists.csv;https://docs.google.com/spreadsheets/d/1FUsClf5qEny-BHY5Djp8rIwRJKBSJDvygJ8LBa62FEo/edit#gid=0;https://docs.google.com/spreadsheets/d/1JZpA-5XDldN2bjfvhvBPHYK-1AENETLnF1UxNEpWlNA/edit#gid=352888197;https://docs.google.com/spreadsheets/d/1kiwDk4NgYoKb0Oo9yqzwl9HXHxuQ_0I5gkb1JtE57PI/edit#gid=0;https://docs.google.com/spreadsheets/d/1nwiq_ggEj7QePeZGMR2xoi0bEHJr_ZGO24YCRdt93No/edit#gid=857670931;https://docs.google.com/spreadsheets/d/1odsNRAZStW1GzmpXwmg27dqjOlch7w8syZOZ5Z2OQRg/edit#gid=0
Mega Pinsir,mega pinsir,0,44,0,44,3,"Season 1, Season 2, Season 4",0,,Art'n'Gaming; PresentLP; WolvX,Pyroars of the Carribean,data/manual/pokemon_killlists.csv;https://docs.google.com/spreadsheets/d/1FUsClf5qEny-BHY5Djp8rIwRJKBSJDvygJ8LBa62FEo/edit#gid=0;https://docs.google.com/spreadsheets/d/1JZpA-5XDldN2bjfvhvBPHYK-1AENETLnF1UxNEpWlNA/edit#gid=352888197;https://docs.google.com/spreadsheets/d/1kiwDk4NgYoKb0Oo9yqzwl9HXHxuQ_0I5gkb1JtE57PI/edit#gid=0;https://docs.google.com/spreadsheets/d/1odsNRAZStW1GzmpXwmg27dqjOlch7w8syZOZ5Z2OQRg/edit#gid=0
Zytomega,zytomega,26,44,5,39,4,"Season 2, Season 6, Season 9, Season 10",0,,BelmontGabriel; Dauni Daunstar; Hydronic; LightGaming; PresentLP; SurskitTV,Niemandsland; Prekani; Scherzkekse,https://docs.google.com/spreadsheets/d/11wxsKyCydVmDjp4kGLJAOLPM_LgwCLN2GYpbDQkNtkk/edit#gid=1843013406;https://docs.google.com/spreadsheets/d/11wxsKyCydVmDjp4kGLJAOLPM_LgwCLN2GYpbDQkNtkk/edit#gid=654435343;https://docs.google.com/spreadsheets/d/13smsrG2BGYxr_omJWcgr-sUDr39bvOJPNL5RPt4DSow/edit#gid=1934543062;https://docs.google.com/spreadsheets/d/13smsrG2BGYxr_omJWcgr-sUDr39bvOJPNL5RPt4DSow/edit#gid=71150222;https://docs.google.com/spreadsheets/d/1FUsClf5qEny-BHY5Djp8rIwRJKBSJDvygJ8LBa62FEo/edit#gid=0;https://docs.google.com/spreadsheets/d/1odsNRAZStW1GzmpXwmg27dqjOlch7w8syZOZ5Z2OQRg/edit#gid=0;https://docs.google.com/spreadsheets/d/1uo7-E_E2jbehB2hbBurpPayP_0fKY5sPZcFgZmfLydY/edit#gid=1526488506;https://docs.google.com/spreadsheets/d/1uo7-E_E2jbehB2hbBurpPayP_0fKY5sPZcFgZmfLydY/edit#gid=1696255979;https://docs.google.com/spreadsheets/d/1uo7-E_E2jbehB2hbBurpPayP_0fKY5sPZcFgZmfLydY/edit#gid=520178140
Donarion,donarion,58,43,0,43,4,"Season 6, Season 7, Season 8, Season 9",0,,BraveBird; ElektechN9ne; Hydronic; KingBlex; OGDNZ,Elekid's Club; Toon World; Youngstars,https://docs.google.com/spreadsheets/d/11wxsKyCydVmDjp4kGLJAOLPM_LgwCLN2GYpbDQkNtkk/edit#gid=654435343;https://docs.google.com/spreadsheets/d/1B2uTMvWlAHb7WlpupJV1A2Hbi3K3U1vCyoFV0wCapcw/edit#gid=1846395979;https://docs.google.com/spreadsheets/d/1B2uTMvWlAHb7WlpupJV1A2Hbi3K3U1vCyoFV0wCapcw/edit#gid=26363830;https://docs.google.com/spreadsheets/d/1nwiq_ggEj7QePeZGMR2xoi0bEHJr_ZGO24YCRdt93No/edit#gid=857670931;https://docs.google.com/spreadsheets/d/1uo7-E_E2jbehB2hbBurpPayP_0fKY5sPZcFgZmfLydY/edit#gid=1526488506;https://docs.google.com/spreadsheets/d/1uo7-E_E2jbehB2hbBurpPayP_0fKY5sPZcFgZmfLydY/edit#gid=1696255979;https://docs.google.com/spreadsheets/d/1uo7-E_E2jbehB2hbBurpPayP_0fKY5sPZcFgZmfLydY/edit#gid=520178140
Impergator,impergator,0,43,0,43,4,"Season 2, Season 3, Season 5, Season 6",0,,Barry D. Sin of Speed; Dauni Daunstar; Parsifani; Zant017,Lazycakes; Nova Dragons; Persian Carpets,data/manual/team_pokemon_usage.csv;https://docs.google.com/spreadsheets/d/11wxsKyCydVmDjp4kGLJAOLPM_LgwCLN2GYpbDQkNtkk/edit#gid=1588964432;https://docs.google.com/spreadsheets/d/11wxsKyCydVmDjp4kGLJAOLPM_LgwCLN2GYpbDQkNtkk/edit#gid=1843013406;https://docs.google.com/spreadsheets/d/11wxsKyCydVmDjp4kGLJAOLPM_LgwCLN2GYpbDQkNtkk/edit#gid=654435343;https://docs.google.com/spreadsheets/d/1JZpA-5XDldN2bjfvhvBPHYK-1AENETLnF1UxNEpWlNA/edit#gid=352888197;https://docs.google.com/spreadsheets/d/1odsNRAZStW1GzmpXwmg27dqjOlch7w8syZOZ5Z2OQRg/edit#gid=0;output/team-graphics/s3/GPL Teams Spieltag 14 (1).jpg
Maxax,maxax,11,43,0,43,5,"Season 1, Season 2, Season 6, Season 7, Season 8",0,,Maxi von Vogel; Parsifani; PokeBazi; PokemonFakten; Raizor; Shizumania,Mythical FighterZ; Soulstealer,https://docs.google.com/spreadsheets/d/11wxsKyCydVmDjp4kGLJAOLPM_LgwCLN2GYpbDQkNtkk/edit#gid=1588964432;https://docs.google.com/spreadsheets/d/1B2uTMvWlAHb7WlpupJV1A2Hbi3K3U1vCyoFV0wCapcw/edit#gid=1846395979;https://docs.google.com/spreadsheets/d/1kiwDk4NgYoKb0Oo9yqzwl9HXHxuQ_0I5gkb1JtE57PI/edit#gid=0;https://docs.google.com/spreadsheets/d/1nwiq_ggEj7QePeZGMR2xoi0bEHJr_ZGO24YCRdt93No/edit#gid=857670931;https://docs.google.com/spreadsheets/d/1odsNRAZStW1GzmpXwmg27dqjOlch7w8syZOZ5Z2OQRg/edit#gid=0
Mega Absol,mega absol,0,43,0,43,3,"Season 1, Season 3, Season 4",1,Season 3,Cabgolord; PokeBazi; PresentLP,Prekani; Schnittlauchs,data/manual/pokemon_killlists.csv;data/manual/team_pokemon_usage.csv;https://docs.google.com/spreadsheets/d/13ggv8-k1WCcrrjlwXb-ZoSwhODIQlG_NVffp3TGKOgI/edit#gid=0;https://docs.google.com/spreadsheets/d/1JZpA-5XDldN2bjfvhvBPHYK-1AENETLnF1UxNEpWlNA/edit#gid=352888197;https://docs.google.com/spreadsheets/d/1kiwDk4NgYoKb0Oo9yqzwl9HXHxuQ_0I5gkb1JtE57PI/edit#gid=0;output/team-graphics/s3/GPL Teams Spieltag 14 (1).jpg;output/team-graphics/s4/Schnittlauchs - PokeBazi.png
Mega-Scherox,mega scherox,0,43,0,43,4,"Season 2, Season 3, Season 4, Season 6",0,,CaptainCrinch; MeLevies; Nestfloh; Raizor,Crinchilla; Flutschige Zäpfchen; Shocking Shaymins; Soulstealer,data/manual/team_pokemon_usage.csv;https://docs.google.com/spreadsheets/d/11wxsKyCydVmDjp4kGLJAOLPM_LgwCLN2GYpbDQkNtkk/edit#gid=1588964432;https://docs.google.com/spreadsheets/d/11wxsKyCydVmDjp4kGLJAOLPM_LgwCLN2GYpbDQkNtkk/edit#gid=1843013406;https://docs.google.com/spreadsheets/d/1JZpA-5XDldN2bjfvhvBPHYK-1AENETLnF1UxNEpWlNA/edit#gid=352888197;https://docs.google.com/spreadsheets/d/1odsNRAZStW1GzmpXwmg27dqjOlch7w8syZOZ5Z2OQRg/edit#gid=0;output/team-graphics/s3/GPL Teams Spieltag 14 (2).jpg;output/team-graphics/s4/Shocking Shaymins - MeLevies.png
Chaneira,chaneira,3,42,0,42,5,"Season 1, Season 2, Season 4, Season 6, Season 8",0,,Art'n'Gaming; BelmontGabriel; CaptainCrinch; Lauris; LightGaming; Minetube; Raizor,Pyroars of the Carribean; Schleudergang,data/manual/pokemon_killlists.csv;https://docs.google.com/spreadsheets/d/11wxsKyCydVmDjp4kGLJAOLPM_LgwCLN2GYpbDQkNtkk/edit#gid=654435343;https://docs.google.com/spreadsheets/d/1B2uTMvWlAHb7WlpupJV1A2Hbi3K3U1vCyoFV0wCapcw/edit#gid=26363830;https://docs.google.com/spreadsheets/d/1JZpA-5XDldN2bjfvhvBPHYK-1AENETLnF1UxNEpWlNA/edit#gid=352888197;https://docs.google.com/spreadsheets/d/1kiwDk4NgYoKb0Oo9yqzwl9HXHxuQ_0I5gkb1JtE57PI/edit#gid=0;https://docs.google.com/spreadsheets/d/1odsNRAZStW1GzmpXwmg27dqjOlch7w8syZOZ5Z2OQRg/edit#gid=0
Durengard,durengard,49,42,0,42,3,"Season 1, Season 8, Season 9",0,,BelmontGabriel; BlackLink; DiaSwordPlay; ElektechN9ne; KingBlex,Royal Bluff,https://docs.google.com/spreadsheets/d/1B2uTMvWlAHb7WlpupJV1A2Hbi3K3U1vCyoFV0wCapcw/edit#gid=1846395979;https://docs.google.com/spreadsheets/d/1B2uTMvWlAHb7WlpupJV1A2Hbi3K3U1vCyoFV0wCapcw/edit#gid=26363830;https://docs.google.com/spreadsheets/d/1kiwDk4NgYoKb0Oo9yqzwl9HXHxuQ_0I5gkb1JtE57PI/edit#gid=0;https://docs.google.com/spreadsheets/d/1uo7-E_E2jbehB2hbBurpPayP_0fKY5sPZcFgZmfLydY/edit#gid=1526488506;https://docs.google.com/spreadsheets/d/1uo7-E_E2jbehB2hbBurpPayP_0fKY5sPZcFgZmfLydY/edit#gid=1696255979;https://docs.google.com/spreadsheets/d/1uo7-E_E2jbehB2hbBurpPayP_0fKY5sPZcFgZmfLydY/edit#gid=520178140
Fruyal,fruyal,44,42,0,42,7,"Season 4, Season 5, Season 6, Season 7, Season 8, Season 9, Season 10",0,,BlackLink; ElektechN9ne; Fnupa; Hydronic; KingBlex; Lauris; Nestfloh; OGDNZ; Stratocopter TV,Cabgosport; Crustle Crusaders; Cyber End Jugulis; Enteikutierung; Grippebärchen; Nose to Order; Royal Bluff,data/manual/pokemon_killlists.csv;data/manual/team_pokemon_usage.csv;https://docs.google.com/spreadsheets/d/11wxsKyCydVmDjp4kGLJAOLPM_LgwCLN2GYpbDQkNtkk/edit#gid=1588964432;https://docs.google.com/spreadsheets/d/11wxsKyCydVmDjp4kGLJAOLPM_LgwCLN2GYpbDQkNtkk/edit#gid=1843013406;https://docs.google.com/spreadsheets/d/13smsrG2BGYxr_omJWcgr-sUDr39bvOJPNL5RPt4DSow/edit#gid=1934543062;https://docs.google.com/spreadsheets/d/1B2uTMvWlAHb7WlpupJV1A2Hbi3K3U1vCyoFV0wCapcw/edit#gid=1846395979;https://docs.google.com/spreadsheets/d/1B2uTMvWlAHb7WlpupJV1A2Hbi3K3U1vCyoFV0wCapcw/edit#gid=26363830;https://docs.google.com/spreadsheets/d/1JZpA-5XDldN2bjfvhvBPHYK-1AENETLnF1UxNEpWlNA/edit#gid=352888197;https://docs.google.com/spreadsheets/d/1nwiq_ggEj7QePeZGMR2xoi0bEHJr_ZGO24YCRdt93No/edit#gid=857670931;https://docs.google.com/spreadsheets/d/1uo7-E_E2jbehB2hbBurpPayP_0fKY5sPZcFgZmfLydY/edit#gid=1526488506;https://docs.google.com/spreadsheets/d/1uo7-E_E2jbehB2hbBurpPayP_0fKY5sPZcFgZmfLydY/edit#gid=1696255979;https://docs.google.com/spreadsheets/d/1uo7-E_E2jbehB2hbBurpPayP_0fKY5sPZcFgZmfLydY/edit#gid=520178140;output/team-graphics/s4/Enteikutierung - Lauris Enteitainment.png
Porygon2,porygon2,12,42,0,42,6,"Season 1, Season 2, Season 3, Season 4, Season 5, Season 8",0,,Art'n'Gaming; DiaSwordPlay; DirtyD64; Fnupa; Lets Kayze; PokeBree; Raizor; SteveParker; SurskitTV,Cabgosport; Little Littleos; Surstars,data/manual/team_pokemon_usage.csv;https://docs.google.com/spreadsheets/d/1B2uTMvWlAHb7WlpupJV1A2Hbi3K3U1vCyoFV0wCapcw/edit#gid=1846395979;https://docs.google.com/spreadsheets/d/1FUsClf5qEny-BHY5Djp8rIwRJKBSJDvygJ8LBa62FEo/edit#gid=0;https://docs.google.com/spreadsheets/d/1JZpA-5XDldN2bjfvhvBPHYK-1AENETLnF1UxNEpWlNA/edit#gid=352888197;https://docs.google.com/spreadsheets/d/1kiwDk4NgYoKb0Oo9yqzwl9HXHxuQ_0I5gkb1JtE57PI/edit#gid=0;https://docs.google.com/spreadsheets/d/1odsNRAZStW1GzmpXwmg27dqjOlch7w8syZOZ5Z2OQRg/edit#gid=0;output/team-graphics/s3/GPL Teams Spieltag 14 (2).jpg;output/team-graphics/s4/Surstars - SurskitTV.png;output/team-graphics/s5/Cabgosport.png
Celebi,celebi,27,41,0,41,7,"Season 3, Season 4, Season 5, Season 6, Season 7, Season 8, Season 9",1,Season 5,Art'n'Gaming; BelmontGabriel; BlackLink; Lauris; Maxi von Vogel; Pokgalaxy; PresentLP,Enteigeddon*³ **¹; Fen and Gator; Niemandsland; PrekaKnight; Pyroars of the Carribean; Shockwaving Magearnas,data/manual/pokemon_killlists.csv;data/manual/team_pokemon_usage.csv;https://docs.google.com/spreadsheets/d/11wxsKyCydVmDjp4kGLJAOLPM_LgwCLN2GYpbDQkNtkk/edit#gid=654435343;https://docs.google.com/spreadsheets/d/1B2uTMvWlAHb7WlpupJV1A2Hbi3K3U1vCyoFV0wCapcw/edit#gid=1846395979;https://docs.google.com/spreadsheets/d/1JZpA-5XDldN2bjfvhvBPHYK-1AENETLnF1UxNEpWlNA/edit#gid=352888197;https://docs.google.com/spreadsheets/d/1nONaKwJcrN04APGKN-HrZ8yavwZdFkfnaA59Zp1sdBU/edit#gid=1708603996;https://docs.google.com/spreadsheets/d/1nwiq_ggEj7QePeZGMR2xoi0bEHJr_ZGO24YCRdt93No/edit#gid=857670931;https://docs.google.com/spreadsheets/d/1uo7-E_E2jbehB2hbBurpPayP_0fKY5sPZcFgZmfLydY/edit#gid=1526488506;https://docs.google.com/spreadsheets/d/1uo7-E_E2jbehB2hbBurpPayP_0fKY5sPZcFgZmfLydY/edit#gid=1696255979;https://docs.google.com/spreadsheets/d/1uo7-E_E2jbehB2hbBurpPayP_0fKY5sPZcFgZmfLydY/edit#gid=520178140;output/team-graphics/s3/GPL Teams Spieltag 14 (2).jpg;output/team-graphics/s5/Shockwaving Magearnas.png
Mega-Aerodactyl,mega aerodactyl,0,41,0,41,3,"Season 3, Season 4, Season 5",0,,Barry D. Sin of Speed; PokeBazi,Krebuknackis; Marvelous Speedsters; Schnittlauchs,data/manual/pokemon_killlists.csv;data/manual/team_pokemon_usage.csv;https://docs.google.com/spreadsheets/d/1JZpA-5XDldN2bjfvhvBPHYK-1AENETLnF1UxNEpWlNA/edit#gid=352888197;output/team-graphics/s3/GPL Teams Spieltag 14 (1).jpg
Smogmog,smogmog,45,40,0,40,8,"Season 2, Season 3, Season 4, Season 5, Season 6, Season 7, Season 8, Season 9",0,,Art'n'Gaming; BlackLink; CaptainCrinch; Dauni Daunstar; ElektechN9ne; Maxi von Vogel; Pokgalaxy; RegiBang; Stratocopter TV; SurskitTV,Crinchilla; Crustle Crusaders; Fen and Gator; Little Litleos*; Milchbubis; Royal Bluff; Surstars,data/manual/pokemon_killlists.csv;data/manual/team_pokemon_usage.csv;https://docs.google.com/spreadsheets/d/11wxsKyCydVmDjp4kGLJAOLPM_LgwCLN2GYpbDQkNtkk/edit#gid=1843013406;https://docs.google.com/spreadsheets/d/1B2uTMvWlAHb7WlpupJV1A2Hbi3K3U1vCyoFV0wCapcw/edit#gid=26363830;https://docs.google.com/spreadsheets/d/1JZpA-5XDldN2bjfvhvBPHYK-1AENETLnF1UxNEpWlNA/edit#gid=352888197;https://docs.google.com/spreadsheets/d/1nwiq_ggEj7QePeZGMR2xoi0bEHJr_ZGO24YCRdt93No/edit#gid=857670931;https://docs.google.com/spreadsheets/d/1odsNRAZStW1GzmpXwmg27dqjOlch7w8syZOZ5Z2OQRg/edit#gid=0;https://docs.google.com/spreadsheets/d/1uo7-E_E2jbehB2hbBurpPayP_0fKY5sPZcFgZmfLydY/edit#gid=1526488506;https://docs.google.com/spreadsheets/d/1uo7-E_E2jbehB2hbBurpPayP_0fKY5sPZcFgZmfLydY/edit#gid=1696255979;https://docs.google.com/spreadsheets/d/1uo7-E_E2jbehB2hbBurpPayP_0fKY5sPZcFgZmfLydY/edit#gid=520178140;output/team-graphics/s3/GPL Teams Spieltag 14 (2).jpg
Zarude,zarude,20,40,0,40,1,Season 9,1,Season 9,Bene; El Scizor,Victory Instinct,https://docs.google.com/spreadsheets/d/1uo7-E_E2jbehB2hbBurpPayP_0fKY5sPZcFgZmfLydY/edit#gid=1526488506;https://docs.google.com/spreadsheets/d/1uo7-E_E2jbehB2hbBurpPayP_0fKY5sPZcFgZmfLydY/edit#gid=1696255979;https://docs.google.com/spreadsheets/d/1uo7-E_E2jbehB2hbBurpPayP_0fKY5sPZcFgZmfLydY/edit#gid=1953155019;https://docs.google.com/spreadsheets/d/1uo7-E_E2jbehB2hbBurpPayP_0fKY5sPZcFgZmfLydY/edit#gid=520178140
Ursaluna,ursaluna,20,40,9,31,1,Season 10,0,,Raizor,Unbound Soul,https://docs.google.com/spreadsheets/d/13smsrG2BGYxr_omJWcgr-sUDr39bvOJPNL5RPt4DSow/edit#gid=1934543062;https://docs.google.com/spreadsheets/d/13smsrG2BGYxr_omJWcgr-sUDr39bvOJPNL5RPt4DSow/edit#gid=71150222
Montecarbo,montecarbo,26,40,13,27,2,"Season 7, Season 10",0,,CaptainCrinch; RobinVGC,Choice Bandits; Crinchilla,https://docs.google.com/spreadsheets/d/13smsrG2BGYxr_omJWcgr-sUDr39bvOJPNL5RPt4DSow/edit#gid=1934543062;https://docs.google.com/spreadsheets/d/13smsrG2BGYxr_omJWcgr-sUDr39bvOJPNL5RPt4DSow/edit#gid=71150222;https://docs.google.com/spreadsheets/d/1nwiq_ggEj7QePeZGMR2xoi0bEHJr_ZGO24YCRdt93No/edit#gid=857670931
Chillabell,chillabell,6,39,0,39,6,"Season 2, Season 3, Season 5, Season 6, Season 7, Season 10",0,,CaptainCrinch; OGDNZ; Scoutley,Crinchilla; Rising Delibirds; Squid Squad,data/manual/team_pokemon_usage.csv;https://docs.google.com/spreadsheets/d/11wxsKyCydVmDjp4kGLJAOLPM_LgwCLN2GYpbDQkNtkk/edit#gid=1588964432;https://docs.google.com/spreadsheets/d/11wxsKyCydVmDjp4kGLJAOLPM_LgwCLN2GYpbDQkNtkk/edit#gid=1843013406;https://docs.google.com/spreadsheets/d/13smsrG2BGYxr_omJWcgr-sUDr39bvOJPNL5RPt4DSow/edit#gid=1934543062;https://docs.google.com/spreadsheets/d/1JZpA-5XDldN2bjfvhvBPHYK-1AENETLnF1UxNEpWlNA/edit#gid=352888197;https://docs.google.com/spreadsheets/d/1nwiq_ggEj7QePeZGMR2xoi0bEHJr_ZGO24YCRdt93No/edit#gid=857670931;https://docs.google.com/spreadsheets/d/1odsNRAZStW1GzmpXwmg27dqjOlch7w8syZOZ5Z2OQRg/edit#gid=0;output/team-graphics/s3/GPL Teams Spieltag 14 (2).jpg;output/team-graphics/s5/Crinchilla.png
Rotom-Schneide,rotom schneide,8,39,0,39,6,"Season 3, Season 4, Season 5, Season 6, Season 7, Season 8",0,,Bene; BlackLink; CaptainCrinch; CrowdController; Lauris; PokeBazi; RegiBang,Crinchilla; Krebuknackis; Schleudergang; Tectass Toppas; Variant Vulpix; Victini Bottom,data/manual/team_pokemon_usage.csv;https://docs.google.com/spreadsheets/d/11wxsKyCydVmDjp4kGLJAOLPM_LgwCLN2GYpbDQkNtkk/edit#gid=1588964432;https://docs.google.com/spreadsheets/d/11wxsKyCydVmDjp4kGLJAOLPM_LgwCLN2GYpbDQkNtkk/edit#gid=1843013406;https://docs.google.com/spreadsheets/d/11wxsKyCydVmDjp4kGLJAOLPM_LgwCLN2GYpbDQkNtkk/edit#gid=654435343;https://docs.google.com/spreadsheets/d/1B2uTMvWlAHb7WlpupJV1A2Hbi3K3U1vCyoFV0wCapcw/edit#gid=1846395979;https://docs.google.com/spreadsheets/d/1B2uTMvWlAHb7WlpupJV1A2Hbi3K3U1vCyoFV0wCapcw/edit#gid=26363830;https://docs.google.com/spreadsheets/d/1JZpA-5XDldN2bjfvhvBPHYK-1AENETLnF1UxNEpWlNA/edit#gid=352888197;https://docs.google.com/spreadsheets/d/1nwiq_ggEj7QePeZGMR2xoi0bEHJr_ZGO24YCRdt93No/edit#gid=857670931;output/team-graphics/s3/GPL Teams Spieltag 14 (1).jpg;output/team-graphics/s4/Variant Vulpix - CrowdController.png;output/team-graphics/s5/Victini Bottom.png
Tobutz,tobutz,0,39,0,39,3,"Season 2, Season 3, Season 4",0,,Lauris; Oktopaul; Parsifani; glebber,Enteikutierung; Persian Carpets,data/manual/team_pokemon_usage.csv;https://docs.google.com/spreadsheets/d/1FUsClf5qEny-BHY5Djp8rIwRJKBSJDvygJ8LBa62FEo/edit#gid=0;https://docs.google.com/spreadsheets/d/1JZpA-5XDldN2bjfvhvBPHYK-1AENETLnF1UxNEpWlNA/edit#gid=352888197;https://docs.google.com/spreadsheets/d/1odsNRAZStW1GzmpXwmg27dqjOlch7w8syZOZ5Z2OQRg/edit#gid=0;output/team-graphics/s3/GPL Teams Spieltag 14 (1).jpg;output/team-graphics/s4/Enteikutierung - Lauris Enteitainment.png
Amigento-Normal,amigento normal,33,38,0,38,4,"Season 6, Season 7, Season 8, Season 9",1,Season 7,BlackLink; Blocki; Dauni Daunstar; KingBlex; Nestfloh; OGDNZ,Flutschige Zäpfchen; Majora's Maskeregen; Toon World,https://docs.google.com/spreadsheets/d/11wxsKyCydVmDjp4kGLJAOLPM_LgwCLN2GYpbDQkNtkk/edit#gid=1588964432;https://docs.google.com/spreadsheets/d/1B2uTMvWlAHb7WlpupJV1A2Hbi3K3U1vCyoFV0wCapcw/edit#gid=1846395979;https://docs.google.com/spreadsheets/d/1B2uTMvWlAHb7WlpupJV1A2Hbi3K3U1vCyoFV0wCapcw/edit#gid=26363830;https://docs.google.com/spreadsheets/d/1nwiq_ggEj7QePeZGMR2xoi0bEHJr_ZGO24YCRdt93No/edit#gid=1953934700;https://docs.google.com/spreadsheets/d/1nwiq_ggEj7QePeZGMR2xoi0bEHJr_ZGO24YCRdt93No/edit#gid=857670931;https://docs.google.com/spreadsheets/d/1uo7-E_E2jbehB2hbBurpPayP_0fKY5sPZcFgZmfLydY/edit#gid=1526488506;https://docs.google.com/spreadsheets/d/1uo7-E_E2jbehB2hbBurpPayP_0fKY5sPZcFgZmfLydY/edit#gid=1696255979;https://docs.google.com/spreadsheets/d/1uo7-E_E2jbehB2hbBurpPayP_0fKY5sPZcFgZmfLydY/edit#gid=520178140
Lectragon,lectragon,26,38,0,38,2,"Season 7, Season 9",1,Season 7,KingBlex; Nestfloh; OGDNZ,Flutschige Zäpfchen; Toon World,https://docs.google.com/spreadsheets/d/1nwiq_ggEj7QePeZGMR2xoi0bEHJr_ZGO24YCRdt93No/edit#gid=1953934700;https://docs.google.com/spreadsheets/d/1nwiq_ggEj7QePeZGMR2xoi0bEHJr_ZGO24YCRdt93No/edit#gid=857670931;https://docs.google.com/spreadsheets/d/1uo7-E_E2jbehB2hbBurpPayP_0fKY5sPZcFgZmfLydY/edit#gid=1526488506;https://docs.google.com/spreadsheets/d/1uo7-E_E2jbehB2hbBurpPayP_0fKY5sPZcFgZmfLydY/edit#gid=1696255979;https://docs.google.com/spreadsheets/d/1uo7-E_E2jbehB2hbBurpPayP_0fKY5sPZcFgZmfLydY/edit#gid=520178140
Mimigma,mimigma,14,38,0,38,4,"Season 4, Season 5, Season 9, Season 10",0,,Art'n'Gaming; BlackLink; ElektechN9ne; KingBlex; Parsifani,Aggron Successors*; Cyber End Jugulis; Pyroars of the Carribean; Royal Bluff,data/manual/pokemon_killlists.csv;https://docs.google.com/spreadsheets/d/13smsrG2BGYxr_omJWcgr-sUDr39bvOJPNL5RPt4DSow/edit#gid=1934543062;https://docs.google.com/spreadsheets/d/1JZpA-5XDldN2bjfvhvBPHYK-1AENETLnF1UxNEpWlNA/edit#gid=352888197;https://docs.google.com/spreadsheets/d/1uo7-E_E2jbehB2hbBurpPayP_0fKY5sPZcFgZmfLydY/edit#gid=1526488506;https://docs.google.com/spreadsheets/d/1uo7-E_E2jbehB2hbBurpPayP_0fKY5sPZcFgZmfLydY/edit#gid=1696255979;https://docs.google.com/spreadsheets/d/1uo7-E_E2jbehB2hbBurpPayP_0fKY5sPZcFgZmfLydY/edit#gid=520178140
Laschoking,laschoking,35,37,0,37,7,"Season 1, Season 2, Season 3, Season 5, Season 6, Season 8, Season 10",0,,Bene; DirtyD64; KingBlex; Kuchenjaeger; Lauris; OGDNZ; Raizor; RegiBang; glebber,Energie Tobutz; Enteigeddon*³ **¹; Soulstealer; Squid Squad; Tectass Toppas,data/manual/team_pokemon_usage.csv;https://docs.google.com/spreadsheets/d/11wxsKyCydVmDjp4kGLJAOLPM_LgwCLN2GYpbDQkNtkk/edit#gid=1588964432;https://docs.google.com/spreadsheets/d/11wxsKyCydVmDjp4kGLJAOLPM_LgwCLN2GYpbDQkNtkk/edit#gid=1843013406;https://docs.google.com/spreadsheets/d/13smsrG2BGYxr_omJWcgr-sUDr39bvOJPNL5RPt4DSow/edit#gid=1934543062;https://docs.google.com/spreadsheets/d/1B2uTMvWlAHb7WlpupJV1A2Hbi3K3U1vCyoFV0wCapcw/edit#gid=1846395979;https://docs.google.com/spreadsheets/d/1B2uTMvWlAHb7WlpupJV1A2Hbi3K3U1vCyoFV0wCapcw/edit#gid=26363830;https://docs.google.com/spreadsheets/d/1FUsClf5qEny-BHY5Djp8rIwRJKBSJDvygJ8LBa62FEo/edit#gid=0;https://docs.google.com/spreadsheets/d/1JZpA-5XDldN2bjfvhvBPHYK-1AENETLnF1UxNEpWlNA/edit#gid=352888197;https://docs.google.com/spreadsheets/d/1kiwDk4NgYoKb0Oo9yqzwl9HXHxuQ_0I5gkb1JtE57PI/edit#gid=0;output/team-graphics/s3/GPL Teams Spieltag 14 (2).jpg;output/team-graphics/s5/Energie Tobutz.png
Magneton,magneton,0,37,0,37,5,"Season 2, Season 3, Season 4, Season 5, Season 6",0,,Art'n'Gaming; CaptainCrinch; FanmadeLetsPlay; Minetube; RegiBang,Coldlauncher; Crinchilla; Pyroars of the Carribean; Triyolotree,data/manual/pokemon_killlists.csv;data/manual/team_pokemon_usage.csv;https://docs.google.com/spreadsheets/d/11wxsKyCydVmDjp4kGLJAOLPM_LgwCLN2GYpbDQkNtkk/edit#gid=1588964432;https://docs.google.com/spreadsheets/d/11wxsKyCydVmDjp4kGLJAOLPM_LgwCLN2GYpbDQkNtkk/edit#gid=654435343;https://docs.google.com/spreadsheets/d/1FUsClf5qEny-BHY5Djp8rIwRJKBSJDvygJ8LBa62FEo/edit#gid=0;https://docs.google.com/spreadsheets/d/1JZpA-5XDldN2bjfvhvBPHYK-1AENETLnF1UxNEpWlNA/edit#gid=352888197;output/team-graphics/s3/GPL Teams Spieltag 14 (1).jpg;output/team-graphics/s5/Crinchilla.png
Mega Diancie,mega diancie,0,37,0,37,4,"Season 2, Season 3, Season 5, Season 6",0,,Craycom; Lauris; Raizor; RegiBang,Enteigeddon*³ **¹; Schleudergang; Soulstealer; Strubbelohr Bande,data/manual/team_pokemon_usage.csv;https://docs.google.com/spreadsheets/d/11wxsKyCydVmDjp4kGLJAOLPM_LgwCLN2GYpbDQkNtkk/edit#gid=1588964432;https://docs.google.com/spreadsheets/d/11wxsKyCydVmDjp4kGLJAOLPM_LgwCLN2GYpbDQkNtkk/edit#gid=1843013406;https://docs.google.com/spreadsheets/d/11wxsKyCydVmDjp4kGLJAOLPM_LgwCLN2GYpbDQkNtkk/edit#gid=654435343;https://docs.google.com/spreadsheets/d/1FUsClf5qEny-BHY5Djp8rIwRJKBSJDvygJ8LBa62FEo/edit#gid=0;https://docs.google.com/spreadsheets/d/1JZpA-5XDldN2bjfvhvBPHYK-1AENETLnF1UxNEpWlNA/edit#gid=352888197;output/team-graphics/s3/GPL Teams Spieltag 14 (2).jpg;output/team-graphics/s5/SoulStealer.png
Schwalboss,schwalboss,0,37,0,37,5,"Season 1, Season 3, Season 4, Season 5, Season 6",0,,Art'n'Gaming; Cabgolord; PresentLP; Raizor; Silva,Blades Enforcer; Little Littleos; Prekani; Soulstealer,data/manual/pokemon_killlists.csv;data/manual/team_pokemon_usage.csv;https://docs.google.com/spreadsheets/d/11wxsKyCydVmDjp4kGLJAOLPM_LgwCLN2GYpbDQkNtkk/edit#gid=1588964432;https://docs.google.com/spreadsheets/d/11wxsKyCydVmDjp4kGLJAOLPM_LgwCLN2GYpbDQkNtkk/edit#gid=1843013406;https://docs.google.com/spreadsheets/d/1JZpA-5XDldN2bjfvhvBPHYK-1AENETLnF1UxNEpWlNA/edit#gid=352888197;https://docs.google.com/spreadsheets/d/1kiwDk4NgYoKb0Oo9yqzwl9HXHxuQ_0I5gkb1JtE57PI/edit#gid=0;output/team-graphics/s3/GPL Teams Spieltag 14 (2).jpg
Fuegro,fuegro,62,36,0,36,6,"Season 4, Season 5, Season 6, Season 7, Season 8, Season 9",0,,BlackLink; Blocki; ElektechN9ne; Fnupa; Minetube; PresentLP; RegiBang,Launching Dragapults; Royal Bluff; Slicing Knights; Triyolotree,data/manual/team_pokemon_usage.csv;https://docs.google.com/spreadsheets/d/11wxsKyCydVmDjp4kGLJAOLPM_LgwCLN2GYpbDQkNtkk/edit#gid=1588964432;https://docs.google.com/spreadsheets/d/11wxsKyCydVmDjp4kGLJAOLPM_LgwCLN2GYpbDQkNtkk/edit#gid=654435343;https://docs.google.com/spreadsheets/d/1B2uTMvWlAHb7WlpupJV1A2Hbi3K3U1vCyoFV0wCapcw/edit#gid=1846395979;https://docs.google.com/spreadsheets/d/1B2uTMvWlAHb7WlpupJV1A2Hbi3K3U1vCyoFV0wCapcw/edit#gid=26363830;https://docs.google.com/spreadsheets/d/1JZpA-5XDldN2bjfvhvBPHYK-1AENETLnF1UxNEpWlNA/edit#gid=352888197;https://docs.google.com/spreadsheets/d/1nwiq_ggEj7QePeZGMR2xoi0bEHJr_ZGO24YCRdt93No/edit#gid=857670931;https://docs.google.com/spreadsheets/d/1uo7-E_E2jbehB2hbBurpPayP_0fKY5sPZcFgZmfLydY/edit#gid=1526488506;https://docs.google.com/spreadsheets/d/1uo7-E_E2jbehB2hbBurpPayP_0fKY5sPZcFgZmfLydY/edit#gid=1696255979;https://docs.google.com/spreadsheets/d/1uo7-E_E2jbehB2hbBurpPayP_0fKY5sPZcFgZmfLydY/edit#gid=520178140;output/team-graphics/s4/Slicing Knights - Cabgolord.png;output/team-graphics/s5/Triyolotree.png
Masskito,masskito,19,36,0,36,5,"Season 4, Season 5, Season 6, Season 8, Season 9",0,,Art'n'Gaming; BelmontGabriel; BlackLink; Blocki; ElektechN9ne; Hydronic; RegiBang,Flexing Masskito; Little Litleos*; Niemandsland; Royal Bluff,data/manual/pokemon_killlists.csv;data/manual/team_pokemon_usage.csv;https://docs.google.com/spreadsheets/d/11wxsKyCydVmDjp4kGLJAOLPM_LgwCLN2GYpbDQkNtkk/edit#gid=654435343;https://docs.google.com/spreadsheets/d/1B2uTMvWlAHb7WlpupJV1A2Hbi3K3U1vCyoFV0wCapcw/edit#gid=1846395979;https://docs.google.com/spreadsheets/d/1B2uTMvWlAHb7WlpupJV1A2Hbi3K3U1vCyoFV0wCapcw/edit#gid=26363830;https://docs.google.com/spreadsheets/d/1JZpA-5XDldN2bjfvhvBPHYK-1AENETLnF1UxNEpWlNA/edit#gid=352888197;https://docs.google.com/spreadsheets/d/1uo7-E_E2jbehB2hbBurpPayP_0fKY5sPZcFgZmfLydY/edit#gid=1526488506;https://docs.google.com/spreadsheets/d/1uo7-E_E2jbehB2hbBurpPayP_0fKY5sPZcFgZmfLydY/edit#gid=1696255979;https://docs.google.com/spreadsheets/d/1uo7-E_E2jbehB2hbBurpPayP_0fKY5sPZcFgZmfLydY/edit#gid=520178140;output/team-graphics/s4/Flexing Masskito - RegiBang.png
Skaraborn,skaraborn,2,36,0,36,4,"Season 2, Season 5, Season 6, Season 8",0,,Blocki; Craycom; Lauris; PokeBazi; SpeedEevee; glebber,Energie Tobutz; Schleudergang; Strubbelohr Bande,data/manual/pokemon_killlists.csv;https://docs.google.com/spreadsheets/d/11wxsKyCydVmDjp4kGLJAOLPM_LgwCLN2GYpbDQkNtkk/edit#gid=1588964432;https://docs.google.com/spreadsheets/d/11wxsKyCydVmDjp4kGLJAOLPM_LgwCLN2GYpbDQkNtkk/edit#gid=1843013406;https://docs.google.com/spreadsheets/d/11wxsKyCydVmDjp4kGLJAOLPM_LgwCLN2GYpbDQkNtkk/edit#gid=654435343;https://docs.google.com/spreadsheets/d/1B2uTMvWlAHb7WlpupJV1A2Hbi3K3U1vCyoFV0wCapcw/edit#gid=1846395979;https://docs.google.com/spreadsheets/d/1JZpA-5XDldN2bjfvhvBPHYK-1AENETLnF1UxNEpWlNA/edit#gid=352888197;https://docs.google.com/spreadsheets/d/1odsNRAZStW1GzmpXwmg27dqjOlch7w8syZOZ5Z2OQRg/edit#gid=0
Tangoloss,tangoloss,4,36,0,36,5,"Season 3, Season 4, Season 5, Season 6, Season 8",0,,Barry D. Sin of Speed; MeLevies; Minetube; PresentLP,Prekani; Shocking Shaymins; Triyolotree,data/manual/team_pokemon_usage.csv;https://docs.google.com/spreadsheets/d/11wxsKyCydVmDjp4kGLJAOLPM_LgwCLN2GYpbDQkNtkk/edit#gid=1588964432;https://docs.google.com/spreadsheets/d/11wxsKyCydVmDjp4kGLJAOLPM_LgwCLN2GYpbDQkNtkk/edit#gid=654435343;https://docs.google.com/spreadsheets/d/1B2uTMvWlAHb7WlpupJV1A2Hbi3K3U1vCyoFV0wCapcw/edit#gid=1846395979;https://docs.google.com/spreadsheets/d/1JZpA-5XDldN2bjfvhvBPHYK-1AENETLnF1UxNEpWlNA/edit#gid=352888197;output/team-graphics/s3/GPL Teams Spieltag 14 (2).jpg;output/team-graphics/s4/Shocking Shaymins - MeLevies.png;output/team-graphics/s5/Prekani.png
Vesprit,vesprit,42,36,5,31,7,"Season 3, Season 4, Season 5, Season 6, Season 8, Season 9, Season 10",0,,Barry D. Sin of Speed; BraveBird; Craycom; Dauni Daunstar; Minetube; OGDNZ; Oktopaul; PresentLP,Akatsuki Amphibianz; Marvelous Speedsters; Petalburg Panchams; Pfundskerle; Prekani; Strubbelohr Bande; Youngstars,data/manual/pokemon_killlists.csv;data/manual/team_pokemon_usage.csv;https://docs.google.com/spreadsheets/d/11wxsKyCydVmDjp4kGLJAOLPM_LgwCLN2GYpbDQkNtkk/edit#gid=1588964432;https://docs.google.com/spreadsheets/d/11wxsKyCydVmDjp4kGLJAOLPM_LgwCLN2GYpbDQkNtkk/edit#gid=1843013406;https://docs.google.com/spreadsheets/d/11wxsKyCydVmDjp4kGLJAOLPM_LgwCLN2GYpbDQkNtkk/edit#gid=654435343;https://docs.google.com/spreadsheets/d/13smsrG2BGYxr_omJWcgr-sUDr39bvOJPNL5RPt4DSow/edit#gid=1934543062;https://docs.google.com/spreadsheets/d/13smsrG2BGYxr_omJWcgr-sUDr39bvOJPNL5RPt4DSow/edit#gid=71150222;https://docs.google.com/spreadsheets/d/1B2uTMvWlAHb7WlpupJV1A2Hbi3K3U1vCyoFV0wCapcw/edit#gid=1846395979;https://docs.google.com/spreadsheets/d/1JZpA-5XDldN2bjfvhvBPHYK-1AENETLnF1UxNEpWlNA/edit#gid=352888197;https://docs.google.com/spreadsheets/d/1uo7-E_E2jbehB2hbBurpPayP_0fKY5sPZcFgZmfLydY/edit#gid=1526488506;https://docs.google.com/spreadsheets/d/1uo7-E_E2jbehB2hbBurpPayP_0fKY5sPZcFgZmfLydY/edit#gid=1696255979;https://docs.google.com/spreadsheets/d/1uo7-E_E2jbehB2hbBurpPayP_0fKY5sPZcFgZmfLydY/edit#gid=520178140;output/team-graphics/s3/GPL Teams Spieltag 14 (1).jpg;output/team-graphics/s4/Prekani - PresentLP.png
Krawumms,krawumms,3,35,0,35,4,"Season 3, Season 4, Season 5, Season 8",0,,Bene; Fnupa; MeLevies; PresentLP,Cabgosport; Shocking Shaymins; Unlimited Blade Works*¹,data/manual/pokemon_killlists.csv;data/manual/team_pokemon_usage.csv;https://docs.google.com/spreadsheets/d/1B2uTMvWlAHb7WlpupJV1A2Hbi3K3U1vCyoFV0wCapcw/edit#gid=26363830;https://docs.google.com/spreadsheets/d/1JZpA-5XDldN2bjfvhvBPHYK-1AENETLnF1UxNEpWlNA/edit#gid=352888197;output/team-graphics/s3/GPL Teams Spieltag 14 (2).jpg;output/team-graphics/s4/Shocking Shaymins - MeLevies.png
Libelldra,libelldra,11,35,0,35,5,"Season 2, Season 3, Season 6, Season 7, Season 8",0,,Bene; Dauni Daunstar; KingBlex; Lauris; PresentLP,Enteigeddon*³ **¹; Kleinsteins;Gate; Milchbubis,data/manual/team_pokemon_usage.csv;https://docs.google.com/spreadsheets/d/11wxsKyCydVmDjp4kGLJAOLPM_LgwCLN2GYpbDQkNtkk/edit#gid=1843013406;https://docs.google.com/spreadsheets/d/1B2uTMvWlAHb7WlpupJV1A2Hbi3K3U1vCyoFV0wCapcw/edit#gid=1846395979;https://docs.google.com/spreadsheets/d/1FUsClf5qEny-BHY5Djp8rIwRJKBSJDvygJ8LBa62FEo/edit#gid=0;https://docs.google.com/spreadsheets/d/1JZpA-5XDldN2bjfvhvBPHYK-1AENETLnF1UxNEpWlNA/edit#gid=352888197;https://docs.google.com/spreadsheets/d/1nwiq_ggEj7QePeZGMR2xoi0bEHJr_ZGO24YCRdt93No/edit#gid=857670931;output/team-graphics/s3/GPL Teams Spieltag 14 (2).jpg
Relaxo,relaxo,2,35,0,35,4,"Season 3, Season 4, Season 5, Season 10",0,,Art'n'Gaming; Oktopaul; Pokgalaxy; RegiBang,Flexing Masskito; Little Litleos*; Petalburg Panchams; Tails of Mystery,data/manual/pokemon_killlists.csv;data/manual/team_pokemon_usage.csv;https://docs.google.com/spreadsheets/d/13smsrG2BGYxr_omJWcgr-sUDr39bvOJPNL5RPt4DSow/edit#gid=1934543062;https://docs.google.com/spreadsheets/d/1JZpA-5XDldN2bjfvhvBPHYK-1AENETLnF1UxNEpWlNA/edit#gid=352888197;output/team-graphics/s3/GPL Teams Spieltag 14 (1).jpg;output/team-graphics/s4/Flexing Masskito - RegiBang.png
Serpiroyal,serpiroyal,0,35,0,35,3,"Season 3, Season 5, Season 6",0,,Asalakoren; Minetube; Shiro; Tabasco TV,Absolutism; Aggron Berlin; Munich Magbys*²; Triyolotree,data/manual/team_pokemon_usage.csv;https://docs.google.com/spreadsheets/d/11wxsKyCydVmDjp4kGLJAOLPM_LgwCLN2GYpbDQkNtkk/edit#gid=1588964432;https://docs.google.com/spreadsheets/d/11wxsKyCydVmDjp4kGLJAOLPM_LgwCLN2GYpbDQkNtkk/edit#gid=1843013406;https://docs.google.com/spreadsheets/d/1JZpA-5XDldN2bjfvhvBPHYK-1AENETLnF1UxNEpWlNA/edit#gid=352888197;output/team-graphics/s3/GPL Teams Spieltag 14 (1).jpg;output/team-graphics/s5/Triyolotree.png
Fiaro,fiaro,3,35,1,34,7,"Season 1, Season 2, Season 3, Season 4, Season 6, Season 8, Season 10",0,,CaptainCrinch; ElektechN9ne; FanmadeLetsPlay; Morbol; Raizor; Stratocopter TV; SurskitTV,Coldlauncher; Crustle Crusaders; Suicide Squad,data/manual/pokemon_killlists.csv;data/manual/team_pokemon_usage.csv;https://docs.google.com/spreadsheets/d/11wxsKyCydVmDjp4kGLJAOLPM_LgwCLN2GYpbDQkNtkk/edit#gid=1843013406;https://docs.google.com/spreadsheets/d/13smsrG2BGYxr_omJWcgr-sUDr39bvOJPNL5RPt4DSow/edit#gid=71150222;https://docs.google.com/spreadsheets/d/1B2uTMvWlAHb7WlpupJV1A2Hbi3K3U1vCyoFV0wCapcw/edit#gid=26363830;https://docs.google.com/spreadsheets/d/1FUsClf5qEny-BHY5Djp8rIwRJKBSJDvygJ8LBa62FEo/edit#gid=0;https://docs.google.com/spreadsheets/d/1JZpA-5XDldN2bjfvhvBPHYK-1AENETLnF1UxNEpWlNA/edit#gid=352888197;https://docs.google.com/spreadsheets/d/1kiwDk4NgYoKb0Oo9yqzwl9HXHxuQ_0I5gkb1JtE57PI/edit#gid=0;output/team-graphics/s3/GPL Teams Spieltag 14 (1).jpg;output/team-graphics/s4/Suicide Squad - CaptainCrinch.png
Bisaflor,bisaflor,9,34,0,34,3,"Season 3, Season 4, Season 7",0,,BelmontGabriel; RegiBang; SurskitTV,Flexing Masskito; Igalima Impoleon; Surstars,data/manual/team_pokemon_usage.csv;https://docs.google.com/spreadsheets/d/1JZpA-5XDldN2bjfvhvBPHYK-1AENETLnF1UxNEpWlNA/edit#gid=352888197;https://docs.google.com/spreadsheets/d/1nwiq_ggEj7QePeZGMR2xoi0bEHJr_ZGO24YCRdt93No/edit#gid=857670931;output/team-graphics/s3/GPL Teams Spieltag 14 (2).jpg;output/team-graphics/s4/Flexing Masskito - RegiBang.png
Kicklee,kicklee,22,33,0,33,3,"Season 3, Season 8, Season 9",0,,BlackLink; ElektechN9ne; PresentLP; Raizor; Shiro,Munich Magbys*²; Royal Bluff,data/manual/team_pokemon_usage.csv;https://docs.google.com/spreadsheets/d/1B2uTMvWlAHb7WlpupJV1A2Hbi3K3U1vCyoFV0wCapcw/edit#gid=1846395979;https://docs.google.com/spreadsheets/d/1B2uTMvWlAHb7WlpupJV1A2Hbi3K3U1vCyoFV0wCapcw/edit#gid=26363830;https://docs.google.com/spreadsheets/d/1JZpA-5XDldN2bjfvhvBPHYK-1AENETLnF1UxNEpWlNA/edit#gid=352888197;https://docs.google.com/spreadsheets/d/1uo7-E_E2jbehB2hbBurpPayP_0fKY5sPZcFgZmfLydY/edit#gid=1526488506;https://docs.google.com/spreadsheets/d/1uo7-E_E2jbehB2hbBurpPayP_0fKY5sPZcFgZmfLydY/edit#gid=1696255979;https://docs.google.com/spreadsheets/d/1uo7-E_E2jbehB2hbBurpPayP_0fKY5sPZcFgZmfLydY/edit#gid=520178140;output/team-graphics/s3/GPL Teams Spieltag 14 (1).jpg
Shaymin,shaymin,0,33,0,33,4,"Season 2, Season 3, Season 4, Season 6",0,,FanmadeLetsPlay; PokeBazi; PresentLP; Raizor,Coldlauncher; Pokebassis; Prekani,data/manual/team_pokemon_usage.csv;https://docs.google.com/spreadsheets/d/11wxsKyCydVmDjp4kGLJAOLPM_LgwCLN2GYpbDQkNtkk/edit#gid=1588964432;https://docs.google.com/spreadsheets/d/11wxsKyCydVmDjp4kGLJAOLPM_LgwCLN2GYpbDQkNtkk/edit#gid=654435343;https://docs.google.com/spreadsheets/d/1FUsClf5qEny-BHY5Djp8rIwRJKBSJDvygJ8LBa62FEo/edit#gid=0;https://docs.google.com/spreadsheets/d/1JZpA-5XDldN2bjfvhvBPHYK-1AENETLnF1UxNEpWlNA/edit#gid=352888197;output/team-graphics/s3/GPL Teams Spieltag 14 (1).jpg;output/team-graphics/s4/Prekani - PresentLP.png
Washakwil,washakwil,7,33,0,33,4,"Season 3, Season 4, Season 7, Season 8",0,,KingBlex; Minetube; Raizor; Tabasco TV,Aggron Berlin; Triyolotree; Unbound Zoroarks,data/manual/team_pokemon_usage.csv;https://docs.google.com/spreadsheets/d/1B2uTMvWlAHb7WlpupJV1A2Hbi3K3U1vCyoFV0wCapcw/edit#gid=1846395979;https://docs.google.com/spreadsheets/d/1JZpA-5XDldN2bjfvhvBPHYK-1AENETLnF1UxNEpWlNA/edit#gid=352888197;https://docs.google.com/spreadsheets/d/1nwiq_ggEj7QePeZGMR2xoi0bEHJr_ZGO24YCRdt93No/edit#gid=857670931;output/team-graphics/s3/GPL Teams Spieltag 14 (1).jpg;output/team-graphics/s4/Minetube - Triyolotree.png
Brockoloss,brockoloss,31,32,0,32,5,"Season 5, Season 6, Season 7, Season 8, Season 9",0,,Art'n'Gaming; KingBlex; OGDNZ; Raizor; glebber,Energie Tobutz; Little Litleos; Soulstealer; Toon World,data/manual/team_pokemon_usage.csv;https://docs.google.com/spreadsheets/d/11wxsKyCydVmDjp4kGLJAOLPM_LgwCLN2GYpbDQkNtkk/edit#gid=654435343;https://docs.google.com/spreadsheets/d/1B2uTMvWlAHb7WlpupJV1A2Hbi3K3U1vCyoFV0wCapcw/edit#gid=1846395979;https://docs.google.com/spreadsheets/d/1JZpA-5XDldN2bjfvhvBPHYK-1AENETLnF1UxNEpWlNA/edit#gid=352888197;https://docs.google.com/spreadsheets/d/1nwiq_ggEj7QePeZGMR2xoi0bEHJr_ZGO24YCRdt93No/edit#gid=857670931;https://docs.google.com/spreadsheets/d/1uo7-E_E2jbehB2hbBurpPayP_0fKY5sPZcFgZmfLydY/edit#gid=1526488506;https://docs.google.com/spreadsheets/d/1uo7-E_E2jbehB2hbBurpPayP_0fKY5sPZcFgZmfLydY/edit#gid=1696255979;https://docs.google.com/spreadsheets/d/1uo7-E_E2jbehB2hbBurpPayP_0fKY5sPZcFgZmfLydY/edit#gid=520178140;output/team-graphics/s5/Energie Tobutz.png
Sniebel,sniebel,18,32,0,32,7,"Season 3, Season 4, Season 5, Season 6, Season 7, Season 8, Season 9",0,,Barry D. Sin of Speed; Blocki; Hydronic; Lauris; Nestfloh; Oktopaul; PresentLP; Raizor,Enteikutierung; Petalburg Panchams; PrekaKnight; Schleudergang; Soulstealer; Voltwizards,data/manual/pokemon_killlists.csv;data/manual/team_pokemon_usage.csv;https://docs.google.com/spreadsheets/d/11wxsKyCydVmDjp4kGLJAOLPM_LgwCLN2GYpbDQkNtkk/edit#gid=1588964432;https://docs.google.com/spreadsheets/d/11wxsKyCydVmDjp4kGLJAOLPM_LgwCLN2GYpbDQkNtkk/edit#gid=654435343;https://docs.google.com/spreadsheets/d/1B2uTMvWlAHb7WlpupJV1A2Hbi3K3U1vCyoFV0wCapcw/edit#gid=1846395979;https://docs.google.com/spreadsheets/d/1B2uTMvWlAHb7WlpupJV1A2Hbi3K3U1vCyoFV0wCapcw/edit#gid=26363830;https://docs.google.com/spreadsheets/d/1JZpA-5XDldN2bjfvhvBPHYK-1AENETLnF1UxNEpWlNA/edit#gid=352888197;https://docs.google.com/spreadsheets/d/1nwiq_ggEj7QePeZGMR2xoi0bEHJr_ZGO24YCRdt93No/edit#gid=857670931;https://docs.google.com/spreadsheets/d/1uo7-E_E2jbehB2hbBurpPayP_0fKY5sPZcFgZmfLydY/edit#gid=1526488506;https://docs.google.com/spreadsheets/d/1uo7-E_E2jbehB2hbBurpPayP_0fKY5sPZcFgZmfLydY/edit#gid=1696255979;https://docs.google.com/spreadsheets/d/1uo7-E_E2jbehB2hbBurpPayP_0fKY5sPZcFgZmfLydY/edit#gid=520178140;output/team-graphics/s3/GPL Teams Spieltag 14 (1).jpg;output/team-graphics/s5/SoulStealer.png
Lumiflora,lumiflora,18,32,9,23,1,Season 10,0,,Nestfloh,Böller Brüder,https://docs.google.com/spreadsheets/d/13smsrG2BGYxr_omJWcgr-sUDr39bvOJPNL5RPt4DSow/edit#gid=1934543062;https://docs.google.com/spreadsheets/d/13smsrG2BGYxr_omJWcgr-sUDr39bvOJPNL5RPt4DSow/edit#gid=71150222
Golgantes,golgantes,17,31,0,31,5,"Season 2, Season 5, Season 7, Season 8, Season 10",0,,Art'n'Gaming; Barry D. Sin of Speed; PokeBazi; Raizor; Snomnie,Corvi Crushers; Marvelous Speedsters; Therapiepi,data/manual/team_pokemon_usage.csv;https://docs.google.com/spreadsheets/d/13smsrG2BGYxr_omJWcgr-sUDr39bvOJPNL5RPt4DSow/edit#gid=1934543062;https://docs.google.com/spreadsheets/d/1B2uTMvWlAHb7WlpupJV1A2Hbi3K3U1vCyoFV0wCapcw/edit#gid=1846395979;https://docs.google.com/spreadsheets/d/1FUsClf5qEny-BHY5Djp8rIwRJKBSJDvygJ8LBa62FEo/edit#gid=0;https://docs.google.com/spreadsheets/d/1JZpA-5XDldN2bjfvhvBPHYK-1AENETLnF1UxNEpWlNA/edit#gid=352888197;https://docs.google.com/spreadsheets/d/1nwiq_ggEj7QePeZGMR2xoi0bEHJr_ZGO24YCRdt93No/edit#gid=857670931;output/team-graphics/s5/Marvelous Speedsters.png
Mamolida,mamolida,0,31,0,31,3,"Season 2, Season 3, Season 6",0,,Art'n'Gaming; Bene; BlackLink; LightGaming; Parsifani; Raizor; WolvX,Kleinsteins;Gate; Majora's Maskeregen; Unbound Zoroarks,data/manual/pokemon_killlists.csv;https://docs.google.com/spreadsheets/d/11wxsKyCydVmDjp4kGLJAOLPM_LgwCLN2GYpbDQkNtkk/edit#gid=1588964432;https://docs.google.com/spreadsheets/d/11wxsKyCydVmDjp4kGLJAOLPM_LgwCLN2GYpbDQkNtkk/edit#gid=654435343;https://docs.google.com/spreadsheets/d/1FUsClf5qEny-BHY5Djp8rIwRJKBSJDvygJ8LBa62FEo/edit#gid=0;https://docs.google.com/spreadsheets/d/1JZpA-5XDldN2bjfvhvBPHYK-1AENETLnF1UxNEpWlNA/edit#gid=352888197;https://docs.google.com/spreadsheets/d/1odsNRAZStW1GzmpXwmg27dqjOlch7w8syZOZ5Z2OQRg/edit#gid=0
Rihornior,rihornior,6,31,0,31,6,"Season 1, Season 3, Season 4, Season 6, Season 7, Season 8",0,,Bene; Lauris; Nestfloh; Raizor; Silva; Tabasco TV,Aggron Berlin; Enteikutierung; Flutschige Zäpfchen; Schleudergang; Unlimited Blade Works*¹,data/manual/team_pokemon_usage.csv;https://docs.google.com/spreadsheets/d/11wxsKyCydVmDjp4kGLJAOLPM_LgwCLN2GYpbDQkNtkk/edit#gid=1588964432;https://docs.google.com/spreadsheets/d/11wxsKyCydVmDjp4kGLJAOLPM_LgwCLN2GYpbDQkNtkk/edit#gid=1843013406;https://docs.google.com/spreadsheets/d/11wxsKyCydVmDjp4kGLJAOLPM_LgwCLN2GYpbDQkNtkk/edit#gid=654435343;https://docs.google.com/spreadsheets/d/1B2uTMvWlAHb7WlpupJV1A2Hbi3K3U1vCyoFV0wCapcw/edit#gid=1846395979;https://docs.google.com/spreadsheets/d/1JZpA-5XDldN2bjfvhvBPHYK-1AENETLnF1UxNEpWlNA/edit#gid=352888197;https://docs.google.com/spreadsheets/d/1kiwDk4NgYoKb0Oo9yqzwl9HXHxuQ_0I5gkb1JtE57PI/edit#gid=0;https://docs.google.com/spreadsheets/d/1nwiq_ggEj7QePeZGMR2xoi0bEHJr_ZGO24YCRdt93No/edit#gid=857670931;output/team-graphics/s3/GPL Teams Spieltag 14 (2).jpg;output/team-graphics/s4/Enteikutierung - Lauris Enteitainment.png
Despotar,despotar,17,31,8,23,4,"Season 1, Season 2, Season 3, Season 10",0,,Minetube; PresentLP; RegiBang; Scherany; Shiro,Glorious Emperors; Throes Mad,data/manual/pokemon_killlists.csv;https://docs.google.com/spreadsheets/d/13smsrG2BGYxr_omJWcgr-sUDr39bvOJPNL5RPt4DSow/edit#gid=1934543062;https://docs.google.com/spreadsheets/d/13smsrG2BGYxr_omJWcgr-sUDr39bvOJPNL5RPt4DSow/edit#gid=71150222;https://docs.google.com/spreadsheets/d/1FUsClf5qEny-BHY5Djp8rIwRJKBSJDvygJ8LBa62FEo/edit#gid=0;https://docs.google.com/spreadsheets/d/1JZpA-5XDldN2bjfvhvBPHYK-1AENETLnF1UxNEpWlNA/edit#gid=352888197;https://docs.google.com/spreadsheets/d/1kiwDk4NgYoKb0Oo9yqzwl9HXHxuQ_0I5gkb1JtE57PI/edit#gid=0
Eisenhaupt,eisenhaupt,16,31,8,23,1,Season 10,0,,Raizor,Unbound Soul,https://docs.google.com/spreadsheets/d/13smsrG2BGYxr_omJWcgr-sUDr39bvOJPNL5RPt4DSow/edit#gid=1934543062;https://docs.google.com/spreadsheets/d/13smsrG2BGYxr_omJWcgr-sUDr39bvOJPNL5RPt4DSow/edit#gid=71150222
Galagladi,galagladi,7,30,0,30,6,"Season 1, Season 2, Season 4, Season 6, Season 7, Season 8",0,,Cabgolord; Fnupa; Hydronic; PokeBazi; RegiBang,Launching Dragapults; Pokebassis; Slicing Knights,data/manual/team_pokemon_usage.csv;https://docs.google.com/spreadsheets/d/11wxsKyCydVmDjp4kGLJAOLPM_LgwCLN2GYpbDQkNtkk/edit#gid=1588964432;https://docs.google.com/spreadsheets/d/11wxsKyCydVmDjp4kGLJAOLPM_LgwCLN2GYpbDQkNtkk/edit#gid=654435343;https://docs.google.com/spreadsheets/d/1B2uTMvWlAHb7WlpupJV1A2Hbi3K3U1vCyoFV0wCapcw/edit#gid=26363830;https://docs.google.com/spreadsheets/d/1FUsClf5qEny-BHY5Djp8rIwRJKBSJDvygJ8LBa62FEo/edit#gid=0;https://docs.google.com/spreadsheets/d/1JZpA-5XDldN2bjfvhvBPHYK-1AENETLnF1UxNEpWlNA/edit#gid=352888197;https://docs.google.com/spreadsheets/d/1kiwDk4NgYoKb0Oo9yqzwl9HXHxuQ_0I5gkb1JtE57PI/edit#gid=0;https://docs.google.com/spreadsheets/d/1nwiq_ggEj7QePeZGMR2xoi0bEHJr_ZGO24YCRdt93No/edit#gid=857670931;output/team-graphics/s4/Slicing Knights - Cabgolord.png
Mega-Garados,mega garados,0,30,0,30,3,"Season 2, Season 4, Season 6",0,,CaptainCrinch; Lets Kayze; Tabasco TV,Aggron Berlin; Suicide Squad,data/manual/team_pokemon_usage.csv;https://docs.google.com/spreadsheets/d/11wxsKyCydVmDjp4kGLJAOLPM_LgwCLN2GYpbDQkNtkk/edit#gid=654435343;https://docs.google.com/spreadsheets/d/1JZpA-5XDldN2bjfvhvBPHYK-1AENETLnF1UxNEpWlNA/edit#gid=352888197;https://docs.google.com/spreadsheets/d/1odsNRAZStW1GzmpXwmg27dqjOlch7w8syZOZ5Z2OQRg/edit#gid=0;output/team-graphics/s4/Suicide Squad - CaptainCrinch.png
Tandrak,tandrak,14,30,0,30,4,"Season 2, Season 6, Season 8, Season 9",0,,Bene; Blocki; Kuchenjaeger; Nestfloh; PresentLP,Kleinsteins;Gate; Voltwizards,https://docs.google.com/spreadsheets/d/11wxsKyCydVmDjp4kGLJAOLPM_LgwCLN2GYpbDQkNtkk/edit#gid=1843013406;https://docs.google.com/spreadsheets/d/11wxsKyCydVmDjp4kGLJAOLPM_LgwCLN2GYpbDQkNtkk/edit#gid=654435343;https://docs.google.com/spreadsheets/d/1B2uTMvWlAHb7WlpupJV1A2Hbi3K3U1vCyoFV0wCapcw/edit#gid=26363830;https://docs.google.com/spreadsheets/d/1FUsClf5qEny-BHY5Djp8rIwRJKBSJDvygJ8LBa62FEo/edit#gid=0;https://docs.google.com/spreadsheets/d/1uo7-E_E2jbehB2hbBurpPayP_0fKY5sPZcFgZmfLydY/edit#gid=1526488506;https://docs.google.com/spreadsheets/d/1uo7-E_E2jbehB2hbBurpPayP_0fKY5sPZcFgZmfLydY/edit#gid=1696255979;https://docs.google.com/spreadsheets/d/1uo7-E_E2jbehB2hbBurpPayP_0fKY5sPZcFgZmfLydY/edit#gid=520178140
Alola-Raichu,alola raichu,21,30,1,29,6,"Season 4, Season 6, Season 7, Season 8, Season 9, Season 10",0,,Barry D. Sin of Speed; BlackLink; PresentLP; Raizor; RegiBang,Flexing Masskito; Nose to Order; Nova Dragons; Soulblaze,data/manual/team_pokemon_usage.csv;https://docs.google.com/spreadsheets/d/11wxsKyCydVmDjp4kGLJAOLPM_LgwCLN2GYpbDQkNtkk/edit#gid=1588964432;https://docs.google.com/spreadsheets/d/13smsrG2BGYxr_omJWcgr-sUDr39bvOJPNL5RPt4DSow/edit#gid=71150222;https://docs.google.com/spreadsheets/d/1B2uTMvWlAHb7WlpupJV1A2Hbi3K3U1vCyoFV0wCapcw/edit#gid=1846395979;https://docs.google.com/spreadsheets/d/1B2uTMvWlAHb7WlpupJV1A2Hbi3K3U1vCyoFV0wCapcw/edit#gid=26363830;https://docs.google.com/spreadsheets/d/1JZpA-5XDldN2bjfvhvBPHYK-1AENETLnF1UxNEpWlNA/edit#gid=352888197;https://docs.google.com/spreadsheets/d/1nwiq_ggEj7QePeZGMR2xoi0bEHJr_ZGO24YCRdt93No/edit#gid=857670931;https://docs.google.com/spreadsheets/d/1uo7-E_E2jbehB2hbBurpPayP_0fKY5sPZcFgZmfLydY/edit#gid=1526488506;https://docs.google.com/spreadsheets/d/1uo7-E_E2jbehB2hbBurpPayP_0fKY5sPZcFgZmfLydY/edit#gid=1696255979;https://docs.google.com/spreadsheets/d/1uo7-E_E2jbehB2hbBurpPayP_0fKY5sPZcFgZmfLydY/edit#gid=520178140;output/team-graphics/s4/Flexing Masskito - RegiBang.png
Mew [Totgeburt],mew,16,30,7,23,2,"Season 2, Season 10",0,,CaptainCrinch; Minetube; Raikani,Throes Mad,https://docs.google.com/spreadsheets/d/13smsrG2BGYxr_omJWcgr-sUDr39bvOJPNL5RPt4DSow/edit#gid=1934543062;https://docs.google.com/spreadsheets/d/13smsrG2BGYxr_omJWcgr-sUDr39bvOJPNL5RPt4DSow/edit#gid=71150222;https://docs.google.com/spreadsheets/d/1odsNRAZStW1GzmpXwmg27dqjOlch7w8syZOZ5Z2OQRg/edit#gid=0
Keifel,keifel,24,29,0,29,7,"Season 3, Season 4, Season 5, Season 6, Season 7, Season 8, Season 9",0,,Barry D. Sin of Speed; BlackLink; ElektechN9ne; Lauris; Parsifani; PresentLP; RegiBang,Aggron Successors*; Elekid's Club; Enteigeddon*³ **¹; Enteikutierung; Majora's Maskeregen; Royal Bluff; Tectass Toppas,data/manual/pokemon_killlists.csv;data/manual/team_pokemon_usage.csv;https://docs.google.com/spreadsheets/d/11wxsKyCydVmDjp4kGLJAOLPM_LgwCLN2GYpbDQkNtkk/edit#gid=1588964432;https://docs.google.com/spreadsheets/d/11wxsKyCydVmDjp4kGLJAOLPM_LgwCLN2GYpbDQkNtkk/edit#gid=1843013406;https://docs.google.com/spreadsheets/d/1B2uTMvWlAHb7WlpupJV1A2Hbi3K3U1vCyoFV0wCapcw/edit#gid=1846395979;https://docs.google.com/spreadsheets/d/1B2uTMvWlAHb7WlpupJV1A2Hbi3K3U1vCyoFV0wCapcw/edit#gid=26363830;https://docs.google.com/spreadsheets/d/1JZpA-5XDldN2bjfvhvBPHYK-1AENETLnF1UxNEpWlNA/edit#gid=352888197;https://docs.google.com/spreadsheets/d/1nwiq_ggEj7QePeZGMR2xoi0bEHJr_ZGO24YCRdt93No/edit#gid=857670931;https://docs.google.com/spreadsheets/d/1uo7-E_E2jbehB2hbBurpPayP_0fKY5sPZcFgZmfLydY/edit#gid=1526488506;https://docs.google.com/spreadsheets/d/1uo7-E_E2jbehB2hbBurpPayP_0fKY5sPZcFgZmfLydY/edit#gid=1696255979;https://docs.google.com/spreadsheets/d/1uo7-E_E2jbehB2hbBurpPayP_0fKY5sPZcFgZmfLydY/edit#gid=520178140;output/team-graphics/s3/GPL Teams Spieltag 14 (2).jpg;output/team-graphics/s5/Aggron Berlin.png
Rotom,rotom,14,29,0,29,8,"Season 3, Season 4, Season 5, Season 6, Season 7, Season 8, Season 9, Season 10",3,"Season 4, Season 7, Season 9",BelmontGabriel; Bene; Blocki; ElektechN9ne; Nestfloh; PokeBazi; RegiBang; glebber,Energie Tobutz; Flutschige Zäpfchen; Glorious Emperors; Kastanienbomber; Kleinsteins;Gate; Pokebassis; Ritter der Tapukokosnuss; Victory Instinct,data/manual/pokemon_killlists.csv;data/manual/team_pokemon_usage.csv;https://docs.google.com/spreadsheets/d/11wxsKyCydVmDjp4kGLJAOLPM_LgwCLN2GYpbDQkNtkk/edit#gid=1588964432;https://docs.google.com/spreadsheets/d/11wxsKyCydVmDjp4kGLJAOLPM_LgwCLN2GYpbDQkNtkk/edit#gid=1843013406;https://docs.google.com/spreadsheets/d/11wxsKyCydVmDjp4kGLJAOLPM_LgwCLN2GYpbDQkNtkk/edit#gid=654435343;https://docs.google.com/spreadsheets/d/13smsrG2BGYxr_omJWcgr-sUDr39bvOJPNL5RPt4DSow/edit#gid=1934543062;https://docs.google.com/spreadsheets/d/1B2uTMvWlAHb7WlpupJV1A2Hbi3K3U1vCyoFV0wCapcw/edit#gid=26363830;https://docs.google.com/spreadsheets/d/1JZpA-5XDldN2bjfvhvBPHYK-1AENETLnF1UxNEpWlNA/edit#gid=352888197;https://docs.google.com/spreadsheets/d/1nwiq_ggEj7QePeZGMR2xoi0bEHJr_ZGO24YCRdt93No/edit#gid=1953934700;https://docs.google.com/spreadsheets/d/1nwiq_ggEj7QePeZGMR2xoi0bEHJr_ZGO24YCRdt93No/edit#gid=857670931;https://docs.google.com/spreadsheets/d/1rZd3D0JRNj3lK0ZKdMXPLvCNBofRhFsvW0AlPuBk3VE/edit#gid=0;https://docs.google.com/spreadsheets/d/1uo7-E_E2jbehB2hbBurpPayP_0fKY5sPZcFgZmfLydY/edit#gid=1526488506;https://docs.google.com/spreadsheets/d/1uo7-E_E2jbehB2hbBurpPayP_0fKY5sPZcFgZmfLydY/edit#gid=1696255979;https://docs.google.com/spreadsheets/d/1uo7-E_E2jbehB2hbBurpPayP_0fKY5sPZcFgZmfLydY/edit#gid=1953155019;https://docs.google.com/spreadsheets/d/1uo7-E_E2jbehB2hbBurpPayP_0fKY5sPZcFgZmfLydY/edit#gid=520178140;output/team-graphics/s4/Ritter der Tapukokosnuss - FullLifeGames.png;output/team-graphics/s5/Energie Tobutz.png
Lavados,lavados,26,29,6,23,5,"Season 5, Season 6, Season 8, Season 9, Season 10",0,,Bene; Dauni Daunstar; Nestfloh; PokeBazi; PresentLP; Raizor,Böller Brüder; Pokebassis; Soulblaze; Victini Bottom,data/manual/team_pokemon_usage.csv;https://docs.google.com/spreadsheets/d/11wxsKyCydVmDjp4kGLJAOLPM_LgwCLN2GYpbDQkNtkk/edit#gid=1588964432;https://docs.google.com/spreadsheets/d/11wxsKyCydVmDjp4kGLJAOLPM_LgwCLN2GYpbDQkNtkk/edit#gid=654435343;https://docs.google.com/spreadsheets/d/13smsrG2BGYxr_omJWcgr-sUDr39bvOJPNL5RPt4DSow/edit#gid=1934543062;https://docs.google.com/spreadsheets/d/13smsrG2BGYxr_omJWcgr-sUDr39bvOJPNL5RPt4DSow/edit#gid=71150222;https://docs.google.com/spreadsheets/d/1B2uTMvWlAHb7WlpupJV1A2Hbi3K3U1vCyoFV0wCapcw/edit#gid=26363830;https://docs.google.com/spreadsheets/d/1JZpA-5XDldN2bjfvhvBPHYK-1AENETLnF1UxNEpWlNA/edit#gid=352888197;https://docs.google.com/spreadsheets/d/1uo7-E_E2jbehB2hbBurpPayP_0fKY5sPZcFgZmfLydY/edit#gid=1526488506;https://docs.google.com/spreadsheets/d/1uo7-E_E2jbehB2hbBurpPayP_0fKY5sPZcFgZmfLydY/edit#gid=1696255979;https://docs.google.com/spreadsheets/d/1uo7-E_E2jbehB2hbBurpPayP_0fKY5sPZcFgZmfLydY/edit#gid=520178140;output/team-graphics/s5/Victini Bottom.png
Starmie,starmie,0,28,0,28,2,"Season 2, Season 3",0,,Kuchenjaeger; Minetube; PokeBree; PresentLP,Triyolotree,data/manual/team_pokemon_usage.csv;https://docs.google.com/spreadsheets/d/1FUsClf5qEny-BHY5Djp8rIwRJKBSJDvygJ8LBa62FEo/edit#gid=0;https://docs.google.com/spreadsheets/d/1JZpA-5XDldN2bjfvhvBPHYK-1AENETLnF1UxNEpWlNA/edit#gid=352888197;https://docs.google.com/spreadsheets/d/1odsNRAZStW1GzmpXwmg27dqjOlch7w8syZOZ5Z2OQRg/edit#gid=0;output/team-graphics/s3/GPL Teams Spieltag 14 (2).jpg
Togekiss,togekiss,20,28,0,28,6,"Season 1, Season 2, Season 3, Season 6, Season 7, Season 9",0,,ElektechN9ne; Maxi von Vogel; Minetube; Morbol; PokeBazi; Pokgalaxy; Shiro; SpeedEevee,Elekid's Club; Fen and Gator; Krebuknackis; Triyolotree,data/manual/pokemon_killlists.csv;https://docs.google.com/spreadsheets/d/11wxsKyCydVmDjp4kGLJAOLPM_LgwCLN2GYpbDQkNtkk/edit#gid=1588964432;https://docs.google.com/spreadsheets/d/11wxsKyCydVmDjp4kGLJAOLPM_LgwCLN2GYpbDQkNtkk/edit#gid=654435343;https://docs.google.com/spreadsheets/d/1FUsClf5qEny-BHY5Djp8rIwRJKBSJDvygJ8LBa62FEo/edit#gid=0;https://docs.google.com/spreadsheets/d/1JZpA-5XDldN2bjfvhvBPHYK-1AENETLnF1UxNEpWlNA/edit#gid=352888197;https://docs.google.com/spreadsheets/d/1kiwDk4NgYoKb0Oo9yqzwl9HXHxuQ_0I5gkb1JtE57PI/edit#gid=0;https://docs.google.com/spreadsheets/d/1nwiq_ggEj7QePeZGMR2xoi0bEHJr_ZGO24YCRdt93No/edit#gid=857670931;https://docs.google.com/spreadsheets/d/1odsNRAZStW1GzmpXwmg27dqjOlch7w8syZOZ5Z2OQRg/edit#gid=0;https://docs.google.com/spreadsheets/d/1uo7-E_E2jbehB2hbBurpPayP_0fKY5sPZcFgZmfLydY/edit#gid=1526488506;https://docs.google.com/spreadsheets/d/1uo7-E_E2jbehB2hbBurpPayP_0fKY5sPZcFgZmfLydY/edit#gid=1696255979;https://docs.google.com/spreadsheets/d/1uo7-E_E2jbehB2hbBurpPayP_0fKY5sPZcFgZmfLydY/edit#gid=520178140
Zygarde-50,zygarde 50,0,28,0,28,3,"Season 4, Season 5, Season 6",0,,Bene; Craycom; PokeBazi,Schnittlauchs; Strubbelohr Bande; Victini Bottom,data/manual/pokemon_killlists.csv;data/manual/team_pokemon_usage.csv;https://docs.google.com/spreadsheets/d/11wxsKyCydVmDjp4kGLJAOLPM_LgwCLN2GYpbDQkNtkk/edit#gid=1843013406;https://docs.google.com/spreadsheets/d/1JZpA-5XDldN2bjfvhvBPHYK-1AENETLnF1UxNEpWlNA/edit#gid=352888197
Grypheldis,grypheldis,35,27,0,27,9,"Season 1, Season 2, Season 3, Season 4, Season 6, Season 7, Season 8, Season 9, Season 10",0,,Art'n'Gaming; CaptainCrinch; Craycom; Dauni Daunstar; Hydronic; KingBlex; Lauris; Nestfloh; OGDNZ; SurskitTV,Baltoy Story; Enteigeddon*³ **¹; Grippebärchen; Pyroars of the Carribean; Squid Squad; Strubbelohr Bande; Toon World,data/manual/pokemon_killlists.csv;data/manual/team_pokemon_usage.csv;https://docs.google.com/spreadsheets/d/11wxsKyCydVmDjp4kGLJAOLPM_LgwCLN2GYpbDQkNtkk/edit#gid=1588964432;https://docs.google.com/spreadsheets/d/11wxsKyCydVmDjp4kGLJAOLPM_LgwCLN2GYpbDQkNtkk/edit#gid=1843013406;https://docs.google.com/spreadsheets/d/13smsrG2BGYxr_omJWcgr-sUDr39bvOJPNL5RPt4DSow/edit#gid=1934543062;https://docs.google.com/spreadsheets/d/13smsrG2BGYxr_omJWcgr-sUDr39bvOJPNL5RPt4DSow/edit#gid=71150222;https://docs.google.com/spreadsheets/d/1B2uTMvWlAHb7WlpupJV1A2Hbi3K3U1vCyoFV0wCapcw/edit#gid=26363830;https://docs.google.com/spreadsheets/d/1JZpA-5XDldN2bjfvhvBPHYK-1AENETLnF1UxNEpWlNA/edit#gid=352888197;https://docs.google.com/spreadsheets/d/1kiwDk4NgYoKb0Oo9yqzwl9HXHxuQ_0I5gkb1JtE57PI/edit#gid=0;https://docs.google.com/spreadsheets/d/1nwiq_ggEj7QePeZGMR2xoi0bEHJr_ZGO24YCRdt93No/edit#gid=857670931;https://docs.google.com/spreadsheets/d/1odsNRAZStW1GzmpXwmg27dqjOlch7w8syZOZ5Z2OQRg/edit#gid=0;https://docs.google.com/spreadsheets/d/1uo7-E_E2jbehB2hbBurpPayP_0fKY5sPZcFgZmfLydY/edit#gid=1526488506;https://docs.google.com/spreadsheets/d/1uo7-E_E2jbehB2hbBurpPayP_0fKY5sPZcFgZmfLydY/edit#gid=1696255979;https://docs.google.com/spreadsheets/d/1uo7-E_E2jbehB2hbBurpPayP_0fKY5sPZcFgZmfLydY/edit#gid=520178140;output/team-graphics/s3/GPL Teams Spieltag 14 (2).jpg
Mega-Meditalis,mega meditalis,0,27,0,27,2,"Season 5, Season 6",1,Season 5,BraveBird; Lauris,Shockwaving Magearnas; Youngstars,data/manual/team_pokemon_usage.csv;https://docs.google.com/spreadsheets/d/11wxsKyCydVmDjp4kGLJAOLPM_LgwCLN2GYpbDQkNtkk/edit#gid=1588964432;https://docs.google.com/spreadsheets/d/11wxsKyCydVmDjp4kGLJAOLPM_LgwCLN2GYpbDQkNtkk/edit#gid=654435343;https://docs.google.com/spreadsheets/d/1JZpA-5XDldN2bjfvhvBPHYK-1AENETLnF1UxNEpWlNA/edit#gid=352888197;https://docs.google.com/spreadsheets/d/1nONaKwJcrN04APGKN-HrZ8yavwZdFkfnaA59Zp1sdBU/edit#gid=1708603996;output/team-graphics/s5/Shockwaving Magearnas.png
Tentantel,tentantel,4,27,0,27,4,"Season 2, Season 5, Season 6, Season 7",0,,CaptainCrinch; Lets Kayze; RegiBang; glebber,Crinchilla; Energie Tobutz; Launching Dragapults,data/manual/team_pokemon_usage.csv;https://docs.google.com/spreadsheets/d/11wxsKyCydVmDjp4kGLJAOLPM_LgwCLN2GYpbDQkNtkk/edit#gid=1843013406;https://docs.google.com/spreadsheets/d/1JZpA-5XDldN2bjfvhvBPHYK-1AENETLnF1UxNEpWlNA/edit#gid=352888197;https://docs.google.com/spreadsheets/d/1nwiq_ggEj7QePeZGMR2xoi0bEHJr_ZGO24YCRdt93No/edit#gid=857670931;https://docs.google.com/spreadsheets/d/1odsNRAZStW1GzmpXwmg27dqjOlch7w8syZOZ5Z2OQRg/edit#gid=0;output/team-graphics/s5/Energie Tobutz.png
Tentoxa,tentoxa,22,27,0,27,6,"Season 1, Season 2, Season 4, Season 5, Season 8, Season 10",0,,DaumenkinoLP; ElektechN9ne; KingBlex; Morbol; Parsifani; PokeBree; Raizor; RegiBang,Aggron Successors*; Cyber End Jugulis; Flexing Masskito,data/manual/team_pokemon_usage.csv;https://docs.google.com/spreadsheets/d/13smsrG2BGYxr_omJWcgr-sUDr39bvOJPNL5RPt4DSow/edit#gid=1934543062;https://docs.google.com/spreadsheets/d/1B2uTMvWlAHb7WlpupJV1A2Hbi3K3U1vCyoFV0wCapcw/edit#gid=1846395979;https://docs.google.com/spreadsheets/d/1B2uTMvWlAHb7WlpupJV1A2Hbi3K3U1vCyoFV0wCapcw/edit#gid=26363830;https://docs.google.com/spreadsheets/d/1FUsClf5qEny-BHY5Djp8rIwRJKBSJDvygJ8LBa62FEo/edit#gid=0;https://docs.google.com/spreadsheets/d/1JZpA-5XDldN2bjfvhvBPHYK-1AENETLnF1UxNEpWlNA/edit#gid=352888197;https://docs.google.com/spreadsheets/d/1kiwDk4NgYoKb0Oo9yqzwl9HXHxuQ_0I5gkb1JtE57PI/edit#gid=0;https://docs.google.com/spreadsheets/d/1odsNRAZStW1GzmpXwmg27dqjOlch7w8syZOZ5Z2OQRg/edit#gid=0;output/team-graphics/s4/Flexing Masskito - RegiBang.png;output/team-graphics/s5/Aggron Berlin.png
Forstellka,forstellka,0,26,0,26,5,"Season 1, Season 2, Season 4, Season 5, Season 6",0,,Art'n'Gaming; Barry D. Sin of Speed; Bene; Cabgolord; DaumenkinoLP; DirtyD64; FanmadeLetsPlay; LightGaming; Minetube; Oktopaul; PresentLP; Raikani; Raizor; RegiBang; Scoutley; WolvX,Kleinsteins;Gate; Marvelous Speedsters; Pyroars of the Carribean; Rising Delibirds,data/manual/pokemon_killlists.csv;data/manual/team_pokemon_usage.csv;https://docs.google.com/spreadsheets/d/11wxsKyCydVmDjp4kGLJAOLPM_LgwCLN2GYpbDQkNtkk/edit#gid=1588964432;https://docs.google.com/spreadsheets/d/11wxsKyCydVmDjp4kGLJAOLPM_LgwCLN2GYpbDQkNtkk/edit#gid=1843013406;https://docs.google.com/spreadsheets/d/1FUsClf5qEny-BHY5Djp8rIwRJKBSJDvygJ8LBa62FEo/edit#gid=0;https://docs.google.com/spreadsheets/d/1JZpA-5XDldN2bjfvhvBPHYK-1AENETLnF1UxNEpWlNA/edit#gid=352888197;https://docs.google.com/spreadsheets/d/1kiwDk4NgYoKb0Oo9yqzwl9HXHxuQ_0I5gkb1JtE57PI/edit#gid=0;https://docs.google.com/spreadsheets/d/1odsNRAZStW1GzmpXwmg27dqjOlch7w8syZOZ5Z2OQRg/edit#gid=0;output/team-graphics/s5/Marvelous Speedsters.png
Meloetta,meloetta,4,26,0,26,5,"Season 1, Season 3, Season 4, Season 5, Season 10",0,,Art'n'Gaming; CrowdController; Minetube; PokeBazi; Snomnie,Corvi Crushers; Krebuknackis; Triyolotree; Variant Vulpix,data/manual/pokemon_killlists.csv;data/manual/team_pokemon_usage.csv;https://docs.google.com/spreadsheets/d/13smsrG2BGYxr_omJWcgr-sUDr39bvOJPNL5RPt4DSow/edit#gid=1934543062;https://docs.google.com/spreadsheets/d/1JZpA-5XDldN2bjfvhvBPHYK-1AENETLnF1UxNEpWlNA/edit#gid=352888197;https://docs.google.com/spreadsheets/d/1kiwDk4NgYoKb0Oo9yqzwl9HXHxuQ_0I5gkb1JtE57PI/edit#gid=0;output/team-graphics/s3/GPL Teams Spieltag 14 (1).jpg;output/team-graphics/s4/Variant Vulpix - CrowdController.png
Porygon-Z,porygon z,25,26,0,26,5,"Season 2, Season 5, Season 8, Season 9, Season 10",0,,BlackLink; Dauni Daunstar; Hydronic; KingBlex; Raizor; SurskitTV,Cyber End Jugulis; Scherzkekse; Soulstealer,data/manual/pokemon_killlists.csv;https://docs.google.com/spreadsheets/d/13smsrG2BGYxr_omJWcgr-sUDr39bvOJPNL5RPt4DSow/edit#gid=1934543062;https://docs.google.com/spreadsheets/d/1B2uTMvWlAHb7WlpupJV1A2Hbi3K3U1vCyoFV0wCapcw/edit#gid=1846395979;https://docs.google.com/spreadsheets/d/1B2uTMvWlAHb7WlpupJV1A2Hbi3K3U1vCyoFV0wCapcw/edit#gid=26363830;https://docs.google.com/spreadsheets/d/1FUsClf5qEny-BHY5Djp8rIwRJKBSJDvygJ8LBa62FEo/edit#gid=0;https://docs.google.com/spreadsheets/d/1JZpA-5XDldN2bjfvhvBPHYK-1AENETLnF1UxNEpWlNA/edit#gid=352888197;https://docs.google.com/spreadsheets/d/1uo7-E_E2jbehB2hbBurpPayP_0fKY5sPZcFgZmfLydY/edit#gid=1526488506;https://docs.google.com/spreadsheets/d/1uo7-E_E2jbehB2hbBurpPayP_0fKY5sPZcFgZmfLydY/edit#gid=1696255979;https://docs.google.com/spreadsheets/d/1uo7-E_E2jbehB2hbBurpPayP_0fKY5sPZcFgZmfLydY/edit#gid=520178140
Ogerpon-Gestein,ogerpon gestein,23,26,12,14,1,Season 10,1,Season 10,Bene,Wackel Backel,https://docs.google.com/spreadsheets/d/13smsrG2BGYxr_omJWcgr-sUDr39bvOJPNL5RPt4DSow/edit#gid=1215904780;https://docs.google.com/spreadsheets/d/13smsrG2BGYxr_omJWcgr-sUDr39bvOJPNL5RPt4DSow/edit#gid=1934543062;https://docs.google.com/spreadsheets/d/13smsrG2BGYxr_omJWcgr-sUDr39bvOJPNL5RPt4DSow/edit#gid=1953790464;https://docs.google.com/spreadsheets/d/13smsrG2BGYxr_omJWcgr-sUDr39bvOJPNL5RPt4DSow/edit#gid=71150222
Snieboss,snieboss,27,26,14,12,1,Season 10,0,,Raizor,Unbound Soul,https://docs.google.com/spreadsheets/d/13smsrG2BGYxr_omJWcgr-sUDr39bvOJPNL5RPt4DSow/edit#gid=1934543062;https://docs.google.com/spreadsheets/d/13smsrG2BGYxr_omJWcgr-sUDr39bvOJPNL5RPt4DSow/edit#gid=71150222
Boreos-I,boreos i,4,25,0,25,4,"Season 2, Season 3, Season 6, Season 8",0,,ElektechN9ne; FanmadeLetsPlay; KingBlex; Parsifani; Raizor; Scherany,Mythical FighterZ; Unbound Zoroarks,data/manual/team_pokemon_usage.csv;https://docs.google.com/spreadsheets/d/11wxsKyCydVmDjp4kGLJAOLPM_LgwCLN2GYpbDQkNtkk/edit#gid=1588964432;https://docs.google.com/spreadsheets/d/1B2uTMvWlAHb7WlpupJV1A2Hbi3K3U1vCyoFV0wCapcw/edit#gid=1846395979;https://docs.google.com/spreadsheets/d/1B2uTMvWlAHb7WlpupJV1A2Hbi3K3U1vCyoFV0wCapcw/edit#gid=26363830;https://docs.google.com/spreadsheets/d/1FUsClf5qEny-BHY5Djp8rIwRJKBSJDvygJ8LBa62FEo/edit#gid=0;https://docs.google.com/spreadsheets/d/1JZpA-5XDldN2bjfvhvBPHYK-1AENETLnF1UxNEpWlNA/edit#gid=352888197;output/team-graphics/s3/GPL Teams Spieltag 14 (1).jpg
Branawarz,branawarz,40,25,0,25,3,"Season 3, Season 7, Season 9",0,,Bene; BlackLink; ElektechN9ne,Riffex Pontifex; Royal Bluff; Unlimited Blade Works*¹,data/manual/pokemon_killlists.csv;https://docs.google.com/spreadsheets/d/1JZpA-5XDldN2bjfvhvBPHYK-1AENETLnF1UxNEpWlNA/edit#gid=352888197;https://docs.google.com/spreadsheets/d/1nwiq_ggEj7QePeZGMR2xoi0bEHJr_ZGO24YCRdt93No/edit#gid=857670931;https://docs.google.com/spreadsheets/d/1uo7-E_E2jbehB2hbBurpPayP_0fKY5sPZcFgZmfLydY/edit#gid=1526488506;https://docs.google.com/spreadsheets/d/1uo7-E_E2jbehB2hbBurpPayP_0fKY5sPZcFgZmfLydY/edit#gid=1696255979;https://docs.google.com/spreadsheets/d/1uo7-E_E2jbehB2hbBurpPayP_0fKY5sPZcFgZmfLydY/edit#gid=520178140
Tauros,tauros,3,25,0,25,4,"Season 3, Season 4, Season 6, Season 8",1,Season 4,Bene; Nestfloh; Shiro,Flutschige Zäpfchen; Munich Magbys*²; Ritter der Tapukokosnuss,data/manual/team_pokemon_usage.csv;https://docs.google.com/spreadsheets/d/11wxsKyCydVmDjp4kGLJAOLPM_LgwCLN2GYpbDQkNtkk/edit#gid=1843013406;https://docs.google.com/spreadsheets/d/1B2uTMvWlAHb7WlpupJV1A2Hbi3K3U1vCyoFV0wCapcw/edit#gid=26363830;https://docs.google.com/spreadsheets/d/1JZpA-5XDldN2bjfvhvBPHYK-1AENETLnF1UxNEpWlNA/edit#gid=352888197;https://docs.google.com/spreadsheets/d/1rZd3D0JRNj3lK0ZKdMXPLvCNBofRhFsvW0AlPuBk3VE/edit#gid=0;output/team-graphics/s3/GPL Teams Spieltag 14 (1).jpg;output/team-graphics/s4/Ritter der Tapukokosnuss - FullLifeGames.png
Zapplarang,zapplarang,0,25,0,25,3,"Season 1, Season 2, Season 3",0,,Lets Kayze; LucarioLP; PokemonFakten; SurskitTV; WolvX; Zant017,Surstars,data/manual/team_pokemon_usage.csv;https://docs.google.com/spreadsheets/d/1JZpA-5XDldN2bjfvhvBPHYK-1AENETLnF1UxNEpWlNA/edit#gid=352888197;https://docs.google.com/spreadsheets/d/1kiwDk4NgYoKb0Oo9yqzwl9HXHxuQ_0I5gkb1JtE57PI/edit#gid=0;https://docs.google.com/spreadsheets/d/1odsNRAZStW1GzmpXwmg27dqjOlch7w8syZOZ5Z2OQRg/edit#gid=0;output/team-graphics/s3/GPL Teams Spieltag 14 (2).jpg
Ramoth,ramoth,2,25,2,23,3,"Season 1, Season 2, Season 10",0,,Lets Kayze; Minetube; Parsifani; PokemonFakten; Raizor,,https://docs.google.com/spreadsheets/d/13smsrG2BGYxr_omJWcgr-sUDr39bvOJPNL5RPt4DSow/edit#gid=71150222;https://docs.google.com/spreadsheets/d/1kiwDk4NgYoKb0Oo9yqzwl9HXHxuQ_0I5gkb1JtE57PI/edit#gid=0;https://docs.google.com/spreadsheets/d/1odsNRAZStW1GzmpXwmg27dqjOlch7w8syZOZ5Z2OQRg/edit#gid=0
Arktilas,arktilas,21,25,8,17,4,"Season 2, Season 7, Season 8, Season 10",0,,BlackLink; Nestfloh; PokeBree; RegiBang,Böller Brüder; Launching Dragapults,https://docs.google.com/spreadsheets/d/13smsrG2BGYxr_omJWcgr-sUDr39bvOJPNL5RPt4DSow/edit#gid=1934543062;https://docs.google.com/spreadsheets/d/13smsrG2BGYxr_omJWcgr-sUDr39bvOJPNL5RPt4DSow/edit#gid=71150222;https://docs.google.com/spreadsheets/d/1B2uTMvWlAHb7WlpupJV1A2Hbi3K3U1vCyoFV0wCapcw/edit#gid=1846395979;https://docs.google.com/spreadsheets/d/1nwiq_ggEj7QePeZGMR2xoi0bEHJr_ZGO24YCRdt93No/edit#gid=857670931;https://docs.google.com/spreadsheets/d/1odsNRAZStW1GzmpXwmg27dqjOlch7w8syZOZ5Z2OQRg/edit#gid=0
Austos,austos,5,24,0,24,3,"Season 1, Season 4, Season 7",0,,CaptainCrinch; PokemonFakten; Raizor; RegiBang,Crinchilla; Flexing Masskito,data/manual/pokemon_killlists.csv;https://docs.google.com/spreadsheets/d/1JZpA-5XDldN2bjfvhvBPHYK-1AENETLnF1UxNEpWlNA/edit#gid=352888197;https://docs.google.com/spreadsheets/d/1kiwDk4NgYoKb0Oo9yqzwl9HXHxuQ_0I5gkb1JtE57PI/edit#gid=0;https://docs.google.com/spreadsheets/d/1nwiq_ggEj7QePeZGMR2xoi0bEHJr_ZGO24YCRdt93No/edit#gid=857670931
Riffex-Hoch,riffex hoch,20,24,0,24,2,"Season 8, Season 9",0,,Dauni Daunstar; Hydronic; Maxi von Vogel,Scherzkekse,https://docs.google.com/spreadsheets/d/1B2uTMvWlAHb7WlpupJV1A2Hbi3K3U1vCyoFV0wCapcw/edit#gid=1846395979;https://docs.google.com/spreadsheets/d/1uo7-E_E2jbehB2hbBurpPayP_0fKY5sPZcFgZmfLydY/edit#gid=1526488506;https://docs.google.com/spreadsheets/d/1uo7-E_E2jbehB2hbBurpPayP_0fKY5sPZcFgZmfLydY/edit#gid=1696255979;https://docs.google.com/spreadsheets/d/1uo7-E_E2jbehB2hbBurpPayP_0fKY5sPZcFgZmfLydY/edit#gid=520178140
Tengulist,tengulist,10,24,5,19,2,"Season 3, Season 10",0,,Parsifani; PresentLP,Persian Carpets; Prekani,data/manual/team_pokemon_usage.csv;https://docs.google.com/spreadsheets/d/13smsrG2BGYxr_omJWcgr-sUDr39bvOJPNL5RPt4DSow/edit#gid=1934543062;https://docs.google.com/spreadsheets/d/13smsrG2BGYxr_omJWcgr-sUDr39bvOJPNL5RPt4DSow/edit#gid=71150222;https://docs.google.com/spreadsheets/d/1JZpA-5XDldN2bjfvhvBPHYK-1AENETLnF1UxNEpWlNA/edit#gid=352888197;output/team-graphics/s3/GPL Teams Spieltag 14 (1).jpg
Alola-Knogga,alola knogga,6,23,0,23,3,"Season 4, Season 5, Season 8",0,,CrowdController; Raizor,Soulstealer; Variant Vulpix,data/manual/team_pokemon_usage.csv;https://docs.google.com/spreadsheets/d/1B2uTMvWlAHb7WlpupJV1A2Hbi3K3U1vCyoFV0wCapcw/edit#gid=1846395979;https://docs.google.com/spreadsheets/d/1JZpA-5XDldN2bjfvhvBPHYK-1AENETLnF1UxNEpWlNA/edit#gid=352888197;output/team-graphics/s4/Variant Vulpix - CrowdController.png;output/team-graphics/s5/SoulStealer.png
Barrakiefa,barrakiefa,17,23,0,23,2,"Season 7, Season 8",0,,Nestfloh; PokeBazi,Therapiepi,https://docs.google.com/spreadsheets/d/1B2uTMvWlAHb7WlpupJV1A2Hbi3K3U1vCyoFV0wCapcw/edit#gid=26363830;https://docs.google.com/spreadsheets/d/1nwiq_ggEj7QePeZGMR2xoi0bEHJr_ZGO24YCRdt93No/edit#gid=857670931
Cerapendra,cerapendra,24,23,0,23,2,"Season 8, Season 9",0,,BlackLink; ElektechN9ne; OGDNZ; RegiBang,Royal Bluff,https://docs.google.com/spreadsheets/d/1B2uTMvWlAHb7WlpupJV1A2Hbi3K3U1vCyoFV0wCapcw/edit#gid=1846395979;https://docs.google.com/spreadsheets/d/1B2uTMvWlAHb7WlpupJV1A2Hbi3K3U1vCyoFV0wCapcw/edit#gid=26363830;https://docs.google.com/spreadsheets/d/1uo7-E_E2jbehB2hbBurpPayP_0fKY5sPZcFgZmfLydY/edit#gid=1526488506;https://docs.google.com/spreadsheets/d/1uo7-E_E2jbehB2hbBurpPayP_0fKY5sPZcFgZmfLydY/edit#gid=1696255979;https://docs.google.com/spreadsheets/d/1uo7-E_E2jbehB2hbBurpPayP_0fKY5sPZcFgZmfLydY/edit#gid=520178140
Magnezone,magnezone,0,23,0,23,3,"Season 2, Season 5, Season 6",0,,Art'n'Gaming; FanmadeLetsPlay; LightGaming; PokeBazi,Little Litleos; Little Litleos*,data/manual/pokemon_killlists.csv;https://docs.google.com/spreadsheets/d/11wxsKyCydVmDjp4kGLJAOLPM_LgwCLN2GYpbDQkNtkk/edit#gid=1843013406;https://docs.google.com/spreadsheets/d/11wxsKyCydVmDjp4kGLJAOLPM_LgwCLN2GYpbDQkNtkk/edit#gid=654435343;https://docs.google.com/spreadsheets/d/1FUsClf5qEny-BHY5Djp8rIwRJKBSJDvygJ8LBa62FEo/edit#gid=0;https://docs.google.com/spreadsheets/d/1JZpA-5XDldN2bjfvhvBPHYK-1AENETLnF1UxNEpWlNA/edit#gid=352888197;https://docs.google.com/spreadsheets/d/1odsNRAZStW1GzmpXwmg27dqjOlch7w8syZOZ5Z2OQRg/edit#gid=0
Krarmor,krarmor,43,23,1,22,4,"Season 7, Season 8, Season 9, Season 10",0,,Dauni Daunstar; Hydronic; Nestfloh; OGDNZ; PokeBazi; Pokgalaxy,Scherzkekse; Tails of Mystery; Therapiepi,https://docs.google.com/spreadsheets/d/13smsrG2BGYxr_omJWcgr-sUDr39bvOJPNL5RPt4DSow/edit#gid=1934543062;https://docs.google.com/spreadsheets/d/13smsrG2BGYxr_omJWcgr-sUDr39bvOJPNL5RPt4DSow/edit#gid=71150222;https://docs.google.com/spreadsheets/d/1B2uTMvWlAHb7WlpupJV1A2Hbi3K3U1vCyoFV0wCapcw/edit#gid=1846395979;https://docs.google.com/spreadsheets/d/1B2uTMvWlAHb7WlpupJV1A2Hbi3K3U1vCyoFV0wCapcw/edit#gid=26363830;https://docs.google.com/spreadsheets/d/1nwiq_ggEj7QePeZGMR2xoi0bEHJr_ZGO24YCRdt93No/edit#gid=857670931;https://docs.google.com/spreadsheets/d/1uo7-E_E2jbehB2hbBurpPayP_0fKY5sPZcFgZmfLydY/edit#gid=1526488506;https://docs.google.com/spreadsheets/d/1uo7-E_E2jbehB2hbBurpPayP_0fKY5sPZcFgZmfLydY/edit#gid=1696255979;https://docs.google.com/spreadsheets/d/1uo7-E_E2jbehB2hbBurpPayP_0fKY5sPZcFgZmfLydY/edit#gid=520178140
Hoopa,hoopa,0,22,0,22,3,"Season 3, Season 4, Season 6",0,,Art'n'Gaming; CrowdController; Raizor,Little Litleos; Unbound Zoroarks; Variant Vulpix,data/manual/pokemon_killlists.csv;https://docs.google.com/spreadsheets/d/11wxsKyCydVmDjp4kGLJAOLPM_LgwCLN2GYpbDQkNtkk/edit#gid=1843013406;https://docs.google.com/spreadsheets/d/1JZpA-5XDldN2bjfvhvBPHYK-1AENETLnF1UxNEpWlNA/edit#gid=352888197
Kapilz,kapilz,0,22,0,22,4,"Season 1, Season 2, Season 3, Season 6",0,,Art'n'Gaming; ElektechN9ne; Shiro; Zant017,Elekids Club; Little Littleos,data/manual/pokemon_killlists.csv;https://docs.google.com/spreadsheets/d/11wxsKyCydVmDjp4kGLJAOLPM_LgwCLN2GYpbDQkNtkk/edit#gid=1843013406;https://docs.google.com/spreadsheets/d/1JZpA-5XDldN2bjfvhvBPHYK-1AENETLnF1UxNEpWlNA/edit#gid=352888197;https://docs.google.com/spreadsheets/d/1kiwDk4NgYoKb0Oo9yqzwl9HXHxuQ_0I5gkb1JtE57PI/edit#gid=0;https://docs.google.com/spreadsheets/d/1odsNRAZStW1GzmpXwmg27dqjOlch7w8syZOZ5Z2OQRg/edit#gid=0
Mega Knakrack,mega knakrack,0,22,0,22,2,"Season 2, Season 3",0,,DirtyD64; Raizor,Unbound Zoroarks,data/manual/pokemon_killlists.csv;data/manual/team_pokemon_usage.csv;https://docs.google.com/spreadsheets/d/1FUsClf5qEny-BHY5Djp8rIwRJKBSJDvygJ8LBa62FEo/edit#gid=0;https://docs.google.com/spreadsheets/d/1JZpA-5XDldN2bjfvhvBPHYK-1AENETLnF1UxNEpWlNA/edit#gid=352888197;output/team-graphics/s3/GPL Teams Spieltag 14 (1).jpg
Alola-Snobilikat,alola snobilikat,48,22,7,15,4,"Season 6, Season 8, Season 9, Season 10",0,,Barry D. Sin of Speed; BelmontGabriel; ElektechN9ne; Maxi von Vogel; Pokgalaxy; Raizor,Elekids Club; Fen and Gator; Nova Dragons; Unbound Soul,https://docs.google.com/spreadsheets/d/11wxsKyCydVmDjp4kGLJAOLPM_LgwCLN2GYpbDQkNtkk/edit#gid=1843013406;https://docs.google.com/spreadsheets/d/11wxsKyCydVmDjp4kGLJAOLPM_LgwCLN2GYpbDQkNtkk/edit#gid=654435343;https://docs.google.com/spreadsheets/d/13smsrG2BGYxr_omJWcgr-sUDr39bvOJPNL5RPt4DSow/edit#gid=1934543062;https://docs.google.com/spreadsheets/d/13smsrG2BGYxr_omJWcgr-sUDr39bvOJPNL5RPt4DSow/edit#gid=71150222;https://docs.google.com/spreadsheets/d/1B2uTMvWlAHb7WlpupJV1A2Hbi3K3U1vCyoFV0wCapcw/edit#gid=1846395979;https://docs.google.com/spreadsheets/d/1B2uTMvWlAHb7WlpupJV1A2Hbi3K3U1vCyoFV0wCapcw/edit#gid=26363830;https://docs.google.com/spreadsheets/d/1uo7-E_E2jbehB2hbBurpPayP_0fKY5sPZcFgZmfLydY/edit#gid=1526488506;https://docs.google.com/spreadsheets/d/1uo7-E_E2jbehB2hbBurpPayP_0fKY5sPZcFgZmfLydY/edit#gid=1696255979;https://docs.google.com/spreadsheets/d/1uo7-E_E2jbehB2hbBurpPayP_0fKY5sPZcFgZmfLydY/edit#gid=520178140
Arktos,arktos,10,21,0,21,2,"Season 3, Season 10",0,,Bene; Snomnie,Corvi Crushers; Unlimited Blade Works*¹,data/manual/pokemon_killlists.csv;https://docs.google.com/spreadsheets/d/13smsrG2BGYxr_omJWcgr-sUDr39bvOJPNL5RPt4DSow/edit#gid=1934543062;https://docs.google.com/spreadsheets/d/1JZpA-5XDldN2bjfvhvBPHYK-1AENETLnF1UxNEpWlNA/edit#gid=352888197
Echnatoll,echnatoll,2,21,0,21,5,"Season 1, Season 4, Season 5, Season 6, Season 7",0,,Art'n'Gaming; Barry D. Sin of Speed; Bene; CaptainCrinch; Minetube,Crinchilla; Nova Dragons; Riffex Pontifex; Triyolotree,data/manual/team_pokemon_usage.csv;https://docs.google.com/spreadsheets/d/11wxsKyCydVmDjp4kGLJAOLPM_LgwCLN2GYpbDQkNtkk/edit#gid=654435343;https://docs.google.com/spreadsheets/d/1JZpA-5XDldN2bjfvhvBPHYK-1AENETLnF1UxNEpWlNA/edit#gid=352888197;https://docs.google.com/spreadsheets/d/1kiwDk4NgYoKb0Oo9yqzwl9HXHxuQ_0I5gkb1JtE57PI/edit#gid=0;https://docs.google.com/spreadsheets/d/1nwiq_ggEj7QePeZGMR2xoi0bEHJr_ZGO24YCRdt93No/edit#gid=857670931;output/team-graphics/s4/Minetube - Triyolotree.png;output/team-graphics/s5/Crinchilla.png
Flambirex,flambirex,0,21,0,21,2,"Season 2, Season 3",0,,Minetube; RegiBang,Glorious Emperors,data/manual/team_pokemon_usage.csv;https://docs.google.com/spreadsheets/d/1JZpA-5XDldN2bjfvhvBPHYK-1AENETLnF1UxNEpWlNA/edit#gid=352888197;https://docs.google.com/spreadsheets/d/1odsNRAZStW1GzmpXwmg27dqjOlch7w8syZOZ5Z2OQRg/edit#gid=0;output/team-graphics/s3/GPL Teams Spieltag 14 (2).jpg
Lanturn,lanturn,14,21,0,21,6,"Season 1, Season 3, Season 5, Season 6, Season 7, Season 8",0,,Bene; BlackLink; BraveBird; Cabgolord; Dauni Daunstar; Raizor; RegiBang; Tabasco TV,Aggron Berlin; Glorious Emperors; Soulstealer; Victini Bottom; Youngstars,data/manual/pokemon_killlists.csv;data/manual/team_pokemon_usage.csv;https://docs.google.com/spreadsheets/d/11wxsKyCydVmDjp4kGLJAOLPM_LgwCLN2GYpbDQkNtkk/edit#gid=1588964432;https://docs.google.com/spreadsheets/d/11wxsKyCydVmDjp4kGLJAOLPM_LgwCLN2GYpbDQkNtkk/edit#gid=1843013406;https://docs.google.com/spreadsheets/d/11wxsKyCydVmDjp4kGLJAOLPM_LgwCLN2GYpbDQkNtkk/edit#gid=654435343;https://docs.google.com/spreadsheets/d/1B2uTMvWlAHb7WlpupJV1A2Hbi3K3U1vCyoFV0wCapcw/edit#gid=1846395979;https://docs.google.com/spreadsheets/d/1B2uTMvWlAHb7WlpupJV1A2Hbi3K3U1vCyoFV0wCapcw/edit#gid=26363830;https://docs.google.com/spreadsheets/d/1JZpA-5XDldN2bjfvhvBPHYK-1AENETLnF1UxNEpWlNA/edit#gid=352888197;https://docs.google.com/spreadsheets/d/1kiwDk4NgYoKb0Oo9yqzwl9HXHxuQ_0I5gkb1JtE57PI/edit#gid=0;https://docs.google.com/spreadsheets/d/1nwiq_ggEj7QePeZGMR2xoi0bEHJr_ZGO24YCRdt93No/edit#gid=857670931;output/team-graphics/s3/GPL Teams Spieltag 14 (2).jpg
Mega Gewaldro,mega gewaldro,0,21,0,21,3,"Season 2, Season 5, Season 6",0,,Art'n'Gaming; Cabgolord; Minetube; PokeBazi; Raikani,Little Litleos*; Triyolotree,data/manual/pokemon_killlists.csv;https://docs.google.com/spreadsheets/d/11wxsKyCydVmDjp4kGLJAOLPM_LgwCLN2GYpbDQkNtkk/edit#gid=654435343;https://docs.google.com/spreadsheets/d/1FUsClf5qEny-BHY5Djp8rIwRJKBSJDvygJ8LBa62FEo/edit#gid=0;https://docs.google.com/spreadsheets/d/1JZpA-5XDldN2bjfvhvBPHYK-1AENETLnF1UxNEpWlNA/edit#gid=352888197;https://docs.google.com/spreadsheets/d/1odsNRAZStW1GzmpXwmg27dqjOlch7w8syZOZ5Z2OQRg/edit#gid=0
Zoroark,zoroark,15,21,3,18,4,"Season 2, Season 4, Season 8, Season 10",0,,BelmontGabriel; PokeBazi; Raizor; SpeedEevee,Schnittlauchs,data/manual/pokemon_killlists.csv;https://docs.google.com/spreadsheets/d/13smsrG2BGYxr_omJWcgr-sUDr39bvOJPNL5RPt4DSow/edit#gid=71150222;https://docs.google.com/spreadsheets/d/1B2uTMvWlAHb7WlpupJV1A2Hbi3K3U1vCyoFV0wCapcw/edit#gid=1846395979;https://docs.google.com/spreadsheets/d/1B2uTMvWlAHb7WlpupJV1A2Hbi3K3U1vCyoFV0wCapcw/edit#gid=26363830;https://docs.google.com/spreadsheets/d/1JZpA-5XDldN2bjfvhvBPHYK-1AENETLnF1UxNEpWlNA/edit#gid=352888197;https://docs.google.com/spreadsheets/d/1odsNRAZStW1GzmpXwmg27dqjOlch7w8syZOZ5Z2OQRg/edit#gid=0
Galar-Lavados,galar lavados,16,20,0,20,1,Season 9,0,,Barry D. Sin of Speed; Minetube,Akatsuki Amphibianz,https://docs.google.com/spreadsheets/d/1uo7-E_E2jbehB2hbBurpPayP_0fKY5sPZcFgZmfLydY/edit#gid=1526488506;https://docs.google.com/spreadsheets/d/1uo7-E_E2jbehB2hbBurpPayP_0fKY5sPZcFgZmfLydY/edit#gid=1696255979;https://docs.google.com/spreadsheets/d/1uo7-E_E2jbehB2hbBurpPayP_0fKY5sPZcFgZmfLydY/edit#gid=520178140
Mega Simsala,mega simsala,0,20,0,20,3,"Season 2, Season 4, Season 5",0,,LightGaming; MeLevies; Raizor,Shocking Shaymins; Soulstealer,data/manual/pokemon_killlists.csv;https://docs.google.com/spreadsheets/d/1JZpA-5XDldN2bjfvhvBPHYK-1AENETLnF1UxNEpWlNA/edit#gid=352888197;https://docs.google.com/spreadsheets/d/1odsNRAZStW1GzmpXwmg27dqjOlch7w8syZOZ5Z2OQRg/edit#gid=0
Mega Sumpex,mega sumpex,0,20,0,20,1,Season 2,0,,FanmadeLetsPlay; PentaPlayer,,https://docs.google.com/spreadsheets/d/1FUsClf5qEny-BHY5Djp8rIwRJKBSJDvygJ8LBa62FEo/edit#gid=0;https://docs.google.com/spreadsheets/d/1odsNRAZStW1GzmpXwmg27dqjOlch7w8syZOZ5Z2OQRg/edit#gid=0
Mega-Voltenso,mega voltenso,0,20,0,20,2,"Season 3, Season 6",0,,Minetube; Stratocopter TV,Crustle Crusaders; Triyolotree,data/manual/team_pokemon_usage.csv;https://docs.google.com/spreadsheets/d/11wxsKyCydVmDjp4kGLJAOLPM_LgwCLN2GYpbDQkNtkk/edit#gid=1843013406;https://docs.google.com/spreadsheets/d/1JZpA-5XDldN2bjfvhvBPHYK-1AENETLnF1UxNEpWlNA/edit#gid=352888197;output/team-graphics/s3/GPL Teams Spieltag 14 (2).jpg
Polaross,polaross,11,20,0,20,2,"Season 8, Season 10",0,,OGDNZ; Raizor,Squid Squad,https://docs.google.com/spreadsheets/d/13smsrG2BGYxr_omJWcgr-sUDr39bvOJPNL5RPt4DSow/edit#gid=1934543062;https://docs.google.com/spreadsheets/d/1B2uTMvWlAHb7WlpupJV1A2Hbi3K3U1vCyoFV0wCapcw/edit#gid=1846395979
Raichu,raichu,29,20,0,20,5,"Season 2, Season 4, Season 7, Season 8, Season 9",0,,Barry D. Sin of Speed; Blocki; Minetube; Nestfloh; PresentLP; RegiBang; Zant017,Akatsuki Amphibianz; Launching Dragapults; Prekani,data/manual/pokemon_killlists.csv;https://docs.google.com/spreadsheets/d/1B2uTMvWlAHb7WlpupJV1A2Hbi3K3U1vCyoFV0wCapcw/edit#gid=1846395979;https://docs.google.com/spreadsheets/d/1B2uTMvWlAHb7WlpupJV1A2Hbi3K3U1vCyoFV0wCapcw/edit#gid=26363830;https://docs.google.com/spreadsheets/d/1JZpA-5XDldN2bjfvhvBPHYK-1AENETLnF1UxNEpWlNA/edit#gid=352888197;https://docs.google.com/spreadsheets/d/1nwiq_ggEj7QePeZGMR2xoi0bEHJr_ZGO24YCRdt93No/edit#gid=857670931;https://docs.google.com/spreadsheets/d/1odsNRAZStW1GzmpXwmg27dqjOlch7w8syZOZ5Z2OQRg/edit#gid=0;https://docs.google.com/spreadsheets/d/1uo7-E_E2jbehB2hbBurpPayP_0fKY5sPZcFgZmfLydY/edit#gid=1526488506;https://docs.google.com/spreadsheets/d/1uo7-E_E2jbehB2hbBurpPayP_0fKY5sPZcFgZmfLydY/edit#gid=1696255979;https://docs.google.com/spreadsheets/d/1uo7-E_E2jbehB2hbBurpPayP_0fKY5sPZcFgZmfLydY/edit#gid=520178140
Ogerpon-Wasser,ogerpon wasser,14,20,1,19,1,Season 10,0,,Nestfloh; Snomnie,Corvi Crushers,https://docs.google.com/spreadsheets/d/13smsrG2BGYxr_omJWcgr-sUDr39bvOJPNL5RPt4DSow/edit#gid=1934543062;https://docs.google.com/spreadsheets/d/13smsrG2BGYxr_omJWcgr-sUDr39bvOJPNL5RPt4DSow/edit#gid=71150222
Selfe,selfe,26,20,2,18,5,"Season 5, Season 6, Season 8, Season 9, Season 10",0,,Barry D. Sin of Speed; Bene; Blocki; Dauni Daunstar; Nestfloh,Lazycakes; Nova Dragons; Victini Bottom; Voltwizards,data/manual/team_pokemon_usage.csv;https://docs.google.com/spreadsheets/d/11wxsKyCydVmDjp4kGLJAOLPM_LgwCLN2GYpbDQkNtkk/edit#gid=1588964432;https://docs.google.com/spreadsheets/d/11wxsKyCydVmDjp4kGLJAOLPM_LgwCLN2GYpbDQkNtkk/edit#gid=1843013406;https://docs.google.com/spreadsheets/d/11wxsKyCydVmDjp4kGLJAOLPM_LgwCLN2GYpbDQkNtkk/edit#gid=654435343;https://docs.google.com/spreadsheets/d/13smsrG2BGYxr_omJWcgr-sUDr39bvOJPNL5RPt4DSow/edit#gid=71150222;https://docs.google.com/spreadsheets/d/1B2uTMvWlAHb7WlpupJV1A2Hbi3K3U1vCyoFV0wCapcw/edit#gid=26363830;https://docs.google.com/spreadsheets/d/1JZpA-5XDldN2bjfvhvBPHYK-1AENETLnF1UxNEpWlNA/edit#gid=352888197;https://docs.google.com/spreadsheets/d/1uo7-E_E2jbehB2hbBurpPayP_0fKY5sPZcFgZmfLydY/edit#gid=1526488506;https://docs.google.com/spreadsheets/d/1uo7-E_E2jbehB2hbBurpPayP_0fKY5sPZcFgZmfLydY/edit#gid=1696255979;https://docs.google.com/spreadsheets/d/1uo7-E_E2jbehB2hbBurpPayP_0fKY5sPZcFgZmfLydY/edit#gid=520178140;output/team-graphics/s5/Victini Bottom.png
Donnersichel,donnersichel,15,20,7,13,1,Season 10,0,,Dauni Daunstar,Pfundskerle,https://docs.google.com/spreadsheets/d/13smsrG2BGYxr_omJWcgr-sUDr39bvOJPNL5RPt4DSow/edit#gid=1934543062;https://docs.google.com/spreadsheets/d/13smsrG2BGYxr_omJWcgr-sUDr39bvOJPNL5RPt4DSow/edit#gid=71150222
Clavion,clavion,4,19,0,19,5,"Season 1, Season 3, Season 5, Season 6, Season 8",0,,BraveBird; ElektechN9ne; FanmadeLetsPlay; PresentLP; RegiBang; Shiro,Coldlauncher; Prekani; Tectass Toppas; Youngstars,data/manual/team_pokemon_usage.csv;https://docs.google.com/spreadsheets/d/11wxsKyCydVmDjp4kGLJAOLPM_LgwCLN2GYpbDQkNtkk/edit#gid=1588964432;https://docs.google.com/spreadsheets/d/11wxsKyCydVmDjp4kGLJAOLPM_LgwCLN2GYpbDQkNtkk/edit#gid=1843013406;https://docs.google.com/spreadsheets/d/11wxsKyCydVmDjp4kGLJAOLPM_LgwCLN2GYpbDQkNtkk/edit#gid=654435343;https://docs.google.com/spreadsheets/d/1B2uTMvWlAHb7WlpupJV1A2Hbi3K3U1vCyoFV0wCapcw/edit#gid=26363830;https://docs.google.com/spreadsheets/d/1JZpA-5XDldN2bjfvhvBPHYK-1AENETLnF1UxNEpWlNA/edit#gid=352888197;https://docs.google.com/spreadsheets/d/1kiwDk4NgYoKb0Oo9yqzwl9HXHxuQ_0I5gkb1JtE57PI/edit#gid=0;output/team-graphics/s3/GPL Teams Spieltag 14 (1).jpg;output/team-graphics/s5/Prekani.png
Diancie,diancie,7,19,0,19,3,"Season 4, Season 5, Season 10",0,,Blocki; MeLevies; Minetube,Kastanienbomber; Shocking Shaymins; Triyolotree,data/manual/pokemon_killlists.csv;data/manual/team_pokemon_usage.csv;https://docs.google.com/spreadsheets/d/13smsrG2BGYxr_omJWcgr-sUDr39bvOJPNL5RPt4DSow/edit#gid=1934543062;https://docs.google.com/spreadsheets/d/1JZpA-5XDldN2bjfvhvBPHYK-1AENETLnF1UxNEpWlNA/edit#gid=352888197;output/team-graphics/s4/Shocking Shaymins - MeLevies.png
Galar-Lahmus,galar lahmus,17,19,0,19,2,"Season 9, Season 10",0,,Blocki; PresentLP; Raizor,Kastanienbomber; Soulblaze,https://docs.google.com/spreadsheets/d/13smsrG2BGYxr_omJWcgr-sUDr39bvOJPNL5RPt4DSow/edit#gid=1934543062;https://docs.google.com/spreadsheets/d/1uo7-E_E2jbehB2hbBurpPayP_0fKY5sPZcFgZmfLydY/edit#gid=1526488506;https://docs.google.com/spreadsheets/d/1uo7-E_E2jbehB2hbBurpPayP_0fKY5sPZcFgZmfLydY/edit#gid=1696255979;https://docs.google.com/spreadsheets/d/1uo7-E_E2jbehB2hbBurpPayP_0fKY5sPZcFgZmfLydY/edit#gid=520178140
Mega Tauboss,mega tauboss,0,19,0,19,3,"Season 2, Season 4, Season 6",0,,BelmontGabriel; SurskitTV; Zant017,Niemandsland; Surstars,data/manual/pokemon_killlists.csv;https://docs.google.com/spreadsheets/d/11wxsKyCydVmDjp4kGLJAOLPM_LgwCLN2GYpbDQkNtkk/edit#gid=1843013406;https://docs.google.com/spreadsheets/d/11wxsKyCydVmDjp4kGLJAOLPM_LgwCLN2GYpbDQkNtkk/edit#gid=654435343;https://docs.google.com/spreadsheets/d/1JZpA-5XDldN2bjfvhvBPHYK-1AENETLnF1UxNEpWlNA/edit#gid=352888197;https://docs.google.com/spreadsheets/d/1odsNRAZStW1GzmpXwmg27dqjOlch7w8syZOZ5Z2OQRg/edit#gid=0
Miltank,miltank,13,19,0,19,5,"Season 3, Season 4, Season 6, Season 8, Season 9",1,Season 9,Bene; El Scizor; ElektechN9ne; FanmadeLetsPlay; Fnupa; PokeBazi; Pokgalaxy; RegiBang,Coldlauncher; Pokebassis; Slicing Knights; Tectass Toppas; Victory Instinct,data/manual/team_pokemon_usage.csv;https://docs.google.com/spreadsheets/d/11wxsKyCydVmDjp4kGLJAOLPM_LgwCLN2GYpbDQkNtkk/edit#gid=1588964432;https://docs.google.com/spreadsheets/d/11wxsKyCydVmDjp4kGLJAOLPM_LgwCLN2GYpbDQkNtkk/edit#gid=1843013406;https://docs.google.com/spreadsheets/d/11wxsKyCydVmDjp4kGLJAOLPM_LgwCLN2GYpbDQkNtkk/edit#gid=654435343;https://docs.google.com/spreadsheets/d/1B2uTMvWlAHb7WlpupJV1A2Hbi3K3U1vCyoFV0wCapcw/edit#gid=1846395979;https://docs.google.com/spreadsheets/d/1B2uTMvWlAHb7WlpupJV1A2Hbi3K3U1vCyoFV0wCapcw/edit#gid=26363830;https://docs.google.com/spreadsheets/d/1JZpA-5XDldN2bjfvhvBPHYK-1AENETLnF1UxNEpWlNA/edit#gid=352888197;https://docs.google.com/spreadsheets/d/1uo7-E_E2jbehB2hbBurpPayP_0fKY5sPZcFgZmfLydY/edit#gid=1526488506;https://docs.google.com/spreadsheets/d/1uo7-E_E2jbehB2hbBurpPayP_0fKY5sPZcFgZmfLydY/edit#gid=1696255979;https://docs.google.com/spreadsheets/d/1uo7-E_E2jbehB2hbBurpPayP_0fKY5sPZcFgZmfLydY/edit#gid=1953155019;https://docs.google.com/spreadsheets/d/1uo7-E_E2jbehB2hbBurpPayP_0fKY5sPZcFgZmfLydY/edit#gid=520178140;output/team-graphics/s3/GPL Teams Spieltag 14 (1).jpg;output/team-graphics/s4/Slicing Knights - Cabgolord.png
Somnivora,somnivora,11,19,0,19,4,"Season 5, Season 6, Season 7, Season 9",0,,Dauni Daunstar; Hydronic; Professor N; Tabasco TV,Aggron Berlin; Grippebärchen; Howling Commandos; Scherzkekse,data/manual/pokemon_killlists.csv;https://docs.google.com/spreadsheets/d/11wxsKyCydVmDjp4kGLJAOLPM_LgwCLN2GYpbDQkNtkk/edit#gid=1588964432;https://docs.google.com/spreadsheets/d/1JZpA-5XDldN2bjfvhvBPHYK-1AENETLnF1UxNEpWlNA/edit#gid=352888197;https://docs.google.com/spreadsheets/d/1nwiq_ggEj7QePeZGMR2xoi0bEHJr_ZGO24YCRdt93No/edit#gid=857670931;https://docs.google.com/spreadsheets/d/1uo7-E_E2jbehB2hbBurpPayP_0fKY5sPZcFgZmfLydY/edit#gid=1526488506;https://docs.google.com/spreadsheets/d/1uo7-E_E2jbehB2hbBurpPayP_0fKY5sPZcFgZmfLydY/edit#gid=1696255979;https://docs.google.com/spreadsheets/d/1uo7-E_E2jbehB2hbBurpPayP_0fKY5sPZcFgZmfLydY/edit#gid=520178140
Stahlos,stahlos,5,19,0,19,5,"Season 3, Season 4, Season 6, Season 7, Season 8",1,Season 7,BelmontGabriel; Dauni Daunstar; MeLevies; Minetube; Nestfloh,Flutschige Zäpfchen; Lazycakes; Shocking Shaymins; Triyolotree,data/manual/team_pokemon_usage.csv;https://docs.google.com/spreadsheets/d/11wxsKyCydVmDjp4kGLJAOLPM_LgwCLN2GYpbDQkNtkk/edit#gid=1588964432;https://docs.google.com/spreadsheets/d/11wxsKyCydVmDjp4kGLJAOLPM_LgwCLN2GYpbDQkNtkk/edit#gid=1843013406;https://docs.google.com/spreadsheets/d/11wxsKyCydVmDjp4kGLJAOLPM_LgwCLN2GYpbDQkNtkk/edit#gid=654435343;https://docs.google.com/spreadsheets/d/1B2uTMvWlAHb7WlpupJV1A2Hbi3K3U1vCyoFV0wCapcw/edit#gid=26363830;https://docs.google.com/spreadsheets/d/1JZpA-5XDldN2bjfvhvBPHYK-1AENETLnF1UxNEpWlNA/edit#gid=352888197;https://docs.google.com/spreadsheets/d/1nwiq_ggEj7QePeZGMR2xoi0bEHJr_ZGO24YCRdt93No/edit#gid=1953934700;https://docs.google.com/spreadsheets/d/1nwiq_ggEj7QePeZGMR2xoi0bEHJr_ZGO24YCRdt93No/edit#gid=857670931;output/team-graphics/s3/GPL Teams Spieltag 14 (2).jpg;output/team-graphics/s4/Shocking Shaymins - MeLevies.png
Elevoltek,elevoltek,1,19,1,18,5,"Season 1, Season 3, Season 4, Season 6, Season 10",1,Season 3,Cabgolord; ElektechN9ne; Lauris; Minetube; PresentLP,Elekids Club; Enteikutierung; Prekani,data/manual/team_pokemon_usage.csv;https://docs.google.com/spreadsheets/d/11wxsKyCydVmDjp4kGLJAOLPM_LgwCLN2GYpbDQkNtkk/edit#gid=654435343;https://docs.google.com/spreadsheets/d/13ggv8-k1WCcrrjlwXb-ZoSwhODIQlG_NVffp3TGKOgI/edit#gid=0;https://docs.google.com/spreadsheets/d/13smsrG2BGYxr_omJWcgr-sUDr39bvOJPNL5RPt4DSow/edit#gid=71150222;https://docs.google.com/spreadsheets/d/1JZpA-5XDldN2bjfvhvBPHYK-1AENETLnF1UxNEpWlNA/edit#gid=352888197;https://docs.google.com/spreadsheets/d/1kiwDk4NgYoKb0Oo9yqzwl9HXHxuQ_0I5gkb1JtE57PI/edit#gid=0;output/team-graphics/s3/GPL Teams Spieltag 14 (1).jpg;output/team-graphics/s4/Enteikutierung - Lauris Enteitainment.png
Machomei,machomei,3,18,0,18,5,"Season 1, Season 2, Season 5, Season 6, Season 7",0,,LucarioLP; Minetube; PokemonFakten; Raizor; RegiBang; Scherany,Soulstealer; Tectass Toppas; Triyolotree,data/manual/team_pokemon_usage.csv;https://docs.google.com/spreadsheets/d/11wxsKyCydVmDjp4kGLJAOLPM_LgwCLN2GYpbDQkNtkk/edit#gid=1843013406;https://docs.google.com/spreadsheets/d/1FUsClf5qEny-BHY5Djp8rIwRJKBSJDvygJ8LBa62FEo/edit#gid=0;https://docs.google.com/spreadsheets/d/1JZpA-5XDldN2bjfvhvBPHYK-1AENETLnF1UxNEpWlNA/edit#gid=352888197;https://docs.google.com/spreadsheets/d/1kiwDk4NgYoKb0Oo9yqzwl9HXHxuQ_0I5gkb1JtE57PI/edit#gid=0;https://docs.google.com/spreadsheets/d/1nwiq_ggEj7QePeZGMR2xoi0bEHJr_ZGO24YCRdt93No/edit#gid=857670931;https://docs.google.com/spreadsheets/d/1odsNRAZStW1GzmpXwmg27dqjOlch7w8syZOZ5Z2OQRg/edit#gid=0;output/team-graphics/s5/Triyolotree.png
Togedemaru,togedemaru,26,18,0,18,3,"Season 5, Season 6, Season 9",0,,Dauni Daunstar; Hydronic; Lauris,Scherzkekse; Schleudergang,https://docs.google.com/spreadsheets/d/11wxsKyCydVmDjp4kGLJAOLPM_LgwCLN2GYpbDQkNtkk/edit#gid=1588964432;https://docs.google.com/spreadsheets/d/11wxsKyCydVmDjp4kGLJAOLPM_LgwCLN2GYpbDQkNtkk/edit#gid=654435343;https://docs.google.com/spreadsheets/d/1JZpA-5XDldN2bjfvhvBPHYK-1AENETLnF1UxNEpWlNA/edit#gid=352888197;https://docs.google.com/spreadsheets/d/1uo7-E_E2jbehB2hbBurpPayP_0fKY5sPZcFgZmfLydY/edit#gid=1526488506;https://docs.google.com/spreadsheets/d/1uo7-E_E2jbehB2hbBurpPayP_0fKY5sPZcFgZmfLydY/edit#gid=1696255979;https://docs.google.com/spreadsheets/d/1uo7-E_E2jbehB2hbBurpPayP_0fKY5sPZcFgZmfLydY/edit#gid=520178140
Viridium,viridium,14,18,0,18,4,"Season 3, Season 6, Season 7, Season 9",0,,ElektechN9ne; KingBlex; OGDNZ; PresentLP; Raizor,Elekid's Club; Prekani; Toon World; Unbound Zoroarks,data/manual/team_pokemon_usage.csv;https://docs.google.com/spreadsheets/d/11wxsKyCydVmDjp4kGLJAOLPM_LgwCLN2GYpbDQkNtkk/edit#gid=1588964432;https://docs.google.com/spreadsheets/d/1JZpA-5XDldN2bjfvhvBPHYK-1AENETLnF1UxNEpWlNA/edit#gid=352888197;https://docs.google.com/spreadsheets/d/1nwiq_ggEj7QePeZGMR2xoi0bEHJr_ZGO24YCRdt93No/edit#gid=857670931;https://docs.google.com/spreadsheets/d/1uo7-E_E2jbehB2hbBurpPayP_0fKY5sPZcFgZmfLydY/edit#gid=1526488506;https://docs.google.com/spreadsheets/d/1uo7-E_E2jbehB2hbBurpPayP_0fKY5sPZcFgZmfLydY/edit#gid=1696255979;https://docs.google.com/spreadsheets/d/1uo7-E_E2jbehB2hbBurpPayP_0fKY5sPZcFgZmfLydY/edit#gid=520178140;output/team-graphics/s3/GPL Teams Spieltag 14 (1).jpg
Zygarde-10%,zygarde 10,0,18,0,18,2,"Season 4, Season 6",0,,Barry D. Sin of Speed; Cabgolord; PokeBazi,Blades Enforcer; Nova Dragons; Schnittlauchs,data/manual/team_pokemon_usage.csv;https://docs.google.com/spreadsheets/d/11wxsKyCydVmDjp4kGLJAOLPM_LgwCLN2GYpbDQkNtkk/edit#gid=1588964432;https://docs.google.com/spreadsheets/d/11wxsKyCydVmDjp4kGLJAOLPM_LgwCLN2GYpbDQkNtkk/edit#gid=1843013406;https://docs.google.com/spreadsheets/d/1JZpA-5XDldN2bjfvhvBPHYK-1AENETLnF1UxNEpWlNA/edit#gid=352888197;output/team-graphics/s4/Schnittlauchs - PokeBazi.png
Hisui-Viscogon,hisui viscogon,11,18,1,17,1,Season 10,0,,Blocki; RobinVGC,Kastanienbomber,https://docs.google.com/spreadsheets/d/13smsrG2BGYxr_omJWcgr-sUDr39bvOJPNL5RPt4DSow/edit#gid=1934543062;https://docs.google.com/spreadsheets/d/13smsrG2BGYxr_omJWcgr-sUDr39bvOJPNL5RPt4DSow/edit#gid=71150222
Trombork,trombork,20,18,1,17,6,"Season 2, Season 4, Season 6, Season 8, Season 9, Season 10",0,,BraveBird; Dauni Daunstar; KingBlex; Nestfloh; OGDNZ; RegiBang; SurskitTV,Flexing Masskito; Squid Squad; Toon World; Youngstars,data/manual/team_pokemon_usage.csv;https://docs.google.com/spreadsheets/d/11wxsKyCydVmDjp4kGLJAOLPM_LgwCLN2GYpbDQkNtkk/edit#gid=1588964432;https://docs.google.com/spreadsheets/d/13smsrG2BGYxr_omJWcgr-sUDr39bvOJPNL5RPt4DSow/edit#gid=1934543062;https://docs.google.com/spreadsheets/d/13smsrG2BGYxr_omJWcgr-sUDr39bvOJPNL5RPt4DSow/edit#gid=71150222;https://docs.google.com/spreadsheets/d/1B2uTMvWlAHb7WlpupJV1A2Hbi3K3U1vCyoFV0wCapcw/edit#gid=26363830;https://docs.google.com/spreadsheets/d/1FUsClf5qEny-BHY5Djp8rIwRJKBSJDvygJ8LBa62FEo/edit#gid=0;https://docs.google.com/spreadsheets/d/1JZpA-5XDldN2bjfvhvBPHYK-1AENETLnF1UxNEpWlNA/edit#gid=352888197;https://docs.google.com/spreadsheets/d/1uo7-E_E2jbehB2hbBurpPayP_0fKY5sPZcFgZmfLydY/edit#gid=1526488506;https://docs.google.com/spreadsheets/d/1uo7-E_E2jbehB2hbBurpPayP_0fKY5sPZcFgZmfLydY/edit#gid=1696255979;https://docs.google.com/spreadsheets/d/1uo7-E_E2jbehB2hbBurpPayP_0fKY5sPZcFgZmfLydY/edit#gid=520178140;output/team-graphics/s4/Flexing Masskito - RegiBang.png
Eisenkrieger,eisenkrieger,15,18,3,15,1,Season 10,0,,OGDNZ; PresentLP,Squid Squad,https://docs.google.com/spreadsheets/d/13smsrG2BGYxr_omJWcgr-sUDr39bvOJPNL5RPt4DSow/edit#gid=1934543062;https://docs.google.com/spreadsheets/d/13smsrG2BGYxr_omJWcgr-sUDr39bvOJPNL5RPt4DSow/edit#gid=71150222
Alola-Vulnona,alola vulnona,10,17,0,17,2,"Season 4, Season 10",0,,PokeBazi; Sirazoa,Eon Engine; Schnittlauchs,data/manual/team_pokemon_usage.csv;https://docs.google.com/spreadsheets/d/13smsrG2BGYxr_omJWcgr-sUDr39bvOJPNL5RPt4DSow/edit#gid=1934543062;https://docs.google.com/spreadsheets/d/1JZpA-5XDldN2bjfvhvBPHYK-1AENETLnF1UxNEpWlNA/edit#gid=352888197;output/team-graphics/s4/Schnittlauchs - PokeBazi.png
Elezard,elezard,9,17,0,17,5,"Season 2, Season 3, Season 6, Season 7, Season 8",0,,Art'n'Gaming; Asalakoren; Domibri; PokeBazi; RegiBang,Absolutism; Little Littleos; Therapiepi,data/manual/team_pokemon_usage.csv;https://docs.google.com/spreadsheets/d/11wxsKyCydVmDjp4kGLJAOLPM_LgwCLN2GYpbDQkNtkk/edit#gid=1588964432;https://docs.google.com/spreadsheets/d/1B2uTMvWlAHb7WlpupJV1A2Hbi3K3U1vCyoFV0wCapcw/edit#gid=26363830;https://docs.google.com/spreadsheets/d/1JZpA-5XDldN2bjfvhvBPHYK-1AENETLnF1UxNEpWlNA/edit#gid=352888197;https://docs.google.com/spreadsheets/d/1nwiq_ggEj7QePeZGMR2xoi0bEHJr_ZGO24YCRdt93No/edit#gid=857670931;https://docs.google.com/spreadsheets/d/1odsNRAZStW1GzmpXwmg27dqjOlch7w8syZOZ5Z2OQRg/edit#gid=0;output/team-graphics/s3/GPL Teams Spieltag 14 (2).jpg
Nachtara,nachtara,0,17,0,17,5,"Season 1, Season 2, Season 3, Season 6, Season 7",1,Season 3,DaumenkinoLP; Dauni Daunstar; FanmadeLetsPlay; Parsifani; PresentLP; Raikani; Scoutley; Tabasco TV,Aggron Berlin; Milchbubis; Prekani; Rising Delibirds,data/manual/team_pokemon_usage.csv;https://docs.google.com/spreadsheets/d/11wxsKyCydVmDjp4kGLJAOLPM_LgwCLN2GYpbDQkNtkk/edit#gid=1588964432;https://docs.google.com/spreadsheets/d/11wxsKyCydVmDjp4kGLJAOLPM_LgwCLN2GYpbDQkNtkk/edit#gid=1843013406;https://docs.google.com/spreadsheets/d/13ggv8-k1WCcrrjlwXb-ZoSwhODIQlG_NVffp3TGKOgI/edit#gid=0;https://docs.google.com/spreadsheets/d/1FUsClf5qEny-BHY5Djp8rIwRJKBSJDvygJ8LBa62FEo/edit#gid=0;https://docs.google.com/spreadsheets/d/1JZpA-5XDldN2bjfvhvBPHYK-1AENETLnF1UxNEpWlNA/edit#gid=352888197;https://docs.google.com/spreadsheets/d/1kiwDk4NgYoKb0Oo9yqzwl9HXHxuQ_0I5gkb1JtE57PI/edit#gid=0;https://docs.google.com/spreadsheets/d/1nwiq_ggEj7QePeZGMR2xoi0bEHJr_ZGO24YCRdt93No/edit#gid=857670931;https://docs.google.com/spreadsheets/d/1odsNRAZStW1GzmpXwmg27dqjOlch7w8syZOZ5Z2OQRg/edit#gid=0;output/team-graphics/s3/GPL Teams Spieltag 14 (1).jpg
Pelipper,pelipper,40,17,0,17,3,"Season 3, Season 6, Season 9",0,,Minetube; Nestfloh; PresentLP; Raizor,Flutschige Zäpfchen; Soulblaze; Triyolotree,data/manual/pokemon_killlists.csv;https://docs.google.com/spreadsheets/d/11wxsKyCydVmDjp4kGLJAOLPM_LgwCLN2GYpbDQkNtkk/edit#gid=1843013406;https://docs.google.com/spreadsheets/d/1JZpA-5XDldN2bjfvhvBPHYK-1AENETLnF1UxNEpWlNA/edit#gid=352888197;https://docs.google.com/spreadsheets/d/1uo7-E_E2jbehB2hbBurpPayP_0fKY5sPZcFgZmfLydY/edit#gid=1526488506;https://docs.google.com/spreadsheets/d/1uo7-E_E2jbehB2hbBurpPayP_0fKY5sPZcFgZmfLydY/edit#gid=1696255979;https://docs.google.com/spreadsheets/d/1uo7-E_E2jbehB2hbBurpPayP_0fKY5sPZcFgZmfLydY/edit#gid=520178140
Skorgro,skorgro,0,17,0,17,3,"Season 1, Season 2, Season 6",0,,Art'n'Gaming; Cabgolord; PokeBree; PokemonFakten; PresentLP; Shiro,Prekani,https://docs.google.com/spreadsheets/d/11wxsKyCydVmDjp4kGLJAOLPM_LgwCLN2GYpbDQkNtkk/edit#gid=1588964432;https://docs.google.com/spreadsheets/d/11wxsKyCydVmDjp4kGLJAOLPM_LgwCLN2GYpbDQkNtkk/edit#gid=654435343;https://docs.google.com/spreadsheets/d/1FUsClf5qEny-BHY5Djp8rIwRJKBSJDvygJ8LBa62FEo/edit#gid=0;https://docs.google.com/spreadsheets/d/1kiwDk4NgYoKb0Oo9yqzwl9HXHxuQ_0I5gkb1JtE57PI/edit#gid=0;https://docs.google.com/spreadsheets/d/1odsNRAZStW1GzmpXwmg27dqjOlch7w8syZOZ5Z2OQRg/edit#gid=0
Tangela,tangela,1,17,0,17,5,"Season 1, Season 4, Season 5, Season 6, Season 8",0,,BelmontGabriel; Morbol; PresentLP; Raizor,Prekani; Soulstealer,data/manual/pokemon_killlists.csv;data/manual/team_pokemon_usage.csv;https://docs.google.com/spreadsheets/d/11wxsKyCydVmDjp4kGLJAOLPM_LgwCLN2GYpbDQkNtkk/edit#gid=1588964432;https://docs.google.com/spreadsheets/d/1B2uTMvWlAHb7WlpupJV1A2Hbi3K3U1vCyoFV0wCapcw/edit#gid=26363830;https://docs.google.com/spreadsheets/d/1JZpA-5XDldN2bjfvhvBPHYK-1AENETLnF1UxNEpWlNA/edit#gid=352888197;https://docs.google.com/spreadsheets/d/1kiwDk4NgYoKb0Oo9yqzwl9HXHxuQ_0I5gkb1JtE57PI/edit#gid=0;output/team-graphics/s5/SoulStealer.png
Wampitz,wampitz,6,17,0,17,1,Season 10,0,,Pokgalaxy,Tails of Mystery,https://docs.google.com/spreadsheets/d/13smsrG2BGYxr_omJWcgr-sUDr39bvOJPNL5RPt4DSow/edit#gid=1934543062
Wolwerock-Tagform,wolwerock tagform,4,17,0,17,3,"Season 5, Season 6, Season 8",0,,Art'n'Gaming; Blocki; Hydronic; Parsifani; Raizor,Aggron Successors*; Little Litleos; Soulstealer,data/manual/team_pokemon_usage.csv;https://docs.google.com/spreadsheets/d/11wxsKyCydVmDjp4kGLJAOLPM_LgwCLN2GYpbDQkNtkk/edit#gid=1588964432;https://docs.google.com/spreadsheets/d/11wxsKyCydVmDjp4kGLJAOLPM_LgwCLN2GYpbDQkNtkk/edit#gid=1843013406;https://docs.google.com/spreadsheets/d/11wxsKyCydVmDjp4kGLJAOLPM_LgwCLN2GYpbDQkNtkk/edit#gid=654435343;https://docs.google.com/spreadsheets/d/1B2uTMvWlAHb7WlpupJV1A2Hbi3K3U1vCyoFV0wCapcw/edit#gid=1846395979;https://docs.google.com/spreadsheets/d/1B2uTMvWlAHb7WlpupJV1A2Hbi3K3U1vCyoFV0wCapcw/edit#gid=26363830;https://docs.google.com/spreadsheets/d/1JZpA-5XDldN2bjfvhvBPHYK-1AENETLnF1UxNEpWlNA/edit#gid=352888197;output/team-graphics/s5/Aggron Berlin.png
Hisui-Arktilas,hisui arktilas,22,17,11,6,1,Season 10,0,,Raizor,Unbound Soul,https://docs.google.com/spreadsheets/d/13smsrG2BGYxr_omJWcgr-sUDr39bvOJPNL5RPt4DSow/edit#gid=1934543062;https://docs.google.com/spreadsheets/d/13smsrG2BGYxr_omJWcgr-sUDr39bvOJPNL5RPt4DSow/edit#gid=71150222
Maskagato,maskagato,23,17,11,6,1,Season 10,0,,Minetube,Throes Mad,https://docs.google.com/spreadsheets/d/13smsrG2BGYxr_omJWcgr-sUDr39bvOJPNL5RPt4DSow/edit#gid=1934543062;https://docs.google.com/spreadsheets/d/13smsrG2BGYxr_omJWcgr-sUDr39bvOJPNL5RPt4DSow/edit#gid=71150222
Digdri,digdri,0,16,0,16,2,"Season 3, Season 4",0,,Art'n'Gaming; Parsifani,Persian Carpets; Pyroars of the Carribean,data/manual/pokemon_killlists.csv;data/manual/team_pokemon_usage.csv;https://docs.google.com/spreadsheets/d/1JZpA-5XDldN2bjfvhvBPHYK-1AENETLnF1UxNEpWlNA/edit#gid=352888197;output/team-graphics/s3/GPL Teams Spieltag 14 (1).jpg
Fermicula,fermicula,8,16,0,16,3,"Season 3, Season 6, Season 7",1,Season 3,Cabgolord; Dauni Daunstar; PresentLP,Blades Enforcer; Milchbubis; Prekani,data/manual/team_pokemon_usage.csv;https://docs.google.com/spreadsheets/d/11wxsKyCydVmDjp4kGLJAOLPM_LgwCLN2GYpbDQkNtkk/edit#gid=1843013406;https://docs.google.com/spreadsheets/d/13ggv8-k1WCcrrjlwXb-ZoSwhODIQlG_NVffp3TGKOgI/edit#gid=0;https://docs.google.com/spreadsheets/d/1JZpA-5XDldN2bjfvhvBPHYK-1AENETLnF1UxNEpWlNA/edit#gid=352888197;https://docs.google.com/spreadsheets/d/1nwiq_ggEj7QePeZGMR2xoi0bEHJr_ZGO24YCRdt93No/edit#gid=857670931;output/team-graphics/s3/GPL Teams Spieltag 14 (1).jpg
Garados,garados,4,16,0,16,3,"Season 3, Season 5, Season 10",0,,Domji; Fnupa; RegiBang,Cabgosport; Glorious Emperors; Shining Legends,data/manual/team_pokemon_usage.csv;https://docs.google.com/spreadsheets/d/13smsrG2BGYxr_omJWcgr-sUDr39bvOJPNL5RPt4DSow/edit#gid=1934543062;https://docs.google.com/spreadsheets/d/1JZpA-5XDldN2bjfvhvBPHYK-1AENETLnF1UxNEpWlNA/edit#gid=352888197;output/team-graphics/s3/GPL Teams Spieltag 14 (2).jpg;output/team-graphics/s5/Cabgosport.png
Kopplosio,kopplosio,8,16,0,16,2,"Season 6, Season 8",0,,BelmontGabriel; Bene,Niemandsland,https://docs.google.com/spreadsheets/d/11wxsKyCydVmDjp4kGLJAOLPM_LgwCLN2GYpbDQkNtkk/edit#gid=1843013406;https://docs.google.com/spreadsheets/d/1B2uTMvWlAHb7WlpupJV1A2Hbi3K3U1vCyoFV0wCapcw/edit#gid=26363830
Kosturso,kosturso,6,16,0,16,4,"Season 4, Season 6, Season 7, Season 8",0,,BelmontGabriel; ElektechN9ne; Minetube; Stratocopter TV,Crustle Crusaders; Igalima Impoleon; Triyolotree,data/manual/team_pokemon_usage.csv;https://docs.google.com/spreadsheets/d/11wxsKyCydVmDjp4kGLJAOLPM_LgwCLN2GYpbDQkNtkk/edit#gid=1843013406;https://docs.google.com/spreadsheets/d/1B2uTMvWlAHb7WlpupJV1A2Hbi3K3U1vCyoFV0wCapcw/edit#gid=26363830;https://docs.google.com/spreadsheets/d/1JZpA-5XDldN2bjfvhvBPHYK-1AENETLnF1UxNEpWlNA/edit#gid=352888197;https://docs.google.com/spreadsheets/d/1nwiq_ggEj7QePeZGMR2xoi0bEHJr_ZGO24YCRdt93No/edit#gid=857670931;output/team-graphics/s4/Minetube - Triyolotree.png
Eisenrad,eisenrad,10,16,1,15,1,Season 10,0,,Bene; KingBlex,Cyber End Jugulis,https://docs.google.com/spreadsheets/d/13smsrG2BGYxr_omJWcgr-sUDr39bvOJPNL5RPt4DSow/edit#gid=1934543062;https://docs.google.com/spreadsheets/d/13smsrG2BGYxr_omJWcgr-sUDr39bvOJPNL5RPt4DSow/edit#gid=71150222
Pampross,pampross,20,16,4,12,4,"Season 6, Season 7, Season 8, Season 10",0,,BlackLink; ElektechN9ne; Hydronic; Nestfloh; Pokgalaxy; Tabasco TV,Aggron Berlin; Böller Brüder; Grippebärchen; Nose to Order,https://docs.google.com/spreadsheets/d/11wxsKyCydVmDjp4kGLJAOLPM_LgwCLN2GYpbDQkNtkk/edit#gid=1588964432;https://docs.google.com/spreadsheets/d/11wxsKyCydVmDjp4kGLJAOLPM_LgwCLN2GYpbDQkNtkk/edit#gid=1843013406;https://docs.google.com/spreadsheets/d/11wxsKyCydVmDjp4kGLJAOLPM_LgwCLN2GYpbDQkNtkk/edit#gid=654435343;https://docs.google.com/spreadsheets/d/13smsrG2BGYxr_omJWcgr-sUDr39bvOJPNL5RPt4DSow/edit#gid=1934543062;https://docs.google.com/spreadsheets/d/13smsrG2BGYxr_omJWcgr-sUDr39bvOJPNL5RPt4DSow/edit#gid=71150222;https://docs.google.com/spreadsheets/d/1B2uTMvWlAHb7WlpupJV1A2Hbi3K3U1vCyoFV0wCapcw/edit#gid=1846395979;https://docs.google.com/spreadsheets/d/1B2uTMvWlAHb7WlpupJV1A2Hbi3K3U1vCyoFV0wCapcw/edit#gid=26363830;https://docs.google.com/spreadsheets/d/1nwiq_ggEj7QePeZGMR2xoi0bEHJr_ZGO24YCRdt93No/edit#gid=857670931
Turtok,turtok,15,16,5,11,3,"Season 4, Season 7, Season 10",0,,Fnupa; Raizor; RegiBang,Launching Dragapults; Slicing Knights; Unbound Soul,data/manual/pokemon_killlists.csv;https://docs.google.com/spreadsheets/d/13smsrG2BGYxr_omJWcgr-sUDr39bvOJPNL5RPt4DSow/edit#gid=1934543062;https://docs.google.com/spreadsheets/d/13smsrG2BGYxr_omJWcgr-sUDr39bvOJPNL5RPt4DSow/edit#gid=71150222;https://docs.google.com/spreadsheets/d/1JZpA-5XDldN2bjfvhvBPHYK-1AENETLnF1UxNEpWlNA/edit#gid=352888197;https://docs.google.com/spreadsheets/d/1nwiq_ggEj7QePeZGMR2xoi0bEHJr_ZGO24YCRdt93No/edit#gid=857670931
Fatalitcha,fatalitcha,21,16,10,6,1,Season 10,0,,RobinVGC,Choice Bandits,https://docs.google.com/spreadsheets/d/13smsrG2BGYxr_omJWcgr-sUDr39bvOJPNL5RPt4DSow/edit#gid=1934543062;https://docs.google.com/spreadsheets/d/13smsrG2BGYxr_omJWcgr-sUDr39bvOJPNL5RPt4DSow/edit#gid=71150222
Cavalanzas,cavalanzas,7,15,0,15,3,"Season 1, Season 5, Season 7",0,,Art'n'Gaming; Fnupa; Hydronic,Baltoy Story; Cabgosport,data/manual/team_pokemon_usage.csv;https://docs.google.com/spreadsheets/d/1JZpA-5XDldN2bjfvhvBPHYK-1AENETLnF1UxNEpWlNA/edit#gid=352888197;https://docs.google.com/spreadsheets/d/1kiwDk4NgYoKb0Oo9yqzwl9HXHxuQ_0I5gkb1JtE57PI/edit#gid=0;https://docs.google.com/spreadsheets/d/1nwiq_ggEj7QePeZGMR2xoi0bEHJr_ZGO24YCRdt93No/edit#gid=857670931;output/team-graphics/s5/Cabgosport.png
Ditto,ditto,0,15,0,15,4,"Season 3, Season 4, Season 5, Season 6",0,,Art'n'Gaming; Barry D. Sin of Speed; ElektechN9ne; PokeBazi,Elekids Club; Little Littleos; Marvelous Speedsters; Nova Dragons; Schnittlauchs,data/manual/team_pokemon_usage.csv;https://docs.google.com/spreadsheets/d/11wxsKyCydVmDjp4kGLJAOLPM_LgwCLN2GYpbDQkNtkk/edit#gid=1588964432;https://docs.google.com/spreadsheets/d/11wxsKyCydVmDjp4kGLJAOLPM_LgwCLN2GYpbDQkNtkk/edit#gid=1843013406;https://docs.google.com/spreadsheets/d/11wxsKyCydVmDjp4kGLJAOLPM_LgwCLN2GYpbDQkNtkk/edit#gid=654435343;https://docs.google.com/spreadsheets/d/1JZpA-5XDldN2bjfvhvBPHYK-1AENETLnF1UxNEpWlNA/edit#gid=352888197;output/team-graphics/s3/GPL Teams Spieltag 14 (2).jpg;output/team-graphics/s4/Schnittlauchs - PokeBazi.png;output/team-graphics/s5/Marvelous Speedsters.png
Galar-Zapdos,galar zapdos,13,15,0,15,1,Season 8,0,,Barry D. Sin of Speed,,https://docs.google.com/spreadsheets/d/1B2uTMvWlAHb7WlpupJV1A2Hbi3K3U1vCyoFV0wCapcw/edit#gid=1846395979
Giga-Patinaraja,giga patinaraja,12,15,0,15,1,Season 7,0,,BlackLink,Nose to Order,https://docs.google.com/spreadsheets/d/1nwiq_ggEj7QePeZGMR2xoi0bEHJr_ZGO24YCRdt93No/edit#gid=857670931
Mega-Skaraborn,mega skaraborn,0,15,0,15,2,"Season 5, Season 6",0,,Art'n'Gaming; Bene,Little Litleos; Victini Bottom,data/manual/team_pokemon_usage.csv;https://docs.google.com/spreadsheets/d/11wxsKyCydVmDjp4kGLJAOLPM_LgwCLN2GYpbDQkNtkk/edit#gid=1843013406;https://docs.google.com/spreadsheets/d/1JZpA-5XDldN2bjfvhvBPHYK-1AENETLnF1UxNEpWlNA/edit#gid=352888197;output/team-graphics/s5/Victini Bottom.png
Mega-Tohaido,mega tohaido,0,15,0,15,1,Season 6,0,,ElektechN9ne,Elekids Club,https://docs.google.com/spreadsheets/d/11wxsKyCydVmDjp4kGLJAOLPM_LgwCLN2GYpbDQkNtkk/edit#gid=1843013406;https://docs.google.com/spreadsheets/d/11wxsKyCydVmDjp4kGLJAOLPM_LgwCLN2GYpbDQkNtkk/edit#gid=654435343
Mega-Zobiris,mega zobiris,0,15,0,15,2,"Season 2, Season 3",0,,Lauris; Minetube,Enteigeddon*³ **¹,data/manual/pokemon_killlists.csv;https://docs.google.com/spreadsheets/d/1JZpA-5XDldN2bjfvhvBPHYK-1AENETLnF1UxNEpWlNA/edit#gid=352888197;https://docs.google.com/spreadsheets/d/1odsNRAZStW1GzmpXwmg27dqjOlch7w8syZOZ5Z2OQRg/edit#gid=0
Tectass,tectass,0,15,0,15,2,"Season 5, Season 6",0,,CaptainCrinch; Parsifani; Raizor,Aggron Successors*; Crinchilla; Soulstealer,data/manual/team_pokemon_usage.csv;https://docs.google.com/spreadsheets/d/11wxsKyCydVmDjp4kGLJAOLPM_LgwCLN2GYpbDQkNtkk/edit#gid=1588964432;https://docs.google.com/spreadsheets/d/11wxsKyCydVmDjp4kGLJAOLPM_LgwCLN2GYpbDQkNtkk/edit#gid=1843013406;https://docs.google.com/spreadsheets/d/1JZpA-5XDldN2bjfvhvBPHYK-1AENETLnF1UxNEpWlNA/edit#gid=352888197;output/team-graphics/s5/Aggron Berlin.png
Ursaring,ursaring,6,15,2,13,2,"Season 4, Season 10",0,,Art'n'Gaming; Nestfloh,Böller Brüder; Pyroars of the Carribean,data/manual/pokemon_killlists.csv;https://docs.google.com/spreadsheets/d/13smsrG2BGYxr_omJWcgr-sUDr39bvOJPNL5RPt4DSow/edit#gid=1934543062;https://docs.google.com/spreadsheets/d/13smsrG2BGYxr_omJWcgr-sUDr39bvOJPNL5RPt4DSow/edit#gid=71150222;https://docs.google.com/spreadsheets/d/1JZpA-5XDldN2bjfvhvBPHYK-1AENETLnF1UxNEpWlNA/edit#gid=352888197
Eisenhals,eisenhals,14,15,3,12,1,Season 10,0,,KingBlex; PresentLP,Cyber End Jugulis,https://docs.google.com/spreadsheets/d/13smsrG2BGYxr_omJWcgr-sUDr39bvOJPNL5RPt4DSow/edit#gid=1934543062;https://docs.google.com/spreadsheets/d/13smsrG2BGYxr_omJWcgr-sUDr39bvOJPNL5RPt4DSow/edit#gid=71150222
Anego,anego,0,14,0,14,1,Season 6,0,,PokeBazi,Pokebassis,https://docs.google.com/spreadsheets/d/11wxsKyCydVmDjp4kGLJAOLPM_LgwCLN2GYpbDQkNtkk/edit#gid=1588964432;https://docs.google.com/spreadsheets/d/11wxsKyCydVmDjp4kGLJAOLPM_LgwCLN2GYpbDQkNtkk/edit#gid=654435343
Elfun,elfun,37,14,0,14,6,"Season 2, Season 5, Season 6, Season 7, Season 8, Season 9",1,Season 5,Barry D. Sin of Speed; Bene; DirtyD64; Hydronic; Lauris; Minetube; Nestfloh; Zant017,Akatsuki Amphibianz; Baltoy Story; Kleinsteins;Gate; Shockwaving Magearnas; Triyolotree,data/manual/team_pokemon_usage.csv;https://docs.google.com/spreadsheets/d/11wxsKyCydVmDjp4kGLJAOLPM_LgwCLN2GYpbDQkNtkk/edit#gid=1588964432;https://docs.google.com/spreadsheets/d/11wxsKyCydVmDjp4kGLJAOLPM_LgwCLN2GYpbDQkNtkk/edit#gid=654435343;https://docs.google.com/spreadsheets/d/1B2uTMvWlAHb7WlpupJV1A2Hbi3K3U1vCyoFV0wCapcw/edit#gid=26363830;https://docs.google.com/spreadsheets/d/1FUsClf5qEny-BHY5Djp8rIwRJKBSJDvygJ8LBa62FEo/edit#gid=0;https://docs.google.com/spreadsheets/d/1JZpA-5XDldN2bjfvhvBPHYK-1AENETLnF1UxNEpWlNA/edit#gid=352888197;https://docs.google.com/spreadsheets/d/1nONaKwJcrN04APGKN-HrZ8yavwZdFkfnaA59Zp1sdBU/edit#gid=1708603996;https://docs.google.com/spreadsheets/d/1nwiq_ggEj7QePeZGMR2xoi0bEHJr_ZGO24YCRdt93No/edit#gid=857670931;https://docs.google.com/spreadsheets/d/1odsNRAZStW1GzmpXwmg27dqjOlch7w8syZOZ5Z2OQRg/edit#gid=0;https://docs.google.com/spreadsheets/d/1uo7-E_E2jbehB2hbBurpPayP_0fKY5sPZcFgZmfLydY/edit#gid=1526488506;https://docs.google.com/spreadsheets/d/1uo7-E_E2jbehB2hbBurpPayP_0fKY5sPZcFgZmfLydY/edit#gid=1696255979;https://docs.google.com/spreadsheets/d/1uo7-E_E2jbehB2hbBurpPayP_0fKY5sPZcFgZmfLydY/edit#gid=520178140;output/team-graphics/s5/Shockwaving Magearnas.png
Gorgasonn,gorgasonn,22,14,0,14,3,"Season 7, Season 8, Season 9",0,,Maxi von Vogel; Pokgalaxy; PresentLP,Fen and Gator; PrekaKnight,https://docs.google.com/spreadsheets/d/1B2uTMvWlAHb7WlpupJV1A2Hbi3K3U1vCyoFV0wCapcw/edit#gid=1846395979;https://docs.google.com/spreadsheets/d/1nwiq_ggEj7QePeZGMR2xoi0bEHJr_ZGO24YCRdt93No/edit#gid=857670931;https://docs.google.com/spreadsheets/d/1uo7-E_E2jbehB2hbBurpPayP_0fKY5sPZcFgZmfLydY/edit#gid=1526488506;https://docs.google.com/spreadsheets/d/1uo7-E_E2jbehB2hbBurpPayP_0fKY5sPZcFgZmfLydY/edit#gid=1696255979;https://docs.google.com/spreadsheets/d/1uo7-E_E2jbehB2hbBurpPayP_0fKY5sPZcFgZmfLydY/edit#gid=520178140
Lauchzelot,lauchzelot,7,14,0,14,1,Season 7,0,,PresentLP,PrekaKnight,https://docs.google.com/spreadsheets/d/1nwiq_ggEj7QePeZGMR2xoi0bEHJr_ZGO24YCRdt93No/edit#gid=857670931
Monargoras,monargoras,4,14,0,14,3,"Season 1, Season 5, Season 8",0,,Art'n'Gaming; PresentLP; Shiro,Little Litleos*,data/manual/pokemon_killlists.csv;https://docs.google.com/spreadsheets/d/1B2uTMvWlAHb7WlpupJV1A2Hbi3K3U1vCyoFV0wCapcw/edit#gid=26363830;https://docs.google.com/spreadsheets/d/1JZpA-5XDldN2bjfvhvBPHYK-1AENETLnF1UxNEpWlNA/edit#gid=352888197;https://docs.google.com/spreadsheets/d/1kiwDk4NgYoKb0Oo9yqzwl9HXHxuQ_0I5gkb1JtE57PI/edit#gid=0
Moruda,moruda,5,14,0,14,4,"Season 5, Season 6, Season 7, Season 8",0,,Barry D. Sin of Speed; Blocki; CaptainCrinch; Fnupa; Hydronic; Parsifani,Cabgosport; Crinchilla; Mythical FighterZ; Skywalking Zacians,data/manual/pokemon_killlists.csv;https://docs.google.com/spreadsheets/d/11wxsKyCydVmDjp4kGLJAOLPM_LgwCLN2GYpbDQkNtkk/edit#gid=1588964432;https://docs.google.com/spreadsheets/d/11wxsKyCydVmDjp4kGLJAOLPM_LgwCLN2GYpbDQkNtkk/edit#gid=1843013406;https://docs.google.com/spreadsheets/d/1B2uTMvWlAHb7WlpupJV1A2Hbi3K3U1vCyoFV0wCapcw/edit#gid=1846395979;https://docs.google.com/spreadsheets/d/1B2uTMvWlAHb7WlpupJV1A2Hbi3K3U1vCyoFV0wCapcw/edit#gid=26363830;https://docs.google.com/spreadsheets/d/1JZpA-5XDldN2bjfvhvBPHYK-1AENETLnF1UxNEpWlNA/edit#gid=352888197;https://docs.google.com/spreadsheets/d/1nwiq_ggEj7QePeZGMR2xoi0bEHJr_ZGO24YCRdt93No/edit#gid=857670931
Piepi,piepi,36,14,0,14,7,"Season 3, Season 4, Season 6, Season 7, Season 8, Season 9, Season 10",0,,Bene; CrowdController; Dauni Daunstar; Hydronic; KingBlex; OGDNZ; PresentLP,Prekani; Riffex Pontifex; Scherzkekse; Squid Squad; Unlimited Blade Works*¹; Variant Vulpix,data/manual/pokemon_killlists.csv;data/manual/team_pokemon_usage.csv;https://docs.google.com/spreadsheets/d/11wxsKyCydVmDjp4kGLJAOLPM_LgwCLN2GYpbDQkNtkk/edit#gid=1588964432;https://docs.google.com/spreadsheets/d/11wxsKyCydVmDjp4kGLJAOLPM_LgwCLN2GYpbDQkNtkk/edit#gid=654435343;https://docs.google.com/spreadsheets/d/13smsrG2BGYxr_omJWcgr-sUDr39bvOJPNL5RPt4DSow/edit#gid=1934543062;https://docs.google.com/spreadsheets/d/1B2uTMvWlAHb7WlpupJV1A2Hbi3K3U1vCyoFV0wCapcw/edit#gid=1846395979;https://docs.google.com/spreadsheets/d/1B2uTMvWlAHb7WlpupJV1A2Hbi3K3U1vCyoFV0wCapcw/edit#gid=26363830;https://docs.google.com/spreadsheets/d/1JZpA-5XDldN2bjfvhvBPHYK-1AENETLnF1UxNEpWlNA/edit#gid=352888197;https://docs.google.com/spreadsheets/d/1nwiq_ggEj7QePeZGMR2xoi0bEHJr_ZGO24YCRdt93No/edit#gid=857670931;https://docs.google.com/spreadsheets/d/1uo7-E_E2jbehB2hbBurpPayP_0fKY5sPZcFgZmfLydY/edit#gid=1526488506;https://docs.google.com/spreadsheets/d/1uo7-E_E2jbehB2hbBurpPayP_0fKY5sPZcFgZmfLydY/edit#gid=1696255979;https://docs.google.com/spreadsheets/d/1uo7-E_E2jbehB2hbBurpPayP_0fKY5sPZcFgZmfLydY/edit#gid=520178140;output/team-graphics/s3/GPL Teams Spieltag 14 (2).jpg
Skorgla,skorgla,9,14,0,14,6,"Season 2, Season 3, Season 4, Season 5, Season 6, Season 10",0,,Asalakoren; MeLevies; Minetube; Nestfloh; Sirazoa; SurskitTV; glebber,Absolutism; Energie Tobutz; Eon Engine; Flutschige Zäpfchen; Shocking Shaymins; Triyolotree,data/manual/pokemon_killlists.csv;data/manual/team_pokemon_usage.csv;https://docs.google.com/spreadsheets/d/11wxsKyCydVmDjp4kGLJAOLPM_LgwCLN2GYpbDQkNtkk/edit#gid=1588964432;https://docs.google.com/spreadsheets/d/11wxsKyCydVmDjp4kGLJAOLPM_LgwCLN2GYpbDQkNtkk/edit#gid=1843013406;https://docs.google.com/spreadsheets/d/13smsrG2BGYxr_omJWcgr-sUDr39bvOJPNL5RPt4DSow/edit#gid=1934543062;https://docs.google.com/spreadsheets/d/1FUsClf5qEny-BHY5Djp8rIwRJKBSJDvygJ8LBa62FEo/edit#gid=0;https://docs.google.com/spreadsheets/d/1JZpA-5XDldN2bjfvhvBPHYK-1AENETLnF1UxNEpWlNA/edit#gid=352888197;output/team-graphics/s3/GPL Teams Spieltag 14 (2).jpg
Bandelby,bandelby,12,14,1,13,3,"Season 4, Season 7, Season 10",0,,Bene; Domji; Nestfloh; SurskitTV,Riffex Pontifex; Shining Legends; Surstars,data/manual/team_pokemon_usage.csv;https://docs.google.com/spreadsheets/d/13smsrG2BGYxr_omJWcgr-sUDr39bvOJPNL5RPt4DSow/edit#gid=1934543062;https://docs.google.com/spreadsheets/d/13smsrG2BGYxr_omJWcgr-sUDr39bvOJPNL5RPt4DSow/edit#gid=71150222;https://docs.google.com/spreadsheets/d/1JZpA-5XDldN2bjfvhvBPHYK-1AENETLnF1UxNEpWlNA/edit#gid=352888197;https://docs.google.com/spreadsheets/d/1nwiq_ggEj7QePeZGMR2xoi0bEHJr_ZGO24YCRdt93No/edit#gid=857670931;output/team-graphics/s4/Surstars - SurskitTV.png
Ambidiffel,ambidiffel,9,14,5,9,3,"Season 3, Season 6, Season 10",0,,Dauni Daunstar; FanmadeLetsPlay; PresentLP,Coldlauncher; Pfundskerle; Prekani,data/manual/team_pokemon_usage.csv;https://docs.google.com/spreadsheets/d/11wxsKyCydVmDjp4kGLJAOLPM_LgwCLN2GYpbDQkNtkk/edit#gid=1588964432;https://docs.google.com/spreadsheets/d/11wxsKyCydVmDjp4kGLJAOLPM_LgwCLN2GYpbDQkNtkk/edit#gid=654435343;https://docs.google.com/spreadsheets/d/13smsrG2BGYxr_omJWcgr-sUDr39bvOJPNL5RPt4DSow/edit#gid=1934543062;https://docs.google.com/spreadsheets/d/13smsrG2BGYxr_omJWcgr-sUDr39bvOJPNL5RPt4DSow/edit#gid=71150222;https://docs.google.com/spreadsheets/d/1JZpA-5XDldN2bjfvhvBPHYK-1AENETLnF1UxNEpWlNA/edit#gid=352888197;output/team-graphics/s3/GPL Teams Spieltag 14 (1).jpg
Dragoran,dragoran,15,14,5,9,5,"Season 1, Season 2, Season 6, Season 8, Season 10",0,,FanmadeLetsPlay; Pokgalaxy; PresentLP; Raizor; Scoutley,Prekani; Rising Delibirds,https://docs.google.com/spreadsheets/d/11wxsKyCydVmDjp4kGLJAOLPM_LgwCLN2GYpbDQkNtkk/edit#gid=1588964432;https://docs.google.com/spreadsheets/d/13smsrG2BGYxr_omJWcgr-sUDr39bvOJPNL5RPt4DSow/edit#gid=1934543062;https://docs.google.com/spreadsheets/d/13smsrG2BGYxr_omJWcgr-sUDr39bvOJPNL5RPt4DSow/edit#gid=71150222;https://docs.google.com/spreadsheets/d/1B2uTMvWlAHb7WlpupJV1A2Hbi3K3U1vCyoFV0wCapcw/edit#gid=1846395979;https://docs.google.com/spreadsheets/d/1FUsClf5qEny-BHY5Djp8rIwRJKBSJDvygJ8LBa62FEo/edit#gid=0;https://docs.google.com/spreadsheets/d/1kiwDk4NgYoKb0Oo9yqzwl9HXHxuQ_0I5gkb1JtE57PI/edit#gid=0
Granforgita,granforgita,14,14,6,8,1,Season 10,1,Season 10,Bene,Wackel Backel,https://docs.google.com/spreadsheets/d/13smsrG2BGYxr_omJWcgr-sUDr39bvOJPNL5RPt4DSow/edit#gid=1215904780;https://docs.google.com/spreadsheets/d/13smsrG2BGYxr_omJWcgr-sUDr39bvOJPNL5RPt4DSow/edit#gid=1934543062;https://docs.google.com/spreadsheets/d/13smsrG2BGYxr_omJWcgr-sUDr39bvOJPNL5RPt4DSow/edit#gid=1953790464;https://docs.google.com/spreadsheets/d/13smsrG2BGYxr_omJWcgr-sUDr39bvOJPNL5RPt4DSow/edit#gid=71150222
Deoxys-Geschwindigkeit,deoxys geschwindigkeit,20,14,10,4,1,Season 10,1,Season 10,Bene,Wackel Backel,https://docs.google.com/spreadsheets/d/13smsrG2BGYxr_omJWcgr-sUDr39bvOJPNL5RPt4DSow/edit#gid=1215904780;https://docs.google.com/spreadsheets/d/13smsrG2BGYxr_omJWcgr-sUDr39bvOJPNL5RPt4DSow/edit#gid=1934543062;https://docs.google.com/spreadsheets/d/13smsrG2BGYxr_omJWcgr-sUDr39bvOJPNL5RPt4DSow/edit#gid=1953790464;https://docs.google.com/spreadsheets/d/13smsrG2BGYxr_omJWcgr-sUDr39bvOJPNL5RPt4DSow/edit#gid=71150222
Amoroso,amoroso,2,13,0,13,2,"Season 4, Season 8",0,,PokeBazi; RegiBang,Schnittlauchs,data/manual/team_pokemon_usage.csv;https://docs.google.com/spreadsheets/d/1B2uTMvWlAHb7WlpupJV1A2Hbi3K3U1vCyoFV0wCapcw/edit#gid=26363830;https://docs.google.com/spreadsheets/d/1JZpA-5XDldN2bjfvhvBPHYK-1AENETLnF1UxNEpWlNA/edit#gid=352888197;output/team-graphics/s4/Schnittlauchs - PokeBazi.png
Eisenhand,eisenhand,12,13,0,13,1,Season 10,0,,KingBlex,Cyber End Jugulis,https://docs.google.com/spreadsheets/d/13smsrG2BGYxr_omJWcgr-sUDr39bvOJPNL5RPt4DSow/edit#gid=1934543062
Giga-Machomei,giga machomei,5,13,0,13,1,Season 7,0,,Tabasco TV,Aggron Berlin,https://docs.google.com/spreadsheets/d/1nwiq_ggEj7QePeZGMR2xoi0bEHJr_ZGO24YCRdt93No/edit#gid=857670931
Glaziola,glaziola,4,13,0,13,1,Season 7,0,,Hydronic,Baltoy Story,https://docs.google.com/spreadsheets/d/1nwiq_ggEj7QePeZGMR2xoi0bEHJr_ZGO24YCRdt93No/edit#gid=857670931
Mega Flunkifer,mega flunkifer,0,13,0,13,1,Season 1,0,,DirtyD64,,https://docs.google.com/spreadsheets/d/1kiwDk4NgYoKb0Oo9yqzwl9HXHxuQ_0I5gkb1JtE57PI/edit#gid=0
Mega Stolloss,mega stolloss,0,13,0,13,3,"Season 1, Season 2, Season 6",0,,Asalakoren; DaumenkinoLP; Shiro,Absolutism,https://docs.google.com/spreadsheets/d/11wxsKyCydVmDjp4kGLJAOLPM_LgwCLN2GYpbDQkNtkk/edit#gid=1588964432;https://docs.google.com/spreadsheets/d/1FUsClf5qEny-BHY5Djp8rIwRJKBSJDvygJ8LBa62FEo/edit#gid=0;https://docs.google.com/spreadsheets/d/1kiwDk4NgYoKb0Oo9yqzwl9HXHxuQ_0I5gkb1JtE57PI/edit#gid=0
Roserade,roserade,18,13,0,13,7,"Season 1, Season 2, Season 3, Season 6, Season 7, Season 8, Season 9",0,,Bene; Blocki; DaumenkinoLP; DirtyD64; ElektechN9ne; Maxi von Vogel; Pokgalaxy; Shiro; WolvX,Elekids Club; Fen and Gator; Munich Magbys*²; Riffex Pontifex,data/manual/pokemon_killlists.csv;https://docs.google.com/spreadsheets/d/11wxsKyCydVmDjp4kGLJAOLPM_LgwCLN2GYpbDQkNtkk/edit#gid=654435343;https://docs.google.com/spreadsheets/d/1B2uTMvWlAHb7WlpupJV1A2Hbi3K3U1vCyoFV0wCapcw/edit#gid=1846395979;https://docs.google.com/spreadsheets/d/1B2uTMvWlAHb7WlpupJV1A2Hbi3K3U1vCyoFV0wCapcw/edit#gid=26363830;https://docs.google.com/spreadsheets/d/1JZpA-5XDldN2bjfvhvBPHYK-1AENETLnF1UxNEpWlNA/edit#gid=352888197;https://docs.google.com/spreadsheets/d/1kiwDk4NgYoKb0Oo9yqzwl9HXHxuQ_0I5gkb1JtE57PI/edit#gid=0;https://docs.google.com/spreadsheets/d/1nwiq_ggEj7QePeZGMR2xoi0bEHJr_ZGO24YCRdt93No/edit#gid=857670931;https://docs.google.com/spreadsheets/d/1odsNRAZStW1GzmpXwmg27dqjOlch7w8syZOZ5Z2OQRg/edit#gid=0;https://docs.google.com/spreadsheets/d/1uo7-E_E2jbehB2hbBurpPayP_0fKY5sPZcFgZmfLydY/edit#gid=1526488506;https://docs.google.com/spreadsheets/d/1uo7-E_E2jbehB2hbBurpPayP_0fKY5sPZcFgZmfLydY/edit#gid=1696255979;https://docs.google.com/spreadsheets/d/1uo7-E_E2jbehB2hbBurpPayP_0fKY5sPZcFgZmfLydY/edit#gid=520178140
Skuntank,skuntank,12,13,0,13,5,"Season 3, Season 4, Season 6, Season 7, Season 9",0,,Blocki; Minetube; Nestfloh; Parsifani; PokeBazi; PresentLP,Persian Carpets; Prekani; Therapiepi; Triyolotree; Voltwizards,data/manual/team_pokemon_usage.csv;https://docs.google.com/spreadsheets/d/11wxsKyCydVmDjp4kGLJAOLPM_LgwCLN2GYpbDQkNtkk/edit#gid=1588964432;https://docs.google.com/spreadsheets/d/1JZpA-5XDldN2bjfvhvBPHYK-1AENETLnF1UxNEpWlNA/edit#gid=352888197;https://docs.google.com/spreadsheets/d/1nwiq_ggEj7QePeZGMR2xoi0bEHJr_ZGO24YCRdt93No/edit#gid=857670931;https://docs.google.com/spreadsheets/d/1uo7-E_E2jbehB2hbBurpPayP_0fKY5sPZcFgZmfLydY/edit#gid=1526488506;https://docs.google.com/spreadsheets/d/1uo7-E_E2jbehB2hbBurpPayP_0fKY5sPZcFgZmfLydY/edit#gid=1696255979;https://docs.google.com/spreadsheets/d/1uo7-E_E2jbehB2hbBurpPayP_0fKY5sPZcFgZmfLydY/edit#gid=520178140;output/team-graphics/s3/GPL Teams Spieltag 14 (1).jpg;output/team-graphics/s4/Minetube - Triyolotree.png
Typ:Null,typ null,4,13,0,13,4,"Season 5, Season 6, Season 7, Season 8",1,Season 5,Barry D. Sin of Speed; Cabgolord; Dauni Daunstar; Lauris; Maxi von Vogel,Blades Enforcer; Milchbubis; Nova Dragons; Shockwaving Magearnas,data/manual/team_pokemon_usage.csv;https://docs.google.com/spreadsheets/d/11wxsKyCydVmDjp4kGLJAOLPM_LgwCLN2GYpbDQkNtkk/edit#gid=1588964432;https://docs.google.com/spreadsheets/d/11wxsKyCydVmDjp4kGLJAOLPM_LgwCLN2GYpbDQkNtkk/edit#gid=1843013406;https://docs.google.com/spreadsheets/d/11wxsKyCydVmDjp4kGLJAOLPM_LgwCLN2GYpbDQkNtkk/edit#gid=654435343;https://docs.google.com/spreadsheets/d/1B2uTMvWlAHb7WlpupJV1A2Hbi3K3U1vCyoFV0wCapcw/edit#gid=1846395979;https://docs.google.com/spreadsheets/d/1JZpA-5XDldN2bjfvhvBPHYK-1AENETLnF1UxNEpWlNA/edit#gid=352888197;https://docs.google.com/spreadsheets/d/1nONaKwJcrN04APGKN-HrZ8yavwZdFkfnaA59Zp1sdBU/edit#gid=1708603996;https://docs.google.com/spreadsheets/d/1nwiq_ggEj7QePeZGMR2xoi0bEHJr_ZGO24YCRdt93No/edit#gid=857670931;output/team-graphics/s5/Shockwaving Magearnas.png
Sandfell,sandfell,10,13,1,12,1,Season 10,0,,Dauni Daunstar; OGDNZ,Squid Squad,https://docs.google.com/spreadsheets/d/13smsrG2BGYxr_omJWcgr-sUDr39bvOJPNL5RPt4DSow/edit#gid=1934543062;https://docs.google.com/spreadsheets/d/13smsrG2BGYxr_omJWcgr-sUDr39bvOJPNL5RPt4DSow/edit#gid=71150222
Beatori,beatori,18,13,10,3,1,Season 10,0,,PresentLP,Prekani,https://docs.google.com/spreadsheets/d/13smsrG2BGYxr_omJWcgr-sUDr39bvOJPNL5RPt4DSow/edit#gid=1934543062;https://docs.google.com/spreadsheets/d/13smsrG2BGYxr_omJWcgr-sUDr39bvOJPNL5RPt4DSow/edit#gid=71150222
Bissbark,bissbark,12,12,0,12,3,"Season 5, Season 6, Season 9",0,,Bene; KingBlex; OGDNZ; glebber,Energie Tobutz; Kleinsteins;Gate; Toon World,data/manual/team_pokemon_usage.csv;https://docs.google.com/spreadsheets/d/11wxsKyCydVmDjp4kGLJAOLPM_LgwCLN2GYpbDQkNtkk/edit#gid=1843013406;https://docs.google.com/spreadsheets/d/11wxsKyCydVmDjp4kGLJAOLPM_LgwCLN2GYpbDQkNtkk/edit#gid=654435343;https://docs.google.com/spreadsheets/d/1JZpA-5XDldN2bjfvhvBPHYK-1AENETLnF1UxNEpWlNA/edit#gid=352888197;https://docs.google.com/spreadsheets/d/1uo7-E_E2jbehB2hbBurpPayP_0fKY5sPZcFgZmfLydY/edit#gid=1526488506;https://docs.google.com/spreadsheets/d/1uo7-E_E2jbehB2hbBurpPayP_0fKY5sPZcFgZmfLydY/edit#gid=1696255979;https://docs.google.com/spreadsheets/d/1uo7-E_E2jbehB2hbBurpPayP_0fKY5sPZcFgZmfLydY/edit#gid=520178140;output/team-graphics/s5/Energie Tobutz.png
Duokles,duokles,5,12,0,12,3,"Season 3, Season 6, Season 7",0,,BelmontGabriel; Craycom; Shiro,Igalima Impoleon; Munich Magbys*²; Strubbelohr Bande,data/manual/team_pokemon_usage.csv;https://docs.google.com/spreadsheets/d/11wxsKyCydVmDjp4kGLJAOLPM_LgwCLN2GYpbDQkNtkk/edit#gid=1843013406;https://docs.google.com/spreadsheets/d/1JZpA-5XDldN2bjfvhvBPHYK-1AENETLnF1UxNEpWlNA/edit#gid=352888197;https://docs.google.com/spreadsheets/d/1nwiq_ggEj7QePeZGMR2xoi0bEHJr_ZGO24YCRdt93No/edit#gid=857670931;output/team-graphics/s3/GPL Teams Spieltag 14 (1).jpg
Kapoera,kapoera,8,12,0,12,5,"Season 2, Season 3, Season 4, Season 8, Season 10",0,,Bene; CaptainCrinch; Domji; Oktopaul; Parsifani,Petalburg Panchams; Shining Legends; Suicide Squad,data/manual/pokemon_killlists.csv;data/manual/team_pokemon_usage.csv;https://docs.google.com/spreadsheets/d/13smsrG2BGYxr_omJWcgr-sUDr39bvOJPNL5RPt4DSow/edit#gid=1934543062;https://docs.google.com/spreadsheets/d/1B2uTMvWlAHb7WlpupJV1A2Hbi3K3U1vCyoFV0wCapcw/edit#gid=26363830;https://docs.google.com/spreadsheets/d/1JZpA-5XDldN2bjfvhvBPHYK-1AENETLnF1UxNEpWlNA/edit#gid=352888197;https://docs.google.com/spreadsheets/d/1odsNRAZStW1GzmpXwmg27dqjOlch7w8syZOZ5Z2OQRg/edit#gid=0;output/team-graphics/s4/Suicide Squad - CaptainCrinch.png
Mega Guardevoir,mega guardevoir,0,12,0,12,2,"Season 1, Season 5",0,,PokemonFakten; glebber,Energie Tobutz,data/manual/pokemon_killlists.csv;https://docs.google.com/spreadsheets/d/1JZpA-5XDldN2bjfvhvBPHYK-1AENETLnF1UxNEpWlNA/edit#gid=352888197;https://docs.google.com/spreadsheets/d/1kiwDk4NgYoKb0Oo9yqzwl9HXHxuQ_0I5gkb1JtE57PI/edit#gid=0
Mega-Despotar,mega despotar,0,12,0,12,1,Season 6,0,,Bene,Kleinsteins;Gate,https://docs.google.com/spreadsheets/d/11wxsKyCydVmDjp4kGLJAOLPM_LgwCLN2GYpbDQkNtkk/edit#gid=1843013406;https://docs.google.com/spreadsheets/d/11wxsKyCydVmDjp4kGLJAOLPM_LgwCLN2GYpbDQkNtkk/edit#gid=654435343
Regirock,regirock,1,12,0,12,5,"Season 2, Season 3, Season 4, Season 6, Season 8",1,Season 3,Cabgolord; ElektechN9ne; Kuchenjaeger; PresentLP; SurskitTV,Blades Enforcer; Prekani; Surstars,data/manual/team_pokemon_usage.csv;https://docs.google.com/spreadsheets/d/11wxsKyCydVmDjp4kGLJAOLPM_LgwCLN2GYpbDQkNtkk/edit#gid=1843013406;https://docs.google.com/spreadsheets/d/11wxsKyCydVmDjp4kGLJAOLPM_LgwCLN2GYpbDQkNtkk/edit#gid=654435343;https://docs.google.com/spreadsheets/d/13ggv8-k1WCcrrjlwXb-ZoSwhODIQlG_NVffp3TGKOgI/edit#gid=0;https://docs.google.com/spreadsheets/d/1B2uTMvWlAHb7WlpupJV1A2Hbi3K3U1vCyoFV0wCapcw/edit#gid=26363830;https://docs.google.com/spreadsheets/d/1FUsClf5qEny-BHY5Djp8rIwRJKBSJDvygJ8LBa62FEo/edit#gid=0;https://docs.google.com/spreadsheets/d/1JZpA-5XDldN2bjfvhvBPHYK-1AENETLnF1UxNEpWlNA/edit#gid=352888197;output/team-graphics/s3/GPL Teams Spieltag 14 (1).jpg;output/team-graphics/s4/Surstars - SurskitTV.png
Thanathora,thanathora,0,12,0,12,1,Season 3,0,,Minetube,Triyolotree,data/manual/team_pokemon_usage.csv;https://docs.google.com/spreadsheets/d/1JZpA-5XDldN2bjfvhvBPHYK-1AENETLnF1UxNEpWlNA/edit#gid=352888197;output/team-graphics/s3/GPL Teams Spieltag 14 (2).jpg
Alola-Sleimok,alola sleimok,1,12,1,11,3,"Season 5, Season 6, Season 10",0,,CaptainCrinch; Nestfloh; Raizor,Crinchilla; Soulstealer,data/manual/team_pokemon_usage.csv;https://docs.google.com/spreadsheets/d/11wxsKyCydVmDjp4kGLJAOLPM_LgwCLN2GYpbDQkNtkk/edit#gid=1588964432;https://docs.google.com/spreadsheets/d/13smsrG2BGYxr_omJWcgr-sUDr39bvOJPNL5RPt4DSow/edit#gid=71150222;https://docs.google.com/spreadsheets/d/1JZpA-5XDldN2bjfvhvBPHYK-1AENETLnF1UxNEpWlNA/edit#gid=352888197;output/team-graphics/s5/Crinchilla.png
Drifzepeli,drifzepeli,2,12,2,10,4,"Season 1, Season 5, Season 7, Season 10",0,,ElektechN9ne; Minetube; Raizor; Shiro,Elekid's Club; Soulstealer,data/manual/team_pokemon_usage.csv;https://docs.google.com/spreadsheets/d/13smsrG2BGYxr_omJWcgr-sUDr39bvOJPNL5RPt4DSow/edit#gid=71150222;https://docs.google.com/spreadsheets/d/1JZpA-5XDldN2bjfvhvBPHYK-1AENETLnF1UxNEpWlNA/edit#gid=352888197;https://docs.google.com/spreadsheets/d/1kiwDk4NgYoKb0Oo9yqzwl9HXHxuQ_0I5gkb1JtE57PI/edit#gid=0;https://docs.google.com/spreadsheets/d/1nwiq_ggEj7QePeZGMR2xoi0bEHJr_ZGO24YCRdt93No/edit#gid=857670931;output/team-graphics/s5/SoulStealer.png
Registeel,registeel,8,12,3,9,2,"Season 2, Season 10",0,,RobinVGC; Zant017,Choice Bandits,https://docs.google.com/spreadsheets/d/13smsrG2BGYxr_omJWcgr-sUDr39bvOJPNL5RPt4DSow/edit#gid=1934543062;https://docs.google.com/spreadsheets/d/13smsrG2BGYxr_omJWcgr-sUDr39bvOJPNL5RPt4DSow/edit#gid=71150222;https://docs.google.com/spreadsheets/d/1odsNRAZStW1GzmpXwmg27dqjOlch7w8syZOZ5Z2OQRg/edit#gid=0
Crimanzo,crimanzo,10,12,5,7,1,Season 10,0,,Dauni Daunstar,Pfundskerle,https://docs.google.com/spreadsheets/d/13smsrG2BGYxr_omJWcgr-sUDr39bvOJPNL5RPt4DSow/edit#gid=1934543062;https://docs.google.com/spreadsheets/d/13smsrG2BGYxr_omJWcgr-sUDr39bvOJPNL5RPt4DSow/edit#gid=71150222
Zobiris,zobiris,24,12,5,7,5,"Season 1, Season 2, Season 6, Season 9, Season 10",0,,Blocki; Dauni Daunstar; DirtyD64; Nestfloh; PentaPlayer; Raizor; RegiBang,Pfundskerle; Tectass Toppas; Voltwizards,https://docs.google.com/spreadsheets/d/11wxsKyCydVmDjp4kGLJAOLPM_LgwCLN2GYpbDQkNtkk/edit#gid=1843013406;https://docs.google.com/spreadsheets/d/13smsrG2BGYxr_omJWcgr-sUDr39bvOJPNL5RPt4DSow/edit#gid=1934543062;https://docs.google.com/spreadsheets/d/13smsrG2BGYxr_omJWcgr-sUDr39bvOJPNL5RPt4DSow/edit#gid=71150222;https://docs.google.com/spreadsheets/d/1kiwDk4NgYoKb0Oo9yqzwl9HXHxuQ_0I5gkb1JtE57PI/edit#gid=0;https://docs.google.com/spreadsheets/d/1odsNRAZStW1GzmpXwmg27dqjOlch7w8syZOZ5Z2OQRg/edit#gid=0;https://docs.google.com/spreadsheets/d/1uo7-E_E2jbehB2hbBurpPayP_0fKY5sPZcFgZmfLydY/edit#gid=1526488506;https://docs.google.com/spreadsheets/d/1uo7-E_E2jbehB2hbBurpPayP_0fKY5sPZcFgZmfLydY/edit#gid=1696255979;https://docs.google.com/spreadsheets/d/1uo7-E_E2jbehB2hbBurpPayP_0fKY5sPZcFgZmfLydY/edit#gid=520178140
Amigento-Fee,amigento fee,7,11,0,11,4,"Season 5, Season 6, Season 7, Season 8",0,,Barry D. Sin of Speed; BlackLink; Parsifani; Raizor,Aggron Successors*; Skywalking Zacians; Soulstealer,data/manual/team_pokemon_usage.csv;https://docs.google.com/spreadsheets/d/11wxsKyCydVmDjp4kGLJAOLPM_LgwCLN2GYpbDQkNtkk/edit#gid=1588964432;https://docs.google.com/spreadsheets/d/1B2uTMvWlAHb7WlpupJV1A2Hbi3K3U1vCyoFV0wCapcw/edit#gid=1846395979;https://docs.google.com/spreadsheets/d/1JZpA-5XDldN2bjfvhvBPHYK-1AENETLnF1UxNEpWlNA/edit#gid=352888197;https://docs.google.com/spreadsheets/d/1nwiq_ggEj7QePeZGMR2xoi0bEHJr_ZGO24YCRdt93No/edit#gid=857670931;output/team-graphics/s5/Aggron Berlin.png
Barrikadax,barrikadax,5,11,0,11,1,Season 7,0,,Bene,Riffex Pontifex,https://docs.google.com/spreadsheets/d/1nwiq_ggEj7QePeZGMR2xoi0bEHJr_ZGO24YCRdt93No/edit#gid=857670931
Dartignis,dartignis,0,11,0,11,1,Season 3,0,,Minetube,Triyolotree,data/manual/team_pokemon_usage.csv;https://docs.google.com/spreadsheets/d/1JZpA-5XDldN2bjfvhvBPHYK-1AENETLnF1UxNEpWlNA/edit#gid=352888197;output/team-graphics/s3/GPL Teams Spieltag 14 (2).jpg
Parfinesse,parfinesse,2,11,0,11,4,"Season 3, Season 6, Season 7, Season 8",0,,BelmontGabriel; BlackLink; OGDNZ; Raizor; SurskitTV,Majora's Maskeregen; Niemandsland; Soulstealer; Surstars,data/manual/pokemon_killlists.csv;https://docs.google.com/spreadsheets/d/11wxsKyCydVmDjp4kGLJAOLPM_LgwCLN2GYpbDQkNtkk/edit#gid=1588964432;https://docs.google.com/spreadsheets/d/11wxsKyCydVmDjp4kGLJAOLPM_LgwCLN2GYpbDQkNtkk/edit#gid=1843013406;https://docs.google.com/spreadsheets/d/11wxsKyCydVmDjp4kGLJAOLPM_LgwCLN2GYpbDQkNtkk/edit#gid=654435343;https://docs.google.com/spreadsheets/d/1B2uTMvWlAHb7WlpupJV1A2Hbi3K3U1vCyoFV0wCapcw/edit#gid=1846395979;https://docs.google.com/spreadsheets/d/1JZpA-5XDldN2bjfvhvBPHYK-1AENETLnF1UxNEpWlNA/edit#gid=352888197;https://docs.google.com/spreadsheets/d/1nwiq_ggEj7QePeZGMR2xoi0bEHJr_ZGO24YCRdt93No/edit#gid=857670931
Psiana,psiana,6,11,0,11,3,"Season 2, Season 3, Season 10",0,,Bene; Domji; PokeBazi,Shining Legends; Unlimited Blade Works*¹,data/manual/pokemon_killlists.csv;https://docs.google.com/spreadsheets/d/13smsrG2BGYxr_omJWcgr-sUDr39bvOJPNL5RPt4DSow/edit#gid=1934543062;https://docs.google.com/spreadsheets/d/1JZpA-5XDldN2bjfvhvBPHYK-1AENETLnF1UxNEpWlNA/edit#gid=352888197;https://docs.google.com/spreadsheets/d/1odsNRAZStW1GzmpXwmg27dqjOlch7w8syZOZ5Z2OQRg/edit#gid=0
Staraptor,staraptor,0,11,0,11,2,"Season 2, Season 6",0,,Art'n'Gaming; BlackLink; Lets Kayze,Majora's Maskeregen,https://docs.google.com/spreadsheets/d/11wxsKyCydVmDjp4kGLJAOLPM_LgwCLN2GYpbDQkNtkk/edit#gid=1588964432;https://docs.google.com/spreadsheets/d/1FUsClf5qEny-BHY5Djp8rIwRJKBSJDvygJ8LBa62FEo/edit#gid=0;https://docs.google.com/spreadsheets/d/1odsNRAZStW1GzmpXwmg27dqjOlch7w8syZOZ5Z2OQRg/edit#gid=0
Aggrostella,aggrostella,6,11,3,8,2,"Season 5, Season 10",0,,Bene; RobinVGC,Choice Bandits; Victini Bottom,data/manual/team_pokemon_usage.csv;https://docs.google.com/spreadsheets/d/13smsrG2BGYxr_omJWcgr-sUDr39bvOJPNL5RPt4DSow/edit#gid=1934543062;https://docs.google.com/spreadsheets/d/13smsrG2BGYxr_omJWcgr-sUDr39bvOJPNL5RPt4DSow/edit#gid=71150222;https://docs.google.com/spreadsheets/d/1JZpA-5XDldN2bjfvhvBPHYK-1AENETLnF1UxNEpWlNA/edit#gid=352888197;output/team-graphics/s5/Victini Bottom.png
Silvarro,silvarro,24,11,7,4,5,"Season 4, Season 6, Season 7, Season 8, Season 10",0,,BlackLink; CaptainCrinch; PokeBazi; Raizor; RegiBang,Crinchilla; Majora's Maskeregen; Schnittlauchs; Unbound Soul,data/manual/team_pokemon_usage.csv;https://docs.google.com/spreadsheets/d/11wxsKyCydVmDjp4kGLJAOLPM_LgwCLN2GYpbDQkNtkk/edit#gid=1588964432;https://docs.google.com/spreadsheets/d/13smsrG2BGYxr_omJWcgr-sUDr39bvOJPNL5RPt4DSow/edit#gid=1934543062;https://docs.google.com/spreadsheets/d/13smsrG2BGYxr_omJWcgr-sUDr39bvOJPNL5RPt4DSow/edit#gid=71150222;https://docs.google.com/spreadsheets/d/1B2uTMvWlAHb7WlpupJV1A2Hbi3K3U1vCyoFV0wCapcw/edit#gid=26363830;https://docs.google.com/spreadsheets/d/1JZpA-5XDldN2bjfvhvBPHYK-1AENETLnF1UxNEpWlNA/edit#gid=352888197;https://docs.google.com/spreadsheets/d/1nwiq_ggEj7QePeZGMR2xoi0bEHJr_ZGO24YCRdt93No/edit#gid=857670931;output/team-graphics/s4/Schnittlauchs - PokeBazi.png
Deponitox,deponitox,6,10,0,10,3,"Season 6, Season 7, Season 8",0,,Asalakoren; Bene; BlackLink; Dauni Daunstar; RegiBang,Absolutism; Launching Dragapults; Lazycakes,https://docs.google.com/spreadsheets/d/11wxsKyCydVmDjp4kGLJAOLPM_LgwCLN2GYpbDQkNtkk/edit#gid=1588964432;https://docs.google.com/spreadsheets/d/11wxsKyCydVmDjp4kGLJAOLPM_LgwCLN2GYpbDQkNtkk/edit#gid=1843013406;https://docs.google.com/spreadsheets/d/1B2uTMvWlAHb7WlpupJV1A2Hbi3K3U1vCyoFV0wCapcw/edit#gid=1846395979;https://docs.google.com/spreadsheets/d/1B2uTMvWlAHb7WlpupJV1A2Hbi3K3U1vCyoFV0wCapcw/edit#gid=26363830;https://docs.google.com/spreadsheets/d/1nwiq_ggEj7QePeZGMR2xoi0bEHJr_ZGO24YCRdt93No/edit#gid=857670931
Giga-Drapfel,giga drapfel,6,10,0,10,1,Season 7,0,,PokeBazi,Therapiepi,https://docs.google.com/spreadsheets/d/1nwiq_ggEj7QePeZGMR2xoi0bEHJr_ZGO24YCRdt93No/edit#gid=857670931
Hippoterus,hippoterus,0,10,0,10,3,"Season 3, Season 5, Season 6",0,,Art'n'Gaming; Professor N; Raizor,Howling Commandos; Little Litleos; Unbound Zoroarks,data/manual/team_pokemon_usage.csv;https://docs.google.com/spreadsheets/d/11wxsKyCydVmDjp4kGLJAOLPM_LgwCLN2GYpbDQkNtkk/edit#gid=1843013406;https://docs.google.com/spreadsheets/d/1JZpA-5XDldN2bjfvhvBPHYK-1AENETLnF1UxNEpWlNA/edit#gid=352888197;output/team-graphics/s3/GPL Teams Spieltag 14 (1).jpg;output/team-graphics/s5/Howling Commandos.png
Kabutops,kabutops,4,10,0,10,2,"Season 2, Season 9",0,,Dauni Daunstar; FanmadeLetsPlay; Hydronic,Scherzkekse,https://docs.google.com/spreadsheets/d/1FUsClf5qEny-BHY5Djp8rIwRJKBSJDvygJ8LBa62FEo/edit#gid=0;https://docs.google.com/spreadsheets/d/1uo7-E_E2jbehB2hbBurpPayP_0fKY5sPZcFgZmfLydY/edit#gid=1526488506;https://docs.google.com/spreadsheets/d/1uo7-E_E2jbehB2hbBurpPayP_0fKY5sPZcFgZmfLydY/edit#gid=1696255979;https://docs.google.com/spreadsheets/d/1uo7-E_E2jbehB2hbBurpPayP_0fKY5sPZcFgZmfLydY/edit#gid=520178140
Pyroleo,pyroleo,0,10,0,10,2,"Season 3, Season 4",0,,Art'n'Gaming,Little Littleos; Pyroars of the Carribean,data/manual/pokemon_killlists.csv;data/manual/team_pokemon_usage.csv;https://docs.google.com/spreadsheets/d/1JZpA-5XDldN2bjfvhvBPHYK-1AENETLnF1UxNEpWlNA/edit#gid=352888197;output/team-graphics/s3/GPL Teams Spieltag 14 (2).jpg
Riesenzahn,riesenzahn,11,10,0,10,1,Season 10,0,,Sirazoa,Eon Engine,https://docs.google.com/spreadsheets/d/13smsrG2BGYxr_omJWcgr-sUDr39bvOJPNL5RPt4DSow/edit#gid=1934543062
Sen-Long,sen long,0,10,0,10,3,"Season 5, Season 6, Season 7",1,Season 5,Art'n'Gaming; Lauris; PresentLP,Little Litleos; PrekaKnight; Shockwaving Magearnas,data/manual/team_pokemon_usage.csv;https://docs.google.com/spreadsheets/d/11wxsKyCydVmDjp4kGLJAOLPM_LgwCLN2GYpbDQkNtkk/edit#gid=1843013406;https://docs.google.com/spreadsheets/d/11wxsKyCydVmDjp4kGLJAOLPM_LgwCLN2GYpbDQkNtkk/edit#gid=654435343;https://docs.google.com/spreadsheets/d/1JZpA-5XDldN2bjfvhvBPHYK-1AENETLnF1UxNEpWlNA/edit#gid=352888197;https://docs.google.com/spreadsheets/d/1nONaKwJcrN04APGKN-HrZ8yavwZdFkfnaA59Zp1sdBU/edit#gid=1708603996;https://docs.google.com/spreadsheets/d/1nwiq_ggEj7QePeZGMR2xoi0bEHJr_ZGO24YCRdt93No/edit#gid=857670931;output/team-graphics/s5/Shockwaving Magearnas.png
Tohaido,tohaido,4,10,0,10,1,Season 8,0,,KingBlex,,https://docs.google.com/spreadsheets/d/1B2uTMvWlAHb7WlpupJV1A2Hbi3K3U1vCyoFV0wCapcw/edit#gid=1846395979
Voltula,voltula,4,10,0,10,6,"Season 1, Season 2, Season 4, Season 6, Season 7, Season 8",0,,Cabgolord; DiaSwordPlay; Hydronic; Nestfloh; Scoutley; Shizumania; SurskitTV,Baltoy Story; Rising Delibirds; Surstars,data/manual/team_pokemon_usage.csv;https://docs.google.com/spreadsheets/d/11wxsKyCydVmDjp4kGLJAOLPM_LgwCLN2GYpbDQkNtkk/edit#gid=1588964432;https://docs.google.com/spreadsheets/d/1B2uTMvWlAHb7WlpupJV1A2Hbi3K3U1vCyoFV0wCapcw/edit#gid=26363830;https://docs.google.com/spreadsheets/d/1FUsClf5qEny-BHY5Djp8rIwRJKBSJDvygJ8LBa62FEo/edit#gid=0;https://docs.google.com/spreadsheets/d/1JZpA-5XDldN2bjfvhvBPHYK-1AENETLnF1UxNEpWlNA/edit#gid=352888197;https://docs.google.com/spreadsheets/d/1kiwDk4NgYoKb0Oo9yqzwl9HXHxuQ_0I5gkb1JtE57PI/edit#gid=0;https://docs.google.com/spreadsheets/d/1nwiq_ggEj7QePeZGMR2xoi0bEHJr_ZGO24YCRdt93No/edit#gid=857670931;https://docs.google.com/spreadsheets/d/1odsNRAZStW1GzmpXwmg27dqjOlch7w8syZOZ5Z2OQRg/edit#gid=0;output/team-graphics/s4/Surstars - SurskitTV.png
Cupidos-T,cupidos t,10,10,4,6,1,Season 10,0,,Raizor,Unbound Soul,https://docs.google.com/spreadsheets/d/13smsrG2BGYxr_omJWcgr-sUDr39bvOJPNL5RPt4DSow/edit#gid=1934543062;https://docs.google.com/spreadsheets/d/13smsrG2BGYxr_omJWcgr-sUDr39bvOJPNL5RPt4DSow/edit#gid=71150222
Bailonda,bailonda,14,10,6,4,1,Season 10,1,Season 10,Bene,Wackel Backel,https://docs.google.com/spreadsheets/d/13smsrG2BGYxr_omJWcgr-sUDr39bvOJPNL5RPt4DSow/edit#gid=1215904780;https://docs.google.com/spreadsheets/d/13smsrG2BGYxr_omJWcgr-sUDr39bvOJPNL5RPt4DSow/edit#gid=1934543062;https://docs.google.com/spreadsheets/d/13smsrG2BGYxr_omJWcgr-sUDr39bvOJPNL5RPt4DSow/edit#gid=1953790464;https://docs.google.com/spreadsheets/d/13smsrG2BGYxr_omJWcgr-sUDr39bvOJPNL5RPt4DSow/edit#gid=71150222
Cupidos-I,cupidos i,16,10,8,2,1,Season 10,0,,RobinVGC,Choice Bandits,https://docs.google.com/spreadsheets/d/13smsrG2BGYxr_omJWcgr-sUDr39bvOJPNL5RPt4DSow/edit#gid=1934543062;https://docs.google.com/spreadsheets/d/13smsrG2BGYxr_omJWcgr-sUDr39bvOJPNL5RPt4DSow/edit#gid=71150222
Infamomo,infamomo,6,9,0,9,1,Season 10,0,,Snomnie,Corvi Crushers,https://docs.google.com/spreadsheets/d/13smsrG2BGYxr_omJWcgr-sUDr39bvOJPNL5RPt4DSow/edit#gid=1934543062
Kolowal,kolowal,7,9,0,9,1,Season 10,0,,Sirazoa,Eon Engine,https://docs.google.com/spreadsheets/d/13smsrG2BGYxr_omJWcgr-sUDr39bvOJPNL5RPt4DSow/edit#gid=1934543062
Mega-Rexblisar,mega rexblisar,0,9,0,9,1,Season 2,0,,Parsifani,,https://docs.google.com/spreadsheets/d/1odsNRAZStW1GzmpXwmg27dqjOlch7w8syZOZ5Z2OQRg/edit#gid=0
Pantimos,pantimos,15,9,0,9,3,"Season 3, Season 7, Season 9",1,Season 9,Bene; Dauni Daunstar; Raizor,Milchbubis; Unbound Zoroarks; Victory Instinct,data/manual/team_pokemon_usage.csv;https://docs.google.com/spreadsheets/d/1JZpA-5XDldN2bjfvhvBPHYK-1AENETLnF1UxNEpWlNA/edit#gid=352888197;https://docs.google.com/spreadsheets/d/1nwiq_ggEj7QePeZGMR2xoi0bEHJr_ZGO24YCRdt93No/edit#gid=857670931;https://docs.google.com/spreadsheets/d/1uo7-E_E2jbehB2hbBurpPayP_0fKY5sPZcFgZmfLydY/edit#gid=1526488506;https://docs.google.com/spreadsheets/d/1uo7-E_E2jbehB2hbBurpPayP_0fKY5sPZcFgZmfLydY/edit#gid=1696255979;https://docs.google.com/spreadsheets/d/1uo7-E_E2jbehB2hbBurpPayP_0fKY5sPZcFgZmfLydY/edit#gid=1953155019;https://docs.google.com/spreadsheets/d/1uo7-E_E2jbehB2hbBurpPayP_0fKY5sPZcFgZmfLydY/edit#gid=520178140;output/team-graphics/s3/GPL Teams Spieltag 14 (1).jpg
Tornupto,tornupto,0,9,0,9,2,"Season 2, Season 5",0,,CaptainCrinch; Zant017,Crinchilla,data/manual/team_pokemon_usage.csv;https://docs.google.com/spreadsheets/d/1JZpA-5XDldN2bjfvhvBPHYK-1AENETLnF1UxNEpWlNA/edit#gid=352888197;https://docs.google.com/spreadsheets/d/1odsNRAZStW1GzmpXwmg27dqjOlch7w8syZOZ5Z2OQRg/edit#gid=0;output/team-graphics/s5/Crinchilla.png
Mottineva,mottineva,6,9,2,7,2,"Season 7, Season 10",0,,PokeBazi; PresentLP,Prekani; Therapiepi,https://docs.google.com/spreadsheets/d/13smsrG2BGYxr_omJWcgr-sUDr39bvOJPNL5RPt4DSow/edit#gid=1934543062;https://docs.google.com/spreadsheets/d/13smsrG2BGYxr_omJWcgr-sUDr39bvOJPNL5RPt4DSow/edit#gid=71150222;https://docs.google.com/spreadsheets/d/1nwiq_ggEj7QePeZGMR2xoi0bEHJr_ZGO24YCRdt93No/edit#gid=857670931
Aeropteryx,aeropteryx,0,8,0,8,3,"Season 3, Season 5, Season 6",0,,Bene; Minetube; Shiro,Munich Magbys*²; Triyolotree; Victini Bottom,data/manual/pokemon_killlists.csv;data/manual/team_pokemon_usage.csv;https://docs.google.com/spreadsheets/d/11wxsKyCydVmDjp4kGLJAOLPM_LgwCLN2GYpbDQkNtkk/edit#gid=1588964432;https://docs.google.com/spreadsheets/d/1JZpA-5XDldN2bjfvhvBPHYK-1AENETLnF1UxNEpWlNA/edit#gid=352888197;output/team-graphics/s3/GPL Teams Spieltag 14 (1).jpg
Baldorfish,baldorfish,3,8,0,8,3,"Season 5, Season 7, Season 8",0,,Hydronic; Professor N; Raizor,Baltoy Story; Howling Commandos,data/manual/team_pokemon_usage.csv;https://docs.google.com/spreadsheets/d/1B2uTMvWlAHb7WlpupJV1A2Hbi3K3U1vCyoFV0wCapcw/edit#gid=1846395979;https://docs.google.com/spreadsheets/d/1JZpA-5XDldN2bjfvhvBPHYK-1AENETLnF1UxNEpWlNA/edit#gid=352888197;https://docs.google.com/spreadsheets/d/1nwiq_ggEj7QePeZGMR2xoi0bEHJr_ZGO24YCRdt93No/edit#gid=857670931;output/team-graphics/s5/Howling Commandos.png
Galar-Smogmog,galar smogmog,12,8,0,8,2,"Season 7, Season 8",0,,Barry D. Sin of Speed; BlackLink; Dauni Daunstar,Nose to Order,https://docs.google.com/spreadsheets/d/1B2uTMvWlAHb7WlpupJV1A2Hbi3K3U1vCyoFV0wCapcw/edit#gid=1846395979;https://docs.google.com/spreadsheets/d/1B2uTMvWlAHb7WlpupJV1A2Hbi3K3U1vCyoFV0wCapcw/edit#gid=26363830;https://docs.google.com/spreadsheets/d/1nwiq_ggEj7QePeZGMR2xoi0bEHJr_ZGO24YCRdt93No/edit#gid=857670931
Mantax,mantax,3,8,0,8,2,"Season 4, Season 7",1,Season 4,BelmontGabriel; Bene,Igalima Impoleon; Ritter der Tapukokosnuss,data/manual/team_pokemon_usage.csv;https://docs.google.com/spreadsheets/d/1JZpA-5XDldN2bjfvhvBPHYK-1AENETLnF1UxNEpWlNA/edit#gid=352888197;https://docs.google.com/spreadsheets/d/1nwiq_ggEj7QePeZGMR2xoi0bEHJr_ZGO24YCRdt93No/edit#gid=857670931;https://docs.google.com/spreadsheets/d/1rZd3D0JRNj3lK0ZKdMXPLvCNBofRhFsvW0AlPuBk3VE/edit#gid=0;output/team-graphics/s4/Ritter der Tapukokosnuss - FullLifeGames.png
Ogerpon,ogerpon,9,8,0,8,1,Season 10,0,,Blocki; Dauni Daunstar,Kastanienbomber,https://docs.google.com/spreadsheets/d/13smsrG2BGYxr_omJWcgr-sUDr39bvOJPNL5RPt4DSow/edit#gid=1934543062;https://docs.google.com/spreadsheets/d/13smsrG2BGYxr_omJWcgr-sUDr39bvOJPNL5RPt4DSow/edit#gid=71150222
Quartermak,quartermak,16,8,0,8,2,"Season 8, Season 9",0,,BelmontGabriel; KingBlex; OGDNZ,Toon World,https://docs.google.com/spreadsheets/d/1B2uTMvWlAHb7WlpupJV1A2Hbi3K3U1vCyoFV0wCapcw/edit#gid=26363830;https://docs.google.com/spreadsheets/d/1uo7-E_E2jbehB2hbBurpPayP_0fKY5sPZcFgZmfLydY/edit#gid=1526488506;https://docs.google.com/spreadsheets/d/1uo7-E_E2jbehB2hbBurpPayP_0fKY5sPZcFgZmfLydY/edit#gid=1696255979;https://docs.google.com/spreadsheets/d/1uo7-E_E2jbehB2hbBurpPayP_0fKY5sPZcFgZmfLydY/edit#gid=520178140
Quaxo,quaxo,0,8,0,8,1,Season 2,0,,FanmadeLetsPlay; PentaPlayer,,https://docs.google.com/spreadsheets/d/1FUsClf5qEny-BHY5Djp8rIwRJKBSJDvygJ8LBa62FEo/edit#gid=0;https://docs.google.com/spreadsheets/d/1odsNRAZStW1GzmpXwmg27dqjOlch7w8syZOZ5Z2OQRg/edit#gid=0
Sandamer,sandamer,0,8,0,8,1,Season 3,0,,SurskitTV,Surstars,data/manual/team_pokemon_usage.csv;https://docs.google.com/spreadsheets/d/1JZpA-5XDldN2bjfvhvBPHYK-1AENETLnF1UxNEpWlNA/edit#gid=352888197;output/team-graphics/s3/GPL Teams Spieltag 14 (2).jpg
Irokex,irokex,18,8,5,3,2,"Season 9, Season 10",1,Season 9,BelmontGabriel; Bene; Nestfloh,Böller Brüder; Victory Instinct,https://docs.google.com/spreadsheets/d/13smsrG2BGYxr_omJWcgr-sUDr39bvOJPNL5RPt4DSow/edit#gid=1934543062;https://docs.google.com/spreadsheets/d/13smsrG2BGYxr_omJWcgr-sUDr39bvOJPNL5RPt4DSow/edit#gid=71150222;https://docs.google.com/spreadsheets/d/1uo7-E_E2jbehB2hbBurpPayP_0fKY5sPZcFgZmfLydY/edit#gid=1526488506;https://docs.google.com/spreadsheets/d/1uo7-E_E2jbehB2hbBurpPayP_0fKY5sPZcFgZmfLydY/edit#gid=1696255979;https://docs.google.com/spreadsheets/d/1uo7-E_E2jbehB2hbBurpPayP_0fKY5sPZcFgZmfLydY/edit#gid=1953155019;https://docs.google.com/spreadsheets/d/1uo7-E_E2jbehB2hbBurpPayP_0fKY5sPZcFgZmfLydY/edit#gid=520178140
Alpollo,alpollo,1,7,0,7,3,"Season 3, Season 5, Season 7",0,,Bene; BlackLink; Professor N,Howling Commandos; Nose to Order; Unlimited Blade Works*¹,data/manual/pokemon_killlists.csv;https://docs.google.com/spreadsheets/d/1JZpA-5XDldN2bjfvhvBPHYK-1AENETLnF1UxNEpWlNA/edit#gid=352888197;https://docs.google.com/spreadsheets/d/1nwiq_ggEj7QePeZGMR2xoi0bEHJr_ZGO24YCRdt93No/edit#gid=857670931
Bojelin,bojelin,0,7,0,7,1,Season 3,0,,Bene,Unlimited Blade Works*¹,data/manual/team_pokemon_usage.csv;https://docs.google.com/spreadsheets/d/1JZpA-5XDldN2bjfvhvBPHYK-1AENETLnF1UxNEpWlNA/edit#gid=352888197;output/team-graphics/s3/GPL Teams Spieltag 14 (2).jpg
Galar-Laschoking,galar laschoking,10,7,0,7,1,Season 10,0,,Pokgalaxy,Tails of Mystery,https://docs.google.com/spreadsheets/d/13smsrG2BGYxr_omJWcgr-sUDr39bvOJPNL5RPt4DSow/edit#gid=1934543062
Giga-Deponitox,giga deponitox,4,7,0,7,1,Season 7,0,,Barry D. Sin of Speed,Skywalking Zacians,https://docs.google.com/spreadsheets/d/1nwiq_ggEj7QePeZGMR2xoi0bEHJr_ZGO24YCRdt93No/edit#gid=857670931
Gladimperio,gladimperio,7,7,0,7,1,Season 10,0,,Domji,Shining Legends,https://docs.google.com/spreadsheets/d/13smsrG2BGYxr_omJWcgr-sUDr39bvOJPNL5RPt4DSow/edit#gid=1934543062
Hisui-Arkani,hisui arkani,8,7,0,7,1,Season 10,0,,KingBlex,Cyber End Jugulis,https://docs.google.com/spreadsheets/d/13smsrG2BGYxr_omJWcgr-sUDr39bvOJPNL5RPt4DSow/edit#gid=1934543062
Hoopa-Entfesselt,hoopa entfesselt,7,7,0,7,1,Season 10,0,,KingBlex,Cyber End Jugulis,https://docs.google.com/spreadsheets/d/13smsrG2BGYxr_omJWcgr-sUDr39bvOJPNL5RPt4DSow/edit#gid=1934543062
Mega-Lahmus,mega lahmus,0,7,0,7,1,Season 6,0,,Scoutley,Rising Delibirds,https://docs.google.com/spreadsheets/d/11wxsKyCydVmDjp4kGLJAOLPM_LgwCLN2GYpbDQkNtkk/edit#gid=1588964432
Morlord,morlord,0,7,0,7,3,"Season 1, Season 3, Season 6",0,,Art'n'Gaming; Parsifani; SurskitTV,Little Litleos; Persian Carpets,data/manual/team_pokemon_usage.csv;https://docs.google.com/spreadsheets/d/11wxsKyCydVmDjp4kGLJAOLPM_LgwCLN2GYpbDQkNtkk/edit#gid=1843013406;https://docs.google.com/spreadsheets/d/11wxsKyCydVmDjp4kGLJAOLPM_LgwCLN2GYpbDQkNtkk/edit#gid=654435343;https://docs.google.com/spreadsheets/d/1JZpA-5XDldN2bjfvhvBPHYK-1AENETLnF1UxNEpWlNA/edit#gid=352888197;https://docs.google.com/spreadsheets/d/1kiwDk4NgYoKb0Oo9yqzwl9HXHxuQ_0I5gkb1JtE57PI/edit#gid=0;output/team-graphics/s3/GPL Teams Spieltag 14 (1).jpg
Pumpdjinn-XL,pumpdjinn xl,3,7,0,7,3,"Season 5, Season 6, Season 7",0,,Art'n'Gaming; Fnupa; Tabasco TV,Aggron Berlin; Cabgosport; Little Litleos,data/manual/team_pokemon_usage.csv;https://docs.google.com/spreadsheets/d/11wxsKyCydVmDjp4kGLJAOLPM_LgwCLN2GYpbDQkNtkk/edit#gid=1843013406;https://docs.google.com/spreadsheets/d/11wxsKyCydVmDjp4kGLJAOLPM_LgwCLN2GYpbDQkNtkk/edit#gid=654435343;https://docs.google.com/spreadsheets/d/1JZpA-5XDldN2bjfvhvBPHYK-1AENETLnF1UxNEpWlNA/edit#gid=352888197;https://docs.google.com/spreadsheets/d/1nwiq_ggEj7QePeZGMR2xoi0bEHJr_ZGO24YCRdt93No/edit#gid=857670931;output/team-graphics/s5/Cabgosport.png
Sabbaione,sabbaione,2,7,0,7,3,"Season 3, Season 5, Season 8",0,,Fnupa; OGDNZ; SurskitTV,Cabgosport; Surstars,data/manual/pokemon_killlists.csv;https://docs.google.com/spreadsheets/d/1B2uTMvWlAHb7WlpupJV1A2Hbi3K3U1vCyoFV0wCapcw/edit#gid=1846395979;https://docs.google.com/spreadsheets/d/1JZpA-5XDldN2bjfvhvBPHYK-1AENETLnF1UxNEpWlNA/edit#gid=352888197
Illumise,illumise,11,7,5,2,1,Season 10,0,,RobinVGC,Choice Bandits,https://docs.google.com/spreadsheets/d/13smsrG2BGYxr_omJWcgr-sUDr39bvOJPNL5RPt4DSow/edit#gid=1934543062;https://docs.google.com/spreadsheets/d/13smsrG2BGYxr_omJWcgr-sUDr39bvOJPNL5RPt4DSow/edit#gid=71150222
Aerodactyl,aerodactyl,5,6,0,6,3,"Season 5, Season 6, Season 8",0,,Asalakoren; BelmontGabriel; BlackLink; Craycom; PresentLP,Absolutism; Prekani; Strubbelohr Bande,data/manual/team_pokemon_usage.csv;https://docs.google.com/spreadsheets/d/11wxsKyCydVmDjp4kGLJAOLPM_LgwCLN2GYpbDQkNtkk/edit#gid=1588964432;https://docs.google.com/spreadsheets/d/11wxsKyCydVmDjp4kGLJAOLPM_LgwCLN2GYpbDQkNtkk/edit#gid=1843013406;https://docs.google.com/spreadsheets/d/1B2uTMvWlAHb7WlpupJV1A2Hbi3K3U1vCyoFV0wCapcw/edit#gid=1846395979;https://docs.google.com/spreadsheets/d/1B2uTMvWlAHb7WlpupJV1A2Hbi3K3U1vCyoFV0wCapcw/edit#gid=26363830;https://docs.google.com/spreadsheets/d/1JZpA-5XDldN2bjfvhvBPHYK-1AENETLnF1UxNEpWlNA/edit#gid=352888197;output/team-graphics/s5/Prekani.png
Alola-Digdri,alola digdri,4,6,0,6,1,Season 7,0,,CaptainCrinch,Crinchilla,https://docs.google.com/spreadsheets/d/1nwiq_ggEj7QePeZGMR2xoi0bEHJr_ZGO24YCRdt93No/edit#gid=857670931
Aranestro,aranestro,7,6,0,6,1,Season 8,0,,BelmontGabriel; Pokgalaxy,,https://docs.google.com/spreadsheets/d/1B2uTMvWlAHb7WlpupJV1A2Hbi3K3U1vCyoFV0wCapcw/edit#gid=1846395979;https://docs.google.com/spreadsheets/d/1B2uTMvWlAHb7WlpupJV1A2Hbi3K3U1vCyoFV0wCapcw/edit#gid=26363830
Eisenfalter,eisenfalter,8,6,0,6,1,Season 10,0,,OGDNZ,Squid Squad,https://docs.google.com/spreadsheets/d/13smsrG2BGYxr_omJWcgr-sUDr39bvOJPNL5RPt4DSow/edit#gid=1934543062
Granbull,granbull,0,6,0,6,3,"Season 3, Season 5, Season 6",0,,Cabgolord; Lauris; Minetube,Blades Enforcer; Enteigeddon*³ **¹; Triyolotree,data/manual/pokemon_killlists.csv;data/manual/team_pokemon_usage.csv;https://docs.google.com/spreadsheets/d/11wxsKyCydVmDjp4kGLJAOLPM_LgwCLN2GYpbDQkNtkk/edit#gid=1843013406;https://docs.google.com/spreadsheets/d/1JZpA-5XDldN2bjfvhvBPHYK-1AENETLnF1UxNEpWlNA/edit#gid=352888197;output/team-graphics/s5/Triyolotree.png
Gufa,gufa,2,6,0,6,3,"Season 5, Season 6, Season 7",0,,Art'n'Gaming; BelmontGabriel; CaptainCrinch,Crinchilla; Little Litleos*; Niemandsland,data/manual/pokemon_killlists.csv;https://docs.google.com/spreadsheets/d/11wxsKyCydVmDjp4kGLJAOLPM_LgwCLN2GYpbDQkNtkk/edit#gid=1843013406;https://docs.google.com/spreadsheets/d/1JZpA-5XDldN2bjfvhvBPHYK-1AENETLnF1UxNEpWlNA/edit#gid=352888197;https://docs.google.com/spreadsheets/d/1nwiq_ggEj7QePeZGMR2xoi0bEHJr_ZGO24YCRdt93No/edit#gid=857670931
Hundemon,hundemon,0,6,0,6,2,"Season 5, Season 6",1,Season 5,Asalakoren; Lauris,Absolutism; Shockwaving Magearnas,data/manual/pokemon_killlists.csv;https://docs.google.com/spreadsheets/d/11wxsKyCydVmDjp4kGLJAOLPM_LgwCLN2GYpbDQkNtkk/edit#gid=1588964432;https://docs.google.com/spreadsheets/d/1JZpA-5XDldN2bjfvhvBPHYK-1AENETLnF1UxNEpWlNA/edit#gid=352888197;https://docs.google.com/spreadsheets/d/1nONaKwJcrN04APGKN-HrZ8yavwZdFkfnaA59Zp1sdBU/edit#gid=1708603996
Lohgock,lohgock,0,6,0,6,1,Season 4,0,,PokeBazi,Schnittlauchs,data/manual/pokemon_killlists.csv;https://docs.google.com/spreadsheets/d/1JZpA-5XDldN2bjfvhvBPHYK-1AENETLnF1UxNEpWlNA/edit#gid=352888197
Mega-Firnontor,mega firnontor,0,6,0,6,1,Season 4,0,,Art'n'Gaming,Pyroars of the Carribean,data/manual/pokemon_killlists.csv;https://docs.google.com/spreadsheets/d/1JZpA-5XDldN2bjfvhvBPHYK-1AENETLnF1UxNEpWlNA/edit#gid=352888197
Nockchan,nockchan,3,6,0,6,4,"Season 4, Season 5, Season 8, Season 10",0,,MeLevies; Pokgalaxy; Snomnie; glebber,Corvi Crushers; Energie Tobutz; Shocking Shaymins,data/manual/team_pokemon_usage.csv;https://docs.google.com/spreadsheets/d/13smsrG2BGYxr_omJWcgr-sUDr39bvOJPNL5RPt4DSow/edit#gid=1934543062;https://docs.google.com/spreadsheets/d/1B2uTMvWlAHb7WlpupJV1A2Hbi3K3U1vCyoFV0wCapcw/edit#gid=1846395979;https://docs.google.com/spreadsheets/d/1JZpA-5XDldN2bjfvhvBPHYK-1AENETLnF1UxNEpWlNA/edit#gid=352888197;output/team-graphics/s4/Shocking Shaymins - MeLevies.png;output/team-graphics/s5/Energie Tobutz.png
Schlaraffel,schlaraffel,6,6,0,6,1,Season 9,0,,Barry D. Sin of Speed; Minetube,Akatsuki Amphibianz,https://docs.google.com/spreadsheets/d/1uo7-E_E2jbehB2hbBurpPayP_0fKY5sPZcFgZmfLydY/edit#gid=1526488506;https://docs.google.com/spreadsheets/d/1uo7-E_E2jbehB2hbBurpPayP_0fKY5sPZcFgZmfLydY/edit#gid=1696255979;https://docs.google.com/spreadsheets/d/1uo7-E_E2jbehB2hbBurpPayP_0fKY5sPZcFgZmfLydY/edit#gid=520178140
Servol (männlich),servol maennlich,1,6,0,6,1,Season 7,0,,ElektechN9ne,Elekid's Club,https://docs.google.com/spreadsheets/d/1nwiq_ggEj7QePeZGMR2xoi0bEHJr_ZGO24YCRdt93No/edit#gid=857670931
Smettbo,smettbo,1,6,0,6,1,Season 7,0,,Tabasco TV,Aggron Berlin,https://docs.google.com/spreadsheets/d/1nwiq_ggEj7QePeZGMR2xoi0bEHJr_ZGO24YCRdt93No/edit#gid=857670931
Strepoli,strepoli,2,6,0,6,2,"Season 3, Season 7",1,Season 7,Lauris; Nestfloh,Enteigeddon*³ **¹; Flutschige Zäpfchen,data/manual/team_pokemon_usage.csv;https://docs.google.com/spreadsheets/d/1JZpA-5XDldN2bjfvhvBPHYK-1AENETLnF1UxNEpWlNA/edit#gid=352888197;https://docs.google.com/spreadsheets/d/1nwiq_ggEj7QePeZGMR2xoi0bEHJr_ZGO24YCRdt93No/edit#gid=1953934700;https://docs.google.com/spreadsheets/d/1nwiq_ggEj7QePeZGMR2xoi0bEHJr_ZGO24YCRdt93No/edit#gid=857670931;output/team-graphics/s3/GPL Teams Spieltag 14 (2).jpg
Symvolara,symvolara,3,6,0,6,2,"Season 1, Season 7",0,,Raizor; Shiro,Soulstealer,https://docs.google.com/spreadsheets/d/1kiwDk4NgYoKb0Oo9yqzwl9HXHxuQ_0I5gkb1JtE57PI/edit#gid=0;https://docs.google.com/spreadsheets/d/1nwiq_ggEj7QePeZGMR2xoi0bEHJr_ZGO24YCRdt93No/edit#gid=857670931
Tortunator,tortunator,12,6,0,6,2,"Season 7, Season 9",0,,Barry D. Sin of Speed; Bene; Minetube,Akatsuki Amphibianz; Riffex Pontifex,https://docs.google.com/spreadsheets/d/1nwiq_ggEj7QePeZGMR2xoi0bEHJr_ZGO24YCRdt93No/edit#gid=857670931;https://docs.google.com/spreadsheets/d/1uo7-E_E2jbehB2hbBurpPayP_0fKY5sPZcFgZmfLydY/edit#gid=1526488506;https://docs.google.com/spreadsheets/d/1uo7-E_E2jbehB2hbBurpPayP_0fKY5sPZcFgZmfLydY/edit#gid=1696255979;https://docs.google.com/spreadsheets/d/1uo7-E_E2jbehB2hbBurpPayP_0fKY5sPZcFgZmfLydY/edit#gid=520178140
Voltenso,voltenso,8,6,0,6,1,Season 9,0,,BlackLink; ElektechN9ne,Royal Bluff,https://docs.google.com/spreadsheets/d/1uo7-E_E2jbehB2hbBurpPayP_0fKY5sPZcFgZmfLydY/edit#gid=1526488506;https://docs.google.com/spreadsheets/d/1uo7-E_E2jbehB2hbBurpPayP_0fKY5sPZcFgZmfLydY/edit#gid=1696255979;https://docs.google.com/spreadsheets/d/1uo7-E_E2jbehB2hbBurpPayP_0fKY5sPZcFgZmfLydY/edit#gid=520178140
Voluminas,voluminas,0,6,0,6,1,Season 3,0,,Lauris,Enteigeddon*³ **¹,data/manual/team_pokemon_usage.csv;https://docs.google.com/spreadsheets/d/1JZpA-5XDldN2bjfvhvBPHYK-1AENETLnF1UxNEpWlNA/edit#gid=352888197;output/team-graphics/s3/GPL Teams Spieltag 14 (2).jpg
Vulnona,vulnona,2,6,0,6,1,Season 7,1,Season 7,Nestfloh,Flutschige Zäpfchen,https://docs.google.com/spreadsheets/d/1nwiq_ggEj7QePeZGMR2xoi0bEHJr_ZGO24YCRdt93No/edit#gid=1953934700;https://docs.google.com/spreadsheets/d/1nwiq_ggEj7QePeZGMR2xoi0bEHJr_ZGO24YCRdt93No/edit#gid=857670931
Horrerba,horrerba,6,6,1,5,1,Season 10,0,,Pokgalaxy; PresentLP,Tails of Mystery,https://docs.google.com/spreadsheets/d/13smsrG2BGYxr_omJWcgr-sUDr39bvOJPNL5RPt4DSow/edit#gid=1934543062;https://docs.google.com/spreadsheets/d/13smsrG2BGYxr_omJWcgr-sUDr39bvOJPNL5RPt4DSow/edit#gid=71150222
Mopex,mopex,10,6,5,1,1,Season 10,0,,PresentLP,Prekani,https://docs.google.com/spreadsheets/d/13smsrG2BGYxr_omJWcgr-sUDr39bvOJPNL5RPt4DSow/edit#gid=1934543062;https://docs.google.com/spreadsheets/d/13smsrG2BGYxr_omJWcgr-sUDr39bvOJPNL5RPt4DSow/edit#gid=71150222
Apoquallyp,apoquallyp,2,5,0,5,3,"Season 1, Season 6, Season 8",0,,BelmontGabriel; BlackLink; Hydronic; Shiro; Silva,Grippebärchen; Niemandsland,https://docs.google.com/spreadsheets/d/11wxsKyCydVmDjp4kGLJAOLPM_LgwCLN2GYpbDQkNtkk/edit#gid=1588964432;https://docs.google.com/spreadsheets/d/11wxsKyCydVmDjp4kGLJAOLPM_LgwCLN2GYpbDQkNtkk/edit#gid=654435343;https://docs.google.com/spreadsheets/d/1B2uTMvWlAHb7WlpupJV1A2Hbi3K3U1vCyoFV0wCapcw/edit#gid=1846395979;https://docs.google.com/spreadsheets/d/1kiwDk4NgYoKb0Oo9yqzwl9HXHxuQ_0I5gkb1JtE57PI/edit#gid=0
Britzigel,britzigel,21,5,0,5,3,"Season 7, Season 9, Season 10",0,,Barry D. Sin of Speed; KingBlex; PresentLP; Raizor,Cyber End Jugulis; Skywalking Zacians; Soulblaze,https://docs.google.com/spreadsheets/d/13smsrG2BGYxr_omJWcgr-sUDr39bvOJPNL5RPt4DSow/edit#gid=1934543062;https://docs.google.com/spreadsheets/d/1nwiq_ggEj7QePeZGMR2xoi0bEHJr_ZGO24YCRdt93No/edit#gid=857670931;https://docs.google.com/spreadsheets/d/1uo7-E_E2jbehB2hbBurpPayP_0fKY5sPZcFgZmfLydY/edit#gid=1526488506;https://docs.google.com/spreadsheets/d/1uo7-E_E2jbehB2hbBurpPayP_0fKY5sPZcFgZmfLydY/edit#gid=1696255979;https://docs.google.com/spreadsheets/d/1uo7-E_E2jbehB2hbBurpPayP_0fKY5sPZcFgZmfLydY/edit#gid=520178140
Calamanero,calamanero,8,5,0,5,1,Season 10,0,,Blocki,Kastanienbomber,https://docs.google.com/spreadsheets/d/13smsrG2BGYxr_omJWcgr-sUDr39bvOJPNL5RPt4DSow/edit#gid=1934543062
Fennexis,fennexis,0,5,0,5,3,"Season 1, Season 5, Season 6",0,,Art'n'Gaming; Lauris; PresentLP,Prekani; Schleudergang,data/manual/pokemon_killlists.csv;https://docs.google.com/spreadsheets/d/11wxsKyCydVmDjp4kGLJAOLPM_LgwCLN2GYpbDQkNtkk/edit#gid=1588964432;https://docs.google.com/spreadsheets/d/11wxsKyCydVmDjp4kGLJAOLPM_LgwCLN2GYpbDQkNtkk/edit#gid=654435343;https://docs.google.com/spreadsheets/d/1JZpA-5XDldN2bjfvhvBPHYK-1AENETLnF1UxNEpWlNA/edit#gid=352888197;https://docs.google.com/spreadsheets/d/1kiwDk4NgYoKb0Oo9yqzwl9HXHxuQ_0I5gkb1JtE57PI/edit#gid=0
Flunkifer,flunkifer,2,5,0,5,3,"Season 4, Season 7, Season 8",0,,Bene; ElektechN9ne; PokeBazi,Elekid's Club; Schnittlauchs,data/manual/team_pokemon_usage.csv;https://docs.google.com/spreadsheets/d/1B2uTMvWlAHb7WlpupJV1A2Hbi3K3U1vCyoFV0wCapcw/edit#gid=26363830;https://docs.google.com/spreadsheets/d/1JZpA-5XDldN2bjfvhvBPHYK-1AENETLnF1UxNEpWlNA/edit#gid=352888197;https://docs.google.com/spreadsheets/d/1nwiq_ggEj7QePeZGMR2xoi0bEHJr_ZGO24YCRdt93No/edit#gid=857670931;output/team-graphics/s4/Schnittlauchs - PokeBazi.png
Gewaldro,gewaldro,2,5,0,5,3,"Season 5, Season 6, Season 10",0,,Domji; Nestfloh; Professor N,Flutschige Zäpfchen; Howling Commandos; Shining Legends,data/manual/team_pokemon_usage.csv;https://docs.google.com/spreadsheets/d/11wxsKyCydVmDjp4kGLJAOLPM_LgwCLN2GYpbDQkNtkk/edit#gid=1843013406;https://docs.google.com/spreadsheets/d/13smsrG2BGYxr_omJWcgr-sUDr39bvOJPNL5RPt4DSow/edit#gid=1934543062;https://docs.google.com/spreadsheets/d/1JZpA-5XDldN2bjfvhvBPHYK-1AENETLnF1UxNEpWlNA/edit#gid=352888197;output/team-graphics/s5/Howling Commandos.png
Hisui-Admurai,hisui admurai,6,5,0,5,1,Season 10,0,,OGDNZ,Squid Squad,https://docs.google.com/spreadsheets/d/13smsrG2BGYxr_omJWcgr-sUDr39bvOJPNL5RPt4DSow/edit#gid=1934543062
Klikdiklak,klikdiklak,0,5,0,5,1,Season 3,0,,Shiro,Munich Magbys*²,data/manual/team_pokemon_usage.csv;https://docs.google.com/spreadsheets/d/1JZpA-5XDldN2bjfvhvBPHYK-1AENETLnF1UxNEpWlNA/edit#gid=352888197;output/team-graphics/s3/GPL Teams Spieltag 14 (1).jpg
Koalelu,koalelu,0,5,0,5,2,"Season 5, Season 6",0,,Craycom; Fnupa; Parsifani,Cabgosport; Mythical FighterZ; Strubbelohr Bande,data/manual/team_pokemon_usage.csv;https://docs.google.com/spreadsheets/d/11wxsKyCydVmDjp4kGLJAOLPM_LgwCLN2GYpbDQkNtkk/edit#gid=1588964432;https://docs.google.com/spreadsheets/d/11wxsKyCydVmDjp4kGLJAOLPM_LgwCLN2GYpbDQkNtkk/edit#gid=1843013406;https://docs.google.com/spreadsheets/d/1JZpA-5XDldN2bjfvhvBPHYK-1AENETLnF1UxNEpWlNA/edit#gid=352888197;output/team-graphics/s5/Cabgosport.png
Maskeregen,maskeregen,0,5,0,5,2,"Season 1, Season 5",0,,CaptainCrinch; SurskitTV,Crinchilla,data/manual/team_pokemon_usage.csv;https://docs.google.com/spreadsheets/d/1JZpA-5XDldN2bjfvhvBPHYK-1AENETLnF1UxNEpWlNA/edit#gid=352888197;https://docs.google.com/spreadsheets/d/1kiwDk4NgYoKb0Oo9yqzwl9HXHxuQ_0I5gkb1JtE57PI/edit#gid=0;output/team-graphics/s5/Crinchilla.png
Regieleki,regieleki,8,5,0,5,1,Season 10,0,,Snomnie,Corvi Crushers,https://docs.google.com/spreadsheets/d/13smsrG2BGYxr_omJWcgr-sUDr39bvOJPNL5RPt4DSow/edit#gid=1934543062
Sanaconda,sanaconda,4,5,0,5,1,Season 7,0,,Hydronic,Baltoy Story,https://docs.google.com/spreadsheets/d/1nwiq_ggEj7QePeZGMR2xoi0bEHJr_ZGO24YCRdt93No/edit#gid=857670931
Schlurplek,schlurplek,17,5,0,5,2,"Season 8, Season 9",0,,BlackLink; ElektechN9ne; Hydronic,Royal Bluff,https://docs.google.com/spreadsheets/d/1B2uTMvWlAHb7WlpupJV1A2Hbi3K3U1vCyoFV0wCapcw/edit#gid=26363830;https://docs.google.com/spreadsheets/d/1uo7-E_E2jbehB2hbBurpPayP_0fKY5sPZcFgZmfLydY/edit#gid=1526488506;https://docs.google.com/spreadsheets/d/1uo7-E_E2jbehB2hbBurpPayP_0fKY5sPZcFgZmfLydY/edit#gid=1696255979;https://docs.google.com/spreadsheets/d/1uo7-E_E2jbehB2hbBurpPayP_0fKY5sPZcFgZmfLydY/edit#gid=520178140
Silembrim,silembrim,5,5,0,5,1,Season 8,0,,Nestfloh,,https://docs.google.com/spreadsheets/d/1B2uTMvWlAHb7WlpupJV1A2Hbi3K3U1vCyoFV0wCapcw/edit#gid=26363830
Voltriant,voltriant,0,5,0,5,1,Season 6,0,,Cabgolord,Blades Enforcer,https://docs.google.com/spreadsheets/d/11wxsKyCydVmDjp4kGLJAOLPM_LgwCLN2GYpbDQkNtkk/edit#gid=1843013406
Flamara,flamara,5,4,0,4,2,"Season 7, Season 8",0,,RegiBang; Tabasco TV,Aggron Berlin,https://docs.google.com/spreadsheets/d/1B2uTMvWlAHb7WlpupJV1A2Hbi3K3U1vCyoFV0wCapcw/edit#gid=26363830;https://docs.google.com/spreadsheets/d/1nwiq_ggEj7QePeZGMR2xoi0bEHJr_ZGO24YCRdt93No/edit#gid=857670931
Frosdedje,frosdedje,2,4,0,4,2,"Season 6, Season 8",0,,Blocki; Scoutley,Rising Delibirds,https://docs.google.com/spreadsheets/d/11wxsKyCydVmDjp4kGLJAOLPM_LgwCLN2GYpbDQkNtkk/edit#gid=1588964432;https://docs.google.com/spreadsheets/d/1B2uTMvWlAHb7WlpupJV1A2Hbi3K3U1vCyoFV0wCapcw/edit#gid=1846395979
Gallopa,gallopa,1,4,0,4,2,"Season 5, Season 7",0,,BlackLink; Parsifani,Aggron Successors*; Nose to Order,data/manual/pokemon_killlists.csv;https://docs.google.com/spreadsheets/d/1JZpA-5XDldN2bjfvhvBPHYK-1AENETLnF1UxNEpWlNA/edit#gid=352888197;https://docs.google.com/spreadsheets/d/1nwiq_ggEj7QePeZGMR2xoi0bEHJr_ZGO24YCRdt93No/edit#gid=857670931
Giga-Maritellit,giga maritellit,3,4,0,4,1,Season 7,1,Season 7,Nestfloh,Flutschige Zäpfchen,https://docs.google.com/spreadsheets/d/1nwiq_ggEj7QePeZGMR2xoi0bEHJr_ZGO24YCRdt93No/edit#gid=1953934700;https://docs.google.com/spreadsheets/d/1nwiq_ggEj7QePeZGMR2xoi0bEHJr_ZGO24YCRdt93No/edit#gid=857670931
Giga-Schlapfel,giga schlapfel,3,4,0,4,1,Season 7,0,,ElektechN9ne,Elekid's Club,https://docs.google.com/spreadsheets/d/1nwiq_ggEj7QePeZGMR2xoi0bEHJr_ZGO24YCRdt93No/edit#gid=857670931
Hydragil,hydragil,5,4,0,4,2,"Season 3, Season 8",0,,Barry D. Sin of Speed; Shiro,Munich Magbys*²,data/manual/pokemon_killlists.csv;https://docs.google.com/spreadsheets/d/1B2uTMvWlAHb7WlpupJV1A2Hbi3K3U1vCyoFV0wCapcw/edit#gid=1846395979;https://docs.google.com/spreadsheets/d/1JZpA-5XDldN2bjfvhvBPHYK-1AENETLnF1UxNEpWlNA/edit#gid=352888197
Kangama,kangama,12,4,0,4,2,"Season 8, Season 9",0,,Blocki; Dauni Daunstar; Nestfloh; OGDNZ,Voltwizards,https://docs.google.com/spreadsheets/d/1B2uTMvWlAHb7WlpupJV1A2Hbi3K3U1vCyoFV0wCapcw/edit#gid=1846395979;https://docs.google.com/spreadsheets/d/1B2uTMvWlAHb7WlpupJV1A2Hbi3K3U1vCyoFV0wCapcw/edit#gid=26363830;https://docs.google.com/spreadsheets/d/1uo7-E_E2jbehB2hbBurpPayP_0fKY5sPZcFgZmfLydY/edit#gid=1526488506;https://docs.google.com/spreadsheets/d/1uo7-E_E2jbehB2hbBurpPayP_0fKY5sPZcFgZmfLydY/edit#gid=1696255979;https://docs.google.com/spreadsheets/d/1uo7-E_E2jbehB2hbBurpPayP_0fKY5sPZcFgZmfLydY/edit#gid=520178140
Kapalores,kapalores,0,4,0,4,1,Season 2,0,,glebber,,https://docs.google.com/spreadsheets/d/1odsNRAZStW1GzmpXwmg27dqjOlch7w8syZOZ5Z2OQRg/edit#gid=0
Karippas,karippas,0,4,0,4,1,Season 4,1,Season 4,Bene,Ritter der Tapukokosnuss,data/manual/pokemon_killlists.csv;https://docs.google.com/spreadsheets/d/1JZpA-5XDldN2bjfvhvBPHYK-1AENETLnF1UxNEpWlNA/edit#gid=352888197;https://docs.google.com/spreadsheets/d/1rZd3D0JRNj3lK0ZKdMXPLvCNBofRhFsvW0AlPuBk3VE/edit#gid=0
Kecleon,kecleon,0,4,0,4,1,Season 4,0,,Minetube,Triyolotree,data/manual/team_pokemon_usage.csv;https://docs.google.com/spreadsheets/d/1JZpA-5XDldN2bjfvhvBPHYK-1AENETLnF1UxNEpWlNA/edit#gid=352888197;output/team-graphics/s4/Minetube - Triyolotree.png
Kingler,kingler,2,4,0,4,1,Season 7,0,,ElektechN9ne,Elekid's Club,https://docs.google.com/spreadsheets/d/1nwiq_ggEj7QePeZGMR2xoi0bEHJr_ZGO24YCRdt93No/edit#gid=857670931
Kleoparda,kleoparda,4,4,0,4,1,Season 7,0,,Raizor,Soulstealer,https://docs.google.com/spreadsheets/d/1nwiq_ggEj7QePeZGMR2xoi0bEHJr_ZGO24YCRdt93No/edit#gid=857670931
Magbrant,magbrant,0,4,0,4,3,"Season 2, Season 3, Season 5",1,Season 5,Cabgolord; Lauris; Oktopaul,Petalburg Panchams; Shockwaving Magearnas,data/manual/team_pokemon_usage.csv;https://docs.google.com/spreadsheets/d/1FUsClf5qEny-BHY5Djp8rIwRJKBSJDvygJ8LBa62FEo/edit#gid=0;https://docs.google.com/spreadsheets/d/1JZpA-5XDldN2bjfvhvBPHYK-1AENETLnF1UxNEpWlNA/edit#gid=352888197;https://docs.google.com/spreadsheets/d/1nONaKwJcrN04APGKN-HrZ8yavwZdFkfnaA59Zp1sdBU/edit#gid=1708603996;output/team-graphics/s3/GPL Teams Spieltag 14 (1).jpg;output/team-graphics/s5/Shockwaving Magearnas.png
Pinsir,pinsir,0,4,0,4,1,Season 4,0,,Minetube,Triyolotree,data/manual/team_pokemon_usage.csv;https://docs.google.com/spreadsheets/d/1JZpA-5XDldN2bjfvhvBPHYK-1AENETLnF1UxNEpWlNA/edit#gid=352888197;output/team-graphics/s4/Minetube - Triyolotree.png
Qurtel,qurtel,4,4,0,4,1,Season 7,0,,BelmontGabriel,Igalima Impoleon,https://docs.google.com/spreadsheets/d/1nwiq_ggEj7QePeZGMR2xoi0bEHJr_ZGO24YCRdt93No/edit#gid=857670931
Rossana,rossana,0,4,0,4,1,Season 3,0,,RegiBang,Glorious Emperors,data/manual/team_pokemon_usage.csv;https://docs.google.com/spreadsheets/d/1JZpA-5XDldN2bjfvhvBPHYK-1AENETLnF1UxNEpWlNA/edit#gid=352888197;output/team-graphics/s3/GPL Teams Spieltag 14 (2).jpg
Traunmagil,traunmagil,0,4,0,4,2,"Season 3, Season 4",0,,FanmadeLetsPlay; Fnupa,Coldlauncher; Slicing Knights,data/manual/team_pokemon_usage.csv;https://docs.google.com/spreadsheets/d/1JZpA-5XDldN2bjfvhvBPHYK-1AENETLnF1UxNEpWlNA/edit#gid=352888197;output/team-graphics/s3/GPL Teams Spieltag 14 (1).jpg;output/team-graphics/s4/Slicing Knights - Cabgolord.png
Giflor,giflor,2,4,1,3,3,"Season 6, Season 7, Season 10",1,Season 10,Bene; Nestfloh; Raizor,Flutschige Zäpfchen; Soulstealer; Wackel Backel,https://docs.google.com/spreadsheets/d/11wxsKyCydVmDjp4kGLJAOLPM_LgwCLN2GYpbDQkNtkk/edit#gid=1843013406;https://docs.google.com/spreadsheets/d/13smsrG2BGYxr_omJWcgr-sUDr39bvOJPNL5RPt4DSow/edit#gid=1215904780;https://docs.google.com/spreadsheets/d/13smsrG2BGYxr_omJWcgr-sUDr39bvOJPNL5RPt4DSow/edit#gid=1934543062;https://docs.google.com/spreadsheets/d/13smsrG2BGYxr_omJWcgr-sUDr39bvOJPNL5RPt4DSow/edit#gid=1953790464;https://docs.google.com/spreadsheets/d/13smsrG2BGYxr_omJWcgr-sUDr39bvOJPNL5RPt4DSow/edit#gid=71150222;https://docs.google.com/spreadsheets/d/1nwiq_ggEj7QePeZGMR2xoi0bEHJr_ZGO24YCRdt93No/edit#gid=857670931
Traunfugil,traunfugil,8,4,3,1,1,Season 10,0,,Minetube,Throes Mad,https://docs.google.com/spreadsheets/d/13smsrG2BGYxr_omJWcgr-sUDr39bvOJPNL5RPt4DSow/edit#gid=1934543062;https://docs.google.com/spreadsheets/d/13smsrG2BGYxr_omJWcgr-sUDr39bvOJPNL5RPt4DSow/edit#gid=71150222
Pamomamo,pamomamo,20,4,9,-5,1,Season 10,0,,Nestfloh,Böller Brüder,https://docs.google.com/spreadsheets/d/13smsrG2BGYxr_omJWcgr-sUDr39bvOJPNL5RPt4DSow/edit#gid=1934543062;https://docs.google.com/spreadsheets/d/13smsrG2BGYxr_omJWcgr-sUDr39bvOJPNL5RPt4DSow/edit#gid=71150222
Alola-Kokowei,alola kokowei,7,3,0,3,1,Season 8,0,,Dauni Daunstar; Raizor,,https://docs.google.com/spreadsheets/d/1B2uTMvWlAHb7WlpupJV1A2Hbi3K3U1vCyoFV0wCapcw/edit#gid=1846395979;https://docs.google.com/spreadsheets/d/1B2uTMvWlAHb7WlpupJV1A2Hbi3K3U1vCyoFV0wCapcw/edit#gid=26363830
Axantor,axantor,4,3,0,3,1,Season 10,0,,Blocki,Kastanienbomber,https://docs.google.com/spreadsheets/d/13smsrG2BGYxr_omJWcgr-sUDr39bvOJPNL5RPt4DSow/edit#gid=1934543062
Bisofank,bisofank,1,3,0,3,2,"Season 5, Season 8",0,,Nestfloh; glebber,Energie Tobutz,data/manual/pokemon_killlists.csv;https://docs.google.com/spreadsheets/d/1B2uTMvWlAHb7WlpupJV1A2Hbi3K3U1vCyoFV0wCapcw/edit#gid=26363830;https://docs.google.com/spreadsheets/d/1JZpA-5XDldN2bjfvhvBPHYK-1AENETLnF1UxNEpWlNA/edit#gid=352888197
Bronzel,bronzel,0,3,0,3,1,Season 5,0,,Minetube,Triyolotree,data/manual/team_pokemon_usage.csv;https://docs.google.com/spreadsheets/d/1JZpA-5XDldN2bjfvhvBPHYK-1AENETLnF1UxNEpWlNA/edit#gid=352888197;output/team-graphics/s5/Triyolotree.png
Fletiamo,fletiamo,2,3,0,3,1,Season 8,0,,PresentLP,,https://docs.google.com/spreadsheets/d/1B2uTMvWlAHb7WlpupJV1A2Hbi3K3U1vCyoFV0wCapcw/edit#gid=26363830
Knilz,knilz,0,3,0,3,1,Season 2,0,,PentaPlayer,,https://docs.google.com/spreadsheets/d/1odsNRAZStW1GzmpXwmg27dqjOlch7w8syZOZ5Z2OQRg/edit#gid=0
Kramshef,kramshef,0,3,0,3,1,Season 2,0,,LucarioLP,,https://docs.google.com/spreadsheets/d/1odsNRAZStW1GzmpXwmg27dqjOlch7w8syZOZ5Z2OQRg/edit#gid=0
Mauzinger,mauzinger,2,3,0,3,1,Season 7,0,,PresentLP,PrekaKnight,https://docs.google.com/spreadsheets/d/1nwiq_ggEj7QePeZGMR2xoi0bEHJr_ZGO24YCRdt93No/edit#gid=857670931
Muramura,muramura,0,3,0,3,1,Season 5,0,,CaptainCrinch,Crinchilla,data/manual/team_pokemon_usage.csv;https://docs.google.com/spreadsheets/d/1JZpA-5XDldN2bjfvhvBPHYK-1AENETLnF1UxNEpWlNA/edit#gid=352888197;output/team-graphics/s5/Crinchilla.png
Ninjask,ninjask,3,3,0,3,1,Season 7,0,,Raizor,Soulstealer,https://docs.google.com/spreadsheets/d/1nwiq_ggEj7QePeZGMR2xoi0bEHJr_ZGO24YCRdt93No/edit#gid=857670931
Oghnatoll,oghnatoll,3,3,0,3,1,Season 7,0,,Raizor,Soulstealer,https://docs.google.com/spreadsheets/d/1nwiq_ggEj7QePeZGMR2xoi0bEHJr_ZGO24YCRdt93No/edit#gid=857670931
Ohrdoch,ohrdoch,17,3,0,3,3,"Season 3, Season 8, Season 9",0,,Barry D. Sin of Speed; Maxi von Vogel; Minetube; Pokgalaxy,Fen and Gator; Triyolotree,data/manual/team_pokemon_usage.csv;https://docs.google.com/spreadsheets/d/1B2uTMvWlAHb7WlpupJV1A2Hbi3K3U1vCyoFV0wCapcw/edit#gid=1846395979;https://docs.google.com/spreadsheets/d/1JZpA-5XDldN2bjfvhvBPHYK-1AENETLnF1UxNEpWlNA/edit#gid=352888197;https://docs.google.com/spreadsheets/d/1uo7-E_E2jbehB2hbBurpPayP_0fKY5sPZcFgZmfLydY/edit#gid=1526488506;https://docs.google.com/spreadsheets/d/1uo7-E_E2jbehB2hbBurpPayP_0fKY5sPZcFgZmfLydY/edit#gid=1696255979;https://docs.google.com/spreadsheets/d/1uo7-E_E2jbehB2hbBurpPayP_0fKY5sPZcFgZmfLydY/edit#gid=520178140;output/team-graphics/s3/GPL Teams Spieltag 14 (2).jpg
Pampuli,pampuli,2,3,0,3,1,Season 7,0,,Barry D. Sin of Speed,Skywalking Zacians,https://docs.google.com/spreadsheets/d/1nwiq_ggEj7QePeZGMR2xoi0bEHJr_ZGO24YCRdt93No/edit#gid=857670931
Pescryodon,pescryodon,1,3,0,3,1,Season 7,0,,Bene,Riffex Pontifex,https://docs.google.com/spreadsheets/d/1nwiq_ggEj7QePeZGMR2xoi0bEHJr_ZGO24YCRdt93No/edit#gid=857670931
Rameidon,rameidon,0,3,0,3,2,"Season 4, Season 10",0,,Art'n'Gaming; Pokgalaxy,Pyroars of the Carribean; Tails of Mystery,data/manual/pokemon_killlists.csv;https://docs.google.com/spreadsheets/d/13smsrG2BGYxr_omJWcgr-sUDr39bvOJPNL5RPt4DSow/edit#gid=1934543062;https://docs.google.com/spreadsheets/d/1JZpA-5XDldN2bjfvhvBPHYK-1AENETLnF1UxNEpWlNA/edit#gid=352888197
Rotom-Frost,rotom frost,0,3,0,3,1,Season 4,0,,SurskitTV,Surstars,data/manual/pokemon_killlists.csv;https://docs.google.com/spreadsheets/d/1JZpA-5XDldN2bjfvhvBPHYK-1AENETLnF1UxNEpWlNA/edit#gid=352888197
Togetic,togetic,1,3,0,3,3,"Season 3, Season 7, Season 8",0,,Oktopaul; RegiBang,Launching Dragapults; Petalburg Panchams,data/manual/team_pokemon_usage.csv;https://docs.google.com/spreadsheets/d/1B2uTMvWlAHb7WlpupJV1A2Hbi3K3U1vCyoFV0wCapcw/edit#gid=26363830;https://docs.google.com/spreadsheets/d/1JZpA-5XDldN2bjfvhvBPHYK-1AENETLnF1UxNEpWlNA/edit#gid=352888197;https://docs.google.com/spreadsheets/d/1nwiq_ggEj7QePeZGMR2xoi0bEHJr_ZGO24YCRdt93No/edit#gid=857670931;output/team-graphics/s3/GPL Teams Spieltag 14 (1).jpg
Admurai,admurai,0,2,0,2,2,"Season 1, Season 3",1,Season 3,DiaSwordPlay; PresentLP,Prekani,data/manual/team_pokemon_usage.csv;https://docs.google.com/spreadsheets/d/13ggv8-k1WCcrrjlwXb-ZoSwhODIQlG_NVffp3TGKOgI/edit#gid=0;https://docs.google.com/spreadsheets/d/1JZpA-5XDldN2bjfvhvBPHYK-1AENETLnF1UxNEpWlNA/edit#gid=352888197;https://docs.google.com/spreadsheets/d/1kiwDk4NgYoKb0Oo9yqzwl9HXHxuQ_0I5gkb1JtE57PI/edit#gid=0;output/team-graphics/s3/GPL Teams Spieltag 14 (1).jpg
Amigento-Stahl,amigento stahl,4,2,0,2,1,Season 9,0,,PresentLP; Raizor,Soulblaze,https://docs.google.com/spreadsheets/d/1uo7-E_E2jbehB2hbBurpPayP_0fKY5sPZcFgZmfLydY/edit#gid=1526488506;https://docs.google.com/spreadsheets/d/1uo7-E_E2jbehB2hbBurpPayP_0fKY5sPZcFgZmfLydY/edit#gid=1696255979;https://docs.google.com/spreadsheets/d/1uo7-E_E2jbehB2hbBurpPayP_0fKY5sPZcFgZmfLydY/edit#gid=520178140
Armaldo,armaldo,0,2,0,2,1,Season 4,0,,RegiBang,Flexing Masskito,data/manual/team_pokemon_usage.csv;https://docs.google.com/spreadsheets/d/1JZpA-5XDldN2bjfvhvBPHYK-1AENETLnF1UxNEpWlNA/edit#gid=352888197;output/team-graphics/s4/Flexing Masskito - RegiBang.png
Duraludon,duraludon,2,2,0,2,1,Season 7,0,,CaptainCrinch,Crinchilla,https://docs.google.com/spreadsheets/d/1nwiq_ggEj7QePeZGMR2xoi0bEHJr_ZGO24YCRdt93No/edit#gid=857670931
Farbeagle,farbeagle,0,2,0,2,1,Season 3,0,,Art'n'Gaming,Little Littleos,data/manual/team_pokemon_usage.csv;https://docs.google.com/spreadsheets/d/1JZpA-5XDldN2bjfvhvBPHYK-1AENETLnF1UxNEpWlNA/edit#gid=352888197;output/team-graphics/s3/GPL Teams Spieltag 14 (2).jpg
Flunschlik,flunschlik,4,2,0,2,4,"Season 2, Season 6, Season 7, Season 8",0,,BelmontGabriel; KingBlex; Kuchenjaeger; Parsifani,Igalima Impoleon; Mythical FighterZ,https://docs.google.com/spreadsheets/d/11wxsKyCydVmDjp4kGLJAOLPM_LgwCLN2GYpbDQkNtkk/edit#gid=1588964432;https://docs.google.com/spreadsheets/d/1B2uTMvWlAHb7WlpupJV1A2Hbi3K3U1vCyoFV0wCapcw/edit#gid=1846395979;https://docs.google.com/spreadsheets/d/1FUsClf5qEny-BHY5Djp8rIwRJKBSJDvygJ8LBa62FEo/edit#gid=0;https://docs.google.com/spreadsheets/d/1nwiq_ggEj7QePeZGMR2xoi0bEHJr_ZGO24YCRdt93No/edit#gid=857670931
Gladiantri,gladiantri,2,2,0,2,1,Season 7,0,,Barry D. Sin of Speed,Skywalking Zacians,https://docs.google.com/spreadsheets/d/1nwiq_ggEj7QePeZGMR2xoi0bEHJr_ZGO24YCRdt93No/edit#gid=857670931
Golbat,golbat,0,2,0,2,2,"Season 1, Season 6",0,,DaumenkinoLP; DiaSwordPlay; Tabasco TV,Aggron Berlin,https://docs.google.com/spreadsheets/d/11wxsKyCydVmDjp4kGLJAOLPM_LgwCLN2GYpbDQkNtkk/edit#gid=1843013406;https://docs.google.com/spreadsheets/d/11wxsKyCydVmDjp4kGLJAOLPM_LgwCLN2GYpbDQkNtkk/edit#gid=654435343;https://docs.google.com/spreadsheets/d/1kiwDk4NgYoKb0Oo9yqzwl9HXHxuQ_0I5gkb1JtE57PI/edit#gid=0
Kryppuk,kryppuk,0,2,0,2,2,"Season 4, Season 6",0,,Fnupa; PresentLP,Prekani; Slicing Knights,data/manual/team_pokemon_usage.csv;https://docs.google.com/spreadsheets/d/11wxsKyCydVmDjp4kGLJAOLPM_LgwCLN2GYpbDQkNtkk/edit#gid=654435343;https://docs.google.com/spreadsheets/d/1JZpA-5XDldN2bjfvhvBPHYK-1AENETLnF1UxNEpWlNA/edit#gid=352888197;output/team-graphics/s4/Slicing Knights - Cabgolord.png
Lapras,lapras,0,2,0,2,1,Season 3,0,,Raizor,Unbound Zoroarks,data/manual/team_pokemon_usage.csv;https://docs.google.com/spreadsheets/d/1JZpA-5XDldN2bjfvhvBPHYK-1AENETLnF1UxNEpWlNA/edit#gid=352888197;output/team-graphics/s3/GPL Teams Spieltag 14 (1).jpg
Matrifol,matrifol,0,2,0,2,1,Season 4,0,,Minetube,Triyolotree,data/manual/pokemon_killlists.csv;https://docs.google.com/spreadsheets/d/1JZpA-5XDldN2bjfvhvBPHYK-1AENETLnF1UxNEpWlNA/edit#gid=352888197
Mega Ampharos,mega ampharos,0,2,0,2,1,Season 1,0,,Art'n'Gaming,,https://docs.google.com/spreadsheets/d/1kiwDk4NgYoKb0Oo9yqzwl9HXHxuQ_0I5gkb1JtE57PI/edit#gid=0
Morbitesse,morbitesse,2,2,0,2,1,Season 9,0,,Blocki; Nestfloh,Voltwizards,https://docs.google.com/spreadsheets/d/1uo7-E_E2jbehB2hbBurpPayP_0fKY5sPZcFgZmfLydY/edit#gid=1526488506;https://docs.google.com/spreadsheets/d/1uo7-E_E2jbehB2hbBurpPayP_0fKY5sPZcFgZmfLydY/edit#gid=1696255979;https://docs.google.com/spreadsheets/d/1uo7-E_E2jbehB2hbBurpPayP_0fKY5sPZcFgZmfLydY/edit#gid=520178140
Noktuska,noktuska,0,2,0,2,1,Season 3,0,,PokeBazi,Krebuknackis,data/manual/pokemon_killlists.csv;https://docs.google.com/spreadsheets/d/1JZpA-5XDldN2bjfvhvBPHYK-1AENETLnF1UxNEpWlNA/edit#gid=352888197
Olangaar,olangaar,8,2,0,2,1,Season 9,0,,Barry D. Sin of Speed; Minetube,Akatsuki Amphibianz,https://docs.google.com/spreadsheets/d/1uo7-E_E2jbehB2hbBurpPayP_0fKY5sPZcFgZmfLydY/edit#gid=1526488506;https://docs.google.com/spreadsheets/d/1uo7-E_E2jbehB2hbBurpPayP_0fKY5sPZcFgZmfLydY/edit#gid=1696255979;https://docs.google.com/spreadsheets/d/1uo7-E_E2jbehB2hbBurpPayP_0fKY5sPZcFgZmfLydY/edit#gid=520178140
Omot,omot,0,2,0,2,1,Season 5,0,,Minetube,Triyolotree,data/manual/team_pokemon_usage.csv;https://docs.google.com/spreadsheets/d/1JZpA-5XDldN2bjfvhvBPHYK-1AENETLnF1UxNEpWlNA/edit#gid=352888197;output/team-graphics/s5/Triyolotree.png
Pandagro,pandagro,4,2,0,2,1,Season 8,0,,ElektechN9ne; OGDNZ,,https://docs.google.com/spreadsheets/d/1B2uTMvWlAHb7WlpupJV1A2Hbi3K3U1vCyoFV0wCapcw/edit#gid=1846395979;https://docs.google.com/spreadsheets/d/1B2uTMvWlAHb7WlpupJV1A2Hbi3K3U1vCyoFV0wCapcw/edit#gid=26363830
PokeBazi,pokebazi,0,2,0,2,1,Season 2,0,,CaptainCrinch,,https://docs.google.com/spreadsheets/d/1odsNRAZStW1GzmpXwmg27dqjOlch7w8syZOZ5Z2OQRg/edit#gid=0
Regigigas,regigigas,3,2,0,2,1,Season 8,0,,Hydronic,,https://docs.google.com/spreadsheets/d/1B2uTMvWlAHb7WlpupJV1A2Hbi3K3U1vCyoFV0wCapcw/edit#gid=26363830
Riffex,riffex,4,2,0,2,1,Season 10,0,,Sirazoa,Eon Engine,https://docs.google.com/spreadsheets/d/13smsrG2BGYxr_omJWcgr-sUDr39bvOJPNL5RPt4DSow/edit#gid=1934543062
Schlurm,schlurm,8,2,0,2,1,Season 10,0,,Snomnie,Corvi Crushers,https://docs.google.com/spreadsheets/d/13smsrG2BGYxr_omJWcgr-sUDr39bvOJPNL5RPt4DSow/edit#gid=1934543062
Viscargot,viscargot,0,2,0,2,2,"Season 6, Season 7",0,,Barry D. Sin of Speed; ElektechN9ne,Elekids Club; Skywalking Zacians,https://docs.google.com/spreadsheets/d/11wxsKyCydVmDjp4kGLJAOLPM_LgwCLN2GYpbDQkNtkk/edit#gid=1843013406;https://docs.google.com/spreadsheets/d/1nwiq_ggEj7QePeZGMR2xoi0bEHJr_ZGO24YCRdt93No/edit#gid=857670931
Xatu,xatu,1,2,0,2,2,"Season 3, Season 7",0,,Bene; RegiBang,Glorious Emperors; Riffex Pontifex,data/manual/team_pokemon_usage.csv;https://docs.google.com/spreadsheets/d/1JZpA-5XDldN2bjfvhvBPHYK-1AENETLnF1UxNEpWlNA/edit#gid=352888197;https://docs.google.com/spreadsheets/d/1nwiq_ggEj7QePeZGMR2xoi0bEHJr_ZGO24YCRdt93No/edit#gid=857670931;output/team-graphics/s3/GPL Teams Spieltag 14 (2).jpg
Yanmega,yanmega,0,2,0,2,1,Season 2,0,,Shizumania,,https://docs.google.com/spreadsheets/d/1odsNRAZStW1GzmpXwmg27dqjOlch7w8syZOZ5Z2OQRg/edit#gid=0
Affiti,affiti,4,2,2,0,1,Season 10,0,,Minetube,Throes Mad,https://docs.google.com/spreadsheets/d/13smsrG2BGYxr_omJWcgr-sUDr39bvOJPNL5RPt4DSow/edit#gid=1934543062;https://docs.google.com/spreadsheets/d/13smsrG2BGYxr_omJWcgr-sUDr39bvOJPNL5RPt4DSow/edit#gid=71150222
Myriador,myriador,8,2,3,-1,1,Season 10,0,,Dauni Daunstar,Pfundskerle,https://docs.google.com/spreadsheets/d/13smsrG2BGYxr_omJWcgr-sUDr39bvOJPNL5RPt4DSow/edit#gid=1934543062;https://docs.google.com/spreadsheets/d/13smsrG2BGYxr_omJWcgr-sUDr39bvOJPNL5RPt4DSow/edit#gid=71150222
Tenterra,tenterra,6,2,3,-1,1,Season 10,0,,Dauni Daunstar,Pfundskerle,https://docs.google.com/spreadsheets/d/13smsrG2BGYxr_omJWcgr-sUDr39bvOJPNL5RPt4DSow/edit#gid=1934543062;https://docs.google.com/spreadsheets/d/13smsrG2BGYxr_omJWcgr-sUDr39bvOJPNL5RPt4DSow/edit#gid=71150222
Voltrean,voltrean,8,2,3,-1,1,Season 10,0,,Raizor,Unbound Soul,https://docs.google.com/spreadsheets/d/13smsrG2BGYxr_omJWcgr-sUDr39bvOJPNL5RPt4DSow/edit#gid=1934543062;https://docs.google.com/spreadsheets/d/13smsrG2BGYxr_omJWcgr-sUDr39bvOJPNL5RPt4DSow/edit#gid=71150222
Absol,absol,0,1,0,1,1,Season 2,0,,PokeBree,,https://docs.google.com/spreadsheets/d/1odsNRAZStW1GzmpXwmg27dqjOlch7w8syZOZ5Z2OQRg/edit#gid=0
Amigento-Drache,amigento drache,1,1,0,1,1,Season 8,0,,BelmontGabriel,,https://docs.google.com/spreadsheets/d/1B2uTMvWlAHb7WlpupJV1A2Hbi3K3U1vCyoFV0wCapcw/edit#gid=26363830
Amigento-Unlicht,amigento unlicht,2,1,0,1,1,Season 8,0,,Nestfloh,,https://docs.google.com/spreadsheets/d/1B2uTMvWlAHb7WlpupJV1A2Hbi3K3U1vCyoFV0wCapcw/edit#gid=26363830
Barschuft,barschuft,1,1,0,1,2,"Season 7, Season 10",0,,Hydronic; RobinVGC,Baltoy Story,https://docs.google.com/spreadsheets/d/13smsrG2BGYxr_omJWcgr-sUDr39bvOJPNL5RPt4DSow/edit#gid=71150222;https://docs.google.com/spreadsheets/d/1nwiq_ggEj7QePeZGMR2xoi0bEHJr_ZGO24YCRdt93No/edit#gid=857670931
Brigaron,brigaron,0,1,0,1,1,Season 2,0,,RegiBang,,https://docs.google.com/spreadsheets/d/1FUsClf5qEny-BHY5Djp8rIwRJKBSJDvygJ8LBa62FEo/edit#gid=0
Chimstix,chimstix,4,1,0,1,1,Season 10,0,,Sirazoa,Eon Engine,https://docs.google.com/spreadsheets/d/13smsrG2BGYxr_omJWcgr-sUDr39bvOJPNL5RPt4DSow/edit#gid=1934543062
Frigometri,frigometri,0,1,0,1,2,"Season 3, Season 6",1,Season 3,Cabgolord; PresentLP,Blades Enforcer; Prekani,data/manual/pokemon_killlists.csv;https://docs.google.com/spreadsheets/d/11wxsKyCydVmDjp4kGLJAOLPM_LgwCLN2GYpbDQkNtkk/edit#gid=1843013406;https://docs.google.com/spreadsheets/d/13ggv8-k1WCcrrjlwXb-ZoSwhODIQlG_NVffp3TGKOgI/edit#gid=0;https://docs.google.com/spreadsheets/d/1JZpA-5XDldN2bjfvhvBPHYK-1AENETLnF1UxNEpWlNA/edit#gid=352888197
Galar-Arktos,galar arktos,2,1,0,1,1,Season 8,0,,Raizor,,https://docs.google.com/spreadsheets/d/1B2uTMvWlAHb7WlpupJV1A2Hbi3K3U1vCyoFV0wCapcw/edit#gid=1846395979
Galar-Gallopa,galar gallopa,1,1,0,1,1,Season 7,0,,BelmontGabriel,Igalima Impoleon,https://docs.google.com/spreadsheets/d/1nwiq_ggEj7QePeZGMR2xoi0bEHJr_ZGO24YCRdt93No/edit#gid=857670931
Heiteira,heiteira,0,1,0,1,1,Season 1,0,,Silva,,https://docs.google.com/spreadsheets/d/1kiwDk4NgYoKb0Oo9yqzwl9HXHxuQ_0I5gkb1JtE57PI/edit#gid=0
Karadonis,karadonis,0,1,0,1,1,Season 3,0,,CaptainCrinch,Crinchilla,data/manual/team_pokemon_usage.csv;https://docs.google.com/spreadsheets/d/1JZpA-5XDldN2bjfvhvBPHYK-1AENETLnF1UxNEpWlNA/edit#gid=352888197;output/team-graphics/s3/GPL Teams Spieltag 14 (2).jpg
Kokowei,kokowei,0,1,0,1,1,Season 2,0,,Minetube,,https://docs.google.com/spreadsheets/d/1odsNRAZStW1GzmpXwmg27dqjOlch7w8syZOZ5Z2OQRg/edit#gid=0
Lektrobal,lektrobal,0,1,0,1,1,Season 3,0,,Art'n'Gaming,Little Littleos,data/manual/pokemon_killlists.csv;https://docs.google.com/spreadsheets/d/1JZpA-5XDldN2bjfvhvBPHYK-1AENETLnF1UxNEpWlNA/edit#gid=352888197
Lepumentas,lepumentas,0,1,0,1,2,"Season 5, Season 6",0,,CaptainCrinch; Raizor,Crinchilla; Soulstealer,data/manual/team_pokemon_usage.csv;https://docs.google.com/spreadsheets/d/11wxsKyCydVmDjp4kGLJAOLPM_LgwCLN2GYpbDQkNtkk/edit#gid=1843013406;https://docs.google.com/spreadsheets/d/1JZpA-5XDldN2bjfvhvBPHYK-1AENETLnF1UxNEpWlNA/edit#gid=352888197;output/team-graphics/s5/SoulStealer.png
Lunastein,lunastein,1,1,0,1,1,Season 7,0,,BelmontGabriel,Igalima Impoleon,https://docs.google.com/spreadsheets/d/1nwiq_ggEj7QePeZGMR2xoi0bEHJr_ZGO24YCRdt93No/edit#gid=857670931
Mitodos,mitodos,1,1,0,1,1,Season 7,0,,BelmontGabriel,Igalima Impoleon,https://docs.google.com/spreadsheets/d/1nwiq_ggEj7QePeZGMR2xoi0bEHJr_ZGO24YCRdt93No/edit#gid=857670931
Mortipot,mortipot,1,1,0,1,1,Season 8,0,,Pokgalaxy,,https://docs.google.com/spreadsheets/d/1B2uTMvWlAHb7WlpupJV1A2Hbi3K3U1vCyoFV0wCapcw/edit#gid=1846395979
Panpyro,panpyro,0,1,0,1,1,Season 3,0,,PokeBazi,Krebuknackis,data/manual/team_pokemon_usage.csv;https://docs.google.com/spreadsheets/d/1JZpA-5XDldN2bjfvhvBPHYK-1AENETLnF1UxNEpWlNA/edit#gid=352888197;output/team-graphics/s3/GPL Teams Spieltag 14 (1).jpg
Psiaugon (männlich),psiaugon maennlich,1,1,0,1,1,Season 7,0,,RegiBang,Launching Dragapults,https://docs.google.com/spreadsheets/d/1nwiq_ggEj7QePeZGMR2xoi0bEHJr_ZGO24YCRdt93No/edit#gid=857670931
Quappo,quappo,0,1,0,1,2,"Season 4, Season 6",1,Season 4,Bene; Dauni Daunstar,Lazycakes; Ritter der Tapukokosnuss,data/manual/team_pokemon_usage.csv;https://docs.google.com/spreadsheets/d/11wxsKyCydVmDjp4kGLJAOLPM_LgwCLN2GYpbDQkNtkk/edit#gid=654435343;https://docs.google.com/spreadsheets/d/1JZpA-5XDldN2bjfvhvBPHYK-1AENETLnF1UxNEpWlNA/edit#gid=352888197;https://docs.google.com/spreadsheets/d/1rZd3D0JRNj3lK0ZKdMXPLvCNBofRhFsvW0AlPuBk3VE/edit#gid=0;output/team-graphics/s4/Ritter der Tapukokosnuss - FullLifeGames.png
Sarzenia,sarzenia,0,1,0,1,1,Season 4,0,,Minetube,Triyolotree,data/manual/pokemon_killlists.csv;https://docs.google.com/spreadsheets/d/1JZpA-5XDldN2bjfvhvBPHYK-1AENETLnF1UxNEpWlNA/edit#gid=352888197
Schnuthelm,schnuthelm,2,1,0,1,1,Season 8,0,,Maxi von Vogel,,https://docs.google.com/spreadsheets/d/1B2uTMvWlAHb7WlpupJV1A2Hbi3K3U1vCyoFV0wCapcw/edit#gid=1846395979
Seedraking,seedraking,0,1,0,1,1,Season 6,0,,Nestfloh,Flutschige Zäpfchen,https://docs.google.com/spreadsheets/d/11wxsKyCydVmDjp4kGLJAOLPM_LgwCLN2GYpbDQkNtkk/edit#gid=1843013406
Sengo,sengo,0,1,0,1,1,Season 6,0,,Minetube,Triyolotree,https://docs.google.com/spreadsheets/d/11wxsKyCydVmDjp4kGLJAOLPM_LgwCLN2GYpbDQkNtkk/edit#gid=654435343
Shardrago,shardrago,0,1,0,1,1,Season 3,0,,Shiro,Munich Magbys*²,data/manual/team_pokemon_usage.csv;https://docs.google.com/spreadsheets/d/1JZpA-5XDldN2bjfvhvBPHYK-1AENETLnF1UxNEpWlNA/edit#gid=352888197;output/team-graphics/s3/GPL Teams Spieltag 14 (1).jpg
Shnurgarst,shnurgarst,0,1,0,1,1,Season 1,0,,Art'n'Gaming,,https://docs.google.com/spreadsheets/d/1kiwDk4NgYoKb0Oo9yqzwl9HXHxuQ_0I5gkb1JtE57PI/edit#gid=0
Wolwerock-Nacht,wolwerock nacht,1,1,0,1,1,Season 8,0,,Maxi von Vogel,,https://docs.google.com/spreadsheets/d/1B2uTMvWlAHb7WlpupJV1A2Hbi3K3U1vCyoFV0wCapcw/edit#gid=1846395979
Zwirrklop,zwirrklop,0,1,0,1,1,Season 3,0,,Shiro,Munich Magbys*²,data/manual/pokemon_killlists.csv;https://docs.google.com/spreadsheets/d/1JZpA-5XDldN2bjfvhvBPHYK-1AENETLnF1UxNEpWlNA/edit#gid=352888197
Amigento-Boden,amigento boden,0,0,0,0,1,Season 8,0,,Barry D. Sin of Speed,,https://docs.google.com/spreadsheets/d/1B2uTMvWlAHb7WlpupJV1A2Hbi3K3U1vCyoFV0wCapcw/edit#gid=1846395979
Bollterus,bollterus,0,0,0,0,1,Season 1,0,,Cabgolord,,https://docs.google.com/spreadsheets/d/1kiwDk4NgYoKb0Oo9yqzwl9HXHxuQ_0I5gkb1JtE57PI/edit#gid=0
Castellith,castellith,1,0,0,0,2,"Season 7, Season 8",0,,Blocki; Dauni Daunstar,Milchbubis,https://docs.google.com/spreadsheets/d/1B2uTMvWlAHb7WlpupJV1A2Hbi3K3U1vCyoFV0wCapcw/edit#gid=1846395979;https://docs.google.com/spreadsheets/d/1nwiq_ggEj7QePeZGMR2xoi0bEHJr_ZGO24YCRdt93No/edit#gid=857670931
Colossand,colossand,0,0,0,0,1,Season 6,0,,Barry D. Sin of Speed,Nova Dragons,https://docs.google.com/spreadsheets/d/11wxsKyCydVmDjp4kGLJAOLPM_LgwCLN2GYpbDQkNtkk/edit#gid=1588964432
Cottomi,cottomi,0,0,0,0,1,Season 7,1,Season 7,Nestfloh,Flutschige Zäpfchen,https://docs.google.com/spreadsheets/d/1nwiq_ggEj7QePeZGMR2xoi0bEHJr_ZGO24YCRdt93No/edit#gid=1953934700;https://docs.google.com/spreadsheets/d/1nwiq_ggEj7QePeZGMR2xoi0bEHJr_ZGO24YCRdt93No/edit#gid=857670931
Furnifraß,furnifrass,0,0,0,0,1,Season 7,0,,PokeBazi,Therapiepi,https://docs.google.com/spreadsheets/d/1nwiq_ggEj7QePeZGMR2xoi0bEHJr_ZGO24YCRdt93No/edit#gid=857670931
Gelatwino,gelatwino,1,0,0,0,1,Season 8,0,,Maxi von Vogel,,https://docs.google.com/spreadsheets/d/1B2uTMvWlAHb7WlpupJV1A2Hbi3K3U1vCyoFV0wCapcw/edit#gid=1846395979
Geradaks,geradaks,0,0,0,0,1,Season 6,0,,Tabasco TV,Aggron Berlin,https://docs.google.com/spreadsheets/d/11wxsKyCydVmDjp4kGLJAOLPM_LgwCLN2GYpbDQkNtkk/edit#gid=1843013406;https://docs.google.com/spreadsheets/d/11wxsKyCydVmDjp4kGLJAOLPM_LgwCLN2GYpbDQkNtkk/edit#gid=654435343
Humanolith,humanolith,0,0,0,0,1,Season 7,1,Season 7,Nestfloh,Flutschige Zäpfchen,https://docs.google.com/spreadsheets/d/1nwiq_ggEj7QePeZGMR2xoi0bEHJr_ZGO24YCRdt93No/edit#gid=1953934700;https://docs.google.com/spreadsheets/d/1nwiq_ggEj7QePeZGMR2xoi0bEHJr_ZGO24YCRdt93No/edit#gid=857670931
Intelleon,intelleon,0,0,0,0,1,Season 7,0,,Tabasco TV,Aggron Berlin,https://docs.google.com/spreadsheets/d/1nwiq_ggEj7QePeZGMR2xoi0bEHJr_ZGO24YCRdt93No/edit#gid=857670931
Jiutesto,jiutesto,0,0,0,0,1,Season 7,0,,BlackLink,Nose to Order,https://docs.google.com/spreadsheets/d/1nwiq_ggEj7QePeZGMR2xoi0bEHJr_ZGO24YCRdt93No/edit#gid=857670931
Kommandutan,kommandutan,0,0,0,0,1,Season 7,0,,CaptainCrinch,Crinchilla,https://docs.google.com/spreadsheets/d/1nwiq_ggEj7QePeZGMR2xoi0bEHJr_ZGO24YCRdt93No/edit#gid=857670931
Kronjuwild,kronjuwild,0,0,0,0,1,Season 10,0,,RobinVGC,Choice Bandits,https://docs.google.com/spreadsheets/d/13smsrG2BGYxr_omJWcgr-sUDr39bvOJPNL5RPt4DSow/edit#gid=1934543062;https://docs.google.com/spreadsheets/d/13smsrG2BGYxr_omJWcgr-sUDr39bvOJPNL5RPt4DSow/edit#gid=71150222
Luxtra,luxtra,0,0,0,0,1,Season 6,0,,BelmontGabriel,Niemandsland,https://docs.google.com/spreadsheets/d/11wxsKyCydVmDjp4kGLJAOLPM_LgwCLN2GYpbDQkNtkk/edit#gid=1843013406;https://docs.google.com/spreadsheets/d/11wxsKyCydVmDjp4kGLJAOLPM_LgwCLN2GYpbDQkNtkk/edit#gid=654435343
Morpeko,morpeko,2,0,0,0,1,Season 10,0,,Sirazoa,Eon Engine,https://docs.google.com/spreadsheets/d/13smsrG2BGYxr_omJWcgr-sUDr39bvOJPNL5RPt4DSow/edit#gid=1934543062
Noctuh,noctuh,0,0,0,0,1,Season 7,0,,PresentLP,PrekaKnight,https://docs.google.com/spreadsheets/d/1nwiq_ggEj7QePeZGMR2xoi0bEHJr_ZGO24YCRdt93No/edit#gid=857670931
Pokusan,pokusan,1,0,0,0,1,Season 10,0,,KingBlex,Cyber End Jugulis,https://docs.google.com/spreadsheets/d/13smsrG2BGYxr_omJWcgr-sUDr39bvOJPNL5RPt4DSow/edit#gid=1934543062
Sedimantur,sedimantur,0,0,0,0,1,Season 7,0,,PokeBazi,Therapiepi,https://docs.google.com/spreadsheets/d/1nwiq_ggEj7QePeZGMR2xoi0bEHJr_ZGO24YCRdt93No/edit#gid=857670931
Sonnfel,sonnfel,0,0,0,0,1,Season 7,0,,Hydronic,Baltoy Story,https://docs.google.com/spreadsheets/d/1nwiq_ggEj7QePeZGMR2xoi0bEHJr_ZGO24YCRdt93No/edit#gid=857670931
Servol (weiblich),servol weiblich,16,0,9,-9,1,Season 10,0,,Raizor,Unbound Soul,https://docs.google.com/spreadsheets/d/13smsrG2BGYxr_omJWcgr-sUDr39bvOJPNL5RPt4DSow/edit#gid=1934543062;https://docs.google.com/spreadsheets/d/13smsrG2BGYxr_omJWcgr-sUDr39bvOJPNL5RPt4DSow/edit#gid=71150222
