season_id,division,roster_phase,person_name,team_name,pokemon_count,roster_score,power_score,history_score,coverage_score,top_pokemon,source_urls
season_009,Singles,rueckrunde,Blocki,Voltwizards,11,96.6,95.8,95.8,100,"Heatran, Keldeo, Zobiris, Selfe, Raikou, Iksbat",data/manual/pokemon_killlists.csv;data/manual/team_pokemon_usage.csv;https://docs.google.com/spreadsheets/d/11wxsKyCydVmDjp4kGLJAOLPM_LgwCLN2GYpbDQkNtkk/edit#gid=1588964432;https://docs.google.com/spreadsheets/d/11wxsKyCydVmDjp4kGLJAOLPM_LgwCLN2GYpbDQkNtkk/edit#gid=1843013406;https://docs.google.com/spreadsheets/d/11wxsKyCydVmDjp4kGLJAOLPM_LgwCLN2GYpbDQkNtkk/edit#gid=654435343;https://docs.google.com/spreadsheets/d/13smsrG2BGYxr_omJWcgr-sUDr39bvOJPNL5RPt4DSow/edit#gid=1934543062;https://docs.google.com/spreadsheets/d/13smsrG2BGYxr_omJWcgr-sUDr39bvOJPNL5RPt4DSow/edit#gid=1953790464;https://docs.google.com/spreadsheets/d/13smsrG2BGYxr_omJWcgr-sUDr39bvOJPNL5RPt4DSow/edit#gid=71150222;https://docs.google.com/spreadsheets/d/1B2uTMvWlAHb7WlpupJV1A2Hbi3K3U1vCyoFV0wCapcw/edit#gid=1271313224;https://docs.google.com/spreadsheets/d/1B2uTMvWlAHb7WlpupJV1A2Hbi3K3U1vCyoFV0wCapcw/edit#gid=1521895812;https://docs.google.com/spreadsheets/d/1B2uTMvWlAHb7WlpupJV1A2Hbi3K3U1vCyoFV0wCapcw/edit#gid=1846395979;https://docs.google.com/spreadsheets/d/1B2uTMvWlAHb7WlpupJV1A2Hbi3K3U1vCyoFV0wCapcw/edit#gid=26363830;https://docs.google.com/spreadsheets/d/1FUsClf5qEny-BHY5Djp8rIwRJKBSJDvygJ8LBa62FEo/edit#gid=0;https://docs.google.com/spreadsheets/d/1JZpA-5XDldN2bjfvhvBPHYK-1AENETLnF1UxNEpWlNA/edit#gid=352888197;https://docs.google.com/spreadsheets/d/1kiwDk4NgYoKb0Oo9yqzwl9HXHxuQ_0I5gkb1JtE57PI/edit#gid=0;https://docs.google.com/spreadsheets/d/1n9SmK-ccTCn8Jjhs4U2LKnibXY8PvuBtV3V9MCOURRA/edit#gid=0;https://docs.google.com/spreadsheets/d/1nwiq_ggEj7QePeZGMR2xoi0bEHJr_ZGO24YCRdt93No/edit#gid=857670931;https://docs.google.com/spreadsheets/d/1odsNRAZStW1GzmpXwmg27dqjOlch7w8syZOZ5Z2OQRg/edit#gid=0;https://docs.google.com/spreadsheets/d/1uo7-E_E2jbehB2hbBurpPayP_0fKY5sPZcFgZmfLydY/edit#gid=1526488506;https://docs.google.com/spreadsheets/d/1uo7-E_E2jbehB2hbBurpPayP_0fKY5sPZcFgZmfLydY/edit#gid=1696255979;https://docs.google.com/spreadsheets/d/1uo7-E_E2jbehB2hbBurpPayP_0fKY5sPZcFgZmfLydY/edit#gid=1992807502;https://docs.google.com/spreadsheets/d/1uo7-E_E2jbehB2hbBurpPayP_0fKY5sPZcFgZmfLydY/edit#gid=520178140;https://docs.google.com/spreadsheets/d/1uo7-E_E2jbehB2hbBurpPayP_0fKY5sPZcFgZmfLydY/edit#gid=754790791;https://docs.google.com/spreadsheets/d/1vJ-pioe3RZKSZ3LIGEA3FVTv_KEE_XKIQAXSIUNNd-Q/edit#gid=0;https://raw.githubusercontent.com/PokeAPI/pokeapi/master/data/v2/csv/languages.csv;https://raw.githubusercontent.com/PokeAPI/pokeapi/master/data/v2/csv/pokemon.csv;https://raw.githubusercontent.com/PokeAPI/pokeapi/master/data/v2/csv/pokemon_form_names.csv;https://raw.githubusercontent.com/PokeAPI/pokeapi/master/data/v2/csv/pokemon_forms.csv;https://raw.githubusercontent.com/PokeAPI/pokeapi/master/data/v2/csv/pokemon_species_names.csv;output/team-graphics/s3/GPL Teams Spieltag 14 (1).jpg;output/team-graphics/s3/GPL Teams Spieltag 14 (2).jpg;output/team-graphics/s4/Enteikutierung - Lauris Enteitainment.png;output/team-graphics/s4/Minetube - Triyolotree.png;output/team-graphics/s4/Surstars - SurskitTV.png;output/team-graphics/s5/Shockwaving Magearnas.png;output/team-graphics/s5/SoulStealer.png;output/team-graphics/s5/Victini Bottom.png
season_009,Doubles,rueckrunde,Nestfloh,Voltwizards,11,96.6,95.8,95.8,100,"Heatran, Keldeo, Zobiris, Selfe, Raikou, Iksbat",data/manual/pokemon_killlists.csv;data/manual/team_pokemon_usage.csv;https://docs.google.com/spreadsheets/d/11wxsKyCydVmDjp4kGLJAOLPM_LgwCLN2GYpbDQkNtkk/edit#gid=1588964432;https://docs.google.com/spreadsheets/d/11wxsKyCydVmDjp4kGLJAOLPM_LgwCLN2GYpbDQkNtkk/edit#gid=1843013406;https://docs.google.com/spreadsheets/d/11wxsKyCydVmDjp4kGLJAOLPM_LgwCLN2GYpbDQkNtkk/edit#gid=654435343;https://docs.google.com/spreadsheets/d/13smsrG2BGYxr_omJWcgr-sUDr39bvOJPNL5RPt4DSow/edit#gid=1934543062;https://docs.google.com/spreadsheets/d/13smsrG2BGYxr_omJWcgr-sUDr39bvOJPNL5RPt4DSow/edit#gid=1953790464;https://docs.google.com/spreadsheets/d/13smsrG2BGYxr_omJWcgr-sUDr39bvOJPNL5RPt4DSow/edit#gid=71150222;https://docs.google.com/spreadsheets/d/1B2uTMvWlAHb7WlpupJV1A2Hbi3K3U1vCyoFV0wCapcw/edit#gid=1271313224;https://docs.google.com/spreadsheets/d/1B2uTMvWlAHb7WlpupJV1A2Hbi3K3U1vCyoFV0wCapcw/edit#gid=1521895812;https://docs.google.com/spreadsheets/d/1B2uTMvWlAHb7WlpupJV1A2Hbi3K3U1vCyoFV0wCapcw/edit#gid=1846395979;https://docs.google.com/spreadsheets/d/1B2uTMvWlAHb7WlpupJV1A2Hbi3K3U1vCyoFV0wCapcw/edit#gid=26363830;https://docs.google.com/spreadsheets/d/1FUsClf5qEny-BHY5Djp8rIwRJKBSJDvygJ8LBa62FEo/edit#gid=0;https://docs.google.com/spreadsheets/d/1JZpA-5XDldN2bjfvhvBPHYK-1AENETLnF1UxNEpWlNA/edit#gid=352888197;https://docs.google.com/spreadsheets/d/1kiwDk4NgYoKb0Oo9yqzwl9HXHxuQ_0I5gkb1JtE57PI/edit#gid=0;https://docs.google.com/spreadsheets/d/1n9SmK-ccTCn8Jjhs4U2LKnibXY8PvuBtV3V9MCOURRA/edit#gid=0;https://docs.google.com/spreadsheets/d/1nwiq_ggEj7QePeZGMR2xoi0bEHJr_ZGO24YCRdt93No/edit#gid=857670931;https://docs.google.com/spreadsheets/d/1odsNRAZStW1GzmpXwmg27dqjOlch7w8syZOZ5Z2OQRg/edit#gid=0;https://docs.google.com/spreadsheets/d/1uo7-E_E2jbehB2hbBurpPayP_0fKY5sPZcFgZmfLydY/edit#gid=1526488506;https://docs.google.com/spreadsheets/d/1uo7-E_E2jbehB2hbBurpPayP_0fKY5sPZcFgZmfLydY/edit#gid=1696255979;https://docs.google.com/spreadsheets/d/1uo7-E_E2jbehB2hbBurpPayP_0fKY5sPZcFgZmfLydY/edit#gid=1992807502;https://docs.google.com/spreadsheets/d/1uo7-E_E2jbehB2hbBurpPayP_0fKY5sPZcFgZmfLydY/edit#gid=520178140;https://docs.google.com/spreadsheets/d/1uo7-E_E2jbehB2hbBurpPayP_0fKY5sPZcFgZmfLydY/edit#gid=754790791;https://docs.google.com/spreadsheets/d/1vJ-pioe3RZKSZ3LIGEA3FVTv_KEE_XKIQAXSIUNNd-Q/edit#gid=0;https://raw.githubusercontent.com/PokeAPI/pokeapi/master/data/v2/csv/languages.csv;https://raw.githubusercontent.com/PokeAPI/pokeapi/master/data/v2/csv/pokemon.csv;https://raw.githubusercontent.com/PokeAPI/pokeapi/master/data/v2/csv/pokemon_form_names.csv;https://raw.githubusercontent.com/PokeAPI/pokeapi/master/data/v2/csv/pokemon_forms.csv;https://raw.githubusercontent.com/PokeAPI/pokeapi/master/data/v2/csv/pokemon_species_names.csv;output/team-graphics/s3/GPL Teams Spieltag 14 (1).jpg;output/team-graphics/s3/GPL Teams Spieltag 14 (2).jpg;output/team-graphics/s4/Enteikutierung - Lauris Enteitainment.png;output/team-graphics/s4/Minetube - Triyolotree.png;output/team-graphics/s4/Surstars - SurskitTV.png;output/team-graphics/s5/Shockwaving Magearnas.png;output/team-graphics/s5/SoulStealer.png;output/team-graphics/s5/Victini Bottom.png
season_009,Singles,rueckrunde,KingBlex,Toon World,11,96.5,95.6,95.6,100,"Lahmus, Kyurem, Stalobor, Trombork, Grypheldis, Feelinara",data/manual/pokemon_killlists.csv;data/manual/team_pokemon_usage.csv;https://docs.google.com/spreadsheets/d/11wxsKyCydVmDjp4kGLJAOLPM_LgwCLN2GYpbDQkNtkk/edit#gid=1588964432;https://docs.google.com/spreadsheets/d/11wxsKyCydVmDjp4kGLJAOLPM_LgwCLN2GYpbDQkNtkk/edit#gid=1843013406;https://docs.google.com/spreadsheets/d/11wxsKyCydVmDjp4kGLJAOLPM_LgwCLN2GYpbDQkNtkk/edit#gid=654435343;https://docs.google.com/spreadsheets/d/13smsrG2BGYxr_omJWcgr-sUDr39bvOJPNL5RPt4DSow/edit#gid=1934543062;https://docs.google.com/spreadsheets/d/13smsrG2BGYxr_omJWcgr-sUDr39bvOJPNL5RPt4DSow/edit#gid=1953790464;https://docs.google.com/spreadsheets/d/13smsrG2BGYxr_omJWcgr-sUDr39bvOJPNL5RPt4DSow/edit#gid=71150222;https://docs.google.com/spreadsheets/d/1B2uTMvWlAHb7WlpupJV1A2Hbi3K3U1vCyoFV0wCapcw/edit#gid=1271313224;https://docs.google.com/spreadsheets/d/1B2uTMvWlAHb7WlpupJV1A2Hbi3K3U1vCyoFV0wCapcw/edit#gid=1521895812;https://docs.google.com/spreadsheets/d/1B2uTMvWlAHb7WlpupJV1A2Hbi3K3U1vCyoFV0wCapcw/edit#gid=1846395979;https://docs.google.com/spreadsheets/d/1B2uTMvWlAHb7WlpupJV1A2Hbi3K3U1vCyoFV0wCapcw/edit#gid=26363830;https://docs.google.com/spreadsheets/d/1FUsClf5qEny-BHY5Djp8rIwRJKBSJDvygJ8LBa62FEo/edit#gid=0;https://docs.google.com/spreadsheets/d/1JZpA-5XDldN2bjfvhvBPHYK-1AENETLnF1UxNEpWlNA/edit#gid=352888197;https://docs.google.com/spreadsheets/d/1kXhNwKGrqQTwSal0NxpZ9h0yo6u_mQwhwg4vGVwxMX4/edit#gid=0;https://docs.google.com/spreadsheets/d/1kiwDk4NgYoKb0Oo9yqzwl9HXHxuQ_0I5gkb1JtE57PI/edit#gid=0;https://docs.google.com/spreadsheets/d/1n9SmK-ccTCn8Jjhs4U2LKnibXY8PvuBtV3V9MCOURRA/edit#gid=0;https://docs.google.com/spreadsheets/d/1nwiq_ggEj7QePeZGMR2xoi0bEHJr_ZGO24YCRdt93No/edit#gid=857670931;https://docs.google.com/spreadsheets/d/1odsNRAZStW1GzmpXwmg27dqjOlch7w8syZOZ5Z2OQRg/edit#gid=0;https://docs.google.com/spreadsheets/d/1uo7-E_E2jbehB2hbBurpPayP_0fKY5sPZcFgZmfLydY/edit#gid=1526488506;https://docs.google.com/spreadsheets/d/1uo7-E_E2jbehB2hbBurpPayP_0fKY5sPZcFgZmfLydY/edit#gid=1696255979;https://docs.google.com/spreadsheets/d/1uo7-E_E2jbehB2hbBurpPayP_0fKY5sPZcFgZmfLydY/edit#gid=1992807502;https://docs.google.com/spreadsheets/d/1uo7-E_E2jbehB2hbBurpPayP_0fKY5sPZcFgZmfLydY/edit#gid=520178140;https://docs.google.com/spreadsheets/d/1uo7-E_E2jbehB2hbBurpPayP_0fKY5sPZcFgZmfLydY/edit#gid=754790791;https://docs.google.com/spreadsheets/d/1vJ-pioe3RZKSZ3LIGEA3FVTv_KEE_XKIQAXSIUNNd-Q/edit#gid=0;https://raw.githubusercontent.com/PokeAPI/pokeapi/master/data/v2/csv/languages.csv;https://raw.githubusercontent.com/PokeAPI/pokeapi/master/data/v2/csv/pokemon.csv;https://raw.githubusercontent.com/PokeAPI/pokeapi/master/data/v2/csv/pokemon_form_names.csv;https://raw.githubusercontent.com/PokeAPI/pokeapi/master/data/v2/csv/pokemon_forms.csv;https://raw.githubusercontent.com/PokeAPI/pokeapi/master/data/v2/csv/pokemon_species_names.csv;output/team-graphics/s3/GPL Teams Spieltag 14 (1).jpg;output/team-graphics/s3/GPL Teams Spieltag 14 (2).jpg;output/team-graphics/s4/Flexing Masskito - RegiBang.png;output/team-graphics/s4/Ritter der Tapukokosnuss - FullLifeGames.png;output/team-graphics/s4/Slicing Knights - Cabgolord.png;output/team-graphics/s5/Cabgosport.png;output/team-graphics/s5/Energie Tobutz.png;output/team-graphics/s5/Triyolotree.png
season_009,Doubles,rueckrunde,OGDNZ,Toon World,11,96.5,95.6,95.6,100,"Lahmus, Kyurem, Stalobor, Trombork, Grypheldis, Feelinara",data/manual/pokemon_killlists.csv;data/manual/team_pokemon_usage.csv;https://docs.google.com/spreadsheets/d/11wxsKyCydVmDjp4kGLJAOLPM_LgwCLN2GYpbDQkNtkk/edit#gid=1588964432;https://docs.google.com/spreadsheets/d/11wxsKyCydVmDjp4kGLJAOLPM_LgwCLN2GYpbDQkNtkk/edit#gid=1843013406;https://docs.google.com/spreadsheets/d/11wxsKyCydVmDjp4kGLJAOLPM_LgwCLN2GYpbDQkNtkk/edit#gid=654435343;https://docs.google.com/spreadsheets/d/13smsrG2BGYxr_omJWcgr-sUDr39bvOJPNL5RPt4DSow/edit#gid=1934543062;https://docs.google.com/spreadsheets/d/13smsrG2BGYxr_omJWcgr-sUDr39bvOJPNL5RPt4DSow/edit#gid=1953790464;https://docs.google.com/spreadsheets/d/13smsrG2BGYxr_omJWcgr-sUDr39bvOJPNL5RPt4DSow/edit#gid=71150222;https://docs.google.com/spreadsheets/d/1B2uTMvWlAHb7WlpupJV1A2Hbi3K3U1vCyoFV0wCapcw/edit#gid=1271313224;https://docs.google.com/spreadsheets/d/1B2uTMvWlAHb7WlpupJV1A2Hbi3K3U1vCyoFV0wCapcw/edit#gid=1521895812;https://docs.google.com/spreadsheets/d/1B2uTMvWlAHb7WlpupJV1A2Hbi3K3U1vCyoFV0wCapcw/edit#gid=1846395979;https://docs.google.com/spreadsheets/d/1B2uTMvWlAHb7WlpupJV1A2Hbi3K3U1vCyoFV0wCapcw/edit#gid=26363830;https://docs.google.com/spreadsheets/d/1FUsClf5qEny-BHY5Djp8rIwRJKBSJDvygJ8LBa62FEo/edit#gid=0;https://docs.google.com/spreadsheets/d/1JZpA-5XDldN2bjfvhvBPHYK-1AENETLnF1UxNEpWlNA/edit#gid=352888197;https://docs.google.com/spreadsheets/d/1kXhNwKGrqQTwSal0NxpZ9h0yo6u_mQwhwg4vGVwxMX4/edit#gid=0;https://docs.google.com/spreadsheets/d/1kiwDk4NgYoKb0Oo9yqzwl9HXHxuQ_0I5gkb1JtE57PI/edit#gid=0;https://docs.google.com/spreadsheets/d/1n9SmK-ccTCn8Jjhs4U2LKnibXY8PvuBtV3V9MCOURRA/edit#gid=0;https://docs.google.com/spreadsheets/d/1nwiq_ggEj7QePeZGMR2xoi0bEHJr_ZGO24YCRdt93No/edit#gid=857670931;https://docs.google.com/spreadsheets/d/1odsNRAZStW1GzmpXwmg27dqjOlch7w8syZOZ5Z2OQRg/edit#gid=0;https://docs.google.com/spreadsheets/d/1uo7-E_E2jbehB2hbBurpPayP_0fKY5sPZcFgZmfLydY/edit#gid=1526488506;https://docs.google.com/spreadsheets/d/1uo7-E_E2jbehB2hbBurpPayP_0fKY5sPZcFgZmfLydY/edit#gid=1696255979;https://docs.google.com/spreadsheets/d/1uo7-E_E2jbehB2hbBurpPayP_0fKY5sPZcFgZmfLydY/edit#gid=1992807502;https://docs.google.com/spreadsheets/d/1uo7-E_E2jbehB2hbBurpPayP_0fKY5sPZcFgZmfLydY/edit#gid=520178140;https://docs.google.com/spreadsheets/d/1uo7-E_E2jbehB2hbBurpPayP_0fKY5sPZcFgZmfLydY/edit#gid=754790791;https://docs.google.com/spreadsheets/d/1vJ-pioe3RZKSZ3LIGEA3FVTv_KEE_XKIQAXSIUNNd-Q/edit#gid=0;https://raw.githubusercontent.com/PokeAPI/pokeapi/master/data/v2/csv/languages.csv;https://raw.githubusercontent.com/PokeAPI/pokeapi/master/data/v2/csv/pokemon.csv;https://raw.githubusercontent.com/PokeAPI/pokeapi/master/data/v2/csv/pokemon_form_names.csv;https://raw.githubusercontent.com/PokeAPI/pokeapi/master/data/v2/csv/pokemon_forms.csv;https://raw.githubusercontent.com/PokeAPI/pokeapi/master/data/v2/csv/pokemon_species_names.csv;output/team-graphics/s3/GPL Teams Spieltag 14 (1).jpg;output/team-graphics/s3/GPL Teams Spieltag 14 (2).jpg;output/team-graphics/s4/Flexing Masskito - RegiBang.png;output/team-graphics/s4/Ritter der Tapukokosnuss - FullLifeGames.png;output/team-graphics/s4/Slicing Knights - Cabgolord.png;output/team-graphics/s5/Cabgosport.png;output/team-graphics/s5/Energie Tobutz.png;output/team-graphics/s5/Triyolotree.png
season_008,Liga 2,rueckrunde,Pokgalaxy,Issotop,11,95.5,94.4,94.4,100,"Pixi, UHaFnir, Raikou, Piondragi, Miltank, Cresselia",data/manual/pokemon_killlists.csv;data/manual/team_pokemon_usage.csv;https://docs.google.com/spreadsheets/d/11wxsKyCydVmDjp4kGLJAOLPM_LgwCLN2GYpbDQkNtkk/edit#gid=1588964432;https://docs.google.com/spreadsheets/d/11wxsKyCydVmDjp4kGLJAOLPM_LgwCLN2GYpbDQkNtkk/edit#gid=1843013406;https://docs.google.com/spreadsheets/d/11wxsKyCydVmDjp4kGLJAOLPM_LgwCLN2GYpbDQkNtkk/edit#gid=654435343;https://docs.google.com/spreadsheets/d/13smsrG2BGYxr_omJWcgr-sUDr39bvOJPNL5RPt4DSow/edit#gid=1934543062;https://docs.google.com/spreadsheets/d/13smsrG2BGYxr_omJWcgr-sUDr39bvOJPNL5RPt4DSow/edit#gid=1953790464;https://docs.google.com/spreadsheets/d/13smsrG2BGYxr_omJWcgr-sUDr39bvOJPNL5RPt4DSow/edit#gid=71150222;https://docs.google.com/spreadsheets/d/1B2uTMvWlAHb7WlpupJV1A2Hbi3K3U1vCyoFV0wCapcw/edit#gid=1271313224;https://docs.google.com/spreadsheets/d/1B2uTMvWlAHb7WlpupJV1A2Hbi3K3U1vCyoFV0wCapcw/edit#gid=1521895812;https://docs.google.com/spreadsheets/d/1B2uTMvWlAHb7WlpupJV1A2Hbi3K3U1vCyoFV0wCapcw/edit#gid=1846395979;https://docs.google.com/spreadsheets/d/1B2uTMvWlAHb7WlpupJV1A2Hbi3K3U1vCyoFV0wCapcw/edit#gid=26363830;https://docs.google.com/spreadsheets/d/1FUsClf5qEny-BHY5Djp8rIwRJKBSJDvygJ8LBa62FEo/edit#gid=0;https://docs.google.com/spreadsheets/d/1JZpA-5XDldN2bjfvhvBPHYK-1AENETLnF1UxNEpWlNA/edit#gid=352888197;https://docs.google.com/spreadsheets/d/1kiwDk4NgYoKb0Oo9yqzwl9HXHxuQ_0I5gkb1JtE57PI/edit#gid=0;https://docs.google.com/spreadsheets/d/1n9SmK-ccTCn8Jjhs4U2LKnibXY8PvuBtV3V9MCOURRA/edit#gid=0;https://docs.google.com/spreadsheets/d/1nwiq_ggEj7QePeZGMR2xoi0bEHJr_ZGO24YCRdt93No/edit#gid=857670931;https://docs.google.com/spreadsheets/d/1odsNRAZStW1GzmpXwmg27dqjOlch7w8syZOZ5Z2OQRg/edit#gid=0;https://docs.google.com/spreadsheets/d/1uo7-E_E2jbehB2hbBurpPayP_0fKY5sPZcFgZmfLydY/edit#gid=1526488506;https://docs.google.com/spreadsheets/d/1uo7-E_E2jbehB2hbBurpPayP_0fKY5sPZcFgZmfLydY/edit#gid=1696255979;https://docs.google.com/spreadsheets/d/1uo7-E_E2jbehB2hbBurpPayP_0fKY5sPZcFgZmfLydY/edit#gid=520178140;https://docs.google.com/spreadsheets/d/1vJ-pioe3RZKSZ3LIGEA3FVTv_KEE_XKIQAXSIUNNd-Q/edit#gid=0;https://raw.githubusercontent.com/PokeAPI/pokeapi/master/data/v2/csv/languages.csv;https://raw.githubusercontent.com/PokeAPI/pokeapi/master/data/v2/csv/pokemon.csv;https://raw.githubusercontent.com/PokeAPI/pokeapi/master/data/v2/csv/pokemon_form_names.csv;https://raw.githubusercontent.com/PokeAPI/pokeapi/master/data/v2/csv/pokemon_forms.csv;https://raw.githubusercontent.com/PokeAPI/pokeapi/master/data/v2/csv/pokemon_species_names.csv;output/team-graphics/s3/GPL Teams Spieltag 14 (1).jpg;output/team-graphics/s3/GPL Teams Spieltag 14 (2).jpg;output/team-graphics/s4/Enteikutierung - Lauris Enteitainment.png;output/team-graphics/s4/Ritter der Tapukokosnuss - FullLifeGames.png;output/team-graphics/s4/Shocking Shaymins - MeLevies.png;output/team-graphics/s4/Slicing Knights - Cabgolord.png;output/team-graphics/s4/Suicide Squad - CaptainCrinch.png;output/team-graphics/s5/Energie Tobutz.png;output/team-graphics/s5/Marvelous Speedsters.png
season_008,Liga 2,rueckrunde,OGDNZ,Chasing Cinderaces,11,95.4,94.2,94.2,100,"Kyurem, Zeraora, Victini, Nidoking, Milotic, Fruyal",data/manual/pokemon_killlists.csv;data/manual/team_pokemon_usage.csv;https://docs.google.com/spreadsheets/d/11wxsKyCydVmDjp4kGLJAOLPM_LgwCLN2GYpbDQkNtkk/edit#gid=1588964432;https://docs.google.com/spreadsheets/d/11wxsKyCydVmDjp4kGLJAOLPM_LgwCLN2GYpbDQkNtkk/edit#gid=1843013406;https://docs.google.com/spreadsheets/d/13smsrG2BGYxr_omJWcgr-sUDr39bvOJPNL5RPt4DSow/edit#gid=1934543062;https://docs.google.com/spreadsheets/d/13smsrG2BGYxr_omJWcgr-sUDr39bvOJPNL5RPt4DSow/edit#gid=71150222;https://docs.google.com/spreadsheets/d/1B2uTMvWlAHb7WlpupJV1A2Hbi3K3U1vCyoFV0wCapcw/edit#gid=1271313224;https://docs.google.com/spreadsheets/d/1B2uTMvWlAHb7WlpupJV1A2Hbi3K3U1vCyoFV0wCapcw/edit#gid=1521895812;https://docs.google.com/spreadsheets/d/1B2uTMvWlAHb7WlpupJV1A2Hbi3K3U1vCyoFV0wCapcw/edit#gid=1846395979;https://docs.google.com/spreadsheets/d/1B2uTMvWlAHb7WlpupJV1A2Hbi3K3U1vCyoFV0wCapcw/edit#gid=26363830;https://docs.google.com/spreadsheets/d/1FUsClf5qEny-BHY5Djp8rIwRJKBSJDvygJ8LBa62FEo/edit#gid=0;https://docs.google.com/spreadsheets/d/1JZpA-5XDldN2bjfvhvBPHYK-1AENETLnF1UxNEpWlNA/edit#gid=352888197;https://docs.google.com/spreadsheets/d/1kiwDk4NgYoKb0Oo9yqzwl9HXHxuQ_0I5gkb1JtE57PI/edit#gid=0;https://docs.google.com/spreadsheets/d/1n9SmK-ccTCn8Jjhs4U2LKnibXY8PvuBtV3V9MCOURRA/edit#gid=0;https://docs.google.com/spreadsheets/d/1nwiq_ggEj7QePeZGMR2xoi0bEHJr_ZGO24YCRdt93No/edit#gid=857670931;https://docs.google.com/spreadsheets/d/1odsNRAZStW1GzmpXwmg27dqjOlch7w8syZOZ5Z2OQRg/edit#gid=0;https://docs.google.com/spreadsheets/d/1uo7-E_E2jbehB2hbBurpPayP_0fKY5sPZcFgZmfLydY/edit#gid=1526488506;https://docs.google.com/spreadsheets/d/1uo7-E_E2jbehB2hbBurpPayP_0fKY5sPZcFgZmfLydY/edit#gid=1696255979;https://docs.google.com/spreadsheets/d/1uo7-E_E2jbehB2hbBurpPayP_0fKY5sPZcFgZmfLydY/edit#gid=520178140;https://docs.google.com/spreadsheets/d/1vJ-pioe3RZKSZ3LIGEA3FVTv_KEE_XKIQAXSIUNNd-Q/edit#gid=0;https://raw.githubusercontent.com/PokeAPI/pokeapi/master/data/v2/csv/languages.csv;https://raw.githubusercontent.com/PokeAPI/pokeapi/master/data/v2/csv/pokemon.csv;https://raw.githubusercontent.com/PokeAPI/pokeapi/master/data/v2/csv/pokemon_form_names.csv;https://raw.githubusercontent.com/PokeAPI/pokeapi/master/data/v2/csv/pokemon_forms.csv;https://raw.githubusercontent.com/PokeAPI/pokeapi/master/data/v2/csv/pokemon_species_names.csv;output/team-graphics/s3/GPL Teams Spieltag 14 (1).jpg;output/team-graphics/s3/GPL Teams Spieltag 14 (2).jpg;output/team-graphics/s4/Enteikutierung - Lauris Enteitainment.png;output/team-graphics/s4/Minetube - Triyolotree.png;output/team-graphics/s4/Slicing Knights - Cabgolord.png;output/team-graphics/s5/Cabgosport.png;output/team-graphics/s5/Howling Commandos.png;output/team-graphics/s5/Marvelous Speedsters.png;output/team-graphics/s5/SoulStealer.png
season_009,Singles,hinrunde,Blocki,Voltwizards,11,95.2,94.0,94.0,100,"Heatran, Keldeo, Mamutel, Zobiris, Raikou, Iksbat",data/manual/pokemon_killlists.csv;data/manual/team_pokemon_usage.csv;https://docs.google.com/spreadsheets/d/11wxsKyCydVmDjp4kGLJAOLPM_LgwCLN2GYpbDQkNtkk/edit#gid=1588964432;https://docs.google.com/spreadsheets/d/11wxsKyCydVmDjp4kGLJAOLPM_LgwCLN2GYpbDQkNtkk/edit#gid=1843013406;https://docs.google.com/spreadsheets/d/13smsrG2BGYxr_omJWcgr-sUDr39bvOJPNL5RPt4DSow/edit#gid=1934543062;https://docs.google.com/spreadsheets/d/13smsrG2BGYxr_omJWcgr-sUDr39bvOJPNL5RPt4DSow/edit#gid=71150222;https://docs.google.com/spreadsheets/d/1B2uTMvWlAHb7WlpupJV1A2Hbi3K3U1vCyoFV0wCapcw/edit#gid=1271313224;https://docs.google.com/spreadsheets/d/1B2uTMvWlAHb7WlpupJV1A2Hbi3K3U1vCyoFV0wCapcw/edit#gid=1521895812;https://docs.google.com/spreadsheets/d/1B2uTMvWlAHb7WlpupJV1A2Hbi3K3U1vCyoFV0wCapcw/edit#gid=1846395979;https://docs.google.com/spreadsheets/d/1B2uTMvWlAHb7WlpupJV1A2Hbi3K3U1vCyoFV0wCapcw/edit#gid=26363830;https://docs.google.com/spreadsheets/d/1FUsClf5qEny-BHY5Djp8rIwRJKBSJDvygJ8LBa62FEo/edit#gid=0;https://docs.google.com/spreadsheets/d/1JZpA-5XDldN2bjfvhvBPHYK-1AENETLnF1UxNEpWlNA/edit#gid=352888197;https://docs.google.com/spreadsheets/d/1kiwDk4NgYoKb0Oo9yqzwl9HXHxuQ_0I5gkb1JtE57PI/edit#gid=0;https://docs.google.com/spreadsheets/d/1n9SmK-ccTCn8Jjhs4U2LKnibXY8PvuBtV3V9MCOURRA/edit#gid=0;https://docs.google.com/spreadsheets/d/1nwiq_ggEj7QePeZGMR2xoi0bEHJr_ZGO24YCRdt93No/edit#gid=857670931;https://docs.google.com/spreadsheets/d/1odsNRAZStW1GzmpXwmg27dqjOlch7w8syZOZ5Z2OQRg/edit#gid=0;https://docs.google.com/spreadsheets/d/1uo7-E_E2jbehB2hbBurpPayP_0fKY5sPZcFgZmfLydY/edit#gid=1526488506;https://docs.google.com/spreadsheets/d/1uo7-E_E2jbehB2hbBurpPayP_0fKY5sPZcFgZmfLydY/edit#gid=1696255979;https://docs.google.com/spreadsheets/d/1uo7-E_E2jbehB2hbBurpPayP_0fKY5sPZcFgZmfLydY/edit#gid=1992807502;https://docs.google.com/spreadsheets/d/1uo7-E_E2jbehB2hbBurpPayP_0fKY5sPZcFgZmfLydY/edit#gid=520178140;https://docs.google.com/spreadsheets/d/1vJ-pioe3RZKSZ3LIGEA3FVTv_KEE_XKIQAXSIUNNd-Q/edit#gid=0;https://raw.githubusercontent.com/PokeAPI/pokeapi/master/data/v2/csv/languages.csv;https://raw.githubusercontent.com/PokeAPI/pokeapi/master/data/v2/csv/pokemon.csv;https://raw.githubusercontent.com/PokeAPI/pokeapi/master/data/v2/csv/pokemon_form_names.csv;https://raw.githubusercontent.com/PokeAPI/pokeapi/master/data/v2/csv/pokemon_forms.csv;https://raw.githubusercontent.com/PokeAPI/pokeapi/master/data/v2/csv/pokemon_species_names.csv;output/team-graphics/s3/GPL Teams Spieltag 14 (1).jpg;output/team-graphics/s3/GPL Teams Spieltag 14 (2).jpg;output/team-graphics/s4/Enteikutierung - Lauris Enteitainment.png;output/team-graphics/s4/Surstars - SurskitTV.png;output/team-graphics/s5/Shockwaving Magearnas.png
season_009,Doubles,hinrunde,Nestfloh,Voltwizards,11,95.2,94.0,94.0,100,"Heatran, Keldeo, Mamutel, Zobiris, Raikou, Iksbat",data/manual/pokemon_killlists.csv;data/manual/team_pokemon_usage.csv;https://docs.google.com/spreadsheets/d/11wxsKyCydVmDjp4kGLJAOLPM_LgwCLN2GYpbDQkNtkk/edit#gid=1588964432;https://docs.google.com/spreadsheets/d/11wxsKyCydVmDjp4kGLJAOLPM_LgwCLN2GYpbDQkNtkk/edit#gid=1843013406;https://docs.google.com/spreadsheets/d/13smsrG2BGYxr_omJWcgr-sUDr39bvOJPNL5RPt4DSow/edit#gid=1934543062;https://docs.google.com/spreadsheets/d/13smsrG2BGYxr_omJWcgr-sUDr39bvOJPNL5RPt4DSow/edit#gid=71150222;https://docs.google.com/spreadsheets/d/1B2uTMvWlAHb7WlpupJV1A2Hbi3K3U1vCyoFV0wCapcw/edit#gid=1271313224;https://docs.google.com/spreadsheets/d/1B2uTMvWlAHb7WlpupJV1A2Hbi3K3U1vCyoFV0wCapcw/edit#gid=1521895812;https://docs.google.com/spreadsheets/d/1B2uTMvWlAHb7WlpupJV1A2Hbi3K3U1vCyoFV0wCapcw/edit#gid=1846395979;https://docs.google.com/spreadsheets/d/1B2uTMvWlAHb7WlpupJV1A2Hbi3K3U1vCyoFV0wCapcw/edit#gid=26363830;https://docs.google.com/spreadsheets/d/1FUsClf5qEny-BHY5Djp8rIwRJKBSJDvygJ8LBa62FEo/edit#gid=0;https://docs.google.com/spreadsheets/d/1JZpA-5XDldN2bjfvhvBPHYK-1AENETLnF1UxNEpWlNA/edit#gid=352888197;https://docs.google.com/spreadsheets/d/1kiwDk4NgYoKb0Oo9yqzwl9HXHxuQ_0I5gkb1JtE57PI/edit#gid=0;https://docs.google.com/spreadsheets/d/1n9SmK-ccTCn8Jjhs4U2LKnibXY8PvuBtV3V9MCOURRA/edit#gid=0;https://docs.google.com/spreadsheets/d/1nwiq_ggEj7QePeZGMR2xoi0bEHJr_ZGO24YCRdt93No/edit#gid=857670931;https://docs.google.com/spreadsheets/d/1odsNRAZStW1GzmpXwmg27dqjOlch7w8syZOZ5Z2OQRg/edit#gid=0;https://docs.google.com/spreadsheets/d/1uo7-E_E2jbehB2hbBurpPayP_0fKY5sPZcFgZmfLydY/edit#gid=1526488506;https://docs.google.com/spreadsheets/d/1uo7-E_E2jbehB2hbBurpPayP_0fKY5sPZcFgZmfLydY/edit#gid=1696255979;https://docs.google.com/spreadsheets/d/1uo7-E_E2jbehB2hbBurpPayP_0fKY5sPZcFgZmfLydY/edit#gid=1992807502;https://docs.google.com/spreadsheets/d/1uo7-E_E2jbehB2hbBurpPayP_0fKY5sPZcFgZmfLydY/edit#gid=520178140;https://docs.google.com/spreadsheets/d/1vJ-pioe3RZKSZ3LIGEA3FVTv_KEE_XKIQAXSIUNNd-Q/edit#gid=0;https://raw.githubusercontent.com/PokeAPI/pokeapi/master/data/v2/csv/languages.csv;https://raw.githubusercontent.com/PokeAPI/pokeapi/master/data/v2/csv/pokemon.csv;https://raw.githubusercontent.com/PokeAPI/pokeapi/master/data/v2/csv/pokemon_form_names.csv;https://raw.githubusercontent.com/PokeAPI/pokeapi/master/data/v2/csv/pokemon_forms.csv;https://raw.githubusercontent.com/PokeAPI/pokeapi/master/data/v2/csv/pokemon_species_names.csv;output/team-graphics/s3/GPL Teams Spieltag 14 (1).jpg;output/team-graphics/s3/GPL Teams Spieltag 14 (2).jpg;output/team-graphics/s4/Enteikutierung - Lauris Enteitainment.png;output/team-graphics/s4/Surstars - SurskitTV.png;output/team-graphics/s5/Shockwaving Magearnas.png
season_008,Liga 2,hinrunde,OGDNZ,Chasing Cinderaces,10,94.7,95.6,95.6,90.9,"Kyurem, Krarmor, Zeraora, Vesprit, Nidoking, Milotic",data/manual/pokemon_killlists.csv;data/manual/team_pokemon_usage.csv;https://docs.google.com/spreadsheets/d/11wxsKyCydVmDjp4kGLJAOLPM_LgwCLN2GYpbDQkNtkk/edit#gid=1588964432;https://docs.google.com/spreadsheets/d/11wxsKyCydVmDjp4kGLJAOLPM_LgwCLN2GYpbDQkNtkk/edit#gid=1843013406;https://docs.google.com/spreadsheets/d/13smsrG2BGYxr_omJWcgr-sUDr39bvOJPNL5RPt4DSow/edit#gid=1934543062;https://docs.google.com/spreadsheets/d/13smsrG2BGYxr_omJWcgr-sUDr39bvOJPNL5RPt4DSow/edit#gid=1953790464;https://docs.google.com/spreadsheets/d/13smsrG2BGYxr_omJWcgr-sUDr39bvOJPNL5RPt4DSow/edit#gid=71150222;https://docs.google.com/spreadsheets/d/1B2uTMvWlAHb7WlpupJV1A2Hbi3K3U1vCyoFV0wCapcw/edit#gid=1271313224;https://docs.google.com/spreadsheets/d/1B2uTMvWlAHb7WlpupJV1A2Hbi3K3U1vCyoFV0wCapcw/edit#gid=1521895812;https://docs.google.com/spreadsheets/d/1B2uTMvWlAHb7WlpupJV1A2Hbi3K3U1vCyoFV0wCapcw/edit#gid=1846395979;https://docs.google.com/spreadsheets/d/1B2uTMvWlAHb7WlpupJV1A2Hbi3K3U1vCyoFV0wCapcw/edit#gid=26363830;https://docs.google.com/spreadsheets/d/1FUsClf5qEny-BHY5Djp8rIwRJKBSJDvygJ8LBa62FEo/edit#gid=0;https://docs.google.com/spreadsheets/d/1JZpA-5XDldN2bjfvhvBPHYK-1AENETLnF1UxNEpWlNA/edit#gid=352888197;https://docs.google.com/spreadsheets/d/1kiwDk4NgYoKb0Oo9yqzwl9HXHxuQ_0I5gkb1JtE57PI/edit#gid=0;https://docs.google.com/spreadsheets/d/1n9SmK-ccTCn8Jjhs4U2LKnibXY8PvuBtV3V9MCOURRA/edit#gid=0;https://docs.google.com/spreadsheets/d/1nwiq_ggEj7QePeZGMR2xoi0bEHJr_ZGO24YCRdt93No/edit#gid=857670931;https://docs.google.com/spreadsheets/d/1odsNRAZStW1GzmpXwmg27dqjOlch7w8syZOZ5Z2OQRg/edit#gid=0;https://docs.google.com/spreadsheets/d/1uo7-E_E2jbehB2hbBurpPayP_0fKY5sPZcFgZmfLydY/edit#gid=1526488506;https://docs.google.com/spreadsheets/d/1uo7-E_E2jbehB2hbBurpPayP_0fKY5sPZcFgZmfLydY/edit#gid=1696255979;https://docs.google.com/spreadsheets/d/1uo7-E_E2jbehB2hbBurpPayP_0fKY5sPZcFgZmfLydY/edit#gid=520178140;https://docs.google.com/spreadsheets/d/1vJ-pioe3RZKSZ3LIGEA3FVTv_KEE_XKIQAXSIUNNd-Q/edit#gid=0;https://raw.githubusercontent.com/PokeAPI/pokeapi/master/data/v2/csv/languages.csv;https://raw.githubusercontent.com/PokeAPI/pokeapi/master/data/v2/csv/pokemon.csv;https://raw.githubusercontent.com/PokeAPI/pokeapi/master/data/v2/csv/pokemon_form_names.csv;https://raw.githubusercontent.com/PokeAPI/pokeapi/master/data/v2/csv/pokemon_forms.csv;https://raw.githubusercontent.com/PokeAPI/pokeapi/master/data/v2/csv/pokemon_species_names.csv;output/team-graphics/s3/GPL Teams Spieltag 14 (1).jpg;output/team-graphics/s4/Enteikutierung - Lauris Enteitainment.png;output/team-graphics/s4/Prekani - PresentLP.png;output/team-graphics/s4/Slicing Knights - Cabgolord.png;output/team-graphics/s5/Cabgosport.png;output/team-graphics/s5/Marvelous Speedsters.png;output/team-graphics/s5/SoulStealer.png
season_008,Liga 1,hinrunde,Nestfloh,Flutschige Zäpfchen,11,94.6,93.2,93.2,100,"Kyurem, Sumpex, Kaguron, Terrakium, Raichu, Fruyal",data/manual/pokemon_killlists.csv;data/manual/team_pokemon_usage.csv;https://docs.google.com/spreadsheets/d/11wxsKyCydVmDjp4kGLJAOLPM_LgwCLN2GYpbDQkNtkk/edit#gid=1588964432;https://docs.google.com/spreadsheets/d/11wxsKyCydVmDjp4kGLJAOLPM_LgwCLN2GYpbDQkNtkk/edit#gid=1843013406;https://docs.google.com/spreadsheets/d/11wxsKyCydVmDjp4kGLJAOLPM_LgwCLN2GYpbDQkNtkk/edit#gid=654435343;https://docs.google.com/spreadsheets/d/13smsrG2BGYxr_omJWcgr-sUDr39bvOJPNL5RPt4DSow/edit#gid=1934543062;https://docs.google.com/spreadsheets/d/13smsrG2BGYxr_omJWcgr-sUDr39bvOJPNL5RPt4DSow/edit#gid=71150222;https://docs.google.com/spreadsheets/d/1B2uTMvWlAHb7WlpupJV1A2Hbi3K3U1vCyoFV0wCapcw/edit#gid=1271313224;https://docs.google.com/spreadsheets/d/1B2uTMvWlAHb7WlpupJV1A2Hbi3K3U1vCyoFV0wCapcw/edit#gid=1521895812;https://docs.google.com/spreadsheets/d/1B2uTMvWlAHb7WlpupJV1A2Hbi3K3U1vCyoFV0wCapcw/edit#gid=1846395979;https://docs.google.com/spreadsheets/d/1B2uTMvWlAHb7WlpupJV1A2Hbi3K3U1vCyoFV0wCapcw/edit#gid=26363830;https://docs.google.com/spreadsheets/d/1FUsClf5qEny-BHY5Djp8rIwRJKBSJDvygJ8LBa62FEo/edit#gid=0;https://docs.google.com/spreadsheets/d/1JZpA-5XDldN2bjfvhvBPHYK-1AENETLnF1UxNEpWlNA/edit#gid=352888197;https://docs.google.com/spreadsheets/d/1kiwDk4NgYoKb0Oo9yqzwl9HXHxuQ_0I5gkb1JtE57PI/edit#gid=0;https://docs.google.com/spreadsheets/d/1n9SmK-ccTCn8Jjhs4U2LKnibXY8PvuBtV3V9MCOURRA/edit#gid=0;https://docs.google.com/spreadsheets/d/1nwiq_ggEj7QePeZGMR2xoi0bEHJr_ZGO24YCRdt93No/edit#gid=857670931;https://docs.google.com/spreadsheets/d/1odsNRAZStW1GzmpXwmg27dqjOlch7w8syZOZ5Z2OQRg/edit#gid=0;https://docs.google.com/spreadsheets/d/1uo7-E_E2jbehB2hbBurpPayP_0fKY5sPZcFgZmfLydY/edit#gid=1526488506;https://docs.google.com/spreadsheets/d/1uo7-E_E2jbehB2hbBurpPayP_0fKY5sPZcFgZmfLydY/edit#gid=1696255979;https://docs.google.com/spreadsheets/d/1uo7-E_E2jbehB2hbBurpPayP_0fKY5sPZcFgZmfLydY/edit#gid=520178140;https://docs.google.com/spreadsheets/d/1vJ-pioe3RZKSZ3LIGEA3FVTv_KEE_XKIQAXSIUNNd-Q/edit#gid=0;https://raw.githubusercontent.com/PokeAPI/pokeapi/master/data/v2/csv/languages.csv;https://raw.githubusercontent.com/PokeAPI/pokeapi/master/data/v2/csv/pokemon.csv;https://raw.githubusercontent.com/PokeAPI/pokeapi/master/data/v2/csv/pokemon_form_names.csv;https://raw.githubusercontent.com/PokeAPI/pokeapi/master/data/v2/csv/pokemon_forms.csv;https://raw.githubusercontent.com/PokeAPI/pokeapi/master/data/v2/csv/pokemon_species_names.csv;output/team-graphics/s3/GPL Teams Spieltag 14 (1).jpg;output/team-graphics/s3/GPL Teams Spieltag 14 (2).jpg;output/team-graphics/s4/Enteikutierung - Lauris Enteitainment.png;output/team-graphics/s4/Prekani - PresentLP.png;output/team-graphics/s4/Slicing Knights - Cabgolord.png;output/team-graphics/s5/Cabgosport.png;output/team-graphics/s5/Marvelous Speedsters.png;output/team-graphics/s5/Shockwaving Magearnas.png;output/team-graphics/s5/Triyolotree.png
season_010,Regular Season,regular,Nestfloh,Böller Brüder,11,92.5,90.6,90.6,100,"Katapuldra, Impoleon, Guardevoir, Cresselia, Lavados, Pampross",data/manual/pokemon_killlists.csv;data/manual/team_pokemon_usage.csv;https://docs.google.com/spreadsheets/d/11wxsKyCydVmDjp4kGLJAOLPM_LgwCLN2GYpbDQkNtkk/edit#gid=1588964432;https://docs.google.com/spreadsheets/d/11wxsKyCydVmDjp4kGLJAOLPM_LgwCLN2GYpbDQkNtkk/edit#gid=1843013406;https://docs.google.com/spreadsheets/d/11wxsKyCydVmDjp4kGLJAOLPM_LgwCLN2GYpbDQkNtkk/edit#gid=654435343;https://docs.google.com/spreadsheets/d/13smsrG2BGYxr_omJWcgr-sUDr39bvOJPNL5RPt4DSow/edit#gid=1465731937;https://docs.google.com/spreadsheets/d/13smsrG2BGYxr_omJWcgr-sUDr39bvOJPNL5RPt4DSow/edit#gid=1934543062;https://docs.google.com/spreadsheets/d/13smsrG2BGYxr_omJWcgr-sUDr39bvOJPNL5RPt4DSow/edit#gid=71150222;https://docs.google.com/spreadsheets/d/1B2uTMvWlAHb7WlpupJV1A2Hbi3K3U1vCyoFV0wCapcw/edit#gid=1271313224;https://docs.google.com/spreadsheets/d/1B2uTMvWlAHb7WlpupJV1A2Hbi3K3U1vCyoFV0wCapcw/edit#gid=1521895812;https://docs.google.com/spreadsheets/d/1B2uTMvWlAHb7WlpupJV1A2Hbi3K3U1vCyoFV0wCapcw/edit#gid=1846395979;https://docs.google.com/spreadsheets/d/1B2uTMvWlAHb7WlpupJV1A2Hbi3K3U1vCyoFV0wCapcw/edit#gid=26363830;https://docs.google.com/spreadsheets/d/1FUsClf5qEny-BHY5Djp8rIwRJKBSJDvygJ8LBa62FEo/edit#gid=0;https://docs.google.com/spreadsheets/d/1JZpA-5XDldN2bjfvhvBPHYK-1AENETLnF1UxNEpWlNA/edit#gid=352888197;https://docs.google.com/spreadsheets/d/1kiwDk4NgYoKb0Oo9yqzwl9HXHxuQ_0I5gkb1JtE57PI/edit#gid=0;https://docs.google.com/spreadsheets/d/1n9SmK-ccTCn8Jjhs4U2LKnibXY8PvuBtV3V9MCOURRA/edit#gid=0;https://docs.google.com/spreadsheets/d/1nwiq_ggEj7QePeZGMR2xoi0bEHJr_ZGO24YCRdt93No/edit#gid=857670931;https://docs.google.com/spreadsheets/d/1odsNRAZStW1GzmpXwmg27dqjOlch7w8syZOZ5Z2OQRg/edit#gid=0;https://docs.google.com/spreadsheets/d/1uo7-E_E2jbehB2hbBurpPayP_0fKY5sPZcFgZmfLydY/edit#gid=1526488506;https://docs.google.com/spreadsheets/d/1uo7-E_E2jbehB2hbBurpPayP_0fKY5sPZcFgZmfLydY/edit#gid=1696255979;https://docs.google.com/spreadsheets/d/1uo7-E_E2jbehB2hbBurpPayP_0fKY5sPZcFgZmfLydY/edit#gid=520178140;https://docs.google.com/spreadsheets/d/1vJ-pioe3RZKSZ3LIGEA3FVTv_KEE_XKIQAXSIUNNd-Q/edit#gid=0;https://raw.githubusercontent.com/PokeAPI/pokeapi/master/data/v2/csv/languages.csv;https://raw.githubusercontent.com/PokeAPI/pokeapi/master/data/v2/csv/pokemon.csv;https://raw.githubusercontent.com/PokeAPI/pokeapi/master/data/v2/csv/pokemon_form_names.csv;https://raw.githubusercontent.com/PokeAPI/pokeapi/master/data/v2/csv/pokemon_forms.csv;https://raw.githubusercontent.com/PokeAPI/pokeapi/master/data/v2/csv/pokemon_species_names.csv;output/team-graphics/s3/GPL Teams Spieltag 14 (2).jpg;output/team-graphics/s4/Slicing Knights - Cabgolord.png;output/team-graphics/s4/Suicide Squad - CaptainCrinch.png;output/team-graphics/s5/Marvelous Speedsters.png;output/team-graphics/s5/Victini Bottom.png
season_004,Regular Season,hinrunde,Lauris,Enteikutierung,12,91.4,89.2,89.2,100,"Pixi, Panzaeron, Milotic, Lucario, Iksbat, Fruyal",data/manual/pokemon_killlists.csv;data/manual/team_pokemon_usage.csv;https://docs.google.com/spreadsheets/d/11wxsKyCydVmDjp4kGLJAOLPM_LgwCLN2GYpbDQkNtkk/edit#gid=1588964432;https://docs.google.com/spreadsheets/d/11wxsKyCydVmDjp4kGLJAOLPM_LgwCLN2GYpbDQkNtkk/edit#gid=1843013406;https://docs.google.com/spreadsheets/d/11wxsKyCydVmDjp4kGLJAOLPM_LgwCLN2GYpbDQkNtkk/edit#gid=654435343;https://docs.google.com/spreadsheets/d/13smsrG2BGYxr_omJWcgr-sUDr39bvOJPNL5RPt4DSow/edit#gid=1934543062;https://docs.google.com/spreadsheets/d/13smsrG2BGYxr_omJWcgr-sUDr39bvOJPNL5RPt4DSow/edit#gid=1953790464;https://docs.google.com/spreadsheets/d/13smsrG2BGYxr_omJWcgr-sUDr39bvOJPNL5RPt4DSow/edit#gid=71150222;https://docs.google.com/spreadsheets/d/1B2uTMvWlAHb7WlpupJV1A2Hbi3K3U1vCyoFV0wCapcw/edit#gid=1271313224;https://docs.google.com/spreadsheets/d/1B2uTMvWlAHb7WlpupJV1A2Hbi3K3U1vCyoFV0wCapcw/edit#gid=1521895812;https://docs.google.com/spreadsheets/d/1B2uTMvWlAHb7WlpupJV1A2Hbi3K3U1vCyoFV0wCapcw/edit#gid=1846395979;https://docs.google.com/spreadsheets/d/1B2uTMvWlAHb7WlpupJV1A2Hbi3K3U1vCyoFV0wCapcw/edit#gid=26363830;https://docs.google.com/spreadsheets/d/1FUsClf5qEny-BHY5Djp8rIwRJKBSJDvygJ8LBa62FEo/edit#gid=0;https://docs.google.com/spreadsheets/d/1JZpA-5XDldN2bjfvhvBPHYK-1AENETLnF1UxNEpWlNA/edit#gid=352888197;https://docs.google.com/spreadsheets/d/1kXhNwKGrqQTwSal0NxpZ9h0yo6u_mQwhwg4vGVwxMX4/edit#gid=0;https://docs.google.com/spreadsheets/d/1kiwDk4NgYoKb0Oo9yqzwl9HXHxuQ_0I5gkb1JtE57PI/edit#gid=0;https://docs.google.com/spreadsheets/d/1n9SmK-ccTCn8Jjhs4U2LKnibXY8PvuBtV3V9MCOURRA/edit#gid=0;https://docs.google.com/spreadsheets/d/1nwiq_ggEj7QePeZGMR2xoi0bEHJr_ZGO24YCRdt93No/edit#gid=857670931;https://docs.google.com/spreadsheets/d/1odsNRAZStW1GzmpXwmg27dqjOlch7w8syZOZ5Z2OQRg/edit#gid=0;https://docs.google.com/spreadsheets/d/1uo7-E_E2jbehB2hbBurpPayP_0fKY5sPZcFgZmfLydY/edit#gid=1526488506;https://docs.google.com/spreadsheets/d/1uo7-E_E2jbehB2hbBurpPayP_0fKY5sPZcFgZmfLydY/edit#gid=1696255979;https://docs.google.com/spreadsheets/d/1uo7-E_E2jbehB2hbBurpPayP_0fKY5sPZcFgZmfLydY/edit#gid=520178140;https://docs.google.com/spreadsheets/d/1vJ-pioe3RZKSZ3LIGEA3FVTv_KEE_XKIQAXSIUNNd-Q/edit#gid=0;https://raw.githubusercontent.com/PokeAPI/pokeapi/master/data/v2/csv/languages.csv;https://raw.githubusercontent.com/PokeAPI/pokeapi/master/data/v2/csv/pokemon.csv;https://raw.githubusercontent.com/PokeAPI/pokeapi/master/data/v2/csv/pokemon_form_names.csv;https://raw.githubusercontent.com/PokeAPI/pokeapi/master/data/v2/csv/pokemon_forms.csv;https://raw.githubusercontent.com/PokeAPI/pokeapi/master/data/v2/csv/pokemon_species_names.csv;output/team-graphics/s3/GPL Teams Spieltag 14 (1).jpg;output/team-graphics/s3/GPL Teams Spieltag 14 (2).jpg;output/team-graphics/s4/Enteikutierung - Lauris Enteitainment.png;output/team-graphics/s5/Aggron Berlin.png;output/team-graphics/s5/Howling Commandos.png;output/team-graphics/s5/Shockwaving Magearnas.png;output/team-graphics/s5/SoulStealer.png
season_009,Singles,hinrunde,Maxi von Vogel,Fen and Gator,11,91.2,89.0,89.0,100,"Trikephalo, Terrakium, Togekiss, Smogmog, Metagross, Gastrodon",data/manual/pokemon_killlists.csv;data/manual/team_pokemon_usage.csv;https://docs.google.com/spreadsheets/d/11wxsKyCydVmDjp4kGLJAOLPM_LgwCLN2GYpbDQkNtkk/edit#gid=1588964432;https://docs.google.com/spreadsheets/d/11wxsKyCydVmDjp4kGLJAOLPM_LgwCLN2GYpbDQkNtkk/edit#gid=1843013406;https://docs.google.com/spreadsheets/d/11wxsKyCydVmDjp4kGLJAOLPM_LgwCLN2GYpbDQkNtkk/edit#gid=654435343;https://docs.google.com/spreadsheets/d/13smsrG2BGYxr_omJWcgr-sUDr39bvOJPNL5RPt4DSow/edit#gid=1934543062;https://docs.google.com/spreadsheets/d/13smsrG2BGYxr_omJWcgr-sUDr39bvOJPNL5RPt4DSow/edit#gid=71150222;https://docs.google.com/spreadsheets/d/1B2uTMvWlAHb7WlpupJV1A2Hbi3K3U1vCyoFV0wCapcw/edit#gid=1271313224;https://docs.google.com/spreadsheets/d/1B2uTMvWlAHb7WlpupJV1A2Hbi3K3U1vCyoFV0wCapcw/edit#gid=1521895812;https://docs.google.com/spreadsheets/d/1B2uTMvWlAHb7WlpupJV1A2Hbi3K3U1vCyoFV0wCapcw/edit#gid=1846395979;https://docs.google.com/spreadsheets/d/1B2uTMvWlAHb7WlpupJV1A2Hbi3K3U1vCyoFV0wCapcw/edit#gid=26363830;https://docs.google.com/spreadsheets/d/1FUsClf5qEny-BHY5Djp8rIwRJKBSJDvygJ8LBa62FEo/edit#gid=0;https://docs.google.com/spreadsheets/d/1JZpA-5XDldN2bjfvhvBPHYK-1AENETLnF1UxNEpWlNA/edit#gid=352888197;https://docs.google.com/spreadsheets/d/1kXhNwKGrqQTwSal0NxpZ9h0yo6u_mQwhwg4vGVwxMX4/edit#gid=0;https://docs.google.com/spreadsheets/d/1kiwDk4NgYoKb0Oo9yqzwl9HXHxuQ_0I5gkb1JtE57PI/edit#gid=0;https://docs.google.com/spreadsheets/d/1n9SmK-ccTCn8Jjhs4U2LKnibXY8PvuBtV3V9MCOURRA/edit#gid=0;https://docs.google.com/spreadsheets/d/1nwiq_ggEj7QePeZGMR2xoi0bEHJr_ZGO24YCRdt93No/edit#gid=857670931;https://docs.google.com/spreadsheets/d/1odsNRAZStW1GzmpXwmg27dqjOlch7w8syZOZ5Z2OQRg/edit#gid=0;https://docs.google.com/spreadsheets/d/1uo7-E_E2jbehB2hbBurpPayP_0fKY5sPZcFgZmfLydY/edit#gid=1526488506;https://docs.google.com/spreadsheets/d/1uo7-E_E2jbehB2hbBurpPayP_0fKY5sPZcFgZmfLydY/edit#gid=1696255979;https://docs.google.com/spreadsheets/d/1uo7-E_E2jbehB2hbBurpPayP_0fKY5sPZcFgZmfLydY/edit#gid=1992807502;https://docs.google.com/spreadsheets/d/1uo7-E_E2jbehB2hbBurpPayP_0fKY5sPZcFgZmfLydY/edit#gid=520178140;https://docs.google.com/spreadsheets/d/1vJ-pioe3RZKSZ3LIGEA3FVTv_KEE_XKIQAXSIUNNd-Q/edit#gid=0;https://raw.githubusercontent.com/PokeAPI/pokeapi/master/data/v2/csv/languages.csv;https://raw.githubusercontent.com/PokeAPI/pokeapi/master/data/v2/csv/pokemon.csv;https://raw.githubusercontent.com/PokeAPI/pokeapi/master/data/v2/csv/pokemon_form_names.csv;https://raw.githubusercontent.com/PokeAPI/pokeapi/master/data/v2/csv/pokemon_forms.csv;https://raw.githubusercontent.com/PokeAPI/pokeapi/master/data/v2/csv/pokemon_species_names.csv;output/team-graphics/s3/GPL Teams Spieltag 14 (1).jpg;output/team-graphics/s3/GPL Teams Spieltag 14 (2).jpg;output/team-graphics/s4/Minetube - Triyolotree.png;output/team-graphics/s4/Ritter der Tapukokosnuss - FullLifeGames.png;output/team-graphics/s4/Suicide Squad - CaptainCrinch.png;output/team-graphics/s5/Howling Commandos.png;output/team-graphics/s5/Prekani.png;output/team-graphics/s5/Shockwaving Magearnas.png;output/team-graphics/s5/Triyolotree.png;output/team-graphics/s5/Victini Bottom.png
season_009,Doubles,hinrunde,Pokgalaxy,Fen and Gator,11,91.2,89.0,89.0,100,"Trikephalo, Terrakium, Togekiss, Smogmog, Metagross, Gastrodon",data/manual/pokemon_killlists.csv;data/manual/team_pokemon_usage.csv;https://docs.google.com/spreadsheets/d/11wxsKyCydVmDjp4kGLJAOLPM_LgwCLN2GYpbDQkNtkk/edit#gid=1588964432;https://docs.google.com/spreadsheets/d/11wxsKyCydVmDjp4kGLJAOLPM_LgwCLN2GYpbDQkNtkk/edit#gid=1843013406;https://docs.google.com/spreadsheets/d/11wxsKyCydVmDjp4kGLJAOLPM_LgwCLN2GYpbDQkNtkk/edit#gid=654435343;https://docs.google.com/spreadsheets/d/13smsrG2BGYxr_omJWcgr-sUDr39bvOJPNL5RPt4DSow/edit#gid=1934543062;https://docs.google.com/spreadsheets/d/13smsrG2BGYxr_omJWcgr-sUDr39bvOJPNL5RPt4DSow/edit#gid=71150222;https://docs.google.com/spreadsheets/d/1B2uTMvWlAHb7WlpupJV1A2Hbi3K3U1vCyoFV0wCapcw/edit#gid=1271313224;https://docs.google.com/spreadsheets/d/1B2uTMvWlAHb7WlpupJV1A2Hbi3K3U1vCyoFV0wCapcw/edit#gid=1521895812;https://docs.google.com/spreadsheets/d/1B2uTMvWlAHb7WlpupJV1A2Hbi3K3U1vCyoFV0wCapcw/edit#gid=1846395979;https://docs.google.com/spreadsheets/d/1B2uTMvWlAHb7WlpupJV1A2Hbi3K3U1vCyoFV0wCapcw/edit#gid=26363830;https://docs.google.com/spreadsheets/d/1FUsClf5qEny-BHY5Djp8rIwRJKBSJDvygJ8LBa62FEo/edit#gid=0;https://docs.google.com/spreadsheets/d/1JZpA-5XDldN2bjfvhvBPHYK-1AENETLnF1UxNEpWlNA/edit#gid=352888197;https://docs.google.com/spreadsheets/d/1kXhNwKGrqQTwSal0NxpZ9h0yo6u_mQwhwg4vGVwxMX4/edit#gid=0;https://docs.google.com/spreadsheets/d/1kiwDk4NgYoKb0Oo9yqzwl9HXHxuQ_0I5gkb1JtE57PI/edit#gid=0;https://docs.google.com/spreadsheets/d/1n9SmK-ccTCn8Jjhs4U2LKnibXY8PvuBtV3V9MCOURRA/edit#gid=0;https://docs.google.com/spreadsheets/d/1nwiq_ggEj7QePeZGMR2xoi0bEHJr_ZGO24YCRdt93No/edit#gid=857670931;https://docs.google.com/spreadsheets/d/1odsNRAZStW1GzmpXwmg27dqjOlch7w8syZOZ5Z2OQRg/edit#gid=0;https://docs.google.com/spreadsheets/d/1uo7-E_E2jbehB2hbBurpPayP_0fKY5sPZcFgZmfLydY/edit#gid=1526488506;https://docs.google.com/spreadsheets/d/1uo7-E_E2jbehB2hbBurpPayP_0fKY5sPZcFgZmfLydY/edit#gid=1696255979;https://docs.google.com/spreadsheets/d/1uo7-E_E2jbehB2hbBurpPayP_0fKY5sPZcFgZmfLydY/edit#gid=1992807502;https://docs.google.com/spreadsheets/d/1uo7-E_E2jbehB2hbBurpPayP_0fKY5sPZcFgZmfLydY/edit#gid=520178140;https://docs.google.com/spreadsheets/d/1vJ-pioe3RZKSZ3LIGEA3FVTv_KEE_XKIQAXSIUNNd-Q/edit#gid=0;https://raw.githubusercontent.com/PokeAPI/pokeapi/master/data/v2/csv/languages.csv;https://raw.githubusercontent.com/PokeAPI/pokeapi/master/data/v2/csv/pokemon.csv;https://raw.githubusercontent.com/PokeAPI/pokeapi/master/data/v2/csv/pokemon_form_names.csv;https://raw.githubusercontent.com/PokeAPI/pokeapi/master/data/v2/csv/pokemon_forms.csv;https://raw.githubusercontent.com/PokeAPI/pokeapi/master/data/v2/csv/pokemon_species_names.csv;output/team-graphics/s3/GPL Teams Spieltag 14 (1).jpg;output/team-graphics/s3/GPL Teams Spieltag 14 (2).jpg;output/team-graphics/s4/Minetube - Triyolotree.png;output/team-graphics/s4/Ritter der Tapukokosnuss - FullLifeGames.png;output/team-graphics/s4/Suicide Squad - CaptainCrinch.png;output/team-graphics/s5/Howling Commandos.png;output/team-graphics/s5/Prekani.png;output/team-graphics/s5/Shockwaving Magearnas.png;output/team-graphics/s5/Triyolotree.png;output/team-graphics/s5/Victini Bottom.png
season_010,Regular Season,regular,Dauni Daunstar,Pfundskerle,11,91.0,88.8,88.8,100,"Zapdos, Scherox, Terrakium, Primarene, Zobiris, Vesprit",data/manual/pokemon_killlists.csv;data/manual/team_pokemon_usage.csv;https://docs.google.com/spreadsheets/d/11wxsKyCydVmDjp4kGLJAOLPM_LgwCLN2GYpbDQkNtkk/edit#gid=1588964432;https://docs.google.com/spreadsheets/d/11wxsKyCydVmDjp4kGLJAOLPM_LgwCLN2GYpbDQkNtkk/edit#gid=1843013406;https://docs.google.com/spreadsheets/d/13smsrG2BGYxr_omJWcgr-sUDr39bvOJPNL5RPt4DSow/edit#gid=1465731937;https://docs.google.com/spreadsheets/d/13smsrG2BGYxr_omJWcgr-sUDr39bvOJPNL5RPt4DSow/edit#gid=1934543062;https://docs.google.com/spreadsheets/d/13smsrG2BGYxr_omJWcgr-sUDr39bvOJPNL5RPt4DSow/edit#gid=71150222;https://docs.google.com/spreadsheets/d/1B2uTMvWlAHb7WlpupJV1A2Hbi3K3U1vCyoFV0wCapcw/edit#gid=1271313224;https://docs.google.com/spreadsheets/d/1B2uTMvWlAHb7WlpupJV1A2Hbi3K3U1vCyoFV0wCapcw/edit#gid=1521895812;https://docs.google.com/spreadsheets/d/1B2uTMvWlAHb7WlpupJV1A2Hbi3K3U1vCyoFV0wCapcw/edit#gid=1846395979;https://docs.google.com/spreadsheets/d/1B2uTMvWlAHb7WlpupJV1A2Hbi3K3U1vCyoFV0wCapcw/edit#gid=26363830;https://docs.google.com/spreadsheets/d/1FUsClf5qEny-BHY5Djp8rIwRJKBSJDvygJ8LBa62FEo/edit#gid=0;https://docs.google.com/spreadsheets/d/1JZpA-5XDldN2bjfvhvBPHYK-1AENETLnF1UxNEpWlNA/edit#gid=352888197;https://docs.google.com/spreadsheets/d/1kiwDk4NgYoKb0Oo9yqzwl9HXHxuQ_0I5gkb1JtE57PI/edit#gid=0;https://docs.google.com/spreadsheets/d/1n9SmK-ccTCn8Jjhs4U2LKnibXY8PvuBtV3V9MCOURRA/edit#gid=0;https://docs.google.com/spreadsheets/d/1nwiq_ggEj7QePeZGMR2xoi0bEHJr_ZGO24YCRdt93No/edit#gid=857670931;https://docs.google.com/spreadsheets/d/1odsNRAZStW1GzmpXwmg27dqjOlch7w8syZOZ5Z2OQRg/edit#gid=0;https://docs.google.com/spreadsheets/d/1uo7-E_E2jbehB2hbBurpPayP_0fKY5sPZcFgZmfLydY/edit#gid=1526488506;https://docs.google.com/spreadsheets/d/1uo7-E_E2jbehB2hbBurpPayP_0fKY5sPZcFgZmfLydY/edit#gid=1696255979;https://docs.google.com/spreadsheets/d/1uo7-E_E2jbehB2hbBurpPayP_0fKY5sPZcFgZmfLydY/edit#gid=520178140;https://docs.google.com/spreadsheets/d/1vJ-pioe3RZKSZ3LIGEA3FVTv_KEE_XKIQAXSIUNNd-Q/edit#gid=0;https://raw.githubusercontent.com/PokeAPI/pokeapi/master/data/v2/csv/languages.csv;https://raw.githubusercontent.com/PokeAPI/pokeapi/master/data/v2/csv/pokemon.csv;https://raw.githubusercontent.com/PokeAPI/pokeapi/master/data/v2/csv/pokemon_form_names.csv;https://raw.githubusercontent.com/PokeAPI/pokeapi/master/data/v2/csv/pokemon_forms.csv;https://raw.githubusercontent.com/PokeAPI/pokeapi/master/data/v2/csv/pokemon_species_names.csv;output/team-graphics/s3/GPL Teams Spieltag 14 (1).jpg;output/team-graphics/s3/GPL Teams Spieltag 14 (2).jpg;output/team-graphics/s4/Prekani - PresentLP.png;output/team-graphics/s4/Schnittlauchs - PokeBazi.png;output/team-graphics/s5/Triyolotree.png
season_010,Regular Season,regular,Minetube,Throes Mad,11,91.0,88.7,88.7,100,"Stalobor, Panzaeron, Despotar, Milotic, Mew, Toxiquak",data/manual/pokemon_killlists.csv;data/manual/team_pokemon_usage.csv;https://docs.google.com/spreadsheets/d/11wxsKyCydVmDjp4kGLJAOLPM_LgwCLN2GYpbDQkNtkk/edit#gid=1588964432;https://docs.google.com/spreadsheets/d/11wxsKyCydVmDjp4kGLJAOLPM_LgwCLN2GYpbDQkNtkk/edit#gid=1843013406;https://docs.google.com/spreadsheets/d/13smsrG2BGYxr_omJWcgr-sUDr39bvOJPNL5RPt4DSow/edit#gid=1465731937;https://docs.google.com/spreadsheets/d/13smsrG2BGYxr_omJWcgr-sUDr39bvOJPNL5RPt4DSow/edit#gid=1934543062;https://docs.google.com/spreadsheets/d/13smsrG2BGYxr_omJWcgr-sUDr39bvOJPNL5RPt4DSow/edit#gid=71150222;https://docs.google.com/spreadsheets/d/1B2uTMvWlAHb7WlpupJV1A2Hbi3K3U1vCyoFV0wCapcw/edit#gid=1271313224;https://docs.google.com/spreadsheets/d/1B2uTMvWlAHb7WlpupJV1A2Hbi3K3U1vCyoFV0wCapcw/edit#gid=1521895812;https://docs.google.com/spreadsheets/d/1B2uTMvWlAHb7WlpupJV1A2Hbi3K3U1vCyoFV0wCapcw/edit#gid=1846395979;https://docs.google.com/spreadsheets/d/1B2uTMvWlAHb7WlpupJV1A2Hbi3K3U1vCyoFV0wCapcw/edit#gid=26363830;https://docs.google.com/spreadsheets/d/1FUsClf5qEny-BHY5Djp8rIwRJKBSJDvygJ8LBa62FEo/edit#gid=0;https://docs.google.com/spreadsheets/d/1JZpA-5XDldN2bjfvhvBPHYK-1AENETLnF1UxNEpWlNA/edit#gid=352888197;https://docs.google.com/spreadsheets/d/1kXhNwKGrqQTwSal0NxpZ9h0yo6u_mQwhwg4vGVwxMX4/edit#gid=0;https://docs.google.com/spreadsheets/d/1kiwDk4NgYoKb0Oo9yqzwl9HXHxuQ_0I5gkb1JtE57PI/edit#gid=0;https://docs.google.com/spreadsheets/d/1n9SmK-ccTCn8Jjhs4U2LKnibXY8PvuBtV3V9MCOURRA/edit#gid=0;https://docs.google.com/spreadsheets/d/1nwiq_ggEj7QePeZGMR2xoi0bEHJr_ZGO24YCRdt93No/edit#gid=857670931;https://docs.google.com/spreadsheets/d/1odsNRAZStW1GzmpXwmg27dqjOlch7w8syZOZ5Z2OQRg/edit#gid=0;https://docs.google.com/spreadsheets/d/1uo7-E_E2jbehB2hbBurpPayP_0fKY5sPZcFgZmfLydY/edit#gid=1526488506;https://docs.google.com/spreadsheets/d/1uo7-E_E2jbehB2hbBurpPayP_0fKY5sPZcFgZmfLydY/edit#gid=1696255979;https://docs.google.com/spreadsheets/d/1uo7-E_E2jbehB2hbBurpPayP_0fKY5sPZcFgZmfLydY/edit#gid=520178140;https://docs.google.com/spreadsheets/d/1vJ-pioe3RZKSZ3LIGEA3FVTv_KEE_XKIQAXSIUNNd-Q/edit#gid=0;https://raw.githubusercontent.com/PokeAPI/pokeapi/master/data/v2/csv/languages.csv;https://raw.githubusercontent.com/PokeAPI/pokeapi/master/data/v2/csv/pokemon.csv;https://raw.githubusercontent.com/PokeAPI/pokeapi/master/data/v2/csv/pokemon_form_names.csv;https://raw.githubusercontent.com/PokeAPI/pokeapi/master/data/v2/csv/pokemon_forms.csv;https://raw.githubusercontent.com/PokeAPI/pokeapi/master/data/v2/csv/pokemon_species_names.csv;output/team-graphics/s3/GPL Teams Spieltag 14 (1).jpg;output/team-graphics/s3/GPL Teams Spieltag 14 (2).jpg;output/team-graphics/s4/Enteikutierung - Lauris Enteitainment.png;output/team-graphics/s5/Aggron Berlin.png;output/team-graphics/s5/SoulStealer.png;output/team-graphics/s5/Triyolotree.png
season_005,Liga 1,rueckrunde,Minetube,Triyolotree,13,90.9,88.6,88.6,100,"Stalobor, Terrakium, Primarene, Piondragi, Fuegro, Blitza",data/manual/pokemon_killlists.csv;data/manual/team_pokemon_usage.csv;https://docs.google.com/spreadsheets/d/11wxsKyCydVmDjp4kGLJAOLPM_LgwCLN2GYpbDQkNtkk/edit#gid=1588964432;https://docs.google.com/spreadsheets/d/11wxsKyCydVmDjp4kGLJAOLPM_LgwCLN2GYpbDQkNtkk/edit#gid=1843013406;https://docs.google.com/spreadsheets/d/13smsrG2BGYxr_omJWcgr-sUDr39bvOJPNL5RPt4DSow/edit#gid=1934543062;https://docs.google.com/spreadsheets/d/13smsrG2BGYxr_omJWcgr-sUDr39bvOJPNL5RPt4DSow/edit#gid=71150222;https://docs.google.com/spreadsheets/d/1B2uTMvWlAHb7WlpupJV1A2Hbi3K3U1vCyoFV0wCapcw/edit#gid=1271313224;https://docs.google.com/spreadsheets/d/1B2uTMvWlAHb7WlpupJV1A2Hbi3K3U1vCyoFV0wCapcw/edit#gid=1521895812;https://docs.google.com/spreadsheets/d/1B2uTMvWlAHb7WlpupJV1A2Hbi3K3U1vCyoFV0wCapcw/edit#gid=1846395979;https://docs.google.com/spreadsheets/d/1B2uTMvWlAHb7WlpupJV1A2Hbi3K3U1vCyoFV0wCapcw/edit#gid=26363830;https://docs.google.com/spreadsheets/d/1FUsClf5qEny-BHY5Djp8rIwRJKBSJDvygJ8LBa62FEo/edit#gid=0;https://docs.google.com/spreadsheets/d/1JZpA-5XDldN2bjfvhvBPHYK-1AENETLnF1UxNEpWlNA/edit#gid=352888197;https://docs.google.com/spreadsheets/d/1kXhNwKGrqQTwSal0NxpZ9h0yo6u_mQwhwg4vGVwxMX4/edit#gid=0;https://docs.google.com/spreadsheets/d/1kiwDk4NgYoKb0Oo9yqzwl9HXHxuQ_0I5gkb1JtE57PI/edit#gid=0;https://docs.google.com/spreadsheets/d/1n9SmK-ccTCn8Jjhs4U2LKnibXY8PvuBtV3V9MCOURRA/edit#gid=0;https://docs.google.com/spreadsheets/d/1nwiq_ggEj7QePeZGMR2xoi0bEHJr_ZGO24YCRdt93No/edit#gid=857670931;https://docs.google.com/spreadsheets/d/1odsNRAZStW1GzmpXwmg27dqjOlch7w8syZOZ5Z2OQRg/edit#gid=0;https://docs.google.com/spreadsheets/d/1uo7-E_E2jbehB2hbBurpPayP_0fKY5sPZcFgZmfLydY/edit#gid=1526488506;https://docs.google.com/spreadsheets/d/1uo7-E_E2jbehB2hbBurpPayP_0fKY5sPZcFgZmfLydY/edit#gid=1696255979;https://docs.google.com/spreadsheets/d/1uo7-E_E2jbehB2hbBurpPayP_0fKY5sPZcFgZmfLydY/edit#gid=520178140;https://docs.google.com/spreadsheets/d/1vJ-pioe3RZKSZ3LIGEA3FVTv_KEE_XKIQAXSIUNNd-Q/edit#gid=0;https://raw.githubusercontent.com/PokeAPI/pokeapi/master/data/v2/csv/languages.csv;https://raw.githubusercontent.com/PokeAPI/pokeapi/master/data/v2/csv/pokemon.csv;https://raw.githubusercontent.com/PokeAPI/pokeapi/master/data/v2/csv/pokemon_form_names.csv;https://raw.githubusercontent.com/PokeAPI/pokeapi/master/data/v2/csv/pokemon_forms.csv;https://raw.githubusercontent.com/PokeAPI/pokeapi/master/data/v2/csv/pokemon_species_names.csv;output/team-graphics/s3/GPL Teams Spieltag 14 (1).jpg;output/team-graphics/s3/GPL Teams Spieltag 14 (2).jpg;output/team-graphics/s4/Minetube - Triyolotree.png;output/team-graphics/s4/Shocking Shaymins - MeLevies.png;output/team-graphics/s4/Slicing Knights - Cabgolord.png;output/team-graphics/s4/Variant Vulpix - CrowdController.png;output/team-graphics/s5/Triyolotree.png
season_009,Singles,rueckrunde,Maxi von Vogel,Fen and Gator,11,90.3,87.9,87.9,100,"Zapdos, Trikephalo, Terrakium, Roserade, Metagross, Guardevoir",data/manual/pokemon_killlists.csv;data/manual/team_pokemon_usage.csv;https://docs.google.com/spreadsheets/d/11wxsKyCydVmDjp4kGLJAOLPM_LgwCLN2GYpbDQkNtkk/edit#gid=1588964432;https://docs.google.com/spreadsheets/d/11wxsKyCydVmDjp4kGLJAOLPM_LgwCLN2GYpbDQkNtkk/edit#gid=1843013406;https://docs.google.com/spreadsheets/d/11wxsKyCydVmDjp4kGLJAOLPM_LgwCLN2GYpbDQkNtkk/edit#gid=654435343;https://docs.google.com/spreadsheets/d/13smsrG2BGYxr_omJWcgr-sUDr39bvOJPNL5RPt4DSow/edit#gid=1934543062;https://docs.google.com/spreadsheets/d/13smsrG2BGYxr_omJWcgr-sUDr39bvOJPNL5RPt4DSow/edit#gid=71150222;https://docs.google.com/spreadsheets/d/1B2uTMvWlAHb7WlpupJV1A2Hbi3K3U1vCyoFV0wCapcw/edit#gid=1271313224;https://docs.google.com/spreadsheets/d/1B2uTMvWlAHb7WlpupJV1A2Hbi3K3U1vCyoFV0wCapcw/edit#gid=1521895812;https://docs.google.com/spreadsheets/d/1B2uTMvWlAHb7WlpupJV1A2Hbi3K3U1vCyoFV0wCapcw/edit#gid=1846395979;https://docs.google.com/spreadsheets/d/1B2uTMvWlAHb7WlpupJV1A2Hbi3K3U1vCyoFV0wCapcw/edit#gid=26363830;https://docs.google.com/spreadsheets/d/1FUsClf5qEny-BHY5Djp8rIwRJKBSJDvygJ8LBa62FEo/edit#gid=0;https://docs.google.com/spreadsheets/d/1JZpA-5XDldN2bjfvhvBPHYK-1AENETLnF1UxNEpWlNA/edit#gid=352888197;https://docs.google.com/spreadsheets/d/1kXhNwKGrqQTwSal0NxpZ9h0yo6u_mQwhwg4vGVwxMX4/edit#gid=0;https://docs.google.com/spreadsheets/d/1kiwDk4NgYoKb0Oo9yqzwl9HXHxuQ_0I5gkb1JtE57PI/edit#gid=0;https://docs.google.com/spreadsheets/d/1n9SmK-ccTCn8Jjhs4U2LKnibXY8PvuBtV3V9MCOURRA/edit#gid=0;https://docs.google.com/spreadsheets/d/1nwiq_ggEj7QePeZGMR2xoi0bEHJr_ZGO24YCRdt93No/edit#gid=857670931;https://docs.google.com/spreadsheets/d/1odsNRAZStW1GzmpXwmg27dqjOlch7w8syZOZ5Z2OQRg/edit#gid=0;https://docs.google.com/spreadsheets/d/1uo7-E_E2jbehB2hbBurpPayP_0fKY5sPZcFgZmfLydY/edit#gid=1526488506;https://docs.google.com/spreadsheets/d/1uo7-E_E2jbehB2hbBurpPayP_0fKY5sPZcFgZmfLydY/edit#gid=1696255979;https://docs.google.com/spreadsheets/d/1uo7-E_E2jbehB2hbBurpPayP_0fKY5sPZcFgZmfLydY/edit#gid=1992807502;https://docs.google.com/spreadsheets/d/1uo7-E_E2jbehB2hbBurpPayP_0fKY5sPZcFgZmfLydY/edit#gid=520178140;https://docs.google.com/spreadsheets/d/1uo7-E_E2jbehB2hbBurpPayP_0fKY5sPZcFgZmfLydY/edit#gid=754790791;https://docs.google.com/spreadsheets/d/1vJ-pioe3RZKSZ3LIGEA3FVTv_KEE_XKIQAXSIUNNd-Q/edit#gid=0;https://raw.githubusercontent.com/PokeAPI/pokeapi/master/data/v2/csv/languages.csv;https://raw.githubusercontent.com/PokeAPI/pokeapi/master/data/v2/csv/pokemon.csv;https://raw.githubusercontent.com/PokeAPI/pokeapi/master/data/v2/csv/pokemon_form_names.csv;https://raw.githubusercontent.com/PokeAPI/pokeapi/master/data/v2/csv/pokemon_forms.csv;https://raw.githubusercontent.com/PokeAPI/pokeapi/master/data/v2/csv/pokemon_species_names.csv;output/team-graphics/s3/GPL Teams Spieltag 14 (1).jpg;output/team-graphics/s3/GPL Teams Spieltag 14 (2).jpg;output/team-graphics/s4/Ritter der Tapukokosnuss - FullLifeGames.png;output/team-graphics/s4/Schnittlauchs - PokeBazi.png;output/team-graphics/s4/Suicide Squad - CaptainCrinch.png;output/team-graphics/s5/Howling Commandos.png;output/team-graphics/s5/Prekani.png;output/team-graphics/s5/Triyolotree.png;output/team-graphics/s5/Victini Bottom.png
season_009,Doubles,rueckrunde,Pokgalaxy,Fen and Gator,11,90.3,87.9,87.9,100,"Zapdos, Trikephalo, Terrakium, Roserade, Metagross, Guardevoir",data/manual/pokemon_killlists.csv;data/manual/team_pokemon_usage.csv;https://docs.google.com/spreadsheets/d/11wxsKyCydVmDjp4kGLJAOLPM_LgwCLN2GYpbDQkNtkk/edit#gid=1588964432;https://docs.google.com/spreadsheets/d/11wxsKyCydVmDjp4kGLJAOLPM_LgwCLN2GYpbDQkNtkk/edit#gid=1843013406;https://docs.google.com/spreadsheets/d/11wxsKyCydVmDjp4kGLJAOLPM_LgwCLN2GYpbDQkNtkk/edit#gid=654435343;https://docs.google.com/spreadsheets/d/13smsrG2BGYxr_omJWcgr-sUDr39bvOJPNL5RPt4DSow/edit#gid=1934543062;https://docs.google.com/spreadsheets/d/13smsrG2BGYxr_omJWcgr-sUDr39bvOJPNL5RPt4DSow/edit#gid=71150222;https://docs.google.com/spreadsheets/d/1B2uTMvWlAHb7WlpupJV1A2Hbi3K3U1vCyoFV0wCapcw/edit#gid=1271313224;https://docs.google.com/spreadsheets/d/1B2uTMvWlAHb7WlpupJV1A2Hbi3K3U1vCyoFV0wCapcw/edit#gid=1521895812;https://docs.google.com/spreadsheets/d/1B2uTMvWlAHb7WlpupJV1A2Hbi3K3U1vCyoFV0wCapcw/edit#gid=1846395979;https://docs.google.com/spreadsheets/d/1B2uTMvWlAHb7WlpupJV1A2Hbi3K3U1vCyoFV0wCapcw/edit#gid=26363830;https://docs.google.com/spreadsheets/d/1FUsClf5qEny-BHY5Djp8rIwRJKBSJDvygJ8LBa62FEo/edit#gid=0;https://docs.google.com/spreadsheets/d/1JZpA-5XDldN2bjfvhvBPHYK-1AENETLnF1UxNEpWlNA/edit#gid=352888197;https://docs.google.com/spreadsheets/d/1kXhNwKGrqQTwSal0NxpZ9h0yo6u_mQwhwg4vGVwxMX4/edit#gid=0;https://docs.google.com/spreadsheets/d/1kiwDk4NgYoKb0Oo9yqzwl9HXHxuQ_0I5gkb1JtE57PI/edit#gid=0;https://docs.google.com/spreadsheets/d/1n9SmK-ccTCn8Jjhs4U2LKnibXY8PvuBtV3V9MCOURRA/edit#gid=0;https://docs.google.com/spreadsheets/d/1nwiq_ggEj7QePeZGMR2xoi0bEHJr_ZGO24YCRdt93No/edit#gid=857670931;https://docs.google.com/spreadsheets/d/1odsNRAZStW1GzmpXwmg27dqjOlch7w8syZOZ5Z2OQRg/edit#gid=0;https://docs.google.com/spreadsheets/d/1uo7-E_E2jbehB2hbBurpPayP_0fKY5sPZcFgZmfLydY/edit#gid=1526488506;https://docs.google.com/spreadsheets/d/1uo7-E_E2jbehB2hbBurpPayP_0fKY5sPZcFgZmfLydY/edit#gid=1696255979;https://docs.google.com/spreadsheets/d/1uo7-E_E2jbehB2hbBurpPayP_0fKY5sPZcFgZmfLydY/edit#gid=1992807502;https://docs.google.com/spreadsheets/d/1uo7-E_E2jbehB2hbBurpPayP_0fKY5sPZcFgZmfLydY/edit#gid=520178140;https://docs.google.com/spreadsheets/d/1uo7-E_E2jbehB2hbBurpPayP_0fKY5sPZcFgZmfLydY/edit#gid=754790791;https://docs.google.com/spreadsheets/d/1vJ-pioe3RZKSZ3LIGEA3FVTv_KEE_XKIQAXSIUNNd-Q/edit#gid=0;https://raw.githubusercontent.com/PokeAPI/pokeapi/master/data/v2/csv/languages.csv;https://raw.githubusercontent.com/PokeAPI/pokeapi/master/data/v2/csv/pokemon.csv;https://raw.githubusercontent.com/PokeAPI/pokeapi/master/data/v2/csv/pokemon_form_names.csv;https://raw.githubusercontent.com/PokeAPI/pokeapi/master/data/v2/csv/pokemon_forms.csv;https://raw.githubusercontent.com/PokeAPI/pokeapi/master/data/v2/csv/pokemon_species_names.csv;output/team-graphics/s3/GPL Teams Spieltag 14 (1).jpg;output/team-graphics/s3/GPL Teams Spieltag 14 (2).jpg;output/team-graphics/s4/Ritter der Tapukokosnuss - FullLifeGames.png;output/team-graphics/s4/Schnittlauchs - PokeBazi.png;output/team-graphics/s4/Suicide Squad - CaptainCrinch.png;output/team-graphics/s5/Howling Commandos.png;output/team-graphics/s5/Prekani.png;output/team-graphics/s5/Triyolotree.png;output/team-graphics/s5/Victini Bottom.png
season_008,Liga 1,rueckrunde,Bene,Victini Bottom,11,89.8,87.3,87.3,100,"Zeraora, Laschoking, Caesurio, UHaFniR, Roserade, Bronzong",data/manual/pokemon_killlists.csv;data/manual/team_pokemon_usage.csv;https://docs.google.com/spreadsheets/d/11wxsKyCydVmDjp4kGLJAOLPM_LgwCLN2GYpbDQkNtkk/edit#gid=1588964432;https://docs.google.com/spreadsheets/d/11wxsKyCydVmDjp4kGLJAOLPM_LgwCLN2GYpbDQkNtkk/edit#gid=1843013406;https://docs.google.com/spreadsheets/d/11wxsKyCydVmDjp4kGLJAOLPM_LgwCLN2GYpbDQkNtkk/edit#gid=654435343;https://docs.google.com/spreadsheets/d/13smsrG2BGYxr_omJWcgr-sUDr39bvOJPNL5RPt4DSow/edit#gid=1934543062;https://docs.google.com/spreadsheets/d/13smsrG2BGYxr_omJWcgr-sUDr39bvOJPNL5RPt4DSow/edit#gid=71150222;https://docs.google.com/spreadsheets/d/1B2uTMvWlAHb7WlpupJV1A2Hbi3K3U1vCyoFV0wCapcw/edit#gid=1271313224;https://docs.google.com/spreadsheets/d/1B2uTMvWlAHb7WlpupJV1A2Hbi3K3U1vCyoFV0wCapcw/edit#gid=1521895812;https://docs.google.com/spreadsheets/d/1B2uTMvWlAHb7WlpupJV1A2Hbi3K3U1vCyoFV0wCapcw/edit#gid=1846395979;https://docs.google.com/spreadsheets/d/1B2uTMvWlAHb7WlpupJV1A2Hbi3K3U1vCyoFV0wCapcw/edit#gid=26363830;https://docs.google.com/spreadsheets/d/1FUsClf5qEny-BHY5Djp8rIwRJKBSJDvygJ8LBa62FEo/edit#gid=0;https://docs.google.com/spreadsheets/d/1JZpA-5XDldN2bjfvhvBPHYK-1AENETLnF1UxNEpWlNA/edit#gid=352888197;https://docs.google.com/spreadsheets/d/1kiwDk4NgYoKb0Oo9yqzwl9HXHxuQ_0I5gkb1JtE57PI/edit#gid=0;https://docs.google.com/spreadsheets/d/1n9SmK-ccTCn8Jjhs4U2LKnibXY8PvuBtV3V9MCOURRA/edit#gid=0;https://docs.google.com/spreadsheets/d/1nwiq_ggEj7QePeZGMR2xoi0bEHJr_ZGO24YCRdt93No/edit#gid=857670931;https://docs.google.com/spreadsheets/d/1odsNRAZStW1GzmpXwmg27dqjOlch7w8syZOZ5Z2OQRg/edit#gid=0;https://docs.google.com/spreadsheets/d/1uo7-E_E2jbehB2hbBurpPayP_0fKY5sPZcFgZmfLydY/edit#gid=1526488506;https://docs.google.com/spreadsheets/d/1uo7-E_E2jbehB2hbBurpPayP_0fKY5sPZcFgZmfLydY/edit#gid=1696255979;https://docs.google.com/spreadsheets/d/1uo7-E_E2jbehB2hbBurpPayP_0fKY5sPZcFgZmfLydY/edit#gid=520178140;https://docs.google.com/spreadsheets/d/1vJ-pioe3RZKSZ3LIGEA3FVTv_KEE_XKIQAXSIUNNd-Q/edit#gid=0;https://raw.githubusercontent.com/PokeAPI/pokeapi/master/data/v2/csv/languages.csv;https://raw.githubusercontent.com/PokeAPI/pokeapi/master/data/v2/csv/pokemon.csv;https://raw.githubusercontent.com/PokeAPI/pokeapi/master/data/v2/csv/pokemon_form_names.csv;https://raw.githubusercontent.com/PokeAPI/pokeapi/master/data/v2/csv/pokemon_forms.csv;https://raw.githubusercontent.com/PokeAPI/pokeapi/master/data/v2/csv/pokemon_species_names.csv;output/team-graphics/s3/GPL Teams Spieltag 14 (1).jpg;output/team-graphics/s3/GPL Teams Spieltag 14 (2).jpg;output/team-graphics/s4/Ritter der Tapukokosnuss - FullLifeGames.png;output/team-graphics/s4/Schnittlauchs - PokeBazi.png;output/team-graphics/s5/Energie Tobutz.png;output/team-graphics/s5/Howling Commandos.png
season_004,Regular Season,hinrunde,Minetube,Triyolotree,13,89.7,87.1,87.1,100,"Knakrack, Victini, Hutsassa, Azumarill, Blitza, Skuntank",data/manual/pokemon_killlists.csv;data/manual/team_pokemon_usage.csv;https://docs.google.com/spreadsheets/d/11wxsKyCydVmDjp4kGLJAOLPM_LgwCLN2GYpbDQkNtkk/edit#gid=1588964432;https://docs.google.com/spreadsheets/d/11wxsKyCydVmDjp4kGLJAOLPM_LgwCLN2GYpbDQkNtkk/edit#gid=1843013406;https://docs.google.com/spreadsheets/d/11wxsKyCydVmDjp4kGLJAOLPM_LgwCLN2GYpbDQkNtkk/edit#gid=654435343;https://docs.google.com/spreadsheets/d/13smsrG2BGYxr_omJWcgr-sUDr39bvOJPNL5RPt4DSow/edit#gid=1934543062;https://docs.google.com/spreadsheets/d/13smsrG2BGYxr_omJWcgr-sUDr39bvOJPNL5RPt4DSow/edit#gid=1953790464;https://docs.google.com/spreadsheets/d/13smsrG2BGYxr_omJWcgr-sUDr39bvOJPNL5RPt4DSow/edit#gid=71150222;https://docs.google.com/spreadsheets/d/1B2uTMvWlAHb7WlpupJV1A2Hbi3K3U1vCyoFV0wCapcw/edit#gid=1271313224;https://docs.google.com/spreadsheets/d/1B2uTMvWlAHb7WlpupJV1A2Hbi3K3U1vCyoFV0wCapcw/edit#gid=1521895812;https://docs.google.com/spreadsheets/d/1B2uTMvWlAHb7WlpupJV1A2Hbi3K3U1vCyoFV0wCapcw/edit#gid=1846395979;https://docs.google.com/spreadsheets/d/1B2uTMvWlAHb7WlpupJV1A2Hbi3K3U1vCyoFV0wCapcw/edit#gid=26363830;https://docs.google.com/spreadsheets/d/1FUsClf5qEny-BHY5Djp8rIwRJKBSJDvygJ8LBa62FEo/edit#gid=0;https://docs.google.com/spreadsheets/d/1JZpA-5XDldN2bjfvhvBPHYK-1AENETLnF1UxNEpWlNA/edit#gid=352888197;https://docs.google.com/spreadsheets/d/1kXhNwKGrqQTwSal0NxpZ9h0yo6u_mQwhwg4vGVwxMX4/edit#gid=0;https://docs.google.com/spreadsheets/d/1kiwDk4NgYoKb0Oo9yqzwl9HXHxuQ_0I5gkb1JtE57PI/edit#gid=0;https://docs.google.com/spreadsheets/d/1n9SmK-ccTCn8Jjhs4U2LKnibXY8PvuBtV3V9MCOURRA/edit#gid=0;https://docs.google.com/spreadsheets/d/1nwiq_ggEj7QePeZGMR2xoi0bEHJr_ZGO24YCRdt93No/edit#gid=857670931;https://docs.google.com/spreadsheets/d/1odsNRAZStW1GzmpXwmg27dqjOlch7w8syZOZ5Z2OQRg/edit#gid=0;https://docs.google.com/spreadsheets/d/1uo7-E_E2jbehB2hbBurpPayP_0fKY5sPZcFgZmfLydY/edit#gid=1526488506;https://docs.google.com/spreadsheets/d/1uo7-E_E2jbehB2hbBurpPayP_0fKY5sPZcFgZmfLydY/edit#gid=1696255979;https://docs.google.com/spreadsheets/d/1uo7-E_E2jbehB2hbBurpPayP_0fKY5sPZcFgZmfLydY/edit#gid=520178140;https://docs.google.com/spreadsheets/d/1vJ-pioe3RZKSZ3LIGEA3FVTv_KEE_XKIQAXSIUNNd-Q/edit#gid=0;https://raw.githubusercontent.com/PokeAPI/pokeapi/master/data/v2/csv/languages.csv;https://raw.githubusercontent.com/PokeAPI/pokeapi/master/data/v2/csv/pokemon.csv;https://raw.githubusercontent.com/PokeAPI/pokeapi/master/data/v2/csv/pokemon_form_names.csv;https://raw.githubusercontent.com/PokeAPI/pokeapi/master/data/v2/csv/pokemon_forms.csv;https://raw.githubusercontent.com/PokeAPI/pokeapi/master/data/v2/csv/pokemon_species_names.csv;output/team-graphics/s3/GPL Teams Spieltag 14 (1).jpg;output/team-graphics/s3/GPL Teams Spieltag 14 (2).jpg;output/team-graphics/s4/Minetube - Triyolotree.png;output/team-graphics/s5/Crinchilla.png;output/team-graphics/s5/Howling Commandos.png;output/team-graphics/s5/Triyolotree.png
season_008,Liga 1,hinrunde,BelmontGabriel,Igalima Impoleon,11,89.7,87.1,87.1,100,"Zapdos, Lahmus, Chaneira, Zoroark, Nidoking, Guardevoir",data/manual/pokemon_killlists.csv;data/manual/team_pokemon_usage.csv;https://docs.google.com/spreadsheets/d/11wxsKyCydVmDjp4kGLJAOLPM_LgwCLN2GYpbDQkNtkk/edit#gid=1588964432;https://docs.google.com/spreadsheets/d/11wxsKyCydVmDjp4kGLJAOLPM_LgwCLN2GYpbDQkNtkk/edit#gid=1843013406;https://docs.google.com/spreadsheets/d/11wxsKyCydVmDjp4kGLJAOLPM_LgwCLN2GYpbDQkNtkk/edit#gid=654435343;https://docs.google.com/spreadsheets/d/13smsrG2BGYxr_omJWcgr-sUDr39bvOJPNL5RPt4DSow/edit#gid=1934543062;https://docs.google.com/spreadsheets/d/13smsrG2BGYxr_omJWcgr-sUDr39bvOJPNL5RPt4DSow/edit#gid=1953790464;https://docs.google.com/spreadsheets/d/13smsrG2BGYxr_omJWcgr-sUDr39bvOJPNL5RPt4DSow/edit#gid=71150222;https://docs.google.com/spreadsheets/d/1B2uTMvWlAHb7WlpupJV1A2Hbi3K3U1vCyoFV0wCapcw/edit#gid=1271313224;https://docs.google.com/spreadsheets/d/1B2uTMvWlAHb7WlpupJV1A2Hbi3K3U1vCyoFV0wCapcw/edit#gid=1521895812;https://docs.google.com/spreadsheets/d/1B2uTMvWlAHb7WlpupJV1A2Hbi3K3U1vCyoFV0wCapcw/edit#gid=1846395979;https://docs.google.com/spreadsheets/d/1B2uTMvWlAHb7WlpupJV1A2Hbi3K3U1vCyoFV0wCapcw/edit#gid=26363830;https://docs.google.com/spreadsheets/d/1FUsClf5qEny-BHY5Djp8rIwRJKBSJDvygJ8LBa62FEo/edit#gid=0;https://docs.google.com/spreadsheets/d/1JZpA-5XDldN2bjfvhvBPHYK-1AENETLnF1UxNEpWlNA/edit#gid=352888197;https://docs.google.com/spreadsheets/d/1kiwDk4NgYoKb0Oo9yqzwl9HXHxuQ_0I5gkb1JtE57PI/edit#gid=0;https://docs.google.com/spreadsheets/d/1n9SmK-ccTCn8Jjhs4U2LKnibXY8PvuBtV3V9MCOURRA/edit#gid=0;https://docs.google.com/spreadsheets/d/1nwiq_ggEj7QePeZGMR2xoi0bEHJr_ZGO24YCRdt93No/edit#gid=857670931;https://docs.google.com/spreadsheets/d/1odsNRAZStW1GzmpXwmg27dqjOlch7w8syZOZ5Z2OQRg/edit#gid=0;https://docs.google.com/spreadsheets/d/1rZd3D0JRNj3lK0ZKdMXPLvCNBofRhFsvW0AlPuBk3VE/edit#gid=0;https://docs.google.com/spreadsheets/d/1uo7-E_E2jbehB2hbBurpPayP_0fKY5sPZcFgZmfLydY/edit#gid=1526488506;https://docs.google.com/spreadsheets/d/1uo7-E_E2jbehB2hbBurpPayP_0fKY5sPZcFgZmfLydY/edit#gid=1696255979;https://docs.google.com/spreadsheets/d/1uo7-E_E2jbehB2hbBurpPayP_0fKY5sPZcFgZmfLydY/edit#gid=520178140;https://docs.google.com/spreadsheets/d/1vJ-pioe3RZKSZ3LIGEA3FVTv_KEE_XKIQAXSIUNNd-Q/edit#gid=0;https://raw.githubusercontent.com/PokeAPI/pokeapi/master/data/v2/csv/languages.csv;https://raw.githubusercontent.com/PokeAPI/pokeapi/master/data/v2/csv/pokemon.csv;https://raw.githubusercontent.com/PokeAPI/pokeapi/master/data/v2/csv/pokemon_form_names.csv;https://raw.githubusercontent.com/PokeAPI/pokeapi/master/data/v2/csv/pokemon_forms.csv;https://raw.githubusercontent.com/PokeAPI/pokeapi/master/data/v2/csv/pokemon_species_names.csv;output/team-graphics/s3/GPL Teams Spieltag 14 (1).jpg;output/team-graphics/s3/GPL Teams Spieltag 14 (2).jpg;output/team-graphics/s4/Schnittlauchs - PokeBazi.png;output/team-graphics/s4/Slicing Knights - Cabgolord.png;output/team-graphics/s5/Marvelous Speedsters.png;output/team-graphics/s5/Prekani.png;output/team-graphics/s5/SoulStealer.png
season_006,Moon Conference,regular,Dauni Daunstar,Lazycakes,11,89.4,86.8,86.8,100,"Zapdos, Terrakium, UHaFnir, Selfe, Rabigator, Feelinara",data/manual/pokemon_killlists.csv;data/manual/team_pokemon_usage.csv;https://docs.google.com/spreadsheets/d/11wxsKyCydVmDjp4kGLJAOLPM_LgwCLN2GYpbDQkNtkk/edit#gid=1588964432;https://docs.google.com/spreadsheets/d/11wxsKyCydVmDjp4kGLJAOLPM_LgwCLN2GYpbDQkNtkk/edit#gid=1843013406;https://docs.google.com/spreadsheets/d/11wxsKyCydVmDjp4kGLJAOLPM_LgwCLN2GYpbDQkNtkk/edit#gid=654435343;https://docs.google.com/spreadsheets/d/13smsrG2BGYxr_omJWcgr-sUDr39bvOJPNL5RPt4DSow/edit#gid=1934543062;https://docs.google.com/spreadsheets/d/13smsrG2BGYxr_omJWcgr-sUDr39bvOJPNL5RPt4DSow/edit#gid=1953790464;https://docs.google.com/spreadsheets/d/13smsrG2BGYxr_omJWcgr-sUDr39bvOJPNL5RPt4DSow/edit#gid=71150222;https://docs.google.com/spreadsheets/d/14N_40jsahiN9DChpnNaPTnFy26If6imVHtqBGDWk6pg/edit#gid=0;https://docs.google.com/spreadsheets/d/1B2uTMvWlAHb7WlpupJV1A2Hbi3K3U1vCyoFV0wCapcw/edit#gid=1271313224;https://docs.google.com/spreadsheets/d/1B2uTMvWlAHb7WlpupJV1A2Hbi3K3U1vCyoFV0wCapcw/edit#gid=1521895812;https://docs.google.com/spreadsheets/d/1B2uTMvWlAHb7WlpupJV1A2Hbi3K3U1vCyoFV0wCapcw/edit#gid=1846395979;https://docs.google.com/spreadsheets/d/1B2uTMvWlAHb7WlpupJV1A2Hbi3K3U1vCyoFV0wCapcw/edit#gid=26363830;https://docs.google.com/spreadsheets/d/1FUsClf5qEny-BHY5Djp8rIwRJKBSJDvygJ8LBa62FEo/edit#gid=0;https://docs.google.com/spreadsheets/d/1JZpA-5XDldN2bjfvhvBPHYK-1AENETLnF1UxNEpWlNA/edit#gid=352888197;https://docs.google.com/spreadsheets/d/1kiwDk4NgYoKb0Oo9yqzwl9HXHxuQ_0I5gkb1JtE57PI/edit#gid=0;https://docs.google.com/spreadsheets/d/1n9SmK-ccTCn8Jjhs4U2LKnibXY8PvuBtV3V9MCOURRA/edit#gid=0;https://docs.google.com/spreadsheets/d/1nwiq_ggEj7QePeZGMR2xoi0bEHJr_ZGO24YCRdt93No/edit#gid=857670931;https://docs.google.com/spreadsheets/d/1odsNRAZStW1GzmpXwmg27dqjOlch7w8syZOZ5Z2OQRg/edit#gid=0;https://docs.google.com/spreadsheets/d/1uo7-E_E2jbehB2hbBurpPayP_0fKY5sPZcFgZmfLydY/edit#gid=1526488506;https://docs.google.com/spreadsheets/d/1uo7-E_E2jbehB2hbBurpPayP_0fKY5sPZcFgZmfLydY/edit#gid=1696255979;https://docs.google.com/spreadsheets/d/1uo7-E_E2jbehB2hbBurpPayP_0fKY5sPZcFgZmfLydY/edit#gid=520178140;https://docs.google.com/spreadsheets/d/1vJ-pioe3RZKSZ3LIGEA3FVTv_KEE_XKIQAXSIUNNd-Q/edit#gid=0;https://raw.githubusercontent.com/PokeAPI/pokeapi/master/data/v2/csv/languages.csv;https://raw.githubusercontent.com/PokeAPI/pokeapi/master/data/v2/csv/pokemon.csv;https://raw.githubusercontent.com/PokeAPI/pokeapi/master/data/v2/csv/pokemon_form_names.csv;https://raw.githubusercontent.com/PokeAPI/pokeapi/master/data/v2/csv/pokemon_forms.csv;https://raw.githubusercontent.com/PokeAPI/pokeapi/master/data/v2/csv/pokemon_species_names.csv;output/team-graphics/s3/GPL Teams Spieltag 14 (1).jpg;output/team-graphics/s3/GPL Teams Spieltag 14 (2).jpg;output/team-graphics/s4/Schnittlauchs - PokeBazi.png;output/team-graphics/s4/Shocking Shaymins - MeLevies.png;output/team-graphics/s4/Slicing Knights - Cabgolord.png;output/team-graphics/s4/Suicide Squad - CaptainCrinch.png;output/team-graphics/s5/Cabgosport.png;output/team-graphics/s5/Energie Tobutz.png;output/team-graphics/s5/Triyolotree.png;output/team-graphics/s5/Victini Bottom.png
season_008,Liga 1,rueckrunde,ElektechN9ne,Elekids Club,11,89.3,86.6,86.6,100,"Katapuldra, Scherox, Tentoxa, Rotom, Regirock, Fiaro",data/manual/pokemon_killlists.csv;data/manual/team_pokemon_usage.csv;https://docs.google.com/spreadsheets/d/11wxsKyCydVmDjp4kGLJAOLPM_LgwCLN2GYpbDQkNtkk/edit#gid=1588964432;https://docs.google.com/spreadsheets/d/11wxsKyCydVmDjp4kGLJAOLPM_LgwCLN2GYpbDQkNtkk/edit#gid=1843013406;https://docs.google.com/spreadsheets/d/11wxsKyCydVmDjp4kGLJAOLPM_LgwCLN2GYpbDQkNtkk/edit#gid=654435343;https://docs.google.com/spreadsheets/d/13smsrG2BGYxr_omJWcgr-sUDr39bvOJPNL5RPt4DSow/edit#gid=1934543062;https://docs.google.com/spreadsheets/d/13smsrG2BGYxr_omJWcgr-sUDr39bvOJPNL5RPt4DSow/edit#gid=1953790464;https://docs.google.com/spreadsheets/d/13smsrG2BGYxr_omJWcgr-sUDr39bvOJPNL5RPt4DSow/edit#gid=71150222;https://docs.google.com/spreadsheets/d/1B2uTMvWlAHb7WlpupJV1A2Hbi3K3U1vCyoFV0wCapcw/edit#gid=1271313224;https://docs.google.com/spreadsheets/d/1B2uTMvWlAHb7WlpupJV1A2Hbi3K3U1vCyoFV0wCapcw/edit#gid=1521895812;https://docs.google.com/spreadsheets/d/1B2uTMvWlAHb7WlpupJV1A2Hbi3K3U1vCyoFV0wCapcw/edit#gid=1846395979;https://docs.google.com/spreadsheets/d/1B2uTMvWlAHb7WlpupJV1A2Hbi3K3U1vCyoFV0wCapcw/edit#gid=26363830;https://docs.google.com/spreadsheets/d/1FUsClf5qEny-BHY5Djp8rIwRJKBSJDvygJ8LBa62FEo/edit#gid=0;https://docs.google.com/spreadsheets/d/1JZpA-5XDldN2bjfvhvBPHYK-1AENETLnF1UxNEpWlNA/edit#gid=352888197;https://docs.google.com/spreadsheets/d/1kiwDk4NgYoKb0Oo9yqzwl9HXHxuQ_0I5gkb1JtE57PI/edit#gid=0;https://docs.google.com/spreadsheets/d/1n9SmK-ccTCn8Jjhs4U2LKnibXY8PvuBtV3V9MCOURRA/edit#gid=0;https://docs.google.com/spreadsheets/d/1nwiq_ggEj7QePeZGMR2xoi0bEHJr_ZGO24YCRdt93No/edit#gid=857670931;https://docs.google.com/spreadsheets/d/1odsNRAZStW1GzmpXwmg27dqjOlch7w8syZOZ5Z2OQRg/edit#gid=0;https://docs.google.com/spreadsheets/d/1uo7-E_E2jbehB2hbBurpPayP_0fKY5sPZcFgZmfLydY/edit#gid=1526488506;https://docs.google.com/spreadsheets/d/1uo7-E_E2jbehB2hbBurpPayP_0fKY5sPZcFgZmfLydY/edit#gid=1696255979;https://docs.google.com/spreadsheets/d/1uo7-E_E2jbehB2hbBurpPayP_0fKY5sPZcFgZmfLydY/edit#gid=520178140;https://docs.google.com/spreadsheets/d/1vJ-pioe3RZKSZ3LIGEA3FVTv_KEE_XKIQAXSIUNNd-Q/edit#gid=0;https://raw.githubusercontent.com/PokeAPI/pokeapi/master/data/v2/csv/languages.csv;https://raw.githubusercontent.com/PokeAPI/pokeapi/master/data/v2/csv/pokemon.csv;https://raw.githubusercontent.com/PokeAPI/pokeapi/master/data/v2/csv/pokemon_form_names.csv;https://raw.githubusercontent.com/PokeAPI/pokeapi/master/data/v2/csv/pokemon_forms.csv;https://raw.githubusercontent.com/PokeAPI/pokeapi/master/data/v2/csv/pokemon_species_names.csv;output/team-graphics/s3/GPL Teams Spieltag 14 (1).jpg;output/team-graphics/s4/Flexing Masskito - RegiBang.png;output/team-graphics/s4/Minetube - Triyolotree.png;output/team-graphics/s4/Ritter der Tapukokosnuss - FullLifeGames.png;output/team-graphics/s4/Schnittlauchs - PokeBazi.png;output/team-graphics/s4/Suicide Squad - CaptainCrinch.png;output/team-graphics/s4/Surstars - SurskitTV.png;output/team-graphics/s5/Aggron Berlin.png;output/team-graphics/s5/Energie Tobutz.png;output/team-graphics/s5/Prekani.png
season_009,Singles,hinrunde,KingBlex,Toon World,11,89.2,86.5,86.5,100,"Lahmus, Stalobor, Trombork, Grypheldis, Feelinara, Amfira",data/manual/pokemon_killlists.csv;data/manual/team_pokemon_usage.csv;https://docs.google.com/spreadsheets/d/11wxsKyCydVmDjp4kGLJAOLPM_LgwCLN2GYpbDQkNtkk/edit#gid=1588964432;https://docs.google.com/spreadsheets/d/11wxsKyCydVmDjp4kGLJAOLPM_LgwCLN2GYpbDQkNtkk/edit#gid=1843013406;https://docs.google.com/spreadsheets/d/11wxsKyCydVmDjp4kGLJAOLPM_LgwCLN2GYpbDQkNtkk/edit#gid=654435343;https://docs.google.com/spreadsheets/d/13smsrG2BGYxr_omJWcgr-sUDr39bvOJPNL5RPt4DSow/edit#gid=1934543062;https://docs.google.com/spreadsheets/d/13smsrG2BGYxr_omJWcgr-sUDr39bvOJPNL5RPt4DSow/edit#gid=1953790464;https://docs.google.com/spreadsheets/d/13smsrG2BGYxr_omJWcgr-sUDr39bvOJPNL5RPt4DSow/edit#gid=71150222;https://docs.google.com/spreadsheets/d/1B2uTMvWlAHb7WlpupJV1A2Hbi3K3U1vCyoFV0wCapcw/edit#gid=1271313224;https://docs.google.com/spreadsheets/d/1B2uTMvWlAHb7WlpupJV1A2Hbi3K3U1vCyoFV0wCapcw/edit#gid=1521895812;https://docs.google.com/spreadsheets/d/1B2uTMvWlAHb7WlpupJV1A2Hbi3K3U1vCyoFV0wCapcw/edit#gid=1846395979;https://docs.google.com/spreadsheets/d/1B2uTMvWlAHb7WlpupJV1A2Hbi3K3U1vCyoFV0wCapcw/edit#gid=26363830;https://docs.google.com/spreadsheets/d/1FUsClf5qEny-BHY5Djp8rIwRJKBSJDvygJ8LBa62FEo/edit#gid=0;https://docs.google.com/spreadsheets/d/1JZpA-5XDldN2bjfvhvBPHYK-1AENETLnF1UxNEpWlNA/edit#gid=352888197;https://docs.google.com/spreadsheets/d/1kXhNwKGrqQTwSal0NxpZ9h0yo6u_mQwhwg4vGVwxMX4/edit#gid=0;https://docs.google.com/spreadsheets/d/1kiwDk4NgYoKb0Oo9yqzwl9HXHxuQ_0I5gkb1JtE57PI/edit#gid=0;https://docs.google.com/spreadsheets/d/1n9SmK-ccTCn8Jjhs4U2LKnibXY8PvuBtV3V9MCOURRA/edit#gid=0;https://docs.google.com/spreadsheets/d/1nwiq_ggEj7QePeZGMR2xoi0bEHJr_ZGO24YCRdt93No/edit#gid=857670931;https://docs.google.com/spreadsheets/d/1odsNRAZStW1GzmpXwmg27dqjOlch7w8syZOZ5Z2OQRg/edit#gid=0;https://docs.google.com/spreadsheets/d/1uo7-E_E2jbehB2hbBurpPayP_0fKY5sPZcFgZmfLydY/edit#gid=1526488506;https://docs.google.com/spreadsheets/d/1uo7-E_E2jbehB2hbBurpPayP_0fKY5sPZcFgZmfLydY/edit#gid=1696255979;https://docs.google.com/spreadsheets/d/1uo7-E_E2jbehB2hbBurpPayP_0fKY5sPZcFgZmfLydY/edit#gid=1992807502;https://docs.google.com/spreadsheets/d/1uo7-E_E2jbehB2hbBurpPayP_0fKY5sPZcFgZmfLydY/edit#gid=520178140;https://docs.google.com/spreadsheets/d/1vJ-pioe3RZKSZ3LIGEA3FVTv_KEE_XKIQAXSIUNNd-Q/edit#gid=0;https://raw.githubusercontent.com/PokeAPI/pokeapi/master/data/v2/csv/languages.csv;https://raw.githubusercontent.com/PokeAPI/pokeapi/master/data/v2/csv/pokemon.csv;https://raw.githubusercontent.com/PokeAPI/pokeapi/master/data/v2/csv/pokemon_form_names.csv;https://raw.githubusercontent.com/PokeAPI/pokeapi/master/data/v2/csv/pokemon_forms.csv;https://raw.githubusercontent.com/PokeAPI/pokeapi/master/data/v2/csv/pokemon_species_names.csv;output/team-graphics/s3/GPL Teams Spieltag 14 (1).jpg;output/team-graphics/s3/GPL Teams Spieltag 14 (2).jpg;output/team-graphics/s4/Flexing Masskito - RegiBang.png;output/team-graphics/s4/Ritter der Tapukokosnuss - FullLifeGames.png;output/team-graphics/s4/Slicing Knights - Cabgolord.png;output/team-graphics/s5/Cabgosport.png;output/team-graphics/s5/Energie Tobutz.png;output/team-graphics/s5/Triyolotree.png
season_009,Doubles,hinrunde,OGDNZ,Toon World,11,89.2,86.5,86.5,100,"Lahmus, Stalobor, Trombork, Grypheldis, Feelinara, Amfira",data/manual/pokemon_killlists.csv;data/manual/team_pokemon_usage.csv;https://docs.google.com/spreadsheets/d/11wxsKyCydVmDjp4kGLJAOLPM_LgwCLN2GYpbDQkNtkk/edit#gid=1588964432;https://docs.google.com/spreadsheets/d/11wxsKyCydVmDjp4kGLJAOLPM_LgwCLN2GYpbDQkNtkk/edit#gid=1843013406;https://docs.google.com/spreadsheets/d/11wxsKyCydVmDjp4kGLJAOLPM_LgwCLN2GYpbDQkNtkk/edit#gid=654435343;https://docs.google.com/spreadsheets/d/13smsrG2BGYxr_omJWcgr-sUDr39bvOJPNL5RPt4DSow/edit#gid=1934543062;https://docs.google.com/spreadsheets/d/13smsrG2BGYxr_omJWcgr-sUDr39bvOJPNL5RPt4DSow/edit#gid=1953790464;https://docs.google.com/spreadsheets/d/13smsrG2BGYxr_omJWcgr-sUDr39bvOJPNL5RPt4DSow/edit#gid=71150222;https://docs.google.com/spreadsheets/d/1B2uTMvWlAHb7WlpupJV1A2Hbi3K3U1vCyoFV0wCapcw/edit#gid=1271313224;https://docs.google.com/spreadsheets/d/1B2uTMvWlAHb7WlpupJV1A2Hbi3K3U1vCyoFV0wCapcw/edit#gid=1521895812;https://docs.google.com/spreadsheets/d/1B2uTMvWlAHb7WlpupJV1A2Hbi3K3U1vCyoFV0wCapcw/edit#gid=1846395979;https://docs.google.com/spreadsheets/d/1B2uTMvWlAHb7WlpupJV1A2Hbi3K3U1vCyoFV0wCapcw/edit#gid=26363830;https://docs.google.com/spreadsheets/d/1FUsClf5qEny-BHY5Djp8rIwRJKBSJDvygJ8LBa62FEo/edit#gid=0;https://docs.google.com/spreadsheets/d/1JZpA-5XDldN2bjfvhvBPHYK-1AENETLnF1UxNEpWlNA/edit#gid=352888197;https://docs.google.com/spreadsheets/d/1kXhNwKGrqQTwSal0NxpZ9h0yo6u_mQwhwg4vGVwxMX4/edit#gid=0;https://docs.google.com/spreadsheets/d/1kiwDk4NgYoKb0Oo9yqzwl9HXHxuQ_0I5gkb1JtE57PI/edit#gid=0;https://docs.google.com/spreadsheets/d/1n9SmK-ccTCn8Jjhs4U2LKnibXY8PvuBtV3V9MCOURRA/edit#gid=0;https://docs.google.com/spreadsheets/d/1nwiq_ggEj7QePeZGMR2xoi0bEHJr_ZGO24YCRdt93No/edit#gid=857670931;https://docs.google.com/spreadsheets/d/1odsNRAZStW1GzmpXwmg27dqjOlch7w8syZOZ5Z2OQRg/edit#gid=0;https://docs.google.com/spreadsheets/d/1uo7-E_E2jbehB2hbBurpPayP_0fKY5sPZcFgZmfLydY/edit#gid=1526488506;https://docs.google.com/spreadsheets/d/1uo7-E_E2jbehB2hbBurpPayP_0fKY5sPZcFgZmfLydY/edit#gid=1696255979;https://docs.google.com/spreadsheets/d/1uo7-E_E2jbehB2hbBurpPayP_0fKY5sPZcFgZmfLydY/edit#gid=1992807502;https://docs.google.com/spreadsheets/d/1uo7-E_E2jbehB2hbBurpPayP_0fKY5sPZcFgZmfLydY/edit#gid=520178140;https://docs.google.com/spreadsheets/d/1vJ-pioe3RZKSZ3LIGEA3FVTv_KEE_XKIQAXSIUNNd-Q/edit#gid=0;https://raw.githubusercontent.com/PokeAPI/pokeapi/master/data/v2/csv/languages.csv;https://raw.githubusercontent.com/PokeAPI/pokeapi/master/data/v2/csv/pokemon.csv;https://raw.githubusercontent.com/PokeAPI/pokeapi/master/data/v2/csv/pokemon_form_names.csv;https://raw.githubusercontent.com/PokeAPI/pokeapi/master/data/v2/csv/pokemon_forms.csv;https://raw.githubusercontent.com/PokeAPI/pokeapi/master/data/v2/csv/pokemon_species_names.csv;output/team-graphics/s3/GPL Teams Spieltag 14 (1).jpg;output/team-graphics/s3/GPL Teams Spieltag 14 (2).jpg;output/team-graphics/s4/Flexing Masskito - RegiBang.png;output/team-graphics/s4/Ritter der Tapukokosnuss - FullLifeGames.png;output/team-graphics/s4/Slicing Knights - Cabgolord.png;output/team-graphics/s5/Cabgosport.png;output/team-graphics/s5/Energie Tobutz.png;output/team-graphics/s5/Triyolotree.png
season_004,Regular Season,hinrunde,PresentLP,Prekani,12,89.0,86.3,86.3,100,"Snibunna, Meistagrif, Brutalanda, Vesprit, Raichu, Nidoqueen",data/manual/pokemon_killlists.csv;data/manual/team_pokemon_usage.csv;https://docs.google.com/spreadsheets/d/11wxsKyCydVmDjp4kGLJAOLPM_LgwCLN2GYpbDQkNtkk/edit#gid=1588964432;https://docs.google.com/spreadsheets/d/11wxsKyCydVmDjp4kGLJAOLPM_LgwCLN2GYpbDQkNtkk/edit#gid=1843013406;https://docs.google.com/spreadsheets/d/13smsrG2BGYxr_omJWcgr-sUDr39bvOJPNL5RPt4DSow/edit#gid=1934543062;https://docs.google.com/spreadsheets/d/13smsrG2BGYxr_omJWcgr-sUDr39bvOJPNL5RPt4DSow/edit#gid=71150222;https://docs.google.com/spreadsheets/d/14N_40jsahiN9DChpnNaPTnFy26If6imVHtqBGDWk6pg/edit#gid=0;https://docs.google.com/spreadsheets/d/1B2uTMvWlAHb7WlpupJV1A2Hbi3K3U1vCyoFV0wCapcw/edit#gid=1271313224;https://docs.google.com/spreadsheets/d/1B2uTMvWlAHb7WlpupJV1A2Hbi3K3U1vCyoFV0wCapcw/edit#gid=1521895812;https://docs.google.com/spreadsheets/d/1B2uTMvWlAHb7WlpupJV1A2Hbi3K3U1vCyoFV0wCapcw/edit#gid=1846395979;https://docs.google.com/spreadsheets/d/1B2uTMvWlAHb7WlpupJV1A2Hbi3K3U1vCyoFV0wCapcw/edit#gid=26363830;https://docs.google.com/spreadsheets/d/1FUsClf5qEny-BHY5Djp8rIwRJKBSJDvygJ8LBa62FEo/edit#gid=0;https://docs.google.com/spreadsheets/d/1JZpA-5XDldN2bjfvhvBPHYK-1AENETLnF1UxNEpWlNA/edit#gid=352888197;https://docs.google.com/spreadsheets/d/1kiwDk4NgYoKb0Oo9yqzwl9HXHxuQ_0I5gkb1JtE57PI/edit#gid=0;https://docs.google.com/spreadsheets/d/1n9SmK-ccTCn8Jjhs4U2LKnibXY8PvuBtV3V9MCOURRA/edit#gid=0;https://docs.google.com/spreadsheets/d/1nwiq_ggEj7QePeZGMR2xoi0bEHJr_ZGO24YCRdt93No/edit#gid=857670931;https://docs.google.com/spreadsheets/d/1odsNRAZStW1GzmpXwmg27dqjOlch7w8syZOZ5Z2OQRg/edit#gid=0;https://docs.google.com/spreadsheets/d/1uo7-E_E2jbehB2hbBurpPayP_0fKY5sPZcFgZmfLydY/edit#gid=1526488506;https://docs.google.com/spreadsheets/d/1uo7-E_E2jbehB2hbBurpPayP_0fKY5sPZcFgZmfLydY/edit#gid=1696255979;https://docs.google.com/spreadsheets/d/1uo7-E_E2jbehB2hbBurpPayP_0fKY5sPZcFgZmfLydY/edit#gid=520178140;https://docs.google.com/spreadsheets/d/1vJ-pioe3RZKSZ3LIGEA3FVTv_KEE_XKIQAXSIUNNd-Q/edit#gid=0;https://raw.githubusercontent.com/PokeAPI/pokeapi/master/data/v2/csv/languages.csv;https://raw.githubusercontent.com/PokeAPI/pokeapi/master/data/v2/csv/pokemon.csv;https://raw.githubusercontent.com/PokeAPI/pokeapi/master/data/v2/csv/pokemon_form_names.csv;https://raw.githubusercontent.com/PokeAPI/pokeapi/master/data/v2/csv/pokemon_forms.csv;https://raw.githubusercontent.com/PokeAPI/pokeapi/master/data/v2/csv/pokemon_species_names.csv;output/team-graphics/s3/GPL Teams Spieltag 14 (1).jpg;output/team-graphics/s3/GPL Teams Spieltag 14 (2).jpg;output/team-graphics/s4/Prekani - PresentLP.png;output/team-graphics/s5/Marvelous Speedsters.png;output/team-graphics/s5/SoulStealer.png;output/team-graphics/s5/Victini Bottom.png
season_008,Liga 1,rueckrunde,Nestfloh,Flutschige Zäpfchen,11,88.9,86.1,86.1,100,"Kyurem, Krarmor, Sumpex, Terrakium, Voltula, Trombork",data/manual/pokemon_killlists.csv;data/manual/team_pokemon_usage.csv;https://docs.google.com/spreadsheets/d/11wxsKyCydVmDjp4kGLJAOLPM_LgwCLN2GYpbDQkNtkk/edit#gid=1588964432;https://docs.google.com/spreadsheets/d/11wxsKyCydVmDjp4kGLJAOLPM_LgwCLN2GYpbDQkNtkk/edit#gid=1843013406;https://docs.google.com/spreadsheets/d/11wxsKyCydVmDjp4kGLJAOLPM_LgwCLN2GYpbDQkNtkk/edit#gid=654435343;https://docs.google.com/spreadsheets/d/13smsrG2BGYxr_omJWcgr-sUDr39bvOJPNL5RPt4DSow/edit#gid=1934543062;https://docs.google.com/spreadsheets/d/13smsrG2BGYxr_omJWcgr-sUDr39bvOJPNL5RPt4DSow/edit#gid=1953790464;https://docs.google.com/spreadsheets/d/13smsrG2BGYxr_omJWcgr-sUDr39bvOJPNL5RPt4DSow/edit#gid=71150222;https://docs.google.com/spreadsheets/d/14N_40jsahiN9DChpnNaPTnFy26If6imVHtqBGDWk6pg/edit#gid=0;https://docs.google.com/spreadsheets/d/1B2uTMvWlAHb7WlpupJV1A2Hbi3K3U1vCyoFV0wCapcw/edit#gid=1271313224;https://docs.google.com/spreadsheets/d/1B2uTMvWlAHb7WlpupJV1A2Hbi3K3U1vCyoFV0wCapcw/edit#gid=1521895812;https://docs.google.com/spreadsheets/d/1B2uTMvWlAHb7WlpupJV1A2Hbi3K3U1vCyoFV0wCapcw/edit#gid=1846395979;https://docs.google.com/spreadsheets/d/1B2uTMvWlAHb7WlpupJV1A2Hbi3K3U1vCyoFV0wCapcw/edit#gid=26363830;https://docs.google.com/spreadsheets/d/1FUsClf5qEny-BHY5Djp8rIwRJKBSJDvygJ8LBa62FEo/edit#gid=0;https://docs.google.com/spreadsheets/d/1JZpA-5XDldN2bjfvhvBPHYK-1AENETLnF1UxNEpWlNA/edit#gid=352888197;https://docs.google.com/spreadsheets/d/1kiwDk4NgYoKb0Oo9yqzwl9HXHxuQ_0I5gkb1JtE57PI/edit#gid=0;https://docs.google.com/spreadsheets/d/1n9SmK-ccTCn8Jjhs4U2LKnibXY8PvuBtV3V9MCOURRA/edit#gid=0;https://docs.google.com/spreadsheets/d/1nwiq_ggEj7QePeZGMR2xoi0bEHJr_ZGO24YCRdt93No/edit#gid=857670931;https://docs.google.com/spreadsheets/d/1odsNRAZStW1GzmpXwmg27dqjOlch7w8syZOZ5Z2OQRg/edit#gid=0;https://docs.google.com/spreadsheets/d/1uo7-E_E2jbehB2hbBurpPayP_0fKY5sPZcFgZmfLydY/edit#gid=1526488506;https://docs.google.com/spreadsheets/d/1uo7-E_E2jbehB2hbBurpPayP_0fKY5sPZcFgZmfLydY/edit#gid=1696255979;https://docs.google.com/spreadsheets/d/1uo7-E_E2jbehB2hbBurpPayP_0fKY5sPZcFgZmfLydY/edit#gid=520178140;https://docs.google.com/spreadsheets/d/1vJ-pioe3RZKSZ3LIGEA3FVTv_KEE_XKIQAXSIUNNd-Q/edit#gid=0;https://raw.githubusercontent.com/PokeAPI/pokeapi/master/data/v2/csv/languages.csv;https://raw.githubusercontent.com/PokeAPI/pokeapi/master/data/v2/csv/pokemon.csv;https://raw.githubusercontent.com/PokeAPI/pokeapi/master/data/v2/csv/pokemon_form_names.csv;https://raw.githubusercontent.com/PokeAPI/pokeapi/master/data/v2/csv/pokemon_forms.csv;https://raw.githubusercontent.com/PokeAPI/pokeapi/master/data/v2/csv/pokemon_species_names.csv;output/team-graphics/s3/GPL Teams Spieltag 14 (1).jpg;output/team-graphics/s3/GPL Teams Spieltag 14 (2).jpg;output/team-graphics/s4/Flexing Masskito - RegiBang.png;output/team-graphics/s4/Prekani - PresentLP.png;output/team-graphics/s4/Surstars - SurskitTV.png;output/team-graphics/s5/Cabgosport.png;output/team-graphics/s5/Marvelous Speedsters.png;output/team-graphics/s5/Shockwaving Magearnas.png;output/team-graphics/s5/Triyolotree.png
season_006,Sun Conference,regular,Parsifani,Mythical FighterZ,11,88.6,85.7,85.7,100,"Pixi, Mamutel, Lucario, Arkani, Aquana, Simsala",data/manual/pokemon_killlists.csv;data/manual/team_pokemon_usage.csv;https://docs.google.com/spreadsheets/d/11wxsKyCydVmDjp4kGLJAOLPM_LgwCLN2GYpbDQkNtkk/edit#gid=1588964432;https://docs.google.com/spreadsheets/d/11wxsKyCydVmDjp4kGLJAOLPM_LgwCLN2GYpbDQkNtkk/edit#gid=1843013406;https://docs.google.com/spreadsheets/d/13smsrG2BGYxr_omJWcgr-sUDr39bvOJPNL5RPt4DSow/edit#gid=1934543062;https://docs.google.com/spreadsheets/d/13smsrG2BGYxr_omJWcgr-sUDr39bvOJPNL5RPt4DSow/edit#gid=1953790464;https://docs.google.com/spreadsheets/d/13smsrG2BGYxr_omJWcgr-sUDr39bvOJPNL5RPt4DSow/edit#gid=71150222;https://docs.google.com/spreadsheets/d/14N_40jsahiN9DChpnNaPTnFy26If6imVHtqBGDWk6pg/edit#gid=0;https://docs.google.com/spreadsheets/d/1B2uTMvWlAHb7WlpupJV1A2Hbi3K3U1vCyoFV0wCapcw/edit#gid=1271313224;https://docs.google.com/spreadsheets/d/1B2uTMvWlAHb7WlpupJV1A2Hbi3K3U1vCyoFV0wCapcw/edit#gid=1521895812;https://docs.google.com/spreadsheets/d/1B2uTMvWlAHb7WlpupJV1A2Hbi3K3U1vCyoFV0wCapcw/edit#gid=1846395979;https://docs.google.com/spreadsheets/d/1B2uTMvWlAHb7WlpupJV1A2Hbi3K3U1vCyoFV0wCapcw/edit#gid=26363830;https://docs.google.com/spreadsheets/d/1FUsClf5qEny-BHY5Djp8rIwRJKBSJDvygJ8LBa62FEo/edit#gid=0;https://docs.google.com/spreadsheets/d/1JZpA-5XDldN2bjfvhvBPHYK-1AENETLnF1UxNEpWlNA/edit#gid=352888197;https://docs.google.com/spreadsheets/d/1kiwDk4NgYoKb0Oo9yqzwl9HXHxuQ_0I5gkb1JtE57PI/edit#gid=0;https://docs.google.com/spreadsheets/d/1n9SmK-ccTCn8Jjhs4U2LKnibXY8PvuBtV3V9MCOURRA/edit#gid=0;https://docs.google.com/spreadsheets/d/1nwiq_ggEj7QePeZGMR2xoi0bEHJr_ZGO24YCRdt93No/edit#gid=857670931;https://docs.google.com/spreadsheets/d/1odsNRAZStW1GzmpXwmg27dqjOlch7w8syZOZ5Z2OQRg/edit#gid=0;https://docs.google.com/spreadsheets/d/1uo7-E_E2jbehB2hbBurpPayP_0fKY5sPZcFgZmfLydY/edit#gid=1526488506;https://docs.google.com/spreadsheets/d/1uo7-E_E2jbehB2hbBurpPayP_0fKY5sPZcFgZmfLydY/edit#gid=1696255979;https://docs.google.com/spreadsheets/d/1uo7-E_E2jbehB2hbBurpPayP_0fKY5sPZcFgZmfLydY/edit#gid=520178140;https://docs.google.com/spreadsheets/d/1vJ-pioe3RZKSZ3LIGEA3FVTv_KEE_XKIQAXSIUNNd-Q/edit#gid=0;https://raw.githubusercontent.com/PokeAPI/pokeapi/master/data/v2/csv/languages.csv;https://raw.githubusercontent.com/PokeAPI/pokeapi/master/data/v2/csv/pokemon.csv;https://raw.githubusercontent.com/PokeAPI/pokeapi/master/data/v2/csv/pokemon_form_names.csv;https://raw.githubusercontent.com/PokeAPI/pokeapi/master/data/v2/csv/pokemon_forms.csv;https://raw.githubusercontent.com/PokeAPI/pokeapi/master/data/v2/csv/pokemon_species_names.csv;output/team-graphics/s3/GPL Teams Spieltag 14 (1).jpg;output/team-graphics/s3/GPL Teams Spieltag 14 (2).jpg;output/team-graphics/s4/Enteikutierung - Lauris Enteitainment.png;output/team-graphics/s4/Prekani - PresentLP.png;output/team-graphics/s5/Cabgosport.png;output/team-graphics/s5/Howling Commandos.png;output/team-graphics/s5/Marvelous Speedsters.png;output/team-graphics/s5/Prekani.png;output/team-graphics/s5/Shockwaving Magearnas.png
season_006,Playoffs,playoffs,PresentLP,Prekani,11,88.6,85.7,85.7,100,"Skorgro, Kyurem, Zeraora, Regirock, Krebutack, Bronzong",data/manual/pokemon_killlists.csv;data/manual/team_pokemon_usage.csv;https://docs.google.com/spreadsheets/d/11wxsKyCydVmDjp4kGLJAOLPM_LgwCLN2GYpbDQkNtkk/edit#gid=1588964432;https://docs.google.com/spreadsheets/d/11wxsKyCydVmDjp4kGLJAOLPM_LgwCLN2GYpbDQkNtkk/edit#gid=1843013406;https://docs.google.com/spreadsheets/d/11wxsKyCydVmDjp4kGLJAOLPM_LgwCLN2GYpbDQkNtkk/edit#gid=654435343;https://docs.google.com/spreadsheets/d/13smsrG2BGYxr_omJWcgr-sUDr39bvOJPNL5RPt4DSow/edit#gid=1934543062;https://docs.google.com/spreadsheets/d/13smsrG2BGYxr_omJWcgr-sUDr39bvOJPNL5RPt4DSow/edit#gid=71150222;https://docs.google.com/spreadsheets/d/14N_40jsahiN9DChpnNaPTnFy26If6imVHtqBGDWk6pg/edit#gid=0;https://docs.google.com/spreadsheets/d/1B2uTMvWlAHb7WlpupJV1A2Hbi3K3U1vCyoFV0wCapcw/edit#gid=1271313224;https://docs.google.com/spreadsheets/d/1B2uTMvWlAHb7WlpupJV1A2Hbi3K3U1vCyoFV0wCapcw/edit#gid=1521895812;https://docs.google.com/spreadsheets/d/1B2uTMvWlAHb7WlpupJV1A2Hbi3K3U1vCyoFV0wCapcw/edit#gid=1846395979;https://docs.google.com/spreadsheets/d/1B2uTMvWlAHb7WlpupJV1A2Hbi3K3U1vCyoFV0wCapcw/edit#gid=26363830;https://docs.google.com/spreadsheets/d/1FUsClf5qEny-BHY5Djp8rIwRJKBSJDvygJ8LBa62FEo/edit#gid=0;https://docs.google.com/spreadsheets/d/1JZpA-5XDldN2bjfvhvBPHYK-1AENETLnF1UxNEpWlNA/edit#gid=352888197;https://docs.google.com/spreadsheets/d/1kiwDk4NgYoKb0Oo9yqzwl9HXHxuQ_0I5gkb1JtE57PI/edit#gid=0;https://docs.google.com/spreadsheets/d/1n9SmK-ccTCn8Jjhs4U2LKnibXY8PvuBtV3V9MCOURRA/edit#gid=0;https://docs.google.com/spreadsheets/d/1nwiq_ggEj7QePeZGMR2xoi0bEHJr_ZGO24YCRdt93No/edit#gid=857670931;https://docs.google.com/spreadsheets/d/1odsNRAZStW1GzmpXwmg27dqjOlch7w8syZOZ5Z2OQRg/edit#gid=0;https://docs.google.com/spreadsheets/d/1uo7-E_E2jbehB2hbBurpPayP_0fKY5sPZcFgZmfLydY/edit#gid=1526488506;https://docs.google.com/spreadsheets/d/1uo7-E_E2jbehB2hbBurpPayP_0fKY5sPZcFgZmfLydY/edit#gid=1696255979;https://docs.google.com/spreadsheets/d/1uo7-E_E2jbehB2hbBurpPayP_0fKY5sPZcFgZmfLydY/edit#gid=520178140;https://docs.google.com/spreadsheets/d/1vJ-pioe3RZKSZ3LIGEA3FVTv_KEE_XKIQAXSIUNNd-Q/edit#gid=0;https://raw.githubusercontent.com/PokeAPI/pokeapi/master/data/v2/csv/languages.csv;https://raw.githubusercontent.com/PokeAPI/pokeapi/master/data/v2/csv/pokemon.csv;https://raw.githubusercontent.com/PokeAPI/pokeapi/master/data/v2/csv/pokemon_form_names.csv;https://raw.githubusercontent.com/PokeAPI/pokeapi/master/data/v2/csv/pokemon_forms.csv;https://raw.githubusercontent.com/PokeAPI/pokeapi/master/data/v2/csv/pokemon_species_names.csv;output/team-graphics/s3/GPL Teams Spieltag 14 (1).jpg;output/team-graphics/s3/GPL Teams Spieltag 14 (2).jpg;output/team-graphics/s4/Shocking Shaymins - MeLevies.png;output/team-graphics/s4/Slicing Knights - Cabgolord.png;output/team-graphics/s4/Surstars - SurskitTV.png;output/team-graphics/s5/Cabgosport.png;output/team-graphics/s5/Howling Commandos.png;output/team-graphics/s5/Marvelous Speedsters.png
season_006,Sun Conference,regular,PresentLP,Prekani,11,88.6,85.7,85.7,100,"Skorgro, Kyurem, Zeraora, Krebutack, Bronzong, Piepi",data/manual/pokemon_killlists.csv;data/manual/team_pokemon_usage.csv;https://docs.google.com/spreadsheets/d/11wxsKyCydVmDjp4kGLJAOLPM_LgwCLN2GYpbDQkNtkk/edit#gid=1588964432;https://docs.google.com/spreadsheets/d/11wxsKyCydVmDjp4kGLJAOLPM_LgwCLN2GYpbDQkNtkk/edit#gid=1843013406;https://docs.google.com/spreadsheets/d/13smsrG2BGYxr_omJWcgr-sUDr39bvOJPNL5RPt4DSow/edit#gid=1934543062;https://docs.google.com/spreadsheets/d/13smsrG2BGYxr_omJWcgr-sUDr39bvOJPNL5RPt4DSow/edit#gid=71150222;https://docs.google.com/spreadsheets/d/14N_40jsahiN9DChpnNaPTnFy26If6imVHtqBGDWk6pg/edit#gid=0;https://docs.google.com/spreadsheets/d/1B2uTMvWlAHb7WlpupJV1A2Hbi3K3U1vCyoFV0wCapcw/edit#gid=1271313224;https://docs.google.com/spreadsheets/d/1B2uTMvWlAHb7WlpupJV1A2Hbi3K3U1vCyoFV0wCapcw/edit#gid=1521895812;https://docs.google.com/spreadsheets/d/1B2uTMvWlAHb7WlpupJV1A2Hbi3K3U1vCyoFV0wCapcw/edit#gid=1846395979;https://docs.google.com/spreadsheets/d/1B2uTMvWlAHb7WlpupJV1A2Hbi3K3U1vCyoFV0wCapcw/edit#gid=26363830;https://docs.google.com/spreadsheets/d/1FUsClf5qEny-BHY5Djp8rIwRJKBSJDvygJ8LBa62FEo/edit#gid=0;https://docs.google.com/spreadsheets/d/1JZpA-5XDldN2bjfvhvBPHYK-1AENETLnF1UxNEpWlNA/edit#gid=352888197;https://docs.google.com/spreadsheets/d/1kiwDk4NgYoKb0Oo9yqzwl9HXHxuQ_0I5gkb1JtE57PI/edit#gid=0;https://docs.google.com/spreadsheets/d/1n9SmK-ccTCn8Jjhs4U2LKnibXY8PvuBtV3V9MCOURRA/edit#gid=0;https://docs.google.com/spreadsheets/d/1nwiq_ggEj7QePeZGMR2xoi0bEHJr_ZGO24YCRdt93No/edit#gid=857670931;https://docs.google.com/spreadsheets/d/1odsNRAZStW1GzmpXwmg27dqjOlch7w8syZOZ5Z2OQRg/edit#gid=0;https://docs.google.com/spreadsheets/d/1uo7-E_E2jbehB2hbBurpPayP_0fKY5sPZcFgZmfLydY/edit#gid=1526488506;https://docs.google.com/spreadsheets/d/1uo7-E_E2jbehB2hbBurpPayP_0fKY5sPZcFgZmfLydY/edit#gid=1696255979;https://docs.google.com/spreadsheets/d/1uo7-E_E2jbehB2hbBurpPayP_0fKY5sPZcFgZmfLydY/edit#gid=520178140;https://docs.google.com/spreadsheets/d/1vJ-pioe3RZKSZ3LIGEA3FVTv_KEE_XKIQAXSIUNNd-Q/edit#gid=0;https://raw.githubusercontent.com/PokeAPI/pokeapi/master/data/v2/csv/languages.csv;https://raw.githubusercontent.com/PokeAPI/pokeapi/master/data/v2/csv/pokemon.csv;https://raw.githubusercontent.com/PokeAPI/pokeapi/master/data/v2/csv/pokemon_form_names.csv;https://raw.githubusercontent.com/PokeAPI/pokeapi/master/data/v2/csv/pokemon_forms.csv;https://raw.githubusercontent.com/PokeAPI/pokeapi/master/data/v2/csv/pokemon_species_names.csv;output/team-graphics/s3/GPL Teams Spieltag 14 (1).jpg;output/team-graphics/s3/GPL Teams Spieltag 14 (2).jpg;output/team-graphics/s4/Minetube - Triyolotree.png;output/team-graphics/s4/Shocking Shaymins - MeLevies.png;output/team-graphics/s5/Cabgosport.png;output/team-graphics/s5/Howling Commandos.png;output/team-graphics/s5/Marvelous Speedsters.png
season_008,Liga 1,hinrunde,RegiBang,Pillar Mons,11,88.6,85.7,85.7,100,"Heatran, Snibunna, Smogmog, Rabigator, Lucario, Latias",data/manual/pokemon_killlists.csv;data/manual/team_pokemon_usage.csv;https://docs.google.com/spreadsheets/d/11wxsKyCydVmDjp4kGLJAOLPM_LgwCLN2GYpbDQkNtkk/edit#gid=1588964432;https://docs.google.com/spreadsheets/d/11wxsKyCydVmDjp4kGLJAOLPM_LgwCLN2GYpbDQkNtkk/edit#gid=1843013406;https://docs.google.com/spreadsheets/d/13smsrG2BGYxr_omJWcgr-sUDr39bvOJPNL5RPt4DSow/edit#gid=1934543062;https://docs.google.com/spreadsheets/d/13smsrG2BGYxr_omJWcgr-sUDr39bvOJPNL5RPt4DSow/edit#gid=71150222;https://docs.google.com/spreadsheets/d/1B2uTMvWlAHb7WlpupJV1A2Hbi3K3U1vCyoFV0wCapcw/edit#gid=1271313224;https://docs.google.com/spreadsheets/d/1B2uTMvWlAHb7WlpupJV1A2Hbi3K3U1vCyoFV0wCapcw/edit#gid=1521895812;https://docs.google.com/spreadsheets/d/1B2uTMvWlAHb7WlpupJV1A2Hbi3K3U1vCyoFV0wCapcw/edit#gid=1846395979;https://docs.google.com/spreadsheets/d/1B2uTMvWlAHb7WlpupJV1A2Hbi3K3U1vCyoFV0wCapcw/edit#gid=26363830;https://docs.google.com/spreadsheets/d/1FUsClf5qEny-BHY5Djp8rIwRJKBSJDvygJ8LBa62FEo/edit#gid=0;https://docs.google.com/spreadsheets/d/1JZpA-5XDldN2bjfvhvBPHYK-1AENETLnF1UxNEpWlNA/edit#gid=352888197;https://docs.google.com/spreadsheets/d/1kiwDk4NgYoKb0Oo9yqzwl9HXHxuQ_0I5gkb1JtE57PI/edit#gid=0;https://docs.google.com/spreadsheets/d/1n9SmK-ccTCn8Jjhs4U2LKnibXY8PvuBtV3V9MCOURRA/edit#gid=0;https://docs.google.com/spreadsheets/d/1nwiq_ggEj7QePeZGMR2xoi0bEHJr_ZGO24YCRdt93No/edit#gid=857670931;https://docs.google.com/spreadsheets/d/1odsNRAZStW1GzmpXwmg27dqjOlch7w8syZOZ5Z2OQRg/edit#gid=0;https://docs.google.com/spreadsheets/d/1uo7-E_E2jbehB2hbBurpPayP_0fKY5sPZcFgZmfLydY/edit#gid=1526488506;https://docs.google.com/spreadsheets/d/1uo7-E_E2jbehB2hbBurpPayP_0fKY5sPZcFgZmfLydY/edit#gid=1696255979;https://docs.google.com/spreadsheets/d/1uo7-E_E2jbehB2hbBurpPayP_0fKY5sPZcFgZmfLydY/edit#gid=520178140;https://docs.google.com/spreadsheets/d/1vJ-pioe3RZKSZ3LIGEA3FVTv_KEE_XKIQAXSIUNNd-Q/edit#gid=0;https://raw.githubusercontent.com/PokeAPI/pokeapi/master/data/v2/csv/languages.csv;https://raw.githubusercontent.com/PokeAPI/pokeapi/master/data/v2/csv/pokemon.csv;https://raw.githubusercontent.com/PokeAPI/pokeapi/master/data/v2/csv/pokemon_form_names.csv;https://raw.githubusercontent.com/PokeAPI/pokeapi/master/data/v2/csv/pokemon_forms.csv;https://raw.githubusercontent.com/PokeAPI/pokeapi/master/data/v2/csv/pokemon_species_names.csv;output/team-graphics/s3/GPL Teams Spieltag 14 (1).jpg;output/team-graphics/s3/GPL Teams Spieltag 14 (2).jpg;output/team-graphics/s4/Enteikutierung - Lauris Enteitainment.png;output/team-graphics/s4/Prekani - PresentLP.png;output/team-graphics/s4/Schnittlauchs - PokeBazi.png;output/team-graphics/s4/Suicide Squad - CaptainCrinch.png;output/team-graphics/s4/Surstars - SurskitTV.png;output/team-graphics/s5/Energie Tobutz.png;output/team-graphics/s5/Howling Commandos.png;output/team-graphics/s5/Prekani.png;output/team-graphics/s5/Victini Bottom.png
season_006,Playoffs,playoffs,Dauni Daunstar,Lazycakes,11,88.3,85.4,85.4,100,"Zapdos, Terrakium, UHaFnir, Selfe, Rabigator, Feelinara",data/manual/pokemon_killlists.csv;data/manual/team_pokemon_usage.csv;https://docs.google.com/spreadsheets/d/11wxsKyCydVmDjp4kGLJAOLPM_LgwCLN2GYpbDQkNtkk/edit#gid=1588964432;https://docs.google.com/spreadsheets/d/11wxsKyCydVmDjp4kGLJAOLPM_LgwCLN2GYpbDQkNtkk/edit#gid=1843013406;https://docs.google.com/spreadsheets/d/11wxsKyCydVmDjp4kGLJAOLPM_LgwCLN2GYpbDQkNtkk/edit#gid=654435343;https://docs.google.com/spreadsheets/d/13smsrG2BGYxr_omJWcgr-sUDr39bvOJPNL5RPt4DSow/edit#gid=1934543062;https://docs.google.com/spreadsheets/d/13smsrG2BGYxr_omJWcgr-sUDr39bvOJPNL5RPt4DSow/edit#gid=1953790464;https://docs.google.com/spreadsheets/d/13smsrG2BGYxr_omJWcgr-sUDr39bvOJPNL5RPt4DSow/edit#gid=71150222;https://docs.google.com/spreadsheets/d/14N_40jsahiN9DChpnNaPTnFy26If6imVHtqBGDWk6pg/edit#gid=0;https://docs.google.com/spreadsheets/d/1B2uTMvWlAHb7WlpupJV1A2Hbi3K3U1vCyoFV0wCapcw/edit#gid=1271313224;https://docs.google.com/spreadsheets/d/1B2uTMvWlAHb7WlpupJV1A2Hbi3K3U1vCyoFV0wCapcw/edit#gid=1521895812;https://docs.google.com/spreadsheets/d/1B2uTMvWlAHb7WlpupJV1A2Hbi3K3U1vCyoFV0wCapcw/edit#gid=1846395979;https://docs.google.com/spreadsheets/d/1B2uTMvWlAHb7WlpupJV1A2Hbi3K3U1vCyoFV0wCapcw/edit#gid=26363830;https://docs.google.com/spreadsheets/d/1FUsClf5qEny-BHY5Djp8rIwRJKBSJDvygJ8LBa62FEo/edit#gid=0;https://docs.google.com/spreadsheets/d/1JZpA-5XDldN2bjfvhvBPHYK-1AENETLnF1UxNEpWlNA/edit#gid=352888197;https://docs.google.com/spreadsheets/d/1kiwDk4NgYoKb0Oo9yqzwl9HXHxuQ_0I5gkb1JtE57PI/edit#gid=0;https://docs.google.com/spreadsheets/d/1n9SmK-ccTCn8Jjhs4U2LKnibXY8PvuBtV3V9MCOURRA/edit#gid=0;https://docs.google.com/spreadsheets/d/1nwiq_ggEj7QePeZGMR2xoi0bEHJr_ZGO24YCRdt93No/edit#gid=857670931;https://docs.google.com/spreadsheets/d/1odsNRAZStW1GzmpXwmg27dqjOlch7w8syZOZ5Z2OQRg/edit#gid=0;https://docs.google.com/spreadsheets/d/1uo7-E_E2jbehB2hbBurpPayP_0fKY5sPZcFgZmfLydY/edit#gid=1526488506;https://docs.google.com/spreadsheets/d/1uo7-E_E2jbehB2hbBurpPayP_0fKY5sPZcFgZmfLydY/edit#gid=1696255979;https://docs.google.com/spreadsheets/d/1uo7-E_E2jbehB2hbBurpPayP_0fKY5sPZcFgZmfLydY/edit#gid=520178140;https://docs.google.com/spreadsheets/d/1vJ-pioe3RZKSZ3LIGEA3FVTv_KEE_XKIQAXSIUNNd-Q/edit#gid=0;https://raw.githubusercontent.com/PokeAPI/pokeapi/master/data/v2/csv/languages.csv;https://raw.githubusercontent.com/PokeAPI/pokeapi/master/data/v2/csv/pokemon.csv;https://raw.githubusercontent.com/PokeAPI/pokeapi/master/data/v2/csv/pokemon_form_names.csv;https://raw.githubusercontent.com/PokeAPI/pokeapi/master/data/v2/csv/pokemon_forms.csv;https://raw.githubusercontent.com/PokeAPI/pokeapi/master/data/v2/csv/pokemon_species_names.csv;output/team-graphics/s3/GPL Teams Spieltag 14 (1).jpg;output/team-graphics/s3/GPL Teams Spieltag 14 (2).jpg;output/team-graphics/s4/Ritter der Tapukokosnuss - FullLifeGames.png;output/team-graphics/s4/Schnittlauchs - PokeBazi.png;output/team-graphics/s4/Shocking Shaymins - MeLevies.png;output/team-graphics/s4/Slicing Knights - Cabgolord.png;output/team-graphics/s4/Suicide Squad - CaptainCrinch.png;output/team-graphics/s5/Cabgosport.png;output/team-graphics/s5/Energie Tobutz.png;output/team-graphics/s5/Triyolotree.png;output/team-graphics/s5/Victini Bottom.png
season_008,Liga 1,rueckrunde,BelmontGabriel,Igalima Impoleon,11,88.2,85.2,85.2,100,"Zapdos, Lahmus, Viscogon, Nidoking, Guardevoir, Durengard",data/manual/pokemon_killlists.csv;data/manual/team_pokemon_usage.csv;https://docs.google.com/spreadsheets/d/11wxsKyCydVmDjp4kGLJAOLPM_LgwCLN2GYpbDQkNtkk/edit#gid=1588964432;https://docs.google.com/spreadsheets/d/11wxsKyCydVmDjp4kGLJAOLPM_LgwCLN2GYpbDQkNtkk/edit#gid=1843013406;https://docs.google.com/spreadsheets/d/13smsrG2BGYxr_omJWcgr-sUDr39bvOJPNL5RPt4DSow/edit#gid=1934543062;https://docs.google.com/spreadsheets/d/13smsrG2BGYxr_omJWcgr-sUDr39bvOJPNL5RPt4DSow/edit#gid=71150222;https://docs.google.com/spreadsheets/d/1B2uTMvWlAHb7WlpupJV1A2Hbi3K3U1vCyoFV0wCapcw/edit#gid=1271313224;https://docs.google.com/spreadsheets/d/1B2uTMvWlAHb7WlpupJV1A2Hbi3K3U1vCyoFV0wCapcw/edit#gid=1521895812;https://docs.google.com/spreadsheets/d/1B2uTMvWlAHb7WlpupJV1A2Hbi3K3U1vCyoFV0wCapcw/edit#gid=1846395979;https://docs.google.com/spreadsheets/d/1B2uTMvWlAHb7WlpupJV1A2Hbi3K3U1vCyoFV0wCapcw/edit#gid=26363830;https://docs.google.com/spreadsheets/d/1FUsClf5qEny-BHY5Djp8rIwRJKBSJDvygJ8LBa62FEo/edit#gid=0;https://docs.google.com/spreadsheets/d/1JZpA-5XDldN2bjfvhvBPHYK-1AENETLnF1UxNEpWlNA/edit#gid=352888197;https://docs.google.com/spreadsheets/d/1kiwDk4NgYoKb0Oo9yqzwl9HXHxuQ_0I5gkb1JtE57PI/edit#gid=0;https://docs.google.com/spreadsheets/d/1n9SmK-ccTCn8Jjhs4U2LKnibXY8PvuBtV3V9MCOURRA/edit#gid=0;https://docs.google.com/spreadsheets/d/1nwiq_ggEj7QePeZGMR2xoi0bEHJr_ZGO24YCRdt93No/edit#gid=857670931;https://docs.google.com/spreadsheets/d/1odsNRAZStW1GzmpXwmg27dqjOlch7w8syZOZ5Z2OQRg/edit#gid=0;https://docs.google.com/spreadsheets/d/1rZd3D0JRNj3lK0ZKdMXPLvCNBofRhFsvW0AlPuBk3VE/edit#gid=0;https://docs.google.com/spreadsheets/d/1uo7-E_E2jbehB2hbBurpPayP_0fKY5sPZcFgZmfLydY/edit#gid=1526488506;https://docs.google.com/spreadsheets/d/1uo7-E_E2jbehB2hbBurpPayP_0fKY5sPZcFgZmfLydY/edit#gid=1696255979;https://docs.google.com/spreadsheets/d/1uo7-E_E2jbehB2hbBurpPayP_0fKY5sPZcFgZmfLydY/edit#gid=520178140;https://docs.google.com/spreadsheets/d/1vJ-pioe3RZKSZ3LIGEA3FVTv_KEE_XKIQAXSIUNNd-Q/edit#gid=0;https://raw.githubusercontent.com/PokeAPI/pokeapi/master/data/v2/csv/languages.csv;https://raw.githubusercontent.com/PokeAPI/pokeapi/master/data/v2/csv/pokemon.csv;https://raw.githubusercontent.com/PokeAPI/pokeapi/master/data/v2/csv/pokemon_form_names.csv;https://raw.githubusercontent.com/PokeAPI/pokeapi/master/data/v2/csv/pokemon_forms.csv;https://raw.githubusercontent.com/PokeAPI/pokeapi/master/data/v2/csv/pokemon_species_names.csv;output/team-graphics/s3/GPL Teams Spieltag 14 (1).jpg;output/team-graphics/s3/GPL Teams Spieltag 14 (2).jpg;output/team-graphics/s4/Schnittlauchs - PokeBazi.png;output/team-graphics/s4/Shocking Shaymins - MeLevies.png;output/team-graphics/s4/Slicing Knights - Cabgolord.png;output/team-graphics/s5/Marvelous Speedsters.png;output/team-graphics/s5/Prekani.png
season_009,Singles,rueckrunde,BlackLink,Royal Bluff,11,88.2,85.2,85.2,100,"Masskito, Smogmog, Latias, Fuegro, Fruyal, Durengard",data/manual/pokemon_killlists.csv;data/manual/team_pokemon_usage.csv;https://docs.google.com/spreadsheets/d/11wxsKyCydVmDjp4kGLJAOLPM_LgwCLN2GYpbDQkNtkk/edit#gid=1588964432;https://docs.google.com/spreadsheets/d/11wxsKyCydVmDjp4kGLJAOLPM_LgwCLN2GYpbDQkNtkk/edit#gid=1843013406;https://docs.google.com/spreadsheets/d/11wxsKyCydVmDjp4kGLJAOLPM_LgwCLN2GYpbDQkNtkk/edit#gid=654435343;https://docs.google.com/spreadsheets/d/13smsrG2BGYxr_omJWcgr-sUDr39bvOJPNL5RPt4DSow/edit#gid=1934543062;https://docs.google.com/spreadsheets/d/1B2uTMvWlAHb7WlpupJV1A2Hbi3K3U1vCyoFV0wCapcw/edit#gid=1271313224;https://docs.google.com/spreadsheets/d/1B2uTMvWlAHb7WlpupJV1A2Hbi3K3U1vCyoFV0wCapcw/edit#gid=1521895812;https://docs.google.com/spreadsheets/d/1B2uTMvWlAHb7WlpupJV1A2Hbi3K3U1vCyoFV0wCapcw/edit#gid=1846395979;https://docs.google.com/spreadsheets/d/1B2uTMvWlAHb7WlpupJV1A2Hbi3K3U1vCyoFV0wCapcw/edit#gid=26363830;https://docs.google.com/spreadsheets/d/1JZpA-5XDldN2bjfvhvBPHYK-1AENETLnF1UxNEpWlNA/edit#gid=352888197;https://docs.google.com/spreadsheets/d/1kiwDk4NgYoKb0Oo9yqzwl9HXHxuQ_0I5gkb1JtE57PI/edit#gid=0;https://docs.google.com/spreadsheets/d/1n9SmK-ccTCn8Jjhs4U2LKnibXY8PvuBtV3V9MCOURRA/edit#gid=0;https://docs.google.com/spreadsheets/d/1nwiq_ggEj7QePeZGMR2xoi0bEHJr_ZGO24YCRdt93No/edit#gid=857670931;https://docs.google.com/spreadsheets/d/1odsNRAZStW1GzmpXwmg27dqjOlch7w8syZOZ5Z2OQRg/edit#gid=0;https://docs.google.com/spreadsheets/d/1rZd3D0JRNj3lK0ZKdMXPLvCNBofRhFsvW0AlPuBk3VE/edit#gid=0;https://docs.google.com/spreadsheets/d/1uo7-E_E2jbehB2hbBurpPayP_0fKY5sPZcFgZmfLydY/edit#gid=1526488506;https://docs.google.com/spreadsheets/d/1uo7-E_E2jbehB2hbBurpPayP_0fKY5sPZcFgZmfLydY/edit#gid=1696255979;https://docs.google.com/spreadsheets/d/1uo7-E_E2jbehB2hbBurpPayP_0fKY5sPZcFgZmfLydY/edit#gid=1992807502;https://docs.google.com/spreadsheets/d/1uo7-E_E2jbehB2hbBurpPayP_0fKY5sPZcFgZmfLydY/edit#gid=520178140;https://docs.google.com/spreadsheets/d/1uo7-E_E2jbehB2hbBurpPayP_0fKY5sPZcFgZmfLydY/edit#gid=754790791;https://docs.google.com/spreadsheets/d/1vJ-pioe3RZKSZ3LIGEA3FVTv_KEE_XKIQAXSIUNNd-Q/edit#gid=0;https://raw.githubusercontent.com/PokeAPI/pokeapi/master/data/v2/csv/languages.csv;https://raw.githubusercontent.com/PokeAPI/pokeapi/master/data/v2/csv/pokemon.csv;https://raw.githubusercontent.com/PokeAPI/pokeapi/master/data/v2/csv/pokemon_form_names.csv;https://raw.githubusercontent.com/PokeAPI/pokeapi/master/data/v2/csv/pokemon_forms.csv;https://raw.githubusercontent.com/PokeAPI/pokeapi/master/data/v2/csv/pokemon_species_names.csv;output/team-graphics/s3/GPL Teams Spieltag 14 (1).jpg;output/team-graphics/s3/GPL Teams Spieltag 14 (2).jpg;output/team-graphics/s4/Enteikutierung - Lauris Enteitainment.png;output/team-graphics/s4/Flexing Masskito - RegiBang.png;output/team-graphics/s4/Slicing Knights - Cabgolord.png;output/team-graphics/s4/Surstars - SurskitTV.png;output/team-graphics/s5/Prekani.png;output/team-graphics/s5/Triyolotree.png
season_009,Doubles,rueckrunde,ElektechN9ne,Royal Bluff,11,88.2,85.2,85.2,100,"Masskito, Smogmog, Latias, Fuegro, Fruyal, Durengard",data/manual/pokemon_killlists.csv;data/manual/team_pokemon_usage.csv;https://docs.google.com/spreadsheets/d/11wxsKyCydVmDjp4kGLJAOLPM_LgwCLN2GYpbDQkNtkk/edit#gid=1588964432;https://docs.google.com/spreadsheets/d/11wxsKyCydVmDjp4kGLJAOLPM_LgwCLN2GYpbDQkNtkk/edit#gid=1843013406;https://docs.google.com/spreadsheets/d/11wxsKyCydVmDjp4kGLJAOLPM_LgwCLN2GYpbDQkNtkk/edit#gid=654435343;https://docs.google.com/spreadsheets/d/13smsrG2BGYxr_omJWcgr-sUDr39bvOJPNL5RPt4DSow/edit#gid=1934543062;https://docs.google.com/spreadsheets/d/1B2uTMvWlAHb7WlpupJV1A2Hbi3K3U1vCyoFV0wCapcw/edit#gid=1271313224;https://docs.google.com/spreadsheets/d/1B2uTMvWlAHb7WlpupJV1A2Hbi3K3U1vCyoFV0wCapcw/edit#gid=1521895812;https://docs.google.com/spreadsheets/d/1B2uTMvWlAHb7WlpupJV1A2Hbi3K3U1vCyoFV0wCapcw/edit#gid=1846395979;https://docs.google.com/spreadsheets/d/1B2uTMvWlAHb7WlpupJV1A2Hbi3K3U1vCyoFV0wCapcw/edit#gid=26363830;https://docs.google.com/spreadsheets/d/1JZpA-5XDldN2bjfvhvBPHYK-1AENETLnF1UxNEpWlNA/edit#gid=352888197;https://docs.google.com/spreadsheets/d/1kiwDk4NgYoKb0Oo9yqzwl9HXHxuQ_0I5gkb1JtE57PI/edit#gid=0;https://docs.google.com/spreadsheets/d/1n9SmK-ccTCn8Jjhs4U2LKnibXY8PvuBtV3V9MCOURRA/edit#gid=0;https://docs.google.com/spreadsheets/d/1nwiq_ggEj7QePeZGMR2xoi0bEHJr_ZGO24YCRdt93No/edit#gid=857670931;https://docs.google.com/spreadsheets/d/1odsNRAZStW1GzmpXwmg27dqjOlch7w8syZOZ5Z2OQRg/edit#gid=0;https://docs.google.com/spreadsheets/d/1rZd3D0JRNj3lK0ZKdMXPLvCNBofRhFsvW0AlPuBk3VE/edit#gid=0;https://docs.google.com/spreadsheets/d/1uo7-E_E2jbehB2hbBurpPayP_0fKY5sPZcFgZmfLydY/edit#gid=1526488506;https://docs.google.com/spreadsheets/d/1uo7-E_E2jbehB2hbBurpPayP_0fKY5sPZcFgZmfLydY/edit#gid=1696255979;https://docs.google.com/spreadsheets/d/1uo7-E_E2jbehB2hbBurpPayP_0fKY5sPZcFgZmfLydY/edit#gid=1992807502;https://docs.google.com/spreadsheets/d/1uo7-E_E2jbehB2hbBurpPayP_0fKY5sPZcFgZmfLydY/edit#gid=520178140;https://docs.google.com/spreadsheets/d/1uo7-E_E2jbehB2hbBurpPayP_0fKY5sPZcFgZmfLydY/edit#gid=754790791;https://docs.google.com/spreadsheets/d/1vJ-pioe3RZKSZ3LIGEA3FVTv_KEE_XKIQAXSIUNNd-Q/edit#gid=0;https://raw.githubusercontent.com/PokeAPI/pokeapi/master/data/v2/csv/languages.csv;https://raw.githubusercontent.com/PokeAPI/pokeapi/master/data/v2/csv/pokemon.csv;https://raw.githubusercontent.com/PokeAPI/pokeapi/master/data/v2/csv/pokemon_form_names.csv;https://raw.githubusercontent.com/PokeAPI/pokeapi/master/data/v2/csv/pokemon_forms.csv;https://raw.githubusercontent.com/PokeAPI/pokeapi/master/data/v2/csv/pokemon_species_names.csv;output/team-graphics/s3/GPL Teams Spieltag 14 (1).jpg;output/team-graphics/s3/GPL Teams Spieltag 14 (2).jpg;output/team-graphics/s4/Enteikutierung - Lauris Enteitainment.png;output/team-graphics/s4/Flexing Masskito - RegiBang.png;output/team-graphics/s4/Slicing Knights - Cabgolord.png;output/team-graphics/s4/Surstars - SurskitTV.png;output/team-graphics/s5/Prekani.png;output/team-graphics/s5/Triyolotree.png
season_009,Singles,hinrunde,BlackLink,Royal Bluff,11,88.1,85.1,85.1,100,"Latias, Fuegro, Fruyal, Keifel, Durengard, Kicklee",data/manual/pokemon_killlists.csv;data/manual/team_pokemon_usage.csv;https://docs.google.com/spreadsheets/d/11wxsKyCydVmDjp4kGLJAOLPM_LgwCLN2GYpbDQkNtkk/edit#gid=1588964432;https://docs.google.com/spreadsheets/d/11wxsKyCydVmDjp4kGLJAOLPM_LgwCLN2GYpbDQkNtkk/edit#gid=1843013406;https://docs.google.com/spreadsheets/d/13smsrG2BGYxr_omJWcgr-sUDr39bvOJPNL5RPt4DSow/edit#gid=1934543062;https://docs.google.com/spreadsheets/d/1B2uTMvWlAHb7WlpupJV1A2Hbi3K3U1vCyoFV0wCapcw/edit#gid=1271313224;https://docs.google.com/spreadsheets/d/1B2uTMvWlAHb7WlpupJV1A2Hbi3K3U1vCyoFV0wCapcw/edit#gid=1521895812;https://docs.google.com/spreadsheets/d/1B2uTMvWlAHb7WlpupJV1A2Hbi3K3U1vCyoFV0wCapcw/edit#gid=1846395979;https://docs.google.com/spreadsheets/d/1B2uTMvWlAHb7WlpupJV1A2Hbi3K3U1vCyoFV0wCapcw/edit#gid=26363830;https://docs.google.com/spreadsheets/d/1JZpA-5XDldN2bjfvhvBPHYK-1AENETLnF1UxNEpWlNA/edit#gid=352888197;https://docs.google.com/spreadsheets/d/1kXhNwKGrqQTwSal0NxpZ9h0yo6u_mQwhwg4vGVwxMX4/edit#gid=0;https://docs.google.com/spreadsheets/d/1kiwDk4NgYoKb0Oo9yqzwl9HXHxuQ_0I5gkb1JtE57PI/edit#gid=0;https://docs.google.com/spreadsheets/d/1n9SmK-ccTCn8Jjhs4U2LKnibXY8PvuBtV3V9MCOURRA/edit#gid=0;https://docs.google.com/spreadsheets/d/1nwiq_ggEj7QePeZGMR2xoi0bEHJr_ZGO24YCRdt93No/edit#gid=857670931;https://docs.google.com/spreadsheets/d/1odsNRAZStW1GzmpXwmg27dqjOlch7w8syZOZ5Z2OQRg/edit#gid=0;https://docs.google.com/spreadsheets/d/1rZd3D0JRNj3lK0ZKdMXPLvCNBofRhFsvW0AlPuBk3VE/edit#gid=0;https://docs.google.com/spreadsheets/d/1uo7-E_E2jbehB2hbBurpPayP_0fKY5sPZcFgZmfLydY/edit#gid=1526488506;https://docs.google.com/spreadsheets/d/1uo7-E_E2jbehB2hbBurpPayP_0fKY5sPZcFgZmfLydY/edit#gid=1696255979;https://docs.google.com/spreadsheets/d/1uo7-E_E2jbehB2hbBurpPayP_0fKY5sPZcFgZmfLydY/edit#gid=1992807502;https://docs.google.com/spreadsheets/d/1uo7-E_E2jbehB2hbBurpPayP_0fKY5sPZcFgZmfLydY/edit#gid=520178140;https://docs.google.com/spreadsheets/d/1vJ-pioe3RZKSZ3LIGEA3FVTv_KEE_XKIQAXSIUNNd-Q/edit#gid=0;https://raw.githubusercontent.com/PokeAPI/pokeapi/master/data/v2/csv/languages.csv;https://raw.githubusercontent.com/PokeAPI/pokeapi/master/data/v2/csv/pokemon.csv;https://raw.githubusercontent.com/PokeAPI/pokeapi/master/data/v2/csv/pokemon_form_names.csv;https://raw.githubusercontent.com/PokeAPI/pokeapi/master/data/v2/csv/pokemon_forms.csv;https://raw.githubusercontent.com/PokeAPI/pokeapi/master/data/v2/csv/pokemon_species_names.csv;output/team-graphics/s3/GPL Teams Spieltag 14 (1).jpg;output/team-graphics/s3/GPL Teams Spieltag 14 (2).jpg;output/team-graphics/s4/Enteikutierung - Lauris Enteitainment.png;output/team-graphics/s4/Slicing Knights - Cabgolord.png;output/team-graphics/s4/Surstars - SurskitTV.png;output/team-graphics/s5/Aggron Berlin.png;output/team-graphics/s5/Prekani.png;output/team-graphics/s5/Triyolotree.png
season_009,Doubles,hinrunde,ElektechN9ne,Royal Bluff,11,88.1,85.1,85.1,100,"Latias, Fuegro, Fruyal, Keifel, Durengard, Kicklee",data/manual/pokemon_killlists.csv;data/manual/team_pokemon_usage.csv;https://docs.google.com/spreadsheets/d/11wxsKyCydVmDjp4kGLJAOLPM_LgwCLN2GYpbDQkNtkk/edit#gid=1588964432;https://docs.google.com/spreadsheets/d/11wxsKyCydVmDjp4kGLJAOLPM_LgwCLN2GYpbDQkNtkk/edit#gid=1843013406;https://docs.google.com/spreadsheets/d/13smsrG2BGYxr_omJWcgr-sUDr39bvOJPNL5RPt4DSow/edit#gid=1934543062;https://docs.google.com/spreadsheets/d/1B2uTMvWlAHb7WlpupJV1A2Hbi3K3U1vCyoFV0wCapcw/edit#gid=1271313224;https://docs.google.com/spreadsheets/d/1B2uTMvWlAHb7WlpupJV1A2Hbi3K3U1vCyoFV0wCapcw/edit#gid=1521895812;https://docs.google.com/spreadsheets/d/1B2uTMvWlAHb7WlpupJV1A2Hbi3K3U1vCyoFV0wCapcw/edit#gid=1846395979;https://docs.google.com/spreadsheets/d/1B2uTMvWlAHb7WlpupJV1A2Hbi3K3U1vCyoFV0wCapcw/edit#gid=26363830;https://docs.google.com/spreadsheets/d/1JZpA-5XDldN2bjfvhvBPHYK-1AENETLnF1UxNEpWlNA/edit#gid=352888197;https://docs.google.com/spreadsheets/d/1kXhNwKGrqQTwSal0NxpZ9h0yo6u_mQwhwg4vGVwxMX4/edit#gid=0;https://docs.google.com/spreadsheets/d/1kiwDk4NgYoKb0Oo9yqzwl9HXHxuQ_0I5gkb1JtE57PI/edit#gid=0;https://docs.google.com/spreadsheets/d/1n9SmK-ccTCn8Jjhs4U2LKnibXY8PvuBtV3V9MCOURRA/edit#gid=0;https://docs.google.com/spreadsheets/d/1nwiq_ggEj7QePeZGMR2xoi0bEHJr_ZGO24YCRdt93No/edit#gid=857670931;https://docs.google.com/spreadsheets/d/1odsNRAZStW1GzmpXwmg27dqjOlch7w8syZOZ5Z2OQRg/edit#gid=0;https://docs.google.com/spreadsheets/d/1rZd3D0JRNj3lK0ZKdMXPLvCNBofRhFsvW0AlPuBk3VE/edit#gid=0;https://docs.google.com/spreadsheets/d/1uo7-E_E2jbehB2hbBurpPayP_0fKY5sPZcFgZmfLydY/edit#gid=1526488506;https://docs.google.com/spreadsheets/d/1uo7-E_E2jbehB2hbBurpPayP_0fKY5sPZcFgZmfLydY/edit#gid=1696255979;https://docs.google.com/spreadsheets/d/1uo7-E_E2jbehB2hbBurpPayP_0fKY5sPZcFgZmfLydY/edit#gid=1992807502;https://docs.google.com/spreadsheets/d/1uo7-E_E2jbehB2hbBurpPayP_0fKY5sPZcFgZmfLydY/edit#gid=520178140;https://docs.google.com/spreadsheets/d/1vJ-pioe3RZKSZ3LIGEA3FVTv_KEE_XKIQAXSIUNNd-Q/edit#gid=0;https://raw.githubusercontent.com/PokeAPI/pokeapi/master/data/v2/csv/languages.csv;https://raw.githubusercontent.com/PokeAPI/pokeapi/master/data/v2/csv/pokemon.csv;https://raw.githubusercontent.com/PokeAPI/pokeapi/master/data/v2/csv/pokemon_form_names.csv;https://raw.githubusercontent.com/PokeAPI/pokeapi/master/data/v2/csv/pokemon_forms.csv;https://raw.githubusercontent.com/PokeAPI/pokeapi/master/data/v2/csv/pokemon_species_names.csv;output/team-graphics/s3/GPL Teams Spieltag 14 (1).jpg;output/team-graphics/s3/GPL Teams Spieltag 14 (2).jpg;output/team-graphics/s4/Enteikutierung - Lauris Enteitainment.png;output/team-graphics/s4/Slicing Knights - Cabgolord.png;output/team-graphics/s4/Surstars - SurskitTV.png;output/team-graphics/s5/Aggron Berlin.png;output/team-graphics/s5/Prekani.png;output/team-graphics/s5/Triyolotree.png
season_006,Playoffs,playoffs,Tabasco TV,Aggron Berlin,11,87.7,84.6,84.6,100,"Quajutsu, Jirachi, Lanturn, Entei, Cresselia, Pampross",data/manual/pokemon_killlists.csv;data/manual/team_pokemon_usage.csv;https://docs.google.com/spreadsheets/d/11wxsKyCydVmDjp4kGLJAOLPM_LgwCLN2GYpbDQkNtkk/edit#gid=1588964432;https://docs.google.com/spreadsheets/d/11wxsKyCydVmDjp4kGLJAOLPM_LgwCLN2GYpbDQkNtkk/edit#gid=1843013406;https://docs.google.com/spreadsheets/d/11wxsKyCydVmDjp4kGLJAOLPM_LgwCLN2GYpbDQkNtkk/edit#gid=654435343;https://docs.google.com/spreadsheets/d/13smsrG2BGYxr_omJWcgr-sUDr39bvOJPNL5RPt4DSow/edit#gid=1934543062;https://docs.google.com/spreadsheets/d/13smsrG2BGYxr_omJWcgr-sUDr39bvOJPNL5RPt4DSow/edit#gid=71150222;https://docs.google.com/spreadsheets/d/1B2uTMvWlAHb7WlpupJV1A2Hbi3K3U1vCyoFV0wCapcw/edit#gid=1271313224;https://docs.google.com/spreadsheets/d/1B2uTMvWlAHb7WlpupJV1A2Hbi3K3U1vCyoFV0wCapcw/edit#gid=1521895812;https://docs.google.com/spreadsheets/d/1B2uTMvWlAHb7WlpupJV1A2Hbi3K3U1vCyoFV0wCapcw/edit#gid=1846395979;https://docs.google.com/spreadsheets/d/1B2uTMvWlAHb7WlpupJV1A2Hbi3K3U1vCyoFV0wCapcw/edit#gid=26363830;https://docs.google.com/spreadsheets/d/1FUsClf5qEny-BHY5Djp8rIwRJKBSJDvygJ8LBa62FEo/edit#gid=0;https://docs.google.com/spreadsheets/d/1JZpA-5XDldN2bjfvhvBPHYK-1AENETLnF1UxNEpWlNA/edit#gid=352888197;https://docs.google.com/spreadsheets/d/1kXhNwKGrqQTwSal0NxpZ9h0yo6u_mQwhwg4vGVwxMX4/edit#gid=0;https://docs.google.com/spreadsheets/d/1kiwDk4NgYoKb0Oo9yqzwl9HXHxuQ_0I5gkb1JtE57PI/edit#gid=0;https://docs.google.com/spreadsheets/d/1n9SmK-ccTCn8Jjhs4U2LKnibXY8PvuBtV3V9MCOURRA/edit#gid=0;https://docs.google.com/spreadsheets/d/1nwiq_ggEj7QePeZGMR2xoi0bEHJr_ZGO24YCRdt93No/edit#gid=857670931;https://docs.google.com/spreadsheets/d/1odsNRAZStW1GzmpXwmg27dqjOlch7w8syZOZ5Z2OQRg/edit#gid=0;https://docs.google.com/spreadsheets/d/1uo7-E_E2jbehB2hbBurpPayP_0fKY5sPZcFgZmfLydY/edit#gid=1526488506;https://docs.google.com/spreadsheets/d/1uo7-E_E2jbehB2hbBurpPayP_0fKY5sPZcFgZmfLydY/edit#gid=1696255979;https://docs.google.com/spreadsheets/d/1uo7-E_E2jbehB2hbBurpPayP_0fKY5sPZcFgZmfLydY/edit#gid=520178140;https://docs.google.com/spreadsheets/d/1vJ-pioe3RZKSZ3LIGEA3FVTv_KEE_XKIQAXSIUNNd-Q/edit#gid=0;https://raw.githubusercontent.com/PokeAPI/pokeapi/master/data/v2/csv/languages.csv;https://raw.githubusercontent.com/PokeAPI/pokeapi/master/data/v2/csv/pokemon.csv;https://raw.githubusercontent.com/PokeAPI/pokeapi/master/data/v2/csv/pokemon_form_names.csv;https://raw.githubusercontent.com/PokeAPI/pokeapi/master/data/v2/csv/pokemon_forms.csv;https://raw.githubusercontent.com/PokeAPI/pokeapi/master/data/v2/csv/pokemon_species_names.csv;output/team-graphics/s3/GPL Teams Spieltag 14 (1).jpg;output/team-graphics/s3/GPL Teams Spieltag 14 (2).jpg;output/team-graphics/s4/Ritter der Tapukokosnuss - FullLifeGames.png;output/team-graphics/s4/Suicide Squad - CaptainCrinch.png;output/team-graphics/s5/Marvelous Speedsters.png;output/team-graphics/s5/Prekani.png
season_003,Regular Season,rueckrunde,SurskitTV,Surstars,14,87.5,84.4,84.4,100,"Lahmus, Snibunna, Metagross, Iksbat, Guardevoir, Zapplarang",data/manual/pokemon_killlists.csv;data/manual/team_pokemon_usage.csv;https://docs.google.com/spreadsheets/d/11wxsKyCydVmDjp4kGLJAOLPM_LgwCLN2GYpbDQkNtkk/edit#gid=1588964432;https://docs.google.com/spreadsheets/d/11wxsKyCydVmDjp4kGLJAOLPM_LgwCLN2GYpbDQkNtkk/edit#gid=1843013406;https://docs.google.com/spreadsheets/d/13smsrG2BGYxr_omJWcgr-sUDr39bvOJPNL5RPt4DSow/edit#gid=1934543062;https://docs.google.com/spreadsheets/d/13smsrG2BGYxr_omJWcgr-sUDr39bvOJPNL5RPt4DSow/edit#gid=71150222;https://docs.google.com/spreadsheets/d/14N_40jsahiN9DChpnNaPTnFy26If6imVHtqBGDWk6pg/edit#gid=0;https://docs.google.com/spreadsheets/d/1B2uTMvWlAHb7WlpupJV1A2Hbi3K3U1vCyoFV0wCapcw/edit#gid=1271313224;https://docs.google.com/spreadsheets/d/1B2uTMvWlAHb7WlpupJV1A2Hbi3K3U1vCyoFV0wCapcw/edit#gid=1521895812;https://docs.google.com/spreadsheets/d/1B2uTMvWlAHb7WlpupJV1A2Hbi3K3U1vCyoFV0wCapcw/edit#gid=1846395979;https://docs.google.com/spreadsheets/d/1B2uTMvWlAHb7WlpupJV1A2Hbi3K3U1vCyoFV0wCapcw/edit#gid=26363830;https://docs.google.com/spreadsheets/d/1FUsClf5qEny-BHY5Djp8rIwRJKBSJDvygJ8LBa62FEo/edit#gid=0;https://docs.google.com/spreadsheets/d/1JZpA-5XDldN2bjfvhvBPHYK-1AENETLnF1UxNEpWlNA/edit#gid=352888197;https://docs.google.com/spreadsheets/d/1kiwDk4NgYoKb0Oo9yqzwl9HXHxuQ_0I5gkb1JtE57PI/edit#gid=0;https://docs.google.com/spreadsheets/d/1n9SmK-ccTCn8Jjhs4U2LKnibXY8PvuBtV3V9MCOURRA/edit#gid=0;https://docs.google.com/spreadsheets/d/1nwiq_ggEj7QePeZGMR2xoi0bEHJr_ZGO24YCRdt93No/edit#gid=857670931;https://docs.google.com/spreadsheets/d/1odsNRAZStW1GzmpXwmg27dqjOlch7w8syZOZ5Z2OQRg/edit#gid=0;https://docs.google.com/spreadsheets/d/1uo7-E_E2jbehB2hbBurpPayP_0fKY5sPZcFgZmfLydY/edit#gid=1526488506;https://docs.google.com/spreadsheets/d/1uo7-E_E2jbehB2hbBurpPayP_0fKY5sPZcFgZmfLydY/edit#gid=1696255979;https://docs.google.com/spreadsheets/d/1uo7-E_E2jbehB2hbBurpPayP_0fKY5sPZcFgZmfLydY/edit#gid=520178140;https://docs.google.com/spreadsheets/d/1vJ-pioe3RZKSZ3LIGEA3FVTv_KEE_XKIQAXSIUNNd-Q/edit#gid=0;https://raw.githubusercontent.com/PokeAPI/pokeapi/master/data/v2/csv/languages.csv;https://raw.githubusercontent.com/PokeAPI/pokeapi/master/data/v2/csv/pokemon.csv;https://raw.githubusercontent.com/PokeAPI/pokeapi/master/data/v2/csv/pokemon_form_names.csv;https://raw.githubusercontent.com/PokeAPI/pokeapi/master/data/v2/csv/pokemon_forms.csv;https://raw.githubusercontent.com/PokeAPI/pokeapi/master/data/v2/csv/pokemon_species_names.csv;output/team-graphics/s3/GPL Teams Spieltag 14 (2).jpg;output/team-graphics/s4/Enteikutierung - Lauris Enteitainment.png;output/team-graphics/s4/Flexing Masskito - RegiBang.png;output/team-graphics/s4/Prekani - PresentLP.png;output/team-graphics/s5/Shockwaving Magearnas.png;output/team-graphics/s5/Victini Bottom.png
season_006,Sun Conference,regular,Minetube,Triyolotree,11,87.4,84.3,84.3,100,"Lahmus, Knakrack, Togekiss, Fuegro, Elfun, Toxiquak",data/manual/pokemon_killlists.csv;data/manual/team_pokemon_usage.csv;https://docs.google.com/spreadsheets/d/11wxsKyCydVmDjp4kGLJAOLPM_LgwCLN2GYpbDQkNtkk/edit#gid=1588964432;https://docs.google.com/spreadsheets/d/11wxsKyCydVmDjp4kGLJAOLPM_LgwCLN2GYpbDQkNtkk/edit#gid=1843013406;https://docs.google.com/spreadsheets/d/11wxsKyCydVmDjp4kGLJAOLPM_LgwCLN2GYpbDQkNtkk/edit#gid=654435343;https://docs.google.com/spreadsheets/d/13smsrG2BGYxr_omJWcgr-sUDr39bvOJPNL5RPt4DSow/edit#gid=1934543062;https://docs.google.com/spreadsheets/d/13smsrG2BGYxr_omJWcgr-sUDr39bvOJPNL5RPt4DSow/edit#gid=1953790464;https://docs.google.com/spreadsheets/d/13smsrG2BGYxr_omJWcgr-sUDr39bvOJPNL5RPt4DSow/edit#gid=71150222;https://docs.google.com/spreadsheets/d/1B2uTMvWlAHb7WlpupJV1A2Hbi3K3U1vCyoFV0wCapcw/edit#gid=1271313224;https://docs.google.com/spreadsheets/d/1B2uTMvWlAHb7WlpupJV1A2Hbi3K3U1vCyoFV0wCapcw/edit#gid=1521895812;https://docs.google.com/spreadsheets/d/1B2uTMvWlAHb7WlpupJV1A2Hbi3K3U1vCyoFV0wCapcw/edit#gid=1846395979;https://docs.google.com/spreadsheets/d/1B2uTMvWlAHb7WlpupJV1A2Hbi3K3U1vCyoFV0wCapcw/edit#gid=26363830;https://docs.google.com/spreadsheets/d/1FUsClf5qEny-BHY5Djp8rIwRJKBSJDvygJ8LBa62FEo/edit#gid=0;https://docs.google.com/spreadsheets/d/1JZpA-5XDldN2bjfvhvBPHYK-1AENETLnF1UxNEpWlNA/edit#gid=352888197;https://docs.google.com/spreadsheets/d/1kXhNwKGrqQTwSal0NxpZ9h0yo6u_mQwhwg4vGVwxMX4/edit#gid=0;https://docs.google.com/spreadsheets/d/1kiwDk4NgYoKb0Oo9yqzwl9HXHxuQ_0I5gkb1JtE57PI/edit#gid=0;https://docs.google.com/spreadsheets/d/1n9SmK-ccTCn8Jjhs4U2LKnibXY8PvuBtV3V9MCOURRA/edit#gid=0;https://docs.google.com/spreadsheets/d/1nwiq_ggEj7QePeZGMR2xoi0bEHJr_ZGO24YCRdt93No/edit#gid=857670931;https://docs.google.com/spreadsheets/d/1odsNRAZStW1GzmpXwmg27dqjOlch7w8syZOZ5Z2OQRg/edit#gid=0;https://docs.google.com/spreadsheets/d/1uo7-E_E2jbehB2hbBurpPayP_0fKY5sPZcFgZmfLydY/edit#gid=1526488506;https://docs.google.com/spreadsheets/d/1uo7-E_E2jbehB2hbBurpPayP_0fKY5sPZcFgZmfLydY/edit#gid=1696255979;https://docs.google.com/spreadsheets/d/1uo7-E_E2jbehB2hbBurpPayP_0fKY5sPZcFgZmfLydY/edit#gid=520178140;https://docs.google.com/spreadsheets/d/1vJ-pioe3RZKSZ3LIGEA3FVTv_KEE_XKIQAXSIUNNd-Q/edit#gid=0;https://raw.githubusercontent.com/PokeAPI/pokeapi/master/data/v2/csv/languages.csv;https://raw.githubusercontent.com/PokeAPI/pokeapi/master/data/v2/csv/pokemon.csv;https://raw.githubusercontent.com/PokeAPI/pokeapi/master/data/v2/csv/pokemon_form_names.csv;https://raw.githubusercontent.com/PokeAPI/pokeapi/master/data/v2/csv/pokemon_forms.csv;https://raw.githubusercontent.com/PokeAPI/pokeapi/master/data/v2/csv/pokemon_species_names.csv;output/team-graphics/s3/GPL Teams Spieltag 14 (1).jpg;output/team-graphics/s3/GPL Teams Spieltag 14 (2).jpg;output/team-graphics/s4/Minetube - Triyolotree.png;output/team-graphics/s4/Shocking Shaymins - MeLevies.png;output/team-graphics/s4/Slicing Knights - Cabgolord.png;output/team-graphics/s5/Crinchilla.png;output/team-graphics/s5/Prekani.png;output/team-graphics/s5/Shockwaving Magearnas.png;output/team-graphics/s5/Triyolotree.png
season_008,Liga 2,hinrunde,KingBlex,End Level Hydreigon,11,87.4,84.3,84.3,100,"Snibunna, Laschoking, Hutsassa, Piepi, Durengard, Donarion",data/manual/pokemon_killlists.csv;data/manual/team_pokemon_usage.csv;https://docs.google.com/spreadsheets/d/11wxsKyCydVmDjp4kGLJAOLPM_LgwCLN2GYpbDQkNtkk/edit#gid=1588964432;https://docs.google.com/spreadsheets/d/11wxsKyCydVmDjp4kGLJAOLPM_LgwCLN2GYpbDQkNtkk/edit#gid=1843013406;https://docs.google.com/spreadsheets/d/11wxsKyCydVmDjp4kGLJAOLPM_LgwCLN2GYpbDQkNtkk/edit#gid=654435343;https://docs.google.com/spreadsheets/d/13smsrG2BGYxr_omJWcgr-sUDr39bvOJPNL5RPt4DSow/edit#gid=1934543062;https://docs.google.com/spreadsheets/d/1B2uTMvWlAHb7WlpupJV1A2Hbi3K3U1vCyoFV0wCapcw/edit#gid=1271313224;https://docs.google.com/spreadsheets/d/1B2uTMvWlAHb7WlpupJV1A2Hbi3K3U1vCyoFV0wCapcw/edit#gid=1521895812;https://docs.google.com/spreadsheets/d/1B2uTMvWlAHb7WlpupJV1A2Hbi3K3U1vCyoFV0wCapcw/edit#gid=1846395979;https://docs.google.com/spreadsheets/d/1B2uTMvWlAHb7WlpupJV1A2Hbi3K3U1vCyoFV0wCapcw/edit#gid=26363830;https://docs.google.com/spreadsheets/d/1FUsClf5qEny-BHY5Djp8rIwRJKBSJDvygJ8LBa62FEo/edit#gid=0;https://docs.google.com/spreadsheets/d/1JZpA-5XDldN2bjfvhvBPHYK-1AENETLnF1UxNEpWlNA/edit#gid=352888197;https://docs.google.com/spreadsheets/d/1kXhNwKGrqQTwSal0NxpZ9h0yo6u_mQwhwg4vGVwxMX4/edit#gid=0;https://docs.google.com/spreadsheets/d/1kiwDk4NgYoKb0Oo9yqzwl9HXHxuQ_0I5gkb1JtE57PI/edit#gid=0;https://docs.google.com/spreadsheets/d/1n9SmK-ccTCn8Jjhs4U2LKnibXY8PvuBtV3V9MCOURRA/edit#gid=0;https://docs.google.com/spreadsheets/d/1nwiq_ggEj7QePeZGMR2xoi0bEHJr_ZGO24YCRdt93No/edit#gid=857670931;https://docs.google.com/spreadsheets/d/1odsNRAZStW1GzmpXwmg27dqjOlch7w8syZOZ5Z2OQRg/edit#gid=0;https://docs.google.com/spreadsheets/d/1rZd3D0JRNj3lK0ZKdMXPLvCNBofRhFsvW0AlPuBk3VE/edit#gid=0;https://docs.google.com/spreadsheets/d/1uo7-E_E2jbehB2hbBurpPayP_0fKY5sPZcFgZmfLydY/edit#gid=1526488506;https://docs.google.com/spreadsheets/d/1uo7-E_E2jbehB2hbBurpPayP_0fKY5sPZcFgZmfLydY/edit#gid=1696255979;https://docs.google.com/spreadsheets/d/1uo7-E_E2jbehB2hbBurpPayP_0fKY5sPZcFgZmfLydY/edit#gid=520178140;https://docs.google.com/spreadsheets/d/1vJ-pioe3RZKSZ3LIGEA3FVTv_KEE_XKIQAXSIUNNd-Q/edit#gid=0;https://raw.githubusercontent.com/PokeAPI/pokeapi/master/data/v2/csv/languages.csv;https://raw.githubusercontent.com/PokeAPI/pokeapi/master/data/v2/csv/pokemon.csv;https://raw.githubusercontent.com/PokeAPI/pokeapi/master/data/v2/csv/pokemon_form_names.csv;https://raw.githubusercontent.com/PokeAPI/pokeapi/master/data/v2/csv/pokemon_forms.csv;https://raw.githubusercontent.com/PokeAPI/pokeapi/master/data/v2/csv/pokemon_species_names.csv;output/team-graphics/s3/GPL Teams Spieltag 14 (1).jpg;output/team-graphics/s3/GPL Teams Spieltag 14 (2).jpg;output/team-graphics/s4/Minetube - Triyolotree.png;output/team-graphics/s4/Prekani - PresentLP.png;output/team-graphics/s5/Energie Tobutz.png;output/team-graphics/s5/Victini Bottom.png
season_006,Playoffs,playoffs,PokeBazi,Pokebassis,11,87.3,84.1,84.1,100,"Quajutsu, Rotom, Miltank, Milotic, Lavados, Grebbit",data/manual/pokemon_killlists.csv;data/manual/team_pokemon_usage.csv;https://docs.google.com/spreadsheets/d/11wxsKyCydVmDjp4kGLJAOLPM_LgwCLN2GYpbDQkNtkk/edit#gid=1588964432;https://docs.google.com/spreadsheets/d/11wxsKyCydVmDjp4kGLJAOLPM_LgwCLN2GYpbDQkNtkk/edit#gid=1843013406;https://docs.google.com/spreadsheets/d/11wxsKyCydVmDjp4kGLJAOLPM_LgwCLN2GYpbDQkNtkk/edit#gid=654435343;https://docs.google.com/spreadsheets/d/13smsrG2BGYxr_omJWcgr-sUDr39bvOJPNL5RPt4DSow/edit#gid=1934543062;https://docs.google.com/spreadsheets/d/13smsrG2BGYxr_omJWcgr-sUDr39bvOJPNL5RPt4DSow/edit#gid=71150222;https://docs.google.com/spreadsheets/d/1B2uTMvWlAHb7WlpupJV1A2Hbi3K3U1vCyoFV0wCapcw/edit#gid=1271313224;https://docs.google.com/spreadsheets/d/1B2uTMvWlAHb7WlpupJV1A2Hbi3K3U1vCyoFV0wCapcw/edit#gid=1521895812;https://docs.google.com/spreadsheets/d/1B2uTMvWlAHb7WlpupJV1A2Hbi3K3U1vCyoFV0wCapcw/edit#gid=1846395979;https://docs.google.com/spreadsheets/d/1B2uTMvWlAHb7WlpupJV1A2Hbi3K3U1vCyoFV0wCapcw/edit#gid=26363830;https://docs.google.com/spreadsheets/d/1FUsClf5qEny-BHY5Djp8rIwRJKBSJDvygJ8LBa62FEo/edit#gid=0;https://docs.google.com/spreadsheets/d/1JZpA-5XDldN2bjfvhvBPHYK-1AENETLnF1UxNEpWlNA/edit#gid=352888197;https://docs.google.com/spreadsheets/d/1kiwDk4NgYoKb0Oo9yqzwl9HXHxuQ_0I5gkb1JtE57PI/edit#gid=0;https://docs.google.com/spreadsheets/d/1n9SmK-ccTCn8Jjhs4U2LKnibXY8PvuBtV3V9MCOURRA/edit#gid=0;https://docs.google.com/spreadsheets/d/1nwiq_ggEj7QePeZGMR2xoi0bEHJr_ZGO24YCRdt93No/edit#gid=857670931;https://docs.google.com/spreadsheets/d/1odsNRAZStW1GzmpXwmg27dqjOlch7w8syZOZ5Z2OQRg/edit#gid=0;https://docs.google.com/spreadsheets/d/1uo7-E_E2jbehB2hbBurpPayP_0fKY5sPZcFgZmfLydY/edit#gid=1526488506;https://docs.google.com/spreadsheets/d/1uo7-E_E2jbehB2hbBurpPayP_0fKY5sPZcFgZmfLydY/edit#gid=1696255979;https://docs.google.com/spreadsheets/d/1uo7-E_E2jbehB2hbBurpPayP_0fKY5sPZcFgZmfLydY/edit#gid=520178140;https://docs.google.com/spreadsheets/d/1vJ-pioe3RZKSZ3LIGEA3FVTv_KEE_XKIQAXSIUNNd-Q/edit#gid=0;https://raw.githubusercontent.com/PokeAPI/pokeapi/master/data/v2/csv/languages.csv;https://raw.githubusercontent.com/PokeAPI/pokeapi/master/data/v2/csv/pokemon.csv;https://raw.githubusercontent.com/PokeAPI/pokeapi/master/data/v2/csv/pokemon_form_names.csv;https://raw.githubusercontent.com/PokeAPI/pokeapi/master/data/v2/csv/pokemon_forms.csv;https://raw.githubusercontent.com/PokeAPI/pokeapi/master/data/v2/csv/pokemon_species_names.csv;output/team-graphics/s3/GPL Teams Spieltag 14 (1).jpg;output/team-graphics/s4/Enteikutierung - Lauris Enteitainment.png;output/team-graphics/s4/Prekani - PresentLP.png;output/team-graphics/s4/Ritter der Tapukokosnuss - FullLifeGames.png;output/team-graphics/s4/Slicing Knights - Cabgolord.png;output/team-graphics/s4/Suicide Squad - CaptainCrinch.png;output/team-graphics/s5/Energie Tobutz.png;output/team-graphics/s5/Marvelous Speedsters.png;output/team-graphics/s5/SoulStealer.png;output/team-graphics/s5/Victini Bottom.png
season_006,Sun Conference,regular,PokeBazi,Pokebassis,11,87.3,84.1,84.1,100,"Quajutsu, Rotom, Miltank, Milotic, Lavados, Grebbit",data/manual/pokemon_killlists.csv;data/manual/team_pokemon_usage.csv;https://docs.google.com/spreadsheets/d/11wxsKyCydVmDjp4kGLJAOLPM_LgwCLN2GYpbDQkNtkk/edit#gid=1588964432;https://docs.google.com/spreadsheets/d/11wxsKyCydVmDjp4kGLJAOLPM_LgwCLN2GYpbDQkNtkk/edit#gid=1843013406;https://docs.google.com/spreadsheets/d/11wxsKyCydVmDjp4kGLJAOLPM_LgwCLN2GYpbDQkNtkk/edit#gid=654435343;https://docs.google.com/spreadsheets/d/13smsrG2BGYxr_omJWcgr-sUDr39bvOJPNL5RPt4DSow/edit#gid=1934543062;https://docs.google.com/spreadsheets/d/13smsrG2BGYxr_omJWcgr-sUDr39bvOJPNL5RPt4DSow/edit#gid=71150222;https://docs.google.com/spreadsheets/d/1B2uTMvWlAHb7WlpupJV1A2Hbi3K3U1vCyoFV0wCapcw/edit#gid=1271313224;https://docs.google.com/spreadsheets/d/1B2uTMvWlAHb7WlpupJV1A2Hbi3K3U1vCyoFV0wCapcw/edit#gid=1521895812;https://docs.google.com/spreadsheets/d/1B2uTMvWlAHb7WlpupJV1A2Hbi3K3U1vCyoFV0wCapcw/edit#gid=1846395979;https://docs.google.com/spreadsheets/d/1B2uTMvWlAHb7WlpupJV1A2Hbi3K3U1vCyoFV0wCapcw/edit#gid=26363830;https://docs.google.com/spreadsheets/d/1FUsClf5qEny-BHY5Djp8rIwRJKBSJDvygJ8LBa62FEo/edit#gid=0;https://docs.google.com/spreadsheets/d/1JZpA-5XDldN2bjfvhvBPHYK-1AENETLnF1UxNEpWlNA/edit#gid=352888197;https://docs.google.com/spreadsheets/d/1kiwDk4NgYoKb0Oo9yqzwl9HXHxuQ_0I5gkb1JtE57PI/edit#gid=0;https://docs.google.com/spreadsheets/d/1n9SmK-ccTCn8Jjhs4U2LKnibXY8PvuBtV3V9MCOURRA/edit#gid=0;https://docs.google.com/spreadsheets/d/1nwiq_ggEj7QePeZGMR2xoi0bEHJr_ZGO24YCRdt93No/edit#gid=857670931;https://docs.google.com/spreadsheets/d/1odsNRAZStW1GzmpXwmg27dqjOlch7w8syZOZ5Z2OQRg/edit#gid=0;https://docs.google.com/spreadsheets/d/1uo7-E_E2jbehB2hbBurpPayP_0fKY5sPZcFgZmfLydY/edit#gid=1526488506;https://docs.google.com/spreadsheets/d/1uo7-E_E2jbehB2hbBurpPayP_0fKY5sPZcFgZmfLydY/edit#gid=1696255979;https://docs.google.com/spreadsheets/d/1uo7-E_E2jbehB2hbBurpPayP_0fKY5sPZcFgZmfLydY/edit#gid=520178140;https://docs.google.com/spreadsheets/d/1vJ-pioe3RZKSZ3LIGEA3FVTv_KEE_XKIQAXSIUNNd-Q/edit#gid=0;https://raw.githubusercontent.com/PokeAPI/pokeapi/master/data/v2/csv/languages.csv;https://raw.githubusercontent.com/PokeAPI/pokeapi/master/data/v2/csv/pokemon.csv;https://raw.githubusercontent.com/PokeAPI/pokeapi/master/data/v2/csv/pokemon_form_names.csv;https://raw.githubusercontent.com/PokeAPI/pokeapi/master/data/v2/csv/pokemon_forms.csv;https://raw.githubusercontent.com/PokeAPI/pokeapi/master/data/v2/csv/pokemon_species_names.csv;output/team-graphics/s3/GPL Teams Spieltag 14 (1).jpg;output/team-graphics/s4/Enteikutierung - Lauris Enteitainment.png;output/team-graphics/s4/Prekani - PresentLP.png;output/team-graphics/s4/Ritter der Tapukokosnuss - FullLifeGames.png;output/team-graphics/s4/Slicing Knights - Cabgolord.png;output/team-graphics/s4/Suicide Squad - CaptainCrinch.png;output/team-graphics/s5/Energie Tobutz.png;output/team-graphics/s5/Marvelous Speedsters.png;output/team-graphics/s5/SoulStealer.png;output/team-graphics/s5/Victini Bottom.png
season_003,Regular Season,rueckrunde,FanmadeLetsPlay,Coldlauncher,11,87.0,83.7,83.7,100,"Rabigator, Miltank, Latias, Hariyama, Fiaro, Clavion",data/manual/pokemon_killlists.csv;data/manual/team_pokemon_usage.csv;https://docs.google.com/spreadsheets/d/11wxsKyCydVmDjp4kGLJAOLPM_LgwCLN2GYpbDQkNtkk/edit#gid=1588964432;https://docs.google.com/spreadsheets/d/11wxsKyCydVmDjp4kGLJAOLPM_LgwCLN2GYpbDQkNtkk/edit#gid=1843013406;https://docs.google.com/spreadsheets/d/13smsrG2BGYxr_omJWcgr-sUDr39bvOJPNL5RPt4DSow/edit#gid=1934543062;https://docs.google.com/spreadsheets/d/13smsrG2BGYxr_omJWcgr-sUDr39bvOJPNL5RPt4DSow/edit#gid=1953790464;https://docs.google.com/spreadsheets/d/13smsrG2BGYxr_omJWcgr-sUDr39bvOJPNL5RPt4DSow/edit#gid=71150222;https://docs.google.com/spreadsheets/d/1B2uTMvWlAHb7WlpupJV1A2Hbi3K3U1vCyoFV0wCapcw/edit#gid=1271313224;https://docs.google.com/spreadsheets/d/1B2uTMvWlAHb7WlpupJV1A2Hbi3K3U1vCyoFV0wCapcw/edit#gid=1521895812;https://docs.google.com/spreadsheets/d/1B2uTMvWlAHb7WlpupJV1A2Hbi3K3U1vCyoFV0wCapcw/edit#gid=1846395979;https://docs.google.com/spreadsheets/d/1B2uTMvWlAHb7WlpupJV1A2Hbi3K3U1vCyoFV0wCapcw/edit#gid=26363830;https://docs.google.com/spreadsheets/d/1FUsClf5qEny-BHY5Djp8rIwRJKBSJDvygJ8LBa62FEo/edit#gid=0;https://docs.google.com/spreadsheets/d/1JZpA-5XDldN2bjfvhvBPHYK-1AENETLnF1UxNEpWlNA/edit#gid=352888197;https://docs.google.com/spreadsheets/d/1kiwDk4NgYoKb0Oo9yqzwl9HXHxuQ_0I5gkb1JtE57PI/edit#gid=0;https://docs.google.com/spreadsheets/d/1n9SmK-ccTCn8Jjhs4U2LKnibXY8PvuBtV3V9MCOURRA/edit#gid=0;https://docs.google.com/spreadsheets/d/1odsNRAZStW1GzmpXwmg27dqjOlch7w8syZOZ5Z2OQRg/edit#gid=0;https://docs.google.com/spreadsheets/d/1uo7-E_E2jbehB2hbBurpPayP_0fKY5sPZcFgZmfLydY/edit#gid=1526488506;https://docs.google.com/spreadsheets/d/1uo7-E_E2jbehB2hbBurpPayP_0fKY5sPZcFgZmfLydY/edit#gid=1696255979;https://docs.google.com/spreadsheets/d/1uo7-E_E2jbehB2hbBurpPayP_0fKY5sPZcFgZmfLydY/edit#gid=520178140;https://docs.google.com/spreadsheets/d/1vJ-pioe3RZKSZ3LIGEA3FVTv_KEE_XKIQAXSIUNNd-Q/edit#gid=0;https://raw.githubusercontent.com/PokeAPI/pokeapi/master/data/v2/csv/languages.csv;https://raw.githubusercontent.com/PokeAPI/pokeapi/master/data/v2/csv/pokemon.csv;https://raw.githubusercontent.com/PokeAPI/pokeapi/master/data/v2/csv/pokemon_form_names.csv;https://raw.githubusercontent.com/PokeAPI/pokeapi/master/data/v2/csv/pokemon_forms.csv;https://raw.githubusercontent.com/PokeAPI/pokeapi/master/data/v2/csv/pokemon_species_names.csv;output/team-graphics/s3/GPL Teams Spieltag 14 (1).jpg;output/team-graphics/s4/Prekani - PresentLP.png;output/team-graphics/s4/Slicing Knights - Cabgolord.png;output/team-graphics/s4/Suicide Squad - CaptainCrinch.png;output/team-graphics/s4/Surstars - SurskitTV.png;output/team-graphics/s5/Crinchilla.png;output/team-graphics/s5/Energie Tobutz.png;output/team-graphics/s5/Prekani.png
season_006,Playoffs,playoffs,Minetube,Triyolotree,11,87.0,83.8,83.8,100,"Lahmus, Knakrack, UHaFnir, Togekiss, Fuegro, Toxiquak",data/manual/pokemon_killlists.csv;data/manual/team_pokemon_usage.csv;https://docs.google.com/spreadsheets/d/11wxsKyCydVmDjp4kGLJAOLPM_LgwCLN2GYpbDQkNtkk/edit#gid=1588964432;https://docs.google.com/spreadsheets/d/11wxsKyCydVmDjp4kGLJAOLPM_LgwCLN2GYpbDQkNtkk/edit#gid=1843013406;https://docs.google.com/spreadsheets/d/11wxsKyCydVmDjp4kGLJAOLPM_LgwCLN2GYpbDQkNtkk/edit#gid=654435343;https://docs.google.com/spreadsheets/d/13smsrG2BGYxr_omJWcgr-sUDr39bvOJPNL5RPt4DSow/edit#gid=1934543062;https://docs.google.com/spreadsheets/d/13smsrG2BGYxr_omJWcgr-sUDr39bvOJPNL5RPt4DSow/edit#gid=1953790464;https://docs.google.com/spreadsheets/d/13smsrG2BGYxr_omJWcgr-sUDr39bvOJPNL5RPt4DSow/edit#gid=71150222;https://docs.google.com/spreadsheets/d/1B2uTMvWlAHb7WlpupJV1A2Hbi3K3U1vCyoFV0wCapcw/edit#gid=1271313224;https://docs.google.com/spreadsheets/d/1B2uTMvWlAHb7WlpupJV1A2Hbi3K3U1vCyoFV0wCapcw/edit#gid=1521895812;https://docs.google.com/spreadsheets/d/1B2uTMvWlAHb7WlpupJV1A2Hbi3K3U1vCyoFV0wCapcw/edit#gid=1846395979;https://docs.google.com/spreadsheets/d/1B2uTMvWlAHb7WlpupJV1A2Hbi3K3U1vCyoFV0wCapcw/edit#gid=26363830;https://docs.google.com/spreadsheets/d/1FUsClf5qEny-BHY5Djp8rIwRJKBSJDvygJ8LBa62FEo/edit#gid=0;https://docs.google.com/spreadsheets/d/1JZpA-5XDldN2bjfvhvBPHYK-1AENETLnF1UxNEpWlNA/edit#gid=352888197;https://docs.google.com/spreadsheets/d/1kXhNwKGrqQTwSal0NxpZ9h0yo6u_mQwhwg4vGVwxMX4/edit#gid=0;https://docs.google.com/spreadsheets/d/1kiwDk4NgYoKb0Oo9yqzwl9HXHxuQ_0I5gkb1JtE57PI/edit#gid=0;https://docs.google.com/spreadsheets/d/1n9SmK-ccTCn8Jjhs4U2LKnibXY8PvuBtV3V9MCOURRA/edit#gid=0;https://docs.google.com/spreadsheets/d/1nwiq_ggEj7QePeZGMR2xoi0bEHJr_ZGO24YCRdt93No/edit#gid=857670931;https://docs.google.com/spreadsheets/d/1odsNRAZStW1GzmpXwmg27dqjOlch7w8syZOZ5Z2OQRg/edit#gid=0;https://docs.google.com/spreadsheets/d/1uo7-E_E2jbehB2hbBurpPayP_0fKY5sPZcFgZmfLydY/edit#gid=1526488506;https://docs.google.com/spreadsheets/d/1uo7-E_E2jbehB2hbBurpPayP_0fKY5sPZcFgZmfLydY/edit#gid=1696255979;https://docs.google.com/spreadsheets/d/1uo7-E_E2jbehB2hbBurpPayP_0fKY5sPZcFgZmfLydY/edit#gid=520178140;https://docs.google.com/spreadsheets/d/1vJ-pioe3RZKSZ3LIGEA3FVTv_KEE_XKIQAXSIUNNd-Q/edit#gid=0;https://raw.githubusercontent.com/PokeAPI/pokeapi/master/data/v2/csv/languages.csv;https://raw.githubusercontent.com/PokeAPI/pokeapi/master/data/v2/csv/pokemon.csv;https://raw.githubusercontent.com/PokeAPI/pokeapi/master/data/v2/csv/pokemon_form_names.csv;https://raw.githubusercontent.com/PokeAPI/pokeapi/master/data/v2/csv/pokemon_forms.csv;https://raw.githubusercontent.com/PokeAPI/pokeapi/master/data/v2/csv/pokemon_species_names.csv;output/team-graphics/s3/GPL Teams Spieltag 14 (1).jpg;output/team-graphics/s3/GPL Teams Spieltag 14 (2).jpg;output/team-graphics/s4/Minetube - Triyolotree.png;output/team-graphics/s4/Shocking Shaymins - MeLevies.png;output/team-graphics/s4/Slicing Knights - Cabgolord.png;output/team-graphics/s5/Crinchilla.png;output/team-graphics/s5/Energie Tobutz.png;output/team-graphics/s5/Prekani.png;output/team-graphics/s5/Triyolotree.png
season_006,Moon Conference,regular,Tabasco TV,Aggron Berlin,11,86.8,83.5,83.5,100,"Quajutsu, Jirachi, Nachtara, Lanturn, Entei, Pampross",data/manual/pokemon_killlists.csv;data/manual/team_pokemon_usage.csv;https://docs.google.com/spreadsheets/d/11wxsKyCydVmDjp4kGLJAOLPM_LgwCLN2GYpbDQkNtkk/edit#gid=1588964432;https://docs.google.com/spreadsheets/d/11wxsKyCydVmDjp4kGLJAOLPM_LgwCLN2GYpbDQkNtkk/edit#gid=1843013406;https://docs.google.com/spreadsheets/d/13smsrG2BGYxr_omJWcgr-sUDr39bvOJPNL5RPt4DSow/edit#gid=1934543062;https://docs.google.com/spreadsheets/d/13smsrG2BGYxr_omJWcgr-sUDr39bvOJPNL5RPt4DSow/edit#gid=71150222;https://docs.google.com/spreadsheets/d/1B2uTMvWlAHb7WlpupJV1A2Hbi3K3U1vCyoFV0wCapcw/edit#gid=1271313224;https://docs.google.com/spreadsheets/d/1B2uTMvWlAHb7WlpupJV1A2Hbi3K3U1vCyoFV0wCapcw/edit#gid=1521895812;https://docs.google.com/spreadsheets/d/1B2uTMvWlAHb7WlpupJV1A2Hbi3K3U1vCyoFV0wCapcw/edit#gid=1846395979;https://docs.google.com/spreadsheets/d/1B2uTMvWlAHb7WlpupJV1A2Hbi3K3U1vCyoFV0wCapcw/edit#gid=26363830;https://docs.google.com/spreadsheets/d/1FUsClf5qEny-BHY5Djp8rIwRJKBSJDvygJ8LBa62FEo/edit#gid=0;https://docs.google.com/spreadsheets/d/1JZpA-5XDldN2bjfvhvBPHYK-1AENETLnF1UxNEpWlNA/edit#gid=352888197;https://docs.google.com/spreadsheets/d/1kXhNwKGrqQTwSal0NxpZ9h0yo6u_mQwhwg4vGVwxMX4/edit#gid=0;https://docs.google.com/spreadsheets/d/1kiwDk4NgYoKb0Oo9yqzwl9HXHxuQ_0I5gkb1JtE57PI/edit#gid=0;https://docs.google.com/spreadsheets/d/1n9SmK-ccTCn8Jjhs4U2LKnibXY8PvuBtV3V9MCOURRA/edit#gid=0;https://docs.google.com/spreadsheets/d/1nwiq_ggEj7QePeZGMR2xoi0bEHJr_ZGO24YCRdt93No/edit#gid=857670931;https://docs.google.com/spreadsheets/d/1odsNRAZStW1GzmpXwmg27dqjOlch7w8syZOZ5Z2OQRg/edit#gid=0;https://docs.google.com/spreadsheets/d/1uo7-E_E2jbehB2hbBurpPayP_0fKY5sPZcFgZmfLydY/edit#gid=1526488506;https://docs.google.com/spreadsheets/d/1uo7-E_E2jbehB2hbBurpPayP_0fKY5sPZcFgZmfLydY/edit#gid=1696255979;https://docs.google.com/spreadsheets/d/1uo7-E_E2jbehB2hbBurpPayP_0fKY5sPZcFgZmfLydY/edit#gid=520178140;https://docs.google.com/spreadsheets/d/1vJ-pioe3RZKSZ3LIGEA3FVTv_KEE_XKIQAXSIUNNd-Q/edit#gid=0;https://raw.githubusercontent.com/PokeAPI/pokeapi/master/data/v2/csv/languages.csv;https://raw.githubusercontent.com/PokeAPI/pokeapi/master/data/v2/csv/pokemon.csv;https://raw.githubusercontent.com/PokeAPI/pokeapi/master/data/v2/csv/pokemon_form_names.csv;https://raw.githubusercontent.com/PokeAPI/pokeapi/master/data/v2/csv/pokemon_forms.csv;https://raw.githubusercontent.com/PokeAPI/pokeapi/master/data/v2/csv/pokemon_species_names.csv;output/team-graphics/s3/GPL Teams Spieltag 14 (1).jpg;output/team-graphics/s3/GPL Teams Spieltag 14 (2).jpg;output/team-graphics/s4/Ritter der Tapukokosnuss - FullLifeGames.png;output/team-graphics/s4/Suicide Squad - CaptainCrinch.png;output/team-graphics/s5/Marvelous Speedsters.png;output/team-graphics/s5/Prekani.png;output/team-graphics/s5/Triyolotree.png
season_008,Liga 2,hinrunde,Pokgalaxy,Issotop,10,86.0,84.8,84.8,90.9,"Pixi, Piondragi, Miltank, Cresselia, Aquana, Dragoran",data/manual/pokemon_killlists.csv;data/manual/team_pokemon_usage.csv;https://docs.google.com/spreadsheets/d/11wxsKyCydVmDjp4kGLJAOLPM_LgwCLN2GYpbDQkNtkk/edit#gid=1588964432;https://docs.google.com/spreadsheets/d/11wxsKyCydVmDjp4kGLJAOLPM_LgwCLN2GYpbDQkNtkk/edit#gid=1843013406;https://docs.google.com/spreadsheets/d/11wxsKyCydVmDjp4kGLJAOLPM_LgwCLN2GYpbDQkNtkk/edit#gid=654435343;https://docs.google.com/spreadsheets/d/13smsrG2BGYxr_omJWcgr-sUDr39bvOJPNL5RPt4DSow/edit#gid=1934543062;https://docs.google.com/spreadsheets/d/13smsrG2BGYxr_omJWcgr-sUDr39bvOJPNL5RPt4DSow/edit#gid=1953790464;https://docs.google.com/spreadsheets/d/13smsrG2BGYxr_omJWcgr-sUDr39bvOJPNL5RPt4DSow/edit#gid=71150222;https://docs.google.com/spreadsheets/d/1B2uTMvWlAHb7WlpupJV1A2Hbi3K3U1vCyoFV0wCapcw/edit#gid=1271313224;https://docs.google.com/spreadsheets/d/1B2uTMvWlAHb7WlpupJV1A2Hbi3K3U1vCyoFV0wCapcw/edit#gid=1521895812;https://docs.google.com/spreadsheets/d/1B2uTMvWlAHb7WlpupJV1A2Hbi3K3U1vCyoFV0wCapcw/edit#gid=1846395979;https://docs.google.com/spreadsheets/d/1B2uTMvWlAHb7WlpupJV1A2Hbi3K3U1vCyoFV0wCapcw/edit#gid=26363830;https://docs.google.com/spreadsheets/d/1FUsClf5qEny-BHY5Djp8rIwRJKBSJDvygJ8LBa62FEo/edit#gid=0;https://docs.google.com/spreadsheets/d/1JZpA-5XDldN2bjfvhvBPHYK-1AENETLnF1UxNEpWlNA/edit#gid=352888197;https://docs.google.com/spreadsheets/d/1kiwDk4NgYoKb0Oo9yqzwl9HXHxuQ_0I5gkb1JtE57PI/edit#gid=0;https://docs.google.com/spreadsheets/d/1n9SmK-ccTCn8Jjhs4U2LKnibXY8PvuBtV3V9MCOURRA/edit#gid=0;https://docs.google.com/spreadsheets/d/1nwiq_ggEj7QePeZGMR2xoi0bEHJr_ZGO24YCRdt93No/edit#gid=857670931;https://docs.google.com/spreadsheets/d/1odsNRAZStW1GzmpXwmg27dqjOlch7w8syZOZ5Z2OQRg/edit#gid=0;https://docs.google.com/spreadsheets/d/1uo7-E_E2jbehB2hbBurpPayP_0fKY5sPZcFgZmfLydY/edit#gid=1526488506;https://docs.google.com/spreadsheets/d/1uo7-E_E2jbehB2hbBurpPayP_0fKY5sPZcFgZmfLydY/edit#gid=1696255979;https://docs.google.com/spreadsheets/d/1uo7-E_E2jbehB2hbBurpPayP_0fKY5sPZcFgZmfLydY/edit#gid=520178140;https://docs.google.com/spreadsheets/d/1vJ-pioe3RZKSZ3LIGEA3FVTv_KEE_XKIQAXSIUNNd-Q/edit#gid=0;https://raw.githubusercontent.com/PokeAPI/pokeapi/master/data/v2/csv/languages.csv;https://raw.githubusercontent.com/PokeAPI/pokeapi/master/data/v2/csv/pokemon.csv;https://raw.githubusercontent.com/PokeAPI/pokeapi/master/data/v2/csv/pokemon_form_names.csv;https://raw.githubusercontent.com/PokeAPI/pokeapi/master/data/v2/csv/pokemon_forms.csv;https://raw.githubusercontent.com/PokeAPI/pokeapi/master/data/v2/csv/pokemon_species_names.csv;output/team-graphics/s3/GPL Teams Spieltag 14 (1).jpg;output/team-graphics/s3/GPL Teams Spieltag 14 (2).jpg;output/team-graphics/s4/Enteikutierung - Lauris Enteitainment.png;output/team-graphics/s4/Slicing Knights - Cabgolord.png;output/team-graphics/s4/Suicide Squad - CaptainCrinch.png;output/team-graphics/s5/Energie Tobutz.png;output/team-graphics/s5/Marvelous Speedsters.png;output/team-graphics/s5/Prekani.png
season_003,Regular Season,rueckrunde,Minetube,Triyolotree,13,85.8,82.3,82.3,100,"Victini, Trikephalo, Meistagrif, Kobalium, Skorgla, Starmie",data/manual/pokemon_killlists.csv;data/manual/team_pokemon_usage.csv;https://docs.google.com/spreadsheets/d/11wxsKyCydVmDjp4kGLJAOLPM_LgwCLN2GYpbDQkNtkk/edit#gid=1588964432;https://docs.google.com/spreadsheets/d/11wxsKyCydVmDjp4kGLJAOLPM_LgwCLN2GYpbDQkNtkk/edit#gid=1843013406;https://docs.google.com/spreadsheets/d/13smsrG2BGYxr_omJWcgr-sUDr39bvOJPNL5RPt4DSow/edit#gid=1934543062;https://docs.google.com/spreadsheets/d/13smsrG2BGYxr_omJWcgr-sUDr39bvOJPNL5RPt4DSow/edit#gid=71150222;https://docs.google.com/spreadsheets/d/14N_40jsahiN9DChpnNaPTnFy26If6imVHtqBGDWk6pg/edit#gid=0;https://docs.google.com/spreadsheets/d/1B2uTMvWlAHb7WlpupJV1A2Hbi3K3U1vCyoFV0wCapcw/edit#gid=1271313224;https://docs.google.com/spreadsheets/d/1B2uTMvWlAHb7WlpupJV1A2Hbi3K3U1vCyoFV0wCapcw/edit#gid=1521895812;https://docs.google.com/spreadsheets/d/1B2uTMvWlAHb7WlpupJV1A2Hbi3K3U1vCyoFV0wCapcw/edit#gid=1846395979;https://docs.google.com/spreadsheets/d/1B2uTMvWlAHb7WlpupJV1A2Hbi3K3U1vCyoFV0wCapcw/edit#gid=26363830;https://docs.google.com/spreadsheets/d/1FUsClf5qEny-BHY5Djp8rIwRJKBSJDvygJ8LBa62FEo/edit#gid=0;https://docs.google.com/spreadsheets/d/1JZpA-5XDldN2bjfvhvBPHYK-1AENETLnF1UxNEpWlNA/edit#gid=352888197;https://docs.google.com/spreadsheets/d/1kiwDk4NgYoKb0Oo9yqzwl9HXHxuQ_0I5gkb1JtE57PI/edit#gid=0;https://docs.google.com/spreadsheets/d/1n9SmK-ccTCn8Jjhs4U2LKnibXY8PvuBtV3V9MCOURRA/edit#gid=0;https://docs.google.com/spreadsheets/d/1nwiq_ggEj7QePeZGMR2xoi0bEHJr_ZGO24YCRdt93No/edit#gid=857670931;https://docs.google.com/spreadsheets/d/1odsNRAZStW1GzmpXwmg27dqjOlch7w8syZOZ5Z2OQRg/edit#gid=0;https://docs.google.com/spreadsheets/d/1uo7-E_E2jbehB2hbBurpPayP_0fKY5sPZcFgZmfLydY/edit#gid=1526488506;https://docs.google.com/spreadsheets/d/1uo7-E_E2jbehB2hbBurpPayP_0fKY5sPZcFgZmfLydY/edit#gid=1696255979;https://docs.google.com/spreadsheets/d/1uo7-E_E2jbehB2hbBurpPayP_0fKY5sPZcFgZmfLydY/edit#gid=520178140;https://docs.google.com/spreadsheets/d/1vJ-pioe3RZKSZ3LIGEA3FVTv_KEE_XKIQAXSIUNNd-Q/edit#gid=0;https://raw.githubusercontent.com/PokeAPI/pokeapi/master/data/v2/csv/languages.csv;https://raw.githubusercontent.com/PokeAPI/pokeapi/master/data/v2/csv/pokemon.csv;https://raw.githubusercontent.com/PokeAPI/pokeapi/master/data/v2/csv/pokemon_form_names.csv;https://raw.githubusercontent.com/PokeAPI/pokeapi/master/data/v2/csv/pokemon_forms.csv;https://raw.githubusercontent.com/PokeAPI/pokeapi/master/data/v2/csv/pokemon_species_names.csv;output/team-graphics/s3/GPL Teams Spieltag 14 (2).jpg;output/team-graphics/s4/Minetube - Triyolotree.png;output/team-graphics/s4/Ritter der Tapukokosnuss - FullLifeGames.png;output/team-graphics/s4/Shocking Shaymins - MeLevies.png;output/team-graphics/s4/Variant Vulpix - CrowdController.png;output/team-graphics/s5/Howling Commandos.png;output/team-graphics/s5/Prekani.png;output/team-graphics/s5/SoulStealer.png
season_010,Playoffs,playoffs,Minetube,Throes Mad,10,85.1,83.6,83.6,90.9,"Stalobor, Panzaeron, Despotar, Milotic, Elevoltek, Ramoth",data/manual/pokemon_killlists.csv;data/manual/team_pokemon_usage.csv;https://docs.google.com/spreadsheets/d/11wxsKyCydVmDjp4kGLJAOLPM_LgwCLN2GYpbDQkNtkk/edit#gid=1588964432;https://docs.google.com/spreadsheets/d/11wxsKyCydVmDjp4kGLJAOLPM_LgwCLN2GYpbDQkNtkk/edit#gid=1843013406;https://docs.google.com/spreadsheets/d/11wxsKyCydVmDjp4kGLJAOLPM_LgwCLN2GYpbDQkNtkk/edit#gid=654435343;https://docs.google.com/spreadsheets/d/13smsrG2BGYxr_omJWcgr-sUDr39bvOJPNL5RPt4DSow/edit#gid=1934543062;https://docs.google.com/spreadsheets/d/13smsrG2BGYxr_omJWcgr-sUDr39bvOJPNL5RPt4DSow/edit#gid=1953790464;https://docs.google.com/spreadsheets/d/13smsrG2BGYxr_omJWcgr-sUDr39bvOJPNL5RPt4DSow/edit#gid=71150222;https://docs.google.com/spreadsheets/d/14N_40jsahiN9DChpnNaPTnFy26If6imVHtqBGDWk6pg/edit#gid=0;https://docs.google.com/spreadsheets/d/1B2uTMvWlAHb7WlpupJV1A2Hbi3K3U1vCyoFV0wCapcw/edit#gid=1271313224;https://docs.google.com/spreadsheets/d/1B2uTMvWlAHb7WlpupJV1A2Hbi3K3U1vCyoFV0wCapcw/edit#gid=1521895812;https://docs.google.com/spreadsheets/d/1B2uTMvWlAHb7WlpupJV1A2Hbi3K3U1vCyoFV0wCapcw/edit#gid=1846395979;https://docs.google.com/spreadsheets/d/1B2uTMvWlAHb7WlpupJV1A2Hbi3K3U1vCyoFV0wCapcw/edit#gid=26363830;https://docs.google.com/spreadsheets/d/1FUsClf5qEny-BHY5Djp8rIwRJKBSJDvygJ8LBa62FEo/edit#gid=0;https://docs.google.com/spreadsheets/d/1JZpA-5XDldN2bjfvhvBPHYK-1AENETLnF1UxNEpWlNA/edit#gid=352888197;https://docs.google.com/spreadsheets/d/1kXhNwKGrqQTwSal0NxpZ9h0yo6u_mQwhwg4vGVwxMX4/edit#gid=0;https://docs.google.com/spreadsheets/d/1kiwDk4NgYoKb0Oo9yqzwl9HXHxuQ_0I5gkb1JtE57PI/edit#gid=0;https://docs.google.com/spreadsheets/d/1n9SmK-ccTCn8Jjhs4U2LKnibXY8PvuBtV3V9MCOURRA/edit#gid=0;https://docs.google.com/spreadsheets/d/1nwiq_ggEj7QePeZGMR2xoi0bEHJr_ZGO24YCRdt93No/edit#gid=857670931;https://docs.google.com/spreadsheets/d/1odsNRAZStW1GzmpXwmg27dqjOlch7w8syZOZ5Z2OQRg/edit#gid=0;https://docs.google.com/spreadsheets/d/1uo7-E_E2jbehB2hbBurpPayP_0fKY5sPZcFgZmfLydY/edit#gid=1526488506;https://docs.google.com/spreadsheets/d/1uo7-E_E2jbehB2hbBurpPayP_0fKY5sPZcFgZmfLydY/edit#gid=1696255979;https://docs.google.com/spreadsheets/d/1uo7-E_E2jbehB2hbBurpPayP_0fKY5sPZcFgZmfLydY/edit#gid=520178140;https://docs.google.com/spreadsheets/d/1vJ-pioe3RZKSZ3LIGEA3FVTv_KEE_XKIQAXSIUNNd-Q/edit#gid=0;https://raw.githubusercontent.com/PokeAPI/pokeapi/master/data/v2/csv/languages.csv;https://raw.githubusercontent.com/PokeAPI/pokeapi/master/data/v2/csv/pokemon.csv;https://raw.githubusercontent.com/PokeAPI/pokeapi/master/data/v2/csv/pokemon_form_names.csv;https://raw.githubusercontent.com/PokeAPI/pokeapi/master/data/v2/csv/pokemon_forms.csv;https://raw.githubusercontent.com/PokeAPI/pokeapi/master/data/v2/csv/pokemon_species_names.csv;output/team-graphics/s3/GPL Teams Spieltag 14 (1).jpg;output/team-graphics/s3/GPL Teams Spieltag 14 (2).jpg;output/team-graphics/s4/Enteikutierung - Lauris Enteitainment.png;output/team-graphics/s5/Aggron Berlin.png;output/team-graphics/s5/SoulStealer.png;output/team-graphics/s5/Triyolotree.png
season_010,Regular Season,regular,OGDNZ,Squid Squad,11,84.8,81.0,81.0,100,"Laschoking, Trombork, Metagross, Grypheldis, Piepi, Chillabell",data/manual/pokemon_killlists.csv;data/manual/team_pokemon_usage.csv;https://docs.google.com/spreadsheets/d/11wxsKyCydVmDjp4kGLJAOLPM_LgwCLN2GYpbDQkNtkk/edit#gid=1588964432;https://docs.google.com/spreadsheets/d/11wxsKyCydVmDjp4kGLJAOLPM_LgwCLN2GYpbDQkNtkk/edit#gid=1843013406;https://docs.google.com/spreadsheets/d/13smsrG2BGYxr_omJWcgr-sUDr39bvOJPNL5RPt4DSow/edit#gid=1465731937;https://docs.google.com/spreadsheets/d/13smsrG2BGYxr_omJWcgr-sUDr39bvOJPNL5RPt4DSow/edit#gid=1934543062;https://docs.google.com/spreadsheets/d/13smsrG2BGYxr_omJWcgr-sUDr39bvOJPNL5RPt4DSow/edit#gid=1953790464;https://docs.google.com/spreadsheets/d/13smsrG2BGYxr_omJWcgr-sUDr39bvOJPNL5RPt4DSow/edit#gid=71150222;https://docs.google.com/spreadsheets/d/1B2uTMvWlAHb7WlpupJV1A2Hbi3K3U1vCyoFV0wCapcw/edit#gid=1271313224;https://docs.google.com/spreadsheets/d/1B2uTMvWlAHb7WlpupJV1A2Hbi3K3U1vCyoFV0wCapcw/edit#gid=1521895812;https://docs.google.com/spreadsheets/d/1B2uTMvWlAHb7WlpupJV1A2Hbi3K3U1vCyoFV0wCapcw/edit#gid=1846395979;https://docs.google.com/spreadsheets/d/1B2uTMvWlAHb7WlpupJV1A2Hbi3K3U1vCyoFV0wCapcw/edit#gid=26363830;https://docs.google.com/spreadsheets/d/1FUsClf5qEny-BHY5Djp8rIwRJKBSJDvygJ8LBa62FEo/edit#gid=0;https://docs.google.com/spreadsheets/d/1JZpA-5XDldN2bjfvhvBPHYK-1AENETLnF1UxNEpWlNA/edit#gid=352888197;https://docs.google.com/spreadsheets/d/1kiwDk4NgYoKb0Oo9yqzwl9HXHxuQ_0I5gkb1JtE57PI/edit#gid=0;https://docs.google.com/spreadsheets/d/1n9SmK-ccTCn8Jjhs4U2LKnibXY8PvuBtV3V9MCOURRA/edit#gid=0;https://docs.google.com/spreadsheets/d/1nwiq_ggEj7QePeZGMR2xoi0bEHJr_ZGO24YCRdt93No/edit#gid=857670931;https://docs.google.com/spreadsheets/d/1odsNRAZStW1GzmpXwmg27dqjOlch7w8syZOZ5Z2OQRg/edit#gid=0;https://docs.google.com/spreadsheets/d/1uo7-E_E2jbehB2hbBurpPayP_0fKY5sPZcFgZmfLydY/edit#gid=1526488506;https://docs.google.com/spreadsheets/d/1uo7-E_E2jbehB2hbBurpPayP_0fKY5sPZcFgZmfLydY/edit#gid=1696255979;https://docs.google.com/spreadsheets/d/1uo7-E_E2jbehB2hbBurpPayP_0fKY5sPZcFgZmfLydY/edit#gid=520178140;https://docs.google.com/spreadsheets/d/1vJ-pioe3RZKSZ3LIGEA3FVTv_KEE_XKIQAXSIUNNd-Q/edit#gid=0;https://raw.githubusercontent.com/PokeAPI/pokeapi/master/data/v2/csv/languages.csv;https://raw.githubusercontent.com/PokeAPI/pokeapi/master/data/v2/csv/pokemon.csv;https://raw.githubusercontent.com/PokeAPI/pokeapi/master/data/v2/csv/pokemon_form_names.csv;https://raw.githubusercontent.com/PokeAPI/pokeapi/master/data/v2/csv/pokemon_forms.csv;https://raw.githubusercontent.com/PokeAPI/pokeapi/master/data/v2/csv/pokemon_species_names.csv;output/team-graphics/s3/GPL Teams Spieltag 14 (2).jpg;output/team-graphics/s4/Flexing Masskito - RegiBang.png;output/team-graphics/s5/Crinchilla.png;output/team-graphics/s5/Energie Tobutz.png;output/team-graphics/s5/Victini Bottom.png
season_005,Liga 1,rueckrunde,glebber,Energie Tobutz,16,84.7,80.9,80.9,100,"Heatran, Laschoking, UHaFnir, Skaraborn, Rotom, Rabigator",data/manual/pokemon_killlists.csv;data/manual/team_pokemon_usage.csv;https://docs.google.com/spreadsheets/d/11wxsKyCydVmDjp4kGLJAOLPM_LgwCLN2GYpbDQkNtkk/edit#gid=1588964432;https://docs.google.com/spreadsheets/d/11wxsKyCydVmDjp4kGLJAOLPM_LgwCLN2GYpbDQkNtkk/edit#gid=1843013406;https://docs.google.com/spreadsheets/d/11wxsKyCydVmDjp4kGLJAOLPM_LgwCLN2GYpbDQkNtkk/edit#gid=654435343;https://docs.google.com/spreadsheets/d/13smsrG2BGYxr_omJWcgr-sUDr39bvOJPNL5RPt4DSow/edit#gid=1934543062;https://docs.google.com/spreadsheets/d/13smsrG2BGYxr_omJWcgr-sUDr39bvOJPNL5RPt4DSow/edit#gid=71150222;https://docs.google.com/spreadsheets/d/1B2uTMvWlAHb7WlpupJV1A2Hbi3K3U1vCyoFV0wCapcw/edit#gid=1271313224;https://docs.google.com/spreadsheets/d/1B2uTMvWlAHb7WlpupJV1A2Hbi3K3U1vCyoFV0wCapcw/edit#gid=1521895812;https://docs.google.com/spreadsheets/d/1B2uTMvWlAHb7WlpupJV1A2Hbi3K3U1vCyoFV0wCapcw/edit#gid=1846395979;https://docs.google.com/spreadsheets/d/1B2uTMvWlAHb7WlpupJV1A2Hbi3K3U1vCyoFV0wCapcw/edit#gid=26363830;https://docs.google.com/spreadsheets/d/1FUsClf5qEny-BHY5Djp8rIwRJKBSJDvygJ8LBa62FEo/edit#gid=0;https://docs.google.com/spreadsheets/d/1JZpA-5XDldN2bjfvhvBPHYK-1AENETLnF1UxNEpWlNA/edit#gid=352888197;https://docs.google.com/spreadsheets/d/1kiwDk4NgYoKb0Oo9yqzwl9HXHxuQ_0I5gkb1JtE57PI/edit#gid=0;https://docs.google.com/spreadsheets/d/1n9SmK-ccTCn8Jjhs4U2LKnibXY8PvuBtV3V9MCOURRA/edit#gid=0;https://docs.google.com/spreadsheets/d/1nwiq_ggEj7QePeZGMR2xoi0bEHJr_ZGO24YCRdt93No/edit#gid=857670931;https://docs.google.com/spreadsheets/d/1odsNRAZStW1GzmpXwmg27dqjOlch7w8syZOZ5Z2OQRg/edit#gid=0;https://docs.google.com/spreadsheets/d/1uo7-E_E2jbehB2hbBurpPayP_0fKY5sPZcFgZmfLydY/edit#gid=1526488506;https://docs.google.com/spreadsheets/d/1uo7-E_E2jbehB2hbBurpPayP_0fKY5sPZcFgZmfLydY/edit#gid=1696255979;https://docs.google.com/spreadsheets/d/1uo7-E_E2jbehB2hbBurpPayP_0fKY5sPZcFgZmfLydY/edit#gid=520178140;https://docs.google.com/spreadsheets/d/1vJ-pioe3RZKSZ3LIGEA3FVTv_KEE_XKIQAXSIUNNd-Q/edit#gid=0;https://raw.githubusercontent.com/PokeAPI/pokeapi/master/data/v2/csv/languages.csv;https://raw.githubusercontent.com/PokeAPI/pokeapi/master/data/v2/csv/pokemon.csv;https://raw.githubusercontent.com/PokeAPI/pokeapi/master/data/v2/csv/pokemon_form_names.csv;https://raw.githubusercontent.com/PokeAPI/pokeapi/master/data/v2/csv/pokemon_forms.csv;https://raw.githubusercontent.com/PokeAPI/pokeapi/master/data/v2/csv/pokemon_species_names.csv;output/team-graphics/s3/GPL Teams Spieltag 14 (1).jpg;output/team-graphics/s3/GPL Teams Spieltag 14 (2).jpg;output/team-graphics/s4/Ritter der Tapukokosnuss - FullLifeGames.png;output/team-graphics/s4/Shocking Shaymins - MeLevies.png;output/team-graphics/s4/Suicide Squad - CaptainCrinch.png;output/team-graphics/s4/Surstars - SurskitTV.png;output/team-graphics/s5/Energie Tobutz.png
season_009,Singles,hinrunde,BelmontGabriel,Victory Instinct,11,84.2,80.2,80.2,100,"Zeraora, Scherox, Volcanion, UHaFnir, Rotom, Nidoqueen",data/manual/pokemon_killlists.csv;data/manual/team_pokemon_usage.csv;https://docs.google.com/spreadsheets/d/11wxsKyCydVmDjp4kGLJAOLPM_LgwCLN2GYpbDQkNtkk/edit#gid=1588964432;https://docs.google.com/spreadsheets/d/11wxsKyCydVmDjp4kGLJAOLPM_LgwCLN2GYpbDQkNtkk/edit#gid=1843013406;https://docs.google.com/spreadsheets/d/11wxsKyCydVmDjp4kGLJAOLPM_LgwCLN2GYpbDQkNtkk/edit#gid=654435343;https://docs.google.com/spreadsheets/d/13smsrG2BGYxr_omJWcgr-sUDr39bvOJPNL5RPt4DSow/edit#gid=1934543062;https://docs.google.com/spreadsheets/d/13smsrG2BGYxr_omJWcgr-sUDr39bvOJPNL5RPt4DSow/edit#gid=1953790464;https://docs.google.com/spreadsheets/d/13smsrG2BGYxr_omJWcgr-sUDr39bvOJPNL5RPt4DSow/edit#gid=71150222;https://docs.google.com/spreadsheets/d/1B2uTMvWlAHb7WlpupJV1A2Hbi3K3U1vCyoFV0wCapcw/edit#gid=1271313224;https://docs.google.com/spreadsheets/d/1B2uTMvWlAHb7WlpupJV1A2Hbi3K3U1vCyoFV0wCapcw/edit#gid=1521895812;https://docs.google.com/spreadsheets/d/1B2uTMvWlAHb7WlpupJV1A2Hbi3K3U1vCyoFV0wCapcw/edit#gid=1846395979;https://docs.google.com/spreadsheets/d/1B2uTMvWlAHb7WlpupJV1A2Hbi3K3U1vCyoFV0wCapcw/edit#gid=26363830;https://docs.google.com/spreadsheets/d/1FUsClf5qEny-BHY5Djp8rIwRJKBSJDvygJ8LBa62FEo/edit#gid=0;https://docs.google.com/spreadsheets/d/1JZpA-5XDldN2bjfvhvBPHYK-1AENETLnF1UxNEpWlNA/edit#gid=352888197;https://docs.google.com/spreadsheets/d/1kXhNwKGrqQTwSal0NxpZ9h0yo6u_mQwhwg4vGVwxMX4/edit#gid=0;https://docs.google.com/spreadsheets/d/1kiwDk4NgYoKb0Oo9yqzwl9HXHxuQ_0I5gkb1JtE57PI/edit#gid=0;https://docs.google.com/spreadsheets/d/1n9SmK-ccTCn8Jjhs4U2LKnibXY8PvuBtV3V9MCOURRA/edit#gid=0;https://docs.google.com/spreadsheets/d/1nwiq_ggEj7QePeZGMR2xoi0bEHJr_ZGO24YCRdt93No/edit#gid=857670931;https://docs.google.com/spreadsheets/d/1odsNRAZStW1GzmpXwmg27dqjOlch7w8syZOZ5Z2OQRg/edit#gid=0;https://docs.google.com/spreadsheets/d/1uo7-E_E2jbehB2hbBurpPayP_0fKY5sPZcFgZmfLydY/edit#gid=1526488506;https://docs.google.com/spreadsheets/d/1uo7-E_E2jbehB2hbBurpPayP_0fKY5sPZcFgZmfLydY/edit#gid=1696255979;https://docs.google.com/spreadsheets/d/1uo7-E_E2jbehB2hbBurpPayP_0fKY5sPZcFgZmfLydY/edit#gid=1992807502;https://docs.google.com/spreadsheets/d/1uo7-E_E2jbehB2hbBurpPayP_0fKY5sPZcFgZmfLydY/edit#gid=520178140;https://docs.google.com/spreadsheets/d/1uo7-E_E2jbehB2hbBurpPayP_0fKY5sPZcFgZmfLydY/edit#gid=754790791;https://docs.google.com/spreadsheets/d/1vJ-pioe3RZKSZ3LIGEA3FVTv_KEE_XKIQAXSIUNNd-Q/edit#gid=0;https://raw.githubusercontent.com/PokeAPI/pokeapi/master/data/v2/csv/languages.csv;https://raw.githubusercontent.com/PokeAPI/pokeapi/master/data/v2/csv/pokemon.csv;https://raw.githubusercontent.com/PokeAPI/pokeapi/master/data/v2/csv/pokemon_form_names.csv;https://raw.githubusercontent.com/PokeAPI/pokeapi/master/data/v2/csv/pokemon_forms.csv;https://raw.githubusercontent.com/PokeAPI/pokeapi/master/data/v2/csv/pokemon_species_names.csv;output/team-graphics/s3/GPL Teams Spieltag 14 (1).jpg;output/team-graphics/s4/Prekani - PresentLP.png;output/team-graphics/s4/Ritter der Tapukokosnuss - FullLifeGames.png;output/team-graphics/s5/Energie Tobutz.png;output/team-graphics/s5/Howling Commandos.png
season_009,Doubles,hinrunde,Bene,Victory Instinct,11,84.2,80.2,80.2,100,"Zeraora, Scherox, Volcanion, UHaFnir, Rotom, Nidoqueen",data/manual/pokemon_killlists.csv;data/manual/team_pokemon_usage.csv;https://docs.google.com/spreadsheets/d/11wxsKyCydVmDjp4kGLJAOLPM_LgwCLN2GYpbDQkNtkk/edit#gid=1588964432;https://docs.google.com/spreadsheets/d/11wxsKyCydVmDjp4kGLJAOLPM_LgwCLN2GYpbDQkNtkk/edit#gid=1843013406;https://docs.google.com/spreadsheets/d/11wxsKyCydVmDjp4kGLJAOLPM_LgwCLN2GYpbDQkNtkk/edit#gid=654435343;https://docs.google.com/spreadsheets/d/13smsrG2BGYxr_omJWcgr-sUDr39bvOJPNL5RPt4DSow/edit#gid=1934543062;https://docs.google.com/spreadsheets/d/13smsrG2BGYxr_omJWcgr-sUDr39bvOJPNL5RPt4DSow/edit#gid=1953790464;https://docs.google.com/spreadsheets/d/13smsrG2BGYxr_omJWcgr-sUDr39bvOJPNL5RPt4DSow/edit#gid=71150222;https://docs.google.com/spreadsheets/d/1B2uTMvWlAHb7WlpupJV1A2Hbi3K3U1vCyoFV0wCapcw/edit#gid=1271313224;https://docs.google.com/spreadsheets/d/1B2uTMvWlAHb7WlpupJV1A2Hbi3K3U1vCyoFV0wCapcw/edit#gid=1521895812;https://docs.google.com/spreadsheets/d/1B2uTMvWlAHb7WlpupJV1A2Hbi3K3U1vCyoFV0wCapcw/edit#gid=1846395979;https://docs.google.com/spreadsheets/d/1B2uTMvWlAHb7WlpupJV1A2Hbi3K3U1vCyoFV0wCapcw/edit#gid=26363830;https://docs.google.com/spreadsheets/d/1FUsClf5qEny-BHY5Djp8rIwRJKBSJDvygJ8LBa62FEo/edit#gid=0;https://docs.google.com/spreadsheets/d/1JZpA-5XDldN2bjfvhvBPHYK-1AENETLnF1UxNEpWlNA/edit#gid=352888197;https://docs.google.com/spreadsheets/d/1kXhNwKGrqQTwSal0NxpZ9h0yo6u_mQwhwg4vGVwxMX4/edit#gid=0;https://docs.google.com/spreadsheets/d/1kiwDk4NgYoKb0Oo9yqzwl9HXHxuQ_0I5gkb1JtE57PI/edit#gid=0;https://docs.google.com/spreadsheets/d/1n9SmK-ccTCn8Jjhs4U2LKnibXY8PvuBtV3V9MCOURRA/edit#gid=0;https://docs.google.com/spreadsheets/d/1nwiq_ggEj7QePeZGMR2xoi0bEHJr_ZGO24YCRdt93No/edit#gid=857670931;https://docs.google.com/spreadsheets/d/1odsNRAZStW1GzmpXwmg27dqjOlch7w8syZOZ5Z2OQRg/edit#gid=0;https://docs.google.com/spreadsheets/d/1uo7-E_E2jbehB2hbBurpPayP_0fKY5sPZcFgZmfLydY/edit#gid=1526488506;https://docs.google.com/spreadsheets/d/1uo7-E_E2jbehB2hbBurpPayP_0fKY5sPZcFgZmfLydY/edit#gid=1696255979;https://docs.google.com/spreadsheets/d/1uo7-E_E2jbehB2hbBurpPayP_0fKY5sPZcFgZmfLydY/edit#gid=1992807502;https://docs.google.com/spreadsheets/d/1uo7-E_E2jbehB2hbBurpPayP_0fKY5sPZcFgZmfLydY/edit#gid=520178140;https://docs.google.com/spreadsheets/d/1uo7-E_E2jbehB2hbBurpPayP_0fKY5sPZcFgZmfLydY/edit#gid=754790791;https://docs.google.com/spreadsheets/d/1vJ-pioe3RZKSZ3LIGEA3FVTv_KEE_XKIQAXSIUNNd-Q/edit#gid=0;https://raw.githubusercontent.com/PokeAPI/pokeapi/master/data/v2/csv/languages.csv;https://raw.githubusercontent.com/PokeAPI/pokeapi/master/data/v2/csv/pokemon.csv;https://raw.githubusercontent.com/PokeAPI/pokeapi/master/data/v2/csv/pokemon_form_names.csv;https://raw.githubusercontent.com/PokeAPI/pokeapi/master/data/v2/csv/pokemon_forms.csv;https://raw.githubusercontent.com/PokeAPI/pokeapi/master/data/v2/csv/pokemon_species_names.csv;output/team-graphics/s3/GPL Teams Spieltag 14 (1).jpg;output/team-graphics/s4/Prekani - PresentLP.png;output/team-graphics/s4/Ritter der Tapukokosnuss - FullLifeGames.png;output/team-graphics/s5/Energie Tobutz.png;output/team-graphics/s5/Howling Commandos.png
season_003,Regular Season,rueckrunde,Art'n'Gaming,Little Littleos,13,84.0,80.0,80.0,100,"Terrakium, Feelinara, Donphan, Porygon2, Schwalboss, Elezard",data/manual/pokemon_killlists.csv;data/manual/team_pokemon_usage.csv;https://docs.google.com/spreadsheets/d/11wxsKyCydVmDjp4kGLJAOLPM_LgwCLN2GYpbDQkNtkk/edit#gid=1588964432;https://docs.google.com/spreadsheets/d/11wxsKyCydVmDjp4kGLJAOLPM_LgwCLN2GYpbDQkNtkk/edit#gid=1843013406;https://docs.google.com/spreadsheets/d/11wxsKyCydVmDjp4kGLJAOLPM_LgwCLN2GYpbDQkNtkk/edit#gid=654435343;https://docs.google.com/spreadsheets/d/13smsrG2BGYxr_omJWcgr-sUDr39bvOJPNL5RPt4DSow/edit#gid=1934543062;https://docs.google.com/spreadsheets/d/13smsrG2BGYxr_omJWcgr-sUDr39bvOJPNL5RPt4DSow/edit#gid=1953790464;https://docs.google.com/spreadsheets/d/13smsrG2BGYxr_omJWcgr-sUDr39bvOJPNL5RPt4DSow/edit#gid=71150222;https://docs.google.com/spreadsheets/d/1B2uTMvWlAHb7WlpupJV1A2Hbi3K3U1vCyoFV0wCapcw/edit#gid=1271313224;https://docs.google.com/spreadsheets/d/1B2uTMvWlAHb7WlpupJV1A2Hbi3K3U1vCyoFV0wCapcw/edit#gid=1521895812;https://docs.google.com/spreadsheets/d/1B2uTMvWlAHb7WlpupJV1A2Hbi3K3U1vCyoFV0wCapcw/edit#gid=1846395979;https://docs.google.com/spreadsheets/d/1B2uTMvWlAHb7WlpupJV1A2Hbi3K3U1vCyoFV0wCapcw/edit#gid=26363830;https://docs.google.com/spreadsheets/d/1FUsClf5qEny-BHY5Djp8rIwRJKBSJDvygJ8LBa62FEo/edit#gid=0;https://docs.google.com/spreadsheets/d/1JZpA-5XDldN2bjfvhvBPHYK-1AENETLnF1UxNEpWlNA/edit#gid=352888197;https://docs.google.com/spreadsheets/d/1kiwDk4NgYoKb0Oo9yqzwl9HXHxuQ_0I5gkb1JtE57PI/edit#gid=0;https://docs.google.com/spreadsheets/d/1n9SmK-ccTCn8Jjhs4U2LKnibXY8PvuBtV3V9MCOURRA/edit#gid=0;https://docs.google.com/spreadsheets/d/1nwiq_ggEj7QePeZGMR2xoi0bEHJr_ZGO24YCRdt93No/edit#gid=857670931;https://docs.google.com/spreadsheets/d/1odsNRAZStW1GzmpXwmg27dqjOlch7w8syZOZ5Z2OQRg/edit#gid=0;https://docs.google.com/spreadsheets/d/1uo7-E_E2jbehB2hbBurpPayP_0fKY5sPZcFgZmfLydY/edit#gid=1526488506;https://docs.google.com/spreadsheets/d/1uo7-E_E2jbehB2hbBurpPayP_0fKY5sPZcFgZmfLydY/edit#gid=1696255979;https://docs.google.com/spreadsheets/d/1uo7-E_E2jbehB2hbBurpPayP_0fKY5sPZcFgZmfLydY/edit#gid=520178140;https://docs.google.com/spreadsheets/d/1vJ-pioe3RZKSZ3LIGEA3FVTv_KEE_XKIQAXSIUNNd-Q/edit#gid=0;https://raw.githubusercontent.com/PokeAPI/pokeapi/master/data/v2/csv/languages.csv;https://raw.githubusercontent.com/PokeAPI/pokeapi/master/data/v2/csv/pokemon.csv;https://raw.githubusercontent.com/PokeAPI/pokeapi/master/data/v2/csv/pokemon_form_names.csv;https://raw.githubusercontent.com/PokeAPI/pokeapi/master/data/v2/csv/pokemon_forms.csv;https://raw.githubusercontent.com/PokeAPI/pokeapi/master/data/v2/csv/pokemon_species_names.csv;output/team-graphics/s3/GPL Teams Spieltag 14 (2).jpg;output/team-graphics/s4/Schnittlauchs - PokeBazi.png;output/team-graphics/s4/Slicing Knights - Cabgolord.png;output/team-graphics/s4/Surstars - SurskitTV.png;output/team-graphics/s4/Variant Vulpix - CrowdController.png;output/team-graphics/s5/Aggron Berlin.png;output/team-graphics/s5/Cabgosport.png;output/team-graphics/s5/Marvelous Speedsters.png;output/team-graphics/s5/Triyolotree.png
season_005,Liga 1,rueckrunde,Barry D. Sin of Speed,Marvelous Speedsters,12,83.9,79.9,79.9,100,"Quajutsu, Victini, Vesprit, Nidoking, Forstellka, Cresselia",data/manual/pokemon_killlists.csv;data/manual/team_pokemon_usage.csv;https://docs.google.com/spreadsheets/d/11wxsKyCydVmDjp4kGLJAOLPM_LgwCLN2GYpbDQkNtkk/edit#gid=1588964432;https://docs.google.com/spreadsheets/d/11wxsKyCydVmDjp4kGLJAOLPM_LgwCLN2GYpbDQkNtkk/edit#gid=1843013406;https://docs.google.com/spreadsheets/d/11wxsKyCydVmDjp4kGLJAOLPM_LgwCLN2GYpbDQkNtkk/edit#gid=654435343;https://docs.google.com/spreadsheets/d/13smsrG2BGYxr_omJWcgr-sUDr39bvOJPNL5RPt4DSow/edit#gid=1934543062;https://docs.google.com/spreadsheets/d/13smsrG2BGYxr_omJWcgr-sUDr39bvOJPNL5RPt4DSow/edit#gid=71150222;https://docs.google.com/spreadsheets/d/1B2uTMvWlAHb7WlpupJV1A2Hbi3K3U1vCyoFV0wCapcw/edit#gid=1271313224;https://docs.google.com/spreadsheets/d/1B2uTMvWlAHb7WlpupJV1A2Hbi3K3U1vCyoFV0wCapcw/edit#gid=1521895812;https://docs.google.com/spreadsheets/d/1B2uTMvWlAHb7WlpupJV1A2Hbi3K3U1vCyoFV0wCapcw/edit#gid=1846395979;https://docs.google.com/spreadsheets/d/1B2uTMvWlAHb7WlpupJV1A2Hbi3K3U1vCyoFV0wCapcw/edit#gid=26363830;https://docs.google.com/spreadsheets/d/1FUsClf5qEny-BHY5Djp8rIwRJKBSJDvygJ8LBa62FEo/edit#gid=0;https://docs.google.com/spreadsheets/d/1JZpA-5XDldN2bjfvhvBPHYK-1AENETLnF1UxNEpWlNA/edit#gid=352888197;https://docs.google.com/spreadsheets/d/1kiwDk4NgYoKb0Oo9yqzwl9HXHxuQ_0I5gkb1JtE57PI/edit#gid=0;https://docs.google.com/spreadsheets/d/1n9SmK-ccTCn8Jjhs4U2LKnibXY8PvuBtV3V9MCOURRA/edit#gid=0;https://docs.google.com/spreadsheets/d/1nwiq_ggEj7QePeZGMR2xoi0bEHJr_ZGO24YCRdt93No/edit#gid=857670931;https://docs.google.com/spreadsheets/d/1odsNRAZStW1GzmpXwmg27dqjOlch7w8syZOZ5Z2OQRg/edit#gid=0;https://docs.google.com/spreadsheets/d/1uo7-E_E2jbehB2hbBurpPayP_0fKY5sPZcFgZmfLydY/edit#gid=1526488506;https://docs.google.com/spreadsheets/d/1uo7-E_E2jbehB2hbBurpPayP_0fKY5sPZcFgZmfLydY/edit#gid=1696255979;https://docs.google.com/spreadsheets/d/1uo7-E_E2jbehB2hbBurpPayP_0fKY5sPZcFgZmfLydY/edit#gid=520178140;https://docs.google.com/spreadsheets/d/1vJ-pioe3RZKSZ3LIGEA3FVTv_KEE_XKIQAXSIUNNd-Q/edit#gid=0;https://raw.githubusercontent.com/PokeAPI/pokeapi/master/data/v2/csv/languages.csv;https://raw.githubusercontent.com/PokeAPI/pokeapi/master/data/v2/csv/pokemon.csv;https://raw.githubusercontent.com/PokeAPI/pokeapi/master/data/v2/csv/pokemon_form_names.csv;https://raw.githubusercontent.com/PokeAPI/pokeapi/master/data/v2/csv/pokemon_forms.csv;https://raw.githubusercontent.com/PokeAPI/pokeapi/master/data/v2/csv/pokemon_species_names.csv;output/team-graphics/s3/GPL Teams Spieltag 14 (1).jpg;output/team-graphics/s3/GPL Teams Spieltag 14 (2).jpg;output/team-graphics/s4/Minetube - Triyolotree.png;output/team-graphics/s4/Prekani - PresentLP.png;output/team-graphics/s4/Schnittlauchs - PokeBazi.png;output/team-graphics/s4/Shocking Shaymins - MeLevies.png;output/team-graphics/s4/Slicing Knights - Cabgolord.png;output/team-graphics/s4/Suicide Squad - CaptainCrinch.png;output/team-graphics/s5/Marvelous Speedsters.png
season_008,Liga 2,hinrunde,Barry D. Sin of Speed,Holy Fairies,11,83.9,79.9,79.9,100,"Katapuldra, Lahmus, Panzaeron, Viscogon, Guardevoir, Arkani",data/manual/pokemon_killlists.csv;data/manual/team_pokemon_usage.csv;https://docs.google.com/spreadsheets/d/11wxsKyCydVmDjp4kGLJAOLPM_LgwCLN2GYpbDQkNtkk/edit#gid=1588964432;https://docs.google.com/spreadsheets/d/11wxsKyCydVmDjp4kGLJAOLPM_LgwCLN2GYpbDQkNtkk/edit#gid=1843013406;https://docs.google.com/spreadsheets/d/13smsrG2BGYxr_omJWcgr-sUDr39bvOJPNL5RPt4DSow/edit#gid=1934543062;https://docs.google.com/spreadsheets/d/13smsrG2BGYxr_omJWcgr-sUDr39bvOJPNL5RPt4DSow/edit#gid=71150222;https://docs.google.com/spreadsheets/d/1B2uTMvWlAHb7WlpupJV1A2Hbi3K3U1vCyoFV0wCapcw/edit#gid=1271313224;https://docs.google.com/spreadsheets/d/1B2uTMvWlAHb7WlpupJV1A2Hbi3K3U1vCyoFV0wCapcw/edit#gid=1521895812;https://docs.google.com/spreadsheets/d/1B2uTMvWlAHb7WlpupJV1A2Hbi3K3U1vCyoFV0wCapcw/edit#gid=1846395979;https://docs.google.com/spreadsheets/d/1B2uTMvWlAHb7WlpupJV1A2Hbi3K3U1vCyoFV0wCapcw/edit#gid=26363830;https://docs.google.com/spreadsheets/d/1FUsClf5qEny-BHY5Djp8rIwRJKBSJDvygJ8LBa62FEo/edit#gid=0;https://docs.google.com/spreadsheets/d/1JZpA-5XDldN2bjfvhvBPHYK-1AENETLnF1UxNEpWlNA/edit#gid=352888197;https://docs.google.com/spreadsheets/d/1kXhNwKGrqQTwSal0NxpZ9h0yo6u_mQwhwg4vGVwxMX4/edit#gid=0;https://docs.google.com/spreadsheets/d/1kiwDk4NgYoKb0Oo9yqzwl9HXHxuQ_0I5gkb1JtE57PI/edit#gid=0;https://docs.google.com/spreadsheets/d/1n9SmK-ccTCn8Jjhs4U2LKnibXY8PvuBtV3V9MCOURRA/edit#gid=0;https://docs.google.com/spreadsheets/d/1nwiq_ggEj7QePeZGMR2xoi0bEHJr_ZGO24YCRdt93No/edit#gid=857670931;https://docs.google.com/spreadsheets/d/1odsNRAZStW1GzmpXwmg27dqjOlch7w8syZOZ5Z2OQRg/edit#gid=0;https://docs.google.com/spreadsheets/d/1uo7-E_E2jbehB2hbBurpPayP_0fKY5sPZcFgZmfLydY/edit#gid=1526488506;https://docs.google.com/spreadsheets/d/1uo7-E_E2jbehB2hbBurpPayP_0fKY5sPZcFgZmfLydY/edit#gid=1696255979;https://docs.google.com/spreadsheets/d/1uo7-E_E2jbehB2hbBurpPayP_0fKY5sPZcFgZmfLydY/edit#gid=520178140;https://docs.google.com/spreadsheets/d/1vJ-pioe3RZKSZ3LIGEA3FVTv_KEE_XKIQAXSIUNNd-Q/edit#gid=0;https://raw.githubusercontent.com/PokeAPI/pokeapi/master/data/v2/csv/languages.csv;https://raw.githubusercontent.com/PokeAPI/pokeapi/master/data/v2/csv/pokemon.csv;https://raw.githubusercontent.com/PokeAPI/pokeapi/master/data/v2/csv/pokemon_form_names.csv;https://raw.githubusercontent.com/PokeAPI/pokeapi/master/data/v2/csv/pokemon_forms.csv;https://raw.githubusercontent.com/PokeAPI/pokeapi/master/data/v2/csv/pokemon_species_names.csv;output/team-graphics/s3/GPL Teams Spieltag 14 (1).jpg;output/team-graphics/s3/GPL Teams Spieltag 14 (2).jpg;output/team-graphics/s4/Enteikutierung - Lauris Enteitainment.png;output/team-graphics/s4/Prekani - PresentLP.png;output/team-graphics/s5/Aggron Berlin.png;output/team-graphics/s5/Marvelous Speedsters.png;output/team-graphics/s5/SoulStealer.png
season_010,Regular Season,regular,Domji,Shining Legends,11,83.8,79.8,79.8,100,"Pixi, Mamutel, Kapoera, Gortrom, Skelabra, Bandelby",data/manual/pokemon_killlists.csv;data/manual/team_pokemon_usage.csv;https://docs.google.com/spreadsheets/d/11wxsKyCydVmDjp4kGLJAOLPM_LgwCLN2GYpbDQkNtkk/edit#gid=1588964432;https://docs.google.com/spreadsheets/d/11wxsKyCydVmDjp4kGLJAOLPM_LgwCLN2GYpbDQkNtkk/edit#gid=1843013406;https://docs.google.com/spreadsheets/d/13smsrG2BGYxr_omJWcgr-sUDr39bvOJPNL5RPt4DSow/edit#gid=1465731937;https://docs.google.com/spreadsheets/d/13smsrG2BGYxr_omJWcgr-sUDr39bvOJPNL5RPt4DSow/edit#gid=1934543062;https://docs.google.com/spreadsheets/d/13smsrG2BGYxr_omJWcgr-sUDr39bvOJPNL5RPt4DSow/edit#gid=1953790464;https://docs.google.com/spreadsheets/d/13smsrG2BGYxr_omJWcgr-sUDr39bvOJPNL5RPt4DSow/edit#gid=71150222;https://docs.google.com/spreadsheets/d/14N_40jsahiN9DChpnNaPTnFy26If6imVHtqBGDWk6pg/edit#gid=0;https://docs.google.com/spreadsheets/d/1B2uTMvWlAHb7WlpupJV1A2Hbi3K3U1vCyoFV0wCapcw/edit#gid=1271313224;https://docs.google.com/spreadsheets/d/1B2uTMvWlAHb7WlpupJV1A2Hbi3K3U1vCyoFV0wCapcw/edit#gid=1521895812;https://docs.google.com/spreadsheets/d/1B2uTMvWlAHb7WlpupJV1A2Hbi3K3U1vCyoFV0wCapcw/edit#gid=1846395979;https://docs.google.com/spreadsheets/d/1B2uTMvWlAHb7WlpupJV1A2Hbi3K3U1vCyoFV0wCapcw/edit#gid=26363830;https://docs.google.com/spreadsheets/d/1FUsClf5qEny-BHY5Djp8rIwRJKBSJDvygJ8LBa62FEo/edit#gid=0;https://docs.google.com/spreadsheets/d/1JZpA-5XDldN2bjfvhvBPHYK-1AENETLnF1UxNEpWlNA/edit#gid=352888197;https://docs.google.com/spreadsheets/d/1kiwDk4NgYoKb0Oo9yqzwl9HXHxuQ_0I5gkb1JtE57PI/edit#gid=0;https://docs.google.com/spreadsheets/d/1n9SmK-ccTCn8Jjhs4U2LKnibXY8PvuBtV3V9MCOURRA/edit#gid=0;https://docs.google.com/spreadsheets/d/1nwiq_ggEj7QePeZGMR2xoi0bEHJr_ZGO24YCRdt93No/edit#gid=857670931;https://docs.google.com/spreadsheets/d/1odsNRAZStW1GzmpXwmg27dqjOlch7w8syZOZ5Z2OQRg/edit#gid=0;https://docs.google.com/spreadsheets/d/1uo7-E_E2jbehB2hbBurpPayP_0fKY5sPZcFgZmfLydY/edit#gid=1526488506;https://docs.google.com/spreadsheets/d/1uo7-E_E2jbehB2hbBurpPayP_0fKY5sPZcFgZmfLydY/edit#gid=1696255979;https://docs.google.com/spreadsheets/d/1uo7-E_E2jbehB2hbBurpPayP_0fKY5sPZcFgZmfLydY/edit#gid=520178140;https://docs.google.com/spreadsheets/d/1vJ-pioe3RZKSZ3LIGEA3FVTv_KEE_XKIQAXSIUNNd-Q/edit#gid=0;https://raw.githubusercontent.com/PokeAPI/pokeapi/master/data/v2/csv/languages.csv;https://raw.githubusercontent.com/PokeAPI/pokeapi/master/data/v2/csv/pokemon.csv;https://raw.githubusercontent.com/PokeAPI/pokeapi/master/data/v2/csv/pokemon_form_names.csv;https://raw.githubusercontent.com/PokeAPI/pokeapi/master/data/v2/csv/pokemon_forms.csv;https://raw.githubusercontent.com/PokeAPI/pokeapi/master/data/v2/csv/pokemon_species_names.csv;output/team-graphics/s3/GPL Teams Spieltag 14 (2).jpg;output/team-graphics/s4/Enteikutierung - Lauris Enteitainment.png;output/team-graphics/s4/Suicide Squad - CaptainCrinch.png;output/team-graphics/s4/Surstars - SurskitTV.png;output/team-graphics/s5/Cabgosport.png;output/team-graphics/s5/Howling Commandos.png;output/team-graphics/s5/Shockwaving Magearnas.png
season_006,Playoffs,playoffs,ElektechN9ne,Elekids Club,11,83.6,79.5,79.5,100,"Kyurem, Latios, Pixi, Gengar, Roserade, Impoleon",data/manual/pokemon_killlists.csv;data/manual/team_pokemon_usage.csv;https://docs.google.com/spreadsheets/d/11wxsKyCydVmDjp4kGLJAOLPM_LgwCLN2GYpbDQkNtkk/edit#gid=1588964432;https://docs.google.com/spreadsheets/d/11wxsKyCydVmDjp4kGLJAOLPM_LgwCLN2GYpbDQkNtkk/edit#gid=1843013406;https://docs.google.com/spreadsheets/d/11wxsKyCydVmDjp4kGLJAOLPM_LgwCLN2GYpbDQkNtkk/edit#gid=654435343;https://docs.google.com/spreadsheets/d/13smsrG2BGYxr_omJWcgr-sUDr39bvOJPNL5RPt4DSow/edit#gid=1934543062;https://docs.google.com/spreadsheets/d/13smsrG2BGYxr_omJWcgr-sUDr39bvOJPNL5RPt4DSow/edit#gid=1953790464;https://docs.google.com/spreadsheets/d/13smsrG2BGYxr_omJWcgr-sUDr39bvOJPNL5RPt4DSow/edit#gid=71150222;https://docs.google.com/spreadsheets/d/1B2uTMvWlAHb7WlpupJV1A2Hbi3K3U1vCyoFV0wCapcw/edit#gid=1271313224;https://docs.google.com/spreadsheets/d/1B2uTMvWlAHb7WlpupJV1A2Hbi3K3U1vCyoFV0wCapcw/edit#gid=1521895812;https://docs.google.com/spreadsheets/d/1B2uTMvWlAHb7WlpupJV1A2Hbi3K3U1vCyoFV0wCapcw/edit#gid=1846395979;https://docs.google.com/spreadsheets/d/1B2uTMvWlAHb7WlpupJV1A2Hbi3K3U1vCyoFV0wCapcw/edit#gid=26363830;https://docs.google.com/spreadsheets/d/1FUsClf5qEny-BHY5Djp8rIwRJKBSJDvygJ8LBa62FEo/edit#gid=0;https://docs.google.com/spreadsheets/d/1JZpA-5XDldN2bjfvhvBPHYK-1AENETLnF1UxNEpWlNA/edit#gid=352888197;https://docs.google.com/spreadsheets/d/1kiwDk4NgYoKb0Oo9yqzwl9HXHxuQ_0I5gkb1JtE57PI/edit#gid=0;https://docs.google.com/spreadsheets/d/1n9SmK-ccTCn8Jjhs4U2LKnibXY8PvuBtV3V9MCOURRA/edit#gid=0;https://docs.google.com/spreadsheets/d/1nwiq_ggEj7QePeZGMR2xoi0bEHJr_ZGO24YCRdt93No/edit#gid=857670931;https://docs.google.com/spreadsheets/d/1odsNRAZStW1GzmpXwmg27dqjOlch7w8syZOZ5Z2OQRg/edit#gid=0;https://docs.google.com/spreadsheets/d/1uo7-E_E2jbehB2hbBurpPayP_0fKY5sPZcFgZmfLydY/edit#gid=1526488506;https://docs.google.com/spreadsheets/d/1uo7-E_E2jbehB2hbBurpPayP_0fKY5sPZcFgZmfLydY/edit#gid=1696255979;https://docs.google.com/spreadsheets/d/1uo7-E_E2jbehB2hbBurpPayP_0fKY5sPZcFgZmfLydY/edit#gid=520178140;https://docs.google.com/spreadsheets/d/1vJ-pioe3RZKSZ3LIGEA3FVTv_KEE_XKIQAXSIUNNd-Q/edit#gid=0;https://raw.githubusercontent.com/PokeAPI/pokeapi/master/data/v2/csv/languages.csv;https://raw.githubusercontent.com/PokeAPI/pokeapi/master/data/v2/csv/pokemon.csv;https://raw.githubusercontent.com/PokeAPI/pokeapi/master/data/v2/csv/pokemon_form_names.csv;https://raw.githubusercontent.com/PokeAPI/pokeapi/master/data/v2/csv/pokemon_forms.csv;https://raw.githubusercontent.com/PokeAPI/pokeapi/master/data/v2/csv/pokemon_species_names.csv;output/team-graphics/s3/GPL Teams Spieltag 14 (1).jpg;output/team-graphics/s3/GPL Teams Spieltag 14 (2).jpg;output/team-graphics/s4/Enteikutierung - Lauris Enteitainment.png;output/team-graphics/s4/Schnittlauchs - PokeBazi.png;output/team-graphics/s4/Slicing Knights - Cabgolord.png;output/team-graphics/s4/Variant Vulpix - CrowdController.png;output/team-graphics/s5/Cabgosport.png;output/team-graphics/s5/Marvelous Speedsters.png
season_009,Doubles,rueckrunde,Bene,Victory Instinct,11,83.5,79.4,79.4,100,"Zeraora, Scherox, Volcanion, UHaFnir, Nidoqueen, Miltank",data/manual/pokemon_killlists.csv;data/manual/team_pokemon_usage.csv;https://docs.google.com/spreadsheets/d/11wxsKyCydVmDjp4kGLJAOLPM_LgwCLN2GYpbDQkNtkk/edit#gid=1588964432;https://docs.google.com/spreadsheets/d/11wxsKyCydVmDjp4kGLJAOLPM_LgwCLN2GYpbDQkNtkk/edit#gid=1843013406;https://docs.google.com/spreadsheets/d/11wxsKyCydVmDjp4kGLJAOLPM_LgwCLN2GYpbDQkNtkk/edit#gid=654435343;https://docs.google.com/spreadsheets/d/13smsrG2BGYxr_omJWcgr-sUDr39bvOJPNL5RPt4DSow/edit#gid=1934543062;https://docs.google.com/spreadsheets/d/13smsrG2BGYxr_omJWcgr-sUDr39bvOJPNL5RPt4DSow/edit#gid=1953790464;https://docs.google.com/spreadsheets/d/13smsrG2BGYxr_omJWcgr-sUDr39bvOJPNL5RPt4DSow/edit#gid=71150222;https://docs.google.com/spreadsheets/d/1B2uTMvWlAHb7WlpupJV1A2Hbi3K3U1vCyoFV0wCapcw/edit#gid=1271313224;https://docs.google.com/spreadsheets/d/1B2uTMvWlAHb7WlpupJV1A2Hbi3K3U1vCyoFV0wCapcw/edit#gid=1521895812;https://docs.google.com/spreadsheets/d/1B2uTMvWlAHb7WlpupJV1A2Hbi3K3U1vCyoFV0wCapcw/edit#gid=1846395979;https://docs.google.com/spreadsheets/d/1B2uTMvWlAHb7WlpupJV1A2Hbi3K3U1vCyoFV0wCapcw/edit#gid=26363830;https://docs.google.com/spreadsheets/d/1FUsClf5qEny-BHY5Djp8rIwRJKBSJDvygJ8LBa62FEo/edit#gid=0;https://docs.google.com/spreadsheets/d/1JZpA-5XDldN2bjfvhvBPHYK-1AENETLnF1UxNEpWlNA/edit#gid=352888197;https://docs.google.com/spreadsheets/d/1kXhNwKGrqQTwSal0NxpZ9h0yo6u_mQwhwg4vGVwxMX4/edit#gid=0;https://docs.google.com/spreadsheets/d/1kiwDk4NgYoKb0Oo9yqzwl9HXHxuQ_0I5gkb1JtE57PI/edit#gid=0;https://docs.google.com/spreadsheets/d/1n9SmK-ccTCn8Jjhs4U2LKnibXY8PvuBtV3V9MCOURRA/edit#gid=0;https://docs.google.com/spreadsheets/d/1nwiq_ggEj7QePeZGMR2xoi0bEHJr_ZGO24YCRdt93No/edit#gid=857670931;https://docs.google.com/spreadsheets/d/1odsNRAZStW1GzmpXwmg27dqjOlch7w8syZOZ5Z2OQRg/edit#gid=0;https://docs.google.com/spreadsheets/d/1uo7-E_E2jbehB2hbBurpPayP_0fKY5sPZcFgZmfLydY/edit#gid=1526488506;https://docs.google.com/spreadsheets/d/1uo7-E_E2jbehB2hbBurpPayP_0fKY5sPZcFgZmfLydY/edit#gid=1696255979;https://docs.google.com/spreadsheets/d/1uo7-E_E2jbehB2hbBurpPayP_0fKY5sPZcFgZmfLydY/edit#gid=1992807502;https://docs.google.com/spreadsheets/d/1uo7-E_E2jbehB2hbBurpPayP_0fKY5sPZcFgZmfLydY/edit#gid=520178140;https://docs.google.com/spreadsheets/d/1uo7-E_E2jbehB2hbBurpPayP_0fKY5sPZcFgZmfLydY/edit#gid=754790791;https://docs.google.com/spreadsheets/d/1vJ-pioe3RZKSZ3LIGEA3FVTv_KEE_XKIQAXSIUNNd-Q/edit#gid=0;https://raw.githubusercontent.com/PokeAPI/pokeapi/master/data/v2/csv/languages.csv;https://raw.githubusercontent.com/PokeAPI/pokeapi/master/data/v2/csv/pokemon.csv;https://raw.githubusercontent.com/PokeAPI/pokeapi/master/data/v2/csv/pokemon_form_names.csv;https://raw.githubusercontent.com/PokeAPI/pokeapi/master/data/v2/csv/pokemon_forms.csv;https://raw.githubusercontent.com/PokeAPI/pokeapi/master/data/v2/csv/pokemon_species_names.csv;output/team-graphics/s3/GPL Teams Spieltag 14 (1).jpg;output/team-graphics/s4/Prekani - PresentLP.png;output/team-graphics/s4/Slicing Knights - Cabgolord.png;output/team-graphics/s5/Energie Tobutz.png;output/team-graphics/s5/Howling Commandos.png
season_009,Singles,rueckrunde,El Scizor,Victory Instinct,11,83.5,79.4,79.4,100,"Zeraora, Scherox, Volcanion, UHaFnir, Nidoqueen, Miltank",data/manual/pokemon_killlists.csv;data/manual/team_pokemon_usage.csv;https://docs.google.com/spreadsheets/d/11wxsKyCydVmDjp4kGLJAOLPM_LgwCLN2GYpbDQkNtkk/edit#gid=1588964432;https://docs.google.com/spreadsheets/d/11wxsKyCydVmDjp4kGLJAOLPM_LgwCLN2GYpbDQkNtkk/edit#gid=1843013406;https://docs.google.com/spreadsheets/d/11wxsKyCydVmDjp4kGLJAOLPM_LgwCLN2GYpbDQkNtkk/edit#gid=654435343;https://docs.google.com/spreadsheets/d/13smsrG2BGYxr_omJWcgr-sUDr39bvOJPNL5RPt4DSow/edit#gid=1934543062;https://docs.google.com/spreadsheets/d/13smsrG2BGYxr_omJWcgr-sUDr39bvOJPNL5RPt4DSow/edit#gid=1953790464;https://docs.google.com/spreadsheets/d/13smsrG2BGYxr_omJWcgr-sUDr39bvOJPNL5RPt4DSow/edit#gid=71150222;https://docs.google.com/spreadsheets/d/1B2uTMvWlAHb7WlpupJV1A2Hbi3K3U1vCyoFV0wCapcw/edit#gid=1271313224;https://docs.google.com/spreadsheets/d/1B2uTMvWlAHb7WlpupJV1A2Hbi3K3U1vCyoFV0wCapcw/edit#gid=1521895812;https://docs.google.com/spreadsheets/d/1B2uTMvWlAHb7WlpupJV1A2Hbi3K3U1vCyoFV0wCapcw/edit#gid=1846395979;https://docs.google.com/spreadsheets/d/1B2uTMvWlAHb7WlpupJV1A2Hbi3K3U1vCyoFV0wCapcw/edit#gid=26363830;https://docs.google.com/spreadsheets/d/1FUsClf5qEny-BHY5Djp8rIwRJKBSJDvygJ8LBa62FEo/edit#gid=0;https://docs.google.com/spreadsheets/d/1JZpA-5XDldN2bjfvhvBPHYK-1AENETLnF1UxNEpWlNA/edit#gid=352888197;https://docs.google.com/spreadsheets/d/1kXhNwKGrqQTwSal0NxpZ9h0yo6u_mQwhwg4vGVwxMX4/edit#gid=0;https://docs.google.com/spreadsheets/d/1kiwDk4NgYoKb0Oo9yqzwl9HXHxuQ_0I5gkb1JtE57PI/edit#gid=0;https://docs.google.com/spreadsheets/d/1n9SmK-ccTCn8Jjhs4U2LKnibXY8PvuBtV3V9MCOURRA/edit#gid=0;https://docs.google.com/spreadsheets/d/1nwiq_ggEj7QePeZGMR2xoi0bEHJr_ZGO24YCRdt93No/edit#gid=857670931;https://docs.google.com/spreadsheets/d/1odsNRAZStW1GzmpXwmg27dqjOlch7w8syZOZ5Z2OQRg/edit#gid=0;https://docs.google.com/spreadsheets/d/1uo7-E_E2jbehB2hbBurpPayP_0fKY5sPZcFgZmfLydY/edit#gid=1526488506;https://docs.google.com/spreadsheets/d/1uo7-E_E2jbehB2hbBurpPayP_0fKY5sPZcFgZmfLydY/edit#gid=1696255979;https://docs.google.com/spreadsheets/d/1uo7-E_E2jbehB2hbBurpPayP_0fKY5sPZcFgZmfLydY/edit#gid=1992807502;https://docs.google.com/spreadsheets/d/1uo7-E_E2jbehB2hbBurpPayP_0fKY5sPZcFgZmfLydY/edit#gid=520178140;https://docs.google.com/spreadsheets/d/1uo7-E_E2jbehB2hbBurpPayP_0fKY5sPZcFgZmfLydY/edit#gid=754790791;https://docs.google.com/spreadsheets/d/1vJ-pioe3RZKSZ3LIGEA3FVTv_KEE_XKIQAXSIUNNd-Q/edit#gid=0;https://raw.githubusercontent.com/PokeAPI/pokeapi/master/data/v2/csv/languages.csv;https://raw.githubusercontent.com/PokeAPI/pokeapi/master/data/v2/csv/pokemon.csv;https://raw.githubusercontent.com/PokeAPI/pokeapi/master/data/v2/csv/pokemon_form_names.csv;https://raw.githubusercontent.com/PokeAPI/pokeapi/master/data/v2/csv/pokemon_forms.csv;https://raw.githubusercontent.com/PokeAPI/pokeapi/master/data/v2/csv/pokemon_species_names.csv;output/team-graphics/s3/GPL Teams Spieltag 14 (1).jpg;output/team-graphics/s4/Prekani - PresentLP.png;output/team-graphics/s4/Slicing Knights - Cabgolord.png;output/team-graphics/s5/Energie Tobutz.png;output/team-graphics/s5/Howling Commandos.png
season_006,Playoffs,playoffs,Bene,Kleinsteins;Gate,11,83.1,78.9,78.9,100,"Knakrack, Rotom, Panferno, Gastrodon, Elfun, Bronzong",data/manual/pokemon_killlists.csv;data/manual/team_pokemon_usage.csv;https://docs.google.com/spreadsheets/d/11wxsKyCydVmDjp4kGLJAOLPM_LgwCLN2GYpbDQkNtkk/edit#gid=1588964432;https://docs.google.com/spreadsheets/d/11wxsKyCydVmDjp4kGLJAOLPM_LgwCLN2GYpbDQkNtkk/edit#gid=1843013406;https://docs.google.com/spreadsheets/d/11wxsKyCydVmDjp4kGLJAOLPM_LgwCLN2GYpbDQkNtkk/edit#gid=654435343;https://docs.google.com/spreadsheets/d/13smsrG2BGYxr_omJWcgr-sUDr39bvOJPNL5RPt4DSow/edit#gid=1934543062;https://docs.google.com/spreadsheets/d/13smsrG2BGYxr_omJWcgr-sUDr39bvOJPNL5RPt4DSow/edit#gid=1953790464;https://docs.google.com/spreadsheets/d/13smsrG2BGYxr_omJWcgr-sUDr39bvOJPNL5RPt4DSow/edit#gid=71150222;https://docs.google.com/spreadsheets/d/1B2uTMvWlAHb7WlpupJV1A2Hbi3K3U1vCyoFV0wCapcw/edit#gid=1271313224;https://docs.google.com/spreadsheets/d/1B2uTMvWlAHb7WlpupJV1A2Hbi3K3U1vCyoFV0wCapcw/edit#gid=1521895812;https://docs.google.com/spreadsheets/d/1B2uTMvWlAHb7WlpupJV1A2Hbi3K3U1vCyoFV0wCapcw/edit#gid=1846395979;https://docs.google.com/spreadsheets/d/1B2uTMvWlAHb7WlpupJV1A2Hbi3K3U1vCyoFV0wCapcw/edit#gid=26363830;https://docs.google.com/spreadsheets/d/1FUsClf5qEny-BHY5Djp8rIwRJKBSJDvygJ8LBa62FEo/edit#gid=0;https://docs.google.com/spreadsheets/d/1JZpA-5XDldN2bjfvhvBPHYK-1AENETLnF1UxNEpWlNA/edit#gid=352888197;https://docs.google.com/spreadsheets/d/1kXhNwKGrqQTwSal0NxpZ9h0yo6u_mQwhwg4vGVwxMX4/edit#gid=0;https://docs.google.com/spreadsheets/d/1kiwDk4NgYoKb0Oo9yqzwl9HXHxuQ_0I5gkb1JtE57PI/edit#gid=0;https://docs.google.com/spreadsheets/d/1n9SmK-ccTCn8Jjhs4U2LKnibXY8PvuBtV3V9MCOURRA/edit#gid=0;https://docs.google.com/spreadsheets/d/1nwiq_ggEj7QePeZGMR2xoi0bEHJr_ZGO24YCRdt93No/edit#gid=857670931;https://docs.google.com/spreadsheets/d/1odsNRAZStW1GzmpXwmg27dqjOlch7w8syZOZ5Z2OQRg/edit#gid=0;https://docs.google.com/spreadsheets/d/1uo7-E_E2jbehB2hbBurpPayP_0fKY5sPZcFgZmfLydY/edit#gid=1526488506;https://docs.google.com/spreadsheets/d/1uo7-E_E2jbehB2hbBurpPayP_0fKY5sPZcFgZmfLydY/edit#gid=1696255979;https://docs.google.com/spreadsheets/d/1uo7-E_E2jbehB2hbBurpPayP_0fKY5sPZcFgZmfLydY/edit#gid=520178140;https://docs.google.com/spreadsheets/d/1vJ-pioe3RZKSZ3LIGEA3FVTv_KEE_XKIQAXSIUNNd-Q/edit#gid=0;https://raw.githubusercontent.com/PokeAPI/pokeapi/master/data/v2/csv/languages.csv;https://raw.githubusercontent.com/PokeAPI/pokeapi/master/data/v2/csv/pokemon.csv;https://raw.githubusercontent.com/PokeAPI/pokeapi/master/data/v2/csv/pokemon_form_names.csv;https://raw.githubusercontent.com/PokeAPI/pokeapi/master/data/v2/csv/pokemon_forms.csv;https://raw.githubusercontent.com/PokeAPI/pokeapi/master/data/v2/csv/pokemon_species_names.csv;output/team-graphics/s3/GPL Teams Spieltag 14 (1).jpg;output/team-graphics/s3/GPL Teams Spieltag 14 (2).jpg;output/team-graphics/s4/Minetube - Triyolotree.png;output/team-graphics/s4/Ritter der Tapukokosnuss - FullLifeGames.png;output/team-graphics/s4/Schnittlauchs - PokeBazi.png;output/team-graphics/s4/Suicide Squad - CaptainCrinch.png;output/team-graphics/s5/Energie Tobutz.png;output/team-graphics/s5/Howling Commandos.png;output/team-graphics/s5/Shockwaving Magearnas.png
season_008,Liga 1,hinrunde,Bene,Victini Bottom,11,83.1,78.9,78.9,100,"Pixi, Laschoking, Caesurio, UHaFniR, Bronzong, Tauros",data/manual/pokemon_killlists.csv;data/manual/team_pokemon_usage.csv;https://docs.google.com/spreadsheets/d/11wxsKyCydVmDjp4kGLJAOLPM_LgwCLN2GYpbDQkNtkk/edit#gid=1588964432;https://docs.google.com/spreadsheets/d/11wxsKyCydVmDjp4kGLJAOLPM_LgwCLN2GYpbDQkNtkk/edit#gid=1843013406;https://docs.google.com/spreadsheets/d/11wxsKyCydVmDjp4kGLJAOLPM_LgwCLN2GYpbDQkNtkk/edit#gid=654435343;https://docs.google.com/spreadsheets/d/13smsrG2BGYxr_omJWcgr-sUDr39bvOJPNL5RPt4DSow/edit#gid=1934543062;https://docs.google.com/spreadsheets/d/13smsrG2BGYxr_omJWcgr-sUDr39bvOJPNL5RPt4DSow/edit#gid=1953790464;https://docs.google.com/spreadsheets/d/13smsrG2BGYxr_omJWcgr-sUDr39bvOJPNL5RPt4DSow/edit#gid=71150222;https://docs.google.com/spreadsheets/d/1B2uTMvWlAHb7WlpupJV1A2Hbi3K3U1vCyoFV0wCapcw/edit#gid=1271313224;https://docs.google.com/spreadsheets/d/1B2uTMvWlAHb7WlpupJV1A2Hbi3K3U1vCyoFV0wCapcw/edit#gid=1521895812;https://docs.google.com/spreadsheets/d/1B2uTMvWlAHb7WlpupJV1A2Hbi3K3U1vCyoFV0wCapcw/edit#gid=1846395979;https://docs.google.com/spreadsheets/d/1B2uTMvWlAHb7WlpupJV1A2Hbi3K3U1vCyoFV0wCapcw/edit#gid=26363830;https://docs.google.com/spreadsheets/d/1FUsClf5qEny-BHY5Djp8rIwRJKBSJDvygJ8LBa62FEo/edit#gid=0;https://docs.google.com/spreadsheets/d/1JZpA-5XDldN2bjfvhvBPHYK-1AENETLnF1UxNEpWlNA/edit#gid=352888197;https://docs.google.com/spreadsheets/d/1kiwDk4NgYoKb0Oo9yqzwl9HXHxuQ_0I5gkb1JtE57PI/edit#gid=0;https://docs.google.com/spreadsheets/d/1n9SmK-ccTCn8Jjhs4U2LKnibXY8PvuBtV3V9MCOURRA/edit#gid=0;https://docs.google.com/spreadsheets/d/1nwiq_ggEj7QePeZGMR2xoi0bEHJr_ZGO24YCRdt93No/edit#gid=857670931;https://docs.google.com/spreadsheets/d/1odsNRAZStW1GzmpXwmg27dqjOlch7w8syZOZ5Z2OQRg/edit#gid=0;https://docs.google.com/spreadsheets/d/1uo7-E_E2jbehB2hbBurpPayP_0fKY5sPZcFgZmfLydY/edit#gid=1526488506;https://docs.google.com/spreadsheets/d/1uo7-E_E2jbehB2hbBurpPayP_0fKY5sPZcFgZmfLydY/edit#gid=1696255979;https://docs.google.com/spreadsheets/d/1uo7-E_E2jbehB2hbBurpPayP_0fKY5sPZcFgZmfLydY/edit#gid=520178140;https://docs.google.com/spreadsheets/d/1vJ-pioe3RZKSZ3LIGEA3FVTv_KEE_XKIQAXSIUNNd-Q/edit#gid=0;https://raw.githubusercontent.com/PokeAPI/pokeapi/master/data/v2/csv/languages.csv;https://raw.githubusercontent.com/PokeAPI/pokeapi/master/data/v2/csv/pokemon.csv;https://raw.githubusercontent.com/PokeAPI/pokeapi/master/data/v2/csv/pokemon_form_names.csv;https://raw.githubusercontent.com/PokeAPI/pokeapi/master/data/v2/csv/pokemon_forms.csv;https://raw.githubusercontent.com/PokeAPI/pokeapi/master/data/v2/csv/pokemon_species_names.csv;output/team-graphics/s3/GPL Teams Spieltag 14 (1).jpg;output/team-graphics/s3/GPL Teams Spieltag 14 (2).jpg;output/team-graphics/s4/Enteikutierung - Lauris Enteitainment.png;output/team-graphics/s4/Ritter der Tapukokosnuss - FullLifeGames.png;output/team-graphics/s4/Suicide Squad - CaptainCrinch.png;output/team-graphics/s5/Energie Tobutz.png;output/team-graphics/s5/Howling Commandos.png
season_008,Liga 1,hinrunde,Hydronic,Arktipico,11,83.0,78.8,78.8,100,"Knakrack, Jirachi, Azumarill, Milotic, Iksbat, Sniebel",data/manual/pokemon_killlists.csv;data/manual/team_pokemon_usage.csv;https://docs.google.com/spreadsheets/d/11wxsKyCydVmDjp4kGLJAOLPM_LgwCLN2GYpbDQkNtkk/edit#gid=1588964432;https://docs.google.com/spreadsheets/d/11wxsKyCydVmDjp4kGLJAOLPM_LgwCLN2GYpbDQkNtkk/edit#gid=1843013406;https://docs.google.com/spreadsheets/d/11wxsKyCydVmDjp4kGLJAOLPM_LgwCLN2GYpbDQkNtkk/edit#gid=654435343;https://docs.google.com/spreadsheets/d/13smsrG2BGYxr_omJWcgr-sUDr39bvOJPNL5RPt4DSow/edit#gid=1934543062;https://docs.google.com/spreadsheets/d/13smsrG2BGYxr_omJWcgr-sUDr39bvOJPNL5RPt4DSow/edit#gid=1953790464;https://docs.google.com/spreadsheets/d/13smsrG2BGYxr_omJWcgr-sUDr39bvOJPNL5RPt4DSow/edit#gid=71150222;https://docs.google.com/spreadsheets/d/1B2uTMvWlAHb7WlpupJV1A2Hbi3K3U1vCyoFV0wCapcw/edit#gid=1271313224;https://docs.google.com/spreadsheets/d/1B2uTMvWlAHb7WlpupJV1A2Hbi3K3U1vCyoFV0wCapcw/edit#gid=1521895812;https://docs.google.com/spreadsheets/d/1B2uTMvWlAHb7WlpupJV1A2Hbi3K3U1vCyoFV0wCapcw/edit#gid=1846395979;https://docs.google.com/spreadsheets/d/1B2uTMvWlAHb7WlpupJV1A2Hbi3K3U1vCyoFV0wCapcw/edit#gid=26363830;https://docs.google.com/spreadsheets/d/1FUsClf5qEny-BHY5Djp8rIwRJKBSJDvygJ8LBa62FEo/edit#gid=0;https://docs.google.com/spreadsheets/d/1JZpA-5XDldN2bjfvhvBPHYK-1AENETLnF1UxNEpWlNA/edit#gid=352888197;https://docs.google.com/spreadsheets/d/1kiwDk4NgYoKb0Oo9yqzwl9HXHxuQ_0I5gkb1JtE57PI/edit#gid=0;https://docs.google.com/spreadsheets/d/1n9SmK-ccTCn8Jjhs4U2LKnibXY8PvuBtV3V9MCOURRA/edit#gid=0;https://docs.google.com/spreadsheets/d/1nwiq_ggEj7QePeZGMR2xoi0bEHJr_ZGO24YCRdt93No/edit#gid=857670931;https://docs.google.com/spreadsheets/d/1odsNRAZStW1GzmpXwmg27dqjOlch7w8syZOZ5Z2OQRg/edit#gid=0;https://docs.google.com/spreadsheets/d/1uo7-E_E2jbehB2hbBurpPayP_0fKY5sPZcFgZmfLydY/edit#gid=1526488506;https://docs.google.com/spreadsheets/d/1uo7-E_E2jbehB2hbBurpPayP_0fKY5sPZcFgZmfLydY/edit#gid=1696255979;https://docs.google.com/spreadsheets/d/1uo7-E_E2jbehB2hbBurpPayP_0fKY5sPZcFgZmfLydY/edit#gid=520178140;https://docs.google.com/spreadsheets/d/1vJ-pioe3RZKSZ3LIGEA3FVTv_KEE_XKIQAXSIUNNd-Q/edit#gid=0;https://raw.githubusercontent.com/PokeAPI/pokeapi/master/data/v2/csv/languages.csv;https://raw.githubusercontent.com/PokeAPI/pokeapi/master/data/v2/csv/pokemon.csv;https://raw.githubusercontent.com/PokeAPI/pokeapi/master/data/v2/csv/pokemon_form_names.csv;https://raw.githubusercontent.com/PokeAPI/pokeapi/master/data/v2/csv/pokemon_forms.csv;https://raw.githubusercontent.com/PokeAPI/pokeapi/master/data/v2/csv/pokemon_species_names.csv;output/team-graphics/s3/GPL Teams Spieltag 14 (1).jpg;output/team-graphics/s3/GPL Teams Spieltag 14 (2).jpg;output/team-graphics/s4/Enteikutierung - Lauris Enteitainment.png;output/team-graphics/s4/Minetube - Triyolotree.png;output/team-graphics/s4/Ritter der Tapukokosnuss - FullLifeGames.png;output/team-graphics/s4/Slicing Knights - Cabgolord.png;output/team-graphics/s5/Howling Commandos.png;output/team-graphics/s5/Shockwaving Magearnas.png;output/team-graphics/s5/SoulStealer.png
season_010,Playoffs,playoffs,Bene,Wackel Backel,11,83.0,78.7,78.7,100,"Pixi, Caesurio, Volcanion, UHaFnir, Selfe, Gastrodon",data/manual/pokemon_killlists.csv;data/manual/team_pokemon_usage.csv;https://docs.google.com/spreadsheets/d/11wxsKyCydVmDjp4kGLJAOLPM_LgwCLN2GYpbDQkNtkk/edit#gid=1588964432;https://docs.google.com/spreadsheets/d/11wxsKyCydVmDjp4kGLJAOLPM_LgwCLN2GYpbDQkNtkk/edit#gid=1843013406;https://docs.google.com/spreadsheets/d/11wxsKyCydVmDjp4kGLJAOLPM_LgwCLN2GYpbDQkNtkk/edit#gid=654435343;https://docs.google.com/spreadsheets/d/13smsrG2BGYxr_omJWcgr-sUDr39bvOJPNL5RPt4DSow/edit#gid=1934543062;https://docs.google.com/spreadsheets/d/13smsrG2BGYxr_omJWcgr-sUDr39bvOJPNL5RPt4DSow/edit#gid=1953790464;https://docs.google.com/spreadsheets/d/13smsrG2BGYxr_omJWcgr-sUDr39bvOJPNL5RPt4DSow/edit#gid=71150222;https://docs.google.com/spreadsheets/d/1B2uTMvWlAHb7WlpupJV1A2Hbi3K3U1vCyoFV0wCapcw/edit#gid=1271313224;https://docs.google.com/spreadsheets/d/1B2uTMvWlAHb7WlpupJV1A2Hbi3K3U1vCyoFV0wCapcw/edit#gid=1521895812;https://docs.google.com/spreadsheets/d/1B2uTMvWlAHb7WlpupJV1A2Hbi3K3U1vCyoFV0wCapcw/edit#gid=1846395979;https://docs.google.com/spreadsheets/d/1B2uTMvWlAHb7WlpupJV1A2Hbi3K3U1vCyoFV0wCapcw/edit#gid=26363830;https://docs.google.com/spreadsheets/d/1FUsClf5qEny-BHY5Djp8rIwRJKBSJDvygJ8LBa62FEo/edit#gid=0;https://docs.google.com/spreadsheets/d/1JZpA-5XDldN2bjfvhvBPHYK-1AENETLnF1UxNEpWlNA/edit#gid=352888197;https://docs.google.com/spreadsheets/d/1kiwDk4NgYoKb0Oo9yqzwl9HXHxuQ_0I5gkb1JtE57PI/edit#gid=0;https://docs.google.com/spreadsheets/d/1n9SmK-ccTCn8Jjhs4U2LKnibXY8PvuBtV3V9MCOURRA/edit#gid=0;https://docs.google.com/spreadsheets/d/1nwiq_ggEj7QePeZGMR2xoi0bEHJr_ZGO24YCRdt93No/edit#gid=857670931;https://docs.google.com/spreadsheets/d/1odsNRAZStW1GzmpXwmg27dqjOlch7w8syZOZ5Z2OQRg/edit#gid=0;https://docs.google.com/spreadsheets/d/1uo7-E_E2jbehB2hbBurpPayP_0fKY5sPZcFgZmfLydY/edit#gid=1526488506;https://docs.google.com/spreadsheets/d/1uo7-E_E2jbehB2hbBurpPayP_0fKY5sPZcFgZmfLydY/edit#gid=1696255979;https://docs.google.com/spreadsheets/d/1uo7-E_E2jbehB2hbBurpPayP_0fKY5sPZcFgZmfLydY/edit#gid=520178140;https://docs.google.com/spreadsheets/d/1vJ-pioe3RZKSZ3LIGEA3FVTv_KEE_XKIQAXSIUNNd-Q/edit#gid=0;https://raw.githubusercontent.com/PokeAPI/pokeapi/master/data/v2/csv/languages.csv;https://raw.githubusercontent.com/PokeAPI/pokeapi/master/data/v2/csv/pokemon.csv;https://raw.githubusercontent.com/PokeAPI/pokeapi/master/data/v2/csv/pokemon_form_names.csv;https://raw.githubusercontent.com/PokeAPI/pokeapi/master/data/v2/csv/pokemon_forms.csv;https://raw.githubusercontent.com/PokeAPI/pokeapi/master/data/v2/csv/pokemon_species_names.csv;output/team-graphics/s3/GPL Teams Spieltag 14 (1).jpg;output/team-graphics/s3/GPL Teams Spieltag 14 (2).jpg;output/team-graphics/s4/Enteikutierung - Lauris Enteitainment.png;output/team-graphics/s4/Ritter der Tapukokosnuss - FullLifeGames.png;output/team-graphics/s4/Suicide Squad - CaptainCrinch.png;output/team-graphics/s5/Energie Tobutz.png;output/team-graphics/s5/Victini Bottom.png
season_003,Regular Season,rueckrunde,Bene,Unlimited Blade Works*¹,16,82.9,78.6,78.6,100,"Zapdos, Heatran, Caesurio, Brutalanda, Suicune, Piepi",data/manual/pokemon_killlists.csv;data/manual/team_pokemon_usage.csv;https://docs.google.com/spreadsheets/d/11wxsKyCydVmDjp4kGLJAOLPM_LgwCLN2GYpbDQkNtkk/edit#gid=1588964432;https://docs.google.com/spreadsheets/d/11wxsKyCydVmDjp4kGLJAOLPM_LgwCLN2GYpbDQkNtkk/edit#gid=1843013406;https://docs.google.com/spreadsheets/d/13smsrG2BGYxr_omJWcgr-sUDr39bvOJPNL5RPt4DSow/edit#gid=1934543062;https://docs.google.com/spreadsheets/d/13smsrG2BGYxr_omJWcgr-sUDr39bvOJPNL5RPt4DSow/edit#gid=71150222;https://docs.google.com/spreadsheets/d/1B2uTMvWlAHb7WlpupJV1A2Hbi3K3U1vCyoFV0wCapcw/edit#gid=1271313224;https://docs.google.com/spreadsheets/d/1B2uTMvWlAHb7WlpupJV1A2Hbi3K3U1vCyoFV0wCapcw/edit#gid=1521895812;https://docs.google.com/spreadsheets/d/1B2uTMvWlAHb7WlpupJV1A2Hbi3K3U1vCyoFV0wCapcw/edit#gid=1846395979;https://docs.google.com/spreadsheets/d/1B2uTMvWlAHb7WlpupJV1A2Hbi3K3U1vCyoFV0wCapcw/edit#gid=26363830;https://docs.google.com/spreadsheets/d/1FUsClf5qEny-BHY5Djp8rIwRJKBSJDvygJ8LBa62FEo/edit#gid=0;https://docs.google.com/spreadsheets/d/1JZpA-5XDldN2bjfvhvBPHYK-1AENETLnF1UxNEpWlNA/edit#gid=352888197;https://docs.google.com/spreadsheets/d/1kXhNwKGrqQTwSal0NxpZ9h0yo6u_mQwhwg4vGVwxMX4/edit#gid=0;https://docs.google.com/spreadsheets/d/1kiwDk4NgYoKb0Oo9yqzwl9HXHxuQ_0I5gkb1JtE57PI/edit#gid=0;https://docs.google.com/spreadsheets/d/1n9SmK-ccTCn8Jjhs4U2LKnibXY8PvuBtV3V9MCOURRA/edit#gid=0;https://docs.google.com/spreadsheets/d/1nwiq_ggEj7QePeZGMR2xoi0bEHJr_ZGO24YCRdt93No/edit#gid=857670931;https://docs.google.com/spreadsheets/d/1odsNRAZStW1GzmpXwmg27dqjOlch7w8syZOZ5Z2OQRg/edit#gid=0;https://docs.google.com/spreadsheets/d/1uo7-E_E2jbehB2hbBurpPayP_0fKY5sPZcFgZmfLydY/edit#gid=1526488506;https://docs.google.com/spreadsheets/d/1uo7-E_E2jbehB2hbBurpPayP_0fKY5sPZcFgZmfLydY/edit#gid=1696255979;https://docs.google.com/spreadsheets/d/1uo7-E_E2jbehB2hbBurpPayP_0fKY5sPZcFgZmfLydY/edit#gid=520178140;https://docs.google.com/spreadsheets/d/1vJ-pioe3RZKSZ3LIGEA3FVTv_KEE_XKIQAXSIUNNd-Q/edit#gid=0;https://raw.githubusercontent.com/PokeAPI/pokeapi/master/data/v2/csv/languages.csv;https://raw.githubusercontent.com/PokeAPI/pokeapi/master/data/v2/csv/pokemon.csv;https://raw.githubusercontent.com/PokeAPI/pokeapi/master/data/v2/csv/pokemon_form_names.csv;https://raw.githubusercontent.com/PokeAPI/pokeapi/master/data/v2/csv/pokemon_forms.csv;https://raw.githubusercontent.com/PokeAPI/pokeapi/master/data/v2/csv/pokemon_species_names.csv;output/team-graphics/s3/GPL Teams Spieltag 14 (2).jpg;output/team-graphics/s4/Enteikutierung - Lauris Enteitainment.png;output/team-graphics/s4/Prekani - PresentLP.png;output/team-graphics/s4/Schnittlauchs - PokeBazi.png;output/team-graphics/s4/Shocking Shaymins - MeLevies.png;output/team-graphics/s4/Surstars - SurskitTV.png;output/team-graphics/s5/SoulStealer.png
season_003,Regular Season,rueckrunde,PresentLP,Prekani,12,82.9,78.6,78.6,100,"Latios, Panzaeron, Regirock, Nidoking, Nachtara, Gastrodon",data/manual/pokemon_killlists.csv;data/manual/team_pokemon_usage.csv;https://docs.google.com/spreadsheets/d/11wxsKyCydVmDjp4kGLJAOLPM_LgwCLN2GYpbDQkNtkk/edit#gid=1588964432;https://docs.google.com/spreadsheets/d/11wxsKyCydVmDjp4kGLJAOLPM_LgwCLN2GYpbDQkNtkk/edit#gid=1843013406;https://docs.google.com/spreadsheets/d/11wxsKyCydVmDjp4kGLJAOLPM_LgwCLN2GYpbDQkNtkk/edit#gid=654435343;https://docs.google.com/spreadsheets/d/13smsrG2BGYxr_omJWcgr-sUDr39bvOJPNL5RPt4DSow/edit#gid=1934543062;https://docs.google.com/spreadsheets/d/13smsrG2BGYxr_omJWcgr-sUDr39bvOJPNL5RPt4DSow/edit#gid=1953790464;https://docs.google.com/spreadsheets/d/13smsrG2BGYxr_omJWcgr-sUDr39bvOJPNL5RPt4DSow/edit#gid=71150222;https://docs.google.com/spreadsheets/d/1B2uTMvWlAHb7WlpupJV1A2Hbi3K3U1vCyoFV0wCapcw/edit#gid=1271313224;https://docs.google.com/spreadsheets/d/1B2uTMvWlAHb7WlpupJV1A2Hbi3K3U1vCyoFV0wCapcw/edit#gid=1521895812;https://docs.google.com/spreadsheets/d/1B2uTMvWlAHb7WlpupJV1A2Hbi3K3U1vCyoFV0wCapcw/edit#gid=1846395979;https://docs.google.com/spreadsheets/d/1B2uTMvWlAHb7WlpupJV1A2Hbi3K3U1vCyoFV0wCapcw/edit#gid=26363830;https://docs.google.com/spreadsheets/d/1FUsClf5qEny-BHY5Djp8rIwRJKBSJDvygJ8LBa62FEo/edit#gid=0;https://docs.google.com/spreadsheets/d/1JZpA-5XDldN2bjfvhvBPHYK-1AENETLnF1UxNEpWlNA/edit#gid=352888197;https://docs.google.com/spreadsheets/d/1kiwDk4NgYoKb0Oo9yqzwl9HXHxuQ_0I5gkb1JtE57PI/edit#gid=0;https://docs.google.com/spreadsheets/d/1n9SmK-ccTCn8Jjhs4U2LKnibXY8PvuBtV3V9MCOURRA/edit#gid=0;https://docs.google.com/spreadsheets/d/1nwiq_ggEj7QePeZGMR2xoi0bEHJr_ZGO24YCRdt93No/edit#gid=857670931;https://docs.google.com/spreadsheets/d/1odsNRAZStW1GzmpXwmg27dqjOlch7w8syZOZ5Z2OQRg/edit#gid=0;https://docs.google.com/spreadsheets/d/1uo7-E_E2jbehB2hbBurpPayP_0fKY5sPZcFgZmfLydY/edit#gid=1526488506;https://docs.google.com/spreadsheets/d/1uo7-E_E2jbehB2hbBurpPayP_0fKY5sPZcFgZmfLydY/edit#gid=1696255979;https://docs.google.com/spreadsheets/d/1uo7-E_E2jbehB2hbBurpPayP_0fKY5sPZcFgZmfLydY/edit#gid=520178140;https://docs.google.com/spreadsheets/d/1vJ-pioe3RZKSZ3LIGEA3FVTv_KEE_XKIQAXSIUNNd-Q/edit#gid=0;https://raw.githubusercontent.com/PokeAPI/pokeapi/master/data/v2/csv/languages.csv;https://raw.githubusercontent.com/PokeAPI/pokeapi/master/data/v2/csv/pokemon.csv;https://raw.githubusercontent.com/PokeAPI/pokeapi/master/data/v2/csv/pokemon_form_names.csv;https://raw.githubusercontent.com/PokeAPI/pokeapi/master/data/v2/csv/pokemon_forms.csv;https://raw.githubusercontent.com/PokeAPI/pokeapi/master/data/v2/csv/pokemon_species_names.csv;output/team-graphics/s3/GPL Teams Spieltag 14 (1).jpg;output/team-graphics/s4/Enteikutierung - Lauris Enteitainment.png;output/team-graphics/s4/Slicing Knights - Cabgolord.png;output/team-graphics/s4/Suicide Squad - CaptainCrinch.png;output/team-graphics/s4/Surstars - SurskitTV.png;output/team-graphics/s4/Variant Vulpix - CrowdController.png;output/team-graphics/s5/Aggron Berlin.png;output/team-graphics/s5/Marvelous Speedsters.png
season_008,Liga 1,rueckrunde,Hydronic,Arktipico,11,82.9,78.6,78.6,100,"Knakrack, Masskito, Jirachi, Azumarill, Milotic, Iksbat",data/manual/pokemon_killlists.csv;data/manual/team_pokemon_usage.csv;https://docs.google.com/spreadsheets/d/11wxsKyCydVmDjp4kGLJAOLPM_LgwCLN2GYpbDQkNtkk/edit#gid=1588964432;https://docs.google.com/spreadsheets/d/11wxsKyCydVmDjp4kGLJAOLPM_LgwCLN2GYpbDQkNtkk/edit#gid=1843013406;https://docs.google.com/spreadsheets/d/11wxsKyCydVmDjp4kGLJAOLPM_LgwCLN2GYpbDQkNtkk/edit#gid=654435343;https://docs.google.com/spreadsheets/d/13smsrG2BGYxr_omJWcgr-sUDr39bvOJPNL5RPt4DSow/edit#gid=1934543062;https://docs.google.com/spreadsheets/d/13smsrG2BGYxr_omJWcgr-sUDr39bvOJPNL5RPt4DSow/edit#gid=1953790464;https://docs.google.com/spreadsheets/d/13smsrG2BGYxr_omJWcgr-sUDr39bvOJPNL5RPt4DSow/edit#gid=71150222;https://docs.google.com/spreadsheets/d/1B2uTMvWlAHb7WlpupJV1A2Hbi3K3U1vCyoFV0wCapcw/edit#gid=1271313224;https://docs.google.com/spreadsheets/d/1B2uTMvWlAHb7WlpupJV1A2Hbi3K3U1vCyoFV0wCapcw/edit#gid=1521895812;https://docs.google.com/spreadsheets/d/1B2uTMvWlAHb7WlpupJV1A2Hbi3K3U1vCyoFV0wCapcw/edit#gid=1846395979;https://docs.google.com/spreadsheets/d/1B2uTMvWlAHb7WlpupJV1A2Hbi3K3U1vCyoFV0wCapcw/edit#gid=26363830;https://docs.google.com/spreadsheets/d/1FUsClf5qEny-BHY5Djp8rIwRJKBSJDvygJ8LBa62FEo/edit#gid=0;https://docs.google.com/spreadsheets/d/1JZpA-5XDldN2bjfvhvBPHYK-1AENETLnF1UxNEpWlNA/edit#gid=352888197;https://docs.google.com/spreadsheets/d/1kiwDk4NgYoKb0Oo9yqzwl9HXHxuQ_0I5gkb1JtE57PI/edit#gid=0;https://docs.google.com/spreadsheets/d/1n9SmK-ccTCn8Jjhs4U2LKnibXY8PvuBtV3V9MCOURRA/edit#gid=0;https://docs.google.com/spreadsheets/d/1nwiq_ggEj7QePeZGMR2xoi0bEHJr_ZGO24YCRdt93No/edit#gid=857670931;https://docs.google.com/spreadsheets/d/1odsNRAZStW1GzmpXwmg27dqjOlch7w8syZOZ5Z2OQRg/edit#gid=0;https://docs.google.com/spreadsheets/d/1uo7-E_E2jbehB2hbBurpPayP_0fKY5sPZcFgZmfLydY/edit#gid=1526488506;https://docs.google.com/spreadsheets/d/1uo7-E_E2jbehB2hbBurpPayP_0fKY5sPZcFgZmfLydY/edit#gid=1696255979;https://docs.google.com/spreadsheets/d/1uo7-E_E2jbehB2hbBurpPayP_0fKY5sPZcFgZmfLydY/edit#gid=520178140;https://docs.google.com/spreadsheets/d/1vJ-pioe3RZKSZ3LIGEA3FVTv_KEE_XKIQAXSIUNNd-Q/edit#gid=0;https://raw.githubusercontent.com/PokeAPI/pokeapi/master/data/v2/csv/languages.csv;https://raw.githubusercontent.com/PokeAPI/pokeapi/master/data/v2/csv/pokemon.csv;https://raw.githubusercontent.com/PokeAPI/pokeapi/master/data/v2/csv/pokemon_form_names.csv;https://raw.githubusercontent.com/PokeAPI/pokeapi/master/data/v2/csv/pokemon_forms.csv;https://raw.githubusercontent.com/PokeAPI/pokeapi/master/data/v2/csv/pokemon_species_names.csv;output/team-graphics/s3/GPL Teams Spieltag 14 (1).jpg;output/team-graphics/s3/GPL Teams Spieltag 14 (2).jpg;output/team-graphics/s4/Enteikutierung - Lauris Enteitainment.png;output/team-graphics/s4/Flexing Masskito - RegiBang.png;output/team-graphics/s4/Minetube - Triyolotree.png;output/team-graphics/s4/Ritter der Tapukokosnuss - FullLifeGames.png;output/team-graphics/s5/Howling Commandos.png;output/team-graphics/s5/Shockwaving Magearnas.png;output/team-graphics/s5/SoulStealer.png
season_004,Regular Season,hinrunde,Cabgolord,Slicing Knights,13,82.6,78.3,78.3,100,"Kaguron, Nidoking, Miltank, Impoleon, Fuegro, Feelinara",data/manual/pokemon_killlists.csv;data/manual/team_pokemon_usage.csv;https://docs.google.com/spreadsheets/d/11wxsKyCydVmDjp4kGLJAOLPM_LgwCLN2GYpbDQkNtkk/edit#gid=1588964432;https://docs.google.com/spreadsheets/d/11wxsKyCydVmDjp4kGLJAOLPM_LgwCLN2GYpbDQkNtkk/edit#gid=1843013406;https://docs.google.com/spreadsheets/d/11wxsKyCydVmDjp4kGLJAOLPM_LgwCLN2GYpbDQkNtkk/edit#gid=654435343;https://docs.google.com/spreadsheets/d/13smsrG2BGYxr_omJWcgr-sUDr39bvOJPNL5RPt4DSow/edit#gid=1934543062;https://docs.google.com/spreadsheets/d/13smsrG2BGYxr_omJWcgr-sUDr39bvOJPNL5RPt4DSow/edit#gid=1953790464;https://docs.google.com/spreadsheets/d/13smsrG2BGYxr_omJWcgr-sUDr39bvOJPNL5RPt4DSow/edit#gid=71150222;https://docs.google.com/spreadsheets/d/1B2uTMvWlAHb7WlpupJV1A2Hbi3K3U1vCyoFV0wCapcw/edit#gid=1271313224;https://docs.google.com/spreadsheets/d/1B2uTMvWlAHb7WlpupJV1A2Hbi3K3U1vCyoFV0wCapcw/edit#gid=1521895812;https://docs.google.com/spreadsheets/d/1B2uTMvWlAHb7WlpupJV1A2Hbi3K3U1vCyoFV0wCapcw/edit#gid=1846395979;https://docs.google.com/spreadsheets/d/1B2uTMvWlAHb7WlpupJV1A2Hbi3K3U1vCyoFV0wCapcw/edit#gid=26363830;https://docs.google.com/spreadsheets/d/1FUsClf5qEny-BHY5Djp8rIwRJKBSJDvygJ8LBa62FEo/edit#gid=0;https://docs.google.com/spreadsheets/d/1JZpA-5XDldN2bjfvhvBPHYK-1AENETLnF1UxNEpWlNA/edit#gid=352888197;https://docs.google.com/spreadsheets/d/1kiwDk4NgYoKb0Oo9yqzwl9HXHxuQ_0I5gkb1JtE57PI/edit#gid=0;https://docs.google.com/spreadsheets/d/1n9SmK-ccTCn8Jjhs4U2LKnibXY8PvuBtV3V9MCOURRA/edit#gid=0;https://docs.google.com/spreadsheets/d/1nwiq_ggEj7QePeZGMR2xoi0bEHJr_ZGO24YCRdt93No/edit#gid=857670931;https://docs.google.com/spreadsheets/d/1odsNRAZStW1GzmpXwmg27dqjOlch7w8syZOZ5Z2OQRg/edit#gid=0;https://docs.google.com/spreadsheets/d/1uo7-E_E2jbehB2hbBurpPayP_0fKY5sPZcFgZmfLydY/edit#gid=1526488506;https://docs.google.com/spreadsheets/d/1uo7-E_E2jbehB2hbBurpPayP_0fKY5sPZcFgZmfLydY/edit#gid=1696255979;https://docs.google.com/spreadsheets/d/1uo7-E_E2jbehB2hbBurpPayP_0fKY5sPZcFgZmfLydY/edit#gid=520178140;https://docs.google.com/spreadsheets/d/1vJ-pioe3RZKSZ3LIGEA3FVTv_KEE_XKIQAXSIUNNd-Q/edit#gid=0;https://raw.githubusercontent.com/PokeAPI/pokeapi/master/data/v2/csv/languages.csv;https://raw.githubusercontent.com/PokeAPI/pokeapi/master/data/v2/csv/pokemon.csv;https://raw.githubusercontent.com/PokeAPI/pokeapi/master/data/v2/csv/pokemon_form_names.csv;https://raw.githubusercontent.com/PokeAPI/pokeapi/master/data/v2/csv/pokemon_forms.csv;https://raw.githubusercontent.com/PokeAPI/pokeapi/master/data/v2/csv/pokemon_species_names.csv;output/team-graphics/s3/GPL Teams Spieltag 14 (1).jpg;output/team-graphics/s3/GPL Teams Spieltag 14 (2).jpg;output/team-graphics/s4/Slicing Knights - Cabgolord.png;output/team-graphics/s5/Cabgosport.png;output/team-graphics/s5/Marvelous Speedsters.png;output/team-graphics/s5/Triyolotree.png
season_005,Liga 1,rueckrunde,PresentLP,Prekani,12,82.5,78.1,78.1,100,"Knakrack, Latias, Hariyama, Entei, Aquana, Clavion",data/manual/pokemon_killlists.csv;data/manual/team_pokemon_usage.csv;https://docs.google.com/spreadsheets/d/11wxsKyCydVmDjp4kGLJAOLPM_LgwCLN2GYpbDQkNtkk/edit#gid=1588964432;https://docs.google.com/spreadsheets/d/11wxsKyCydVmDjp4kGLJAOLPM_LgwCLN2GYpbDQkNtkk/edit#gid=1843013406;https://docs.google.com/spreadsheets/d/11wxsKyCydVmDjp4kGLJAOLPM_LgwCLN2GYpbDQkNtkk/edit#gid=654435343;https://docs.google.com/spreadsheets/d/13smsrG2BGYxr_omJWcgr-sUDr39bvOJPNL5RPt4DSow/edit#gid=1934543062;https://docs.google.com/spreadsheets/d/13smsrG2BGYxr_omJWcgr-sUDr39bvOJPNL5RPt4DSow/edit#gid=1953790464;https://docs.google.com/spreadsheets/d/13smsrG2BGYxr_omJWcgr-sUDr39bvOJPNL5RPt4DSow/edit#gid=71150222;https://docs.google.com/spreadsheets/d/1B2uTMvWlAHb7WlpupJV1A2Hbi3K3U1vCyoFV0wCapcw/edit#gid=1271313224;https://docs.google.com/spreadsheets/d/1B2uTMvWlAHb7WlpupJV1A2Hbi3K3U1vCyoFV0wCapcw/edit#gid=1521895812;https://docs.google.com/spreadsheets/d/1B2uTMvWlAHb7WlpupJV1A2Hbi3K3U1vCyoFV0wCapcw/edit#gid=1846395979;https://docs.google.com/spreadsheets/d/1B2uTMvWlAHb7WlpupJV1A2Hbi3K3U1vCyoFV0wCapcw/edit#gid=26363830;https://docs.google.com/spreadsheets/d/1FUsClf5qEny-BHY5Djp8rIwRJKBSJDvygJ8LBa62FEo/edit#gid=0;https://docs.google.com/spreadsheets/d/1JZpA-5XDldN2bjfvhvBPHYK-1AENETLnF1UxNEpWlNA/edit#gid=352888197;https://docs.google.com/spreadsheets/d/1kXhNwKGrqQTwSal0NxpZ9h0yo6u_mQwhwg4vGVwxMX4/edit#gid=0;https://docs.google.com/spreadsheets/d/1kiwDk4NgYoKb0Oo9yqzwl9HXHxuQ_0I5gkb1JtE57PI/edit#gid=0;https://docs.google.com/spreadsheets/d/1n9SmK-ccTCn8Jjhs4U2LKnibXY8PvuBtV3V9MCOURRA/edit#gid=0;https://docs.google.com/spreadsheets/d/1nwiq_ggEj7QePeZGMR2xoi0bEHJr_ZGO24YCRdt93No/edit#gid=857670931;https://docs.google.com/spreadsheets/d/1odsNRAZStW1GzmpXwmg27dqjOlch7w8syZOZ5Z2OQRg/edit#gid=0;https://docs.google.com/spreadsheets/d/1uo7-E_E2jbehB2hbBurpPayP_0fKY5sPZcFgZmfLydY/edit#gid=1526488506;https://docs.google.com/spreadsheets/d/1uo7-E_E2jbehB2hbBurpPayP_0fKY5sPZcFgZmfLydY/edit#gid=1696255979;https://docs.google.com/spreadsheets/d/1uo7-E_E2jbehB2hbBurpPayP_0fKY5sPZcFgZmfLydY/edit#gid=520178140;https://docs.google.com/spreadsheets/d/1vJ-pioe3RZKSZ3LIGEA3FVTv_KEE_XKIQAXSIUNNd-Q/edit#gid=0;https://raw.githubusercontent.com/PokeAPI/pokeapi/master/data/v2/csv/languages.csv;https://raw.githubusercontent.com/PokeAPI/pokeapi/master/data/v2/csv/pokemon.csv;https://raw.githubusercontent.com/PokeAPI/pokeapi/master/data/v2/csv/pokemon_form_names.csv;https://raw.githubusercontent.com/PokeAPI/pokeapi/master/data/v2/csv/pokemon_forms.csv;https://raw.githubusercontent.com/PokeAPI/pokeapi/master/data/v2/csv/pokemon_species_names.csv;output/team-graphics/s3/GPL Teams Spieltag 14 (1).jpg;output/team-graphics/s3/GPL Teams Spieltag 14 (2).jpg;output/team-graphics/s4/Minetube - Triyolotree.png;output/team-graphics/s4/Shocking Shaymins - MeLevies.png;output/team-graphics/s4/Suicide Squad - CaptainCrinch.png;output/team-graphics/s4/Surstars - SurskitTV.png;output/team-graphics/s5/Prekani.png
season_008,Liga 1,hinrunde,ElektechN9ne,Elekids Club,11,82.2,77.8,77.8,100,"Katapuldra, Scherox, Tentoxa, Rotom, Miltank, Fiaro",data/manual/pokemon_killlists.csv;data/manual/team_pokemon_usage.csv;https://docs.google.com/spreadsheets/d/11wxsKyCydVmDjp4kGLJAOLPM_LgwCLN2GYpbDQkNtkk/edit#gid=1588964432;https://docs.google.com/spreadsheets/d/11wxsKyCydVmDjp4kGLJAOLPM_LgwCLN2GYpbDQkNtkk/edit#gid=1843013406;https://docs.google.com/spreadsheets/d/11wxsKyCydVmDjp4kGLJAOLPM_LgwCLN2GYpbDQkNtkk/edit#gid=654435343;https://docs.google.com/spreadsheets/d/13smsrG2BGYxr_omJWcgr-sUDr39bvOJPNL5RPt4DSow/edit#gid=1934543062;https://docs.google.com/spreadsheets/d/13smsrG2BGYxr_omJWcgr-sUDr39bvOJPNL5RPt4DSow/edit#gid=1953790464;https://docs.google.com/spreadsheets/d/13smsrG2BGYxr_omJWcgr-sUDr39bvOJPNL5RPt4DSow/edit#gid=71150222;https://docs.google.com/spreadsheets/d/1B2uTMvWlAHb7WlpupJV1A2Hbi3K3U1vCyoFV0wCapcw/edit#gid=1271313224;https://docs.google.com/spreadsheets/d/1B2uTMvWlAHb7WlpupJV1A2Hbi3K3U1vCyoFV0wCapcw/edit#gid=1521895812;https://docs.google.com/spreadsheets/d/1B2uTMvWlAHb7WlpupJV1A2Hbi3K3U1vCyoFV0wCapcw/edit#gid=1846395979;https://docs.google.com/spreadsheets/d/1B2uTMvWlAHb7WlpupJV1A2Hbi3K3U1vCyoFV0wCapcw/edit#gid=26363830;https://docs.google.com/spreadsheets/d/1FUsClf5qEny-BHY5Djp8rIwRJKBSJDvygJ8LBa62FEo/edit#gid=0;https://docs.google.com/spreadsheets/d/1JZpA-5XDldN2bjfvhvBPHYK-1AENETLnF1UxNEpWlNA/edit#gid=352888197;https://docs.google.com/spreadsheets/d/1kiwDk4NgYoKb0Oo9yqzwl9HXHxuQ_0I5gkb1JtE57PI/edit#gid=0;https://docs.google.com/spreadsheets/d/1n9SmK-ccTCn8Jjhs4U2LKnibXY8PvuBtV3V9MCOURRA/edit#gid=0;https://docs.google.com/spreadsheets/d/1nwiq_ggEj7QePeZGMR2xoi0bEHJr_ZGO24YCRdt93No/edit#gid=857670931;https://docs.google.com/spreadsheets/d/1odsNRAZStW1GzmpXwmg27dqjOlch7w8syZOZ5Z2OQRg/edit#gid=0;https://docs.google.com/spreadsheets/d/1uo7-E_E2jbehB2hbBurpPayP_0fKY5sPZcFgZmfLydY/edit#gid=1526488506;https://docs.google.com/spreadsheets/d/1uo7-E_E2jbehB2hbBurpPayP_0fKY5sPZcFgZmfLydY/edit#gid=1696255979;https://docs.google.com/spreadsheets/d/1uo7-E_E2jbehB2hbBurpPayP_0fKY5sPZcFgZmfLydY/edit#gid=520178140;https://docs.google.com/spreadsheets/d/1vJ-pioe3RZKSZ3LIGEA3FVTv_KEE_XKIQAXSIUNNd-Q/edit#gid=0;https://raw.githubusercontent.com/PokeAPI/pokeapi/master/data/v2/csv/languages.csv;https://raw.githubusercontent.com/PokeAPI/pokeapi/master/data/v2/csv/pokemon.csv;https://raw.githubusercontent.com/PokeAPI/pokeapi/master/data/v2/csv/pokemon_form_names.csv;https://raw.githubusercontent.com/PokeAPI/pokeapi/master/data/v2/csv/pokemon_forms.csv;https://raw.githubusercontent.com/PokeAPI/pokeapi/master/data/v2/csv/pokemon_species_names.csv;output/team-graphics/s3/GPL Teams Spieltag 14 (1).jpg;output/team-graphics/s4/Flexing Masskito - RegiBang.png;output/team-graphics/s4/Ritter der Tapukokosnuss - FullLifeGames.png;output/team-graphics/s4/Schnittlauchs - PokeBazi.png;output/team-graphics/s4/Slicing Knights - Cabgolord.png;output/team-graphics/s4/Suicide Squad - CaptainCrinch.png;output/team-graphics/s5/Aggron Berlin.png;output/team-graphics/s5/Energie Tobutz.png
season_004,Regular Season,hinrunde,Bene,Ritter der Tapukokosnuss,12,82.1,77.6,77.6,100,"Trikephalo, Jirachi, Rotom, Hariyama, Florges, Amfira",data/manual/pokemon_killlists.csv;data/manual/team_pokemon_usage.csv;https://docs.google.com/spreadsheets/d/11wxsKyCydVmDjp4kGLJAOLPM_LgwCLN2GYpbDQkNtkk/edit#gid=1588964432;https://docs.google.com/spreadsheets/d/11wxsKyCydVmDjp4kGLJAOLPM_LgwCLN2GYpbDQkNtkk/edit#gid=1843013406;https://docs.google.com/spreadsheets/d/11wxsKyCydVmDjp4kGLJAOLPM_LgwCLN2GYpbDQkNtkk/edit#gid=654435343;https://docs.google.com/spreadsheets/d/13smsrG2BGYxr_omJWcgr-sUDr39bvOJPNL5RPt4DSow/edit#gid=1934543062;https://docs.google.com/spreadsheets/d/13smsrG2BGYxr_omJWcgr-sUDr39bvOJPNL5RPt4DSow/edit#gid=1953790464;https://docs.google.com/spreadsheets/d/13smsrG2BGYxr_omJWcgr-sUDr39bvOJPNL5RPt4DSow/edit#gid=71150222;https://docs.google.com/spreadsheets/d/1B2uTMvWlAHb7WlpupJV1A2Hbi3K3U1vCyoFV0wCapcw/edit#gid=1271313224;https://docs.google.com/spreadsheets/d/1B2uTMvWlAHb7WlpupJV1A2Hbi3K3U1vCyoFV0wCapcw/edit#gid=1521895812;https://docs.google.com/spreadsheets/d/1B2uTMvWlAHb7WlpupJV1A2Hbi3K3U1vCyoFV0wCapcw/edit#gid=1846395979;https://docs.google.com/spreadsheets/d/1B2uTMvWlAHb7WlpupJV1A2Hbi3K3U1vCyoFV0wCapcw/edit#gid=26363830;https://docs.google.com/spreadsheets/d/1FUsClf5qEny-BHY5Djp8rIwRJKBSJDvygJ8LBa62FEo/edit#gid=0;https://docs.google.com/spreadsheets/d/1JZpA-5XDldN2bjfvhvBPHYK-1AENETLnF1UxNEpWlNA/edit#gid=352888197;https://docs.google.com/spreadsheets/d/1kiwDk4NgYoKb0Oo9yqzwl9HXHxuQ_0I5gkb1JtE57PI/edit#gid=0;https://docs.google.com/spreadsheets/d/1n9SmK-ccTCn8Jjhs4U2LKnibXY8PvuBtV3V9MCOURRA/edit#gid=0;https://docs.google.com/spreadsheets/d/1nwiq_ggEj7QePeZGMR2xoi0bEHJr_ZGO24YCRdt93No/edit#gid=857670931;https://docs.google.com/spreadsheets/d/1odsNRAZStW1GzmpXwmg27dqjOlch7w8syZOZ5Z2OQRg/edit#gid=0;https://docs.google.com/spreadsheets/d/1uo7-E_E2jbehB2hbBurpPayP_0fKY5sPZcFgZmfLydY/edit#gid=1526488506;https://docs.google.com/spreadsheets/d/1uo7-E_E2jbehB2hbBurpPayP_0fKY5sPZcFgZmfLydY/edit#gid=1696255979;https://docs.google.com/spreadsheets/d/1uo7-E_E2jbehB2hbBurpPayP_0fKY5sPZcFgZmfLydY/edit#gid=520178140;https://docs.google.com/spreadsheets/d/1vJ-pioe3RZKSZ3LIGEA3FVTv_KEE_XKIQAXSIUNNd-Q/edit#gid=0;https://raw.githubusercontent.com/PokeAPI/pokeapi/master/data/v2/csv/languages.csv;https://raw.githubusercontent.com/PokeAPI/pokeapi/master/data/v2/csv/pokemon.csv;https://raw.githubusercontent.com/PokeAPI/pokeapi/master/data/v2/csv/pokemon_form_names.csv;https://raw.githubusercontent.com/PokeAPI/pokeapi/master/data/v2/csv/pokemon_forms.csv;https://raw.githubusercontent.com/PokeAPI/pokeapi/master/data/v2/csv/pokemon_species_names.csv;output/team-graphics/s3/GPL Teams Spieltag 14 (1).jpg;output/team-graphics/s3/GPL Teams Spieltag 14 (2).jpg;output/team-graphics/s4/Ritter der Tapukokosnuss - FullLifeGames.png;output/team-graphics/s5/Energie Tobutz.png;output/team-graphics/s5/Howling Commandos.png;output/team-graphics/s5/Prekani.png;output/team-graphics/s5/Victini Bottom.png
season_009,Singles,hinrunde,PresentLP,Soulblaze,11,82.1,77.6,77.6,100,"Katapuldra, Hutsassa, Azumarill, Rabigator, Lucario, Lavados",data/manual/pokemon_killlists.csv;data/manual/team_pokemon_usage.csv;https://docs.google.com/spreadsheets/d/11wxsKyCydVmDjp4kGLJAOLPM_LgwCLN2GYpbDQkNtkk/edit#gid=1588964432;https://docs.google.com/spreadsheets/d/11wxsKyCydVmDjp4kGLJAOLPM_LgwCLN2GYpbDQkNtkk/edit#gid=1843013406;https://docs.google.com/spreadsheets/d/13smsrG2BGYxr_omJWcgr-sUDr39bvOJPNL5RPt4DSow/edit#gid=1934543062;https://docs.google.com/spreadsheets/d/13smsrG2BGYxr_omJWcgr-sUDr39bvOJPNL5RPt4DSow/edit#gid=71150222;https://docs.google.com/spreadsheets/d/1B2uTMvWlAHb7WlpupJV1A2Hbi3K3U1vCyoFV0wCapcw/edit#gid=1271313224;https://docs.google.com/spreadsheets/d/1B2uTMvWlAHb7WlpupJV1A2Hbi3K3U1vCyoFV0wCapcw/edit#gid=1521895812;https://docs.google.com/spreadsheets/d/1B2uTMvWlAHb7WlpupJV1A2Hbi3K3U1vCyoFV0wCapcw/edit#gid=1846395979;https://docs.google.com/spreadsheets/d/1B2uTMvWlAHb7WlpupJV1A2Hbi3K3U1vCyoFV0wCapcw/edit#gid=26363830;https://docs.google.com/spreadsheets/d/1FUsClf5qEny-BHY5Djp8rIwRJKBSJDvygJ8LBa62FEo/edit#gid=0;https://docs.google.com/spreadsheets/d/1JZpA-5XDldN2bjfvhvBPHYK-1AENETLnF1UxNEpWlNA/edit#gid=352888197;https://docs.google.com/spreadsheets/d/1kiwDk4NgYoKb0Oo9yqzwl9HXHxuQ_0I5gkb1JtE57PI/edit#gid=0;https://docs.google.com/spreadsheets/d/1n9SmK-ccTCn8Jjhs4U2LKnibXY8PvuBtV3V9MCOURRA/edit#gid=0;https://docs.google.com/spreadsheets/d/1nwiq_ggEj7QePeZGMR2xoi0bEHJr_ZGO24YCRdt93No/edit#gid=857670931;https://docs.google.com/spreadsheets/d/1odsNRAZStW1GzmpXwmg27dqjOlch7w8syZOZ5Z2OQRg/edit#gid=0;https://docs.google.com/spreadsheets/d/1uo7-E_E2jbehB2hbBurpPayP_0fKY5sPZcFgZmfLydY/edit#gid=1526488506;https://docs.google.com/spreadsheets/d/1uo7-E_E2jbehB2hbBurpPayP_0fKY5sPZcFgZmfLydY/edit#gid=1696255979;https://docs.google.com/spreadsheets/d/1uo7-E_E2jbehB2hbBurpPayP_0fKY5sPZcFgZmfLydY/edit#gid=1992807502;https://docs.google.com/spreadsheets/d/1uo7-E_E2jbehB2hbBurpPayP_0fKY5sPZcFgZmfLydY/edit#gid=520178140;https://docs.google.com/spreadsheets/d/1vJ-pioe3RZKSZ3LIGEA3FVTv_KEE_XKIQAXSIUNNd-Q/edit#gid=0;https://raw.githubusercontent.com/PokeAPI/pokeapi/master/data/v2/csv/languages.csv;https://raw.githubusercontent.com/PokeAPI/pokeapi/master/data/v2/csv/pokemon.csv;https://raw.githubusercontent.com/PokeAPI/pokeapi/master/data/v2/csv/pokemon_form_names.csv;https://raw.githubusercontent.com/PokeAPI/pokeapi/master/data/v2/csv/pokemon_forms.csv;https://raw.githubusercontent.com/PokeAPI/pokeapi/master/data/v2/csv/pokemon_species_names.csv;output/team-graphics/s3/GPL Teams Spieltag 14 (1).jpg;output/team-graphics/s3/GPL Teams Spieltag 14 (2).jpg;output/team-graphics/s4/Enteikutierung - Lauris Enteitainment.png;output/team-graphics/s4/Minetube - Triyolotree.png;output/team-graphics/s4/Suicide Squad - CaptainCrinch.png;output/team-graphics/s5/Energie Tobutz.png;output/team-graphics/s5/Howling Commandos.png;output/team-graphics/s5/Victini Bottom.png
season_009,Doubles,hinrunde,Raizor,Soulblaze,11,82.1,77.6,77.6,100,"Katapuldra, Hutsassa, Azumarill, Rabigator, Lucario, Lavados",data/manual/pokemon_killlists.csv;data/manual/team_pokemon_usage.csv;https://docs.google.com/spreadsheets/d/11wxsKyCydVmDjp4kGLJAOLPM_LgwCLN2GYpbDQkNtkk/edit#gid=1588964432;https://docs.google.com/spreadsheets/d/11wxsKyCydVmDjp4kGLJAOLPM_LgwCLN2GYpbDQkNtkk/edit#gid=1843013406;https://docs.google.com/spreadsheets/d/13smsrG2BGYxr_omJWcgr-sUDr39bvOJPNL5RPt4DSow/edit#gid=1934543062;https://docs.google.com/spreadsheets/d/13smsrG2BGYxr_omJWcgr-sUDr39bvOJPNL5RPt4DSow/edit#gid=71150222;https://docs.google.com/spreadsheets/d/1B2uTMvWlAHb7WlpupJV1A2Hbi3K3U1vCyoFV0wCapcw/edit#gid=1271313224;https://docs.google.com/spreadsheets/d/1B2uTMvWlAHb7WlpupJV1A2Hbi3K3U1vCyoFV0wCapcw/edit#gid=1521895812;https://docs.google.com/spreadsheets/d/1B2uTMvWlAHb7WlpupJV1A2Hbi3K3U1vCyoFV0wCapcw/edit#gid=1846395979;https://docs.google.com/spreadsheets/d/1B2uTMvWlAHb7WlpupJV1A2Hbi3K3U1vCyoFV0wCapcw/edit#gid=26363830;https://docs.google.com/spreadsheets/d/1FUsClf5qEny-BHY5Djp8rIwRJKBSJDvygJ8LBa62FEo/edit#gid=0;https://docs.google.com/spreadsheets/d/1JZpA-5XDldN2bjfvhvBPHYK-1AENETLnF1UxNEpWlNA/edit#gid=352888197;https://docs.google.com/spreadsheets/d/1kiwDk4NgYoKb0Oo9yqzwl9HXHxuQ_0I5gkb1JtE57PI/edit#gid=0;https://docs.google.com/spreadsheets/d/1n9SmK-ccTCn8Jjhs4U2LKnibXY8PvuBtV3V9MCOURRA/edit#gid=0;https://docs.google.com/spreadsheets/d/1nwiq_ggEj7QePeZGMR2xoi0bEHJr_ZGO24YCRdt93No/edit#gid=857670931;https://docs.google.com/spreadsheets/d/1odsNRAZStW1GzmpXwmg27dqjOlch7w8syZOZ5Z2OQRg/edit#gid=0;https://docs.google.com/spreadsheets/d/1uo7-E_E2jbehB2hbBurpPayP_0fKY5sPZcFgZmfLydY/edit#gid=1526488506;https://docs.google.com/spreadsheets/d/1uo7-E_E2jbehB2hbBurpPayP_0fKY5sPZcFgZmfLydY/edit#gid=1696255979;https://docs.google.com/spreadsheets/d/1uo7-E_E2jbehB2hbBurpPayP_0fKY5sPZcFgZmfLydY/edit#gid=1992807502;https://docs.google.com/spreadsheets/d/1uo7-E_E2jbehB2hbBurpPayP_0fKY5sPZcFgZmfLydY/edit#gid=520178140;https://docs.google.com/spreadsheets/d/1vJ-pioe3RZKSZ3LIGEA3FVTv_KEE_XKIQAXSIUNNd-Q/edit#gid=0;https://raw.githubusercontent.com/PokeAPI/pokeapi/master/data/v2/csv/languages.csv;https://raw.githubusercontent.com/PokeAPI/pokeapi/master/data/v2/csv/pokemon.csv;https://raw.githubusercontent.com/PokeAPI/pokeapi/master/data/v2/csv/pokemon_form_names.csv;https://raw.githubusercontent.com/PokeAPI/pokeapi/master/data/v2/csv/pokemon_forms.csv;https://raw.githubusercontent.com/PokeAPI/pokeapi/master/data/v2/csv/pokemon_species_names.csv;output/team-graphics/s3/GPL Teams Spieltag 14 (1).jpg;output/team-graphics/s3/GPL Teams Spieltag 14 (2).jpg;output/team-graphics/s4/Enteikutierung - Lauris Enteitainment.png;output/team-graphics/s4/Minetube - Triyolotree.png;output/team-graphics/s4/Suicide Squad - CaptainCrinch.png;output/team-graphics/s5/Energie Tobutz.png;output/team-graphics/s5/Howling Commandos.png;output/team-graphics/s5/Victini Bottom.png
season_006,Sun Conference,regular,BlackLink,Majora's Maskeregen,11,82.0,77.5,77.5,100,"Snibunna, Panferno, Impoleon, Blitza, Keifel, Mamolida",data/manual/pokemon_killlists.csv;data/manual/team_pokemon_usage.csv;https://docs.google.com/spreadsheets/d/11wxsKyCydVmDjp4kGLJAOLPM_LgwCLN2GYpbDQkNtkk/edit#gid=1588964432;https://docs.google.com/spreadsheets/d/11wxsKyCydVmDjp4kGLJAOLPM_LgwCLN2GYpbDQkNtkk/edit#gid=1843013406;https://docs.google.com/spreadsheets/d/11wxsKyCydVmDjp4kGLJAOLPM_LgwCLN2GYpbDQkNtkk/edit#gid=654435343;https://docs.google.com/spreadsheets/d/13smsrG2BGYxr_omJWcgr-sUDr39bvOJPNL5RPt4DSow/edit#gid=1934543062;https://docs.google.com/spreadsheets/d/13smsrG2BGYxr_omJWcgr-sUDr39bvOJPNL5RPt4DSow/edit#gid=71150222;https://docs.google.com/spreadsheets/d/1B2uTMvWlAHb7WlpupJV1A2Hbi3K3U1vCyoFV0wCapcw/edit#gid=1271313224;https://docs.google.com/spreadsheets/d/1B2uTMvWlAHb7WlpupJV1A2Hbi3K3U1vCyoFV0wCapcw/edit#gid=1521895812;https://docs.google.com/spreadsheets/d/1B2uTMvWlAHb7WlpupJV1A2Hbi3K3U1vCyoFV0wCapcw/edit#gid=1846395979;https://docs.google.com/spreadsheets/d/1B2uTMvWlAHb7WlpupJV1A2Hbi3K3U1vCyoFV0wCapcw/edit#gid=26363830;https://docs.google.com/spreadsheets/d/1FUsClf5qEny-BHY5Djp8rIwRJKBSJDvygJ8LBa62FEo/edit#gid=0;https://docs.google.com/spreadsheets/d/1JZpA-5XDldN2bjfvhvBPHYK-1AENETLnF1UxNEpWlNA/edit#gid=352888197;https://docs.google.com/spreadsheets/d/1kXhNwKGrqQTwSal0NxpZ9h0yo6u_mQwhwg4vGVwxMX4/edit#gid=0;https://docs.google.com/spreadsheets/d/1kiwDk4NgYoKb0Oo9yqzwl9HXHxuQ_0I5gkb1JtE57PI/edit#gid=0;https://docs.google.com/spreadsheets/d/1n9SmK-ccTCn8Jjhs4U2LKnibXY8PvuBtV3V9MCOURRA/edit#gid=0;https://docs.google.com/spreadsheets/d/1nwiq_ggEj7QePeZGMR2xoi0bEHJr_ZGO24YCRdt93No/edit#gid=857670931;https://docs.google.com/spreadsheets/d/1odsNRAZStW1GzmpXwmg27dqjOlch7w8syZOZ5Z2OQRg/edit#gid=0;https://docs.google.com/spreadsheets/d/1uo7-E_E2jbehB2hbBurpPayP_0fKY5sPZcFgZmfLydY/edit#gid=1526488506;https://docs.google.com/spreadsheets/d/1uo7-E_E2jbehB2hbBurpPayP_0fKY5sPZcFgZmfLydY/edit#gid=1696255979;https://docs.google.com/spreadsheets/d/1uo7-E_E2jbehB2hbBurpPayP_0fKY5sPZcFgZmfLydY/edit#gid=520178140;https://docs.google.com/spreadsheets/d/1vJ-pioe3RZKSZ3LIGEA3FVTv_KEE_XKIQAXSIUNNd-Q/edit#gid=0;https://raw.githubusercontent.com/PokeAPI/pokeapi/master/data/v2/csv/languages.csv;https://raw.githubusercontent.com/PokeAPI/pokeapi/master/data/v2/csv/pokemon.csv;https://raw.githubusercontent.com/PokeAPI/pokeapi/master/data/v2/csv/pokemon_form_names.csv;https://raw.githubusercontent.com/PokeAPI/pokeapi/master/data/v2/csv/pokemon_forms.csv;https://raw.githubusercontent.com/PokeAPI/pokeapi/master/data/v2/csv/pokemon_species_names.csv;output/team-graphics/s3/GPL Teams Spieltag 14 (1).jpg;output/team-graphics/s3/GPL Teams Spieltag 14 (2).jpg;output/team-graphics/s4/Minetube - Triyolotree.png;output/team-graphics/s4/Prekani - PresentLP.png;output/team-graphics/s4/Schnittlauchs - PokeBazi.png;output/team-graphics/s4/Slicing Knights - Cabgolord.png;output/team-graphics/s5/Aggron Berlin.png;output/team-graphics/s5/Triyolotree.png;output/team-graphics/s5/Victini Bottom.png
season_006,Playoffs,playoffs,Lauris,Schleudergang,11,81.9,77.4,77.4,100,"Chaneira, Jirachi, Suicune, Skaraborn, Iksbat, Sniebel",data/manual/pokemon_killlists.csv;data/manual/team_pokemon_usage.csv;https://docs.google.com/spreadsheets/d/11wxsKyCydVmDjp4kGLJAOLPM_LgwCLN2GYpbDQkNtkk/edit#gid=1588964432;https://docs.google.com/spreadsheets/d/11wxsKyCydVmDjp4kGLJAOLPM_LgwCLN2GYpbDQkNtkk/edit#gid=1843013406;https://docs.google.com/spreadsheets/d/11wxsKyCydVmDjp4kGLJAOLPM_LgwCLN2GYpbDQkNtkk/edit#gid=654435343;https://docs.google.com/spreadsheets/d/13smsrG2BGYxr_omJWcgr-sUDr39bvOJPNL5RPt4DSow/edit#gid=1934543062;https://docs.google.com/spreadsheets/d/1B2uTMvWlAHb7WlpupJV1A2Hbi3K3U1vCyoFV0wCapcw/edit#gid=1271313224;https://docs.google.com/spreadsheets/d/1B2uTMvWlAHb7WlpupJV1A2Hbi3K3U1vCyoFV0wCapcw/edit#gid=1521895812;https://docs.google.com/spreadsheets/d/1B2uTMvWlAHb7WlpupJV1A2Hbi3K3U1vCyoFV0wCapcw/edit#gid=1846395979;https://docs.google.com/spreadsheets/d/1B2uTMvWlAHb7WlpupJV1A2Hbi3K3U1vCyoFV0wCapcw/edit#gid=26363830;https://docs.google.com/spreadsheets/d/1FUsClf5qEny-BHY5Djp8rIwRJKBSJDvygJ8LBa62FEo/edit#gid=0;https://docs.google.com/spreadsheets/d/1JZpA-5XDldN2bjfvhvBPHYK-1AENETLnF1UxNEpWlNA/edit#gid=352888197;https://docs.google.com/spreadsheets/d/1kiwDk4NgYoKb0Oo9yqzwl9HXHxuQ_0I5gkb1JtE57PI/edit#gid=0;https://docs.google.com/spreadsheets/d/1n9SmK-ccTCn8Jjhs4U2LKnibXY8PvuBtV3V9MCOURRA/edit#gid=0;https://docs.google.com/spreadsheets/d/1nwiq_ggEj7QePeZGMR2xoi0bEHJr_ZGO24YCRdt93No/edit#gid=857670931;https://docs.google.com/spreadsheets/d/1odsNRAZStW1GzmpXwmg27dqjOlch7w8syZOZ5Z2OQRg/edit#gid=0;https://docs.google.com/spreadsheets/d/1uo7-E_E2jbehB2hbBurpPayP_0fKY5sPZcFgZmfLydY/edit#gid=1526488506;https://docs.google.com/spreadsheets/d/1uo7-E_E2jbehB2hbBurpPayP_0fKY5sPZcFgZmfLydY/edit#gid=1696255979;https://docs.google.com/spreadsheets/d/1uo7-E_E2jbehB2hbBurpPayP_0fKY5sPZcFgZmfLydY/edit#gid=520178140;https://docs.google.com/spreadsheets/d/1vJ-pioe3RZKSZ3LIGEA3FVTv_KEE_XKIQAXSIUNNd-Q/edit#gid=0;https://raw.githubusercontent.com/PokeAPI/pokeapi/master/data/v2/csv/languages.csv;https://raw.githubusercontent.com/PokeAPI/pokeapi/master/data/v2/csv/pokemon.csv;https://raw.githubusercontent.com/PokeAPI/pokeapi/master/data/v2/csv/pokemon_form_names.csv;https://raw.githubusercontent.com/PokeAPI/pokeapi/master/data/v2/csv/pokemon_forms.csv;https://raw.githubusercontent.com/PokeAPI/pokeapi/master/data/v2/csv/pokemon_species_names.csv;output/team-graphics/s3/GPL Teams Spieltag 14 (1).jpg;output/team-graphics/s3/GPL Teams Spieltag 14 (2).jpg;output/team-graphics/s4/Enteikutierung - Lauris Enteitainment.png;output/team-graphics/s4/Ritter der Tapukokosnuss - FullLifeGames.png;output/team-graphics/s5/Shockwaving Magearnas.png;output/team-graphics/s5/SoulStealer.png
season_006,Sun Conference,regular,Lauris,Schleudergang,11,81.9,77.4,77.4,100,"Jirachi, Brutalanda, Suicune, Skaraborn, Iksbat, Sniebel",data/manual/pokemon_killlists.csv;data/manual/team_pokemon_usage.csv;https://docs.google.com/spreadsheets/d/11wxsKyCydVmDjp4kGLJAOLPM_LgwCLN2GYpbDQkNtkk/edit#gid=1588964432;https://docs.google.com/spreadsheets/d/11wxsKyCydVmDjp4kGLJAOLPM_LgwCLN2GYpbDQkNtkk/edit#gid=1843013406;https://docs.google.com/spreadsheets/d/13smsrG2BGYxr_omJWcgr-sUDr39bvOJPNL5RPt4DSow/edit#gid=1934543062;https://docs.google.com/spreadsheets/d/1B2uTMvWlAHb7WlpupJV1A2Hbi3K3U1vCyoFV0wCapcw/edit#gid=1271313224;https://docs.google.com/spreadsheets/d/1B2uTMvWlAHb7WlpupJV1A2Hbi3K3U1vCyoFV0wCapcw/edit#gid=1521895812;https://docs.google.com/spreadsheets/d/1B2uTMvWlAHb7WlpupJV1A2Hbi3K3U1vCyoFV0wCapcw/edit#gid=1846395979;https://docs.google.com/spreadsheets/d/1B2uTMvWlAHb7WlpupJV1A2Hbi3K3U1vCyoFV0wCapcw/edit#gid=26363830;https://docs.google.com/spreadsheets/d/1FUsClf5qEny-BHY5Djp8rIwRJKBSJDvygJ8LBa62FEo/edit#gid=0;https://docs.google.com/spreadsheets/d/1JZpA-5XDldN2bjfvhvBPHYK-1AENETLnF1UxNEpWlNA/edit#gid=352888197;https://docs.google.com/spreadsheets/d/1kiwDk4NgYoKb0Oo9yqzwl9HXHxuQ_0I5gkb1JtE57PI/edit#gid=0;https://docs.google.com/spreadsheets/d/1n9SmK-ccTCn8Jjhs4U2LKnibXY8PvuBtV3V9MCOURRA/edit#gid=0;https://docs.google.com/spreadsheets/d/1nwiq_ggEj7QePeZGMR2xoi0bEHJr_ZGO24YCRdt93No/edit#gid=857670931;https://docs.google.com/spreadsheets/d/1odsNRAZStW1GzmpXwmg27dqjOlch7w8syZOZ5Z2OQRg/edit#gid=0;https://docs.google.com/spreadsheets/d/1uo7-E_E2jbehB2hbBurpPayP_0fKY5sPZcFgZmfLydY/edit#gid=1526488506;https://docs.google.com/spreadsheets/d/1uo7-E_E2jbehB2hbBurpPayP_0fKY5sPZcFgZmfLydY/edit#gid=1696255979;https://docs.google.com/spreadsheets/d/1uo7-E_E2jbehB2hbBurpPayP_0fKY5sPZcFgZmfLydY/edit#gid=520178140;https://docs.google.com/spreadsheets/d/1vJ-pioe3RZKSZ3LIGEA3FVTv_KEE_XKIQAXSIUNNd-Q/edit#gid=0;https://raw.githubusercontent.com/PokeAPI/pokeapi/master/data/v2/csv/languages.csv;https://raw.githubusercontent.com/PokeAPI/pokeapi/master/data/v2/csv/pokemon.csv;https://raw.githubusercontent.com/PokeAPI/pokeapi/master/data/v2/csv/pokemon_form_names.csv;https://raw.githubusercontent.com/PokeAPI/pokeapi/master/data/v2/csv/pokemon_forms.csv;https://raw.githubusercontent.com/PokeAPI/pokeapi/master/data/v2/csv/pokemon_species_names.csv;output/team-graphics/s3/GPL Teams Spieltag 14 (1).jpg;output/team-graphics/s3/GPL Teams Spieltag 14 (2).jpg;output/team-graphics/s4/Enteikutierung - Lauris Enteitainment.png;output/team-graphics/s4/Prekani - PresentLP.png;output/team-graphics/s4/Ritter der Tapukokosnuss - FullLifeGames.png;output/team-graphics/s5/Shockwaving Magearnas.png;output/team-graphics/s5/SoulStealer.png
season_010,Playoffs,playoffs,Dauni Daunstar,Pfundskerle,6,81.9,88.8,88.8,54.5,"Krarmor, Terrakium, Trombork, Ambidiffel, Sandfell, Donnersichel",data/manual/pokemon_killlists.csv;data/manual/team_pokemon_usage.csv;https://docs.google.com/spreadsheets/d/11wxsKyCydVmDjp4kGLJAOLPM_LgwCLN2GYpbDQkNtkk/edit#gid=1588964432;https://docs.google.com/spreadsheets/d/11wxsKyCydVmDjp4kGLJAOLPM_LgwCLN2GYpbDQkNtkk/edit#gid=1843013406;https://docs.google.com/spreadsheets/d/13smsrG2BGYxr_omJWcgr-sUDr39bvOJPNL5RPt4DSow/edit#gid=1934543062;https://docs.google.com/spreadsheets/d/13smsrG2BGYxr_omJWcgr-sUDr39bvOJPNL5RPt4DSow/edit#gid=1953790464;https://docs.google.com/spreadsheets/d/13smsrG2BGYxr_omJWcgr-sUDr39bvOJPNL5RPt4DSow/edit#gid=71150222;https://docs.google.com/spreadsheets/d/1B2uTMvWlAHb7WlpupJV1A2Hbi3K3U1vCyoFV0wCapcw/edit#gid=1271313224;https://docs.google.com/spreadsheets/d/1B2uTMvWlAHb7WlpupJV1A2Hbi3K3U1vCyoFV0wCapcw/edit#gid=1521895812;https://docs.google.com/spreadsheets/d/1B2uTMvWlAHb7WlpupJV1A2Hbi3K3U1vCyoFV0wCapcw/edit#gid=1846395979;https://docs.google.com/spreadsheets/d/1B2uTMvWlAHb7WlpupJV1A2Hbi3K3U1vCyoFV0wCapcw/edit#gid=26363830;https://docs.google.com/spreadsheets/d/1FUsClf5qEny-BHY5Djp8rIwRJKBSJDvygJ8LBa62FEo/edit#gid=0;https://docs.google.com/spreadsheets/d/1JZpA-5XDldN2bjfvhvBPHYK-1AENETLnF1UxNEpWlNA/edit#gid=352888197;https://docs.google.com/spreadsheets/d/1n9SmK-ccTCn8Jjhs4U2LKnibXY8PvuBtV3V9MCOURRA/edit#gid=0;https://docs.google.com/spreadsheets/d/1nwiq_ggEj7QePeZGMR2xoi0bEHJr_ZGO24YCRdt93No/edit#gid=857670931;https://docs.google.com/spreadsheets/d/1odsNRAZStW1GzmpXwmg27dqjOlch7w8syZOZ5Z2OQRg/edit#gid=0;https://docs.google.com/spreadsheets/d/1uo7-E_E2jbehB2hbBurpPayP_0fKY5sPZcFgZmfLydY/edit#gid=1526488506;https://docs.google.com/spreadsheets/d/1uo7-E_E2jbehB2hbBurpPayP_0fKY5sPZcFgZmfLydY/edit#gid=1696255979;https://docs.google.com/spreadsheets/d/1uo7-E_E2jbehB2hbBurpPayP_0fKY5sPZcFgZmfLydY/edit#gid=520178140;https://docs.google.com/spreadsheets/d/1vJ-pioe3RZKSZ3LIGEA3FVTv_KEE_XKIQAXSIUNNd-Q/edit#gid=0;https://raw.githubusercontent.com/PokeAPI/pokeapi/master/data/v2/csv/languages.csv;https://raw.githubusercontent.com/PokeAPI/pokeapi/master/data/v2/csv/pokemon.csv;https://raw.githubusercontent.com/PokeAPI/pokeapi/master/data/v2/csv/pokemon_form_names.csv;https://raw.githubusercontent.com/PokeAPI/pokeapi/master/data/v2/csv/pokemon_forms.csv;https://raw.githubusercontent.com/PokeAPI/pokeapi/master/data/v2/csv/pokemon_species_names.csv;output/team-graphics/s3/GPL Teams Spieltag 14 (1).jpg;output/team-graphics/s3/GPL Teams Spieltag 14 (2).jpg;output/team-graphics/s4/Flexing Masskito - RegiBang.png;output/team-graphics/s5/Triyolotree.png
season_006,Playoffs,playoffs,BelmontGabriel,Niemandsland,11,81.8,77.3,77.3,100,"Sumpex, Scherox, Masskito, Piondragi, Celebi, Zytomega",data/manual/pokemon_killlists.csv;data/manual/team_pokemon_usage.csv;https://docs.google.com/spreadsheets/d/11wxsKyCydVmDjp4kGLJAOLPM_LgwCLN2GYpbDQkNtkk/edit#gid=1588964432;https://docs.google.com/spreadsheets/d/11wxsKyCydVmDjp4kGLJAOLPM_LgwCLN2GYpbDQkNtkk/edit#gid=1843013406;https://docs.google.com/spreadsheets/d/11wxsKyCydVmDjp4kGLJAOLPM_LgwCLN2GYpbDQkNtkk/edit#gid=654435343;https://docs.google.com/spreadsheets/d/13smsrG2BGYxr_omJWcgr-sUDr39bvOJPNL5RPt4DSow/edit#gid=1934543062;https://docs.google.com/spreadsheets/d/13smsrG2BGYxr_omJWcgr-sUDr39bvOJPNL5RPt4DSow/edit#gid=71150222;https://docs.google.com/spreadsheets/d/1B2uTMvWlAHb7WlpupJV1A2Hbi3K3U1vCyoFV0wCapcw/edit#gid=1271313224;https://docs.google.com/spreadsheets/d/1B2uTMvWlAHb7WlpupJV1A2Hbi3K3U1vCyoFV0wCapcw/edit#gid=1521895812;https://docs.google.com/spreadsheets/d/1B2uTMvWlAHb7WlpupJV1A2Hbi3K3U1vCyoFV0wCapcw/edit#gid=1846395979;https://docs.google.com/spreadsheets/d/1B2uTMvWlAHb7WlpupJV1A2Hbi3K3U1vCyoFV0wCapcw/edit#gid=26363830;https://docs.google.com/spreadsheets/d/1FUsClf5qEny-BHY5Djp8rIwRJKBSJDvygJ8LBa62FEo/edit#gid=0;https://docs.google.com/spreadsheets/d/1JZpA-5XDldN2bjfvhvBPHYK-1AENETLnF1UxNEpWlNA/edit#gid=352888197;https://docs.google.com/spreadsheets/d/1kiwDk4NgYoKb0Oo9yqzwl9HXHxuQ_0I5gkb1JtE57PI/edit#gid=0;https://docs.google.com/spreadsheets/d/1n9SmK-ccTCn8Jjhs4U2LKnibXY8PvuBtV3V9MCOURRA/edit#gid=0;https://docs.google.com/spreadsheets/d/1nwiq_ggEj7QePeZGMR2xoi0bEHJr_ZGO24YCRdt93No/edit#gid=857670931;https://docs.google.com/spreadsheets/d/1odsNRAZStW1GzmpXwmg27dqjOlch7w8syZOZ5Z2OQRg/edit#gid=0;https://docs.google.com/spreadsheets/d/1uo7-E_E2jbehB2hbBurpPayP_0fKY5sPZcFgZmfLydY/edit#gid=1526488506;https://docs.google.com/spreadsheets/d/1uo7-E_E2jbehB2hbBurpPayP_0fKY5sPZcFgZmfLydY/edit#gid=1696255979;https://docs.google.com/spreadsheets/d/1uo7-E_E2jbehB2hbBurpPayP_0fKY5sPZcFgZmfLydY/edit#gid=520178140;https://docs.google.com/spreadsheets/d/1vJ-pioe3RZKSZ3LIGEA3FVTv_KEE_XKIQAXSIUNNd-Q/edit#gid=0;https://raw.githubusercontent.com/PokeAPI/pokeapi/master/data/v2/csv/languages.csv;https://raw.githubusercontent.com/PokeAPI/pokeapi/master/data/v2/csv/pokemon.csv;https://raw.githubusercontent.com/PokeAPI/pokeapi/master/data/v2/csv/pokemon_form_names.csv;https://raw.githubusercontent.com/PokeAPI/pokeapi/master/data/v2/csv/pokemon_forms.csv;https://raw.githubusercontent.com/PokeAPI/pokeapi/master/data/v2/csv/pokemon_species_names.csv;output/team-graphics/s3/GPL Teams Spieltag 14 (1).jpg;output/team-graphics/s3/GPL Teams Spieltag 14 (2).jpg;output/team-graphics/s4/Flexing Masskito - RegiBang.png;output/team-graphics/s5/Shockwaving Magearnas.png
season_008,Liga 2,hinrunde,Blocki,Kastanienbomber,11,81.8,77.3,77.3,100,"Knakrack, Masskito, Primarene, Roserade, Raichu, Metagross",data/manual/pokemon_killlists.csv;data/manual/team_pokemon_usage.csv;https://docs.google.com/spreadsheets/d/11wxsKyCydVmDjp4kGLJAOLPM_LgwCLN2GYpbDQkNtkk/edit#gid=1588964432;https://docs.google.com/spreadsheets/d/11wxsKyCydVmDjp4kGLJAOLPM_LgwCLN2GYpbDQkNtkk/edit#gid=1843013406;https://docs.google.com/spreadsheets/d/11wxsKyCydVmDjp4kGLJAOLPM_LgwCLN2GYpbDQkNtkk/edit#gid=654435343;https://docs.google.com/spreadsheets/d/13smsrG2BGYxr_omJWcgr-sUDr39bvOJPNL5RPt4DSow/edit#gid=1934543062;https://docs.google.com/spreadsheets/d/13smsrG2BGYxr_omJWcgr-sUDr39bvOJPNL5RPt4DSow/edit#gid=1953790464;https://docs.google.com/spreadsheets/d/13smsrG2BGYxr_omJWcgr-sUDr39bvOJPNL5RPt4DSow/edit#gid=71150222;https://docs.google.com/spreadsheets/d/1B2uTMvWlAHb7WlpupJV1A2Hbi3K3U1vCyoFV0wCapcw/edit#gid=1271313224;https://docs.google.com/spreadsheets/d/1B2uTMvWlAHb7WlpupJV1A2Hbi3K3U1vCyoFV0wCapcw/edit#gid=1521895812;https://docs.google.com/spreadsheets/d/1B2uTMvWlAHb7WlpupJV1A2Hbi3K3U1vCyoFV0wCapcw/edit#gid=1846395979;https://docs.google.com/spreadsheets/d/1B2uTMvWlAHb7WlpupJV1A2Hbi3K3U1vCyoFV0wCapcw/edit#gid=26363830;https://docs.google.com/spreadsheets/d/1JZpA-5XDldN2bjfvhvBPHYK-1AENETLnF1UxNEpWlNA/edit#gid=352888197;https://docs.google.com/spreadsheets/d/1kiwDk4NgYoKb0Oo9yqzwl9HXHxuQ_0I5gkb1JtE57PI/edit#gid=0;https://docs.google.com/spreadsheets/d/1n9SmK-ccTCn8Jjhs4U2LKnibXY8PvuBtV3V9MCOURRA/edit#gid=0;https://docs.google.com/spreadsheets/d/1nwiq_ggEj7QePeZGMR2xoi0bEHJr_ZGO24YCRdt93No/edit#gid=857670931;https://docs.google.com/spreadsheets/d/1odsNRAZStW1GzmpXwmg27dqjOlch7w8syZOZ5Z2OQRg/edit#gid=0;https://docs.google.com/spreadsheets/d/1uo7-E_E2jbehB2hbBurpPayP_0fKY5sPZcFgZmfLydY/edit#gid=1526488506;https://docs.google.com/spreadsheets/d/1uo7-E_E2jbehB2hbBurpPayP_0fKY5sPZcFgZmfLydY/edit#gid=1696255979;https://docs.google.com/spreadsheets/d/1uo7-E_E2jbehB2hbBurpPayP_0fKY5sPZcFgZmfLydY/edit#gid=520178140;https://docs.google.com/spreadsheets/d/1vJ-pioe3RZKSZ3LIGEA3FVTv_KEE_XKIQAXSIUNNd-Q/edit#gid=0;https://raw.githubusercontent.com/PokeAPI/pokeapi/master/data/v2/csv/languages.csv;https://raw.githubusercontent.com/PokeAPI/pokeapi/master/data/v2/csv/pokemon.csv;https://raw.githubusercontent.com/PokeAPI/pokeapi/master/data/v2/csv/pokemon_form_names.csv;https://raw.githubusercontent.com/PokeAPI/pokeapi/master/data/v2/csv/pokemon_forms.csv;https://raw.githubusercontent.com/PokeAPI/pokeapi/master/data/v2/csv/pokemon_species_names.csv;output/team-graphics/s3/GPL Teams Spieltag 14 (2).jpg;output/team-graphics/s4/Flexing Masskito - RegiBang.png;output/team-graphics/s4/Minetube - Triyolotree.png;output/team-graphics/s4/Slicing Knights - Cabgolord.png;output/team-graphics/s5/Triyolotree.png;output/team-graphics/s5/Victini Bottom.png
season_008,Liga 1,rueckrunde,PresentLP,Prekani,11,81.8,77.2,77.2,100,"Primarene, Meistagrif, Piondragi, Metagross, Fuegro, Keifel",data/manual/pokemon_killlists.csv;data/manual/team_pokemon_usage.csv;https://docs.google.com/spreadsheets/d/11wxsKyCydVmDjp4kGLJAOLPM_LgwCLN2GYpbDQkNtkk/edit#gid=1588964432;https://docs.google.com/spreadsheets/d/11wxsKyCydVmDjp4kGLJAOLPM_LgwCLN2GYpbDQkNtkk/edit#gid=1843013406;https://docs.google.com/spreadsheets/d/13smsrG2BGYxr_omJWcgr-sUDr39bvOJPNL5RPt4DSow/edit#gid=1934543062;https://docs.google.com/spreadsheets/d/13smsrG2BGYxr_omJWcgr-sUDr39bvOJPNL5RPt4DSow/edit#gid=71150222;https://docs.google.com/spreadsheets/d/14N_40jsahiN9DChpnNaPTnFy26If6imVHtqBGDWk6pg/edit#gid=0;https://docs.google.com/spreadsheets/d/1B2uTMvWlAHb7WlpupJV1A2Hbi3K3U1vCyoFV0wCapcw/edit#gid=1271313224;https://docs.google.com/spreadsheets/d/1B2uTMvWlAHb7WlpupJV1A2Hbi3K3U1vCyoFV0wCapcw/edit#gid=1521895812;https://docs.google.com/spreadsheets/d/1B2uTMvWlAHb7WlpupJV1A2Hbi3K3U1vCyoFV0wCapcw/edit#gid=1846395979;https://docs.google.com/spreadsheets/d/1B2uTMvWlAHb7WlpupJV1A2Hbi3K3U1vCyoFV0wCapcw/edit#gid=26363830;https://docs.google.com/spreadsheets/d/1FUsClf5qEny-BHY5Djp8rIwRJKBSJDvygJ8LBa62FEo/edit#gid=0;https://docs.google.com/spreadsheets/d/1JZpA-5XDldN2bjfvhvBPHYK-1AENETLnF1UxNEpWlNA/edit#gid=352888197;https://docs.google.com/spreadsheets/d/1kXhNwKGrqQTwSal0NxpZ9h0yo6u_mQwhwg4vGVwxMX4/edit#gid=0;https://docs.google.com/spreadsheets/d/1kiwDk4NgYoKb0Oo9yqzwl9HXHxuQ_0I5gkb1JtE57PI/edit#gid=0;https://docs.google.com/spreadsheets/d/1n9SmK-ccTCn8Jjhs4U2LKnibXY8PvuBtV3V9MCOURRA/edit#gid=0;https://docs.google.com/spreadsheets/d/1nwiq_ggEj7QePeZGMR2xoi0bEHJr_ZGO24YCRdt93No/edit#gid=857670931;https://docs.google.com/spreadsheets/d/1odsNRAZStW1GzmpXwmg27dqjOlch7w8syZOZ5Z2OQRg/edit#gid=0;https://docs.google.com/spreadsheets/d/1uo7-E_E2jbehB2hbBurpPayP_0fKY5sPZcFgZmfLydY/edit#gid=1526488506;https://docs.google.com/spreadsheets/d/1uo7-E_E2jbehB2hbBurpPayP_0fKY5sPZcFgZmfLydY/edit#gid=1696255979;https://docs.google.com/spreadsheets/d/1uo7-E_E2jbehB2hbBurpPayP_0fKY5sPZcFgZmfLydY/edit#gid=520178140;https://docs.google.com/spreadsheets/d/1vJ-pioe3RZKSZ3LIGEA3FVTv_KEE_XKIQAXSIUNNd-Q/edit#gid=0;https://raw.githubusercontent.com/PokeAPI/pokeapi/master/data/v2/csv/languages.csv;https://raw.githubusercontent.com/PokeAPI/pokeapi/master/data/v2/csv/pokemon.csv;https://raw.githubusercontent.com/PokeAPI/pokeapi/master/data/v2/csv/pokemon_form_names.csv;https://raw.githubusercontent.com/PokeAPI/pokeapi/master/data/v2/csv/pokemon_forms.csv;https://raw.githubusercontent.com/PokeAPI/pokeapi/master/data/v2/csv/pokemon_species_names.csv;output/team-graphics/s3/GPL Teams Spieltag 14 (2).jpg;output/team-graphics/s4/Slicing Knights - Cabgolord.png;output/team-graphics/s5/Aggron Berlin.png;output/team-graphics/s5/Triyolotree.png;output/team-graphics/s5/Victini Bottom.png
season_009,Singles,hinrunde,Barry D. Sin of Speed,Akatsuki Amphibianz,11,81.8,77.3,77.3,100,"Knakrack, Panzaeron, Primarene, Vesprit, Raichu, Elfun",data/manual/pokemon_killlists.csv;data/manual/team_pokemon_usage.csv;https://docs.google.com/spreadsheets/d/11wxsKyCydVmDjp4kGLJAOLPM_LgwCLN2GYpbDQkNtkk/edit#gid=1588964432;https://docs.google.com/spreadsheets/d/11wxsKyCydVmDjp4kGLJAOLPM_LgwCLN2GYpbDQkNtkk/edit#gid=1843013406;https://docs.google.com/spreadsheets/d/11wxsKyCydVmDjp4kGLJAOLPM_LgwCLN2GYpbDQkNtkk/edit#gid=654435343;https://docs.google.com/spreadsheets/d/13smsrG2BGYxr_omJWcgr-sUDr39bvOJPNL5RPt4DSow/edit#gid=1934543062;https://docs.google.com/spreadsheets/d/13smsrG2BGYxr_omJWcgr-sUDr39bvOJPNL5RPt4DSow/edit#gid=1953790464;https://docs.google.com/spreadsheets/d/13smsrG2BGYxr_omJWcgr-sUDr39bvOJPNL5RPt4DSow/edit#gid=71150222;https://docs.google.com/spreadsheets/d/1B2uTMvWlAHb7WlpupJV1A2Hbi3K3U1vCyoFV0wCapcw/edit#gid=1271313224;https://docs.google.com/spreadsheets/d/1B2uTMvWlAHb7WlpupJV1A2Hbi3K3U1vCyoFV0wCapcw/edit#gid=1521895812;https://docs.google.com/spreadsheets/d/1B2uTMvWlAHb7WlpupJV1A2Hbi3K3U1vCyoFV0wCapcw/edit#gid=1846395979;https://docs.google.com/spreadsheets/d/1B2uTMvWlAHb7WlpupJV1A2Hbi3K3U1vCyoFV0wCapcw/edit#gid=26363830;https://docs.google.com/spreadsheets/d/1FUsClf5qEny-BHY5Djp8rIwRJKBSJDvygJ8LBa62FEo/edit#gid=0;https://docs.google.com/spreadsheets/d/1JZpA-5XDldN2bjfvhvBPHYK-1AENETLnF1UxNEpWlNA/edit#gid=352888197;https://docs.google.com/spreadsheets/d/1kiwDk4NgYoKb0Oo9yqzwl9HXHxuQ_0I5gkb1JtE57PI/edit#gid=0;https://docs.google.com/spreadsheets/d/1n9SmK-ccTCn8Jjhs4U2LKnibXY8PvuBtV3V9MCOURRA/edit#gid=0;https://docs.google.com/spreadsheets/d/1nwiq_ggEj7QePeZGMR2xoi0bEHJr_ZGO24YCRdt93No/edit#gid=857670931;https://docs.google.com/spreadsheets/d/1odsNRAZStW1GzmpXwmg27dqjOlch7w8syZOZ5Z2OQRg/edit#gid=0;https://docs.google.com/spreadsheets/d/1uo7-E_E2jbehB2hbBurpPayP_0fKY5sPZcFgZmfLydY/edit#gid=1526488506;https://docs.google.com/spreadsheets/d/1uo7-E_E2jbehB2hbBurpPayP_0fKY5sPZcFgZmfLydY/edit#gid=1696255979;https://docs.google.com/spreadsheets/d/1uo7-E_E2jbehB2hbBurpPayP_0fKY5sPZcFgZmfLydY/edit#gid=1992807502;https://docs.google.com/spreadsheets/d/1uo7-E_E2jbehB2hbBurpPayP_0fKY5sPZcFgZmfLydY/edit#gid=520178140;https://docs.google.com/spreadsheets/d/1vJ-pioe3RZKSZ3LIGEA3FVTv_KEE_XKIQAXSIUNNd-Q/edit#gid=0;https://raw.githubusercontent.com/PokeAPI/pokeapi/master/data/v2/csv/languages.csv;https://raw.githubusercontent.com/PokeAPI/pokeapi/master/data/v2/csv/pokemon.csv;https://raw.githubusercontent.com/PokeAPI/pokeapi/master/data/v2/csv/pokemon_form_names.csv;https://raw.githubusercontent.com/PokeAPI/pokeapi/master/data/v2/csv/pokemon_forms.csv;https://raw.githubusercontent.com/PokeAPI/pokeapi/master/data/v2/csv/pokemon_species_names.csv;output/team-graphics/s3/GPL Teams Spieltag 14 (1).jpg;output/team-graphics/s3/GPL Teams Spieltag 14 (2).jpg;output/team-graphics/s4/Enteikutierung - Lauris Enteitainment.png;output/team-graphics/s4/Minetube - Triyolotree.png;output/team-graphics/s4/Prekani - PresentLP.png;output/team-graphics/s5/Aggron Berlin.png;output/team-graphics/s5/Marvelous Speedsters.png;output/team-graphics/s5/Shockwaving Magearnas.png;output/team-graphics/s5/Triyolotree.png
season_009,Doubles,hinrunde,Minetube,Akatsuki Amphibianz,11,81.8,77.3,77.3,100,"Knakrack, Panzaeron, Primarene, Vesprit, Raichu, Elfun",data/manual/pokemon_killlists.csv;data/manual/team_pokemon_usage.csv;https://docs.google.com/spreadsheets/d/11wxsKyCydVmDjp4kGLJAOLPM_LgwCLN2GYpbDQkNtkk/edit#gid=1588964432;https://docs.google.com/spreadsheets/d/11wxsKyCydVmDjp4kGLJAOLPM_LgwCLN2GYpbDQkNtkk/edit#gid=1843013406;https://docs.google.com/spreadsheets/d/11wxsKyCydVmDjp4kGLJAOLPM_LgwCLN2GYpbDQkNtkk/edit#gid=654435343;https://docs.google.com/spreadsheets/d/13smsrG2BGYxr_omJWcgr-sUDr39bvOJPNL5RPt4DSow/edit#gid=1934543062;https://docs.google.com/spreadsheets/d/13smsrG2BGYxr_omJWcgr-sUDr39bvOJPNL5RPt4DSow/edit#gid=1953790464;https://docs.google.com/spreadsheets/d/13smsrG2BGYxr_omJWcgr-sUDr39bvOJPNL5RPt4DSow/edit#gid=71150222;https://docs.google.com/spreadsheets/d/1B2uTMvWlAHb7WlpupJV1A2Hbi3K3U1vCyoFV0wCapcw/edit#gid=1271313224;https://docs.google.com/spreadsheets/d/1B2uTMvWlAHb7WlpupJV1A2Hbi3K3U1vCyoFV0wCapcw/edit#gid=1521895812;https://docs.google.com/spreadsheets/d/1B2uTMvWlAHb7WlpupJV1A2Hbi3K3U1vCyoFV0wCapcw/edit#gid=1846395979;https://docs.google.com/spreadsheets/d/1B2uTMvWlAHb7WlpupJV1A2Hbi3K3U1vCyoFV0wCapcw/edit#gid=26363830;https://docs.google.com/spreadsheets/d/1FUsClf5qEny-BHY5Djp8rIwRJKBSJDvygJ8LBa62FEo/edit#gid=0;https://docs.google.com/spreadsheets/d/1JZpA-5XDldN2bjfvhvBPHYK-1AENETLnF1UxNEpWlNA/edit#gid=352888197;https://docs.google.com/spreadsheets/d/1kiwDk4NgYoKb0Oo9yqzwl9HXHxuQ_0I5gkb1JtE57PI/edit#gid=0;https://docs.google.com/spreadsheets/d/1n9SmK-ccTCn8Jjhs4U2LKnibXY8PvuBtV3V9MCOURRA/edit#gid=0;https://docs.google.com/spreadsheets/d/1nwiq_ggEj7QePeZGMR2xoi0bEHJr_ZGO24YCRdt93No/edit#gid=857670931;https://docs.google.com/spreadsheets/d/1odsNRAZStW1GzmpXwmg27dqjOlch7w8syZOZ5Z2OQRg/edit#gid=0;https://docs.google.com/spreadsheets/d/1uo7-E_E2jbehB2hbBurpPayP_0fKY5sPZcFgZmfLydY/edit#gid=1526488506;https://docs.google.com/spreadsheets/d/1uo7-E_E2jbehB2hbBurpPayP_0fKY5sPZcFgZmfLydY/edit#gid=1696255979;https://docs.google.com/spreadsheets/d/1uo7-E_E2jbehB2hbBurpPayP_0fKY5sPZcFgZmfLydY/edit#gid=1992807502;https://docs.google.com/spreadsheets/d/1uo7-E_E2jbehB2hbBurpPayP_0fKY5sPZcFgZmfLydY/edit#gid=520178140;https://docs.google.com/spreadsheets/d/1vJ-pioe3RZKSZ3LIGEA3FVTv_KEE_XKIQAXSIUNNd-Q/edit#gid=0;https://raw.githubusercontent.com/PokeAPI/pokeapi/master/data/v2/csv/languages.csv;https://raw.githubusercontent.com/PokeAPI/pokeapi/master/data/v2/csv/pokemon.csv;https://raw.githubusercontent.com/PokeAPI/pokeapi/master/data/v2/csv/pokemon_form_names.csv;https://raw.githubusercontent.com/PokeAPI/pokeapi/master/data/v2/csv/pokemon_forms.csv;https://raw.githubusercontent.com/PokeAPI/pokeapi/master/data/v2/csv/pokemon_species_names.csv;output/team-graphics/s3/GPL Teams Spieltag 14 (1).jpg;output/team-graphics/s3/GPL Teams Spieltag 14 (2).jpg;output/team-graphics/s4/Enteikutierung - Lauris Enteitainment.png;output/team-graphics/s4/Minetube - Triyolotree.png;output/team-graphics/s4/Prekani - PresentLP.png;output/team-graphics/s5/Aggron Berlin.png;output/team-graphics/s5/Marvelous Speedsters.png;output/team-graphics/s5/Shockwaving Magearnas.png;output/team-graphics/s5/Triyolotree.png
season_008,Liga 2,rueckrunde,KingBlex,End Level Hydreigon,11,81.6,77.0,77.0,100,"Snibunna, Stalobor, Laschoking, Hutsassa, Piepi, Donarion",data/manual/pokemon_killlists.csv;data/manual/team_pokemon_usage.csv;https://docs.google.com/spreadsheets/d/11wxsKyCydVmDjp4kGLJAOLPM_LgwCLN2GYpbDQkNtkk/edit#gid=1588964432;https://docs.google.com/spreadsheets/d/11wxsKyCydVmDjp4kGLJAOLPM_LgwCLN2GYpbDQkNtkk/edit#gid=1843013406;https://docs.google.com/spreadsheets/d/11wxsKyCydVmDjp4kGLJAOLPM_LgwCLN2GYpbDQkNtkk/edit#gid=654435343;https://docs.google.com/spreadsheets/d/13smsrG2BGYxr_omJWcgr-sUDr39bvOJPNL5RPt4DSow/edit#gid=1934543062;https://docs.google.com/spreadsheets/d/13smsrG2BGYxr_omJWcgr-sUDr39bvOJPNL5RPt4DSow/edit#gid=71150222;https://docs.google.com/spreadsheets/d/1B2uTMvWlAHb7WlpupJV1A2Hbi3K3U1vCyoFV0wCapcw/edit#gid=1271313224;https://docs.google.com/spreadsheets/d/1B2uTMvWlAHb7WlpupJV1A2Hbi3K3U1vCyoFV0wCapcw/edit#gid=1521895812;https://docs.google.com/spreadsheets/d/1B2uTMvWlAHb7WlpupJV1A2Hbi3K3U1vCyoFV0wCapcw/edit#gid=1846395979;https://docs.google.com/spreadsheets/d/1B2uTMvWlAHb7WlpupJV1A2Hbi3K3U1vCyoFV0wCapcw/edit#gid=26363830;https://docs.google.com/spreadsheets/d/1FUsClf5qEny-BHY5Djp8rIwRJKBSJDvygJ8LBa62FEo/edit#gid=0;https://docs.google.com/spreadsheets/d/1JZpA-5XDldN2bjfvhvBPHYK-1AENETLnF1UxNEpWlNA/edit#gid=352888197;https://docs.google.com/spreadsheets/d/1kXhNwKGrqQTwSal0NxpZ9h0yo6u_mQwhwg4vGVwxMX4/edit#gid=0;https://docs.google.com/spreadsheets/d/1kiwDk4NgYoKb0Oo9yqzwl9HXHxuQ_0I5gkb1JtE57PI/edit#gid=0;https://docs.google.com/spreadsheets/d/1n9SmK-ccTCn8Jjhs4U2LKnibXY8PvuBtV3V9MCOURRA/edit#gid=0;https://docs.google.com/spreadsheets/d/1nwiq_ggEj7QePeZGMR2xoi0bEHJr_ZGO24YCRdt93No/edit#gid=857670931;https://docs.google.com/spreadsheets/d/1odsNRAZStW1GzmpXwmg27dqjOlch7w8syZOZ5Z2OQRg/edit#gid=0;https://docs.google.com/spreadsheets/d/1uo7-E_E2jbehB2hbBurpPayP_0fKY5sPZcFgZmfLydY/edit#gid=1526488506;https://docs.google.com/spreadsheets/d/1uo7-E_E2jbehB2hbBurpPayP_0fKY5sPZcFgZmfLydY/edit#gid=1696255979;https://docs.google.com/spreadsheets/d/1uo7-E_E2jbehB2hbBurpPayP_0fKY5sPZcFgZmfLydY/edit#gid=520178140;https://docs.google.com/spreadsheets/d/1vJ-pioe3RZKSZ3LIGEA3FVTv_KEE_XKIQAXSIUNNd-Q/edit#gid=0;https://raw.githubusercontent.com/PokeAPI/pokeapi/master/data/v2/csv/languages.csv;https://raw.githubusercontent.com/PokeAPI/pokeapi/master/data/v2/csv/pokemon.csv;https://raw.githubusercontent.com/PokeAPI/pokeapi/master/data/v2/csv/pokemon_form_names.csv;https://raw.githubusercontent.com/PokeAPI/pokeapi/master/data/v2/csv/pokemon_forms.csv;https://raw.githubusercontent.com/PokeAPI/pokeapi/master/data/v2/csv/pokemon_species_names.csv;output/team-graphics/s3/GPL Teams Spieltag 14 (1).jpg;output/team-graphics/s3/GPL Teams Spieltag 14 (2).jpg;output/team-graphics/s4/Minetube - Triyolotree.png;output/team-graphics/s4/Prekani - PresentLP.png;output/team-graphics/s5/Energie Tobutz.png;output/team-graphics/s5/Triyolotree.png;output/team-graphics/s5/Victini Bottom.png
season_009,Singles,rueckrunde,Dauni Daunstar,Scherzkekse,11,81.6,77.0,77.0,100,"Krarmor, Latios, Meistagrif, Piondragi, Milotic, Piepi",data/manual/pokemon_killlists.csv;data/manual/team_pokemon_usage.csv;https://docs.google.com/spreadsheets/d/11wxsKyCydVmDjp4kGLJAOLPM_LgwCLN2GYpbDQkNtkk/edit#gid=1588964432;https://docs.google.com/spreadsheets/d/11wxsKyCydVmDjp4kGLJAOLPM_LgwCLN2GYpbDQkNtkk/edit#gid=1843013406;https://docs.google.com/spreadsheets/d/11wxsKyCydVmDjp4kGLJAOLPM_LgwCLN2GYpbDQkNtkk/edit#gid=654435343;https://docs.google.com/spreadsheets/d/13smsrG2BGYxr_omJWcgr-sUDr39bvOJPNL5RPt4DSow/edit#gid=1934543062;https://docs.google.com/spreadsheets/d/13smsrG2BGYxr_omJWcgr-sUDr39bvOJPNL5RPt4DSow/edit#gid=1953790464;https://docs.google.com/spreadsheets/d/13smsrG2BGYxr_omJWcgr-sUDr39bvOJPNL5RPt4DSow/edit#gid=71150222;https://docs.google.com/spreadsheets/d/14N_40jsahiN9DChpnNaPTnFy26If6imVHtqBGDWk6pg/edit#gid=0;https://docs.google.com/spreadsheets/d/1B2uTMvWlAHb7WlpupJV1A2Hbi3K3U1vCyoFV0wCapcw/edit#gid=1271313224;https://docs.google.com/spreadsheets/d/1B2uTMvWlAHb7WlpupJV1A2Hbi3K3U1vCyoFV0wCapcw/edit#gid=1521895812;https://docs.google.com/spreadsheets/d/1B2uTMvWlAHb7WlpupJV1A2Hbi3K3U1vCyoFV0wCapcw/edit#gid=1846395979;https://docs.google.com/spreadsheets/d/1B2uTMvWlAHb7WlpupJV1A2Hbi3K3U1vCyoFV0wCapcw/edit#gid=26363830;https://docs.google.com/spreadsheets/d/1FUsClf5qEny-BHY5Djp8rIwRJKBSJDvygJ8LBa62FEo/edit#gid=0;https://docs.google.com/spreadsheets/d/1JZpA-5XDldN2bjfvhvBPHYK-1AENETLnF1UxNEpWlNA/edit#gid=352888197;https://docs.google.com/spreadsheets/d/1kiwDk4NgYoKb0Oo9yqzwl9HXHxuQ_0I5gkb1JtE57PI/edit#gid=0;https://docs.google.com/spreadsheets/d/1n9SmK-ccTCn8Jjhs4U2LKnibXY8PvuBtV3V9MCOURRA/edit#gid=0;https://docs.google.com/spreadsheets/d/1nwiq_ggEj7QePeZGMR2xoi0bEHJr_ZGO24YCRdt93No/edit#gid=857670931;https://docs.google.com/spreadsheets/d/1odsNRAZStW1GzmpXwmg27dqjOlch7w8syZOZ5Z2OQRg/edit#gid=0;https://docs.google.com/spreadsheets/d/1uo7-E_E2jbehB2hbBurpPayP_0fKY5sPZcFgZmfLydY/edit#gid=1526488506;https://docs.google.com/spreadsheets/d/1uo7-E_E2jbehB2hbBurpPayP_0fKY5sPZcFgZmfLydY/edit#gid=1696255979;https://docs.google.com/spreadsheets/d/1uo7-E_E2jbehB2hbBurpPayP_0fKY5sPZcFgZmfLydY/edit#gid=1992807502;https://docs.google.com/spreadsheets/d/1uo7-E_E2jbehB2hbBurpPayP_0fKY5sPZcFgZmfLydY/edit#gid=520178140;https://docs.google.com/spreadsheets/d/1uo7-E_E2jbehB2hbBurpPayP_0fKY5sPZcFgZmfLydY/edit#gid=754790791;https://docs.google.com/spreadsheets/d/1vJ-pioe3RZKSZ3LIGEA3FVTv_KEE_XKIQAXSIUNNd-Q/edit#gid=0;https://raw.githubusercontent.com/PokeAPI/pokeapi/master/data/v2/csv/languages.csv;https://raw.githubusercontent.com/PokeAPI/pokeapi/master/data/v2/csv/pokemon.csv;https://raw.githubusercontent.com/PokeAPI/pokeapi/master/data/v2/csv/pokemon_form_names.csv;https://raw.githubusercontent.com/PokeAPI/pokeapi/master/data/v2/csv/pokemon_forms.csv;https://raw.githubusercontent.com/PokeAPI/pokeapi/master/data/v2/csv/pokemon_species_names.csv;output/team-graphics/s3/GPL Teams Spieltag 14 (1).jpg;output/team-graphics/s3/GPL Teams Spieltag 14 (2).jpg;output/team-graphics/s4/Enteikutierung - Lauris Enteitainment.png;output/team-graphics/s4/Variant Vulpix - CrowdController.png;output/team-graphics/s5/SoulStealer.png
season_009,Doubles,rueckrunde,Hydronic,Scherzkekse,11,81.6,77.0,77.0,100,"Krarmor, Latios, Meistagrif, Piondragi, Milotic, Piepi",data/manual/pokemon_killlists.csv;data/manual/team_pokemon_usage.csv;https://docs.google.com/spreadsheets/d/11wxsKyCydVmDjp4kGLJAOLPM_LgwCLN2GYpbDQkNtkk/edit#gid=1588964432;https://docs.google.com/spreadsheets/d/11wxsKyCydVmDjp4kGLJAOLPM_LgwCLN2GYpbDQkNtkk/edit#gid=1843013406;https://docs.google.com/spreadsheets/d/11wxsKyCydVmDjp4kGLJAOLPM_LgwCLN2GYpbDQkNtkk/edit#gid=654435343;https://docs.google.com/spreadsheets/d/13smsrG2BGYxr_omJWcgr-sUDr39bvOJPNL5RPt4DSow/edit#gid=1934543062;https://docs.google.com/spreadsheets/d/13smsrG2BGYxr_omJWcgr-sUDr39bvOJPNL5RPt4DSow/edit#gid=1953790464;https://docs.google.com/spreadsheets/d/13smsrG2BGYxr_omJWcgr-sUDr39bvOJPNL5RPt4DSow/edit#gid=71150222;https://docs.google.com/spreadsheets/d/14N_40jsahiN9DChpnNaPTnFy26If6imVHtqBGDWk6pg/edit#gid=0;https://docs.google.com/spreadsheets/d/1B2uTMvWlAHb7WlpupJV1A2Hbi3K3U1vCyoFV0wCapcw/edit#gid=1271313224;https://docs.google.com/spreadsheets/d/1B2uTMvWlAHb7WlpupJV1A2Hbi3K3U1vCyoFV0wCapcw/edit#gid=1521895812;https://docs.google.com/spreadsheets/d/1B2uTMvWlAHb7WlpupJV1A2Hbi3K3U1vCyoFV0wCapcw/edit#gid=1846395979;https://docs.google.com/spreadsheets/d/1B2uTMvWlAHb7WlpupJV1A2Hbi3K3U1vCyoFV0wCapcw/edit#gid=26363830;https://docs.google.com/spreadsheets/d/1FUsClf5qEny-BHY5Djp8rIwRJKBSJDvygJ8LBa62FEo/edit#gid=0;https://docs.google.com/spreadsheets/d/1JZpA-5XDldN2bjfvhvBPHYK-1AENETLnF1UxNEpWlNA/edit#gid=352888197;https://docs.google.com/spreadsheets/d/1kiwDk4NgYoKb0Oo9yqzwl9HXHxuQ_0I5gkb1JtE57PI/edit#gid=0;https://docs.google.com/spreadsheets/d/1n9SmK-ccTCn8Jjhs4U2LKnibXY8PvuBtV3V9MCOURRA/edit#gid=0;https://docs.google.com/spreadsheets/d/1nwiq_ggEj7QePeZGMR2xoi0bEHJr_ZGO24YCRdt93No/edit#gid=857670931;https://docs.google.com/spreadsheets/d/1odsNRAZStW1GzmpXwmg27dqjOlch7w8syZOZ5Z2OQRg/edit#gid=0;https://docs.google.com/spreadsheets/d/1uo7-E_E2jbehB2hbBurpPayP_0fKY5sPZcFgZmfLydY/edit#gid=1526488506;https://docs.google.com/spreadsheets/d/1uo7-E_E2jbehB2hbBurpPayP_0fKY5sPZcFgZmfLydY/edit#gid=1696255979;https://docs.google.com/spreadsheets/d/1uo7-E_E2jbehB2hbBurpPayP_0fKY5sPZcFgZmfLydY/edit#gid=1992807502;https://docs.google.com/spreadsheets/d/1uo7-E_E2jbehB2hbBurpPayP_0fKY5sPZcFgZmfLydY/edit#gid=520178140;https://docs.google.com/spreadsheets/d/1uo7-E_E2jbehB2hbBurpPayP_0fKY5sPZcFgZmfLydY/edit#gid=754790791;https://docs.google.com/spreadsheets/d/1vJ-pioe3RZKSZ3LIGEA3FVTv_KEE_XKIQAXSIUNNd-Q/edit#gid=0;https://raw.githubusercontent.com/PokeAPI/pokeapi/master/data/v2/csv/languages.csv;https://raw.githubusercontent.com/PokeAPI/pokeapi/master/data/v2/csv/pokemon.csv;https://raw.githubusercontent.com/PokeAPI/pokeapi/master/data/v2/csv/pokemon_form_names.csv;https://raw.githubusercontent.com/PokeAPI/pokeapi/master/data/v2/csv/pokemon_forms.csv;https://raw.githubusercontent.com/PokeAPI/pokeapi/master/data/v2/csv/pokemon_species_names.csv;output/team-graphics/s3/GPL Teams Spieltag 14 (1).jpg;output/team-graphics/s3/GPL Teams Spieltag 14 (2).jpg;output/team-graphics/s4/Enteikutierung - Lauris Enteitainment.png;output/team-graphics/s4/Variant Vulpix - CrowdController.png;output/team-graphics/s5/SoulStealer.png
season_003,Regular Season,rueckrunde,RegiBang,Glorious Emperors,13,81.4,76.8,76.8,100,"Knakrack, Pixi, Hutsassa, Despotar, Rotom, Lanturn",data/manual/pokemon_killlists.csv;data/manual/team_pokemon_usage.csv;https://docs.google.com/spreadsheets/d/11wxsKyCydVmDjp4kGLJAOLPM_LgwCLN2GYpbDQkNtkk/edit#gid=1588964432;https://docs.google.com/spreadsheets/d/11wxsKyCydVmDjp4kGLJAOLPM_LgwCLN2GYpbDQkNtkk/edit#gid=1843013406;https://docs.google.com/spreadsheets/d/11wxsKyCydVmDjp4kGLJAOLPM_LgwCLN2GYpbDQkNtkk/edit#gid=654435343;https://docs.google.com/spreadsheets/d/13smsrG2BGYxr_omJWcgr-sUDr39bvOJPNL5RPt4DSow/edit#gid=1934543062;https://docs.google.com/spreadsheets/d/13smsrG2BGYxr_omJWcgr-sUDr39bvOJPNL5RPt4DSow/edit#gid=1953790464;https://docs.google.com/spreadsheets/d/13smsrG2BGYxr_omJWcgr-sUDr39bvOJPNL5RPt4DSow/edit#gid=71150222;https://docs.google.com/spreadsheets/d/1B2uTMvWlAHb7WlpupJV1A2Hbi3K3U1vCyoFV0wCapcw/edit#gid=1271313224;https://docs.google.com/spreadsheets/d/1B2uTMvWlAHb7WlpupJV1A2Hbi3K3U1vCyoFV0wCapcw/edit#gid=1521895812;https://docs.google.com/spreadsheets/d/1B2uTMvWlAHb7WlpupJV1A2Hbi3K3U1vCyoFV0wCapcw/edit#gid=1846395979;https://docs.google.com/spreadsheets/d/1B2uTMvWlAHb7WlpupJV1A2Hbi3K3U1vCyoFV0wCapcw/edit#gid=26363830;https://docs.google.com/spreadsheets/d/1FUsClf5qEny-BHY5Djp8rIwRJKBSJDvygJ8LBa62FEo/edit#gid=0;https://docs.google.com/spreadsheets/d/1JZpA-5XDldN2bjfvhvBPHYK-1AENETLnF1UxNEpWlNA/edit#gid=352888197;https://docs.google.com/spreadsheets/d/1kiwDk4NgYoKb0Oo9yqzwl9HXHxuQ_0I5gkb1JtE57PI/edit#gid=0;https://docs.google.com/spreadsheets/d/1n9SmK-ccTCn8Jjhs4U2LKnibXY8PvuBtV3V9MCOURRA/edit#gid=0;https://docs.google.com/spreadsheets/d/1nwiq_ggEj7QePeZGMR2xoi0bEHJr_ZGO24YCRdt93No/edit#gid=857670931;https://docs.google.com/spreadsheets/d/1odsNRAZStW1GzmpXwmg27dqjOlch7w8syZOZ5Z2OQRg/edit#gid=0;https://docs.google.com/spreadsheets/d/1uo7-E_E2jbehB2hbBurpPayP_0fKY5sPZcFgZmfLydY/edit#gid=1526488506;https://docs.google.com/spreadsheets/d/1uo7-E_E2jbehB2hbBurpPayP_0fKY5sPZcFgZmfLydY/edit#gid=1696255979;https://docs.google.com/spreadsheets/d/1uo7-E_E2jbehB2hbBurpPayP_0fKY5sPZcFgZmfLydY/edit#gid=520178140;https://docs.google.com/spreadsheets/d/1vJ-pioe3RZKSZ3LIGEA3FVTv_KEE_XKIQAXSIUNNd-Q/edit#gid=0;https://raw.githubusercontent.com/PokeAPI/pokeapi/master/data/v2/csv/languages.csv;https://raw.githubusercontent.com/PokeAPI/pokeapi/master/data/v2/csv/pokemon.csv;https://raw.githubusercontent.com/PokeAPI/pokeapi/master/data/v2/csv/pokemon_form_names.csv;https://raw.githubusercontent.com/PokeAPI/pokeapi/master/data/v2/csv/pokemon_forms.csv;https://raw.githubusercontent.com/PokeAPI/pokeapi/master/data/v2/csv/pokemon_species_names.csv;output/team-graphics/s3/GPL Teams Spieltag 14 (2).jpg;output/team-graphics/s4/Enteikutierung - Lauris Enteitainment.png;output/team-graphics/s4/Minetube - Triyolotree.png;output/team-graphics/s4/Ritter der Tapukokosnuss - FullLifeGames.png;output/team-graphics/s4/Slicing Knights - Cabgolord.png;output/team-graphics/s5/Cabgosport.png;output/team-graphics/s5/Energie Tobutz.png
season_008,Liga 2,rueckrunde,Barry D. Sin of Speed,Holy Fairies,11,81.4,76.8,76.8,100,"Katapuldra, Scherox, Guardevoir, Arkani, Sniebel, Keifel",data/manual/pokemon_killlists.csv;data/manual/team_pokemon_usage.csv;https://docs.google.com/spreadsheets/d/11wxsKyCydVmDjp4kGLJAOLPM_LgwCLN2GYpbDQkNtkk/edit#gid=1588964432;https://docs.google.com/spreadsheets/d/11wxsKyCydVmDjp4kGLJAOLPM_LgwCLN2GYpbDQkNtkk/edit#gid=1843013406;https://docs.google.com/spreadsheets/d/13smsrG2BGYxr_omJWcgr-sUDr39bvOJPNL5RPt4DSow/edit#gid=1934543062;https://docs.google.com/spreadsheets/d/13smsrG2BGYxr_omJWcgr-sUDr39bvOJPNL5RPt4DSow/edit#gid=71150222;https://docs.google.com/spreadsheets/d/1B2uTMvWlAHb7WlpupJV1A2Hbi3K3U1vCyoFV0wCapcw/edit#gid=1271313224;https://docs.google.com/spreadsheets/d/1B2uTMvWlAHb7WlpupJV1A2Hbi3K3U1vCyoFV0wCapcw/edit#gid=1521895812;https://docs.google.com/spreadsheets/d/1B2uTMvWlAHb7WlpupJV1A2Hbi3K3U1vCyoFV0wCapcw/edit#gid=1846395979;https://docs.google.com/spreadsheets/d/1B2uTMvWlAHb7WlpupJV1A2Hbi3K3U1vCyoFV0wCapcw/edit#gid=26363830;https://docs.google.com/spreadsheets/d/1FUsClf5qEny-BHY5Djp8rIwRJKBSJDvygJ8LBa62FEo/edit#gid=0;https://docs.google.com/spreadsheets/d/1JZpA-5XDldN2bjfvhvBPHYK-1AENETLnF1UxNEpWlNA/edit#gid=352888197;https://docs.google.com/spreadsheets/d/1kXhNwKGrqQTwSal0NxpZ9h0yo6u_mQwhwg4vGVwxMX4/edit#gid=0;https://docs.google.com/spreadsheets/d/1kiwDk4NgYoKb0Oo9yqzwl9HXHxuQ_0I5gkb1JtE57PI/edit#gid=0;https://docs.google.com/spreadsheets/d/1n9SmK-ccTCn8Jjhs4U2LKnibXY8PvuBtV3V9MCOURRA/edit#gid=0;https://docs.google.com/spreadsheets/d/1nwiq_ggEj7QePeZGMR2xoi0bEHJr_ZGO24YCRdt93No/edit#gid=857670931;https://docs.google.com/spreadsheets/d/1odsNRAZStW1GzmpXwmg27dqjOlch7w8syZOZ5Z2OQRg/edit#gid=0;https://docs.google.com/spreadsheets/d/1uo7-E_E2jbehB2hbBurpPayP_0fKY5sPZcFgZmfLydY/edit#gid=1526488506;https://docs.google.com/spreadsheets/d/1uo7-E_E2jbehB2hbBurpPayP_0fKY5sPZcFgZmfLydY/edit#gid=1696255979;https://docs.google.com/spreadsheets/d/1uo7-E_E2jbehB2hbBurpPayP_0fKY5sPZcFgZmfLydY/edit#gid=520178140;https://docs.google.com/spreadsheets/d/1vJ-pioe3RZKSZ3LIGEA3FVTv_KEE_XKIQAXSIUNNd-Q/edit#gid=0;https://raw.githubusercontent.com/PokeAPI/pokeapi/master/data/v2/csv/languages.csv;https://raw.githubusercontent.com/PokeAPI/pokeapi/master/data/v2/csv/pokemon.csv;https://raw.githubusercontent.com/PokeAPI/pokeapi/master/data/v2/csv/pokemon_form_names.csv;https://raw.githubusercontent.com/PokeAPI/pokeapi/master/data/v2/csv/pokemon_forms.csv;https://raw.githubusercontent.com/PokeAPI/pokeapi/master/data/v2/csv/pokemon_species_names.csv;output/team-graphics/s3/GPL Teams Spieltag 14 (1).jpg;output/team-graphics/s3/GPL Teams Spieltag 14 (2).jpg;output/team-graphics/s4/Prekani - PresentLP.png;output/team-graphics/s4/Shocking Shaymins - MeLevies.png;output/team-graphics/s5/Aggron Berlin.png;output/team-graphics/s5/Marvelous Speedsters.png;output/team-graphics/s5/Prekani.png;output/team-graphics/s5/SoulStealer.png
season_006,Sun Conference,regular,Scoutley,Rising Delibirds,11,81.3,76.6,76.6,100,"Voltula, Nachtara, Kobalium, Forstellka, Amfira, Dragoran",data/manual/pokemon_killlists.csv;data/manual/team_pokemon_usage.csv;https://docs.google.com/spreadsheets/d/11wxsKyCydVmDjp4kGLJAOLPM_LgwCLN2GYpbDQkNtkk/edit#gid=1588964432;https://docs.google.com/spreadsheets/d/11wxsKyCydVmDjp4kGLJAOLPM_LgwCLN2GYpbDQkNtkk/edit#gid=1843013406;https://docs.google.com/spreadsheets/d/13smsrG2BGYxr_omJWcgr-sUDr39bvOJPNL5RPt4DSow/edit#gid=1934543062;https://docs.google.com/spreadsheets/d/13smsrG2BGYxr_omJWcgr-sUDr39bvOJPNL5RPt4DSow/edit#gid=71150222;https://docs.google.com/spreadsheets/d/14N_40jsahiN9DChpnNaPTnFy26If6imVHtqBGDWk6pg/edit#gid=0;https://docs.google.com/spreadsheets/d/1B2uTMvWlAHb7WlpupJV1A2Hbi3K3U1vCyoFV0wCapcw/edit#gid=1271313224;https://docs.google.com/spreadsheets/d/1B2uTMvWlAHb7WlpupJV1A2Hbi3K3U1vCyoFV0wCapcw/edit#gid=1521895812;https://docs.google.com/spreadsheets/d/1B2uTMvWlAHb7WlpupJV1A2Hbi3K3U1vCyoFV0wCapcw/edit#gid=1846395979;https://docs.google.com/spreadsheets/d/1B2uTMvWlAHb7WlpupJV1A2Hbi3K3U1vCyoFV0wCapcw/edit#gid=26363830;https://docs.google.com/spreadsheets/d/1FUsClf5qEny-BHY5Djp8rIwRJKBSJDvygJ8LBa62FEo/edit#gid=0;https://docs.google.com/spreadsheets/d/1JZpA-5XDldN2bjfvhvBPHYK-1AENETLnF1UxNEpWlNA/edit#gid=352888197;https://docs.google.com/spreadsheets/d/1kiwDk4NgYoKb0Oo9yqzwl9HXHxuQ_0I5gkb1JtE57PI/edit#gid=0;https://docs.google.com/spreadsheets/d/1n9SmK-ccTCn8Jjhs4U2LKnibXY8PvuBtV3V9MCOURRA/edit#gid=0;https://docs.google.com/spreadsheets/d/1nwiq_ggEj7QePeZGMR2xoi0bEHJr_ZGO24YCRdt93No/edit#gid=857670931;https://docs.google.com/spreadsheets/d/1odsNRAZStW1GzmpXwmg27dqjOlch7w8syZOZ5Z2OQRg/edit#gid=0;https://docs.google.com/spreadsheets/d/1uo7-E_E2jbehB2hbBurpPayP_0fKY5sPZcFgZmfLydY/edit#gid=1526488506;https://docs.google.com/spreadsheets/d/1uo7-E_E2jbehB2hbBurpPayP_0fKY5sPZcFgZmfLydY/edit#gid=1696255979;https://docs.google.com/spreadsheets/d/1uo7-E_E2jbehB2hbBurpPayP_0fKY5sPZcFgZmfLydY/edit#gid=520178140;https://docs.google.com/spreadsheets/d/1vJ-pioe3RZKSZ3LIGEA3FVTv_KEE_XKIQAXSIUNNd-Q/edit#gid=0;https://raw.githubusercontent.com/PokeAPI/pokeapi/master/data/v2/csv/languages.csv;https://raw.githubusercontent.com/PokeAPI/pokeapi/master/data/v2/csv/pokemon.csv;https://raw.githubusercontent.com/PokeAPI/pokeapi/master/data/v2/csv/pokemon_form_names.csv;https://raw.githubusercontent.com/PokeAPI/pokeapi/master/data/v2/csv/pokemon_forms.csv;https://raw.githubusercontent.com/PokeAPI/pokeapi/master/data/v2/csv/pokemon_species_names.csv;output/team-graphics/s3/GPL Teams Spieltag 14 (1).jpg;output/team-graphics/s3/GPL Teams Spieltag 14 (2).jpg;output/team-graphics/s4/Ritter der Tapukokosnuss - FullLifeGames.png;output/team-graphics/s4/Surstars - SurskitTV.png;output/team-graphics/s4/Variant Vulpix - CrowdController.png;output/team-graphics/s5/Crinchilla.png;output/team-graphics/s5/Energie Tobutz.png;output/team-graphics/s5/Marvelous Speedsters.png;output/team-graphics/s5/SoulStealer.png
season_003,Regular Season,rueckrunde,Oktopaul,Petalburg Panchams,11,81.2,76.5,76.5,100,"Keldeo, Vesprit, Panferno, Aquana, Sniebel, Kapoera",data/manual/pokemon_killlists.csv;data/manual/team_pokemon_usage.csv;https://docs.google.com/spreadsheets/d/11wxsKyCydVmDjp4kGLJAOLPM_LgwCLN2GYpbDQkNtkk/edit#gid=1588964432;https://docs.google.com/spreadsheets/d/11wxsKyCydVmDjp4kGLJAOLPM_LgwCLN2GYpbDQkNtkk/edit#gid=1843013406;https://docs.google.com/spreadsheets/d/13smsrG2BGYxr_omJWcgr-sUDr39bvOJPNL5RPt4DSow/edit#gid=1934543062;https://docs.google.com/spreadsheets/d/13smsrG2BGYxr_omJWcgr-sUDr39bvOJPNL5RPt4DSow/edit#gid=71150222;https://docs.google.com/spreadsheets/d/1B2uTMvWlAHb7WlpupJV1A2Hbi3K3U1vCyoFV0wCapcw/edit#gid=1271313224;https://docs.google.com/spreadsheets/d/1B2uTMvWlAHb7WlpupJV1A2Hbi3K3U1vCyoFV0wCapcw/edit#gid=1521895812;https://docs.google.com/spreadsheets/d/1B2uTMvWlAHb7WlpupJV1A2Hbi3K3U1vCyoFV0wCapcw/edit#gid=1846395979;https://docs.google.com/spreadsheets/d/1B2uTMvWlAHb7WlpupJV1A2Hbi3K3U1vCyoFV0wCapcw/edit#gid=26363830;https://docs.google.com/spreadsheets/d/1FUsClf5qEny-BHY5Djp8rIwRJKBSJDvygJ8LBa62FEo/edit#gid=0;https://docs.google.com/spreadsheets/d/1JZpA-5XDldN2bjfvhvBPHYK-1AENETLnF1UxNEpWlNA/edit#gid=352888197;https://docs.google.com/spreadsheets/d/1kiwDk4NgYoKb0Oo9yqzwl9HXHxuQ_0I5gkb1JtE57PI/edit#gid=0;https://docs.google.com/spreadsheets/d/1n9SmK-ccTCn8Jjhs4U2LKnibXY8PvuBtV3V9MCOURRA/edit#gid=0;https://docs.google.com/spreadsheets/d/1nwiq_ggEj7QePeZGMR2xoi0bEHJr_ZGO24YCRdt93No/edit#gid=857670931;https://docs.google.com/spreadsheets/d/1odsNRAZStW1GzmpXwmg27dqjOlch7w8syZOZ5Z2OQRg/edit#gid=0;https://docs.google.com/spreadsheets/d/1uo7-E_E2jbehB2hbBurpPayP_0fKY5sPZcFgZmfLydY/edit#gid=1526488506;https://docs.google.com/spreadsheets/d/1uo7-E_E2jbehB2hbBurpPayP_0fKY5sPZcFgZmfLydY/edit#gid=1696255979;https://docs.google.com/spreadsheets/d/1uo7-E_E2jbehB2hbBurpPayP_0fKY5sPZcFgZmfLydY/edit#gid=520178140;https://docs.google.com/spreadsheets/d/1vJ-pioe3RZKSZ3LIGEA3FVTv_KEE_XKIQAXSIUNNd-Q/edit#gid=0;https://raw.githubusercontent.com/PokeAPI/pokeapi/master/data/v2/csv/languages.csv;https://raw.githubusercontent.com/PokeAPI/pokeapi/master/data/v2/csv/pokemon.csv;https://raw.githubusercontent.com/PokeAPI/pokeapi/master/data/v2/csv/pokemon_form_names.csv;https://raw.githubusercontent.com/PokeAPI/pokeapi/master/data/v2/csv/pokemon_forms.csv;https://raw.githubusercontent.com/PokeAPI/pokeapi/master/data/v2/csv/pokemon_species_names.csv;output/team-graphics/s3/GPL Teams Spieltag 14 (1).jpg;output/team-graphics/s4/Flexing Masskito - RegiBang.png;output/team-graphics/s4/Prekani - PresentLP.png;output/team-graphics/s4/Schnittlauchs - PokeBazi.png;output/team-graphics/s4/Suicide Squad - CaptainCrinch.png;output/team-graphics/s5/Prekani.png;output/team-graphics/s5/Shockwaving Magearnas.png;output/team-graphics/s5/SoulStealer.png
season_009,Singles,hinrunde,Dauni Daunstar,Scherzkekse,11,81.1,76.4,76.4,100,"Kaguron, Meistagrif, Piondragi, Milotic, Piepi, Zytomega",data/manual/pokemon_killlists.csv;data/manual/team_pokemon_usage.csv;https://docs.google.com/spreadsheets/d/11wxsKyCydVmDjp4kGLJAOLPM_LgwCLN2GYpbDQkNtkk/edit#gid=1588964432;https://docs.google.com/spreadsheets/d/11wxsKyCydVmDjp4kGLJAOLPM_LgwCLN2GYpbDQkNtkk/edit#gid=1843013406;https://docs.google.com/spreadsheets/d/13smsrG2BGYxr_omJWcgr-sUDr39bvOJPNL5RPt4DSow/edit#gid=1934543062;https://docs.google.com/spreadsheets/d/13smsrG2BGYxr_omJWcgr-sUDr39bvOJPNL5RPt4DSow/edit#gid=71150222;https://docs.google.com/spreadsheets/d/14N_40jsahiN9DChpnNaPTnFy26If6imVHtqBGDWk6pg/edit#gid=0;https://docs.google.com/spreadsheets/d/1B2uTMvWlAHb7WlpupJV1A2Hbi3K3U1vCyoFV0wCapcw/edit#gid=1271313224;https://docs.google.com/spreadsheets/d/1B2uTMvWlAHb7WlpupJV1A2Hbi3K3U1vCyoFV0wCapcw/edit#gid=1521895812;https://docs.google.com/spreadsheets/d/1B2uTMvWlAHb7WlpupJV1A2Hbi3K3U1vCyoFV0wCapcw/edit#gid=1846395979;https://docs.google.com/spreadsheets/d/1B2uTMvWlAHb7WlpupJV1A2Hbi3K3U1vCyoFV0wCapcw/edit#gid=26363830;https://docs.google.com/spreadsheets/d/1FUsClf5qEny-BHY5Djp8rIwRJKBSJDvygJ8LBa62FEo/edit#gid=0;https://docs.google.com/spreadsheets/d/1JZpA-5XDldN2bjfvhvBPHYK-1AENETLnF1UxNEpWlNA/edit#gid=352888197;https://docs.google.com/spreadsheets/d/1kiwDk4NgYoKb0Oo9yqzwl9HXHxuQ_0I5gkb1JtE57PI/edit#gid=0;https://docs.google.com/spreadsheets/d/1n9SmK-ccTCn8Jjhs4U2LKnibXY8PvuBtV3V9MCOURRA/edit#gid=0;https://docs.google.com/spreadsheets/d/1nwiq_ggEj7QePeZGMR2xoi0bEHJr_ZGO24YCRdt93No/edit#gid=857670931;https://docs.google.com/spreadsheets/d/1odsNRAZStW1GzmpXwmg27dqjOlch7w8syZOZ5Z2OQRg/edit#gid=0;https://docs.google.com/spreadsheets/d/1uo7-E_E2jbehB2hbBurpPayP_0fKY5sPZcFgZmfLydY/edit#gid=1526488506;https://docs.google.com/spreadsheets/d/1uo7-E_E2jbehB2hbBurpPayP_0fKY5sPZcFgZmfLydY/edit#gid=1696255979;https://docs.google.com/spreadsheets/d/1uo7-E_E2jbehB2hbBurpPayP_0fKY5sPZcFgZmfLydY/edit#gid=1992807502;https://docs.google.com/spreadsheets/d/1uo7-E_E2jbehB2hbBurpPayP_0fKY5sPZcFgZmfLydY/edit#gid=520178140;https://docs.google.com/spreadsheets/d/1vJ-pioe3RZKSZ3LIGEA3FVTv_KEE_XKIQAXSIUNNd-Q/edit#gid=0;https://raw.githubusercontent.com/PokeAPI/pokeapi/master/data/v2/csv/languages.csv;https://raw.githubusercontent.com/PokeAPI/pokeapi/master/data/v2/csv/pokemon.csv;https://raw.githubusercontent.com/PokeAPI/pokeapi/master/data/v2/csv/pokemon_form_names.csv;https://raw.githubusercontent.com/PokeAPI/pokeapi/master/data/v2/csv/pokemon_forms.csv;https://raw.githubusercontent.com/PokeAPI/pokeapi/master/data/v2/csv/pokemon_species_names.csv;output/team-graphics/s3/GPL Teams Spieltag 14 (2).jpg;output/team-graphics/s4/Enteikutierung - Lauris Enteitainment.png;output/team-graphics/s4/Slicing Knights - Cabgolord.png;output/team-graphics/s5/SoulStealer.png
season_009,Doubles,hinrunde,Hydronic,Scherzkekse,11,81.1,76.4,76.4,100,"Kaguron, Meistagrif, Piondragi, Milotic, Piepi, Zytomega",data/manual/pokemon_killlists.csv;data/manual/team_pokemon_usage.csv;https://docs.google.com/spreadsheets/d/11wxsKyCydVmDjp4kGLJAOLPM_LgwCLN2GYpbDQkNtkk/edit#gid=1588964432;https://docs.google.com/spreadsheets/d/11wxsKyCydVmDjp4kGLJAOLPM_LgwCLN2GYpbDQkNtkk/edit#gid=1843013406;https://docs.google.com/spreadsheets/d/13smsrG2BGYxr_omJWcgr-sUDr39bvOJPNL5RPt4DSow/edit#gid=1934543062;https://docs.google.com/spreadsheets/d/13smsrG2BGYxr_omJWcgr-sUDr39bvOJPNL5RPt4DSow/edit#gid=71150222;https://docs.google.com/spreadsheets/d/14N_40jsahiN9DChpnNaPTnFy26If6imVHtqBGDWk6pg/edit#gid=0;https://docs.google.com/spreadsheets/d/1B2uTMvWlAHb7WlpupJV1A2Hbi3K3U1vCyoFV0wCapcw/edit#gid=1271313224;https://docs.google.com/spreadsheets/d/1B2uTMvWlAHb7WlpupJV1A2Hbi3K3U1vCyoFV0wCapcw/edit#gid=1521895812;https://docs.google.com/spreadsheets/d/1B2uTMvWlAHb7WlpupJV1A2Hbi3K3U1vCyoFV0wCapcw/edit#gid=1846395979;https://docs.google.com/spreadsheets/d/1B2uTMvWlAHb7WlpupJV1A2Hbi3K3U1vCyoFV0wCapcw/edit#gid=26363830;https://docs.google.com/spreadsheets/d/1FUsClf5qEny-BHY5Djp8rIwRJKBSJDvygJ8LBa62FEo/edit#gid=0;https://docs.google.com/spreadsheets/d/1JZpA-5XDldN2bjfvhvBPHYK-1AENETLnF1UxNEpWlNA/edit#gid=352888197;https://docs.google.com/spreadsheets/d/1kiwDk4NgYoKb0Oo9yqzwl9HXHxuQ_0I5gkb1JtE57PI/edit#gid=0;https://docs.google.com/spreadsheets/d/1n9SmK-ccTCn8Jjhs4U2LKnibXY8PvuBtV3V9MCOURRA/edit#gid=0;https://docs.google.com/spreadsheets/d/1nwiq_ggEj7QePeZGMR2xoi0bEHJr_ZGO24YCRdt93No/edit#gid=857670931;https://docs.google.com/spreadsheets/d/1odsNRAZStW1GzmpXwmg27dqjOlch7w8syZOZ5Z2OQRg/edit#gid=0;https://docs.google.com/spreadsheets/d/1uo7-E_E2jbehB2hbBurpPayP_0fKY5sPZcFgZmfLydY/edit#gid=1526488506;https://docs.google.com/spreadsheets/d/1uo7-E_E2jbehB2hbBurpPayP_0fKY5sPZcFgZmfLydY/edit#gid=1696255979;https://docs.google.com/spreadsheets/d/1uo7-E_E2jbehB2hbBurpPayP_0fKY5sPZcFgZmfLydY/edit#gid=1992807502;https://docs.google.com/spreadsheets/d/1uo7-E_E2jbehB2hbBurpPayP_0fKY5sPZcFgZmfLydY/edit#gid=520178140;https://docs.google.com/spreadsheets/d/1vJ-pioe3RZKSZ3LIGEA3FVTv_KEE_XKIQAXSIUNNd-Q/edit#gid=0;https://raw.githubusercontent.com/PokeAPI/pokeapi/master/data/v2/csv/languages.csv;https://raw.githubusercontent.com/PokeAPI/pokeapi/master/data/v2/csv/pokemon.csv;https://raw.githubusercontent.com/PokeAPI/pokeapi/master/data/v2/csv/pokemon_form_names.csv;https://raw.githubusercontent.com/PokeAPI/pokeapi/master/data/v2/csv/pokemon_forms.csv;https://raw.githubusercontent.com/PokeAPI/pokeapi/master/data/v2/csv/pokemon_species_names.csv;output/team-graphics/s3/GPL Teams Spieltag 14 (2).jpg;output/team-graphics/s4/Enteikutierung - Lauris Enteitainment.png;output/team-graphics/s4/Slicing Knights - Cabgolord.png;output/team-graphics/s5/SoulStealer.png
season_006,Moon Conference,regular,Craycom,Strubbelohr Bande,11,81.0,76.3,76.3,100,"Zeraora, Hutsassa, Vesprit, Skaraborn, Milotic, Grypheldis",data/manual/pokemon_killlists.csv;data/manual/team_pokemon_usage.csv;https://docs.google.com/spreadsheets/d/11wxsKyCydVmDjp4kGLJAOLPM_LgwCLN2GYpbDQkNtkk/edit#gid=1588964432;https://docs.google.com/spreadsheets/d/11wxsKyCydVmDjp4kGLJAOLPM_LgwCLN2GYpbDQkNtkk/edit#gid=1843013406;https://docs.google.com/spreadsheets/d/13smsrG2BGYxr_omJWcgr-sUDr39bvOJPNL5RPt4DSow/edit#gid=1934543062;https://docs.google.com/spreadsheets/d/13smsrG2BGYxr_omJWcgr-sUDr39bvOJPNL5RPt4DSow/edit#gid=71150222;https://docs.google.com/spreadsheets/d/1B2uTMvWlAHb7WlpupJV1A2Hbi3K3U1vCyoFV0wCapcw/edit#gid=1271313224;https://docs.google.com/spreadsheets/d/1B2uTMvWlAHb7WlpupJV1A2Hbi3K3U1vCyoFV0wCapcw/edit#gid=1521895812;https://docs.google.com/spreadsheets/d/1B2uTMvWlAHb7WlpupJV1A2Hbi3K3U1vCyoFV0wCapcw/edit#gid=1846395979;https://docs.google.com/spreadsheets/d/1B2uTMvWlAHb7WlpupJV1A2Hbi3K3U1vCyoFV0wCapcw/edit#gid=26363830;https://docs.google.com/spreadsheets/d/1FUsClf5qEny-BHY5Djp8rIwRJKBSJDvygJ8LBa62FEo/edit#gid=0;https://docs.google.com/spreadsheets/d/1JZpA-5XDldN2bjfvhvBPHYK-1AENETLnF1UxNEpWlNA/edit#gid=352888197;https://docs.google.com/spreadsheets/d/1kiwDk4NgYoKb0Oo9yqzwl9HXHxuQ_0I5gkb1JtE57PI/edit#gid=0;https://docs.google.com/spreadsheets/d/1n9SmK-ccTCn8Jjhs4U2LKnibXY8PvuBtV3V9MCOURRA/edit#gid=0;https://docs.google.com/spreadsheets/d/1nwiq_ggEj7QePeZGMR2xoi0bEHJr_ZGO24YCRdt93No/edit#gid=857670931;https://docs.google.com/spreadsheets/d/1odsNRAZStW1GzmpXwmg27dqjOlch7w8syZOZ5Z2OQRg/edit#gid=0;https://docs.google.com/spreadsheets/d/1uo7-E_E2jbehB2hbBurpPayP_0fKY5sPZcFgZmfLydY/edit#gid=1526488506;https://docs.google.com/spreadsheets/d/1uo7-E_E2jbehB2hbBurpPayP_0fKY5sPZcFgZmfLydY/edit#gid=1696255979;https://docs.google.com/spreadsheets/d/1uo7-E_E2jbehB2hbBurpPayP_0fKY5sPZcFgZmfLydY/edit#gid=520178140;https://docs.google.com/spreadsheets/d/1vJ-pioe3RZKSZ3LIGEA3FVTv_KEE_XKIQAXSIUNNd-Q/edit#gid=0;https://raw.githubusercontent.com/PokeAPI/pokeapi/master/data/v2/csv/languages.csv;https://raw.githubusercontent.com/PokeAPI/pokeapi/master/data/v2/csv/pokemon.csv;https://raw.githubusercontent.com/PokeAPI/pokeapi/master/data/v2/csv/pokemon_form_names.csv;https://raw.githubusercontent.com/PokeAPI/pokeapi/master/data/v2/csv/pokemon_forms.csv;https://raw.githubusercontent.com/PokeAPI/pokeapi/master/data/v2/csv/pokemon_species_names.csv;output/team-graphics/s3/GPL Teams Spieltag 14 (1).jpg;output/team-graphics/s3/GPL Teams Spieltag 14 (2).jpg;output/team-graphics/s4/Enteikutierung - Lauris Enteitainment.png;output/team-graphics/s4/Minetube - Triyolotree.png;output/team-graphics/s4/Prekani - PresentLP.png;output/team-graphics/s5/Cabgosport.png;output/team-graphics/s5/Prekani.png;output/team-graphics/s5/SoulStealer.png
season_006,Moon Conference,regular,ElektechN9ne,Elekids Club,11,80.9,76.1,76.1,100,"Kyurem, Pixi, Kaguron, Gengar, Impoleon, Donphan",data/manual/pokemon_killlists.csv;data/manual/team_pokemon_usage.csv;https://docs.google.com/spreadsheets/d/11wxsKyCydVmDjp4kGLJAOLPM_LgwCLN2GYpbDQkNtkk/edit#gid=1588964432;https://docs.google.com/spreadsheets/d/11wxsKyCydVmDjp4kGLJAOLPM_LgwCLN2GYpbDQkNtkk/edit#gid=1843013406;https://docs.google.com/spreadsheets/d/11wxsKyCydVmDjp4kGLJAOLPM_LgwCLN2GYpbDQkNtkk/edit#gid=654435343;https://docs.google.com/spreadsheets/d/13smsrG2BGYxr_omJWcgr-sUDr39bvOJPNL5RPt4DSow/edit#gid=1934543062;https://docs.google.com/spreadsheets/d/13smsrG2BGYxr_omJWcgr-sUDr39bvOJPNL5RPt4DSow/edit#gid=1953790464;https://docs.google.com/spreadsheets/d/13smsrG2BGYxr_omJWcgr-sUDr39bvOJPNL5RPt4DSow/edit#gid=71150222;https://docs.google.com/spreadsheets/d/1B2uTMvWlAHb7WlpupJV1A2Hbi3K3U1vCyoFV0wCapcw/edit#gid=1271313224;https://docs.google.com/spreadsheets/d/1B2uTMvWlAHb7WlpupJV1A2Hbi3K3U1vCyoFV0wCapcw/edit#gid=1521895812;https://docs.google.com/spreadsheets/d/1B2uTMvWlAHb7WlpupJV1A2Hbi3K3U1vCyoFV0wCapcw/edit#gid=1846395979;https://docs.google.com/spreadsheets/d/1B2uTMvWlAHb7WlpupJV1A2Hbi3K3U1vCyoFV0wCapcw/edit#gid=26363830;https://docs.google.com/spreadsheets/d/1FUsClf5qEny-BHY5Djp8rIwRJKBSJDvygJ8LBa62FEo/edit#gid=0;https://docs.google.com/spreadsheets/d/1JZpA-5XDldN2bjfvhvBPHYK-1AENETLnF1UxNEpWlNA/edit#gid=352888197;https://docs.google.com/spreadsheets/d/1kiwDk4NgYoKb0Oo9yqzwl9HXHxuQ_0I5gkb1JtE57PI/edit#gid=0;https://docs.google.com/spreadsheets/d/1n9SmK-ccTCn8Jjhs4U2LKnibXY8PvuBtV3V9MCOURRA/edit#gid=0;https://docs.google.com/spreadsheets/d/1nwiq_ggEj7QePeZGMR2xoi0bEHJr_ZGO24YCRdt93No/edit#gid=857670931;https://docs.google.com/spreadsheets/d/1odsNRAZStW1GzmpXwmg27dqjOlch7w8syZOZ5Z2OQRg/edit#gid=0;https://docs.google.com/spreadsheets/d/1uo7-E_E2jbehB2hbBurpPayP_0fKY5sPZcFgZmfLydY/edit#gid=1526488506;https://docs.google.com/spreadsheets/d/1uo7-E_E2jbehB2hbBurpPayP_0fKY5sPZcFgZmfLydY/edit#gid=1696255979;https://docs.google.com/spreadsheets/d/1uo7-E_E2jbehB2hbBurpPayP_0fKY5sPZcFgZmfLydY/edit#gid=520178140;https://docs.google.com/spreadsheets/d/1vJ-pioe3RZKSZ3LIGEA3FVTv_KEE_XKIQAXSIUNNd-Q/edit#gid=0;https://raw.githubusercontent.com/PokeAPI/pokeapi/master/data/v2/csv/languages.csv;https://raw.githubusercontent.com/PokeAPI/pokeapi/master/data/v2/csv/pokemon.csv;https://raw.githubusercontent.com/PokeAPI/pokeapi/master/data/v2/csv/pokemon_form_names.csv;https://raw.githubusercontent.com/PokeAPI/pokeapi/master/data/v2/csv/pokemon_forms.csv;https://raw.githubusercontent.com/PokeAPI/pokeapi/master/data/v2/csv/pokemon_species_names.csv;output/team-graphics/s3/GPL Teams Spieltag 14 (1).jpg;output/team-graphics/s3/GPL Teams Spieltag 14 (2).jpg;output/team-graphics/s4/Enteikutierung - Lauris Enteitainment.png;output/team-graphics/s4/Schnittlauchs - PokeBazi.png;output/team-graphics/s4/Slicing Knights - Cabgolord.png;output/team-graphics/s4/Variant Vulpix - CrowdController.png;output/team-graphics/s5/Cabgosport.png;output/team-graphics/s5/Marvelous Speedsters.png
season_010,Regular Season,regular,Snomnie,Corvi Crushers,11,80.8,76.0,76.0,100,"Trikephalo, Florges, Golgantes, Meloetta, Liberlo, Nockchan",data/manual/pokemon_killlists.csv;data/manual/team_pokemon_usage.csv;https://docs.google.com/spreadsheets/d/11wxsKyCydVmDjp4kGLJAOLPM_LgwCLN2GYpbDQkNtkk/edit#gid=1588964432;https://docs.google.com/spreadsheets/d/11wxsKyCydVmDjp4kGLJAOLPM_LgwCLN2GYpbDQkNtkk/edit#gid=1843013406;https://docs.google.com/spreadsheets/d/13smsrG2BGYxr_omJWcgr-sUDr39bvOJPNL5RPt4DSow/edit#gid=1465731937;https://docs.google.com/spreadsheets/d/13smsrG2BGYxr_omJWcgr-sUDr39bvOJPNL5RPt4DSow/edit#gid=1934543062;https://docs.google.com/spreadsheets/d/13smsrG2BGYxr_omJWcgr-sUDr39bvOJPNL5RPt4DSow/edit#gid=1953790464;https://docs.google.com/spreadsheets/d/13smsrG2BGYxr_omJWcgr-sUDr39bvOJPNL5RPt4DSow/edit#gid=71150222;https://docs.google.com/spreadsheets/d/1B2uTMvWlAHb7WlpupJV1A2Hbi3K3U1vCyoFV0wCapcw/edit#gid=1271313224;https://docs.google.com/spreadsheets/d/1B2uTMvWlAHb7WlpupJV1A2Hbi3K3U1vCyoFV0wCapcw/edit#gid=1846395979;https://docs.google.com/spreadsheets/d/1FUsClf5qEny-BHY5Djp8rIwRJKBSJDvygJ8LBa62FEo/edit#gid=0;https://docs.google.com/spreadsheets/d/1JZpA-5XDldN2bjfvhvBPHYK-1AENETLnF1UxNEpWlNA/edit#gid=352888197;https://docs.google.com/spreadsheets/d/1kiwDk4NgYoKb0Oo9yqzwl9HXHxuQ_0I5gkb1JtE57PI/edit#gid=0;https://docs.google.com/spreadsheets/d/1n9SmK-ccTCn8Jjhs4U2LKnibXY8PvuBtV3V9MCOURRA/edit#gid=0;https://docs.google.com/spreadsheets/d/1nwiq_ggEj7QePeZGMR2xoi0bEHJr_ZGO24YCRdt93No/edit#gid=857670931;https://docs.google.com/spreadsheets/d/1odsNRAZStW1GzmpXwmg27dqjOlch7w8syZOZ5Z2OQRg/edit#gid=0;https://docs.google.com/spreadsheets/d/1uo7-E_E2jbehB2hbBurpPayP_0fKY5sPZcFgZmfLydY/edit#gid=1526488506;https://docs.google.com/spreadsheets/d/1uo7-E_E2jbehB2hbBurpPayP_0fKY5sPZcFgZmfLydY/edit#gid=1696255979;https://docs.google.com/spreadsheets/d/1uo7-E_E2jbehB2hbBurpPayP_0fKY5sPZcFgZmfLydY/edit#gid=520178140;https://docs.google.com/spreadsheets/d/1vJ-pioe3RZKSZ3LIGEA3FVTv_KEE_XKIQAXSIUNNd-Q/edit#gid=0;https://raw.githubusercontent.com/PokeAPI/pokeapi/master/data/v2/csv/languages.csv;https://raw.githubusercontent.com/PokeAPI/pokeapi/master/data/v2/csv/pokemon.csv;https://raw.githubusercontent.com/PokeAPI/pokeapi/master/data/v2/csv/pokemon_form_names.csv;https://raw.githubusercontent.com/PokeAPI/pokeapi/master/data/v2/csv/pokemon_forms.csv;https://raw.githubusercontent.com/PokeAPI/pokeapi/master/data/v2/csv/pokemon_species_names.csv;output/team-graphics/s3/GPL Teams Spieltag 14 (1).jpg;output/team-graphics/s3/GPL Teams Spieltag 14 (2).jpg;output/team-graphics/s4/Ritter der Tapukokosnuss - FullLifeGames.png;output/team-graphics/s4/Shocking Shaymins - MeLevies.png;output/team-graphics/s4/Variant Vulpix - CrowdController.png;output/team-graphics/s5/Energie Tobutz.png;output/team-graphics/s5/Howling Commandos.png;output/team-graphics/s5/Marvelous Speedsters.png;output/team-graphics/s5/Victini Bottom.png
season_008,Liga 1,hinrunde,PresentLP,Prekani,11,80.6,75.8,75.8,100,"Primarene, Metagross, Fuegro, Keifel, Gortrom, Tandrak",data/manual/pokemon_killlists.csv;data/manual/team_pokemon_usage.csv;https://docs.google.com/spreadsheets/d/11wxsKyCydVmDjp4kGLJAOLPM_LgwCLN2GYpbDQkNtkk/edit#gid=1588964432;https://docs.google.com/spreadsheets/d/11wxsKyCydVmDjp4kGLJAOLPM_LgwCLN2GYpbDQkNtkk/edit#gid=1843013406;https://docs.google.com/spreadsheets/d/13smsrG2BGYxr_omJWcgr-sUDr39bvOJPNL5RPt4DSow/edit#gid=1934543062;https://docs.google.com/spreadsheets/d/13smsrG2BGYxr_omJWcgr-sUDr39bvOJPNL5RPt4DSow/edit#gid=71150222;https://docs.google.com/spreadsheets/d/1B2uTMvWlAHb7WlpupJV1A2Hbi3K3U1vCyoFV0wCapcw/edit#gid=1271313224;https://docs.google.com/spreadsheets/d/1B2uTMvWlAHb7WlpupJV1A2Hbi3K3U1vCyoFV0wCapcw/edit#gid=1521895812;https://docs.google.com/spreadsheets/d/1B2uTMvWlAHb7WlpupJV1A2Hbi3K3U1vCyoFV0wCapcw/edit#gid=1846395979;https://docs.google.com/spreadsheets/d/1B2uTMvWlAHb7WlpupJV1A2Hbi3K3U1vCyoFV0wCapcw/edit#gid=26363830;https://docs.google.com/spreadsheets/d/1FUsClf5qEny-BHY5Djp8rIwRJKBSJDvygJ8LBa62FEo/edit#gid=0;https://docs.google.com/spreadsheets/d/1JZpA-5XDldN2bjfvhvBPHYK-1AENETLnF1UxNEpWlNA/edit#gid=352888197;https://docs.google.com/spreadsheets/d/1kXhNwKGrqQTwSal0NxpZ9h0yo6u_mQwhwg4vGVwxMX4/edit#gid=0;https://docs.google.com/spreadsheets/d/1nwiq_ggEj7QePeZGMR2xoi0bEHJr_ZGO24YCRdt93No/edit#gid=857670931;https://docs.google.com/spreadsheets/d/1odsNRAZStW1GzmpXwmg27dqjOlch7w8syZOZ5Z2OQRg/edit#gid=0;https://docs.google.com/spreadsheets/d/1uo7-E_E2jbehB2hbBurpPayP_0fKY5sPZcFgZmfLydY/edit#gid=1526488506;https://docs.google.com/spreadsheets/d/1uo7-E_E2jbehB2hbBurpPayP_0fKY5sPZcFgZmfLydY/edit#gid=1696255979;https://docs.google.com/spreadsheets/d/1uo7-E_E2jbehB2hbBurpPayP_0fKY5sPZcFgZmfLydY/edit#gid=520178140;https://raw.githubusercontent.com/PokeAPI/pokeapi/master/data/v2/csv/languages.csv;https://raw.githubusercontent.com/PokeAPI/pokeapi/master/data/v2/csv/pokemon.csv;https://raw.githubusercontent.com/PokeAPI/pokeapi/master/data/v2/csv/pokemon_form_names.csv;https://raw.githubusercontent.com/PokeAPI/pokeapi/master/data/v2/csv/pokemon_forms.csv;https://raw.githubusercontent.com/PokeAPI/pokeapi/master/data/v2/csv/pokemon_species_names.csv;output/team-graphics/s3/GPL Teams Spieltag 14 (1).jpg;output/team-graphics/s3/GPL Teams Spieltag 14 (2).jpg;output/team-graphics/s4/Shocking Shaymins - MeLevies.png;output/team-graphics/s4/Slicing Knights - Cabgolord.png;output/team-graphics/s5/Aggron Berlin.png;output/team-graphics/s5/Triyolotree.png;output/team-graphics/s5/Victini Bottom.png
season_006,Sun Conference,regular,Asalakoren,Absolutism,11,80.0,75.0,75.0,100,"Meistagrif, Latias, Florges, Deponitox, Skorgla, Aerodactyl",data/manual/pokemon_killlists.csv;data/manual/team_pokemon_usage.csv;https://docs.google.com/spreadsheets/d/11wxsKyCydVmDjp4kGLJAOLPM_LgwCLN2GYpbDQkNtkk/edit#gid=1588964432;https://docs.google.com/spreadsheets/d/11wxsKyCydVmDjp4kGLJAOLPM_LgwCLN2GYpbDQkNtkk/edit#gid=1843013406;https://docs.google.com/spreadsheets/d/13smsrG2BGYxr_omJWcgr-sUDr39bvOJPNL5RPt4DSow/edit#gid=1934543062;https://docs.google.com/spreadsheets/d/13smsrG2BGYxr_omJWcgr-sUDr39bvOJPNL5RPt4DSow/edit#gid=1953790464;https://docs.google.com/spreadsheets/d/13smsrG2BGYxr_omJWcgr-sUDr39bvOJPNL5RPt4DSow/edit#gid=71150222;https://docs.google.com/spreadsheets/d/14N_40jsahiN9DChpnNaPTnFy26If6imVHtqBGDWk6pg/edit#gid=0;https://docs.google.com/spreadsheets/d/1B2uTMvWlAHb7WlpupJV1A2Hbi3K3U1vCyoFV0wCapcw/edit#gid=1271313224;https://docs.google.com/spreadsheets/d/1B2uTMvWlAHb7WlpupJV1A2Hbi3K3U1vCyoFV0wCapcw/edit#gid=1521895812;https://docs.google.com/spreadsheets/d/1B2uTMvWlAHb7WlpupJV1A2Hbi3K3U1vCyoFV0wCapcw/edit#gid=1846395979;https://docs.google.com/spreadsheets/d/1B2uTMvWlAHb7WlpupJV1A2Hbi3K3U1vCyoFV0wCapcw/edit#gid=26363830;https://docs.google.com/spreadsheets/d/1FUsClf5qEny-BHY5Djp8rIwRJKBSJDvygJ8LBa62FEo/edit#gid=0;https://docs.google.com/spreadsheets/d/1JZpA-5XDldN2bjfvhvBPHYK-1AENETLnF1UxNEpWlNA/edit#gid=352888197;https://docs.google.com/spreadsheets/d/1kiwDk4NgYoKb0Oo9yqzwl9HXHxuQ_0I5gkb1JtE57PI/edit#gid=0;https://docs.google.com/spreadsheets/d/1n9SmK-ccTCn8Jjhs4U2LKnibXY8PvuBtV3V9MCOURRA/edit#gid=0;https://docs.google.com/spreadsheets/d/1nwiq_ggEj7QePeZGMR2xoi0bEHJr_ZGO24YCRdt93No/edit#gid=857670931;https://docs.google.com/spreadsheets/d/1odsNRAZStW1GzmpXwmg27dqjOlch7w8syZOZ5Z2OQRg/edit#gid=0;https://docs.google.com/spreadsheets/d/1uo7-E_E2jbehB2hbBurpPayP_0fKY5sPZcFgZmfLydY/edit#gid=1526488506;https://docs.google.com/spreadsheets/d/1uo7-E_E2jbehB2hbBurpPayP_0fKY5sPZcFgZmfLydY/edit#gid=1696255979;https://docs.google.com/spreadsheets/d/1uo7-E_E2jbehB2hbBurpPayP_0fKY5sPZcFgZmfLydY/edit#gid=520178140;https://docs.google.com/spreadsheets/d/1vJ-pioe3RZKSZ3LIGEA3FVTv_KEE_XKIQAXSIUNNd-Q/edit#gid=0;https://raw.githubusercontent.com/PokeAPI/pokeapi/master/data/v2/csv/languages.csv;https://raw.githubusercontent.com/PokeAPI/pokeapi/master/data/v2/csv/pokemon.csv;https://raw.githubusercontent.com/PokeAPI/pokeapi/master/data/v2/csv/pokemon_form_names.csv;https://raw.githubusercontent.com/PokeAPI/pokeapi/master/data/v2/csv/pokemon_forms.csv;https://raw.githubusercontent.com/PokeAPI/pokeapi/master/data/v2/csv/pokemon_species_names.csv;output/team-graphics/s3/GPL Teams Spieltag 14 (1).jpg;output/team-graphics/s3/GPL Teams Spieltag 14 (2).jpg;output/team-graphics/s4/Ritter der Tapukokosnuss - FullLifeGames.png;output/team-graphics/s4/Surstars - SurskitTV.png;output/team-graphics/s5/Prekani.png;output/team-graphics/s5/Triyolotree.png;output/team-graphics/s5/Victini Bottom.png
season_008,Liga 1,rueckrunde,RegiBang,Pillar Mons,11,79.6,74.5,74.5,100,"Snibunna, Kaguron, Rabigator, Latias, Cerapendra, Silvarro",data/manual/pokemon_killlists.csv;data/manual/team_pokemon_usage.csv;https://docs.google.com/spreadsheets/d/11wxsKyCydVmDjp4kGLJAOLPM_LgwCLN2GYpbDQkNtkk/edit#gid=1588964432;https://docs.google.com/spreadsheets/d/11wxsKyCydVmDjp4kGLJAOLPM_LgwCLN2GYpbDQkNtkk/edit#gid=1843013406;https://docs.google.com/spreadsheets/d/13smsrG2BGYxr_omJWcgr-sUDr39bvOJPNL5RPt4DSow/edit#gid=1934543062;https://docs.google.com/spreadsheets/d/13smsrG2BGYxr_omJWcgr-sUDr39bvOJPNL5RPt4DSow/edit#gid=71150222;https://docs.google.com/spreadsheets/d/1B2uTMvWlAHb7WlpupJV1A2Hbi3K3U1vCyoFV0wCapcw/edit#gid=1271313224;https://docs.google.com/spreadsheets/d/1B2uTMvWlAHb7WlpupJV1A2Hbi3K3U1vCyoFV0wCapcw/edit#gid=1521895812;https://docs.google.com/spreadsheets/d/1B2uTMvWlAHb7WlpupJV1A2Hbi3K3U1vCyoFV0wCapcw/edit#gid=1846395979;https://docs.google.com/spreadsheets/d/1B2uTMvWlAHb7WlpupJV1A2Hbi3K3U1vCyoFV0wCapcw/edit#gid=26363830;https://docs.google.com/spreadsheets/d/1FUsClf5qEny-BHY5Djp8rIwRJKBSJDvygJ8LBa62FEo/edit#gid=0;https://docs.google.com/spreadsheets/d/1JZpA-5XDldN2bjfvhvBPHYK-1AENETLnF1UxNEpWlNA/edit#gid=352888197;https://docs.google.com/spreadsheets/d/1kiwDk4NgYoKb0Oo9yqzwl9HXHxuQ_0I5gkb1JtE57PI/edit#gid=0;https://docs.google.com/spreadsheets/d/1n9SmK-ccTCn8Jjhs4U2LKnibXY8PvuBtV3V9MCOURRA/edit#gid=0;https://docs.google.com/spreadsheets/d/1nwiq_ggEj7QePeZGMR2xoi0bEHJr_ZGO24YCRdt93No/edit#gid=857670931;https://docs.google.com/spreadsheets/d/1odsNRAZStW1GzmpXwmg27dqjOlch7w8syZOZ5Z2OQRg/edit#gid=0;https://docs.google.com/spreadsheets/d/1uo7-E_E2jbehB2hbBurpPayP_0fKY5sPZcFgZmfLydY/edit#gid=1526488506;https://docs.google.com/spreadsheets/d/1uo7-E_E2jbehB2hbBurpPayP_0fKY5sPZcFgZmfLydY/edit#gid=1696255979;https://docs.google.com/spreadsheets/d/1uo7-E_E2jbehB2hbBurpPayP_0fKY5sPZcFgZmfLydY/edit#gid=520178140;https://docs.google.com/spreadsheets/d/1vJ-pioe3RZKSZ3LIGEA3FVTv_KEE_XKIQAXSIUNNd-Q/edit#gid=0;https://raw.githubusercontent.com/PokeAPI/pokeapi/master/data/v2/csv/languages.csv;https://raw.githubusercontent.com/PokeAPI/pokeapi/master/data/v2/csv/pokemon.csv;https://raw.githubusercontent.com/PokeAPI/pokeapi/master/data/v2/csv/pokemon_form_names.csv;https://raw.githubusercontent.com/PokeAPI/pokeapi/master/data/v2/csv/pokemon_forms.csv;https://raw.githubusercontent.com/PokeAPI/pokeapi/master/data/v2/csv/pokemon_species_names.csv;output/team-graphics/s3/GPL Teams Spieltag 14 (1).jpg;output/team-graphics/s3/GPL Teams Spieltag 14 (2).jpg;output/team-graphics/s4/Prekani - PresentLP.png;output/team-graphics/s4/Schnittlauchs - PokeBazi.png;output/team-graphics/s4/Slicing Knights - Cabgolord.png;output/team-graphics/s4/Suicide Squad - CaptainCrinch.png;output/team-graphics/s4/Surstars - SurskitTV.png;output/team-graphics/s5/Energie Tobutz.png;output/team-graphics/s5/Prekani.png;output/team-graphics/s5/Victini Bottom.png
season_003,Regular Season,rueckrunde,Shiro,Munich Magbys*²,15,79.4,74.3,74.3,100,"Roserade, Raikou, Krebutack, Arkani, Tauros, Kicklee",data/manual/pokemon_killlists.csv;data/manual/team_pokemon_usage.csv;https://docs.google.com/spreadsheets/d/11wxsKyCydVmDjp4kGLJAOLPM_LgwCLN2GYpbDQkNtkk/edit#gid=1588964432;https://docs.google.com/spreadsheets/d/11wxsKyCydVmDjp4kGLJAOLPM_LgwCLN2GYpbDQkNtkk/edit#gid=1843013406;https://docs.google.com/spreadsheets/d/11wxsKyCydVmDjp4kGLJAOLPM_LgwCLN2GYpbDQkNtkk/edit#gid=654435343;https://docs.google.com/spreadsheets/d/13smsrG2BGYxr_omJWcgr-sUDr39bvOJPNL5RPt4DSow/edit#gid=1934543062;https://docs.google.com/spreadsheets/d/13smsrG2BGYxr_omJWcgr-sUDr39bvOJPNL5RPt4DSow/edit#gid=71150222;https://docs.google.com/spreadsheets/d/1B2uTMvWlAHb7WlpupJV1A2Hbi3K3U1vCyoFV0wCapcw/edit#gid=1271313224;https://docs.google.com/spreadsheets/d/1B2uTMvWlAHb7WlpupJV1A2Hbi3K3U1vCyoFV0wCapcw/edit#gid=1521895812;https://docs.google.com/spreadsheets/d/1B2uTMvWlAHb7WlpupJV1A2Hbi3K3U1vCyoFV0wCapcw/edit#gid=1846395979;https://docs.google.com/spreadsheets/d/1B2uTMvWlAHb7WlpupJV1A2Hbi3K3U1vCyoFV0wCapcw/edit#gid=26363830;https://docs.google.com/spreadsheets/d/1FUsClf5qEny-BHY5Djp8rIwRJKBSJDvygJ8LBa62FEo/edit#gid=0;https://docs.google.com/spreadsheets/d/1JZpA-5XDldN2bjfvhvBPHYK-1AENETLnF1UxNEpWlNA/edit#gid=352888197;https://docs.google.com/spreadsheets/d/1kiwDk4NgYoKb0Oo9yqzwl9HXHxuQ_0I5gkb1JtE57PI/edit#gid=0;https://docs.google.com/spreadsheets/d/1n9SmK-ccTCn8Jjhs4U2LKnibXY8PvuBtV3V9MCOURRA/edit#gid=0;https://docs.google.com/spreadsheets/d/1nwiq_ggEj7QePeZGMR2xoi0bEHJr_ZGO24YCRdt93No/edit#gid=857670931;https://docs.google.com/spreadsheets/d/1odsNRAZStW1GzmpXwmg27dqjOlch7w8syZOZ5Z2OQRg/edit#gid=0;https://docs.google.com/spreadsheets/d/1uo7-E_E2jbehB2hbBurpPayP_0fKY5sPZcFgZmfLydY/edit#gid=1526488506;https://docs.google.com/spreadsheets/d/1uo7-E_E2jbehB2hbBurpPayP_0fKY5sPZcFgZmfLydY/edit#gid=1696255979;https://docs.google.com/spreadsheets/d/1uo7-E_E2jbehB2hbBurpPayP_0fKY5sPZcFgZmfLydY/edit#gid=520178140;https://docs.google.com/spreadsheets/d/1vJ-pioe3RZKSZ3LIGEA3FVTv_KEE_XKIQAXSIUNNd-Q/edit#gid=0;https://raw.githubusercontent.com/PokeAPI/pokeapi/master/data/v2/csv/languages.csv;https://raw.githubusercontent.com/PokeAPI/pokeapi/master/data/v2/csv/pokemon.csv;https://raw.githubusercontent.com/PokeAPI/pokeapi/master/data/v2/csv/pokemon_form_names.csv;https://raw.githubusercontent.com/PokeAPI/pokeapi/master/data/v2/csv/pokemon_forms.csv;https://raw.githubusercontent.com/PokeAPI/pokeapi/master/data/v2/csv/pokemon_species_names.csv;output/team-graphics/s3/GPL Teams Spieltag 14 (1).jpg;output/team-graphics/s4/Prekani - PresentLP.png;output/team-graphics/s4/Ritter der Tapukokosnuss - FullLifeGames.png;output/team-graphics/s4/Shocking Shaymins - MeLevies.png;output/team-graphics/s5/Marvelous Speedsters.png;output/team-graphics/s5/Triyolotree.png
season_006,Moon Conference,regular,BelmontGabriel,Niemandsland,11,79.0,73.7,73.7,100,"Sumpex, Scherox, Piondragi, Zytomega, Toxiquak, Parfinesse",data/manual/pokemon_killlists.csv;data/manual/team_pokemon_usage.csv;https://docs.google.com/spreadsheets/d/11wxsKyCydVmDjp4kGLJAOLPM_LgwCLN2GYpbDQkNtkk/edit#gid=1588964432;https://docs.google.com/spreadsheets/d/11wxsKyCydVmDjp4kGLJAOLPM_LgwCLN2GYpbDQkNtkk/edit#gid=1843013406;https://docs.google.com/spreadsheets/d/13smsrG2BGYxr_omJWcgr-sUDr39bvOJPNL5RPt4DSow/edit#gid=1934543062;https://docs.google.com/spreadsheets/d/13smsrG2BGYxr_omJWcgr-sUDr39bvOJPNL5RPt4DSow/edit#gid=71150222;https://docs.google.com/spreadsheets/d/1B2uTMvWlAHb7WlpupJV1A2Hbi3K3U1vCyoFV0wCapcw/edit#gid=1271313224;https://docs.google.com/spreadsheets/d/1B2uTMvWlAHb7WlpupJV1A2Hbi3K3U1vCyoFV0wCapcw/edit#gid=1521895812;https://docs.google.com/spreadsheets/d/1B2uTMvWlAHb7WlpupJV1A2Hbi3K3U1vCyoFV0wCapcw/edit#gid=1846395979;https://docs.google.com/spreadsheets/d/1B2uTMvWlAHb7WlpupJV1A2Hbi3K3U1vCyoFV0wCapcw/edit#gid=26363830;https://docs.google.com/spreadsheets/d/1FUsClf5qEny-BHY5Djp8rIwRJKBSJDvygJ8LBa62FEo/edit#gid=0;https://docs.google.com/spreadsheets/d/1JZpA-5XDldN2bjfvhvBPHYK-1AENETLnF1UxNEpWlNA/edit#gid=352888197;https://docs.google.com/spreadsheets/d/1kXhNwKGrqQTwSal0NxpZ9h0yo6u_mQwhwg4vGVwxMX4/edit#gid=0;https://docs.google.com/spreadsheets/d/1kiwDk4NgYoKb0Oo9yqzwl9HXHxuQ_0I5gkb1JtE57PI/edit#gid=0;https://docs.google.com/spreadsheets/d/1n9SmK-ccTCn8Jjhs4U2LKnibXY8PvuBtV3V9MCOURRA/edit#gid=0;https://docs.google.com/spreadsheets/d/1nwiq_ggEj7QePeZGMR2xoi0bEHJr_ZGO24YCRdt93No/edit#gid=857670931;https://docs.google.com/spreadsheets/d/1odsNRAZStW1GzmpXwmg27dqjOlch7w8syZOZ5Z2OQRg/edit#gid=0;https://docs.google.com/spreadsheets/d/1uo7-E_E2jbehB2hbBurpPayP_0fKY5sPZcFgZmfLydY/edit#gid=1526488506;https://docs.google.com/spreadsheets/d/1uo7-E_E2jbehB2hbBurpPayP_0fKY5sPZcFgZmfLydY/edit#gid=1696255979;https://docs.google.com/spreadsheets/d/1uo7-E_E2jbehB2hbBurpPayP_0fKY5sPZcFgZmfLydY/edit#gid=520178140;https://docs.google.com/spreadsheets/d/1vJ-pioe3RZKSZ3LIGEA3FVTv_KEE_XKIQAXSIUNNd-Q/edit#gid=0;https://raw.githubusercontent.com/PokeAPI/pokeapi/master/data/v2/csv/languages.csv;https://raw.githubusercontent.com/PokeAPI/pokeapi/master/data/v2/csv/pokemon.csv;https://raw.githubusercontent.com/PokeAPI/pokeapi/master/data/v2/csv/pokemon_form_names.csv;https://raw.githubusercontent.com/PokeAPI/pokeapi/master/data/v2/csv/pokemon_forms.csv;https://raw.githubusercontent.com/PokeAPI/pokeapi/master/data/v2/csv/pokemon_species_names.csv;output/team-graphics/s3/GPL Teams Spieltag 14 (1).jpg;output/team-graphics/s3/GPL Teams Spieltag 14 (2).jpg
season_003,Regular Season,rueckrunde,CaptainCrinch,Crinchilla,10,78.7,75.6,75.6,90.9,"Mamutel, Azumarill, Viscogon, Smogmog, Cresselia, Blitza",data/manual/pokemon_killlists.csv;data/manual/team_pokemon_usage.csv;https://docs.google.com/spreadsheets/d/11wxsKyCydVmDjp4kGLJAOLPM_LgwCLN2GYpbDQkNtkk/edit#gid=1588964432;https://docs.google.com/spreadsheets/d/11wxsKyCydVmDjp4kGLJAOLPM_LgwCLN2GYpbDQkNtkk/edit#gid=1843013406;https://docs.google.com/spreadsheets/d/11wxsKyCydVmDjp4kGLJAOLPM_LgwCLN2GYpbDQkNtkk/edit#gid=654435343;https://docs.google.com/spreadsheets/d/13smsrG2BGYxr_omJWcgr-sUDr39bvOJPNL5RPt4DSow/edit#gid=1934543062;https://docs.google.com/spreadsheets/d/13smsrG2BGYxr_omJWcgr-sUDr39bvOJPNL5RPt4DSow/edit#gid=71150222;https://docs.google.com/spreadsheets/d/1B2uTMvWlAHb7WlpupJV1A2Hbi3K3U1vCyoFV0wCapcw/edit#gid=1271313224;https://docs.google.com/spreadsheets/d/1B2uTMvWlAHb7WlpupJV1A2Hbi3K3U1vCyoFV0wCapcw/edit#gid=1521895812;https://docs.google.com/spreadsheets/d/1B2uTMvWlAHb7WlpupJV1A2Hbi3K3U1vCyoFV0wCapcw/edit#gid=1846395979;https://docs.google.com/spreadsheets/d/1B2uTMvWlAHb7WlpupJV1A2Hbi3K3U1vCyoFV0wCapcw/edit#gid=26363830;https://docs.google.com/spreadsheets/d/1FUsClf5qEny-BHY5Djp8rIwRJKBSJDvygJ8LBa62FEo/edit#gid=0;https://docs.google.com/spreadsheets/d/1JZpA-5XDldN2bjfvhvBPHYK-1AENETLnF1UxNEpWlNA/edit#gid=352888197;https://docs.google.com/spreadsheets/d/1kiwDk4NgYoKb0Oo9yqzwl9HXHxuQ_0I5gkb1JtE57PI/edit#gid=0;https://docs.google.com/spreadsheets/d/1n9SmK-ccTCn8Jjhs4U2LKnibXY8PvuBtV3V9MCOURRA/edit#gid=0;https://docs.google.com/spreadsheets/d/1nwiq_ggEj7QePeZGMR2xoi0bEHJr_ZGO24YCRdt93No/edit#gid=857670931;https://docs.google.com/spreadsheets/d/1odsNRAZStW1GzmpXwmg27dqjOlch7w8syZOZ5Z2OQRg/edit#gid=0;https://docs.google.com/spreadsheets/d/1uo7-E_E2jbehB2hbBurpPayP_0fKY5sPZcFgZmfLydY/edit#gid=1526488506;https://docs.google.com/spreadsheets/d/1uo7-E_E2jbehB2hbBurpPayP_0fKY5sPZcFgZmfLydY/edit#gid=1696255979;https://docs.google.com/spreadsheets/d/1uo7-E_E2jbehB2hbBurpPayP_0fKY5sPZcFgZmfLydY/edit#gid=520178140;https://docs.google.com/spreadsheets/d/1vJ-pioe3RZKSZ3LIGEA3FVTv_KEE_XKIQAXSIUNNd-Q/edit#gid=0;https://raw.githubusercontent.com/PokeAPI/pokeapi/master/data/v2/csv/languages.csv;https://raw.githubusercontent.com/PokeAPI/pokeapi/master/data/v2/csv/pokemon.csv;https://raw.githubusercontent.com/PokeAPI/pokeapi/master/data/v2/csv/pokemon_form_names.csv;https://raw.githubusercontent.com/PokeAPI/pokeapi/master/data/v2/csv/pokemon_forms.csv;https://raw.githubusercontent.com/PokeAPI/pokeapi/master/data/v2/csv/pokemon_species_names.csv;output/team-graphics/s3/GPL Teams Spieltag 14 (2).jpg;output/team-graphics/s4/Minetube - Triyolotree.png;output/team-graphics/s4/Suicide Squad - CaptainCrinch.png;output/team-graphics/s5/Crinchilla.png;output/team-graphics/s5/Howling Commandos.png;output/team-graphics/s5/Marvelous Speedsters.png;output/team-graphics/s5/Shockwaving Magearnas.png;output/team-graphics/s5/Triyolotree.png
season_006,Moon Conference,regular,Nestfloh,Flutschige Zäpfchen,11,78.6,73.3,73.3,100,"Trikephalo, Hariyama, Tauros, Rihornior, Skorgla, Giflor",data/manual/pokemon_killlists.csv;data/manual/team_pokemon_usage.csv;https://docs.google.com/spreadsheets/d/11wxsKyCydVmDjp4kGLJAOLPM_LgwCLN2GYpbDQkNtkk/edit#gid=1588964432;https://docs.google.com/spreadsheets/d/11wxsKyCydVmDjp4kGLJAOLPM_LgwCLN2GYpbDQkNtkk/edit#gid=1843013406;https://docs.google.com/spreadsheets/d/13smsrG2BGYxr_omJWcgr-sUDr39bvOJPNL5RPt4DSow/edit#gid=1934543062;https://docs.google.com/spreadsheets/d/13smsrG2BGYxr_omJWcgr-sUDr39bvOJPNL5RPt4DSow/edit#gid=71150222;https://docs.google.com/spreadsheets/d/1B2uTMvWlAHb7WlpupJV1A2Hbi3K3U1vCyoFV0wCapcw/edit#gid=1271313224;https://docs.google.com/spreadsheets/d/1B2uTMvWlAHb7WlpupJV1A2Hbi3K3U1vCyoFV0wCapcw/edit#gid=1521895812;https://docs.google.com/spreadsheets/d/1B2uTMvWlAHb7WlpupJV1A2Hbi3K3U1vCyoFV0wCapcw/edit#gid=1846395979;https://docs.google.com/spreadsheets/d/1B2uTMvWlAHb7WlpupJV1A2Hbi3K3U1vCyoFV0wCapcw/edit#gid=26363830;https://docs.google.com/spreadsheets/d/1FUsClf5qEny-BHY5Djp8rIwRJKBSJDvygJ8LBa62FEo/edit#gid=0;https://docs.google.com/spreadsheets/d/1JZpA-5XDldN2bjfvhvBPHYK-1AENETLnF1UxNEpWlNA/edit#gid=352888197;https://docs.google.com/spreadsheets/d/1kiwDk4NgYoKb0Oo9yqzwl9HXHxuQ_0I5gkb1JtE57PI/edit#gid=0;https://docs.google.com/spreadsheets/d/1n9SmK-ccTCn8Jjhs4U2LKnibXY8PvuBtV3V9MCOURRA/edit#gid=0;https://docs.google.com/spreadsheets/d/1nwiq_ggEj7QePeZGMR2xoi0bEHJr_ZGO24YCRdt93No/edit#gid=857670931;https://docs.google.com/spreadsheets/d/1odsNRAZStW1GzmpXwmg27dqjOlch7w8syZOZ5Z2OQRg/edit#gid=0;https://docs.google.com/spreadsheets/d/1uo7-E_E2jbehB2hbBurpPayP_0fKY5sPZcFgZmfLydY/edit#gid=1526488506;https://docs.google.com/spreadsheets/d/1uo7-E_E2jbehB2hbBurpPayP_0fKY5sPZcFgZmfLydY/edit#gid=1696255979;https://docs.google.com/spreadsheets/d/1uo7-E_E2jbehB2hbBurpPayP_0fKY5sPZcFgZmfLydY/edit#gid=520178140;https://docs.google.com/spreadsheets/d/1vJ-pioe3RZKSZ3LIGEA3FVTv_KEE_XKIQAXSIUNNd-Q/edit#gid=0;https://raw.githubusercontent.com/PokeAPI/pokeapi/master/data/v2/csv/languages.csv;https://raw.githubusercontent.com/PokeAPI/pokeapi/master/data/v2/csv/pokemon.csv;https://raw.githubusercontent.com/PokeAPI/pokeapi/master/data/v2/csv/pokemon_form_names.csv;https://raw.githubusercontent.com/PokeAPI/pokeapi/master/data/v2/csv/pokemon_forms.csv;https://raw.githubusercontent.com/PokeAPI/pokeapi/master/data/v2/csv/pokemon_species_names.csv;output/team-graphics/s3/GPL Teams Spieltag 14 (1).jpg;output/team-graphics/s3/GPL Teams Spieltag 14 (2).jpg;output/team-graphics/s4/Enteikutierung - Lauris Enteitainment.png;output/team-graphics/s4/Ritter der Tapukokosnuss - FullLifeGames.png;output/team-graphics/s5/Howling Commandos.png;output/team-graphics/s5/Prekani.png
season_010,Regular Season,regular,Pokgalaxy,Tails of Mystery,11,78.6,73.3,73.3,100,"Krarmor, Knakrack, Snibunna, Keldeo, Feelinara, Relaxo",data/manual/pokemon_killlists.csv;data/manual/team_pokemon_usage.csv;https://docs.google.com/spreadsheets/d/11wxsKyCydVmDjp4kGLJAOLPM_LgwCLN2GYpbDQkNtkk/edit#gid=1588964432;https://docs.google.com/spreadsheets/d/11wxsKyCydVmDjp4kGLJAOLPM_LgwCLN2GYpbDQkNtkk/edit#gid=1843013406;https://docs.google.com/spreadsheets/d/11wxsKyCydVmDjp4kGLJAOLPM_LgwCLN2GYpbDQkNtkk/edit#gid=654435343;https://docs.google.com/spreadsheets/d/13smsrG2BGYxr_omJWcgr-sUDr39bvOJPNL5RPt4DSow/edit#gid=1465731937;https://docs.google.com/spreadsheets/d/13smsrG2BGYxr_omJWcgr-sUDr39bvOJPNL5RPt4DSow/edit#gid=1934543062;https://docs.google.com/spreadsheets/d/13smsrG2BGYxr_omJWcgr-sUDr39bvOJPNL5RPt4DSow/edit#gid=1953790464;https://docs.google.com/spreadsheets/d/13smsrG2BGYxr_omJWcgr-sUDr39bvOJPNL5RPt4DSow/edit#gid=71150222;https://docs.google.com/spreadsheets/d/1B2uTMvWlAHb7WlpupJV1A2Hbi3K3U1vCyoFV0wCapcw/edit#gid=1271313224;https://docs.google.com/spreadsheets/d/1B2uTMvWlAHb7WlpupJV1A2Hbi3K3U1vCyoFV0wCapcw/edit#gid=1521895812;https://docs.google.com/spreadsheets/d/1B2uTMvWlAHb7WlpupJV1A2Hbi3K3U1vCyoFV0wCapcw/edit#gid=1846395979;https://docs.google.com/spreadsheets/d/1B2uTMvWlAHb7WlpupJV1A2Hbi3K3U1vCyoFV0wCapcw/edit#gid=26363830;https://docs.google.com/spreadsheets/d/1FUsClf5qEny-BHY5Djp8rIwRJKBSJDvygJ8LBa62FEo/edit#gid=0;https://docs.google.com/spreadsheets/d/1JZpA-5XDldN2bjfvhvBPHYK-1AENETLnF1UxNEpWlNA/edit#gid=352888197;https://docs.google.com/spreadsheets/d/1kiwDk4NgYoKb0Oo9yqzwl9HXHxuQ_0I5gkb1JtE57PI/edit#gid=0;https://docs.google.com/spreadsheets/d/1n9SmK-ccTCn8Jjhs4U2LKnibXY8PvuBtV3V9MCOURRA/edit#gid=0;https://docs.google.com/spreadsheets/d/1nwiq_ggEj7QePeZGMR2xoi0bEHJr_ZGO24YCRdt93No/edit#gid=857670931;https://docs.google.com/spreadsheets/d/1odsNRAZStW1GzmpXwmg27dqjOlch7w8syZOZ5Z2OQRg/edit#gid=0;https://docs.google.com/spreadsheets/d/1uo7-E_E2jbehB2hbBurpPayP_0fKY5sPZcFgZmfLydY/edit#gid=1526488506;https://docs.google.com/spreadsheets/d/1uo7-E_E2jbehB2hbBurpPayP_0fKY5sPZcFgZmfLydY/edit#gid=1696255979;https://docs.google.com/spreadsheets/d/1uo7-E_E2jbehB2hbBurpPayP_0fKY5sPZcFgZmfLydY/edit#gid=520178140;https://docs.google.com/spreadsheets/d/1vJ-pioe3RZKSZ3LIGEA3FVTv_KEE_XKIQAXSIUNNd-Q/edit#gid=0;https://raw.githubusercontent.com/PokeAPI/pokeapi/master/data/v2/csv/languages.csv;https://raw.githubusercontent.com/PokeAPI/pokeapi/master/data/v2/csv/pokemon.csv;https://raw.githubusercontent.com/PokeAPI/pokeapi/master/data/v2/csv/pokemon_form_names.csv;https://raw.githubusercontent.com/PokeAPI/pokeapi/master/data/v2/csv/pokemon_forms.csv;https://raw.githubusercontent.com/PokeAPI/pokeapi/master/data/v2/csv/pokemon_species_names.csv;output/team-graphics/s3/GPL Teams Spieltag 14 (1).jpg;output/team-graphics/s3/GPL Teams Spieltag 14 (2).jpg;output/team-graphics/s4/Flexing Masskito - RegiBang.png;output/team-graphics/s4/Minetube - Triyolotree.png;output/team-graphics/s4/Prekani - PresentLP.png;output/team-graphics/s4/Slicing Knights - Cabgolord.png;output/team-graphics/s5/Cabgosport.png;output/team-graphics/s5/Victini Bottom.png
season_006,Sun Conference,regular,BraveBird,Youngstars,11,77.2,71.5,71.5,100,"Trikephalo, Scherox, Volcanion, Vesprit, Trombork, Rabigator",data/manual/pokemon_killlists.csv;data/manual/team_pokemon_usage.csv;https://docs.google.com/spreadsheets/d/11wxsKyCydVmDjp4kGLJAOLPM_LgwCLN2GYpbDQkNtkk/edit#gid=1588964432;https://docs.google.com/spreadsheets/d/11wxsKyCydVmDjp4kGLJAOLPM_LgwCLN2GYpbDQkNtkk/edit#gid=1843013406;https://docs.google.com/spreadsheets/d/13smsrG2BGYxr_omJWcgr-sUDr39bvOJPNL5RPt4DSow/edit#gid=1934543062;https://docs.google.com/spreadsheets/d/13smsrG2BGYxr_omJWcgr-sUDr39bvOJPNL5RPt4DSow/edit#gid=1953790464;https://docs.google.com/spreadsheets/d/13smsrG2BGYxr_omJWcgr-sUDr39bvOJPNL5RPt4DSow/edit#gid=71150222;https://docs.google.com/spreadsheets/d/1B2uTMvWlAHb7WlpupJV1A2Hbi3K3U1vCyoFV0wCapcw/edit#gid=1271313224;https://docs.google.com/spreadsheets/d/1B2uTMvWlAHb7WlpupJV1A2Hbi3K3U1vCyoFV0wCapcw/edit#gid=1521895812;https://docs.google.com/spreadsheets/d/1B2uTMvWlAHb7WlpupJV1A2Hbi3K3U1vCyoFV0wCapcw/edit#gid=1846395979;https://docs.google.com/spreadsheets/d/1B2uTMvWlAHb7WlpupJV1A2Hbi3K3U1vCyoFV0wCapcw/edit#gid=26363830;https://docs.google.com/spreadsheets/d/1FUsClf5qEny-BHY5Djp8rIwRJKBSJDvygJ8LBa62FEo/edit#gid=0;https://docs.google.com/spreadsheets/d/1JZpA-5XDldN2bjfvhvBPHYK-1AENETLnF1UxNEpWlNA/edit#gid=352888197;https://docs.google.com/spreadsheets/d/1kiwDk4NgYoKb0Oo9yqzwl9HXHxuQ_0I5gkb1JtE57PI/edit#gid=0;https://docs.google.com/spreadsheets/d/1n9SmK-ccTCn8Jjhs4U2LKnibXY8PvuBtV3V9MCOURRA/edit#gid=0;https://docs.google.com/spreadsheets/d/1nwiq_ggEj7QePeZGMR2xoi0bEHJr_ZGO24YCRdt93No/edit#gid=857670931;https://docs.google.com/spreadsheets/d/1odsNRAZStW1GzmpXwmg27dqjOlch7w8syZOZ5Z2OQRg/edit#gid=0;https://docs.google.com/spreadsheets/d/1uo7-E_E2jbehB2hbBurpPayP_0fKY5sPZcFgZmfLydY/edit#gid=1526488506;https://docs.google.com/spreadsheets/d/1uo7-E_E2jbehB2hbBurpPayP_0fKY5sPZcFgZmfLydY/edit#gid=1696255979;https://docs.google.com/spreadsheets/d/1uo7-E_E2jbehB2hbBurpPayP_0fKY5sPZcFgZmfLydY/edit#gid=520178140;https://docs.google.com/spreadsheets/d/1vJ-pioe3RZKSZ3LIGEA3FVTv_KEE_XKIQAXSIUNNd-Q/edit#gid=0;https://raw.githubusercontent.com/PokeAPI/pokeapi/master/data/v2/csv/languages.csv;https://raw.githubusercontent.com/PokeAPI/pokeapi/master/data/v2/csv/pokemon.csv;https://raw.githubusercontent.com/PokeAPI/pokeapi/master/data/v2/csv/pokemon_form_names.csv;https://raw.githubusercontent.com/PokeAPI/pokeapi/master/data/v2/csv/pokemon_forms.csv;https://raw.githubusercontent.com/PokeAPI/pokeapi/master/data/v2/csv/pokemon_species_names.csv;output/team-graphics/s3/GPL Teams Spieltag 14 (1).jpg;output/team-graphics/s3/GPL Teams Spieltag 14 (2).jpg;output/team-graphics/s4/Flexing Masskito - RegiBang.png;output/team-graphics/s4/Prekani - PresentLP.png;output/team-graphics/s4/Ritter der Tapukokosnuss - FullLifeGames.png;output/team-graphics/s4/Suicide Squad - CaptainCrinch.png;output/team-graphics/s5/Energie Tobutz.png;output/team-graphics/s5/Howling Commandos.png;output/team-graphics/s5/Prekani.png
season_008,Liga 2,rueckrunde,Blocki,Kastanienbomber,11,77.2,71.5,71.5,100,"Knakrack, Primarene, Gengar, Skaraborn, Raichu, Metagross",data/manual/pokemon_killlists.csv;data/manual/team_pokemon_usage.csv;https://docs.google.com/spreadsheets/d/11wxsKyCydVmDjp4kGLJAOLPM_LgwCLN2GYpbDQkNtkk/edit#gid=1588964432;https://docs.google.com/spreadsheets/d/11wxsKyCydVmDjp4kGLJAOLPM_LgwCLN2GYpbDQkNtkk/edit#gid=1843013406;https://docs.google.com/spreadsheets/d/11wxsKyCydVmDjp4kGLJAOLPM_LgwCLN2GYpbDQkNtkk/edit#gid=654435343;https://docs.google.com/spreadsheets/d/13smsrG2BGYxr_omJWcgr-sUDr39bvOJPNL5RPt4DSow/edit#gid=1934543062;https://docs.google.com/spreadsheets/d/13smsrG2BGYxr_omJWcgr-sUDr39bvOJPNL5RPt4DSow/edit#gid=1953790464;https://docs.google.com/spreadsheets/d/13smsrG2BGYxr_omJWcgr-sUDr39bvOJPNL5RPt4DSow/edit#gid=71150222;https://docs.google.com/spreadsheets/d/1B2uTMvWlAHb7WlpupJV1A2Hbi3K3U1vCyoFV0wCapcw/edit#gid=1271313224;https://docs.google.com/spreadsheets/d/1B2uTMvWlAHb7WlpupJV1A2Hbi3K3U1vCyoFV0wCapcw/edit#gid=1521895812;https://docs.google.com/spreadsheets/d/1B2uTMvWlAHb7WlpupJV1A2Hbi3K3U1vCyoFV0wCapcw/edit#gid=1846395979;https://docs.google.com/spreadsheets/d/1B2uTMvWlAHb7WlpupJV1A2Hbi3K3U1vCyoFV0wCapcw/edit#gid=26363830;https://docs.google.com/spreadsheets/d/1FUsClf5qEny-BHY5Djp8rIwRJKBSJDvygJ8LBa62FEo/edit#gid=0;https://docs.google.com/spreadsheets/d/1JZpA-5XDldN2bjfvhvBPHYK-1AENETLnF1UxNEpWlNA/edit#gid=352888197;https://docs.google.com/spreadsheets/d/1n9SmK-ccTCn8Jjhs4U2LKnibXY8PvuBtV3V9MCOURRA/edit#gid=0;https://docs.google.com/spreadsheets/d/1nwiq_ggEj7QePeZGMR2xoi0bEHJr_ZGO24YCRdt93No/edit#gid=857670931;https://docs.google.com/spreadsheets/d/1odsNRAZStW1GzmpXwmg27dqjOlch7w8syZOZ5Z2OQRg/edit#gid=0;https://docs.google.com/spreadsheets/d/1uo7-E_E2jbehB2hbBurpPayP_0fKY5sPZcFgZmfLydY/edit#gid=1526488506;https://docs.google.com/spreadsheets/d/1uo7-E_E2jbehB2hbBurpPayP_0fKY5sPZcFgZmfLydY/edit#gid=1696255979;https://docs.google.com/spreadsheets/d/1uo7-E_E2jbehB2hbBurpPayP_0fKY5sPZcFgZmfLydY/edit#gid=520178140;https://docs.google.com/spreadsheets/d/1vJ-pioe3RZKSZ3LIGEA3FVTv_KEE_XKIQAXSIUNNd-Q/edit#gid=0;https://raw.githubusercontent.com/PokeAPI/pokeapi/master/data/v2/csv/languages.csv;https://raw.githubusercontent.com/PokeAPI/pokeapi/master/data/v2/csv/pokemon.csv;https://raw.githubusercontent.com/PokeAPI/pokeapi/master/data/v2/csv/pokemon_form_names.csv;https://raw.githubusercontent.com/PokeAPI/pokeapi/master/data/v2/csv/pokemon_forms.csv;https://raw.githubusercontent.com/PokeAPI/pokeapi/master/data/v2/csv/pokemon_species_names.csv;output/team-graphics/s3/GPL Teams Spieltag 14 (1).jpg;output/team-graphics/s3/GPL Teams Spieltag 14 (2).jpg;output/team-graphics/s4/Minetube - Triyolotree.png;output/team-graphics/s4/Slicing Knights - Cabgolord.png;output/team-graphics/s5/Triyolotree.png;output/team-graphics/s5/Victini Bottom.png
season_006,Playoffs,playoffs,BraveBird,Youngstars,11,77.0,71.2,71.2,100,"Trikephalo, Scherox, Volcanion, Vesprit, Rabigator, Lanturn",data/manual/pokemon_killlists.csv;data/manual/team_pokemon_usage.csv;https://docs.google.com/spreadsheets/d/11wxsKyCydVmDjp4kGLJAOLPM_LgwCLN2GYpbDQkNtkk/edit#gid=1588964432;https://docs.google.com/spreadsheets/d/11wxsKyCydVmDjp4kGLJAOLPM_LgwCLN2GYpbDQkNtkk/edit#gid=1843013406;https://docs.google.com/spreadsheets/d/11wxsKyCydVmDjp4kGLJAOLPM_LgwCLN2GYpbDQkNtkk/edit#gid=654435343;https://docs.google.com/spreadsheets/d/13smsrG2BGYxr_omJWcgr-sUDr39bvOJPNL5RPt4DSow/edit#gid=1934543062;https://docs.google.com/spreadsheets/d/13smsrG2BGYxr_omJWcgr-sUDr39bvOJPNL5RPt4DSow/edit#gid=1953790464;https://docs.google.com/spreadsheets/d/13smsrG2BGYxr_omJWcgr-sUDr39bvOJPNL5RPt4DSow/edit#gid=71150222;https://docs.google.com/spreadsheets/d/1B2uTMvWlAHb7WlpupJV1A2Hbi3K3U1vCyoFV0wCapcw/edit#gid=1271313224;https://docs.google.com/spreadsheets/d/1B2uTMvWlAHb7WlpupJV1A2Hbi3K3U1vCyoFV0wCapcw/edit#gid=1521895812;https://docs.google.com/spreadsheets/d/1B2uTMvWlAHb7WlpupJV1A2Hbi3K3U1vCyoFV0wCapcw/edit#gid=1846395979;https://docs.google.com/spreadsheets/d/1B2uTMvWlAHb7WlpupJV1A2Hbi3K3U1vCyoFV0wCapcw/edit#gid=26363830;https://docs.google.com/spreadsheets/d/1FUsClf5qEny-BHY5Djp8rIwRJKBSJDvygJ8LBa62FEo/edit#gid=0;https://docs.google.com/spreadsheets/d/1JZpA-5XDldN2bjfvhvBPHYK-1AENETLnF1UxNEpWlNA/edit#gid=352888197;https://docs.google.com/spreadsheets/d/1kiwDk4NgYoKb0Oo9yqzwl9HXHxuQ_0I5gkb1JtE57PI/edit#gid=0;https://docs.google.com/spreadsheets/d/1n9SmK-ccTCn8Jjhs4U2LKnibXY8PvuBtV3V9MCOURRA/edit#gid=0;https://docs.google.com/spreadsheets/d/1nwiq_ggEj7QePeZGMR2xoi0bEHJr_ZGO24YCRdt93No/edit#gid=857670931;https://docs.google.com/spreadsheets/d/1odsNRAZStW1GzmpXwmg27dqjOlch7w8syZOZ5Z2OQRg/edit#gid=0;https://docs.google.com/spreadsheets/d/1uo7-E_E2jbehB2hbBurpPayP_0fKY5sPZcFgZmfLydY/edit#gid=1526488506;https://docs.google.com/spreadsheets/d/1uo7-E_E2jbehB2hbBurpPayP_0fKY5sPZcFgZmfLydY/edit#gid=1696255979;https://docs.google.com/spreadsheets/d/1uo7-E_E2jbehB2hbBurpPayP_0fKY5sPZcFgZmfLydY/edit#gid=520178140;https://docs.google.com/spreadsheets/d/1vJ-pioe3RZKSZ3LIGEA3FVTv_KEE_XKIQAXSIUNNd-Q/edit#gid=0;https://raw.githubusercontent.com/PokeAPI/pokeapi/master/data/v2/csv/languages.csv;https://raw.githubusercontent.com/PokeAPI/pokeapi/master/data/v2/csv/pokemon.csv;https://raw.githubusercontent.com/PokeAPI/pokeapi/master/data/v2/csv/pokemon_form_names.csv;https://raw.githubusercontent.com/PokeAPI/pokeapi/master/data/v2/csv/pokemon_forms.csv;https://raw.githubusercontent.com/PokeAPI/pokeapi/master/data/v2/csv/pokemon_species_names.csv;output/team-graphics/s3/GPL Teams Spieltag 14 (1).jpg;output/team-graphics/s3/GPL Teams Spieltag 14 (2).jpg;output/team-graphics/s4/Prekani - PresentLP.png;output/team-graphics/s4/Ritter der Tapukokosnuss - FullLifeGames.png;output/team-graphics/s4/Suicide Squad - CaptainCrinch.png;output/team-graphics/s5/Energie Tobutz.png;output/team-graphics/s5/Howling Commandos.png;output/team-graphics/s5/Prekani.png
season_008,Liga 1,hinrunde,Dauni Daunstar,Glückspilze,11,77.0,71.2,71.2,100,"Mamutel, Gengar, Selfe, Lanturn, Krebutack, Kobalium",data/manual/pokemon_killlists.csv;data/manual/team_pokemon_usage.csv;https://docs.google.com/spreadsheets/d/11wxsKyCydVmDjp4kGLJAOLPM_LgwCLN2GYpbDQkNtkk/edit#gid=1588964432;https://docs.google.com/spreadsheets/d/11wxsKyCydVmDjp4kGLJAOLPM_LgwCLN2GYpbDQkNtkk/edit#gid=1843013406;https://docs.google.com/spreadsheets/d/13smsrG2BGYxr_omJWcgr-sUDr39bvOJPNL5RPt4DSow/edit#gid=1934543062;https://docs.google.com/spreadsheets/d/13smsrG2BGYxr_omJWcgr-sUDr39bvOJPNL5RPt4DSow/edit#gid=1953790464;https://docs.google.com/spreadsheets/d/13smsrG2BGYxr_omJWcgr-sUDr39bvOJPNL5RPt4DSow/edit#gid=71150222;https://docs.google.com/spreadsheets/d/1B2uTMvWlAHb7WlpupJV1A2Hbi3K3U1vCyoFV0wCapcw/edit#gid=1271313224;https://docs.google.com/spreadsheets/d/1B2uTMvWlAHb7WlpupJV1A2Hbi3K3U1vCyoFV0wCapcw/edit#gid=1521895812;https://docs.google.com/spreadsheets/d/1B2uTMvWlAHb7WlpupJV1A2Hbi3K3U1vCyoFV0wCapcw/edit#gid=1846395979;https://docs.google.com/spreadsheets/d/1B2uTMvWlAHb7WlpupJV1A2Hbi3K3U1vCyoFV0wCapcw/edit#gid=26363830;https://docs.google.com/spreadsheets/d/1FUsClf5qEny-BHY5Djp8rIwRJKBSJDvygJ8LBa62FEo/edit#gid=0;https://docs.google.com/spreadsheets/d/1JZpA-5XDldN2bjfvhvBPHYK-1AENETLnF1UxNEpWlNA/edit#gid=352888197;https://docs.google.com/spreadsheets/d/1kiwDk4NgYoKb0Oo9yqzwl9HXHxuQ_0I5gkb1JtE57PI/edit#gid=0;https://docs.google.com/spreadsheets/d/1n9SmK-ccTCn8Jjhs4U2LKnibXY8PvuBtV3V9MCOURRA/edit#gid=0;https://docs.google.com/spreadsheets/d/1nwiq_ggEj7QePeZGMR2xoi0bEHJr_ZGO24YCRdt93No/edit#gid=857670931;https://docs.google.com/spreadsheets/d/1odsNRAZStW1GzmpXwmg27dqjOlch7w8syZOZ5Z2OQRg/edit#gid=0;https://docs.google.com/spreadsheets/d/1uo7-E_E2jbehB2hbBurpPayP_0fKY5sPZcFgZmfLydY/edit#gid=1526488506;https://docs.google.com/spreadsheets/d/1uo7-E_E2jbehB2hbBurpPayP_0fKY5sPZcFgZmfLydY/edit#gid=1696255979;https://docs.google.com/spreadsheets/d/1uo7-E_E2jbehB2hbBurpPayP_0fKY5sPZcFgZmfLydY/edit#gid=520178140;https://docs.google.com/spreadsheets/d/1vJ-pioe3RZKSZ3LIGEA3FVTv_KEE_XKIQAXSIUNNd-Q/edit#gid=0;https://raw.githubusercontent.com/PokeAPI/pokeapi/master/data/v2/csv/languages.csv;https://raw.githubusercontent.com/PokeAPI/pokeapi/master/data/v2/csv/pokemon.csv;https://raw.githubusercontent.com/PokeAPI/pokeapi/master/data/v2/csv/pokemon_form_names.csv;https://raw.githubusercontent.com/PokeAPI/pokeapi/master/data/v2/csv/pokemon_forms.csv;https://raw.githubusercontent.com/PokeAPI/pokeapi/master/data/v2/csv/pokemon_species_names.csv;output/team-graphics/s3/GPL Teams Spieltag 14 (1).jpg;output/team-graphics/s3/GPL Teams Spieltag 14 (2).jpg;output/team-graphics/s4/Shocking Shaymins - MeLevies.png;output/team-graphics/s4/Variant Vulpix - CrowdController.png;output/team-graphics/s5/Shockwaving Magearnas.png;output/team-graphics/s5/SoulStealer.png;output/team-graphics/s5/Victini Bottom.png
season_010,Regular Season,regular,PresentLP,Prekani,11,76.7,70.9,70.9,100,"Kobalium, Arkani, Dragoran, Zytomega, Rizeros, Tengulist",data/manual/pokemon_killlists.csv;data/manual/team_pokemon_usage.csv;https://docs.google.com/spreadsheets/d/11wxsKyCydVmDjp4kGLJAOLPM_LgwCLN2GYpbDQkNtkk/edit#gid=1588964432;https://docs.google.com/spreadsheets/d/11wxsKyCydVmDjp4kGLJAOLPM_LgwCLN2GYpbDQkNtkk/edit#gid=1843013406;https://docs.google.com/spreadsheets/d/13smsrG2BGYxr_omJWcgr-sUDr39bvOJPNL5RPt4DSow/edit#gid=1465731937;https://docs.google.com/spreadsheets/d/13smsrG2BGYxr_omJWcgr-sUDr39bvOJPNL5RPt4DSow/edit#gid=1934543062;https://docs.google.com/spreadsheets/d/13smsrG2BGYxr_omJWcgr-sUDr39bvOJPNL5RPt4DSow/edit#gid=71150222;https://docs.google.com/spreadsheets/d/1B2uTMvWlAHb7WlpupJV1A2Hbi3K3U1vCyoFV0wCapcw/edit#gid=1271313224;https://docs.google.com/spreadsheets/d/1B2uTMvWlAHb7WlpupJV1A2Hbi3K3U1vCyoFV0wCapcw/edit#gid=1521895812;https://docs.google.com/spreadsheets/d/1B2uTMvWlAHb7WlpupJV1A2Hbi3K3U1vCyoFV0wCapcw/edit#gid=1846395979;https://docs.google.com/spreadsheets/d/1B2uTMvWlAHb7WlpupJV1A2Hbi3K3U1vCyoFV0wCapcw/edit#gid=26363830;https://docs.google.com/spreadsheets/d/1FUsClf5qEny-BHY5Djp8rIwRJKBSJDvygJ8LBa62FEo/edit#gid=0;https://docs.google.com/spreadsheets/d/1JZpA-5XDldN2bjfvhvBPHYK-1AENETLnF1UxNEpWlNA/edit#gid=352888197;https://docs.google.com/spreadsheets/d/1kiwDk4NgYoKb0Oo9yqzwl9HXHxuQ_0I5gkb1JtE57PI/edit#gid=0;https://docs.google.com/spreadsheets/d/1n9SmK-ccTCn8Jjhs4U2LKnibXY8PvuBtV3V9MCOURRA/edit#gid=0;https://docs.google.com/spreadsheets/d/1nwiq_ggEj7QePeZGMR2xoi0bEHJr_ZGO24YCRdt93No/edit#gid=857670931;https://docs.google.com/spreadsheets/d/1odsNRAZStW1GzmpXwmg27dqjOlch7w8syZOZ5Z2OQRg/edit#gid=0;https://docs.google.com/spreadsheets/d/1uo7-E_E2jbehB2hbBurpPayP_0fKY5sPZcFgZmfLydY/edit#gid=1526488506;https://docs.google.com/spreadsheets/d/1uo7-E_E2jbehB2hbBurpPayP_0fKY5sPZcFgZmfLydY/edit#gid=1696255979;https://docs.google.com/spreadsheets/d/1uo7-E_E2jbehB2hbBurpPayP_0fKY5sPZcFgZmfLydY/edit#gid=520178140;https://docs.google.com/spreadsheets/d/1vJ-pioe3RZKSZ3LIGEA3FVTv_KEE_XKIQAXSIUNNd-Q/edit#gid=0;https://raw.githubusercontent.com/PokeAPI/pokeapi/master/data/v2/csv/languages.csv;https://raw.githubusercontent.com/PokeAPI/pokeapi/master/data/v2/csv/pokemon.csv;https://raw.githubusercontent.com/PokeAPI/pokeapi/master/data/v2/csv/pokemon_form_names.csv;https://raw.githubusercontent.com/PokeAPI/pokeapi/master/data/v2/csv/pokemon_forms.csv;https://raw.githubusercontent.com/PokeAPI/pokeapi/master/data/v2/csv/pokemon_species_names.csv;output/team-graphics/s3/GPL Teams Spieltag 14 (1).jpg;output/team-graphics/s3/GPL Teams Spieltag 14 (2).jpg;output/team-graphics/s4/Prekani - PresentLP.png;output/team-graphics/s4/Variant Vulpix - CrowdController.png;output/team-graphics/s5/Marvelous Speedsters.png;output/team-graphics/s5/SoulStealer.png
season_006,Moon Conference,regular,Stratocopter TV,Crustle Crusaders,11,76.6,70.7,70.7,100,"Victini, Viscogon, Suicune, Smogmog, Metagross, Fruyal",data/manual/pokemon_killlists.csv;data/manual/team_pokemon_usage.csv;https://docs.google.com/spreadsheets/d/11wxsKyCydVmDjp4kGLJAOLPM_LgwCLN2GYpbDQkNtkk/edit#gid=1588964432;https://docs.google.com/spreadsheets/d/11wxsKyCydVmDjp4kGLJAOLPM_LgwCLN2GYpbDQkNtkk/edit#gid=1843013406;https://docs.google.com/spreadsheets/d/13smsrG2BGYxr_omJWcgr-sUDr39bvOJPNL5RPt4DSow/edit#gid=1934543062;https://docs.google.com/spreadsheets/d/13smsrG2BGYxr_omJWcgr-sUDr39bvOJPNL5RPt4DSow/edit#gid=1953790464;https://docs.google.com/spreadsheets/d/13smsrG2BGYxr_omJWcgr-sUDr39bvOJPNL5RPt4DSow/edit#gid=71150222;https://docs.google.com/spreadsheets/d/1B2uTMvWlAHb7WlpupJV1A2Hbi3K3U1vCyoFV0wCapcw/edit#gid=1271313224;https://docs.google.com/spreadsheets/d/1B2uTMvWlAHb7WlpupJV1A2Hbi3K3U1vCyoFV0wCapcw/edit#gid=1521895812;https://docs.google.com/spreadsheets/d/1B2uTMvWlAHb7WlpupJV1A2Hbi3K3U1vCyoFV0wCapcw/edit#gid=1846395979;https://docs.google.com/spreadsheets/d/1B2uTMvWlAHb7WlpupJV1A2Hbi3K3U1vCyoFV0wCapcw/edit#gid=26363830;https://docs.google.com/spreadsheets/d/1FUsClf5qEny-BHY5Djp8rIwRJKBSJDvygJ8LBa62FEo/edit#gid=0;https://docs.google.com/spreadsheets/d/1JZpA-5XDldN2bjfvhvBPHYK-1AENETLnF1UxNEpWlNA/edit#gid=352888197;https://docs.google.com/spreadsheets/d/1kiwDk4NgYoKb0Oo9yqzwl9HXHxuQ_0I5gkb1JtE57PI/edit#gid=0;https://docs.google.com/spreadsheets/d/1n9SmK-ccTCn8Jjhs4U2LKnibXY8PvuBtV3V9MCOURRA/edit#gid=0;https://docs.google.com/spreadsheets/d/1nwiq_ggEj7QePeZGMR2xoi0bEHJr_ZGO24YCRdt93No/edit#gid=857670931;https://docs.google.com/spreadsheets/d/1odsNRAZStW1GzmpXwmg27dqjOlch7w8syZOZ5Z2OQRg/edit#gid=0;https://docs.google.com/spreadsheets/d/1uo7-E_E2jbehB2hbBurpPayP_0fKY5sPZcFgZmfLydY/edit#gid=1526488506;https://docs.google.com/spreadsheets/d/1uo7-E_E2jbehB2hbBurpPayP_0fKY5sPZcFgZmfLydY/edit#gid=1696255979;https://docs.google.com/spreadsheets/d/1uo7-E_E2jbehB2hbBurpPayP_0fKY5sPZcFgZmfLydY/edit#gid=520178140;https://docs.google.com/spreadsheets/d/1vJ-pioe3RZKSZ3LIGEA3FVTv_KEE_XKIQAXSIUNNd-Q/edit#gid=0;https://raw.githubusercontent.com/PokeAPI/pokeapi/master/data/v2/csv/languages.csv;https://raw.githubusercontent.com/PokeAPI/pokeapi/master/data/v2/csv/pokemon.csv;https://raw.githubusercontent.com/PokeAPI/pokeapi/master/data/v2/csv/pokemon_form_names.csv;https://raw.githubusercontent.com/PokeAPI/pokeapi/master/data/v2/csv/pokemon_forms.csv;https://raw.githubusercontent.com/PokeAPI/pokeapi/master/data/v2/csv/pokemon_species_names.csv;output/team-graphics/s3/GPL Teams Spieltag 14 (1).jpg;output/team-graphics/s3/GPL Teams Spieltag 14 (2).jpg;output/team-graphics/s4/Enteikutierung - Lauris Enteitainment.png;output/team-graphics/s4/Minetube - Triyolotree.png;output/team-graphics/s4/Suicide Squad - CaptainCrinch.png;output/team-graphics/s5/Victini Bottom.png
season_006,Moon Conference,regular,RegiBang,Tectass Toppas,11,76.5,70.6,70.6,100,"Laschoking, Zobiris, Miltank, Kobalium, Iksbat, Keifel",data/manual/pokemon_killlists.csv;data/manual/team_pokemon_usage.csv;https://docs.google.com/spreadsheets/d/11wxsKyCydVmDjp4kGLJAOLPM_LgwCLN2GYpbDQkNtkk/edit#gid=1588964432;https://docs.google.com/spreadsheets/d/11wxsKyCydVmDjp4kGLJAOLPM_LgwCLN2GYpbDQkNtkk/edit#gid=1843013406;https://docs.google.com/spreadsheets/d/13smsrG2BGYxr_omJWcgr-sUDr39bvOJPNL5RPt4DSow/edit#gid=1934543062;https://docs.google.com/spreadsheets/d/13smsrG2BGYxr_omJWcgr-sUDr39bvOJPNL5RPt4DSow/edit#gid=71150222;https://docs.google.com/spreadsheets/d/1B2uTMvWlAHb7WlpupJV1A2Hbi3K3U1vCyoFV0wCapcw/edit#gid=1271313224;https://docs.google.com/spreadsheets/d/1B2uTMvWlAHb7WlpupJV1A2Hbi3K3U1vCyoFV0wCapcw/edit#gid=1521895812;https://docs.google.com/spreadsheets/d/1B2uTMvWlAHb7WlpupJV1A2Hbi3K3U1vCyoFV0wCapcw/edit#gid=1846395979;https://docs.google.com/spreadsheets/d/1B2uTMvWlAHb7WlpupJV1A2Hbi3K3U1vCyoFV0wCapcw/edit#gid=26363830;https://docs.google.com/spreadsheets/d/1FUsClf5qEny-BHY5Djp8rIwRJKBSJDvygJ8LBa62FEo/edit#gid=0;https://docs.google.com/spreadsheets/d/1JZpA-5XDldN2bjfvhvBPHYK-1AENETLnF1UxNEpWlNA/edit#gid=352888197;https://docs.google.com/spreadsheets/d/1kXhNwKGrqQTwSal0NxpZ9h0yo6u_mQwhwg4vGVwxMX4/edit#gid=0;https://docs.google.com/spreadsheets/d/1kiwDk4NgYoKb0Oo9yqzwl9HXHxuQ_0I5gkb1JtE57PI/edit#gid=0;https://docs.google.com/spreadsheets/d/1n9SmK-ccTCn8Jjhs4U2LKnibXY8PvuBtV3V9MCOURRA/edit#gid=0;https://docs.google.com/spreadsheets/d/1nwiq_ggEj7QePeZGMR2xoi0bEHJr_ZGO24YCRdt93No/edit#gid=857670931;https://docs.google.com/spreadsheets/d/1odsNRAZStW1GzmpXwmg27dqjOlch7w8syZOZ5Z2OQRg/edit#gid=0;https://docs.google.com/spreadsheets/d/1uo7-E_E2jbehB2hbBurpPayP_0fKY5sPZcFgZmfLydY/edit#gid=1526488506;https://docs.google.com/spreadsheets/d/1uo7-E_E2jbehB2hbBurpPayP_0fKY5sPZcFgZmfLydY/edit#gid=1696255979;https://docs.google.com/spreadsheets/d/1uo7-E_E2jbehB2hbBurpPayP_0fKY5sPZcFgZmfLydY/edit#gid=520178140;https://docs.google.com/spreadsheets/d/1vJ-pioe3RZKSZ3LIGEA3FVTv_KEE_XKIQAXSIUNNd-Q/edit#gid=0;https://raw.githubusercontent.com/PokeAPI/pokeapi/master/data/v2/csv/languages.csv;https://raw.githubusercontent.com/PokeAPI/pokeapi/master/data/v2/csv/pokemon.csv;https://raw.githubusercontent.com/PokeAPI/pokeapi/master/data/v2/csv/pokemon_form_names.csv;https://raw.githubusercontent.com/PokeAPI/pokeapi/master/data/v2/csv/pokemon_forms.csv;https://raw.githubusercontent.com/PokeAPI/pokeapi/master/data/v2/csv/pokemon_species_names.csv;output/team-graphics/s3/GPL Teams Spieltag 14 (1).jpg;output/team-graphics/s3/GPL Teams Spieltag 14 (2).jpg;output/team-graphics/s4/Enteikutierung - Lauris Enteitainment.png;output/team-graphics/s4/Slicing Knights - Cabgolord.png;output/team-graphics/s4/Variant Vulpix - CrowdController.png;output/team-graphics/s5/Aggron Berlin.png;output/team-graphics/s5/Energie Tobutz.png;output/team-graphics/s5/Prekani.png;output/team-graphics/s5/Shockwaving Magearnas.png;output/team-graphics/s5/SoulStealer.png;output/team-graphics/s5/Triyolotree.png
season_010,Regular Season,regular,Sirazoa,Eon Engine,11,76.5,70.6,70.6,100,"Jirachi, Brutalanda, Volcanion, Aquana, Skorgla, Riesenzahn",data/manual/pokemon_killlists.csv;data/manual/team_pokemon_usage.csv;https://docs.google.com/spreadsheets/d/11wxsKyCydVmDjp4kGLJAOLPM_LgwCLN2GYpbDQkNtkk/edit#gid=1588964432;https://docs.google.com/spreadsheets/d/11wxsKyCydVmDjp4kGLJAOLPM_LgwCLN2GYpbDQkNtkk/edit#gid=1843013406;https://docs.google.com/spreadsheets/d/13smsrG2BGYxr_omJWcgr-sUDr39bvOJPNL5RPt4DSow/edit#gid=1465731937;https://docs.google.com/spreadsheets/d/13smsrG2BGYxr_omJWcgr-sUDr39bvOJPNL5RPt4DSow/edit#gid=1934543062;https://docs.google.com/spreadsheets/d/13smsrG2BGYxr_omJWcgr-sUDr39bvOJPNL5RPt4DSow/edit#gid=1953790464;https://docs.google.com/spreadsheets/d/13smsrG2BGYxr_omJWcgr-sUDr39bvOJPNL5RPt4DSow/edit#gid=71150222;https://docs.google.com/spreadsheets/d/1B2uTMvWlAHb7WlpupJV1A2Hbi3K3U1vCyoFV0wCapcw/edit#gid=1271313224;https://docs.google.com/spreadsheets/d/1B2uTMvWlAHb7WlpupJV1A2Hbi3K3U1vCyoFV0wCapcw/edit#gid=1521895812;https://docs.google.com/spreadsheets/d/1B2uTMvWlAHb7WlpupJV1A2Hbi3K3U1vCyoFV0wCapcw/edit#gid=1846395979;https://docs.google.com/spreadsheets/d/1B2uTMvWlAHb7WlpupJV1A2Hbi3K3U1vCyoFV0wCapcw/edit#gid=26363830;https://docs.google.com/spreadsheets/d/1FUsClf5qEny-BHY5Djp8rIwRJKBSJDvygJ8LBa62FEo/edit#gid=0;https://docs.google.com/spreadsheets/d/1JZpA-5XDldN2bjfvhvBPHYK-1AENETLnF1UxNEpWlNA/edit#gid=352888197;https://docs.google.com/spreadsheets/d/1kiwDk4NgYoKb0Oo9yqzwl9HXHxuQ_0I5gkb1JtE57PI/edit#gid=0;https://docs.google.com/spreadsheets/d/1n9SmK-ccTCn8Jjhs4U2LKnibXY8PvuBtV3V9MCOURRA/edit#gid=0;https://docs.google.com/spreadsheets/d/1nwiq_ggEj7QePeZGMR2xoi0bEHJr_ZGO24YCRdt93No/edit#gid=857670931;https://docs.google.com/spreadsheets/d/1odsNRAZStW1GzmpXwmg27dqjOlch7w8syZOZ5Z2OQRg/edit#gid=0;https://docs.google.com/spreadsheets/d/1uo7-E_E2jbehB2hbBurpPayP_0fKY5sPZcFgZmfLydY/edit#gid=1526488506;https://docs.google.com/spreadsheets/d/1uo7-E_E2jbehB2hbBurpPayP_0fKY5sPZcFgZmfLydY/edit#gid=1696255979;https://docs.google.com/spreadsheets/d/1uo7-E_E2jbehB2hbBurpPayP_0fKY5sPZcFgZmfLydY/edit#gid=520178140;https://docs.google.com/spreadsheets/d/1vJ-pioe3RZKSZ3LIGEA3FVTv_KEE_XKIQAXSIUNNd-Q/edit#gid=0;https://raw.githubusercontent.com/PokeAPI/pokeapi/master/data/v2/csv/languages.csv;https://raw.githubusercontent.com/PokeAPI/pokeapi/master/data/v2/csv/pokemon.csv;https://raw.githubusercontent.com/PokeAPI/pokeapi/master/data/v2/csv/pokemon_form_names.csv;https://raw.githubusercontent.com/PokeAPI/pokeapi/master/data/v2/csv/pokemon_forms.csv;https://raw.githubusercontent.com/PokeAPI/pokeapi/master/data/v2/csv/pokemon_species_names.csv;output/team-graphics/s3/GPL Teams Spieltag 14 (1).jpg;output/team-graphics/s3/GPL Teams Spieltag 14 (2).jpg;output/team-graphics/s4/Prekani - PresentLP.png;output/team-graphics/s4/Ritter der Tapukokosnuss - FullLifeGames.png;output/team-graphics/s5/Prekani.png;output/team-graphics/s5/SoulStealer.png
season_004,Regular Season,hinrunde,CaptainCrinch,Suicide Squad,9,76.4,75.1,75.1,81.8,"Rabigator, Gastrodon, Fiaro, Entei, Cresselia, Kapoera",data/manual/pokemon_killlists.csv;data/manual/team_pokemon_usage.csv;https://docs.google.com/spreadsheets/d/11wxsKyCydVmDjp4kGLJAOLPM_LgwCLN2GYpbDQkNtkk/edit#gid=1588964432;https://docs.google.com/spreadsheets/d/11wxsKyCydVmDjp4kGLJAOLPM_LgwCLN2GYpbDQkNtkk/edit#gid=1843013406;https://docs.google.com/spreadsheets/d/11wxsKyCydVmDjp4kGLJAOLPM_LgwCLN2GYpbDQkNtkk/edit#gid=654435343;https://docs.google.com/spreadsheets/d/13smsrG2BGYxr_omJWcgr-sUDr39bvOJPNL5RPt4DSow/edit#gid=1934543062;https://docs.google.com/spreadsheets/d/13smsrG2BGYxr_omJWcgr-sUDr39bvOJPNL5RPt4DSow/edit#gid=1953790464;https://docs.google.com/spreadsheets/d/13smsrG2BGYxr_omJWcgr-sUDr39bvOJPNL5RPt4DSow/edit#gid=71150222;https://docs.google.com/spreadsheets/d/1B2uTMvWlAHb7WlpupJV1A2Hbi3K3U1vCyoFV0wCapcw/edit#gid=1271313224;https://docs.google.com/spreadsheets/d/1B2uTMvWlAHb7WlpupJV1A2Hbi3K3U1vCyoFV0wCapcw/edit#gid=1521895812;https://docs.google.com/spreadsheets/d/1B2uTMvWlAHb7WlpupJV1A2Hbi3K3U1vCyoFV0wCapcw/edit#gid=1846395979;https://docs.google.com/spreadsheets/d/1B2uTMvWlAHb7WlpupJV1A2Hbi3K3U1vCyoFV0wCapcw/edit#gid=26363830;https://docs.google.com/spreadsheets/d/1FUsClf5qEny-BHY5Djp8rIwRJKBSJDvygJ8LBa62FEo/edit#gid=0;https://docs.google.com/spreadsheets/d/1JZpA-5XDldN2bjfvhvBPHYK-1AENETLnF1UxNEpWlNA/edit#gid=352888197;https://docs.google.com/spreadsheets/d/1kXhNwKGrqQTwSal0NxpZ9h0yo6u_mQwhwg4vGVwxMX4/edit#gid=0;https://docs.google.com/spreadsheets/d/1kiwDk4NgYoKb0Oo9yqzwl9HXHxuQ_0I5gkb1JtE57PI/edit#gid=0;https://docs.google.com/spreadsheets/d/1n9SmK-ccTCn8Jjhs4U2LKnibXY8PvuBtV3V9MCOURRA/edit#gid=0;https://docs.google.com/spreadsheets/d/1odsNRAZStW1GzmpXwmg27dqjOlch7w8syZOZ5Z2OQRg/edit#gid=0;https://docs.google.com/spreadsheets/d/1uo7-E_E2jbehB2hbBurpPayP_0fKY5sPZcFgZmfLydY/edit#gid=1526488506;https://docs.google.com/spreadsheets/d/1uo7-E_E2jbehB2hbBurpPayP_0fKY5sPZcFgZmfLydY/edit#gid=1696255979;https://docs.google.com/spreadsheets/d/1uo7-E_E2jbehB2hbBurpPayP_0fKY5sPZcFgZmfLydY/edit#gid=520178140;https://docs.google.com/spreadsheets/d/1vJ-pioe3RZKSZ3LIGEA3FVTv_KEE_XKIQAXSIUNNd-Q/edit#gid=0;https://raw.githubusercontent.com/PokeAPI/pokeapi/master/data/v2/csv/languages.csv;https://raw.githubusercontent.com/PokeAPI/pokeapi/master/data/v2/csv/pokemon.csv;https://raw.githubusercontent.com/PokeAPI/pokeapi/master/data/v2/csv/pokemon_form_names.csv;https://raw.githubusercontent.com/PokeAPI/pokeapi/master/data/v2/csv/pokemon_forms.csv;https://raw.githubusercontent.com/PokeAPI/pokeapi/master/data/v2/csv/pokemon_species_names.csv;output/team-graphics/s3/GPL Teams Spieltag 14 (1).jpg;output/team-graphics/s3/GPL Teams Spieltag 14 (2).jpg;output/team-graphics/s4/Suicide Squad - CaptainCrinch.png;output/team-graphics/s5/Energie Tobutz.png;output/team-graphics/s5/Marvelous Speedsters.png;output/team-graphics/s5/Prekani.png
season_009,Singles,rueckrunde,Barry D. Sin of Speed,Akatsuki Amphibianz,11,76.4,70.5,70.5,100,"Knakrack, Panzaeron, Primarene, Gengar, Vesprit, Raichu",data/manual/pokemon_killlists.csv;data/manual/team_pokemon_usage.csv;https://docs.google.com/spreadsheets/d/11wxsKyCydVmDjp4kGLJAOLPM_LgwCLN2GYpbDQkNtkk/edit#gid=1588964432;https://docs.google.com/spreadsheets/d/11wxsKyCydVmDjp4kGLJAOLPM_LgwCLN2GYpbDQkNtkk/edit#gid=1843013406;https://docs.google.com/spreadsheets/d/11wxsKyCydVmDjp4kGLJAOLPM_LgwCLN2GYpbDQkNtkk/edit#gid=654435343;https://docs.google.com/spreadsheets/d/13smsrG2BGYxr_omJWcgr-sUDr39bvOJPNL5RPt4DSow/edit#gid=1934543062;https://docs.google.com/spreadsheets/d/13smsrG2BGYxr_omJWcgr-sUDr39bvOJPNL5RPt4DSow/edit#gid=1953790464;https://docs.google.com/spreadsheets/d/13smsrG2BGYxr_omJWcgr-sUDr39bvOJPNL5RPt4DSow/edit#gid=71150222;https://docs.google.com/spreadsheets/d/1B2uTMvWlAHb7WlpupJV1A2Hbi3K3U1vCyoFV0wCapcw/edit#gid=1271313224;https://docs.google.com/spreadsheets/d/1B2uTMvWlAHb7WlpupJV1A2Hbi3K3U1vCyoFV0wCapcw/edit#gid=1521895812;https://docs.google.com/spreadsheets/d/1B2uTMvWlAHb7WlpupJV1A2Hbi3K3U1vCyoFV0wCapcw/edit#gid=1846395979;https://docs.google.com/spreadsheets/d/1B2uTMvWlAHb7WlpupJV1A2Hbi3K3U1vCyoFV0wCapcw/edit#gid=26363830;https://docs.google.com/spreadsheets/d/1FUsClf5qEny-BHY5Djp8rIwRJKBSJDvygJ8LBa62FEo/edit#gid=0;https://docs.google.com/spreadsheets/d/1JZpA-5XDldN2bjfvhvBPHYK-1AENETLnF1UxNEpWlNA/edit#gid=352888197;https://docs.google.com/spreadsheets/d/1n9SmK-ccTCn8Jjhs4U2LKnibXY8PvuBtV3V9MCOURRA/edit#gid=0;https://docs.google.com/spreadsheets/d/1nwiq_ggEj7QePeZGMR2xoi0bEHJr_ZGO24YCRdt93No/edit#gid=857670931;https://docs.google.com/spreadsheets/d/1odsNRAZStW1GzmpXwmg27dqjOlch7w8syZOZ5Z2OQRg/edit#gid=0;https://docs.google.com/spreadsheets/d/1uo7-E_E2jbehB2hbBurpPayP_0fKY5sPZcFgZmfLydY/edit#gid=1526488506;https://docs.google.com/spreadsheets/d/1uo7-E_E2jbehB2hbBurpPayP_0fKY5sPZcFgZmfLydY/edit#gid=1696255979;https://docs.google.com/spreadsheets/d/1uo7-E_E2jbehB2hbBurpPayP_0fKY5sPZcFgZmfLydY/edit#gid=1992807502;https://docs.google.com/spreadsheets/d/1uo7-E_E2jbehB2hbBurpPayP_0fKY5sPZcFgZmfLydY/edit#gid=520178140;https://docs.google.com/spreadsheets/d/1uo7-E_E2jbehB2hbBurpPayP_0fKY5sPZcFgZmfLydY/edit#gid=754790791;https://docs.google.com/spreadsheets/d/1vJ-pioe3RZKSZ3LIGEA3FVTv_KEE_XKIQAXSIUNNd-Q/edit#gid=0;https://raw.githubusercontent.com/PokeAPI/pokeapi/master/data/v2/csv/languages.csv;https://raw.githubusercontent.com/PokeAPI/pokeapi/master/data/v2/csv/pokemon.csv;https://raw.githubusercontent.com/PokeAPI/pokeapi/master/data/v2/csv/pokemon_form_names.csv;https://raw.githubusercontent.com/PokeAPI/pokeapi/master/data/v2/csv/pokemon_forms.csv;https://raw.githubusercontent.com/PokeAPI/pokeapi/master/data/v2/csv/pokemon_species_names.csv;output/team-graphics/s3/GPL Teams Spieltag 14 (1).jpg;output/team-graphics/s3/GPL Teams Spieltag 14 (2).jpg;output/team-graphics/s4/Enteikutierung - Lauris Enteitainment.png;output/team-graphics/s4/Minetube - Triyolotree.png;output/team-graphics/s4/Prekani - PresentLP.png;output/team-graphics/s5/Aggron Berlin.png;output/team-graphics/s5/Shockwaving Magearnas.png;output/team-graphics/s5/Triyolotree.png
season_009,Doubles,rueckrunde,Minetube,Akatsuki Amphibianz,11,76.4,70.5,70.5,100,"Knakrack, Panzaeron, Primarene, Gengar, Vesprit, Raichu",data/manual/pokemon_killlists.csv;data/manual/team_pokemon_usage.csv;https://docs.google.com/spreadsheets/d/11wxsKyCydVmDjp4kGLJAOLPM_LgwCLN2GYpbDQkNtkk/edit#gid=1588964432;https://docs.google.com/spreadsheets/d/11wxsKyCydVmDjp4kGLJAOLPM_LgwCLN2GYpbDQkNtkk/edit#gid=1843013406;https://docs.google.com/spreadsheets/d/11wxsKyCydVmDjp4kGLJAOLPM_LgwCLN2GYpbDQkNtkk/edit#gid=654435343;https://docs.google.com/spreadsheets/d/13smsrG2BGYxr_omJWcgr-sUDr39bvOJPNL5RPt4DSow/edit#gid=1934543062;https://docs.google.com/spreadsheets/d/13smsrG2BGYxr_omJWcgr-sUDr39bvOJPNL5RPt4DSow/edit#gid=1953790464;https://docs.google.com/spreadsheets/d/13smsrG2BGYxr_omJWcgr-sUDr39bvOJPNL5RPt4DSow/edit#gid=71150222;https://docs.google.com/spreadsheets/d/1B2uTMvWlAHb7WlpupJV1A2Hbi3K3U1vCyoFV0wCapcw/edit#gid=1271313224;https://docs.google.com/spreadsheets/d/1B2uTMvWlAHb7WlpupJV1A2Hbi3K3U1vCyoFV0wCapcw/edit#gid=1521895812;https://docs.google.com/spreadsheets/d/1B2uTMvWlAHb7WlpupJV1A2Hbi3K3U1vCyoFV0wCapcw/edit#gid=1846395979;https://docs.google.com/spreadsheets/d/1B2uTMvWlAHb7WlpupJV1A2Hbi3K3U1vCyoFV0wCapcw/edit#gid=26363830;https://docs.google.com/spreadsheets/d/1FUsClf5qEny-BHY5Djp8rIwRJKBSJDvygJ8LBa62FEo/edit#gid=0;https://docs.google.com/spreadsheets/d/1JZpA-5XDldN2bjfvhvBPHYK-1AENETLnF1UxNEpWlNA/edit#gid=352888197;https://docs.google.com/spreadsheets/d/1n9SmK-ccTCn8Jjhs4U2LKnibXY8PvuBtV3V9MCOURRA/edit#gid=0;https://docs.google.com/spreadsheets/d/1nwiq_ggEj7QePeZGMR2xoi0bEHJr_ZGO24YCRdt93No/edit#gid=857670931;https://docs.google.com/spreadsheets/d/1odsNRAZStW1GzmpXwmg27dqjOlch7w8syZOZ5Z2OQRg/edit#gid=0;https://docs.google.com/spreadsheets/d/1uo7-E_E2jbehB2hbBurpPayP_0fKY5sPZcFgZmfLydY/edit#gid=1526488506;https://docs.google.com/spreadsheets/d/1uo7-E_E2jbehB2hbBurpPayP_0fKY5sPZcFgZmfLydY/edit#gid=1696255979;https://docs.google.com/spreadsheets/d/1uo7-E_E2jbehB2hbBurpPayP_0fKY5sPZcFgZmfLydY/edit#gid=1992807502;https://docs.google.com/spreadsheets/d/1uo7-E_E2jbehB2hbBurpPayP_0fKY5sPZcFgZmfLydY/edit#gid=520178140;https://docs.google.com/spreadsheets/d/1uo7-E_E2jbehB2hbBurpPayP_0fKY5sPZcFgZmfLydY/edit#gid=754790791;https://docs.google.com/spreadsheets/d/1vJ-pioe3RZKSZ3LIGEA3FVTv_KEE_XKIQAXSIUNNd-Q/edit#gid=0;https://raw.githubusercontent.com/PokeAPI/pokeapi/master/data/v2/csv/languages.csv;https://raw.githubusercontent.com/PokeAPI/pokeapi/master/data/v2/csv/pokemon.csv;https://raw.githubusercontent.com/PokeAPI/pokeapi/master/data/v2/csv/pokemon_form_names.csv;https://raw.githubusercontent.com/PokeAPI/pokeapi/master/data/v2/csv/pokemon_forms.csv;https://raw.githubusercontent.com/PokeAPI/pokeapi/master/data/v2/csv/pokemon_species_names.csv;output/team-graphics/s3/GPL Teams Spieltag 14 (1).jpg;output/team-graphics/s3/GPL Teams Spieltag 14 (2).jpg;output/team-graphics/s4/Enteikutierung - Lauris Enteitainment.png;output/team-graphics/s4/Minetube - Triyolotree.png;output/team-graphics/s4/Prekani - PresentLP.png;output/team-graphics/s5/Aggron Berlin.png;output/team-graphics/s5/Shockwaving Magearnas.png;output/team-graphics/s5/Triyolotree.png
season_006,Sun Conference,regular,Hydronic,Grippebärchen,11,76.1,70.1,70.1,100,"Raikou, Metagross, Grypheldis, Fruyal, Feelinara, Pampross",data/manual/pokemon_killlists.csv;data/manual/team_pokemon_usage.csv;https://docs.google.com/spreadsheets/d/11wxsKyCydVmDjp4kGLJAOLPM_LgwCLN2GYpbDQkNtkk/edit#gid=1588964432;https://docs.google.com/spreadsheets/d/11wxsKyCydVmDjp4kGLJAOLPM_LgwCLN2GYpbDQkNtkk/edit#gid=1843013406;https://docs.google.com/spreadsheets/d/11wxsKyCydVmDjp4kGLJAOLPM_LgwCLN2GYpbDQkNtkk/edit#gid=654435343;https://docs.google.com/spreadsheets/d/13smsrG2BGYxr_omJWcgr-sUDr39bvOJPNL5RPt4DSow/edit#gid=1934543062;https://docs.google.com/spreadsheets/d/13smsrG2BGYxr_omJWcgr-sUDr39bvOJPNL5RPt4DSow/edit#gid=1953790464;https://docs.google.com/spreadsheets/d/13smsrG2BGYxr_omJWcgr-sUDr39bvOJPNL5RPt4DSow/edit#gid=71150222;https://docs.google.com/spreadsheets/d/1B2uTMvWlAHb7WlpupJV1A2Hbi3K3U1vCyoFV0wCapcw/edit#gid=1271313224;https://docs.google.com/spreadsheets/d/1B2uTMvWlAHb7WlpupJV1A2Hbi3K3U1vCyoFV0wCapcw/edit#gid=1521895812;https://docs.google.com/spreadsheets/d/1B2uTMvWlAHb7WlpupJV1A2Hbi3K3U1vCyoFV0wCapcw/edit#gid=1846395979;https://docs.google.com/spreadsheets/d/1B2uTMvWlAHb7WlpupJV1A2Hbi3K3U1vCyoFV0wCapcw/edit#gid=26363830;https://docs.google.com/spreadsheets/d/1FUsClf5qEny-BHY5Djp8rIwRJKBSJDvygJ8LBa62FEo/edit#gid=0;https://docs.google.com/spreadsheets/d/1JZpA-5XDldN2bjfvhvBPHYK-1AENETLnF1UxNEpWlNA/edit#gid=352888197;https://docs.google.com/spreadsheets/d/1kiwDk4NgYoKb0Oo9yqzwl9HXHxuQ_0I5gkb1JtE57PI/edit#gid=0;https://docs.google.com/spreadsheets/d/1n9SmK-ccTCn8Jjhs4U2LKnibXY8PvuBtV3V9MCOURRA/edit#gid=0;https://docs.google.com/spreadsheets/d/1nwiq_ggEj7QePeZGMR2xoi0bEHJr_ZGO24YCRdt93No/edit#gid=857670931;https://docs.google.com/spreadsheets/d/1odsNRAZStW1GzmpXwmg27dqjOlch7w8syZOZ5Z2OQRg/edit#gid=0;https://docs.google.com/spreadsheets/d/1uo7-E_E2jbehB2hbBurpPayP_0fKY5sPZcFgZmfLydY/edit#gid=1526488506;https://docs.google.com/spreadsheets/d/1uo7-E_E2jbehB2hbBurpPayP_0fKY5sPZcFgZmfLydY/edit#gid=1696255979;https://docs.google.com/spreadsheets/d/1uo7-E_E2jbehB2hbBurpPayP_0fKY5sPZcFgZmfLydY/edit#gid=520178140;https://docs.google.com/spreadsheets/d/1vJ-pioe3RZKSZ3LIGEA3FVTv_KEE_XKIQAXSIUNNd-Q/edit#gid=0;https://raw.githubusercontent.com/PokeAPI/pokeapi/master/data/v2/csv/languages.csv;https://raw.githubusercontent.com/PokeAPI/pokeapi/master/data/v2/csv/pokemon.csv;https://raw.githubusercontent.com/PokeAPI/pokeapi/master/data/v2/csv/pokemon_form_names.csv;https://raw.githubusercontent.com/PokeAPI/pokeapi/master/data/v2/csv/pokemon_forms.csv;https://raw.githubusercontent.com/PokeAPI/pokeapi/master/data/v2/csv/pokemon_species_names.csv;output/team-graphics/s3/GPL Teams Spieltag 14 (2).jpg;output/team-graphics/s4/Enteikutierung - Lauris Enteitainment.png;output/team-graphics/s4/Slicing Knights - Cabgolord.png;output/team-graphics/s5/Cabgosport.png;output/team-graphics/s5/Victini Bottom.png
season_006,Moon Conference,regular,Bene,Kleinsteins;Gate,11,75.4,69.3,69.3,100,"Rotom, Panferno, Gastrodon, Forstellka, Bronzong, Tandrak",data/manual/pokemon_killlists.csv;data/manual/team_pokemon_usage.csv;https://docs.google.com/spreadsheets/d/11wxsKyCydVmDjp4kGLJAOLPM_LgwCLN2GYpbDQkNtkk/edit#gid=1588964432;https://docs.google.com/spreadsheets/d/11wxsKyCydVmDjp4kGLJAOLPM_LgwCLN2GYpbDQkNtkk/edit#gid=1843013406;https://docs.google.com/spreadsheets/d/13smsrG2BGYxr_omJWcgr-sUDr39bvOJPNL5RPt4DSow/edit#gid=1934543062;https://docs.google.com/spreadsheets/d/13smsrG2BGYxr_omJWcgr-sUDr39bvOJPNL5RPt4DSow/edit#gid=71150222;https://docs.google.com/spreadsheets/d/1B2uTMvWlAHb7WlpupJV1A2Hbi3K3U1vCyoFV0wCapcw/edit#gid=1271313224;https://docs.google.com/spreadsheets/d/1B2uTMvWlAHb7WlpupJV1A2Hbi3K3U1vCyoFV0wCapcw/edit#gid=1521895812;https://docs.google.com/spreadsheets/d/1B2uTMvWlAHb7WlpupJV1A2Hbi3K3U1vCyoFV0wCapcw/edit#gid=1846395979;https://docs.google.com/spreadsheets/d/1B2uTMvWlAHb7WlpupJV1A2Hbi3K3U1vCyoFV0wCapcw/edit#gid=26363830;https://docs.google.com/spreadsheets/d/1FUsClf5qEny-BHY5Djp8rIwRJKBSJDvygJ8LBa62FEo/edit#gid=0;https://docs.google.com/spreadsheets/d/1JZpA-5XDldN2bjfvhvBPHYK-1AENETLnF1UxNEpWlNA/edit#gid=352888197;https://docs.google.com/spreadsheets/d/1kiwDk4NgYoKb0Oo9yqzwl9HXHxuQ_0I5gkb1JtE57PI/edit#gid=0;https://docs.google.com/spreadsheets/d/1n9SmK-ccTCn8Jjhs4U2LKnibXY8PvuBtV3V9MCOURRA/edit#gid=0;https://docs.google.com/spreadsheets/d/1nwiq_ggEj7QePeZGMR2xoi0bEHJr_ZGO24YCRdt93No/edit#gid=857670931;https://docs.google.com/spreadsheets/d/1odsNRAZStW1GzmpXwmg27dqjOlch7w8syZOZ5Z2OQRg/edit#gid=0;https://docs.google.com/spreadsheets/d/1uo7-E_E2jbehB2hbBurpPayP_0fKY5sPZcFgZmfLydY/edit#gid=1526488506;https://docs.google.com/spreadsheets/d/1uo7-E_E2jbehB2hbBurpPayP_0fKY5sPZcFgZmfLydY/edit#gid=1696255979;https://docs.google.com/spreadsheets/d/1uo7-E_E2jbehB2hbBurpPayP_0fKY5sPZcFgZmfLydY/edit#gid=520178140;https://docs.google.com/spreadsheets/d/1vJ-pioe3RZKSZ3LIGEA3FVTv_KEE_XKIQAXSIUNNd-Q/edit#gid=0;https://raw.githubusercontent.com/PokeAPI/pokeapi/master/data/v2/csv/languages.csv;https://raw.githubusercontent.com/PokeAPI/pokeapi/master/data/v2/csv/pokemon.csv;https://raw.githubusercontent.com/PokeAPI/pokeapi/master/data/v2/csv/pokemon_form_names.csv;https://raw.githubusercontent.com/PokeAPI/pokeapi/master/data/v2/csv/pokemon_forms.csv;https://raw.githubusercontent.com/PokeAPI/pokeapi/master/data/v2/csv/pokemon_species_names.csv;output/team-graphics/s3/GPL Teams Spieltag 14 (1).jpg;output/team-graphics/s3/GPL Teams Spieltag 14 (2).jpg;output/team-graphics/s4/Ritter der Tapukokosnuss - FullLifeGames.png;output/team-graphics/s4/Schnittlauchs - PokeBazi.png;output/team-graphics/s4/Suicide Squad - CaptainCrinch.png;output/team-graphics/s5/Energie Tobutz.png;output/team-graphics/s5/Howling Commandos.png;output/team-graphics/s5/Marvelous Speedsters.png
season_008,Liga 2,hinrunde,BlackLink,Abyssal Nightmare,11,75.4,69.3,69.3,100,"Heatran, Rabigator, Latias, Feelinara, Deponitox, Apoquallyp",data/manual/pokemon_killlists.csv;data/manual/team_pokemon_usage.csv;https://docs.google.com/spreadsheets/d/11wxsKyCydVmDjp4kGLJAOLPM_LgwCLN2GYpbDQkNtkk/edit#gid=1588964432;https://docs.google.com/spreadsheets/d/11wxsKyCydVmDjp4kGLJAOLPM_LgwCLN2GYpbDQkNtkk/edit#gid=1843013406;https://docs.google.com/spreadsheets/d/11wxsKyCydVmDjp4kGLJAOLPM_LgwCLN2GYpbDQkNtkk/edit#gid=654435343;https://docs.google.com/spreadsheets/d/13smsrG2BGYxr_omJWcgr-sUDr39bvOJPNL5RPt4DSow/edit#gid=1934543062;https://docs.google.com/spreadsheets/d/13smsrG2BGYxr_omJWcgr-sUDr39bvOJPNL5RPt4DSow/edit#gid=1953790464;https://docs.google.com/spreadsheets/d/13smsrG2BGYxr_omJWcgr-sUDr39bvOJPNL5RPt4DSow/edit#gid=71150222;https://docs.google.com/spreadsheets/d/1B2uTMvWlAHb7WlpupJV1A2Hbi3K3U1vCyoFV0wCapcw/edit#gid=1271313224;https://docs.google.com/spreadsheets/d/1B2uTMvWlAHb7WlpupJV1A2Hbi3K3U1vCyoFV0wCapcw/edit#gid=1521895812;https://docs.google.com/spreadsheets/d/1B2uTMvWlAHb7WlpupJV1A2Hbi3K3U1vCyoFV0wCapcw/edit#gid=1846395979;https://docs.google.com/spreadsheets/d/1B2uTMvWlAHb7WlpupJV1A2Hbi3K3U1vCyoFV0wCapcw/edit#gid=26363830;https://docs.google.com/spreadsheets/d/1FUsClf5qEny-BHY5Djp8rIwRJKBSJDvygJ8LBa62FEo/edit#gid=0;https://docs.google.com/spreadsheets/d/1JZpA-5XDldN2bjfvhvBPHYK-1AENETLnF1UxNEpWlNA/edit#gid=352888197;https://docs.google.com/spreadsheets/d/1kiwDk4NgYoKb0Oo9yqzwl9HXHxuQ_0I5gkb1JtE57PI/edit#gid=0;https://docs.google.com/spreadsheets/d/1n9SmK-ccTCn8Jjhs4U2LKnibXY8PvuBtV3V9MCOURRA/edit#gid=0;https://docs.google.com/spreadsheets/d/1nwiq_ggEj7QePeZGMR2xoi0bEHJr_ZGO24YCRdt93No/edit#gid=857670931;https://docs.google.com/spreadsheets/d/1odsNRAZStW1GzmpXwmg27dqjOlch7w8syZOZ5Z2OQRg/edit#gid=0;https://docs.google.com/spreadsheets/d/1uo7-E_E2jbehB2hbBurpPayP_0fKY5sPZcFgZmfLydY/edit#gid=1526488506;https://docs.google.com/spreadsheets/d/1uo7-E_E2jbehB2hbBurpPayP_0fKY5sPZcFgZmfLydY/edit#gid=1696255979;https://docs.google.com/spreadsheets/d/1uo7-E_E2jbehB2hbBurpPayP_0fKY5sPZcFgZmfLydY/edit#gid=520178140;https://docs.google.com/spreadsheets/d/1vJ-pioe3RZKSZ3LIGEA3FVTv_KEE_XKIQAXSIUNNd-Q/edit#gid=0;https://raw.githubusercontent.com/PokeAPI/pokeapi/master/data/v2/csv/languages.csv;https://raw.githubusercontent.com/PokeAPI/pokeapi/master/data/v2/csv/pokemon.csv;https://raw.githubusercontent.com/PokeAPI/pokeapi/master/data/v2/csv/pokemon_form_names.csv;https://raw.githubusercontent.com/PokeAPI/pokeapi/master/data/v2/csv/pokemon_forms.csv;https://raw.githubusercontent.com/PokeAPI/pokeapi/master/data/v2/csv/pokemon_species_names.csv;output/team-graphics/s3/GPL Teams Spieltag 14 (1).jpg;output/team-graphics/s3/GPL Teams Spieltag 14 (2).jpg;output/team-graphics/s4/Slicing Knights - Cabgolord.png;output/team-graphics/s4/Suicide Squad - CaptainCrinch.png;output/team-graphics/s4/Surstars - SurskitTV.png;output/team-graphics/s5/Cabgosport.png;output/team-graphics/s5/Energie Tobutz.png;output/team-graphics/s5/Prekani.png
season_010,Regular Season,regular,RobinVGC,Choice Bandits,11,75.0,68.8,68.8,100,"Latios, Raikou, Rabigator, Aggrostella, Registeel, Montecarbo",data/manual/pokemon_killlists.csv;data/manual/team_pokemon_usage.csv;https://docs.google.com/spreadsheets/d/11wxsKyCydVmDjp4kGLJAOLPM_LgwCLN2GYpbDQkNtkk/edit#gid=1588964432;https://docs.google.com/spreadsheets/d/11wxsKyCydVmDjp4kGLJAOLPM_LgwCLN2GYpbDQkNtkk/edit#gid=1843013406;https://docs.google.com/spreadsheets/d/11wxsKyCydVmDjp4kGLJAOLPM_LgwCLN2GYpbDQkNtkk/edit#gid=654435343;https://docs.google.com/spreadsheets/d/13smsrG2BGYxr_omJWcgr-sUDr39bvOJPNL5RPt4DSow/edit#gid=1465731937;https://docs.google.com/spreadsheets/d/13smsrG2BGYxr_omJWcgr-sUDr39bvOJPNL5RPt4DSow/edit#gid=1934543062;https://docs.google.com/spreadsheets/d/13smsrG2BGYxr_omJWcgr-sUDr39bvOJPNL5RPt4DSow/edit#gid=71150222;https://docs.google.com/spreadsheets/d/1B2uTMvWlAHb7WlpupJV1A2Hbi3K3U1vCyoFV0wCapcw/edit#gid=1271313224;https://docs.google.com/spreadsheets/d/1B2uTMvWlAHb7WlpupJV1A2Hbi3K3U1vCyoFV0wCapcw/edit#gid=1521895812;https://docs.google.com/spreadsheets/d/1B2uTMvWlAHb7WlpupJV1A2Hbi3K3U1vCyoFV0wCapcw/edit#gid=1846395979;https://docs.google.com/spreadsheets/d/1B2uTMvWlAHb7WlpupJV1A2Hbi3K3U1vCyoFV0wCapcw/edit#gid=26363830;https://docs.google.com/spreadsheets/d/1FUsClf5qEny-BHY5Djp8rIwRJKBSJDvygJ8LBa62FEo/edit#gid=0;https://docs.google.com/spreadsheets/d/1JZpA-5XDldN2bjfvhvBPHYK-1AENETLnF1UxNEpWlNA/edit#gid=352888197;https://docs.google.com/spreadsheets/d/1nwiq_ggEj7QePeZGMR2xoi0bEHJr_ZGO24YCRdt93No/edit#gid=857670931;https://docs.google.com/spreadsheets/d/1odsNRAZStW1GzmpXwmg27dqjOlch7w8syZOZ5Z2OQRg/edit#gid=0;https://docs.google.com/spreadsheets/d/1uo7-E_E2jbehB2hbBurpPayP_0fKY5sPZcFgZmfLydY/edit#gid=1526488506;https://docs.google.com/spreadsheets/d/1uo7-E_E2jbehB2hbBurpPayP_0fKY5sPZcFgZmfLydY/edit#gid=1696255979;https://docs.google.com/spreadsheets/d/1uo7-E_E2jbehB2hbBurpPayP_0fKY5sPZcFgZmfLydY/edit#gid=520178140;https://docs.google.com/spreadsheets/d/1vJ-pioe3RZKSZ3LIGEA3FVTv_KEE_XKIQAXSIUNNd-Q/edit#gid=0;https://raw.githubusercontent.com/PokeAPI/pokeapi/master/data/v2/csv/languages.csv;https://raw.githubusercontent.com/PokeAPI/pokeapi/master/data/v2/csv/pokemon.csv;https://raw.githubusercontent.com/PokeAPI/pokeapi/master/data/v2/csv/pokemon_form_names.csv;https://raw.githubusercontent.com/PokeAPI/pokeapi/master/data/v2/csv/pokemon_forms.csv;https://raw.githubusercontent.com/PokeAPI/pokeapi/master/data/v2/csv/pokemon_species_names.csv;output/team-graphics/s3/GPL Teams Spieltag 14 (1).jpg;output/team-graphics/s4/Suicide Squad - CaptainCrinch.png;output/team-graphics/s4/Variant Vulpix - CrowdController.png;output/team-graphics/s5/Energie Tobutz.png;output/team-graphics/s5/Victini Bottom.png
season_005,Liga 1,rueckrunde,Cabgolord,Cabgosport,16,74.6,68.3,68.3,100,"Kyurem, Sumpex, Fruyal, Feelinara, Donphan, Porygon2",data/manual/pokemon_killlists.csv;data/manual/team_pokemon_usage.csv;https://docs.google.com/spreadsheets/d/11wxsKyCydVmDjp4kGLJAOLPM_LgwCLN2GYpbDQkNtkk/edit#gid=1588964432;https://docs.google.com/spreadsheets/d/11wxsKyCydVmDjp4kGLJAOLPM_LgwCLN2GYpbDQkNtkk/edit#gid=1843013406;https://docs.google.com/spreadsheets/d/11wxsKyCydVmDjp4kGLJAOLPM_LgwCLN2GYpbDQkNtkk/edit#gid=654435343;https://docs.google.com/spreadsheets/d/13smsrG2BGYxr_omJWcgr-sUDr39bvOJPNL5RPt4DSow/edit#gid=1934543062;https://docs.google.com/spreadsheets/d/13smsrG2BGYxr_omJWcgr-sUDr39bvOJPNL5RPt4DSow/edit#gid=1953790464;https://docs.google.com/spreadsheets/d/13smsrG2BGYxr_omJWcgr-sUDr39bvOJPNL5RPt4DSow/edit#gid=71150222;https://docs.google.com/spreadsheets/d/1B2uTMvWlAHb7WlpupJV1A2Hbi3K3U1vCyoFV0wCapcw/edit#gid=1271313224;https://docs.google.com/spreadsheets/d/1B2uTMvWlAHb7WlpupJV1A2Hbi3K3U1vCyoFV0wCapcw/edit#gid=1521895812;https://docs.google.com/spreadsheets/d/1B2uTMvWlAHb7WlpupJV1A2Hbi3K3U1vCyoFV0wCapcw/edit#gid=1846395979;https://docs.google.com/spreadsheets/d/1B2uTMvWlAHb7WlpupJV1A2Hbi3K3U1vCyoFV0wCapcw/edit#gid=26363830;https://docs.google.com/spreadsheets/d/1FUsClf5qEny-BHY5Djp8rIwRJKBSJDvygJ8LBa62FEo/edit#gid=0;https://docs.google.com/spreadsheets/d/1JZpA-5XDldN2bjfvhvBPHYK-1AENETLnF1UxNEpWlNA/edit#gid=352888197;https://docs.google.com/spreadsheets/d/1kiwDk4NgYoKb0Oo9yqzwl9HXHxuQ_0I5gkb1JtE57PI/edit#gid=0;https://docs.google.com/spreadsheets/d/1n9SmK-ccTCn8Jjhs4U2LKnibXY8PvuBtV3V9MCOURRA/edit#gid=0;https://docs.google.com/spreadsheets/d/1nwiq_ggEj7QePeZGMR2xoi0bEHJr_ZGO24YCRdt93No/edit#gid=857670931;https://docs.google.com/spreadsheets/d/1odsNRAZStW1GzmpXwmg27dqjOlch7w8syZOZ5Z2OQRg/edit#gid=0;https://docs.google.com/spreadsheets/d/1uo7-E_E2jbehB2hbBurpPayP_0fKY5sPZcFgZmfLydY/edit#gid=1526488506;https://docs.google.com/spreadsheets/d/1uo7-E_E2jbehB2hbBurpPayP_0fKY5sPZcFgZmfLydY/edit#gid=1696255979;https://docs.google.com/spreadsheets/d/1uo7-E_E2jbehB2hbBurpPayP_0fKY5sPZcFgZmfLydY/edit#gid=520178140;https://docs.google.com/spreadsheets/d/1vJ-pioe3RZKSZ3LIGEA3FVTv_KEE_XKIQAXSIUNNd-Q/edit#gid=0;https://raw.githubusercontent.com/PokeAPI/pokeapi/master/data/v2/csv/languages.csv;https://raw.githubusercontent.com/PokeAPI/pokeapi/master/data/v2/csv/pokemon.csv;https://raw.githubusercontent.com/PokeAPI/pokeapi/master/data/v2/csv/pokemon_form_names.csv;https://raw.githubusercontent.com/PokeAPI/pokeapi/master/data/v2/csv/pokemon_forms.csv;https://raw.githubusercontent.com/PokeAPI/pokeapi/master/data/v2/csv/pokemon_species_names.csv;output/team-graphics/s3/GPL Teams Spieltag 14 (2).jpg;output/team-graphics/s4/Enteikutierung - Lauris Enteitainment.png;output/team-graphics/s4/Shocking Shaymins - MeLevies.png;output/team-graphics/s4/Slicing Knights - Cabgolord.png;output/team-graphics/s4/Surstars - SurskitTV.png;output/team-graphics/s4/Variant Vulpix - CrowdController.png;output/team-graphics/s5/Cabgosport.png
season_005,Liga 1,rueckrunde,Bene,Victini Bottom,11,74.5,68.1,68.1,100,"Snibunna, Selfe, Metagross, Lanturn, Florges, Lavados",data/manual/pokemon_killlists.csv;data/manual/team_pokemon_usage.csv;https://docs.google.com/spreadsheets/d/11wxsKyCydVmDjp4kGLJAOLPM_LgwCLN2GYpbDQkNtkk/edit#gid=1588964432;https://docs.google.com/spreadsheets/d/11wxsKyCydVmDjp4kGLJAOLPM_LgwCLN2GYpbDQkNtkk/edit#gid=1843013406;https://docs.google.com/spreadsheets/d/13smsrG2BGYxr_omJWcgr-sUDr39bvOJPNL5RPt4DSow/edit#gid=1934543062;https://docs.google.com/spreadsheets/d/13smsrG2BGYxr_omJWcgr-sUDr39bvOJPNL5RPt4DSow/edit#gid=1953790464;https://docs.google.com/spreadsheets/d/13smsrG2BGYxr_omJWcgr-sUDr39bvOJPNL5RPt4DSow/edit#gid=71150222;https://docs.google.com/spreadsheets/d/1B2uTMvWlAHb7WlpupJV1A2Hbi3K3U1vCyoFV0wCapcw/edit#gid=1271313224;https://docs.google.com/spreadsheets/d/1B2uTMvWlAHb7WlpupJV1A2Hbi3K3U1vCyoFV0wCapcw/edit#gid=1521895812;https://docs.google.com/spreadsheets/d/1B2uTMvWlAHb7WlpupJV1A2Hbi3K3U1vCyoFV0wCapcw/edit#gid=1846395979;https://docs.google.com/spreadsheets/d/1B2uTMvWlAHb7WlpupJV1A2Hbi3K3U1vCyoFV0wCapcw/edit#gid=26363830;https://docs.google.com/spreadsheets/d/1FUsClf5qEny-BHY5Djp8rIwRJKBSJDvygJ8LBa62FEo/edit#gid=0;https://docs.google.com/spreadsheets/d/1JZpA-5XDldN2bjfvhvBPHYK-1AENETLnF1UxNEpWlNA/edit#gid=352888197;https://docs.google.com/spreadsheets/d/1kiwDk4NgYoKb0Oo9yqzwl9HXHxuQ_0I5gkb1JtE57PI/edit#gid=0;https://docs.google.com/spreadsheets/d/1n9SmK-ccTCn8Jjhs4U2LKnibXY8PvuBtV3V9MCOURRA/edit#gid=0;https://docs.google.com/spreadsheets/d/1nwiq_ggEj7QePeZGMR2xoi0bEHJr_ZGO24YCRdt93No/edit#gid=857670931;https://docs.google.com/spreadsheets/d/1odsNRAZStW1GzmpXwmg27dqjOlch7w8syZOZ5Z2OQRg/edit#gid=0;https://docs.google.com/spreadsheets/d/1uo7-E_E2jbehB2hbBurpPayP_0fKY5sPZcFgZmfLydY/edit#gid=1526488506;https://docs.google.com/spreadsheets/d/1uo7-E_E2jbehB2hbBurpPayP_0fKY5sPZcFgZmfLydY/edit#gid=1696255979;https://docs.google.com/spreadsheets/d/1uo7-E_E2jbehB2hbBurpPayP_0fKY5sPZcFgZmfLydY/edit#gid=520178140;https://docs.google.com/spreadsheets/d/1vJ-pioe3RZKSZ3LIGEA3FVTv_KEE_XKIQAXSIUNNd-Q/edit#gid=0;https://raw.githubusercontent.com/PokeAPI/pokeapi/master/data/v2/csv/languages.csv;https://raw.githubusercontent.com/PokeAPI/pokeapi/master/data/v2/csv/pokemon.csv;https://raw.githubusercontent.com/PokeAPI/pokeapi/master/data/v2/csv/pokemon_form_names.csv;https://raw.githubusercontent.com/PokeAPI/pokeapi/master/data/v2/csv/pokemon_forms.csv;https://raw.githubusercontent.com/PokeAPI/pokeapi/master/data/v2/csv/pokemon_species_names.csv;output/team-graphics/s3/GPL Teams Spieltag 14 (1).jpg;output/team-graphics/s3/GPL Teams Spieltag 14 (2).jpg;output/team-graphics/s4/Prekani - PresentLP.png;output/team-graphics/s4/Ritter der Tapukokosnuss - FullLifeGames.png;output/team-graphics/s5/Victini Bottom.png
season_003,Regular Season,rueckrunde,Lauris,Enteigeddon*³ **¹,15,73.7,67.1,67.1,100,"Quajutsu, Laschoking, Milotic, Lucario, Grypheldis, Celebi",data/manual/pokemon_killlists.csv;data/manual/team_pokemon_usage.csv;https://docs.google.com/spreadsheets/d/11wxsKyCydVmDjp4kGLJAOLPM_LgwCLN2GYpbDQkNtkk/edit#gid=1588964432;https://docs.google.com/spreadsheets/d/11wxsKyCydVmDjp4kGLJAOLPM_LgwCLN2GYpbDQkNtkk/edit#gid=1843013406;https://docs.google.com/spreadsheets/d/11wxsKyCydVmDjp4kGLJAOLPM_LgwCLN2GYpbDQkNtkk/edit#gid=654435343;https://docs.google.com/spreadsheets/d/13smsrG2BGYxr_omJWcgr-sUDr39bvOJPNL5RPt4DSow/edit#gid=1934543062;https://docs.google.com/spreadsheets/d/13smsrG2BGYxr_omJWcgr-sUDr39bvOJPNL5RPt4DSow/edit#gid=71150222;https://docs.google.com/spreadsheets/d/1B2uTMvWlAHb7WlpupJV1A2Hbi3K3U1vCyoFV0wCapcw/edit#gid=1271313224;https://docs.google.com/spreadsheets/d/1B2uTMvWlAHb7WlpupJV1A2Hbi3K3U1vCyoFV0wCapcw/edit#gid=1521895812;https://docs.google.com/spreadsheets/d/1B2uTMvWlAHb7WlpupJV1A2Hbi3K3U1vCyoFV0wCapcw/edit#gid=1846395979;https://docs.google.com/spreadsheets/d/1B2uTMvWlAHb7WlpupJV1A2Hbi3K3U1vCyoFV0wCapcw/edit#gid=26363830;https://docs.google.com/spreadsheets/d/1FUsClf5qEny-BHY5Djp8rIwRJKBSJDvygJ8LBa62FEo/edit#gid=0;https://docs.google.com/spreadsheets/d/1JZpA-5XDldN2bjfvhvBPHYK-1AENETLnF1UxNEpWlNA/edit#gid=352888197;https://docs.google.com/spreadsheets/d/1kXhNwKGrqQTwSal0NxpZ9h0yo6u_mQwhwg4vGVwxMX4/edit#gid=0;https://docs.google.com/spreadsheets/d/1kiwDk4NgYoKb0Oo9yqzwl9HXHxuQ_0I5gkb1JtE57PI/edit#gid=0;https://docs.google.com/spreadsheets/d/1n9SmK-ccTCn8Jjhs4U2LKnibXY8PvuBtV3V9MCOURRA/edit#gid=0;https://docs.google.com/spreadsheets/d/1nwiq_ggEj7QePeZGMR2xoi0bEHJr_ZGO24YCRdt93No/edit#gid=857670931;https://docs.google.com/spreadsheets/d/1odsNRAZStW1GzmpXwmg27dqjOlch7w8syZOZ5Z2OQRg/edit#gid=0;https://docs.google.com/spreadsheets/d/1uo7-E_E2jbehB2hbBurpPayP_0fKY5sPZcFgZmfLydY/edit#gid=1526488506;https://docs.google.com/spreadsheets/d/1uo7-E_E2jbehB2hbBurpPayP_0fKY5sPZcFgZmfLydY/edit#gid=1696255979;https://docs.google.com/spreadsheets/d/1uo7-E_E2jbehB2hbBurpPayP_0fKY5sPZcFgZmfLydY/edit#gid=520178140;https://docs.google.com/spreadsheets/d/1vJ-pioe3RZKSZ3LIGEA3FVTv_KEE_XKIQAXSIUNNd-Q/edit#gid=0;https://raw.githubusercontent.com/PokeAPI/pokeapi/master/data/v2/csv/languages.csv;https://raw.githubusercontent.com/PokeAPI/pokeapi/master/data/v2/csv/pokemon.csv;https://raw.githubusercontent.com/PokeAPI/pokeapi/master/data/v2/csv/pokemon_form_names.csv;https://raw.githubusercontent.com/PokeAPI/pokeapi/master/data/v2/csv/pokemon_forms.csv;https://raw.githubusercontent.com/PokeAPI/pokeapi/master/data/v2/csv/pokemon_species_names.csv;output/team-graphics/s3/GPL Teams Spieltag 14 (2).jpg;output/team-graphics/s4/Enteikutierung - Lauris Enteitainment.png;output/team-graphics/s5/Aggron Berlin.png;output/team-graphics/s5/Energie Tobutz.png;output/team-graphics/s5/Howling Commandos.png;output/team-graphics/s5/Marvelous Speedsters.png;output/team-graphics/s5/Shockwaving Magearnas.png;output/team-graphics/s5/SoulStealer.png;output/team-graphics/s5/Triyolotree.png
season_005,Liga 1,rueckrunde,Professor N,Howling Commandos,12,73.4,66.7,66.7,100,"Trikephalo, Azumarill, Lucario, Bronzong, Somnivora, Hippoterus",data/manual/pokemon_killlists.csv;data/manual/team_pokemon_usage.csv;https://docs.google.com/spreadsheets/d/11wxsKyCydVmDjp4kGLJAOLPM_LgwCLN2GYpbDQkNtkk/edit#gid=1588964432;https://docs.google.com/spreadsheets/d/11wxsKyCydVmDjp4kGLJAOLPM_LgwCLN2GYpbDQkNtkk/edit#gid=1843013406;https://docs.google.com/spreadsheets/d/13smsrG2BGYxr_omJWcgr-sUDr39bvOJPNL5RPt4DSow/edit#gid=1934543062;https://docs.google.com/spreadsheets/d/13smsrG2BGYxr_omJWcgr-sUDr39bvOJPNL5RPt4DSow/edit#gid=71150222;https://docs.google.com/spreadsheets/d/1B2uTMvWlAHb7WlpupJV1A2Hbi3K3U1vCyoFV0wCapcw/edit#gid=1271313224;https://docs.google.com/spreadsheets/d/1B2uTMvWlAHb7WlpupJV1A2Hbi3K3U1vCyoFV0wCapcw/edit#gid=1521895812;https://docs.google.com/spreadsheets/d/1B2uTMvWlAHb7WlpupJV1A2Hbi3K3U1vCyoFV0wCapcw/edit#gid=1846395979;https://docs.google.com/spreadsheets/d/1B2uTMvWlAHb7WlpupJV1A2Hbi3K3U1vCyoFV0wCapcw/edit#gid=26363830;https://docs.google.com/spreadsheets/d/1FUsClf5qEny-BHY5Djp8rIwRJKBSJDvygJ8LBa62FEo/edit#gid=0;https://docs.google.com/spreadsheets/d/1JZpA-5XDldN2bjfvhvBPHYK-1AENETLnF1UxNEpWlNA/edit#gid=352888197;https://docs.google.com/spreadsheets/d/1kXhNwKGrqQTwSal0NxpZ9h0yo6u_mQwhwg4vGVwxMX4/edit#gid=0;https://docs.google.com/spreadsheets/d/1kiwDk4NgYoKb0Oo9yqzwl9HXHxuQ_0I5gkb1JtE57PI/edit#gid=0;https://docs.google.com/spreadsheets/d/1n9SmK-ccTCn8Jjhs4U2LKnibXY8PvuBtV3V9MCOURRA/edit#gid=0;https://docs.google.com/spreadsheets/d/1nwiq_ggEj7QePeZGMR2xoi0bEHJr_ZGO24YCRdt93No/edit#gid=857670931;https://docs.google.com/spreadsheets/d/1odsNRAZStW1GzmpXwmg27dqjOlch7w8syZOZ5Z2OQRg/edit#gid=0;https://docs.google.com/spreadsheets/d/1uo7-E_E2jbehB2hbBurpPayP_0fKY5sPZcFgZmfLydY/edit#gid=1526488506;https://docs.google.com/spreadsheets/d/1uo7-E_E2jbehB2hbBurpPayP_0fKY5sPZcFgZmfLydY/edit#gid=1696255979;https://docs.google.com/spreadsheets/d/1uo7-E_E2jbehB2hbBurpPayP_0fKY5sPZcFgZmfLydY/edit#gid=520178140;https://docs.google.com/spreadsheets/d/1vJ-pioe3RZKSZ3LIGEA3FVTv_KEE_XKIQAXSIUNNd-Q/edit#gid=0;https://raw.githubusercontent.com/PokeAPI/pokeapi/master/data/v2/csv/languages.csv;https://raw.githubusercontent.com/PokeAPI/pokeapi/master/data/v2/csv/pokemon.csv;https://raw.githubusercontent.com/PokeAPI/pokeapi/master/data/v2/csv/pokemon_form_names.csv;https://raw.githubusercontent.com/PokeAPI/pokeapi/master/data/v2/csv/pokemon_forms.csv;https://raw.githubusercontent.com/PokeAPI/pokeapi/master/data/v2/csv/pokemon_species_names.csv;output/team-graphics/s3/GPL Teams Spieltag 14 (1).jpg;output/team-graphics/s3/GPL Teams Spieltag 14 (2).jpg;output/team-graphics/s4/Enteikutierung - Lauris Enteitainment.png;output/team-graphics/s4/Minetube - Triyolotree.png;output/team-graphics/s4/Ritter der Tapukokosnuss - FullLifeGames.png;output/team-graphics/s5/Howling Commandos.png
season_010,Regular Season,regular,Bene,Wackel Backel,11,73.3,66.6,66.6,100,"Caesurio, UHaFnir, Gastrodon, Bronzong, Amfira, Giflor",data/manual/team_pokemon_usage.csv;https://docs.google.com/spreadsheets/d/11wxsKyCydVmDjp4kGLJAOLPM_LgwCLN2GYpbDQkNtkk/edit#gid=1588964432;https://docs.google.com/spreadsheets/d/11wxsKyCydVmDjp4kGLJAOLPM_LgwCLN2GYpbDQkNtkk/edit#gid=1843013406;https://docs.google.com/spreadsheets/d/11wxsKyCydVmDjp4kGLJAOLPM_LgwCLN2GYpbDQkNtkk/edit#gid=654435343;https://docs.google.com/spreadsheets/d/13smsrG2BGYxr_omJWcgr-sUDr39bvOJPNL5RPt4DSow/edit#gid=1465731937;https://docs.google.com/spreadsheets/d/13smsrG2BGYxr_omJWcgr-sUDr39bvOJPNL5RPt4DSow/edit#gid=1934543062;https://docs.google.com/spreadsheets/d/13smsrG2BGYxr_omJWcgr-sUDr39bvOJPNL5RPt4DSow/edit#gid=71150222;https://docs.google.com/spreadsheets/d/1B2uTMvWlAHb7WlpupJV1A2Hbi3K3U1vCyoFV0wCapcw/edit#gid=1271313224;https://docs.google.com/spreadsheets/d/1B2uTMvWlAHb7WlpupJV1A2Hbi3K3U1vCyoFV0wCapcw/edit#gid=1521895812;https://docs.google.com/spreadsheets/d/1B2uTMvWlAHb7WlpupJV1A2Hbi3K3U1vCyoFV0wCapcw/edit#gid=1846395979;https://docs.google.com/spreadsheets/d/1B2uTMvWlAHb7WlpupJV1A2Hbi3K3U1vCyoFV0wCapcw/edit#gid=26363830;https://docs.google.com/spreadsheets/d/1FUsClf5qEny-BHY5Djp8rIwRJKBSJDvygJ8LBa62FEo/edit#gid=0;https://docs.google.com/spreadsheets/d/1JZpA-5XDldN2bjfvhvBPHYK-1AENETLnF1UxNEpWlNA/edit#gid=352888197;https://docs.google.com/spreadsheets/d/1kiwDk4NgYoKb0Oo9yqzwl9HXHxuQ_0I5gkb1JtE57PI/edit#gid=0;https://docs.google.com/spreadsheets/d/1n9SmK-ccTCn8Jjhs4U2LKnibXY8PvuBtV3V9MCOURRA/edit#gid=0;https://docs.google.com/spreadsheets/d/1nwiq_ggEj7QePeZGMR2xoi0bEHJr_ZGO24YCRdt93No/edit#gid=857670931;https://docs.google.com/spreadsheets/d/1odsNRAZStW1GzmpXwmg27dqjOlch7w8syZOZ5Z2OQRg/edit#gid=0;https://docs.google.com/spreadsheets/d/1uo7-E_E2jbehB2hbBurpPayP_0fKY5sPZcFgZmfLydY/edit#gid=1526488506;https://docs.google.com/spreadsheets/d/1uo7-E_E2jbehB2hbBurpPayP_0fKY5sPZcFgZmfLydY/edit#gid=1696255979;https://docs.google.com/spreadsheets/d/1uo7-E_E2jbehB2hbBurpPayP_0fKY5sPZcFgZmfLydY/edit#gid=520178140;https://docs.google.com/spreadsheets/d/1vJ-pioe3RZKSZ3LIGEA3FVTv_KEE_XKIQAXSIUNNd-Q/edit#gid=0;https://raw.githubusercontent.com/PokeAPI/pokeapi/master/data/v2/csv/languages.csv;https://raw.githubusercontent.com/PokeAPI/pokeapi/master/data/v2/csv/pokemon.csv;https://raw.githubusercontent.com/PokeAPI/pokeapi/master/data/v2/csv/pokemon_form_names.csv;https://raw.githubusercontent.com/PokeAPI/pokeapi/master/data/v2/csv/pokemon_forms.csv;https://raw.githubusercontent.com/PokeAPI/pokeapi/master/data/v2/csv/pokemon_species_names.csv;output/team-graphics/s3/GPL Teams Spieltag 14 (1).jpg;output/team-graphics/s3/GPL Teams Spieltag 14 (2).jpg;output/team-graphics/s4/Ritter der Tapukokosnuss - FullLifeGames.png;output/team-graphics/s4/Suicide Squad - CaptainCrinch.png;output/team-graphics/s5/Energie Tobutz.png;output/team-graphics/s5/Howling Commandos.png
season_003,Regular Season,rueckrunde,Parsifani,Persian Carpets,12,73.2,66.5,66.5,100,"Gengar, Florges, Bronzong, Skuntank, Morlord, Tobutz",data/manual/pokemon_killlists.csv;data/manual/team_pokemon_usage.csv;https://docs.google.com/spreadsheets/d/11wxsKyCydVmDjp4kGLJAOLPM_LgwCLN2GYpbDQkNtkk/edit#gid=1588964432;https://docs.google.com/spreadsheets/d/11wxsKyCydVmDjp4kGLJAOLPM_LgwCLN2GYpbDQkNtkk/edit#gid=1843013406;https://docs.google.com/spreadsheets/d/13smsrG2BGYxr_omJWcgr-sUDr39bvOJPNL5RPt4DSow/edit#gid=1934543062;https://docs.google.com/spreadsheets/d/13smsrG2BGYxr_omJWcgr-sUDr39bvOJPNL5RPt4DSow/edit#gid=1953790464;https://docs.google.com/spreadsheets/d/13smsrG2BGYxr_omJWcgr-sUDr39bvOJPNL5RPt4DSow/edit#gid=71150222;https://docs.google.com/spreadsheets/d/1B2uTMvWlAHb7WlpupJV1A2Hbi3K3U1vCyoFV0wCapcw/edit#gid=1271313224;https://docs.google.com/spreadsheets/d/1B2uTMvWlAHb7WlpupJV1A2Hbi3K3U1vCyoFV0wCapcw/edit#gid=1521895812;https://docs.google.com/spreadsheets/d/1B2uTMvWlAHb7WlpupJV1A2Hbi3K3U1vCyoFV0wCapcw/edit#gid=1846395979;https://docs.google.com/spreadsheets/d/1B2uTMvWlAHb7WlpupJV1A2Hbi3K3U1vCyoFV0wCapcw/edit#gid=26363830;https://docs.google.com/spreadsheets/d/1FUsClf5qEny-BHY5Djp8rIwRJKBSJDvygJ8LBa62FEo/edit#gid=0;https://docs.google.com/spreadsheets/d/1JZpA-5XDldN2bjfvhvBPHYK-1AENETLnF1UxNEpWlNA/edit#gid=352888197;https://docs.google.com/spreadsheets/d/1kiwDk4NgYoKb0Oo9yqzwl9HXHxuQ_0I5gkb1JtE57PI/edit#gid=0;https://docs.google.com/spreadsheets/d/1n9SmK-ccTCn8Jjhs4U2LKnibXY8PvuBtV3V9MCOURRA/edit#gid=0;https://docs.google.com/spreadsheets/d/1nwiq_ggEj7QePeZGMR2xoi0bEHJr_ZGO24YCRdt93No/edit#gid=857670931;https://docs.google.com/spreadsheets/d/1odsNRAZStW1GzmpXwmg27dqjOlch7w8syZOZ5Z2OQRg/edit#gid=0;https://docs.google.com/spreadsheets/d/1uo7-E_E2jbehB2hbBurpPayP_0fKY5sPZcFgZmfLydY/edit#gid=1526488506;https://docs.google.com/spreadsheets/d/1uo7-E_E2jbehB2hbBurpPayP_0fKY5sPZcFgZmfLydY/edit#gid=1696255979;https://docs.google.com/spreadsheets/d/1uo7-E_E2jbehB2hbBurpPayP_0fKY5sPZcFgZmfLydY/edit#gid=520178140;https://docs.google.com/spreadsheets/d/1vJ-pioe3RZKSZ3LIGEA3FVTv_KEE_XKIQAXSIUNNd-Q/edit#gid=0;https://raw.githubusercontent.com/PokeAPI/pokeapi/master/data/v2/csv/languages.csv;https://raw.githubusercontent.com/PokeAPI/pokeapi/master/data/v2/csv/pokemon.csv;https://raw.githubusercontent.com/PokeAPI/pokeapi/master/data/v2/csv/pokemon_form_names.csv;https://raw.githubusercontent.com/PokeAPI/pokeapi/master/data/v2/csv/pokemon_forms.csv;https://raw.githubusercontent.com/PokeAPI/pokeapi/master/data/v2/csv/pokemon_species_names.csv;output/team-graphics/s3/GPL Teams Spieltag 14 (1).jpg;output/team-graphics/s4/Enteikutierung - Lauris Enteitainment.png;output/team-graphics/s4/Minetube - Triyolotree.png;output/team-graphics/s4/Ritter der Tapukokosnuss - FullLifeGames.png;output/team-graphics/s5/Howling Commandos.png;output/team-graphics/s5/Victini Bottom.png
season_003,Regular Season,rueckrunde,PokeBazi,Krebuknackis,11,72.4,65.5,65.5,100,"Scherox, Jirachi, Togekiss, Nidoqueen, Manaphy, Meloetta",data/manual/pokemon_killlists.csv;data/manual/team_pokemon_usage.csv;https://docs.google.com/spreadsheets/d/11wxsKyCydVmDjp4kGLJAOLPM_LgwCLN2GYpbDQkNtkk/edit#gid=1588964432;https://docs.google.com/spreadsheets/d/11wxsKyCydVmDjp4kGLJAOLPM_LgwCLN2GYpbDQkNtkk/edit#gid=1843013406;https://docs.google.com/spreadsheets/d/13smsrG2BGYxr_omJWcgr-sUDr39bvOJPNL5RPt4DSow/edit#gid=1934543062;https://docs.google.com/spreadsheets/d/13smsrG2BGYxr_omJWcgr-sUDr39bvOJPNL5RPt4DSow/edit#gid=71150222;https://docs.google.com/spreadsheets/d/1B2uTMvWlAHb7WlpupJV1A2Hbi3K3U1vCyoFV0wCapcw/edit#gid=1271313224;https://docs.google.com/spreadsheets/d/1B2uTMvWlAHb7WlpupJV1A2Hbi3K3U1vCyoFV0wCapcw/edit#gid=1521895812;https://docs.google.com/spreadsheets/d/1B2uTMvWlAHb7WlpupJV1A2Hbi3K3U1vCyoFV0wCapcw/edit#gid=1846395979;https://docs.google.com/spreadsheets/d/1B2uTMvWlAHb7WlpupJV1A2Hbi3K3U1vCyoFV0wCapcw/edit#gid=26363830;https://docs.google.com/spreadsheets/d/1FUsClf5qEny-BHY5Djp8rIwRJKBSJDvygJ8LBa62FEo/edit#gid=0;https://docs.google.com/spreadsheets/d/1JZpA-5XDldN2bjfvhvBPHYK-1AENETLnF1UxNEpWlNA/edit#gid=352888197;https://docs.google.com/spreadsheets/d/1kiwDk4NgYoKb0Oo9yqzwl9HXHxuQ_0I5gkb1JtE57PI/edit#gid=0;https://docs.google.com/spreadsheets/d/1n9SmK-ccTCn8Jjhs4U2LKnibXY8PvuBtV3V9MCOURRA/edit#gid=0;https://docs.google.com/spreadsheets/d/1nwiq_ggEj7QePeZGMR2xoi0bEHJr_ZGO24YCRdt93No/edit#gid=857670931;https://docs.google.com/spreadsheets/d/1odsNRAZStW1GzmpXwmg27dqjOlch7w8syZOZ5Z2OQRg/edit#gid=0;https://docs.google.com/spreadsheets/d/1uo7-E_E2jbehB2hbBurpPayP_0fKY5sPZcFgZmfLydY/edit#gid=1526488506;https://docs.google.com/spreadsheets/d/1uo7-E_E2jbehB2hbBurpPayP_0fKY5sPZcFgZmfLydY/edit#gid=1696255979;https://docs.google.com/spreadsheets/d/1uo7-E_E2jbehB2hbBurpPayP_0fKY5sPZcFgZmfLydY/edit#gid=520178140;https://docs.google.com/spreadsheets/d/1vJ-pioe3RZKSZ3LIGEA3FVTv_KEE_XKIQAXSIUNNd-Q/edit#gid=0;https://raw.githubusercontent.com/PokeAPI/pokeapi/master/data/v2/csv/languages.csv;https://raw.githubusercontent.com/PokeAPI/pokeapi/master/data/v2/csv/pokemon.csv;https://raw.githubusercontent.com/PokeAPI/pokeapi/master/data/v2/csv/pokemon_form_names.csv;https://raw.githubusercontent.com/PokeAPI/pokeapi/master/data/v2/csv/pokemon_forms.csv;https://raw.githubusercontent.com/PokeAPI/pokeapi/master/data/v2/csv/pokemon_species_names.csv;output/team-graphics/s3/GPL Teams Spieltag 14 (1).jpg;output/team-graphics/s4/Prekani - PresentLP.png;output/team-graphics/s4/Ritter der Tapukokosnuss - FullLifeGames.png;output/team-graphics/s4/Shocking Shaymins - MeLevies.png;output/team-graphics/s4/Variant Vulpix - CrowdController.png;output/team-graphics/s5/Marvelous Speedsters.png
season_004,Regular Season,hinrunde,RegiBang,Flexing Masskito,11,72.4,65.5,65.5,100,"Masskito, Trombork, Tentoxa, Metagross, Austos, Relaxo",data/manual/pokemon_killlists.csv;data/manual/team_pokemon_usage.csv;https://docs.google.com/spreadsheets/d/11wxsKyCydVmDjp4kGLJAOLPM_LgwCLN2GYpbDQkNtkk/edit#gid=1588964432;https://docs.google.com/spreadsheets/d/11wxsKyCydVmDjp4kGLJAOLPM_LgwCLN2GYpbDQkNtkk/edit#gid=1843013406;https://docs.google.com/spreadsheets/d/11wxsKyCydVmDjp4kGLJAOLPM_LgwCLN2GYpbDQkNtkk/edit#gid=654435343;https://docs.google.com/spreadsheets/d/13smsrG2BGYxr_omJWcgr-sUDr39bvOJPNL5RPt4DSow/edit#gid=1934543062;https://docs.google.com/spreadsheets/d/13smsrG2BGYxr_omJWcgr-sUDr39bvOJPNL5RPt4DSow/edit#gid=1953790464;https://docs.google.com/spreadsheets/d/13smsrG2BGYxr_omJWcgr-sUDr39bvOJPNL5RPt4DSow/edit#gid=71150222;https://docs.google.com/spreadsheets/d/14N_40jsahiN9DChpnNaPTnFy26If6imVHtqBGDWk6pg/edit#gid=0;https://docs.google.com/spreadsheets/d/1B2uTMvWlAHb7WlpupJV1A2Hbi3K3U1vCyoFV0wCapcw/edit#gid=1271313224;https://docs.google.com/spreadsheets/d/1B2uTMvWlAHb7WlpupJV1A2Hbi3K3U1vCyoFV0wCapcw/edit#gid=1521895812;https://docs.google.com/spreadsheets/d/1B2uTMvWlAHb7WlpupJV1A2Hbi3K3U1vCyoFV0wCapcw/edit#gid=1846395979;https://docs.google.com/spreadsheets/d/1B2uTMvWlAHb7WlpupJV1A2Hbi3K3U1vCyoFV0wCapcw/edit#gid=26363830;https://docs.google.com/spreadsheets/d/1FUsClf5qEny-BHY5Djp8rIwRJKBSJDvygJ8LBa62FEo/edit#gid=0;https://docs.google.com/spreadsheets/d/1JZpA-5XDldN2bjfvhvBPHYK-1AENETLnF1UxNEpWlNA/edit#gid=352888197;https://docs.google.com/spreadsheets/d/1kXhNwKGrqQTwSal0NxpZ9h0yo6u_mQwhwg4vGVwxMX4/edit#gid=0;https://docs.google.com/spreadsheets/d/1kiwDk4NgYoKb0Oo9yqzwl9HXHxuQ_0I5gkb1JtE57PI/edit#gid=0;https://docs.google.com/spreadsheets/d/1n9SmK-ccTCn8Jjhs4U2LKnibXY8PvuBtV3V9MCOURRA/edit#gid=0;https://docs.google.com/spreadsheets/d/1nwiq_ggEj7QePeZGMR2xoi0bEHJr_ZGO24YCRdt93No/edit#gid=857670931;https://docs.google.com/spreadsheets/d/1odsNRAZStW1GzmpXwmg27dqjOlch7w8syZOZ5Z2OQRg/edit#gid=0;https://docs.google.com/spreadsheets/d/1uo7-E_E2jbehB2hbBurpPayP_0fKY5sPZcFgZmfLydY/edit#gid=1526488506;https://docs.google.com/spreadsheets/d/1uo7-E_E2jbehB2hbBurpPayP_0fKY5sPZcFgZmfLydY/edit#gid=1696255979;https://docs.google.com/spreadsheets/d/1uo7-E_E2jbehB2hbBurpPayP_0fKY5sPZcFgZmfLydY/edit#gid=520178140;https://docs.google.com/spreadsheets/d/1vJ-pioe3RZKSZ3LIGEA3FVTv_KEE_XKIQAXSIUNNd-Q/edit#gid=0;https://raw.githubusercontent.com/PokeAPI/pokeapi/master/data/v2/csv/languages.csv;https://raw.githubusercontent.com/PokeAPI/pokeapi/master/data/v2/csv/pokemon.csv;https://raw.githubusercontent.com/PokeAPI/pokeapi/master/data/v2/csv/pokemon_form_names.csv;https://raw.githubusercontent.com/PokeAPI/pokeapi/master/data/v2/csv/pokemon_forms.csv;https://raw.githubusercontent.com/PokeAPI/pokeapi/master/data/v2/csv/pokemon_species_names.csv;output/team-graphics/s3/GPL Teams Spieltag 14 (1).jpg;output/team-graphics/s3/GPL Teams Spieltag 14 (2).jpg;output/team-graphics/s4/Flexing Masskito - RegiBang.png;output/team-graphics/s5/Aggron Berlin.png;output/team-graphics/s5/Victini Bottom.png
season_003,Regular Season,rueckrunde,Raizor,Unbound Zoroarks,11,72.2,65.3,65.3,100,"Stalobor, Entei, Mamolida, Pantimos, Washakwil, Viridium",data/manual/pokemon_killlists.csv;data/manual/team_pokemon_usage.csv;https://docs.google.com/spreadsheets/d/11wxsKyCydVmDjp4kGLJAOLPM_LgwCLN2GYpbDQkNtkk/edit#gid=1588964432;https://docs.google.com/spreadsheets/d/11wxsKyCydVmDjp4kGLJAOLPM_LgwCLN2GYpbDQkNtkk/edit#gid=1843013406;https://docs.google.com/spreadsheets/d/11wxsKyCydVmDjp4kGLJAOLPM_LgwCLN2GYpbDQkNtkk/edit#gid=654435343;https://docs.google.com/spreadsheets/d/13smsrG2BGYxr_omJWcgr-sUDr39bvOJPNL5RPt4DSow/edit#gid=1934543062;https://docs.google.com/spreadsheets/d/13smsrG2BGYxr_omJWcgr-sUDr39bvOJPNL5RPt4DSow/edit#gid=71150222;https://docs.google.com/spreadsheets/d/1B2uTMvWlAHb7WlpupJV1A2Hbi3K3U1vCyoFV0wCapcw/edit#gid=1271313224;https://docs.google.com/spreadsheets/d/1B2uTMvWlAHb7WlpupJV1A2Hbi3K3U1vCyoFV0wCapcw/edit#gid=1846395979;https://docs.google.com/spreadsheets/d/1FUsClf5qEny-BHY5Djp8rIwRJKBSJDvygJ8LBa62FEo/edit#gid=0;https://docs.google.com/spreadsheets/d/1JZpA-5XDldN2bjfvhvBPHYK-1AENETLnF1UxNEpWlNA/edit#gid=352888197;https://docs.google.com/spreadsheets/d/1kXhNwKGrqQTwSal0NxpZ9h0yo6u_mQwhwg4vGVwxMX4/edit#gid=0;https://docs.google.com/spreadsheets/d/1kiwDk4NgYoKb0Oo9yqzwl9HXHxuQ_0I5gkb1JtE57PI/edit#gid=0;https://docs.google.com/spreadsheets/d/1n9SmK-ccTCn8Jjhs4U2LKnibXY8PvuBtV3V9MCOURRA/edit#gid=0;https://docs.google.com/spreadsheets/d/1nwiq_ggEj7QePeZGMR2xoi0bEHJr_ZGO24YCRdt93No/edit#gid=857670931;https://docs.google.com/spreadsheets/d/1odsNRAZStW1GzmpXwmg27dqjOlch7w8syZOZ5Z2OQRg/edit#gid=0;https://docs.google.com/spreadsheets/d/1uo7-E_E2jbehB2hbBurpPayP_0fKY5sPZcFgZmfLydY/edit#gid=1526488506;https://docs.google.com/spreadsheets/d/1uo7-E_E2jbehB2hbBurpPayP_0fKY5sPZcFgZmfLydY/edit#gid=1696255979;https://docs.google.com/spreadsheets/d/1uo7-E_E2jbehB2hbBurpPayP_0fKY5sPZcFgZmfLydY/edit#gid=1992807502;https://docs.google.com/spreadsheets/d/1uo7-E_E2jbehB2hbBurpPayP_0fKY5sPZcFgZmfLydY/edit#gid=520178140;https://docs.google.com/spreadsheets/d/1uo7-E_E2jbehB2hbBurpPayP_0fKY5sPZcFgZmfLydY/edit#gid=754790791;https://docs.google.com/spreadsheets/d/1vJ-pioe3RZKSZ3LIGEA3FVTv_KEE_XKIQAXSIUNNd-Q/edit#gid=0;https://raw.githubusercontent.com/PokeAPI/pokeapi/master/data/v2/csv/languages.csv;https://raw.githubusercontent.com/PokeAPI/pokeapi/master/data/v2/csv/pokemon.csv;https://raw.githubusercontent.com/PokeAPI/pokeapi/master/data/v2/csv/pokemon_form_names.csv;https://raw.githubusercontent.com/PokeAPI/pokeapi/master/data/v2/csv/pokemon_forms.csv;https://raw.githubusercontent.com/PokeAPI/pokeapi/master/data/v2/csv/pokemon_species_names.csv;output/team-graphics/s3/GPL Teams Spieltag 14 (1).jpg;output/team-graphics/s4/Minetube - Triyolotree.png;output/team-graphics/s4/Suicide Squad - CaptainCrinch.png;output/team-graphics/s5/Howling Commandos.png;output/team-graphics/s5/Prekani.png;output/team-graphics/s5/Triyolotree.png
season_006,Moon Conference,regular,CaptainCrinch,Crinchilla,11,72.2,65.3,65.3,100,"Lahmus, Snibunna, Florges, Moruda, Chillabell, Tentantel",data/manual/pokemon_killlists.csv;data/manual/team_pokemon_usage.csv;https://docs.google.com/spreadsheets/d/11wxsKyCydVmDjp4kGLJAOLPM_LgwCLN2GYpbDQkNtkk/edit#gid=1588964432;https://docs.google.com/spreadsheets/d/11wxsKyCydVmDjp4kGLJAOLPM_LgwCLN2GYpbDQkNtkk/edit#gid=1843013406;https://docs.google.com/spreadsheets/d/13smsrG2BGYxr_omJWcgr-sUDr39bvOJPNL5RPt4DSow/edit#gid=1934543062;https://docs.google.com/spreadsheets/d/13smsrG2BGYxr_omJWcgr-sUDr39bvOJPNL5RPt4DSow/edit#gid=1953790464;https://docs.google.com/spreadsheets/d/13smsrG2BGYxr_omJWcgr-sUDr39bvOJPNL5RPt4DSow/edit#gid=71150222;https://docs.google.com/spreadsheets/d/1B2uTMvWlAHb7WlpupJV1A2Hbi3K3U1vCyoFV0wCapcw/edit#gid=1271313224;https://docs.google.com/spreadsheets/d/1B2uTMvWlAHb7WlpupJV1A2Hbi3K3U1vCyoFV0wCapcw/edit#gid=1521895812;https://docs.google.com/spreadsheets/d/1B2uTMvWlAHb7WlpupJV1A2Hbi3K3U1vCyoFV0wCapcw/edit#gid=1846395979;https://docs.google.com/spreadsheets/d/1B2uTMvWlAHb7WlpupJV1A2Hbi3K3U1vCyoFV0wCapcw/edit#gid=26363830;https://docs.google.com/spreadsheets/d/1FUsClf5qEny-BHY5Djp8rIwRJKBSJDvygJ8LBa62FEo/edit#gid=0;https://docs.google.com/spreadsheets/d/1JZpA-5XDldN2bjfvhvBPHYK-1AENETLnF1UxNEpWlNA/edit#gid=352888197;https://docs.google.com/spreadsheets/d/1kiwDk4NgYoKb0Oo9yqzwl9HXHxuQ_0I5gkb1JtE57PI/edit#gid=0;https://docs.google.com/spreadsheets/d/1n9SmK-ccTCn8Jjhs4U2LKnibXY8PvuBtV3V9MCOURRA/edit#gid=0;https://docs.google.com/spreadsheets/d/1nwiq_ggEj7QePeZGMR2xoi0bEHJr_ZGO24YCRdt93No/edit#gid=857670931;https://docs.google.com/spreadsheets/d/1odsNRAZStW1GzmpXwmg27dqjOlch7w8syZOZ5Z2OQRg/edit#gid=0;https://docs.google.com/spreadsheets/d/1uo7-E_E2jbehB2hbBurpPayP_0fKY5sPZcFgZmfLydY/edit#gid=1526488506;https://docs.google.com/spreadsheets/d/1uo7-E_E2jbehB2hbBurpPayP_0fKY5sPZcFgZmfLydY/edit#gid=1696255979;https://docs.google.com/spreadsheets/d/1uo7-E_E2jbehB2hbBurpPayP_0fKY5sPZcFgZmfLydY/edit#gid=520178140;https://docs.google.com/spreadsheets/d/1vJ-pioe3RZKSZ3LIGEA3FVTv_KEE_XKIQAXSIUNNd-Q/edit#gid=0;https://raw.githubusercontent.com/PokeAPI/pokeapi/master/data/v2/csv/languages.csv;https://raw.githubusercontent.com/PokeAPI/pokeapi/master/data/v2/csv/pokemon.csv;https://raw.githubusercontent.com/PokeAPI/pokeapi/master/data/v2/csv/pokemon_form_names.csv;https://raw.githubusercontent.com/PokeAPI/pokeapi/master/data/v2/csv/pokemon_forms.csv;https://raw.githubusercontent.com/PokeAPI/pokeapi/master/data/v2/csv/pokemon_species_names.csv;output/team-graphics/s3/GPL Teams Spieltag 14 (1).jpg;output/team-graphics/s3/GPL Teams Spieltag 14 (2).jpg;output/team-graphics/s4/Prekani - PresentLP.png;output/team-graphics/s4/Ritter der Tapukokosnuss - FullLifeGames.png;output/team-graphics/s5/Aggron Berlin.png;output/team-graphics/s5/Crinchilla.png;output/team-graphics/s5/Energie Tobutz.png;output/team-graphics/s5/SoulStealer.png;output/team-graphics/s5/Victini Bottom.png
season_004,Regular Season,hinrunde,SurskitTV,Surstars,12,70.6,63.2,63.2,100,"Heatran, Voltula, Smogmog, Regirock, Latias, Porygon2",data/manual/pokemon_killlists.csv;data/manual/team_pokemon_usage.csv;https://docs.google.com/spreadsheets/d/11wxsKyCydVmDjp4kGLJAOLPM_LgwCLN2GYpbDQkNtkk/edit#gid=1588964432;https://docs.google.com/spreadsheets/d/11wxsKyCydVmDjp4kGLJAOLPM_LgwCLN2GYpbDQkNtkk/edit#gid=1843013406;https://docs.google.com/spreadsheets/d/11wxsKyCydVmDjp4kGLJAOLPM_LgwCLN2GYpbDQkNtkk/edit#gid=654435343;https://docs.google.com/spreadsheets/d/13smsrG2BGYxr_omJWcgr-sUDr39bvOJPNL5RPt4DSow/edit#gid=1934543062;https://docs.google.com/spreadsheets/d/13smsrG2BGYxr_omJWcgr-sUDr39bvOJPNL5RPt4DSow/edit#gid=1953790464;https://docs.google.com/spreadsheets/d/13smsrG2BGYxr_omJWcgr-sUDr39bvOJPNL5RPt4DSow/edit#gid=71150222;https://docs.google.com/spreadsheets/d/14N_40jsahiN9DChpnNaPTnFy26If6imVHtqBGDWk6pg/edit#gid=0;https://docs.google.com/spreadsheets/d/1B2uTMvWlAHb7WlpupJV1A2Hbi3K3U1vCyoFV0wCapcw/edit#gid=1271313224;https://docs.google.com/spreadsheets/d/1B2uTMvWlAHb7WlpupJV1A2Hbi3K3U1vCyoFV0wCapcw/edit#gid=1521895812;https://docs.google.com/spreadsheets/d/1B2uTMvWlAHb7WlpupJV1A2Hbi3K3U1vCyoFV0wCapcw/edit#gid=1846395979;https://docs.google.com/spreadsheets/d/1B2uTMvWlAHb7WlpupJV1A2Hbi3K3U1vCyoFV0wCapcw/edit#gid=26363830;https://docs.google.com/spreadsheets/d/1FUsClf5qEny-BHY5Djp8rIwRJKBSJDvygJ8LBa62FEo/edit#gid=0;https://docs.google.com/spreadsheets/d/1JZpA-5XDldN2bjfvhvBPHYK-1AENETLnF1UxNEpWlNA/edit#gid=352888197;https://docs.google.com/spreadsheets/d/1kiwDk4NgYoKb0Oo9yqzwl9HXHxuQ_0I5gkb1JtE57PI/edit#gid=0;https://docs.google.com/spreadsheets/d/1n9SmK-ccTCn8Jjhs4U2LKnibXY8PvuBtV3V9MCOURRA/edit#gid=0;https://docs.google.com/spreadsheets/d/1nwiq_ggEj7QePeZGMR2xoi0bEHJr_ZGO24YCRdt93No/edit#gid=857670931;https://docs.google.com/spreadsheets/d/1odsNRAZStW1GzmpXwmg27dqjOlch7w8syZOZ5Z2OQRg/edit#gid=0;https://docs.google.com/spreadsheets/d/1uo7-E_E2jbehB2hbBurpPayP_0fKY5sPZcFgZmfLydY/edit#gid=1526488506;https://docs.google.com/spreadsheets/d/1uo7-E_E2jbehB2hbBurpPayP_0fKY5sPZcFgZmfLydY/edit#gid=1696255979;https://docs.google.com/spreadsheets/d/1uo7-E_E2jbehB2hbBurpPayP_0fKY5sPZcFgZmfLydY/edit#gid=520178140;https://docs.google.com/spreadsheets/d/1vJ-pioe3RZKSZ3LIGEA3FVTv_KEE_XKIQAXSIUNNd-Q/edit#gid=0;https://raw.githubusercontent.com/PokeAPI/pokeapi/master/data/v2/csv/languages.csv;https://raw.githubusercontent.com/PokeAPI/pokeapi/master/data/v2/csv/pokemon.csv;https://raw.githubusercontent.com/PokeAPI/pokeapi/master/data/v2/csv/pokemon_form_names.csv;https://raw.githubusercontent.com/PokeAPI/pokeapi/master/data/v2/csv/pokemon_forms.csv;https://raw.githubusercontent.com/PokeAPI/pokeapi/master/data/v2/csv/pokemon_species_names.csv;output/team-graphics/s3/GPL Teams Spieltag 14 (1).jpg;output/team-graphics/s3/GPL Teams Spieltag 14 (2).jpg;output/team-graphics/s4/Surstars - SurskitTV.png;output/team-graphics/s5/Aggron Berlin.png;output/team-graphics/s5/Cabgosport.png;output/team-graphics/s5/Prekani.png
season_010,Regular Season,regular,Blocki,Kastanienbomber,11,70.4,63.0,63.0,100,"Suicune, Rotom, Panferno, Donphan, Diancie, Ogerpon",data/manual/pokemon_killlists.csv;data/manual/team_pokemon_usage.csv;https://docs.google.com/spreadsheets/d/11wxsKyCydVmDjp4kGLJAOLPM_LgwCLN2GYpbDQkNtkk/edit#gid=1588964432;https://docs.google.com/spreadsheets/d/11wxsKyCydVmDjp4kGLJAOLPM_LgwCLN2GYpbDQkNtkk/edit#gid=1843013406;https://docs.google.com/spreadsheets/d/11wxsKyCydVmDjp4kGLJAOLPM_LgwCLN2GYpbDQkNtkk/edit#gid=654435343;https://docs.google.com/spreadsheets/d/13smsrG2BGYxr_omJWcgr-sUDr39bvOJPNL5RPt4DSow/edit#gid=1465731937;https://docs.google.com/spreadsheets/d/13smsrG2BGYxr_omJWcgr-sUDr39bvOJPNL5RPt4DSow/edit#gid=1934543062;https://docs.google.com/spreadsheets/d/13smsrG2BGYxr_omJWcgr-sUDr39bvOJPNL5RPt4DSow/edit#gid=71150222;https://docs.google.com/spreadsheets/d/1B2uTMvWlAHb7WlpupJV1A2Hbi3K3U1vCyoFV0wCapcw/edit#gid=1521895812;https://docs.google.com/spreadsheets/d/1B2uTMvWlAHb7WlpupJV1A2Hbi3K3U1vCyoFV0wCapcw/edit#gid=26363830;https://docs.google.com/spreadsheets/d/1FUsClf5qEny-BHY5Djp8rIwRJKBSJDvygJ8LBa62FEo/edit#gid=0;https://docs.google.com/spreadsheets/d/1JZpA-5XDldN2bjfvhvBPHYK-1AENETLnF1UxNEpWlNA/edit#gid=352888197;https://docs.google.com/spreadsheets/d/1kiwDk4NgYoKb0Oo9yqzwl9HXHxuQ_0I5gkb1JtE57PI/edit#gid=0;https://docs.google.com/spreadsheets/d/1n9SmK-ccTCn8Jjhs4U2LKnibXY8PvuBtV3V9MCOURRA/edit#gid=0;https://docs.google.com/spreadsheets/d/1nwiq_ggEj7QePeZGMR2xoi0bEHJr_ZGO24YCRdt93No/edit#gid=857670931;https://docs.google.com/spreadsheets/d/1odsNRAZStW1GzmpXwmg27dqjOlch7w8syZOZ5Z2OQRg/edit#gid=0;https://docs.google.com/spreadsheets/d/1uo7-E_E2jbehB2hbBurpPayP_0fKY5sPZcFgZmfLydY/edit#gid=1526488506;https://docs.google.com/spreadsheets/d/1uo7-E_E2jbehB2hbBurpPayP_0fKY5sPZcFgZmfLydY/edit#gid=1696255979;https://docs.google.com/spreadsheets/d/1uo7-E_E2jbehB2hbBurpPayP_0fKY5sPZcFgZmfLydY/edit#gid=520178140;https://docs.google.com/spreadsheets/d/1vJ-pioe3RZKSZ3LIGEA3FVTv_KEE_XKIQAXSIUNNd-Q/edit#gid=0;https://raw.githubusercontent.com/PokeAPI/pokeapi/master/data/v2/csv/languages.csv;https://raw.githubusercontent.com/PokeAPI/pokeapi/master/data/v2/csv/pokemon.csv;https://raw.githubusercontent.com/PokeAPI/pokeapi/master/data/v2/csv/pokemon_form_names.csv;https://raw.githubusercontent.com/PokeAPI/pokeapi/master/data/v2/csv/pokemon_forms.csv;https://raw.githubusercontent.com/PokeAPI/pokeapi/master/data/v2/csv/pokemon_species_names.csv;output/team-graphics/s3/GPL Teams Spieltag 14 (1).jpg;output/team-graphics/s3/GPL Teams Spieltag 14 (2).jpg;output/team-graphics/s4/Ritter der Tapukokosnuss - FullLifeGames.png;output/team-graphics/s4/Schnittlauchs - PokeBazi.png;output/team-graphics/s4/Shocking Shaymins - MeLevies.png;output/team-graphics/s4/Variant Vulpix - CrowdController.png;output/team-graphics/s5/Cabgosport.png;output/team-graphics/s5/Energie Tobutz.png
season_008,Liga 1,rueckrunde,Dauni Daunstar,Glückspilze,11,70.2,62.8,62.8,100,"Mamutel, Gengar, Selfe, Lanturn, Krebutack, Kobalium",data/manual/pokemon_killlists.csv;data/manual/team_pokemon_usage.csv;https://docs.google.com/spreadsheets/d/11wxsKyCydVmDjp4kGLJAOLPM_LgwCLN2GYpbDQkNtkk/edit#gid=1588964432;https://docs.google.com/spreadsheets/d/11wxsKyCydVmDjp4kGLJAOLPM_LgwCLN2GYpbDQkNtkk/edit#gid=1843013406;https://docs.google.com/spreadsheets/d/13smsrG2BGYxr_omJWcgr-sUDr39bvOJPNL5RPt4DSow/edit#gid=1934543062;https://docs.google.com/spreadsheets/d/13smsrG2BGYxr_omJWcgr-sUDr39bvOJPNL5RPt4DSow/edit#gid=1953790464;https://docs.google.com/spreadsheets/d/13smsrG2BGYxr_omJWcgr-sUDr39bvOJPNL5RPt4DSow/edit#gid=71150222;https://docs.google.com/spreadsheets/d/1B2uTMvWlAHb7WlpupJV1A2Hbi3K3U1vCyoFV0wCapcw/edit#gid=1271313224;https://docs.google.com/spreadsheets/d/1B2uTMvWlAHb7WlpupJV1A2Hbi3K3U1vCyoFV0wCapcw/edit#gid=1521895812;https://docs.google.com/spreadsheets/d/1B2uTMvWlAHb7WlpupJV1A2Hbi3K3U1vCyoFV0wCapcw/edit#gid=1846395979;https://docs.google.com/spreadsheets/d/1B2uTMvWlAHb7WlpupJV1A2Hbi3K3U1vCyoFV0wCapcw/edit#gid=26363830;https://docs.google.com/spreadsheets/d/1FUsClf5qEny-BHY5Djp8rIwRJKBSJDvygJ8LBa62FEo/edit#gid=0;https://docs.google.com/spreadsheets/d/1JZpA-5XDldN2bjfvhvBPHYK-1AENETLnF1UxNEpWlNA/edit#gid=352888197;https://docs.google.com/spreadsheets/d/1kiwDk4NgYoKb0Oo9yqzwl9HXHxuQ_0I5gkb1JtE57PI/edit#gid=0;https://docs.google.com/spreadsheets/d/1n9SmK-ccTCn8Jjhs4U2LKnibXY8PvuBtV3V9MCOURRA/edit#gid=0;https://docs.google.com/spreadsheets/d/1nwiq_ggEj7QePeZGMR2xoi0bEHJr_ZGO24YCRdt93No/edit#gid=857670931;https://docs.google.com/spreadsheets/d/1odsNRAZStW1GzmpXwmg27dqjOlch7w8syZOZ5Z2OQRg/edit#gid=0;https://docs.google.com/spreadsheets/d/1uo7-E_E2jbehB2hbBurpPayP_0fKY5sPZcFgZmfLydY/edit#gid=1526488506;https://docs.google.com/spreadsheets/d/1uo7-E_E2jbehB2hbBurpPayP_0fKY5sPZcFgZmfLydY/edit#gid=1696255979;https://docs.google.com/spreadsheets/d/1uo7-E_E2jbehB2hbBurpPayP_0fKY5sPZcFgZmfLydY/edit#gid=520178140;https://docs.google.com/spreadsheets/d/1vJ-pioe3RZKSZ3LIGEA3FVTv_KEE_XKIQAXSIUNNd-Q/edit#gid=0;https://raw.githubusercontent.com/PokeAPI/pokeapi/master/data/v2/csv/languages.csv;https://raw.githubusercontent.com/PokeAPI/pokeapi/master/data/v2/csv/pokemon.csv;https://raw.githubusercontent.com/PokeAPI/pokeapi/master/data/v2/csv/pokemon_form_names.csv;https://raw.githubusercontent.com/PokeAPI/pokeapi/master/data/v2/csv/pokemon_forms.csv;https://raw.githubusercontent.com/PokeAPI/pokeapi/master/data/v2/csv/pokemon_species_names.csv;output/team-graphics/s3/GPL Teams Spieltag 14 (1).jpg;output/team-graphics/s3/GPL Teams Spieltag 14 (2).jpg;output/team-graphics/s4/Shocking Shaymins - MeLevies.png;output/team-graphics/s4/Variant Vulpix - CrowdController.png;output/team-graphics/s5/Shockwaving Magearnas.png;output/team-graphics/s5/SoulStealer.png;output/team-graphics/s5/Victini Bottom.png
season_010,Regular Season,regular,KingBlex,Cyber End Jugulis,11,69.2,61.5,61.5,100,"Tentoxa, Fruyal, Mimigma, Eisenrad, Britzigel, Eisenhals",data/manual/pokemon_killlists.csv;data/manual/team_pokemon_usage.csv;https://docs.google.com/spreadsheets/d/11wxsKyCydVmDjp4kGLJAOLPM_LgwCLN2GYpbDQkNtkk/edit#gid=1588964432;https://docs.google.com/spreadsheets/d/11wxsKyCydVmDjp4kGLJAOLPM_LgwCLN2GYpbDQkNtkk/edit#gid=1843013406;https://docs.google.com/spreadsheets/d/13smsrG2BGYxr_omJWcgr-sUDr39bvOJPNL5RPt4DSow/edit#gid=1465731937;https://docs.google.com/spreadsheets/d/13smsrG2BGYxr_omJWcgr-sUDr39bvOJPNL5RPt4DSow/edit#gid=1934543062;https://docs.google.com/spreadsheets/d/13smsrG2BGYxr_omJWcgr-sUDr39bvOJPNL5RPt4DSow/edit#gid=1953790464;https://docs.google.com/spreadsheets/d/13smsrG2BGYxr_omJWcgr-sUDr39bvOJPNL5RPt4DSow/edit#gid=71150222;https://docs.google.com/spreadsheets/d/1B2uTMvWlAHb7WlpupJV1A2Hbi3K3U1vCyoFV0wCapcw/edit#gid=1271313224;https://docs.google.com/spreadsheets/d/1B2uTMvWlAHb7WlpupJV1A2Hbi3K3U1vCyoFV0wCapcw/edit#gid=1521895812;https://docs.google.com/spreadsheets/d/1B2uTMvWlAHb7WlpupJV1A2Hbi3K3U1vCyoFV0wCapcw/edit#gid=1846395979;https://docs.google.com/spreadsheets/d/1B2uTMvWlAHb7WlpupJV1A2Hbi3K3U1vCyoFV0wCapcw/edit#gid=26363830;https://docs.google.com/spreadsheets/d/1FUsClf5qEny-BHY5Djp8rIwRJKBSJDvygJ8LBa62FEo/edit#gid=0;https://docs.google.com/spreadsheets/d/1JZpA-5XDldN2bjfvhvBPHYK-1AENETLnF1UxNEpWlNA/edit#gid=352888197;https://docs.google.com/spreadsheets/d/1kiwDk4NgYoKb0Oo9yqzwl9HXHxuQ_0I5gkb1JtE57PI/edit#gid=0;https://docs.google.com/spreadsheets/d/1n9SmK-ccTCn8Jjhs4U2LKnibXY8PvuBtV3V9MCOURRA/edit#gid=0;https://docs.google.com/spreadsheets/d/1nwiq_ggEj7QePeZGMR2xoi0bEHJr_ZGO24YCRdt93No/edit#gid=857670931;https://docs.google.com/spreadsheets/d/1odsNRAZStW1GzmpXwmg27dqjOlch7w8syZOZ5Z2OQRg/edit#gid=0;https://docs.google.com/spreadsheets/d/1uo7-E_E2jbehB2hbBurpPayP_0fKY5sPZcFgZmfLydY/edit#gid=1526488506;https://docs.google.com/spreadsheets/d/1uo7-E_E2jbehB2hbBurpPayP_0fKY5sPZcFgZmfLydY/edit#gid=1696255979;https://docs.google.com/spreadsheets/d/1uo7-E_E2jbehB2hbBurpPayP_0fKY5sPZcFgZmfLydY/edit#gid=520178140;https://docs.google.com/spreadsheets/d/1vJ-pioe3RZKSZ3LIGEA3FVTv_KEE_XKIQAXSIUNNd-Q/edit#gid=0;https://raw.githubusercontent.com/PokeAPI/pokeapi/master/data/v2/csv/languages.csv;https://raw.githubusercontent.com/PokeAPI/pokeapi/master/data/v2/csv/pokemon.csv;https://raw.githubusercontent.com/PokeAPI/pokeapi/master/data/v2/csv/pokemon_form_names.csv;https://raw.githubusercontent.com/PokeAPI/pokeapi/master/data/v2/csv/pokemon_forms.csv;https://raw.githubusercontent.com/PokeAPI/pokeapi/master/data/v2/csv/pokemon_species_names.csv;output/team-graphics/s4/Enteikutierung - Lauris Enteitainment.png;output/team-graphics/s4/Flexing Masskito - RegiBang.png;output/team-graphics/s5/Aggron Berlin.png
season_008,Liga 2,rueckrunde,BlackLink,Abyssal Nightmare,11,69.0,61.2,61.2,100,"Heatran, Rabigator, Latias, Lanturn, Celebi, Aerodactyl",data/manual/pokemon_killlists.csv;data/manual/team_pokemon_usage.csv;https://docs.google.com/spreadsheets/d/11wxsKyCydVmDjp4kGLJAOLPM_LgwCLN2GYpbDQkNtkk/edit#gid=1588964432;https://docs.google.com/spreadsheets/d/11wxsKyCydVmDjp4kGLJAOLPM_LgwCLN2GYpbDQkNtkk/edit#gid=1843013406;https://docs.google.com/spreadsheets/d/11wxsKyCydVmDjp4kGLJAOLPM_LgwCLN2GYpbDQkNtkk/edit#gid=654435343;https://docs.google.com/spreadsheets/d/13smsrG2BGYxr_omJWcgr-sUDr39bvOJPNL5RPt4DSow/edit#gid=1934543062;https://docs.google.com/spreadsheets/d/13smsrG2BGYxr_omJWcgr-sUDr39bvOJPNL5RPt4DSow/edit#gid=71150222;https://docs.google.com/spreadsheets/d/1B2uTMvWlAHb7WlpupJV1A2Hbi3K3U1vCyoFV0wCapcw/edit#gid=1271313224;https://docs.google.com/spreadsheets/d/1B2uTMvWlAHb7WlpupJV1A2Hbi3K3U1vCyoFV0wCapcw/edit#gid=1521895812;https://docs.google.com/spreadsheets/d/1B2uTMvWlAHb7WlpupJV1A2Hbi3K3U1vCyoFV0wCapcw/edit#gid=1846395979;https://docs.google.com/spreadsheets/d/1B2uTMvWlAHb7WlpupJV1A2Hbi3K3U1vCyoFV0wCapcw/edit#gid=26363830;https://docs.google.com/spreadsheets/d/1FUsClf5qEny-BHY5Djp8rIwRJKBSJDvygJ8LBa62FEo/edit#gid=0;https://docs.google.com/spreadsheets/d/1JZpA-5XDldN2bjfvhvBPHYK-1AENETLnF1UxNEpWlNA/edit#gid=352888197;https://docs.google.com/spreadsheets/d/1kiwDk4NgYoKb0Oo9yqzwl9HXHxuQ_0I5gkb1JtE57PI/edit#gid=0;https://docs.google.com/spreadsheets/d/1n9SmK-ccTCn8Jjhs4U2LKnibXY8PvuBtV3V9MCOURRA/edit#gid=0;https://docs.google.com/spreadsheets/d/1nwiq_ggEj7QePeZGMR2xoi0bEHJr_ZGO24YCRdt93No/edit#gid=857670931;https://docs.google.com/spreadsheets/d/1odsNRAZStW1GzmpXwmg27dqjOlch7w8syZOZ5Z2OQRg/edit#gid=0;https://docs.google.com/spreadsheets/d/1uo7-E_E2jbehB2hbBurpPayP_0fKY5sPZcFgZmfLydY/edit#gid=1526488506;https://docs.google.com/spreadsheets/d/1uo7-E_E2jbehB2hbBurpPayP_0fKY5sPZcFgZmfLydY/edit#gid=1696255979;https://docs.google.com/spreadsheets/d/1uo7-E_E2jbehB2hbBurpPayP_0fKY5sPZcFgZmfLydY/edit#gid=520178140;https://docs.google.com/spreadsheets/d/1vJ-pioe3RZKSZ3LIGEA3FVTv_KEE_XKIQAXSIUNNd-Q/edit#gid=0;https://raw.githubusercontent.com/PokeAPI/pokeapi/master/data/v2/csv/languages.csv;https://raw.githubusercontent.com/PokeAPI/pokeapi/master/data/v2/csv/pokemon.csv;https://raw.githubusercontent.com/PokeAPI/pokeapi/master/data/v2/csv/pokemon_form_names.csv;https://raw.githubusercontent.com/PokeAPI/pokeapi/master/data/v2/csv/pokemon_forms.csv;https://raw.githubusercontent.com/PokeAPI/pokeapi/master/data/v2/csv/pokemon_species_names.csv;output/team-graphics/s3/GPL Teams Spieltag 14 (1).jpg;output/team-graphics/s3/GPL Teams Spieltag 14 (2).jpg;output/team-graphics/s4/Suicide Squad - CaptainCrinch.png;output/team-graphics/s4/Surstars - SurskitTV.png;output/team-graphics/s5/Energie Tobutz.png;output/team-graphics/s5/Prekani.png;output/team-graphics/s5/Shockwaving Magearnas.png
season_010,Playoffs,playoffs,PresentLP,Prekani,9,68.8,65.6,65.6,81.8,"Kobalium, Arkani, Rizeros, Eisenkrieger, Horrerba, Eisenhals",data/manual/pokemon_killlists.csv;data/manual/team_pokemon_usage.csv;https://docs.google.com/spreadsheets/d/11wxsKyCydVmDjp4kGLJAOLPM_LgwCLN2GYpbDQkNtkk/edit#gid=1588964432;https://docs.google.com/spreadsheets/d/11wxsKyCydVmDjp4kGLJAOLPM_LgwCLN2GYpbDQkNtkk/edit#gid=1843013406;https://docs.google.com/spreadsheets/d/13smsrG2BGYxr_omJWcgr-sUDr39bvOJPNL5RPt4DSow/edit#gid=1934543062;https://docs.google.com/spreadsheets/d/13smsrG2BGYxr_omJWcgr-sUDr39bvOJPNL5RPt4DSow/edit#gid=1953790464;https://docs.google.com/spreadsheets/d/13smsrG2BGYxr_omJWcgr-sUDr39bvOJPNL5RPt4DSow/edit#gid=71150222;https://docs.google.com/spreadsheets/d/1B2uTMvWlAHb7WlpupJV1A2Hbi3K3U1vCyoFV0wCapcw/edit#gid=1271313224;https://docs.google.com/spreadsheets/d/1B2uTMvWlAHb7WlpupJV1A2Hbi3K3U1vCyoFV0wCapcw/edit#gid=1521895812;https://docs.google.com/spreadsheets/d/1B2uTMvWlAHb7WlpupJV1A2Hbi3K3U1vCyoFV0wCapcw/edit#gid=1846395979;https://docs.google.com/spreadsheets/d/1B2uTMvWlAHb7WlpupJV1A2Hbi3K3U1vCyoFV0wCapcw/edit#gid=26363830;https://docs.google.com/spreadsheets/d/1FUsClf5qEny-BHY5Djp8rIwRJKBSJDvygJ8LBa62FEo/edit#gid=0;https://docs.google.com/spreadsheets/d/1JZpA-5XDldN2bjfvhvBPHYK-1AENETLnF1UxNEpWlNA/edit#gid=352888197;https://docs.google.com/spreadsheets/d/1kiwDk4NgYoKb0Oo9yqzwl9HXHxuQ_0I5gkb1JtE57PI/edit#gid=0;https://docs.google.com/spreadsheets/d/1n9SmK-ccTCn8Jjhs4U2LKnibXY8PvuBtV3V9MCOURRA/edit#gid=0;https://docs.google.com/spreadsheets/d/1nwiq_ggEj7QePeZGMR2xoi0bEHJr_ZGO24YCRdt93No/edit#gid=857670931;https://docs.google.com/spreadsheets/d/1odsNRAZStW1GzmpXwmg27dqjOlch7w8syZOZ5Z2OQRg/edit#gid=0;https://docs.google.com/spreadsheets/d/1uo7-E_E2jbehB2hbBurpPayP_0fKY5sPZcFgZmfLydY/edit#gid=1526488506;https://docs.google.com/spreadsheets/d/1uo7-E_E2jbehB2hbBurpPayP_0fKY5sPZcFgZmfLydY/edit#gid=1696255979;https://docs.google.com/spreadsheets/d/1uo7-E_E2jbehB2hbBurpPayP_0fKY5sPZcFgZmfLydY/edit#gid=520178140;https://docs.google.com/spreadsheets/d/1vJ-pioe3RZKSZ3LIGEA3FVTv_KEE_XKIQAXSIUNNd-Q/edit#gid=0;https://raw.githubusercontent.com/PokeAPI/pokeapi/master/data/v2/csv/languages.csv;https://raw.githubusercontent.com/PokeAPI/pokeapi/master/data/v2/csv/pokemon.csv;https://raw.githubusercontent.com/PokeAPI/pokeapi/master/data/v2/csv/pokemon_form_names.csv;https://raw.githubusercontent.com/PokeAPI/pokeapi/master/data/v2/csv/pokemon_forms.csv;https://raw.githubusercontent.com/PokeAPI/pokeapi/master/data/v2/csv/pokemon_species_names.csv;output/team-graphics/s3/GPL Teams Spieltag 14 (1).jpg;output/team-graphics/s3/GPL Teams Spieltag 14 (2).jpg;output/team-graphics/s4/Prekani - PresentLP.png;output/team-graphics/s4/Variant Vulpix - CrowdController.png;output/team-graphics/s5/Marvelous Speedsters.png;output/team-graphics/s5/SoulStealer.png
season_010,Playoffs,playoffs,Raizor,Unbound Soul,10,68.7,63.2,63.2,90.9,"Knakrack, Zoroark, Fiaro, Feelinara, Turtok, Snieboss",data/manual/pokemon_killlists.csv;data/manual/team_pokemon_usage.csv;https://docs.google.com/spreadsheets/d/11wxsKyCydVmDjp4kGLJAOLPM_LgwCLN2GYpbDQkNtkk/edit#gid=1588964432;https://docs.google.com/spreadsheets/d/11wxsKyCydVmDjp4kGLJAOLPM_LgwCLN2GYpbDQkNtkk/edit#gid=1843013406;https://docs.google.com/spreadsheets/d/11wxsKyCydVmDjp4kGLJAOLPM_LgwCLN2GYpbDQkNtkk/edit#gid=654435343;https://docs.google.com/spreadsheets/d/13smsrG2BGYxr_omJWcgr-sUDr39bvOJPNL5RPt4DSow/edit#gid=1934543062;https://docs.google.com/spreadsheets/d/13smsrG2BGYxr_omJWcgr-sUDr39bvOJPNL5RPt4DSow/edit#gid=1953790464;https://docs.google.com/spreadsheets/d/13smsrG2BGYxr_omJWcgr-sUDr39bvOJPNL5RPt4DSow/edit#gid=71150222;https://docs.google.com/spreadsheets/d/1B2uTMvWlAHb7WlpupJV1A2Hbi3K3U1vCyoFV0wCapcw/edit#gid=1271313224;https://docs.google.com/spreadsheets/d/1B2uTMvWlAHb7WlpupJV1A2Hbi3K3U1vCyoFV0wCapcw/edit#gid=1521895812;https://docs.google.com/spreadsheets/d/1B2uTMvWlAHb7WlpupJV1A2Hbi3K3U1vCyoFV0wCapcw/edit#gid=1846395979;https://docs.google.com/spreadsheets/d/1B2uTMvWlAHb7WlpupJV1A2Hbi3K3U1vCyoFV0wCapcw/edit#gid=26363830;https://docs.google.com/spreadsheets/d/1FUsClf5qEny-BHY5Djp8rIwRJKBSJDvygJ8LBa62FEo/edit#gid=0;https://docs.google.com/spreadsheets/d/1JZpA-5XDldN2bjfvhvBPHYK-1AENETLnF1UxNEpWlNA/edit#gid=352888197;https://docs.google.com/spreadsheets/d/1kiwDk4NgYoKb0Oo9yqzwl9HXHxuQ_0I5gkb1JtE57PI/edit#gid=0;https://docs.google.com/spreadsheets/d/1n9SmK-ccTCn8Jjhs4U2LKnibXY8PvuBtV3V9MCOURRA/edit#gid=0;https://docs.google.com/spreadsheets/d/1nwiq_ggEj7QePeZGMR2xoi0bEHJr_ZGO24YCRdt93No/edit#gid=857670931;https://docs.google.com/spreadsheets/d/1odsNRAZStW1GzmpXwmg27dqjOlch7w8syZOZ5Z2OQRg/edit#gid=0;https://docs.google.com/spreadsheets/d/1uo7-E_E2jbehB2hbBurpPayP_0fKY5sPZcFgZmfLydY/edit#gid=1526488506;https://docs.google.com/spreadsheets/d/1uo7-E_E2jbehB2hbBurpPayP_0fKY5sPZcFgZmfLydY/edit#gid=1696255979;https://docs.google.com/spreadsheets/d/1uo7-E_E2jbehB2hbBurpPayP_0fKY5sPZcFgZmfLydY/edit#gid=520178140;https://docs.google.com/spreadsheets/d/1vJ-pioe3RZKSZ3LIGEA3FVTv_KEE_XKIQAXSIUNNd-Q/edit#gid=0;https://raw.githubusercontent.com/PokeAPI/pokeapi/master/data/v2/csv/languages.csv;https://raw.githubusercontent.com/PokeAPI/pokeapi/master/data/v2/csv/pokemon.csv;https://raw.githubusercontent.com/PokeAPI/pokeapi/master/data/v2/csv/pokemon_form_names.csv;https://raw.githubusercontent.com/PokeAPI/pokeapi/master/data/v2/csv/pokemon_forms.csv;https://raw.githubusercontent.com/PokeAPI/pokeapi/master/data/v2/csv/pokemon_species_names.csv;output/team-graphics/s3/GPL Teams Spieltag 14 (1).jpg;output/team-graphics/s3/GPL Teams Spieltag 14 (2).jpg;output/team-graphics/s4/Minetube - Triyolotree.png;output/team-graphics/s4/Slicing Knights - Cabgolord.png;output/team-graphics/s4/Suicide Squad - CaptainCrinch.png;output/team-graphics/s5/Cabgosport.png
season_008,Liga 2,rueckrunde,Raizor,Soulstealer,11,67.8,59.7,59.7,100,"Kaguron, Zoroark, Tentoxa, Porygon2, Kicklee, Golgantes",data/manual/pokemon_killlists.csv;data/manual/team_pokemon_usage.csv;https://docs.google.com/spreadsheets/d/11wxsKyCydVmDjp4kGLJAOLPM_LgwCLN2GYpbDQkNtkk/edit#gid=1843013406;https://docs.google.com/spreadsheets/d/13smsrG2BGYxr_omJWcgr-sUDr39bvOJPNL5RPt4DSow/edit#gid=1934543062;https://docs.google.com/spreadsheets/d/13smsrG2BGYxr_omJWcgr-sUDr39bvOJPNL5RPt4DSow/edit#gid=1953790464;https://docs.google.com/spreadsheets/d/13smsrG2BGYxr_omJWcgr-sUDr39bvOJPNL5RPt4DSow/edit#gid=71150222;https://docs.google.com/spreadsheets/d/1B2uTMvWlAHb7WlpupJV1A2Hbi3K3U1vCyoFV0wCapcw/edit#gid=1271313224;https://docs.google.com/spreadsheets/d/1B2uTMvWlAHb7WlpupJV1A2Hbi3K3U1vCyoFV0wCapcw/edit#gid=1521895812;https://docs.google.com/spreadsheets/d/1B2uTMvWlAHb7WlpupJV1A2Hbi3K3U1vCyoFV0wCapcw/edit#gid=1846395979;https://docs.google.com/spreadsheets/d/1B2uTMvWlAHb7WlpupJV1A2Hbi3K3U1vCyoFV0wCapcw/edit#gid=26363830;https://docs.google.com/spreadsheets/d/1FUsClf5qEny-BHY5Djp8rIwRJKBSJDvygJ8LBa62FEo/edit#gid=0;https://docs.google.com/spreadsheets/d/1JZpA-5XDldN2bjfvhvBPHYK-1AENETLnF1UxNEpWlNA/edit#gid=352888197;https://docs.google.com/spreadsheets/d/1kiwDk4NgYoKb0Oo9yqzwl9HXHxuQ_0I5gkb1JtE57PI/edit#gid=0;https://docs.google.com/spreadsheets/d/1n9SmK-ccTCn8Jjhs4U2LKnibXY8PvuBtV3V9MCOURRA/edit#gid=0;https://docs.google.com/spreadsheets/d/1nwiq_ggEj7QePeZGMR2xoi0bEHJr_ZGO24YCRdt93No/edit#gid=857670931;https://docs.google.com/spreadsheets/d/1odsNRAZStW1GzmpXwmg27dqjOlch7w8syZOZ5Z2OQRg/edit#gid=0;https://docs.google.com/spreadsheets/d/1uo7-E_E2jbehB2hbBurpPayP_0fKY5sPZcFgZmfLydY/edit#gid=1526488506;https://docs.google.com/spreadsheets/d/1uo7-E_E2jbehB2hbBurpPayP_0fKY5sPZcFgZmfLydY/edit#gid=1696255979;https://docs.google.com/spreadsheets/d/1uo7-E_E2jbehB2hbBurpPayP_0fKY5sPZcFgZmfLydY/edit#gid=520178140;https://docs.google.com/spreadsheets/d/1vJ-pioe3RZKSZ3LIGEA3FVTv_KEE_XKIQAXSIUNNd-Q/edit#gid=0;https://raw.githubusercontent.com/PokeAPI/pokeapi/master/data/v2/csv/languages.csv;https://raw.githubusercontent.com/PokeAPI/pokeapi/master/data/v2/csv/pokemon.csv;https://raw.githubusercontent.com/PokeAPI/pokeapi/master/data/v2/csv/pokemon_form_names.csv;https://raw.githubusercontent.com/PokeAPI/pokeapi/master/data/v2/csv/pokemon_forms.csv;https://raw.githubusercontent.com/PokeAPI/pokeapi/master/data/v2/csv/pokemon_species_names.csv;output/team-graphics/s3/GPL Teams Spieltag 14 (1).jpg;output/team-graphics/s3/GPL Teams Spieltag 14 (2).jpg;output/team-graphics/s4/Flexing Masskito - RegiBang.png;output/team-graphics/s4/Slicing Knights - Cabgolord.png;output/team-graphics/s4/Surstars - SurskitTV.png;output/team-graphics/s5/Aggron Berlin.png;output/team-graphics/s5/Cabgosport.png;output/team-graphics/s5/Marvelous Speedsters.png
season_009,Singles,rueckrunde,PresentLP,Soulblaze,11,67.8,59.8,59.8,100,"Katapuldra, Azumarill, Viscogon, Rabigator, Kappalores, Pelipper",data/manual/pokemon_killlists.csv;data/manual/team_pokemon_usage.csv;https://docs.google.com/spreadsheets/d/11wxsKyCydVmDjp4kGLJAOLPM_LgwCLN2GYpbDQkNtkk/edit#gid=1588964432;https://docs.google.com/spreadsheets/d/11wxsKyCydVmDjp4kGLJAOLPM_LgwCLN2GYpbDQkNtkk/edit#gid=1843013406;https://docs.google.com/spreadsheets/d/13smsrG2BGYxr_omJWcgr-sUDr39bvOJPNL5RPt4DSow/edit#gid=1934543062;https://docs.google.com/spreadsheets/d/13smsrG2BGYxr_omJWcgr-sUDr39bvOJPNL5RPt4DSow/edit#gid=71150222;https://docs.google.com/spreadsheets/d/1B2uTMvWlAHb7WlpupJV1A2Hbi3K3U1vCyoFV0wCapcw/edit#gid=1271313224;https://docs.google.com/spreadsheets/d/1B2uTMvWlAHb7WlpupJV1A2Hbi3K3U1vCyoFV0wCapcw/edit#gid=1521895812;https://docs.google.com/spreadsheets/d/1B2uTMvWlAHb7WlpupJV1A2Hbi3K3U1vCyoFV0wCapcw/edit#gid=1846395979;https://docs.google.com/spreadsheets/d/1B2uTMvWlAHb7WlpupJV1A2Hbi3K3U1vCyoFV0wCapcw/edit#gid=26363830;https://docs.google.com/spreadsheets/d/1FUsClf5qEny-BHY5Djp8rIwRJKBSJDvygJ8LBa62FEo/edit#gid=0;https://docs.google.com/spreadsheets/d/1JZpA-5XDldN2bjfvhvBPHYK-1AENETLnF1UxNEpWlNA/edit#gid=352888197;https://docs.google.com/spreadsheets/d/1n9SmK-ccTCn8Jjhs4U2LKnibXY8PvuBtV3V9MCOURRA/edit#gid=0;https://docs.google.com/spreadsheets/d/1nwiq_ggEj7QePeZGMR2xoi0bEHJr_ZGO24YCRdt93No/edit#gid=857670931;https://docs.google.com/spreadsheets/d/1odsNRAZStW1GzmpXwmg27dqjOlch7w8syZOZ5Z2OQRg/edit#gid=0;https://docs.google.com/spreadsheets/d/1uo7-E_E2jbehB2hbBurpPayP_0fKY5sPZcFgZmfLydY/edit#gid=1526488506;https://docs.google.com/spreadsheets/d/1uo7-E_E2jbehB2hbBurpPayP_0fKY5sPZcFgZmfLydY/edit#gid=1696255979;https://docs.google.com/spreadsheets/d/1uo7-E_E2jbehB2hbBurpPayP_0fKY5sPZcFgZmfLydY/edit#gid=1992807502;https://docs.google.com/spreadsheets/d/1uo7-E_E2jbehB2hbBurpPayP_0fKY5sPZcFgZmfLydY/edit#gid=520178140;https://docs.google.com/spreadsheets/d/1uo7-E_E2jbehB2hbBurpPayP_0fKY5sPZcFgZmfLydY/edit#gid=754790791;https://docs.google.com/spreadsheets/d/1vJ-pioe3RZKSZ3LIGEA3FVTv_KEE_XKIQAXSIUNNd-Q/edit#gid=0;https://raw.githubusercontent.com/PokeAPI/pokeapi/master/data/v2/csv/languages.csv;https://raw.githubusercontent.com/PokeAPI/pokeapi/master/data/v2/csv/pokemon.csv;https://raw.githubusercontent.com/PokeAPI/pokeapi/master/data/v2/csv/pokemon_form_names.csv;https://raw.githubusercontent.com/PokeAPI/pokeapi/master/data/v2/csv/pokemon_forms.csv;https://raw.githubusercontent.com/PokeAPI/pokeapi/master/data/v2/csv/pokemon_species_names.csv;output/team-graphics/s3/GPL Teams Spieltag 14 (1).jpg;output/team-graphics/s3/GPL Teams Spieltag 14 (2).jpg;output/team-graphics/s4/Minetube - Triyolotree.png;output/team-graphics/s4/Suicide Squad - CaptainCrinch.png;output/team-graphics/s5/Energie Tobutz.png;output/team-graphics/s5/Howling Commandos.png
season_009,Doubles,rueckrunde,Raizor,Soulblaze,11,67.8,59.8,59.8,100,"Katapuldra, Azumarill, Viscogon, Rabigator, Kappalores, Pelipper",data/manual/pokemon_killlists.csv;data/manual/team_pokemon_usage.csv;https://docs.google.com/spreadsheets/d/11wxsKyCydVmDjp4kGLJAOLPM_LgwCLN2GYpbDQkNtkk/edit#gid=1588964432;https://docs.google.com/spreadsheets/d/11wxsKyCydVmDjp4kGLJAOLPM_LgwCLN2GYpbDQkNtkk/edit#gid=1843013406;https://docs.google.com/spreadsheets/d/13smsrG2BGYxr_omJWcgr-sUDr39bvOJPNL5RPt4DSow/edit#gid=1934543062;https://docs.google.com/spreadsheets/d/13smsrG2BGYxr_omJWcgr-sUDr39bvOJPNL5RPt4DSow/edit#gid=71150222;https://docs.google.com/spreadsheets/d/1B2uTMvWlAHb7WlpupJV1A2Hbi3K3U1vCyoFV0wCapcw/edit#gid=1271313224;https://docs.google.com/spreadsheets/d/1B2uTMvWlAHb7WlpupJV1A2Hbi3K3U1vCyoFV0wCapcw/edit#gid=1521895812;https://docs.google.com/spreadsheets/d/1B2uTMvWlAHb7WlpupJV1A2Hbi3K3U1vCyoFV0wCapcw/edit#gid=1846395979;https://docs.google.com/spreadsheets/d/1B2uTMvWlAHb7WlpupJV1A2Hbi3K3U1vCyoFV0wCapcw/edit#gid=26363830;https://docs.google.com/spreadsheets/d/1FUsClf5qEny-BHY5Djp8rIwRJKBSJDvygJ8LBa62FEo/edit#gid=0;https://docs.google.com/spreadsheets/d/1JZpA-5XDldN2bjfvhvBPHYK-1AENETLnF1UxNEpWlNA/edit#gid=352888197;https://docs.google.com/spreadsheets/d/1n9SmK-ccTCn8Jjhs4U2LKnibXY8PvuBtV3V9MCOURRA/edit#gid=0;https://docs.google.com/spreadsheets/d/1nwiq_ggEj7QePeZGMR2xoi0bEHJr_ZGO24YCRdt93No/edit#gid=857670931;https://docs.google.com/spreadsheets/d/1odsNRAZStW1GzmpXwmg27dqjOlch7w8syZOZ5Z2OQRg/edit#gid=0;https://docs.google.com/spreadsheets/d/1uo7-E_E2jbehB2hbBurpPayP_0fKY5sPZcFgZmfLydY/edit#gid=1526488506;https://docs.google.com/spreadsheets/d/1uo7-E_E2jbehB2hbBurpPayP_0fKY5sPZcFgZmfLydY/edit#gid=1696255979;https://docs.google.com/spreadsheets/d/1uo7-E_E2jbehB2hbBurpPayP_0fKY5sPZcFgZmfLydY/edit#gid=1992807502;https://docs.google.com/spreadsheets/d/1uo7-E_E2jbehB2hbBurpPayP_0fKY5sPZcFgZmfLydY/edit#gid=520178140;https://docs.google.com/spreadsheets/d/1uo7-E_E2jbehB2hbBurpPayP_0fKY5sPZcFgZmfLydY/edit#gid=754790791;https://docs.google.com/spreadsheets/d/1vJ-pioe3RZKSZ3LIGEA3FVTv_KEE_XKIQAXSIUNNd-Q/edit#gid=0;https://raw.githubusercontent.com/PokeAPI/pokeapi/master/data/v2/csv/languages.csv;https://raw.githubusercontent.com/PokeAPI/pokeapi/master/data/v2/csv/pokemon.csv;https://raw.githubusercontent.com/PokeAPI/pokeapi/master/data/v2/csv/pokemon_form_names.csv;https://raw.githubusercontent.com/PokeAPI/pokeapi/master/data/v2/csv/pokemon_forms.csv;https://raw.githubusercontent.com/PokeAPI/pokeapi/master/data/v2/csv/pokemon_species_names.csv;output/team-graphics/s3/GPL Teams Spieltag 14 (1).jpg;output/team-graphics/s3/GPL Teams Spieltag 14 (2).jpg;output/team-graphics/s4/Minetube - Triyolotree.png;output/team-graphics/s4/Suicide Squad - CaptainCrinch.png;output/team-graphics/s5/Energie Tobutz.png;output/team-graphics/s5/Howling Commandos.png
season_010,Playoffs,playoffs,RobinVGC,Choice Bandits,6,67.8,71.1,71.1,54.5,"Latios, Florges, Montecarbo, Illumise, Fatalitcha, Hisui-Viscogon",data/manual/team_pokemon_usage.csv;https://docs.google.com/spreadsheets/d/11wxsKyCydVmDjp4kGLJAOLPM_LgwCLN2GYpbDQkNtkk/edit#gid=1588964432;https://docs.google.com/spreadsheets/d/11wxsKyCydVmDjp4kGLJAOLPM_LgwCLN2GYpbDQkNtkk/edit#gid=1843013406;https://docs.google.com/spreadsheets/d/11wxsKyCydVmDjp4kGLJAOLPM_LgwCLN2GYpbDQkNtkk/edit#gid=654435343;https://docs.google.com/spreadsheets/d/13smsrG2BGYxr_omJWcgr-sUDr39bvOJPNL5RPt4DSow/edit#gid=1934543062;https://docs.google.com/spreadsheets/d/13smsrG2BGYxr_omJWcgr-sUDr39bvOJPNL5RPt4DSow/edit#gid=1953790464;https://docs.google.com/spreadsheets/d/13smsrG2BGYxr_omJWcgr-sUDr39bvOJPNL5RPt4DSow/edit#gid=71150222;https://docs.google.com/spreadsheets/d/1FUsClf5qEny-BHY5Djp8rIwRJKBSJDvygJ8LBa62FEo/edit#gid=0;https://docs.google.com/spreadsheets/d/1JZpA-5XDldN2bjfvhvBPHYK-1AENETLnF1UxNEpWlNA/edit#gid=352888197;https://docs.google.com/spreadsheets/d/1kiwDk4NgYoKb0Oo9yqzwl9HXHxuQ_0I5gkb1JtE57PI/edit#gid=0;https://docs.google.com/spreadsheets/d/1n9SmK-ccTCn8Jjhs4U2LKnibXY8PvuBtV3V9MCOURRA/edit#gid=0;https://docs.google.com/spreadsheets/d/1nwiq_ggEj7QePeZGMR2xoi0bEHJr_ZGO24YCRdt93No/edit#gid=857670931;https://docs.google.com/spreadsheets/d/1odsNRAZStW1GzmpXwmg27dqjOlch7w8syZOZ5Z2OQRg/edit#gid=0;https://docs.google.com/spreadsheets/d/1uo7-E_E2jbehB2hbBurpPayP_0fKY5sPZcFgZmfLydY/edit#gid=1526488506;https://docs.google.com/spreadsheets/d/1uo7-E_E2jbehB2hbBurpPayP_0fKY5sPZcFgZmfLydY/edit#gid=1696255979;https://docs.google.com/spreadsheets/d/1uo7-E_E2jbehB2hbBurpPayP_0fKY5sPZcFgZmfLydY/edit#gid=520178140;https://docs.google.com/spreadsheets/d/1vJ-pioe3RZKSZ3LIGEA3FVTv_KEE_XKIQAXSIUNNd-Q/edit#gid=0;https://raw.githubusercontent.com/PokeAPI/pokeapi/master/data/v2/csv/languages.csv;https://raw.githubusercontent.com/PokeAPI/pokeapi/master/data/v2/csv/pokemon.csv;https://raw.githubusercontent.com/PokeAPI/pokeapi/master/data/v2/csv/pokemon_form_names.csv;https://raw.githubusercontent.com/PokeAPI/pokeapi/master/data/v2/csv/pokemon_forms.csv;https://raw.githubusercontent.com/PokeAPI/pokeapi/master/data/v2/csv/pokemon_species_names.csv;output/team-graphics/s3/GPL Teams Spieltag 14 (1).jpg;output/team-graphics/s4/Ritter der Tapukokosnuss - FullLifeGames.png;output/team-graphics/s4/Variant Vulpix - CrowdController.png;output/team-graphics/s5/Victini Bottom.png
season_006,Playoffs,playoffs,Art'n'Gaming,Little Litleos,11,67.2,59.0,59.0,100,"Stalobor, Primarene, Resladero, Brockoloss, Morlord, Magnezone",data/manual/pokemon_killlists.csv;data/manual/team_pokemon_usage.csv;https://docs.google.com/spreadsheets/d/11wxsKyCydVmDjp4kGLJAOLPM_LgwCLN2GYpbDQkNtkk/edit#gid=1588964432;https://docs.google.com/spreadsheets/d/11wxsKyCydVmDjp4kGLJAOLPM_LgwCLN2GYpbDQkNtkk/edit#gid=1843013406;https://docs.google.com/spreadsheets/d/11wxsKyCydVmDjp4kGLJAOLPM_LgwCLN2GYpbDQkNtkk/edit#gid=654435343;https://docs.google.com/spreadsheets/d/13smsrG2BGYxr_omJWcgr-sUDr39bvOJPNL5RPt4DSow/edit#gid=1934543062;https://docs.google.com/spreadsheets/d/13smsrG2BGYxr_omJWcgr-sUDr39bvOJPNL5RPt4DSow/edit#gid=71150222;https://docs.google.com/spreadsheets/d/1B2uTMvWlAHb7WlpupJV1A2Hbi3K3U1vCyoFV0wCapcw/edit#gid=1271313224;https://docs.google.com/spreadsheets/d/1B2uTMvWlAHb7WlpupJV1A2Hbi3K3U1vCyoFV0wCapcw/edit#gid=1521895812;https://docs.google.com/spreadsheets/d/1B2uTMvWlAHb7WlpupJV1A2Hbi3K3U1vCyoFV0wCapcw/edit#gid=1846395979;https://docs.google.com/spreadsheets/d/1B2uTMvWlAHb7WlpupJV1A2Hbi3K3U1vCyoFV0wCapcw/edit#gid=26363830;https://docs.google.com/spreadsheets/d/1FUsClf5qEny-BHY5Djp8rIwRJKBSJDvygJ8LBa62FEo/edit#gid=0;https://docs.google.com/spreadsheets/d/1JZpA-5XDldN2bjfvhvBPHYK-1AENETLnF1UxNEpWlNA/edit#gid=352888197;https://docs.google.com/spreadsheets/d/1kXhNwKGrqQTwSal0NxpZ9h0yo6u_mQwhwg4vGVwxMX4/edit#gid=0;https://docs.google.com/spreadsheets/d/1kiwDk4NgYoKb0Oo9yqzwl9HXHxuQ_0I5gkb1JtE57PI/edit#gid=0;https://docs.google.com/spreadsheets/d/1n9SmK-ccTCn8Jjhs4U2LKnibXY8PvuBtV3V9MCOURRA/edit#gid=0;https://docs.google.com/spreadsheets/d/1nwiq_ggEj7QePeZGMR2xoi0bEHJr_ZGO24YCRdt93No/edit#gid=857670931;https://docs.google.com/spreadsheets/d/1odsNRAZStW1GzmpXwmg27dqjOlch7w8syZOZ5Z2OQRg/edit#gid=0;https://docs.google.com/spreadsheets/d/1uo7-E_E2jbehB2hbBurpPayP_0fKY5sPZcFgZmfLydY/edit#gid=1526488506;https://docs.google.com/spreadsheets/d/1uo7-E_E2jbehB2hbBurpPayP_0fKY5sPZcFgZmfLydY/edit#gid=1696255979;https://docs.google.com/spreadsheets/d/1uo7-E_E2jbehB2hbBurpPayP_0fKY5sPZcFgZmfLydY/edit#gid=520178140;https://docs.google.com/spreadsheets/d/1vJ-pioe3RZKSZ3LIGEA3FVTv_KEE_XKIQAXSIUNNd-Q/edit#gid=0;https://raw.githubusercontent.com/PokeAPI/pokeapi/master/data/v2/csv/languages.csv;https://raw.githubusercontent.com/PokeAPI/pokeapi/master/data/v2/csv/pokemon.csv;https://raw.githubusercontent.com/PokeAPI/pokeapi/master/data/v2/csv/pokemon_form_names.csv;https://raw.githubusercontent.com/PokeAPI/pokeapi/master/data/v2/csv/pokemon_forms.csv;https://raw.githubusercontent.com/PokeAPI/pokeapi/master/data/v2/csv/pokemon_species_names.csv;output/team-graphics/s3/GPL Teams Spieltag 14 (1).jpg;output/team-graphics/s4/Schnittlauchs - PokeBazi.png;output/team-graphics/s5/Crinchilla.png;output/team-graphics/s5/Energie Tobutz.png;output/team-graphics/s5/Triyolotree.png
season_004,Regular Season,hinrunde,MeLevies,Shocking Shaymins,12,67.0,58.7,58.7,100,"Krebutack, Skorgla, Manaphy, Stahlos, Tangoloss, Nockchan",data/manual/pokemon_killlists.csv;data/manual/team_pokemon_usage.csv;https://docs.google.com/spreadsheets/d/11wxsKyCydVmDjp4kGLJAOLPM_LgwCLN2GYpbDQkNtkk/edit#gid=1588964432;https://docs.google.com/spreadsheets/d/11wxsKyCydVmDjp4kGLJAOLPM_LgwCLN2GYpbDQkNtkk/edit#gid=1843013406;https://docs.google.com/spreadsheets/d/13smsrG2BGYxr_omJWcgr-sUDr39bvOJPNL5RPt4DSow/edit#gid=1934543062;https://docs.google.com/spreadsheets/d/1B2uTMvWlAHb7WlpupJV1A2Hbi3K3U1vCyoFV0wCapcw/edit#gid=1271313224;https://docs.google.com/spreadsheets/d/1B2uTMvWlAHb7WlpupJV1A2Hbi3K3U1vCyoFV0wCapcw/edit#gid=1521895812;https://docs.google.com/spreadsheets/d/1B2uTMvWlAHb7WlpupJV1A2Hbi3K3U1vCyoFV0wCapcw/edit#gid=1846395979;https://docs.google.com/spreadsheets/d/1B2uTMvWlAHb7WlpupJV1A2Hbi3K3U1vCyoFV0wCapcw/edit#gid=26363830;https://docs.google.com/spreadsheets/d/1FUsClf5qEny-BHY5Djp8rIwRJKBSJDvygJ8LBa62FEo/edit#gid=0;https://docs.google.com/spreadsheets/d/1JZpA-5XDldN2bjfvhvBPHYK-1AENETLnF1UxNEpWlNA/edit#gid=352888197;https://docs.google.com/spreadsheets/d/1kiwDk4NgYoKb0Oo9yqzwl9HXHxuQ_0I5gkb1JtE57PI/edit#gid=0;https://docs.google.com/spreadsheets/d/1n9SmK-ccTCn8Jjhs4U2LKnibXY8PvuBtV3V9MCOURRA/edit#gid=0;https://docs.google.com/spreadsheets/d/1nwiq_ggEj7QePeZGMR2xoi0bEHJr_ZGO24YCRdt93No/edit#gid=857670931;https://docs.google.com/spreadsheets/d/1odsNRAZStW1GzmpXwmg27dqjOlch7w8syZOZ5Z2OQRg/edit#gid=0;https://docs.google.com/spreadsheets/d/1vJ-pioe3RZKSZ3LIGEA3FVTv_KEE_XKIQAXSIUNNd-Q/edit#gid=0;https://raw.githubusercontent.com/PokeAPI/pokeapi/master/data/v2/csv/languages.csv;https://raw.githubusercontent.com/PokeAPI/pokeapi/master/data/v2/csv/pokemon.csv;https://raw.githubusercontent.com/PokeAPI/pokeapi/master/data/v2/csv/pokemon_form_names.csv;https://raw.githubusercontent.com/PokeAPI/pokeapi/master/data/v2/csv/pokemon_forms.csv;https://raw.githubusercontent.com/PokeAPI/pokeapi/master/data/v2/csv/pokemon_species_names.csv;output/team-graphics/s3/GPL Teams Spieltag 14 (1).jpg;output/team-graphics/s3/GPL Teams Spieltag 14 (2).jpg;output/team-graphics/s4/Shocking Shaymins - MeLevies.png;output/team-graphics/s5/Energie Tobutz.png;output/team-graphics/s5/Marvelous Speedsters.png;output/team-graphics/s5/Prekani.png
season_008,Liga 2,hinrunde,Maxi von Vogel,Rexcalybur,11,66.9,58.6,58.6,100,"Jirachi, Azumarill, Iksbat, Celebi, Grandiras, Gorgasonn",data/manual/pokemon_killlists.csv;data/manual/team_pokemon_usage.csv;https://docs.google.com/spreadsheets/d/11wxsKyCydVmDjp4kGLJAOLPM_LgwCLN2GYpbDQkNtkk/edit#gid=1588964432;https://docs.google.com/spreadsheets/d/11wxsKyCydVmDjp4kGLJAOLPM_LgwCLN2GYpbDQkNtkk/edit#gid=1843013406;https://docs.google.com/spreadsheets/d/11wxsKyCydVmDjp4kGLJAOLPM_LgwCLN2GYpbDQkNtkk/edit#gid=654435343;https://docs.google.com/spreadsheets/d/13smsrG2BGYxr_omJWcgr-sUDr39bvOJPNL5RPt4DSow/edit#gid=1934543062;https://docs.google.com/spreadsheets/d/13smsrG2BGYxr_omJWcgr-sUDr39bvOJPNL5RPt4DSow/edit#gid=71150222;https://docs.google.com/spreadsheets/d/1B2uTMvWlAHb7WlpupJV1A2Hbi3K3U1vCyoFV0wCapcw/edit#gid=1271313224;https://docs.google.com/spreadsheets/d/1B2uTMvWlAHb7WlpupJV1A2Hbi3K3U1vCyoFV0wCapcw/edit#gid=1521895812;https://docs.google.com/spreadsheets/d/1B2uTMvWlAHb7WlpupJV1A2Hbi3K3U1vCyoFV0wCapcw/edit#gid=1846395979;https://docs.google.com/spreadsheets/d/1B2uTMvWlAHb7WlpupJV1A2Hbi3K3U1vCyoFV0wCapcw/edit#gid=26363830;https://docs.google.com/spreadsheets/d/1FUsClf5qEny-BHY5Djp8rIwRJKBSJDvygJ8LBa62FEo/edit#gid=0;https://docs.google.com/spreadsheets/d/1JZpA-5XDldN2bjfvhvBPHYK-1AENETLnF1UxNEpWlNA/edit#gid=352888197;https://docs.google.com/spreadsheets/d/1nwiq_ggEj7QePeZGMR2xoi0bEHJr_ZGO24YCRdt93No/edit#gid=857670931;https://docs.google.com/spreadsheets/d/1odsNRAZStW1GzmpXwmg27dqjOlch7w8syZOZ5Z2OQRg/edit#gid=0;https://docs.google.com/spreadsheets/d/1uo7-E_E2jbehB2hbBurpPayP_0fKY5sPZcFgZmfLydY/edit#gid=1526488506;https://docs.google.com/spreadsheets/d/1uo7-E_E2jbehB2hbBurpPayP_0fKY5sPZcFgZmfLydY/edit#gid=1696255979;https://docs.google.com/spreadsheets/d/1uo7-E_E2jbehB2hbBurpPayP_0fKY5sPZcFgZmfLydY/edit#gid=520178140;https://docs.google.com/spreadsheets/d/1vJ-pioe3RZKSZ3LIGEA3FVTv_KEE_XKIQAXSIUNNd-Q/edit#gid=0;https://raw.githubusercontent.com/PokeAPI/pokeapi/master/data/v2/csv/languages.csv;https://raw.githubusercontent.com/PokeAPI/pokeapi/master/data/v2/csv/pokemon.csv;https://raw.githubusercontent.com/PokeAPI/pokeapi/master/data/v2/csv/pokemon_form_names.csv;https://raw.githubusercontent.com/PokeAPI/pokeapi/master/data/v2/csv/pokemon_forms.csv;https://raw.githubusercontent.com/PokeAPI/pokeapi/master/data/v2/csv/pokemon_species_names.csv;output/team-graphics/s3/GPL Teams Spieltag 14 (1).jpg;output/team-graphics/s3/GPL Teams Spieltag 14 (2).jpg;output/team-graphics/s4/Enteikutierung - Lauris Enteitainment.png;output/team-graphics/s4/Minetube - Triyolotree.png;output/team-graphics/s4/Ritter der Tapukokosnuss - FullLifeGames.png;output/team-graphics/s5/Howling Commandos.png;output/team-graphics/s5/Shockwaving Magearnas.png
season_006,Playoffs,playoffs,Barry D. Sin of Speed,Nova Dragons,11,66.7,58.4,58.4,100,"Panzaeron, Selfe, Donphan, Resladero, Echnatoll, Ditto",data/manual/team_pokemon_usage.csv;https://docs.google.com/spreadsheets/d/11wxsKyCydVmDjp4kGLJAOLPM_LgwCLN2GYpbDQkNtkk/edit#gid=1588964432;https://docs.google.com/spreadsheets/d/11wxsKyCydVmDjp4kGLJAOLPM_LgwCLN2GYpbDQkNtkk/edit#gid=1843013406;https://docs.google.com/spreadsheets/d/11wxsKyCydVmDjp4kGLJAOLPM_LgwCLN2GYpbDQkNtkk/edit#gid=654435343;https://docs.google.com/spreadsheets/d/13smsrG2BGYxr_omJWcgr-sUDr39bvOJPNL5RPt4DSow/edit#gid=1934543062;https://docs.google.com/spreadsheets/d/13smsrG2BGYxr_omJWcgr-sUDr39bvOJPNL5RPt4DSow/edit#gid=1953790464;https://docs.google.com/spreadsheets/d/13smsrG2BGYxr_omJWcgr-sUDr39bvOJPNL5RPt4DSow/edit#gid=71150222;https://docs.google.com/spreadsheets/d/1B2uTMvWlAHb7WlpupJV1A2Hbi3K3U1vCyoFV0wCapcw/edit#gid=1271313224;https://docs.google.com/spreadsheets/d/1B2uTMvWlAHb7WlpupJV1A2Hbi3K3U1vCyoFV0wCapcw/edit#gid=1521895812;https://docs.google.com/spreadsheets/d/1B2uTMvWlAHb7WlpupJV1A2Hbi3K3U1vCyoFV0wCapcw/edit#gid=1846395979;https://docs.google.com/spreadsheets/d/1B2uTMvWlAHb7WlpupJV1A2Hbi3K3U1vCyoFV0wCapcw/edit#gid=26363830;https://docs.google.com/spreadsheets/d/1FUsClf5qEny-BHY5Djp8rIwRJKBSJDvygJ8LBa62FEo/edit#gid=0;https://docs.google.com/spreadsheets/d/1JZpA-5XDldN2bjfvhvBPHYK-1AENETLnF1UxNEpWlNA/edit#gid=352888197;https://docs.google.com/spreadsheets/d/1kiwDk4NgYoKb0Oo9yqzwl9HXHxuQ_0I5gkb1JtE57PI/edit#gid=0;https://docs.google.com/spreadsheets/d/1n9SmK-ccTCn8Jjhs4U2LKnibXY8PvuBtV3V9MCOURRA/edit#gid=0;https://docs.google.com/spreadsheets/d/1nwiq_ggEj7QePeZGMR2xoi0bEHJr_ZGO24YCRdt93No/edit#gid=857670931;https://docs.google.com/spreadsheets/d/1odsNRAZStW1GzmpXwmg27dqjOlch7w8syZOZ5Z2OQRg/edit#gid=0;https://docs.google.com/spreadsheets/d/1uo7-E_E2jbehB2hbBurpPayP_0fKY5sPZcFgZmfLydY/edit#gid=1526488506;https://docs.google.com/spreadsheets/d/1uo7-E_E2jbehB2hbBurpPayP_0fKY5sPZcFgZmfLydY/edit#gid=1696255979;https://docs.google.com/spreadsheets/d/1uo7-E_E2jbehB2hbBurpPayP_0fKY5sPZcFgZmfLydY/edit#gid=520178140;https://docs.google.com/spreadsheets/d/1vJ-pioe3RZKSZ3LIGEA3FVTv_KEE_XKIQAXSIUNNd-Q/edit#gid=0;https://raw.githubusercontent.com/PokeAPI/pokeapi/master/data/v2/csv/languages.csv;https://raw.githubusercontent.com/PokeAPI/pokeapi/master/data/v2/csv/pokemon.csv;https://raw.githubusercontent.com/PokeAPI/pokeapi/master/data/v2/csv/pokemon_form_names.csv;https://raw.githubusercontent.com/PokeAPI/pokeapi/master/data/v2/csv/pokemon_forms.csv;https://raw.githubusercontent.com/PokeAPI/pokeapi/master/data/v2/csv/pokemon_species_names.csv;output/team-graphics/s3/GPL Teams Spieltag 14 (1).jpg;output/team-graphics/s3/GPL Teams Spieltag 14 (2).jpg;output/team-graphics/s4/Enteikutierung - Lauris Enteitainment.png;output/team-graphics/s4/Minetube - Triyolotree.png;output/team-graphics/s4/Schnittlauchs - PokeBazi.png;output/team-graphics/s4/Variant Vulpix - CrowdController.png;output/team-graphics/s5/Aggron Berlin.png;output/team-graphics/s5/Cabgosport.png;output/team-graphics/s5/Crinchilla.png;output/team-graphics/s5/Marvelous Speedsters.png;output/team-graphics/s5/Victini Bottom.png
season_005,Liga 1,rueckrunde,Lauris,Shockwaving Magearnas,11,66.1,57.6,57.6,100,"Mamutel, Iksbat, Elfun, Celebi, Magbrant, Hundemon",data/manual/pokemon_killlists.csv;data/manual/team_pokemon_usage.csv;https://docs.google.com/spreadsheets/d/11wxsKyCydVmDjp4kGLJAOLPM_LgwCLN2GYpbDQkNtkk/edit#gid=1588964432;https://docs.google.com/spreadsheets/d/11wxsKyCydVmDjp4kGLJAOLPM_LgwCLN2GYpbDQkNtkk/edit#gid=1843013406;https://docs.google.com/spreadsheets/d/11wxsKyCydVmDjp4kGLJAOLPM_LgwCLN2GYpbDQkNtkk/edit#gid=654435343;https://docs.google.com/spreadsheets/d/13smsrG2BGYxr_omJWcgr-sUDr39bvOJPNL5RPt4DSow/edit#gid=1934543062;https://docs.google.com/spreadsheets/d/1B2uTMvWlAHb7WlpupJV1A2Hbi3K3U1vCyoFV0wCapcw/edit#gid=1271313224;https://docs.google.com/spreadsheets/d/1B2uTMvWlAHb7WlpupJV1A2Hbi3K3U1vCyoFV0wCapcw/edit#gid=1521895812;https://docs.google.com/spreadsheets/d/1B2uTMvWlAHb7WlpupJV1A2Hbi3K3U1vCyoFV0wCapcw/edit#gid=1846395979;https://docs.google.com/spreadsheets/d/1B2uTMvWlAHb7WlpupJV1A2Hbi3K3U1vCyoFV0wCapcw/edit#gid=26363830;https://docs.google.com/spreadsheets/d/1FUsClf5qEny-BHY5Djp8rIwRJKBSJDvygJ8LBa62FEo/edit#gid=0;https://docs.google.com/spreadsheets/d/1JZpA-5XDldN2bjfvhvBPHYK-1AENETLnF1UxNEpWlNA/edit#gid=352888197;https://docs.google.com/spreadsheets/d/1kiwDk4NgYoKb0Oo9yqzwl9HXHxuQ_0I5gkb1JtE57PI/edit#gid=0;https://docs.google.com/spreadsheets/d/1nwiq_ggEj7QePeZGMR2xoi0bEHJr_ZGO24YCRdt93No/edit#gid=857670931;https://docs.google.com/spreadsheets/d/1odsNRAZStW1GzmpXwmg27dqjOlch7w8syZOZ5Z2OQRg/edit#gid=0;https://docs.google.com/spreadsheets/d/1uo7-E_E2jbehB2hbBurpPayP_0fKY5sPZcFgZmfLydY/edit#gid=1526488506;https://docs.google.com/spreadsheets/d/1uo7-E_E2jbehB2hbBurpPayP_0fKY5sPZcFgZmfLydY/edit#gid=1696255979;https://docs.google.com/spreadsheets/d/1uo7-E_E2jbehB2hbBurpPayP_0fKY5sPZcFgZmfLydY/edit#gid=520178140;https://docs.google.com/spreadsheets/d/1vJ-pioe3RZKSZ3LIGEA3FVTv_KEE_XKIQAXSIUNNd-Q/edit#gid=0;https://raw.githubusercontent.com/PokeAPI/pokeapi/master/data/v2/csv/languages.csv;https://raw.githubusercontent.com/PokeAPI/pokeapi/master/data/v2/csv/pokemon.csv;https://raw.githubusercontent.com/PokeAPI/pokeapi/master/data/v2/csv/pokemon_form_names.csv;https://raw.githubusercontent.com/PokeAPI/pokeapi/master/data/v2/csv/pokemon_forms.csv;https://raw.githubusercontent.com/PokeAPI/pokeapi/master/data/v2/csv/pokemon_species_names.csv;output/team-graphics/s3/GPL Teams Spieltag 14 (1).jpg;output/team-graphics/s3/GPL Teams Spieltag 14 (2).jpg;output/team-graphics/s4/Enteikutierung - Lauris Enteitainment.png;output/team-graphics/s5/Shockwaving Magearnas.png
season_008,Liga 2,rueckrunde,Maxi von Vogel,Rexcalybur,11,65.5,56.9,56.9,100,"Jirachi, Volcanion, Iksbat, Maxax, Gorgasonn, Gelatwino",data/manual/pokemon_killlists.csv;data/manual/team_pokemon_usage.csv;https://docs.google.com/spreadsheets/d/11wxsKyCydVmDjp4kGLJAOLPM_LgwCLN2GYpbDQkNtkk/edit#gid=1588964432;https://docs.google.com/spreadsheets/d/11wxsKyCydVmDjp4kGLJAOLPM_LgwCLN2GYpbDQkNtkk/edit#gid=1843013406;https://docs.google.com/spreadsheets/d/13smsrG2BGYxr_omJWcgr-sUDr39bvOJPNL5RPt4DSow/edit#gid=1934543062;https://docs.google.com/spreadsheets/d/13smsrG2BGYxr_omJWcgr-sUDr39bvOJPNL5RPt4DSow/edit#gid=1953790464;https://docs.google.com/spreadsheets/d/13smsrG2BGYxr_omJWcgr-sUDr39bvOJPNL5RPt4DSow/edit#gid=71150222;https://docs.google.com/spreadsheets/d/14N_40jsahiN9DChpnNaPTnFy26If6imVHtqBGDWk6pg/edit#gid=0;https://docs.google.com/spreadsheets/d/1B2uTMvWlAHb7WlpupJV1A2Hbi3K3U1vCyoFV0wCapcw/edit#gid=1271313224;https://docs.google.com/spreadsheets/d/1B2uTMvWlAHb7WlpupJV1A2Hbi3K3U1vCyoFV0wCapcw/edit#gid=1521895812;https://docs.google.com/spreadsheets/d/1B2uTMvWlAHb7WlpupJV1A2Hbi3K3U1vCyoFV0wCapcw/edit#gid=1846395979;https://docs.google.com/spreadsheets/d/1B2uTMvWlAHb7WlpupJV1A2Hbi3K3U1vCyoFV0wCapcw/edit#gid=26363830;https://docs.google.com/spreadsheets/d/1FUsClf5qEny-BHY5Djp8rIwRJKBSJDvygJ8LBa62FEo/edit#gid=0;https://docs.google.com/spreadsheets/d/1JZpA-5XDldN2bjfvhvBPHYK-1AENETLnF1UxNEpWlNA/edit#gid=352888197;https://docs.google.com/spreadsheets/d/1kiwDk4NgYoKb0Oo9yqzwl9HXHxuQ_0I5gkb1JtE57PI/edit#gid=0;https://docs.google.com/spreadsheets/d/1n9SmK-ccTCn8Jjhs4U2LKnibXY8PvuBtV3V9MCOURRA/edit#gid=0;https://docs.google.com/spreadsheets/d/1nwiq_ggEj7QePeZGMR2xoi0bEHJr_ZGO24YCRdt93No/edit#gid=857670931;https://docs.google.com/spreadsheets/d/1odsNRAZStW1GzmpXwmg27dqjOlch7w8syZOZ5Z2OQRg/edit#gid=0;https://docs.google.com/spreadsheets/d/1uo7-E_E2jbehB2hbBurpPayP_0fKY5sPZcFgZmfLydY/edit#gid=1526488506;https://docs.google.com/spreadsheets/d/1uo7-E_E2jbehB2hbBurpPayP_0fKY5sPZcFgZmfLydY/edit#gid=1696255979;https://docs.google.com/spreadsheets/d/1uo7-E_E2jbehB2hbBurpPayP_0fKY5sPZcFgZmfLydY/edit#gid=520178140;https://docs.google.com/spreadsheets/d/1vJ-pioe3RZKSZ3LIGEA3FVTv_KEE_XKIQAXSIUNNd-Q/edit#gid=0;https://raw.githubusercontent.com/PokeAPI/pokeapi/master/data/v2/csv/languages.csv;https://raw.githubusercontent.com/PokeAPI/pokeapi/master/data/v2/csv/pokemon.csv;https://raw.githubusercontent.com/PokeAPI/pokeapi/master/data/v2/csv/pokemon_form_names.csv;https://raw.githubusercontent.com/PokeAPI/pokeapi/master/data/v2/csv/pokemon_forms.csv;https://raw.githubusercontent.com/PokeAPI/pokeapi/master/data/v2/csv/pokemon_species_names.csv;output/team-graphics/s3/GPL Teams Spieltag 14 (1).jpg;output/team-graphics/s3/GPL Teams Spieltag 14 (2).jpg;output/team-graphics/s4/Enteikutierung - Lauris Enteitainment.png;output/team-graphics/s4/Ritter der Tapukokosnuss - FullLifeGames.png;output/team-graphics/s5/Shockwaving Magearnas.png
season_004,Regular Season,hinrunde,PokeBazi,Schnittlauchs,14,65.4,56.7,56.7,100,"Zapdos, Zoroark, Panferno, Silvarro, Flunkifer, Necrozma",data/manual/pokemon_killlists.csv;data/manual/team_pokemon_usage.csv;https://docs.google.com/spreadsheets/d/11wxsKyCydVmDjp4kGLJAOLPM_LgwCLN2GYpbDQkNtkk/edit#gid=1588964432;https://docs.google.com/spreadsheets/d/11wxsKyCydVmDjp4kGLJAOLPM_LgwCLN2GYpbDQkNtkk/edit#gid=1843013406;https://docs.google.com/spreadsheets/d/11wxsKyCydVmDjp4kGLJAOLPM_LgwCLN2GYpbDQkNtkk/edit#gid=654435343;https://docs.google.com/spreadsheets/d/13smsrG2BGYxr_omJWcgr-sUDr39bvOJPNL5RPt4DSow/edit#gid=1934543062;https://docs.google.com/spreadsheets/d/13smsrG2BGYxr_omJWcgr-sUDr39bvOJPNL5RPt4DSow/edit#gid=1953790464;https://docs.google.com/spreadsheets/d/13smsrG2BGYxr_omJWcgr-sUDr39bvOJPNL5RPt4DSow/edit#gid=71150222;https://docs.google.com/spreadsheets/d/1B2uTMvWlAHb7WlpupJV1A2Hbi3K3U1vCyoFV0wCapcw/edit#gid=1271313224;https://docs.google.com/spreadsheets/d/1B2uTMvWlAHb7WlpupJV1A2Hbi3K3U1vCyoFV0wCapcw/edit#gid=1521895812;https://docs.google.com/spreadsheets/d/1B2uTMvWlAHb7WlpupJV1A2Hbi3K3U1vCyoFV0wCapcw/edit#gid=1846395979;https://docs.google.com/spreadsheets/d/1B2uTMvWlAHb7WlpupJV1A2Hbi3K3U1vCyoFV0wCapcw/edit#gid=26363830;https://docs.google.com/spreadsheets/d/1FUsClf5qEny-BHY5Djp8rIwRJKBSJDvygJ8LBa62FEo/edit#gid=0;https://docs.google.com/spreadsheets/d/1JZpA-5XDldN2bjfvhvBPHYK-1AENETLnF1UxNEpWlNA/edit#gid=352888197;https://docs.google.com/spreadsheets/d/1kiwDk4NgYoKb0Oo9yqzwl9HXHxuQ_0I5gkb1JtE57PI/edit#gid=0;https://docs.google.com/spreadsheets/d/1n9SmK-ccTCn8Jjhs4U2LKnibXY8PvuBtV3V9MCOURRA/edit#gid=0;https://docs.google.com/spreadsheets/d/1nwiq_ggEj7QePeZGMR2xoi0bEHJr_ZGO24YCRdt93No/edit#gid=857670931;https://docs.google.com/spreadsheets/d/1odsNRAZStW1GzmpXwmg27dqjOlch7w8syZOZ5Z2OQRg/edit#gid=0;https://docs.google.com/spreadsheets/d/1uo7-E_E2jbehB2hbBurpPayP_0fKY5sPZcFgZmfLydY/edit#gid=1526488506;https://docs.google.com/spreadsheets/d/1uo7-E_E2jbehB2hbBurpPayP_0fKY5sPZcFgZmfLydY/edit#gid=1696255979;https://docs.google.com/spreadsheets/d/1uo7-E_E2jbehB2hbBurpPayP_0fKY5sPZcFgZmfLydY/edit#gid=520178140;https://docs.google.com/spreadsheets/d/1vJ-pioe3RZKSZ3LIGEA3FVTv_KEE_XKIQAXSIUNNd-Q/edit#gid=0;https://raw.githubusercontent.com/PokeAPI/pokeapi/master/data/v2/csv/languages.csv;https://raw.githubusercontent.com/PokeAPI/pokeapi/master/data/v2/csv/pokemon.csv;https://raw.githubusercontent.com/PokeAPI/pokeapi/master/data/v2/csv/pokemon_form_names.csv;https://raw.githubusercontent.com/PokeAPI/pokeapi/master/data/v2/csv/pokemon_forms.csv;https://raw.githubusercontent.com/PokeAPI/pokeapi/master/data/v2/csv/pokemon_species_names.csv;output/team-graphics/s3/GPL Teams Spieltag 14 (1).jpg;output/team-graphics/s3/GPL Teams Spieltag 14 (2).jpg;output/team-graphics/s4/Schnittlauchs - PokeBazi.png;output/team-graphics/s5/Marvelous Speedsters.png
season_006,Moon Conference,regular,Cabgolord,Blades Enforcer,11,64.2,55.2,55.2,100,"Panzaeron, Regirock, Schwalboss, Frigometri, Fermicula, Granbull",data/manual/pokemon_killlists.csv;data/manual/team_pokemon_usage.csv;https://docs.google.com/spreadsheets/d/11wxsKyCydVmDjp4kGLJAOLPM_LgwCLN2GYpbDQkNtkk/edit#gid=1588964432;https://docs.google.com/spreadsheets/d/11wxsKyCydVmDjp4kGLJAOLPM_LgwCLN2GYpbDQkNtkk/edit#gid=1843013406;https://docs.google.com/spreadsheets/d/11wxsKyCydVmDjp4kGLJAOLPM_LgwCLN2GYpbDQkNtkk/edit#gid=654435343;https://docs.google.com/spreadsheets/d/13smsrG2BGYxr_omJWcgr-sUDr39bvOJPNL5RPt4DSow/edit#gid=1934543062;https://docs.google.com/spreadsheets/d/13smsrG2BGYxr_omJWcgr-sUDr39bvOJPNL5RPt4DSow/edit#gid=71150222;https://docs.google.com/spreadsheets/d/1B2uTMvWlAHb7WlpupJV1A2Hbi3K3U1vCyoFV0wCapcw/edit#gid=1271313224;https://docs.google.com/spreadsheets/d/1B2uTMvWlAHb7WlpupJV1A2Hbi3K3U1vCyoFV0wCapcw/edit#gid=1521895812;https://docs.google.com/spreadsheets/d/1B2uTMvWlAHb7WlpupJV1A2Hbi3K3U1vCyoFV0wCapcw/edit#gid=1846395979;https://docs.google.com/spreadsheets/d/1B2uTMvWlAHb7WlpupJV1A2Hbi3K3U1vCyoFV0wCapcw/edit#gid=26363830;https://docs.google.com/spreadsheets/d/1FUsClf5qEny-BHY5Djp8rIwRJKBSJDvygJ8LBa62FEo/edit#gid=0;https://docs.google.com/spreadsheets/d/1JZpA-5XDldN2bjfvhvBPHYK-1AENETLnF1UxNEpWlNA/edit#gid=352888197;https://docs.google.com/spreadsheets/d/1kiwDk4NgYoKb0Oo9yqzwl9HXHxuQ_0I5gkb1JtE57PI/edit#gid=0;https://docs.google.com/spreadsheets/d/1n9SmK-ccTCn8Jjhs4U2LKnibXY8PvuBtV3V9MCOURRA/edit#gid=0;https://docs.google.com/spreadsheets/d/1nwiq_ggEj7QePeZGMR2xoi0bEHJr_ZGO24YCRdt93No/edit#gid=857670931;https://docs.google.com/spreadsheets/d/1odsNRAZStW1GzmpXwmg27dqjOlch7w8syZOZ5Z2OQRg/edit#gid=0;https://docs.google.com/spreadsheets/d/1uo7-E_E2jbehB2hbBurpPayP_0fKY5sPZcFgZmfLydY/edit#gid=1526488506;https://docs.google.com/spreadsheets/d/1uo7-E_E2jbehB2hbBurpPayP_0fKY5sPZcFgZmfLydY/edit#gid=1696255979;https://docs.google.com/spreadsheets/d/1uo7-E_E2jbehB2hbBurpPayP_0fKY5sPZcFgZmfLydY/edit#gid=520178140;https://docs.google.com/spreadsheets/d/1vJ-pioe3RZKSZ3LIGEA3FVTv_KEE_XKIQAXSIUNNd-Q/edit#gid=0;https://raw.githubusercontent.com/PokeAPI/pokeapi/master/data/v2/csv/languages.csv;https://raw.githubusercontent.com/PokeAPI/pokeapi/master/data/v2/csv/pokemon.csv;https://raw.githubusercontent.com/PokeAPI/pokeapi/master/data/v2/csv/pokemon_form_names.csv;https://raw.githubusercontent.com/PokeAPI/pokeapi/master/data/v2/csv/pokemon_forms.csv;https://raw.githubusercontent.com/PokeAPI/pokeapi/master/data/v2/csv/pokemon_species_names.csv;output/team-graphics/s3/GPL Teams Spieltag 14 (1).jpg;output/team-graphics/s3/GPL Teams Spieltag 14 (2).jpg;output/team-graphics/s4/Enteikutierung - Lauris Enteitainment.png;output/team-graphics/s4/Surstars - SurskitTV.png;output/team-graphics/s5/Aggron Berlin.png;output/team-graphics/s5/Triyolotree.png
season_004,Regular Season,hinrunde,CrowdController,Variant Vulpix,11,62.3,52.9,52.9,100,"Latios, Sumpex, Kobalium, Donphan, Piepi, Meloetta",data/manual/pokemon_killlists.csv;data/manual/team_pokemon_usage.csv;https://docs.google.com/spreadsheets/d/11wxsKyCydVmDjp4kGLJAOLPM_LgwCLN2GYpbDQkNtkk/edit#gid=1588964432;https://docs.google.com/spreadsheets/d/11wxsKyCydVmDjp4kGLJAOLPM_LgwCLN2GYpbDQkNtkk/edit#gid=1843013406;https://docs.google.com/spreadsheets/d/11wxsKyCydVmDjp4kGLJAOLPM_LgwCLN2GYpbDQkNtkk/edit#gid=654435343;https://docs.google.com/spreadsheets/d/13smsrG2BGYxr_omJWcgr-sUDr39bvOJPNL5RPt4DSow/edit#gid=1934543062;https://docs.google.com/spreadsheets/d/13smsrG2BGYxr_omJWcgr-sUDr39bvOJPNL5RPt4DSow/edit#gid=71150222;https://docs.google.com/spreadsheets/d/1B2uTMvWlAHb7WlpupJV1A2Hbi3K3U1vCyoFV0wCapcw/edit#gid=1271313224;https://docs.google.com/spreadsheets/d/1B2uTMvWlAHb7WlpupJV1A2Hbi3K3U1vCyoFV0wCapcw/edit#gid=1521895812;https://docs.google.com/spreadsheets/d/1B2uTMvWlAHb7WlpupJV1A2Hbi3K3U1vCyoFV0wCapcw/edit#gid=1846395979;https://docs.google.com/spreadsheets/d/1B2uTMvWlAHb7WlpupJV1A2Hbi3K3U1vCyoFV0wCapcw/edit#gid=26363830;https://docs.google.com/spreadsheets/d/1FUsClf5qEny-BHY5Djp8rIwRJKBSJDvygJ8LBa62FEo/edit#gid=0;https://docs.google.com/spreadsheets/d/1JZpA-5XDldN2bjfvhvBPHYK-1AENETLnF1UxNEpWlNA/edit#gid=352888197;https://docs.google.com/spreadsheets/d/1kiwDk4NgYoKb0Oo9yqzwl9HXHxuQ_0I5gkb1JtE57PI/edit#gid=0;https://docs.google.com/spreadsheets/d/1n9SmK-ccTCn8Jjhs4U2LKnibXY8PvuBtV3V9MCOURRA/edit#gid=0;https://docs.google.com/spreadsheets/d/1nwiq_ggEj7QePeZGMR2xoi0bEHJr_ZGO24YCRdt93No/edit#gid=857670931;https://docs.google.com/spreadsheets/d/1odsNRAZStW1GzmpXwmg27dqjOlch7w8syZOZ5Z2OQRg/edit#gid=0;https://docs.google.com/spreadsheets/d/1uo7-E_E2jbehB2hbBurpPayP_0fKY5sPZcFgZmfLydY/edit#gid=1526488506;https://docs.google.com/spreadsheets/d/1uo7-E_E2jbehB2hbBurpPayP_0fKY5sPZcFgZmfLydY/edit#gid=1696255979;https://docs.google.com/spreadsheets/d/1uo7-E_E2jbehB2hbBurpPayP_0fKY5sPZcFgZmfLydY/edit#gid=520178140;https://docs.google.com/spreadsheets/d/1vJ-pioe3RZKSZ3LIGEA3FVTv_KEE_XKIQAXSIUNNd-Q/edit#gid=0;https://raw.githubusercontent.com/PokeAPI/pokeapi/master/data/v2/csv/languages.csv;https://raw.githubusercontent.com/PokeAPI/pokeapi/master/data/v2/csv/pokemon.csv;https://raw.githubusercontent.com/PokeAPI/pokeapi/master/data/v2/csv/pokemon_form_names.csv;https://raw.githubusercontent.com/PokeAPI/pokeapi/master/data/v2/csv/pokemon_forms.csv;https://raw.githubusercontent.com/PokeAPI/pokeapi/master/data/v2/csv/pokemon_species_names.csv;output/team-graphics/s3/GPL Teams Spieltag 14 (1).jpg;output/team-graphics/s3/GPL Teams Spieltag 14 (2).jpg;output/team-graphics/s4/Variant Vulpix - CrowdController.png;output/team-graphics/s5/Cabgosport.png;output/team-graphics/s5/SoulStealer.png
season_005,Liga 1,rueckrunde,CaptainCrinch,Crinchilla,11,62.1,52.6,52.6,100,"Resladero, Chillabell, Echnatoll, Magneton, Tornupto, Maskeregen",data/manual/pokemon_killlists.csv;data/manual/team_pokemon_usage.csv;https://docs.google.com/spreadsheets/d/11wxsKyCydVmDjp4kGLJAOLPM_LgwCLN2GYpbDQkNtkk/edit#gid=1588964432;https://docs.google.com/spreadsheets/d/11wxsKyCydVmDjp4kGLJAOLPM_LgwCLN2GYpbDQkNtkk/edit#gid=1843013406;https://docs.google.com/spreadsheets/d/11wxsKyCydVmDjp4kGLJAOLPM_LgwCLN2GYpbDQkNtkk/edit#gid=654435343;https://docs.google.com/spreadsheets/d/13smsrG2BGYxr_omJWcgr-sUDr39bvOJPNL5RPt4DSow/edit#gid=1934543062;https://docs.google.com/spreadsheets/d/13smsrG2BGYxr_omJWcgr-sUDr39bvOJPNL5RPt4DSow/edit#gid=71150222;https://docs.google.com/spreadsheets/d/1FUsClf5qEny-BHY5Djp8rIwRJKBSJDvygJ8LBa62FEo/edit#gid=0;https://docs.google.com/spreadsheets/d/1JZpA-5XDldN2bjfvhvBPHYK-1AENETLnF1UxNEpWlNA/edit#gid=352888197;https://docs.google.com/spreadsheets/d/1kiwDk4NgYoKb0Oo9yqzwl9HXHxuQ_0I5gkb1JtE57PI/edit#gid=0;https://docs.google.com/spreadsheets/d/1n9SmK-ccTCn8Jjhs4U2LKnibXY8PvuBtV3V9MCOURRA/edit#gid=0;https://docs.google.com/spreadsheets/d/1nwiq_ggEj7QePeZGMR2xoi0bEHJr_ZGO24YCRdt93No/edit#gid=857670931;https://docs.google.com/spreadsheets/d/1odsNRAZStW1GzmpXwmg27dqjOlch7w8syZOZ5Z2OQRg/edit#gid=0;https://docs.google.com/spreadsheets/d/1vJ-pioe3RZKSZ3LIGEA3FVTv_KEE_XKIQAXSIUNNd-Q/edit#gid=0;https://raw.githubusercontent.com/PokeAPI/pokeapi/master/data/v2/csv/languages.csv;https://raw.githubusercontent.com/PokeAPI/pokeapi/master/data/v2/csv/pokemon.csv;https://raw.githubusercontent.com/PokeAPI/pokeapi/master/data/v2/csv/pokemon_form_names.csv;https://raw.githubusercontent.com/PokeAPI/pokeapi/master/data/v2/csv/pokemon_forms.csv;https://raw.githubusercontent.com/PokeAPI/pokeapi/master/data/v2/csv/pokemon_species_names.csv;output/team-graphics/s3/GPL Teams Spieltag 14 (1).jpg;output/team-graphics/s3/GPL Teams Spieltag 14 (2).jpg;output/team-graphics/s4/Minetube - Triyolotree.png;output/team-graphics/s5/Crinchilla.png
season_010,Regular Season,regular,Raizor,Unbound Soul,11,61.8,52.2,52.2,100,"Entei, Silvarro, Turtok, Snieboss, Eisenhaupt, Ursaluna",data/manual/pokemon_killlists.csv;data/manual/team_pokemon_usage.csv;https://docs.google.com/spreadsheets/d/11wxsKyCydVmDjp4kGLJAOLPM_LgwCLN2GYpbDQkNtkk/edit#gid=1588964432;https://docs.google.com/spreadsheets/d/11wxsKyCydVmDjp4kGLJAOLPM_LgwCLN2GYpbDQkNtkk/edit#gid=1843013406;https://docs.google.com/spreadsheets/d/13smsrG2BGYxr_omJWcgr-sUDr39bvOJPNL5RPt4DSow/edit#gid=1465731937;https://docs.google.com/spreadsheets/d/13smsrG2BGYxr_omJWcgr-sUDr39bvOJPNL5RPt4DSow/edit#gid=1934543062;https://docs.google.com/spreadsheets/d/13smsrG2BGYxr_omJWcgr-sUDr39bvOJPNL5RPt4DSow/edit#gid=71150222;https://docs.google.com/spreadsheets/d/1B2uTMvWlAHb7WlpupJV1A2Hbi3K3U1vCyoFV0wCapcw/edit#gid=1521895812;https://docs.google.com/spreadsheets/d/1B2uTMvWlAHb7WlpupJV1A2Hbi3K3U1vCyoFV0wCapcw/edit#gid=26363830;https://docs.google.com/spreadsheets/d/1FUsClf5qEny-BHY5Djp8rIwRJKBSJDvygJ8LBa62FEo/edit#gid=0;https://docs.google.com/spreadsheets/d/1JZpA-5XDldN2bjfvhvBPHYK-1AENETLnF1UxNEpWlNA/edit#gid=352888197;https://docs.google.com/spreadsheets/d/1kXhNwKGrqQTwSal0NxpZ9h0yo6u_mQwhwg4vGVwxMX4/edit#gid=0;https://docs.google.com/spreadsheets/d/1kiwDk4NgYoKb0Oo9yqzwl9HXHxuQ_0I5gkb1JtE57PI/edit#gid=0;https://docs.google.com/spreadsheets/d/1n9SmK-ccTCn8Jjhs4U2LKnibXY8PvuBtV3V9MCOURRA/edit#gid=0;https://docs.google.com/spreadsheets/d/1nwiq_ggEj7QePeZGMR2xoi0bEHJr_ZGO24YCRdt93No/edit#gid=857670931;https://docs.google.com/spreadsheets/d/1odsNRAZStW1GzmpXwmg27dqjOlch7w8syZOZ5Z2OQRg/edit#gid=0;https://docs.google.com/spreadsheets/d/1uo7-E_E2jbehB2hbBurpPayP_0fKY5sPZcFgZmfLydY/edit#gid=1526488506;https://docs.google.com/spreadsheets/d/1uo7-E_E2jbehB2hbBurpPayP_0fKY5sPZcFgZmfLydY/edit#gid=1696255979;https://docs.google.com/spreadsheets/d/1uo7-E_E2jbehB2hbBurpPayP_0fKY5sPZcFgZmfLydY/edit#gid=520178140;https://docs.google.com/spreadsheets/d/1vJ-pioe3RZKSZ3LIGEA3FVTv_KEE_XKIQAXSIUNNd-Q/edit#gid=0;https://raw.githubusercontent.com/PokeAPI/pokeapi/master/data/v2/csv/languages.csv;https://raw.githubusercontent.com/PokeAPI/pokeapi/master/data/v2/csv/pokemon.csv;https://raw.githubusercontent.com/PokeAPI/pokeapi/master/data/v2/csv/pokemon_form_names.csv;https://raw.githubusercontent.com/PokeAPI/pokeapi/master/data/v2/csv/pokemon_forms.csv;https://raw.githubusercontent.com/PokeAPI/pokeapi/master/data/v2/csv/pokemon_species_names.csv;output/team-graphics/s3/GPL Teams Spieltag 14 (1).jpg;output/team-graphics/s4/Schnittlauchs - PokeBazi.png;output/team-graphics/s4/Suicide Squad - CaptainCrinch.png;output/team-graphics/s5/Prekani.png
season_005,Liga 1,rueckrunde,Parsifani,Aggron Successors*,12,61.2,51.5,51.5,100,"Panzaeron, Tentoxa, Keifel, Mimigma, Meditalis, Tectass",data/manual/pokemon_killlists.csv;data/manual/team_pokemon_usage.csv;https://docs.google.com/spreadsheets/d/11wxsKyCydVmDjp4kGLJAOLPM_LgwCLN2GYpbDQkNtkk/edit#gid=1588964432;https://docs.google.com/spreadsheets/d/11wxsKyCydVmDjp4kGLJAOLPM_LgwCLN2GYpbDQkNtkk/edit#gid=1843013406;https://docs.google.com/spreadsheets/d/13smsrG2BGYxr_omJWcgr-sUDr39bvOJPNL5RPt4DSow/edit#gid=1934543062;https://docs.google.com/spreadsheets/d/13smsrG2BGYxr_omJWcgr-sUDr39bvOJPNL5RPt4DSow/edit#gid=71150222;https://docs.google.com/spreadsheets/d/1B2uTMvWlAHb7WlpupJV1A2Hbi3K3U1vCyoFV0wCapcw/edit#gid=1271313224;https://docs.google.com/spreadsheets/d/1B2uTMvWlAHb7WlpupJV1A2Hbi3K3U1vCyoFV0wCapcw/edit#gid=1521895812;https://docs.google.com/spreadsheets/d/1B2uTMvWlAHb7WlpupJV1A2Hbi3K3U1vCyoFV0wCapcw/edit#gid=1846395979;https://docs.google.com/spreadsheets/d/1B2uTMvWlAHb7WlpupJV1A2Hbi3K3U1vCyoFV0wCapcw/edit#gid=26363830;https://docs.google.com/spreadsheets/d/1FUsClf5qEny-BHY5Djp8rIwRJKBSJDvygJ8LBa62FEo/edit#gid=0;https://docs.google.com/spreadsheets/d/1JZpA-5XDldN2bjfvhvBPHYK-1AENETLnF1UxNEpWlNA/edit#gid=352888197;https://docs.google.com/spreadsheets/d/1kXhNwKGrqQTwSal0NxpZ9h0yo6u_mQwhwg4vGVwxMX4/edit#gid=0;https://docs.google.com/spreadsheets/d/1kiwDk4NgYoKb0Oo9yqzwl9HXHxuQ_0I5gkb1JtE57PI/edit#gid=0;https://docs.google.com/spreadsheets/d/1n9SmK-ccTCn8Jjhs4U2LKnibXY8PvuBtV3V9MCOURRA/edit#gid=0;https://docs.google.com/spreadsheets/d/1nwiq_ggEj7QePeZGMR2xoi0bEHJr_ZGO24YCRdt93No/edit#gid=857670931;https://docs.google.com/spreadsheets/d/1odsNRAZStW1GzmpXwmg27dqjOlch7w8syZOZ5Z2OQRg/edit#gid=0;https://docs.google.com/spreadsheets/d/1uo7-E_E2jbehB2hbBurpPayP_0fKY5sPZcFgZmfLydY/edit#gid=1526488506;https://docs.google.com/spreadsheets/d/1uo7-E_E2jbehB2hbBurpPayP_0fKY5sPZcFgZmfLydY/edit#gid=1696255979;https://docs.google.com/spreadsheets/d/1uo7-E_E2jbehB2hbBurpPayP_0fKY5sPZcFgZmfLydY/edit#gid=520178140;https://docs.google.com/spreadsheets/d/1vJ-pioe3RZKSZ3LIGEA3FVTv_KEE_XKIQAXSIUNNd-Q/edit#gid=0;https://raw.githubusercontent.com/PokeAPI/pokeapi/master/data/v2/csv/languages.csv;https://raw.githubusercontent.com/PokeAPI/pokeapi/master/data/v2/csv/pokemon.csv;https://raw.githubusercontent.com/PokeAPI/pokeapi/master/data/v2/csv/pokemon_form_names.csv;https://raw.githubusercontent.com/PokeAPI/pokeapi/master/data/v2/csv/pokemon_forms.csv;https://raw.githubusercontent.com/PokeAPI/pokeapi/master/data/v2/csv/pokemon_species_names.csv;output/team-graphics/s3/GPL Teams Spieltag 14 (1).jpg;output/team-graphics/s3/GPL Teams Spieltag 14 (2).jpg;output/team-graphics/s4/Enteikutierung - Lauris Enteitainment.png;output/team-graphics/s4/Flexing Masskito - RegiBang.png;output/team-graphics/s4/Surstars - SurskitTV.png;output/team-graphics/s5/Aggron Berlin.png
season_008,Liga 2,hinrunde,Raizor,Soulstealer,11,61.2,51.5,51.5,100,"Kaguron, Zoroark, Porygon2, Rihornior, Kicklee, Baldorfish",data/manual/pokemon_killlists.csv;data/manual/team_pokemon_usage.csv;https://docs.google.com/spreadsheets/d/11wxsKyCydVmDjp4kGLJAOLPM_LgwCLN2GYpbDQkNtkk/edit#gid=1588964432;https://docs.google.com/spreadsheets/d/11wxsKyCydVmDjp4kGLJAOLPM_LgwCLN2GYpbDQkNtkk/edit#gid=1843013406;https://docs.google.com/spreadsheets/d/13smsrG2BGYxr_omJWcgr-sUDr39bvOJPNL5RPt4DSow/edit#gid=1953790464;https://docs.google.com/spreadsheets/d/13smsrG2BGYxr_omJWcgr-sUDr39bvOJPNL5RPt4DSow/edit#gid=71150222;https://docs.google.com/spreadsheets/d/1B2uTMvWlAHb7WlpupJV1A2Hbi3K3U1vCyoFV0wCapcw/edit#gid=1271313224;https://docs.google.com/spreadsheets/d/1B2uTMvWlAHb7WlpupJV1A2Hbi3K3U1vCyoFV0wCapcw/edit#gid=1521895812;https://docs.google.com/spreadsheets/d/1B2uTMvWlAHb7WlpupJV1A2Hbi3K3U1vCyoFV0wCapcw/edit#gid=1846395979;https://docs.google.com/spreadsheets/d/1B2uTMvWlAHb7WlpupJV1A2Hbi3K3U1vCyoFV0wCapcw/edit#gid=26363830;https://docs.google.com/spreadsheets/d/1FUsClf5qEny-BHY5Djp8rIwRJKBSJDvygJ8LBa62FEo/edit#gid=0;https://docs.google.com/spreadsheets/d/1JZpA-5XDldN2bjfvhvBPHYK-1AENETLnF1UxNEpWlNA/edit#gid=352888197;https://docs.google.com/spreadsheets/d/1kiwDk4NgYoKb0Oo9yqzwl9HXHxuQ_0I5gkb1JtE57PI/edit#gid=0;https://docs.google.com/spreadsheets/d/1n9SmK-ccTCn8Jjhs4U2LKnibXY8PvuBtV3V9MCOURRA/edit#gid=0;https://docs.google.com/spreadsheets/d/1nwiq_ggEj7QePeZGMR2xoi0bEHJr_ZGO24YCRdt93No/edit#gid=857670931;https://docs.google.com/spreadsheets/d/1odsNRAZStW1GzmpXwmg27dqjOlch7w8syZOZ5Z2OQRg/edit#gid=0;https://docs.google.com/spreadsheets/d/1uo7-E_E2jbehB2hbBurpPayP_0fKY5sPZcFgZmfLydY/edit#gid=1526488506;https://docs.google.com/spreadsheets/d/1uo7-E_E2jbehB2hbBurpPayP_0fKY5sPZcFgZmfLydY/edit#gid=1696255979;https://docs.google.com/spreadsheets/d/1uo7-E_E2jbehB2hbBurpPayP_0fKY5sPZcFgZmfLydY/edit#gid=520178140;https://docs.google.com/spreadsheets/d/1vJ-pioe3RZKSZ3LIGEA3FVTv_KEE_XKIQAXSIUNNd-Q/edit#gid=0;https://raw.githubusercontent.com/PokeAPI/pokeapi/master/data/v2/csv/languages.csv;https://raw.githubusercontent.com/PokeAPI/pokeapi/master/data/v2/csv/pokemon.csv;https://raw.githubusercontent.com/PokeAPI/pokeapi/master/data/v2/csv/pokemon_form_names.csv;https://raw.githubusercontent.com/PokeAPI/pokeapi/master/data/v2/csv/pokemon_forms.csv;https://raw.githubusercontent.com/PokeAPI/pokeapi/master/data/v2/csv/pokemon_species_names.csv;output/team-graphics/s3/GPL Teams Spieltag 14 (1).jpg;output/team-graphics/s3/GPL Teams Spieltag 14 (2).jpg;output/team-graphics/s4/Enteikutierung - Lauris Enteitainment.png;output/team-graphics/s4/Slicing Knights - Cabgolord.png;output/team-graphics/s4/Surstars - SurskitTV.png;output/team-graphics/s5/Cabgosport.png;output/team-graphics/s5/Howling Commandos.png
season_006,Sun Conference,regular,Raizor,Soulstealer,11,60.6,50.7,50.7,100,"Laschoking, Hariyama, Entei, Tangela, Schwalboss, Tectass",data/manual/pokemon_killlists.csv;data/manual/team_pokemon_usage.csv;https://docs.google.com/spreadsheets/d/11wxsKyCydVmDjp4kGLJAOLPM_LgwCLN2GYpbDQkNtkk/edit#gid=1588964432;https://docs.google.com/spreadsheets/d/11wxsKyCydVmDjp4kGLJAOLPM_LgwCLN2GYpbDQkNtkk/edit#gid=1843013406;https://docs.google.com/spreadsheets/d/13smsrG2BGYxr_omJWcgr-sUDr39bvOJPNL5RPt4DSow/edit#gid=1934543062;https://docs.google.com/spreadsheets/d/13smsrG2BGYxr_omJWcgr-sUDr39bvOJPNL5RPt4DSow/edit#gid=71150222;https://docs.google.com/spreadsheets/d/1B2uTMvWlAHb7WlpupJV1A2Hbi3K3U1vCyoFV0wCapcw/edit#gid=1271313224;https://docs.google.com/spreadsheets/d/1B2uTMvWlAHb7WlpupJV1A2Hbi3K3U1vCyoFV0wCapcw/edit#gid=1521895812;https://docs.google.com/spreadsheets/d/1B2uTMvWlAHb7WlpupJV1A2Hbi3K3U1vCyoFV0wCapcw/edit#gid=1846395979;https://docs.google.com/spreadsheets/d/1B2uTMvWlAHb7WlpupJV1A2Hbi3K3U1vCyoFV0wCapcw/edit#gid=26363830;https://docs.google.com/spreadsheets/d/1FUsClf5qEny-BHY5Djp8rIwRJKBSJDvygJ8LBa62FEo/edit#gid=0;https://docs.google.com/spreadsheets/d/1JZpA-5XDldN2bjfvhvBPHYK-1AENETLnF1UxNEpWlNA/edit#gid=352888197;https://docs.google.com/spreadsheets/d/1kXhNwKGrqQTwSal0NxpZ9h0yo6u_mQwhwg4vGVwxMX4/edit#gid=0;https://docs.google.com/spreadsheets/d/1kiwDk4NgYoKb0Oo9yqzwl9HXHxuQ_0I5gkb1JtE57PI/edit#gid=0;https://docs.google.com/spreadsheets/d/1n9SmK-ccTCn8Jjhs4U2LKnibXY8PvuBtV3V9MCOURRA/edit#gid=0;https://docs.google.com/spreadsheets/d/1odsNRAZStW1GzmpXwmg27dqjOlch7w8syZOZ5Z2OQRg/edit#gid=0;https://docs.google.com/spreadsheets/d/1uo7-E_E2jbehB2hbBurpPayP_0fKY5sPZcFgZmfLydY/edit#gid=1526488506;https://docs.google.com/spreadsheets/d/1uo7-E_E2jbehB2hbBurpPayP_0fKY5sPZcFgZmfLydY/edit#gid=1696255979;https://docs.google.com/spreadsheets/d/1uo7-E_E2jbehB2hbBurpPayP_0fKY5sPZcFgZmfLydY/edit#gid=520178140;https://docs.google.com/spreadsheets/d/1vJ-pioe3RZKSZ3LIGEA3FVTv_KEE_XKIQAXSIUNNd-Q/edit#gid=0;https://raw.githubusercontent.com/PokeAPI/pokeapi/master/data/v2/csv/languages.csv;https://raw.githubusercontent.com/PokeAPI/pokeapi/master/data/v2/csv/pokemon.csv;https://raw.githubusercontent.com/PokeAPI/pokeapi/master/data/v2/csv/pokemon_form_names.csv;https://raw.githubusercontent.com/PokeAPI/pokeapi/master/data/v2/csv/pokemon_forms.csv;https://raw.githubusercontent.com/PokeAPI/pokeapi/master/data/v2/csv/pokemon_species_names.csv;output/team-graphics/s3/GPL Teams Spieltag 14 (1).jpg;output/team-graphics/s3/GPL Teams Spieltag 14 (2).jpg;output/team-graphics/s4/Suicide Squad - CaptainCrinch.png;output/team-graphics/s5/Aggron Berlin.png;output/team-graphics/s5/Energie Tobutz.png;output/team-graphics/s5/Prekani.png;output/team-graphics/s5/SoulStealer.png
season_010,Playoffs,playoffs,Nestfloh,Böller Brüder,6,60.2,61.6,61.6,54.5,"Katapuldra, Impoleon, Arktilas, Bandelby, Ogerpon-Wasser, Alola-Sleimok",data/manual/team_pokemon_usage.csv;https://docs.google.com/spreadsheets/d/11wxsKyCydVmDjp4kGLJAOLPM_LgwCLN2GYpbDQkNtkk/edit#gid=1588964432;https://docs.google.com/spreadsheets/d/11wxsKyCydVmDjp4kGLJAOLPM_LgwCLN2GYpbDQkNtkk/edit#gid=1843013406;https://docs.google.com/spreadsheets/d/13smsrG2BGYxr_omJWcgr-sUDr39bvOJPNL5RPt4DSow/edit#gid=1934543062;https://docs.google.com/spreadsheets/d/13smsrG2BGYxr_omJWcgr-sUDr39bvOJPNL5RPt4DSow/edit#gid=1953790464;https://docs.google.com/spreadsheets/d/13smsrG2BGYxr_omJWcgr-sUDr39bvOJPNL5RPt4DSow/edit#gid=71150222;https://docs.google.com/spreadsheets/d/1B2uTMvWlAHb7WlpupJV1A2Hbi3K3U1vCyoFV0wCapcw/edit#gid=1271313224;https://docs.google.com/spreadsheets/d/1B2uTMvWlAHb7WlpupJV1A2Hbi3K3U1vCyoFV0wCapcw/edit#gid=1521895812;https://docs.google.com/spreadsheets/d/1B2uTMvWlAHb7WlpupJV1A2Hbi3K3U1vCyoFV0wCapcw/edit#gid=1846395979;https://docs.google.com/spreadsheets/d/1B2uTMvWlAHb7WlpupJV1A2Hbi3K3U1vCyoFV0wCapcw/edit#gid=26363830;https://docs.google.com/spreadsheets/d/1FUsClf5qEny-BHY5Djp8rIwRJKBSJDvygJ8LBa62FEo/edit#gid=0;https://docs.google.com/spreadsheets/d/1JZpA-5XDldN2bjfvhvBPHYK-1AENETLnF1UxNEpWlNA/edit#gid=352888197;https://docs.google.com/spreadsheets/d/1nwiq_ggEj7QePeZGMR2xoi0bEHJr_ZGO24YCRdt93No/edit#gid=857670931;https://docs.google.com/spreadsheets/d/1odsNRAZStW1GzmpXwmg27dqjOlch7w8syZOZ5Z2OQRg/edit#gid=0;https://docs.google.com/spreadsheets/d/1uo7-E_E2jbehB2hbBurpPayP_0fKY5sPZcFgZmfLydY/edit#gid=1526488506;https://docs.google.com/spreadsheets/d/1uo7-E_E2jbehB2hbBurpPayP_0fKY5sPZcFgZmfLydY/edit#gid=1696255979;https://docs.google.com/spreadsheets/d/1uo7-E_E2jbehB2hbBurpPayP_0fKY5sPZcFgZmfLydY/edit#gid=520178140;https://docs.google.com/spreadsheets/d/1vJ-pioe3RZKSZ3LIGEA3FVTv_KEE_XKIQAXSIUNNd-Q/edit#gid=0;https://raw.githubusercontent.com/PokeAPI/pokeapi/master/data/v2/csv/languages.csv;https://raw.githubusercontent.com/PokeAPI/pokeapi/master/data/v2/csv/pokemon.csv;https://raw.githubusercontent.com/PokeAPI/pokeapi/master/data/v2/csv/pokemon_form_names.csv;https://raw.githubusercontent.com/PokeAPI/pokeapi/master/data/v2/csv/pokemon_forms.csv;https://raw.githubusercontent.com/PokeAPI/pokeapi/master/data/v2/csv/pokemon_species_names.csv;output/team-graphics/s3/GPL Teams Spieltag 14 (2).jpg;output/team-graphics/s4/Slicing Knights - Cabgolord.png;output/team-graphics/s4/Surstars - SurskitTV.png
season_006,Sun Conference,regular,Barry D. Sin of Speed,Nova Dragons,11,58.5,48.1,48.1,100,"Panzaeron, Selfe, Resladero, Ditto, Impergator, Colossand",data/manual/team_pokemon_usage.csv;https://docs.google.com/spreadsheets/d/11wxsKyCydVmDjp4kGLJAOLPM_LgwCLN2GYpbDQkNtkk/edit#gid=1588964432;https://docs.google.com/spreadsheets/d/11wxsKyCydVmDjp4kGLJAOLPM_LgwCLN2GYpbDQkNtkk/edit#gid=1843013406;https://docs.google.com/spreadsheets/d/11wxsKyCydVmDjp4kGLJAOLPM_LgwCLN2GYpbDQkNtkk/edit#gid=654435343;https://docs.google.com/spreadsheets/d/13smsrG2BGYxr_omJWcgr-sUDr39bvOJPNL5RPt4DSow/edit#gid=1934543062;https://docs.google.com/spreadsheets/d/13smsrG2BGYxr_omJWcgr-sUDr39bvOJPNL5RPt4DSow/edit#gid=1953790464;https://docs.google.com/spreadsheets/d/13smsrG2BGYxr_omJWcgr-sUDr39bvOJPNL5RPt4DSow/edit#gid=71150222;https://docs.google.com/spreadsheets/d/1B2uTMvWlAHb7WlpupJV1A2Hbi3K3U1vCyoFV0wCapcw/edit#gid=1271313224;https://docs.google.com/spreadsheets/d/1B2uTMvWlAHb7WlpupJV1A2Hbi3K3U1vCyoFV0wCapcw/edit#gid=1521895812;https://docs.google.com/spreadsheets/d/1B2uTMvWlAHb7WlpupJV1A2Hbi3K3U1vCyoFV0wCapcw/edit#gid=1846395979;https://docs.google.com/spreadsheets/d/1B2uTMvWlAHb7WlpupJV1A2Hbi3K3U1vCyoFV0wCapcw/edit#gid=26363830;https://docs.google.com/spreadsheets/d/1FUsClf5qEny-BHY5Djp8rIwRJKBSJDvygJ8LBa62FEo/edit#gid=0;https://docs.google.com/spreadsheets/d/1JZpA-5XDldN2bjfvhvBPHYK-1AENETLnF1UxNEpWlNA/edit#gid=352888197;https://docs.google.com/spreadsheets/d/1n9SmK-ccTCn8Jjhs4U2LKnibXY8PvuBtV3V9MCOURRA/edit#gid=0;https://docs.google.com/spreadsheets/d/1nwiq_ggEj7QePeZGMR2xoi0bEHJr_ZGO24YCRdt93No/edit#gid=857670931;https://docs.google.com/spreadsheets/d/1odsNRAZStW1GzmpXwmg27dqjOlch7w8syZOZ5Z2OQRg/edit#gid=0;https://docs.google.com/spreadsheets/d/1uo7-E_E2jbehB2hbBurpPayP_0fKY5sPZcFgZmfLydY/edit#gid=1526488506;https://docs.google.com/spreadsheets/d/1uo7-E_E2jbehB2hbBurpPayP_0fKY5sPZcFgZmfLydY/edit#gid=1696255979;https://docs.google.com/spreadsheets/d/1uo7-E_E2jbehB2hbBurpPayP_0fKY5sPZcFgZmfLydY/edit#gid=520178140;https://docs.google.com/spreadsheets/d/1vJ-pioe3RZKSZ3LIGEA3FVTv_KEE_XKIQAXSIUNNd-Q/edit#gid=0;https://raw.githubusercontent.com/PokeAPI/pokeapi/master/data/v2/csv/languages.csv;https://raw.githubusercontent.com/PokeAPI/pokeapi/master/data/v2/csv/pokemon.csv;https://raw.githubusercontent.com/PokeAPI/pokeapi/master/data/v2/csv/pokemon_form_names.csv;https://raw.githubusercontent.com/PokeAPI/pokeapi/master/data/v2/csv/pokemon_forms.csv;https://raw.githubusercontent.com/PokeAPI/pokeapi/master/data/v2/csv/pokemon_species_names.csv;output/team-graphics/s3/GPL Teams Spieltag 14 (1).jpg;output/team-graphics/s3/GPL Teams Spieltag 14 (2).jpg;output/team-graphics/s4/Enteikutierung - Lauris Enteitainment.png;output/team-graphics/s4/Schnittlauchs - PokeBazi.png;output/team-graphics/s5/Aggron Berlin.png;output/team-graphics/s5/Crinchilla.png;output/team-graphics/s5/Marvelous Speedsters.png;output/team-graphics/s5/Victini Bottom.png
season_005,Liga 1,rueckrunde,Raizor,Soulstealer,12,57.5,46.9,46.9,100,"Brutalanda, Milotic, Kobalium, Sniebel, Tangela, Lepumentas",data/manual/pokemon_killlists.csv;data/manual/team_pokemon_usage.csv;https://docs.google.com/spreadsheets/d/11wxsKyCydVmDjp4kGLJAOLPM_LgwCLN2GYpbDQkNtkk/edit#gid=1588964432;https://docs.google.com/spreadsheets/d/11wxsKyCydVmDjp4kGLJAOLPM_LgwCLN2GYpbDQkNtkk/edit#gid=1843013406;https://docs.google.com/spreadsheets/d/13smsrG2BGYxr_omJWcgr-sUDr39bvOJPNL5RPt4DSow/edit#gid=1934543062;https://docs.google.com/spreadsheets/d/13smsrG2BGYxr_omJWcgr-sUDr39bvOJPNL5RPt4DSow/edit#gid=71150222;https://docs.google.com/spreadsheets/d/1B2uTMvWlAHb7WlpupJV1A2Hbi3K3U1vCyoFV0wCapcw/edit#gid=1271313224;https://docs.google.com/spreadsheets/d/1B2uTMvWlAHb7WlpupJV1A2Hbi3K3U1vCyoFV0wCapcw/edit#gid=1521895812;https://docs.google.com/spreadsheets/d/1B2uTMvWlAHb7WlpupJV1A2Hbi3K3U1vCyoFV0wCapcw/edit#gid=1846395979;https://docs.google.com/spreadsheets/d/1B2uTMvWlAHb7WlpupJV1A2Hbi3K3U1vCyoFV0wCapcw/edit#gid=26363830;https://docs.google.com/spreadsheets/d/1FUsClf5qEny-BHY5Djp8rIwRJKBSJDvygJ8LBa62FEo/edit#gid=0;https://docs.google.com/spreadsheets/d/1JZpA-5XDldN2bjfvhvBPHYK-1AENETLnF1UxNEpWlNA/edit#gid=352888197;https://docs.google.com/spreadsheets/d/1kiwDk4NgYoKb0Oo9yqzwl9HXHxuQ_0I5gkb1JtE57PI/edit#gid=0;https://docs.google.com/spreadsheets/d/1n9SmK-ccTCn8Jjhs4U2LKnibXY8PvuBtV3V9MCOURRA/edit#gid=0;https://docs.google.com/spreadsheets/d/1nwiq_ggEj7QePeZGMR2xoi0bEHJr_ZGO24YCRdt93No/edit#gid=857670931;https://docs.google.com/spreadsheets/d/1odsNRAZStW1GzmpXwmg27dqjOlch7w8syZOZ5Z2OQRg/edit#gid=0;https://docs.google.com/spreadsheets/d/1uo7-E_E2jbehB2hbBurpPayP_0fKY5sPZcFgZmfLydY/edit#gid=1526488506;https://docs.google.com/spreadsheets/d/1uo7-E_E2jbehB2hbBurpPayP_0fKY5sPZcFgZmfLydY/edit#gid=1696255979;https://docs.google.com/spreadsheets/d/1uo7-E_E2jbehB2hbBurpPayP_0fKY5sPZcFgZmfLydY/edit#gid=520178140;https://docs.google.com/spreadsheets/d/1vJ-pioe3RZKSZ3LIGEA3FVTv_KEE_XKIQAXSIUNNd-Q/edit#gid=0;https://raw.githubusercontent.com/PokeAPI/pokeapi/master/data/v2/csv/languages.csv;https://raw.githubusercontent.com/PokeAPI/pokeapi/master/data/v2/csv/pokemon.csv;https://raw.githubusercontent.com/PokeAPI/pokeapi/master/data/v2/csv/pokemon_form_names.csv;https://raw.githubusercontent.com/PokeAPI/pokeapi/master/data/v2/csv/pokemon_forms.csv;https://raw.githubusercontent.com/PokeAPI/pokeapi/master/data/v2/csv/pokemon_species_names.csv;output/team-graphics/s3/GPL Teams Spieltag 14 (1).jpg;output/team-graphics/s3/GPL Teams Spieltag 14 (2).jpg;output/team-graphics/s4/Enteikutierung - Lauris Enteitainment.png;output/team-graphics/s4/Prekani - PresentLP.png;output/team-graphics/s4/Variant Vulpix - CrowdController.png;output/team-graphics/s5/SoulStealer.png
season_006,Moon Conference,regular,Art'n'Gaming,Little Litleos,11,53.4,41.8,41.8,100,"Stalobor, Primarene, Morlord, Magnezone, Hippoterus, Wolwerock-Tagform",data/manual/pokemon_killlists.csv;data/manual/team_pokemon_usage.csv;https://docs.google.com/spreadsheets/d/11wxsKyCydVmDjp4kGLJAOLPM_LgwCLN2GYpbDQkNtkk/edit#gid=1843013406;https://docs.google.com/spreadsheets/d/13smsrG2BGYxr_omJWcgr-sUDr39bvOJPNL5RPt4DSow/edit#gid=1934543062;https://docs.google.com/spreadsheets/d/13smsrG2BGYxr_omJWcgr-sUDr39bvOJPNL5RPt4DSow/edit#gid=71150222;https://docs.google.com/spreadsheets/d/1B2uTMvWlAHb7WlpupJV1A2Hbi3K3U1vCyoFV0wCapcw/edit#gid=1271313224;https://docs.google.com/spreadsheets/d/1B2uTMvWlAHb7WlpupJV1A2Hbi3K3U1vCyoFV0wCapcw/edit#gid=1521895812;https://docs.google.com/spreadsheets/d/1B2uTMvWlAHb7WlpupJV1A2Hbi3K3U1vCyoFV0wCapcw/edit#gid=1846395979;https://docs.google.com/spreadsheets/d/1B2uTMvWlAHb7WlpupJV1A2Hbi3K3U1vCyoFV0wCapcw/edit#gid=26363830;https://docs.google.com/spreadsheets/d/1FUsClf5qEny-BHY5Djp8rIwRJKBSJDvygJ8LBa62FEo/edit#gid=0;https://docs.google.com/spreadsheets/d/1JZpA-5XDldN2bjfvhvBPHYK-1AENETLnF1UxNEpWlNA/edit#gid=352888197;https://docs.google.com/spreadsheets/d/1kXhNwKGrqQTwSal0NxpZ9h0yo6u_mQwhwg4vGVwxMX4/edit#gid=0;https://docs.google.com/spreadsheets/d/1kiwDk4NgYoKb0Oo9yqzwl9HXHxuQ_0I5gkb1JtE57PI/edit#gid=0;https://docs.google.com/spreadsheets/d/1n9SmK-ccTCn8Jjhs4U2LKnibXY8PvuBtV3V9MCOURRA/edit#gid=0;https://docs.google.com/spreadsheets/d/1nwiq_ggEj7QePeZGMR2xoi0bEHJr_ZGO24YCRdt93No/edit#gid=857670931;https://docs.google.com/spreadsheets/d/1odsNRAZStW1GzmpXwmg27dqjOlch7w8syZOZ5Z2OQRg/edit#gid=0;https://docs.google.com/spreadsheets/d/1uo7-E_E2jbehB2hbBurpPayP_0fKY5sPZcFgZmfLydY/edit#gid=1526488506;https://docs.google.com/spreadsheets/d/1uo7-E_E2jbehB2hbBurpPayP_0fKY5sPZcFgZmfLydY/edit#gid=1696255979;https://docs.google.com/spreadsheets/d/1uo7-E_E2jbehB2hbBurpPayP_0fKY5sPZcFgZmfLydY/edit#gid=520178140;https://docs.google.com/spreadsheets/d/1vJ-pioe3RZKSZ3LIGEA3FVTv_KEE_XKIQAXSIUNNd-Q/edit#gid=0;https://raw.githubusercontent.com/PokeAPI/pokeapi/master/data/v2/csv/languages.csv;https://raw.githubusercontent.com/PokeAPI/pokeapi/master/data/v2/csv/pokemon.csv;https://raw.githubusercontent.com/PokeAPI/pokeapi/master/data/v2/csv/pokemon_form_names.csv;https://raw.githubusercontent.com/PokeAPI/pokeapi/master/data/v2/csv/pokemon_forms.csv;https://raw.githubusercontent.com/PokeAPI/pokeapi/master/data/v2/csv/pokemon_species_names.csv;output/team-graphics/s3/GPL Teams Spieltag 14 (1).jpg;output/team-graphics/s5/Howling Commandos.png;output/team-graphics/s5/Triyolotree.png
