season_id,division,roster_phase,team_name,team_name_normalized,person_name,person_name_normalized,pokemon,pokemon_normalized,slot,source_table,source_file,source_urls,data_status,notes
season_009,Singles,season,Akatsuki Amphibianz,akatsuki amphibianz,Barry D. Sin of Speed,barry d sin of speed,Wulaosu-Fließend,wulaosu fliessend,1,Kader Singles,data/raw/season_009/sheets/1uo7_e_e2jbehb2hbburppayp_0fky5spzcfgzmflydy_kader_singles_1967375019.csv,https://docs.google.com/spreadsheets/d/1uo7-E_E2jbehB2hbBurpPayP_0fKY5sPZcFgZmfLydY/edit#gid=1967375019,sheet_extracted,
season_009,Singles,season,Akatsuki Amphibianz,akatsuki amphibianz,Barry D. Sin of Speed,barry d sin of speed,Knakrack,knakrack,2,Kader Singles,data/raw/season_009/sheets/1uo7_e_e2jbehb2hbburppayp_0fky5spzcfgzmflydy_kader_singles_1967375019.csv,https://docs.google.com/spreadsheets/d/1uo7-E_E2jbehB2hbBurpPayP_0fKY5sPZcFgZmfLydY/edit#gid=1967375019,sheet_extracted,
season_009,Singles,season,Akatsuki Amphibianz,akatsuki amphibianz,Barry D. Sin of Speed,barry d sin of speed,Primarene,primarene,3,Kader Singles,data/raw/season_009/sheets/1uo7_e_e2jbehb2hbburppayp_0fky5spzcfgzmflydy_kader_singles_1967375019.csv,https://docs.google.com/spreadsheets/d/1uo7-E_E2jbehB2hbBurpPayP_0fKY5sPZcFgZmfLydY/edit#gid=1967375019,sheet_extracted,
season_009,Singles,season,Akatsuki Amphibianz,akatsuki amphibianz,Barry D. Sin of Speed,barry d sin of speed,Galar-Lavados,galar lavados,4,Kader Singles,data/raw/season_009/sheets/1uo7_e_e2jbehb2hbburppayp_0fky5spzcfgzmflydy_kader_singles_1967375019.csv,https://docs.google.com/spreadsheets/d/1uo7-E_E2jbehB2hbBurpPayP_0fKY5sPZcFgZmfLydY/edit#gid=1967375019,sheet_extracted,
season_009,Singles,season,Akatsuki Amphibianz,akatsuki amphibianz,Barry D. Sin of Speed,barry d sin of speed,Gengar,gengar,5,Kader Singles,data/raw/season_009/sheets/1uo7_e_e2jbehb2hbburppayp_0fky5spzcfgzmflydy_kader_singles_1967375019.csv,https://docs.google.com/spreadsheets/d/1uo7-E_E2jbehB2hbBurpPayP_0fKY5sPZcFgZmfLydY/edit#gid=1967375019,sheet_extracted,
season_009,Singles,season,Akatsuki Amphibianz,akatsuki amphibianz,Barry D. Sin of Speed,barry d sin of speed,Elfun,elfun,6,Kader Singles,data/raw/season_009/sheets/1uo7_e_e2jbehb2hbburppayp_0fky5spzcfgzmflydy_kader_singles_1967375019.csv,https://docs.google.com/spreadsheets/d/1uo7-E_E2jbehB2hbBurpPayP_0fKY5sPZcFgZmfLydY/edit#gid=1967375019,sheet_extracted,
season_009,Singles,season,Akatsuki Amphibianz,akatsuki amphibianz,Barry D. Sin of Speed,barry d sin of speed,Wolwerock-Dämmerungsform,wolwerock daemmerungsform,7,Kader Singles,data/raw/season_009/sheets/1uo7_e_e2jbehb2hbburppayp_0fky5spzcfgzmflydy_kader_singles_1967375019.csv,https://docs.google.com/spreadsheets/d/1uo7-E_E2jbehB2hbBurpPayP_0fKY5sPZcFgZmfLydY/edit#gid=1967375019,sheet_extracted,
season_009,Singles,season,Akatsuki Amphibianz,akatsuki amphibianz,Barry D. Sin of Speed,barry d sin of speed,Panzaeron,panzaeron,8,Kader Singles,data/raw/season_009/sheets/1uo7_e_e2jbehb2hbburppayp_0fky5spzcfgzmflydy_kader_singles_1967375019.csv,https://docs.google.com/spreadsheets/d/1uo7-E_E2jbehB2hbBurpPayP_0fKY5sPZcFgZmfLydY/edit#gid=1967375019,sheet_extracted,
season_009,Singles,season,Akatsuki Amphibianz,akatsuki amphibianz,Barry D. Sin of Speed,barry d sin of speed,Raichu,raichu,9,Kader Singles,data/raw/season_009/sheets/1uo7_e_e2jbehb2hbburppayp_0fky5spzcfgzmflydy_kader_singles_1967375019.csv,https://docs.google.com/spreadsheets/d/1uo7-E_E2jbehB2hbBurpPayP_0fKY5sPZcFgZmfLydY/edit#gid=1967375019,sheet_extracted,
season_009,Singles,season,Akatsuki Amphibianz,akatsuki amphibianz,Barry D. Sin of Speed,barry d sin of speed,Vesprit,vesprit,10,Kader Singles,data/raw/season_009/sheets/1uo7_e_e2jbehb2hbburppayp_0fky5spzcfgzmflydy_kader_singles_1967375019.csv,https://docs.google.com/spreadsheets/d/1uo7-E_E2jbehB2hbBurpPayP_0fKY5sPZcFgZmfLydY/edit#gid=1967375019,sheet_extracted,
season_009,Singles,season,Akatsuki Amphibianz,akatsuki amphibianz,Barry D. Sin of Speed,barry d sin of speed,Tortunator,tortunator,11,Kader Singles,data/raw/season_009/sheets/1uo7_e_e2jbehb2hbburppayp_0fky5spzcfgzmflydy_kader_singles_1967375019.csv,https://docs.google.com/spreadsheets/d/1uo7-E_E2jbehB2hbBurpPayP_0fKY5sPZcFgZmfLydY/edit#gid=1967375019,sheet_extracted,
season_009,Singles,season,Akatsuki Amphibianz,akatsuki amphibianz,Barry D. Sin of Speed,barry d sin of speed,Olangaar,olangaar,12,Kader Singles,data/raw/season_009/sheets/1uo7_e_e2jbehb2hbburppayp_0fky5spzcfgzmflydy_kader_singles_1967375019.csv,https://docs.google.com/spreadsheets/d/1uo7-E_E2jbehB2hbBurpPayP_0fKY5sPZcFgZmfLydY/edit#gid=1967375019,sheet_extracted,
season_009,Singles,season,Akatsuki Amphibianz,akatsuki amphibianz,Barry D. Sin of Speed,barry d sin of speed,Schlaraffel,schlaraffel,13,Kader Singles,data/raw/season_009/sheets/1uo7_e_e2jbehb2hbburppayp_0fky5spzcfgzmflydy_kader_singles_1967375019.csv,https://docs.google.com/spreadsheets/d/1uo7-E_E2jbehB2hbBurpPayP_0fKY5sPZcFgZmfLydY/edit#gid=1967375019,sheet_extracted,
season_009,Singles,season,Akatsuki Amphibianz,akatsuki amphibianz,Barry D. Sin of Speed,barry d sin of speed,Arkani,arkani,14,Kader Singles,data/raw/season_009/sheets/1uo7_e_e2jbehb2hbburppayp_0fky5spzcfgzmflydy_kader_singles_1967375019.csv,https://docs.google.com/spreadsheets/d/1uo7-E_E2jbehB2hbBurpPayP_0fKY5sPZcFgZmfLydY/edit#gid=1967375019,sheet_extracted,
season_009,Singles,season,Royal Bluff,royal bluff,BlackLink,blacklink,Kapu-Riki,kapu riki,1,Kader Singles,data/raw/season_009/sheets/1uo7_e_e2jbehb2hbburppayp_0fky5spzcfgzmflydy_kader_singles_1967375019.csv,https://docs.google.com/spreadsheets/d/1uo7-E_E2jbehB2hbBurpPayP_0fKY5sPZcFgZmfLydY/edit#gid=1967375019,sheet_extracted,
season_009,Singles,season,Royal Bluff,royal bluff,BlackLink,blacklink,Latias,latias,2,Kader Singles,data/raw/season_009/sheets/1uo7_e_e2jbehb2hbburppayp_0fky5spzcfgzmflydy_kader_singles_1967375019.csv,https://docs.google.com/spreadsheets/d/1uo7-E_E2jbehB2hbBurpPayP_0fKY5sPZcFgZmfLydY/edit#gid=1967375019,sheet_extracted,
season_009,Singles,season,Royal Bluff,royal bluff,BlackLink,blacklink,Fuegro,fuegro,3,Kader Singles,data/raw/season_009/sheets/1uo7_e_e2jbehb2hbburppayp_0fky5spzcfgzmflydy_kader_singles_1967375019.csv,https://docs.google.com/spreadsheets/d/1uo7-E_E2jbehB2hbBurpPayP_0fKY5sPZcFgZmfLydY/edit#gid=1967375019,sheet_extracted,
season_009,Singles,season,Royal Bluff,royal bluff,BlackLink,blacklink,Durengard,durengard,4,Kader Singles,data/raw/season_009/sheets/1uo7_e_e2jbehb2hbburppayp_0fky5spzcfgzmflydy_kader_singles_1967375019.csv,https://docs.google.com/spreadsheets/d/1uo7-E_E2jbehB2hbBurpPayP_0fKY5sPZcFgZmfLydY/edit#gid=1967375019,sheet_extracted,
season_009,Singles,season,Royal Bluff,royal bluff,BlackLink,blacklink,Masskito,masskito,5,Kader Singles,data/raw/season_009/sheets/1uo7_e_e2jbehb2hbburppayp_0fky5spzcfgzmflydy_kader_singles_1967375019.csv,https://docs.google.com/spreadsheets/d/1uo7-E_E2jbehB2hbBurpPayP_0fKY5sPZcFgZmfLydY/edit#gid=1967375019,sheet_extracted,
season_009,Singles,season,Royal Bluff,royal bluff,BlackLink,blacklink,Branawarz,branawarz,6,Kader Singles,data/raw/season_009/sheets/1uo7_e_e2jbehb2hbburppayp_0fky5spzcfgzmflydy_kader_singles_1967375019.csv,https://docs.google.com/spreadsheets/d/1uo7-E_E2jbehB2hbBurpPayP_0fKY5sPZcFgZmfLydY/edit#gid=1967375019,sheet_extracted,
season_009,Singles,season,Royal Bluff,royal bluff,BlackLink,blacklink,Fruyal,fruyal,7,Kader Singles,data/raw/season_009/sheets/1uo7_e_e2jbehb2hbburppayp_0fky5spzcfgzmflydy_kader_singles_1967375019.csv,https://docs.google.com/spreadsheets/d/1uo7-E_E2jbehB2hbBurpPayP_0fKY5sPZcFgZmfLydY/edit#gid=1967375019,sheet_extracted,
season_009,Singles,season,Royal Bluff,royal bluff,BlackLink,blacklink,Smogmog,smogmog,8,Kader Singles,data/raw/season_009/sheets/1uo7_e_e2jbehb2hbburppayp_0fky5spzcfgzmflydy_kader_singles_1967375019.csv,https://docs.google.com/spreadsheets/d/1uo7-E_E2jbehB2hbBurpPayP_0fKY5sPZcFgZmfLydY/edit#gid=1967375019,sheet_extracted,
season_009,Singles,season,Royal Bluff,royal bluff,BlackLink,blacklink,Kicklee,kicklee,9,Kader Singles,data/raw/season_009/sheets/1uo7_e_e2jbehb2hbburppayp_0fky5spzcfgzmflydy_kader_singles_1967375019.csv,https://docs.google.com/spreadsheets/d/1uo7-E_E2jbehB2hbBurpPayP_0fKY5sPZcFgZmfLydY/edit#gid=1967375019,sheet_extracted,
season_009,Singles,season,Royal Bluff,royal bluff,BlackLink,blacklink,Schlurplek,schlurplek,10,Kader Singles,data/raw/season_009/sheets/1uo7_e_e2jbehb2hbburppayp_0fky5spzcfgzmflydy_kader_singles_1967375019.csv,https://docs.google.com/spreadsheets/d/1uo7-E_E2jbehB2hbBurpPayP_0fKY5sPZcFgZmfLydY/edit#gid=1967375019,sheet_extracted,
season_009,Singles,season,Royal Bluff,royal bluff,BlackLink,blacklink,Voltenso,voltenso,11,Kader Singles,data/raw/season_009/sheets/1uo7_e_e2jbehb2hbburppayp_0fky5spzcfgzmflydy_kader_singles_1967375019.csv,https://docs.google.com/spreadsheets/d/1uo7-E_E2jbehB2hbBurpPayP_0fKY5sPZcFgZmfLydY/edit#gid=1967375019,sheet_extracted,
season_009,Singles,season,Royal Bluff,royal bluff,BlackLink,blacklink,Keifel,keifel,12,Kader Singles,data/raw/season_009/sheets/1uo7_e_e2jbehb2hbburppayp_0fky5spzcfgzmflydy_kader_singles_1967375019.csv,https://docs.google.com/spreadsheets/d/1uo7-E_E2jbehB2hbBurpPayP_0fKY5sPZcFgZmfLydY/edit#gid=1967375019,sheet_extracted,
season_009,Singles,season,Royal Bluff,royal bluff,BlackLink,blacklink,Mimigma,mimigma,13,Kader Singles,data/raw/season_009/sheets/1uo7_e_e2jbehb2hbburppayp_0fky5spzcfgzmflydy_kader_singles_1967375019.csv,https://docs.google.com/spreadsheets/d/1uo7-E_E2jbehB2hbBurpPayP_0fKY5sPZcFgZmfLydY/edit#gid=1967375019,sheet_extracted,
season_009,Singles,season,Royal Bluff,royal bluff,BlackLink,blacklink,Cerapendra,cerapendra,14,Kader Singles,data/raw/season_009/sheets/1uo7_e_e2jbehb2hbburppayp_0fky5spzcfgzmflydy_kader_singles_1967375019.csv,https://docs.google.com/spreadsheets/d/1uo7-E_E2jbehB2hbBurpPayP_0fKY5sPZcFgZmfLydY/edit#gid=1967375019,sheet_extracted,
season_009,Singles,season,Voltwizards,voltwizards,Blocki,blocki,Gortrom,gortrom,1,Kader Singles,data/raw/season_009/sheets/1uo7_e_e2jbehb2hbburppayp_0fky5spzcfgzmflydy_kader_singles_1967375019.csv,https://docs.google.com/spreadsheets/d/1uo7-E_E2jbehB2hbBurpPayP_0fKY5sPZcFgZmfLydY/edit#gid=1967375019,sheet_extracted,
season_009,Singles,season,Voltwizards,voltwizards,Blocki,blocki,Heatran,heatran,2,Kader Singles,data/raw/season_009/sheets/1uo7_e_e2jbehb2hbburppayp_0fky5spzcfgzmflydy_kader_singles_1967375019.csv,https://docs.google.com/spreadsheets/d/1uo7-E_E2jbehB2hbBurpPayP_0fKY5sPZcFgZmfLydY/edit#gid=1967375019,sheet_extracted,
season_009,Singles,season,Voltwizards,voltwizards,Blocki,blocki,Grebbit,grebbit,3,Kader Singles,data/raw/season_009/sheets/1uo7_e_e2jbehb2hbburppayp_0fky5spzcfgzmflydy_kader_singles_1967375019.csv,https://docs.google.com/spreadsheets/d/1uo7-E_E2jbehB2hbBurpPayP_0fKY5sPZcFgZmfLydY/edit#gid=1967375019,sheet_extracted,
season_009,Singles,season,Voltwizards,voltwizards,Blocki,blocki,Keldeo,keldeo,4,Kader Singles,data/raw/season_009/sheets/1uo7_e_e2jbehb2hbburppayp_0fky5spzcfgzmflydy_kader_singles_1967375019.csv,https://docs.google.com/spreadsheets/d/1uo7-E_E2jbehB2hbBurpPayP_0fKY5sPZcFgZmfLydY/edit#gid=1967375019,sheet_extracted,
season_009,Singles,season,Voltwizards,voltwizards,Blocki,blocki,Raikou,raikou,5,Kader Singles,data/raw/season_009/sheets/1uo7_e_e2jbehb2hbburppayp_0fky5spzcfgzmflydy_kader_singles_1967375019.csv,https://docs.google.com/spreadsheets/d/1uo7-E_E2jbehB2hbBurpPayP_0fKY5sPZcFgZmfLydY/edit#gid=1967375019,sheet_extracted,
season_009,Singles,season,Voltwizards,voltwizards,Blocki,blocki,Iksbat,iksbat,6,Kader Singles,data/raw/season_009/sheets/1uo7_e_e2jbehb2hbburppayp_0fky5spzcfgzmflydy_kader_singles_1967375019.csv,https://docs.google.com/spreadsheets/d/1uo7-E_E2jbehB2hbBurpPayP_0fKY5sPZcFgZmfLydY/edit#gid=1967375019,sheet_extracted,
season_009,Singles,season,Voltwizards,voltwizards,Blocki,blocki,Selfe,selfe,7,Kader Singles,data/raw/season_009/sheets/1uo7_e_e2jbehb2hbburppayp_0fky5spzcfgzmflydy_kader_singles_1967375019.csv,https://docs.google.com/spreadsheets/d/1uo7-E_E2jbehB2hbBurpPayP_0fKY5sPZcFgZmfLydY/edit#gid=1967375019,sheet_extracted,
season_009,Singles,season,Voltwizards,voltwizards,Blocki,blocki,Curelei,curelei,8,Kader Singles,data/raw/season_009/sheets/1uo7_e_e2jbehb2hbburppayp_0fky5spzcfgzmflydy_kader_singles_1967375019.csv,https://docs.google.com/spreadsheets/d/1uo7-E_E2jbehB2hbBurpPayP_0fKY5sPZcFgZmfLydY/edit#gid=1967375019,sheet_extracted,
season_009,Singles,season,Voltwizards,voltwizards,Blocki,blocki,Zobiris,zobiris,9,Kader Singles,data/raw/season_009/sheets/1uo7_e_e2jbehb2hbburppayp_0fky5spzcfgzmflydy_kader_singles_1967375019.csv,https://docs.google.com/spreadsheets/d/1uo7-E_E2jbehB2hbBurpPayP_0fKY5sPZcFgZmfLydY/edit#gid=1967375019,sheet_extracted,
season_009,Singles,season,Voltwizards,voltwizards,Blocki,blocki,Sniebel,sniebel,10,Kader Singles,data/raw/season_009/sheets/1uo7_e_e2jbehb2hbburppayp_0fky5spzcfgzmflydy_kader_singles_1967375019.csv,https://docs.google.com/spreadsheets/d/1uo7-E_E2jbehB2hbBurpPayP_0fKY5sPZcFgZmfLydY/edit#gid=1967375019,sheet_extracted,
season_009,Singles,season,Voltwizards,voltwizards,Blocki,blocki,Skuntank,skuntank,11,Kader Singles,data/raw/season_009/sheets/1uo7_e_e2jbehb2hbburppayp_0fky5spzcfgzmflydy_kader_singles_1967375019.csv,https://docs.google.com/spreadsheets/d/1uo7-E_E2jbehB2hbBurpPayP_0fKY5sPZcFgZmfLydY/edit#gid=1967375019,sheet_extracted,
season_009,Singles,season,Voltwizards,voltwizards,Blocki,blocki,Tandrak,tandrak,12,Kader Singles,data/raw/season_009/sheets/1uo7_e_e2jbehb2hbburppayp_0fky5spzcfgzmflydy_kader_singles_1967375019.csv,https://docs.google.com/spreadsheets/d/1uo7-E_E2jbehB2hbBurpPayP_0fKY5sPZcFgZmfLydY/edit#gid=1967375019,sheet_extracted,
season_009,Singles,season,Voltwizards,voltwizards,Blocki,blocki,Kangama,kangama,13,Kader Singles,data/raw/season_009/sheets/1uo7_e_e2jbehb2hbburppayp_0fky5spzcfgzmflydy_kader_singles_1967375019.csv,https://docs.google.com/spreadsheets/d/1uo7-E_E2jbehB2hbBurpPayP_0fKY5sPZcFgZmfLydY/edit#gid=1967375019,sheet_extracted,
season_009,Singles,season,Voltwizards,voltwizards,Blocki,blocki,Morbitesse,morbitesse,14,Kader Singles,data/raw/season_009/sheets/1uo7_e_e2jbehb2hbburppayp_0fky5spzcfgzmflydy_kader_singles_1967375019.csv,https://docs.google.com/spreadsheets/d/1uo7-E_E2jbehB2hbBurpPayP_0fKY5sPZcFgZmfLydY/edit#gid=1967375019,sheet_extracted,
season_009,Singles,season,Voltwizards,voltwizards,Blocki,blocki,Mamutel,mamutel,15,Kader Singles,data/raw/season_009/sheets/1uo7_e_e2jbehb2hbburppayp_0fky5spzcfgzmflydy_kader_singles_1967375019.csv,https://docs.google.com/spreadsheets/d/1uo7-E_E2jbehB2hbBurpPayP_0fKY5sPZcFgZmfLydY/edit#gid=1967375019,sheet_extracted,
season_009,Singles,season,Scherzkekse,scherzkekse,Dauni Daunstar,dauni daunstar,Demeteros-T,demeteros t,1,Kader Singles,data/raw/season_009/sheets/1uo7_e_e2jbehb2hbburppayp_0fky5spzcfgzmflydy_kader_singles_1967375019.csv,https://docs.google.com/spreadsheets/d/1uo7-E_E2jbehB2hbBurpPayP_0fKY5sPZcFgZmfLydY/edit#gid=1967375019,sheet_extracted,
season_009,Singles,season,Scherzkekse,scherzkekse,Dauni Daunstar,dauni daunstar,Latios,latios,2,Kader Singles,data/raw/season_009/sheets/1uo7_e_e2jbehb2hbburppayp_0fky5spzcfgzmflydy_kader_singles_1967375019.csv,https://docs.google.com/spreadsheets/d/1uo7-E_E2jbehB2hbBurpPayP_0fKY5sPZcFgZmfLydY/edit#gid=1967375019,sheet_extracted,
season_009,Singles,season,Scherzkekse,scherzkekse,Dauni Daunstar,dauni daunstar,Liberlo,liberlo,3,Kader Singles,data/raw/season_009/sheets/1uo7_e_e2jbehb2hbburppayp_0fky5spzcfgzmflydy_kader_singles_1967375019.csv,https://docs.google.com/spreadsheets/d/1uo7-E_E2jbehB2hbBurpPayP_0fKY5sPZcFgZmfLydY/edit#gid=1967375019,sheet_extracted,
season_009,Singles,season,Scherzkekse,scherzkekse,Dauni Daunstar,dauni daunstar,Meistagrif,meistagrif,4,Kader Singles,data/raw/season_009/sheets/1uo7_e_e2jbehb2hbburppayp_0fky5spzcfgzmflydy_kader_singles_1967375019.csv,https://docs.google.com/spreadsheets/d/1uo7-E_E2jbehB2hbBurpPayP_0fKY5sPZcFgZmfLydY/edit#gid=1967375019,sheet_extracted,
season_009,Singles,season,Scherzkekse,scherzkekse,Dauni Daunstar,dauni daunstar,Krarmor,krarmor,5,Kader Singles,data/raw/season_009/sheets/1uo7_e_e2jbehb2hbburppayp_0fky5spzcfgzmflydy_kader_singles_1967375019.csv,https://docs.google.com/spreadsheets/d/1uo7-E_E2jbehB2hbBurpPayP_0fKY5sPZcFgZmfLydY/edit#gid=1967375019,sheet_extracted,
season_009,Singles,season,Scherzkekse,scherzkekse,Dauni Daunstar,dauni daunstar,Milotic,milotic,6,Kader Singles,data/raw/season_009/sheets/1uo7_e_e2jbehb2hbburppayp_0fky5spzcfgzmflydy_kader_singles_1967375019.csv,https://docs.google.com/spreadsheets/d/1uo7-E_E2jbehB2hbBurpPayP_0fKY5sPZcFgZmfLydY/edit#gid=1967375019,sheet_extracted,
season_009,Singles,season,Scherzkekse,scherzkekse,Dauni Daunstar,dauni daunstar,Riffex-Hoch,riffex hoch,7,Kader Singles,data/raw/season_009/sheets/1uo7_e_e2jbehb2hbburppayp_0fky5spzcfgzmflydy_kader_singles_1967375019.csv,https://docs.google.com/spreadsheets/d/1uo7-E_E2jbehB2hbBurpPayP_0fKY5sPZcFgZmfLydY/edit#gid=1967375019,sheet_extracted,
season_009,Singles,season,Scherzkekse,scherzkekse,Dauni Daunstar,dauni daunstar,Piepi,piepi,8,Kader Singles,data/raw/season_009/sheets/1uo7_e_e2jbehb2hbburppayp_0fky5spzcfgzmflydy_kader_singles_1967375019.csv,https://docs.google.com/spreadsheets/d/1uo7-E_E2jbehB2hbBurpPayP_0fKY5sPZcFgZmfLydY/edit#gid=1967375019,sheet_extracted,
season_009,Singles,season,Scherzkekse,scherzkekse,Dauni Daunstar,dauni daunstar,Piondragi,piondragi,9,Kader Singles,data/raw/season_009/sheets/1uo7_e_e2jbehb2hbburppayp_0fky5spzcfgzmflydy_kader_singles_1967375019.csv,https://docs.google.com/spreadsheets/d/1uo7-E_E2jbehB2hbBurpPayP_0fKY5sPZcFgZmfLydY/edit#gid=1967375019,sheet_extracted,
season_009,Singles,season,Scherzkekse,scherzkekse,Dauni Daunstar,dauni daunstar,Togedemaru,togedemaru,10,Kader Singles,data/raw/season_009/sheets/1uo7_e_e2jbehb2hbburppayp_0fky5spzcfgzmflydy_kader_singles_1967375019.csv,https://docs.google.com/spreadsheets/d/1uo7-E_E2jbehB2hbBurpPayP_0fKY5sPZcFgZmfLydY/edit#gid=1967375019,sheet_extracted,
season_009,Singles,season,Scherzkekse,scherzkekse,Dauni Daunstar,dauni daunstar,Somnivora,somnivora,11,Kader Singles,data/raw/season_009/sheets/1uo7_e_e2jbehb2hbburppayp_0fky5spzcfgzmflydy_kader_singles_1967375019.csv,https://docs.google.com/spreadsheets/d/1uo7-E_E2jbehB2hbBurpPayP_0fKY5sPZcFgZmfLydY/edit#gid=1967375019,sheet_extracted,
season_009,Singles,season,Scherzkekse,scherzkekse,Dauni Daunstar,dauni daunstar,Kaguron,kaguron,12,Kader Singles,data/raw/season_009/sheets/1uo7_e_e2jbehb2hbburppayp_0fky5spzcfgzmflydy_kader_singles_1967375019.csv,https://docs.google.com/spreadsheets/d/1uo7-E_E2jbehB2hbBurpPayP_0fKY5sPZcFgZmfLydY/edit#gid=1967375019,sheet_extracted,
season_009,Singles,season,Scherzkekse,scherzkekse,Dauni Daunstar,dauni daunstar,Kabutops,kabutops,13,Kader Singles,data/raw/season_009/sheets/1uo7_e_e2jbehb2hbburppayp_0fky5spzcfgzmflydy_kader_singles_1967375019.csv,https://docs.google.com/spreadsheets/d/1uo7-E_E2jbehB2hbBurpPayP_0fKY5sPZcFgZmfLydY/edit#gid=1967375019,sheet_extracted,
season_009,Singles,season,Scherzkekse,scherzkekse,Dauni Daunstar,dauni daunstar,Zytomega,zytomega,14,Kader Singles,data/raw/season_009/sheets/1uo7_e_e2jbehb2hbburppayp_0fky5spzcfgzmflydy_kader_singles_1967375019.csv,https://docs.google.com/spreadsheets/d/1uo7-E_E2jbehB2hbBurpPayP_0fKY5sPZcFgZmfLydY/edit#gid=1967375019,sheet_extracted,
season_009,Singles,season,Scherzkekse,scherzkekse,Dauni Daunstar,dauni daunstar,Porygon-Z,porygon z,15,Kader Singles,data/raw/season_009/sheets/1uo7_e_e2jbehb2hbburppayp_0fky5spzcfgzmflydy_kader_singles_1967375019.csv,https://docs.google.com/spreadsheets/d/1uo7-E_E2jbehB2hbBurpPayP_0fKY5sPZcFgZmfLydY/edit#gid=1967375019,sheet_extracted,
season_009,Singles,season,Victory Instinct,victory instinct,El Scizor,el scizor,Zeraora,zeraora,1,Kader Singles,data/raw/season_009/sheets/1uo7_e_e2jbehb2hbburppayp_0fky5spzcfgzmflydy_kader_singles_1967375019.csv,https://docs.google.com/spreadsheets/d/1uo7-E_E2jbehB2hbBurpPayP_0fKY5sPZcFgZmfLydY/edit#gid=1967375019,sheet_extracted,
season_009,Singles,season,Victory Instinct,victory instinct,El Scizor,el scizor,Kapu-Kime,kapu kime,2,Kader Singles,data/raw/season_009/sheets/1uo7_e_e2jbehb2hbburppayp_0fky5spzcfgzmflydy_kader_singles_1967375019.csv,https://docs.google.com/spreadsheets/d/1uo7-E_E2jbehB2hbBurpPayP_0fKY5sPZcFgZmfLydY/edit#gid=1967375019,sheet_extracted,
season_009,Singles,season,Victory Instinct,victory instinct,El Scizor,el scizor,Scherox,scherox,3,Kader Singles,data/raw/season_009/sheets/1uo7_e_e2jbehb2hbburppayp_0fky5spzcfgzmflydy_kader_singles_1967375019.csv,https://docs.google.com/spreadsheets/d/1uo7-E_E2jbehB2hbBurpPayP_0fKY5sPZcFgZmfLydY/edit#gid=1967375019,sheet_extracted,
season_009,Singles,season,Victory Instinct,victory instinct,El Scizor,el scizor,Demeteros-I,demeteros i,4,Kader Singles,data/raw/season_009/sheets/1uo7_e_e2jbehb2hbburppayp_0fky5spzcfgzmflydy_kader_singles_1967375019.csv,https://docs.google.com/spreadsheets/d/1uo7-E_E2jbehB2hbBurpPayP_0fKY5sPZcFgZmfLydY/edit#gid=1967375019,sheet_extracted,
season_009,Singles,season,Victory Instinct,victory instinct,El Scizor,el scizor,Volcanion,volcanion,5,Kader Singles,data/raw/season_009/sheets/1uo7_e_e2jbehb2hbburppayp_0fky5spzcfgzmflydy_kader_singles_1967375019.csv,https://docs.google.com/spreadsheets/d/1uo7-E_E2jbehB2hbBurpPayP_0fKY5sPZcFgZmfLydY/edit#gid=1967375019,sheet_extracted,
season_009,Singles,season,Victory Instinct,victory instinct,El Scizor,el scizor,Zarude,zarude,6,Kader Singles,data/raw/season_009/sheets/1uo7_e_e2jbehb2hbburppayp_0fky5spzcfgzmflydy_kader_singles_1967375019.csv,https://docs.google.com/spreadsheets/d/1uo7-E_E2jbehB2hbBurpPayP_0fKY5sPZcFgZmfLydY/edit#gid=1967375019,sheet_extracted,
season_009,Singles,season,Victory Instinct,victory instinct,El Scizor,el scizor,UHaFnir,uhafnir,7,Kader Singles,data/raw/season_009/sheets/1uo7_e_e2jbehb2hbburppayp_0fky5spzcfgzmflydy_kader_singles_1967375019.csv,https://docs.google.com/spreadsheets/d/1uo7-E_E2jbehB2hbBurpPayP_0fKY5sPZcFgZmfLydY/edit#gid=1967375019,sheet_extracted,
season_009,Singles,season,Victory Instinct,victory instinct,El Scizor,el scizor,Nidoqueen,nidoqueen,8,Kader Singles,data/raw/season_009/sheets/1uo7_e_e2jbehb2hbburppayp_0fky5spzcfgzmflydy_kader_singles_1967375019.csv,https://docs.google.com/spreadsheets/d/1uo7-E_E2jbehB2hbBurpPayP_0fKY5sPZcFgZmfLydY/edit#gid=1967375019,sheet_extracted,
season_009,Singles,season,Victory Instinct,victory instinct,El Scizor,el scizor,Bronzong,bronzong,9,Kader Singles,data/raw/season_009/sheets/1uo7_e_e2jbehb2hbburppayp_0fky5spzcfgzmflydy_kader_singles_1967375019.csv,https://docs.google.com/spreadsheets/d/1uo7-E_E2jbehB2hbBurpPayP_0fKY5sPZcFgZmfLydY/edit#gid=1967375019,sheet_extracted,
season_009,Singles,season,Victory Instinct,victory instinct,El Scizor,el scizor,Pantimos,pantimos,10,Kader Singles,data/raw/season_009/sheets/1uo7_e_e2jbehb2hbburppayp_0fky5spzcfgzmflydy_kader_singles_1967375019.csv,https://docs.google.com/spreadsheets/d/1uo7-E_E2jbehB2hbBurpPayP_0fKY5sPZcFgZmfLydY/edit#gid=1967375019,sheet_extracted,
season_009,Singles,season,Victory Instinct,victory instinct,El Scizor,el scizor,Miltank,miltank,11,Kader Singles,data/raw/season_009/sheets/1uo7_e_e2jbehb2hbburppayp_0fky5spzcfgzmflydy_kader_singles_1967375019.csv,https://docs.google.com/spreadsheets/d/1uo7-E_E2jbehB2hbBurpPayP_0fKY5sPZcFgZmfLydY/edit#gid=1967375019,sheet_extracted,
season_009,Singles,season,Victory Instinct,victory instinct,El Scizor,el scizor,Rotom,rotom,12,Kader Singles,data/raw/season_009/sheets/1uo7_e_e2jbehb2hbburppayp_0fky5spzcfgzmflydy_kader_singles_1967375019.csv,https://docs.google.com/spreadsheets/d/1uo7-E_E2jbehB2hbBurpPayP_0fKY5sPZcFgZmfLydY/edit#gid=1967375019,sheet_extracted,
season_009,Singles,season,Victory Instinct,victory instinct,El Scizor,el scizor,Irokex,irokex,13,Kader Singles,data/raw/season_009/sheets/1uo7_e_e2jbehb2hbburppayp_0fky5spzcfgzmflydy_kader_singles_1967375019.csv,https://docs.google.com/spreadsheets/d/1uo7-E_E2jbehB2hbBurpPayP_0fKY5sPZcFgZmfLydY/edit#gid=1967375019,sheet_extracted,
season_009,Singles,season,Toon World,toon world,KingBlex,king blex,Stalobor,stalobor,1,Kader Singles,data/raw/season_009/sheets/1uo7_e_e2jbehb2hbburppayp_0fky5spzcfgzmflydy_kader_singles_1967375019.csv,https://docs.google.com/spreadsheets/d/1uo7-E_E2jbehB2hbBurpPayP_0fKY5sPZcFgZmfLydY/edit#gid=1967375019,sheet_extracted,
season_009,Singles,season,Toon World,toon world,KingBlex,king blex,Kyurem,kyurem,2,Kader Singles,data/raw/season_009/sheets/1uo7_e_e2jbehb2hbburppayp_0fky5spzcfgzmflydy_kader_singles_1967375019.csv,https://docs.google.com/spreadsheets/d/1uo7-E_E2jbehB2hbBurpPayP_0fKY5sPZcFgZmfLydY/edit#gid=1967375019,sheet_extracted,
season_009,Singles,season,Toon World,toon world,KingBlex,king blex,Brockoloss,brockoloss,3,Kader Singles,data/raw/season_009/sheets/1uo7_e_e2jbehb2hbburppayp_0fky5spzcfgzmflydy_kader_singles_1967375019.csv,https://docs.google.com/spreadsheets/d/1uo7-E_E2jbehB2hbBurpPayP_0fKY5sPZcFgZmfLydY/edit#gid=1967375019,sheet_extracted,
season_009,Singles,season,Toon World,toon world,KingBlex,king blex,Feelinara,feelinara,4,Kader Singles,data/raw/season_009/sheets/1uo7_e_e2jbehb2hbburppayp_0fky5spzcfgzmflydy_kader_singles_1967375019.csv,https://docs.google.com/spreadsheets/d/1uo7-E_E2jbehB2hbBurpPayP_0fKY5sPZcFgZmfLydY/edit#gid=1967375019,sheet_extracted,
season_009,Singles,season,Toon World,toon world,KingBlex,king blex,Lahmus,lahmus,5,Kader Singles,data/raw/season_009/sheets/1uo7_e_e2jbehb2hbburppayp_0fky5spzcfgzmflydy_kader_singles_1967375019.csv,https://docs.google.com/spreadsheets/d/1uo7-E_E2jbehB2hbBurpPayP_0fKY5sPZcFgZmfLydY/edit#gid=1967375019,sheet_extracted,
season_009,Singles,season,Toon World,toon world,KingBlex,king blex,Grypheldis,grypheldis,6,Kader Singles,data/raw/season_009/sheets/1uo7_e_e2jbehb2hbburppayp_0fky5spzcfgzmflydy_kader_singles_1967375019.csv,https://docs.google.com/spreadsheets/d/1uo7-E_E2jbehB2hbBurpPayP_0fKY5sPZcFgZmfLydY/edit#gid=1967375019,sheet_extracted,
season_009,Singles,season,Toon World,toon world,KingBlex,king blex,Amfira,amfira,7,Kader Singles,data/raw/season_009/sheets/1uo7_e_e2jbehb2hbburppayp_0fky5spzcfgzmflydy_kader_singles_1967375019.csv,https://docs.google.com/spreadsheets/d/1uo7-E_E2jbehB2hbBurpPayP_0fKY5sPZcFgZmfLydY/edit#gid=1967375019,sheet_extracted,
season_009,Singles,season,Toon World,toon world,KingBlex,king blex,Quartermak,quartermak,8,Kader Singles,data/raw/season_009/sheets/1uo7_e_e2jbehb2hbburppayp_0fky5spzcfgzmflydy_kader_singles_1967375019.csv,https://docs.google.com/spreadsheets/d/1uo7-E_E2jbehB2hbBurpPayP_0fKY5sPZcFgZmfLydY/edit#gid=1967375019,sheet_extracted,
season_009,Singles,season,Toon World,toon world,KingBlex,king blex,Donarion,donarion,9,Kader Singles,data/raw/season_009/sheets/1uo7_e_e2jbehb2hbburppayp_0fky5spzcfgzmflydy_kader_singles_1967375019.csv,https://docs.google.com/spreadsheets/d/1uo7-E_E2jbehB2hbBurpPayP_0fKY5sPZcFgZmfLydY/edit#gid=1967375019,sheet_extracted,
season_009,Singles,season,Toon World,toon world,KingBlex,king blex,Bissbark,bissbark,10,Kader Singles,data/raw/season_009/sheets/1uo7_e_e2jbehb2hbburppayp_0fky5spzcfgzmflydy_kader_singles_1967375019.csv,https://docs.google.com/spreadsheets/d/1uo7-E_E2jbehB2hbBurpPayP_0fKY5sPZcFgZmfLydY/edit#gid=1967375019,sheet_extracted,
season_009,Singles,season,Toon World,toon world,KingBlex,king blex,Trombork,trombork,11,Kader Singles,data/raw/season_009/sheets/1uo7_e_e2jbehb2hbburppayp_0fky5spzcfgzmflydy_kader_singles_1967375019.csv,https://docs.google.com/spreadsheets/d/1uo7-E_E2jbehB2hbBurpPayP_0fKY5sPZcFgZmfLydY/edit#gid=1967375019,sheet_extracted,
season_009,Singles,season,Toon World,toon world,KingBlex,king blex,Lectragon,lectragon,12,Kader Singles,data/raw/season_009/sheets/1uo7_e_e2jbehb2hbburppayp_0fky5spzcfgzmflydy_kader_singles_1967375019.csv,https://docs.google.com/spreadsheets/d/1uo7-E_E2jbehB2hbBurpPayP_0fKY5sPZcFgZmfLydY/edit#gid=1967375019,sheet_extracted,
season_009,Singles,season,Toon World,toon world,KingBlex,king blex,Amigento-Normal,amigento normal,13,Kader Singles,data/raw/season_009/sheets/1uo7_e_e2jbehb2hbburppayp_0fky5spzcfgzmflydy_kader_singles_1967375019.csv,https://docs.google.com/spreadsheets/d/1uo7-E_E2jbehB2hbBurpPayP_0fKY5sPZcFgZmfLydY/edit#gid=1967375019,sheet_extracted,
season_009,Singles,season,Toon World,toon world,KingBlex,king blex,Viridium,viridium,14,Kader Singles,data/raw/season_009/sheets/1uo7_e_e2jbehb2hbburppayp_0fky5spzcfgzmflydy_kader_singles_1967375019.csv,https://docs.google.com/spreadsheets/d/1uo7-E_E2jbehB2hbBurpPayP_0fKY5sPZcFgZmfLydY/edit#gid=1967375019,sheet_extracted,
season_009,Singles,season,Fen and Gator,fen and gator,Maxi von Vogel,maxi von vogel,Terrakium,terrakium,1,Kader Singles,data/raw/season_009/sheets/1uo7_e_e2jbehb2hbburppayp_0fky5spzcfgzmflydy_kader_singles_1967375019.csv,https://docs.google.com/spreadsheets/d/1uo7-E_E2jbehB2hbBurpPayP_0fKY5sPZcFgZmfLydY/edit#gid=1967375019,sheet_extracted,
season_009,Singles,season,Fen and Gator,fen and gator,Maxi von Vogel,maxi von vogel,Zapdos,zapdos,2,Kader Singles,data/raw/season_009/sheets/1uo7_e_e2jbehb2hbburppayp_0fky5spzcfgzmflydy_kader_singles_1967375019.csv,https://docs.google.com/spreadsheets/d/1uo7-E_E2jbehB2hbBurpPayP_0fKY5sPZcFgZmfLydY/edit#gid=1967375019,sheet_extracted,
season_009,Singles,season,Fen and Gator,fen and gator,Maxi von Vogel,maxi von vogel,Trikephalo,trikephalo,3,Kader Singles,data/raw/season_009/sheets/1uo7_e_e2jbehb2hbburppayp_0fky5spzcfgzmflydy_kader_singles_1967375019.csv,https://docs.google.com/spreadsheets/d/1uo7-E_E2jbehB2hbBurpPayP_0fKY5sPZcFgZmfLydY/edit#gid=1967375019,sheet_extracted,
season_009,Singles,season,Fen and Gator,fen and gator,Maxi von Vogel,maxi von vogel,Metagross,metagross,4,Kader Singles,data/raw/season_009/sheets/1uo7_e_e2jbehb2hbburppayp_0fky5spzcfgzmflydy_kader_singles_1967375019.csv,https://docs.google.com/spreadsheets/d/1uo7-E_E2jbehB2hbBurpPayP_0fKY5sPZcFgZmfLydY/edit#gid=1967375019,sheet_extracted,
season_009,Singles,season,Fen and Gator,fen and gator,Maxi von Vogel,maxi von vogel,Entei,entei,5,Kader Singles,data/raw/season_009/sheets/1uo7_e_e2jbehb2hbburppayp_0fky5spzcfgzmflydy_kader_singles_1967375019.csv,https://docs.google.com/spreadsheets/d/1uo7-E_E2jbehB2hbBurpPayP_0fKY5sPZcFgZmfLydY/edit#gid=1967375019,sheet_extracted,
season_009,Singles,season,Fen and Gator,fen and gator,Maxi von Vogel,maxi von vogel,Gastrodon,gastrodon,6,Kader Singles,data/raw/season_009/sheets/1uo7_e_e2jbehb2hbburppayp_0fky5spzcfgzmflydy_kader_singles_1967375019.csv,https://docs.google.com/spreadsheets/d/1uo7-E_E2jbehB2hbBurpPayP_0fKY5sPZcFgZmfLydY/edit#gid=1967375019,sheet_extracted,
season_009,Singles,season,Fen and Gator,fen and gator,Maxi von Vogel,maxi von vogel,Roserade,roserade,7,Kader Singles,data/raw/season_009/sheets/1uo7_e_e2jbehb2hbburppayp_0fky5spzcfgzmflydy_kader_singles_1967375019.csv,https://docs.google.com/spreadsheets/d/1uo7-E_E2jbehB2hbBurpPayP_0fKY5sPZcFgZmfLydY/edit#gid=1967375019,sheet_extracted,
season_009,Singles,season,Fen and Gator,fen and gator,Maxi von Vogel,maxi von vogel,Guardevoir,guardevoir,8,Kader Singles,data/raw/season_009/sheets/1uo7_e_e2jbehb2hbburppayp_0fky5spzcfgzmflydy_kader_singles_1967375019.csv,https://docs.google.com/spreadsheets/d/1uo7-E_E2jbehB2hbBurpPayP_0fKY5sPZcFgZmfLydY/edit#gid=1967375019,sheet_extracted,
season_009,Singles,season,Fen and Gator,fen and gator,Maxi von Vogel,maxi von vogel,Alola-Snobilikat,alola snobilikat,9,Kader Singles,data/raw/season_009/sheets/1uo7_e_e2jbehb2hbburppayp_0fky5spzcfgzmflydy_kader_singles_1967375019.csv,https://docs.google.com/spreadsheets/d/1uo7-E_E2jbehB2hbBurpPayP_0fKY5sPZcFgZmfLydY/edit#gid=1967375019,sheet_extracted,
season_009,Singles,season,Fen and Gator,fen and gator,Maxi von Vogel,maxi von vogel,Ohrdoch,ohrdoch,10,Kader Singles,data/raw/season_009/sheets/1uo7_e_e2jbehb2hbburppayp_0fky5spzcfgzmflydy_kader_singles_1967375019.csv,https://docs.google.com/spreadsheets/d/1uo7-E_E2jbehB2hbBurpPayP_0fKY5sPZcFgZmfLydY/edit#gid=1967375019,sheet_extracted,
season_009,Singles,season,Fen and Gator,fen and gator,Maxi von Vogel,maxi von vogel,Gorgasonn,gorgasonn,11,Kader Singles,data/raw/season_009/sheets/1uo7_e_e2jbehb2hbburppayp_0fky5spzcfgzmflydy_kader_singles_1967375019.csv,https://docs.google.com/spreadsheets/d/1uo7-E_E2jbehB2hbBurpPayP_0fKY5sPZcFgZmfLydY/edit#gid=1967375019,sheet_extracted,
season_009,Singles,season,Fen and Gator,fen and gator,Maxi von Vogel,maxi von vogel,Togekiss,togekiss,12,Kader Singles,data/raw/season_009/sheets/1uo7_e_e2jbehb2hbburppayp_0fky5spzcfgzmflydy_kader_singles_1967375019.csv,https://docs.google.com/spreadsheets/d/1uo7-E_E2jbehB2hbBurpPayP_0fKY5sPZcFgZmfLydY/edit#gid=1967375019,sheet_extracted,
season_009,Singles,season,Fen and Gator,fen and gator,Maxi von Vogel,maxi von vogel,Celebi,celebi,13,Kader Singles,data/raw/season_009/sheets/1uo7_e_e2jbehb2hbburppayp_0fky5spzcfgzmflydy_kader_singles_1967375019.csv,https://docs.google.com/spreadsheets/d/1uo7-E_E2jbehB2hbBurpPayP_0fKY5sPZcFgZmfLydY/edit#gid=1967375019,sheet_extracted,
season_009,Singles,season,Fen and Gator,fen and gator,Maxi von Vogel,maxi von vogel,Smogmog,smogmog,14,Kader Singles,data/raw/season_009/sheets/1uo7_e_e2jbehb2hbburppayp_0fky5spzcfgzmflydy_kader_singles_1967375019.csv,https://docs.google.com/spreadsheets/d/1uo7-E_E2jbehB2hbBurpPayP_0fKY5sPZcFgZmfLydY/edit#gid=1967375019,sheet_extracted,
season_009,Singles,season,Fen and Gator,fen and gator,Maxi von Vogel,maxi von vogel,Blitza,blitza,15,Kader Singles,data/raw/season_009/sheets/1uo7_e_e2jbehb2hbburppayp_0fky5spzcfgzmflydy_kader_singles_1967375019.csv,https://docs.google.com/spreadsheets/d/1uo7-E_E2jbehB2hbBurpPayP_0fKY5sPZcFgZmfLydY/edit#gid=1967375019,sheet_extracted,
season_009,Singles,season,Soulblaze,soulblaze,PresentLP,present,Katapuldra,katapuldra,1,Kader Singles,data/raw/season_009/sheets/1uo7_e_e2jbehb2hbburppayp_0fky5spzcfgzmflydy_kader_singles_1967375019.csv,https://docs.google.com/spreadsheets/d/1uo7-E_E2jbehB2hbBurpPayP_0fKY5sPZcFgZmfLydY/edit#gid=1967375019,sheet_extracted,
season_009,Singles,season,Soulblaze,soulblaze,PresentLP,present,Boreos-T,boreos t,2,Kader Singles,data/raw/season_009/sheets/1uo7_e_e2jbehb2hbburppayp_0fky5spzcfgzmflydy_kader_singles_1967375019.csv,https://docs.google.com/spreadsheets/d/1uo7-E_E2jbehB2hbBurpPayP_0fKY5sPZcFgZmfLydY/edit#gid=1967375019,sheet_extracted,
season_009,Singles,season,Soulblaze,soulblaze,PresentLP,present,Pelipper,pelipper,3,Kader Singles,data/raw/season_009/sheets/1uo7_e_e2jbehb2hbburppayp_0fky5spzcfgzmflydy_kader_singles_1967375019.csv,https://docs.google.com/spreadsheets/d/1uo7-E_E2jbehB2hbBurpPayP_0fKY5sPZcFgZmfLydY/edit#gid=1967375019,sheet_extracted,
season_009,Singles,season,Soulblaze,soulblaze,PresentLP,present,Azumarill,azumarill,4,Kader Singles,data/raw/season_009/sheets/1uo7_e_e2jbehb2hbburppayp_0fky5spzcfgzmflydy_kader_singles_1967375019.csv,https://docs.google.com/spreadsheets/d/1uo7-E_E2jbehB2hbBurpPayP_0fKY5sPZcFgZmfLydY/edit#gid=1967375019,sheet_extracted,
season_009,Singles,season,Soulblaze,soulblaze,PresentLP,present,Rabigator,rabigator,5,Kader Singles,data/raw/season_009/sheets/1uo7_e_e2jbehb2hbburppayp_0fky5spzcfgzmflydy_kader_singles_1967375019.csv,https://docs.google.com/spreadsheets/d/1uo7-E_E2jbehB2hbBurpPayP_0fKY5sPZcFgZmfLydY/edit#gid=1967375019,sheet_extracted,
season_009,Singles,season,Soulblaze,soulblaze,PresentLP,present,Galar-Lahmus,galar lahmus,6,Kader Singles,data/raw/season_009/sheets/1uo7_e_e2jbehb2hbburppayp_0fky5spzcfgzmflydy_kader_singles_1967375019.csv,https://docs.google.com/spreadsheets/d/1uo7-E_E2jbehB2hbBurpPayP_0fKY5sPZcFgZmfLydY/edit#gid=1967375019,sheet_extracted,
season_009,Singles,season,Soulblaze,soulblaze,PresentLP,present,Viscogon,viscogon,7,Kader Singles,data/raw/season_009/sheets/1uo7_e_e2jbehb2hbburppayp_0fky5spzcfgzmflydy_kader_singles_1967375019.csv,https://docs.google.com/spreadsheets/d/1uo7-E_E2jbehB2hbBurpPayP_0fKY5sPZcFgZmfLydY/edit#gid=1967375019,sheet_extracted,
season_009,Singles,season,Soulblaze,soulblaze,PresentLP,present,Wie-Shu,wie shu,8,Kader Singles,data/raw/season_009/sheets/1uo7_e_e2jbehb2hbburppayp_0fky5spzcfgzmflydy_kader_singles_1967375019.csv,https://docs.google.com/spreadsheets/d/1uo7-E_E2jbehB2hbBurpPayP_0fKY5sPZcFgZmfLydY/edit#gid=1967375019,sheet_extracted,
season_009,Singles,season,Soulblaze,soulblaze,PresentLP,present,Amigento-Stahl,amigento stahl,9,Kader Singles,data/raw/season_009/sheets/1uo7_e_e2jbehb2hbburppayp_0fky5spzcfgzmflydy_kader_singles_1967375019.csv,https://docs.google.com/spreadsheets/d/1uo7-E_E2jbehB2hbBurpPayP_0fKY5sPZcFgZmfLydY/edit#gid=1967375019,sheet_extracted,
season_009,Singles,season,Soulblaze,soulblaze,PresentLP,present,Kappalores,kappalores,10,Kader Singles,data/raw/season_009/sheets/1uo7_e_e2jbehb2hbburppayp_0fky5spzcfgzmflydy_kader_singles_1967375019.csv,https://docs.google.com/spreadsheets/d/1uo7-E_E2jbehB2hbBurpPayP_0fKY5sPZcFgZmfLydY/edit#gid=1967375019,sheet_extracted,
season_009,Singles,season,Soulblaze,soulblaze,PresentLP,present,Britzigel,britzigel,11,Kader Singles,data/raw/season_009/sheets/1uo7_e_e2jbehb2hbburppayp_0fky5spzcfgzmflydy_kader_singles_1967375019.csv,https://docs.google.com/spreadsheets/d/1uo7-E_E2jbehB2hbBurpPayP_0fKY5sPZcFgZmfLydY/edit#gid=1967375019,sheet_extracted,
season_009,Singles,season,Soulblaze,soulblaze,PresentLP,present,Hutsassa,hutsassa,12,Kader Singles,data/raw/season_009/sheets/1uo7_e_e2jbehb2hbburppayp_0fky5spzcfgzmflydy_kader_singles_1967375019.csv,https://docs.google.com/spreadsheets/d/1uo7-E_E2jbehB2hbBurpPayP_0fKY5sPZcFgZmfLydY/edit#gid=1967375019,sheet_extracted,
season_009,Singles,season,Soulblaze,soulblaze,PresentLP,present,Lucario,lucario,13,Kader Singles,data/raw/season_009/sheets/1uo7_e_e2jbehb2hbburppayp_0fky5spzcfgzmflydy_kader_singles_1967375019.csv,https://docs.google.com/spreadsheets/d/1uo7-E_E2jbehB2hbBurpPayP_0fKY5sPZcFgZmfLydY/edit#gid=1967375019,sheet_extracted,
season_009,Singles,season,Soulblaze,soulblaze,PresentLP,present,Lavados,lavados,14,Kader Singles,data/raw/season_009/sheets/1uo7_e_e2jbehb2hbburppayp_0fky5spzcfgzmflydy_kader_singles_1967375019.csv,https://docs.google.com/spreadsheets/d/1uo7-E_E2jbehB2hbBurpPayP_0fKY5sPZcFgZmfLydY/edit#gid=1967375019,sheet_extracted,
season_009,Singles,season,Soulblaze,soulblaze,PresentLP,present,Alola-Raichu,alola raichu,15,Kader Singles,data/raw/season_009/sheets/1uo7_e_e2jbehb2hbburppayp_0fky5spzcfgzmflydy_kader_singles_1967375019.csv,https://docs.google.com/spreadsheets/d/1uo7-E_E2jbehB2hbBurpPayP_0fKY5sPZcFgZmfLydY/edit#gid=1967375019,sheet_extracted,
season_009,Doubles,season,Victory Instinct,victory instinct,Bene,bene,Zeraora,zeraora,1,Kader Doubles,data/raw/season_009/sheets/1uo7_e_e2jbehb2hbburppayp_0fky5spzcfgzmflydy_kader_doubles_503069936.csv,https://docs.google.com/spreadsheets/d/1uo7-E_E2jbehB2hbBurpPayP_0fKY5sPZcFgZmfLydY/edit#gid=503069936,sheet_extracted,
season_009,Doubles,season,Victory Instinct,victory instinct,Bene,bene,Kapu-Kime,kapu kime,2,Kader Doubles,data/raw/season_009/sheets/1uo7_e_e2jbehb2hbburppayp_0fky5spzcfgzmflydy_kader_doubles_503069936.csv,https://docs.google.com/spreadsheets/d/1uo7-E_E2jbehB2hbBurpPayP_0fKY5sPZcFgZmfLydY/edit#gid=503069936,sheet_extracted,
season_009,Doubles,season,Victory Instinct,victory instinct,Bene,bene,Scherox,scherox,3,Kader Doubles,data/raw/season_009/sheets/1uo7_e_e2jbehb2hbburppayp_0fky5spzcfgzmflydy_kader_doubles_503069936.csv,https://docs.google.com/spreadsheets/d/1uo7-E_E2jbehB2hbBurpPayP_0fKY5sPZcFgZmfLydY/edit#gid=503069936,sheet_extracted,
season_009,Doubles,season,Victory Instinct,victory instinct,Bene,bene,Demeteros-I,demeteros i,4,Kader Doubles,data/raw/season_009/sheets/1uo7_e_e2jbehb2hbburppayp_0fky5spzcfgzmflydy_kader_doubles_503069936.csv,https://docs.google.com/spreadsheets/d/1uo7-E_E2jbehB2hbBurpPayP_0fKY5sPZcFgZmfLydY/edit#gid=503069936,sheet_extracted,
season_009,Doubles,season,Victory Instinct,victory instinct,Bene,bene,Volcanion,volcanion,5,Kader Doubles,data/raw/season_009/sheets/1uo7_e_e2jbehb2hbburppayp_0fky5spzcfgzmflydy_kader_doubles_503069936.csv,https://docs.google.com/spreadsheets/d/1uo7-E_E2jbehB2hbBurpPayP_0fKY5sPZcFgZmfLydY/edit#gid=503069936,sheet_extracted,
season_009,Doubles,season,Victory Instinct,victory instinct,Bene,bene,Zarude,zarude,6,Kader Doubles,data/raw/season_009/sheets/1uo7_e_e2jbehb2hbburppayp_0fky5spzcfgzmflydy_kader_doubles_503069936.csv,https://docs.google.com/spreadsheets/d/1uo7-E_E2jbehB2hbBurpPayP_0fKY5sPZcFgZmfLydY/edit#gid=503069936,sheet_extracted,
season_009,Doubles,season,Victory Instinct,victory instinct,Bene,bene,UHaFnir,uhafnir,7,Kader Doubles,data/raw/season_009/sheets/1uo7_e_e2jbehb2hbburppayp_0fky5spzcfgzmflydy_kader_doubles_503069936.csv,https://docs.google.com/spreadsheets/d/1uo7-E_E2jbehB2hbBurpPayP_0fKY5sPZcFgZmfLydY/edit#gid=503069936,sheet_extracted,
season_009,Doubles,season,Victory Instinct,victory instinct,Bene,bene,Nidoqueen,nidoqueen,8,Kader Doubles,data/raw/season_009/sheets/1uo7_e_e2jbehb2hbburppayp_0fky5spzcfgzmflydy_kader_doubles_503069936.csv,https://docs.google.com/spreadsheets/d/1uo7-E_E2jbehB2hbBurpPayP_0fKY5sPZcFgZmfLydY/edit#gid=503069936,sheet_extracted,
season_009,Doubles,season,Victory Instinct,victory instinct,Bene,bene,Bronzong,bronzong,9,Kader Doubles,data/raw/season_009/sheets/1uo7_e_e2jbehb2hbburppayp_0fky5spzcfgzmflydy_kader_doubles_503069936.csv,https://docs.google.com/spreadsheets/d/1uo7-E_E2jbehB2hbBurpPayP_0fKY5sPZcFgZmfLydY/edit#gid=503069936,sheet_extracted,
season_009,Doubles,season,Victory Instinct,victory instinct,Bene,bene,Pantimos,pantimos,10,Kader Doubles,data/raw/season_009/sheets/1uo7_e_e2jbehb2hbburppayp_0fky5spzcfgzmflydy_kader_doubles_503069936.csv,https://docs.google.com/spreadsheets/d/1uo7-E_E2jbehB2hbBurpPayP_0fKY5sPZcFgZmfLydY/edit#gid=503069936,sheet_extracted,
season_009,Doubles,season,Victory Instinct,victory instinct,Bene,bene,Miltank,miltank,11,Kader Doubles,data/raw/season_009/sheets/1uo7_e_e2jbehb2hbburppayp_0fky5spzcfgzmflydy_kader_doubles_503069936.csv,https://docs.google.com/spreadsheets/d/1uo7-E_E2jbehB2hbBurpPayP_0fKY5sPZcFgZmfLydY/edit#gid=503069936,sheet_extracted,
season_009,Doubles,season,Victory Instinct,victory instinct,Bene,bene,Rotom,rotom,12,Kader Doubles,data/raw/season_009/sheets/1uo7_e_e2jbehb2hbburppayp_0fky5spzcfgzmflydy_kader_doubles_503069936.csv,https://docs.google.com/spreadsheets/d/1uo7-E_E2jbehB2hbBurpPayP_0fKY5sPZcFgZmfLydY/edit#gid=503069936,sheet_extracted,
season_009,Doubles,season,Victory Instinct,victory instinct,Bene,bene,Irokex,irokex,13,Kader Doubles,data/raw/season_009/sheets/1uo7_e_e2jbehb2hbburppayp_0fky5spzcfgzmflydy_kader_doubles_503069936.csv,https://docs.google.com/spreadsheets/d/1uo7-E_E2jbehB2hbBurpPayP_0fKY5sPZcFgZmfLydY/edit#gid=503069936,sheet_extracted,
season_009,Doubles,season,Royal Bluff,royal bluff,ElektechN9ne,elektechn9ne,Kapu-Riki,kapu riki,1,Kader Doubles,data/raw/season_009/sheets/1uo7_e_e2jbehb2hbburppayp_0fky5spzcfgzmflydy_kader_doubles_503069936.csv,https://docs.google.com/spreadsheets/d/1uo7-E_E2jbehB2hbBurpPayP_0fKY5sPZcFgZmfLydY/edit#gid=503069936,sheet_extracted,
season_009,Doubles,season,Royal Bluff,royal bluff,ElektechN9ne,elektechn9ne,Latias,latias,2,Kader Doubles,data/raw/season_009/sheets/1uo7_e_e2jbehb2hbburppayp_0fky5spzcfgzmflydy_kader_doubles_503069936.csv,https://docs.google.com/spreadsheets/d/1uo7-E_E2jbehB2hbBurpPayP_0fKY5sPZcFgZmfLydY/edit#gid=503069936,sheet_extracted,
season_009,Doubles,season,Royal Bluff,royal bluff,ElektechN9ne,elektechn9ne,Fuegro,fuegro,3,Kader Doubles,data/raw/season_009/sheets/1uo7_e_e2jbehb2hbburppayp_0fky5spzcfgzmflydy_kader_doubles_503069936.csv,https://docs.google.com/spreadsheets/d/1uo7-E_E2jbehB2hbBurpPayP_0fKY5sPZcFgZmfLydY/edit#gid=503069936,sheet_extracted,
season_009,Doubles,season,Royal Bluff,royal bluff,ElektechN9ne,elektechn9ne,Durengard,durengard,4,Kader Doubles,data/raw/season_009/sheets/1uo7_e_e2jbehb2hbburppayp_0fky5spzcfgzmflydy_kader_doubles_503069936.csv,https://docs.google.com/spreadsheets/d/1uo7-E_E2jbehB2hbBurpPayP_0fKY5sPZcFgZmfLydY/edit#gid=503069936,sheet_extracted,
season_009,Doubles,season,Royal Bluff,royal bluff,ElektechN9ne,elektechn9ne,Masskito,masskito,5,Kader Doubles,data/raw/season_009/sheets/1uo7_e_e2jbehb2hbburppayp_0fky5spzcfgzmflydy_kader_doubles_503069936.csv,https://docs.google.com/spreadsheets/d/1uo7-E_E2jbehB2hbBurpPayP_0fKY5sPZcFgZmfLydY/edit#gid=503069936,sheet_extracted,
season_009,Doubles,season,Royal Bluff,royal bluff,ElektechN9ne,elektechn9ne,Branawarz,branawarz,6,Kader Doubles,data/raw/season_009/sheets/1uo7_e_e2jbehb2hbburppayp_0fky5spzcfgzmflydy_kader_doubles_503069936.csv,https://docs.google.com/spreadsheets/d/1uo7-E_E2jbehB2hbBurpPayP_0fKY5sPZcFgZmfLydY/edit#gid=503069936,sheet_extracted,
season_009,Doubles,season,Royal Bluff,royal bluff,ElektechN9ne,elektechn9ne,Fruyal,fruyal,7,Kader Doubles,data/raw/season_009/sheets/1uo7_e_e2jbehb2hbburppayp_0fky5spzcfgzmflydy_kader_doubles_503069936.csv,https://docs.google.com/spreadsheets/d/1uo7-E_E2jbehB2hbBurpPayP_0fKY5sPZcFgZmfLydY/edit#gid=503069936,sheet_extracted,
season_009,Doubles,season,Royal Bluff,royal bluff,ElektechN9ne,elektechn9ne,Smogmog,smogmog,8,Kader Doubles,data/raw/season_009/sheets/1uo7_e_e2jbehb2hbburppayp_0fky5spzcfgzmflydy_kader_doubles_503069936.csv,https://docs.google.com/spreadsheets/d/1uo7-E_E2jbehB2hbBurpPayP_0fKY5sPZcFgZmfLydY/edit#gid=503069936,sheet_extracted,
season_009,Doubles,season,Royal Bluff,royal bluff,ElektechN9ne,elektechn9ne,Kicklee,kicklee,9,Kader Doubles,data/raw/season_009/sheets/1uo7_e_e2jbehb2hbburppayp_0fky5spzcfgzmflydy_kader_doubles_503069936.csv,https://docs.google.com/spreadsheets/d/1uo7-E_E2jbehB2hbBurpPayP_0fKY5sPZcFgZmfLydY/edit#gid=503069936,sheet_extracted,
season_009,Doubles,season,Royal Bluff,royal bluff,ElektechN9ne,elektechn9ne,Schlurplek,schlurplek,10,Kader Doubles,data/raw/season_009/sheets/1uo7_e_e2jbehb2hbburppayp_0fky5spzcfgzmflydy_kader_doubles_503069936.csv,https://docs.google.com/spreadsheets/d/1uo7-E_E2jbehB2hbBurpPayP_0fKY5sPZcFgZmfLydY/edit#gid=503069936,sheet_extracted,
season_009,Doubles,season,Royal Bluff,royal bluff,ElektechN9ne,elektechn9ne,Voltenso,voltenso,11,Kader Doubles,data/raw/season_009/sheets/1uo7_e_e2jbehb2hbburppayp_0fky5spzcfgzmflydy_kader_doubles_503069936.csv,https://docs.google.com/spreadsheets/d/1uo7-E_E2jbehB2hbBurpPayP_0fKY5sPZcFgZmfLydY/edit#gid=503069936,sheet_extracted,
season_009,Doubles,season,Royal Bluff,royal bluff,ElektechN9ne,elektechn9ne,Keifel,keifel,12,Kader Doubles,data/raw/season_009/sheets/1uo7_e_e2jbehb2hbburppayp_0fky5spzcfgzmflydy_kader_doubles_503069936.csv,https://docs.google.com/spreadsheets/d/1uo7-E_E2jbehB2hbBurpPayP_0fKY5sPZcFgZmfLydY/edit#gid=503069936,sheet_extracted,
season_009,Doubles,season,Royal Bluff,royal bluff,ElektechN9ne,elektechn9ne,Mimigma,mimigma,13,Kader Doubles,data/raw/season_009/sheets/1uo7_e_e2jbehb2hbburppayp_0fky5spzcfgzmflydy_kader_doubles_503069936.csv,https://docs.google.com/spreadsheets/d/1uo7-E_E2jbehB2hbBurpPayP_0fKY5sPZcFgZmfLydY/edit#gid=503069936,sheet_extracted,
season_009,Doubles,season,Royal Bluff,royal bluff,ElektechN9ne,elektechn9ne,Cerapendra,cerapendra,14,Kader Doubles,data/raw/season_009/sheets/1uo7_e_e2jbehb2hbburppayp_0fky5spzcfgzmflydy_kader_doubles_503069936.csv,https://docs.google.com/spreadsheets/d/1uo7-E_E2jbehB2hbBurpPayP_0fKY5sPZcFgZmfLydY/edit#gid=503069936,sheet_extracted,
season_009,Doubles,season,Scherzkekse,scherzkekse,Hydronic,hydronic,Demeteros-T,demeteros t,1,Kader Doubles,data/raw/season_009/sheets/1uo7_e_e2jbehb2hbburppayp_0fky5spzcfgzmflydy_kader_doubles_503069936.csv,https://docs.google.com/spreadsheets/d/1uo7-E_E2jbehB2hbBurpPayP_0fKY5sPZcFgZmfLydY/edit#gid=503069936,sheet_extracted,
season_009,Doubles,season,Scherzkekse,scherzkekse,Hydronic,hydronic,Latios,latios,2,Kader Doubles,data/raw/season_009/sheets/1uo7_e_e2jbehb2hbburppayp_0fky5spzcfgzmflydy_kader_doubles_503069936.csv,https://docs.google.com/spreadsheets/d/1uo7-E_E2jbehB2hbBurpPayP_0fKY5sPZcFgZmfLydY/edit#gid=503069936,sheet_extracted,
season_009,Doubles,season,Scherzkekse,scherzkekse,Hydronic,hydronic,Liberlo,liberlo,3,Kader Doubles,data/raw/season_009/sheets/1uo7_e_e2jbehb2hbburppayp_0fky5spzcfgzmflydy_kader_doubles_503069936.csv,https://docs.google.com/spreadsheets/d/1uo7-E_E2jbehB2hbBurpPayP_0fKY5sPZcFgZmfLydY/edit#gid=503069936,sheet_extracted,
season_009,Doubles,season,Scherzkekse,scherzkekse,Hydronic,hydronic,Meistagrif,meistagrif,4,Kader Doubles,data/raw/season_009/sheets/1uo7_e_e2jbehb2hbburppayp_0fky5spzcfgzmflydy_kader_doubles_503069936.csv,https://docs.google.com/spreadsheets/d/1uo7-E_E2jbehB2hbBurpPayP_0fKY5sPZcFgZmfLydY/edit#gid=503069936,sheet_extracted,
season_009,Doubles,season,Scherzkekse,scherzkekse,Hydronic,hydronic,Krarmor,krarmor,5,Kader Doubles,data/raw/season_009/sheets/1uo7_e_e2jbehb2hbburppayp_0fky5spzcfgzmflydy_kader_doubles_503069936.csv,https://docs.google.com/spreadsheets/d/1uo7-E_E2jbehB2hbBurpPayP_0fKY5sPZcFgZmfLydY/edit#gid=503069936,sheet_extracted,
season_009,Doubles,season,Scherzkekse,scherzkekse,Hydronic,hydronic,Milotic,milotic,6,Kader Doubles,data/raw/season_009/sheets/1uo7_e_e2jbehb2hbburppayp_0fky5spzcfgzmflydy_kader_doubles_503069936.csv,https://docs.google.com/spreadsheets/d/1uo7-E_E2jbehB2hbBurpPayP_0fKY5sPZcFgZmfLydY/edit#gid=503069936,sheet_extracted,
season_009,Doubles,season,Scherzkekse,scherzkekse,Hydronic,hydronic,Riffex-Hoch,riffex hoch,7,Kader Doubles,data/raw/season_009/sheets/1uo7_e_e2jbehb2hbburppayp_0fky5spzcfgzmflydy_kader_doubles_503069936.csv,https://docs.google.com/spreadsheets/d/1uo7-E_E2jbehB2hbBurpPayP_0fKY5sPZcFgZmfLydY/edit#gid=503069936,sheet_extracted,
season_009,Doubles,season,Scherzkekse,scherzkekse,Hydronic,hydronic,Piepi,piepi,8,Kader Doubles,data/raw/season_009/sheets/1uo7_e_e2jbehb2hbburppayp_0fky5spzcfgzmflydy_kader_doubles_503069936.csv,https://docs.google.com/spreadsheets/d/1uo7-E_E2jbehB2hbBurpPayP_0fKY5sPZcFgZmfLydY/edit#gid=503069936,sheet_extracted,
season_009,Doubles,season,Scherzkekse,scherzkekse,Hydronic,hydronic,Piondragi,piondragi,9,Kader Doubles,data/raw/season_009/sheets/1uo7_e_e2jbehb2hbburppayp_0fky5spzcfgzmflydy_kader_doubles_503069936.csv,https://docs.google.com/spreadsheets/d/1uo7-E_E2jbehB2hbBurpPayP_0fKY5sPZcFgZmfLydY/edit#gid=503069936,sheet_extracted,
season_009,Doubles,season,Scherzkekse,scherzkekse,Hydronic,hydronic,Togedemaru,togedemaru,10,Kader Doubles,data/raw/season_009/sheets/1uo7_e_e2jbehb2hbburppayp_0fky5spzcfgzmflydy_kader_doubles_503069936.csv,https://docs.google.com/spreadsheets/d/1uo7-E_E2jbehB2hbBurpPayP_0fKY5sPZcFgZmfLydY/edit#gid=503069936,sheet_extracted,
season_009,Doubles,season,Scherzkekse,scherzkekse,Hydronic,hydronic,Somnivora,somnivora,11,Kader Doubles,data/raw/season_009/sheets/1uo7_e_e2jbehb2hbburppayp_0fky5spzcfgzmflydy_kader_doubles_503069936.csv,https://docs.google.com/spreadsheets/d/1uo7-E_E2jbehB2hbBurpPayP_0fKY5sPZcFgZmfLydY/edit#gid=503069936,sheet_extracted,
season_009,Doubles,season,Scherzkekse,scherzkekse,Hydronic,hydronic,Kaguron,kaguron,12,Kader Doubles,data/raw/season_009/sheets/1uo7_e_e2jbehb2hbburppayp_0fky5spzcfgzmflydy_kader_doubles_503069936.csv,https://docs.google.com/spreadsheets/d/1uo7-E_E2jbehB2hbBurpPayP_0fKY5sPZcFgZmfLydY/edit#gid=503069936,sheet_extracted,
season_009,Doubles,season,Scherzkekse,scherzkekse,Hydronic,hydronic,Kabutops,kabutops,13,Kader Doubles,data/raw/season_009/sheets/1uo7_e_e2jbehb2hbburppayp_0fky5spzcfgzmflydy_kader_doubles_503069936.csv,https://docs.google.com/spreadsheets/d/1uo7-E_E2jbehB2hbBurpPayP_0fKY5sPZcFgZmfLydY/edit#gid=503069936,sheet_extracted,
season_009,Doubles,season,Scherzkekse,scherzkekse,Hydronic,hydronic,Zytomega,zytomega,14,Kader Doubles,data/raw/season_009/sheets/1uo7_e_e2jbehb2hbburppayp_0fky5spzcfgzmflydy_kader_doubles_503069936.csv,https://docs.google.com/spreadsheets/d/1uo7-E_E2jbehB2hbBurpPayP_0fKY5sPZcFgZmfLydY/edit#gid=503069936,sheet_extracted,
season_009,Doubles,season,Scherzkekse,scherzkekse,Hydronic,hydronic,Porygon-Z,porygon z,15,Kader Doubles,data/raw/season_009/sheets/1uo7_e_e2jbehb2hbburppayp_0fky5spzcfgzmflydy_kader_doubles_503069936.csv,https://docs.google.com/spreadsheets/d/1uo7-E_E2jbehB2hbBurpPayP_0fKY5sPZcFgZmfLydY/edit#gid=503069936,sheet_extracted,
season_009,Doubles,season,Akatsuki Amphibianz,akatsuki amphibianz,Minetube,minetube,Wulaosu-Fließend,wulaosu fliessend,1,Kader Doubles,data/raw/season_009/sheets/1uo7_e_e2jbehb2hbburppayp_0fky5spzcfgzmflydy_kader_doubles_503069936.csv,https://docs.google.com/spreadsheets/d/1uo7-E_E2jbehB2hbBurpPayP_0fKY5sPZcFgZmfLydY/edit#gid=503069936,sheet_extracted,
season_009,Doubles,season,Akatsuki Amphibianz,akatsuki amphibianz,Minetube,minetube,Knakrack,knakrack,2,Kader Doubles,data/raw/season_009/sheets/1uo7_e_e2jbehb2hbburppayp_0fky5spzcfgzmflydy_kader_doubles_503069936.csv,https://docs.google.com/spreadsheets/d/1uo7-E_E2jbehB2hbBurpPayP_0fKY5sPZcFgZmfLydY/edit#gid=503069936,sheet_extracted,
season_009,Doubles,season,Akatsuki Amphibianz,akatsuki amphibianz,Minetube,minetube,Primarene,primarene,3,Kader Doubles,data/raw/season_009/sheets/1uo7_e_e2jbehb2hbburppayp_0fky5spzcfgzmflydy_kader_doubles_503069936.csv,https://docs.google.com/spreadsheets/d/1uo7-E_E2jbehB2hbBurpPayP_0fKY5sPZcFgZmfLydY/edit#gid=503069936,sheet_extracted,
season_009,Doubles,season,Akatsuki Amphibianz,akatsuki amphibianz,Minetube,minetube,Galar-Lavados,galar lavados,4,Kader Doubles,data/raw/season_009/sheets/1uo7_e_e2jbehb2hbburppayp_0fky5spzcfgzmflydy_kader_doubles_503069936.csv,https://docs.google.com/spreadsheets/d/1uo7-E_E2jbehB2hbBurpPayP_0fKY5sPZcFgZmfLydY/edit#gid=503069936,sheet_extracted,
season_009,Doubles,season,Akatsuki Amphibianz,akatsuki amphibianz,Minetube,minetube,Gengar,gengar,5,Kader Doubles,data/raw/season_009/sheets/1uo7_e_e2jbehb2hbburppayp_0fky5spzcfgzmflydy_kader_doubles_503069936.csv,https://docs.google.com/spreadsheets/d/1uo7-E_E2jbehB2hbBurpPayP_0fKY5sPZcFgZmfLydY/edit#gid=503069936,sheet_extracted,
season_009,Doubles,season,Akatsuki Amphibianz,akatsuki amphibianz,Minetube,minetube,Elfun,elfun,6,Kader Doubles,data/raw/season_009/sheets/1uo7_e_e2jbehb2hbburppayp_0fky5spzcfgzmflydy_kader_doubles_503069936.csv,https://docs.google.com/spreadsheets/d/1uo7-E_E2jbehB2hbBurpPayP_0fKY5sPZcFgZmfLydY/edit#gid=503069936,sheet_extracted,
season_009,Doubles,season,Akatsuki Amphibianz,akatsuki amphibianz,Minetube,minetube,Wolwerock-Dämmerungsform,wolwerock daemmerungsform,7,Kader Doubles,data/raw/season_009/sheets/1uo7_e_e2jbehb2hbburppayp_0fky5spzcfgzmflydy_kader_doubles_503069936.csv,https://docs.google.com/spreadsheets/d/1uo7-E_E2jbehB2hbBurpPayP_0fKY5sPZcFgZmfLydY/edit#gid=503069936,sheet_extracted,
season_009,Doubles,season,Akatsuki Amphibianz,akatsuki amphibianz,Minetube,minetube,Panzaeron,panzaeron,8,Kader Doubles,data/raw/season_009/sheets/1uo7_e_e2jbehb2hbburppayp_0fky5spzcfgzmflydy_kader_doubles_503069936.csv,https://docs.google.com/spreadsheets/d/1uo7-E_E2jbehB2hbBurpPayP_0fKY5sPZcFgZmfLydY/edit#gid=503069936,sheet_extracted,
season_009,Doubles,season,Akatsuki Amphibianz,akatsuki amphibianz,Minetube,minetube,Raichu,raichu,9,Kader Doubles,data/raw/season_009/sheets/1uo7_e_e2jbehb2hbburppayp_0fky5spzcfgzmflydy_kader_doubles_503069936.csv,https://docs.google.com/spreadsheets/d/1uo7-E_E2jbehB2hbBurpPayP_0fKY5sPZcFgZmfLydY/edit#gid=503069936,sheet_extracted,
season_009,Doubles,season,Akatsuki Amphibianz,akatsuki amphibianz,Minetube,minetube,Vesprit,vesprit,10,Kader Doubles,data/raw/season_009/sheets/1uo7_e_e2jbehb2hbburppayp_0fky5spzcfgzmflydy_kader_doubles_503069936.csv,https://docs.google.com/spreadsheets/d/1uo7-E_E2jbehB2hbBurpPayP_0fKY5sPZcFgZmfLydY/edit#gid=503069936,sheet_extracted,
season_009,Doubles,season,Akatsuki Amphibianz,akatsuki amphibianz,Minetube,minetube,Tortunator,tortunator,11,Kader Doubles,data/raw/season_009/sheets/1uo7_e_e2jbehb2hbburppayp_0fky5spzcfgzmflydy_kader_doubles_503069936.csv,https://docs.google.com/spreadsheets/d/1uo7-E_E2jbehB2hbBurpPayP_0fKY5sPZcFgZmfLydY/edit#gid=503069936,sheet_extracted,
season_009,Doubles,season,Akatsuki Amphibianz,akatsuki amphibianz,Minetube,minetube,Olangaar,olangaar,12,Kader Doubles,data/raw/season_009/sheets/1uo7_e_e2jbehb2hbburppayp_0fky5spzcfgzmflydy_kader_doubles_503069936.csv,https://docs.google.com/spreadsheets/d/1uo7-E_E2jbehB2hbBurpPayP_0fKY5sPZcFgZmfLydY/edit#gid=503069936,sheet_extracted,
season_009,Doubles,season,Akatsuki Amphibianz,akatsuki amphibianz,Minetube,minetube,Schlaraffel,schlaraffel,13,Kader Doubles,data/raw/season_009/sheets/1uo7_e_e2jbehb2hbburppayp_0fky5spzcfgzmflydy_kader_doubles_503069936.csv,https://docs.google.com/spreadsheets/d/1uo7-E_E2jbehB2hbBurpPayP_0fKY5sPZcFgZmfLydY/edit#gid=503069936,sheet_extracted,
season_009,Doubles,season,Akatsuki Amphibianz,akatsuki amphibianz,Minetube,minetube,Arkani,arkani,14,Kader Doubles,data/raw/season_009/sheets/1uo7_e_e2jbehb2hbburppayp_0fky5spzcfgzmflydy_kader_doubles_503069936.csv,https://docs.google.com/spreadsheets/d/1uo7-E_E2jbehB2hbBurpPayP_0fKY5sPZcFgZmfLydY/edit#gid=503069936,sheet_extracted,
season_009,Doubles,season,Voltwizards,voltwizards,Nestfloh,nestfloh,Gortrom,gortrom,1,Kader Doubles,data/raw/season_009/sheets/1uo7_e_e2jbehb2hbburppayp_0fky5spzcfgzmflydy_kader_doubles_503069936.csv,https://docs.google.com/spreadsheets/d/1uo7-E_E2jbehB2hbBurpPayP_0fKY5sPZcFgZmfLydY/edit#gid=503069936,sheet_extracted,
season_009,Doubles,season,Voltwizards,voltwizards,Nestfloh,nestfloh,Heatran,heatran,2,Kader Doubles,data/raw/season_009/sheets/1uo7_e_e2jbehb2hbburppayp_0fky5spzcfgzmflydy_kader_doubles_503069936.csv,https://docs.google.com/spreadsheets/d/1uo7-E_E2jbehB2hbBurpPayP_0fKY5sPZcFgZmfLydY/edit#gid=503069936,sheet_extracted,
season_009,Doubles,season,Voltwizards,voltwizards,Nestfloh,nestfloh,Grebbit,grebbit,3,Kader Doubles,data/raw/season_009/sheets/1uo7_e_e2jbehb2hbburppayp_0fky5spzcfgzmflydy_kader_doubles_503069936.csv,https://docs.google.com/spreadsheets/d/1uo7-E_E2jbehB2hbBurpPayP_0fKY5sPZcFgZmfLydY/edit#gid=503069936,sheet_extracted,
season_009,Doubles,season,Voltwizards,voltwizards,Nestfloh,nestfloh,Keldeo,keldeo,4,Kader Doubles,data/raw/season_009/sheets/1uo7_e_e2jbehb2hbburppayp_0fky5spzcfgzmflydy_kader_doubles_503069936.csv,https://docs.google.com/spreadsheets/d/1uo7-E_E2jbehB2hbBurpPayP_0fKY5sPZcFgZmfLydY/edit#gid=503069936,sheet_extracted,
season_009,Doubles,season,Voltwizards,voltwizards,Nestfloh,nestfloh,Raikou,raikou,5,Kader Doubles,data/raw/season_009/sheets/1uo7_e_e2jbehb2hbburppayp_0fky5spzcfgzmflydy_kader_doubles_503069936.csv,https://docs.google.com/spreadsheets/d/1uo7-E_E2jbehB2hbBurpPayP_0fKY5sPZcFgZmfLydY/edit#gid=503069936,sheet_extracted,
season_009,Doubles,season,Voltwizards,voltwizards,Nestfloh,nestfloh,Iksbat,iksbat,6,Kader Doubles,data/raw/season_009/sheets/1uo7_e_e2jbehb2hbburppayp_0fky5spzcfgzmflydy_kader_doubles_503069936.csv,https://docs.google.com/spreadsheets/d/1uo7-E_E2jbehB2hbBurpPayP_0fKY5sPZcFgZmfLydY/edit#gid=503069936,sheet_extracted,
season_009,Doubles,season,Voltwizards,voltwizards,Nestfloh,nestfloh,Selfe,selfe,7,Kader Doubles,data/raw/season_009/sheets/1uo7_e_e2jbehb2hbburppayp_0fky5spzcfgzmflydy_kader_doubles_503069936.csv,https://docs.google.com/spreadsheets/d/1uo7-E_E2jbehB2hbBurpPayP_0fKY5sPZcFgZmfLydY/edit#gid=503069936,sheet_extracted,
season_009,Doubles,season,Voltwizards,voltwizards,Nestfloh,nestfloh,Curelei,curelei,8,Kader Doubles,data/raw/season_009/sheets/1uo7_e_e2jbehb2hbburppayp_0fky5spzcfgzmflydy_kader_doubles_503069936.csv,https://docs.google.com/spreadsheets/d/1uo7-E_E2jbehB2hbBurpPayP_0fKY5sPZcFgZmfLydY/edit#gid=503069936,sheet_extracted,
season_009,Doubles,season,Voltwizards,voltwizards,Nestfloh,nestfloh,Zobiris,zobiris,9,Kader Doubles,data/raw/season_009/sheets/1uo7_e_e2jbehb2hbburppayp_0fky5spzcfgzmflydy_kader_doubles_503069936.csv,https://docs.google.com/spreadsheets/d/1uo7-E_E2jbehB2hbBurpPayP_0fKY5sPZcFgZmfLydY/edit#gid=503069936,sheet_extracted,
season_009,Doubles,season,Voltwizards,voltwizards,Nestfloh,nestfloh,Skuntank,skuntank,10,Kader Doubles,data/raw/season_009/sheets/1uo7_e_e2jbehb2hbburppayp_0fky5spzcfgzmflydy_kader_doubles_503069936.csv,https://docs.google.com/spreadsheets/d/1uo7-E_E2jbehB2hbBurpPayP_0fKY5sPZcFgZmfLydY/edit#gid=503069936,sheet_extracted,
season_009,Doubles,season,Voltwizards,voltwizards,Nestfloh,nestfloh,Sniebel,sniebel,11,Kader Doubles,data/raw/season_009/sheets/1uo7_e_e2jbehb2hbburppayp_0fky5spzcfgzmflydy_kader_doubles_503069936.csv,https://docs.google.com/spreadsheets/d/1uo7-E_E2jbehB2hbBurpPayP_0fKY5sPZcFgZmfLydY/edit#gid=503069936,sheet_extracted,
season_009,Doubles,season,Voltwizards,voltwizards,Nestfloh,nestfloh,Tandrak,tandrak,12,Kader Doubles,data/raw/season_009/sheets/1uo7_e_e2jbehb2hbburppayp_0fky5spzcfgzmflydy_kader_doubles_503069936.csv,https://docs.google.com/spreadsheets/d/1uo7-E_E2jbehB2hbBurpPayP_0fKY5sPZcFgZmfLydY/edit#gid=503069936,sheet_extracted,
season_009,Doubles,season,Voltwizards,voltwizards,Nestfloh,nestfloh,Kangama,kangama,13,Kader Doubles,data/raw/season_009/sheets/1uo7_e_e2jbehb2hbburppayp_0fky5spzcfgzmflydy_kader_doubles_503069936.csv,https://docs.google.com/spreadsheets/d/1uo7-E_E2jbehB2hbBurpPayP_0fKY5sPZcFgZmfLydY/edit#gid=503069936,sheet_extracted,
season_009,Doubles,season,Voltwizards,voltwizards,Nestfloh,nestfloh,Morbitesse,morbitesse,14,Kader Doubles,data/raw/season_009/sheets/1uo7_e_e2jbehb2hbburppayp_0fky5spzcfgzmflydy_kader_doubles_503069936.csv,https://docs.google.com/spreadsheets/d/1uo7-E_E2jbehB2hbBurpPayP_0fKY5sPZcFgZmfLydY/edit#gid=503069936,sheet_extracted,
season_009,Doubles,season,Voltwizards,voltwizards,Nestfloh,nestfloh,Mamutel,mamutel,15,Kader Doubles,data/raw/season_009/sheets/1uo7_e_e2jbehb2hbburppayp_0fky5spzcfgzmflydy_kader_doubles_503069936.csv,https://docs.google.com/spreadsheets/d/1uo7-E_E2jbehB2hbBurpPayP_0fKY5sPZcFgZmfLydY/edit#gid=503069936,sheet_extracted,
season_009,Doubles,season,Toon World,toon world,OGDNZ,og dnz,Stalobor,stalobor,1,Kader Doubles,data/raw/season_009/sheets/1uo7_e_e2jbehb2hbburppayp_0fky5spzcfgzmflydy_kader_doubles_503069936.csv,https://docs.google.com/spreadsheets/d/1uo7-E_E2jbehB2hbBurpPayP_0fKY5sPZcFgZmfLydY/edit#gid=503069936,sheet_extracted,
season_009,Doubles,season,Toon World,toon world,OGDNZ,og dnz,Kyurem,kyurem,2,Kader Doubles,data/raw/season_009/sheets/1uo7_e_e2jbehb2hbburppayp_0fky5spzcfgzmflydy_kader_doubles_503069936.csv,https://docs.google.com/spreadsheets/d/1uo7-E_E2jbehB2hbBurpPayP_0fKY5sPZcFgZmfLydY/edit#gid=503069936,sheet_extracted,
season_009,Doubles,season,Toon World,toon world,OGDNZ,og dnz,Brockoloss,brockoloss,3,Kader Doubles,data/raw/season_009/sheets/1uo7_e_e2jbehb2hbburppayp_0fky5spzcfgzmflydy_kader_doubles_503069936.csv,https://docs.google.com/spreadsheets/d/1uo7-E_E2jbehB2hbBurpPayP_0fKY5sPZcFgZmfLydY/edit#gid=503069936,sheet_extracted,
season_009,Doubles,season,Toon World,toon world,OGDNZ,og dnz,Feelinara,feelinara,4,Kader Doubles,data/raw/season_009/sheets/1uo7_e_e2jbehb2hbburppayp_0fky5spzcfgzmflydy_kader_doubles_503069936.csv,https://docs.google.com/spreadsheets/d/1uo7-E_E2jbehB2hbBurpPayP_0fKY5sPZcFgZmfLydY/edit#gid=503069936,sheet_extracted,
season_009,Doubles,season,Toon World,toon world,OGDNZ,og dnz,Lahmus,lahmus,5,Kader Doubles,data/raw/season_009/sheets/1uo7_e_e2jbehb2hbburppayp_0fky5spzcfgzmflydy_kader_doubles_503069936.csv,https://docs.google.com/spreadsheets/d/1uo7-E_E2jbehB2hbBurpPayP_0fKY5sPZcFgZmfLydY/edit#gid=503069936,sheet_extracted,
season_009,Doubles,season,Toon World,toon world,OGDNZ,og dnz,Grypheldis,grypheldis,6,Kader Doubles,data/raw/season_009/sheets/1uo7_e_e2jbehb2hbburppayp_0fky5spzcfgzmflydy_kader_doubles_503069936.csv,https://docs.google.com/spreadsheets/d/1uo7-E_E2jbehB2hbBurpPayP_0fKY5sPZcFgZmfLydY/edit#gid=503069936,sheet_extracted,
season_009,Doubles,season,Toon World,toon world,OGDNZ,og dnz,Amfira,amfira,7,Kader Doubles,data/raw/season_009/sheets/1uo7_e_e2jbehb2hbburppayp_0fky5spzcfgzmflydy_kader_doubles_503069936.csv,https://docs.google.com/spreadsheets/d/1uo7-E_E2jbehB2hbBurpPayP_0fKY5sPZcFgZmfLydY/edit#gid=503069936,sheet_extracted,
season_009,Doubles,season,Toon World,toon world,OGDNZ,og dnz,Quartermak,quartermak,8,Kader Doubles,data/raw/season_009/sheets/1uo7_e_e2jbehb2hbburppayp_0fky5spzcfgzmflydy_kader_doubles_503069936.csv,https://docs.google.com/spreadsheets/d/1uo7-E_E2jbehB2hbBurpPayP_0fKY5sPZcFgZmfLydY/edit#gid=503069936,sheet_extracted,
season_009,Doubles,season,Toon World,toon world,OGDNZ,og dnz,Donarion,donarion,9,Kader Doubles,data/raw/season_009/sheets/1uo7_e_e2jbehb2hbburppayp_0fky5spzcfgzmflydy_kader_doubles_503069936.csv,https://docs.google.com/spreadsheets/d/1uo7-E_E2jbehB2hbBurpPayP_0fKY5sPZcFgZmfLydY/edit#gid=503069936,sheet_extracted,
season_009,Doubles,season,Toon World,toon world,OGDNZ,og dnz,Bissbark,bissbark,10,Kader Doubles,data/raw/season_009/sheets/1uo7_e_e2jbehb2hbburppayp_0fky5spzcfgzmflydy_kader_doubles_503069936.csv,https://docs.google.com/spreadsheets/d/1uo7-E_E2jbehB2hbBurpPayP_0fKY5sPZcFgZmfLydY/edit#gid=503069936,sheet_extracted,
season_009,Doubles,season,Toon World,toon world,OGDNZ,og dnz,Trombork,trombork,11,Kader Doubles,data/raw/season_009/sheets/1uo7_e_e2jbehb2hbburppayp_0fky5spzcfgzmflydy_kader_doubles_503069936.csv,https://docs.google.com/spreadsheets/d/1uo7-E_E2jbehB2hbBurpPayP_0fKY5sPZcFgZmfLydY/edit#gid=503069936,sheet_extracted,
season_009,Doubles,season,Toon World,toon world,OGDNZ,og dnz,Lectragon,lectragon,12,Kader Doubles,data/raw/season_009/sheets/1uo7_e_e2jbehb2hbburppayp_0fky5spzcfgzmflydy_kader_doubles_503069936.csv,https://docs.google.com/spreadsheets/d/1uo7-E_E2jbehB2hbBurpPayP_0fKY5sPZcFgZmfLydY/edit#gid=503069936,sheet_extracted,
season_009,Doubles,season,Toon World,toon world,OGDNZ,og dnz,Amigento-Normal,amigento normal,13,Kader Doubles,data/raw/season_009/sheets/1uo7_e_e2jbehb2hbburppayp_0fky5spzcfgzmflydy_kader_doubles_503069936.csv,https://docs.google.com/spreadsheets/d/1uo7-E_E2jbehB2hbBurpPayP_0fKY5sPZcFgZmfLydY/edit#gid=503069936,sheet_extracted,
season_009,Doubles,season,Toon World,toon world,OGDNZ,og dnz,Viridium,viridium,14,Kader Doubles,data/raw/season_009/sheets/1uo7_e_e2jbehb2hbburppayp_0fky5spzcfgzmflydy_kader_doubles_503069936.csv,https://docs.google.com/spreadsheets/d/1uo7-E_E2jbehB2hbBurpPayP_0fKY5sPZcFgZmfLydY/edit#gid=503069936,sheet_extracted,
season_009,Doubles,season,Fen and Gator,fen and gator,Pokgalaxy,pokgalaxy,Terrakium,terrakium,1,Kader Doubles,data/raw/season_009/sheets/1uo7_e_e2jbehb2hbburppayp_0fky5spzcfgzmflydy_kader_doubles_503069936.csv,https://docs.google.com/spreadsheets/d/1uo7-E_E2jbehB2hbBurpPayP_0fKY5sPZcFgZmfLydY/edit#gid=503069936,sheet_extracted,
season_009,Doubles,season,Fen and Gator,fen and gator,Pokgalaxy,pokgalaxy,Zapdos,zapdos,2,Kader Doubles,data/raw/season_009/sheets/1uo7_e_e2jbehb2hbburppayp_0fky5spzcfgzmflydy_kader_doubles_503069936.csv,https://docs.google.com/spreadsheets/d/1uo7-E_E2jbehB2hbBurpPayP_0fKY5sPZcFgZmfLydY/edit#gid=503069936,sheet_extracted,
season_009,Doubles,season,Fen and Gator,fen and gator,Pokgalaxy,pokgalaxy,Trikephalo,trikephalo,3,Kader Doubles,data/raw/season_009/sheets/1uo7_e_e2jbehb2hbburppayp_0fky5spzcfgzmflydy_kader_doubles_503069936.csv,https://docs.google.com/spreadsheets/d/1uo7-E_E2jbehB2hbBurpPayP_0fKY5sPZcFgZmfLydY/edit#gid=503069936,sheet_extracted,
season_009,Doubles,season,Fen and Gator,fen and gator,Pokgalaxy,pokgalaxy,Metagross,metagross,4,Kader Doubles,data/raw/season_009/sheets/1uo7_e_e2jbehb2hbburppayp_0fky5spzcfgzmflydy_kader_doubles_503069936.csv,https://docs.google.com/spreadsheets/d/1uo7-E_E2jbehB2hbBurpPayP_0fKY5sPZcFgZmfLydY/edit#gid=503069936,sheet_extracted,
season_009,Doubles,season,Fen and Gator,fen and gator,Pokgalaxy,pokgalaxy,Entei,entei,5,Kader Doubles,data/raw/season_009/sheets/1uo7_e_e2jbehb2hbburppayp_0fky5spzcfgzmflydy_kader_doubles_503069936.csv,https://docs.google.com/spreadsheets/d/1uo7-E_E2jbehB2hbBurpPayP_0fKY5sPZcFgZmfLydY/edit#gid=503069936,sheet_extracted,
season_009,Doubles,season,Fen and Gator,fen and gator,Pokgalaxy,pokgalaxy,Gastrodon,gastrodon,6,Kader Doubles,data/raw/season_009/sheets/1uo7_e_e2jbehb2hbburppayp_0fky5spzcfgzmflydy_kader_doubles_503069936.csv,https://docs.google.com/spreadsheets/d/1uo7-E_E2jbehB2hbBurpPayP_0fKY5sPZcFgZmfLydY/edit#gid=503069936,sheet_extracted,
season_009,Doubles,season,Fen and Gator,fen and gator,Pokgalaxy,pokgalaxy,Roserade,roserade,7,Kader Doubles,data/raw/season_009/sheets/1uo7_e_e2jbehb2hbburppayp_0fky5spzcfgzmflydy_kader_doubles_503069936.csv,https://docs.google.com/spreadsheets/d/1uo7-E_E2jbehB2hbBurpPayP_0fKY5sPZcFgZmfLydY/edit#gid=503069936,sheet_extracted,
season_009,Doubles,season,Fen and Gator,fen and gator,Pokgalaxy,pokgalaxy,Guardevoir,guardevoir,8,Kader Doubles,data/raw/season_009/sheets/1uo7_e_e2jbehb2hbburppayp_0fky5spzcfgzmflydy_kader_doubles_503069936.csv,https://docs.google.com/spreadsheets/d/1uo7-E_E2jbehB2hbBurpPayP_0fKY5sPZcFgZmfLydY/edit#gid=503069936,sheet_extracted,
season_009,Doubles,season,Fen and Gator,fen and gator,Pokgalaxy,pokgalaxy,Alola-Snobilikat,alola snobilikat,9,Kader Doubles,data/raw/season_009/sheets/1uo7_e_e2jbehb2hbburppayp_0fky5spzcfgzmflydy_kader_doubles_503069936.csv,https://docs.google.com/spreadsheets/d/1uo7-E_E2jbehB2hbBurpPayP_0fKY5sPZcFgZmfLydY/edit#gid=503069936,sheet_extracted,
season_009,Doubles,season,Fen and Gator,fen and gator,Pokgalaxy,pokgalaxy,Ohrdoch,ohrdoch,10,Kader Doubles,data/raw/season_009/sheets/1uo7_e_e2jbehb2hbburppayp_0fky5spzcfgzmflydy_kader_doubles_503069936.csv,https://docs.google.com/spreadsheets/d/1uo7-E_E2jbehB2hbBurpPayP_0fKY5sPZcFgZmfLydY/edit#gid=503069936,sheet_extracted,
season_009,Doubles,season,Fen and Gator,fen and gator,Pokgalaxy,pokgalaxy,Gorgasonn,gorgasonn,11,Kader Doubles,data/raw/season_009/sheets/1uo7_e_e2jbehb2hbburppayp_0fky5spzcfgzmflydy_kader_doubles_503069936.csv,https://docs.google.com/spreadsheets/d/1uo7-E_E2jbehB2hbBurpPayP_0fKY5sPZcFgZmfLydY/edit#gid=503069936,sheet_extracted,
season_009,Doubles,season,Fen and Gator,fen and gator,Pokgalaxy,pokgalaxy,Togekiss,togekiss,12,Kader Doubles,data/raw/season_009/sheets/1uo7_e_e2jbehb2hbburppayp_0fky5spzcfgzmflydy_kader_doubles_503069936.csv,https://docs.google.com/spreadsheets/d/1uo7-E_E2jbehB2hbBurpPayP_0fKY5sPZcFgZmfLydY/edit#gid=503069936,sheet_extracted,
season_009,Doubles,season,Fen and Gator,fen and gator,Pokgalaxy,pokgalaxy,Celebi,celebi,13,Kader Doubles,data/raw/season_009/sheets/1uo7_e_e2jbehb2hbburppayp_0fky5spzcfgzmflydy_kader_doubles_503069936.csv,https://docs.google.com/spreadsheets/d/1uo7-E_E2jbehB2hbBurpPayP_0fKY5sPZcFgZmfLydY/edit#gid=503069936,sheet_extracted,
season_009,Doubles,season,Fen and Gator,fen and gator,Pokgalaxy,pokgalaxy,Smogmog,smogmog,14,Kader Doubles,data/raw/season_009/sheets/1uo7_e_e2jbehb2hbburppayp_0fky5spzcfgzmflydy_kader_doubles_503069936.csv,https://docs.google.com/spreadsheets/d/1uo7-E_E2jbehB2hbBurpPayP_0fKY5sPZcFgZmfLydY/edit#gid=503069936,sheet_extracted,
season_009,Doubles,season,Fen and Gator,fen and gator,Pokgalaxy,pokgalaxy,Blitza,blitza,15,Kader Doubles,data/raw/season_009/sheets/1uo7_e_e2jbehb2hbburppayp_0fky5spzcfgzmflydy_kader_doubles_503069936.csv,https://docs.google.com/spreadsheets/d/1uo7-E_E2jbehB2hbBurpPayP_0fKY5sPZcFgZmfLydY/edit#gid=503069936,sheet_extracted,
season_009,Doubles,season,Soulblaze,soulblaze,Raizor,raizor,Katapuldra,katapuldra,1,Kader Doubles,data/raw/season_009/sheets/1uo7_e_e2jbehb2hbburppayp_0fky5spzcfgzmflydy_kader_doubles_503069936.csv,https://docs.google.com/spreadsheets/d/1uo7-E_E2jbehB2hbBurpPayP_0fKY5sPZcFgZmfLydY/edit#gid=503069936,sheet_extracted,
season_009,Doubles,season,Soulblaze,soulblaze,Raizor,raizor,Boreos-T,boreos t,2,Kader Doubles,data/raw/season_009/sheets/1uo7_e_e2jbehb2hbburppayp_0fky5spzcfgzmflydy_kader_doubles_503069936.csv,https://docs.google.com/spreadsheets/d/1uo7-E_E2jbehB2hbBurpPayP_0fKY5sPZcFgZmfLydY/edit#gid=503069936,sheet_extracted,
season_009,Doubles,season,Soulblaze,soulblaze,Raizor,raizor,Pelipper,pelipper,3,Kader Doubles,data/raw/season_009/sheets/1uo7_e_e2jbehb2hbburppayp_0fky5spzcfgzmflydy_kader_doubles_503069936.csv,https://docs.google.com/spreadsheets/d/1uo7-E_E2jbehB2hbBurpPayP_0fKY5sPZcFgZmfLydY/edit#gid=503069936,sheet_extracted,
season_009,Doubles,season,Soulblaze,soulblaze,Raizor,raizor,Azumarill,azumarill,4,Kader Doubles,data/raw/season_009/sheets/1uo7_e_e2jbehb2hbburppayp_0fky5spzcfgzmflydy_kader_doubles_503069936.csv,https://docs.google.com/spreadsheets/d/1uo7-E_E2jbehB2hbBurpPayP_0fKY5sPZcFgZmfLydY/edit#gid=503069936,sheet_extracted,
season_009,Doubles,season,Soulblaze,soulblaze,Raizor,raizor,Rabigator,rabigator,5,Kader Doubles,data/raw/season_009/sheets/1uo7_e_e2jbehb2hbburppayp_0fky5spzcfgzmflydy_kader_doubles_503069936.csv,https://docs.google.com/spreadsheets/d/1uo7-E_E2jbehB2hbBurpPayP_0fKY5sPZcFgZmfLydY/edit#gid=503069936,sheet_extracted,
season_009,Doubles,season,Soulblaze,soulblaze,Raizor,raizor,Galar-Lahmus,galar lahmus,6,Kader Doubles,data/raw/season_009/sheets/1uo7_e_e2jbehb2hbburppayp_0fky5spzcfgzmflydy_kader_doubles_503069936.csv,https://docs.google.com/spreadsheets/d/1uo7-E_E2jbehB2hbBurpPayP_0fKY5sPZcFgZmfLydY/edit#gid=503069936,sheet_extracted,
season_009,Doubles,season,Soulblaze,soulblaze,Raizor,raizor,Viscogon,viscogon,7,Kader Doubles,data/raw/season_009/sheets/1uo7_e_e2jbehb2hbburppayp_0fky5spzcfgzmflydy_kader_doubles_503069936.csv,https://docs.google.com/spreadsheets/d/1uo7-E_E2jbehB2hbBurpPayP_0fKY5sPZcFgZmfLydY/edit#gid=503069936,sheet_extracted,
season_009,Doubles,season,Soulblaze,soulblaze,Raizor,raizor,Wie-Shu,wie shu,8,Kader Doubles,data/raw/season_009/sheets/1uo7_e_e2jbehb2hbburppayp_0fky5spzcfgzmflydy_kader_doubles_503069936.csv,https://docs.google.com/spreadsheets/d/1uo7-E_E2jbehB2hbBurpPayP_0fKY5sPZcFgZmfLydY/edit#gid=503069936,sheet_extracted,
season_009,Doubles,season,Soulblaze,soulblaze,Raizor,raizor,Amigento-Stahl,amigento stahl,9,Kader Doubles,data/raw/season_009/sheets/1uo7_e_e2jbehb2hbburppayp_0fky5spzcfgzmflydy_kader_doubles_503069936.csv,https://docs.google.com/spreadsheets/d/1uo7-E_E2jbehB2hbBurpPayP_0fKY5sPZcFgZmfLydY/edit#gid=503069936,sheet_extracted,
season_009,Doubles,season,Soulblaze,soulblaze,Raizor,raizor,Kappalores,kappalores,10,Kader Doubles,data/raw/season_009/sheets/1uo7_e_e2jbehb2hbburppayp_0fky5spzcfgzmflydy_kader_doubles_503069936.csv,https://docs.google.com/spreadsheets/d/1uo7-E_E2jbehB2hbBurpPayP_0fKY5sPZcFgZmfLydY/edit#gid=503069936,sheet_extracted,
season_009,Doubles,season,Soulblaze,soulblaze,Raizor,raizor,Britzigel,britzigel,11,Kader Doubles,data/raw/season_009/sheets/1uo7_e_e2jbehb2hbburppayp_0fky5spzcfgzmflydy_kader_doubles_503069936.csv,https://docs.google.com/spreadsheets/d/1uo7-E_E2jbehB2hbBurpPayP_0fKY5sPZcFgZmfLydY/edit#gid=503069936,sheet_extracted,
season_009,Doubles,season,Soulblaze,soulblaze,Raizor,raizor,Hutsassa,hutsassa,12,Kader Doubles,data/raw/season_009/sheets/1uo7_e_e2jbehb2hbburppayp_0fky5spzcfgzmflydy_kader_doubles_503069936.csv,https://docs.google.com/spreadsheets/d/1uo7-E_E2jbehB2hbBurpPayP_0fKY5sPZcFgZmfLydY/edit#gid=503069936,sheet_extracted,
season_009,Doubles,season,Soulblaze,soulblaze,Raizor,raizor,Lucario,lucario,13,Kader Doubles,data/raw/season_009/sheets/1uo7_e_e2jbehb2hbburppayp_0fky5spzcfgzmflydy_kader_doubles_503069936.csv,https://docs.google.com/spreadsheets/d/1uo7-E_E2jbehB2hbBurpPayP_0fKY5sPZcFgZmfLydY/edit#gid=503069936,sheet_extracted,
season_009,Doubles,season,Soulblaze,soulblaze,Raizor,raizor,Lavados,lavados,14,Kader Doubles,data/raw/season_009/sheets/1uo7_e_e2jbehb2hbburppayp_0fky5spzcfgzmflydy_kader_doubles_503069936.csv,https://docs.google.com/spreadsheets/d/1uo7-E_E2jbehB2hbBurpPayP_0fKY5sPZcFgZmfLydY/edit#gid=503069936,sheet_extracted,
season_009,Doubles,season,Soulblaze,soulblaze,Raizor,raizor,Alola-Raichu,alola raichu,15,Kader Doubles,data/raw/season_009/sheets/1uo7_e_e2jbehb2hbburppayp_0fky5spzcfgzmflydy_kader_doubles_503069936.csv,https://docs.google.com/spreadsheets/d/1uo7-E_E2jbehB2hbBurpPayP_0fKY5sPZcFgZmfLydY/edit#gid=503069936,sheet_extracted,
season_010,Regular Season,regular,Wackel Backel,wackel backel,Bene,bene,Ogerpon-Gestein,ogerpon gestein,1,Kader,data/raw/season_010/sheets/13smsrg2bgyxr_omjwcgr_sudr39bvojpnl5rpt4dsow_kader_1465731937.csv,https://docs.google.com/spreadsheets/d/13smsrG2BGYxr_omJWcgr-sUDr39bvOJPNL5RPt4DSow/edit#gid=1465731937,sheet_extracted,Hauptrundenkader aus Kader-Sheet
season_010,Regular Season,regular,Wackel Backel,wackel backel,Bene,bene,Deoxys-Geschwindigkeit,deoxys geschwindigkeit,2,Kader,data/raw/season_010/sheets/13smsrg2bgyxr_omjwcgr_sudr39bvojpnl5rpt4dsow_kader_1465731937.csv,https://docs.google.com/spreadsheets/d/13smsrG2BGYxr_omJWcgr-sUDr39bvOJPNL5RPt4DSow/edit#gid=1465731937,sheet_extracted,Hauptrundenkader aus Kader-Sheet
season_010,Regular Season,regular,Wackel Backel,wackel backel,Bene,bene,Demeteros-I,demeteros i,3,Kader,data/raw/season_010/sheets/13smsrg2bgyxr_omjwcgr_sudr39bvojpnl5rpt4dsow_kader_1465731937.csv,https://docs.google.com/spreadsheets/d/13smsrG2BGYxr_omJWcgr-sUDr39bvOJPNL5RPt4DSow/edit#gid=1465731937,sheet_extracted,Hauptrundenkader aus Kader-Sheet
season_010,Regular Season,regular,Wackel Backel,wackel backel,Bene,bene,Bailonda,bailonda,4,Kader,data/raw/season_010/sheets/13smsrg2bgyxr_omjwcgr_sudr39bvojpnl5rpt4dsow_kader_1465731937.csv,https://docs.google.com/spreadsheets/d/13smsrG2BGYxr_omJWcgr-sUDr39bvOJPNL5RPt4DSow/edit#gid=1465731937,sheet_extracted,Hauptrundenkader aus Kader-Sheet
season_010,Regular Season,regular,Wackel Backel,wackel backel,Bene,bene,Granforgita,granforgita,5,Kader,data/raw/season_010/sheets/13smsrg2bgyxr_omjwcgr_sudr39bvojpnl5rpt4dsow_kader_1465731937.csv,https://docs.google.com/spreadsheets/d/13smsrG2BGYxr_omJWcgr-sUDr39bvOJPNL5RPt4DSow/edit#gid=1465731937,sheet_extracted,Hauptrundenkader aus Kader-Sheet
season_010,Regular Season,regular,Wackel Backel,wackel backel,Bene,bene,UHaFnir,uhafnir,6,Kader,data/raw/season_010/sheets/13smsrg2bgyxr_omjwcgr_sudr39bvojpnl5rpt4dsow_kader_1465731937.csv,https://docs.google.com/spreadsheets/d/13smsrG2BGYxr_omJWcgr-sUDr39bvOJPNL5RPt4DSow/edit#gid=1465731937,sheet_extracted,Hauptrundenkader aus Kader-Sheet
season_010,Regular Season,regular,Wackel Backel,wackel backel,Bene,bene,Bronzong,bronzong,7,Kader,data/raw/season_010/sheets/13smsrg2bgyxr_omjwcgr_sudr39bvojpnl5rpt4dsow_kader_1465731937.csv,https://docs.google.com/spreadsheets/d/13smsrG2BGYxr_omJWcgr-sUDr39bvOJPNL5RPt4DSow/edit#gid=1465731937,sheet_extracted,Hauptrundenkader aus Kader-Sheet
season_010,Regular Season,regular,Wackel Backel,wackel backel,Bene,bene,Amfira,amfira,8,Kader,data/raw/season_010/sheets/13smsrg2bgyxr_omjwcgr_sudr39bvojpnl5rpt4dsow_kader_1465731937.csv,https://docs.google.com/spreadsheets/d/13smsrG2BGYxr_omJWcgr-sUDr39bvOJPNL5RPt4DSow/edit#gid=1465731937,sheet_extracted,Hauptrundenkader aus Kader-Sheet
season_010,Regular Season,regular,Wackel Backel,wackel backel,Bene,bene,Caesurio,caesurio,9,Kader,data/raw/season_010/sheets/13smsrg2bgyxr_omjwcgr_sudr39bvojpnl5rpt4dsow_kader_1465731937.csv,https://docs.google.com/spreadsheets/d/13smsrG2BGYxr_omJWcgr-sUDr39bvOJPNL5RPt4DSow/edit#gid=1465731937,sheet_extracted,Hauptrundenkader aus Kader-Sheet
season_010,Regular Season,regular,Wackel Backel,wackel backel,Bene,bene,Gastrodon,gastrodon,10,Kader,data/raw/season_010/sheets/13smsrg2bgyxr_omjwcgr_sudr39bvojpnl5rpt4dsow_kader_1465731937.csv,https://docs.google.com/spreadsheets/d/13smsrG2BGYxr_omJWcgr-sUDr39bvOJPNL5RPt4DSow/edit#gid=1465731937,sheet_extracted,Hauptrundenkader aus Kader-Sheet
season_010,Regular Season,regular,Wackel Backel,wackel backel,Bene,bene,Giflor,giflor,11,Kader,data/raw/season_010/sheets/13smsrg2bgyxr_omjwcgr_sudr39bvojpnl5rpt4dsow_kader_1465731937.csv,https://docs.google.com/spreadsheets/d/13smsrG2BGYxr_omJWcgr-sUDr39bvOJPNL5RPt4DSow/edit#gid=1465731937,sheet_extracted,Hauptrundenkader aus Kader-Sheet
season_010,Regular Season,regular,Kastanienbomber,kastanienbomber,Blocki,blocki,Boreos-T,boreos t,1,Kader,data/raw/season_010/sheets/13smsrg2bgyxr_omjwcgr_sudr39bvojpnl5rpt4dsow_kader_1465731937.csv,https://docs.google.com/spreadsheets/d/13smsrG2BGYxr_omJWcgr-sUDr39bvOJPNL5RPt4DSow/edit#gid=1465731937,sheet_extracted,Hauptrundenkader aus Kader-Sheet
season_010,Regular Season,regular,Kastanienbomber,kastanienbomber,Blocki,blocki,Ogerpon,ogerpon,2,Kader,data/raw/season_010/sheets/13smsrg2bgyxr_omjwcgr_sudr39bvojpnl5rpt4dsow_kader_1465731937.csv,https://docs.google.com/spreadsheets/d/13smsrG2BGYxr_omJWcgr-sUDr39bvOJPNL5RPt4DSow/edit#gid=1465731937,sheet_extracted,Hauptrundenkader aus Kader-Sheet
season_010,Regular Season,regular,Kastanienbomber,kastanienbomber,Blocki,blocki,Hisui-Viscogon,hisui viscogon,3,Kader,data/raw/season_010/sheets/13smsrg2bgyxr_omjwcgr_sudr39bvojpnl5rpt4dsow_kader_1465731937.csv,https://docs.google.com/spreadsheets/d/13smsrG2BGYxr_omJWcgr-sUDr39bvOJPNL5RPt4DSow/edit#gid=1465731937,sheet_extracted,Hauptrundenkader aus Kader-Sheet
season_010,Regular Season,regular,Kastanienbomber,kastanienbomber,Blocki,blocki,Suicune,suicune,4,Kader,data/raw/season_010/sheets/13smsrg2bgyxr_omjwcgr_sudr39bvojpnl5rpt4dsow_kader_1465731937.csv,https://docs.google.com/spreadsheets/d/13smsrG2BGYxr_omJWcgr-sUDr39bvOJPNL5RPt4DSow/edit#gid=1465731937,sheet_extracted,Hauptrundenkader aus Kader-Sheet
season_010,Regular Season,regular,Kastanienbomber,kastanienbomber,Blocki,blocki,Panferno,panferno,5,Kader,data/raw/season_010/sheets/13smsrg2bgyxr_omjwcgr_sudr39bvojpnl5rpt4dsow_kader_1465731937.csv,https://docs.google.com/spreadsheets/d/13smsrG2BGYxr_omJWcgr-sUDr39bvOJPNL5RPt4DSow/edit#gid=1465731937,sheet_extracted,Hauptrundenkader aus Kader-Sheet
season_010,Regular Season,regular,Kastanienbomber,kastanienbomber,Blocki,blocki,Galar-Lahmus,galar lahmus,6,Kader,data/raw/season_010/sheets/13smsrg2bgyxr_omjwcgr_sudr39bvojpnl5rpt4dsow_kader_1465731937.csv,https://docs.google.com/spreadsheets/d/13smsrG2BGYxr_omJWcgr-sUDr39bvOJPNL5RPt4DSow/edit#gid=1465731937,sheet_extracted,Hauptrundenkader aus Kader-Sheet
season_010,Regular Season,regular,Kastanienbomber,kastanienbomber,Blocki,blocki,Axantor,axantor,7,Kader,data/raw/season_010/sheets/13smsrg2bgyxr_omjwcgr_sudr39bvojpnl5rpt4dsow_kader_1465731937.csv,https://docs.google.com/spreadsheets/d/13smsrG2BGYxr_omJWcgr-sUDr39bvOJPNL5RPt4DSow/edit#gid=1465731937,sheet_extracted,Hauptrundenkader aus Kader-Sheet
season_010,Regular Season,regular,Kastanienbomber,kastanienbomber,Blocki,blocki,Diancie,diancie,8,Kader,data/raw/season_010/sheets/13smsrg2bgyxr_omjwcgr_sudr39bvojpnl5rpt4dsow_kader_1465731937.csv,https://docs.google.com/spreadsheets/d/13smsrG2BGYxr_omJWcgr-sUDr39bvOJPNL5RPt4DSow/edit#gid=1465731937,sheet_extracted,Hauptrundenkader aus Kader-Sheet
season_010,Regular Season,regular,Kastanienbomber,kastanienbomber,Blocki,blocki,Donphan,donphan,9,Kader,data/raw/season_010/sheets/13smsrg2bgyxr_omjwcgr_sudr39bvojpnl5rpt4dsow_kader_1465731937.csv,https://docs.google.com/spreadsheets/d/13smsrG2BGYxr_omJWcgr-sUDr39bvOJPNL5RPt4DSow/edit#gid=1465731937,sheet_extracted,Hauptrundenkader aus Kader-Sheet
season_010,Regular Season,regular,Kastanienbomber,kastanienbomber,Blocki,blocki,Rotom,rotom,10,Kader,data/raw/season_010/sheets/13smsrg2bgyxr_omjwcgr_sudr39bvojpnl5rpt4dsow_kader_1465731937.csv,https://docs.google.com/spreadsheets/d/13smsrG2BGYxr_omJWcgr-sUDr39bvOJPNL5RPt4DSow/edit#gid=1465731937,sheet_extracted,Hauptrundenkader aus Kader-Sheet
season_010,Regular Season,regular,Kastanienbomber,kastanienbomber,Blocki,blocki,Calamanero,calamanero,11,Kader,data/raw/season_010/sheets/13smsrg2bgyxr_omjwcgr_sudr39bvojpnl5rpt4dsow_kader_1465731937.csv,https://docs.google.com/spreadsheets/d/13smsrG2BGYxr_omJWcgr-sUDr39bvOJPNL5RPt4DSow/edit#gid=1465731937,sheet_extracted,Hauptrundenkader aus Kader-Sheet
season_010,Regular Season,regular,Pfundskerle,pfundskerle,Dauni Daunstar,dauni daunstar,Donnersichel,donnersichel,1,Kader,data/raw/season_010/sheets/13smsrg2bgyxr_omjwcgr_sudr39bvojpnl5rpt4dsow_kader_1465731937.csv,https://docs.google.com/spreadsheets/d/13smsrG2BGYxr_omJWcgr-sUDr39bvOJPNL5RPt4DSow/edit#gid=1465731937,sheet_extracted,Hauptrundenkader aus Kader-Sheet
season_010,Regular Season,regular,Pfundskerle,pfundskerle,Dauni Daunstar,dauni daunstar,Zapdos,zapdos,2,Kader,data/raw/season_010/sheets/13smsrg2bgyxr_omjwcgr_sudr39bvojpnl5rpt4dsow_kader_1465731937.csv,https://docs.google.com/spreadsheets/d/13smsrG2BGYxr_omJWcgr-sUDr39bvOJPNL5RPt4DSow/edit#gid=1465731937,sheet_extracted,Hauptrundenkader aus Kader-Sheet
season_010,Regular Season,regular,Pfundskerle,pfundskerle,Dauni Daunstar,dauni daunstar,Primarene,primarene,3,Kader,data/raw/season_010/sheets/13smsrg2bgyxr_omjwcgr_sudr39bvojpnl5rpt4dsow_kader_1465731937.csv,https://docs.google.com/spreadsheets/d/13smsrG2BGYxr_omJWcgr-sUDr39bvOJPNL5RPt4DSow/edit#gid=1465731937,sheet_extracted,Hauptrundenkader aus Kader-Sheet
season_010,Regular Season,regular,Pfundskerle,pfundskerle,Dauni Daunstar,dauni daunstar,Scherox,scherox,4,Kader,data/raw/season_010/sheets/13smsrg2bgyxr_omjwcgr_sudr39bvojpnl5rpt4dsow_kader_1465731937.csv,https://docs.google.com/spreadsheets/d/13smsrG2BGYxr_omJWcgr-sUDr39bvOJPNL5RPt4DSow/edit#gid=1465731937,sheet_extracted,Hauptrundenkader aus Kader-Sheet
season_010,Regular Season,regular,Pfundskerle,pfundskerle,Dauni Daunstar,dauni daunstar,Terrakium,terrakium,5,Kader,data/raw/season_010/sheets/13smsrg2bgyxr_omjwcgr_sudr39bvojpnl5rpt4dsow_kader_1465731937.csv,https://docs.google.com/spreadsheets/d/13smsrG2BGYxr_omJWcgr-sUDr39bvOJPNL5RPt4DSow/edit#gid=1465731937,sheet_extracted,Hauptrundenkader aus Kader-Sheet
season_010,Regular Season,regular,Pfundskerle,pfundskerle,Dauni Daunstar,dauni daunstar,Myriador,myriador,6,Kader,data/raw/season_010/sheets/13smsrg2bgyxr_omjwcgr_sudr39bvojpnl5rpt4dsow_kader_1465731937.csv,https://docs.google.com/spreadsheets/d/13smsrG2BGYxr_omJWcgr-sUDr39bvOJPNL5RPt4DSow/edit#gid=1465731937,sheet_extracted,Hauptrundenkader aus Kader-Sheet
season_010,Regular Season,regular,Pfundskerle,pfundskerle,Dauni Daunstar,dauni daunstar,Crimanzo,crimanzo,7,Kader,data/raw/season_010/sheets/13smsrg2bgyxr_omjwcgr_sudr39bvojpnl5rpt4dsow_kader_1465731937.csv,https://docs.google.com/spreadsheets/d/13smsrG2BGYxr_omJWcgr-sUDr39bvOJPNL5RPt4DSow/edit#gid=1465731937,sheet_extracted,Hauptrundenkader aus Kader-Sheet
season_010,Regular Season,regular,Pfundskerle,pfundskerle,Dauni Daunstar,dauni daunstar,Zobiris,zobiris,8,Kader,data/raw/season_010/sheets/13smsrg2bgyxr_omjwcgr_sudr39bvojpnl5rpt4dsow_kader_1465731937.csv,https://docs.google.com/spreadsheets/d/13smsrG2BGYxr_omJWcgr-sUDr39bvOJPNL5RPt4DSow/edit#gid=1465731937,sheet_extracted,Hauptrundenkader aus Kader-Sheet
season_010,Regular Season,regular,Pfundskerle,pfundskerle,Dauni Daunstar,dauni daunstar,Tenterra,tenterra,9,Kader,data/raw/season_010/sheets/13smsrg2bgyxr_omjwcgr_sudr39bvojpnl5rpt4dsow_kader_1465731937.csv,https://docs.google.com/spreadsheets/d/13smsrG2BGYxr_omJWcgr-sUDr39bvOJPNL5RPt4DSow/edit#gid=1465731937,sheet_extracted,Hauptrundenkader aus Kader-Sheet
season_010,Regular Season,regular,Pfundskerle,pfundskerle,Dauni Daunstar,dauni daunstar,Vesprit,vesprit,10,Kader,data/raw/season_010/sheets/13smsrg2bgyxr_omjwcgr_sudr39bvojpnl5rpt4dsow_kader_1465731937.csv,https://docs.google.com/spreadsheets/d/13smsrG2BGYxr_omJWcgr-sUDr39bvOJPNL5RPt4DSow/edit#gid=1465731937,sheet_extracted,Hauptrundenkader aus Kader-Sheet
season_010,Regular Season,regular,Pfundskerle,pfundskerle,Dauni Daunstar,dauni daunstar,Ambidiffel,ambidiffel,11,Kader,data/raw/season_010/sheets/13smsrg2bgyxr_omjwcgr_sudr39bvojpnl5rpt4dsow_kader_1465731937.csv,https://docs.google.com/spreadsheets/d/13smsrG2BGYxr_omJWcgr-sUDr39bvOJPNL5RPt4DSow/edit#gid=1465731937,sheet_extracted,Hauptrundenkader aus Kader-Sheet
season_010,Regular Season,regular,Shining Legends,shining legends,Domji,domji,Gladimperio,gladimperio,1,Kader,data/raw/season_010/sheets/13smsrg2bgyxr_omjwcgr_sudr39bvojpnl5rpt4dsow_kader_1465731937.csv,https://docs.google.com/spreadsheets/d/13smsrG2BGYxr_omJWcgr-sUDr39bvOJPNL5RPt4DSow/edit#gid=1465731937,sheet_extracted,Hauptrundenkader aus Kader-Sheet
season_010,Regular Season,regular,Shining Legends,shining legends,Domji,domji,Gortrom,gortrom,2,Kader,data/raw/season_010/sheets/13smsrg2bgyxr_omjwcgr_sudr39bvojpnl5rpt4dsow_kader_1465731937.csv,https://docs.google.com/spreadsheets/d/13smsrG2BGYxr_omJWcgr-sUDr39bvOJPNL5RPt4DSow/edit#gid=1465731937,sheet_extracted,Hauptrundenkader aus Kader-Sheet
season_010,Regular Season,regular,Shining Legends,shining legends,Domji,domji,Pixi,pixi,3,Kader,data/raw/season_010/sheets/13smsrg2bgyxr_omjwcgr_sudr39bvojpnl5rpt4dsow_kader_1465731937.csv,https://docs.google.com/spreadsheets/d/13smsrG2BGYxr_omJWcgr-sUDr39bvOJPNL5RPt4DSow/edit#gid=1465731937,sheet_extracted,Hauptrundenkader aus Kader-Sheet
season_010,Regular Season,regular,Shining Legends,shining legends,Domji,domji,Mamutel,mamutel,4,Kader,data/raw/season_010/sheets/13smsrg2bgyxr_omjwcgr_sudr39bvojpnl5rpt4dsow_kader_1465731937.csv,https://docs.google.com/spreadsheets/d/13smsrG2BGYxr_omJWcgr-sUDr39bvOJPNL5RPt4DSow/edit#gid=1465731937,sheet_extracted,Hauptrundenkader aus Kader-Sheet
season_010,Regular Season,regular,Shining Legends,shining legends,Domji,domji,Voltolos-T,voltolos t,5,Kader,data/raw/season_010/sheets/13smsrg2bgyxr_omjwcgr_sudr39bvojpnl5rpt4dsow_kader_1465731937.csv,https://docs.google.com/spreadsheets/d/13smsrG2BGYxr_omJWcgr-sUDr39bvOJPNL5RPt4DSow/edit#gid=1465731937,sheet_extracted,Hauptrundenkader aus Kader-Sheet
season_010,Regular Season,regular,Shining Legends,shining legends,Domji,domji,Garados,garados,6,Kader,data/raw/season_010/sheets/13smsrg2bgyxr_omjwcgr_sudr39bvojpnl5rpt4dsow_kader_1465731937.csv,https://docs.google.com/spreadsheets/d/13smsrG2BGYxr_omJWcgr-sUDr39bvOJPNL5RPt4DSow/edit#gid=1465731937,sheet_extracted,Hauptrundenkader aus Kader-Sheet
season_010,Regular Season,regular,Shining Legends,shining legends,Domji,domji,Bandelby,bandelby,7,Kader,data/raw/season_010/sheets/13smsrg2bgyxr_omjwcgr_sudr39bvojpnl5rpt4dsow_kader_1465731937.csv,https://docs.google.com/spreadsheets/d/13smsrG2BGYxr_omJWcgr-sUDr39bvOJPNL5RPt4DSow/edit#gid=1465731937,sheet_extracted,Hauptrundenkader aus Kader-Sheet
season_010,Regular Season,regular,Shining Legends,shining legends,Domji,domji,Skelabra,skelabra,8,Kader,data/raw/season_010/sheets/13smsrg2bgyxr_omjwcgr_sudr39bvojpnl5rpt4dsow_kader_1465731937.csv,https://docs.google.com/spreadsheets/d/13smsrG2BGYxr_omJWcgr-sUDr39bvOJPNL5RPt4DSow/edit#gid=1465731937,sheet_extracted,Hauptrundenkader aus Kader-Sheet
season_010,Regular Season,regular,Shining Legends,shining legends,Domji,domji,Kapoera,kapoera,9,Kader,data/raw/season_010/sheets/13smsrg2bgyxr_omjwcgr_sudr39bvojpnl5rpt4dsow_kader_1465731937.csv,https://docs.google.com/spreadsheets/d/13smsrG2BGYxr_omJWcgr-sUDr39bvOJPNL5RPt4DSow/edit#gid=1465731937,sheet_extracted,Hauptrundenkader aus Kader-Sheet
season_010,Regular Season,regular,Shining Legends,shining legends,Domji,domji,Gewaldro,gewaldro,10,Kader,data/raw/season_010/sheets/13smsrg2bgyxr_omjwcgr_sudr39bvojpnl5rpt4dsow_kader_1465731937.csv,https://docs.google.com/spreadsheets/d/13smsrG2BGYxr_omJWcgr-sUDr39bvOJPNL5RPt4DSow/edit#gid=1465731937,sheet_extracted,Hauptrundenkader aus Kader-Sheet
season_010,Regular Season,regular,Shining Legends,shining legends,Domji,domji,Psiana,psiana,11,Kader,data/raw/season_010/sheets/13smsrg2bgyxr_omjwcgr_sudr39bvojpnl5rpt4dsow_kader_1465731937.csv,https://docs.google.com/spreadsheets/d/13smsrG2BGYxr_omJWcgr-sUDr39bvOJPNL5RPt4DSow/edit#gid=1465731937,sheet_extracted,Hauptrundenkader aus Kader-Sheet
season_010,Regular Season,regular,Cyber End Jugulis,cyber end jugulis,KingBlex,king blex,Hoopa-Entfesselt,hoopa entfesselt,1,Kader,data/raw/season_010/sheets/13smsrg2bgyxr_omjwcgr_sudr39bvojpnl5rpt4dsow_kader_1465731937.csv,https://docs.google.com/spreadsheets/d/13smsrG2BGYxr_omJWcgr-sUDr39bvOJPNL5RPt4DSow/edit#gid=1465731937,sheet_extracted,Hauptrundenkader aus Kader-Sheet
season_010,Regular Season,regular,Cyber End Jugulis,cyber end jugulis,KingBlex,king blex,Eisenhand,eisenhand,2,Kader,data/raw/season_010/sheets/13smsrg2bgyxr_omjwcgr_sudr39bvojpnl5rpt4dsow_kader_1465731937.csv,https://docs.google.com/spreadsheets/d/13smsrG2BGYxr_omJWcgr-sUDr39bvOJPNL5RPt4DSow/edit#gid=1465731937,sheet_extracted,Hauptrundenkader aus Kader-Sheet
season_010,Regular Season,regular,Cyber End Jugulis,cyber end jugulis,KingBlex,king blex,Eisenrad,eisenrad,3,Kader,data/raw/season_010/sheets/13smsrg2bgyxr_omjwcgr_sudr39bvojpnl5rpt4dsow_kader_1465731937.csv,https://docs.google.com/spreadsheets/d/13smsrG2BGYxr_omJWcgr-sUDr39bvOJPNL5RPt4DSow/edit#gid=1465731937,sheet_extracted,Hauptrundenkader aus Kader-Sheet
season_010,Regular Season,regular,Cyber End Jugulis,cyber end jugulis,KingBlex,king blex,Eisenhals,eisenhals,4,Kader,data/raw/season_010/sheets/13smsrg2bgyxr_omjwcgr_sudr39bvojpnl5rpt4dsow_kader_1465731937.csv,https://docs.google.com/spreadsheets/d/13smsrG2BGYxr_omJWcgr-sUDr39bvOJPNL5RPt4DSow/edit#gid=1465731937,sheet_extracted,Hauptrundenkader aus Kader-Sheet
season_010,Regular Season,regular,Cyber End Jugulis,cyber end jugulis,KingBlex,king blex,Hisui-Arkani,hisui arkani,5,Kader,data/raw/season_010/sheets/13smsrg2bgyxr_omjwcgr_sudr39bvojpnl5rpt4dsow_kader_1465731937.csv,https://docs.google.com/spreadsheets/d/13smsrG2BGYxr_omJWcgr-sUDr39bvOJPNL5RPt4DSow/edit#gid=1465731937,sheet_extracted,Hauptrundenkader aus Kader-Sheet
season_010,Regular Season,regular,Cyber End Jugulis,cyber end jugulis,KingBlex,king blex,Tentoxa,tentoxa,6,Kader,data/raw/season_010/sheets/13smsrg2bgyxr_omjwcgr_sudr39bvojpnl5rpt4dsow_kader_1465731937.csv,https://docs.google.com/spreadsheets/d/13smsrG2BGYxr_omJWcgr-sUDr39bvOJPNL5RPt4DSow/edit#gid=1465731937,sheet_extracted,Hauptrundenkader aus Kader-Sheet
season_010,Regular Season,regular,Cyber End Jugulis,cyber end jugulis,KingBlex,king blex,Porygon-Z,porygon z,7,Kader,data/raw/season_010/sheets/13smsrg2bgyxr_omjwcgr_sudr39bvojpnl5rpt4dsow_kader_1465731937.csv,https://docs.google.com/spreadsheets/d/13smsrG2BGYxr_omJWcgr-sUDr39bvOJPNL5RPt4DSow/edit#gid=1465731937,sheet_extracted,Hauptrundenkader aus Kader-Sheet
season_010,Regular Season,regular,Cyber End Jugulis,cyber end jugulis,KingBlex,king blex,Mimigma,mimigma,8,Kader,data/raw/season_010/sheets/13smsrg2bgyxr_omjwcgr_sudr39bvojpnl5rpt4dsow_kader_1465731937.csv,https://docs.google.com/spreadsheets/d/13smsrG2BGYxr_omJWcgr-sUDr39bvOJPNL5RPt4DSow/edit#gid=1465731937,sheet_extracted,Hauptrundenkader aus Kader-Sheet
season_010,Regular Season,regular,Cyber End Jugulis,cyber end jugulis,KingBlex,king blex,Pokusan,pokusan,9,Kader,data/raw/season_010/sheets/13smsrg2bgyxr_omjwcgr_sudr39bvojpnl5rpt4dsow_kader_1465731937.csv,https://docs.google.com/spreadsheets/d/13smsrG2BGYxr_omJWcgr-sUDr39bvOJPNL5RPt4DSow/edit#gid=1465731937,sheet_extracted,Hauptrundenkader aus Kader-Sheet
season_010,Regular Season,regular,Cyber End Jugulis,cyber end jugulis,KingBlex,king blex,Fruyal,fruyal,10,Kader,data/raw/season_010/sheets/13smsrg2bgyxr_omjwcgr_sudr39bvojpnl5rpt4dsow_kader_1465731937.csv,https://docs.google.com/spreadsheets/d/13smsrG2BGYxr_omJWcgr-sUDr39bvOJPNL5RPt4DSow/edit#gid=1465731937,sheet_extracted,Hauptrundenkader aus Kader-Sheet
season_010,Regular Season,regular,Cyber End Jugulis,cyber end jugulis,KingBlex,king blex,Britzigel,britzigel,11,Kader,data/raw/season_010/sheets/13smsrg2bgyxr_omjwcgr_sudr39bvojpnl5rpt4dsow_kader_1465731937.csv,https://docs.google.com/spreadsheets/d/13smsrG2BGYxr_omJWcgr-sUDr39bvOJPNL5RPt4DSow/edit#gid=1465731937,sheet_extracted,Hauptrundenkader aus Kader-Sheet
season_010,Regular Season,regular,Throes Mad,throes mad,Minetube,minetube,Mew,mew,1,Kader,data/raw/season_010/sheets/13smsrg2bgyxr_omjwcgr_sudr39bvojpnl5rpt4dsow_kader_1465731937.csv,https://docs.google.com/spreadsheets/d/13smsrG2BGYxr_omJWcgr-sUDr39bvOJPNL5RPt4DSow/edit#gid=1465731937,sheet_extracted,Hauptrundenkader aus Kader-Sheet
season_010,Regular Season,regular,Throes Mad,throes mad,Minetube,minetube,Maskagato,maskagato,2,Kader,data/raw/season_010/sheets/13smsrg2bgyxr_omjwcgr_sudr39bvojpnl5rpt4dsow_kader_1465731937.csv,https://docs.google.com/spreadsheets/d/13smsrG2BGYxr_omJWcgr-sUDr39bvOJPNL5RPt4DSow/edit#gid=1465731937,sheet_extracted,Hauptrundenkader aus Kader-Sheet
season_010,Regular Season,regular,Throes Mad,throes mad,Minetube,minetube,Despotar,despotar,3,Kader,data/raw/season_010/sheets/13smsrg2bgyxr_omjwcgr_sudr39bvojpnl5rpt4dsow_kader_1465731937.csv,https://docs.google.com/spreadsheets/d/13smsrG2BGYxr_omJWcgr-sUDr39bvOJPNL5RPt4DSow/edit#gid=1465731937,sheet_extracted,Hauptrundenkader aus Kader-Sheet
season_010,Regular Season,regular,Throes Mad,throes mad,Minetube,minetube,Grandiras,grandiras,4,Kader,data/raw/season_010/sheets/13smsrg2bgyxr_omjwcgr_sudr39bvojpnl5rpt4dsow_kader_1465731937.csv,https://docs.google.com/spreadsheets/d/13smsrG2BGYxr_omJWcgr-sUDr39bvOJPNL5RPt4DSow/edit#gid=1465731937,sheet_extracted,Hauptrundenkader aus Kader-Sheet
season_010,Regular Season,regular,Throes Mad,throes mad,Minetube,minetube,Stalobor,stalobor,5,Kader,data/raw/season_010/sheets/13smsrg2bgyxr_omjwcgr_sudr39bvojpnl5rpt4dsow_kader_1465731937.csv,https://docs.google.com/spreadsheets/d/13smsrG2BGYxr_omJWcgr-sUDr39bvOJPNL5RPt4DSow/edit#gid=1465731937,sheet_extracted,Hauptrundenkader aus Kader-Sheet
season_010,Regular Season,regular,Throes Mad,throes mad,Minetube,minetube,Milotic,milotic,6,Kader,data/raw/season_010/sheets/13smsrg2bgyxr_omjwcgr_sudr39bvojpnl5rpt4dsow_kader_1465731937.csv,https://docs.google.com/spreadsheets/d/13smsrG2BGYxr_omJWcgr-sUDr39bvOJPNL5RPt4DSow/edit#gid=1465731937,sheet_extracted,Hauptrundenkader aus Kader-Sheet
season_010,Regular Season,regular,Throes Mad,throes mad,Minetube,minetube,Panzaeron,panzaeron,7,Kader,data/raw/season_010/sheets/13smsrg2bgyxr_omjwcgr_sudr39bvojpnl5rpt4dsow_kader_1465731937.csv,https://docs.google.com/spreadsheets/d/13smsrG2BGYxr_omJWcgr-sUDr39bvOJPNL5RPt4DSow/edit#gid=1465731937,sheet_extracted,Hauptrundenkader aus Kader-Sheet
season_010,Regular Season,regular,Throes Mad,throes mad,Minetube,minetube,Curelei,curelei,8,Kader,data/raw/season_010/sheets/13smsrg2bgyxr_omjwcgr_sudr39bvojpnl5rpt4dsow_kader_1465731937.csv,https://docs.google.com/spreadsheets/d/13smsrG2BGYxr_omJWcgr-sUDr39bvOJPNL5RPt4DSow/edit#gid=1465731937,sheet_extracted,Hauptrundenkader aus Kader-Sheet
season_010,Regular Season,regular,Throes Mad,throes mad,Minetube,minetube,Affiti,affiti,9,Kader,data/raw/season_010/sheets/13smsrg2bgyxr_omjwcgr_sudr39bvojpnl5rpt4dsow_kader_1465731937.csv,https://docs.google.com/spreadsheets/d/13smsrG2BGYxr_omJWcgr-sUDr39bvOJPNL5RPt4DSow/edit#gid=1465731937,sheet_extracted,Hauptrundenkader aus Kader-Sheet
season_010,Regular Season,regular,Throes Mad,throes mad,Minetube,minetube,Toxiquak,toxiquak,10,Kader,data/raw/season_010/sheets/13smsrg2bgyxr_omjwcgr_sudr39bvojpnl5rpt4dsow_kader_1465731937.csv,https://docs.google.com/spreadsheets/d/13smsrG2BGYxr_omJWcgr-sUDr39bvOJPNL5RPt4DSow/edit#gid=1465731937,sheet_extracted,Hauptrundenkader aus Kader-Sheet
season_010,Regular Season,regular,Throes Mad,throes mad,Minetube,minetube,Traunfugil,traunfugil,11,Kader,data/raw/season_010/sheets/13smsrg2bgyxr_omjwcgr_sudr39bvojpnl5rpt4dsow_kader_1465731937.csv,https://docs.google.com/spreadsheets/d/13smsrG2BGYxr_omJWcgr-sUDr39bvOJPNL5RPt4DSow/edit#gid=1465731937,sheet_extracted,Hauptrundenkader aus Kader-Sheet
season_010,Regular Season,regular,Böller Brüder,boeller brueder,Nestfloh,nestfloh,Katapuldra,katapuldra,1,Kader,data/raw/season_010/sheets/13smsrg2bgyxr_omjwcgr_sudr39bvojpnl5rpt4dsow_kader_1465731937.csv,https://docs.google.com/spreadsheets/d/13smsrG2BGYxr_omJWcgr-sUDr39bvOJPNL5RPt4DSow/edit#gid=1465731937,sheet_extracted,Hauptrundenkader aus Kader-Sheet
season_010,Regular Season,regular,Böller Brüder,boeller brueder,Nestfloh,nestfloh,Lumiflora,lumiflora,2,Kader,data/raw/season_010/sheets/13smsrg2bgyxr_omjwcgr_sudr39bvojpnl5rpt4dsow_kader_1465731937.csv,https://docs.google.com/spreadsheets/d/13smsrG2BGYxr_omJWcgr-sUDr39bvOJPNL5RPt4DSow/edit#gid=1465731937,sheet_extracted,Hauptrundenkader aus Kader-Sheet
season_010,Regular Season,regular,Böller Brüder,boeller brueder,Nestfloh,nestfloh,Impoleon,impoleon,3,Kader,data/raw/season_010/sheets/13smsrg2bgyxr_omjwcgr_sudr39bvojpnl5rpt4dsow_kader_1465731937.csv,https://docs.google.com/spreadsheets/d/13smsrG2BGYxr_omJWcgr-sUDr39bvOJPNL5RPt4DSow/edit#gid=1465731937,sheet_extracted,Hauptrundenkader aus Kader-Sheet
season_010,Regular Season,regular,Böller Brüder,boeller brueder,Nestfloh,nestfloh,Pamomamo,pamomamo,4,Kader,data/raw/season_010/sheets/13smsrg2bgyxr_omjwcgr_sudr39bvojpnl5rpt4dsow_kader_1465731937.csv,https://docs.google.com/spreadsheets/d/13smsrG2BGYxr_omJWcgr-sUDr39bvOJPNL5RPt4DSow/edit#gid=1465731937,sheet_extracted,Hauptrundenkader aus Kader-Sheet
season_010,Regular Season,regular,Böller Brüder,boeller brueder,Nestfloh,nestfloh,Cresselia,cresselia,5,Kader,data/raw/season_010/sheets/13smsrg2bgyxr_omjwcgr_sudr39bvojpnl5rpt4dsow_kader_1465731937.csv,https://docs.google.com/spreadsheets/d/13smsrG2BGYxr_omJWcgr-sUDr39bvOJPNL5RPt4DSow/edit#gid=1465731937,sheet_extracted,Hauptrundenkader aus Kader-Sheet
season_010,Regular Season,regular,Böller Brüder,boeller brueder,Nestfloh,nestfloh,Lavados,lavados,6,Kader,data/raw/season_010/sheets/13smsrg2bgyxr_omjwcgr_sudr39bvojpnl5rpt4dsow_kader_1465731937.csv,https://docs.google.com/spreadsheets/d/13smsrG2BGYxr_omJWcgr-sUDr39bvOJPNL5RPt4DSow/edit#gid=1465731937,sheet_extracted,Hauptrundenkader aus Kader-Sheet
season_010,Regular Season,regular,Böller Brüder,boeller brueder,Nestfloh,nestfloh,Irokex,irokex,7,Kader,data/raw/season_010/sheets/13smsrg2bgyxr_omjwcgr_sudr39bvojpnl5rpt4dsow_kader_1465731937.csv,https://docs.google.com/spreadsheets/d/13smsrG2BGYxr_omJWcgr-sUDr39bvOJPNL5RPt4DSow/edit#gid=1465731937,sheet_extracted,Hauptrundenkader aus Kader-Sheet
season_010,Regular Season,regular,Böller Brüder,boeller brueder,Nestfloh,nestfloh,Guardevoir,guardevoir,8,Kader,data/raw/season_010/sheets/13smsrg2bgyxr_omjwcgr_sudr39bvojpnl5rpt4dsow_kader_1465731937.csv,https://docs.google.com/spreadsheets/d/13smsrG2BGYxr_omJWcgr-sUDr39bvOJPNL5RPt4DSow/edit#gid=1465731937,sheet_extracted,Hauptrundenkader aus Kader-Sheet
season_010,Regular Season,regular,Böller Brüder,boeller brueder,Nestfloh,nestfloh,Pampross,pampross,9,Kader,data/raw/season_010/sheets/13smsrg2bgyxr_omjwcgr_sudr39bvojpnl5rpt4dsow_kader_1465731937.csv,https://docs.google.com/spreadsheets/d/13smsrG2BGYxr_omJWcgr-sUDr39bvOJPNL5RPt4DSow/edit#gid=1465731937,sheet_extracted,Hauptrundenkader aus Kader-Sheet
season_010,Regular Season,regular,Böller Brüder,boeller brueder,Nestfloh,nestfloh,Ursaring,ursaring,10,Kader,data/raw/season_010/sheets/13smsrg2bgyxr_omjwcgr_sudr39bvojpnl5rpt4dsow_kader_1465731937.csv,https://docs.google.com/spreadsheets/d/13smsrG2BGYxr_omJWcgr-sUDr39bvOJPNL5RPt4DSow/edit#gid=1465731937,sheet_extracted,Hauptrundenkader aus Kader-Sheet
season_010,Regular Season,regular,Böller Brüder,boeller brueder,Nestfloh,nestfloh,Arktilas,arktilas,11,Kader,data/raw/season_010/sheets/13smsrg2bgyxr_omjwcgr_sudr39bvojpnl5rpt4dsow_kader_1465731937.csv,https://docs.google.com/spreadsheets/d/13smsrG2BGYxr_omJWcgr-sUDr39bvOJPNL5RPt4DSow/edit#gid=1465731937,sheet_extracted,Hauptrundenkader aus Kader-Sheet
season_010,Regular Season,regular,Squid Squad,squid squad,OGDNZ,og dnz,Eisenkrieger,eisenkrieger,1,Kader,data/raw/season_010/sheets/13smsrg2bgyxr_omjwcgr_sudr39bvojpnl5rpt4dsow_kader_1465731937.csv,https://docs.google.com/spreadsheets/d/13smsrG2BGYxr_omJWcgr-sUDr39bvOJPNL5RPt4DSow/edit#gid=1465731937,sheet_extracted,Hauptrundenkader aus Kader-Sheet
season_010,Regular Season,regular,Squid Squad,squid squad,OGDNZ,og dnz,Eisenfalter,eisenfalter,2,Kader,data/raw/season_010/sheets/13smsrg2bgyxr_omjwcgr_sudr39bvojpnl5rpt4dsow_kader_1465731937.csv,https://docs.google.com/spreadsheets/d/13smsrG2BGYxr_omJWcgr-sUDr39bvOJPNL5RPt4DSow/edit#gid=1465731937,sheet_extracted,Hauptrundenkader aus Kader-Sheet
season_010,Regular Season,regular,Squid Squad,squid squad,OGDNZ,og dnz,Laschoking,laschoking,3,Kader,data/raw/season_010/sheets/13smsrg2bgyxr_omjwcgr_sudr39bvojpnl5rpt4dsow_kader_1465731937.csv,https://docs.google.com/spreadsheets/d/13smsrG2BGYxr_omJWcgr-sUDr39bvOJPNL5RPt4DSow/edit#gid=1465731937,sheet_extracted,Hauptrundenkader aus Kader-Sheet
season_010,Regular Season,regular,Squid Squad,squid squad,OGDNZ,og dnz,Metagross,metagross,4,Kader,data/raw/season_010/sheets/13smsrg2bgyxr_omjwcgr_sudr39bvojpnl5rpt4dsow_kader_1465731937.csv,https://docs.google.com/spreadsheets/d/13smsrG2BGYxr_omJWcgr-sUDr39bvOJPNL5RPt4DSow/edit#gid=1465731937,sheet_extracted,Hauptrundenkader aus Kader-Sheet
season_010,Regular Season,regular,Squid Squad,squid squad,OGDNZ,og dnz,Hisui-Admurai,hisui admurai,5,Kader,data/raw/season_010/sheets/13smsrg2bgyxr_omjwcgr_sudr39bvojpnl5rpt4dsow_kader_1465731937.csv,https://docs.google.com/spreadsheets/d/13smsrG2BGYxr_omJWcgr-sUDr39bvOJPNL5RPt4DSow/edit#gid=1465731937,sheet_extracted,Hauptrundenkader aus Kader-Sheet
season_010,Regular Season,regular,Squid Squad,squid squad,OGDNZ,og dnz,Grypheldis,grypheldis,6,Kader,data/raw/season_010/sheets/13smsrg2bgyxr_omjwcgr_sudr39bvojpnl5rpt4dsow_kader_1465731937.csv,https://docs.google.com/spreadsheets/d/13smsrG2BGYxr_omJWcgr-sUDr39bvOJPNL5RPt4DSow/edit#gid=1465731937,sheet_extracted,Hauptrundenkader aus Kader-Sheet
season_010,Regular Season,regular,Squid Squad,squid squad,OGDNZ,og dnz,Sandfell,sandfell,7,Kader,data/raw/season_010/sheets/13smsrg2bgyxr_omjwcgr_sudr39bvojpnl5rpt4dsow_kader_1465731937.csv,https://docs.google.com/spreadsheets/d/13smsrG2BGYxr_omJWcgr-sUDr39bvOJPNL5RPt4DSow/edit#gid=1465731937,sheet_extracted,Hauptrundenkader aus Kader-Sheet
season_010,Regular Season,regular,Squid Squad,squid squad,OGDNZ,og dnz,Polaross,polaross,8,Kader,data/raw/season_010/sheets/13smsrg2bgyxr_omjwcgr_sudr39bvojpnl5rpt4dsow_kader_1465731937.csv,https://docs.google.com/spreadsheets/d/13smsrG2BGYxr_omJWcgr-sUDr39bvOJPNL5RPt4DSow/edit#gid=1465731937,sheet_extracted,Hauptrundenkader aus Kader-Sheet
season_010,Regular Season,regular,Squid Squad,squid squad,OGDNZ,og dnz,Piepi,piepi,9,Kader,data/raw/season_010/sheets/13smsrg2bgyxr_omjwcgr_sudr39bvojpnl5rpt4dsow_kader_1465731937.csv,https://docs.google.com/spreadsheets/d/13smsrG2BGYxr_omJWcgr-sUDr39bvOJPNL5RPt4DSow/edit#gid=1465731937,sheet_extracted,Hauptrundenkader aus Kader-Sheet
season_010,Regular Season,regular,Squid Squad,squid squad,OGDNZ,og dnz,Chillabell,chillabell,10,Kader,data/raw/season_010/sheets/13smsrg2bgyxr_omjwcgr_sudr39bvojpnl5rpt4dsow_kader_1465731937.csv,https://docs.google.com/spreadsheets/d/13smsrG2BGYxr_omJWcgr-sUDr39bvOJPNL5RPt4DSow/edit#gid=1465731937,sheet_extracted,Hauptrundenkader aus Kader-Sheet
season_010,Regular Season,regular,Squid Squad,squid squad,OGDNZ,og dnz,Trombork,trombork,11,Kader,data/raw/season_010/sheets/13smsrg2bgyxr_omjwcgr_sudr39bvojpnl5rpt4dsow_kader_1465731937.csv,https://docs.google.com/spreadsheets/d/13smsrG2BGYxr_omJWcgr-sUDr39bvOJPNL5RPt4DSow/edit#gid=1465731937,sheet_extracted,Hauptrundenkader aus Kader-Sheet
season_010,Regular Season,regular,Tails of Mystery,tails of mystery,Pokgalaxy,pokgalaxy,Knakrack,knakrack,1,Kader,data/raw/season_010/sheets/13smsrg2bgyxr_omjwcgr_sudr39bvojpnl5rpt4dsow_kader_1465731937.csv,https://docs.google.com/spreadsheets/d/13smsrG2BGYxr_omJWcgr-sUDr39bvOJPNL5RPt4DSow/edit#gid=1465731937,sheet_extracted,Hauptrundenkader aus Kader-Sheet
season_010,Regular Season,regular,Tails of Mystery,tails of mystery,Pokgalaxy,pokgalaxy,Galar-Laschoking,galar laschoking,2,Kader,data/raw/season_010/sheets/13smsrg2bgyxr_omjwcgr_sudr39bvojpnl5rpt4dsow_kader_1465731937.csv,https://docs.google.com/spreadsheets/d/13smsrG2BGYxr_omJWcgr-sUDr39bvOJPNL5RPt4DSow/edit#gid=1465731937,sheet_extracted,Hauptrundenkader aus Kader-Sheet
season_010,Regular Season,regular,Tails of Mystery,tails of mystery,Pokgalaxy,pokgalaxy,Krarmor,krarmor,3,Kader,data/raw/season_010/sheets/13smsrg2bgyxr_omjwcgr_sudr39bvojpnl5rpt4dsow_kader_1465731937.csv,https://docs.google.com/spreadsheets/d/13smsrG2BGYxr_omJWcgr-sUDr39bvOJPNL5RPt4DSow/edit#gid=1465731937,sheet_extracted,Hauptrundenkader aus Kader-Sheet
season_010,Regular Season,regular,Tails of Mystery,tails of mystery,Pokgalaxy,pokgalaxy,Keldeo,keldeo,4,Kader,data/raw/season_010/sheets/13smsrg2bgyxr_omjwcgr_sudr39bvojpnl5rpt4dsow_kader_1465731937.csv,https://docs.google.com/spreadsheets/d/13smsrG2BGYxr_omJWcgr-sUDr39bvOJPNL5RPt4DSow/edit#gid=1465731937,sheet_extracted,Hauptrundenkader aus Kader-Sheet
season_010,Regular Season,regular,Tails of Mystery,tails of mystery,Pokgalaxy,pokgalaxy,Snibunna,snibunna,5,Kader,data/raw/season_010/sheets/13smsrg2bgyxr_omjwcgr_sudr39bvojpnl5rpt4dsow_kader_1465731937.csv,https://docs.google.com/spreadsheets/d/13smsrG2BGYxr_omJWcgr-sUDr39bvOJPNL5RPt4DSow/edit#gid=1465731937,sheet_extracted,Hauptrundenkader aus Kader-Sheet
season_010,Regular Season,regular,Tails of Mystery,tails of mystery,Pokgalaxy,pokgalaxy,Feelinara,feelinara,6,Kader,data/raw/season_010/sheets/13smsrg2bgyxr_omjwcgr_sudr39bvojpnl5rpt4dsow_kader_1465731937.csv,https://docs.google.com/spreadsheets/d/13smsrG2BGYxr_omJWcgr-sUDr39bvOJPNL5RPt4DSow/edit#gid=1465731937,sheet_extracted,Hauptrundenkader aus Kader-Sheet
season_010,Regular Season,regular,Tails of Mystery,tails of mystery,Pokgalaxy,pokgalaxy,Relaxo,relaxo,7,Kader,data/raw/season_010/sheets/13smsrg2bgyxr_omjwcgr_sudr39bvojpnl5rpt4dsow_kader_1465731937.csv,https://docs.google.com/spreadsheets/d/13smsrG2BGYxr_omJWcgr-sUDr39bvOJPNL5RPt4DSow/edit#gid=1465731937,sheet_extracted,Hauptrundenkader aus Kader-Sheet
season_010,Regular Season,regular,Tails of Mystery,tails of mystery,Pokgalaxy,pokgalaxy,Rotom-Hitze,rotom hitze,8,Kader,data/raw/season_010/sheets/13smsrg2bgyxr_omjwcgr_sudr39bvojpnl5rpt4dsow_kader_1465731937.csv,https://docs.google.com/spreadsheets/d/13smsrG2BGYxr_omJWcgr-sUDr39bvOJPNL5RPt4DSow/edit#gid=1465731937,sheet_extracted,Hauptrundenkader aus Kader-Sheet
season_010,Regular Season,regular,Tails of Mystery,tails of mystery,Pokgalaxy,pokgalaxy,Horrerba,horrerba,9,Kader,data/raw/season_010/sheets/13smsrg2bgyxr_omjwcgr_sudr39bvojpnl5rpt4dsow_kader_1465731937.csv,https://docs.google.com/spreadsheets/d/13smsrG2BGYxr_omJWcgr-sUDr39bvOJPNL5RPt4DSow/edit#gid=1465731937,sheet_extracted,Hauptrundenkader aus Kader-Sheet
season_010,Regular Season,regular,Tails of Mystery,tails of mystery,Pokgalaxy,pokgalaxy,Wampitz,wampitz,10,Kader,data/raw/season_010/sheets/13smsrg2bgyxr_omjwcgr_sudr39bvojpnl5rpt4dsow_kader_1465731937.csv,https://docs.google.com/spreadsheets/d/13smsrG2BGYxr_omJWcgr-sUDr39bvOJPNL5RPt4DSow/edit#gid=1465731937,sheet_extracted,Hauptrundenkader aus Kader-Sheet
season_010,Regular Season,regular,Tails of Mystery,tails of mystery,Pokgalaxy,pokgalaxy,Rameidon,rameidon,11,Kader,data/raw/season_010/sheets/13smsrg2bgyxr_omjwcgr_sudr39bvojpnl5rpt4dsow_kader_1465731937.csv,https://docs.google.com/spreadsheets/d/13smsrG2BGYxr_omJWcgr-sUDr39bvOJPNL5RPt4DSow/edit#gid=1465731937,sheet_extracted,Hauptrundenkader aus Kader-Sheet
season_010,Regular Season,regular,Prekani,prekani,PresentLP,present,Demeteros-T,demeteros t,1,Kader,data/raw/season_010/sheets/13smsrg2bgyxr_omjwcgr_sudr39bvojpnl5rpt4dsow_kader_1465731937.csv,https://docs.google.com/spreadsheets/d/13smsrG2BGYxr_omJWcgr-sUDr39bvOJPNL5RPt4DSow/edit#gid=1465731937,sheet_extracted,Hauptrundenkader aus Kader-Sheet
season_010,Regular Season,regular,Prekani,prekani,PresentLP,present,Dragoran,dragoran,2,Kader,data/raw/season_010/sheets/13smsrg2bgyxr_omjwcgr_sudr39bvojpnl5rpt4dsow_kader_1465731937.csv,https://docs.google.com/spreadsheets/d/13smsrG2BGYxr_omJWcgr-sUDr39bvOJPNL5RPt4DSow/edit#gid=1465731937,sheet_extracted,Hauptrundenkader aus Kader-Sheet
season_010,Regular Season,regular,Prekani,prekani,PresentLP,present,Arkani,arkani,3,Kader,data/raw/season_010/sheets/13smsrg2bgyxr_omjwcgr_sudr39bvojpnl5rpt4dsow_kader_1465731937.csv,https://docs.google.com/spreadsheets/d/13smsrG2BGYxr_omJWcgr-sUDr39bvOJPNL5RPt4DSow/edit#gid=1465731937,sheet_extracted,Hauptrundenkader aus Kader-Sheet
season_010,Regular Season,regular,Prekani,prekani,PresentLP,present,Rotom-Wasch,rotom wasch,4,Kader,data/raw/season_010/sheets/13smsrg2bgyxr_omjwcgr_sudr39bvojpnl5rpt4dsow_kader_1465731937.csv,https://docs.google.com/spreadsheets/d/13smsrG2BGYxr_omJWcgr-sUDr39bvOJPNL5RPt4DSow/edit#gid=1465731937,sheet_extracted,Hauptrundenkader aus Kader-Sheet
season_010,Regular Season,regular,Prekani,prekani,PresentLP,present,Zytomega,zytomega,5,Kader,data/raw/season_010/sheets/13smsrg2bgyxr_omjwcgr_sudr39bvojpnl5rpt4dsow_kader_1465731937.csv,https://docs.google.com/spreadsheets/d/13smsrG2BGYxr_omJWcgr-sUDr39bvOJPNL5RPt4DSow/edit#gid=1465731937,sheet_extracted,Hauptrundenkader aus Kader-Sheet
season_010,Regular Season,regular,Prekani,prekani,PresentLP,present,Beatori,beatori,6,Kader,data/raw/season_010/sheets/13smsrg2bgyxr_omjwcgr_sudr39bvojpnl5rpt4dsow_kader_1465731937.csv,https://docs.google.com/spreadsheets/d/13smsrG2BGYxr_omJWcgr-sUDr39bvOJPNL5RPt4DSow/edit#gid=1465731937,sheet_extracted,Hauptrundenkader aus Kader-Sheet
season_010,Regular Season,regular,Prekani,prekani,PresentLP,present,Kobalium,kobalium,7,Kader,data/raw/season_010/sheets/13smsrg2bgyxr_omjwcgr_sudr39bvojpnl5rpt4dsow_kader_1465731937.csv,https://docs.google.com/spreadsheets/d/13smsrG2BGYxr_omJWcgr-sUDr39bvOJPNL5RPt4DSow/edit#gid=1465731937,sheet_extracted,Hauptrundenkader aus Kader-Sheet
season_010,Regular Season,regular,Prekani,prekani,PresentLP,present,Mopex,mopex,8,Kader,data/raw/season_010/sheets/13smsrg2bgyxr_omjwcgr_sudr39bvojpnl5rpt4dsow_kader_1465731937.csv,https://docs.google.com/spreadsheets/d/13smsrG2BGYxr_omJWcgr-sUDr39bvOJPNL5RPt4DSow/edit#gid=1465731937,sheet_extracted,Hauptrundenkader aus Kader-Sheet
season_010,Regular Season,regular,Prekani,prekani,PresentLP,present,Rizeros,rizeros,9,Kader,data/raw/season_010/sheets/13smsrg2bgyxr_omjwcgr_sudr39bvojpnl5rpt4dsow_kader_1465731937.csv,https://docs.google.com/spreadsheets/d/13smsrG2BGYxr_omJWcgr-sUDr39bvOJPNL5RPt4DSow/edit#gid=1465731937,sheet_extracted,Hauptrundenkader aus Kader-Sheet
season_010,Regular Season,regular,Prekani,prekani,PresentLP,present,Tengulist,tengulist,10,Kader,data/raw/season_010/sheets/13smsrg2bgyxr_omjwcgr_sudr39bvojpnl5rpt4dsow_kader_1465731937.csv,https://docs.google.com/spreadsheets/d/13smsrG2BGYxr_omJWcgr-sUDr39bvOJPNL5RPt4DSow/edit#gid=1465731937,sheet_extracted,Hauptrundenkader aus Kader-Sheet
season_010,Regular Season,regular,Prekani,prekani,PresentLP,present,Mottineva,mottineva,11,Kader,data/raw/season_010/sheets/13smsrg2bgyxr_omjwcgr_sudr39bvojpnl5rpt4dsow_kader_1465731937.csv,https://docs.google.com/spreadsheets/d/13smsrG2BGYxr_omJWcgr-sUDr39bvOJPNL5RPt4DSow/edit#gid=1465731937,sheet_extracted,Hauptrundenkader aus Kader-Sheet
season_010,Regular Season,regular,Unbound Soul,unbound soul,Raizor,raizor,Snieboss,snieboss,1,Kader,data/raw/season_010/sheets/13smsrg2bgyxr_omjwcgr_sudr39bvojpnl5rpt4dsow_kader_1465731937.csv,https://docs.google.com/spreadsheets/d/13smsrG2BGYxr_omJWcgr-sUDr39bvOJPNL5RPt4DSow/edit#gid=1465731937,sheet_extracted,Hauptrundenkader aus Kader-Sheet
season_010,Regular Season,regular,Unbound Soul,unbound soul,Raizor,raizor,Ursaluna,ursaluna,2,Kader,data/raw/season_010/sheets/13smsrg2bgyxr_omjwcgr_sudr39bvojpnl5rpt4dsow_kader_1465731937.csv,https://docs.google.com/spreadsheets/d/13smsrG2BGYxr_omJWcgr-sUDr39bvOJPNL5RPt4DSow/edit#gid=1465731937,sheet_extracted,Hauptrundenkader aus Kader-Sheet
season_010,Regular Season,regular,Unbound Soul,unbound soul,Raizor,raizor,Servol (weiblich),servol weiblich,3,Kader,data/raw/season_010/sheets/13smsrg2bgyxr_omjwcgr_sudr39bvojpnl5rpt4dsow_kader_1465731937.csv,https://docs.google.com/spreadsheets/d/13smsrG2BGYxr_omJWcgr-sUDr39bvOJPNL5RPt4DSow/edit#gid=1465731937,sheet_extracted,Hauptrundenkader aus Kader-Sheet
season_010,Regular Season,regular,Unbound Soul,unbound soul,Raizor,raizor,Entei,entei,4,Kader,data/raw/season_010/sheets/13smsrg2bgyxr_omjwcgr_sudr39bvojpnl5rpt4dsow_kader_1465731937.csv,https://docs.google.com/spreadsheets/d/13smsrG2BGYxr_omJWcgr-sUDr39bvOJPNL5RPt4DSow/edit#gid=1465731937,sheet_extracted,Hauptrundenkader aus Kader-Sheet
season_010,Regular Season,regular,Unbound Soul,unbound soul,Raizor,raizor,Eisenhaupt,eisenhaupt,5,Kader,data/raw/season_010/sheets/13smsrg2bgyxr_omjwcgr_sudr39bvojpnl5rpt4dsow_kader_1465731937.csv,https://docs.google.com/spreadsheets/d/13smsrG2BGYxr_omJWcgr-sUDr39bvOJPNL5RPt4DSow/edit#gid=1465731937,sheet_extracted,Hauptrundenkader aus Kader-Sheet
season_010,Regular Season,regular,Unbound Soul,unbound soul,Raizor,raizor,Turtok,turtok,6,Kader,data/raw/season_010/sheets/13smsrg2bgyxr_omjwcgr_sudr39bvojpnl5rpt4dsow_kader_1465731937.csv,https://docs.google.com/spreadsheets/d/13smsrG2BGYxr_omJWcgr-sUDr39bvOJPNL5RPt4DSow/edit#gid=1465731937,sheet_extracted,Hauptrundenkader aus Kader-Sheet
season_010,Regular Season,regular,Unbound Soul,unbound soul,Raizor,raizor,Cupidos-T,cupidos t,7,Kader,data/raw/season_010/sheets/13smsrg2bgyxr_omjwcgr_sudr39bvojpnl5rpt4dsow_kader_1465731937.csv,https://docs.google.com/spreadsheets/d/13smsrG2BGYxr_omJWcgr-sUDr39bvOJPNL5RPt4DSow/edit#gid=1465731937,sheet_extracted,Hauptrundenkader aus Kader-Sheet
season_010,Regular Season,regular,Unbound Soul,unbound soul,Raizor,raizor,Voltrean,voltrean,8,Kader,data/raw/season_010/sheets/13smsrg2bgyxr_omjwcgr_sudr39bvojpnl5rpt4dsow_kader_1465731937.csv,https://docs.google.com/spreadsheets/d/13smsrG2BGYxr_omJWcgr-sUDr39bvOJPNL5RPt4DSow/edit#gid=1465731937,sheet_extracted,Hauptrundenkader aus Kader-Sheet
season_010,Regular Season,regular,Unbound Soul,unbound soul,Raizor,raizor,Silvarro,silvarro,9,Kader,data/raw/season_010/sheets/13smsrg2bgyxr_omjwcgr_sudr39bvojpnl5rpt4dsow_kader_1465731937.csv,https://docs.google.com/spreadsheets/d/13smsrG2BGYxr_omJWcgr-sUDr39bvOJPNL5RPt4DSow/edit#gid=1465731937,sheet_extracted,Hauptrundenkader aus Kader-Sheet
season_010,Regular Season,regular,Unbound Soul,unbound soul,Raizor,raizor,Alola-Snobilikat,alola snobilikat,10,Kader,data/raw/season_010/sheets/13smsrg2bgyxr_omjwcgr_sudr39bvojpnl5rpt4dsow_kader_1465731937.csv,https://docs.google.com/spreadsheets/d/13smsrG2BGYxr_omJWcgr-sUDr39bvOJPNL5RPt4DSow/edit#gid=1465731937,sheet_extracted,Hauptrundenkader aus Kader-Sheet
season_010,Regular Season,regular,Unbound Soul,unbound soul,Raizor,raizor,Hisui-Arktilas,hisui arktilas,11,Kader,data/raw/season_010/sheets/13smsrg2bgyxr_omjwcgr_sudr39bvojpnl5rpt4dsow_kader_1465731937.csv,https://docs.google.com/spreadsheets/d/13smsrG2BGYxr_omJWcgr-sUDr39bvOJPNL5RPt4DSow/edit#gid=1465731937,sheet_extracted,Hauptrundenkader aus Kader-Sheet
season_010,Regular Season,regular,Choice Bandits,choice bandits,RobinVGC,robinvgc,Latios,latios,1,Kader,data/raw/season_010/sheets/13smsrg2bgyxr_omjwcgr_sudr39bvojpnl5rpt4dsow_kader_1465731937.csv,https://docs.google.com/spreadsheets/d/13smsrG2BGYxr_omJWcgr-sUDr39bvOJPNL5RPt4DSow/edit#gid=1465731937,sheet_extracted,Hauptrundenkader aus Kader-Sheet
season_010,Regular Season,regular,Choice Bandits,choice bandits,RobinVGC,robinvgc,Cupidos-I,cupidos i,2,Kader,data/raw/season_010/sheets/13smsrg2bgyxr_omjwcgr_sudr39bvojpnl5rpt4dsow_kader_1465731937.csv,https://docs.google.com/spreadsheets/d/13smsrG2BGYxr_omJWcgr-sUDr39bvOJPNL5RPt4DSow/edit#gid=1465731937,sheet_extracted,Hauptrundenkader aus Kader-Sheet
season_010,Regular Season,regular,Choice Bandits,choice bandits,RobinVGC,robinvgc,Fatalitcha,fatalitcha,3,Kader,data/raw/season_010/sheets/13smsrg2bgyxr_omjwcgr_sudr39bvojpnl5rpt4dsow_kader_1465731937.csv,https://docs.google.com/spreadsheets/d/13smsrG2BGYxr_omJWcgr-sUDr39bvOJPNL5RPt4DSow/edit#gid=1465731937,sheet_extracted,Hauptrundenkader aus Kader-Sheet
season_010,Regular Season,regular,Choice Bandits,choice bandits,RobinVGC,robinvgc,Wie-Shu,wie shu,4,Kader,data/raw/season_010/sheets/13smsrg2bgyxr_omjwcgr_sudr39bvojpnl5rpt4dsow_kader_1465731937.csv,https://docs.google.com/spreadsheets/d/13smsrG2BGYxr_omJWcgr-sUDr39bvOJPNL5RPt4DSow/edit#gid=1465731937,sheet_extracted,Hauptrundenkader aus Kader-Sheet
season_010,Regular Season,regular,Choice Bandits,choice bandits,RobinVGC,robinvgc,Raikou,raikou,5,Kader,data/raw/season_010/sheets/13smsrg2bgyxr_omjwcgr_sudr39bvojpnl5rpt4dsow_kader_1465731937.csv,https://docs.google.com/spreadsheets/d/13smsrG2BGYxr_omJWcgr-sUDr39bvOJPNL5RPt4DSow/edit#gid=1465731937,sheet_extracted,Hauptrundenkader aus Kader-Sheet
season_010,Regular Season,regular,Choice Bandits,choice bandits,RobinVGC,robinvgc,Rabigator,rabigator,6,Kader,data/raw/season_010/sheets/13smsrg2bgyxr_omjwcgr_sudr39bvojpnl5rpt4dsow_kader_1465731937.csv,https://docs.google.com/spreadsheets/d/13smsrG2BGYxr_omJWcgr-sUDr39bvOJPNL5RPt4DSow/edit#gid=1465731937,sheet_extracted,Hauptrundenkader aus Kader-Sheet
season_010,Regular Season,regular,Choice Bandits,choice bandits,RobinVGC,robinvgc,Aggrostella,aggrostella,7,Kader,data/raw/season_010/sheets/13smsrg2bgyxr_omjwcgr_sudr39bvojpnl5rpt4dsow_kader_1465731937.csv,https://docs.google.com/spreadsheets/d/13smsrG2BGYxr_omJWcgr-sUDr39bvOJPNL5RPt4DSow/edit#gid=1465731937,sheet_extracted,Hauptrundenkader aus Kader-Sheet
season_010,Regular Season,regular,Choice Bandits,choice bandits,RobinVGC,robinvgc,Registeel,registeel,8,Kader,data/raw/season_010/sheets/13smsrg2bgyxr_omjwcgr_sudr39bvojpnl5rpt4dsow_kader_1465731937.csv,https://docs.google.com/spreadsheets/d/13smsrG2BGYxr_omJWcgr-sUDr39bvOJPNL5RPt4DSow/edit#gid=1465731937,sheet_extracted,Hauptrundenkader aus Kader-Sheet
season_010,Regular Season,regular,Choice Bandits,choice bandits,RobinVGC,robinvgc,Montecarbo,montecarbo,9,Kader,data/raw/season_010/sheets/13smsrg2bgyxr_omjwcgr_sudr39bvojpnl5rpt4dsow_kader_1465731937.csv,https://docs.google.com/spreadsheets/d/13smsrG2BGYxr_omJWcgr-sUDr39bvOJPNL5RPt4DSow/edit#gid=1465731937,sheet_extracted,Hauptrundenkader aus Kader-Sheet
season_010,Regular Season,regular,Choice Bandits,choice bandits,RobinVGC,robinvgc,Illumise,illumise,10,Kader,data/raw/season_010/sheets/13smsrg2bgyxr_omjwcgr_sudr39bvojpnl5rpt4dsow_kader_1465731937.csv,https://docs.google.com/spreadsheets/d/13smsrG2BGYxr_omJWcgr-sUDr39bvOJPNL5RPt4DSow/edit#gid=1465731937,sheet_extracted,Hauptrundenkader aus Kader-Sheet
season_010,Regular Season,regular,Choice Bandits,choice bandits,RobinVGC,robinvgc,Kronjuwild,kronjuwild,11,Kader,data/raw/season_010/sheets/13smsrg2bgyxr_omjwcgr_sudr39bvojpnl5rpt4dsow_kader_1465731937.csv,https://docs.google.com/spreadsheets/d/13smsrG2BGYxr_omJWcgr-sUDr39bvOJPNL5RPt4DSow/edit#gid=1465731937,sheet_extracted,Hauptrundenkader aus Kader-Sheet
season_010,Regular Season,regular,Eon Engine,eon engine,Sirazoa,sirazoa,Riesenzahn,riesenzahn,1,Kader,data/raw/season_010/sheets/13smsrg2bgyxr_omjwcgr_sudr39bvojpnl5rpt4dsow_kader_1465731937.csv,https://docs.google.com/spreadsheets/d/13smsrG2BGYxr_omJWcgr-sUDr39bvOJPNL5RPt4DSow/edit#gid=1465731937,sheet_extracted,Hauptrundenkader aus Kader-Sheet
season_010,Regular Season,regular,Eon Engine,eon engine,Sirazoa,sirazoa,Jirachi,jirachi,2,Kader,data/raw/season_010/sheets/13smsrg2bgyxr_omjwcgr_sudr39bvojpnl5rpt4dsow_kader_1465731937.csv,https://docs.google.com/spreadsheets/d/13smsrG2BGYxr_omJWcgr-sUDr39bvOJPNL5RPt4DSow/edit#gid=1465731937,sheet_extracted,Hauptrundenkader aus Kader-Sheet
season_010,Regular Season,regular,Eon Engine,eon engine,Sirazoa,sirazoa,Alola-Vulnona,alola vulnona,3,Kader,data/raw/season_010/sheets/13smsrg2bgyxr_omjwcgr_sudr39bvojpnl5rpt4dsow_kader_1465731937.csv,https://docs.google.com/spreadsheets/d/13smsrG2BGYxr_omJWcgr-sUDr39bvOJPNL5RPt4DSow/edit#gid=1465731937,sheet_extracted,Hauptrundenkader aus Kader-Sheet
season_010,Regular Season,regular,Eon Engine,eon engine,Sirazoa,sirazoa,Brutalanda,brutalanda,4,Kader,data/raw/season_010/sheets/13smsrg2bgyxr_omjwcgr_sudr39bvojpnl5rpt4dsow_kader_1465731937.csv,https://docs.google.com/spreadsheets/d/13smsrG2BGYxr_omJWcgr-sUDr39bvOJPNL5RPt4DSow/edit#gid=1465731937,sheet_extracted,Hauptrundenkader aus Kader-Sheet
season_010,Regular Season,regular,Eon Engine,eon engine,Sirazoa,sirazoa,Volcanion,volcanion,5,Kader,data/raw/season_010/sheets/13smsrg2bgyxr_omjwcgr_sudr39bvojpnl5rpt4dsow_kader_1465731937.csv,https://docs.google.com/spreadsheets/d/13smsrG2BGYxr_omJWcgr-sUDr39bvOJPNL5RPt4DSow/edit#gid=1465731937,sheet_extracted,Hauptrundenkader aus Kader-Sheet
season_010,Regular Season,regular,Eon Engine,eon engine,Sirazoa,sirazoa,Aquana,aquana,6,Kader,data/raw/season_010/sheets/13smsrg2bgyxr_omjwcgr_sudr39bvojpnl5rpt4dsow_kader_1465731937.csv,https://docs.google.com/spreadsheets/d/13smsrG2BGYxr_omJWcgr-sUDr39bvOJPNL5RPt4DSow/edit#gid=1465731937,sheet_extracted,Hauptrundenkader aus Kader-Sheet
season_010,Regular Season,regular,Eon Engine,eon engine,Sirazoa,sirazoa,Riffex,riffex,7,Kader,data/raw/season_010/sheets/13smsrg2bgyxr_omjwcgr_sudr39bvojpnl5rpt4dsow_kader_1465731937.csv,https://docs.google.com/spreadsheets/d/13smsrG2BGYxr_omJWcgr-sUDr39bvOJPNL5RPt4DSow/edit#gid=1465731937,sheet_extracted,Hauptrundenkader aus Kader-Sheet
season_010,Regular Season,regular,Eon Engine,eon engine,Sirazoa,sirazoa,Kolowal,kolowal,8,Kader,data/raw/season_010/sheets/13smsrg2bgyxr_omjwcgr_sudr39bvojpnl5rpt4dsow_kader_1465731937.csv,https://docs.google.com/spreadsheets/d/13smsrG2BGYxr_omJWcgr-sUDr39bvOJPNL5RPt4DSow/edit#gid=1465731937,sheet_extracted,Hauptrundenkader aus Kader-Sheet
season_010,Regular Season,regular,Eon Engine,eon engine,Sirazoa,sirazoa,Chimstix,chimstix,9,Kader,data/raw/season_010/sheets/13smsrg2bgyxr_omjwcgr_sudr39bvojpnl5rpt4dsow_kader_1465731937.csv,https://docs.google.com/spreadsheets/d/13smsrG2BGYxr_omJWcgr-sUDr39bvOJPNL5RPt4DSow/edit#gid=1465731937,sheet_extracted,Hauptrundenkader aus Kader-Sheet
season_010,Regular Season,regular,Eon Engine,eon engine,Sirazoa,sirazoa,Skorgla,skorgla,10,Kader,data/raw/season_010/sheets/13smsrg2bgyxr_omjwcgr_sudr39bvojpnl5rpt4dsow_kader_1465731937.csv,https://docs.google.com/spreadsheets/d/13smsrG2BGYxr_omJWcgr-sUDr39bvOJPNL5RPt4DSow/edit#gid=1465731937,sheet_extracted,Hauptrundenkader aus Kader-Sheet
season_010,Regular Season,regular,Eon Engine,eon engine,Sirazoa,sirazoa,Morpeko,morpeko,11,Kader,data/raw/season_010/sheets/13smsrg2bgyxr_omjwcgr_sudr39bvojpnl5rpt4dsow_kader_1465731937.csv,https://docs.google.com/spreadsheets/d/13smsrG2BGYxr_omJWcgr-sUDr39bvOJPNL5RPt4DSow/edit#gid=1465731937,sheet_extracted,Hauptrundenkader aus Kader-Sheet
season_010,Regular Season,regular,Corvi Crushers,corvi crushers,Snomnie,snomnie,Ogerpon-Wasser,ogerpon wasser,1,Kader,data/raw/season_010/sheets/13smsrg2bgyxr_omjwcgr_sudr39bvojpnl5rpt4dsow_kader_1465731937.csv,https://docs.google.com/spreadsheets/d/13smsrG2BGYxr_omJWcgr-sUDr39bvOJPNL5RPt4DSow/edit#gid=1465731937,sheet_extracted,Hauptrundenkader aus Kader-Sheet
season_010,Regular Season,regular,Corvi Crushers,corvi crushers,Snomnie,snomnie,Liberlo,liberlo,2,Kader,data/raw/season_010/sheets/13smsrg2bgyxr_omjwcgr_sudr39bvojpnl5rpt4dsow_kader_1465731937.csv,https://docs.google.com/spreadsheets/d/13smsrG2BGYxr_omJWcgr-sUDr39bvOJPNL5RPt4DSow/edit#gid=1465731937,sheet_extracted,Hauptrundenkader aus Kader-Sheet
season_010,Regular Season,regular,Corvi Crushers,corvi crushers,Snomnie,snomnie,Trikephalo,trikephalo,3,Kader,data/raw/season_010/sheets/13smsrg2bgyxr_omjwcgr_sudr39bvojpnl5rpt4dsow_kader_1465731937.csv,https://docs.google.com/spreadsheets/d/13smsrG2BGYxr_omJWcgr-sUDr39bvOJPNL5RPt4DSow/edit#gid=1465731937,sheet_extracted,Hauptrundenkader aus Kader-Sheet
season_010,Regular Season,regular,Corvi Crushers,corvi crushers,Snomnie,snomnie,Infamomo,infamomo,4,Kader,data/raw/season_010/sheets/13smsrg2bgyxr_omjwcgr_sudr39bvojpnl5rpt4dsow_kader_1465731937.csv,https://docs.google.com/spreadsheets/d/13smsrG2BGYxr_omJWcgr-sUDr39bvOJPNL5RPt4DSow/edit#gid=1465731937,sheet_extracted,Hauptrundenkader aus Kader-Sheet
season_010,Regular Season,regular,Corvi Crushers,corvi crushers,Snomnie,snomnie,Regieleki,regieleki,5,Kader,data/raw/season_010/sheets/13smsrg2bgyxr_omjwcgr_sudr39bvojpnl5rpt4dsow_kader_1465731937.csv,https://docs.google.com/spreadsheets/d/13smsrG2BGYxr_omJWcgr-sUDr39bvOJPNL5RPt4DSow/edit#gid=1465731937,sheet_extracted,Hauptrundenkader aus Kader-Sheet
season_010,Regular Season,regular,Corvi Crushers,corvi crushers,Snomnie,snomnie,Florges,florges,6,Kader,data/raw/season_010/sheets/13smsrg2bgyxr_omjwcgr_sudr39bvojpnl5rpt4dsow_kader_1465731937.csv,https://docs.google.com/spreadsheets/d/13smsrG2BGYxr_omJWcgr-sUDr39bvOJPNL5RPt4DSow/edit#gid=1465731937,sheet_extracted,Hauptrundenkader aus Kader-Sheet
season_010,Regular Season,regular,Corvi Crushers,corvi crushers,Snomnie,snomnie,Schlurm,schlurm,7,Kader,data/raw/season_010/sheets/13smsrg2bgyxr_omjwcgr_sudr39bvojpnl5rpt4dsow_kader_1465731937.csv,https://docs.google.com/spreadsheets/d/13smsrG2BGYxr_omJWcgr-sUDr39bvOJPNL5RPt4DSow/edit#gid=1465731937,sheet_extracted,Hauptrundenkader aus Kader-Sheet
season_010,Regular Season,regular,Corvi Crushers,corvi crushers,Snomnie,snomnie,Meloetta,meloetta,8,Kader,data/raw/season_010/sheets/13smsrg2bgyxr_omjwcgr_sudr39bvojpnl5rpt4dsow_kader_1465731937.csv,https://docs.google.com/spreadsheets/d/13smsrG2BGYxr_omJWcgr-sUDr39bvOJPNL5RPt4DSow/edit#gid=1465731937,sheet_extracted,Hauptrundenkader aus Kader-Sheet
season_010,Regular Season,regular,Corvi Crushers,corvi crushers,Snomnie,snomnie,Golgantes,golgantes,9,Kader,data/raw/season_010/sheets/13smsrg2bgyxr_omjwcgr_sudr39bvojpnl5rpt4dsow_kader_1465731937.csv,https://docs.google.com/spreadsheets/d/13smsrG2BGYxr_omJWcgr-sUDr39bvOJPNL5RPt4DSow/edit#gid=1465731937,sheet_extracted,Hauptrundenkader aus Kader-Sheet
season_010,Regular Season,regular,Corvi Crushers,corvi crushers,Snomnie,snomnie,Arktos,arktos,10,Kader,data/raw/season_010/sheets/13smsrg2bgyxr_omjwcgr_sudr39bvojpnl5rpt4dsow_kader_1465731937.csv,https://docs.google.com/spreadsheets/d/13smsrG2BGYxr_omJWcgr-sUDr39bvOJPNL5RPt4DSow/edit#gid=1465731937,sheet_extracted,Hauptrundenkader aus Kader-Sheet
season_010,Regular Season,regular,Corvi Crushers,corvi crushers,Snomnie,snomnie,Nockchan,nockchan,11,Kader,data/raw/season_010/sheets/13smsrg2bgyxr_omjwcgr_sudr39bvojpnl5rpt4dsow_kader_1465731937.csv,https://docs.google.com/spreadsheets/d/13smsrG2BGYxr_omJWcgr-sUDr39bvOJPNL5RPt4DSow/edit#gid=1465731937,sheet_extracted,Hauptrundenkader aus Kader-Sheet
season_010,Playoffs,playoffs,Wackel Backel,wackel backel,Bene,bene,Ogerpon-Gestein,ogerpon gestein,1,Playoffs Kader,data/raw/season_010/sheets/13smsrg2bgyxr_omjwcgr_sudr39bvojpnl5rpt4dsow_playoffs_kader_1953790464.csv,https://docs.google.com/spreadsheets/d/13smsrG2BGYxr_omJWcgr-sUDr39bvOJPNL5RPt4DSow/edit#gid=1953790464,sheet_extracted,Playoffkader nach Playoffdraft
season_010,Playoffs,playoffs,Wackel Backel,wackel backel,Bene,bene,Voltolos-I,voltolos i,2,Playoffs Kader,data/raw/season_010/sheets/13smsrg2bgyxr_omjwcgr_sudr39bvojpnl5rpt4dsow_playoffs_kader_1953790464.csv,https://docs.google.com/spreadsheets/d/13smsrG2BGYxr_omJWcgr-sUDr39bvOJPNL5RPt4DSow/edit#gid=1953790464,sheet_extracted,Playoffkader nach Playoffdraft
season_010,Playoffs,playoffs,Wackel Backel,wackel backel,Bene,bene,Eisenrad,eisenrad,3,Playoffs Kader,data/raw/season_010/sheets/13smsrg2bgyxr_omjwcgr_sudr39bvojpnl5rpt4dsow_playoffs_kader_1953790464.csv,https://docs.google.com/spreadsheets/d/13smsrG2BGYxr_omJWcgr-sUDr39bvOJPNL5RPt4DSow/edit#gid=1953790464,sheet_extracted,Playoffkader nach Playoffdraft
season_010,Playoffs,playoffs,Wackel Backel,wackel backel,Bene,bene,Volcanion,volcanion,4,Playoffs Kader,data/raw/season_010/sheets/13smsrg2bgyxr_omjwcgr_sudr39bvojpnl5rpt4dsow_playoffs_kader_1953790464.csv,https://docs.google.com/spreadsheets/d/13smsrG2BGYxr_omJWcgr-sUDr39bvOJPNL5RPt4DSow/edit#gid=1953790464,sheet_extracted,Playoffkader nach Playoffdraft
season_010,Playoffs,playoffs,Wackel Backel,wackel backel,Bene,bene,Pixi,pixi,5,Playoffs Kader,data/raw/season_010/sheets/13smsrg2bgyxr_omjwcgr_sudr39bvojpnl5rpt4dsow_playoffs_kader_1953790464.csv,https://docs.google.com/spreadsheets/d/13smsrG2BGYxr_omJWcgr-sUDr39bvOJPNL5RPt4DSow/edit#gid=1953790464,sheet_extracted,Playoffkader nach Playoffdraft
season_010,Playoffs,playoffs,Wackel Backel,wackel backel,Bene,bene,UHaFnir,uhafnir,6,Playoffs Kader,data/raw/season_010/sheets/13smsrg2bgyxr_omjwcgr_sudr39bvojpnl5rpt4dsow_playoffs_kader_1953790464.csv,https://docs.google.com/spreadsheets/d/13smsrG2BGYxr_omJWcgr-sUDr39bvOJPNL5RPt4DSow/edit#gid=1953790464,sheet_extracted,Playoffkader nach Playoffdraft
season_010,Playoffs,playoffs,Wackel Backel,wackel backel,Bene,bene,Selfe,selfe,7,Playoffs Kader,data/raw/season_010/sheets/13smsrg2bgyxr_omjwcgr_sudr39bvojpnl5rpt4dsow_playoffs_kader_1953790464.csv,https://docs.google.com/spreadsheets/d/13smsrG2BGYxr_omJWcgr-sUDr39bvOJPNL5RPt4DSow/edit#gid=1953790464,sheet_extracted,Playoffkader nach Playoffdraft
season_010,Playoffs,playoffs,Wackel Backel,wackel backel,Bene,bene,Amfira,amfira,8,Playoffs Kader,data/raw/season_010/sheets/13smsrg2bgyxr_omjwcgr_sudr39bvojpnl5rpt4dsow_playoffs_kader_1953790464.csv,https://docs.google.com/spreadsheets/d/13smsrG2BGYxr_omJWcgr-sUDr39bvOJPNL5RPt4DSow/edit#gid=1953790464,sheet_extracted,Playoffkader nach Playoffdraft
season_010,Playoffs,playoffs,Wackel Backel,wackel backel,Bene,bene,Caesurio,caesurio,9,Playoffs Kader,data/raw/season_010/sheets/13smsrg2bgyxr_omjwcgr_sudr39bvojpnl5rpt4dsow_playoffs_kader_1953790464.csv,https://docs.google.com/spreadsheets/d/13smsrG2BGYxr_omJWcgr-sUDr39bvOJPNL5RPt4DSow/edit#gid=1953790464,sheet_extracted,Playoffkader nach Playoffdraft
season_010,Playoffs,playoffs,Wackel Backel,wackel backel,Bene,bene,Gastrodon,gastrodon,10,Playoffs Kader,data/raw/season_010/sheets/13smsrg2bgyxr_omjwcgr_sudr39bvojpnl5rpt4dsow_playoffs_kader_1953790464.csv,https://docs.google.com/spreadsheets/d/13smsrG2BGYxr_omJWcgr-sUDr39bvOJPNL5RPt4DSow/edit#gid=1953790464,sheet_extracted,Playoffkader nach Playoffdraft
season_010,Playoffs,playoffs,Wackel Backel,wackel backel,Bene,bene,Giflor,giflor,11,Playoffs Kader,data/raw/season_010/sheets/13smsrg2bgyxr_omjwcgr_sudr39bvojpnl5rpt4dsow_playoffs_kader_1953790464.csv,https://docs.google.com/spreadsheets/d/13smsrG2BGYxr_omJWcgr-sUDr39bvOJPNL5RPt4DSow/edit#gid=1953790464,sheet_extracted,Playoffkader nach Playoffdraft
season_010,Playoffs,playoffs,Wackel Backel,wackel backel,Bene,bene,Demeteros-I,demeteros i,12,Playoffs Kader,data/raw/season_010/sheets/13smsrg2bgyxr_omjwcgr_sudr39bvojpnl5rpt4dsow_playoffs_kader_1953790464.csv,https://docs.google.com/spreadsheets/d/13smsrG2BGYxr_omJWcgr-sUDr39bvOJPNL5RPt4DSow/edit#gid=1953790464,sheet_extracted,Playoffkader nach Playoffdraft
season_010,Playoffs,playoffs,Wackel Backel,wackel backel,Bene,bene,Deoxys-Geschwindigkeit,deoxys geschwindigkeit,13,Playoffs Kader,data/raw/season_010/sheets/13smsrg2bgyxr_omjwcgr_sudr39bvojpnl5rpt4dsow_playoffs_kader_1953790464.csv,https://docs.google.com/spreadsheets/d/13smsrG2BGYxr_omJWcgr-sUDr39bvOJPNL5RPt4DSow/edit#gid=1953790464,sheet_extracted,Playoffkader nach Playoffdraft
season_010,Playoffs,playoffs,Wackel Backel,wackel backel,Bene,bene,Bailonda,bailonda,14,Playoffs Kader,data/raw/season_010/sheets/13smsrg2bgyxr_omjwcgr_sudr39bvojpnl5rpt4dsow_playoffs_kader_1953790464.csv,https://docs.google.com/spreadsheets/d/13smsrG2BGYxr_omJWcgr-sUDr39bvOJPNL5RPt4DSow/edit#gid=1953790464,sheet_extracted,Playoffkader nach Playoffdraft
season_010,Playoffs,playoffs,Wackel Backel,wackel backel,Bene,bene,Granforgita,granforgita,15,Playoffs Kader,data/raw/season_010/sheets/13smsrg2bgyxr_omjwcgr_sudr39bvojpnl5rpt4dsow_playoffs_kader_1953790464.csv,https://docs.google.com/spreadsheets/d/13smsrG2BGYxr_omJWcgr-sUDr39bvOJPNL5RPt4DSow/edit#gid=1953790464,sheet_extracted,Playoffkader nach Playoffdraft
season_010,Playoffs,playoffs,Wackel Backel,wackel backel,Bene,bene,Bronzong,bronzong,16,Playoffs Kader,data/raw/season_010/sheets/13smsrg2bgyxr_omjwcgr_sudr39bvojpnl5rpt4dsow_playoffs_kader_1953790464.csv,https://docs.google.com/spreadsheets/d/13smsrG2BGYxr_omJWcgr-sUDr39bvOJPNL5RPt4DSow/edit#gid=1953790464,sheet_extracted,Playoffkader nach Playoffdraft
season_010,Playoffs,playoffs,Pfundskerle,pfundskerle,Dauni Daunstar,dauni daunstar,Donnersichel,donnersichel,1,Playoffs Kader,data/raw/season_010/sheets/13smsrg2bgyxr_omjwcgr_sudr39bvojpnl5rpt4dsow_playoffs_kader_1953790464.csv,https://docs.google.com/spreadsheets/d/13smsrG2BGYxr_omJWcgr-sUDr39bvOJPNL5RPt4DSow/edit#gid=1953790464,sheet_extracted,Playoffkader nach Playoffdraft
season_010,Playoffs,playoffs,Pfundskerle,pfundskerle,Dauni Daunstar,dauni daunstar,Ogerpon,ogerpon,2,Playoffs Kader,data/raw/season_010/sheets/13smsrg2bgyxr_omjwcgr_sudr39bvojpnl5rpt4dsow_playoffs_kader_1953790464.csv,https://docs.google.com/spreadsheets/d/13smsrG2BGYxr_omJWcgr-sUDr39bvOJPNL5RPt4DSow/edit#gid=1953790464,sheet_extracted,Playoffkader nach Playoffdraft
season_010,Playoffs,playoffs,Pfundskerle,pfundskerle,Dauni Daunstar,dauni daunstar,Primarene,primarene,3,Playoffs Kader,data/raw/season_010/sheets/13smsrg2bgyxr_omjwcgr_sudr39bvojpnl5rpt4dsow_playoffs_kader_1953790464.csv,https://docs.google.com/spreadsheets/d/13smsrG2BGYxr_omJWcgr-sUDr39bvOJPNL5RPt4DSow/edit#gid=1953790464,sheet_extracted,Playoffkader nach Playoffdraft
season_010,Playoffs,playoffs,Pfundskerle,pfundskerle,Dauni Daunstar,dauni daunstar,Krarmor,krarmor,4,Playoffs Kader,data/raw/season_010/sheets/13smsrg2bgyxr_omjwcgr_sudr39bvojpnl5rpt4dsow_playoffs_kader_1953790464.csv,https://docs.google.com/spreadsheets/d/13smsrG2BGYxr_omJWcgr-sUDr39bvOJPNL5RPt4DSow/edit#gid=1953790464,sheet_extracted,Playoffkader nach Playoffdraft
season_010,Playoffs,playoffs,Pfundskerle,pfundskerle,Dauni Daunstar,dauni daunstar,Terrakium,terrakium,5,Playoffs Kader,data/raw/season_010/sheets/13smsrg2bgyxr_omjwcgr_sudr39bvojpnl5rpt4dsow_playoffs_kader_1953790464.csv,https://docs.google.com/spreadsheets/d/13smsrG2BGYxr_omJWcgr-sUDr39bvOJPNL5RPt4DSow/edit#gid=1953790464,sheet_extracted,Playoffkader nach Playoffdraft
season_010,Playoffs,playoffs,Pfundskerle,pfundskerle,Dauni Daunstar,dauni daunstar,Sandfell,sandfell,6,Playoffs Kader,data/raw/season_010/sheets/13smsrg2bgyxr_omjwcgr_sudr39bvojpnl5rpt4dsow_playoffs_kader_1953790464.csv,https://docs.google.com/spreadsheets/d/13smsrG2BGYxr_omJWcgr-sUDr39bvOJPNL5RPt4DSow/edit#gid=1953790464,sheet_extracted,Playoffkader nach Playoffdraft
season_010,Playoffs,playoffs,Pfundskerle,pfundskerle,Dauni Daunstar,dauni daunstar,Crimanzo,crimanzo,7,Playoffs Kader,data/raw/season_010/sheets/13smsrg2bgyxr_omjwcgr_sudr39bvojpnl5rpt4dsow_playoffs_kader_1953790464.csv,https://docs.google.com/spreadsheets/d/13smsrG2BGYxr_omJWcgr-sUDr39bvOJPNL5RPt4DSow/edit#gid=1953790464,sheet_extracted,Playoffkader nach Playoffdraft
season_010,Playoffs,playoffs,Pfundskerle,pfundskerle,Dauni Daunstar,dauni daunstar,Zobiris,zobiris,8,Playoffs Kader,data/raw/season_010/sheets/13smsrg2bgyxr_omjwcgr_sudr39bvojpnl5rpt4dsow_playoffs_kader_1953790464.csv,https://docs.google.com/spreadsheets/d/13smsrG2BGYxr_omJWcgr-sUDr39bvOJPNL5RPt4DSow/edit#gid=1953790464,sheet_extracted,Playoffkader nach Playoffdraft
season_010,Playoffs,playoffs,Pfundskerle,pfundskerle,Dauni Daunstar,dauni daunstar,Trombork,trombork,9,Playoffs Kader,data/raw/season_010/sheets/13smsrg2bgyxr_omjwcgr_sudr39bvojpnl5rpt4dsow_playoffs_kader_1953790464.csv,https://docs.google.com/spreadsheets/d/13smsrG2BGYxr_omJWcgr-sUDr39bvOJPNL5RPt4DSow/edit#gid=1953790464,sheet_extracted,Playoffkader nach Playoffdraft
season_010,Playoffs,playoffs,Pfundskerle,pfundskerle,Dauni Daunstar,dauni daunstar,Vesprit,vesprit,10,Playoffs Kader,data/raw/season_010/sheets/13smsrg2bgyxr_omjwcgr_sudr39bvojpnl5rpt4dsow_playoffs_kader_1953790464.csv,https://docs.google.com/spreadsheets/d/13smsrG2BGYxr_omJWcgr-sUDr39bvOJPNL5RPt4DSow/edit#gid=1953790464,sheet_extracted,Playoffkader nach Playoffdraft
season_010,Playoffs,playoffs,Pfundskerle,pfundskerle,Dauni Daunstar,dauni daunstar,Ambidiffel,ambidiffel,11,Playoffs Kader,data/raw/season_010/sheets/13smsrg2bgyxr_omjwcgr_sudr39bvojpnl5rpt4dsow_playoffs_kader_1953790464.csv,https://docs.google.com/spreadsheets/d/13smsrG2BGYxr_omJWcgr-sUDr39bvOJPNL5RPt4DSow/edit#gid=1953790464,sheet_extracted,Playoffkader nach Playoffdraft
season_010,Playoffs,playoffs,Pfundskerle,pfundskerle,Dauni Daunstar,dauni daunstar,Tenterra,tenterra,12,Playoffs Kader,data/raw/season_010/sheets/13smsrg2bgyxr_omjwcgr_sudr39bvojpnl5rpt4dsow_playoffs_kader_1953790464.csv,https://docs.google.com/spreadsheets/d/13smsrG2BGYxr_omJWcgr-sUDr39bvOJPNL5RPt4DSow/edit#gid=1953790464,sheet_extracted,Playoffkader nach Playoffdraft
season_010,Playoffs,playoffs,Pfundskerle,pfundskerle,Dauni Daunstar,dauni daunstar,Scherox,scherox,13,Playoffs Kader,data/raw/season_010/sheets/13smsrg2bgyxr_omjwcgr_sudr39bvojpnl5rpt4dsow_playoffs_kader_1953790464.csv,https://docs.google.com/spreadsheets/d/13smsrG2BGYxr_omJWcgr-sUDr39bvOJPNL5RPt4DSow/edit#gid=1953790464,sheet_extracted,Playoffkader nach Playoffdraft
season_010,Playoffs,playoffs,Pfundskerle,pfundskerle,Dauni Daunstar,dauni daunstar,Myriador,myriador,14,Playoffs Kader,data/raw/season_010/sheets/13smsrg2bgyxr_omjwcgr_sudr39bvojpnl5rpt4dsow_playoffs_kader_1953790464.csv,https://docs.google.com/spreadsheets/d/13smsrG2BGYxr_omJWcgr-sUDr39bvOJPNL5RPt4DSow/edit#gid=1953790464,sheet_extracted,Playoffkader nach Playoffdraft
season_010,Playoffs,playoffs,Pfundskerle,pfundskerle,Dauni Daunstar,dauni daunstar,Zapdos,zapdos,15,Playoffs Kader,data/raw/season_010/sheets/13smsrg2bgyxr_omjwcgr_sudr39bvojpnl5rpt4dsow_playoffs_kader_1953790464.csv,https://docs.google.com/spreadsheets/d/13smsrG2BGYxr_omJWcgr-sUDr39bvOJPNL5RPt4DSow/edit#gid=1953790464,sheet_extracted,Playoffkader nach Playoffdraft
season_010,Playoffs,playoffs,Throes Mad,throes mad,Minetube,minetube,Ramoth,ramoth,1,Playoffs Kader,data/raw/season_010/sheets/13smsrg2bgyxr_omjwcgr_sudr39bvojpnl5rpt4dsow_playoffs_kader_1953790464.csv,https://docs.google.com/spreadsheets/d/13smsrG2BGYxr_omJWcgr-sUDr39bvOJPNL5RPt4DSow/edit#gid=1953790464,sheet_extracted,Playoffkader nach Playoffdraft
season_010,Playoffs,playoffs,Throes Mad,throes mad,Minetube,minetube,Maskagato,maskagato,2,Playoffs Kader,data/raw/season_010/sheets/13smsrg2bgyxr_omjwcgr_sudr39bvojpnl5rpt4dsow_playoffs_kader_1953790464.csv,https://docs.google.com/spreadsheets/d/13smsrG2BGYxr_omJWcgr-sUDr39bvOJPNL5RPt4DSow/edit#gid=1953790464,sheet_extracted,Playoffkader nach Playoffdraft
season_010,Playoffs,playoffs,Throes Mad,throes mad,Minetube,minetube,Despotar,despotar,3,Playoffs Kader,data/raw/season_010/sheets/13smsrg2bgyxr_omjwcgr_sudr39bvojpnl5rpt4dsow_playoffs_kader_1953790464.csv,https://docs.google.com/spreadsheets/d/13smsrG2BGYxr_omJWcgr-sUDr39bvOJPNL5RPt4DSow/edit#gid=1953790464,sheet_extracted,Playoffkader nach Playoffdraft
season_010,Playoffs,playoffs,Throes Mad,throes mad,Minetube,minetube,Grandiras,grandiras,4,Playoffs Kader,data/raw/season_010/sheets/13smsrg2bgyxr_omjwcgr_sudr39bvojpnl5rpt4dsow_playoffs_kader_1953790464.csv,https://docs.google.com/spreadsheets/d/13smsrG2BGYxr_omJWcgr-sUDr39bvOJPNL5RPt4DSow/edit#gid=1953790464,sheet_extracted,Playoffkader nach Playoffdraft
season_010,Playoffs,playoffs,Throes Mad,throes mad,Minetube,minetube,Stalobor,stalobor,5,Playoffs Kader,data/raw/season_010/sheets/13smsrg2bgyxr_omjwcgr_sudr39bvojpnl5rpt4dsow_playoffs_kader_1953790464.csv,https://docs.google.com/spreadsheets/d/13smsrG2BGYxr_omJWcgr-sUDr39bvOJPNL5RPt4DSow/edit#gid=1953790464,sheet_extracted,Playoffkader nach Playoffdraft
season_010,Playoffs,playoffs,Throes Mad,throes mad,Minetube,minetube,Milotic,milotic,6,Playoffs Kader,data/raw/season_010/sheets/13smsrg2bgyxr_omjwcgr_sudr39bvojpnl5rpt4dsow_playoffs_kader_1953790464.csv,https://docs.google.com/spreadsheets/d/13smsrG2BGYxr_omJWcgr-sUDr39bvOJPNL5RPt4DSow/edit#gid=1953790464,sheet_extracted,Playoffkader nach Playoffdraft
season_010,Playoffs,playoffs,Throes Mad,throes mad,Minetube,minetube,Panzaeron,panzaeron,7,Playoffs Kader,data/raw/season_010/sheets/13smsrg2bgyxr_omjwcgr_sudr39bvojpnl5rpt4dsow_playoffs_kader_1953790464.csv,https://docs.google.com/spreadsheets/d/13smsrG2BGYxr_omJWcgr-sUDr39bvOJPNL5RPt4DSow/edit#gid=1953790464,sheet_extracted,Playoffkader nach Playoffdraft
season_010,Playoffs,playoffs,Throes Mad,throes mad,Minetube,minetube,Curelei,curelei,8,Playoffs Kader,data/raw/season_010/sheets/13smsrg2bgyxr_omjwcgr_sudr39bvojpnl5rpt4dsow_playoffs_kader_1953790464.csv,https://docs.google.com/spreadsheets/d/13smsrG2BGYxr_omJWcgr-sUDr39bvOJPNL5RPt4DSow/edit#gid=1953790464,sheet_extracted,Playoffkader nach Playoffdraft
season_010,Playoffs,playoffs,Throes Mad,throes mad,Minetube,minetube,Drifzepeli,drifzepeli,9,Playoffs Kader,data/raw/season_010/sheets/13smsrg2bgyxr_omjwcgr_sudr39bvojpnl5rpt4dsow_playoffs_kader_1953790464.csv,https://docs.google.com/spreadsheets/d/13smsrG2BGYxr_omJWcgr-sUDr39bvOJPNL5RPt4DSow/edit#gid=1953790464,sheet_extracted,Playoffkader nach Playoffdraft
season_010,Playoffs,playoffs,Throes Mad,throes mad,Minetube,minetube,Toxiquak,toxiquak,10,Playoffs Kader,data/raw/season_010/sheets/13smsrg2bgyxr_omjwcgr_sudr39bvojpnl5rpt4dsow_playoffs_kader_1953790464.csv,https://docs.google.com/spreadsheets/d/13smsrG2BGYxr_omJWcgr-sUDr39bvOJPNL5RPt4DSow/edit#gid=1953790464,sheet_extracted,Playoffkader nach Playoffdraft
season_010,Playoffs,playoffs,Throes Mad,throes mad,Minetube,minetube,Elevoltek,elevoltek,11,Playoffs Kader,data/raw/season_010/sheets/13smsrg2bgyxr_omjwcgr_sudr39bvojpnl5rpt4dsow_playoffs_kader_1953790464.csv,https://docs.google.com/spreadsheets/d/13smsrG2BGYxr_omJWcgr-sUDr39bvOJPNL5RPt4DSow/edit#gid=1953790464,sheet_extracted,Playoffkader nach Playoffdraft
season_010,Playoffs,playoffs,Throes Mad,throes mad,Minetube,minetube,Mew,mew,12,Playoffs Kader,data/raw/season_010/sheets/13smsrg2bgyxr_omjwcgr_sudr39bvojpnl5rpt4dsow_playoffs_kader_1953790464.csv,https://docs.google.com/spreadsheets/d/13smsrG2BGYxr_omJWcgr-sUDr39bvOJPNL5RPt4DSow/edit#gid=1953790464,sheet_extracted,Playoffkader nach Playoffdraft
season_010,Playoffs,playoffs,Throes Mad,throes mad,Minetube,minetube,Affiti,affiti,13,Playoffs Kader,data/raw/season_010/sheets/13smsrg2bgyxr_omjwcgr_sudr39bvojpnl5rpt4dsow_playoffs_kader_1953790464.csv,https://docs.google.com/spreadsheets/d/13smsrG2BGYxr_omJWcgr-sUDr39bvOJPNL5RPt4DSow/edit#gid=1953790464,sheet_extracted,Playoffkader nach Playoffdraft
season_010,Playoffs,playoffs,Throes Mad,throes mad,Minetube,minetube,Traunfugil,traunfugil,14,Playoffs Kader,data/raw/season_010/sheets/13smsrg2bgyxr_omjwcgr_sudr39bvojpnl5rpt4dsow_playoffs_kader_1953790464.csv,https://docs.google.com/spreadsheets/d/13smsrG2BGYxr_omJWcgr-sUDr39bvOJPNL5RPt4DSow/edit#gid=1953790464,sheet_extracted,Playoffkader nach Playoffdraft
season_010,Playoffs,playoffs,Böller Brüder,boeller brueder,Nestfloh,nestfloh,Katapuldra,katapuldra,1,Playoffs Kader,data/raw/season_010/sheets/13smsrg2bgyxr_omjwcgr_sudr39bvojpnl5rpt4dsow_playoffs_kader_1953790464.csv,https://docs.google.com/spreadsheets/d/13smsrG2BGYxr_omJWcgr-sUDr39bvOJPNL5RPt4DSow/edit#gid=1953790464,sheet_extracted,Playoffkader nach Playoffdraft
season_010,Playoffs,playoffs,Böller Brüder,boeller brueder,Nestfloh,nestfloh,Ogerpon-Wasser,ogerpon wasser,2,Playoffs Kader,data/raw/season_010/sheets/13smsrg2bgyxr_omjwcgr_sudr39bvojpnl5rpt4dsow_playoffs_kader_1953790464.csv,https://docs.google.com/spreadsheets/d/13smsrG2BGYxr_omJWcgr-sUDr39bvOJPNL5RPt4DSow/edit#gid=1953790464,sheet_extracted,Playoffkader nach Playoffdraft
season_010,Playoffs,playoffs,Böller Brüder,boeller brueder,Nestfloh,nestfloh,Impoleon,impoleon,3,Playoffs Kader,data/raw/season_010/sheets/13smsrg2bgyxr_omjwcgr_sudr39bvojpnl5rpt4dsow_playoffs_kader_1953790464.csv,https://docs.google.com/spreadsheets/d/13smsrG2BGYxr_omJWcgr-sUDr39bvOJPNL5RPt4DSow/edit#gid=1953790464,sheet_extracted,Playoffkader nach Playoffdraft
season_010,Playoffs,playoffs,Böller Brüder,boeller brueder,Nestfloh,nestfloh,Pamomamo,pamomamo,4,Playoffs Kader,data/raw/season_010/sheets/13smsrg2bgyxr_omjwcgr_sudr39bvojpnl5rpt4dsow_playoffs_kader_1953790464.csv,https://docs.google.com/spreadsheets/d/13smsrG2BGYxr_omJWcgr-sUDr39bvOJPNL5RPt4DSow/edit#gid=1953790464,sheet_extracted,Playoffkader nach Playoffdraft
season_010,Playoffs,playoffs,Böller Brüder,boeller brueder,Nestfloh,nestfloh,Cresselia,cresselia,5,Playoffs Kader,data/raw/season_010/sheets/13smsrg2bgyxr_omjwcgr_sudr39bvojpnl5rpt4dsow_playoffs_kader_1953790464.csv,https://docs.google.com/spreadsheets/d/13smsrG2BGYxr_omJWcgr-sUDr39bvOJPNL5RPt4DSow/edit#gid=1953790464,sheet_extracted,Playoffkader nach Playoffdraft
season_010,Playoffs,playoffs,Böller Brüder,boeller brueder,Nestfloh,nestfloh,Lavados,lavados,6,Playoffs Kader,data/raw/season_010/sheets/13smsrg2bgyxr_omjwcgr_sudr39bvojpnl5rpt4dsow_playoffs_kader_1953790464.csv,https://docs.google.com/spreadsheets/d/13smsrG2BGYxr_omJWcgr-sUDr39bvOJPNL5RPt4DSow/edit#gid=1953790464,sheet_extracted,Playoffkader nach Playoffdraft
season_010,Playoffs,playoffs,Böller Brüder,boeller brueder,Nestfloh,nestfloh,Grypheldis,grypheldis,7,Playoffs Kader,data/raw/season_010/sheets/13smsrg2bgyxr_omjwcgr_sudr39bvojpnl5rpt4dsow_playoffs_kader_1953790464.csv,https://docs.google.com/spreadsheets/d/13smsrG2BGYxr_omJWcgr-sUDr39bvOJPNL5RPt4DSow/edit#gid=1953790464,sheet_extracted,Playoffkader nach Playoffdraft
season_010,Playoffs,playoffs,Böller Brüder,boeller brueder,Nestfloh,nestfloh,Bandelby,bandelby,8,Playoffs Kader,data/raw/season_010/sheets/13smsrg2bgyxr_omjwcgr_sudr39bvojpnl5rpt4dsow_playoffs_kader_1953790464.csv,https://docs.google.com/spreadsheets/d/13smsrG2BGYxr_omJWcgr-sUDr39bvOJPNL5RPt4DSow/edit#gid=1953790464,sheet_extracted,Playoffkader nach Playoffdraft
season_010,Playoffs,playoffs,Böller Brüder,boeller brueder,Nestfloh,nestfloh,Pampross,pampross,9,Playoffs Kader,data/raw/season_010/sheets/13smsrg2bgyxr_omjwcgr_sudr39bvojpnl5rpt4dsow_playoffs_kader_1953790464.csv,https://docs.google.com/spreadsheets/d/13smsrG2BGYxr_omJWcgr-sUDr39bvOJPNL5RPt4DSow/edit#gid=1953790464,sheet_extracted,Playoffkader nach Playoffdraft
season_010,Playoffs,playoffs,Böller Brüder,boeller brueder,Nestfloh,nestfloh,Alola-Sleimok,alola sleimok,10,Playoffs Kader,data/raw/season_010/sheets/13smsrg2bgyxr_omjwcgr_sudr39bvojpnl5rpt4dsow_playoffs_kader_1953790464.csv,https://docs.google.com/spreadsheets/d/13smsrG2BGYxr_omJWcgr-sUDr39bvOJPNL5RPt4DSow/edit#gid=1953790464,sheet_extracted,Playoffkader nach Playoffdraft
season_010,Playoffs,playoffs,Böller Brüder,boeller brueder,Nestfloh,nestfloh,Arktilas,arktilas,11,Playoffs Kader,data/raw/season_010/sheets/13smsrg2bgyxr_omjwcgr_sudr39bvojpnl5rpt4dsow_playoffs_kader_1953790464.csv,https://docs.google.com/spreadsheets/d/13smsrG2BGYxr_omJWcgr-sUDr39bvOJPNL5RPt4DSow/edit#gid=1953790464,sheet_extracted,Playoffkader nach Playoffdraft
season_010,Playoffs,playoffs,Böller Brüder,boeller brueder,Nestfloh,nestfloh,Lumiflora,lumiflora,12,Playoffs Kader,data/raw/season_010/sheets/13smsrg2bgyxr_omjwcgr_sudr39bvojpnl5rpt4dsow_playoffs_kader_1953790464.csv,https://docs.google.com/spreadsheets/d/13smsrG2BGYxr_omJWcgr-sUDr39bvOJPNL5RPt4DSow/edit#gid=1953790464,sheet_extracted,Playoffkader nach Playoffdraft
season_010,Playoffs,playoffs,Böller Brüder,boeller brueder,Nestfloh,nestfloh,Guardevoir,guardevoir,13,Playoffs Kader,data/raw/season_010/sheets/13smsrg2bgyxr_omjwcgr_sudr39bvojpnl5rpt4dsow_playoffs_kader_1953790464.csv,https://docs.google.com/spreadsheets/d/13smsrG2BGYxr_omJWcgr-sUDr39bvOJPNL5RPt4DSow/edit#gid=1953790464,sheet_extracted,Playoffkader nach Playoffdraft
season_010,Playoffs,playoffs,Böller Brüder,boeller brueder,Nestfloh,nestfloh,Irokex,irokex,14,Playoffs Kader,data/raw/season_010/sheets/13smsrg2bgyxr_omjwcgr_sudr39bvojpnl5rpt4dsow_playoffs_kader_1953790464.csv,https://docs.google.com/spreadsheets/d/13smsrG2BGYxr_omJWcgr-sUDr39bvOJPNL5RPt4DSow/edit#gid=1953790464,sheet_extracted,Playoffkader nach Playoffdraft
season_010,Playoffs,playoffs,Böller Brüder,boeller brueder,Nestfloh,nestfloh,Ursaring,ursaring,15,Playoffs Kader,data/raw/season_010/sheets/13smsrg2bgyxr_omjwcgr_sudr39bvojpnl5rpt4dsow_playoffs_kader_1953790464.csv,https://docs.google.com/spreadsheets/d/13smsrG2BGYxr_omJWcgr-sUDr39bvOJPNL5RPt4DSow/edit#gid=1953790464,sheet_extracted,Playoffkader nach Playoffdraft
season_010,Playoffs,playoffs,Böller Brüder,boeller brueder,Nestfloh,nestfloh,Rotom-Hitze,rotom hitze,16,Playoffs Kader,data/raw/season_010/sheets/13smsrg2bgyxr_omjwcgr_sudr39bvojpnl5rpt4dsow_playoffs_kader_1953790464.csv,https://docs.google.com/spreadsheets/d/13smsrG2BGYxr_omJWcgr-sUDr39bvOJPNL5RPt4DSow/edit#gid=1953790464,sheet_extracted,Playoffkader nach Playoffdraft
season_010,Playoffs,playoffs,Prekani,prekani,PresentLP,present,Demeteros-T,demeteros t,1,Playoffs Kader,data/raw/season_010/sheets/13smsrg2bgyxr_omjwcgr_sudr39bvojpnl5rpt4dsow_playoffs_kader_1953790464.csv,https://docs.google.com/spreadsheets/d/13smsrG2BGYxr_omJWcgr-sUDr39bvOJPNL5RPt4DSow/edit#gid=1953790464,sheet_extracted,Playoffkader nach Playoffdraft
season_010,Playoffs,playoffs,Prekani,prekani,PresentLP,present,Eisenkrieger,eisenkrieger,2,Playoffs Kader,data/raw/season_010/sheets/13smsrg2bgyxr_omjwcgr_sudr39bvojpnl5rpt4dsow_playoffs_kader_1953790464.csv,https://docs.google.com/spreadsheets/d/13smsrG2BGYxr_omJWcgr-sUDr39bvOJPNL5RPt4DSow/edit#gid=1953790464,sheet_extracted,Playoffkader nach Playoffdraft
season_010,Playoffs,playoffs,Prekani,prekani,PresentLP,present,Arkani,arkani,3,Playoffs Kader,data/raw/season_010/sheets/13smsrg2bgyxr_omjwcgr_sudr39bvojpnl5rpt4dsow_playoffs_kader_1953790464.csv,https://docs.google.com/spreadsheets/d/13smsrG2BGYxr_omJWcgr-sUDr39bvOJPNL5RPt4DSow/edit#gid=1953790464,sheet_extracted,Playoffkader nach Playoffdraft
season_010,Playoffs,playoffs,Prekani,prekani,PresentLP,present,Rotom-Wasch,rotom wasch,4,Playoffs Kader,data/raw/season_010/sheets/13smsrg2bgyxr_omjwcgr_sudr39bvojpnl5rpt4dsow_playoffs_kader_1953790464.csv,https://docs.google.com/spreadsheets/d/13smsrG2BGYxr_omJWcgr-sUDr39bvOJPNL5RPt4DSow/edit#gid=1953790464,sheet_extracted,Playoffkader nach Playoffdraft
season_010,Playoffs,playoffs,Prekani,prekani,PresentLP,present,Eisenhals,eisenhals,5,Playoffs Kader,data/raw/season_010/sheets/13smsrg2bgyxr_omjwcgr_sudr39bvojpnl5rpt4dsow_playoffs_kader_1953790464.csv,https://docs.google.com/spreadsheets/d/13smsrG2BGYxr_omJWcgr-sUDr39bvOJPNL5RPt4DSow/edit#gid=1953790464,sheet_extracted,Playoffkader nach Playoffdraft
season_010,Playoffs,playoffs,Prekani,prekani,PresentLP,present,Beatori,beatori,6,Playoffs Kader,data/raw/season_010/sheets/13smsrg2bgyxr_omjwcgr_sudr39bvojpnl5rpt4dsow_playoffs_kader_1953790464.csv,https://docs.google.com/spreadsheets/d/13smsrG2BGYxr_omJWcgr-sUDr39bvOJPNL5RPt4DSow/edit#gid=1953790464,sheet_extracted,Playoffkader nach Playoffdraft
season_010,Playoffs,playoffs,Prekani,prekani,PresentLP,present,Kobalium,kobalium,7,Playoffs Kader,data/raw/season_010/sheets/13smsrg2bgyxr_omjwcgr_sudr39bvojpnl5rpt4dsow_playoffs_kader_1953790464.csv,https://docs.google.com/spreadsheets/d/13smsrG2BGYxr_omJWcgr-sUDr39bvOJPNL5RPt4DSow/edit#gid=1953790464,sheet_extracted,Playoffkader nach Playoffdraft
season_010,Playoffs,playoffs,Prekani,prekani,PresentLP,present,Mopex,mopex,8,Playoffs Kader,data/raw/season_010/sheets/13smsrg2bgyxr_omjwcgr_sudr39bvojpnl5rpt4dsow_playoffs_kader_1953790464.csv,https://docs.google.com/spreadsheets/d/13smsrG2BGYxr_omJWcgr-sUDr39bvOJPNL5RPt4DSow/edit#gid=1953790464,sheet_extracted,Playoffkader nach Playoffdraft
season_010,Playoffs,playoffs,Prekani,prekani,PresentLP,present,Rizeros,rizeros,9,Playoffs Kader,data/raw/season_010/sheets/13smsrg2bgyxr_omjwcgr_sudr39bvojpnl5rpt4dsow_playoffs_kader_1953790464.csv,https://docs.google.com/spreadsheets/d/13smsrG2BGYxr_omJWcgr-sUDr39bvOJPNL5RPt4DSow/edit#gid=1953790464,sheet_extracted,Playoffkader nach Playoffdraft
season_010,Playoffs,playoffs,Prekani,prekani,PresentLP,present,Horrerba,horrerba,10,Playoffs Kader,data/raw/season_010/sheets/13smsrg2bgyxr_omjwcgr_sudr39bvojpnl5rpt4dsow_playoffs_kader_1953790464.csv,https://docs.google.com/spreadsheets/d/13smsrG2BGYxr_omJWcgr-sUDr39bvOJPNL5RPt4DSow/edit#gid=1953790464,sheet_extracted,Playoffkader nach Playoffdraft
season_010,Playoffs,playoffs,Prekani,prekani,PresentLP,present,Mottineva,mottineva,11,Playoffs Kader,data/raw/season_010/sheets/13smsrg2bgyxr_omjwcgr_sudr39bvojpnl5rpt4dsow_playoffs_kader_1953790464.csv,https://docs.google.com/spreadsheets/d/13smsrG2BGYxr_omJWcgr-sUDr39bvOJPNL5RPt4DSow/edit#gid=1953790464,sheet_extracted,Playoffkader nach Playoffdraft
season_010,Playoffs,playoffs,Prekani,prekani,PresentLP,present,Dragoran,dragoran,12,Playoffs Kader,data/raw/season_010/sheets/13smsrg2bgyxr_omjwcgr_sudr39bvojpnl5rpt4dsow_playoffs_kader_1953790464.csv,https://docs.google.com/spreadsheets/d/13smsrG2BGYxr_omJWcgr-sUDr39bvOJPNL5RPt4DSow/edit#gid=1953790464,sheet_extracted,Playoffkader nach Playoffdraft
season_010,Playoffs,playoffs,Prekani,prekani,PresentLP,present,Tengulist,tengulist,13,Playoffs Kader,data/raw/season_010/sheets/13smsrg2bgyxr_omjwcgr_sudr39bvojpnl5rpt4dsow_playoffs_kader_1953790464.csv,https://docs.google.com/spreadsheets/d/13smsrG2BGYxr_omJWcgr-sUDr39bvOJPNL5RPt4DSow/edit#gid=1953790464,sheet_extracted,Playoffkader nach Playoffdraft
season_010,Playoffs,playoffs,Prekani,prekani,PresentLP,present,Zytomega,zytomega,14,Playoffs Kader,data/raw/season_010/sheets/13smsrg2bgyxr_omjwcgr_sudr39bvojpnl5rpt4dsow_playoffs_kader_1953790464.csv,https://docs.google.com/spreadsheets/d/13smsrG2BGYxr_omJWcgr-sUDr39bvOJPNL5RPt4DSow/edit#gid=1953790464,sheet_extracted,Playoffkader nach Playoffdraft
season_010,Playoffs,playoffs,Unbound Soul,unbound soul,Raizor,raizor,Snieboss,snieboss,1,Playoffs Kader,data/raw/season_010/sheets/13smsrg2bgyxr_omjwcgr_sudr39bvojpnl5rpt4dsow_playoffs_kader_1953790464.csv,https://docs.google.com/spreadsheets/d/13smsrG2BGYxr_omJWcgr-sUDr39bvOJPNL5RPt4DSow/edit#gid=1953790464,sheet_extracted,Playoffkader nach Playoffdraft
season_010,Playoffs,playoffs,Unbound Soul,unbound soul,Raizor,raizor,Knakrack,knakrack,2,Playoffs Kader,data/raw/season_010/sheets/13smsrg2bgyxr_omjwcgr_sudr39bvojpnl5rpt4dsow_playoffs_kader_1953790464.csv,https://docs.google.com/spreadsheets/d/13smsrG2BGYxr_omJWcgr-sUDr39bvOJPNL5RPt4DSow/edit#gid=1953790464,sheet_extracted,Playoffkader nach Playoffdraft
season_010,Playoffs,playoffs,Unbound Soul,unbound soul,Raizor,raizor,Servol (weiblich),servol weiblich,3,Playoffs Kader,data/raw/season_010/sheets/13smsrg2bgyxr_omjwcgr_sudr39bvojpnl5rpt4dsow_playoffs_kader_1953790464.csv,https://docs.google.com/spreadsheets/d/13smsrG2BGYxr_omJWcgr-sUDr39bvOJPNL5RPt4DSow/edit#gid=1953790464,sheet_extracted,Playoffkader nach Playoffdraft
season_010,Playoffs,playoffs,Unbound Soul,unbound soul,Raizor,raizor,Fiaro,fiaro,4,Playoffs Kader,data/raw/season_010/sheets/13smsrg2bgyxr_omjwcgr_sudr39bvojpnl5rpt4dsow_playoffs_kader_1953790464.csv,https://docs.google.com/spreadsheets/d/13smsrG2BGYxr_omJWcgr-sUDr39bvOJPNL5RPt4DSow/edit#gid=1953790464,sheet_extracted,Playoffkader nach Playoffdraft
season_010,Playoffs,playoffs,Unbound Soul,unbound soul,Raizor,raizor,Eisenhaupt,eisenhaupt,5,Playoffs Kader,data/raw/season_010/sheets/13smsrg2bgyxr_omjwcgr_sudr39bvojpnl5rpt4dsow_playoffs_kader_1953790464.csv,https://docs.google.com/spreadsheets/d/13smsrG2BGYxr_omJWcgr-sUDr39bvOJPNL5RPt4DSow/edit#gid=1953790464,sheet_extracted,Playoffkader nach Playoffdraft
season_010,Playoffs,playoffs,Unbound Soul,unbound soul,Raizor,raizor,Turtok,turtok,6,Playoffs Kader,data/raw/season_010/sheets/13smsrg2bgyxr_omjwcgr_sudr39bvojpnl5rpt4dsow_playoffs_kader_1953790464.csv,https://docs.google.com/spreadsheets/d/13smsrG2BGYxr_omJWcgr-sUDr39bvOJPNL5RPt4DSow/edit#gid=1953790464,sheet_extracted,Playoffkader nach Playoffdraft
season_010,Playoffs,playoffs,Unbound Soul,unbound soul,Raizor,raizor,Feelinara,feelinara,7,Playoffs Kader,data/raw/season_010/sheets/13smsrg2bgyxr_omjwcgr_sudr39bvojpnl5rpt4dsow_playoffs_kader_1953790464.csv,https://docs.google.com/spreadsheets/d/13smsrG2BGYxr_omJWcgr-sUDr39bvOJPNL5RPt4DSow/edit#gid=1953790464,sheet_extracted,Playoffkader nach Playoffdraft
season_010,Playoffs,playoffs,Unbound Soul,unbound soul,Raizor,raizor,Zoroark,zoroark,8,Playoffs Kader,data/raw/season_010/sheets/13smsrg2bgyxr_omjwcgr_sudr39bvojpnl5rpt4dsow_playoffs_kader_1953790464.csv,https://docs.google.com/spreadsheets/d/13smsrG2BGYxr_omJWcgr-sUDr39bvOJPNL5RPt4DSow/edit#gid=1953790464,sheet_extracted,Playoffkader nach Playoffdraft
season_010,Playoffs,playoffs,Unbound Soul,unbound soul,Raizor,raizor,Silvarro,silvarro,9,Playoffs Kader,data/raw/season_010/sheets/13smsrg2bgyxr_omjwcgr_sudr39bvojpnl5rpt4dsow_playoffs_kader_1953790464.csv,https://docs.google.com/spreadsheets/d/13smsrG2BGYxr_omJWcgr-sUDr39bvOJPNL5RPt4DSow/edit#gid=1953790464,sheet_extracted,Playoffkader nach Playoffdraft
season_010,Playoffs,playoffs,Unbound Soul,unbound soul,Raizor,raizor,Alola-Raichu,alola raichu,10,Playoffs Kader,data/raw/season_010/sheets/13smsrg2bgyxr_omjwcgr_sudr39bvojpnl5rpt4dsow_playoffs_kader_1953790464.csv,https://docs.google.com/spreadsheets/d/13smsrG2BGYxr_omJWcgr-sUDr39bvOJPNL5RPt4DSow/edit#gid=1953790464,sheet_extracted,Playoffkader nach Playoffdraft
season_010,Playoffs,playoffs,Unbound Soul,unbound soul,Raizor,raizor,Hisui-Arktilas,hisui arktilas,11,Playoffs Kader,data/raw/season_010/sheets/13smsrg2bgyxr_omjwcgr_sudr39bvojpnl5rpt4dsow_playoffs_kader_1953790464.csv,https://docs.google.com/spreadsheets/d/13smsrG2BGYxr_omJWcgr-sUDr39bvOJPNL5RPt4DSow/edit#gid=1953790464,sheet_extracted,Playoffkader nach Playoffdraft
season_010,Playoffs,playoffs,Unbound Soul,unbound soul,Raizor,raizor,Cupidos-T,cupidos t,12,Playoffs Kader,data/raw/season_010/sheets/13smsrg2bgyxr_omjwcgr_sudr39bvojpnl5rpt4dsow_playoffs_kader_1953790464.csv,https://docs.google.com/spreadsheets/d/13smsrG2BGYxr_omJWcgr-sUDr39bvOJPNL5RPt4DSow/edit#gid=1953790464,sheet_extracted,Playoffkader nach Playoffdraft
season_010,Playoffs,playoffs,Unbound Soul,unbound soul,Raizor,raizor,Ursaluna,ursaluna,13,Playoffs Kader,data/raw/season_010/sheets/13smsrg2bgyxr_omjwcgr_sudr39bvojpnl5rpt4dsow_playoffs_kader_1953790464.csv,https://docs.google.com/spreadsheets/d/13smsrG2BGYxr_omJWcgr-sUDr39bvOJPNL5RPt4DSow/edit#gid=1953790464,sheet_extracted,Playoffkader nach Playoffdraft
season_010,Playoffs,playoffs,Unbound Soul,unbound soul,Raizor,raizor,Entei,entei,14,Playoffs Kader,data/raw/season_010/sheets/13smsrg2bgyxr_omjwcgr_sudr39bvojpnl5rpt4dsow_playoffs_kader_1953790464.csv,https://docs.google.com/spreadsheets/d/13smsrG2BGYxr_omJWcgr-sUDr39bvOJPNL5RPt4DSow/edit#gid=1953790464,sheet_extracted,Playoffkader nach Playoffdraft
season_010,Playoffs,playoffs,Unbound Soul,unbound soul,Raizor,raizor,Voltrean,voltrean,15,Playoffs Kader,data/raw/season_010/sheets/13smsrg2bgyxr_omjwcgr_sudr39bvojpnl5rpt4dsow_playoffs_kader_1953790464.csv,https://docs.google.com/spreadsheets/d/13smsrG2BGYxr_omJWcgr-sUDr39bvOJPNL5RPt4DSow/edit#gid=1953790464,sheet_extracted,Playoffkader nach Playoffdraft
season_010,Playoffs,playoffs,Unbound Soul,unbound soul,Raizor,raizor,Alola-Snobilikat,alola snobilikat,16,Playoffs Kader,data/raw/season_010/sheets/13smsrg2bgyxr_omjwcgr_sudr39bvojpnl5rpt4dsow_playoffs_kader_1953790464.csv,https://docs.google.com/spreadsheets/d/13smsrG2BGYxr_omJWcgr-sUDr39bvOJPNL5RPt4DSow/edit#gid=1953790464,sheet_extracted,Playoffkader nach Playoffdraft
season_010,Playoffs,playoffs,Choice Bandits,choice bandits,RobinVGC,robinvgc,Latios,latios,1,Playoffs Kader,data/raw/season_010/sheets/13smsrg2bgyxr_omjwcgr_sudr39bvojpnl5rpt4dsow_playoffs_kader_1953790464.csv,https://docs.google.com/spreadsheets/d/13smsrG2BGYxr_omJWcgr-sUDr39bvOJPNL5RPt4DSow/edit#gid=1953790464,sheet_extracted,Playoffkader nach Playoffdraft
season_010,Playoffs,playoffs,Choice Bandits,choice bandits,RobinVGC,robinvgc,Gortrom,gortrom,2,Playoffs Kader,data/raw/season_010/sheets/13smsrg2bgyxr_omjwcgr_sudr39bvojpnl5rpt4dsow_playoffs_kader_1953790464.csv,https://docs.google.com/spreadsheets/d/13smsrG2BGYxr_omJWcgr-sUDr39bvOJPNL5RPt4DSow/edit#gid=1953790464,sheet_extracted,Playoffkader nach Playoffdraft
season_010,Playoffs,playoffs,Choice Bandits,choice bandits,RobinVGC,robinvgc,Fatalitcha,fatalitcha,3,Playoffs Kader,data/raw/season_010/sheets/13smsrg2bgyxr_omjwcgr_sudr39bvojpnl5rpt4dsow_playoffs_kader_1953790464.csv,https://docs.google.com/spreadsheets/d/13smsrG2BGYxr_omJWcgr-sUDr39bvOJPNL5RPt4DSow/edit#gid=1953790464,sheet_extracted,Playoffkader nach Playoffdraft
season_010,Playoffs,playoffs,Choice Bandits,choice bandits,RobinVGC,robinvgc,Hisui-Viscogon,hisui viscogon,4,Playoffs Kader,data/raw/season_010/sheets/13smsrg2bgyxr_omjwcgr_sudr39bvojpnl5rpt4dsow_playoffs_kader_1953790464.csv,https://docs.google.com/spreadsheets/d/13smsrG2BGYxr_omJWcgr-sUDr39bvOJPNL5RPt4DSow/edit#gid=1953790464,sheet_extracted,Playoffkader nach Playoffdraft
season_010,Playoffs,playoffs,Choice Bandits,choice bandits,RobinVGC,robinvgc,Raikou,raikou,5,Playoffs Kader,data/raw/season_010/sheets/13smsrg2bgyxr_omjwcgr_sudr39bvojpnl5rpt4dsow_playoffs_kader_1953790464.csv,https://docs.google.com/spreadsheets/d/13smsrG2BGYxr_omJWcgr-sUDr39bvOJPNL5RPt4DSow/edit#gid=1953790464,sheet_extracted,Playoffkader nach Playoffdraft
season_010,Playoffs,playoffs,Choice Bandits,choice bandits,RobinVGC,robinvgc,Rabigator,rabigator,6,Playoffs Kader,data/raw/season_010/sheets/13smsrg2bgyxr_omjwcgr_sudr39bvojpnl5rpt4dsow_playoffs_kader_1953790464.csv,https://docs.google.com/spreadsheets/d/13smsrG2BGYxr_omJWcgr-sUDr39bvOJPNL5RPt4DSow/edit#gid=1953790464,sheet_extracted,Playoffkader nach Playoffdraft
season_010,Playoffs,playoffs,Choice Bandits,choice bandits,RobinVGC,robinvgc,Resladero,resladero,7,Playoffs Kader,data/raw/season_010/sheets/13smsrg2bgyxr_omjwcgr_sudr39bvojpnl5rpt4dsow_playoffs_kader_1953790464.csv,https://docs.google.com/spreadsheets/d/13smsrG2BGYxr_omJWcgr-sUDr39bvOJPNL5RPt4DSow/edit#gid=1953790464,sheet_extracted,Playoffkader nach Playoffdraft
season_010,Playoffs,playoffs,Choice Bandits,choice bandits,RobinVGC,robinvgc,Florges,florges,8,Playoffs Kader,data/raw/season_010/sheets/13smsrg2bgyxr_omjwcgr_sudr39bvojpnl5rpt4dsow_playoffs_kader_1953790464.csv,https://docs.google.com/spreadsheets/d/13smsrG2BGYxr_omJWcgr-sUDr39bvOJPNL5RPt4DSow/edit#gid=1953790464,sheet_extracted,Playoffkader nach Playoffdraft
season_010,Playoffs,playoffs,Choice Bandits,choice bandits,RobinVGC,robinvgc,Montecarbo,montecarbo,9,Playoffs Kader,data/raw/season_010/sheets/13smsrg2bgyxr_omjwcgr_sudr39bvojpnl5rpt4dsow_playoffs_kader_1953790464.csv,https://docs.google.com/spreadsheets/d/13smsrG2BGYxr_omJWcgr-sUDr39bvOJPNL5RPt4DSow/edit#gid=1953790464,sheet_extracted,Playoffkader nach Playoffdraft
season_010,Playoffs,playoffs,Choice Bandits,choice bandits,RobinVGC,robinvgc,Illumise,illumise,10,Playoffs Kader,data/raw/season_010/sheets/13smsrg2bgyxr_omjwcgr_sudr39bvojpnl5rpt4dsow_playoffs_kader_1953790464.csv,https://docs.google.com/spreadsheets/d/13smsrG2BGYxr_omJWcgr-sUDr39bvOJPNL5RPt4DSow/edit#gid=1953790464,sheet_extracted,Playoffkader nach Playoffdraft
season_010,Playoffs,playoffs,Choice Bandits,choice bandits,RobinVGC,robinvgc,Barschuft,barschuft,11,Playoffs Kader,data/raw/season_010/sheets/13smsrg2bgyxr_omjwcgr_sudr39bvojpnl5rpt4dsow_playoffs_kader_1953790464.csv,https://docs.google.com/spreadsheets/d/13smsrG2BGYxr_omJWcgr-sUDr39bvOJPNL5RPt4DSow/edit#gid=1953790464,sheet_extracted,Playoffkader nach Playoffdraft
season_010,Playoffs,playoffs,Choice Bandits,choice bandits,RobinVGC,robinvgc,Aggrostella,aggrostella,12,Playoffs Kader,data/raw/season_010/sheets/13smsrg2bgyxr_omjwcgr_sudr39bvojpnl5rpt4dsow_playoffs_kader_1953790464.csv,https://docs.google.com/spreadsheets/d/13smsrG2BGYxr_omJWcgr-sUDr39bvOJPNL5RPt4DSow/edit#gid=1953790464,sheet_extracted,Playoffkader nach Playoffdraft
season_010,Playoffs,playoffs,Choice Bandits,choice bandits,RobinVGC,robinvgc,Wie-Shu,wie shu,13,Playoffs Kader,data/raw/season_010/sheets/13smsrg2bgyxr_omjwcgr_sudr39bvojpnl5rpt4dsow_playoffs_kader_1953790464.csv,https://docs.google.com/spreadsheets/d/13smsrG2BGYxr_omJWcgr-sUDr39bvOJPNL5RPt4DSow/edit#gid=1953790464,sheet_extracted,Playoffkader nach Playoffdraft
season_010,Playoffs,playoffs,Choice Bandits,choice bandits,RobinVGC,robinvgc,Registeel,registeel,14,Playoffs Kader,data/raw/season_010/sheets/13smsrg2bgyxr_omjwcgr_sudr39bvojpnl5rpt4dsow_playoffs_kader_1953790464.csv,https://docs.google.com/spreadsheets/d/13smsrG2BGYxr_omJWcgr-sUDr39bvOJPNL5RPt4DSow/edit#gid=1953790464,sheet_extracted,Playoffkader nach Playoffdraft
season_010,Playoffs,playoffs,Choice Bandits,choice bandits,RobinVGC,robinvgc,Cupidos-I,cupidos i,15,Playoffs Kader,data/raw/season_010/sheets/13smsrg2bgyxr_omjwcgr_sudr39bvojpnl5rpt4dsow_playoffs_kader_1953790464.csv,https://docs.google.com/spreadsheets/d/13smsrG2BGYxr_omJWcgr-sUDr39bvOJPNL5RPt4DSow/edit#gid=1953790464,sheet_extracted,Playoffkader nach Playoffdraft
season_010,Playoffs,playoffs,Choice Bandits,choice bandits,RobinVGC,robinvgc,Kronjuwild,kronjuwild,16,Playoffs Kader,data/raw/season_010/sheets/13smsrg2bgyxr_omjwcgr_sudr39bvojpnl5rpt4dsow_playoffs_kader_1953790464.csv,https://docs.google.com/spreadsheets/d/13smsrG2BGYxr_omJWcgr-sUDr39bvOJPNL5RPt4DSow/edit#gid=1953790464,sheet_extracted,Playoffkader nach Playoffdraft
