season_id,division,week,person_id,person_name,p_first,p_playoffs,sims,seed,source_urls
season_001,Regular Season,1,person_art_n_gaming,Art'n'Gaming,0.0260,,1000,42,https://docs.google.com/spreadsheets/d/14N_40jsahiN9DChpnNaPTnFy26If6imVHtqBGDWk6pg/edit#gid=0
season_001,Regular Season,1,person_daumenkino,DaumenkinoLP,0.1170,,1000,42,https://docs.google.com/spreadsheets/d/14N_40jsahiN9DChpnNaPTnFy26If6imVHtqBGDWk6pg/edit#gid=0
season_001,Regular Season,1,person_diaswordplay,DiaSwordPlay,0.1450,,1000,42,https://docs.google.com/spreadsheets/d/14N_40jsahiN9DChpnNaPTnFy26If6imVHtqBGDWk6pg/edit#gid=0
season_001,Regular Season,1,person_dirtyd64,DirtyD64,0.1900,,1000,42,https://docs.google.com/spreadsheets/d/14N_40jsahiN9DChpnNaPTnFy26If6imVHtqBGDWk6pg/edit#gid=0
season_001,Regular Season,1,person_fanmadeletsplay,FanmadeLetsPlay,0.0000,,1000,42,https://docs.google.com/spreadsheets/d/14N_40jsahiN9DChpnNaPTnFy26If6imVHtqBGDWk6pg/edit#gid=0
season_001,Regular Season,1,person_fnupa,Cabgolord,0.0220,,1000,42,https://docs.google.com/spreadsheets/d/14N_40jsahiN9DChpnNaPTnFy26If6imVHtqBGDWk6pg/edit#gid=0
season_001,Regular Season,1,person_morbolth,Morbolth,0.0150,,1000,42,https://docs.google.com/spreadsheets/d/14N_40jsahiN9DChpnNaPTnFy26If6imVHtqBGDWk6pg/edit#gid=0
season_001,Regular Season,1,person_pokemonfakten,PokemonFakten,0.0000,,1000,42,https://docs.google.com/spreadsheets/d/14N_40jsahiN9DChpnNaPTnFy26If6imVHtqBGDWk6pg/edit#gid=0
season_001,Regular Season,1,person_present,PresentLP,0.1610,,1000,42,https://docs.google.com/spreadsheets/d/14N_40jsahiN9DChpnNaPTnFy26If6imVHtqBGDWk6pg/edit#gid=0
season_001,Regular Season,1,person_raizor,Raizor,0.0180,,1000,42,https://docs.google.com/spreadsheets/d/14N_40jsahiN9DChpnNaPTnFy26If6imVHtqBGDWk6pg/edit#gid=0
season_001,Regular Season,1,person_shiro,Shiro,0.1710,,1000,42,https://docs.google.com/spreadsheets/d/14N_40jsahiN9DChpnNaPTnFy26If6imVHtqBGDWk6pg/edit#gid=0
season_001,Regular Season,1,person_silva,Silva,0.1140,,1000,42,https://docs.google.com/spreadsheets/d/14N_40jsahiN9DChpnNaPTnFy26If6imVHtqBGDWk6pg/edit#gid=0
season_001,Regular Season,1,person_surskittv,SurskitTV,0.0210,,1000,42,https://docs.google.com/spreadsheets/d/14N_40jsahiN9DChpnNaPTnFy26If6imVHtqBGDWk6pg/edit#gid=0
season_001,Regular Season,2,person_art_n_gaming,Art'n'Gaming,0.0080,,1000,42,https://docs.google.com/spreadsheets/d/14N_40jsahiN9DChpnNaPTnFy26If6imVHtqBGDWk6pg/edit#gid=0
season_001,Regular Season,2,person_daumenkino,DaumenkinoLP,0.1440,,1000,42,https://docs.google.com/spreadsheets/d/14N_40jsahiN9DChpnNaPTnFy26If6imVHtqBGDWk6pg/edit#gid=0
season_001,Regular Season,2,person_diaswordplay,DiaSwordPlay,0.1600,,1000,42,https://docs.google.com/spreadsheets/d/14N_40jsahiN9DChpnNaPTnFy26If6imVHtqBGDWk6pg/edit#gid=0
season_001,Regular Season,2,person_dirtyd64,DirtyD64,0.0390,,1000,42,https://docs.google.com/spreadsheets/d/14N_40jsahiN9DChpnNaPTnFy26If6imVHtqBGDWk6pg/edit#gid=0
season_001,Regular Season,2,person_fanmadeletsplay,FanmadeLetsPlay,0.0000,,1000,42,https://docs.google.com/spreadsheets/d/14N_40jsahiN9DChpnNaPTnFy26If6imVHtqBGDWk6pg/edit#gid=0
season_001,Regular Season,2,person_fnupa,Cabgolord,0.0050,,1000,42,https://docs.google.com/spreadsheets/d/14N_40jsahiN9DChpnNaPTnFy26If6imVHtqBGDWk6pg/edit#gid=0
season_001,Regular Season,2,person_morbolth,Morbolth,0.0030,,1000,42,https://docs.google.com/spreadsheets/d/14N_40jsahiN9DChpnNaPTnFy26If6imVHtqBGDWk6pg/edit#gid=0
season_001,Regular Season,2,person_pokemonfakten,PokemonFakten,0.0000,,1000,42,https://docs.google.com/spreadsheets/d/14N_40jsahiN9DChpnNaPTnFy26If6imVHtqBGDWk6pg/edit#gid=0
season_001,Regular Season,2,person_present,PresentLP,0.2130,,1000,42,https://docs.google.com/spreadsheets/d/14N_40jsahiN9DChpnNaPTnFy26If6imVHtqBGDWk6pg/edit#gid=0
season_001,Regular Season,2,person_raizor,Raizor,0.0020,,1000,42,https://docs.google.com/spreadsheets/d/14N_40jsahiN9DChpnNaPTnFy26If6imVHtqBGDWk6pg/edit#gid=0
season_001,Regular Season,2,person_shiro,Shiro,0.1820,,1000,42,https://docs.google.com/spreadsheets/d/14N_40jsahiN9DChpnNaPTnFy26If6imVHtqBGDWk6pg/edit#gid=0
season_001,Regular Season,2,person_silva,Silva,0.2090,,1000,42,https://docs.google.com/spreadsheets/d/14N_40jsahiN9DChpnNaPTnFy26If6imVHtqBGDWk6pg/edit#gid=0
season_001,Regular Season,2,person_surskittv,SurskitTV,0.0350,,1000,42,https://docs.google.com/spreadsheets/d/14N_40jsahiN9DChpnNaPTnFy26If6imVHtqBGDWk6pg/edit#gid=0
season_001,Regular Season,3,person_art_n_gaming,Art'n'Gaming,0.0010,,1000,42,https://docs.google.com/spreadsheets/d/14N_40jsahiN9DChpnNaPTnFy26If6imVHtqBGDWk6pg/edit#gid=0
season_001,Regular Season,3,person_daumenkino,DaumenkinoLP,0.2250,,1000,42,https://docs.google.com/spreadsheets/d/14N_40jsahiN9DChpnNaPTnFy26If6imVHtqBGDWk6pg/edit#gid=0
season_001,Regular Season,3,person_diaswordplay,DiaSwordPlay,0.0350,,1000,42,https://docs.google.com/spreadsheets/d/14N_40jsahiN9DChpnNaPTnFy26If6imVHtqBGDWk6pg/edit#gid=0
season_001,Regular Season,3,person_dirtyd64,DirtyD64,0.0110,,1000,42,https://docs.google.com/spreadsheets/d/14N_40jsahiN9DChpnNaPTnFy26If6imVHtqBGDWk6pg/edit#gid=0
season_001,Regular Season,3,person_fanmadeletsplay,FanmadeLetsPlay,0.0000,,1000,42,https://docs.google.com/spreadsheets/d/14N_40jsahiN9DChpnNaPTnFy26If6imVHtqBGDWk6pg/edit#gid=0
season_001,Regular Season,3,person_fnupa,Cabgolord,0.0090,,1000,42,https://docs.google.com/spreadsheets/d/14N_40jsahiN9DChpnNaPTnFy26If6imVHtqBGDWk6pg/edit#gid=0
season_001,Regular Season,3,person_morbolth,Morbolth,0.0080,,1000,42,https://docs.google.com/spreadsheets/d/14N_40jsahiN9DChpnNaPTnFy26If6imVHtqBGDWk6pg/edit#gid=0
season_001,Regular Season,3,person_pokemonfakten,PokemonFakten,0.0000,,1000,42,https://docs.google.com/spreadsheets/d/14N_40jsahiN9DChpnNaPTnFy26If6imVHtqBGDWk6pg/edit#gid=0
season_001,Regular Season,3,person_present,PresentLP,0.3450,,1000,42,https://docs.google.com/spreadsheets/d/14N_40jsahiN9DChpnNaPTnFy26If6imVHtqBGDWk6pg/edit#gid=0
season_001,Regular Season,3,person_raizor,Raizor,0.0000,,1000,42,https://docs.google.com/spreadsheets/d/14N_40jsahiN9DChpnNaPTnFy26If6imVHtqBGDWk6pg/edit#gid=0
season_001,Regular Season,3,person_shiro,Shiro,0.2570,,1000,42,https://docs.google.com/spreadsheets/d/14N_40jsahiN9DChpnNaPTnFy26If6imVHtqBGDWk6pg/edit#gid=0
season_001,Regular Season,3,person_silva,Silva,0.0600,,1000,42,https://docs.google.com/spreadsheets/d/14N_40jsahiN9DChpnNaPTnFy26If6imVHtqBGDWk6pg/edit#gid=0
season_001,Regular Season,3,person_surskittv,SurskitTV,0.0490,,1000,42,https://docs.google.com/spreadsheets/d/14N_40jsahiN9DChpnNaPTnFy26If6imVHtqBGDWk6pg/edit#gid=0
season_001,Regular Season,4,person_art_n_gaming,Art'n'Gaming,0.0000,,1000,42,https://docs.google.com/spreadsheets/d/14N_40jsahiN9DChpnNaPTnFy26If6imVHtqBGDWk6pg/edit#gid=0
season_001,Regular Season,4,person_daumenkino,DaumenkinoLP,0.0720,,1000,42,https://docs.google.com/spreadsheets/d/14N_40jsahiN9DChpnNaPTnFy26If6imVHtqBGDWk6pg/edit#gid=0
season_001,Regular Season,4,person_diaswordplay,DiaSwordPlay,0.0140,,1000,42,https://docs.google.com/spreadsheets/d/14N_40jsahiN9DChpnNaPTnFy26If6imVHtqBGDWk6pg/edit#gid=0
season_001,Regular Season,4,person_dirtyd64,DirtyD64,0.0190,,1000,42,https://docs.google.com/spreadsheets/d/14N_40jsahiN9DChpnNaPTnFy26If6imVHtqBGDWk6pg/edit#gid=0
season_001,Regular Season,4,person_fanmadeletsplay,FanmadeLetsPlay,0.0000,,1000,42,https://docs.google.com/spreadsheets/d/14N_40jsahiN9DChpnNaPTnFy26If6imVHtqBGDWk6pg/edit#gid=0
season_001,Regular Season,4,person_fnupa,Cabgolord,0.0030,,1000,42,https://docs.google.com/spreadsheets/d/14N_40jsahiN9DChpnNaPTnFy26If6imVHtqBGDWk6pg/edit#gid=0
season_001,Regular Season,4,person_morbolth,Morbolth,0.0210,,1000,42,https://docs.google.com/spreadsheets/d/14N_40jsahiN9DChpnNaPTnFy26If6imVHtqBGDWk6pg/edit#gid=0
season_001,Regular Season,4,person_pokemonfakten,PokemonFakten,0.0000,,1000,42,https://docs.google.com/spreadsheets/d/14N_40jsahiN9DChpnNaPTnFy26If6imVHtqBGDWk6pg/edit#gid=0
season_001,Regular Season,4,person_present,PresentLP,0.5330,,1000,42,https://docs.google.com/spreadsheets/d/14N_40jsahiN9DChpnNaPTnFy26If6imVHtqBGDWk6pg/edit#gid=0
season_001,Regular Season,4,person_raizor,Raizor,0.0030,,1000,42,https://docs.google.com/spreadsheets/d/14N_40jsahiN9DChpnNaPTnFy26If6imVHtqBGDWk6pg/edit#gid=0
season_001,Regular Season,4,person_shiro,Shiro,0.0860,,1000,42,https://docs.google.com/spreadsheets/d/14N_40jsahiN9DChpnNaPTnFy26If6imVHtqBGDWk6pg/edit#gid=0
season_001,Regular Season,4,person_silva,Silva,0.1340,,1000,42,https://docs.google.com/spreadsheets/d/14N_40jsahiN9DChpnNaPTnFy26If6imVHtqBGDWk6pg/edit#gid=0
season_001,Regular Season,4,person_surskittv,SurskitTV,0.1150,,1000,42,https://docs.google.com/spreadsheets/d/14N_40jsahiN9DChpnNaPTnFy26If6imVHtqBGDWk6pg/edit#gid=0
season_001,Regular Season,5,person_art_n_gaming,Art'n'Gaming,0.0000,,1000,42,https://docs.google.com/spreadsheets/d/14N_40jsahiN9DChpnNaPTnFy26If6imVHtqBGDWk6pg/edit#gid=0
season_001,Regular Season,5,person_daumenkino,DaumenkinoLP,0.0280,,1000,42,https://docs.google.com/spreadsheets/d/14N_40jsahiN9DChpnNaPTnFy26If6imVHtqBGDWk6pg/edit#gid=0
season_001,Regular Season,5,person_diaswordplay,DiaSwordPlay,0.0020,,1000,42,https://docs.google.com/spreadsheets/d/14N_40jsahiN9DChpnNaPTnFy26If6imVHtqBGDWk6pg/edit#gid=0
season_001,Regular Season,5,person_dirtyd64,DirtyD64,0.0020,,1000,42,https://docs.google.com/spreadsheets/d/14N_40jsahiN9DChpnNaPTnFy26If6imVHtqBGDWk6pg/edit#gid=0
season_001,Regular Season,5,person_fanmadeletsplay,FanmadeLetsPlay,0.0000,,1000,42,https://docs.google.com/spreadsheets/d/14N_40jsahiN9DChpnNaPTnFy26If6imVHtqBGDWk6pg/edit#gid=0
season_001,Regular Season,5,person_fnupa,Cabgolord,0.0000,,1000,42,https://docs.google.com/spreadsheets/d/14N_40jsahiN9DChpnNaPTnFy26If6imVHtqBGDWk6pg/edit#gid=0
season_001,Regular Season,5,person_morbolth,Morbolth,0.0110,,1000,42,https://docs.google.com/spreadsheets/d/14N_40jsahiN9DChpnNaPTnFy26If6imVHtqBGDWk6pg/edit#gid=0
season_001,Regular Season,5,person_pokemonfakten,PokemonFakten,0.0000,,1000,42,https://docs.google.com/spreadsheets/d/14N_40jsahiN9DChpnNaPTnFy26If6imVHtqBGDWk6pg/edit#gid=0
season_001,Regular Season,5,person_present,PresentLP,0.5530,,1000,42,https://docs.google.com/spreadsheets/d/14N_40jsahiN9DChpnNaPTnFy26If6imVHtqBGDWk6pg/edit#gid=0
season_001,Regular Season,5,person_raizor,Raizor,0.0000,,1000,42,https://docs.google.com/spreadsheets/d/14N_40jsahiN9DChpnNaPTnFy26If6imVHtqBGDWk6pg/edit#gid=0
season_001,Regular Season,5,person_shiro,Shiro,0.1150,,1000,42,https://docs.google.com/spreadsheets/d/14N_40jsahiN9DChpnNaPTnFy26If6imVHtqBGDWk6pg/edit#gid=0
season_001,Regular Season,5,person_silva,Silva,0.1720,,1000,42,https://docs.google.com/spreadsheets/d/14N_40jsahiN9DChpnNaPTnFy26If6imVHtqBGDWk6pg/edit#gid=0
season_001,Regular Season,5,person_surskittv,SurskitTV,0.1170,,1000,42,https://docs.google.com/spreadsheets/d/14N_40jsahiN9DChpnNaPTnFy26If6imVHtqBGDWk6pg/edit#gid=0
season_001,Regular Season,6,person_art_n_gaming,Art'n'Gaming,0.0000,,1000,42,https://docs.google.com/spreadsheets/d/14N_40jsahiN9DChpnNaPTnFy26If6imVHtqBGDWk6pg/edit#gid=0
season_001,Regular Season,6,person_daumenkino,DaumenkinoLP,0.0040,,1000,42,https://docs.google.com/spreadsheets/d/14N_40jsahiN9DChpnNaPTnFy26If6imVHtqBGDWk6pg/edit#gid=0
season_001,Regular Season,6,person_diaswordplay,DiaSwordPlay,0.0020,,1000,42,https://docs.google.com/spreadsheets/d/14N_40jsahiN9DChpnNaPTnFy26If6imVHtqBGDWk6pg/edit#gid=0
season_001,Regular Season,6,person_dirtyd64,DirtyD64,0.0010,,1000,42,https://docs.google.com/spreadsheets/d/14N_40jsahiN9DChpnNaPTnFy26If6imVHtqBGDWk6pg/edit#gid=0
season_001,Regular Season,6,person_fanmadeletsplay,FanmadeLetsPlay,0.0000,,1000,42,https://docs.google.com/spreadsheets/d/14N_40jsahiN9DChpnNaPTnFy26If6imVHtqBGDWk6pg/edit#gid=0
season_001,Regular Season,6,person_fnupa,Cabgolord,0.0000,,1000,42,https://docs.google.com/spreadsheets/d/14N_40jsahiN9DChpnNaPTnFy26If6imVHtqBGDWk6pg/edit#gid=0
season_001,Regular Season,6,person_morbolth,Morbolth,0.0010,,1000,42,https://docs.google.com/spreadsheets/d/14N_40jsahiN9DChpnNaPTnFy26If6imVHtqBGDWk6pg/edit#gid=0
season_001,Regular Season,6,person_pokemonfakten,PokemonFakten,0.0000,,1000,42,https://docs.google.com/spreadsheets/d/14N_40jsahiN9DChpnNaPTnFy26If6imVHtqBGDWk6pg/edit#gid=0
season_001,Regular Season,6,person_present,PresentLP,0.5770,,1000,42,https://docs.google.com/spreadsheets/d/14N_40jsahiN9DChpnNaPTnFy26If6imVHtqBGDWk6pg/edit#gid=0
season_001,Regular Season,6,person_raizor,Raizor,0.0010,,1000,42,https://docs.google.com/spreadsheets/d/14N_40jsahiN9DChpnNaPTnFy26If6imVHtqBGDWk6pg/edit#gid=0
season_001,Regular Season,6,person_shiro,Shiro,0.1190,,1000,42,https://docs.google.com/spreadsheets/d/14N_40jsahiN9DChpnNaPTnFy26If6imVHtqBGDWk6pg/edit#gid=0
season_001,Regular Season,6,person_silva,Silva,0.1740,,1000,42,https://docs.google.com/spreadsheets/d/14N_40jsahiN9DChpnNaPTnFy26If6imVHtqBGDWk6pg/edit#gid=0
season_001,Regular Season,6,person_surskittv,SurskitTV,0.1210,,1000,42,https://docs.google.com/spreadsheets/d/14N_40jsahiN9DChpnNaPTnFy26If6imVHtqBGDWk6pg/edit#gid=0
season_001,Regular Season,7,person_art_n_gaming,Art'n'Gaming,0.0000,,1000,42,https://docs.google.com/spreadsheets/d/14N_40jsahiN9DChpnNaPTnFy26If6imVHtqBGDWk6pg/edit#gid=0
season_001,Regular Season,7,person_daumenkino,DaumenkinoLP,0.0050,,1000,42,https://docs.google.com/spreadsheets/d/14N_40jsahiN9DChpnNaPTnFy26If6imVHtqBGDWk6pg/edit#gid=0
season_001,Regular Season,7,person_diaswordplay,DiaSwordPlay,0.0060,,1000,42,https://docs.google.com/spreadsheets/d/14N_40jsahiN9DChpnNaPTnFy26If6imVHtqBGDWk6pg/edit#gid=0
season_001,Regular Season,7,person_dirtyd64,DirtyD64,0.0010,,1000,42,https://docs.google.com/spreadsheets/d/14N_40jsahiN9DChpnNaPTnFy26If6imVHtqBGDWk6pg/edit#gid=0
season_001,Regular Season,7,person_fanmadeletsplay,FanmadeLetsPlay,0.0000,,1000,42,https://docs.google.com/spreadsheets/d/14N_40jsahiN9DChpnNaPTnFy26If6imVHtqBGDWk6pg/edit#gid=0
season_001,Regular Season,7,person_fnupa,Cabgolord,0.0000,,1000,42,https://docs.google.com/spreadsheets/d/14N_40jsahiN9DChpnNaPTnFy26If6imVHtqBGDWk6pg/edit#gid=0
season_001,Regular Season,7,person_morbolth,Morbolth,0.0010,,1000,42,https://docs.google.com/spreadsheets/d/14N_40jsahiN9DChpnNaPTnFy26If6imVHtqBGDWk6pg/edit#gid=0
season_001,Regular Season,7,person_pokemonfakten,PokemonFakten,0.0000,,1000,42,https://docs.google.com/spreadsheets/d/14N_40jsahiN9DChpnNaPTnFy26If6imVHtqBGDWk6pg/edit#gid=0
season_001,Regular Season,7,person_present,PresentLP,0.7380,,1000,42,https://docs.google.com/spreadsheets/d/14N_40jsahiN9DChpnNaPTnFy26If6imVHtqBGDWk6pg/edit#gid=0
season_001,Regular Season,7,person_raizor,Raizor,0.0000,,1000,42,https://docs.google.com/spreadsheets/d/14N_40jsahiN9DChpnNaPTnFy26If6imVHtqBGDWk6pg/edit#gid=0
season_001,Regular Season,7,person_shiro,Shiro,0.0360,,1000,42,https://docs.google.com/spreadsheets/d/14N_40jsahiN9DChpnNaPTnFy26If6imVHtqBGDWk6pg/edit#gid=0
season_001,Regular Season,7,person_silva,Silva,0.1830,,1000,42,https://docs.google.com/spreadsheets/d/14N_40jsahiN9DChpnNaPTnFy26If6imVHtqBGDWk6pg/edit#gid=0
season_001,Regular Season,7,person_surskittv,SurskitTV,0.0300,,1000,42,https://docs.google.com/spreadsheets/d/14N_40jsahiN9DChpnNaPTnFy26If6imVHtqBGDWk6pg/edit#gid=0
season_001,Regular Season,8,person_art_n_gaming,Art'n'Gaming,0.0000,,1000,42,https://docs.google.com/spreadsheets/d/14N_40jsahiN9DChpnNaPTnFy26If6imVHtqBGDWk6pg/edit#gid=0
season_001,Regular Season,8,person_daumenkino,DaumenkinoLP,0.0040,,1000,42,https://docs.google.com/spreadsheets/d/14N_40jsahiN9DChpnNaPTnFy26If6imVHtqBGDWk6pg/edit#gid=0
season_001,Regular Season,8,person_diaswordplay,DiaSwordPlay,0.0000,,1000,42,https://docs.google.com/spreadsheets/d/14N_40jsahiN9DChpnNaPTnFy26If6imVHtqBGDWk6pg/edit#gid=0
season_001,Regular Season,8,person_dirtyd64,DirtyD64,0.0020,,1000,42,https://docs.google.com/spreadsheets/d/14N_40jsahiN9DChpnNaPTnFy26If6imVHtqBGDWk6pg/edit#gid=0
season_001,Regular Season,8,person_fanmadeletsplay,FanmadeLetsPlay,0.0000,,1000,42,https://docs.google.com/spreadsheets/d/14N_40jsahiN9DChpnNaPTnFy26If6imVHtqBGDWk6pg/edit#gid=0
season_001,Regular Season,8,person_fnupa,Cabgolord,0.0000,,1000,42,https://docs.google.com/spreadsheets/d/14N_40jsahiN9DChpnNaPTnFy26If6imVHtqBGDWk6pg/edit#gid=0
season_001,Regular Season,8,person_morbolth,Morbolth,0.0000,,1000,42,https://docs.google.com/spreadsheets/d/14N_40jsahiN9DChpnNaPTnFy26If6imVHtqBGDWk6pg/edit#gid=0
season_001,Regular Season,8,person_pokemonfakten,PokemonFakten,0.0000,,1000,42,https://docs.google.com/spreadsheets/d/14N_40jsahiN9DChpnNaPTnFy26If6imVHtqBGDWk6pg/edit#gid=0
season_001,Regular Season,8,person_present,PresentLP,0.7890,,1000,42,https://docs.google.com/spreadsheets/d/14N_40jsahiN9DChpnNaPTnFy26If6imVHtqBGDWk6pg/edit#gid=0
season_001,Regular Season,8,person_raizor,Raizor,0.0000,,1000,42,https://docs.google.com/spreadsheets/d/14N_40jsahiN9DChpnNaPTnFy26If6imVHtqBGDWk6pg/edit#gid=0
season_001,Regular Season,8,person_shiro,Shiro,0.0090,,1000,42,https://docs.google.com/spreadsheets/d/14N_40jsahiN9DChpnNaPTnFy26If6imVHtqBGDWk6pg/edit#gid=0
season_001,Regular Season,8,person_silva,Silva,0.1880,,1000,42,https://docs.google.com/spreadsheets/d/14N_40jsahiN9DChpnNaPTnFy26If6imVHtqBGDWk6pg/edit#gid=0
season_001,Regular Season,8,person_surskittv,SurskitTV,0.0080,,1000,42,https://docs.google.com/spreadsheets/d/14N_40jsahiN9DChpnNaPTnFy26If6imVHtqBGDWk6pg/edit#gid=0
season_001,Regular Season,9,person_art_n_gaming,Art'n'Gaming,0.0000,,1000,42,https://docs.google.com/spreadsheets/d/14N_40jsahiN9DChpnNaPTnFy26If6imVHtqBGDWk6pg/edit#gid=0
season_001,Regular Season,9,person_daumenkino,DaumenkinoLP,0.0080,,1000,42,https://docs.google.com/spreadsheets/d/14N_40jsahiN9DChpnNaPTnFy26If6imVHtqBGDWk6pg/edit#gid=0
season_001,Regular Season,9,person_diaswordplay,DiaSwordPlay,0.0000,,1000,42,https://docs.google.com/spreadsheets/d/14N_40jsahiN9DChpnNaPTnFy26If6imVHtqBGDWk6pg/edit#gid=0
season_001,Regular Season,9,person_dirtyd64,DirtyD64,0.0030,,1000,42,https://docs.google.com/spreadsheets/d/14N_40jsahiN9DChpnNaPTnFy26If6imVHtqBGDWk6pg/edit#gid=0
season_001,Regular Season,9,person_fanmadeletsplay,FanmadeLetsPlay,0.0000,,1000,42,https://docs.google.com/spreadsheets/d/14N_40jsahiN9DChpnNaPTnFy26If6imVHtqBGDWk6pg/edit#gid=0
season_001,Regular Season,9,person_fnupa,Cabgolord,0.0000,,1000,42,https://docs.google.com/spreadsheets/d/14N_40jsahiN9DChpnNaPTnFy26If6imVHtqBGDWk6pg/edit#gid=0
season_001,Regular Season,9,person_morbolth,Morbolth,0.0000,,1000,42,https://docs.google.com/spreadsheets/d/14N_40jsahiN9DChpnNaPTnFy26If6imVHtqBGDWk6pg/edit#gid=0
season_001,Regular Season,9,person_pokemonfakten,PokemonFakten,0.0000,,1000,42,https://docs.google.com/spreadsheets/d/14N_40jsahiN9DChpnNaPTnFy26If6imVHtqBGDWk6pg/edit#gid=0
season_001,Regular Season,9,person_present,PresentLP,0.9200,,1000,42,https://docs.google.com/spreadsheets/d/14N_40jsahiN9DChpnNaPTnFy26If6imVHtqBGDWk6pg/edit#gid=0
season_001,Regular Season,9,person_raizor,Raizor,0.0020,,1000,42,https://docs.google.com/spreadsheets/d/14N_40jsahiN9DChpnNaPTnFy26If6imVHtqBGDWk6pg/edit#gid=0
season_001,Regular Season,9,person_shiro,Shiro,0.0060,,1000,42,https://docs.google.com/spreadsheets/d/14N_40jsahiN9DChpnNaPTnFy26If6imVHtqBGDWk6pg/edit#gid=0
season_001,Regular Season,9,person_silva,Silva,0.0610,,1000,42,https://docs.google.com/spreadsheets/d/14N_40jsahiN9DChpnNaPTnFy26If6imVHtqBGDWk6pg/edit#gid=0
season_001,Regular Season,9,person_surskittv,SurskitTV,0.0000,,1000,42,https://docs.google.com/spreadsheets/d/14N_40jsahiN9DChpnNaPTnFy26If6imVHtqBGDWk6pg/edit#gid=0
season_001,Regular Season,10,person_art_n_gaming,Art'n'Gaming,0.0000,,1000,42,https://docs.google.com/spreadsheets/d/14N_40jsahiN9DChpnNaPTnFy26If6imVHtqBGDWk6pg/edit#gid=0
season_001,Regular Season,10,person_daumenkino,DaumenkinoLP,0.0000,,1000,42,https://docs.google.com/spreadsheets/d/14N_40jsahiN9DChpnNaPTnFy26If6imVHtqBGDWk6pg/edit#gid=0
season_001,Regular Season,10,person_diaswordplay,DiaSwordPlay,0.0000,,1000,42,https://docs.google.com/spreadsheets/d/14N_40jsahiN9DChpnNaPTnFy26If6imVHtqBGDWk6pg/edit#gid=0
season_001,Regular Season,10,person_dirtyd64,DirtyD64,0.0000,,1000,42,https://docs.google.com/spreadsheets/d/14N_40jsahiN9DChpnNaPTnFy26If6imVHtqBGDWk6pg/edit#gid=0
season_001,Regular Season,10,person_fanmadeletsplay,FanmadeLetsPlay,0.0000,,1000,42,https://docs.google.com/spreadsheets/d/14N_40jsahiN9DChpnNaPTnFy26If6imVHtqBGDWk6pg/edit#gid=0
season_001,Regular Season,10,person_fnupa,Cabgolord,0.0000,,1000,42,https://docs.google.com/spreadsheets/d/14N_40jsahiN9DChpnNaPTnFy26If6imVHtqBGDWk6pg/edit#gid=0
season_001,Regular Season,10,person_morbolth,Morbolth,0.0000,,1000,42,https://docs.google.com/spreadsheets/d/14N_40jsahiN9DChpnNaPTnFy26If6imVHtqBGDWk6pg/edit#gid=0
season_001,Regular Season,10,person_pokemonfakten,PokemonFakten,0.0000,,1000,42,https://docs.google.com/spreadsheets/d/14N_40jsahiN9DChpnNaPTnFy26If6imVHtqBGDWk6pg/edit#gid=0
season_001,Regular Season,10,person_present,PresentLP,0.9260,,1000,42,https://docs.google.com/spreadsheets/d/14N_40jsahiN9DChpnNaPTnFy26If6imVHtqBGDWk6pg/edit#gid=0
season_001,Regular Season,10,person_raizor,Raizor,0.0040,,1000,42,https://docs.google.com/spreadsheets/d/14N_40jsahiN9DChpnNaPTnFy26If6imVHtqBGDWk6pg/edit#gid=0
season_001,Regular Season,10,person_shiro,Shiro,0.0010,,1000,42,https://docs.google.com/spreadsheets/d/14N_40jsahiN9DChpnNaPTnFy26If6imVHtqBGDWk6pg/edit#gid=0
season_001,Regular Season,10,person_silva,Silva,0.0690,,1000,42,https://docs.google.com/spreadsheets/d/14N_40jsahiN9DChpnNaPTnFy26If6imVHtqBGDWk6pg/edit#gid=0
season_001,Regular Season,10,person_surskittv,SurskitTV,0.0000,,1000,42,https://docs.google.com/spreadsheets/d/14N_40jsahiN9DChpnNaPTnFy26If6imVHtqBGDWk6pg/edit#gid=0
season_001,Regular Season,11,person_art_n_gaming,Art'n'Gaming,0.0000,,1000,42,https://docs.google.com/spreadsheets/d/14N_40jsahiN9DChpnNaPTnFy26If6imVHtqBGDWk6pg/edit#gid=0
season_001,Regular Season,11,person_daumenkino,DaumenkinoLP,0.0060,,1000,42,https://docs.google.com/spreadsheets/d/14N_40jsahiN9DChpnNaPTnFy26If6imVHtqBGDWk6pg/edit#gid=0
season_001,Regular Season,11,person_diaswordplay,DiaSwordPlay,0.0000,,1000,42,https://docs.google.com/spreadsheets/d/14N_40jsahiN9DChpnNaPTnFy26If6imVHtqBGDWk6pg/edit#gid=0
season_001,Regular Season,11,person_dirtyd64,DirtyD64,0.0000,,1000,42,https://docs.google.com/spreadsheets/d/14N_40jsahiN9DChpnNaPTnFy26If6imVHtqBGDWk6pg/edit#gid=0
season_001,Regular Season,11,person_fanmadeletsplay,FanmadeLetsPlay,0.0000,,1000,42,https://docs.google.com/spreadsheets/d/14N_40jsahiN9DChpnNaPTnFy26If6imVHtqBGDWk6pg/edit#gid=0
season_001,Regular Season,11,person_fnupa,Cabgolord,0.0000,,1000,42,https://docs.google.com/spreadsheets/d/14N_40jsahiN9DChpnNaPTnFy26If6imVHtqBGDWk6pg/edit#gid=0
season_001,Regular Season,11,person_morbolth,Morbolth,0.0000,,1000,42,https://docs.google.com/spreadsheets/d/14N_40jsahiN9DChpnNaPTnFy26If6imVHtqBGDWk6pg/edit#gid=0
season_001,Regular Season,11,person_pokemonfakten,PokemonFakten,0.0000,,1000,42,https://docs.google.com/spreadsheets/d/14N_40jsahiN9DChpnNaPTnFy26If6imVHtqBGDWk6pg/edit#gid=0
season_001,Regular Season,11,person_present,PresentLP,0.9670,,1000,42,https://docs.google.com/spreadsheets/d/14N_40jsahiN9DChpnNaPTnFy26If6imVHtqBGDWk6pg/edit#gid=0
season_001,Regular Season,11,person_raizor,Raizor,0.0010,,1000,42,https://docs.google.com/spreadsheets/d/14N_40jsahiN9DChpnNaPTnFy26If6imVHtqBGDWk6pg/edit#gid=0
season_001,Regular Season,11,person_shiro,Shiro,0.0020,,1000,42,https://docs.google.com/spreadsheets/d/14N_40jsahiN9DChpnNaPTnFy26If6imVHtqBGDWk6pg/edit#gid=0
season_001,Regular Season,11,person_silva,Silva,0.0240,,1000,42,https://docs.google.com/spreadsheets/d/14N_40jsahiN9DChpnNaPTnFy26If6imVHtqBGDWk6pg/edit#gid=0
season_001,Regular Season,11,person_surskittv,SurskitTV,0.0000,,1000,42,https://docs.google.com/spreadsheets/d/14N_40jsahiN9DChpnNaPTnFy26If6imVHtqBGDWk6pg/edit#gid=0
season_001,Regular Season,12,person_art_n_gaming,Art'n'Gaming,0.0000,,1000,42,https://docs.google.com/spreadsheets/d/14N_40jsahiN9DChpnNaPTnFy26If6imVHtqBGDWk6pg/edit#gid=0
season_001,Regular Season,12,person_daumenkino,DaumenkinoLP,0.0100,,1000,42,https://docs.google.com/spreadsheets/d/14N_40jsahiN9DChpnNaPTnFy26If6imVHtqBGDWk6pg/edit#gid=0
season_001,Regular Season,12,person_diaswordplay,DiaSwordPlay,0.0000,,1000,42,https://docs.google.com/spreadsheets/d/14N_40jsahiN9DChpnNaPTnFy26If6imVHtqBGDWk6pg/edit#gid=0
season_001,Regular Season,12,person_dirtyd64,DirtyD64,0.0000,,1000,42,https://docs.google.com/spreadsheets/d/14N_40jsahiN9DChpnNaPTnFy26If6imVHtqBGDWk6pg/edit#gid=0
season_001,Regular Season,12,person_fanmadeletsplay,FanmadeLetsPlay,0.0000,,1000,42,https://docs.google.com/spreadsheets/d/14N_40jsahiN9DChpnNaPTnFy26If6imVHtqBGDWk6pg/edit#gid=0
season_001,Regular Season,12,person_fnupa,Cabgolord,0.0000,,1000,42,https://docs.google.com/spreadsheets/d/14N_40jsahiN9DChpnNaPTnFy26If6imVHtqBGDWk6pg/edit#gid=0
season_001,Regular Season,12,person_morbolth,Morbolth,0.0000,,1000,42,https://docs.google.com/spreadsheets/d/14N_40jsahiN9DChpnNaPTnFy26If6imVHtqBGDWk6pg/edit#gid=0
season_001,Regular Season,12,person_pokemonfakten,PokemonFakten,0.0000,,1000,42,https://docs.google.com/spreadsheets/d/14N_40jsahiN9DChpnNaPTnFy26If6imVHtqBGDWk6pg/edit#gid=0
season_001,Regular Season,12,person_present,PresentLP,0.9110,,1000,42,https://docs.google.com/spreadsheets/d/14N_40jsahiN9DChpnNaPTnFy26If6imVHtqBGDWk6pg/edit#gid=0
season_001,Regular Season,12,person_raizor,Raizor,0.0000,,1000,42,https://docs.google.com/spreadsheets/d/14N_40jsahiN9DChpnNaPTnFy26If6imVHtqBGDWk6pg/edit#gid=0
season_001,Regular Season,12,person_shiro,Shiro,0.0030,,1000,42,https://docs.google.com/spreadsheets/d/14N_40jsahiN9DChpnNaPTnFy26If6imVHtqBGDWk6pg/edit#gid=0
season_001,Regular Season,12,person_silva,Silva,0.0760,,1000,42,https://docs.google.com/spreadsheets/d/14N_40jsahiN9DChpnNaPTnFy26If6imVHtqBGDWk6pg/edit#gid=0
season_001,Regular Season,12,person_surskittv,SurskitTV,0.0000,,1000,42,https://docs.google.com/spreadsheets/d/14N_40jsahiN9DChpnNaPTnFy26If6imVHtqBGDWk6pg/edit#gid=0
season_001,Regular Season,13,person_art_n_gaming,Art'n'Gaming,0.0000,,1000,42,https://docs.google.com/spreadsheets/d/14N_40jsahiN9DChpnNaPTnFy26If6imVHtqBGDWk6pg/edit#gid=0
season_001,Regular Season,13,person_daumenkino,DaumenkinoLP,0.0180,,1000,42,https://docs.google.com/spreadsheets/d/14N_40jsahiN9DChpnNaPTnFy26If6imVHtqBGDWk6pg/edit#gid=0
season_001,Regular Season,13,person_diaswordplay,DiaSwordPlay,0.0000,,1000,42,https://docs.google.com/spreadsheets/d/14N_40jsahiN9DChpnNaPTnFy26If6imVHtqBGDWk6pg/edit#gid=0
season_001,Regular Season,13,person_dirtyd64,DirtyD64,0.0000,,1000,42,https://docs.google.com/spreadsheets/d/14N_40jsahiN9DChpnNaPTnFy26If6imVHtqBGDWk6pg/edit#gid=0
season_001,Regular Season,13,person_fanmadeletsplay,FanmadeLetsPlay,0.0000,,1000,42,https://docs.google.com/spreadsheets/d/14N_40jsahiN9DChpnNaPTnFy26If6imVHtqBGDWk6pg/edit#gid=0
season_001,Regular Season,13,person_fnupa,Cabgolord,0.0000,,1000,42,https://docs.google.com/spreadsheets/d/14N_40jsahiN9DChpnNaPTnFy26If6imVHtqBGDWk6pg/edit#gid=0
season_001,Regular Season,13,person_morbolth,Morbolth,0.0000,,1000,42,https://docs.google.com/spreadsheets/d/14N_40jsahiN9DChpnNaPTnFy26If6imVHtqBGDWk6pg/edit#gid=0
season_001,Regular Season,13,person_pokemonfakten,PokemonFakten,0.0000,,1000,42,https://docs.google.com/spreadsheets/d/14N_40jsahiN9DChpnNaPTnFy26If6imVHtqBGDWk6pg/edit#gid=0
season_001,Regular Season,13,person_present,PresentLP,0.9700,,1000,42,https://docs.google.com/spreadsheets/d/14N_40jsahiN9DChpnNaPTnFy26If6imVHtqBGDWk6pg/edit#gid=0
season_001,Regular Season,13,person_raizor,Raizor,0.0000,,1000,42,https://docs.google.com/spreadsheets/d/14N_40jsahiN9DChpnNaPTnFy26If6imVHtqBGDWk6pg/edit#gid=0
season_001,Regular Season,13,person_shiro,Shiro,0.0010,,1000,42,https://docs.google.com/spreadsheets/d/14N_40jsahiN9DChpnNaPTnFy26If6imVHtqBGDWk6pg/edit#gid=0
season_001,Regular Season,13,person_silva,Silva,0.0110,,1000,42,https://docs.google.com/spreadsheets/d/14N_40jsahiN9DChpnNaPTnFy26If6imVHtqBGDWk6pg/edit#gid=0
season_001,Regular Season,13,person_surskittv,SurskitTV,0.0000,,1000,42,https://docs.google.com/spreadsheets/d/14N_40jsahiN9DChpnNaPTnFy26If6imVHtqBGDWk6pg/edit#gid=0
season_001,Regular Season,14,person_art_n_gaming,Art'n'Gaming,0.0000,,1000,42,https://docs.google.com/spreadsheets/d/14N_40jsahiN9DChpnNaPTnFy26If6imVHtqBGDWk6pg/edit#gid=0
season_001,Regular Season,14,person_daumenkino,DaumenkinoLP,0.0010,,1000,42,https://docs.google.com/spreadsheets/d/14N_40jsahiN9DChpnNaPTnFy26If6imVHtqBGDWk6pg/edit#gid=0
season_001,Regular Season,14,person_diaswordplay,DiaSwordPlay,0.0000,,1000,42,https://docs.google.com/spreadsheets/d/14N_40jsahiN9DChpnNaPTnFy26If6imVHtqBGDWk6pg/edit#gid=0
season_001,Regular Season,14,person_dirtyd64,DirtyD64,0.0000,,1000,42,https://docs.google.com/spreadsheets/d/14N_40jsahiN9DChpnNaPTnFy26If6imVHtqBGDWk6pg/edit#gid=0
season_001,Regular Season,14,person_fanmadeletsplay,FanmadeLetsPlay,0.0000,,1000,42,https://docs.google.com/spreadsheets/d/14N_40jsahiN9DChpnNaPTnFy26If6imVHtqBGDWk6pg/edit#gid=0
season_001,Regular Season,14,person_fnupa,Cabgolord,0.0000,,1000,42,https://docs.google.com/spreadsheets/d/14N_40jsahiN9DChpnNaPTnFy26If6imVHtqBGDWk6pg/edit#gid=0
season_001,Regular Season,14,person_morbolth,Morbolth,0.0000,,1000,42,https://docs.google.com/spreadsheets/d/14N_40jsahiN9DChpnNaPTnFy26If6imVHtqBGDWk6pg/edit#gid=0
season_001,Regular Season,14,person_pokemonfakten,PokemonFakten,0.0000,,1000,42,https://docs.google.com/spreadsheets/d/14N_40jsahiN9DChpnNaPTnFy26If6imVHtqBGDWk6pg/edit#gid=0
season_001,Regular Season,14,person_present,PresentLP,0.9980,,1000,42,https://docs.google.com/spreadsheets/d/14N_40jsahiN9DChpnNaPTnFy26If6imVHtqBGDWk6pg/edit#gid=0
season_001,Regular Season,14,person_raizor,Raizor,0.0000,,1000,42,https://docs.google.com/spreadsheets/d/14N_40jsahiN9DChpnNaPTnFy26If6imVHtqBGDWk6pg/edit#gid=0
season_001,Regular Season,14,person_shiro,Shiro,0.0000,,1000,42,https://docs.google.com/spreadsheets/d/14N_40jsahiN9DChpnNaPTnFy26If6imVHtqBGDWk6pg/edit#gid=0
season_001,Regular Season,14,person_silva,Silva,0.0010,,1000,42,https://docs.google.com/spreadsheets/d/14N_40jsahiN9DChpnNaPTnFy26If6imVHtqBGDWk6pg/edit#gid=0
season_001,Regular Season,14,person_surskittv,SurskitTV,0.0000,,1000,42,https://docs.google.com/spreadsheets/d/14N_40jsahiN9DChpnNaPTnFy26If6imVHtqBGDWk6pg/edit#gid=0
season_001,Regular Season,15,person_art_n_gaming,Art'n'Gaming,0.0000,,1000,42,https://docs.google.com/spreadsheets/d/14N_40jsahiN9DChpnNaPTnFy26If6imVHtqBGDWk6pg/edit#gid=0
season_001,Regular Season,15,person_daumenkino,DaumenkinoLP,0.0000,,1000,42,https://docs.google.com/spreadsheets/d/14N_40jsahiN9DChpnNaPTnFy26If6imVHtqBGDWk6pg/edit#gid=0
season_001,Regular Season,15,person_diaswordplay,DiaSwordPlay,0.0000,,1000,42,https://docs.google.com/spreadsheets/d/14N_40jsahiN9DChpnNaPTnFy26If6imVHtqBGDWk6pg/edit#gid=0
season_001,Regular Season,15,person_dirtyd64,DirtyD64,0.0000,,1000,42,https://docs.google.com/spreadsheets/d/14N_40jsahiN9DChpnNaPTnFy26If6imVHtqBGDWk6pg/edit#gid=0
season_001,Regular Season,15,person_fanmadeletsplay,FanmadeLetsPlay,0.0000,,1000,42,https://docs.google.com/spreadsheets/d/14N_40jsahiN9DChpnNaPTnFy26If6imVHtqBGDWk6pg/edit#gid=0
season_001,Regular Season,15,person_fnupa,Cabgolord,0.0000,,1000,42,https://docs.google.com/spreadsheets/d/14N_40jsahiN9DChpnNaPTnFy26If6imVHtqBGDWk6pg/edit#gid=0
season_001,Regular Season,15,person_morbolth,Morbolth,0.0000,,1000,42,https://docs.google.com/spreadsheets/d/14N_40jsahiN9DChpnNaPTnFy26If6imVHtqBGDWk6pg/edit#gid=0
season_001,Regular Season,15,person_pokemonfakten,PokemonFakten,0.0000,,1000,42,https://docs.google.com/spreadsheets/d/14N_40jsahiN9DChpnNaPTnFy26If6imVHtqBGDWk6pg/edit#gid=0
season_001,Regular Season,15,person_present,PresentLP,1.0000,,1000,42,https://docs.google.com/spreadsheets/d/14N_40jsahiN9DChpnNaPTnFy26If6imVHtqBGDWk6pg/edit#gid=0
season_001,Regular Season,15,person_raizor,Raizor,0.0000,,1000,42,https://docs.google.com/spreadsheets/d/14N_40jsahiN9DChpnNaPTnFy26If6imVHtqBGDWk6pg/edit#gid=0
season_001,Regular Season,15,person_shiro,Shiro,0.0000,,1000,42,https://docs.google.com/spreadsheets/d/14N_40jsahiN9DChpnNaPTnFy26If6imVHtqBGDWk6pg/edit#gid=0
season_001,Regular Season,15,person_silva,Silva,0.0000,,1000,42,https://docs.google.com/spreadsheets/d/14N_40jsahiN9DChpnNaPTnFy26If6imVHtqBGDWk6pg/edit#gid=0
season_001,Regular Season,15,person_surskittv,SurskitTV,0.0000,,1000,42,https://docs.google.com/spreadsheets/d/14N_40jsahiN9DChpnNaPTnFy26If6imVHtqBGDWk6pg/edit#gid=0
season_001,Regular Season,16,person_art_n_gaming,Art'n'Gaming,0.0000,,1000,42,https://docs.google.com/spreadsheets/d/14N_40jsahiN9DChpnNaPTnFy26If6imVHtqBGDWk6pg/edit#gid=0
season_001,Regular Season,16,person_daumenkino,DaumenkinoLP,0.0000,,1000,42,https://docs.google.com/spreadsheets/d/14N_40jsahiN9DChpnNaPTnFy26If6imVHtqBGDWk6pg/edit#gid=0
season_001,Regular Season,16,person_diaswordplay,DiaSwordPlay,0.0000,,1000,42,https://docs.google.com/spreadsheets/d/14N_40jsahiN9DChpnNaPTnFy26If6imVHtqBGDWk6pg/edit#gid=0
season_001,Regular Season,16,person_dirtyd64,DirtyD64,0.0000,,1000,42,https://docs.google.com/spreadsheets/d/14N_40jsahiN9DChpnNaPTnFy26If6imVHtqBGDWk6pg/edit#gid=0
season_001,Regular Season,16,person_fanmadeletsplay,FanmadeLetsPlay,0.0000,,1000,42,https://docs.google.com/spreadsheets/d/14N_40jsahiN9DChpnNaPTnFy26If6imVHtqBGDWk6pg/edit#gid=0
season_001,Regular Season,16,person_fnupa,Cabgolord,0.0000,,1000,42,https://docs.google.com/spreadsheets/d/14N_40jsahiN9DChpnNaPTnFy26If6imVHtqBGDWk6pg/edit#gid=0
season_001,Regular Season,16,person_morbolth,Morbolth,0.0000,,1000,42,https://docs.google.com/spreadsheets/d/14N_40jsahiN9DChpnNaPTnFy26If6imVHtqBGDWk6pg/edit#gid=0
season_001,Regular Season,16,person_pokemonfakten,PokemonFakten,0.0000,,1000,42,https://docs.google.com/spreadsheets/d/14N_40jsahiN9DChpnNaPTnFy26If6imVHtqBGDWk6pg/edit#gid=0
season_001,Regular Season,16,person_present,PresentLP,1.0000,,1000,42,https://docs.google.com/spreadsheets/d/14N_40jsahiN9DChpnNaPTnFy26If6imVHtqBGDWk6pg/edit#gid=0
season_001,Regular Season,16,person_raizor,Raizor,0.0000,,1000,42,https://docs.google.com/spreadsheets/d/14N_40jsahiN9DChpnNaPTnFy26If6imVHtqBGDWk6pg/edit#gid=0
season_001,Regular Season,16,person_shiro,Shiro,0.0000,,1000,42,https://docs.google.com/spreadsheets/d/14N_40jsahiN9DChpnNaPTnFy26If6imVHtqBGDWk6pg/edit#gid=0
season_001,Regular Season,16,person_silva,Silva,0.0000,,1000,42,https://docs.google.com/spreadsheets/d/14N_40jsahiN9DChpnNaPTnFy26If6imVHtqBGDWk6pg/edit#gid=0
season_001,Regular Season,16,person_surskittv,SurskitTV,0.0000,,1000,42,https://docs.google.com/spreadsheets/d/14N_40jsahiN9DChpnNaPTnFy26If6imVHtqBGDWk6pg/edit#gid=0
season_001,Regular Season,17,person_art_n_gaming,Art'n'Gaming,0.0000,,1000,42,https://docs.google.com/spreadsheets/d/14N_40jsahiN9DChpnNaPTnFy26If6imVHtqBGDWk6pg/edit#gid=0
season_001,Regular Season,17,person_daumenkino,DaumenkinoLP,0.0000,,1000,42,https://docs.google.com/spreadsheets/d/14N_40jsahiN9DChpnNaPTnFy26If6imVHtqBGDWk6pg/edit#gid=0
season_001,Regular Season,17,person_diaswordplay,DiaSwordPlay,0.0000,,1000,42,https://docs.google.com/spreadsheets/d/14N_40jsahiN9DChpnNaPTnFy26If6imVHtqBGDWk6pg/edit#gid=0
season_001,Regular Season,17,person_dirtyd64,DirtyD64,0.0000,,1000,42,https://docs.google.com/spreadsheets/d/14N_40jsahiN9DChpnNaPTnFy26If6imVHtqBGDWk6pg/edit#gid=0
season_001,Regular Season,17,person_fanmadeletsplay,FanmadeLetsPlay,0.0000,,1000,42,https://docs.google.com/spreadsheets/d/14N_40jsahiN9DChpnNaPTnFy26If6imVHtqBGDWk6pg/edit#gid=0
season_001,Regular Season,17,person_fnupa,Cabgolord,0.0000,,1000,42,https://docs.google.com/spreadsheets/d/14N_40jsahiN9DChpnNaPTnFy26If6imVHtqBGDWk6pg/edit#gid=0
season_001,Regular Season,17,person_morbolth,Morbolth,0.0000,,1000,42,https://docs.google.com/spreadsheets/d/14N_40jsahiN9DChpnNaPTnFy26If6imVHtqBGDWk6pg/edit#gid=0
season_001,Regular Season,17,person_pokemonfakten,PokemonFakten,0.0000,,1000,42,https://docs.google.com/spreadsheets/d/14N_40jsahiN9DChpnNaPTnFy26If6imVHtqBGDWk6pg/edit#gid=0
season_001,Regular Season,17,person_present,PresentLP,1.0000,,1000,42,https://docs.google.com/spreadsheets/d/14N_40jsahiN9DChpnNaPTnFy26If6imVHtqBGDWk6pg/edit#gid=0
season_001,Regular Season,17,person_raizor,Raizor,0.0000,,1000,42,https://docs.google.com/spreadsheets/d/14N_40jsahiN9DChpnNaPTnFy26If6imVHtqBGDWk6pg/edit#gid=0
season_001,Regular Season,17,person_shiro,Shiro,0.0000,,1000,42,https://docs.google.com/spreadsheets/d/14N_40jsahiN9DChpnNaPTnFy26If6imVHtqBGDWk6pg/edit#gid=0
season_001,Regular Season,17,person_silva,Silva,0.0000,,1000,42,https://docs.google.com/spreadsheets/d/14N_40jsahiN9DChpnNaPTnFy26If6imVHtqBGDWk6pg/edit#gid=0
season_001,Regular Season,17,person_surskittv,SurskitTV,0.0000,,1000,42,https://docs.google.com/spreadsheets/d/14N_40jsahiN9DChpnNaPTnFy26If6imVHtqBGDWk6pg/edit#gid=0
season_001,Regular Season,18,person_art_n_gaming,Art'n'Gaming,0.0000,,1000,42,https://docs.google.com/spreadsheets/d/14N_40jsahiN9DChpnNaPTnFy26If6imVHtqBGDWk6pg/edit#gid=0
season_001,Regular Season,18,person_daumenkino,DaumenkinoLP,0.0000,,1000,42,https://docs.google.com/spreadsheets/d/14N_40jsahiN9DChpnNaPTnFy26If6imVHtqBGDWk6pg/edit#gid=0
season_001,Regular Season,18,person_diaswordplay,DiaSwordPlay,0.0000,,1000,42,https://docs.google.com/spreadsheets/d/14N_40jsahiN9DChpnNaPTnFy26If6imVHtqBGDWk6pg/edit#gid=0
season_001,Regular Season,18,person_dirtyd64,DirtyD64,0.0000,,1000,42,https://docs.google.com/spreadsheets/d/14N_40jsahiN9DChpnNaPTnFy26If6imVHtqBGDWk6pg/edit#gid=0
season_001,Regular Season,18,person_fanmadeletsplay,FanmadeLetsPlay,0.0000,,1000,42,https://docs.google.com/spreadsheets/d/14N_40jsahiN9DChpnNaPTnFy26If6imVHtqBGDWk6pg/edit#gid=0
season_001,Regular Season,18,person_fnupa,Cabgolord,0.0000,,1000,42,https://docs.google.com/spreadsheets/d/14N_40jsahiN9DChpnNaPTnFy26If6imVHtqBGDWk6pg/edit#gid=0
season_001,Regular Season,18,person_morbolth,Morbolth,0.0000,,1000,42,https://docs.google.com/spreadsheets/d/14N_40jsahiN9DChpnNaPTnFy26If6imVHtqBGDWk6pg/edit#gid=0
season_001,Regular Season,18,person_pokemonfakten,PokemonFakten,0.0000,,1000,42,https://docs.google.com/spreadsheets/d/14N_40jsahiN9DChpnNaPTnFy26If6imVHtqBGDWk6pg/edit#gid=0
season_001,Regular Season,18,person_present,PresentLP,1.0000,,1000,42,https://docs.google.com/spreadsheets/d/14N_40jsahiN9DChpnNaPTnFy26If6imVHtqBGDWk6pg/edit#gid=0
season_001,Regular Season,18,person_raizor,Raizor,0.0000,,1000,42,https://docs.google.com/spreadsheets/d/14N_40jsahiN9DChpnNaPTnFy26If6imVHtqBGDWk6pg/edit#gid=0
season_001,Regular Season,18,person_shiro,Shiro,0.0000,,1000,42,https://docs.google.com/spreadsheets/d/14N_40jsahiN9DChpnNaPTnFy26If6imVHtqBGDWk6pg/edit#gid=0
season_001,Regular Season,18,person_silva,Silva,0.0000,,1000,42,https://docs.google.com/spreadsheets/d/14N_40jsahiN9DChpnNaPTnFy26If6imVHtqBGDWk6pg/edit#gid=0
season_001,Regular Season,18,person_surskittv,SurskitTV,0.0000,,1000,42,https://docs.google.com/spreadsheets/d/14N_40jsahiN9DChpnNaPTnFy26If6imVHtqBGDWk6pg/edit#gid=0
season_001,Regular Season,19,person_art_n_gaming,Art'n'Gaming,0.0000,,1000,42,https://docs.google.com/spreadsheets/d/14N_40jsahiN9DChpnNaPTnFy26If6imVHtqBGDWk6pg/edit#gid=0
season_001,Regular Season,19,person_daumenkino,DaumenkinoLP,0.0000,,1000,42,https://docs.google.com/spreadsheets/d/14N_40jsahiN9DChpnNaPTnFy26If6imVHtqBGDWk6pg/edit#gid=0
season_001,Regular Season,19,person_diaswordplay,DiaSwordPlay,0.0000,,1000,42,https://docs.google.com/spreadsheets/d/14N_40jsahiN9DChpnNaPTnFy26If6imVHtqBGDWk6pg/edit#gid=0
season_001,Regular Season,19,person_dirtyd64,DirtyD64,0.0000,,1000,42,https://docs.google.com/spreadsheets/d/14N_40jsahiN9DChpnNaPTnFy26If6imVHtqBGDWk6pg/edit#gid=0
season_001,Regular Season,19,person_fanmadeletsplay,FanmadeLetsPlay,0.0000,,1000,42,https://docs.google.com/spreadsheets/d/14N_40jsahiN9DChpnNaPTnFy26If6imVHtqBGDWk6pg/edit#gid=0
season_001,Regular Season,19,person_fnupa,Cabgolord,0.0000,,1000,42,https://docs.google.com/spreadsheets/d/14N_40jsahiN9DChpnNaPTnFy26If6imVHtqBGDWk6pg/edit#gid=0
season_001,Regular Season,19,person_morbolth,Morbolth,0.0000,,1000,42,https://docs.google.com/spreadsheets/d/14N_40jsahiN9DChpnNaPTnFy26If6imVHtqBGDWk6pg/edit#gid=0
season_001,Regular Season,19,person_pokemonfakten,PokemonFakten,0.0000,,1000,42,https://docs.google.com/spreadsheets/d/14N_40jsahiN9DChpnNaPTnFy26If6imVHtqBGDWk6pg/edit#gid=0
season_001,Regular Season,19,person_present,PresentLP,1.0000,,1000,42,https://docs.google.com/spreadsheets/d/14N_40jsahiN9DChpnNaPTnFy26If6imVHtqBGDWk6pg/edit#gid=0
season_001,Regular Season,19,person_raizor,Raizor,0.0000,,1000,42,https://docs.google.com/spreadsheets/d/14N_40jsahiN9DChpnNaPTnFy26If6imVHtqBGDWk6pg/edit#gid=0
season_001,Regular Season,19,person_shiro,Shiro,0.0000,,1000,42,https://docs.google.com/spreadsheets/d/14N_40jsahiN9DChpnNaPTnFy26If6imVHtqBGDWk6pg/edit#gid=0
season_001,Regular Season,19,person_silva,Silva,0.0000,,1000,42,https://docs.google.com/spreadsheets/d/14N_40jsahiN9DChpnNaPTnFy26If6imVHtqBGDWk6pg/edit#gid=0
season_001,Regular Season,19,person_surskittv,SurskitTV,0.0000,,1000,42,https://docs.google.com/spreadsheets/d/14N_40jsahiN9DChpnNaPTnFy26If6imVHtqBGDWk6pg/edit#gid=0
season_001,Regular Season,20,person_art_n_gaming,Art'n'Gaming,0.0000,,1000,42,https://docs.google.com/spreadsheets/d/14N_40jsahiN9DChpnNaPTnFy26If6imVHtqBGDWk6pg/edit#gid=0
season_001,Regular Season,20,person_daumenkino,DaumenkinoLP,0.0000,,1000,42,https://docs.google.com/spreadsheets/d/14N_40jsahiN9DChpnNaPTnFy26If6imVHtqBGDWk6pg/edit#gid=0
season_001,Regular Season,20,person_diaswordplay,DiaSwordPlay,0.0000,,1000,42,https://docs.google.com/spreadsheets/d/14N_40jsahiN9DChpnNaPTnFy26If6imVHtqBGDWk6pg/edit#gid=0
season_001,Regular Season,20,person_dirtyd64,DirtyD64,0.0000,,1000,42,https://docs.google.com/spreadsheets/d/14N_40jsahiN9DChpnNaPTnFy26If6imVHtqBGDWk6pg/edit#gid=0
season_001,Regular Season,20,person_fanmadeletsplay,FanmadeLetsPlay,0.0000,,1000,42,https://docs.google.com/spreadsheets/d/14N_40jsahiN9DChpnNaPTnFy26If6imVHtqBGDWk6pg/edit#gid=0
season_001,Regular Season,20,person_fnupa,Cabgolord,0.0000,,1000,42,https://docs.google.com/spreadsheets/d/14N_40jsahiN9DChpnNaPTnFy26If6imVHtqBGDWk6pg/edit#gid=0
season_001,Regular Season,20,person_morbolth,Morbolth,0.0000,,1000,42,https://docs.google.com/spreadsheets/d/14N_40jsahiN9DChpnNaPTnFy26If6imVHtqBGDWk6pg/edit#gid=0
season_001,Regular Season,20,person_pokemonfakten,PokemonFakten,0.0000,,1000,42,https://docs.google.com/spreadsheets/d/14N_40jsahiN9DChpnNaPTnFy26If6imVHtqBGDWk6pg/edit#gid=0
season_001,Regular Season,20,person_present,PresentLP,1.0000,,1000,42,https://docs.google.com/spreadsheets/d/14N_40jsahiN9DChpnNaPTnFy26If6imVHtqBGDWk6pg/edit#gid=0
season_001,Regular Season,20,person_raizor,Raizor,0.0000,,1000,42,https://docs.google.com/spreadsheets/d/14N_40jsahiN9DChpnNaPTnFy26If6imVHtqBGDWk6pg/edit#gid=0
season_001,Regular Season,20,person_shiro,Shiro,0.0000,,1000,42,https://docs.google.com/spreadsheets/d/14N_40jsahiN9DChpnNaPTnFy26If6imVHtqBGDWk6pg/edit#gid=0
season_001,Regular Season,20,person_silva,Silva,0.0000,,1000,42,https://docs.google.com/spreadsheets/d/14N_40jsahiN9DChpnNaPTnFy26If6imVHtqBGDWk6pg/edit#gid=0
season_001,Regular Season,20,person_surskittv,SurskitTV,0.0000,,1000,42,https://docs.google.com/spreadsheets/d/14N_40jsahiN9DChpnNaPTnFy26If6imVHtqBGDWk6pg/edit#gid=0
season_002,Liga 2,1,person_captaincrinch,CaptainCrinch,0.1380,,1000,42,https://docs.google.com/spreadsheets/d/1Jc6mBqbU8wYKfz3WxfpxsWbj_6xaZB6OmoCRPGzGJLM/edit#gid=0
season_002,Liga 2,1,person_domibri,Domibri,0.1210,,1000,42,https://docs.google.com/spreadsheets/d/1Jc6mBqbU8wYKfz3WxfpxsWbj_6xaZB6OmoCRPGzGJLM/edit#gid=0
season_002,Liga 2,1,person_letskayze,LetsKayze,0.0140,,1000,42,https://docs.google.com/spreadsheets/d/1Jc6mBqbU8wYKfz3WxfpxsWbj_6xaZB6OmoCRPGzGJLM/edit#gid=0
season_002,Liga 2,1,person_lightgaming,LightGaming,0.0190,,1000,42,https://docs.google.com/spreadsheets/d/1Jc6mBqbU8wYKfz3WxfpxsWbj_6xaZB6OmoCRPGzGJLM/edit#gid=0
season_002,Liga 2,1,person_lucariolp,LucarioLP,0.1540,,1000,42,https://docs.google.com/spreadsheets/d/1Jc6mBqbU8wYKfz3WxfpxsWbj_6xaZB6OmoCRPGzGJLM/edit#gid=0
season_002,Liga 2,1,person_minetube,Minetube,0.0100,,1000,42,https://docs.google.com/spreadsheets/d/1Jc6mBqbU8wYKfz3WxfpxsWbj_6xaZB6OmoCRPGzGJLM/edit#gid=0
season_002,Liga 2,1,person_parsifani,Parsifani,0.1130,,1000,42,https://docs.google.com/spreadsheets/d/1Jc6mBqbU8wYKfz3WxfpxsWbj_6xaZB6OmoCRPGzGJLM/edit#gid=0
season_002,Liga 2,1,person_pentaplayer,PentaPlayer,0.0130,,1000,42,https://docs.google.com/spreadsheets/d/1Jc6mBqbU8wYKfz3WxfpxsWbj_6xaZB6OmoCRPGzGJLM/edit#gid=0
season_002,Liga 2,1,person_pokebazi,PokeBazi,0.1060,,1000,42,https://docs.google.com/spreadsheets/d/1Jc6mBqbU8wYKfz3WxfpxsWbj_6xaZB6OmoCRPGzGJLM/edit#gid=0
season_002,Liga 2,1,person_pokebree,PokéBree,0.0150,,1000,42,https://docs.google.com/spreadsheets/d/1Jc6mBqbU8wYKfz3WxfpxsWbj_6xaZB6OmoCRPGzGJLM/edit#gid=0
season_002,Liga 2,1,person_raikani,Raikani,0.1230,,1000,42,https://docs.google.com/spreadsheets/d/1Jc6mBqbU8wYKfz3WxfpxsWbj_6xaZB6OmoCRPGzGJLM/edit#gid=0
season_002,Liga 2,1,person_shizumania,Shizumania,0.0230,,1000,42,https://docs.google.com/spreadsheets/d/1Jc6mBqbU8wYKfz3WxfpxsWbj_6xaZB6OmoCRPGzGJLM/edit#gid=0
season_002,Liga 2,1,person_wolvx,WolvX,0.1350,,1000,42,https://docs.google.com/spreadsheets/d/1Jc6mBqbU8wYKfz3WxfpxsWbj_6xaZB6OmoCRPGzGJLM/edit#gid=0
season_002,Liga 2,1,person_zant,Zant,0.0160,,1000,42,https://docs.google.com/spreadsheets/d/1Jc6mBqbU8wYKfz3WxfpxsWbj_6xaZB6OmoCRPGzGJLM/edit#gid=0
season_002,Liga 2,2,person_captaincrinch,CaptainCrinch,0.2560,,1000,42,https://docs.google.com/spreadsheets/d/1Jc6mBqbU8wYKfz3WxfpxsWbj_6xaZB6OmoCRPGzGJLM/edit#gid=0
season_002,Liga 2,2,person_domibri,Domibri,0.1860,,1000,42,https://docs.google.com/spreadsheets/d/1Jc6mBqbU8wYKfz3WxfpxsWbj_6xaZB6OmoCRPGzGJLM/edit#gid=0
season_002,Liga 2,2,person_letskayze,LetsKayze,0.0070,,1000,42,https://docs.google.com/spreadsheets/d/1Jc6mBqbU8wYKfz3WxfpxsWbj_6xaZB6OmoCRPGzGJLM/edit#gid=0
season_002,Liga 2,2,person_lightgaming,LightGaming,0.0350,,1000,42,https://docs.google.com/spreadsheets/d/1Jc6mBqbU8wYKfz3WxfpxsWbj_6xaZB6OmoCRPGzGJLM/edit#gid=0
season_002,Liga 2,2,person_lucariolp,LucarioLP,0.0420,,1000,42,https://docs.google.com/spreadsheets/d/1Jc6mBqbU8wYKfz3WxfpxsWbj_6xaZB6OmoCRPGzGJLM/edit#gid=0
season_002,Liga 2,2,person_minetube,Minetube,0.0070,,1000,42,https://docs.google.com/spreadsheets/d/1Jc6mBqbU8wYKfz3WxfpxsWbj_6xaZB6OmoCRPGzGJLM/edit#gid=0
season_002,Liga 2,2,person_parsifani,Parsifani,0.1640,,1000,42,https://docs.google.com/spreadsheets/d/1Jc6mBqbU8wYKfz3WxfpxsWbj_6xaZB6OmoCRPGzGJLM/edit#gid=0
season_002,Liga 2,2,person_pentaplayer,PentaPlayer,0.0020,,1000,42,https://docs.google.com/spreadsheets/d/1Jc6mBqbU8wYKfz3WxfpxsWbj_6xaZB6OmoCRPGzGJLM/edit#gid=0
season_002,Liga 2,2,person_pokebazi,PokeBazi,0.1820,,1000,42,https://docs.google.com/spreadsheets/d/1Jc6mBqbU8wYKfz3WxfpxsWbj_6xaZB6OmoCRPGzGJLM/edit#gid=0
season_002,Liga 2,2,person_pokebree,PokéBree,0.0340,,1000,42,https://docs.google.com/spreadsheets/d/1Jc6mBqbU8wYKfz3WxfpxsWbj_6xaZB6OmoCRPGzGJLM/edit#gid=0
season_002,Liga 2,2,person_raikani,Raikani,0.0270,,1000,42,https://docs.google.com/spreadsheets/d/1Jc6mBqbU8wYKfz3WxfpxsWbj_6xaZB6OmoCRPGzGJLM/edit#gid=0
season_002,Liga 2,2,person_shizumania,Shizumania,0.0290,,1000,42,https://docs.google.com/spreadsheets/d/1Jc6mBqbU8wYKfz3WxfpxsWbj_6xaZB6OmoCRPGzGJLM/edit#gid=0
season_002,Liga 2,2,person_wolvx,WolvX,0.0270,,1000,42,https://docs.google.com/spreadsheets/d/1Jc6mBqbU8wYKfz3WxfpxsWbj_6xaZB6OmoCRPGzGJLM/edit#gid=0
season_002,Liga 2,2,person_zant,Zant,0.0020,,1000,42,https://docs.google.com/spreadsheets/d/1Jc6mBqbU8wYKfz3WxfpxsWbj_6xaZB6OmoCRPGzGJLM/edit#gid=0
season_002,Liga 2,3,person_captaincrinch,CaptainCrinch,0.0940,,1000,42,https://docs.google.com/spreadsheets/d/1Jc6mBqbU8wYKfz3WxfpxsWbj_6xaZB6OmoCRPGzGJLM/edit#gid=0
season_002,Liga 2,3,person_domibri,Domibri,0.0940,,1000,42,https://docs.google.com/spreadsheets/d/1Jc6mBqbU8wYKfz3WxfpxsWbj_6xaZB6OmoCRPGzGJLM/edit#gid=0
season_002,Liga 2,3,person_letskayze,LetsKayze,0.0130,,1000,42,https://docs.google.com/spreadsheets/d/1Jc6mBqbU8wYKfz3WxfpxsWbj_6xaZB6OmoCRPGzGJLM/edit#gid=0
season_002,Liga 2,3,person_lightgaming,LightGaming,0.0060,,1000,42,https://docs.google.com/spreadsheets/d/1Jc6mBqbU8wYKfz3WxfpxsWbj_6xaZB6OmoCRPGzGJLM/edit#gid=0
season_002,Liga 2,3,person_lucariolp,LucarioLP,0.1450,,1000,42,https://docs.google.com/spreadsheets/d/1Jc6mBqbU8wYKfz3WxfpxsWbj_6xaZB6OmoCRPGzGJLM/edit#gid=0
season_002,Liga 2,3,person_minetube,Minetube,0.0100,,1000,42,https://docs.google.com/spreadsheets/d/1Jc6mBqbU8wYKfz3WxfpxsWbj_6xaZB6OmoCRPGzGJLM/edit#gid=0
season_002,Liga 2,3,person_parsifani,Parsifani,0.0620,,1000,42,https://docs.google.com/spreadsheets/d/1Jc6mBqbU8wYKfz3WxfpxsWbj_6xaZB6OmoCRPGzGJLM/edit#gid=0
season_002,Liga 2,3,person_pentaplayer,PentaPlayer,0.0010,,1000,42,https://docs.google.com/spreadsheets/d/1Jc6mBqbU8wYKfz3WxfpxsWbj_6xaZB6OmoCRPGzGJLM/edit#gid=0
season_002,Liga 2,3,person_pokebazi,PokeBazi,0.3750,,1000,42,https://docs.google.com/spreadsheets/d/1Jc6mBqbU8wYKfz3WxfpxsWbj_6xaZB6OmoCRPGzGJLM/edit#gid=0
season_002,Liga 2,3,person_pokebree,PokéBree,0.0870,,1000,42,https://docs.google.com/spreadsheets/d/1Jc6mBqbU8wYKfz3WxfpxsWbj_6xaZB6OmoCRPGzGJLM/edit#gid=0
season_002,Liga 2,3,person_raikani,Raikani,0.0800,,1000,42,https://docs.google.com/spreadsheets/d/1Jc6mBqbU8wYKfz3WxfpxsWbj_6xaZB6OmoCRPGzGJLM/edit#gid=0
season_002,Liga 2,3,person_shizumania,Shizumania,0.0070,,1000,42,https://docs.google.com/spreadsheets/d/1Jc6mBqbU8wYKfz3WxfpxsWbj_6xaZB6OmoCRPGzGJLM/edit#gid=0
season_002,Liga 2,3,person_wolvx,WolvX,0.0110,,1000,42,https://docs.google.com/spreadsheets/d/1Jc6mBqbU8wYKfz3WxfpxsWbj_6xaZB6OmoCRPGzGJLM/edit#gid=0
season_002,Liga 2,3,person_zant,Zant,0.0150,,1000,42,https://docs.google.com/spreadsheets/d/1Jc6mBqbU8wYKfz3WxfpxsWbj_6xaZB6OmoCRPGzGJLM/edit#gid=0
season_002,Liga 2,4,person_captaincrinch,CaptainCrinch,0.1070,,1000,42,https://docs.google.com/spreadsheets/d/1Jc6mBqbU8wYKfz3WxfpxsWbj_6xaZB6OmoCRPGzGJLM/edit#gid=0
season_002,Liga 2,4,person_domibri,Domibri,0.0610,,1000,42,https://docs.google.com/spreadsheets/d/1Jc6mBqbU8wYKfz3WxfpxsWbj_6xaZB6OmoCRPGzGJLM/edit#gid=0
season_002,Liga 2,4,person_letskayze,LetsKayze,0.0040,,1000,42,https://docs.google.com/spreadsheets/d/1Jc6mBqbU8wYKfz3WxfpxsWbj_6xaZB6OmoCRPGzGJLM/edit#gid=0
season_002,Liga 2,4,person_lightgaming,LightGaming,0.0260,,1000,42,https://docs.google.com/spreadsheets/d/1Jc6mBqbU8wYKfz3WxfpxsWbj_6xaZB6OmoCRPGzGJLM/edit#gid=0
season_002,Liga 2,4,person_lucariolp,LucarioLP,0.1620,,1000,42,https://docs.google.com/spreadsheets/d/1Jc6mBqbU8wYKfz3WxfpxsWbj_6xaZB6OmoCRPGzGJLM/edit#gid=0
season_002,Liga 2,4,person_minetube,Minetube,0.0150,,1000,42,https://docs.google.com/spreadsheets/d/1Jc6mBqbU8wYKfz3WxfpxsWbj_6xaZB6OmoCRPGzGJLM/edit#gid=0
season_002,Liga 2,4,person_parsifani,Parsifani,0.0530,,1000,42,https://docs.google.com/spreadsheets/d/1Jc6mBqbU8wYKfz3WxfpxsWbj_6xaZB6OmoCRPGzGJLM/edit#gid=0
season_002,Liga 2,4,person_pentaplayer,PentaPlayer,0.0000,,1000,42,https://docs.google.com/spreadsheets/d/1Jc6mBqbU8wYKfz3WxfpxsWbj_6xaZB6OmoCRPGzGJLM/edit#gid=0
season_002,Liga 2,4,person_pokebazi,PokeBazi,0.4290,,1000,42,https://docs.google.com/spreadsheets/d/1Jc6mBqbU8wYKfz3WxfpxsWbj_6xaZB6OmoCRPGzGJLM/edit#gid=0
season_002,Liga 2,4,person_pokebree,PokéBree,0.1160,,1000,42,https://docs.google.com/spreadsheets/d/1Jc6mBqbU8wYKfz3WxfpxsWbj_6xaZB6OmoCRPGzGJLM/edit#gid=0
season_002,Liga 2,4,person_raikani,Raikani,0.0200,,1000,42,https://docs.google.com/spreadsheets/d/1Jc6mBqbU8wYKfz3WxfpxsWbj_6xaZB6OmoCRPGzGJLM/edit#gid=0
season_002,Liga 2,4,person_shizumania,Shizumania,0.0030,,1000,42,https://docs.google.com/spreadsheets/d/1Jc6mBqbU8wYKfz3WxfpxsWbj_6xaZB6OmoCRPGzGJLM/edit#gid=0
season_002,Liga 2,4,person_wolvx,WolvX,0.0040,,1000,42,https://docs.google.com/spreadsheets/d/1Jc6mBqbU8wYKfz3WxfpxsWbj_6xaZB6OmoCRPGzGJLM/edit#gid=0
season_002,Liga 2,4,person_zant,Zant,0.0000,,1000,42,https://docs.google.com/spreadsheets/d/1Jc6mBqbU8wYKfz3WxfpxsWbj_6xaZB6OmoCRPGzGJLM/edit#gid=0
season_002,Liga 2,5,person_captaincrinch,CaptainCrinch,0.1550,,1000,42,https://docs.google.com/spreadsheets/d/1Jc6mBqbU8wYKfz3WxfpxsWbj_6xaZB6OmoCRPGzGJLM/edit#gid=0
season_002,Liga 2,5,person_domibri,Domibri,0.0590,,1000,42,https://docs.google.com/spreadsheets/d/1Jc6mBqbU8wYKfz3WxfpxsWbj_6xaZB6OmoCRPGzGJLM/edit#gid=0
season_002,Liga 2,5,person_letskayze,LetsKayze,0.0010,,1000,42,https://docs.google.com/spreadsheets/d/1Jc6mBqbU8wYKfz3WxfpxsWbj_6xaZB6OmoCRPGzGJLM/edit#gid=0
season_002,Liga 2,5,person_lightgaming,LightGaming,0.0300,,1000,42,https://docs.google.com/spreadsheets/d/1Jc6mBqbU8wYKfz3WxfpxsWbj_6xaZB6OmoCRPGzGJLM/edit#gid=0
season_002,Liga 2,5,person_lucariolp,LucarioLP,0.1900,,1000,42,https://docs.google.com/spreadsheets/d/1Jc6mBqbU8wYKfz3WxfpxsWbj_6xaZB6OmoCRPGzGJLM/edit#gid=0
season_002,Liga 2,5,person_minetube,Minetube,0.0050,,1000,42,https://docs.google.com/spreadsheets/d/1Jc6mBqbU8wYKfz3WxfpxsWbj_6xaZB6OmoCRPGzGJLM/edit#gid=0
season_002,Liga 2,5,person_parsifani,Parsifani,0.0680,,1000,42,https://docs.google.com/spreadsheets/d/1Jc6mBqbU8wYKfz3WxfpxsWbj_6xaZB6OmoCRPGzGJLM/edit#gid=0
season_002,Liga 2,5,person_pentaplayer,PentaPlayer,0.0000,,1000,42,https://docs.google.com/spreadsheets/d/1Jc6mBqbU8wYKfz3WxfpxsWbj_6xaZB6OmoCRPGzGJLM/edit#gid=0
season_002,Liga 2,5,person_pokebazi,PokeBazi,0.4410,,1000,42,https://docs.google.com/spreadsheets/d/1Jc6mBqbU8wYKfz3WxfpxsWbj_6xaZB6OmoCRPGzGJLM/edit#gid=0
season_002,Liga 2,5,person_pokebree,PokéBree,0.0240,,1000,42,https://docs.google.com/spreadsheets/d/1Jc6mBqbU8wYKfz3WxfpxsWbj_6xaZB6OmoCRPGzGJLM/edit#gid=0
season_002,Liga 2,5,person_raikani,Raikani,0.0260,,1000,42,https://docs.google.com/spreadsheets/d/1Jc6mBqbU8wYKfz3WxfpxsWbj_6xaZB6OmoCRPGzGJLM/edit#gid=0
season_002,Liga 2,5,person_shizumania,Shizumania,0.0010,,1000,42,https://docs.google.com/spreadsheets/d/1Jc6mBqbU8wYKfz3WxfpxsWbj_6xaZB6OmoCRPGzGJLM/edit#gid=0
season_002,Liga 2,5,person_wolvx,WolvX,0.0000,,1000,42,https://docs.google.com/spreadsheets/d/1Jc6mBqbU8wYKfz3WxfpxsWbj_6xaZB6OmoCRPGzGJLM/edit#gid=0
season_002,Liga 2,5,person_zant,Zant,0.0000,,1000,42,https://docs.google.com/spreadsheets/d/1Jc6mBqbU8wYKfz3WxfpxsWbj_6xaZB6OmoCRPGzGJLM/edit#gid=0
season_002,Liga 2,6,person_captaincrinch,CaptainCrinch,0.2090,,1000,42,https://docs.google.com/spreadsheets/d/1Jc6mBqbU8wYKfz3WxfpxsWbj_6xaZB6OmoCRPGzGJLM/edit#gid=0
season_002,Liga 2,6,person_domibri,Domibri,0.0970,,1000,42,https://docs.google.com/spreadsheets/d/1Jc6mBqbU8wYKfz3WxfpxsWbj_6xaZB6OmoCRPGzGJLM/edit#gid=0
season_002,Liga 2,6,person_letskayze,LetsKayze,0.0000,,1000,42,https://docs.google.com/spreadsheets/d/1Jc6mBqbU8wYKfz3WxfpxsWbj_6xaZB6OmoCRPGzGJLM/edit#gid=0
season_002,Liga 2,6,person_lightgaming,LightGaming,0.0040,,1000,42,https://docs.google.com/spreadsheets/d/1Jc6mBqbU8wYKfz3WxfpxsWbj_6xaZB6OmoCRPGzGJLM/edit#gid=0
season_002,Liga 2,6,person_lucariolp,LucarioLP,0.0370,,1000,42,https://docs.google.com/spreadsheets/d/1Jc6mBqbU8wYKfz3WxfpxsWbj_6xaZB6OmoCRPGzGJLM/edit#gid=0
season_002,Liga 2,6,person_minetube,Minetube,0.0000,,1000,42,https://docs.google.com/spreadsheets/d/1Jc6mBqbU8wYKfz3WxfpxsWbj_6xaZB6OmoCRPGzGJLM/edit#gid=0
season_002,Liga 2,6,person_parsifani,Parsifani,0.0650,,1000,42,https://docs.google.com/spreadsheets/d/1Jc6mBqbU8wYKfz3WxfpxsWbj_6xaZB6OmoCRPGzGJLM/edit#gid=0
season_002,Liga 2,6,person_pentaplayer,PentaPlayer,0.0000,,1000,42,https://docs.google.com/spreadsheets/d/1Jc6mBqbU8wYKfz3WxfpxsWbj_6xaZB6OmoCRPGzGJLM/edit#gid=0
season_002,Liga 2,6,person_pokebazi,PokeBazi,0.5550,,1000,42,https://docs.google.com/spreadsheets/d/1Jc6mBqbU8wYKfz3WxfpxsWbj_6xaZB6OmoCRPGzGJLM/edit#gid=0
season_002,Liga 2,6,person_pokebree,PokéBree,0.0030,,1000,42,https://docs.google.com/spreadsheets/d/1Jc6mBqbU8wYKfz3WxfpxsWbj_6xaZB6OmoCRPGzGJLM/edit#gid=0
season_002,Liga 2,6,person_raikani,Raikani,0.0290,,1000,42,https://docs.google.com/spreadsheets/d/1Jc6mBqbU8wYKfz3WxfpxsWbj_6xaZB6OmoCRPGzGJLM/edit#gid=0
season_002,Liga 2,6,person_shizumania,Shizumania,0.0000,,1000,42,https://docs.google.com/spreadsheets/d/1Jc6mBqbU8wYKfz3WxfpxsWbj_6xaZB6OmoCRPGzGJLM/edit#gid=0
season_002,Liga 2,6,person_wolvx,WolvX,0.0010,,1000,42,https://docs.google.com/spreadsheets/d/1Jc6mBqbU8wYKfz3WxfpxsWbj_6xaZB6OmoCRPGzGJLM/edit#gid=0
season_002,Liga 2,6,person_zant,Zant,0.0000,,1000,42,https://docs.google.com/spreadsheets/d/1Jc6mBqbU8wYKfz3WxfpxsWbj_6xaZB6OmoCRPGzGJLM/edit#gid=0
season_002,Liga 2,7,person_captaincrinch,CaptainCrinch,0.0430,,1000,42,https://docs.google.com/spreadsheets/d/1Jc6mBqbU8wYKfz3WxfpxsWbj_6xaZB6OmoCRPGzGJLM/edit#gid=0
season_002,Liga 2,7,person_domibri,Domibri,0.1060,,1000,42,https://docs.google.com/spreadsheets/d/1Jc6mBqbU8wYKfz3WxfpxsWbj_6xaZB6OmoCRPGzGJLM/edit#gid=0
season_002,Liga 2,7,person_letskayze,LetsKayze,0.0000,,1000,42,https://docs.google.com/spreadsheets/d/1Jc6mBqbU8wYKfz3WxfpxsWbj_6xaZB6OmoCRPGzGJLM/edit#gid=0
season_002,Liga 2,7,person_lightgaming,LightGaming,0.0090,,1000,42,https://docs.google.com/spreadsheets/d/1Jc6mBqbU8wYKfz3WxfpxsWbj_6xaZB6OmoCRPGzGJLM/edit#gid=0
season_002,Liga 2,7,person_lucariolp,LucarioLP,0.0550,,1000,42,https://docs.google.com/spreadsheets/d/1Jc6mBqbU8wYKfz3WxfpxsWbj_6xaZB6OmoCRPGzGJLM/edit#gid=0
season_002,Liga 2,7,person_minetube,Minetube,0.0000,,1000,42,https://docs.google.com/spreadsheets/d/1Jc6mBqbU8wYKfz3WxfpxsWbj_6xaZB6OmoCRPGzGJLM/edit#gid=0
season_002,Liga 2,7,person_parsifani,Parsifani,0.0950,,1000,42,https://docs.google.com/spreadsheets/d/1Jc6mBqbU8wYKfz3WxfpxsWbj_6xaZB6OmoCRPGzGJLM/edit#gid=0
season_002,Liga 2,7,person_pentaplayer,PentaPlayer,0.0000,,1000,42,https://docs.google.com/spreadsheets/d/1Jc6mBqbU8wYKfz3WxfpxsWbj_6xaZB6OmoCRPGzGJLM/edit#gid=0
season_002,Liga 2,7,person_pokebazi,PokeBazi,0.6770,,1000,42,https://docs.google.com/spreadsheets/d/1Jc6mBqbU8wYKfz3WxfpxsWbj_6xaZB6OmoCRPGzGJLM/edit#gid=0
season_002,Liga 2,7,person_pokebree,PokéBree,0.0040,,1000,42,https://docs.google.com/spreadsheets/d/1Jc6mBqbU8wYKfz3WxfpxsWbj_6xaZB6OmoCRPGzGJLM/edit#gid=0
season_002,Liga 2,7,person_raikani,Raikani,0.0110,,1000,42,https://docs.google.com/spreadsheets/d/1Jc6mBqbU8wYKfz3WxfpxsWbj_6xaZB6OmoCRPGzGJLM/edit#gid=0
season_002,Liga 2,7,person_shizumania,Shizumania,0.0000,,1000,42,https://docs.google.com/spreadsheets/d/1Jc6mBqbU8wYKfz3WxfpxsWbj_6xaZB6OmoCRPGzGJLM/edit#gid=0
season_002,Liga 2,7,person_wolvx,WolvX,0.0000,,1000,42,https://docs.google.com/spreadsheets/d/1Jc6mBqbU8wYKfz3WxfpxsWbj_6xaZB6OmoCRPGzGJLM/edit#gid=0
season_002,Liga 2,7,person_zant,Zant,0.0000,,1000,42,https://docs.google.com/spreadsheets/d/1Jc6mBqbU8wYKfz3WxfpxsWbj_6xaZB6OmoCRPGzGJLM/edit#gid=0
season_002,Liga 2,8,person_captaincrinch,CaptainCrinch,0.0160,,1000,42,https://docs.google.com/spreadsheets/d/1Jc6mBqbU8wYKfz3WxfpxsWbj_6xaZB6OmoCRPGzGJLM/edit#gid=0
season_002,Liga 2,8,person_domibri,Domibri,0.1370,,1000,42,https://docs.google.com/spreadsheets/d/1Jc6mBqbU8wYKfz3WxfpxsWbj_6xaZB6OmoCRPGzGJLM/edit#gid=0
season_002,Liga 2,8,person_letskayze,LetsKayze,0.0000,,1000,42,https://docs.google.com/spreadsheets/d/1Jc6mBqbU8wYKfz3WxfpxsWbj_6xaZB6OmoCRPGzGJLM/edit#gid=0
season_002,Liga 2,8,person_lightgaming,LightGaming,0.0010,,1000,42,https://docs.google.com/spreadsheets/d/1Jc6mBqbU8wYKfz3WxfpxsWbj_6xaZB6OmoCRPGzGJLM/edit#gid=0
season_002,Liga 2,8,person_lucariolp,LucarioLP,0.0690,,1000,42,https://docs.google.com/spreadsheets/d/1Jc6mBqbU8wYKfz3WxfpxsWbj_6xaZB6OmoCRPGzGJLM/edit#gid=0
season_002,Liga 2,8,person_minetube,Minetube,0.0000,,1000,42,https://docs.google.com/spreadsheets/d/1Jc6mBqbU8wYKfz3WxfpxsWbj_6xaZB6OmoCRPGzGJLM/edit#gid=0
season_002,Liga 2,8,person_parsifani,Parsifani,0.1420,,1000,42,https://docs.google.com/spreadsheets/d/1Jc6mBqbU8wYKfz3WxfpxsWbj_6xaZB6OmoCRPGzGJLM/edit#gid=0
season_002,Liga 2,8,person_pentaplayer,PentaPlayer,0.0000,,1000,42,https://docs.google.com/spreadsheets/d/1Jc6mBqbU8wYKfz3WxfpxsWbj_6xaZB6OmoCRPGzGJLM/edit#gid=0
season_002,Liga 2,8,person_pokebazi,PokeBazi,0.6300,,1000,42,https://docs.google.com/spreadsheets/d/1Jc6mBqbU8wYKfz3WxfpxsWbj_6xaZB6OmoCRPGzGJLM/edit#gid=0
season_002,Liga 2,8,person_pokebree,PokéBree,0.0040,,1000,42,https://docs.google.com/spreadsheets/d/1Jc6mBqbU8wYKfz3WxfpxsWbj_6xaZB6OmoCRPGzGJLM/edit#gid=0
season_002,Liga 2,8,person_raikani,Raikani,0.0010,,1000,42,https://docs.google.com/spreadsheets/d/1Jc6mBqbU8wYKfz3WxfpxsWbj_6xaZB6OmoCRPGzGJLM/edit#gid=0
season_002,Liga 2,8,person_shizumania,Shizumania,0.0000,,1000,42,https://docs.google.com/spreadsheets/d/1Jc6mBqbU8wYKfz3WxfpxsWbj_6xaZB6OmoCRPGzGJLM/edit#gid=0
season_002,Liga 2,8,person_wolvx,WolvX,0.0000,,1000,42,https://docs.google.com/spreadsheets/d/1Jc6mBqbU8wYKfz3WxfpxsWbj_6xaZB6OmoCRPGzGJLM/edit#gid=0
season_002,Liga 2,8,person_zant,Zant,0.0000,,1000,42,https://docs.google.com/spreadsheets/d/1Jc6mBqbU8wYKfz3WxfpxsWbj_6xaZB6OmoCRPGzGJLM/edit#gid=0
season_002,Liga 2,9,person_captaincrinch,CaptainCrinch,0.0110,,1000,42,https://docs.google.com/spreadsheets/d/1Jc6mBqbU8wYKfz3WxfpxsWbj_6xaZB6OmoCRPGzGJLM/edit#gid=0
season_002,Liga 2,9,person_domibri,Domibri,0.1780,,1000,42,https://docs.google.com/spreadsheets/d/1Jc6mBqbU8wYKfz3WxfpxsWbj_6xaZB6OmoCRPGzGJLM/edit#gid=0
season_002,Liga 2,9,person_letskayze,LetsKayze,0.0000,,1000,42,https://docs.google.com/spreadsheets/d/1Jc6mBqbU8wYKfz3WxfpxsWbj_6xaZB6OmoCRPGzGJLM/edit#gid=0
season_002,Liga 2,9,person_lightgaming,LightGaming,0.0000,,1000,42,https://docs.google.com/spreadsheets/d/1Jc6mBqbU8wYKfz3WxfpxsWbj_6xaZB6OmoCRPGzGJLM/edit#gid=0
season_002,Liga 2,9,person_lucariolp,LucarioLP,0.0720,,1000,42,https://docs.google.com/spreadsheets/d/1Jc6mBqbU8wYKfz3WxfpxsWbj_6xaZB6OmoCRPGzGJLM/edit#gid=0
season_002,Liga 2,9,person_minetube,Minetube,0.0000,,1000,42,https://docs.google.com/spreadsheets/d/1Jc6mBqbU8wYKfz3WxfpxsWbj_6xaZB6OmoCRPGzGJLM/edit#gid=0
season_002,Liga 2,9,person_parsifani,Parsifani,0.1330,,1000,42,https://docs.google.com/spreadsheets/d/1Jc6mBqbU8wYKfz3WxfpxsWbj_6xaZB6OmoCRPGzGJLM/edit#gid=0
season_002,Liga 2,9,person_pentaplayer,PentaPlayer,0.0000,,1000,42,https://docs.google.com/spreadsheets/d/1Jc6mBqbU8wYKfz3WxfpxsWbj_6xaZB6OmoCRPGzGJLM/edit#gid=0
season_002,Liga 2,9,person_pokebazi,PokeBazi,0.6060,,1000,42,https://docs.google.com/spreadsheets/d/1Jc6mBqbU8wYKfz3WxfpxsWbj_6xaZB6OmoCRPGzGJLM/edit#gid=0
season_002,Liga 2,9,person_pokebree,PokéBree,0.0000,,1000,42,https://docs.google.com/spreadsheets/d/1Jc6mBqbU8wYKfz3WxfpxsWbj_6xaZB6OmoCRPGzGJLM/edit#gid=0
season_002,Liga 2,9,person_raikani,Raikani,0.0000,,1000,42,https://docs.google.com/spreadsheets/d/1Jc6mBqbU8wYKfz3WxfpxsWbj_6xaZB6OmoCRPGzGJLM/edit#gid=0
season_002,Liga 2,9,person_shizumania,Shizumania,0.0000,,1000,42,https://docs.google.com/spreadsheets/d/1Jc6mBqbU8wYKfz3WxfpxsWbj_6xaZB6OmoCRPGzGJLM/edit#gid=0
season_002,Liga 2,9,person_wolvx,WolvX,0.0000,,1000,42,https://docs.google.com/spreadsheets/d/1Jc6mBqbU8wYKfz3WxfpxsWbj_6xaZB6OmoCRPGzGJLM/edit#gid=0
season_002,Liga 2,9,person_zant,Zant,0.0000,,1000,42,https://docs.google.com/spreadsheets/d/1Jc6mBqbU8wYKfz3WxfpxsWbj_6xaZB6OmoCRPGzGJLM/edit#gid=0
season_002,Liga 2,10,person_captaincrinch,CaptainCrinch,0.0050,,1000,42,https://docs.google.com/spreadsheets/d/1Jc6mBqbU8wYKfz3WxfpxsWbj_6xaZB6OmoCRPGzGJLM/edit#gid=0
season_002,Liga 2,10,person_domibri,Domibri,0.3020,,1000,42,https://docs.google.com/spreadsheets/d/1Jc6mBqbU8wYKfz3WxfpxsWbj_6xaZB6OmoCRPGzGJLM/edit#gid=0
season_002,Liga 2,10,person_letskayze,LetsKayze,0.0000,,1000,42,https://docs.google.com/spreadsheets/d/1Jc6mBqbU8wYKfz3WxfpxsWbj_6xaZB6OmoCRPGzGJLM/edit#gid=0
season_002,Liga 2,10,person_lightgaming,LightGaming,0.0000,,1000,42,https://docs.google.com/spreadsheets/d/1Jc6mBqbU8wYKfz3WxfpxsWbj_6xaZB6OmoCRPGzGJLM/edit#gid=0
season_002,Liga 2,10,person_lucariolp,LucarioLP,0.1500,,1000,42,https://docs.google.com/spreadsheets/d/1Jc6mBqbU8wYKfz3WxfpxsWbj_6xaZB6OmoCRPGzGJLM/edit#gid=0
season_002,Liga 2,10,person_minetube,Minetube,0.0000,,1000,42,https://docs.google.com/spreadsheets/d/1Jc6mBqbU8wYKfz3WxfpxsWbj_6xaZB6OmoCRPGzGJLM/edit#gid=0
season_002,Liga 2,10,person_parsifani,Parsifani,0.2230,,1000,42,https://docs.google.com/spreadsheets/d/1Jc6mBqbU8wYKfz3WxfpxsWbj_6xaZB6OmoCRPGzGJLM/edit#gid=0
season_002,Liga 2,10,person_pentaplayer,PentaPlayer,0.0000,,1000,42,https://docs.google.com/spreadsheets/d/1Jc6mBqbU8wYKfz3WxfpxsWbj_6xaZB6OmoCRPGzGJLM/edit#gid=0
season_002,Liga 2,10,person_pokebazi,PokeBazi,0.3180,,1000,42,https://docs.google.com/spreadsheets/d/1Jc6mBqbU8wYKfz3WxfpxsWbj_6xaZB6OmoCRPGzGJLM/edit#gid=0
season_002,Liga 2,10,person_pokebree,PokéBree,0.0000,,1000,42,https://docs.google.com/spreadsheets/d/1Jc6mBqbU8wYKfz3WxfpxsWbj_6xaZB6OmoCRPGzGJLM/edit#gid=0
season_002,Liga 2,10,person_raikani,Raikani,0.0020,,1000,42,https://docs.google.com/spreadsheets/d/1Jc6mBqbU8wYKfz3WxfpxsWbj_6xaZB6OmoCRPGzGJLM/edit#gid=0
season_002,Liga 2,10,person_shizumania,Shizumania,0.0000,,1000,42,https://docs.google.com/spreadsheets/d/1Jc6mBqbU8wYKfz3WxfpxsWbj_6xaZB6OmoCRPGzGJLM/edit#gid=0
season_002,Liga 2,10,person_wolvx,WolvX,0.0000,,1000,42,https://docs.google.com/spreadsheets/d/1Jc6mBqbU8wYKfz3WxfpxsWbj_6xaZB6OmoCRPGzGJLM/edit#gid=0
season_002,Liga 2,10,person_zant,Zant,0.0000,,1000,42,https://docs.google.com/spreadsheets/d/1Jc6mBqbU8wYKfz3WxfpxsWbj_6xaZB6OmoCRPGzGJLM/edit#gid=0
season_002,Liga 2,11,person_captaincrinch,CaptainCrinch,0.0050,,1000,42,https://docs.google.com/spreadsheets/d/1Jc6mBqbU8wYKfz3WxfpxsWbj_6xaZB6OmoCRPGzGJLM/edit#gid=0
season_002,Liga 2,11,person_domibri,Domibri,0.3780,,1000,42,https://docs.google.com/spreadsheets/d/1Jc6mBqbU8wYKfz3WxfpxsWbj_6xaZB6OmoCRPGzGJLM/edit#gid=0
season_002,Liga 2,11,person_letskayze,LetsKayze,0.0000,,1000,42,https://docs.google.com/spreadsheets/d/1Jc6mBqbU8wYKfz3WxfpxsWbj_6xaZB6OmoCRPGzGJLM/edit#gid=0
season_002,Liga 2,11,person_lightgaming,LightGaming,0.0000,,1000,42,https://docs.google.com/spreadsheets/d/1Jc6mBqbU8wYKfz3WxfpxsWbj_6xaZB6OmoCRPGzGJLM/edit#gid=0
season_002,Liga 2,11,person_lucariolp,LucarioLP,0.2360,,1000,42,https://docs.google.com/spreadsheets/d/1Jc6mBqbU8wYKfz3WxfpxsWbj_6xaZB6OmoCRPGzGJLM/edit#gid=0
season_002,Liga 2,11,person_minetube,Minetube,0.0010,,1000,42,https://docs.google.com/spreadsheets/d/1Jc6mBqbU8wYKfz3WxfpxsWbj_6xaZB6OmoCRPGzGJLM/edit#gid=0
season_002,Liga 2,11,person_parsifani,Parsifani,0.2740,,1000,42,https://docs.google.com/spreadsheets/d/1Jc6mBqbU8wYKfz3WxfpxsWbj_6xaZB6OmoCRPGzGJLM/edit#gid=0
season_002,Liga 2,11,person_pentaplayer,PentaPlayer,0.0000,,1000,42,https://docs.google.com/spreadsheets/d/1Jc6mBqbU8wYKfz3WxfpxsWbj_6xaZB6OmoCRPGzGJLM/edit#gid=0
season_002,Liga 2,11,person_pokebazi,PokeBazi,0.1060,,1000,42,https://docs.google.com/spreadsheets/d/1Jc6mBqbU8wYKfz3WxfpxsWbj_6xaZB6OmoCRPGzGJLM/edit#gid=0
season_002,Liga 2,11,person_pokebree,PokéBree,0.0000,,1000,42,https://docs.google.com/spreadsheets/d/1Jc6mBqbU8wYKfz3WxfpxsWbj_6xaZB6OmoCRPGzGJLM/edit#gid=0
season_002,Liga 2,11,person_raikani,Raikani,0.0000,,1000,42,https://docs.google.com/spreadsheets/d/1Jc6mBqbU8wYKfz3WxfpxsWbj_6xaZB6OmoCRPGzGJLM/edit#gid=0
season_002,Liga 2,11,person_shizumania,Shizumania,0.0000,,1000,42,https://docs.google.com/spreadsheets/d/1Jc6mBqbU8wYKfz3WxfpxsWbj_6xaZB6OmoCRPGzGJLM/edit#gid=0
season_002,Liga 2,11,person_wolvx,WolvX,0.0000,,1000,42,https://docs.google.com/spreadsheets/d/1Jc6mBqbU8wYKfz3WxfpxsWbj_6xaZB6OmoCRPGzGJLM/edit#gid=0
season_002,Liga 2,11,person_zant,Zant,0.0000,,1000,42,https://docs.google.com/spreadsheets/d/1Jc6mBqbU8wYKfz3WxfpxsWbj_6xaZB6OmoCRPGzGJLM/edit#gid=0
season_002,Liga 2,12,person_captaincrinch,CaptainCrinch,0.0000,,1000,42,https://docs.google.com/spreadsheets/d/1Jc6mBqbU8wYKfz3WxfpxsWbj_6xaZB6OmoCRPGzGJLM/edit#gid=0
season_002,Liga 2,12,person_domibri,Domibri,0.1620,,1000,42,https://docs.google.com/spreadsheets/d/1Jc6mBqbU8wYKfz3WxfpxsWbj_6xaZB6OmoCRPGzGJLM/edit#gid=0
season_002,Liga 2,12,person_letskayze,LetsKayze,0.0000,,1000,42,https://docs.google.com/spreadsheets/d/1Jc6mBqbU8wYKfz3WxfpxsWbj_6xaZB6OmoCRPGzGJLM/edit#gid=0
season_002,Liga 2,12,person_lightgaming,LightGaming,0.0000,,1000,42,https://docs.google.com/spreadsheets/d/1Jc6mBqbU8wYKfz3WxfpxsWbj_6xaZB6OmoCRPGzGJLM/edit#gid=0
season_002,Liga 2,12,person_lucariolp,LucarioLP,0.2990,,1000,42,https://docs.google.com/spreadsheets/d/1Jc6mBqbU8wYKfz3WxfpxsWbj_6xaZB6OmoCRPGzGJLM/edit#gid=0
season_002,Liga 2,12,person_minetube,Minetube,0.0030,,1000,42,https://docs.google.com/spreadsheets/d/1Jc6mBqbU8wYKfz3WxfpxsWbj_6xaZB6OmoCRPGzGJLM/edit#gid=0
season_002,Liga 2,12,person_parsifani,Parsifani,0.3540,,1000,42,https://docs.google.com/spreadsheets/d/1Jc6mBqbU8wYKfz3WxfpxsWbj_6xaZB6OmoCRPGzGJLM/edit#gid=0
season_002,Liga 2,12,person_pentaplayer,PentaPlayer,0.0000,,1000,42,https://docs.google.com/spreadsheets/d/1Jc6mBqbU8wYKfz3WxfpxsWbj_6xaZB6OmoCRPGzGJLM/edit#gid=0
season_002,Liga 2,12,person_pokebazi,PokeBazi,0.1820,,1000,42,https://docs.google.com/spreadsheets/d/1Jc6mBqbU8wYKfz3WxfpxsWbj_6xaZB6OmoCRPGzGJLM/edit#gid=0
season_002,Liga 2,12,person_pokebree,PokéBree,0.0000,,1000,42,https://docs.google.com/spreadsheets/d/1Jc6mBqbU8wYKfz3WxfpxsWbj_6xaZB6OmoCRPGzGJLM/edit#gid=0
season_002,Liga 2,12,person_raikani,Raikani,0.0000,,1000,42,https://docs.google.com/spreadsheets/d/1Jc6mBqbU8wYKfz3WxfpxsWbj_6xaZB6OmoCRPGzGJLM/edit#gid=0
season_002,Liga 2,12,person_shizumania,Shizumania,0.0000,,1000,42,https://docs.google.com/spreadsheets/d/1Jc6mBqbU8wYKfz3WxfpxsWbj_6xaZB6OmoCRPGzGJLM/edit#gid=0
season_002,Liga 2,12,person_wolvx,WolvX,0.0000,,1000,42,https://docs.google.com/spreadsheets/d/1Jc6mBqbU8wYKfz3WxfpxsWbj_6xaZB6OmoCRPGzGJLM/edit#gid=0
season_002,Liga 2,12,person_zant,Zant,0.0000,,1000,42,https://docs.google.com/spreadsheets/d/1Jc6mBqbU8wYKfz3WxfpxsWbj_6xaZB6OmoCRPGzGJLM/edit#gid=0
season_002,Liga 2,13,person_captaincrinch,CaptainCrinch,0.0000,,1000,42,https://docs.google.com/spreadsheets/d/1Jc6mBqbU8wYKfz3WxfpxsWbj_6xaZB6OmoCRPGzGJLM/edit#gid=0
season_002,Liga 2,13,person_domibri,Domibri,0.2140,,1000,42,https://docs.google.com/spreadsheets/d/1Jc6mBqbU8wYKfz3WxfpxsWbj_6xaZB6OmoCRPGzGJLM/edit#gid=0
season_002,Liga 2,13,person_letskayze,LetsKayze,0.0000,,1000,42,https://docs.google.com/spreadsheets/d/1Jc6mBqbU8wYKfz3WxfpxsWbj_6xaZB6OmoCRPGzGJLM/edit#gid=0
season_002,Liga 2,13,person_lightgaming,LightGaming,0.0000,,1000,42,https://docs.google.com/spreadsheets/d/1Jc6mBqbU8wYKfz3WxfpxsWbj_6xaZB6OmoCRPGzGJLM/edit#gid=0
season_002,Liga 2,13,person_lucariolp,LucarioLP,0.3600,,1000,42,https://docs.google.com/spreadsheets/d/1Jc6mBqbU8wYKfz3WxfpxsWbj_6xaZB6OmoCRPGzGJLM/edit#gid=0
season_002,Liga 2,13,person_minetube,Minetube,0.0050,,1000,42,https://docs.google.com/spreadsheets/d/1Jc6mBqbU8wYKfz3WxfpxsWbj_6xaZB6OmoCRPGzGJLM/edit#gid=0
season_002,Liga 2,13,person_parsifani,Parsifani,0.2670,,1000,42,https://docs.google.com/spreadsheets/d/1Jc6mBqbU8wYKfz3WxfpxsWbj_6xaZB6OmoCRPGzGJLM/edit#gid=0
season_002,Liga 2,13,person_pentaplayer,PentaPlayer,0.0000,,1000,42,https://docs.google.com/spreadsheets/d/1Jc6mBqbU8wYKfz3WxfpxsWbj_6xaZB6OmoCRPGzGJLM/edit#gid=0
season_002,Liga 2,13,person_pokebazi,PokeBazi,0.1540,,1000,42,https://docs.google.com/spreadsheets/d/1Jc6mBqbU8wYKfz3WxfpxsWbj_6xaZB6OmoCRPGzGJLM/edit#gid=0
season_002,Liga 2,13,person_pokebree,PokéBree,0.0000,,1000,42,https://docs.google.com/spreadsheets/d/1Jc6mBqbU8wYKfz3WxfpxsWbj_6xaZB6OmoCRPGzGJLM/edit#gid=0
season_002,Liga 2,13,person_raikani,Raikani,0.0000,,1000,42,https://docs.google.com/spreadsheets/d/1Jc6mBqbU8wYKfz3WxfpxsWbj_6xaZB6OmoCRPGzGJLM/edit#gid=0
season_002,Liga 2,13,person_shizumania,Shizumania,0.0000,,1000,42,https://docs.google.com/spreadsheets/d/1Jc6mBqbU8wYKfz3WxfpxsWbj_6xaZB6OmoCRPGzGJLM/edit#gid=0
season_002,Liga 2,13,person_wolvx,WolvX,0.0000,,1000,42,https://docs.google.com/spreadsheets/d/1Jc6mBqbU8wYKfz3WxfpxsWbj_6xaZB6OmoCRPGzGJLM/edit#gid=0
season_002,Liga 2,13,person_zant,Zant,0.0000,,1000,42,https://docs.google.com/spreadsheets/d/1Jc6mBqbU8wYKfz3WxfpxsWbj_6xaZB6OmoCRPGzGJLM/edit#gid=0
season_002,Liga 2,14,person_captaincrinch,CaptainCrinch,0.0000,,1000,42,https://docs.google.com/spreadsheets/d/1Jc6mBqbU8wYKfz3WxfpxsWbj_6xaZB6OmoCRPGzGJLM/edit#gid=0
season_002,Liga 2,14,person_domibri,Domibri,0.2470,,1000,42,https://docs.google.com/spreadsheets/d/1Jc6mBqbU8wYKfz3WxfpxsWbj_6xaZB6OmoCRPGzGJLM/edit#gid=0
season_002,Liga 2,14,person_letskayze,LetsKayze,0.0000,,1000,42,https://docs.google.com/spreadsheets/d/1Jc6mBqbU8wYKfz3WxfpxsWbj_6xaZB6OmoCRPGzGJLM/edit#gid=0
season_002,Liga 2,14,person_lightgaming,LightGaming,0.0000,,1000,42,https://docs.google.com/spreadsheets/d/1Jc6mBqbU8wYKfz3WxfpxsWbj_6xaZB6OmoCRPGzGJLM/edit#gid=0
season_002,Liga 2,14,person_lucariolp,LucarioLP,0.4030,,1000,42,https://docs.google.com/spreadsheets/d/1Jc6mBqbU8wYKfz3WxfpxsWbj_6xaZB6OmoCRPGzGJLM/edit#gid=0
season_002,Liga 2,14,person_minetube,Minetube,0.0060,,1000,42,https://docs.google.com/spreadsheets/d/1Jc6mBqbU8wYKfz3WxfpxsWbj_6xaZB6OmoCRPGzGJLM/edit#gid=0
season_002,Liga 2,14,person_parsifani,Parsifani,0.3020,,1000,42,https://docs.google.com/spreadsheets/d/1Jc6mBqbU8wYKfz3WxfpxsWbj_6xaZB6OmoCRPGzGJLM/edit#gid=0
season_002,Liga 2,14,person_pentaplayer,PentaPlayer,0.0000,,1000,42,https://docs.google.com/spreadsheets/d/1Jc6mBqbU8wYKfz3WxfpxsWbj_6xaZB6OmoCRPGzGJLM/edit#gid=0
season_002,Liga 2,14,person_pokebazi,PokeBazi,0.0420,,1000,42,https://docs.google.com/spreadsheets/d/1Jc6mBqbU8wYKfz3WxfpxsWbj_6xaZB6OmoCRPGzGJLM/edit#gid=0
season_002,Liga 2,14,person_pokebree,PokéBree,0.0000,,1000,42,https://docs.google.com/spreadsheets/d/1Jc6mBqbU8wYKfz3WxfpxsWbj_6xaZB6OmoCRPGzGJLM/edit#gid=0
season_002,Liga 2,14,person_raikani,Raikani,0.0000,,1000,42,https://docs.google.com/spreadsheets/d/1Jc6mBqbU8wYKfz3WxfpxsWbj_6xaZB6OmoCRPGzGJLM/edit#gid=0
season_002,Liga 2,14,person_shizumania,Shizumania,0.0000,,1000,42,https://docs.google.com/spreadsheets/d/1Jc6mBqbU8wYKfz3WxfpxsWbj_6xaZB6OmoCRPGzGJLM/edit#gid=0
season_002,Liga 2,14,person_wolvx,WolvX,0.0000,,1000,42,https://docs.google.com/spreadsheets/d/1Jc6mBqbU8wYKfz3WxfpxsWbj_6xaZB6OmoCRPGzGJLM/edit#gid=0
season_002,Liga 2,14,person_zant,Zant,0.0000,,1000,42,https://docs.google.com/spreadsheets/d/1Jc6mBqbU8wYKfz3WxfpxsWbj_6xaZB6OmoCRPGzGJLM/edit#gid=0
season_002,Liga 2,15,person_captaincrinch,CaptainCrinch,0.0010,,1000,42,https://docs.google.com/spreadsheets/d/1Jc6mBqbU8wYKfz3WxfpxsWbj_6xaZB6OmoCRPGzGJLM/edit#gid=0
season_002,Liga 2,15,person_domibri,Domibri,0.0690,,1000,42,https://docs.google.com/spreadsheets/d/1Jc6mBqbU8wYKfz3WxfpxsWbj_6xaZB6OmoCRPGzGJLM/edit#gid=0
season_002,Liga 2,15,person_letskayze,LetsKayze,0.0000,,1000,42,https://docs.google.com/spreadsheets/d/1Jc6mBqbU8wYKfz3WxfpxsWbj_6xaZB6OmoCRPGzGJLM/edit#gid=0
season_002,Liga 2,15,person_lightgaming,LightGaming,0.0000,,1000,42,https://docs.google.com/spreadsheets/d/1Jc6mBqbU8wYKfz3WxfpxsWbj_6xaZB6OmoCRPGzGJLM/edit#gid=0
season_002,Liga 2,15,person_lucariolp,LucarioLP,0.5390,,1000,42,https://docs.google.com/spreadsheets/d/1Jc6mBqbU8wYKfz3WxfpxsWbj_6xaZB6OmoCRPGzGJLM/edit#gid=0
season_002,Liga 2,15,person_minetube,Minetube,0.0000,,1000,42,https://docs.google.com/spreadsheets/d/1Jc6mBqbU8wYKfz3WxfpxsWbj_6xaZB6OmoCRPGzGJLM/edit#gid=0
season_002,Liga 2,15,person_parsifani,Parsifani,0.3360,,1000,42,https://docs.google.com/spreadsheets/d/1Jc6mBqbU8wYKfz3WxfpxsWbj_6xaZB6OmoCRPGzGJLM/edit#gid=0
season_002,Liga 2,15,person_pentaplayer,PentaPlayer,0.0000,,1000,42,https://docs.google.com/spreadsheets/d/1Jc6mBqbU8wYKfz3WxfpxsWbj_6xaZB6OmoCRPGzGJLM/edit#gid=0
season_002,Liga 2,15,person_pokebazi,PokeBazi,0.0550,,1000,42,https://docs.google.com/spreadsheets/d/1Jc6mBqbU8wYKfz3WxfpxsWbj_6xaZB6OmoCRPGzGJLM/edit#gid=0
season_002,Liga 2,15,person_pokebree,PokéBree,0.0000,,1000,42,https://docs.google.com/spreadsheets/d/1Jc6mBqbU8wYKfz3WxfpxsWbj_6xaZB6OmoCRPGzGJLM/edit#gid=0
season_002,Liga 2,15,person_raikani,Raikani,0.0000,,1000,42,https://docs.google.com/spreadsheets/d/1Jc6mBqbU8wYKfz3WxfpxsWbj_6xaZB6OmoCRPGzGJLM/edit#gid=0
season_002,Liga 2,15,person_shizumania,Shizumania,0.0000,,1000,42,https://docs.google.com/spreadsheets/d/1Jc6mBqbU8wYKfz3WxfpxsWbj_6xaZB6OmoCRPGzGJLM/edit#gid=0
season_002,Liga 2,15,person_wolvx,WolvX,0.0000,,1000,42,https://docs.google.com/spreadsheets/d/1Jc6mBqbU8wYKfz3WxfpxsWbj_6xaZB6OmoCRPGzGJLM/edit#gid=0
season_002,Liga 2,15,person_zant,Zant,0.0000,,1000,42,https://docs.google.com/spreadsheets/d/1Jc6mBqbU8wYKfz3WxfpxsWbj_6xaZB6OmoCRPGzGJLM/edit#gid=0
season_002,Liga 2,16,person_captaincrinch,CaptainCrinch,0.0000,,1000,42,https://docs.google.com/spreadsheets/d/1Jc6mBqbU8wYKfz3WxfpxsWbj_6xaZB6OmoCRPGzGJLM/edit#gid=0
season_002,Liga 2,16,person_domibri,Domibri,0.0180,,1000,42,https://docs.google.com/spreadsheets/d/1Jc6mBqbU8wYKfz3WxfpxsWbj_6xaZB6OmoCRPGzGJLM/edit#gid=0
season_002,Liga 2,16,person_letskayze,LetsKayze,0.0000,,1000,42,https://docs.google.com/spreadsheets/d/1Jc6mBqbU8wYKfz3WxfpxsWbj_6xaZB6OmoCRPGzGJLM/edit#gid=0
season_002,Liga 2,16,person_lightgaming,LightGaming,0.0000,,1000,42,https://docs.google.com/spreadsheets/d/1Jc6mBqbU8wYKfz3WxfpxsWbj_6xaZB6OmoCRPGzGJLM/edit#gid=0
season_002,Liga 2,16,person_lucariolp,LucarioLP,0.3070,,1000,42,https://docs.google.com/spreadsheets/d/1Jc6mBqbU8wYKfz3WxfpxsWbj_6xaZB6OmoCRPGzGJLM/edit#gid=0
season_002,Liga 2,16,person_minetube,Minetube,0.0000,,1000,42,https://docs.google.com/spreadsheets/d/1Jc6mBqbU8wYKfz3WxfpxsWbj_6xaZB6OmoCRPGzGJLM/edit#gid=0
season_002,Liga 2,16,person_parsifani,Parsifani,0.5800,,1000,42,https://docs.google.com/spreadsheets/d/1Jc6mBqbU8wYKfz3WxfpxsWbj_6xaZB6OmoCRPGzGJLM/edit#gid=0
season_002,Liga 2,16,person_pentaplayer,PentaPlayer,0.0000,,1000,42,https://docs.google.com/spreadsheets/d/1Jc6mBqbU8wYKfz3WxfpxsWbj_6xaZB6OmoCRPGzGJLM/edit#gid=0
season_002,Liga 2,16,person_pokebazi,PokeBazi,0.0950,,1000,42,https://docs.google.com/spreadsheets/d/1Jc6mBqbU8wYKfz3WxfpxsWbj_6xaZB6OmoCRPGzGJLM/edit#gid=0
season_002,Liga 2,16,person_pokebree,PokéBree,0.0000,,1000,42,https://docs.google.com/spreadsheets/d/1Jc6mBqbU8wYKfz3WxfpxsWbj_6xaZB6OmoCRPGzGJLM/edit#gid=0
season_002,Liga 2,16,person_raikani,Raikani,0.0000,,1000,42,https://docs.google.com/spreadsheets/d/1Jc6mBqbU8wYKfz3WxfpxsWbj_6xaZB6OmoCRPGzGJLM/edit#gid=0
season_002,Liga 2,16,person_shizumania,Shizumania,0.0000,,1000,42,https://docs.google.com/spreadsheets/d/1Jc6mBqbU8wYKfz3WxfpxsWbj_6xaZB6OmoCRPGzGJLM/edit#gid=0
season_002,Liga 2,16,person_wolvx,WolvX,0.0000,,1000,42,https://docs.google.com/spreadsheets/d/1Jc6mBqbU8wYKfz3WxfpxsWbj_6xaZB6OmoCRPGzGJLM/edit#gid=0
season_002,Liga 2,16,person_zant,Zant,0.0000,,1000,42,https://docs.google.com/spreadsheets/d/1Jc6mBqbU8wYKfz3WxfpxsWbj_6xaZB6OmoCRPGzGJLM/edit#gid=0
season_002,Liga 2,17,person_captaincrinch,CaptainCrinch,0.0000,,1000,42,https://docs.google.com/spreadsheets/d/1Jc6mBqbU8wYKfz3WxfpxsWbj_6xaZB6OmoCRPGzGJLM/edit#gid=0
season_002,Liga 2,17,person_domibri,Domibri,0.0010,,1000,42,https://docs.google.com/spreadsheets/d/1Jc6mBqbU8wYKfz3WxfpxsWbj_6xaZB6OmoCRPGzGJLM/edit#gid=0
season_002,Liga 2,17,person_letskayze,LetsKayze,0.0000,,1000,42,https://docs.google.com/spreadsheets/d/1Jc6mBqbU8wYKfz3WxfpxsWbj_6xaZB6OmoCRPGzGJLM/edit#gid=0
season_002,Liga 2,17,person_lightgaming,LightGaming,0.0000,,1000,42,https://docs.google.com/spreadsheets/d/1Jc6mBqbU8wYKfz3WxfpxsWbj_6xaZB6OmoCRPGzGJLM/edit#gid=0
season_002,Liga 2,17,person_lucariolp,LucarioLP,0.3020,,1000,42,https://docs.google.com/spreadsheets/d/1Jc6mBqbU8wYKfz3WxfpxsWbj_6xaZB6OmoCRPGzGJLM/edit#gid=0
season_002,Liga 2,17,person_minetube,Minetube,0.0000,,1000,42,https://docs.google.com/spreadsheets/d/1Jc6mBqbU8wYKfz3WxfpxsWbj_6xaZB6OmoCRPGzGJLM/edit#gid=0
season_002,Liga 2,17,person_parsifani,Parsifani,0.6750,,1000,42,https://docs.google.com/spreadsheets/d/1Jc6mBqbU8wYKfz3WxfpxsWbj_6xaZB6OmoCRPGzGJLM/edit#gid=0
season_002,Liga 2,17,person_pentaplayer,PentaPlayer,0.0000,,1000,42,https://docs.google.com/spreadsheets/d/1Jc6mBqbU8wYKfz3WxfpxsWbj_6xaZB6OmoCRPGzGJLM/edit#gid=0
season_002,Liga 2,17,person_pokebazi,PokeBazi,0.0220,,1000,42,https://docs.google.com/spreadsheets/d/1Jc6mBqbU8wYKfz3WxfpxsWbj_6xaZB6OmoCRPGzGJLM/edit#gid=0
season_002,Liga 2,17,person_pokebree,PokéBree,0.0000,,1000,42,https://docs.google.com/spreadsheets/d/1Jc6mBqbU8wYKfz3WxfpxsWbj_6xaZB6OmoCRPGzGJLM/edit#gid=0
season_002,Liga 2,17,person_raikani,Raikani,0.0000,,1000,42,https://docs.google.com/spreadsheets/d/1Jc6mBqbU8wYKfz3WxfpxsWbj_6xaZB6OmoCRPGzGJLM/edit#gid=0
season_002,Liga 2,17,person_shizumania,Shizumania,0.0000,,1000,42,https://docs.google.com/spreadsheets/d/1Jc6mBqbU8wYKfz3WxfpxsWbj_6xaZB6OmoCRPGzGJLM/edit#gid=0
season_002,Liga 2,17,person_wolvx,WolvX,0.0000,,1000,42,https://docs.google.com/spreadsheets/d/1Jc6mBqbU8wYKfz3WxfpxsWbj_6xaZB6OmoCRPGzGJLM/edit#gid=0
season_002,Liga 2,17,person_zant,Zant,0.0000,,1000,42,https://docs.google.com/spreadsheets/d/1Jc6mBqbU8wYKfz3WxfpxsWbj_6xaZB6OmoCRPGzGJLM/edit#gid=0
season_002,Liga 2,18,person_captaincrinch,CaptainCrinch,0.0000,,1000,42,https://docs.google.com/spreadsheets/d/1Jc6mBqbU8wYKfz3WxfpxsWbj_6xaZB6OmoCRPGzGJLM/edit#gid=0
season_002,Liga 2,18,person_domibri,Domibri,0.0000,,1000,42,https://docs.google.com/spreadsheets/d/1Jc6mBqbU8wYKfz3WxfpxsWbj_6xaZB6OmoCRPGzGJLM/edit#gid=0
season_002,Liga 2,18,person_letskayze,LetsKayze,0.0000,,1000,42,https://docs.google.com/spreadsheets/d/1Jc6mBqbU8wYKfz3WxfpxsWbj_6xaZB6OmoCRPGzGJLM/edit#gid=0
season_002,Liga 2,18,person_lightgaming,LightGaming,0.0000,,1000,42,https://docs.google.com/spreadsheets/d/1Jc6mBqbU8wYKfz3WxfpxsWbj_6xaZB6OmoCRPGzGJLM/edit#gid=0
season_002,Liga 2,18,person_lucariolp,LucarioLP,0.1340,,1000,42,https://docs.google.com/spreadsheets/d/1Jc6mBqbU8wYKfz3WxfpxsWbj_6xaZB6OmoCRPGzGJLM/edit#gid=0
season_002,Liga 2,18,person_minetube,Minetube,0.0000,,1000,42,https://docs.google.com/spreadsheets/d/1Jc6mBqbU8wYKfz3WxfpxsWbj_6xaZB6OmoCRPGzGJLM/edit#gid=0
season_002,Liga 2,18,person_parsifani,Parsifani,0.8350,,1000,42,https://docs.google.com/spreadsheets/d/1Jc6mBqbU8wYKfz3WxfpxsWbj_6xaZB6OmoCRPGzGJLM/edit#gid=0
season_002,Liga 2,18,person_pentaplayer,PentaPlayer,0.0000,,1000,42,https://docs.google.com/spreadsheets/d/1Jc6mBqbU8wYKfz3WxfpxsWbj_6xaZB6OmoCRPGzGJLM/edit#gid=0
season_002,Liga 2,18,person_pokebazi,PokeBazi,0.0310,,1000,42,https://docs.google.com/spreadsheets/d/1Jc6mBqbU8wYKfz3WxfpxsWbj_6xaZB6OmoCRPGzGJLM/edit#gid=0
season_002,Liga 2,18,person_pokebree,PokéBree,0.0000,,1000,42,https://docs.google.com/spreadsheets/d/1Jc6mBqbU8wYKfz3WxfpxsWbj_6xaZB6OmoCRPGzGJLM/edit#gid=0
season_002,Liga 2,18,person_raikani,Raikani,0.0000,,1000,42,https://docs.google.com/spreadsheets/d/1Jc6mBqbU8wYKfz3WxfpxsWbj_6xaZB6OmoCRPGzGJLM/edit#gid=0
season_002,Liga 2,18,person_shizumania,Shizumania,0.0000,,1000,42,https://docs.google.com/spreadsheets/d/1Jc6mBqbU8wYKfz3WxfpxsWbj_6xaZB6OmoCRPGzGJLM/edit#gid=0
season_002,Liga 2,18,person_wolvx,WolvX,0.0000,,1000,42,https://docs.google.com/spreadsheets/d/1Jc6mBqbU8wYKfz3WxfpxsWbj_6xaZB6OmoCRPGzGJLM/edit#gid=0
season_002,Liga 2,18,person_zant,Zant,0.0000,,1000,42,https://docs.google.com/spreadsheets/d/1Jc6mBqbU8wYKfz3WxfpxsWbj_6xaZB6OmoCRPGzGJLM/edit#gid=0
season_002,Liga 2,19,person_captaincrinch,CaptainCrinch,0.0000,,1000,42,https://docs.google.com/spreadsheets/d/1Jc6mBqbU8wYKfz3WxfpxsWbj_6xaZB6OmoCRPGzGJLM/edit#gid=0
season_002,Liga 2,19,person_domibri,Domibri,0.0030,,1000,42,https://docs.google.com/spreadsheets/d/1Jc6mBqbU8wYKfz3WxfpxsWbj_6xaZB6OmoCRPGzGJLM/edit#gid=0
season_002,Liga 2,19,person_letskayze,LetsKayze,0.0000,,1000,42,https://docs.google.com/spreadsheets/d/1Jc6mBqbU8wYKfz3WxfpxsWbj_6xaZB6OmoCRPGzGJLM/edit#gid=0
season_002,Liga 2,19,person_lightgaming,LightGaming,0.0000,,1000,42,https://docs.google.com/spreadsheets/d/1Jc6mBqbU8wYKfz3WxfpxsWbj_6xaZB6OmoCRPGzGJLM/edit#gid=0
season_002,Liga 2,19,person_lucariolp,LucarioLP,0.1040,,1000,42,https://docs.google.com/spreadsheets/d/1Jc6mBqbU8wYKfz3WxfpxsWbj_6xaZB6OmoCRPGzGJLM/edit#gid=0
season_002,Liga 2,19,person_minetube,Minetube,0.0000,,1000,42,https://docs.google.com/spreadsheets/d/1Jc6mBqbU8wYKfz3WxfpxsWbj_6xaZB6OmoCRPGzGJLM/edit#gid=0
season_002,Liga 2,19,person_parsifani,Parsifani,0.7510,,1000,42,https://docs.google.com/spreadsheets/d/1Jc6mBqbU8wYKfz3WxfpxsWbj_6xaZB6OmoCRPGzGJLM/edit#gid=0
season_002,Liga 2,19,person_pentaplayer,PentaPlayer,0.0000,,1000,42,https://docs.google.com/spreadsheets/d/1Jc6mBqbU8wYKfz3WxfpxsWbj_6xaZB6OmoCRPGzGJLM/edit#gid=0
season_002,Liga 2,19,person_pokebazi,PokeBazi,0.1410,,1000,42,https://docs.google.com/spreadsheets/d/1Jc6mBqbU8wYKfz3WxfpxsWbj_6xaZB6OmoCRPGzGJLM/edit#gid=0
season_002,Liga 2,19,person_pokebree,PokéBree,0.0000,,1000,42,https://docs.google.com/spreadsheets/d/1Jc6mBqbU8wYKfz3WxfpxsWbj_6xaZB6OmoCRPGzGJLM/edit#gid=0
season_002,Liga 2,19,person_raikani,Raikani,0.0010,,1000,42,https://docs.google.com/spreadsheets/d/1Jc6mBqbU8wYKfz3WxfpxsWbj_6xaZB6OmoCRPGzGJLM/edit#gid=0
season_002,Liga 2,19,person_shizumania,Shizumania,0.0000,,1000,42,https://docs.google.com/spreadsheets/d/1Jc6mBqbU8wYKfz3WxfpxsWbj_6xaZB6OmoCRPGzGJLM/edit#gid=0
season_002,Liga 2,19,person_wolvx,WolvX,0.0000,,1000,42,https://docs.google.com/spreadsheets/d/1Jc6mBqbU8wYKfz3WxfpxsWbj_6xaZB6OmoCRPGzGJLM/edit#gid=0
season_002,Liga 2,19,person_zant,Zant,0.0000,,1000,42,https://docs.google.com/spreadsheets/d/1Jc6mBqbU8wYKfz3WxfpxsWbj_6xaZB6OmoCRPGzGJLM/edit#gid=0
season_002,Liga 2,20,person_captaincrinch,CaptainCrinch,0.0000,,1000,42,https://docs.google.com/spreadsheets/d/1Jc6mBqbU8wYKfz3WxfpxsWbj_6xaZB6OmoCRPGzGJLM/edit#gid=0
season_002,Liga 2,20,person_domibri,Domibri,0.0000,,1000,42,https://docs.google.com/spreadsheets/d/1Jc6mBqbU8wYKfz3WxfpxsWbj_6xaZB6OmoCRPGzGJLM/edit#gid=0
season_002,Liga 2,20,person_letskayze,LetsKayze,0.0000,,1000,42,https://docs.google.com/spreadsheets/d/1Jc6mBqbU8wYKfz3WxfpxsWbj_6xaZB6OmoCRPGzGJLM/edit#gid=0
season_002,Liga 2,20,person_lightgaming,LightGaming,0.0000,,1000,42,https://docs.google.com/spreadsheets/d/1Jc6mBqbU8wYKfz3WxfpxsWbj_6xaZB6OmoCRPGzGJLM/edit#gid=0
season_002,Liga 2,20,person_lucariolp,LucarioLP,0.1190,,1000,42,https://docs.google.com/spreadsheets/d/1Jc6mBqbU8wYKfz3WxfpxsWbj_6xaZB6OmoCRPGzGJLM/edit#gid=0
season_002,Liga 2,20,person_minetube,Minetube,0.0000,,1000,42,https://docs.google.com/spreadsheets/d/1Jc6mBqbU8wYKfz3WxfpxsWbj_6xaZB6OmoCRPGzGJLM/edit#gid=0
season_002,Liga 2,20,person_parsifani,Parsifani,0.7650,,1000,42,https://docs.google.com/spreadsheets/d/1Jc6mBqbU8wYKfz3WxfpxsWbj_6xaZB6OmoCRPGzGJLM/edit#gid=0
season_002,Liga 2,20,person_pentaplayer,PentaPlayer,0.0000,,1000,42,https://docs.google.com/spreadsheets/d/1Jc6mBqbU8wYKfz3WxfpxsWbj_6xaZB6OmoCRPGzGJLM/edit#gid=0
season_002,Liga 2,20,person_pokebazi,PokeBazi,0.1160,,1000,42,https://docs.google.com/spreadsheets/d/1Jc6mBqbU8wYKfz3WxfpxsWbj_6xaZB6OmoCRPGzGJLM/edit#gid=0
season_002,Liga 2,20,person_pokebree,PokéBree,0.0000,,1000,42,https://docs.google.com/spreadsheets/d/1Jc6mBqbU8wYKfz3WxfpxsWbj_6xaZB6OmoCRPGzGJLM/edit#gid=0
season_002,Liga 2,20,person_raikani,Raikani,0.0000,,1000,42,https://docs.google.com/spreadsheets/d/1Jc6mBqbU8wYKfz3WxfpxsWbj_6xaZB6OmoCRPGzGJLM/edit#gid=0
season_002,Liga 2,20,person_shizumania,Shizumania,0.0000,,1000,42,https://docs.google.com/spreadsheets/d/1Jc6mBqbU8wYKfz3WxfpxsWbj_6xaZB6OmoCRPGzGJLM/edit#gid=0
season_002,Liga 2,20,person_wolvx,WolvX,0.0000,,1000,42,https://docs.google.com/spreadsheets/d/1Jc6mBqbU8wYKfz3WxfpxsWbj_6xaZB6OmoCRPGzGJLM/edit#gid=0
season_002,Liga 2,20,person_zant,Zant,0.0000,,1000,42,https://docs.google.com/spreadsheets/d/1Jc6mBqbU8wYKfz3WxfpxsWbj_6xaZB6OmoCRPGzGJLM/edit#gid=0
season_002,Liga 2,21,person_captaincrinch,CaptainCrinch,0.0000,,1000,42,https://docs.google.com/spreadsheets/d/1Jc6mBqbU8wYKfz3WxfpxsWbj_6xaZB6OmoCRPGzGJLM/edit#gid=0
season_002,Liga 2,21,person_domibri,Domibri,0.0000,,1000,42,https://docs.google.com/spreadsheets/d/1Jc6mBqbU8wYKfz3WxfpxsWbj_6xaZB6OmoCRPGzGJLM/edit#gid=0
season_002,Liga 2,21,person_letskayze,LetsKayze,0.0000,,1000,42,https://docs.google.com/spreadsheets/d/1Jc6mBqbU8wYKfz3WxfpxsWbj_6xaZB6OmoCRPGzGJLM/edit#gid=0
season_002,Liga 2,21,person_lightgaming,LightGaming,0.0000,,1000,42,https://docs.google.com/spreadsheets/d/1Jc6mBqbU8wYKfz3WxfpxsWbj_6xaZB6OmoCRPGzGJLM/edit#gid=0
season_002,Liga 2,21,person_lucariolp,LucarioLP,0.2420,,1000,42,https://docs.google.com/spreadsheets/d/1Jc6mBqbU8wYKfz3WxfpxsWbj_6xaZB6OmoCRPGzGJLM/edit#gid=0
season_002,Liga 2,21,person_minetube,Minetube,0.0000,,1000,42,https://docs.google.com/spreadsheets/d/1Jc6mBqbU8wYKfz3WxfpxsWbj_6xaZB6OmoCRPGzGJLM/edit#gid=0
season_002,Liga 2,21,person_parsifani,Parsifani,0.5250,,1000,42,https://docs.google.com/spreadsheets/d/1Jc6mBqbU8wYKfz3WxfpxsWbj_6xaZB6OmoCRPGzGJLM/edit#gid=0
season_002,Liga 2,21,person_pentaplayer,PentaPlayer,0.0000,,1000,42,https://docs.google.com/spreadsheets/d/1Jc6mBqbU8wYKfz3WxfpxsWbj_6xaZB6OmoCRPGzGJLM/edit#gid=0
season_002,Liga 2,21,person_pokebazi,PokeBazi,0.2330,,1000,42,https://docs.google.com/spreadsheets/d/1Jc6mBqbU8wYKfz3WxfpxsWbj_6xaZB6OmoCRPGzGJLM/edit#gid=0
season_002,Liga 2,21,person_pokebree,PokéBree,0.0000,,1000,42,https://docs.google.com/spreadsheets/d/1Jc6mBqbU8wYKfz3WxfpxsWbj_6xaZB6OmoCRPGzGJLM/edit#gid=0
season_002,Liga 2,21,person_raikani,Raikani,0.0000,,1000,42,https://docs.google.com/spreadsheets/d/1Jc6mBqbU8wYKfz3WxfpxsWbj_6xaZB6OmoCRPGzGJLM/edit#gid=0
season_002,Liga 2,21,person_shizumania,Shizumania,0.0000,,1000,42,https://docs.google.com/spreadsheets/d/1Jc6mBqbU8wYKfz3WxfpxsWbj_6xaZB6OmoCRPGzGJLM/edit#gid=0
season_002,Liga 2,21,person_wolvx,WolvX,0.0000,,1000,42,https://docs.google.com/spreadsheets/d/1Jc6mBqbU8wYKfz3WxfpxsWbj_6xaZB6OmoCRPGzGJLM/edit#gid=0
season_002,Liga 2,21,person_zant,Zant,0.0000,,1000,42,https://docs.google.com/spreadsheets/d/1Jc6mBqbU8wYKfz3WxfpxsWbj_6xaZB6OmoCRPGzGJLM/edit#gid=0
season_002,Liga 2,22,person_captaincrinch,CaptainCrinch,0.0000,,1000,42,https://docs.google.com/spreadsheets/d/1Jc6mBqbU8wYKfz3WxfpxsWbj_6xaZB6OmoCRPGzGJLM/edit#gid=0
season_002,Liga 2,22,person_domibri,Domibri,0.0000,,1000,42,https://docs.google.com/spreadsheets/d/1Jc6mBqbU8wYKfz3WxfpxsWbj_6xaZB6OmoCRPGzGJLM/edit#gid=0
season_002,Liga 2,22,person_letskayze,LetsKayze,0.0000,,1000,42,https://docs.google.com/spreadsheets/d/1Jc6mBqbU8wYKfz3WxfpxsWbj_6xaZB6OmoCRPGzGJLM/edit#gid=0
season_002,Liga 2,22,person_lightgaming,LightGaming,0.0000,,1000,42,https://docs.google.com/spreadsheets/d/1Jc6mBqbU8wYKfz3WxfpxsWbj_6xaZB6OmoCRPGzGJLM/edit#gid=0
season_002,Liga 2,22,person_lucariolp,LucarioLP,0.0990,,1000,42,https://docs.google.com/spreadsheets/d/1Jc6mBqbU8wYKfz3WxfpxsWbj_6xaZB6OmoCRPGzGJLM/edit#gid=0
season_002,Liga 2,22,person_minetube,Minetube,0.0000,,1000,42,https://docs.google.com/spreadsheets/d/1Jc6mBqbU8wYKfz3WxfpxsWbj_6xaZB6OmoCRPGzGJLM/edit#gid=0
season_002,Liga 2,22,person_parsifani,Parsifani,0.4060,,1000,42,https://docs.google.com/spreadsheets/d/1Jc6mBqbU8wYKfz3WxfpxsWbj_6xaZB6OmoCRPGzGJLM/edit#gid=0
season_002,Liga 2,22,person_pentaplayer,PentaPlayer,0.0000,,1000,42,https://docs.google.com/spreadsheets/d/1Jc6mBqbU8wYKfz3WxfpxsWbj_6xaZB6OmoCRPGzGJLM/edit#gid=0
season_002,Liga 2,22,person_pokebazi,PokeBazi,0.4950,,1000,42,https://docs.google.com/spreadsheets/d/1Jc6mBqbU8wYKfz3WxfpxsWbj_6xaZB6OmoCRPGzGJLM/edit#gid=0
season_002,Liga 2,22,person_pokebree,PokéBree,0.0000,,1000,42,https://docs.google.com/spreadsheets/d/1Jc6mBqbU8wYKfz3WxfpxsWbj_6xaZB6OmoCRPGzGJLM/edit#gid=0
season_002,Liga 2,22,person_raikani,Raikani,0.0000,,1000,42,https://docs.google.com/spreadsheets/d/1Jc6mBqbU8wYKfz3WxfpxsWbj_6xaZB6OmoCRPGzGJLM/edit#gid=0
season_002,Liga 2,22,person_shizumania,Shizumania,0.0000,,1000,42,https://docs.google.com/spreadsheets/d/1Jc6mBqbU8wYKfz3WxfpxsWbj_6xaZB6OmoCRPGzGJLM/edit#gid=0
season_002,Liga 2,22,person_wolvx,WolvX,0.0000,,1000,42,https://docs.google.com/spreadsheets/d/1Jc6mBqbU8wYKfz3WxfpxsWbj_6xaZB6OmoCRPGzGJLM/edit#gid=0
season_002,Liga 2,22,person_zant,Zant,0.0000,,1000,42,https://docs.google.com/spreadsheets/d/1Jc6mBqbU8wYKfz3WxfpxsWbj_6xaZB6OmoCRPGzGJLM/edit#gid=0
season_002,Liga 2,23,person_captaincrinch,CaptainCrinch,0.0000,,1000,42,https://docs.google.com/spreadsheets/d/1Jc6mBqbU8wYKfz3WxfpxsWbj_6xaZB6OmoCRPGzGJLM/edit#gid=0
season_002,Liga 2,23,person_domibri,Domibri,0.0000,,1000,42,https://docs.google.com/spreadsheets/d/1Jc6mBqbU8wYKfz3WxfpxsWbj_6xaZB6OmoCRPGzGJLM/edit#gid=0
season_002,Liga 2,23,person_letskayze,LetsKayze,0.0000,,1000,42,https://docs.google.com/spreadsheets/d/1Jc6mBqbU8wYKfz3WxfpxsWbj_6xaZB6OmoCRPGzGJLM/edit#gid=0
season_002,Liga 2,23,person_lightgaming,LightGaming,0.0000,,1000,42,https://docs.google.com/spreadsheets/d/1Jc6mBqbU8wYKfz3WxfpxsWbj_6xaZB6OmoCRPGzGJLM/edit#gid=0
season_002,Liga 2,23,person_lucariolp,LucarioLP,0.0120,,1000,42,https://docs.google.com/spreadsheets/d/1Jc6mBqbU8wYKfz3WxfpxsWbj_6xaZB6OmoCRPGzGJLM/edit#gid=0
season_002,Liga 2,23,person_minetube,Minetube,0.0000,,1000,42,https://docs.google.com/spreadsheets/d/1Jc6mBqbU8wYKfz3WxfpxsWbj_6xaZB6OmoCRPGzGJLM/edit#gid=0
season_002,Liga 2,23,person_parsifani,Parsifani,0.6810,,1000,42,https://docs.google.com/spreadsheets/d/1Jc6mBqbU8wYKfz3WxfpxsWbj_6xaZB6OmoCRPGzGJLM/edit#gid=0
season_002,Liga 2,23,person_pentaplayer,PentaPlayer,0.0000,,1000,42,https://docs.google.com/spreadsheets/d/1Jc6mBqbU8wYKfz3WxfpxsWbj_6xaZB6OmoCRPGzGJLM/edit#gid=0
season_002,Liga 2,23,person_pokebazi,PokeBazi,0.3070,,1000,42,https://docs.google.com/spreadsheets/d/1Jc6mBqbU8wYKfz3WxfpxsWbj_6xaZB6OmoCRPGzGJLM/edit#gid=0
season_002,Liga 2,23,person_pokebree,PokéBree,0.0000,,1000,42,https://docs.google.com/spreadsheets/d/1Jc6mBqbU8wYKfz3WxfpxsWbj_6xaZB6OmoCRPGzGJLM/edit#gid=0
season_002,Liga 2,23,person_raikani,Raikani,0.0000,,1000,42,https://docs.google.com/spreadsheets/d/1Jc6mBqbU8wYKfz3WxfpxsWbj_6xaZB6OmoCRPGzGJLM/edit#gid=0
season_002,Liga 2,23,person_shizumania,Shizumania,0.0000,,1000,42,https://docs.google.com/spreadsheets/d/1Jc6mBqbU8wYKfz3WxfpxsWbj_6xaZB6OmoCRPGzGJLM/edit#gid=0
season_002,Liga 2,23,person_wolvx,WolvX,0.0000,,1000,42,https://docs.google.com/spreadsheets/d/1Jc6mBqbU8wYKfz3WxfpxsWbj_6xaZB6OmoCRPGzGJLM/edit#gid=0
season_002,Liga 2,23,person_zant,Zant,0.0000,,1000,42,https://docs.google.com/spreadsheets/d/1Jc6mBqbU8wYKfz3WxfpxsWbj_6xaZB6OmoCRPGzGJLM/edit#gid=0
season_002,Liga 2,24,person_captaincrinch,CaptainCrinch,0.0000,,1000,42,https://docs.google.com/spreadsheets/d/1Jc6mBqbU8wYKfz3WxfpxsWbj_6xaZB6OmoCRPGzGJLM/edit#gid=0
season_002,Liga 2,24,person_domibri,Domibri,0.0000,,1000,42,https://docs.google.com/spreadsheets/d/1Jc6mBqbU8wYKfz3WxfpxsWbj_6xaZB6OmoCRPGzGJLM/edit#gid=0
season_002,Liga 2,24,person_letskayze,LetsKayze,0.0000,,1000,42,https://docs.google.com/spreadsheets/d/1Jc6mBqbU8wYKfz3WxfpxsWbj_6xaZB6OmoCRPGzGJLM/edit#gid=0
season_002,Liga 2,24,person_lightgaming,LightGaming,0.0000,,1000,42,https://docs.google.com/spreadsheets/d/1Jc6mBqbU8wYKfz3WxfpxsWbj_6xaZB6OmoCRPGzGJLM/edit#gid=0
season_002,Liga 2,24,person_lucariolp,LucarioLP,0.0000,,1000,42,https://docs.google.com/spreadsheets/d/1Jc6mBqbU8wYKfz3WxfpxsWbj_6xaZB6OmoCRPGzGJLM/edit#gid=0
season_002,Liga 2,24,person_minetube,Minetube,0.0000,,1000,42,https://docs.google.com/spreadsheets/d/1Jc6mBqbU8wYKfz3WxfpxsWbj_6xaZB6OmoCRPGzGJLM/edit#gid=0
season_002,Liga 2,24,person_parsifani,Parsifani,0.4140,,1000,42,https://docs.google.com/spreadsheets/d/1Jc6mBqbU8wYKfz3WxfpxsWbj_6xaZB6OmoCRPGzGJLM/edit#gid=0
season_002,Liga 2,24,person_pentaplayer,PentaPlayer,0.0000,,1000,42,https://docs.google.com/spreadsheets/d/1Jc6mBqbU8wYKfz3WxfpxsWbj_6xaZB6OmoCRPGzGJLM/edit#gid=0
season_002,Liga 2,24,person_pokebazi,PokeBazi,0.5860,,1000,42,https://docs.google.com/spreadsheets/d/1Jc6mBqbU8wYKfz3WxfpxsWbj_6xaZB6OmoCRPGzGJLM/edit#gid=0
season_002,Liga 2,24,person_pokebree,PokéBree,0.0000,,1000,42,https://docs.google.com/spreadsheets/d/1Jc6mBqbU8wYKfz3WxfpxsWbj_6xaZB6OmoCRPGzGJLM/edit#gid=0
season_002,Liga 2,24,person_raikani,Raikani,0.0000,,1000,42,https://docs.google.com/spreadsheets/d/1Jc6mBqbU8wYKfz3WxfpxsWbj_6xaZB6OmoCRPGzGJLM/edit#gid=0
season_002,Liga 2,24,person_shizumania,Shizumania,0.0000,,1000,42,https://docs.google.com/spreadsheets/d/1Jc6mBqbU8wYKfz3WxfpxsWbj_6xaZB6OmoCRPGzGJLM/edit#gid=0
season_002,Liga 2,24,person_wolvx,WolvX,0.0000,,1000,42,https://docs.google.com/spreadsheets/d/1Jc6mBqbU8wYKfz3WxfpxsWbj_6xaZB6OmoCRPGzGJLM/edit#gid=0
season_002,Liga 2,24,person_zant,Zant,0.0000,,1000,42,https://docs.google.com/spreadsheets/d/1Jc6mBqbU8wYKfz3WxfpxsWbj_6xaZB6OmoCRPGzGJLM/edit#gid=0
season_002,Liga 2,25,person_captaincrinch,CaptainCrinch,0.0000,,1000,42,https://docs.google.com/spreadsheets/d/1Jc6mBqbU8wYKfz3WxfpxsWbj_6xaZB6OmoCRPGzGJLM/edit#gid=0
season_002,Liga 2,25,person_domibri,Domibri,0.0000,,1000,42,https://docs.google.com/spreadsheets/d/1Jc6mBqbU8wYKfz3WxfpxsWbj_6xaZB6OmoCRPGzGJLM/edit#gid=0
season_002,Liga 2,25,person_letskayze,LetsKayze,0.0000,,1000,42,https://docs.google.com/spreadsheets/d/1Jc6mBqbU8wYKfz3WxfpxsWbj_6xaZB6OmoCRPGzGJLM/edit#gid=0
season_002,Liga 2,25,person_lightgaming,LightGaming,0.0000,,1000,42,https://docs.google.com/spreadsheets/d/1Jc6mBqbU8wYKfz3WxfpxsWbj_6xaZB6OmoCRPGzGJLM/edit#gid=0
season_002,Liga 2,25,person_lucariolp,LucarioLP,0.0000,,1000,42,https://docs.google.com/spreadsheets/d/1Jc6mBqbU8wYKfz3WxfpxsWbj_6xaZB6OmoCRPGzGJLM/edit#gid=0
season_002,Liga 2,25,person_minetube,Minetube,0.0000,,1000,42,https://docs.google.com/spreadsheets/d/1Jc6mBqbU8wYKfz3WxfpxsWbj_6xaZB6OmoCRPGzGJLM/edit#gid=0
season_002,Liga 2,25,person_parsifani,Parsifani,0.5090,,1000,42,https://docs.google.com/spreadsheets/d/1Jc6mBqbU8wYKfz3WxfpxsWbj_6xaZB6OmoCRPGzGJLM/edit#gid=0
season_002,Liga 2,25,person_pentaplayer,PentaPlayer,0.0000,,1000,42,https://docs.google.com/spreadsheets/d/1Jc6mBqbU8wYKfz3WxfpxsWbj_6xaZB6OmoCRPGzGJLM/edit#gid=0
season_002,Liga 2,25,person_pokebazi,PokeBazi,0.4910,,1000,42,https://docs.google.com/spreadsheets/d/1Jc6mBqbU8wYKfz3WxfpxsWbj_6xaZB6OmoCRPGzGJLM/edit#gid=0
season_002,Liga 2,25,person_pokebree,PokéBree,0.0000,,1000,42,https://docs.google.com/spreadsheets/d/1Jc6mBqbU8wYKfz3WxfpxsWbj_6xaZB6OmoCRPGzGJLM/edit#gid=0
season_002,Liga 2,25,person_raikani,Raikani,0.0000,,1000,42,https://docs.google.com/spreadsheets/d/1Jc6mBqbU8wYKfz3WxfpxsWbj_6xaZB6OmoCRPGzGJLM/edit#gid=0
season_002,Liga 2,25,person_shizumania,Shizumania,0.0000,,1000,42,https://docs.google.com/spreadsheets/d/1Jc6mBqbU8wYKfz3WxfpxsWbj_6xaZB6OmoCRPGzGJLM/edit#gid=0
season_002,Liga 2,25,person_wolvx,WolvX,0.0000,,1000,42,https://docs.google.com/spreadsheets/d/1Jc6mBqbU8wYKfz3WxfpxsWbj_6xaZB6OmoCRPGzGJLM/edit#gid=0
season_002,Liga 2,25,person_zant,Zant,0.0000,,1000,42,https://docs.google.com/spreadsheets/d/1Jc6mBqbU8wYKfz3WxfpxsWbj_6xaZB6OmoCRPGzGJLM/edit#gid=0
season_002,Liga 2,26,person_captaincrinch,CaptainCrinch,0.0000,,1000,42,https://docs.google.com/spreadsheets/d/1Jc6mBqbU8wYKfz3WxfpxsWbj_6xaZB6OmoCRPGzGJLM/edit#gid=0
season_002,Liga 2,26,person_domibri,Domibri,0.0000,,1000,42,https://docs.google.com/spreadsheets/d/1Jc6mBqbU8wYKfz3WxfpxsWbj_6xaZB6OmoCRPGzGJLM/edit#gid=0
season_002,Liga 2,26,person_letskayze,LetsKayze,0.0000,,1000,42,https://docs.google.com/spreadsheets/d/1Jc6mBqbU8wYKfz3WxfpxsWbj_6xaZB6OmoCRPGzGJLM/edit#gid=0
season_002,Liga 2,26,person_lightgaming,LightGaming,0.0000,,1000,42,https://docs.google.com/spreadsheets/d/1Jc6mBqbU8wYKfz3WxfpxsWbj_6xaZB6OmoCRPGzGJLM/edit#gid=0
season_002,Liga 2,26,person_lucariolp,LucarioLP,0.0000,,1000,42,https://docs.google.com/spreadsheets/d/1Jc6mBqbU8wYKfz3WxfpxsWbj_6xaZB6OmoCRPGzGJLM/edit#gid=0
season_002,Liga 2,26,person_minetube,Minetube,0.0000,,1000,42,https://docs.google.com/spreadsheets/d/1Jc6mBqbU8wYKfz3WxfpxsWbj_6xaZB6OmoCRPGzGJLM/edit#gid=0
season_002,Liga 2,26,person_parsifani,Parsifani,1.0000,,1000,42,https://docs.google.com/spreadsheets/d/1Jc6mBqbU8wYKfz3WxfpxsWbj_6xaZB6OmoCRPGzGJLM/edit#gid=0
season_002,Liga 2,26,person_pentaplayer,PentaPlayer,0.0000,,1000,42,https://docs.google.com/spreadsheets/d/1Jc6mBqbU8wYKfz3WxfpxsWbj_6xaZB6OmoCRPGzGJLM/edit#gid=0
season_002,Liga 2,26,person_pokebazi,PokeBazi,0.0000,,1000,42,https://docs.google.com/spreadsheets/d/1Jc6mBqbU8wYKfz3WxfpxsWbj_6xaZB6OmoCRPGzGJLM/edit#gid=0
season_002,Liga 2,26,person_pokebree,PokéBree,0.0000,,1000,42,https://docs.google.com/spreadsheets/d/1Jc6mBqbU8wYKfz3WxfpxsWbj_6xaZB6OmoCRPGzGJLM/edit#gid=0
season_002,Liga 2,26,person_raikani,Raikani,0.0000,,1000,42,https://docs.google.com/spreadsheets/d/1Jc6mBqbU8wYKfz3WxfpxsWbj_6xaZB6OmoCRPGzGJLM/edit#gid=0
season_002,Liga 2,26,person_shizumania,Shizumania,0.0000,,1000,42,https://docs.google.com/spreadsheets/d/1Jc6mBqbU8wYKfz3WxfpxsWbj_6xaZB6OmoCRPGzGJLM/edit#gid=0
season_002,Liga 2,26,person_wolvx,WolvX,0.0000,,1000,42,https://docs.google.com/spreadsheets/d/1Jc6mBqbU8wYKfz3WxfpxsWbj_6xaZB6OmoCRPGzGJLM/edit#gid=0
season_002,Liga 2,26,person_zant,Zant,0.0000,,1000,42,https://docs.google.com/spreadsheets/d/1Jc6mBqbU8wYKfz3WxfpxsWbj_6xaZB6OmoCRPGzGJLM/edit#gid=0
season_002,Regular Season,1,person_art_n_gaming,Art'n'Gaming,0.0000,,1000,42,https://docs.google.com/spreadsheets/d/16wGz0QnHeyqfcAhKdYvDqUZAvKxXKuAHchszJjhpp-o/edit#gid=0
season_002,Regular Season,1,person_daumenkino,DaumenkinoLP,0.2520,,1000,42,https://docs.google.com/spreadsheets/d/16wGz0QnHeyqfcAhKdYvDqUZAvKxXKuAHchszJjhpp-o/edit#gid=0
season_002,Regular Season,1,person_dirtyd64,DirtyD64,0.0020,,1000,42,https://docs.google.com/spreadsheets/d/16wGz0QnHeyqfcAhKdYvDqUZAvKxXKuAHchszJjhpp-o/edit#gid=0
season_002,Regular Season,1,person_fanmadeletsplay,FanmadeLetsPlay,0.1490,,1000,42,https://docs.google.com/spreadsheets/d/16wGz0QnHeyqfcAhKdYvDqUZAvKxXKuAHchszJjhpp-o/edit#gid=0
season_002,Regular Season,1,person_fnupa,Cabgolord,0.0000,,1000,42,https://docs.google.com/spreadsheets/d/16wGz0QnHeyqfcAhKdYvDqUZAvKxXKuAHchszJjhpp-o/edit#gid=0
season_002,Regular Season,1,person_kuchenjaeger,Kuchenjaeger,0.0040,,1000,42,https://docs.google.com/spreadsheets/d/16wGz0QnHeyqfcAhKdYvDqUZAvKxXKuAHchszJjhpp-o/edit#gid=0
season_002,Regular Season,1,person_oktopaul,Oktopaul,0.0270,,1000,42,https://docs.google.com/spreadsheets/d/16wGz0QnHeyqfcAhKdYvDqUZAvKxXKuAHchszJjhpp-o/edit#gid=0
season_002,Regular Season,1,person_present,PresentLP,0.2530,,1000,42,https://docs.google.com/spreadsheets/d/16wGz0QnHeyqfcAhKdYvDqUZAvKxXKuAHchszJjhpp-o/edit#gid=0
season_002,Regular Season,1,person_raizor,Raizor,0.0590,,1000,42,https://docs.google.com/spreadsheets/d/16wGz0QnHeyqfcAhKdYvDqUZAvKxXKuAHchszJjhpp-o/edit#gid=0
season_002,Regular Season,1,person_regibang,RegiBang,0.0050,,1000,42,https://docs.google.com/spreadsheets/d/16wGz0QnHeyqfcAhKdYvDqUZAvKxXKuAHchszJjhpp-o/edit#gid=0
season_002,Regular Season,1,person_scherany,Scherany,0.0000,,1000,42,https://docs.google.com/spreadsheets/d/16wGz0QnHeyqfcAhKdYvDqUZAvKxXKuAHchszJjhpp-o/edit#gid=0
season_002,Regular Season,1,person_shiro,Shiro,0.2050,,1000,42,https://docs.google.com/spreadsheets/d/16wGz0QnHeyqfcAhKdYvDqUZAvKxXKuAHchszJjhpp-o/edit#gid=0
season_002,Regular Season,1,person_steveparker,SteveParker,0.0310,,1000,42,https://docs.google.com/spreadsheets/d/16wGz0QnHeyqfcAhKdYvDqUZAvKxXKuAHchszJjhpp-o/edit#gid=0
season_002,Regular Season,1,person_surskittv,SurskitTV,0.0130,,1000,42,https://docs.google.com/spreadsheets/d/16wGz0QnHeyqfcAhKdYvDqUZAvKxXKuAHchszJjhpp-o/edit#gid=0
season_002,Regular Season,2,person_art_n_gaming,Art'n'Gaming,0.0060,,1000,42,https://docs.google.com/spreadsheets/d/16wGz0QnHeyqfcAhKdYvDqUZAvKxXKuAHchszJjhpp-o/edit#gid=0
season_002,Regular Season,2,person_daumenkino,DaumenkinoLP,0.0970,,1000,42,https://docs.google.com/spreadsheets/d/16wGz0QnHeyqfcAhKdYvDqUZAvKxXKuAHchszJjhpp-o/edit#gid=0
season_002,Regular Season,2,person_dirtyd64,DirtyD64,0.0000,,1000,42,https://docs.google.com/spreadsheets/d/16wGz0QnHeyqfcAhKdYvDqUZAvKxXKuAHchszJjhpp-o/edit#gid=0
season_002,Regular Season,2,person_fanmadeletsplay,FanmadeLetsPlay,0.3120,,1000,42,https://docs.google.com/spreadsheets/d/16wGz0QnHeyqfcAhKdYvDqUZAvKxXKuAHchszJjhpp-o/edit#gid=0
season_002,Regular Season,2,person_fnupa,Cabgolord,0.0000,,1000,42,https://docs.google.com/spreadsheets/d/16wGz0QnHeyqfcAhKdYvDqUZAvKxXKuAHchszJjhpp-o/edit#gid=0
season_002,Regular Season,2,person_kuchenjaeger,Kuchenjaeger,0.0090,,1000,42,https://docs.google.com/spreadsheets/d/16wGz0QnHeyqfcAhKdYvDqUZAvKxXKuAHchszJjhpp-o/edit#gid=0
season_002,Regular Season,2,person_oktopaul,Oktopaul,0.0060,,1000,42,https://docs.google.com/spreadsheets/d/16wGz0QnHeyqfcAhKdYvDqUZAvKxXKuAHchszJjhpp-o/edit#gid=0
season_002,Regular Season,2,person_present,PresentLP,0.3920,,1000,42,https://docs.google.com/spreadsheets/d/16wGz0QnHeyqfcAhKdYvDqUZAvKxXKuAHchszJjhpp-o/edit#gid=0
season_002,Regular Season,2,person_raizor,Raizor,0.0210,,1000,42,https://docs.google.com/spreadsheets/d/16wGz0QnHeyqfcAhKdYvDqUZAvKxXKuAHchszJjhpp-o/edit#gid=0
season_002,Regular Season,2,person_regibang,RegiBang,0.0000,,1000,42,https://docs.google.com/spreadsheets/d/16wGz0QnHeyqfcAhKdYvDqUZAvKxXKuAHchszJjhpp-o/edit#gid=0
season_002,Regular Season,2,person_scherany,Scherany,0.0080,,1000,42,https://docs.google.com/spreadsheets/d/16wGz0QnHeyqfcAhKdYvDqUZAvKxXKuAHchszJjhpp-o/edit#gid=0
season_002,Regular Season,2,person_shiro,Shiro,0.0590,,1000,42,https://docs.google.com/spreadsheets/d/16wGz0QnHeyqfcAhKdYvDqUZAvKxXKuAHchszJjhpp-o/edit#gid=0
season_002,Regular Season,2,person_steveparker,SteveParker,0.0880,,1000,42,https://docs.google.com/spreadsheets/d/16wGz0QnHeyqfcAhKdYvDqUZAvKxXKuAHchszJjhpp-o/edit#gid=0
season_002,Regular Season,2,person_surskittv,SurskitTV,0.0020,,1000,42,https://docs.google.com/spreadsheets/d/16wGz0QnHeyqfcAhKdYvDqUZAvKxXKuAHchszJjhpp-o/edit#gid=0
season_002,Regular Season,3,person_art_n_gaming,Art'n'Gaming,0.0040,,1000,42,https://docs.google.com/spreadsheets/d/16wGz0QnHeyqfcAhKdYvDqUZAvKxXKuAHchszJjhpp-o/edit#gid=0
season_002,Regular Season,3,person_daumenkino,DaumenkinoLP,0.0290,,1000,42,https://docs.google.com/spreadsheets/d/16wGz0QnHeyqfcAhKdYvDqUZAvKxXKuAHchszJjhpp-o/edit#gid=0
season_002,Regular Season,3,person_dirtyd64,DirtyD64,0.0000,,1000,42,https://docs.google.com/spreadsheets/d/16wGz0QnHeyqfcAhKdYvDqUZAvKxXKuAHchszJjhpp-o/edit#gid=0
season_002,Regular Season,3,person_fanmadeletsplay,FanmadeLetsPlay,0.4130,,1000,42,https://docs.google.com/spreadsheets/d/16wGz0QnHeyqfcAhKdYvDqUZAvKxXKuAHchszJjhpp-o/edit#gid=0
season_002,Regular Season,3,person_fnupa,Cabgolord,0.0010,,1000,42,https://docs.google.com/spreadsheets/d/16wGz0QnHeyqfcAhKdYvDqUZAvKxXKuAHchszJjhpp-o/edit#gid=0
season_002,Regular Season,3,person_kuchenjaeger,Kuchenjaeger,0.0340,,1000,42,https://docs.google.com/spreadsheets/d/16wGz0QnHeyqfcAhKdYvDqUZAvKxXKuAHchszJjhpp-o/edit#gid=0
season_002,Regular Season,3,person_oktopaul,Oktopaul,0.0290,,1000,42,https://docs.google.com/spreadsheets/d/16wGz0QnHeyqfcAhKdYvDqUZAvKxXKuAHchszJjhpp-o/edit#gid=0
season_002,Regular Season,3,person_present,PresentLP,0.1820,,1000,42,https://docs.google.com/spreadsheets/d/16wGz0QnHeyqfcAhKdYvDqUZAvKxXKuAHchszJjhpp-o/edit#gid=0
season_002,Regular Season,3,person_raizor,Raizor,0.0030,,1000,42,https://docs.google.com/spreadsheets/d/16wGz0QnHeyqfcAhKdYvDqUZAvKxXKuAHchszJjhpp-o/edit#gid=0
season_002,Regular Season,3,person_regibang,RegiBang,0.0010,,1000,42,https://docs.google.com/spreadsheets/d/16wGz0QnHeyqfcAhKdYvDqUZAvKxXKuAHchszJjhpp-o/edit#gid=0
season_002,Regular Season,3,person_scherany,Scherany,0.0060,,1000,42,https://docs.google.com/spreadsheets/d/16wGz0QnHeyqfcAhKdYvDqUZAvKxXKuAHchszJjhpp-o/edit#gid=0
season_002,Regular Season,3,person_shiro,Shiro,0.1060,,1000,42,https://docs.google.com/spreadsheets/d/16wGz0QnHeyqfcAhKdYvDqUZAvKxXKuAHchszJjhpp-o/edit#gid=0
season_002,Regular Season,3,person_steveparker,SteveParker,0.1810,,1000,42,https://docs.google.com/spreadsheets/d/16wGz0QnHeyqfcAhKdYvDqUZAvKxXKuAHchszJjhpp-o/edit#gid=0
season_002,Regular Season,3,person_surskittv,SurskitTV,0.0110,,1000,42,https://docs.google.com/spreadsheets/d/16wGz0QnHeyqfcAhKdYvDqUZAvKxXKuAHchszJjhpp-o/edit#gid=0
season_002,Regular Season,4,person_art_n_gaming,Art'n'Gaming,0.0000,,1000,42,https://docs.google.com/spreadsheets/d/16wGz0QnHeyqfcAhKdYvDqUZAvKxXKuAHchszJjhpp-o/edit#gid=0
season_002,Regular Season,4,person_daumenkino,DaumenkinoLP,0.0070,,1000,42,https://docs.google.com/spreadsheets/d/16wGz0QnHeyqfcAhKdYvDqUZAvKxXKuAHchszJjhpp-o/edit#gid=0
season_002,Regular Season,4,person_dirtyd64,DirtyD64,0.0000,,1000,42,https://docs.google.com/spreadsheets/d/16wGz0QnHeyqfcAhKdYvDqUZAvKxXKuAHchszJjhpp-o/edit#gid=0
season_002,Regular Season,4,person_fanmadeletsplay,FanmadeLetsPlay,0.2000,,1000,42,https://docs.google.com/spreadsheets/d/16wGz0QnHeyqfcAhKdYvDqUZAvKxXKuAHchszJjhpp-o/edit#gid=0
season_002,Regular Season,4,person_fnupa,Cabgolord,0.0010,,1000,42,https://docs.google.com/spreadsheets/d/16wGz0QnHeyqfcAhKdYvDqUZAvKxXKuAHchszJjhpp-o/edit#gid=0
season_002,Regular Season,4,person_kuchenjaeger,Kuchenjaeger,0.0110,,1000,42,https://docs.google.com/spreadsheets/d/16wGz0QnHeyqfcAhKdYvDqUZAvKxXKuAHchszJjhpp-o/edit#gid=0
season_002,Regular Season,4,person_oktopaul,Oktopaul,0.0630,,1000,42,https://docs.google.com/spreadsheets/d/16wGz0QnHeyqfcAhKdYvDqUZAvKxXKuAHchszJjhpp-o/edit#gid=0
season_002,Regular Season,4,person_present,PresentLP,0.0680,,1000,42,https://docs.google.com/spreadsheets/d/16wGz0QnHeyqfcAhKdYvDqUZAvKxXKuAHchszJjhpp-o/edit#gid=0
season_002,Regular Season,4,person_raizor,Raizor,0.0020,,1000,42,https://docs.google.com/spreadsheets/d/16wGz0QnHeyqfcAhKdYvDqUZAvKxXKuAHchszJjhpp-o/edit#gid=0
season_002,Regular Season,4,person_regibang,RegiBang,0.0010,,1000,42,https://docs.google.com/spreadsheets/d/16wGz0QnHeyqfcAhKdYvDqUZAvKxXKuAHchszJjhpp-o/edit#gid=0
season_002,Regular Season,4,person_scherany,Scherany,0.0010,,1000,42,https://docs.google.com/spreadsheets/d/16wGz0QnHeyqfcAhKdYvDqUZAvKxXKuAHchszJjhpp-o/edit#gid=0
season_002,Regular Season,4,person_shiro,Shiro,0.2320,,1000,42,https://docs.google.com/spreadsheets/d/16wGz0QnHeyqfcAhKdYvDqUZAvKxXKuAHchszJjhpp-o/edit#gid=0
season_002,Regular Season,4,person_steveparker,SteveParker,0.3770,,1000,42,https://docs.google.com/spreadsheets/d/16wGz0QnHeyqfcAhKdYvDqUZAvKxXKuAHchszJjhpp-o/edit#gid=0
season_002,Regular Season,4,person_surskittv,SurskitTV,0.0370,,1000,42,https://docs.google.com/spreadsheets/d/16wGz0QnHeyqfcAhKdYvDqUZAvKxXKuAHchszJjhpp-o/edit#gid=0
season_002,Regular Season,5,person_art_n_gaming,Art'n'Gaming,0.0010,,1000,42,https://docs.google.com/spreadsheets/d/16wGz0QnHeyqfcAhKdYvDqUZAvKxXKuAHchszJjhpp-o/edit#gid=0
season_002,Regular Season,5,person_daumenkino,DaumenkinoLP,0.0120,,1000,42,https://docs.google.com/spreadsheets/d/16wGz0QnHeyqfcAhKdYvDqUZAvKxXKuAHchszJjhpp-o/edit#gid=0
season_002,Regular Season,5,person_dirtyd64,DirtyD64,0.0010,,1000,42,https://docs.google.com/spreadsheets/d/16wGz0QnHeyqfcAhKdYvDqUZAvKxXKuAHchszJjhpp-o/edit#gid=0
season_002,Regular Season,5,person_fanmadeletsplay,FanmadeLetsPlay,0.0690,,1000,42,https://docs.google.com/spreadsheets/d/16wGz0QnHeyqfcAhKdYvDqUZAvKxXKuAHchszJjhpp-o/edit#gid=0
season_002,Regular Season,5,person_fnupa,Cabgolord,0.0010,,1000,42,https://docs.google.com/spreadsheets/d/16wGz0QnHeyqfcAhKdYvDqUZAvKxXKuAHchszJjhpp-o/edit#gid=0
season_002,Regular Season,5,person_kuchenjaeger,Kuchenjaeger,0.0040,,1000,42,https://docs.google.com/spreadsheets/d/16wGz0QnHeyqfcAhKdYvDqUZAvKxXKuAHchszJjhpp-o/edit#gid=0
season_002,Regular Season,5,person_oktopaul,Oktopaul,0.0820,,1000,42,https://docs.google.com/spreadsheets/d/16wGz0QnHeyqfcAhKdYvDqUZAvKxXKuAHchszJjhpp-o/edit#gid=0
season_002,Regular Season,5,person_present,PresentLP,0.0780,,1000,42,https://docs.google.com/spreadsheets/d/16wGz0QnHeyqfcAhKdYvDqUZAvKxXKuAHchszJjhpp-o/edit#gid=0
season_002,Regular Season,5,person_raizor,Raizor,0.0000,,1000,42,https://docs.google.com/spreadsheets/d/16wGz0QnHeyqfcAhKdYvDqUZAvKxXKuAHchszJjhpp-o/edit#gid=0
season_002,Regular Season,5,person_regibang,RegiBang,0.0000,,1000,42,https://docs.google.com/spreadsheets/d/16wGz0QnHeyqfcAhKdYvDqUZAvKxXKuAHchszJjhpp-o/edit#gid=0
season_002,Regular Season,5,person_scherany,Scherany,0.0050,,1000,42,https://docs.google.com/spreadsheets/d/16wGz0QnHeyqfcAhKdYvDqUZAvKxXKuAHchszJjhpp-o/edit#gid=0
season_002,Regular Season,5,person_shiro,Shiro,0.3030,,1000,42,https://docs.google.com/spreadsheets/d/16wGz0QnHeyqfcAhKdYvDqUZAvKxXKuAHchszJjhpp-o/edit#gid=0
season_002,Regular Season,5,person_steveparker,SteveParker,0.4400,,1000,42,https://docs.google.com/spreadsheets/d/16wGz0QnHeyqfcAhKdYvDqUZAvKxXKuAHchszJjhpp-o/edit#gid=0
season_002,Regular Season,5,person_surskittv,SurskitTV,0.0040,,1000,42,https://docs.google.com/spreadsheets/d/16wGz0QnHeyqfcAhKdYvDqUZAvKxXKuAHchszJjhpp-o/edit#gid=0
season_002,Regular Season,6,person_art_n_gaming,Art'n'Gaming,0.0000,,1000,42,https://docs.google.com/spreadsheets/d/16wGz0QnHeyqfcAhKdYvDqUZAvKxXKuAHchszJjhpp-o/edit#gid=0
season_002,Regular Season,6,person_daumenkino,DaumenkinoLP,0.0120,,1000,42,https://docs.google.com/spreadsheets/d/16wGz0QnHeyqfcAhKdYvDqUZAvKxXKuAHchszJjhpp-o/edit#gid=0
season_002,Regular Season,6,person_dirtyd64,DirtyD64,0.0010,,1000,42,https://docs.google.com/spreadsheets/d/16wGz0QnHeyqfcAhKdYvDqUZAvKxXKuAHchszJjhpp-o/edit#gid=0
season_002,Regular Season,6,person_fanmadeletsplay,FanmadeLetsPlay,0.0830,,1000,42,https://docs.google.com/spreadsheets/d/16wGz0QnHeyqfcAhKdYvDqUZAvKxXKuAHchszJjhpp-o/edit#gid=0
season_002,Regular Season,6,person_fnupa,Cabgolord,0.0000,,1000,42,https://docs.google.com/spreadsheets/d/16wGz0QnHeyqfcAhKdYvDqUZAvKxXKuAHchszJjhpp-o/edit#gid=0
season_002,Regular Season,6,person_kuchenjaeger,Kuchenjaeger,0.0000,,1000,42,https://docs.google.com/spreadsheets/d/16wGz0QnHeyqfcAhKdYvDqUZAvKxXKuAHchszJjhpp-o/edit#gid=0
season_002,Regular Season,6,person_oktopaul,Oktopaul,0.1620,,1000,42,https://docs.google.com/spreadsheets/d/16wGz0QnHeyqfcAhKdYvDqUZAvKxXKuAHchszJjhpp-o/edit#gid=0
season_002,Regular Season,6,person_present,PresentLP,0.0950,,1000,42,https://docs.google.com/spreadsheets/d/16wGz0QnHeyqfcAhKdYvDqUZAvKxXKuAHchszJjhpp-o/edit#gid=0
season_002,Regular Season,6,person_raizor,Raizor,0.0000,,1000,42,https://docs.google.com/spreadsheets/d/16wGz0QnHeyqfcAhKdYvDqUZAvKxXKuAHchszJjhpp-o/edit#gid=0
season_002,Regular Season,6,person_regibang,RegiBang,0.0000,,1000,42,https://docs.google.com/spreadsheets/d/16wGz0QnHeyqfcAhKdYvDqUZAvKxXKuAHchszJjhpp-o/edit#gid=0
season_002,Regular Season,6,person_scherany,Scherany,0.0010,,1000,42,https://docs.google.com/spreadsheets/d/16wGz0QnHeyqfcAhKdYvDqUZAvKxXKuAHchszJjhpp-o/edit#gid=0
season_002,Regular Season,6,person_shiro,Shiro,0.0980,,1000,42,https://docs.google.com/spreadsheets/d/16wGz0QnHeyqfcAhKdYvDqUZAvKxXKuAHchszJjhpp-o/edit#gid=0
season_002,Regular Season,6,person_steveparker,SteveParker,0.5460,,1000,42,https://docs.google.com/spreadsheets/d/16wGz0QnHeyqfcAhKdYvDqUZAvKxXKuAHchszJjhpp-o/edit#gid=0
season_002,Regular Season,6,person_surskittv,SurskitTV,0.0020,,1000,42,https://docs.google.com/spreadsheets/d/16wGz0QnHeyqfcAhKdYvDqUZAvKxXKuAHchszJjhpp-o/edit#gid=0
season_002,Regular Season,7,person_art_n_gaming,Art'n'Gaming,0.0000,,1000,42,https://docs.google.com/spreadsheets/d/16wGz0QnHeyqfcAhKdYvDqUZAvKxXKuAHchszJjhpp-o/edit#gid=0
season_002,Regular Season,7,person_daumenkino,DaumenkinoLP,0.0200,,1000,42,https://docs.google.com/spreadsheets/d/16wGz0QnHeyqfcAhKdYvDqUZAvKxXKuAHchszJjhpp-o/edit#gid=0
season_002,Regular Season,7,person_dirtyd64,DirtyD64,0.0000,,1000,42,https://docs.google.com/spreadsheets/d/16wGz0QnHeyqfcAhKdYvDqUZAvKxXKuAHchszJjhpp-o/edit#gid=0
season_002,Regular Season,7,person_fanmadeletsplay,FanmadeLetsPlay,0.0140,,1000,42,https://docs.google.com/spreadsheets/d/16wGz0QnHeyqfcAhKdYvDqUZAvKxXKuAHchszJjhpp-o/edit#gid=0
season_002,Regular Season,7,person_fnupa,Cabgolord,0.0000,,1000,42,https://docs.google.com/spreadsheets/d/16wGz0QnHeyqfcAhKdYvDqUZAvKxXKuAHchszJjhpp-o/edit#gid=0
season_002,Regular Season,7,person_kuchenjaeger,Kuchenjaeger,0.0000,,1000,42,https://docs.google.com/spreadsheets/d/16wGz0QnHeyqfcAhKdYvDqUZAvKxXKuAHchszJjhpp-o/edit#gid=0
season_002,Regular Season,7,person_oktopaul,Oktopaul,0.2000,,1000,42,https://docs.google.com/spreadsheets/d/16wGz0QnHeyqfcAhKdYvDqUZAvKxXKuAHchszJjhpp-o/edit#gid=0
season_002,Regular Season,7,person_present,PresentLP,0.0150,,1000,42,https://docs.google.com/spreadsheets/d/16wGz0QnHeyqfcAhKdYvDqUZAvKxXKuAHchszJjhpp-o/edit#gid=0
season_002,Regular Season,7,person_raizor,Raizor,0.0010,,1000,42,https://docs.google.com/spreadsheets/d/16wGz0QnHeyqfcAhKdYvDqUZAvKxXKuAHchszJjhpp-o/edit#gid=0
season_002,Regular Season,7,person_regibang,RegiBang,0.0000,,1000,42,https://docs.google.com/spreadsheets/d/16wGz0QnHeyqfcAhKdYvDqUZAvKxXKuAHchszJjhpp-o/edit#gid=0
season_002,Regular Season,7,person_scherany,Scherany,0.0010,,1000,42,https://docs.google.com/spreadsheets/d/16wGz0QnHeyqfcAhKdYvDqUZAvKxXKuAHchszJjhpp-o/edit#gid=0
season_002,Regular Season,7,person_shiro,Shiro,0.1180,,1000,42,https://docs.google.com/spreadsheets/d/16wGz0QnHeyqfcAhKdYvDqUZAvKxXKuAHchszJjhpp-o/edit#gid=0
season_002,Regular Season,7,person_steveparker,SteveParker,0.6260,,1000,42,https://docs.google.com/spreadsheets/d/16wGz0QnHeyqfcAhKdYvDqUZAvKxXKuAHchszJjhpp-o/edit#gid=0
season_002,Regular Season,7,person_surskittv,SurskitTV,0.0050,,1000,42,https://docs.google.com/spreadsheets/d/16wGz0QnHeyqfcAhKdYvDqUZAvKxXKuAHchszJjhpp-o/edit#gid=0
season_002,Regular Season,8,person_art_n_gaming,Art'n'Gaming,0.0000,,1000,42,https://docs.google.com/spreadsheets/d/16wGz0QnHeyqfcAhKdYvDqUZAvKxXKuAHchszJjhpp-o/edit#gid=0
season_002,Regular Season,8,person_daumenkino,DaumenkinoLP,0.0470,,1000,42,https://docs.google.com/spreadsheets/d/16wGz0QnHeyqfcAhKdYvDqUZAvKxXKuAHchszJjhpp-o/edit#gid=0
season_002,Regular Season,8,person_dirtyd64,DirtyD64,0.0000,,1000,42,https://docs.google.com/spreadsheets/d/16wGz0QnHeyqfcAhKdYvDqUZAvKxXKuAHchszJjhpp-o/edit#gid=0
season_002,Regular Season,8,person_fanmadeletsplay,FanmadeLetsPlay,0.0060,,1000,42,https://docs.google.com/spreadsheets/d/16wGz0QnHeyqfcAhKdYvDqUZAvKxXKuAHchszJjhpp-o/edit#gid=0
season_002,Regular Season,8,person_fnupa,Cabgolord,0.0000,,1000,42,https://docs.google.com/spreadsheets/d/16wGz0QnHeyqfcAhKdYvDqUZAvKxXKuAHchszJjhpp-o/edit#gid=0
season_002,Regular Season,8,person_kuchenjaeger,Kuchenjaeger,0.0000,,1000,42,https://docs.google.com/spreadsheets/d/16wGz0QnHeyqfcAhKdYvDqUZAvKxXKuAHchszJjhpp-o/edit#gid=0
season_002,Regular Season,8,person_oktopaul,Oktopaul,0.0560,,1000,42,https://docs.google.com/spreadsheets/d/16wGz0QnHeyqfcAhKdYvDqUZAvKxXKuAHchszJjhpp-o/edit#gid=0
season_002,Regular Season,8,person_present,PresentLP,0.0020,,1000,42,https://docs.google.com/spreadsheets/d/16wGz0QnHeyqfcAhKdYvDqUZAvKxXKuAHchszJjhpp-o/edit#gid=0
season_002,Regular Season,8,person_raizor,Raizor,0.0010,,1000,42,https://docs.google.com/spreadsheets/d/16wGz0QnHeyqfcAhKdYvDqUZAvKxXKuAHchszJjhpp-o/edit#gid=0
season_002,Regular Season,8,person_regibang,RegiBang,0.0000,,1000,42,https://docs.google.com/spreadsheets/d/16wGz0QnHeyqfcAhKdYvDqUZAvKxXKuAHchszJjhpp-o/edit#gid=0
season_002,Regular Season,8,person_scherany,Scherany,0.0010,,1000,42,https://docs.google.com/spreadsheets/d/16wGz0QnHeyqfcAhKdYvDqUZAvKxXKuAHchszJjhpp-o/edit#gid=0
season_002,Regular Season,8,person_shiro,Shiro,0.1500,,1000,42,https://docs.google.com/spreadsheets/d/16wGz0QnHeyqfcAhKdYvDqUZAvKxXKuAHchszJjhpp-o/edit#gid=0
season_002,Regular Season,8,person_steveparker,SteveParker,0.7300,,1000,42,https://docs.google.com/spreadsheets/d/16wGz0QnHeyqfcAhKdYvDqUZAvKxXKuAHchszJjhpp-o/edit#gid=0
season_002,Regular Season,8,person_surskittv,SurskitTV,0.0070,,1000,42,https://docs.google.com/spreadsheets/d/16wGz0QnHeyqfcAhKdYvDqUZAvKxXKuAHchszJjhpp-o/edit#gid=0
season_002,Regular Season,9,person_art_n_gaming,Art'n'Gaming,0.0000,,1000,42,https://docs.google.com/spreadsheets/d/16wGz0QnHeyqfcAhKdYvDqUZAvKxXKuAHchszJjhpp-o/edit#gid=0
season_002,Regular Season,9,person_daumenkino,DaumenkinoLP,0.0120,,1000,42,https://docs.google.com/spreadsheets/d/16wGz0QnHeyqfcAhKdYvDqUZAvKxXKuAHchszJjhpp-o/edit#gid=0
season_002,Regular Season,9,person_dirtyd64,DirtyD64,0.0000,,1000,42,https://docs.google.com/spreadsheets/d/16wGz0QnHeyqfcAhKdYvDqUZAvKxXKuAHchszJjhpp-o/edit#gid=0
season_002,Regular Season,9,person_fanmadeletsplay,FanmadeLetsPlay,0.0110,,1000,42,https://docs.google.com/spreadsheets/d/16wGz0QnHeyqfcAhKdYvDqUZAvKxXKuAHchszJjhpp-o/edit#gid=0
season_002,Regular Season,9,person_fnupa,Cabgolord,0.0000,,1000,42,https://docs.google.com/spreadsheets/d/16wGz0QnHeyqfcAhKdYvDqUZAvKxXKuAHchszJjhpp-o/edit#gid=0
season_002,Regular Season,9,person_kuchenjaeger,Kuchenjaeger,0.0000,,1000,42,https://docs.google.com/spreadsheets/d/16wGz0QnHeyqfcAhKdYvDqUZAvKxXKuAHchszJjhpp-o/edit#gid=0
season_002,Regular Season,9,person_oktopaul,Oktopaul,0.1150,,1000,42,https://docs.google.com/spreadsheets/d/16wGz0QnHeyqfcAhKdYvDqUZAvKxXKuAHchszJjhpp-o/edit#gid=0
season_002,Regular Season,9,person_present,PresentLP,0.0010,,1000,42,https://docs.google.com/spreadsheets/d/16wGz0QnHeyqfcAhKdYvDqUZAvKxXKuAHchszJjhpp-o/edit#gid=0
season_002,Regular Season,9,person_raizor,Raizor,0.0010,,1000,42,https://docs.google.com/spreadsheets/d/16wGz0QnHeyqfcAhKdYvDqUZAvKxXKuAHchszJjhpp-o/edit#gid=0
season_002,Regular Season,9,person_regibang,RegiBang,0.0000,,1000,42,https://docs.google.com/spreadsheets/d/16wGz0QnHeyqfcAhKdYvDqUZAvKxXKuAHchszJjhpp-o/edit#gid=0
season_002,Regular Season,9,person_scherany,Scherany,0.0000,,1000,42,https://docs.google.com/spreadsheets/d/16wGz0QnHeyqfcAhKdYvDqUZAvKxXKuAHchszJjhpp-o/edit#gid=0
season_002,Regular Season,9,person_shiro,Shiro,0.0400,,1000,42,https://docs.google.com/spreadsheets/d/16wGz0QnHeyqfcAhKdYvDqUZAvKxXKuAHchszJjhpp-o/edit#gid=0
season_002,Regular Season,9,person_steveparker,SteveParker,0.8090,,1000,42,https://docs.google.com/spreadsheets/d/16wGz0QnHeyqfcAhKdYvDqUZAvKxXKuAHchszJjhpp-o/edit#gid=0
season_002,Regular Season,9,person_surskittv,SurskitTV,0.0110,,1000,42,https://docs.google.com/spreadsheets/d/16wGz0QnHeyqfcAhKdYvDqUZAvKxXKuAHchszJjhpp-o/edit#gid=0
season_002,Regular Season,10,person_art_n_gaming,Art'n'Gaming,0.0000,,1000,42,https://docs.google.com/spreadsheets/d/16wGz0QnHeyqfcAhKdYvDqUZAvKxXKuAHchszJjhpp-o/edit#gid=0
season_002,Regular Season,10,person_daumenkino,DaumenkinoLP,0.0000,,1000,42,https://docs.google.com/spreadsheets/d/16wGz0QnHeyqfcAhKdYvDqUZAvKxXKuAHchszJjhpp-o/edit#gid=0
season_002,Regular Season,10,person_dirtyd64,DirtyD64,0.0000,,1000,42,https://docs.google.com/spreadsheets/d/16wGz0QnHeyqfcAhKdYvDqUZAvKxXKuAHchszJjhpp-o/edit#gid=0
season_002,Regular Season,10,person_fanmadeletsplay,FanmadeLetsPlay,0.0200,,1000,42,https://docs.google.com/spreadsheets/d/16wGz0QnHeyqfcAhKdYvDqUZAvKxXKuAHchszJjhpp-o/edit#gid=0
season_002,Regular Season,10,person_fnupa,Cabgolord,0.0000,,1000,42,https://docs.google.com/spreadsheets/d/16wGz0QnHeyqfcAhKdYvDqUZAvKxXKuAHchszJjhpp-o/edit#gid=0
season_002,Regular Season,10,person_kuchenjaeger,Kuchenjaeger,0.0000,,1000,42,https://docs.google.com/spreadsheets/d/16wGz0QnHeyqfcAhKdYvDqUZAvKxXKuAHchszJjhpp-o/edit#gid=0
season_002,Regular Season,10,person_oktopaul,Oktopaul,0.0420,,1000,42,https://docs.google.com/spreadsheets/d/16wGz0QnHeyqfcAhKdYvDqUZAvKxXKuAHchszJjhpp-o/edit#gid=0
season_002,Regular Season,10,person_present,PresentLP,0.0000,,1000,42,https://docs.google.com/spreadsheets/d/16wGz0QnHeyqfcAhKdYvDqUZAvKxXKuAHchszJjhpp-o/edit#gid=0
season_002,Regular Season,10,person_raizor,Raizor,0.0000,,1000,42,https://docs.google.com/spreadsheets/d/16wGz0QnHeyqfcAhKdYvDqUZAvKxXKuAHchszJjhpp-o/edit#gid=0
season_002,Regular Season,10,person_regibang,RegiBang,0.0000,,1000,42,https://docs.google.com/spreadsheets/d/16wGz0QnHeyqfcAhKdYvDqUZAvKxXKuAHchszJjhpp-o/edit#gid=0
season_002,Regular Season,10,person_scherany,Scherany,0.0000,,1000,42,https://docs.google.com/spreadsheets/d/16wGz0QnHeyqfcAhKdYvDqUZAvKxXKuAHchszJjhpp-o/edit#gid=0
season_002,Regular Season,10,person_shiro,Shiro,0.0420,,1000,42,https://docs.google.com/spreadsheets/d/16wGz0QnHeyqfcAhKdYvDqUZAvKxXKuAHchszJjhpp-o/edit#gid=0
season_002,Regular Season,10,person_steveparker,SteveParker,0.8790,,1000,42,https://docs.google.com/spreadsheets/d/16wGz0QnHeyqfcAhKdYvDqUZAvKxXKuAHchszJjhpp-o/edit#gid=0
season_002,Regular Season,10,person_surskittv,SurskitTV,0.0170,,1000,42,https://docs.google.com/spreadsheets/d/16wGz0QnHeyqfcAhKdYvDqUZAvKxXKuAHchszJjhpp-o/edit#gid=0
season_002,Regular Season,11,person_art_n_gaming,Art'n'Gaming,0.0010,,1000,42,https://docs.google.com/spreadsheets/d/16wGz0QnHeyqfcAhKdYvDqUZAvKxXKuAHchszJjhpp-o/edit#gid=0
season_002,Regular Season,11,person_daumenkino,DaumenkinoLP,0.0090,,1000,42,https://docs.google.com/spreadsheets/d/16wGz0QnHeyqfcAhKdYvDqUZAvKxXKuAHchszJjhpp-o/edit#gid=0
season_002,Regular Season,11,person_dirtyd64,DirtyD64,0.0000,,1000,42,https://docs.google.com/spreadsheets/d/16wGz0QnHeyqfcAhKdYvDqUZAvKxXKuAHchszJjhpp-o/edit#gid=0
season_002,Regular Season,11,person_fanmadeletsplay,FanmadeLetsPlay,0.0490,,1000,42,https://docs.google.com/spreadsheets/d/16wGz0QnHeyqfcAhKdYvDqUZAvKxXKuAHchszJjhpp-o/edit#gid=0
season_002,Regular Season,11,person_fnupa,Cabgolord,0.0000,,1000,42,https://docs.google.com/spreadsheets/d/16wGz0QnHeyqfcAhKdYvDqUZAvKxXKuAHchszJjhpp-o/edit#gid=0
season_002,Regular Season,11,person_kuchenjaeger,Kuchenjaeger,0.0000,,1000,42,https://docs.google.com/spreadsheets/d/16wGz0QnHeyqfcAhKdYvDqUZAvKxXKuAHchszJjhpp-o/edit#gid=0
season_002,Regular Season,11,person_oktopaul,Oktopaul,0.0260,,1000,42,https://docs.google.com/spreadsheets/d/16wGz0QnHeyqfcAhKdYvDqUZAvKxXKuAHchszJjhpp-o/edit#gid=0
season_002,Regular Season,11,person_present,PresentLP,0.0000,,1000,42,https://docs.google.com/spreadsheets/d/16wGz0QnHeyqfcAhKdYvDqUZAvKxXKuAHchszJjhpp-o/edit#gid=0
season_002,Regular Season,11,person_raizor,Raizor,0.0000,,1000,42,https://docs.google.com/spreadsheets/d/16wGz0QnHeyqfcAhKdYvDqUZAvKxXKuAHchszJjhpp-o/edit#gid=0
season_002,Regular Season,11,person_regibang,RegiBang,0.0000,,1000,42,https://docs.google.com/spreadsheets/d/16wGz0QnHeyqfcAhKdYvDqUZAvKxXKuAHchszJjhpp-o/edit#gid=0
season_002,Regular Season,11,person_scherany,Scherany,0.0000,,1000,42,https://docs.google.com/spreadsheets/d/16wGz0QnHeyqfcAhKdYvDqUZAvKxXKuAHchszJjhpp-o/edit#gid=0
season_002,Regular Season,11,person_shiro,Shiro,0.0990,,1000,42,https://docs.google.com/spreadsheets/d/16wGz0QnHeyqfcAhKdYvDqUZAvKxXKuAHchszJjhpp-o/edit#gid=0
season_002,Regular Season,11,person_steveparker,SteveParker,0.8030,,1000,42,https://docs.google.com/spreadsheets/d/16wGz0QnHeyqfcAhKdYvDqUZAvKxXKuAHchszJjhpp-o/edit#gid=0
season_002,Regular Season,11,person_surskittv,SurskitTV,0.0130,,1000,42,https://docs.google.com/spreadsheets/d/16wGz0QnHeyqfcAhKdYvDqUZAvKxXKuAHchszJjhpp-o/edit#gid=0
season_002,Regular Season,12,person_art_n_gaming,Art'n'Gaming,0.0000,,1000,42,https://docs.google.com/spreadsheets/d/16wGz0QnHeyqfcAhKdYvDqUZAvKxXKuAHchszJjhpp-o/edit#gid=0
season_002,Regular Season,12,person_daumenkino,DaumenkinoLP,0.0010,,1000,42,https://docs.google.com/spreadsheets/d/16wGz0QnHeyqfcAhKdYvDqUZAvKxXKuAHchszJjhpp-o/edit#gid=0
season_002,Regular Season,12,person_dirtyd64,DirtyD64,0.0000,,1000,42,https://docs.google.com/spreadsheets/d/16wGz0QnHeyqfcAhKdYvDqUZAvKxXKuAHchszJjhpp-o/edit#gid=0
season_002,Regular Season,12,person_fanmadeletsplay,FanmadeLetsPlay,0.0370,,1000,42,https://docs.google.com/spreadsheets/d/16wGz0QnHeyqfcAhKdYvDqUZAvKxXKuAHchszJjhpp-o/edit#gid=0
season_002,Regular Season,12,person_fnupa,Cabgolord,0.0000,,1000,42,https://docs.google.com/spreadsheets/d/16wGz0QnHeyqfcAhKdYvDqUZAvKxXKuAHchszJjhpp-o/edit#gid=0
season_002,Regular Season,12,person_kuchenjaeger,Kuchenjaeger,0.0000,,1000,42,https://docs.google.com/spreadsheets/d/16wGz0QnHeyqfcAhKdYvDqUZAvKxXKuAHchszJjhpp-o/edit#gid=0
season_002,Regular Season,12,person_oktopaul,Oktopaul,0.0010,,1000,42,https://docs.google.com/spreadsheets/d/16wGz0QnHeyqfcAhKdYvDqUZAvKxXKuAHchszJjhpp-o/edit#gid=0
season_002,Regular Season,12,person_present,PresentLP,0.0010,,1000,42,https://docs.google.com/spreadsheets/d/16wGz0QnHeyqfcAhKdYvDqUZAvKxXKuAHchszJjhpp-o/edit#gid=0
season_002,Regular Season,12,person_raizor,Raizor,0.0000,,1000,42,https://docs.google.com/spreadsheets/d/16wGz0QnHeyqfcAhKdYvDqUZAvKxXKuAHchszJjhpp-o/edit#gid=0
season_002,Regular Season,12,person_regibang,RegiBang,0.0000,,1000,42,https://docs.google.com/spreadsheets/d/16wGz0QnHeyqfcAhKdYvDqUZAvKxXKuAHchszJjhpp-o/edit#gid=0
season_002,Regular Season,12,person_scherany,Scherany,0.0000,,1000,42,https://docs.google.com/spreadsheets/d/16wGz0QnHeyqfcAhKdYvDqUZAvKxXKuAHchszJjhpp-o/edit#gid=0
season_002,Regular Season,12,person_shiro,Shiro,0.1210,,1000,42,https://docs.google.com/spreadsheets/d/16wGz0QnHeyqfcAhKdYvDqUZAvKxXKuAHchszJjhpp-o/edit#gid=0
season_002,Regular Season,12,person_steveparker,SteveParker,0.8270,,1000,42,https://docs.google.com/spreadsheets/d/16wGz0QnHeyqfcAhKdYvDqUZAvKxXKuAHchszJjhpp-o/edit#gid=0
season_002,Regular Season,12,person_surskittv,SurskitTV,0.0120,,1000,42,https://docs.google.com/spreadsheets/d/16wGz0QnHeyqfcAhKdYvDqUZAvKxXKuAHchszJjhpp-o/edit#gid=0
season_002,Regular Season,13,person_art_n_gaming,Art'n'Gaming,0.0010,,1000,42,https://docs.google.com/spreadsheets/d/16wGz0QnHeyqfcAhKdYvDqUZAvKxXKuAHchszJjhpp-o/edit#gid=0
season_002,Regular Season,13,person_daumenkino,DaumenkinoLP,0.0010,,1000,42,https://docs.google.com/spreadsheets/d/16wGz0QnHeyqfcAhKdYvDqUZAvKxXKuAHchszJjhpp-o/edit#gid=0
season_002,Regular Season,13,person_dirtyd64,DirtyD64,0.0000,,1000,42,https://docs.google.com/spreadsheets/d/16wGz0QnHeyqfcAhKdYvDqUZAvKxXKuAHchszJjhpp-o/edit#gid=0
season_002,Regular Season,13,person_fanmadeletsplay,FanmadeLetsPlay,0.0230,,1000,42,https://docs.google.com/spreadsheets/d/16wGz0QnHeyqfcAhKdYvDqUZAvKxXKuAHchszJjhpp-o/edit#gid=0
season_002,Regular Season,13,person_fnupa,Cabgolord,0.0000,,1000,42,https://docs.google.com/spreadsheets/d/16wGz0QnHeyqfcAhKdYvDqUZAvKxXKuAHchszJjhpp-o/edit#gid=0
season_002,Regular Season,13,person_kuchenjaeger,Kuchenjaeger,0.0000,,1000,42,https://docs.google.com/spreadsheets/d/16wGz0QnHeyqfcAhKdYvDqUZAvKxXKuAHchszJjhpp-o/edit#gid=0
season_002,Regular Season,13,person_oktopaul,Oktopaul,0.0020,,1000,42,https://docs.google.com/spreadsheets/d/16wGz0QnHeyqfcAhKdYvDqUZAvKxXKuAHchszJjhpp-o/edit#gid=0
season_002,Regular Season,13,person_present,PresentLP,0.0010,,1000,42,https://docs.google.com/spreadsheets/d/16wGz0QnHeyqfcAhKdYvDqUZAvKxXKuAHchszJjhpp-o/edit#gid=0
season_002,Regular Season,13,person_raizor,Raizor,0.0000,,1000,42,https://docs.google.com/spreadsheets/d/16wGz0QnHeyqfcAhKdYvDqUZAvKxXKuAHchszJjhpp-o/edit#gid=0
season_002,Regular Season,13,person_regibang,RegiBang,0.0000,,1000,42,https://docs.google.com/spreadsheets/d/16wGz0QnHeyqfcAhKdYvDqUZAvKxXKuAHchszJjhpp-o/edit#gid=0
season_002,Regular Season,13,person_scherany,Scherany,0.0000,,1000,42,https://docs.google.com/spreadsheets/d/16wGz0QnHeyqfcAhKdYvDqUZAvKxXKuAHchszJjhpp-o/edit#gid=0
season_002,Regular Season,13,person_shiro,Shiro,0.2880,,1000,42,https://docs.google.com/spreadsheets/d/16wGz0QnHeyqfcAhKdYvDqUZAvKxXKuAHchszJjhpp-o/edit#gid=0
season_002,Regular Season,13,person_steveparker,SteveParker,0.6290,,1000,42,https://docs.google.com/spreadsheets/d/16wGz0QnHeyqfcAhKdYvDqUZAvKxXKuAHchszJjhpp-o/edit#gid=0
season_002,Regular Season,13,person_surskittv,SurskitTV,0.0550,,1000,42,https://docs.google.com/spreadsheets/d/16wGz0QnHeyqfcAhKdYvDqUZAvKxXKuAHchszJjhpp-o/edit#gid=0
season_002,Regular Season,14,person_art_n_gaming,Art'n'Gaming,0.0020,,1000,42,https://docs.google.com/spreadsheets/d/16wGz0QnHeyqfcAhKdYvDqUZAvKxXKuAHchszJjhpp-o/edit#gid=0
season_002,Regular Season,14,person_daumenkino,DaumenkinoLP,0.0000,,1000,42,https://docs.google.com/spreadsheets/d/16wGz0QnHeyqfcAhKdYvDqUZAvKxXKuAHchszJjhpp-o/edit#gid=0
season_002,Regular Season,14,person_dirtyd64,DirtyD64,0.0000,,1000,42,https://docs.google.com/spreadsheets/d/16wGz0QnHeyqfcAhKdYvDqUZAvKxXKuAHchszJjhpp-o/edit#gid=0
season_002,Regular Season,14,person_fanmadeletsplay,FanmadeLetsPlay,0.0200,,1000,42,https://docs.google.com/spreadsheets/d/16wGz0QnHeyqfcAhKdYvDqUZAvKxXKuAHchszJjhpp-o/edit#gid=0
season_002,Regular Season,14,person_fnupa,Cabgolord,0.0000,,1000,42,https://docs.google.com/spreadsheets/d/16wGz0QnHeyqfcAhKdYvDqUZAvKxXKuAHchszJjhpp-o/edit#gid=0
season_002,Regular Season,14,person_kuchenjaeger,Kuchenjaeger,0.0000,,1000,42,https://docs.google.com/spreadsheets/d/16wGz0QnHeyqfcAhKdYvDqUZAvKxXKuAHchszJjhpp-o/edit#gid=0
season_002,Regular Season,14,person_oktopaul,Oktopaul,0.0000,,1000,42,https://docs.google.com/spreadsheets/d/16wGz0QnHeyqfcAhKdYvDqUZAvKxXKuAHchszJjhpp-o/edit#gid=0
season_002,Regular Season,14,person_present,PresentLP,0.0000,,1000,42,https://docs.google.com/spreadsheets/d/16wGz0QnHeyqfcAhKdYvDqUZAvKxXKuAHchszJjhpp-o/edit#gid=0
season_002,Regular Season,14,person_raizor,Raizor,0.0000,,1000,42,https://docs.google.com/spreadsheets/d/16wGz0QnHeyqfcAhKdYvDqUZAvKxXKuAHchszJjhpp-o/edit#gid=0
season_002,Regular Season,14,person_regibang,RegiBang,0.0000,,1000,42,https://docs.google.com/spreadsheets/d/16wGz0QnHeyqfcAhKdYvDqUZAvKxXKuAHchszJjhpp-o/edit#gid=0
season_002,Regular Season,14,person_scherany,Scherany,0.0000,,1000,42,https://docs.google.com/spreadsheets/d/16wGz0QnHeyqfcAhKdYvDqUZAvKxXKuAHchszJjhpp-o/edit#gid=0
season_002,Regular Season,14,person_shiro,Shiro,0.2520,,1000,42,https://docs.google.com/spreadsheets/d/16wGz0QnHeyqfcAhKdYvDqUZAvKxXKuAHchszJjhpp-o/edit#gid=0
season_002,Regular Season,14,person_steveparker,SteveParker,0.6590,,1000,42,https://docs.google.com/spreadsheets/d/16wGz0QnHeyqfcAhKdYvDqUZAvKxXKuAHchszJjhpp-o/edit#gid=0
season_002,Regular Season,14,person_surskittv,SurskitTV,0.0670,,1000,42,https://docs.google.com/spreadsheets/d/16wGz0QnHeyqfcAhKdYvDqUZAvKxXKuAHchszJjhpp-o/edit#gid=0
season_002,Regular Season,15,person_art_n_gaming,Art'n'Gaming,0.0040,,1000,42,https://docs.google.com/spreadsheets/d/16wGz0QnHeyqfcAhKdYvDqUZAvKxXKuAHchszJjhpp-o/edit#gid=0
season_002,Regular Season,15,person_daumenkino,DaumenkinoLP,0.0000,,1000,42,https://docs.google.com/spreadsheets/d/16wGz0QnHeyqfcAhKdYvDqUZAvKxXKuAHchszJjhpp-o/edit#gid=0
season_002,Regular Season,15,person_dirtyd64,DirtyD64,0.0000,,1000,42,https://docs.google.com/spreadsheets/d/16wGz0QnHeyqfcAhKdYvDqUZAvKxXKuAHchszJjhpp-o/edit#gid=0
season_002,Regular Season,15,person_fanmadeletsplay,FanmadeLetsPlay,0.0380,,1000,42,https://docs.google.com/spreadsheets/d/16wGz0QnHeyqfcAhKdYvDqUZAvKxXKuAHchszJjhpp-o/edit#gid=0
season_002,Regular Season,15,person_fnupa,Cabgolord,0.0000,,1000,42,https://docs.google.com/spreadsheets/d/16wGz0QnHeyqfcAhKdYvDqUZAvKxXKuAHchszJjhpp-o/edit#gid=0
season_002,Regular Season,15,person_kuchenjaeger,Kuchenjaeger,0.0000,,1000,42,https://docs.google.com/spreadsheets/d/16wGz0QnHeyqfcAhKdYvDqUZAvKxXKuAHchszJjhpp-o/edit#gid=0
season_002,Regular Season,15,person_oktopaul,Oktopaul,0.0000,,1000,42,https://docs.google.com/spreadsheets/d/16wGz0QnHeyqfcAhKdYvDqUZAvKxXKuAHchszJjhpp-o/edit#gid=0
season_002,Regular Season,15,person_present,PresentLP,0.0000,,1000,42,https://docs.google.com/spreadsheets/d/16wGz0QnHeyqfcAhKdYvDqUZAvKxXKuAHchszJjhpp-o/edit#gid=0
season_002,Regular Season,15,person_raizor,Raizor,0.0000,,1000,42,https://docs.google.com/spreadsheets/d/16wGz0QnHeyqfcAhKdYvDqUZAvKxXKuAHchszJjhpp-o/edit#gid=0
season_002,Regular Season,15,person_regibang,RegiBang,0.0000,,1000,42,https://docs.google.com/spreadsheets/d/16wGz0QnHeyqfcAhKdYvDqUZAvKxXKuAHchszJjhpp-o/edit#gid=0
season_002,Regular Season,15,person_scherany,Scherany,0.0000,,1000,42,https://docs.google.com/spreadsheets/d/16wGz0QnHeyqfcAhKdYvDqUZAvKxXKuAHchszJjhpp-o/edit#gid=0
season_002,Regular Season,15,person_shiro,Shiro,0.0890,,1000,42,https://docs.google.com/spreadsheets/d/16wGz0QnHeyqfcAhKdYvDqUZAvKxXKuAHchszJjhpp-o/edit#gid=0
season_002,Regular Season,15,person_steveparker,SteveParker,0.8510,,1000,42,https://docs.google.com/spreadsheets/d/16wGz0QnHeyqfcAhKdYvDqUZAvKxXKuAHchszJjhpp-o/edit#gid=0
season_002,Regular Season,15,person_surskittv,SurskitTV,0.0180,,1000,42,https://docs.google.com/spreadsheets/d/16wGz0QnHeyqfcAhKdYvDqUZAvKxXKuAHchszJjhpp-o/edit#gid=0
season_002,Regular Season,16,person_art_n_gaming,Art'n'Gaming,0.0100,,1000,42,https://docs.google.com/spreadsheets/d/16wGz0QnHeyqfcAhKdYvDqUZAvKxXKuAHchszJjhpp-o/edit#gid=0
season_002,Regular Season,16,person_daumenkino,DaumenkinoLP,0.0030,,1000,42,https://docs.google.com/spreadsheets/d/16wGz0QnHeyqfcAhKdYvDqUZAvKxXKuAHchszJjhpp-o/edit#gid=0
season_002,Regular Season,16,person_dirtyd64,DirtyD64,0.0000,,1000,42,https://docs.google.com/spreadsheets/d/16wGz0QnHeyqfcAhKdYvDqUZAvKxXKuAHchszJjhpp-o/edit#gid=0
season_002,Regular Season,16,person_fanmadeletsplay,FanmadeLetsPlay,0.0160,,1000,42,https://docs.google.com/spreadsheets/d/16wGz0QnHeyqfcAhKdYvDqUZAvKxXKuAHchszJjhpp-o/edit#gid=0
season_002,Regular Season,16,person_fnupa,Cabgolord,0.0000,,1000,42,https://docs.google.com/spreadsheets/d/16wGz0QnHeyqfcAhKdYvDqUZAvKxXKuAHchszJjhpp-o/edit#gid=0
season_002,Regular Season,16,person_kuchenjaeger,Kuchenjaeger,0.0000,,1000,42,https://docs.google.com/spreadsheets/d/16wGz0QnHeyqfcAhKdYvDqUZAvKxXKuAHchszJjhpp-o/edit#gid=0
season_002,Regular Season,16,person_oktopaul,Oktopaul,0.0000,,1000,42,https://docs.google.com/spreadsheets/d/16wGz0QnHeyqfcAhKdYvDqUZAvKxXKuAHchszJjhpp-o/edit#gid=0
season_002,Regular Season,16,person_present,PresentLP,0.0000,,1000,42,https://docs.google.com/spreadsheets/d/16wGz0QnHeyqfcAhKdYvDqUZAvKxXKuAHchszJjhpp-o/edit#gid=0
season_002,Regular Season,16,person_raizor,Raizor,0.0000,,1000,42,https://docs.google.com/spreadsheets/d/16wGz0QnHeyqfcAhKdYvDqUZAvKxXKuAHchszJjhpp-o/edit#gid=0
season_002,Regular Season,16,person_regibang,RegiBang,0.0000,,1000,42,https://docs.google.com/spreadsheets/d/16wGz0QnHeyqfcAhKdYvDqUZAvKxXKuAHchszJjhpp-o/edit#gid=0
season_002,Regular Season,16,person_scherany,Scherany,0.0000,,1000,42,https://docs.google.com/spreadsheets/d/16wGz0QnHeyqfcAhKdYvDqUZAvKxXKuAHchszJjhpp-o/edit#gid=0
season_002,Regular Season,16,person_shiro,Shiro,0.2340,,1000,42,https://docs.google.com/spreadsheets/d/16wGz0QnHeyqfcAhKdYvDqUZAvKxXKuAHchszJjhpp-o/edit#gid=0
season_002,Regular Season,16,person_steveparker,SteveParker,0.7250,,1000,42,https://docs.google.com/spreadsheets/d/16wGz0QnHeyqfcAhKdYvDqUZAvKxXKuAHchszJjhpp-o/edit#gid=0
season_002,Regular Season,16,person_surskittv,SurskitTV,0.0120,,1000,42,https://docs.google.com/spreadsheets/d/16wGz0QnHeyqfcAhKdYvDqUZAvKxXKuAHchszJjhpp-o/edit#gid=0
season_002,Regular Season,17,person_art_n_gaming,Art'n'Gaming,0.0050,,1000,42,https://docs.google.com/spreadsheets/d/16wGz0QnHeyqfcAhKdYvDqUZAvKxXKuAHchszJjhpp-o/edit#gid=0
season_002,Regular Season,17,person_daumenkino,DaumenkinoLP,0.0120,,1000,42,https://docs.google.com/spreadsheets/d/16wGz0QnHeyqfcAhKdYvDqUZAvKxXKuAHchszJjhpp-o/edit#gid=0
season_002,Regular Season,17,person_dirtyd64,DirtyD64,0.0000,,1000,42,https://docs.google.com/spreadsheets/d/16wGz0QnHeyqfcAhKdYvDqUZAvKxXKuAHchszJjhpp-o/edit#gid=0
season_002,Regular Season,17,person_fanmadeletsplay,FanmadeLetsPlay,0.0070,,1000,42,https://docs.google.com/spreadsheets/d/16wGz0QnHeyqfcAhKdYvDqUZAvKxXKuAHchszJjhpp-o/edit#gid=0
season_002,Regular Season,17,person_fnupa,Cabgolord,0.0000,,1000,42,https://docs.google.com/spreadsheets/d/16wGz0QnHeyqfcAhKdYvDqUZAvKxXKuAHchszJjhpp-o/edit#gid=0
season_002,Regular Season,17,person_kuchenjaeger,Kuchenjaeger,0.0000,,1000,42,https://docs.google.com/spreadsheets/d/16wGz0QnHeyqfcAhKdYvDqUZAvKxXKuAHchszJjhpp-o/edit#gid=0
season_002,Regular Season,17,person_oktopaul,Oktopaul,0.0000,,1000,42,https://docs.google.com/spreadsheets/d/16wGz0QnHeyqfcAhKdYvDqUZAvKxXKuAHchszJjhpp-o/edit#gid=0
season_002,Regular Season,17,person_present,PresentLP,0.0000,,1000,42,https://docs.google.com/spreadsheets/d/16wGz0QnHeyqfcAhKdYvDqUZAvKxXKuAHchszJjhpp-o/edit#gid=0
season_002,Regular Season,17,person_raizor,Raizor,0.0000,,1000,42,https://docs.google.com/spreadsheets/d/16wGz0QnHeyqfcAhKdYvDqUZAvKxXKuAHchszJjhpp-o/edit#gid=0
season_002,Regular Season,17,person_regibang,RegiBang,0.0000,,1000,42,https://docs.google.com/spreadsheets/d/16wGz0QnHeyqfcAhKdYvDqUZAvKxXKuAHchszJjhpp-o/edit#gid=0
season_002,Regular Season,17,person_scherany,Scherany,0.0000,,1000,42,https://docs.google.com/spreadsheets/d/16wGz0QnHeyqfcAhKdYvDqUZAvKxXKuAHchszJjhpp-o/edit#gid=0
season_002,Regular Season,17,person_shiro,Shiro,0.4170,,1000,42,https://docs.google.com/spreadsheets/d/16wGz0QnHeyqfcAhKdYvDqUZAvKxXKuAHchszJjhpp-o/edit#gid=0
season_002,Regular Season,17,person_steveparker,SteveParker,0.5340,,1000,42,https://docs.google.com/spreadsheets/d/16wGz0QnHeyqfcAhKdYvDqUZAvKxXKuAHchszJjhpp-o/edit#gid=0
season_002,Regular Season,17,person_surskittv,SurskitTV,0.0250,,1000,42,https://docs.google.com/spreadsheets/d/16wGz0QnHeyqfcAhKdYvDqUZAvKxXKuAHchszJjhpp-o/edit#gid=0
season_002,Regular Season,18,person_art_n_gaming,Art'n'Gaming,0.0000,,1000,42,https://docs.google.com/spreadsheets/d/16wGz0QnHeyqfcAhKdYvDqUZAvKxXKuAHchszJjhpp-o/edit#gid=0
season_002,Regular Season,18,person_daumenkino,DaumenkinoLP,0.0100,,1000,42,https://docs.google.com/spreadsheets/d/16wGz0QnHeyqfcAhKdYvDqUZAvKxXKuAHchszJjhpp-o/edit#gid=0
season_002,Regular Season,18,person_dirtyd64,DirtyD64,0.0000,,1000,42,https://docs.google.com/spreadsheets/d/16wGz0QnHeyqfcAhKdYvDqUZAvKxXKuAHchszJjhpp-o/edit#gid=0
season_002,Regular Season,18,person_fanmadeletsplay,FanmadeLetsPlay,0.0010,,1000,42,https://docs.google.com/spreadsheets/d/16wGz0QnHeyqfcAhKdYvDqUZAvKxXKuAHchszJjhpp-o/edit#gid=0
season_002,Regular Season,18,person_fnupa,Cabgolord,0.0000,,1000,42,https://docs.google.com/spreadsheets/d/16wGz0QnHeyqfcAhKdYvDqUZAvKxXKuAHchszJjhpp-o/edit#gid=0
season_002,Regular Season,18,person_kuchenjaeger,Kuchenjaeger,0.0000,,1000,42,https://docs.google.com/spreadsheets/d/16wGz0QnHeyqfcAhKdYvDqUZAvKxXKuAHchszJjhpp-o/edit#gid=0
season_002,Regular Season,18,person_oktopaul,Oktopaul,0.0000,,1000,42,https://docs.google.com/spreadsheets/d/16wGz0QnHeyqfcAhKdYvDqUZAvKxXKuAHchszJjhpp-o/edit#gid=0
season_002,Regular Season,18,person_present,PresentLP,0.0000,,1000,42,https://docs.google.com/spreadsheets/d/16wGz0QnHeyqfcAhKdYvDqUZAvKxXKuAHchszJjhpp-o/edit#gid=0
season_002,Regular Season,18,person_raizor,Raizor,0.0000,,1000,42,https://docs.google.com/spreadsheets/d/16wGz0QnHeyqfcAhKdYvDqUZAvKxXKuAHchszJjhpp-o/edit#gid=0
season_002,Regular Season,18,person_regibang,RegiBang,0.0000,,1000,42,https://docs.google.com/spreadsheets/d/16wGz0QnHeyqfcAhKdYvDqUZAvKxXKuAHchszJjhpp-o/edit#gid=0
season_002,Regular Season,18,person_scherany,Scherany,0.0000,,1000,42,https://docs.google.com/spreadsheets/d/16wGz0QnHeyqfcAhKdYvDqUZAvKxXKuAHchszJjhpp-o/edit#gid=0
season_002,Regular Season,18,person_shiro,Shiro,0.4410,,1000,42,https://docs.google.com/spreadsheets/d/16wGz0QnHeyqfcAhKdYvDqUZAvKxXKuAHchszJjhpp-o/edit#gid=0
season_002,Regular Season,18,person_steveparker,SteveParker,0.5450,,1000,42,https://docs.google.com/spreadsheets/d/16wGz0QnHeyqfcAhKdYvDqUZAvKxXKuAHchszJjhpp-o/edit#gid=0
season_002,Regular Season,18,person_surskittv,SurskitTV,0.0030,,1000,42,https://docs.google.com/spreadsheets/d/16wGz0QnHeyqfcAhKdYvDqUZAvKxXKuAHchszJjhpp-o/edit#gid=0
season_002,Regular Season,19,person_art_n_gaming,Art'n'Gaming,0.0000,,1000,42,https://docs.google.com/spreadsheets/d/16wGz0QnHeyqfcAhKdYvDqUZAvKxXKuAHchszJjhpp-o/edit#gid=0
season_002,Regular Season,19,person_daumenkino,DaumenkinoLP,0.0050,,1000,42,https://docs.google.com/spreadsheets/d/16wGz0QnHeyqfcAhKdYvDqUZAvKxXKuAHchszJjhpp-o/edit#gid=0
season_002,Regular Season,19,person_dirtyd64,DirtyD64,0.0000,,1000,42,https://docs.google.com/spreadsheets/d/16wGz0QnHeyqfcAhKdYvDqUZAvKxXKuAHchszJjhpp-o/edit#gid=0
season_002,Regular Season,19,person_fanmadeletsplay,FanmadeLetsPlay,0.0000,,1000,42,https://docs.google.com/spreadsheets/d/16wGz0QnHeyqfcAhKdYvDqUZAvKxXKuAHchszJjhpp-o/edit#gid=0
season_002,Regular Season,19,person_fnupa,Cabgolord,0.0000,,1000,42,https://docs.google.com/spreadsheets/d/16wGz0QnHeyqfcAhKdYvDqUZAvKxXKuAHchszJjhpp-o/edit#gid=0
season_002,Regular Season,19,person_kuchenjaeger,Kuchenjaeger,0.0000,,1000,42,https://docs.google.com/spreadsheets/d/16wGz0QnHeyqfcAhKdYvDqUZAvKxXKuAHchszJjhpp-o/edit#gid=0
season_002,Regular Season,19,person_oktopaul,Oktopaul,0.0000,,1000,42,https://docs.google.com/spreadsheets/d/16wGz0QnHeyqfcAhKdYvDqUZAvKxXKuAHchszJjhpp-o/edit#gid=0
season_002,Regular Season,19,person_present,PresentLP,0.0000,,1000,42,https://docs.google.com/spreadsheets/d/16wGz0QnHeyqfcAhKdYvDqUZAvKxXKuAHchszJjhpp-o/edit#gid=0
season_002,Regular Season,19,person_raizor,Raizor,0.0000,,1000,42,https://docs.google.com/spreadsheets/d/16wGz0QnHeyqfcAhKdYvDqUZAvKxXKuAHchszJjhpp-o/edit#gid=0
season_002,Regular Season,19,person_regibang,RegiBang,0.0000,,1000,42,https://docs.google.com/spreadsheets/d/16wGz0QnHeyqfcAhKdYvDqUZAvKxXKuAHchszJjhpp-o/edit#gid=0
season_002,Regular Season,19,person_scherany,Scherany,0.0000,,1000,42,https://docs.google.com/spreadsheets/d/16wGz0QnHeyqfcAhKdYvDqUZAvKxXKuAHchszJjhpp-o/edit#gid=0
season_002,Regular Season,19,person_shiro,Shiro,0.4430,,1000,42,https://docs.google.com/spreadsheets/d/16wGz0QnHeyqfcAhKdYvDqUZAvKxXKuAHchszJjhpp-o/edit#gid=0
season_002,Regular Season,19,person_steveparker,SteveParker,0.5510,,1000,42,https://docs.google.com/spreadsheets/d/16wGz0QnHeyqfcAhKdYvDqUZAvKxXKuAHchszJjhpp-o/edit#gid=0
season_002,Regular Season,19,person_surskittv,SurskitTV,0.0010,,1000,42,https://docs.google.com/spreadsheets/d/16wGz0QnHeyqfcAhKdYvDqUZAvKxXKuAHchszJjhpp-o/edit#gid=0
season_002,Regular Season,20,person_art_n_gaming,Art'n'Gaming,0.0000,,1000,42,https://docs.google.com/spreadsheets/d/16wGz0QnHeyqfcAhKdYvDqUZAvKxXKuAHchszJjhpp-o/edit#gid=0
season_002,Regular Season,20,person_daumenkino,DaumenkinoLP,0.0020,,1000,42,https://docs.google.com/spreadsheets/d/16wGz0QnHeyqfcAhKdYvDqUZAvKxXKuAHchszJjhpp-o/edit#gid=0
season_002,Regular Season,20,person_dirtyd64,DirtyD64,0.0000,,1000,42,https://docs.google.com/spreadsheets/d/16wGz0QnHeyqfcAhKdYvDqUZAvKxXKuAHchszJjhpp-o/edit#gid=0
season_002,Regular Season,20,person_fanmadeletsplay,FanmadeLetsPlay,0.0000,,1000,42,https://docs.google.com/spreadsheets/d/16wGz0QnHeyqfcAhKdYvDqUZAvKxXKuAHchszJjhpp-o/edit#gid=0
season_002,Regular Season,20,person_fnupa,Cabgolord,0.0000,,1000,42,https://docs.google.com/spreadsheets/d/16wGz0QnHeyqfcAhKdYvDqUZAvKxXKuAHchszJjhpp-o/edit#gid=0
season_002,Regular Season,20,person_kuchenjaeger,Kuchenjaeger,0.0000,,1000,42,https://docs.google.com/spreadsheets/d/16wGz0QnHeyqfcAhKdYvDqUZAvKxXKuAHchszJjhpp-o/edit#gid=0
season_002,Regular Season,20,person_oktopaul,Oktopaul,0.0000,,1000,42,https://docs.google.com/spreadsheets/d/16wGz0QnHeyqfcAhKdYvDqUZAvKxXKuAHchszJjhpp-o/edit#gid=0
season_002,Regular Season,20,person_present,PresentLP,0.0000,,1000,42,https://docs.google.com/spreadsheets/d/16wGz0QnHeyqfcAhKdYvDqUZAvKxXKuAHchszJjhpp-o/edit#gid=0
season_002,Regular Season,20,person_raizor,Raizor,0.0000,,1000,42,https://docs.google.com/spreadsheets/d/16wGz0QnHeyqfcAhKdYvDqUZAvKxXKuAHchszJjhpp-o/edit#gid=0
season_002,Regular Season,20,person_regibang,RegiBang,0.0000,,1000,42,https://docs.google.com/spreadsheets/d/16wGz0QnHeyqfcAhKdYvDqUZAvKxXKuAHchszJjhpp-o/edit#gid=0
season_002,Regular Season,20,person_scherany,Scherany,0.0000,,1000,42,https://docs.google.com/spreadsheets/d/16wGz0QnHeyqfcAhKdYvDqUZAvKxXKuAHchszJjhpp-o/edit#gid=0
season_002,Regular Season,20,person_shiro,Shiro,0.4370,,1000,42,https://docs.google.com/spreadsheets/d/16wGz0QnHeyqfcAhKdYvDqUZAvKxXKuAHchszJjhpp-o/edit#gid=0
season_002,Regular Season,20,person_steveparker,SteveParker,0.5610,,1000,42,https://docs.google.com/spreadsheets/d/16wGz0QnHeyqfcAhKdYvDqUZAvKxXKuAHchszJjhpp-o/edit#gid=0
season_002,Regular Season,20,person_surskittv,SurskitTV,0.0000,,1000,42,https://docs.google.com/spreadsheets/d/16wGz0QnHeyqfcAhKdYvDqUZAvKxXKuAHchszJjhpp-o/edit#gid=0
season_002,Regular Season,21,person_art_n_gaming,Art'n'Gaming,0.0000,,1000,42,https://docs.google.com/spreadsheets/d/16wGz0QnHeyqfcAhKdYvDqUZAvKxXKuAHchszJjhpp-o/edit#gid=0
season_002,Regular Season,21,person_daumenkino,DaumenkinoLP,0.0000,,1000,42,https://docs.google.com/spreadsheets/d/16wGz0QnHeyqfcAhKdYvDqUZAvKxXKuAHchszJjhpp-o/edit#gid=0
season_002,Regular Season,21,person_dirtyd64,DirtyD64,0.0000,,1000,42,https://docs.google.com/spreadsheets/d/16wGz0QnHeyqfcAhKdYvDqUZAvKxXKuAHchszJjhpp-o/edit#gid=0
season_002,Regular Season,21,person_fanmadeletsplay,FanmadeLetsPlay,0.0000,,1000,42,https://docs.google.com/spreadsheets/d/16wGz0QnHeyqfcAhKdYvDqUZAvKxXKuAHchszJjhpp-o/edit#gid=0
season_002,Regular Season,21,person_fnupa,Cabgolord,0.0000,,1000,42,https://docs.google.com/spreadsheets/d/16wGz0QnHeyqfcAhKdYvDqUZAvKxXKuAHchszJjhpp-o/edit#gid=0
season_002,Regular Season,21,person_kuchenjaeger,Kuchenjaeger,0.0000,,1000,42,https://docs.google.com/spreadsheets/d/16wGz0QnHeyqfcAhKdYvDqUZAvKxXKuAHchszJjhpp-o/edit#gid=0
season_002,Regular Season,21,person_oktopaul,Oktopaul,0.0000,,1000,42,https://docs.google.com/spreadsheets/d/16wGz0QnHeyqfcAhKdYvDqUZAvKxXKuAHchszJjhpp-o/edit#gid=0
season_002,Regular Season,21,person_present,PresentLP,0.0000,,1000,42,https://docs.google.com/spreadsheets/d/16wGz0QnHeyqfcAhKdYvDqUZAvKxXKuAHchszJjhpp-o/edit#gid=0
season_002,Regular Season,21,person_raizor,Raizor,0.0000,,1000,42,https://docs.google.com/spreadsheets/d/16wGz0QnHeyqfcAhKdYvDqUZAvKxXKuAHchszJjhpp-o/edit#gid=0
season_002,Regular Season,21,person_regibang,RegiBang,0.0000,,1000,42,https://docs.google.com/spreadsheets/d/16wGz0QnHeyqfcAhKdYvDqUZAvKxXKuAHchszJjhpp-o/edit#gid=0
season_002,Regular Season,21,person_scherany,Scherany,0.0000,,1000,42,https://docs.google.com/spreadsheets/d/16wGz0QnHeyqfcAhKdYvDqUZAvKxXKuAHchszJjhpp-o/edit#gid=0
season_002,Regular Season,21,person_shiro,Shiro,0.3840,,1000,42,https://docs.google.com/spreadsheets/d/16wGz0QnHeyqfcAhKdYvDqUZAvKxXKuAHchszJjhpp-o/edit#gid=0
season_002,Regular Season,21,person_steveparker,SteveParker,0.6150,,1000,42,https://docs.google.com/spreadsheets/d/16wGz0QnHeyqfcAhKdYvDqUZAvKxXKuAHchszJjhpp-o/edit#gid=0
season_002,Regular Season,21,person_surskittv,SurskitTV,0.0010,,1000,42,https://docs.google.com/spreadsheets/d/16wGz0QnHeyqfcAhKdYvDqUZAvKxXKuAHchszJjhpp-o/edit#gid=0
season_002,Regular Season,22,person_art_n_gaming,Art'n'Gaming,0.0000,,1000,42,https://docs.google.com/spreadsheets/d/16wGz0QnHeyqfcAhKdYvDqUZAvKxXKuAHchszJjhpp-o/edit#gid=0
season_002,Regular Season,22,person_daumenkino,DaumenkinoLP,0.0000,,1000,42,https://docs.google.com/spreadsheets/d/16wGz0QnHeyqfcAhKdYvDqUZAvKxXKuAHchszJjhpp-o/edit#gid=0
season_002,Regular Season,22,person_dirtyd64,DirtyD64,0.0000,,1000,42,https://docs.google.com/spreadsheets/d/16wGz0QnHeyqfcAhKdYvDqUZAvKxXKuAHchszJjhpp-o/edit#gid=0
season_002,Regular Season,22,person_fanmadeletsplay,FanmadeLetsPlay,0.0000,,1000,42,https://docs.google.com/spreadsheets/d/16wGz0QnHeyqfcAhKdYvDqUZAvKxXKuAHchszJjhpp-o/edit#gid=0
season_002,Regular Season,22,person_fnupa,Cabgolord,0.0000,,1000,42,https://docs.google.com/spreadsheets/d/16wGz0QnHeyqfcAhKdYvDqUZAvKxXKuAHchszJjhpp-o/edit#gid=0
season_002,Regular Season,22,person_kuchenjaeger,Kuchenjaeger,0.0000,,1000,42,https://docs.google.com/spreadsheets/d/16wGz0QnHeyqfcAhKdYvDqUZAvKxXKuAHchszJjhpp-o/edit#gid=0
season_002,Regular Season,22,person_oktopaul,Oktopaul,0.0000,,1000,42,https://docs.google.com/spreadsheets/d/16wGz0QnHeyqfcAhKdYvDqUZAvKxXKuAHchszJjhpp-o/edit#gid=0
season_002,Regular Season,22,person_present,PresentLP,0.0000,,1000,42,https://docs.google.com/spreadsheets/d/16wGz0QnHeyqfcAhKdYvDqUZAvKxXKuAHchszJjhpp-o/edit#gid=0
season_002,Regular Season,22,person_raizor,Raizor,0.0000,,1000,42,https://docs.google.com/spreadsheets/d/16wGz0QnHeyqfcAhKdYvDqUZAvKxXKuAHchszJjhpp-o/edit#gid=0
season_002,Regular Season,22,person_regibang,RegiBang,0.0000,,1000,42,https://docs.google.com/spreadsheets/d/16wGz0QnHeyqfcAhKdYvDqUZAvKxXKuAHchszJjhpp-o/edit#gid=0
season_002,Regular Season,22,person_scherany,Scherany,0.0000,,1000,42,https://docs.google.com/spreadsheets/d/16wGz0QnHeyqfcAhKdYvDqUZAvKxXKuAHchszJjhpp-o/edit#gid=0
season_002,Regular Season,22,person_shiro,Shiro,0.4240,,1000,42,https://docs.google.com/spreadsheets/d/16wGz0QnHeyqfcAhKdYvDqUZAvKxXKuAHchszJjhpp-o/edit#gid=0
season_002,Regular Season,22,person_steveparker,SteveParker,0.5670,,1000,42,https://docs.google.com/spreadsheets/d/16wGz0QnHeyqfcAhKdYvDqUZAvKxXKuAHchszJjhpp-o/edit#gid=0
season_002,Regular Season,22,person_surskittv,SurskitTV,0.0090,,1000,42,https://docs.google.com/spreadsheets/d/16wGz0QnHeyqfcAhKdYvDqUZAvKxXKuAHchszJjhpp-o/edit#gid=0
season_002,Regular Season,23,person_art_n_gaming,Art'n'Gaming,0.0000,,1000,42,https://docs.google.com/spreadsheets/d/16wGz0QnHeyqfcAhKdYvDqUZAvKxXKuAHchszJjhpp-o/edit#gid=0
season_002,Regular Season,23,person_daumenkino,DaumenkinoLP,0.0000,,1000,42,https://docs.google.com/spreadsheets/d/16wGz0QnHeyqfcAhKdYvDqUZAvKxXKuAHchszJjhpp-o/edit#gid=0
season_002,Regular Season,23,person_dirtyd64,DirtyD64,0.0000,,1000,42,https://docs.google.com/spreadsheets/d/16wGz0QnHeyqfcAhKdYvDqUZAvKxXKuAHchszJjhpp-o/edit#gid=0
season_002,Regular Season,23,person_fanmadeletsplay,FanmadeLetsPlay,0.0000,,1000,42,https://docs.google.com/spreadsheets/d/16wGz0QnHeyqfcAhKdYvDqUZAvKxXKuAHchszJjhpp-o/edit#gid=0
season_002,Regular Season,23,person_fnupa,Cabgolord,0.0000,,1000,42,https://docs.google.com/spreadsheets/d/16wGz0QnHeyqfcAhKdYvDqUZAvKxXKuAHchszJjhpp-o/edit#gid=0
season_002,Regular Season,23,person_kuchenjaeger,Kuchenjaeger,0.0000,,1000,42,https://docs.google.com/spreadsheets/d/16wGz0QnHeyqfcAhKdYvDqUZAvKxXKuAHchszJjhpp-o/edit#gid=0
season_002,Regular Season,23,person_oktopaul,Oktopaul,0.0000,,1000,42,https://docs.google.com/spreadsheets/d/16wGz0QnHeyqfcAhKdYvDqUZAvKxXKuAHchszJjhpp-o/edit#gid=0
season_002,Regular Season,23,person_present,PresentLP,0.0000,,1000,42,https://docs.google.com/spreadsheets/d/16wGz0QnHeyqfcAhKdYvDqUZAvKxXKuAHchszJjhpp-o/edit#gid=0
season_002,Regular Season,23,person_raizor,Raizor,0.0000,,1000,42,https://docs.google.com/spreadsheets/d/16wGz0QnHeyqfcAhKdYvDqUZAvKxXKuAHchszJjhpp-o/edit#gid=0
season_002,Regular Season,23,person_regibang,RegiBang,0.0000,,1000,42,https://docs.google.com/spreadsheets/d/16wGz0QnHeyqfcAhKdYvDqUZAvKxXKuAHchszJjhpp-o/edit#gid=0
season_002,Regular Season,23,person_scherany,Scherany,0.0000,,1000,42,https://docs.google.com/spreadsheets/d/16wGz0QnHeyqfcAhKdYvDqUZAvKxXKuAHchszJjhpp-o/edit#gid=0
season_002,Regular Season,23,person_shiro,Shiro,0.4040,,1000,42,https://docs.google.com/spreadsheets/d/16wGz0QnHeyqfcAhKdYvDqUZAvKxXKuAHchszJjhpp-o/edit#gid=0
season_002,Regular Season,23,person_steveparker,SteveParker,0.5520,,1000,42,https://docs.google.com/spreadsheets/d/16wGz0QnHeyqfcAhKdYvDqUZAvKxXKuAHchszJjhpp-o/edit#gid=0
season_002,Regular Season,23,person_surskittv,SurskitTV,0.0440,,1000,42,https://docs.google.com/spreadsheets/d/16wGz0QnHeyqfcAhKdYvDqUZAvKxXKuAHchszJjhpp-o/edit#gid=0
season_002,Regular Season,24,person_art_n_gaming,Art'n'Gaming,0.0000,,1000,42,https://docs.google.com/spreadsheets/d/16wGz0QnHeyqfcAhKdYvDqUZAvKxXKuAHchszJjhpp-o/edit#gid=0
season_002,Regular Season,24,person_daumenkino,DaumenkinoLP,0.0000,,1000,42,https://docs.google.com/spreadsheets/d/16wGz0QnHeyqfcAhKdYvDqUZAvKxXKuAHchszJjhpp-o/edit#gid=0
season_002,Regular Season,24,person_dirtyd64,DirtyD64,0.0000,,1000,42,https://docs.google.com/spreadsheets/d/16wGz0QnHeyqfcAhKdYvDqUZAvKxXKuAHchszJjhpp-o/edit#gid=0
season_002,Regular Season,24,person_fanmadeletsplay,FanmadeLetsPlay,0.0000,,1000,42,https://docs.google.com/spreadsheets/d/16wGz0QnHeyqfcAhKdYvDqUZAvKxXKuAHchszJjhpp-o/edit#gid=0
season_002,Regular Season,24,person_fnupa,Cabgolord,0.0000,,1000,42,https://docs.google.com/spreadsheets/d/16wGz0QnHeyqfcAhKdYvDqUZAvKxXKuAHchszJjhpp-o/edit#gid=0
season_002,Regular Season,24,person_kuchenjaeger,Kuchenjaeger,0.0000,,1000,42,https://docs.google.com/spreadsheets/d/16wGz0QnHeyqfcAhKdYvDqUZAvKxXKuAHchszJjhpp-o/edit#gid=0
season_002,Regular Season,24,person_oktopaul,Oktopaul,0.0000,,1000,42,https://docs.google.com/spreadsheets/d/16wGz0QnHeyqfcAhKdYvDqUZAvKxXKuAHchszJjhpp-o/edit#gid=0
season_002,Regular Season,24,person_present,PresentLP,0.0000,,1000,42,https://docs.google.com/spreadsheets/d/16wGz0QnHeyqfcAhKdYvDqUZAvKxXKuAHchszJjhpp-o/edit#gid=0
season_002,Regular Season,24,person_raizor,Raizor,0.0000,,1000,42,https://docs.google.com/spreadsheets/d/16wGz0QnHeyqfcAhKdYvDqUZAvKxXKuAHchszJjhpp-o/edit#gid=0
season_002,Regular Season,24,person_regibang,RegiBang,0.0000,,1000,42,https://docs.google.com/spreadsheets/d/16wGz0QnHeyqfcAhKdYvDqUZAvKxXKuAHchszJjhpp-o/edit#gid=0
season_002,Regular Season,24,person_scherany,Scherany,0.0000,,1000,42,https://docs.google.com/spreadsheets/d/16wGz0QnHeyqfcAhKdYvDqUZAvKxXKuAHchszJjhpp-o/edit#gid=0
season_002,Regular Season,24,person_shiro,Shiro,0.5040,,1000,42,https://docs.google.com/spreadsheets/d/16wGz0QnHeyqfcAhKdYvDqUZAvKxXKuAHchszJjhpp-o/edit#gid=0
season_002,Regular Season,24,person_steveparker,SteveParker,0.4960,,1000,42,https://docs.google.com/spreadsheets/d/16wGz0QnHeyqfcAhKdYvDqUZAvKxXKuAHchszJjhpp-o/edit#gid=0
season_002,Regular Season,24,person_surskittv,SurskitTV,0.0000,,1000,42,https://docs.google.com/spreadsheets/d/16wGz0QnHeyqfcAhKdYvDqUZAvKxXKuAHchszJjhpp-o/edit#gid=0
season_002,Regular Season,25,person_art_n_gaming,Art'n'Gaming,0.0000,,1000,42,https://docs.google.com/spreadsheets/d/16wGz0QnHeyqfcAhKdYvDqUZAvKxXKuAHchszJjhpp-o/edit#gid=0
season_002,Regular Season,25,person_daumenkino,DaumenkinoLP,0.0000,,1000,42,https://docs.google.com/spreadsheets/d/16wGz0QnHeyqfcAhKdYvDqUZAvKxXKuAHchszJjhpp-o/edit#gid=0
season_002,Regular Season,25,person_dirtyd64,DirtyD64,0.0000,,1000,42,https://docs.google.com/spreadsheets/d/16wGz0QnHeyqfcAhKdYvDqUZAvKxXKuAHchszJjhpp-o/edit#gid=0
season_002,Regular Season,25,person_fanmadeletsplay,FanmadeLetsPlay,0.0000,,1000,42,https://docs.google.com/spreadsheets/d/16wGz0QnHeyqfcAhKdYvDqUZAvKxXKuAHchszJjhpp-o/edit#gid=0
season_002,Regular Season,25,person_fnupa,Cabgolord,0.0000,,1000,42,https://docs.google.com/spreadsheets/d/16wGz0QnHeyqfcAhKdYvDqUZAvKxXKuAHchszJjhpp-o/edit#gid=0
season_002,Regular Season,25,person_kuchenjaeger,Kuchenjaeger,0.0000,,1000,42,https://docs.google.com/spreadsheets/d/16wGz0QnHeyqfcAhKdYvDqUZAvKxXKuAHchszJjhpp-o/edit#gid=0
season_002,Regular Season,25,person_oktopaul,Oktopaul,0.0000,,1000,42,https://docs.google.com/spreadsheets/d/16wGz0QnHeyqfcAhKdYvDqUZAvKxXKuAHchszJjhpp-o/edit#gid=0
season_002,Regular Season,25,person_present,PresentLP,0.0000,,1000,42,https://docs.google.com/spreadsheets/d/16wGz0QnHeyqfcAhKdYvDqUZAvKxXKuAHchszJjhpp-o/edit#gid=0
season_002,Regular Season,25,person_raizor,Raizor,0.0000,,1000,42,https://docs.google.com/spreadsheets/d/16wGz0QnHeyqfcAhKdYvDqUZAvKxXKuAHchszJjhpp-o/edit#gid=0
season_002,Regular Season,25,person_regibang,RegiBang,0.0000,,1000,42,https://docs.google.com/spreadsheets/d/16wGz0QnHeyqfcAhKdYvDqUZAvKxXKuAHchszJjhpp-o/edit#gid=0
season_002,Regular Season,25,person_scherany,Scherany,0.0000,,1000,42,https://docs.google.com/spreadsheets/d/16wGz0QnHeyqfcAhKdYvDqUZAvKxXKuAHchszJjhpp-o/edit#gid=0
season_002,Regular Season,25,person_shiro,Shiro,0.5740,,1000,42,https://docs.google.com/spreadsheets/d/16wGz0QnHeyqfcAhKdYvDqUZAvKxXKuAHchszJjhpp-o/edit#gid=0
season_002,Regular Season,25,person_steveparker,SteveParker,0.4260,,1000,42,https://docs.google.com/spreadsheets/d/16wGz0QnHeyqfcAhKdYvDqUZAvKxXKuAHchszJjhpp-o/edit#gid=0
season_002,Regular Season,25,person_surskittv,SurskitTV,0.0000,,1000,42,https://docs.google.com/spreadsheets/d/16wGz0QnHeyqfcAhKdYvDqUZAvKxXKuAHchszJjhpp-o/edit#gid=0
season_002,Regular Season,26,person_art_n_gaming,Art'n'Gaming,0.0000,,1000,42,https://docs.google.com/spreadsheets/d/16wGz0QnHeyqfcAhKdYvDqUZAvKxXKuAHchszJjhpp-o/edit#gid=0
season_002,Regular Season,26,person_daumenkino,DaumenkinoLP,0.0000,,1000,42,https://docs.google.com/spreadsheets/d/16wGz0QnHeyqfcAhKdYvDqUZAvKxXKuAHchszJjhpp-o/edit#gid=0
season_002,Regular Season,26,person_dirtyd64,DirtyD64,0.0000,,1000,42,https://docs.google.com/spreadsheets/d/16wGz0QnHeyqfcAhKdYvDqUZAvKxXKuAHchszJjhpp-o/edit#gid=0
season_002,Regular Season,26,person_fanmadeletsplay,FanmadeLetsPlay,0.0000,,1000,42,https://docs.google.com/spreadsheets/d/16wGz0QnHeyqfcAhKdYvDqUZAvKxXKuAHchszJjhpp-o/edit#gid=0
season_002,Regular Season,26,person_fnupa,Cabgolord,0.0000,,1000,42,https://docs.google.com/spreadsheets/d/16wGz0QnHeyqfcAhKdYvDqUZAvKxXKuAHchszJjhpp-o/edit#gid=0
season_002,Regular Season,26,person_kuchenjaeger,Kuchenjaeger,0.0000,,1000,42,https://docs.google.com/spreadsheets/d/16wGz0QnHeyqfcAhKdYvDqUZAvKxXKuAHchszJjhpp-o/edit#gid=0
season_002,Regular Season,26,person_oktopaul,Oktopaul,0.0000,,1000,42,https://docs.google.com/spreadsheets/d/16wGz0QnHeyqfcAhKdYvDqUZAvKxXKuAHchszJjhpp-o/edit#gid=0
season_002,Regular Season,26,person_present,PresentLP,0.0000,,1000,42,https://docs.google.com/spreadsheets/d/16wGz0QnHeyqfcAhKdYvDqUZAvKxXKuAHchszJjhpp-o/edit#gid=0
season_002,Regular Season,26,person_raizor,Raizor,0.0000,,1000,42,https://docs.google.com/spreadsheets/d/16wGz0QnHeyqfcAhKdYvDqUZAvKxXKuAHchszJjhpp-o/edit#gid=0
season_002,Regular Season,26,person_regibang,RegiBang,0.0000,,1000,42,https://docs.google.com/spreadsheets/d/16wGz0QnHeyqfcAhKdYvDqUZAvKxXKuAHchszJjhpp-o/edit#gid=0
season_002,Regular Season,26,person_scherany,Scherany,0.0000,,1000,42,https://docs.google.com/spreadsheets/d/16wGz0QnHeyqfcAhKdYvDqUZAvKxXKuAHchszJjhpp-o/edit#gid=0
season_002,Regular Season,26,person_shiro,Shiro,0.0000,,1000,42,https://docs.google.com/spreadsheets/d/16wGz0QnHeyqfcAhKdYvDqUZAvKxXKuAHchszJjhpp-o/edit#gid=0
season_002,Regular Season,26,person_steveparker,SteveParker,1.0000,,1000,42,https://docs.google.com/spreadsheets/d/16wGz0QnHeyqfcAhKdYvDqUZAvKxXKuAHchszJjhpp-o/edit#gid=0
season_002,Regular Season,26,person_surskittv,SurskitTV,0.0000,,1000,42,https://docs.google.com/spreadsheets/d/16wGz0QnHeyqfcAhKdYvDqUZAvKxXKuAHchszJjhpp-o/edit#gid=0
season_003,Liga 1,1,person_art_n_gaming,Art'n'Gaming,0.0030,,1000,42,https://docs.google.com/spreadsheets/d/15MPuuKWiOBeqO8JbrOYulUHFDzWbid6_pYZLHiWVzrk/edit#gid=0
season_003,Liga 1,1,person_bene,Bene,0.0000,,1000,42,https://docs.google.com/spreadsheets/d/15MPuuKWiOBeqO8JbrOYulUHFDzWbid6_pYZLHiWVzrk/edit#gid=0
season_003,Liga 1,1,person_captaincrinch,CaptainCrinch,0.0070,,1000,42,https://docs.google.com/spreadsheets/d/15MPuuKWiOBeqO8JbrOYulUHFDzWbid6_pYZLHiWVzrk/edit#gid=0
season_003,Liga 1,1,person_fanmadeletsplay,FanmadeLetsPlay,0.0150,,1000,42,https://docs.google.com/spreadsheets/d/15MPuuKWiOBeqO8JbrOYulUHFDzWbid6_pYZLHiWVzrk/edit#gid=0
season_003,Liga 1,1,person_lauris,Lauris,0.0030,,1000,42,https://docs.google.com/spreadsheets/d/15MPuuKWiOBeqO8JbrOYulUHFDzWbid6_pYZLHiWVzrk/edit#gid=0
season_003,Liga 1,1,person_lucariolp,LucarioLP,0.0000,,1000,42,https://docs.google.com/spreadsheets/d/15MPuuKWiOBeqO8JbrOYulUHFDzWbid6_pYZLHiWVzrk/edit#gid=0
season_003,Liga 1,1,person_minetube,Minetube,0.2030,,1000,42,https://docs.google.com/spreadsheets/d/15MPuuKWiOBeqO8JbrOYulUHFDzWbid6_pYZLHiWVzrk/edit#gid=0
season_003,Liga 1,1,person_oktopaul,Oktopaul,0.0030,,1000,42,https://docs.google.com/spreadsheets/d/15MPuuKWiOBeqO8JbrOYulUHFDzWbid6_pYZLHiWVzrk/edit#gid=0
season_003,Liga 1,1,person_parsifani,Parsifani,0.0670,,1000,42,https://docs.google.com/spreadsheets/d/15MPuuKWiOBeqO8JbrOYulUHFDzWbid6_pYZLHiWVzrk/edit#gid=0
season_003,Liga 1,1,person_pokebazi,PokeBazi,0.0190,,1000,42,https://docs.google.com/spreadsheets/d/15MPuuKWiOBeqO8JbrOYulUHFDzWbid6_pYZLHiWVzrk/edit#gid=0
season_003,Liga 1,1,person_present,PresentLP,0.0910,,1000,42,https://docs.google.com/spreadsheets/d/15MPuuKWiOBeqO8JbrOYulUHFDzWbid6_pYZLHiWVzrk/edit#gid=0
season_003,Liga 1,1,person_raizor,Raizor,0.0090,,1000,42,https://docs.google.com/spreadsheets/d/15MPuuKWiOBeqO8JbrOYulUHFDzWbid6_pYZLHiWVzrk/edit#gid=0
season_003,Liga 1,1,person_regibang,RegiBang,0.0700,,1000,42,https://docs.google.com/spreadsheets/d/15MPuuKWiOBeqO8JbrOYulUHFDzWbid6_pYZLHiWVzrk/edit#gid=0
season_003,Liga 1,1,person_shiro,Shiro,0.4540,,1000,42,https://docs.google.com/spreadsheets/d/15MPuuKWiOBeqO8JbrOYulUHFDzWbid6_pYZLHiWVzrk/edit#gid=0
season_003,Liga 1,1,person_surskittv,SurskitTV,0.0560,,1000,42,https://docs.google.com/spreadsheets/d/15MPuuKWiOBeqO8JbrOYulUHFDzWbid6_pYZLHiWVzrk/edit#gid=0
season_003,Liga 1,2,person_art_n_gaming,Art'n'Gaming,0.0000,,1000,42,https://docs.google.com/spreadsheets/d/15MPuuKWiOBeqO8JbrOYulUHFDzWbid6_pYZLHiWVzrk/edit#gid=0
season_003,Liga 1,2,person_bene,Bene,0.0000,,1000,42,https://docs.google.com/spreadsheets/d/15MPuuKWiOBeqO8JbrOYulUHFDzWbid6_pYZLHiWVzrk/edit#gid=0
season_003,Liga 1,2,person_captaincrinch,CaptainCrinch,0.0020,,1000,42,https://docs.google.com/spreadsheets/d/15MPuuKWiOBeqO8JbrOYulUHFDzWbid6_pYZLHiWVzrk/edit#gid=0
season_003,Liga 1,2,person_fanmadeletsplay,FanmadeLetsPlay,0.0020,,1000,42,https://docs.google.com/spreadsheets/d/15MPuuKWiOBeqO8JbrOYulUHFDzWbid6_pYZLHiWVzrk/edit#gid=0
season_003,Liga 1,2,person_lauris,Lauris,0.0020,,1000,42,https://docs.google.com/spreadsheets/d/15MPuuKWiOBeqO8JbrOYulUHFDzWbid6_pYZLHiWVzrk/edit#gid=0
season_003,Liga 1,2,person_lucariolp,LucarioLP,0.0000,,1000,42,https://docs.google.com/spreadsheets/d/15MPuuKWiOBeqO8JbrOYulUHFDzWbid6_pYZLHiWVzrk/edit#gid=0
season_003,Liga 1,2,person_minetube,Minetube,0.3290,,1000,42,https://docs.google.com/spreadsheets/d/15MPuuKWiOBeqO8JbrOYulUHFDzWbid6_pYZLHiWVzrk/edit#gid=0
season_003,Liga 1,2,person_oktopaul,Oktopaul,0.0130,,1000,42,https://docs.google.com/spreadsheets/d/15MPuuKWiOBeqO8JbrOYulUHFDzWbid6_pYZLHiWVzrk/edit#gid=0
season_003,Liga 1,2,person_parsifani,Parsifani,0.0830,,1000,42,https://docs.google.com/spreadsheets/d/15MPuuKWiOBeqO8JbrOYulUHFDzWbid6_pYZLHiWVzrk/edit#gid=0
season_003,Liga 1,2,person_pokebazi,PokeBazi,0.0350,,1000,42,https://docs.google.com/spreadsheets/d/15MPuuKWiOBeqO8JbrOYulUHFDzWbid6_pYZLHiWVzrk/edit#gid=0
season_003,Liga 1,2,person_present,PresentLP,0.2020,,1000,42,https://docs.google.com/spreadsheets/d/15MPuuKWiOBeqO8JbrOYulUHFDzWbid6_pYZLHiWVzrk/edit#gid=0
season_003,Liga 1,2,person_raizor,Raizor,0.0270,,1000,42,https://docs.google.com/spreadsheets/d/15MPuuKWiOBeqO8JbrOYulUHFDzWbid6_pYZLHiWVzrk/edit#gid=0
season_003,Liga 1,2,person_regibang,RegiBang,0.1130,,1000,42,https://docs.google.com/spreadsheets/d/15MPuuKWiOBeqO8JbrOYulUHFDzWbid6_pYZLHiWVzrk/edit#gid=0
season_003,Liga 1,2,person_shiro,Shiro,0.1690,,1000,42,https://docs.google.com/spreadsheets/d/15MPuuKWiOBeqO8JbrOYulUHFDzWbid6_pYZLHiWVzrk/edit#gid=0
season_003,Liga 1,2,person_surskittv,SurskitTV,0.0230,,1000,42,https://docs.google.com/spreadsheets/d/15MPuuKWiOBeqO8JbrOYulUHFDzWbid6_pYZLHiWVzrk/edit#gid=0
season_003,Liga 1,3,person_art_n_gaming,Art'n'Gaming,0.0000,,1000,42,https://docs.google.com/spreadsheets/d/15MPuuKWiOBeqO8JbrOYulUHFDzWbid6_pYZLHiWVzrk/edit#gid=0
season_003,Liga 1,3,person_bene,Bene,0.0000,,1000,42,https://docs.google.com/spreadsheets/d/15MPuuKWiOBeqO8JbrOYulUHFDzWbid6_pYZLHiWVzrk/edit#gid=0
season_003,Liga 1,3,person_captaincrinch,CaptainCrinch,0.0080,,1000,42,https://docs.google.com/spreadsheets/d/15MPuuKWiOBeqO8JbrOYulUHFDzWbid6_pYZLHiWVzrk/edit#gid=0
season_003,Liga 1,3,person_fanmadeletsplay,FanmadeLetsPlay,0.0080,,1000,42,https://docs.google.com/spreadsheets/d/15MPuuKWiOBeqO8JbrOYulUHFDzWbid6_pYZLHiWVzrk/edit#gid=0
season_003,Liga 1,3,person_lauris,Lauris,0.0000,,1000,42,https://docs.google.com/spreadsheets/d/15MPuuKWiOBeqO8JbrOYulUHFDzWbid6_pYZLHiWVzrk/edit#gid=0
season_003,Liga 1,3,person_lucariolp,LucarioLP,0.0000,,1000,42,https://docs.google.com/spreadsheets/d/15MPuuKWiOBeqO8JbrOYulUHFDzWbid6_pYZLHiWVzrk/edit#gid=0
season_003,Liga 1,3,person_minetube,Minetube,0.1500,,1000,42,https://docs.google.com/spreadsheets/d/15MPuuKWiOBeqO8JbrOYulUHFDzWbid6_pYZLHiWVzrk/edit#gid=0
season_003,Liga 1,3,person_oktopaul,Oktopaul,0.0000,,1000,42,https://docs.google.com/spreadsheets/d/15MPuuKWiOBeqO8JbrOYulUHFDzWbid6_pYZLHiWVzrk/edit#gid=0
season_003,Liga 1,3,person_parsifani,Parsifani,0.0350,,1000,42,https://docs.google.com/spreadsheets/d/15MPuuKWiOBeqO8JbrOYulUHFDzWbid6_pYZLHiWVzrk/edit#gid=0
season_003,Liga 1,3,person_pokebazi,PokeBazi,0.0860,,1000,42,https://docs.google.com/spreadsheets/d/15MPuuKWiOBeqO8JbrOYulUHFDzWbid6_pYZLHiWVzrk/edit#gid=0
season_003,Liga 1,3,person_present,PresentLP,0.3120,,1000,42,https://docs.google.com/spreadsheets/d/15MPuuKWiOBeqO8JbrOYulUHFDzWbid6_pYZLHiWVzrk/edit#gid=0
season_003,Liga 1,3,person_raizor,Raizor,0.0080,,1000,42,https://docs.google.com/spreadsheets/d/15MPuuKWiOBeqO8JbrOYulUHFDzWbid6_pYZLHiWVzrk/edit#gid=0
season_003,Liga 1,3,person_regibang,RegiBang,0.2400,,1000,42,https://docs.google.com/spreadsheets/d/15MPuuKWiOBeqO8JbrOYulUHFDzWbid6_pYZLHiWVzrk/edit#gid=0
season_003,Liga 1,3,person_shiro,Shiro,0.1010,,1000,42,https://docs.google.com/spreadsheets/d/15MPuuKWiOBeqO8JbrOYulUHFDzWbid6_pYZLHiWVzrk/edit#gid=0
season_003,Liga 1,3,person_surskittv,SurskitTV,0.0520,,1000,42,https://docs.google.com/spreadsheets/d/15MPuuKWiOBeqO8JbrOYulUHFDzWbid6_pYZLHiWVzrk/edit#gid=0
season_003,Liga 1,4,person_art_n_gaming,Art'n'Gaming,0.0010,,1000,42,https://docs.google.com/spreadsheets/d/15MPuuKWiOBeqO8JbrOYulUHFDzWbid6_pYZLHiWVzrk/edit#gid=0
season_003,Liga 1,4,person_bene,Bene,0.0000,,1000,42,https://docs.google.com/spreadsheets/d/15MPuuKWiOBeqO8JbrOYulUHFDzWbid6_pYZLHiWVzrk/edit#gid=0
season_003,Liga 1,4,person_captaincrinch,CaptainCrinch,0.0010,,1000,42,https://docs.google.com/spreadsheets/d/15MPuuKWiOBeqO8JbrOYulUHFDzWbid6_pYZLHiWVzrk/edit#gid=0
season_003,Liga 1,4,person_fanmadeletsplay,FanmadeLetsPlay,0.0220,,1000,42,https://docs.google.com/spreadsheets/d/15MPuuKWiOBeqO8JbrOYulUHFDzWbid6_pYZLHiWVzrk/edit#gid=0
season_003,Liga 1,4,person_lauris,Lauris,0.0010,,1000,42,https://docs.google.com/spreadsheets/d/15MPuuKWiOBeqO8JbrOYulUHFDzWbid6_pYZLHiWVzrk/edit#gid=0
season_003,Liga 1,4,person_lucariolp,LucarioLP,0.0000,,1000,42,https://docs.google.com/spreadsheets/d/15MPuuKWiOBeqO8JbrOYulUHFDzWbid6_pYZLHiWVzrk/edit#gid=0
season_003,Liga 1,4,person_minetube,Minetube,0.2610,,1000,42,https://docs.google.com/spreadsheets/d/15MPuuKWiOBeqO8JbrOYulUHFDzWbid6_pYZLHiWVzrk/edit#gid=0
season_003,Liga 1,4,person_oktopaul,Oktopaul,0.0050,,1000,42,https://docs.google.com/spreadsheets/d/15MPuuKWiOBeqO8JbrOYulUHFDzWbid6_pYZLHiWVzrk/edit#gid=0
season_003,Liga 1,4,person_parsifani,Parsifani,0.0080,,1000,42,https://docs.google.com/spreadsheets/d/15MPuuKWiOBeqO8JbrOYulUHFDzWbid6_pYZLHiWVzrk/edit#gid=0
season_003,Liga 1,4,person_pokebazi,PokeBazi,0.0220,,1000,42,https://docs.google.com/spreadsheets/d/15MPuuKWiOBeqO8JbrOYulUHFDzWbid6_pYZLHiWVzrk/edit#gid=0
season_003,Liga 1,4,person_present,PresentLP,0.4840,,1000,42,https://docs.google.com/spreadsheets/d/15MPuuKWiOBeqO8JbrOYulUHFDzWbid6_pYZLHiWVzrk/edit#gid=0
season_003,Liga 1,4,person_raizor,Raizor,0.0010,,1000,42,https://docs.google.com/spreadsheets/d/15MPuuKWiOBeqO8JbrOYulUHFDzWbid6_pYZLHiWVzrk/edit#gid=0
season_003,Liga 1,4,person_regibang,RegiBang,0.0720,,1000,42,https://docs.google.com/spreadsheets/d/15MPuuKWiOBeqO8JbrOYulUHFDzWbid6_pYZLHiWVzrk/edit#gid=0
season_003,Liga 1,4,person_shiro,Shiro,0.0410,,1000,42,https://docs.google.com/spreadsheets/d/15MPuuKWiOBeqO8JbrOYulUHFDzWbid6_pYZLHiWVzrk/edit#gid=0
season_003,Liga 1,4,person_surskittv,SurskitTV,0.0810,,1000,42,https://docs.google.com/spreadsheets/d/15MPuuKWiOBeqO8JbrOYulUHFDzWbid6_pYZLHiWVzrk/edit#gid=0
season_003,Liga 1,5,person_art_n_gaming,Art'n'Gaming,0.0000,,1000,42,https://docs.google.com/spreadsheets/d/15MPuuKWiOBeqO8JbrOYulUHFDzWbid6_pYZLHiWVzrk/edit#gid=0
season_003,Liga 1,5,person_bene,Bene,0.0000,,1000,42,https://docs.google.com/spreadsheets/d/15MPuuKWiOBeqO8JbrOYulUHFDzWbid6_pYZLHiWVzrk/edit#gid=0
season_003,Liga 1,5,person_captaincrinch,CaptainCrinch,0.0020,,1000,42,https://docs.google.com/spreadsheets/d/15MPuuKWiOBeqO8JbrOYulUHFDzWbid6_pYZLHiWVzrk/edit#gid=0
season_003,Liga 1,5,person_fanmadeletsplay,FanmadeLetsPlay,0.0460,,1000,42,https://docs.google.com/spreadsheets/d/15MPuuKWiOBeqO8JbrOYulUHFDzWbid6_pYZLHiWVzrk/edit#gid=0
season_003,Liga 1,5,person_lauris,Lauris,0.0000,,1000,42,https://docs.google.com/spreadsheets/d/15MPuuKWiOBeqO8JbrOYulUHFDzWbid6_pYZLHiWVzrk/edit#gid=0
season_003,Liga 1,5,person_lucariolp,LucarioLP,0.0000,,1000,42,https://docs.google.com/spreadsheets/d/15MPuuKWiOBeqO8JbrOYulUHFDzWbid6_pYZLHiWVzrk/edit#gid=0
season_003,Liga 1,5,person_minetube,Minetube,0.2620,,1000,42,https://docs.google.com/spreadsheets/d/15MPuuKWiOBeqO8JbrOYulUHFDzWbid6_pYZLHiWVzrk/edit#gid=0
season_003,Liga 1,5,person_oktopaul,Oktopaul,0.0090,,1000,42,https://docs.google.com/spreadsheets/d/15MPuuKWiOBeqO8JbrOYulUHFDzWbid6_pYZLHiWVzrk/edit#gid=0
season_003,Liga 1,5,person_parsifani,Parsifani,0.0010,,1000,42,https://docs.google.com/spreadsheets/d/15MPuuKWiOBeqO8JbrOYulUHFDzWbid6_pYZLHiWVzrk/edit#gid=0
season_003,Liga 1,5,person_pokebazi,PokeBazi,0.0230,,1000,42,https://docs.google.com/spreadsheets/d/15MPuuKWiOBeqO8JbrOYulUHFDzWbid6_pYZLHiWVzrk/edit#gid=0
season_003,Liga 1,5,person_present,PresentLP,0.5270,,1000,42,https://docs.google.com/spreadsheets/d/15MPuuKWiOBeqO8JbrOYulUHFDzWbid6_pYZLHiWVzrk/edit#gid=0
season_003,Liga 1,5,person_raizor,Raizor,0.0000,,1000,42,https://docs.google.com/spreadsheets/d/15MPuuKWiOBeqO8JbrOYulUHFDzWbid6_pYZLHiWVzrk/edit#gid=0
season_003,Liga 1,5,person_regibang,RegiBang,0.1070,,1000,42,https://docs.google.com/spreadsheets/d/15MPuuKWiOBeqO8JbrOYulUHFDzWbid6_pYZLHiWVzrk/edit#gid=0
season_003,Liga 1,5,person_shiro,Shiro,0.0030,,1000,42,https://docs.google.com/spreadsheets/d/15MPuuKWiOBeqO8JbrOYulUHFDzWbid6_pYZLHiWVzrk/edit#gid=0
season_003,Liga 1,5,person_surskittv,SurskitTV,0.0200,,1000,42,https://docs.google.com/spreadsheets/d/15MPuuKWiOBeqO8JbrOYulUHFDzWbid6_pYZLHiWVzrk/edit#gid=0
season_003,Liga 1,6,person_art_n_gaming,Art'n'Gaming,0.0000,,1000,42,https://docs.google.com/spreadsheets/d/15MPuuKWiOBeqO8JbrOYulUHFDzWbid6_pYZLHiWVzrk/edit#gid=0
season_003,Liga 1,6,person_bene,Bene,0.0000,,1000,42,https://docs.google.com/spreadsheets/d/15MPuuKWiOBeqO8JbrOYulUHFDzWbid6_pYZLHiWVzrk/edit#gid=0
season_003,Liga 1,6,person_captaincrinch,CaptainCrinch,0.0000,,1000,42,https://docs.google.com/spreadsheets/d/15MPuuKWiOBeqO8JbrOYulUHFDzWbid6_pYZLHiWVzrk/edit#gid=0
season_003,Liga 1,6,person_fanmadeletsplay,FanmadeLetsPlay,0.0960,,1000,42,https://docs.google.com/spreadsheets/d/15MPuuKWiOBeqO8JbrOYulUHFDzWbid6_pYZLHiWVzrk/edit#gid=0
season_003,Liga 1,6,person_lauris,Lauris,0.0000,,1000,42,https://docs.google.com/spreadsheets/d/15MPuuKWiOBeqO8JbrOYulUHFDzWbid6_pYZLHiWVzrk/edit#gid=0
season_003,Liga 1,6,person_lucariolp,LucarioLP,0.0000,,1000,42,https://docs.google.com/spreadsheets/d/15MPuuKWiOBeqO8JbrOYulUHFDzWbid6_pYZLHiWVzrk/edit#gid=0
season_003,Liga 1,6,person_minetube,Minetube,0.4370,,1000,42,https://docs.google.com/spreadsheets/d/15MPuuKWiOBeqO8JbrOYulUHFDzWbid6_pYZLHiWVzrk/edit#gid=0
season_003,Liga 1,6,person_oktopaul,Oktopaul,0.0030,,1000,42,https://docs.google.com/spreadsheets/d/15MPuuKWiOBeqO8JbrOYulUHFDzWbid6_pYZLHiWVzrk/edit#gid=0
season_003,Liga 1,6,person_parsifani,Parsifani,0.0000,,1000,42,https://docs.google.com/spreadsheets/d/15MPuuKWiOBeqO8JbrOYulUHFDzWbid6_pYZLHiWVzrk/edit#gid=0
season_003,Liga 1,6,person_pokebazi,PokeBazi,0.0510,,1000,42,https://docs.google.com/spreadsheets/d/15MPuuKWiOBeqO8JbrOYulUHFDzWbid6_pYZLHiWVzrk/edit#gid=0
season_003,Liga 1,6,person_present,PresentLP,0.2130,,1000,42,https://docs.google.com/spreadsheets/d/15MPuuKWiOBeqO8JbrOYulUHFDzWbid6_pYZLHiWVzrk/edit#gid=0
season_003,Liga 1,6,person_raizor,Raizor,0.0000,,1000,42,https://docs.google.com/spreadsheets/d/15MPuuKWiOBeqO8JbrOYulUHFDzWbid6_pYZLHiWVzrk/edit#gid=0
season_003,Liga 1,6,person_regibang,RegiBang,0.1940,,1000,42,https://docs.google.com/spreadsheets/d/15MPuuKWiOBeqO8JbrOYulUHFDzWbid6_pYZLHiWVzrk/edit#gid=0
season_003,Liga 1,6,person_shiro,Shiro,0.0010,,1000,42,https://docs.google.com/spreadsheets/d/15MPuuKWiOBeqO8JbrOYulUHFDzWbid6_pYZLHiWVzrk/edit#gid=0
season_003,Liga 1,6,person_surskittv,SurskitTV,0.0050,,1000,42,https://docs.google.com/spreadsheets/d/15MPuuKWiOBeqO8JbrOYulUHFDzWbid6_pYZLHiWVzrk/edit#gid=0
season_003,Liga 1,7,person_art_n_gaming,Art'n'Gaming,0.0000,,1000,42,https://docs.google.com/spreadsheets/d/15MPuuKWiOBeqO8JbrOYulUHFDzWbid6_pYZLHiWVzrk/edit#gid=0
season_003,Liga 1,7,person_bene,Bene,0.0000,,1000,42,https://docs.google.com/spreadsheets/d/15MPuuKWiOBeqO8JbrOYulUHFDzWbid6_pYZLHiWVzrk/edit#gid=0
season_003,Liga 1,7,person_captaincrinch,CaptainCrinch,0.0000,,1000,42,https://docs.google.com/spreadsheets/d/15MPuuKWiOBeqO8JbrOYulUHFDzWbid6_pYZLHiWVzrk/edit#gid=0
season_003,Liga 1,7,person_fanmadeletsplay,FanmadeLetsPlay,0.0280,,1000,42,https://docs.google.com/spreadsheets/d/15MPuuKWiOBeqO8JbrOYulUHFDzWbid6_pYZLHiWVzrk/edit#gid=0
season_003,Liga 1,7,person_lauris,Lauris,0.0000,,1000,42,https://docs.google.com/spreadsheets/d/15MPuuKWiOBeqO8JbrOYulUHFDzWbid6_pYZLHiWVzrk/edit#gid=0
season_003,Liga 1,7,person_lucariolp,LucarioLP,0.0000,,1000,42,https://docs.google.com/spreadsheets/d/15MPuuKWiOBeqO8JbrOYulUHFDzWbid6_pYZLHiWVzrk/edit#gid=0
season_003,Liga 1,7,person_minetube,Minetube,0.5630,,1000,42,https://docs.google.com/spreadsheets/d/15MPuuKWiOBeqO8JbrOYulUHFDzWbid6_pYZLHiWVzrk/edit#gid=0
season_003,Liga 1,7,person_oktopaul,Oktopaul,0.0000,,1000,42,https://docs.google.com/spreadsheets/d/15MPuuKWiOBeqO8JbrOYulUHFDzWbid6_pYZLHiWVzrk/edit#gid=0
season_003,Liga 1,7,person_parsifani,Parsifani,0.0000,,1000,42,https://docs.google.com/spreadsheets/d/15MPuuKWiOBeqO8JbrOYulUHFDzWbid6_pYZLHiWVzrk/edit#gid=0
season_003,Liga 1,7,person_pokebazi,PokeBazi,0.0760,,1000,42,https://docs.google.com/spreadsheets/d/15MPuuKWiOBeqO8JbrOYulUHFDzWbid6_pYZLHiWVzrk/edit#gid=0
season_003,Liga 1,7,person_present,PresentLP,0.0700,,1000,42,https://docs.google.com/spreadsheets/d/15MPuuKWiOBeqO8JbrOYulUHFDzWbid6_pYZLHiWVzrk/edit#gid=0
season_003,Liga 1,7,person_raizor,Raizor,0.0020,,1000,42,https://docs.google.com/spreadsheets/d/15MPuuKWiOBeqO8JbrOYulUHFDzWbid6_pYZLHiWVzrk/edit#gid=0
season_003,Liga 1,7,person_regibang,RegiBang,0.2600,,1000,42,https://docs.google.com/spreadsheets/d/15MPuuKWiOBeqO8JbrOYulUHFDzWbid6_pYZLHiWVzrk/edit#gid=0
season_003,Liga 1,7,person_shiro,Shiro,0.0000,,1000,42,https://docs.google.com/spreadsheets/d/15MPuuKWiOBeqO8JbrOYulUHFDzWbid6_pYZLHiWVzrk/edit#gid=0
season_003,Liga 1,7,person_surskittv,SurskitTV,0.0010,,1000,42,https://docs.google.com/spreadsheets/d/15MPuuKWiOBeqO8JbrOYulUHFDzWbid6_pYZLHiWVzrk/edit#gid=0
season_003,Liga 1,8,person_art_n_gaming,Art'n'Gaming,0.0010,,1000,42,https://docs.google.com/spreadsheets/d/15MPuuKWiOBeqO8JbrOYulUHFDzWbid6_pYZLHiWVzrk/edit#gid=0
season_003,Liga 1,8,person_bene,Bene,0.0000,,1000,42,https://docs.google.com/spreadsheets/d/15MPuuKWiOBeqO8JbrOYulUHFDzWbid6_pYZLHiWVzrk/edit#gid=0
season_003,Liga 1,8,person_captaincrinch,CaptainCrinch,0.0000,,1000,42,https://docs.google.com/spreadsheets/d/15MPuuKWiOBeqO8JbrOYulUHFDzWbid6_pYZLHiWVzrk/edit#gid=0
season_003,Liga 1,8,person_fanmadeletsplay,FanmadeLetsPlay,0.0630,,1000,42,https://docs.google.com/spreadsheets/d/15MPuuKWiOBeqO8JbrOYulUHFDzWbid6_pYZLHiWVzrk/edit#gid=0
season_003,Liga 1,8,person_lauris,Lauris,0.0020,,1000,42,https://docs.google.com/spreadsheets/d/15MPuuKWiOBeqO8JbrOYulUHFDzWbid6_pYZLHiWVzrk/edit#gid=0
season_003,Liga 1,8,person_lucariolp,LucarioLP,0.0000,,1000,42,https://docs.google.com/spreadsheets/d/15MPuuKWiOBeqO8JbrOYulUHFDzWbid6_pYZLHiWVzrk/edit#gid=0
season_003,Liga 1,8,person_minetube,Minetube,0.2060,,1000,42,https://docs.google.com/spreadsheets/d/15MPuuKWiOBeqO8JbrOYulUHFDzWbid6_pYZLHiWVzrk/edit#gid=0
season_003,Liga 1,8,person_oktopaul,Oktopaul,0.0000,,1000,42,https://docs.google.com/spreadsheets/d/15MPuuKWiOBeqO8JbrOYulUHFDzWbid6_pYZLHiWVzrk/edit#gid=0
season_003,Liga 1,8,person_parsifani,Parsifani,0.0000,,1000,42,https://docs.google.com/spreadsheets/d/15MPuuKWiOBeqO8JbrOYulUHFDzWbid6_pYZLHiWVzrk/edit#gid=0
season_003,Liga 1,8,person_pokebazi,PokeBazi,0.0310,,1000,42,https://docs.google.com/spreadsheets/d/15MPuuKWiOBeqO8JbrOYulUHFDzWbid6_pYZLHiWVzrk/edit#gid=0
season_003,Liga 1,8,person_present,PresentLP,0.1380,,1000,42,https://docs.google.com/spreadsheets/d/15MPuuKWiOBeqO8JbrOYulUHFDzWbid6_pYZLHiWVzrk/edit#gid=0
season_003,Liga 1,8,person_raizor,Raizor,0.0000,,1000,42,https://docs.google.com/spreadsheets/d/15MPuuKWiOBeqO8JbrOYulUHFDzWbid6_pYZLHiWVzrk/edit#gid=0
season_003,Liga 1,8,person_regibang,RegiBang,0.5580,,1000,42,https://docs.google.com/spreadsheets/d/15MPuuKWiOBeqO8JbrOYulUHFDzWbid6_pYZLHiWVzrk/edit#gid=0
season_003,Liga 1,8,person_shiro,Shiro,0.0000,,1000,42,https://docs.google.com/spreadsheets/d/15MPuuKWiOBeqO8JbrOYulUHFDzWbid6_pYZLHiWVzrk/edit#gid=0
season_003,Liga 1,8,person_surskittv,SurskitTV,0.0010,,1000,42,https://docs.google.com/spreadsheets/d/15MPuuKWiOBeqO8JbrOYulUHFDzWbid6_pYZLHiWVzrk/edit#gid=0
season_003,Liga 1,9,person_art_n_gaming,Art'n'Gaming,0.0000,,1000,42,https://docs.google.com/spreadsheets/d/15MPuuKWiOBeqO8JbrOYulUHFDzWbid6_pYZLHiWVzrk/edit#gid=0
season_003,Liga 1,9,person_bene,Bene,0.0000,,1000,42,https://docs.google.com/spreadsheets/d/15MPuuKWiOBeqO8JbrOYulUHFDzWbid6_pYZLHiWVzrk/edit#gid=0
season_003,Liga 1,9,person_captaincrinch,CaptainCrinch,0.0010,,1000,42,https://docs.google.com/spreadsheets/d/15MPuuKWiOBeqO8JbrOYulUHFDzWbid6_pYZLHiWVzrk/edit#gid=0
season_003,Liga 1,9,person_fanmadeletsplay,FanmadeLetsPlay,0.0140,,1000,42,https://docs.google.com/spreadsheets/d/15MPuuKWiOBeqO8JbrOYulUHFDzWbid6_pYZLHiWVzrk/edit#gid=0
season_003,Liga 1,9,person_lauris,Lauris,0.0020,,1000,42,https://docs.google.com/spreadsheets/d/15MPuuKWiOBeqO8JbrOYulUHFDzWbid6_pYZLHiWVzrk/edit#gid=0
season_003,Liga 1,9,person_lucariolp,LucarioLP,0.0000,,1000,42,https://docs.google.com/spreadsheets/d/15MPuuKWiOBeqO8JbrOYulUHFDzWbid6_pYZLHiWVzrk/edit#gid=0
season_003,Liga 1,9,person_minetube,Minetube,0.0780,,1000,42,https://docs.google.com/spreadsheets/d/15MPuuKWiOBeqO8JbrOYulUHFDzWbid6_pYZLHiWVzrk/edit#gid=0
season_003,Liga 1,9,person_oktopaul,Oktopaul,0.0000,,1000,42,https://docs.google.com/spreadsheets/d/15MPuuKWiOBeqO8JbrOYulUHFDzWbid6_pYZLHiWVzrk/edit#gid=0
season_003,Liga 1,9,person_parsifani,Parsifani,0.0000,,1000,42,https://docs.google.com/spreadsheets/d/15MPuuKWiOBeqO8JbrOYulUHFDzWbid6_pYZLHiWVzrk/edit#gid=0
season_003,Liga 1,9,person_pokebazi,PokeBazi,0.0490,,1000,42,https://docs.google.com/spreadsheets/d/15MPuuKWiOBeqO8JbrOYulUHFDzWbid6_pYZLHiWVzrk/edit#gid=0
season_003,Liga 1,9,person_present,PresentLP,0.2000,,1000,42,https://docs.google.com/spreadsheets/d/15MPuuKWiOBeqO8JbrOYulUHFDzWbid6_pYZLHiWVzrk/edit#gid=0
season_003,Liga 1,9,person_raizor,Raizor,0.0020,,1000,42,https://docs.google.com/spreadsheets/d/15MPuuKWiOBeqO8JbrOYulUHFDzWbid6_pYZLHiWVzrk/edit#gid=0
season_003,Liga 1,9,person_regibang,RegiBang,0.6540,,1000,42,https://docs.google.com/spreadsheets/d/15MPuuKWiOBeqO8JbrOYulUHFDzWbid6_pYZLHiWVzrk/edit#gid=0
season_003,Liga 1,9,person_shiro,Shiro,0.0000,,1000,42,https://docs.google.com/spreadsheets/d/15MPuuKWiOBeqO8JbrOYulUHFDzWbid6_pYZLHiWVzrk/edit#gid=0
season_003,Liga 1,9,person_surskittv,SurskitTV,0.0000,,1000,42,https://docs.google.com/spreadsheets/d/15MPuuKWiOBeqO8JbrOYulUHFDzWbid6_pYZLHiWVzrk/edit#gid=0
season_003,Liga 1,10,person_art_n_gaming,Art'n'Gaming,0.0000,,1000,42,https://docs.google.com/spreadsheets/d/15MPuuKWiOBeqO8JbrOYulUHFDzWbid6_pYZLHiWVzrk/edit#gid=0
season_003,Liga 1,10,person_bene,Bene,0.0000,,1000,42,https://docs.google.com/spreadsheets/d/15MPuuKWiOBeqO8JbrOYulUHFDzWbid6_pYZLHiWVzrk/edit#gid=0
season_003,Liga 1,10,person_captaincrinch,CaptainCrinch,0.0020,,1000,42,https://docs.google.com/spreadsheets/d/15MPuuKWiOBeqO8JbrOYulUHFDzWbid6_pYZLHiWVzrk/edit#gid=0
season_003,Liga 1,10,person_fanmadeletsplay,FanmadeLetsPlay,0.0250,,1000,42,https://docs.google.com/spreadsheets/d/15MPuuKWiOBeqO8JbrOYulUHFDzWbid6_pYZLHiWVzrk/edit#gid=0
season_003,Liga 1,10,person_lauris,Lauris,0.0000,,1000,42,https://docs.google.com/spreadsheets/d/15MPuuKWiOBeqO8JbrOYulUHFDzWbid6_pYZLHiWVzrk/edit#gid=0
season_003,Liga 1,10,person_lucariolp,LucarioLP,0.0000,,1000,42,https://docs.google.com/spreadsheets/d/15MPuuKWiOBeqO8JbrOYulUHFDzWbid6_pYZLHiWVzrk/edit#gid=0
season_003,Liga 1,10,person_minetube,Minetube,0.0680,,1000,42,https://docs.google.com/spreadsheets/d/15MPuuKWiOBeqO8JbrOYulUHFDzWbid6_pYZLHiWVzrk/edit#gid=0
season_003,Liga 1,10,person_oktopaul,Oktopaul,0.0000,,1000,42,https://docs.google.com/spreadsheets/d/15MPuuKWiOBeqO8JbrOYulUHFDzWbid6_pYZLHiWVzrk/edit#gid=0
season_003,Liga 1,10,person_parsifani,Parsifani,0.0000,,1000,42,https://docs.google.com/spreadsheets/d/15MPuuKWiOBeqO8JbrOYulUHFDzWbid6_pYZLHiWVzrk/edit#gid=0
season_003,Liga 1,10,person_pokebazi,PokeBazi,0.0410,,1000,42,https://docs.google.com/spreadsheets/d/15MPuuKWiOBeqO8JbrOYulUHFDzWbid6_pYZLHiWVzrk/edit#gid=0
season_003,Liga 1,10,person_present,PresentLP,0.2120,,1000,42,https://docs.google.com/spreadsheets/d/15MPuuKWiOBeqO8JbrOYulUHFDzWbid6_pYZLHiWVzrk/edit#gid=0
season_003,Liga 1,10,person_raizor,Raizor,0.0000,,1000,42,https://docs.google.com/spreadsheets/d/15MPuuKWiOBeqO8JbrOYulUHFDzWbid6_pYZLHiWVzrk/edit#gid=0
season_003,Liga 1,10,person_regibang,RegiBang,0.6520,,1000,42,https://docs.google.com/spreadsheets/d/15MPuuKWiOBeqO8JbrOYulUHFDzWbid6_pYZLHiWVzrk/edit#gid=0
season_003,Liga 1,10,person_shiro,Shiro,0.0000,,1000,42,https://docs.google.com/spreadsheets/d/15MPuuKWiOBeqO8JbrOYulUHFDzWbid6_pYZLHiWVzrk/edit#gid=0
season_003,Liga 1,10,person_surskittv,SurskitTV,0.0000,,1000,42,https://docs.google.com/spreadsheets/d/15MPuuKWiOBeqO8JbrOYulUHFDzWbid6_pYZLHiWVzrk/edit#gid=0
season_003,Liga 1,11,person_art_n_gaming,Art'n'Gaming,0.0000,,1000,42,https://docs.google.com/spreadsheets/d/15MPuuKWiOBeqO8JbrOYulUHFDzWbid6_pYZLHiWVzrk/edit#gid=0
season_003,Liga 1,11,person_bene,Bene,0.0000,,1000,42,https://docs.google.com/spreadsheets/d/15MPuuKWiOBeqO8JbrOYulUHFDzWbid6_pYZLHiWVzrk/edit#gid=0
season_003,Liga 1,11,person_captaincrinch,CaptainCrinch,0.0000,,1000,42,https://docs.google.com/spreadsheets/d/15MPuuKWiOBeqO8JbrOYulUHFDzWbid6_pYZLHiWVzrk/edit#gid=0
season_003,Liga 1,11,person_fanmadeletsplay,FanmadeLetsPlay,0.0480,,1000,42,https://docs.google.com/spreadsheets/d/15MPuuKWiOBeqO8JbrOYulUHFDzWbid6_pYZLHiWVzrk/edit#gid=0
season_003,Liga 1,11,person_lauris,Lauris,0.0000,,1000,42,https://docs.google.com/spreadsheets/d/15MPuuKWiOBeqO8JbrOYulUHFDzWbid6_pYZLHiWVzrk/edit#gid=0
season_003,Liga 1,11,person_lucariolp,LucarioLP,0.0000,,1000,42,https://docs.google.com/spreadsheets/d/15MPuuKWiOBeqO8JbrOYulUHFDzWbid6_pYZLHiWVzrk/edit#gid=0
season_003,Liga 1,11,person_minetube,Minetube,0.0190,,1000,42,https://docs.google.com/spreadsheets/d/15MPuuKWiOBeqO8JbrOYulUHFDzWbid6_pYZLHiWVzrk/edit#gid=0
season_003,Liga 1,11,person_oktopaul,Oktopaul,0.0000,,1000,42,https://docs.google.com/spreadsheets/d/15MPuuKWiOBeqO8JbrOYulUHFDzWbid6_pYZLHiWVzrk/edit#gid=0
season_003,Liga 1,11,person_parsifani,Parsifani,0.0000,,1000,42,https://docs.google.com/spreadsheets/d/15MPuuKWiOBeqO8JbrOYulUHFDzWbid6_pYZLHiWVzrk/edit#gid=0
season_003,Liga 1,11,person_pokebazi,PokeBazi,0.0720,,1000,42,https://docs.google.com/spreadsheets/d/15MPuuKWiOBeqO8JbrOYulUHFDzWbid6_pYZLHiWVzrk/edit#gid=0
season_003,Liga 1,11,person_present,PresentLP,0.1060,,1000,42,https://docs.google.com/spreadsheets/d/15MPuuKWiOBeqO8JbrOYulUHFDzWbid6_pYZLHiWVzrk/edit#gid=0
season_003,Liga 1,11,person_raizor,Raizor,0.0000,,1000,42,https://docs.google.com/spreadsheets/d/15MPuuKWiOBeqO8JbrOYulUHFDzWbid6_pYZLHiWVzrk/edit#gid=0
season_003,Liga 1,11,person_regibang,RegiBang,0.7550,,1000,42,https://docs.google.com/spreadsheets/d/15MPuuKWiOBeqO8JbrOYulUHFDzWbid6_pYZLHiWVzrk/edit#gid=0
season_003,Liga 1,11,person_shiro,Shiro,0.0000,,1000,42,https://docs.google.com/spreadsheets/d/15MPuuKWiOBeqO8JbrOYulUHFDzWbid6_pYZLHiWVzrk/edit#gid=0
season_003,Liga 1,11,person_surskittv,SurskitTV,0.0000,,1000,42,https://docs.google.com/spreadsheets/d/15MPuuKWiOBeqO8JbrOYulUHFDzWbid6_pYZLHiWVzrk/edit#gid=0
season_003,Liga 1,12,person_art_n_gaming,Art'n'Gaming,0.0000,,1000,42,https://docs.google.com/spreadsheets/d/15MPuuKWiOBeqO8JbrOYulUHFDzWbid6_pYZLHiWVzrk/edit#gid=0
season_003,Liga 1,12,person_bene,Bene,0.0000,,1000,42,https://docs.google.com/spreadsheets/d/15MPuuKWiOBeqO8JbrOYulUHFDzWbid6_pYZLHiWVzrk/edit#gid=0
season_003,Liga 1,12,person_captaincrinch,CaptainCrinch,0.0000,,1000,42,https://docs.google.com/spreadsheets/d/15MPuuKWiOBeqO8JbrOYulUHFDzWbid6_pYZLHiWVzrk/edit#gid=0
season_003,Liga 1,12,person_fanmadeletsplay,FanmadeLetsPlay,0.1030,,1000,42,https://docs.google.com/spreadsheets/d/15MPuuKWiOBeqO8JbrOYulUHFDzWbid6_pYZLHiWVzrk/edit#gid=0
season_003,Liga 1,12,person_lauris,Lauris,0.0000,,1000,42,https://docs.google.com/spreadsheets/d/15MPuuKWiOBeqO8JbrOYulUHFDzWbid6_pYZLHiWVzrk/edit#gid=0
season_003,Liga 1,12,person_lucariolp,LucarioLP,0.0000,,1000,42,https://docs.google.com/spreadsheets/d/15MPuuKWiOBeqO8JbrOYulUHFDzWbid6_pYZLHiWVzrk/edit#gid=0
season_003,Liga 1,12,person_minetube,Minetube,0.0540,,1000,42,https://docs.google.com/spreadsheets/d/15MPuuKWiOBeqO8JbrOYulUHFDzWbid6_pYZLHiWVzrk/edit#gid=0
season_003,Liga 1,12,person_oktopaul,Oktopaul,0.0010,,1000,42,https://docs.google.com/spreadsheets/d/15MPuuKWiOBeqO8JbrOYulUHFDzWbid6_pYZLHiWVzrk/edit#gid=0
season_003,Liga 1,12,person_parsifani,Parsifani,0.0000,,1000,42,https://docs.google.com/spreadsheets/d/15MPuuKWiOBeqO8JbrOYulUHFDzWbid6_pYZLHiWVzrk/edit#gid=0
season_003,Liga 1,12,person_pokebazi,PokeBazi,0.0360,,1000,42,https://docs.google.com/spreadsheets/d/15MPuuKWiOBeqO8JbrOYulUHFDzWbid6_pYZLHiWVzrk/edit#gid=0
season_003,Liga 1,12,person_present,PresentLP,0.1910,,1000,42,https://docs.google.com/spreadsheets/d/15MPuuKWiOBeqO8JbrOYulUHFDzWbid6_pYZLHiWVzrk/edit#gid=0
season_003,Liga 1,12,person_raizor,Raizor,0.0040,,1000,42,https://docs.google.com/spreadsheets/d/15MPuuKWiOBeqO8JbrOYulUHFDzWbid6_pYZLHiWVzrk/edit#gid=0
season_003,Liga 1,12,person_regibang,RegiBang,0.6110,,1000,42,https://docs.google.com/spreadsheets/d/15MPuuKWiOBeqO8JbrOYulUHFDzWbid6_pYZLHiWVzrk/edit#gid=0
season_003,Liga 1,12,person_shiro,Shiro,0.0000,,1000,42,https://docs.google.com/spreadsheets/d/15MPuuKWiOBeqO8JbrOYulUHFDzWbid6_pYZLHiWVzrk/edit#gid=0
season_003,Liga 1,12,person_surskittv,SurskitTV,0.0000,,1000,42,https://docs.google.com/spreadsheets/d/15MPuuKWiOBeqO8JbrOYulUHFDzWbid6_pYZLHiWVzrk/edit#gid=0
season_003,Liga 1,13,person_art_n_gaming,Art'n'Gaming,0.0000,,1000,42,https://docs.google.com/spreadsheets/d/15MPuuKWiOBeqO8JbrOYulUHFDzWbid6_pYZLHiWVzrk/edit#gid=0
season_003,Liga 1,13,person_bene,Bene,0.0000,,1000,42,https://docs.google.com/spreadsheets/d/15MPuuKWiOBeqO8JbrOYulUHFDzWbid6_pYZLHiWVzrk/edit#gid=0
season_003,Liga 1,13,person_captaincrinch,CaptainCrinch,0.0000,,1000,42,https://docs.google.com/spreadsheets/d/15MPuuKWiOBeqO8JbrOYulUHFDzWbid6_pYZLHiWVzrk/edit#gid=0
season_003,Liga 1,13,person_fanmadeletsplay,FanmadeLetsPlay,0.1130,,1000,42,https://docs.google.com/spreadsheets/d/15MPuuKWiOBeqO8JbrOYulUHFDzWbid6_pYZLHiWVzrk/edit#gid=0
season_003,Liga 1,13,person_lauris,Lauris,0.0000,,1000,42,https://docs.google.com/spreadsheets/d/15MPuuKWiOBeqO8JbrOYulUHFDzWbid6_pYZLHiWVzrk/edit#gid=0
season_003,Liga 1,13,person_lucariolp,LucarioLP,0.0000,,1000,42,https://docs.google.com/spreadsheets/d/15MPuuKWiOBeqO8JbrOYulUHFDzWbid6_pYZLHiWVzrk/edit#gid=0
season_003,Liga 1,13,person_minetube,Minetube,0.0420,,1000,42,https://docs.google.com/spreadsheets/d/15MPuuKWiOBeqO8JbrOYulUHFDzWbid6_pYZLHiWVzrk/edit#gid=0
season_003,Liga 1,13,person_oktopaul,Oktopaul,0.0010,,1000,42,https://docs.google.com/spreadsheets/d/15MPuuKWiOBeqO8JbrOYulUHFDzWbid6_pYZLHiWVzrk/edit#gid=0
season_003,Liga 1,13,person_parsifani,Parsifani,0.0000,,1000,42,https://docs.google.com/spreadsheets/d/15MPuuKWiOBeqO8JbrOYulUHFDzWbid6_pYZLHiWVzrk/edit#gid=0
season_003,Liga 1,13,person_pokebazi,PokeBazi,0.0070,,1000,42,https://docs.google.com/spreadsheets/d/15MPuuKWiOBeqO8JbrOYulUHFDzWbid6_pYZLHiWVzrk/edit#gid=0
season_003,Liga 1,13,person_present,PresentLP,0.2330,,1000,42,https://docs.google.com/spreadsheets/d/15MPuuKWiOBeqO8JbrOYulUHFDzWbid6_pYZLHiWVzrk/edit#gid=0
season_003,Liga 1,13,person_raizor,Raizor,0.0000,,1000,42,https://docs.google.com/spreadsheets/d/15MPuuKWiOBeqO8JbrOYulUHFDzWbid6_pYZLHiWVzrk/edit#gid=0
season_003,Liga 1,13,person_regibang,RegiBang,0.6040,,1000,42,https://docs.google.com/spreadsheets/d/15MPuuKWiOBeqO8JbrOYulUHFDzWbid6_pYZLHiWVzrk/edit#gid=0
season_003,Liga 1,13,person_shiro,Shiro,0.0000,,1000,42,https://docs.google.com/spreadsheets/d/15MPuuKWiOBeqO8JbrOYulUHFDzWbid6_pYZLHiWVzrk/edit#gid=0
season_003,Liga 1,13,person_surskittv,SurskitTV,0.0000,,1000,42,https://docs.google.com/spreadsheets/d/15MPuuKWiOBeqO8JbrOYulUHFDzWbid6_pYZLHiWVzrk/edit#gid=0
season_003,Liga 1,14,person_art_n_gaming,Art'n'Gaming,0.0000,,1000,42,https://docs.google.com/spreadsheets/d/15MPuuKWiOBeqO8JbrOYulUHFDzWbid6_pYZLHiWVzrk/edit#gid=0
season_003,Liga 1,14,person_bene,Bene,0.0000,,1000,42,https://docs.google.com/spreadsheets/d/15MPuuKWiOBeqO8JbrOYulUHFDzWbid6_pYZLHiWVzrk/edit#gid=0
season_003,Liga 1,14,person_captaincrinch,CaptainCrinch,0.0000,,1000,42,https://docs.google.com/spreadsheets/d/15MPuuKWiOBeqO8JbrOYulUHFDzWbid6_pYZLHiWVzrk/edit#gid=0
season_003,Liga 1,14,person_fanmadeletsplay,FanmadeLetsPlay,0.0440,,1000,42,https://docs.google.com/spreadsheets/d/15MPuuKWiOBeqO8JbrOYulUHFDzWbid6_pYZLHiWVzrk/edit#gid=0
season_003,Liga 1,14,person_lauris,Lauris,0.0000,,1000,42,https://docs.google.com/spreadsheets/d/15MPuuKWiOBeqO8JbrOYulUHFDzWbid6_pYZLHiWVzrk/edit#gid=0
season_003,Liga 1,14,person_lucariolp,LucarioLP,0.0000,,1000,42,https://docs.google.com/spreadsheets/d/15MPuuKWiOBeqO8JbrOYulUHFDzWbid6_pYZLHiWVzrk/edit#gid=0
season_003,Liga 1,14,person_minetube,Minetube,0.1040,,1000,42,https://docs.google.com/spreadsheets/d/15MPuuKWiOBeqO8JbrOYulUHFDzWbid6_pYZLHiWVzrk/edit#gid=0
season_003,Liga 1,14,person_oktopaul,Oktopaul,0.0000,,1000,42,https://docs.google.com/spreadsheets/d/15MPuuKWiOBeqO8JbrOYulUHFDzWbid6_pYZLHiWVzrk/edit#gid=0
season_003,Liga 1,14,person_parsifani,Parsifani,0.0000,,1000,42,https://docs.google.com/spreadsheets/d/15MPuuKWiOBeqO8JbrOYulUHFDzWbid6_pYZLHiWVzrk/edit#gid=0
season_003,Liga 1,14,person_pokebazi,PokeBazi,0.0010,,1000,42,https://docs.google.com/spreadsheets/d/15MPuuKWiOBeqO8JbrOYulUHFDzWbid6_pYZLHiWVzrk/edit#gid=0
season_003,Liga 1,14,person_present,PresentLP,0.0650,,1000,42,https://docs.google.com/spreadsheets/d/15MPuuKWiOBeqO8JbrOYulUHFDzWbid6_pYZLHiWVzrk/edit#gid=0
season_003,Liga 1,14,person_raizor,Raizor,0.0000,,1000,42,https://docs.google.com/spreadsheets/d/15MPuuKWiOBeqO8JbrOYulUHFDzWbid6_pYZLHiWVzrk/edit#gid=0
season_003,Liga 1,14,person_regibang,RegiBang,0.7860,,1000,42,https://docs.google.com/spreadsheets/d/15MPuuKWiOBeqO8JbrOYulUHFDzWbid6_pYZLHiWVzrk/edit#gid=0
season_003,Liga 1,14,person_shiro,Shiro,0.0000,,1000,42,https://docs.google.com/spreadsheets/d/15MPuuKWiOBeqO8JbrOYulUHFDzWbid6_pYZLHiWVzrk/edit#gid=0
season_003,Liga 1,14,person_surskittv,SurskitTV,0.0000,,1000,42,https://docs.google.com/spreadsheets/d/15MPuuKWiOBeqO8JbrOYulUHFDzWbid6_pYZLHiWVzrk/edit#gid=0
season_003,Liga 1,15,person_art_n_gaming,Art'n'Gaming,0.0000,,1000,42,https://docs.google.com/spreadsheets/d/15MPuuKWiOBeqO8JbrOYulUHFDzWbid6_pYZLHiWVzrk/edit#gid=0
season_003,Liga 1,15,person_bene,Bene,0.0000,,1000,42,https://docs.google.com/spreadsheets/d/15MPuuKWiOBeqO8JbrOYulUHFDzWbid6_pYZLHiWVzrk/edit#gid=0
season_003,Liga 1,15,person_captaincrinch,CaptainCrinch,0.0000,,1000,42,https://docs.google.com/spreadsheets/d/15MPuuKWiOBeqO8JbrOYulUHFDzWbid6_pYZLHiWVzrk/edit#gid=0
season_003,Liga 1,15,person_fanmadeletsplay,FanmadeLetsPlay,0.0170,,1000,42,https://docs.google.com/spreadsheets/d/15MPuuKWiOBeqO8JbrOYulUHFDzWbid6_pYZLHiWVzrk/edit#gid=0
season_003,Liga 1,15,person_lauris,Lauris,0.0000,,1000,42,https://docs.google.com/spreadsheets/d/15MPuuKWiOBeqO8JbrOYulUHFDzWbid6_pYZLHiWVzrk/edit#gid=0
season_003,Liga 1,15,person_lucariolp,LucarioLP,0.0000,,1000,42,https://docs.google.com/spreadsheets/d/15MPuuKWiOBeqO8JbrOYulUHFDzWbid6_pYZLHiWVzrk/edit#gid=0
season_003,Liga 1,15,person_minetube,Minetube,0.2560,,1000,42,https://docs.google.com/spreadsheets/d/15MPuuKWiOBeqO8JbrOYulUHFDzWbid6_pYZLHiWVzrk/edit#gid=0
season_003,Liga 1,15,person_oktopaul,Oktopaul,0.0000,,1000,42,https://docs.google.com/spreadsheets/d/15MPuuKWiOBeqO8JbrOYulUHFDzWbid6_pYZLHiWVzrk/edit#gid=0
season_003,Liga 1,15,person_parsifani,Parsifani,0.0000,,1000,42,https://docs.google.com/spreadsheets/d/15MPuuKWiOBeqO8JbrOYulUHFDzWbid6_pYZLHiWVzrk/edit#gid=0
season_003,Liga 1,15,person_pokebazi,PokeBazi,0.0010,,1000,42,https://docs.google.com/spreadsheets/d/15MPuuKWiOBeqO8JbrOYulUHFDzWbid6_pYZLHiWVzrk/edit#gid=0
season_003,Liga 1,15,person_present,PresentLP,0.2800,,1000,42,https://docs.google.com/spreadsheets/d/15MPuuKWiOBeqO8JbrOYulUHFDzWbid6_pYZLHiWVzrk/edit#gid=0
season_003,Liga 1,15,person_raizor,Raizor,0.0000,,1000,42,https://docs.google.com/spreadsheets/d/15MPuuKWiOBeqO8JbrOYulUHFDzWbid6_pYZLHiWVzrk/edit#gid=0
season_003,Liga 1,15,person_regibang,RegiBang,0.4460,,1000,42,https://docs.google.com/spreadsheets/d/15MPuuKWiOBeqO8JbrOYulUHFDzWbid6_pYZLHiWVzrk/edit#gid=0
season_003,Liga 1,15,person_shiro,Shiro,0.0000,,1000,42,https://docs.google.com/spreadsheets/d/15MPuuKWiOBeqO8JbrOYulUHFDzWbid6_pYZLHiWVzrk/edit#gid=0
season_003,Liga 1,15,person_surskittv,SurskitTV,0.0000,,1000,42,https://docs.google.com/spreadsheets/d/15MPuuKWiOBeqO8JbrOYulUHFDzWbid6_pYZLHiWVzrk/edit#gid=0
season_003,Liga 1,16,person_art_n_gaming,Art'n'Gaming,0.0000,,1000,42,https://docs.google.com/spreadsheets/d/15MPuuKWiOBeqO8JbrOYulUHFDzWbid6_pYZLHiWVzrk/edit#gid=0
season_003,Liga 1,16,person_bene,Bene,0.0000,,1000,42,https://docs.google.com/spreadsheets/d/15MPuuKWiOBeqO8JbrOYulUHFDzWbid6_pYZLHiWVzrk/edit#gid=0
season_003,Liga 1,16,person_captaincrinch,CaptainCrinch,0.0000,,1000,42,https://docs.google.com/spreadsheets/d/15MPuuKWiOBeqO8JbrOYulUHFDzWbid6_pYZLHiWVzrk/edit#gid=0
season_003,Liga 1,16,person_fanmadeletsplay,FanmadeLetsPlay,0.0250,,1000,42,https://docs.google.com/spreadsheets/d/15MPuuKWiOBeqO8JbrOYulUHFDzWbid6_pYZLHiWVzrk/edit#gid=0
season_003,Liga 1,16,person_lauris,Lauris,0.0000,,1000,42,https://docs.google.com/spreadsheets/d/15MPuuKWiOBeqO8JbrOYulUHFDzWbid6_pYZLHiWVzrk/edit#gid=0
season_003,Liga 1,16,person_lucariolp,LucarioLP,0.0000,,1000,42,https://docs.google.com/spreadsheets/d/15MPuuKWiOBeqO8JbrOYulUHFDzWbid6_pYZLHiWVzrk/edit#gid=0
season_003,Liga 1,16,person_minetube,Minetube,0.0510,,1000,42,https://docs.google.com/spreadsheets/d/15MPuuKWiOBeqO8JbrOYulUHFDzWbid6_pYZLHiWVzrk/edit#gid=0
season_003,Liga 1,16,person_oktopaul,Oktopaul,0.0000,,1000,42,https://docs.google.com/spreadsheets/d/15MPuuKWiOBeqO8JbrOYulUHFDzWbid6_pYZLHiWVzrk/edit#gid=0
season_003,Liga 1,16,person_parsifani,Parsifani,0.0000,,1000,42,https://docs.google.com/spreadsheets/d/15MPuuKWiOBeqO8JbrOYulUHFDzWbid6_pYZLHiWVzrk/edit#gid=0
season_003,Liga 1,16,person_pokebazi,PokeBazi,0.0010,,1000,42,https://docs.google.com/spreadsheets/d/15MPuuKWiOBeqO8JbrOYulUHFDzWbid6_pYZLHiWVzrk/edit#gid=0
season_003,Liga 1,16,person_present,PresentLP,0.3100,,1000,42,https://docs.google.com/spreadsheets/d/15MPuuKWiOBeqO8JbrOYulUHFDzWbid6_pYZLHiWVzrk/edit#gid=0
season_003,Liga 1,16,person_raizor,Raizor,0.0000,,1000,42,https://docs.google.com/spreadsheets/d/15MPuuKWiOBeqO8JbrOYulUHFDzWbid6_pYZLHiWVzrk/edit#gid=0
season_003,Liga 1,16,person_regibang,RegiBang,0.6130,,1000,42,https://docs.google.com/spreadsheets/d/15MPuuKWiOBeqO8JbrOYulUHFDzWbid6_pYZLHiWVzrk/edit#gid=0
season_003,Liga 1,16,person_shiro,Shiro,0.0000,,1000,42,https://docs.google.com/spreadsheets/d/15MPuuKWiOBeqO8JbrOYulUHFDzWbid6_pYZLHiWVzrk/edit#gid=0
season_003,Liga 1,16,person_surskittv,SurskitTV,0.0000,,1000,42,https://docs.google.com/spreadsheets/d/15MPuuKWiOBeqO8JbrOYulUHFDzWbid6_pYZLHiWVzrk/edit#gid=0
season_003,Liga 1,17,person_art_n_gaming,Art'n'Gaming,0.0000,,1000,42,https://docs.google.com/spreadsheets/d/15MPuuKWiOBeqO8JbrOYulUHFDzWbid6_pYZLHiWVzrk/edit#gid=0
season_003,Liga 1,17,person_bene,Bene,0.0000,,1000,42,https://docs.google.com/spreadsheets/d/15MPuuKWiOBeqO8JbrOYulUHFDzWbid6_pYZLHiWVzrk/edit#gid=0
season_003,Liga 1,17,person_captaincrinch,CaptainCrinch,0.0000,,1000,42,https://docs.google.com/spreadsheets/d/15MPuuKWiOBeqO8JbrOYulUHFDzWbid6_pYZLHiWVzrk/edit#gid=0
season_003,Liga 1,17,person_fanmadeletsplay,FanmadeLetsPlay,0.0140,,1000,42,https://docs.google.com/spreadsheets/d/15MPuuKWiOBeqO8JbrOYulUHFDzWbid6_pYZLHiWVzrk/edit#gid=0
season_003,Liga 1,17,person_lauris,Lauris,0.0000,,1000,42,https://docs.google.com/spreadsheets/d/15MPuuKWiOBeqO8JbrOYulUHFDzWbid6_pYZLHiWVzrk/edit#gid=0
season_003,Liga 1,17,person_lucariolp,LucarioLP,0.0000,,1000,42,https://docs.google.com/spreadsheets/d/15MPuuKWiOBeqO8JbrOYulUHFDzWbid6_pYZLHiWVzrk/edit#gid=0
season_003,Liga 1,17,person_minetube,Minetube,0.0350,,1000,42,https://docs.google.com/spreadsheets/d/15MPuuKWiOBeqO8JbrOYulUHFDzWbid6_pYZLHiWVzrk/edit#gid=0
season_003,Liga 1,17,person_oktopaul,Oktopaul,0.0000,,1000,42,https://docs.google.com/spreadsheets/d/15MPuuKWiOBeqO8JbrOYulUHFDzWbid6_pYZLHiWVzrk/edit#gid=0
season_003,Liga 1,17,person_parsifani,Parsifani,0.0000,,1000,42,https://docs.google.com/spreadsheets/d/15MPuuKWiOBeqO8JbrOYulUHFDzWbid6_pYZLHiWVzrk/edit#gid=0
season_003,Liga 1,17,person_pokebazi,PokeBazi,0.0000,,1000,42,https://docs.google.com/spreadsheets/d/15MPuuKWiOBeqO8JbrOYulUHFDzWbid6_pYZLHiWVzrk/edit#gid=0
season_003,Liga 1,17,person_present,PresentLP,0.5710,,1000,42,https://docs.google.com/spreadsheets/d/15MPuuKWiOBeqO8JbrOYulUHFDzWbid6_pYZLHiWVzrk/edit#gid=0
season_003,Liga 1,17,person_raizor,Raizor,0.0000,,1000,42,https://docs.google.com/spreadsheets/d/15MPuuKWiOBeqO8JbrOYulUHFDzWbid6_pYZLHiWVzrk/edit#gid=0
season_003,Liga 1,17,person_regibang,RegiBang,0.3800,,1000,42,https://docs.google.com/spreadsheets/d/15MPuuKWiOBeqO8JbrOYulUHFDzWbid6_pYZLHiWVzrk/edit#gid=0
season_003,Liga 1,17,person_shiro,Shiro,0.0000,,1000,42,https://docs.google.com/spreadsheets/d/15MPuuKWiOBeqO8JbrOYulUHFDzWbid6_pYZLHiWVzrk/edit#gid=0
season_003,Liga 1,17,person_surskittv,SurskitTV,0.0000,,1000,42,https://docs.google.com/spreadsheets/d/15MPuuKWiOBeqO8JbrOYulUHFDzWbid6_pYZLHiWVzrk/edit#gid=0
season_003,Liga 1,18,person_art_n_gaming,Art'n'Gaming,0.0000,,1000,42,https://docs.google.com/spreadsheets/d/15MPuuKWiOBeqO8JbrOYulUHFDzWbid6_pYZLHiWVzrk/edit#gid=0
season_003,Liga 1,18,person_bene,Bene,0.0000,,1000,42,https://docs.google.com/spreadsheets/d/15MPuuKWiOBeqO8JbrOYulUHFDzWbid6_pYZLHiWVzrk/edit#gid=0
season_003,Liga 1,18,person_captaincrinch,CaptainCrinch,0.0000,,1000,42,https://docs.google.com/spreadsheets/d/15MPuuKWiOBeqO8JbrOYulUHFDzWbid6_pYZLHiWVzrk/edit#gid=0
season_003,Liga 1,18,person_fanmadeletsplay,FanmadeLetsPlay,0.0090,,1000,42,https://docs.google.com/spreadsheets/d/15MPuuKWiOBeqO8JbrOYulUHFDzWbid6_pYZLHiWVzrk/edit#gid=0
season_003,Liga 1,18,person_lauris,Lauris,0.0000,,1000,42,https://docs.google.com/spreadsheets/d/15MPuuKWiOBeqO8JbrOYulUHFDzWbid6_pYZLHiWVzrk/edit#gid=0
season_003,Liga 1,18,person_lucariolp,LucarioLP,0.0000,,1000,42,https://docs.google.com/spreadsheets/d/15MPuuKWiOBeqO8JbrOYulUHFDzWbid6_pYZLHiWVzrk/edit#gid=0
season_003,Liga 1,18,person_minetube,Minetube,0.0180,,1000,42,https://docs.google.com/spreadsheets/d/15MPuuKWiOBeqO8JbrOYulUHFDzWbid6_pYZLHiWVzrk/edit#gid=0
season_003,Liga 1,18,person_oktopaul,Oktopaul,0.0000,,1000,42,https://docs.google.com/spreadsheets/d/15MPuuKWiOBeqO8JbrOYulUHFDzWbid6_pYZLHiWVzrk/edit#gid=0
season_003,Liga 1,18,person_parsifani,Parsifani,0.0000,,1000,42,https://docs.google.com/spreadsheets/d/15MPuuKWiOBeqO8JbrOYulUHFDzWbid6_pYZLHiWVzrk/edit#gid=0
season_003,Liga 1,18,person_pokebazi,PokeBazi,0.0020,,1000,42,https://docs.google.com/spreadsheets/d/15MPuuKWiOBeqO8JbrOYulUHFDzWbid6_pYZLHiWVzrk/edit#gid=0
season_003,Liga 1,18,person_present,PresentLP,0.5990,,1000,42,https://docs.google.com/spreadsheets/d/15MPuuKWiOBeqO8JbrOYulUHFDzWbid6_pYZLHiWVzrk/edit#gid=0
season_003,Liga 1,18,person_raizor,Raizor,0.0020,,1000,42,https://docs.google.com/spreadsheets/d/15MPuuKWiOBeqO8JbrOYulUHFDzWbid6_pYZLHiWVzrk/edit#gid=0
season_003,Liga 1,18,person_regibang,RegiBang,0.3700,,1000,42,https://docs.google.com/spreadsheets/d/15MPuuKWiOBeqO8JbrOYulUHFDzWbid6_pYZLHiWVzrk/edit#gid=0
season_003,Liga 1,18,person_shiro,Shiro,0.0000,,1000,42,https://docs.google.com/spreadsheets/d/15MPuuKWiOBeqO8JbrOYulUHFDzWbid6_pYZLHiWVzrk/edit#gid=0
season_003,Liga 1,18,person_surskittv,SurskitTV,0.0000,,1000,42,https://docs.google.com/spreadsheets/d/15MPuuKWiOBeqO8JbrOYulUHFDzWbid6_pYZLHiWVzrk/edit#gid=0
season_003,Liga 1,19,person_art_n_gaming,Art'n'Gaming,0.0000,,1000,42,https://docs.google.com/spreadsheets/d/15MPuuKWiOBeqO8JbrOYulUHFDzWbid6_pYZLHiWVzrk/edit#gid=0
season_003,Liga 1,19,person_bene,Bene,0.0000,,1000,42,https://docs.google.com/spreadsheets/d/15MPuuKWiOBeqO8JbrOYulUHFDzWbid6_pYZLHiWVzrk/edit#gid=0
season_003,Liga 1,19,person_captaincrinch,CaptainCrinch,0.0000,,1000,42,https://docs.google.com/spreadsheets/d/15MPuuKWiOBeqO8JbrOYulUHFDzWbid6_pYZLHiWVzrk/edit#gid=0
season_003,Liga 1,19,person_fanmadeletsplay,FanmadeLetsPlay,0.0280,,1000,42,https://docs.google.com/spreadsheets/d/15MPuuKWiOBeqO8JbrOYulUHFDzWbid6_pYZLHiWVzrk/edit#gid=0
season_003,Liga 1,19,person_lauris,Lauris,0.0000,,1000,42,https://docs.google.com/spreadsheets/d/15MPuuKWiOBeqO8JbrOYulUHFDzWbid6_pYZLHiWVzrk/edit#gid=0
season_003,Liga 1,19,person_lucariolp,LucarioLP,0.0000,,1000,42,https://docs.google.com/spreadsheets/d/15MPuuKWiOBeqO8JbrOYulUHFDzWbid6_pYZLHiWVzrk/edit#gid=0
season_003,Liga 1,19,person_minetube,Minetube,0.0010,,1000,42,https://docs.google.com/spreadsheets/d/15MPuuKWiOBeqO8JbrOYulUHFDzWbid6_pYZLHiWVzrk/edit#gid=0
season_003,Liga 1,19,person_oktopaul,Oktopaul,0.0000,,1000,42,https://docs.google.com/spreadsheets/d/15MPuuKWiOBeqO8JbrOYulUHFDzWbid6_pYZLHiWVzrk/edit#gid=0
season_003,Liga 1,19,person_parsifani,Parsifani,0.0000,,1000,42,https://docs.google.com/spreadsheets/d/15MPuuKWiOBeqO8JbrOYulUHFDzWbid6_pYZLHiWVzrk/edit#gid=0
season_003,Liga 1,19,person_pokebazi,PokeBazi,0.0020,,1000,42,https://docs.google.com/spreadsheets/d/15MPuuKWiOBeqO8JbrOYulUHFDzWbid6_pYZLHiWVzrk/edit#gid=0
season_003,Liga 1,19,person_present,PresentLP,0.8270,,1000,42,https://docs.google.com/spreadsheets/d/15MPuuKWiOBeqO8JbrOYulUHFDzWbid6_pYZLHiWVzrk/edit#gid=0
season_003,Liga 1,19,person_raizor,Raizor,0.0000,,1000,42,https://docs.google.com/spreadsheets/d/15MPuuKWiOBeqO8JbrOYulUHFDzWbid6_pYZLHiWVzrk/edit#gid=0
season_003,Liga 1,19,person_regibang,RegiBang,0.1420,,1000,42,https://docs.google.com/spreadsheets/d/15MPuuKWiOBeqO8JbrOYulUHFDzWbid6_pYZLHiWVzrk/edit#gid=0
season_003,Liga 1,19,person_shiro,Shiro,0.0000,,1000,42,https://docs.google.com/spreadsheets/d/15MPuuKWiOBeqO8JbrOYulUHFDzWbid6_pYZLHiWVzrk/edit#gid=0
season_003,Liga 1,19,person_surskittv,SurskitTV,0.0000,,1000,42,https://docs.google.com/spreadsheets/d/15MPuuKWiOBeqO8JbrOYulUHFDzWbid6_pYZLHiWVzrk/edit#gid=0
season_003,Liga 1,20,person_art_n_gaming,Art'n'Gaming,0.0000,,1000,42,https://docs.google.com/spreadsheets/d/15MPuuKWiOBeqO8JbrOYulUHFDzWbid6_pYZLHiWVzrk/edit#gid=0
season_003,Liga 1,20,person_bene,Bene,0.0000,,1000,42,https://docs.google.com/spreadsheets/d/15MPuuKWiOBeqO8JbrOYulUHFDzWbid6_pYZLHiWVzrk/edit#gid=0
season_003,Liga 1,20,person_captaincrinch,CaptainCrinch,0.0000,,1000,42,https://docs.google.com/spreadsheets/d/15MPuuKWiOBeqO8JbrOYulUHFDzWbid6_pYZLHiWVzrk/edit#gid=0
season_003,Liga 1,20,person_fanmadeletsplay,FanmadeLetsPlay,0.0010,,1000,42,https://docs.google.com/spreadsheets/d/15MPuuKWiOBeqO8JbrOYulUHFDzWbid6_pYZLHiWVzrk/edit#gid=0
season_003,Liga 1,20,person_lauris,Lauris,0.0000,,1000,42,https://docs.google.com/spreadsheets/d/15MPuuKWiOBeqO8JbrOYulUHFDzWbid6_pYZLHiWVzrk/edit#gid=0
season_003,Liga 1,20,person_lucariolp,LucarioLP,0.0000,,1000,42,https://docs.google.com/spreadsheets/d/15MPuuKWiOBeqO8JbrOYulUHFDzWbid6_pYZLHiWVzrk/edit#gid=0
season_003,Liga 1,20,person_minetube,Minetube,0.0040,,1000,42,https://docs.google.com/spreadsheets/d/15MPuuKWiOBeqO8JbrOYulUHFDzWbid6_pYZLHiWVzrk/edit#gid=0
season_003,Liga 1,20,person_oktopaul,Oktopaul,0.0000,,1000,42,https://docs.google.com/spreadsheets/d/15MPuuKWiOBeqO8JbrOYulUHFDzWbid6_pYZLHiWVzrk/edit#gid=0
season_003,Liga 1,20,person_parsifani,Parsifani,0.0000,,1000,42,https://docs.google.com/spreadsheets/d/15MPuuKWiOBeqO8JbrOYulUHFDzWbid6_pYZLHiWVzrk/edit#gid=0
season_003,Liga 1,20,person_pokebazi,PokeBazi,0.0000,,1000,42,https://docs.google.com/spreadsheets/d/15MPuuKWiOBeqO8JbrOYulUHFDzWbid6_pYZLHiWVzrk/edit#gid=0
season_003,Liga 1,20,person_present,PresentLP,0.8450,,1000,42,https://docs.google.com/spreadsheets/d/15MPuuKWiOBeqO8JbrOYulUHFDzWbid6_pYZLHiWVzrk/edit#gid=0
season_003,Liga 1,20,person_raizor,Raizor,0.0000,,1000,42,https://docs.google.com/spreadsheets/d/15MPuuKWiOBeqO8JbrOYulUHFDzWbid6_pYZLHiWVzrk/edit#gid=0
season_003,Liga 1,20,person_regibang,RegiBang,0.1500,,1000,42,https://docs.google.com/spreadsheets/d/15MPuuKWiOBeqO8JbrOYulUHFDzWbid6_pYZLHiWVzrk/edit#gid=0
season_003,Liga 1,20,person_shiro,Shiro,0.0000,,1000,42,https://docs.google.com/spreadsheets/d/15MPuuKWiOBeqO8JbrOYulUHFDzWbid6_pYZLHiWVzrk/edit#gid=0
season_003,Liga 1,20,person_surskittv,SurskitTV,0.0000,,1000,42,https://docs.google.com/spreadsheets/d/15MPuuKWiOBeqO8JbrOYulUHFDzWbid6_pYZLHiWVzrk/edit#gid=0
season_003,Liga 1,21,person_art_n_gaming,Art'n'Gaming,0.0000,,1000,42,https://docs.google.com/spreadsheets/d/15MPuuKWiOBeqO8JbrOYulUHFDzWbid6_pYZLHiWVzrk/edit#gid=0
season_003,Liga 1,21,person_bene,Bene,0.0000,,1000,42,https://docs.google.com/spreadsheets/d/15MPuuKWiOBeqO8JbrOYulUHFDzWbid6_pYZLHiWVzrk/edit#gid=0
season_003,Liga 1,21,person_captaincrinch,CaptainCrinch,0.0010,,1000,42,https://docs.google.com/spreadsheets/d/15MPuuKWiOBeqO8JbrOYulUHFDzWbid6_pYZLHiWVzrk/edit#gid=0
season_003,Liga 1,21,person_fanmadeletsplay,FanmadeLetsPlay,0.0150,,1000,42,https://docs.google.com/spreadsheets/d/15MPuuKWiOBeqO8JbrOYulUHFDzWbid6_pYZLHiWVzrk/edit#gid=0
season_003,Liga 1,21,person_lauris,Lauris,0.0000,,1000,42,https://docs.google.com/spreadsheets/d/15MPuuKWiOBeqO8JbrOYulUHFDzWbid6_pYZLHiWVzrk/edit#gid=0
season_003,Liga 1,21,person_lucariolp,LucarioLP,0.0000,,1000,42,https://docs.google.com/spreadsheets/d/15MPuuKWiOBeqO8JbrOYulUHFDzWbid6_pYZLHiWVzrk/edit#gid=0
season_003,Liga 1,21,person_minetube,Minetube,0.0020,,1000,42,https://docs.google.com/spreadsheets/d/15MPuuKWiOBeqO8JbrOYulUHFDzWbid6_pYZLHiWVzrk/edit#gid=0
season_003,Liga 1,21,person_oktopaul,Oktopaul,0.0000,,1000,42,https://docs.google.com/spreadsheets/d/15MPuuKWiOBeqO8JbrOYulUHFDzWbid6_pYZLHiWVzrk/edit#gid=0
season_003,Liga 1,21,person_parsifani,Parsifani,0.0000,,1000,42,https://docs.google.com/spreadsheets/d/15MPuuKWiOBeqO8JbrOYulUHFDzWbid6_pYZLHiWVzrk/edit#gid=0
season_003,Liga 1,21,person_pokebazi,PokeBazi,0.0000,,1000,42,https://docs.google.com/spreadsheets/d/15MPuuKWiOBeqO8JbrOYulUHFDzWbid6_pYZLHiWVzrk/edit#gid=0
season_003,Liga 1,21,person_present,PresentLP,0.8750,,1000,42,https://docs.google.com/spreadsheets/d/15MPuuKWiOBeqO8JbrOYulUHFDzWbid6_pYZLHiWVzrk/edit#gid=0
season_003,Liga 1,21,person_raizor,Raizor,0.0000,,1000,42,https://docs.google.com/spreadsheets/d/15MPuuKWiOBeqO8JbrOYulUHFDzWbid6_pYZLHiWVzrk/edit#gid=0
season_003,Liga 1,21,person_regibang,RegiBang,0.1070,,1000,42,https://docs.google.com/spreadsheets/d/15MPuuKWiOBeqO8JbrOYulUHFDzWbid6_pYZLHiWVzrk/edit#gid=0
season_003,Liga 1,21,person_shiro,Shiro,0.0000,,1000,42,https://docs.google.com/spreadsheets/d/15MPuuKWiOBeqO8JbrOYulUHFDzWbid6_pYZLHiWVzrk/edit#gid=0
season_003,Liga 1,21,person_surskittv,SurskitTV,0.0000,,1000,42,https://docs.google.com/spreadsheets/d/15MPuuKWiOBeqO8JbrOYulUHFDzWbid6_pYZLHiWVzrk/edit#gid=0
season_003,Liga 1,22,person_art_n_gaming,Art'n'Gaming,0.0000,,1000,42,https://docs.google.com/spreadsheets/d/15MPuuKWiOBeqO8JbrOYulUHFDzWbid6_pYZLHiWVzrk/edit#gid=0
season_003,Liga 1,22,person_bene,Bene,0.0000,,1000,42,https://docs.google.com/spreadsheets/d/15MPuuKWiOBeqO8JbrOYulUHFDzWbid6_pYZLHiWVzrk/edit#gid=0
season_003,Liga 1,22,person_captaincrinch,CaptainCrinch,0.0000,,1000,42,https://docs.google.com/spreadsheets/d/15MPuuKWiOBeqO8JbrOYulUHFDzWbid6_pYZLHiWVzrk/edit#gid=0
season_003,Liga 1,22,person_fanmadeletsplay,FanmadeLetsPlay,0.0000,,1000,42,https://docs.google.com/spreadsheets/d/15MPuuKWiOBeqO8JbrOYulUHFDzWbid6_pYZLHiWVzrk/edit#gid=0
season_003,Liga 1,22,person_lauris,Lauris,0.0000,,1000,42,https://docs.google.com/spreadsheets/d/15MPuuKWiOBeqO8JbrOYulUHFDzWbid6_pYZLHiWVzrk/edit#gid=0
season_003,Liga 1,22,person_lucariolp,LucarioLP,0.0000,,1000,42,https://docs.google.com/spreadsheets/d/15MPuuKWiOBeqO8JbrOYulUHFDzWbid6_pYZLHiWVzrk/edit#gid=0
season_003,Liga 1,22,person_minetube,Minetube,0.0000,,1000,42,https://docs.google.com/spreadsheets/d/15MPuuKWiOBeqO8JbrOYulUHFDzWbid6_pYZLHiWVzrk/edit#gid=0
season_003,Liga 1,22,person_oktopaul,Oktopaul,0.0000,,1000,42,https://docs.google.com/spreadsheets/d/15MPuuKWiOBeqO8JbrOYulUHFDzWbid6_pYZLHiWVzrk/edit#gid=0
season_003,Liga 1,22,person_parsifani,Parsifani,0.0000,,1000,42,https://docs.google.com/spreadsheets/d/15MPuuKWiOBeqO8JbrOYulUHFDzWbid6_pYZLHiWVzrk/edit#gid=0
season_003,Liga 1,22,person_pokebazi,PokeBazi,0.0000,,1000,42,https://docs.google.com/spreadsheets/d/15MPuuKWiOBeqO8JbrOYulUHFDzWbid6_pYZLHiWVzrk/edit#gid=0
season_003,Liga 1,22,person_present,PresentLP,0.9880,,1000,42,https://docs.google.com/spreadsheets/d/15MPuuKWiOBeqO8JbrOYulUHFDzWbid6_pYZLHiWVzrk/edit#gid=0
season_003,Liga 1,22,person_raizor,Raizor,0.0000,,1000,42,https://docs.google.com/spreadsheets/d/15MPuuKWiOBeqO8JbrOYulUHFDzWbid6_pYZLHiWVzrk/edit#gid=0
season_003,Liga 1,22,person_regibang,RegiBang,0.0120,,1000,42,https://docs.google.com/spreadsheets/d/15MPuuKWiOBeqO8JbrOYulUHFDzWbid6_pYZLHiWVzrk/edit#gid=0
season_003,Liga 1,22,person_shiro,Shiro,0.0000,,1000,42,https://docs.google.com/spreadsheets/d/15MPuuKWiOBeqO8JbrOYulUHFDzWbid6_pYZLHiWVzrk/edit#gid=0
season_003,Liga 1,22,person_surskittv,SurskitTV,0.0000,,1000,42,https://docs.google.com/spreadsheets/d/15MPuuKWiOBeqO8JbrOYulUHFDzWbid6_pYZLHiWVzrk/edit#gid=0
season_003,Liga 1,23,person_art_n_gaming,Art'n'Gaming,0.0000,,1000,42,https://docs.google.com/spreadsheets/d/15MPuuKWiOBeqO8JbrOYulUHFDzWbid6_pYZLHiWVzrk/edit#gid=0
season_003,Liga 1,23,person_bene,Bene,0.0000,,1000,42,https://docs.google.com/spreadsheets/d/15MPuuKWiOBeqO8JbrOYulUHFDzWbid6_pYZLHiWVzrk/edit#gid=0
season_003,Liga 1,23,person_captaincrinch,CaptainCrinch,0.0000,,1000,42,https://docs.google.com/spreadsheets/d/15MPuuKWiOBeqO8JbrOYulUHFDzWbid6_pYZLHiWVzrk/edit#gid=0
season_003,Liga 1,23,person_fanmadeletsplay,FanmadeLetsPlay,0.0060,,1000,42,https://docs.google.com/spreadsheets/d/15MPuuKWiOBeqO8JbrOYulUHFDzWbid6_pYZLHiWVzrk/edit#gid=0
season_003,Liga 1,23,person_lauris,Lauris,0.0000,,1000,42,https://docs.google.com/spreadsheets/d/15MPuuKWiOBeqO8JbrOYulUHFDzWbid6_pYZLHiWVzrk/edit#gid=0
season_003,Liga 1,23,person_lucariolp,LucarioLP,0.0000,,1000,42,https://docs.google.com/spreadsheets/d/15MPuuKWiOBeqO8JbrOYulUHFDzWbid6_pYZLHiWVzrk/edit#gid=0
season_003,Liga 1,23,person_minetube,Minetube,0.0000,,1000,42,https://docs.google.com/spreadsheets/d/15MPuuKWiOBeqO8JbrOYulUHFDzWbid6_pYZLHiWVzrk/edit#gid=0
season_003,Liga 1,23,person_oktopaul,Oktopaul,0.0000,,1000,42,https://docs.google.com/spreadsheets/d/15MPuuKWiOBeqO8JbrOYulUHFDzWbid6_pYZLHiWVzrk/edit#gid=0
season_003,Liga 1,23,person_parsifani,Parsifani,0.0000,,1000,42,https://docs.google.com/spreadsheets/d/15MPuuKWiOBeqO8JbrOYulUHFDzWbid6_pYZLHiWVzrk/edit#gid=0
season_003,Liga 1,23,person_pokebazi,PokeBazi,0.0000,,1000,42,https://docs.google.com/spreadsheets/d/15MPuuKWiOBeqO8JbrOYulUHFDzWbid6_pYZLHiWVzrk/edit#gid=0
season_003,Liga 1,23,person_present,PresentLP,0.9180,,1000,42,https://docs.google.com/spreadsheets/d/15MPuuKWiOBeqO8JbrOYulUHFDzWbid6_pYZLHiWVzrk/edit#gid=0
season_003,Liga 1,23,person_raizor,Raizor,0.0000,,1000,42,https://docs.google.com/spreadsheets/d/15MPuuKWiOBeqO8JbrOYulUHFDzWbid6_pYZLHiWVzrk/edit#gid=0
season_003,Liga 1,23,person_regibang,RegiBang,0.0760,,1000,42,https://docs.google.com/spreadsheets/d/15MPuuKWiOBeqO8JbrOYulUHFDzWbid6_pYZLHiWVzrk/edit#gid=0
season_003,Liga 1,23,person_shiro,Shiro,0.0000,,1000,42,https://docs.google.com/spreadsheets/d/15MPuuKWiOBeqO8JbrOYulUHFDzWbid6_pYZLHiWVzrk/edit#gid=0
season_003,Liga 1,23,person_surskittv,SurskitTV,0.0000,,1000,42,https://docs.google.com/spreadsheets/d/15MPuuKWiOBeqO8JbrOYulUHFDzWbid6_pYZLHiWVzrk/edit#gid=0
season_003,Liga 1,24,person_art_n_gaming,Art'n'Gaming,0.0000,,1000,42,https://docs.google.com/spreadsheets/d/15MPuuKWiOBeqO8JbrOYulUHFDzWbid6_pYZLHiWVzrk/edit#gid=0
season_003,Liga 1,24,person_bene,Bene,0.0000,,1000,42,https://docs.google.com/spreadsheets/d/15MPuuKWiOBeqO8JbrOYulUHFDzWbid6_pYZLHiWVzrk/edit#gid=0
season_003,Liga 1,24,person_captaincrinch,CaptainCrinch,0.0000,,1000,42,https://docs.google.com/spreadsheets/d/15MPuuKWiOBeqO8JbrOYulUHFDzWbid6_pYZLHiWVzrk/edit#gid=0
season_003,Liga 1,24,person_fanmadeletsplay,FanmadeLetsPlay,0.0000,,1000,42,https://docs.google.com/spreadsheets/d/15MPuuKWiOBeqO8JbrOYulUHFDzWbid6_pYZLHiWVzrk/edit#gid=0
season_003,Liga 1,24,person_lauris,Lauris,0.0000,,1000,42,https://docs.google.com/spreadsheets/d/15MPuuKWiOBeqO8JbrOYulUHFDzWbid6_pYZLHiWVzrk/edit#gid=0
season_003,Liga 1,24,person_lucariolp,LucarioLP,0.0000,,1000,42,https://docs.google.com/spreadsheets/d/15MPuuKWiOBeqO8JbrOYulUHFDzWbid6_pYZLHiWVzrk/edit#gid=0
season_003,Liga 1,24,person_minetube,Minetube,0.0000,,1000,42,https://docs.google.com/spreadsheets/d/15MPuuKWiOBeqO8JbrOYulUHFDzWbid6_pYZLHiWVzrk/edit#gid=0
season_003,Liga 1,24,person_oktopaul,Oktopaul,0.0000,,1000,42,https://docs.google.com/spreadsheets/d/15MPuuKWiOBeqO8JbrOYulUHFDzWbid6_pYZLHiWVzrk/edit#gid=0
season_003,Liga 1,24,person_parsifani,Parsifani,0.0000,,1000,42,https://docs.google.com/spreadsheets/d/15MPuuKWiOBeqO8JbrOYulUHFDzWbid6_pYZLHiWVzrk/edit#gid=0
season_003,Liga 1,24,person_pokebazi,PokeBazi,0.0000,,1000,42,https://docs.google.com/spreadsheets/d/15MPuuKWiOBeqO8JbrOYulUHFDzWbid6_pYZLHiWVzrk/edit#gid=0
season_003,Liga 1,24,person_present,PresentLP,1.0000,,1000,42,https://docs.google.com/spreadsheets/d/15MPuuKWiOBeqO8JbrOYulUHFDzWbid6_pYZLHiWVzrk/edit#gid=0
season_003,Liga 1,24,person_raizor,Raizor,0.0000,,1000,42,https://docs.google.com/spreadsheets/d/15MPuuKWiOBeqO8JbrOYulUHFDzWbid6_pYZLHiWVzrk/edit#gid=0
season_003,Liga 1,24,person_regibang,RegiBang,0.0000,,1000,42,https://docs.google.com/spreadsheets/d/15MPuuKWiOBeqO8JbrOYulUHFDzWbid6_pYZLHiWVzrk/edit#gid=0
season_003,Liga 1,24,person_shiro,Shiro,0.0000,,1000,42,https://docs.google.com/spreadsheets/d/15MPuuKWiOBeqO8JbrOYulUHFDzWbid6_pYZLHiWVzrk/edit#gid=0
season_003,Liga 1,24,person_surskittv,SurskitTV,0.0000,,1000,42,https://docs.google.com/spreadsheets/d/15MPuuKWiOBeqO8JbrOYulUHFDzWbid6_pYZLHiWVzrk/edit#gid=0
season_003,Liga 1,25,person_art_n_gaming,Art'n'Gaming,0.0000,,1000,42,https://docs.google.com/spreadsheets/d/15MPuuKWiOBeqO8JbrOYulUHFDzWbid6_pYZLHiWVzrk/edit#gid=0
season_003,Liga 1,25,person_bene,Bene,0.0000,,1000,42,https://docs.google.com/spreadsheets/d/15MPuuKWiOBeqO8JbrOYulUHFDzWbid6_pYZLHiWVzrk/edit#gid=0
season_003,Liga 1,25,person_captaincrinch,CaptainCrinch,0.0000,,1000,42,https://docs.google.com/spreadsheets/d/15MPuuKWiOBeqO8JbrOYulUHFDzWbid6_pYZLHiWVzrk/edit#gid=0
season_003,Liga 1,25,person_fanmadeletsplay,FanmadeLetsPlay,0.0000,,1000,42,https://docs.google.com/spreadsheets/d/15MPuuKWiOBeqO8JbrOYulUHFDzWbid6_pYZLHiWVzrk/edit#gid=0
season_003,Liga 1,25,person_lauris,Lauris,0.0000,,1000,42,https://docs.google.com/spreadsheets/d/15MPuuKWiOBeqO8JbrOYulUHFDzWbid6_pYZLHiWVzrk/edit#gid=0
season_003,Liga 1,25,person_lucariolp,LucarioLP,0.0000,,1000,42,https://docs.google.com/spreadsheets/d/15MPuuKWiOBeqO8JbrOYulUHFDzWbid6_pYZLHiWVzrk/edit#gid=0
season_003,Liga 1,25,person_minetube,Minetube,0.0000,,1000,42,https://docs.google.com/spreadsheets/d/15MPuuKWiOBeqO8JbrOYulUHFDzWbid6_pYZLHiWVzrk/edit#gid=0
season_003,Liga 1,25,person_oktopaul,Oktopaul,0.0000,,1000,42,https://docs.google.com/spreadsheets/d/15MPuuKWiOBeqO8JbrOYulUHFDzWbid6_pYZLHiWVzrk/edit#gid=0
season_003,Liga 1,25,person_parsifani,Parsifani,0.0000,,1000,42,https://docs.google.com/spreadsheets/d/15MPuuKWiOBeqO8JbrOYulUHFDzWbid6_pYZLHiWVzrk/edit#gid=0
season_003,Liga 1,25,person_pokebazi,PokeBazi,0.0000,,1000,42,https://docs.google.com/spreadsheets/d/15MPuuKWiOBeqO8JbrOYulUHFDzWbid6_pYZLHiWVzrk/edit#gid=0
season_003,Liga 1,25,person_present,PresentLP,1.0000,,1000,42,https://docs.google.com/spreadsheets/d/15MPuuKWiOBeqO8JbrOYulUHFDzWbid6_pYZLHiWVzrk/edit#gid=0
season_003,Liga 1,25,person_raizor,Raizor,0.0000,,1000,42,https://docs.google.com/spreadsheets/d/15MPuuKWiOBeqO8JbrOYulUHFDzWbid6_pYZLHiWVzrk/edit#gid=0
season_003,Liga 1,25,person_regibang,RegiBang,0.0000,,1000,42,https://docs.google.com/spreadsheets/d/15MPuuKWiOBeqO8JbrOYulUHFDzWbid6_pYZLHiWVzrk/edit#gid=0
season_003,Liga 1,25,person_shiro,Shiro,0.0000,,1000,42,https://docs.google.com/spreadsheets/d/15MPuuKWiOBeqO8JbrOYulUHFDzWbid6_pYZLHiWVzrk/edit#gid=0
season_003,Liga 1,25,person_surskittv,SurskitTV,0.0000,,1000,42,https://docs.google.com/spreadsheets/d/15MPuuKWiOBeqO8JbrOYulUHFDzWbid6_pYZLHiWVzrk/edit#gid=0
season_003,Liga 1,26,person_art_n_gaming,Art'n'Gaming,0.0000,,1000,42,https://docs.google.com/spreadsheets/d/15MPuuKWiOBeqO8JbrOYulUHFDzWbid6_pYZLHiWVzrk/edit#gid=0
season_003,Liga 1,26,person_bene,Bene,0.0000,,1000,42,https://docs.google.com/spreadsheets/d/15MPuuKWiOBeqO8JbrOYulUHFDzWbid6_pYZLHiWVzrk/edit#gid=0
season_003,Liga 1,26,person_captaincrinch,CaptainCrinch,0.0000,,1000,42,https://docs.google.com/spreadsheets/d/15MPuuKWiOBeqO8JbrOYulUHFDzWbid6_pYZLHiWVzrk/edit#gid=0
season_003,Liga 1,26,person_fanmadeletsplay,FanmadeLetsPlay,0.0000,,1000,42,https://docs.google.com/spreadsheets/d/15MPuuKWiOBeqO8JbrOYulUHFDzWbid6_pYZLHiWVzrk/edit#gid=0
season_003,Liga 1,26,person_lauris,Lauris,0.0000,,1000,42,https://docs.google.com/spreadsheets/d/15MPuuKWiOBeqO8JbrOYulUHFDzWbid6_pYZLHiWVzrk/edit#gid=0
season_003,Liga 1,26,person_lucariolp,LucarioLP,0.0000,,1000,42,https://docs.google.com/spreadsheets/d/15MPuuKWiOBeqO8JbrOYulUHFDzWbid6_pYZLHiWVzrk/edit#gid=0
season_003,Liga 1,26,person_minetube,Minetube,0.0000,,1000,42,https://docs.google.com/spreadsheets/d/15MPuuKWiOBeqO8JbrOYulUHFDzWbid6_pYZLHiWVzrk/edit#gid=0
season_003,Liga 1,26,person_oktopaul,Oktopaul,0.0000,,1000,42,https://docs.google.com/spreadsheets/d/15MPuuKWiOBeqO8JbrOYulUHFDzWbid6_pYZLHiWVzrk/edit#gid=0
season_003,Liga 1,26,person_parsifani,Parsifani,0.0000,,1000,42,https://docs.google.com/spreadsheets/d/15MPuuKWiOBeqO8JbrOYulUHFDzWbid6_pYZLHiWVzrk/edit#gid=0
season_003,Liga 1,26,person_pokebazi,PokeBazi,0.0000,,1000,42,https://docs.google.com/spreadsheets/d/15MPuuKWiOBeqO8JbrOYulUHFDzWbid6_pYZLHiWVzrk/edit#gid=0
season_003,Liga 1,26,person_present,PresentLP,1.0000,,1000,42,https://docs.google.com/spreadsheets/d/15MPuuKWiOBeqO8JbrOYulUHFDzWbid6_pYZLHiWVzrk/edit#gid=0
season_003,Liga 1,26,person_raizor,Raizor,0.0000,,1000,42,https://docs.google.com/spreadsheets/d/15MPuuKWiOBeqO8JbrOYulUHFDzWbid6_pYZLHiWVzrk/edit#gid=0
season_003,Liga 1,26,person_regibang,RegiBang,0.0000,,1000,42,https://docs.google.com/spreadsheets/d/15MPuuKWiOBeqO8JbrOYulUHFDzWbid6_pYZLHiWVzrk/edit#gid=0
season_003,Liga 1,26,person_shiro,Shiro,0.0000,,1000,42,https://docs.google.com/spreadsheets/d/15MPuuKWiOBeqO8JbrOYulUHFDzWbid6_pYZLHiWVzrk/edit#gid=0
season_003,Liga 1,26,person_surskittv,SurskitTV,0.0000,,1000,42,https://docs.google.com/spreadsheets/d/15MPuuKWiOBeqO8JbrOYulUHFDzWbid6_pYZLHiWVzrk/edit#gid=0
season_003,Liga 2,1,person_blacklink,BlackLink,0.0000,,1000,42,https://docs.google.com/spreadsheets/d/16r_khFZJxguj1o1wSrDQO4vlJhSDhIdN8AbUJQbnDq0/edit#gid=0
season_003,Liga 2,1,person_bravebird,BraveBird,0.0810,,1000,42,https://docs.google.com/spreadsheets/d/16r_khFZJxguj1o1wSrDQO4vlJhSDhIdN8AbUJQbnDq0/edit#gid=0
season_003,Liga 2,1,person_burakio,Burakio,0.0080,,1000,42,https://docs.google.com/spreadsheets/d/16r_khFZJxguj1o1wSrDQO4vlJhSDhIdN8AbUJQbnDq0/edit#gid=0
season_003,Liga 2,1,person_crowdcontroller,CrowdController,0.0010,,1000,42,https://docs.google.com/spreadsheets/d/16r_khFZJxguj1o1wSrDQO4vlJhSDhIdN8AbUJQbnDq0/edit#gid=0
season_003,Liga 2,1,person_diaswordplay,DiaSwordPlay,0.0030,,1000,42,https://docs.google.com/spreadsheets/d/16r_khFZJxguj1o1wSrDQO4vlJhSDhIdN8AbUJQbnDq0/edit#gid=0
season_003,Liga 2,1,person_fnupa,Cabgolord,0.0000,,1000,42,https://docs.google.com/spreadsheets/d/16r_khFZJxguj1o1wSrDQO4vlJhSDhIdN8AbUJQbnDq0/edit#gid=0
season_003,Liga 2,1,person_killuasan,KilluaSan,0.0000,,1000,42,https://docs.google.com/spreadsheets/d/16r_khFZJxguj1o1wSrDQO4vlJhSDhIdN8AbUJQbnDq0/edit#gid=0
season_003,Liga 2,1,person_lauris,Lauris,0.0000,,1000,42,https://docs.google.com/spreadsheets/d/16r_khFZJxguj1o1wSrDQO4vlJhSDhIdN8AbUJQbnDq0/edit#gid=0
season_003,Liga 2,1,person_leinux,Leinux,0.3810,,1000,42,https://docs.google.com/spreadsheets/d/16r_khFZJxguj1o1wSrDQO4vlJhSDhIdN8AbUJQbnDq0/edit#gid=0
season_003,Liga 2,1,person_letskayze,LetsKayze,0.0850,,1000,42,https://docs.google.com/spreadsheets/d/16r_khFZJxguj1o1wSrDQO4vlJhSDhIdN8AbUJQbnDq0/edit#gid=0
season_003,Liga 2,1,person_lightgaming,LightGaming,0.2160,,1000,42,https://docs.google.com/spreadsheets/d/16r_khFZJxguj1o1wSrDQO4vlJhSDhIdN8AbUJQbnDq0/edit#gid=0
season_003,Liga 2,1,person_melevies,MeLevies,0.0650,,1000,42,https://docs.google.com/spreadsheets/d/16r_khFZJxguj1o1wSrDQO4vlJhSDhIdN8AbUJQbnDq0/edit#gid=0
season_003,Liga 2,1,person_pokebree,PokéBree,0.0860,,1000,42,https://docs.google.com/spreadsheets/d/16r_khFZJxguj1o1wSrDQO4vlJhSDhIdN8AbUJQbnDq0/edit#gid=0
season_003,Liga 2,1,person_pokeknight,PokéKnight,0.0000,,1000,42,https://docs.google.com/spreadsheets/d/16r_khFZJxguj1o1wSrDQO4vlJhSDhIdN8AbUJQbnDq0/edit#gid=0
season_003,Liga 2,1,person_professor_n,Professor N,0.0000,,1000,42,https://docs.google.com/spreadsheets/d/16r_khFZJxguj1o1wSrDQO4vlJhSDhIdN8AbUJQbnDq0/edit#gid=0
season_003,Liga 2,1,person_pyromanix,Pyromanix,0.0000,,1000,42,https://docs.google.com/spreadsheets/d/16r_khFZJxguj1o1wSrDQO4vlJhSDhIdN8AbUJQbnDq0/edit#gid=0
season_003,Liga 2,1,person_scarlet,Scarlet,0.0000,,1000,42,https://docs.google.com/spreadsheets/d/16r_khFZJxguj1o1wSrDQO4vlJhSDhIdN8AbUJQbnDq0/edit#gid=0
season_003,Liga 2,1,person_shiro,Shiro,0.0000,,1000,42,https://docs.google.com/spreadsheets/d/16r_khFZJxguj1o1wSrDQO4vlJhSDhIdN8AbUJQbnDq0/edit#gid=0
season_003,Liga 2,1,person_shizumania,Shizumania,0.0000,,1000,42,https://docs.google.com/spreadsheets/d/16r_khFZJxguj1o1wSrDQO4vlJhSDhIdN8AbUJQbnDq0/edit#gid=0
season_003,Liga 2,1,person_themiifii,TheMiiFii,0.0740,,1000,42,https://docs.google.com/spreadsheets/d/16r_khFZJxguj1o1wSrDQO4vlJhSDhIdN8AbUJQbnDq0/edit#gid=0
season_003,Liga 2,1,person_wolvx,WolvX,0.0000,,1000,42,https://docs.google.com/spreadsheets/d/16r_khFZJxguj1o1wSrDQO4vlJhSDhIdN8AbUJQbnDq0/edit#gid=0
season_003,Liga 2,2,person_blacklink,BlackLink,0.0000,,1000,42,https://docs.google.com/spreadsheets/d/16r_khFZJxguj1o1wSrDQO4vlJhSDhIdN8AbUJQbnDq0/edit#gid=0
season_003,Liga 2,2,person_bravebird,BraveBird,0.0540,,1000,42,https://docs.google.com/spreadsheets/d/16r_khFZJxguj1o1wSrDQO4vlJhSDhIdN8AbUJQbnDq0/edit#gid=0
season_003,Liga 2,2,person_burakio,Burakio,0.0100,,1000,42,https://docs.google.com/spreadsheets/d/16r_khFZJxguj1o1wSrDQO4vlJhSDhIdN8AbUJQbnDq0/edit#gid=0
season_003,Liga 2,2,person_crowdcontroller,CrowdController,0.0000,,1000,42,https://docs.google.com/spreadsheets/d/16r_khFZJxguj1o1wSrDQO4vlJhSDhIdN8AbUJQbnDq0/edit#gid=0
season_003,Liga 2,2,person_diaswordplay,DiaSwordPlay,0.0000,,1000,42,https://docs.google.com/spreadsheets/d/16r_khFZJxguj1o1wSrDQO4vlJhSDhIdN8AbUJQbnDq0/edit#gid=0
season_003,Liga 2,2,person_fnupa,Cabgolord,0.0000,,1000,42,https://docs.google.com/spreadsheets/d/16r_khFZJxguj1o1wSrDQO4vlJhSDhIdN8AbUJQbnDq0/edit#gid=0
season_003,Liga 2,2,person_killuasan,KilluaSan,0.0000,,1000,42,https://docs.google.com/spreadsheets/d/16r_khFZJxguj1o1wSrDQO4vlJhSDhIdN8AbUJQbnDq0/edit#gid=0
season_003,Liga 2,2,person_lauris,Lauris,0.0000,,1000,42,https://docs.google.com/spreadsheets/d/16r_khFZJxguj1o1wSrDQO4vlJhSDhIdN8AbUJQbnDq0/edit#gid=0
season_003,Liga 2,2,person_leinux,Leinux,0.2060,,1000,42,https://docs.google.com/spreadsheets/d/16r_khFZJxguj1o1wSrDQO4vlJhSDhIdN8AbUJQbnDq0/edit#gid=0
season_003,Liga 2,2,person_letskayze,LetsKayze,0.2310,,1000,42,https://docs.google.com/spreadsheets/d/16r_khFZJxguj1o1wSrDQO4vlJhSDhIdN8AbUJQbnDq0/edit#gid=0
season_003,Liga 2,2,person_lightgaming,LightGaming,0.1180,,1000,42,https://docs.google.com/spreadsheets/d/16r_khFZJxguj1o1wSrDQO4vlJhSDhIdN8AbUJQbnDq0/edit#gid=0
season_003,Liga 2,2,person_melevies,MeLevies,0.0320,,1000,42,https://docs.google.com/spreadsheets/d/16r_khFZJxguj1o1wSrDQO4vlJhSDhIdN8AbUJQbnDq0/edit#gid=0
season_003,Liga 2,2,person_pokebree,PokéBree,0.1990,,1000,42,https://docs.google.com/spreadsheets/d/16r_khFZJxguj1o1wSrDQO4vlJhSDhIdN8AbUJQbnDq0/edit#gid=0
season_003,Liga 2,2,person_pokeknight,PokéKnight,0.0000,,1000,42,https://docs.google.com/spreadsheets/d/16r_khFZJxguj1o1wSrDQO4vlJhSDhIdN8AbUJQbnDq0/edit#gid=0
season_003,Liga 2,2,person_professor_n,Professor N,0.0000,,1000,42,https://docs.google.com/spreadsheets/d/16r_khFZJxguj1o1wSrDQO4vlJhSDhIdN8AbUJQbnDq0/edit#gid=0
season_003,Liga 2,2,person_pyromanix,Pyromanix,0.0000,,1000,42,https://docs.google.com/spreadsheets/d/16r_khFZJxguj1o1wSrDQO4vlJhSDhIdN8AbUJQbnDq0/edit#gid=0
season_003,Liga 2,2,person_scarlet,Scarlet,0.0000,,1000,42,https://docs.google.com/spreadsheets/d/16r_khFZJxguj1o1wSrDQO4vlJhSDhIdN8AbUJQbnDq0/edit#gid=0
season_003,Liga 2,2,person_shiro,Shiro,0.0000,,1000,42,https://docs.google.com/spreadsheets/d/16r_khFZJxguj1o1wSrDQO4vlJhSDhIdN8AbUJQbnDq0/edit#gid=0
season_003,Liga 2,2,person_shizumania,Shizumania,0.0000,,1000,42,https://docs.google.com/spreadsheets/d/16r_khFZJxguj1o1wSrDQO4vlJhSDhIdN8AbUJQbnDq0/edit#gid=0
season_003,Liga 2,2,person_themiifii,TheMiiFii,0.1500,,1000,42,https://docs.google.com/spreadsheets/d/16r_khFZJxguj1o1wSrDQO4vlJhSDhIdN8AbUJQbnDq0/edit#gid=0
season_003,Liga 2,2,person_wolvx,WolvX,0.0000,,1000,42,https://docs.google.com/spreadsheets/d/16r_khFZJxguj1o1wSrDQO4vlJhSDhIdN8AbUJQbnDq0/edit#gid=0
season_003,Liga 2,3,person_blacklink,BlackLink,0.0000,,1000,42,https://docs.google.com/spreadsheets/d/16r_khFZJxguj1o1wSrDQO4vlJhSDhIdN8AbUJQbnDq0/edit#gid=0
season_003,Liga 2,3,person_bravebird,BraveBird,0.0140,,1000,42,https://docs.google.com/spreadsheets/d/16r_khFZJxguj1o1wSrDQO4vlJhSDhIdN8AbUJQbnDq0/edit#gid=0
season_003,Liga 2,3,person_burakio,Burakio,0.0080,,1000,42,https://docs.google.com/spreadsheets/d/16r_khFZJxguj1o1wSrDQO4vlJhSDhIdN8AbUJQbnDq0/edit#gid=0
season_003,Liga 2,3,person_crowdcontroller,CrowdController,0.0000,,1000,42,https://docs.google.com/spreadsheets/d/16r_khFZJxguj1o1wSrDQO4vlJhSDhIdN8AbUJQbnDq0/edit#gid=0
season_003,Liga 2,3,person_diaswordplay,DiaSwordPlay,0.0000,,1000,42,https://docs.google.com/spreadsheets/d/16r_khFZJxguj1o1wSrDQO4vlJhSDhIdN8AbUJQbnDq0/edit#gid=0
season_003,Liga 2,3,person_fnupa,Cabgolord,0.0010,,1000,42,https://docs.google.com/spreadsheets/d/16r_khFZJxguj1o1wSrDQO4vlJhSDhIdN8AbUJQbnDq0/edit#gid=0
season_003,Liga 2,3,person_killuasan,KilluaSan,0.0000,,1000,42,https://docs.google.com/spreadsheets/d/16r_khFZJxguj1o1wSrDQO4vlJhSDhIdN8AbUJQbnDq0/edit#gid=0
season_003,Liga 2,3,person_lauris,Lauris,0.0000,,1000,42,https://docs.google.com/spreadsheets/d/16r_khFZJxguj1o1wSrDQO4vlJhSDhIdN8AbUJQbnDq0/edit#gid=0
season_003,Liga 2,3,person_leinux,Leinux,0.2930,,1000,42,https://docs.google.com/spreadsheets/d/16r_khFZJxguj1o1wSrDQO4vlJhSDhIdN8AbUJQbnDq0/edit#gid=0
season_003,Liga 2,3,person_letskayze,LetsKayze,0.0440,,1000,42,https://docs.google.com/spreadsheets/d/16r_khFZJxguj1o1wSrDQO4vlJhSDhIdN8AbUJQbnDq0/edit#gid=0
season_003,Liga 2,3,person_lightgaming,LightGaming,0.2780,,1000,42,https://docs.google.com/spreadsheets/d/16r_khFZJxguj1o1wSrDQO4vlJhSDhIdN8AbUJQbnDq0/edit#gid=0
season_003,Liga 2,3,person_melevies,MeLevies,0.0110,,1000,42,https://docs.google.com/spreadsheets/d/16r_khFZJxguj1o1wSrDQO4vlJhSDhIdN8AbUJQbnDq0/edit#gid=0
season_003,Liga 2,3,person_pokebree,PokéBree,0.3140,,1000,42,https://docs.google.com/spreadsheets/d/16r_khFZJxguj1o1wSrDQO4vlJhSDhIdN8AbUJQbnDq0/edit#gid=0
season_003,Liga 2,3,person_pokeknight,PokéKnight,0.0000,,1000,42,https://docs.google.com/spreadsheets/d/16r_khFZJxguj1o1wSrDQO4vlJhSDhIdN8AbUJQbnDq0/edit#gid=0
season_003,Liga 2,3,person_professor_n,Professor N,0.0000,,1000,42,https://docs.google.com/spreadsheets/d/16r_khFZJxguj1o1wSrDQO4vlJhSDhIdN8AbUJQbnDq0/edit#gid=0
season_003,Liga 2,3,person_pyromanix,Pyromanix,0.0000,,1000,42,https://docs.google.com/spreadsheets/d/16r_khFZJxguj1o1wSrDQO4vlJhSDhIdN8AbUJQbnDq0/edit#gid=0
season_003,Liga 2,3,person_scarlet,Scarlet,0.0000,,1000,42,https://docs.google.com/spreadsheets/d/16r_khFZJxguj1o1wSrDQO4vlJhSDhIdN8AbUJQbnDq0/edit#gid=0
season_003,Liga 2,3,person_shiro,Shiro,0.0000,,1000,42,https://docs.google.com/spreadsheets/d/16r_khFZJxguj1o1wSrDQO4vlJhSDhIdN8AbUJQbnDq0/edit#gid=0
season_003,Liga 2,3,person_shizumania,Shizumania,0.0000,,1000,42,https://docs.google.com/spreadsheets/d/16r_khFZJxguj1o1wSrDQO4vlJhSDhIdN8AbUJQbnDq0/edit#gid=0
season_003,Liga 2,3,person_themiifii,TheMiiFii,0.0370,,1000,42,https://docs.google.com/spreadsheets/d/16r_khFZJxguj1o1wSrDQO4vlJhSDhIdN8AbUJQbnDq0/edit#gid=0
season_003,Liga 2,3,person_wolvx,WolvX,0.0000,,1000,42,https://docs.google.com/spreadsheets/d/16r_khFZJxguj1o1wSrDQO4vlJhSDhIdN8AbUJQbnDq0/edit#gid=0
season_003,Liga 2,4,person_blacklink,BlackLink,0.0000,,1000,42,https://docs.google.com/spreadsheets/d/16r_khFZJxguj1o1wSrDQO4vlJhSDhIdN8AbUJQbnDq0/edit#gid=0
season_003,Liga 2,4,person_bravebird,BraveBird,0.0080,,1000,42,https://docs.google.com/spreadsheets/d/16r_khFZJxguj1o1wSrDQO4vlJhSDhIdN8AbUJQbnDq0/edit#gid=0
season_003,Liga 2,4,person_burakio,Burakio,0.0120,,1000,42,https://docs.google.com/spreadsheets/d/16r_khFZJxguj1o1wSrDQO4vlJhSDhIdN8AbUJQbnDq0/edit#gid=0
season_003,Liga 2,4,person_crowdcontroller,CrowdController,0.0000,,1000,42,https://docs.google.com/spreadsheets/d/16r_khFZJxguj1o1wSrDQO4vlJhSDhIdN8AbUJQbnDq0/edit#gid=0
season_003,Liga 2,4,person_diaswordplay,DiaSwordPlay,0.0010,,1000,42,https://docs.google.com/spreadsheets/d/16r_khFZJxguj1o1wSrDQO4vlJhSDhIdN8AbUJQbnDq0/edit#gid=0
season_003,Liga 2,4,person_fnupa,Cabgolord,0.0020,,1000,42,https://docs.google.com/spreadsheets/d/16r_khFZJxguj1o1wSrDQO4vlJhSDhIdN8AbUJQbnDq0/edit#gid=0
season_003,Liga 2,4,person_killuasan,KilluaSan,0.0000,,1000,42,https://docs.google.com/spreadsheets/d/16r_khFZJxguj1o1wSrDQO4vlJhSDhIdN8AbUJQbnDq0/edit#gid=0
season_003,Liga 2,4,person_lauris,Lauris,0.0000,,1000,42,https://docs.google.com/spreadsheets/d/16r_khFZJxguj1o1wSrDQO4vlJhSDhIdN8AbUJQbnDq0/edit#gid=0
season_003,Liga 2,4,person_leinux,Leinux,0.1660,,1000,42,https://docs.google.com/spreadsheets/d/16r_khFZJxguj1o1wSrDQO4vlJhSDhIdN8AbUJQbnDq0/edit#gid=0
season_003,Liga 2,4,person_letskayze,LetsKayze,0.0200,,1000,42,https://docs.google.com/spreadsheets/d/16r_khFZJxguj1o1wSrDQO4vlJhSDhIdN8AbUJQbnDq0/edit#gid=0
season_003,Liga 2,4,person_lightgaming,LightGaming,0.4740,,1000,42,https://docs.google.com/spreadsheets/d/16r_khFZJxguj1o1wSrDQO4vlJhSDhIdN8AbUJQbnDq0/edit#gid=0
season_003,Liga 2,4,person_melevies,MeLevies,0.0330,,1000,42,https://docs.google.com/spreadsheets/d/16r_khFZJxguj1o1wSrDQO4vlJhSDhIdN8AbUJQbnDq0/edit#gid=0
season_003,Liga 2,4,person_pokebree,PokéBree,0.2580,,1000,42,https://docs.google.com/spreadsheets/d/16r_khFZJxguj1o1wSrDQO4vlJhSDhIdN8AbUJQbnDq0/edit#gid=0
season_003,Liga 2,4,person_pokeknight,PokéKnight,0.0000,,1000,42,https://docs.google.com/spreadsheets/d/16r_khFZJxguj1o1wSrDQO4vlJhSDhIdN8AbUJQbnDq0/edit#gid=0
season_003,Liga 2,4,person_professor_n,Professor N,0.0000,,1000,42,https://docs.google.com/spreadsheets/d/16r_khFZJxguj1o1wSrDQO4vlJhSDhIdN8AbUJQbnDq0/edit#gid=0
season_003,Liga 2,4,person_pyromanix,Pyromanix,0.0000,,1000,42,https://docs.google.com/spreadsheets/d/16r_khFZJxguj1o1wSrDQO4vlJhSDhIdN8AbUJQbnDq0/edit#gid=0
season_003,Liga 2,4,person_scarlet,Scarlet,0.0000,,1000,42,https://docs.google.com/spreadsheets/d/16r_khFZJxguj1o1wSrDQO4vlJhSDhIdN8AbUJQbnDq0/edit#gid=0
season_003,Liga 2,4,person_shiro,Shiro,0.0000,,1000,42,https://docs.google.com/spreadsheets/d/16r_khFZJxguj1o1wSrDQO4vlJhSDhIdN8AbUJQbnDq0/edit#gid=0
season_003,Liga 2,4,person_shizumania,Shizumania,0.0000,,1000,42,https://docs.google.com/spreadsheets/d/16r_khFZJxguj1o1wSrDQO4vlJhSDhIdN8AbUJQbnDq0/edit#gid=0
season_003,Liga 2,4,person_themiifii,TheMiiFii,0.0260,,1000,42,https://docs.google.com/spreadsheets/d/16r_khFZJxguj1o1wSrDQO4vlJhSDhIdN8AbUJQbnDq0/edit#gid=0
season_003,Liga 2,4,person_wolvx,WolvX,0.0000,,1000,42,https://docs.google.com/spreadsheets/d/16r_khFZJxguj1o1wSrDQO4vlJhSDhIdN8AbUJQbnDq0/edit#gid=0
season_003,Liga 2,5,person_blacklink,BlackLink,0.0000,,1000,42,https://docs.google.com/spreadsheets/d/16r_khFZJxguj1o1wSrDQO4vlJhSDhIdN8AbUJQbnDq0/edit#gid=0
season_003,Liga 2,5,person_bravebird,BraveBird,0.0210,,1000,42,https://docs.google.com/spreadsheets/d/16r_khFZJxguj1o1wSrDQO4vlJhSDhIdN8AbUJQbnDq0/edit#gid=0
season_003,Liga 2,5,person_burakio,Burakio,0.0160,,1000,42,https://docs.google.com/spreadsheets/d/16r_khFZJxguj1o1wSrDQO4vlJhSDhIdN8AbUJQbnDq0/edit#gid=0
season_003,Liga 2,5,person_crowdcontroller,CrowdController,0.0000,,1000,42,https://docs.google.com/spreadsheets/d/16r_khFZJxguj1o1wSrDQO4vlJhSDhIdN8AbUJQbnDq0/edit#gid=0
season_003,Liga 2,5,person_diaswordplay,DiaSwordPlay,0.0010,,1000,42,https://docs.google.com/spreadsheets/d/16r_khFZJxguj1o1wSrDQO4vlJhSDhIdN8AbUJQbnDq0/edit#gid=0
season_003,Liga 2,5,person_fnupa,Cabgolord,0.0170,,1000,42,https://docs.google.com/spreadsheets/d/16r_khFZJxguj1o1wSrDQO4vlJhSDhIdN8AbUJQbnDq0/edit#gid=0
season_003,Liga 2,5,person_killuasan,KilluaSan,0.0000,,1000,42,https://docs.google.com/spreadsheets/d/16r_khFZJxguj1o1wSrDQO4vlJhSDhIdN8AbUJQbnDq0/edit#gid=0
season_003,Liga 2,5,person_lauris,Lauris,0.0000,,1000,42,https://docs.google.com/spreadsheets/d/16r_khFZJxguj1o1wSrDQO4vlJhSDhIdN8AbUJQbnDq0/edit#gid=0
season_003,Liga 2,5,person_leinux,Leinux,0.3820,,1000,42,https://docs.google.com/spreadsheets/d/16r_khFZJxguj1o1wSrDQO4vlJhSDhIdN8AbUJQbnDq0/edit#gid=0
season_003,Liga 2,5,person_letskayze,LetsKayze,0.0100,,1000,42,https://docs.google.com/spreadsheets/d/16r_khFZJxguj1o1wSrDQO4vlJhSDhIdN8AbUJQbnDq0/edit#gid=0
season_003,Liga 2,5,person_lightgaming,LightGaming,0.3410,,1000,42,https://docs.google.com/spreadsheets/d/16r_khFZJxguj1o1wSrDQO4vlJhSDhIdN8AbUJQbnDq0/edit#gid=0
season_003,Liga 2,5,person_melevies,MeLevies,0.0120,,1000,42,https://docs.google.com/spreadsheets/d/16r_khFZJxguj1o1wSrDQO4vlJhSDhIdN8AbUJQbnDq0/edit#gid=0
season_003,Liga 2,5,person_pokebree,PokéBree,0.1210,,1000,42,https://docs.google.com/spreadsheets/d/16r_khFZJxguj1o1wSrDQO4vlJhSDhIdN8AbUJQbnDq0/edit#gid=0
season_003,Liga 2,5,person_pokeknight,PokéKnight,0.0000,,1000,42,https://docs.google.com/spreadsheets/d/16r_khFZJxguj1o1wSrDQO4vlJhSDhIdN8AbUJQbnDq0/edit#gid=0
season_003,Liga 2,5,person_professor_n,Professor N,0.0000,,1000,42,https://docs.google.com/spreadsheets/d/16r_khFZJxguj1o1wSrDQO4vlJhSDhIdN8AbUJQbnDq0/edit#gid=0
season_003,Liga 2,5,person_pyromanix,Pyromanix,0.0000,,1000,42,https://docs.google.com/spreadsheets/d/16r_khFZJxguj1o1wSrDQO4vlJhSDhIdN8AbUJQbnDq0/edit#gid=0
season_003,Liga 2,5,person_scarlet,Scarlet,0.0000,,1000,42,https://docs.google.com/spreadsheets/d/16r_khFZJxguj1o1wSrDQO4vlJhSDhIdN8AbUJQbnDq0/edit#gid=0
season_003,Liga 2,5,person_shiro,Shiro,0.0000,,1000,42,https://docs.google.com/spreadsheets/d/16r_khFZJxguj1o1wSrDQO4vlJhSDhIdN8AbUJQbnDq0/edit#gid=0
season_003,Liga 2,5,person_shizumania,Shizumania,0.0000,,1000,42,https://docs.google.com/spreadsheets/d/16r_khFZJxguj1o1wSrDQO4vlJhSDhIdN8AbUJQbnDq0/edit#gid=0
season_003,Liga 2,5,person_themiifii,TheMiiFii,0.0790,,1000,42,https://docs.google.com/spreadsheets/d/16r_khFZJxguj1o1wSrDQO4vlJhSDhIdN8AbUJQbnDq0/edit#gid=0
season_003,Liga 2,5,person_wolvx,WolvX,0.0000,,1000,42,https://docs.google.com/spreadsheets/d/16r_khFZJxguj1o1wSrDQO4vlJhSDhIdN8AbUJQbnDq0/edit#gid=0
season_003,Liga 2,6,person_blacklink,BlackLink,0.0000,,1000,42,https://docs.google.com/spreadsheets/d/16r_khFZJxguj1o1wSrDQO4vlJhSDhIdN8AbUJQbnDq0/edit#gid=0
season_003,Liga 2,6,person_bravebird,BraveBird,0.0090,,1000,42,https://docs.google.com/spreadsheets/d/16r_khFZJxguj1o1wSrDQO4vlJhSDhIdN8AbUJQbnDq0/edit#gid=0
season_003,Liga 2,6,person_burakio,Burakio,0.0070,,1000,42,https://docs.google.com/spreadsheets/d/16r_khFZJxguj1o1wSrDQO4vlJhSDhIdN8AbUJQbnDq0/edit#gid=0
season_003,Liga 2,6,person_crowdcontroller,CrowdController,0.0000,,1000,42,https://docs.google.com/spreadsheets/d/16r_khFZJxguj1o1wSrDQO4vlJhSDhIdN8AbUJQbnDq0/edit#gid=0
season_003,Liga 2,6,person_diaswordplay,DiaSwordPlay,0.0010,,1000,42,https://docs.google.com/spreadsheets/d/16r_khFZJxguj1o1wSrDQO4vlJhSDhIdN8AbUJQbnDq0/edit#gid=0
season_003,Liga 2,6,person_fnupa,Cabgolord,0.0020,,1000,42,https://docs.google.com/spreadsheets/d/16r_khFZJxguj1o1wSrDQO4vlJhSDhIdN8AbUJQbnDq0/edit#gid=0
season_003,Liga 2,6,person_killuasan,KilluaSan,0.0000,,1000,42,https://docs.google.com/spreadsheets/d/16r_khFZJxguj1o1wSrDQO4vlJhSDhIdN8AbUJQbnDq0/edit#gid=0
season_003,Liga 2,6,person_lauris,Lauris,0.0000,,1000,42,https://docs.google.com/spreadsheets/d/16r_khFZJxguj1o1wSrDQO4vlJhSDhIdN8AbUJQbnDq0/edit#gid=0
season_003,Liga 2,6,person_leinux,Leinux,0.5250,,1000,42,https://docs.google.com/spreadsheets/d/16r_khFZJxguj1o1wSrDQO4vlJhSDhIdN8AbUJQbnDq0/edit#gid=0
season_003,Liga 2,6,person_letskayze,LetsKayze,0.0080,,1000,42,https://docs.google.com/spreadsheets/d/16r_khFZJxguj1o1wSrDQO4vlJhSDhIdN8AbUJQbnDq0/edit#gid=0
season_003,Liga 2,6,person_lightgaming,LightGaming,0.3180,,1000,42,https://docs.google.com/spreadsheets/d/16r_khFZJxguj1o1wSrDQO4vlJhSDhIdN8AbUJQbnDq0/edit#gid=0
season_003,Liga 2,6,person_melevies,MeLevies,0.0020,,1000,42,https://docs.google.com/spreadsheets/d/16r_khFZJxguj1o1wSrDQO4vlJhSDhIdN8AbUJQbnDq0/edit#gid=0
season_003,Liga 2,6,person_pokebree,PokéBree,0.0220,,1000,42,https://docs.google.com/spreadsheets/d/16r_khFZJxguj1o1wSrDQO4vlJhSDhIdN8AbUJQbnDq0/edit#gid=0
season_003,Liga 2,6,person_pokeknight,PokéKnight,0.0000,,1000,42,https://docs.google.com/spreadsheets/d/16r_khFZJxguj1o1wSrDQO4vlJhSDhIdN8AbUJQbnDq0/edit#gid=0
season_003,Liga 2,6,person_professor_n,Professor N,0.0000,,1000,42,https://docs.google.com/spreadsheets/d/16r_khFZJxguj1o1wSrDQO4vlJhSDhIdN8AbUJQbnDq0/edit#gid=0
season_003,Liga 2,6,person_pyromanix,Pyromanix,0.0000,,1000,42,https://docs.google.com/spreadsheets/d/16r_khFZJxguj1o1wSrDQO4vlJhSDhIdN8AbUJQbnDq0/edit#gid=0
season_003,Liga 2,6,person_scarlet,Scarlet,0.0000,,1000,42,https://docs.google.com/spreadsheets/d/16r_khFZJxguj1o1wSrDQO4vlJhSDhIdN8AbUJQbnDq0/edit#gid=0
season_003,Liga 2,6,person_shiro,Shiro,0.0000,,1000,42,https://docs.google.com/spreadsheets/d/16r_khFZJxguj1o1wSrDQO4vlJhSDhIdN8AbUJQbnDq0/edit#gid=0
season_003,Liga 2,6,person_shizumania,Shizumania,0.0000,,1000,42,https://docs.google.com/spreadsheets/d/16r_khFZJxguj1o1wSrDQO4vlJhSDhIdN8AbUJQbnDq0/edit#gid=0
season_003,Liga 2,6,person_themiifii,TheMiiFii,0.1060,,1000,42,https://docs.google.com/spreadsheets/d/16r_khFZJxguj1o1wSrDQO4vlJhSDhIdN8AbUJQbnDq0/edit#gid=0
season_003,Liga 2,6,person_wolvx,WolvX,0.0000,,1000,42,https://docs.google.com/spreadsheets/d/16r_khFZJxguj1o1wSrDQO4vlJhSDhIdN8AbUJQbnDq0/edit#gid=0
season_003,Liga 2,7,person_blacklink,BlackLink,0.0000,,1000,42,https://docs.google.com/spreadsheets/d/16r_khFZJxguj1o1wSrDQO4vlJhSDhIdN8AbUJQbnDq0/edit#gid=0
season_003,Liga 2,7,person_bravebird,BraveBird,0.0140,,1000,42,https://docs.google.com/spreadsheets/d/16r_khFZJxguj1o1wSrDQO4vlJhSDhIdN8AbUJQbnDq0/edit#gid=0
season_003,Liga 2,7,person_burakio,Burakio,0.0020,,1000,42,https://docs.google.com/spreadsheets/d/16r_khFZJxguj1o1wSrDQO4vlJhSDhIdN8AbUJQbnDq0/edit#gid=0
season_003,Liga 2,7,person_crowdcontroller,CrowdController,0.0000,,1000,42,https://docs.google.com/spreadsheets/d/16r_khFZJxguj1o1wSrDQO4vlJhSDhIdN8AbUJQbnDq0/edit#gid=0
season_003,Liga 2,7,person_diaswordplay,DiaSwordPlay,0.0000,,1000,42,https://docs.google.com/spreadsheets/d/16r_khFZJxguj1o1wSrDQO4vlJhSDhIdN8AbUJQbnDq0/edit#gid=0
season_003,Liga 2,7,person_fnupa,Cabgolord,0.0160,,1000,42,https://docs.google.com/spreadsheets/d/16r_khFZJxguj1o1wSrDQO4vlJhSDhIdN8AbUJQbnDq0/edit#gid=0
season_003,Liga 2,7,person_killuasan,KilluaSan,0.0000,,1000,42,https://docs.google.com/spreadsheets/d/16r_khFZJxguj1o1wSrDQO4vlJhSDhIdN8AbUJQbnDq0/edit#gid=0
season_003,Liga 2,7,person_lauris,Lauris,0.0000,,1000,42,https://docs.google.com/spreadsheets/d/16r_khFZJxguj1o1wSrDQO4vlJhSDhIdN8AbUJQbnDq0/edit#gid=0
season_003,Liga 2,7,person_leinux,Leinux,0.1790,,1000,42,https://docs.google.com/spreadsheets/d/16r_khFZJxguj1o1wSrDQO4vlJhSDhIdN8AbUJQbnDq0/edit#gid=0
season_003,Liga 2,7,person_letskayze,LetsKayze,0.0010,,1000,42,https://docs.google.com/spreadsheets/d/16r_khFZJxguj1o1wSrDQO4vlJhSDhIdN8AbUJQbnDq0/edit#gid=0
season_003,Liga 2,7,person_lightgaming,LightGaming,0.5830,,1000,42,https://docs.google.com/spreadsheets/d/16r_khFZJxguj1o1wSrDQO4vlJhSDhIdN8AbUJQbnDq0/edit#gid=0
season_003,Liga 2,7,person_melevies,MeLevies,0.0040,,1000,42,https://docs.google.com/spreadsheets/d/16r_khFZJxguj1o1wSrDQO4vlJhSDhIdN8AbUJQbnDq0/edit#gid=0
season_003,Liga 2,7,person_pokebree,PokéBree,0.0090,,1000,42,https://docs.google.com/spreadsheets/d/16r_khFZJxguj1o1wSrDQO4vlJhSDhIdN8AbUJQbnDq0/edit#gid=0
season_003,Liga 2,7,person_pokeknight,PokéKnight,0.0000,,1000,42,https://docs.google.com/spreadsheets/d/16r_khFZJxguj1o1wSrDQO4vlJhSDhIdN8AbUJQbnDq0/edit#gid=0
season_003,Liga 2,7,person_professor_n,Professor N,0.0000,,1000,42,https://docs.google.com/spreadsheets/d/16r_khFZJxguj1o1wSrDQO4vlJhSDhIdN8AbUJQbnDq0/edit#gid=0
season_003,Liga 2,7,person_pyromanix,Pyromanix,0.0000,,1000,42,https://docs.google.com/spreadsheets/d/16r_khFZJxguj1o1wSrDQO4vlJhSDhIdN8AbUJQbnDq0/edit#gid=0
season_003,Liga 2,7,person_scarlet,Scarlet,0.0000,,1000,42,https://docs.google.com/spreadsheets/d/16r_khFZJxguj1o1wSrDQO4vlJhSDhIdN8AbUJQbnDq0/edit#gid=0
season_003,Liga 2,7,person_shiro,Shiro,0.0000,,1000,42,https://docs.google.com/spreadsheets/d/16r_khFZJxguj1o1wSrDQO4vlJhSDhIdN8AbUJQbnDq0/edit#gid=0
season_003,Liga 2,7,person_shizumania,Shizumania,0.0000,,1000,42,https://docs.google.com/spreadsheets/d/16r_khFZJxguj1o1wSrDQO4vlJhSDhIdN8AbUJQbnDq0/edit#gid=0
season_003,Liga 2,7,person_themiifii,TheMiiFii,0.1920,,1000,42,https://docs.google.com/spreadsheets/d/16r_khFZJxguj1o1wSrDQO4vlJhSDhIdN8AbUJQbnDq0/edit#gid=0
season_003,Liga 2,7,person_wolvx,WolvX,0.0000,,1000,42,https://docs.google.com/spreadsheets/d/16r_khFZJxguj1o1wSrDQO4vlJhSDhIdN8AbUJQbnDq0/edit#gid=0
season_003,Liga 2,8,person_blacklink,BlackLink,0.0000,,1000,42,https://docs.google.com/spreadsheets/d/16r_khFZJxguj1o1wSrDQO4vlJhSDhIdN8AbUJQbnDq0/edit#gid=0
season_003,Liga 2,8,person_bravebird,BraveBird,0.0030,,1000,42,https://docs.google.com/spreadsheets/d/16r_khFZJxguj1o1wSrDQO4vlJhSDhIdN8AbUJQbnDq0/edit#gid=0
season_003,Liga 2,8,person_burakio,Burakio,0.0000,,1000,42,https://docs.google.com/spreadsheets/d/16r_khFZJxguj1o1wSrDQO4vlJhSDhIdN8AbUJQbnDq0/edit#gid=0
season_003,Liga 2,8,person_crowdcontroller,CrowdController,0.0000,,1000,42,https://docs.google.com/spreadsheets/d/16r_khFZJxguj1o1wSrDQO4vlJhSDhIdN8AbUJQbnDq0/edit#gid=0
season_003,Liga 2,8,person_diaswordplay,DiaSwordPlay,0.0000,,1000,42,https://docs.google.com/spreadsheets/d/16r_khFZJxguj1o1wSrDQO4vlJhSDhIdN8AbUJQbnDq0/edit#gid=0
season_003,Liga 2,8,person_fnupa,Cabgolord,0.0240,,1000,42,https://docs.google.com/spreadsheets/d/16r_khFZJxguj1o1wSrDQO4vlJhSDhIdN8AbUJQbnDq0/edit#gid=0
season_003,Liga 2,8,person_killuasan,KilluaSan,0.0000,,1000,42,https://docs.google.com/spreadsheets/d/16r_khFZJxguj1o1wSrDQO4vlJhSDhIdN8AbUJQbnDq0/edit#gid=0
season_003,Liga 2,8,person_lauris,Lauris,0.0000,,1000,42,https://docs.google.com/spreadsheets/d/16r_khFZJxguj1o1wSrDQO4vlJhSDhIdN8AbUJQbnDq0/edit#gid=0
season_003,Liga 2,8,person_leinux,Leinux,0.0580,,1000,42,https://docs.google.com/spreadsheets/d/16r_khFZJxguj1o1wSrDQO4vlJhSDhIdN8AbUJQbnDq0/edit#gid=0
season_003,Liga 2,8,person_letskayze,LetsKayze,0.0000,,1000,42,https://docs.google.com/spreadsheets/d/16r_khFZJxguj1o1wSrDQO4vlJhSDhIdN8AbUJQbnDq0/edit#gid=0
season_003,Liga 2,8,person_lightgaming,LightGaming,0.5850,,1000,42,https://docs.google.com/spreadsheets/d/16r_khFZJxguj1o1wSrDQO4vlJhSDhIdN8AbUJQbnDq0/edit#gid=0
season_003,Liga 2,8,person_melevies,MeLevies,0.0020,,1000,42,https://docs.google.com/spreadsheets/d/16r_khFZJxguj1o1wSrDQO4vlJhSDhIdN8AbUJQbnDq0/edit#gid=0
season_003,Liga 2,8,person_pokebree,PokéBree,0.0010,,1000,42,https://docs.google.com/spreadsheets/d/16r_khFZJxguj1o1wSrDQO4vlJhSDhIdN8AbUJQbnDq0/edit#gid=0
season_003,Liga 2,8,person_pokeknight,PokéKnight,0.0000,,1000,42,https://docs.google.com/spreadsheets/d/16r_khFZJxguj1o1wSrDQO4vlJhSDhIdN8AbUJQbnDq0/edit#gid=0
season_003,Liga 2,8,person_professor_n,Professor N,0.0000,,1000,42,https://docs.google.com/spreadsheets/d/16r_khFZJxguj1o1wSrDQO4vlJhSDhIdN8AbUJQbnDq0/edit#gid=0
season_003,Liga 2,8,person_pyromanix,Pyromanix,0.0000,,1000,42,https://docs.google.com/spreadsheets/d/16r_khFZJxguj1o1wSrDQO4vlJhSDhIdN8AbUJQbnDq0/edit#gid=0
season_003,Liga 2,8,person_scarlet,Scarlet,0.0000,,1000,42,https://docs.google.com/spreadsheets/d/16r_khFZJxguj1o1wSrDQO4vlJhSDhIdN8AbUJQbnDq0/edit#gid=0
season_003,Liga 2,8,person_shiro,Shiro,0.0000,,1000,42,https://docs.google.com/spreadsheets/d/16r_khFZJxguj1o1wSrDQO4vlJhSDhIdN8AbUJQbnDq0/edit#gid=0
season_003,Liga 2,8,person_shizumania,Shizumania,0.0000,,1000,42,https://docs.google.com/spreadsheets/d/16r_khFZJxguj1o1wSrDQO4vlJhSDhIdN8AbUJQbnDq0/edit#gid=0
season_003,Liga 2,8,person_themiifii,TheMiiFii,0.3270,,1000,42,https://docs.google.com/spreadsheets/d/16r_khFZJxguj1o1wSrDQO4vlJhSDhIdN8AbUJQbnDq0/edit#gid=0
season_003,Liga 2,8,person_wolvx,WolvX,0.0000,,1000,42,https://docs.google.com/spreadsheets/d/16r_khFZJxguj1o1wSrDQO4vlJhSDhIdN8AbUJQbnDq0/edit#gid=0
season_003,Liga 2,9,person_blacklink,BlackLink,0.0000,,1000,42,https://docs.google.com/spreadsheets/d/16r_khFZJxguj1o1wSrDQO4vlJhSDhIdN8AbUJQbnDq0/edit#gid=0
season_003,Liga 2,9,person_bravebird,BraveBird,0.0010,,1000,42,https://docs.google.com/spreadsheets/d/16r_khFZJxguj1o1wSrDQO4vlJhSDhIdN8AbUJQbnDq0/edit#gid=0
season_003,Liga 2,9,person_burakio,Burakio,0.0000,,1000,42,https://docs.google.com/spreadsheets/d/16r_khFZJxguj1o1wSrDQO4vlJhSDhIdN8AbUJQbnDq0/edit#gid=0
season_003,Liga 2,9,person_crowdcontroller,CrowdController,0.0000,,1000,42,https://docs.google.com/spreadsheets/d/16r_khFZJxguj1o1wSrDQO4vlJhSDhIdN8AbUJQbnDq0/edit#gid=0
season_003,Liga 2,9,person_diaswordplay,DiaSwordPlay,0.0000,,1000,42,https://docs.google.com/spreadsheets/d/16r_khFZJxguj1o1wSrDQO4vlJhSDhIdN8AbUJQbnDq0/edit#gid=0
season_003,Liga 2,9,person_fnupa,Cabgolord,0.0380,,1000,42,https://docs.google.com/spreadsheets/d/16r_khFZJxguj1o1wSrDQO4vlJhSDhIdN8AbUJQbnDq0/edit#gid=0
season_003,Liga 2,9,person_killuasan,KilluaSan,0.0000,,1000,42,https://docs.google.com/spreadsheets/d/16r_khFZJxguj1o1wSrDQO4vlJhSDhIdN8AbUJQbnDq0/edit#gid=0
season_003,Liga 2,9,person_lauris,Lauris,0.0000,,1000,42,https://docs.google.com/spreadsheets/d/16r_khFZJxguj1o1wSrDQO4vlJhSDhIdN8AbUJQbnDq0/edit#gid=0
season_003,Liga 2,9,person_leinux,Leinux,0.0640,,1000,42,https://docs.google.com/spreadsheets/d/16r_khFZJxguj1o1wSrDQO4vlJhSDhIdN8AbUJQbnDq0/edit#gid=0
season_003,Liga 2,9,person_letskayze,LetsKayze,0.0000,,1000,42,https://docs.google.com/spreadsheets/d/16r_khFZJxguj1o1wSrDQO4vlJhSDhIdN8AbUJQbnDq0/edit#gid=0
season_003,Liga 2,9,person_lightgaming,LightGaming,0.7980,,1000,42,https://docs.google.com/spreadsheets/d/16r_khFZJxguj1o1wSrDQO4vlJhSDhIdN8AbUJQbnDq0/edit#gid=0
season_003,Liga 2,9,person_melevies,MeLevies,0.0020,,1000,42,https://docs.google.com/spreadsheets/d/16r_khFZJxguj1o1wSrDQO4vlJhSDhIdN8AbUJQbnDq0/edit#gid=0
season_003,Liga 2,9,person_pokebree,PokéBree,0.0010,,1000,42,https://docs.google.com/spreadsheets/d/16r_khFZJxguj1o1wSrDQO4vlJhSDhIdN8AbUJQbnDq0/edit#gid=0
season_003,Liga 2,9,person_pokeknight,PokéKnight,0.0000,,1000,42,https://docs.google.com/spreadsheets/d/16r_khFZJxguj1o1wSrDQO4vlJhSDhIdN8AbUJQbnDq0/edit#gid=0
season_003,Liga 2,9,person_professor_n,Professor N,0.0000,,1000,42,https://docs.google.com/spreadsheets/d/16r_khFZJxguj1o1wSrDQO4vlJhSDhIdN8AbUJQbnDq0/edit#gid=0
season_003,Liga 2,9,person_pyromanix,Pyromanix,0.0000,,1000,42,https://docs.google.com/spreadsheets/d/16r_khFZJxguj1o1wSrDQO4vlJhSDhIdN8AbUJQbnDq0/edit#gid=0
season_003,Liga 2,9,person_scarlet,Scarlet,0.0000,,1000,42,https://docs.google.com/spreadsheets/d/16r_khFZJxguj1o1wSrDQO4vlJhSDhIdN8AbUJQbnDq0/edit#gid=0
season_003,Liga 2,9,person_shiro,Shiro,0.0000,,1000,42,https://docs.google.com/spreadsheets/d/16r_khFZJxguj1o1wSrDQO4vlJhSDhIdN8AbUJQbnDq0/edit#gid=0
season_003,Liga 2,9,person_shizumania,Shizumania,0.0000,,1000,42,https://docs.google.com/spreadsheets/d/16r_khFZJxguj1o1wSrDQO4vlJhSDhIdN8AbUJQbnDq0/edit#gid=0
season_003,Liga 2,9,person_themiifii,TheMiiFii,0.0960,,1000,42,https://docs.google.com/spreadsheets/d/16r_khFZJxguj1o1wSrDQO4vlJhSDhIdN8AbUJQbnDq0/edit#gid=0
season_003,Liga 2,9,person_wolvx,WolvX,0.0000,,1000,42,https://docs.google.com/spreadsheets/d/16r_khFZJxguj1o1wSrDQO4vlJhSDhIdN8AbUJQbnDq0/edit#gid=0
season_003,Liga 2,10,person_blacklink,BlackLink,0.0000,,1000,42,https://docs.google.com/spreadsheets/d/16r_khFZJxguj1o1wSrDQO4vlJhSDhIdN8AbUJQbnDq0/edit#gid=0
season_003,Liga 2,10,person_bravebird,BraveBird,0.0010,,1000,42,https://docs.google.com/spreadsheets/d/16r_khFZJxguj1o1wSrDQO4vlJhSDhIdN8AbUJQbnDq0/edit#gid=0
season_003,Liga 2,10,person_burakio,Burakio,0.0000,,1000,42,https://docs.google.com/spreadsheets/d/16r_khFZJxguj1o1wSrDQO4vlJhSDhIdN8AbUJQbnDq0/edit#gid=0
season_003,Liga 2,10,person_crowdcontroller,CrowdController,0.0000,,1000,42,https://docs.google.com/spreadsheets/d/16r_khFZJxguj1o1wSrDQO4vlJhSDhIdN8AbUJQbnDq0/edit#gid=0
season_003,Liga 2,10,person_diaswordplay,DiaSwordPlay,0.0000,,1000,42,https://docs.google.com/spreadsheets/d/16r_khFZJxguj1o1wSrDQO4vlJhSDhIdN8AbUJQbnDq0/edit#gid=0
season_003,Liga 2,10,person_fnupa,Cabgolord,0.0870,,1000,42,https://docs.google.com/spreadsheets/d/16r_khFZJxguj1o1wSrDQO4vlJhSDhIdN8AbUJQbnDq0/edit#gid=0
season_003,Liga 2,10,person_killuasan,KilluaSan,0.0000,,1000,42,https://docs.google.com/spreadsheets/d/16r_khFZJxguj1o1wSrDQO4vlJhSDhIdN8AbUJQbnDq0/edit#gid=0
season_003,Liga 2,10,person_lauris,Lauris,0.0000,,1000,42,https://docs.google.com/spreadsheets/d/16r_khFZJxguj1o1wSrDQO4vlJhSDhIdN8AbUJQbnDq0/edit#gid=0
season_003,Liga 2,10,person_leinux,Leinux,0.0270,,1000,42,https://docs.google.com/spreadsheets/d/16r_khFZJxguj1o1wSrDQO4vlJhSDhIdN8AbUJQbnDq0/edit#gid=0
season_003,Liga 2,10,person_letskayze,LetsKayze,0.0000,,1000,42,https://docs.google.com/spreadsheets/d/16r_khFZJxguj1o1wSrDQO4vlJhSDhIdN8AbUJQbnDq0/edit#gid=0
season_003,Liga 2,10,person_lightgaming,LightGaming,0.8430,,1000,42,https://docs.google.com/spreadsheets/d/16r_khFZJxguj1o1wSrDQO4vlJhSDhIdN8AbUJQbnDq0/edit#gid=0
season_003,Liga 2,10,person_melevies,MeLevies,0.0050,,1000,42,https://docs.google.com/spreadsheets/d/16r_khFZJxguj1o1wSrDQO4vlJhSDhIdN8AbUJQbnDq0/edit#gid=0
season_003,Liga 2,10,person_pokebree,PokéBree,0.0000,,1000,42,https://docs.google.com/spreadsheets/d/16r_khFZJxguj1o1wSrDQO4vlJhSDhIdN8AbUJQbnDq0/edit#gid=0
season_003,Liga 2,10,person_pokeknight,PokéKnight,0.0000,,1000,42,https://docs.google.com/spreadsheets/d/16r_khFZJxguj1o1wSrDQO4vlJhSDhIdN8AbUJQbnDq0/edit#gid=0
season_003,Liga 2,10,person_professor_n,Professor N,0.0000,,1000,42,https://docs.google.com/spreadsheets/d/16r_khFZJxguj1o1wSrDQO4vlJhSDhIdN8AbUJQbnDq0/edit#gid=0
season_003,Liga 2,10,person_pyromanix,Pyromanix,0.0000,,1000,42,https://docs.google.com/spreadsheets/d/16r_khFZJxguj1o1wSrDQO4vlJhSDhIdN8AbUJQbnDq0/edit#gid=0
season_003,Liga 2,10,person_scarlet,Scarlet,0.0000,,1000,42,https://docs.google.com/spreadsheets/d/16r_khFZJxguj1o1wSrDQO4vlJhSDhIdN8AbUJQbnDq0/edit#gid=0
season_003,Liga 2,10,person_shiro,Shiro,0.0000,,1000,42,https://docs.google.com/spreadsheets/d/16r_khFZJxguj1o1wSrDQO4vlJhSDhIdN8AbUJQbnDq0/edit#gid=0
season_003,Liga 2,10,person_shizumania,Shizumania,0.0000,,1000,42,https://docs.google.com/spreadsheets/d/16r_khFZJxguj1o1wSrDQO4vlJhSDhIdN8AbUJQbnDq0/edit#gid=0
season_003,Liga 2,10,person_themiifii,TheMiiFii,0.0370,,1000,42,https://docs.google.com/spreadsheets/d/16r_khFZJxguj1o1wSrDQO4vlJhSDhIdN8AbUJQbnDq0/edit#gid=0
season_003,Liga 2,10,person_wolvx,WolvX,0.0000,,1000,42,https://docs.google.com/spreadsheets/d/16r_khFZJxguj1o1wSrDQO4vlJhSDhIdN8AbUJQbnDq0/edit#gid=0
season_003,Liga 2,11,person_blacklink,BlackLink,0.0000,,1000,42,https://docs.google.com/spreadsheets/d/16r_khFZJxguj1o1wSrDQO4vlJhSDhIdN8AbUJQbnDq0/edit#gid=0
season_003,Liga 2,11,person_bravebird,BraveBird,0.0000,,1000,42,https://docs.google.com/spreadsheets/d/16r_khFZJxguj1o1wSrDQO4vlJhSDhIdN8AbUJQbnDq0/edit#gid=0
season_003,Liga 2,11,person_burakio,Burakio,0.0000,,1000,42,https://docs.google.com/spreadsheets/d/16r_khFZJxguj1o1wSrDQO4vlJhSDhIdN8AbUJQbnDq0/edit#gid=0
season_003,Liga 2,11,person_crowdcontroller,CrowdController,0.0000,,1000,42,https://docs.google.com/spreadsheets/d/16r_khFZJxguj1o1wSrDQO4vlJhSDhIdN8AbUJQbnDq0/edit#gid=0
season_003,Liga 2,11,person_diaswordplay,DiaSwordPlay,0.0000,,1000,42,https://docs.google.com/spreadsheets/d/16r_khFZJxguj1o1wSrDQO4vlJhSDhIdN8AbUJQbnDq0/edit#gid=0
season_003,Liga 2,11,person_fnupa,Cabgolord,0.0130,,1000,42,https://docs.google.com/spreadsheets/d/16r_khFZJxguj1o1wSrDQO4vlJhSDhIdN8AbUJQbnDq0/edit#gid=0
season_003,Liga 2,11,person_killuasan,KilluaSan,0.0000,,1000,42,https://docs.google.com/spreadsheets/d/16r_khFZJxguj1o1wSrDQO4vlJhSDhIdN8AbUJQbnDq0/edit#gid=0
season_003,Liga 2,11,person_lauris,Lauris,0.0000,,1000,42,https://docs.google.com/spreadsheets/d/16r_khFZJxguj1o1wSrDQO4vlJhSDhIdN8AbUJQbnDq0/edit#gid=0
season_003,Liga 2,11,person_leinux,Leinux,0.0290,,1000,42,https://docs.google.com/spreadsheets/d/16r_khFZJxguj1o1wSrDQO4vlJhSDhIdN8AbUJQbnDq0/edit#gid=0
season_003,Liga 2,11,person_letskayze,LetsKayze,0.0000,,1000,42,https://docs.google.com/spreadsheets/d/16r_khFZJxguj1o1wSrDQO4vlJhSDhIdN8AbUJQbnDq0/edit#gid=0
season_003,Liga 2,11,person_lightgaming,LightGaming,0.9490,,1000,42,https://docs.google.com/spreadsheets/d/16r_khFZJxguj1o1wSrDQO4vlJhSDhIdN8AbUJQbnDq0/edit#gid=0
season_003,Liga 2,11,person_melevies,MeLevies,0.0040,,1000,42,https://docs.google.com/spreadsheets/d/16r_khFZJxguj1o1wSrDQO4vlJhSDhIdN8AbUJQbnDq0/edit#gid=0
season_003,Liga 2,11,person_pokebree,PokéBree,0.0000,,1000,42,https://docs.google.com/spreadsheets/d/16r_khFZJxguj1o1wSrDQO4vlJhSDhIdN8AbUJQbnDq0/edit#gid=0
season_003,Liga 2,11,person_pokeknight,PokéKnight,0.0000,,1000,42,https://docs.google.com/spreadsheets/d/16r_khFZJxguj1o1wSrDQO4vlJhSDhIdN8AbUJQbnDq0/edit#gid=0
season_003,Liga 2,11,person_professor_n,Professor N,0.0000,,1000,42,https://docs.google.com/spreadsheets/d/16r_khFZJxguj1o1wSrDQO4vlJhSDhIdN8AbUJQbnDq0/edit#gid=0
season_003,Liga 2,11,person_pyromanix,Pyromanix,0.0000,,1000,42,https://docs.google.com/spreadsheets/d/16r_khFZJxguj1o1wSrDQO4vlJhSDhIdN8AbUJQbnDq0/edit#gid=0
season_003,Liga 2,11,person_scarlet,Scarlet,0.0000,,1000,42,https://docs.google.com/spreadsheets/d/16r_khFZJxguj1o1wSrDQO4vlJhSDhIdN8AbUJQbnDq0/edit#gid=0
season_003,Liga 2,11,person_shiro,Shiro,0.0000,,1000,42,https://docs.google.com/spreadsheets/d/16r_khFZJxguj1o1wSrDQO4vlJhSDhIdN8AbUJQbnDq0/edit#gid=0
season_003,Liga 2,11,person_shizumania,Shizumania,0.0000,,1000,42,https://docs.google.com/spreadsheets/d/16r_khFZJxguj1o1wSrDQO4vlJhSDhIdN8AbUJQbnDq0/edit#gid=0
season_003,Liga 2,11,person_themiifii,TheMiiFii,0.0050,,1000,42,https://docs.google.com/spreadsheets/d/16r_khFZJxguj1o1wSrDQO4vlJhSDhIdN8AbUJQbnDq0/edit#gid=0
season_003,Liga 2,11,person_wolvx,WolvX,0.0000,,1000,42,https://docs.google.com/spreadsheets/d/16r_khFZJxguj1o1wSrDQO4vlJhSDhIdN8AbUJQbnDq0/edit#gid=0
season_003,Liga 2,12,person_blacklink,BlackLink,0.0000,,1000,42,https://docs.google.com/spreadsheets/d/16r_khFZJxguj1o1wSrDQO4vlJhSDhIdN8AbUJQbnDq0/edit#gid=0
season_003,Liga 2,12,person_bravebird,BraveBird,0.0000,,1000,42,https://docs.google.com/spreadsheets/d/16r_khFZJxguj1o1wSrDQO4vlJhSDhIdN8AbUJQbnDq0/edit#gid=0
season_003,Liga 2,12,person_burakio,Burakio,0.0000,,1000,42,https://docs.google.com/spreadsheets/d/16r_khFZJxguj1o1wSrDQO4vlJhSDhIdN8AbUJQbnDq0/edit#gid=0
season_003,Liga 2,12,person_crowdcontroller,CrowdController,0.0000,,1000,42,https://docs.google.com/spreadsheets/d/16r_khFZJxguj1o1wSrDQO4vlJhSDhIdN8AbUJQbnDq0/edit#gid=0
season_003,Liga 2,12,person_diaswordplay,DiaSwordPlay,0.0000,,1000,42,https://docs.google.com/spreadsheets/d/16r_khFZJxguj1o1wSrDQO4vlJhSDhIdN8AbUJQbnDq0/edit#gid=0
season_003,Liga 2,12,person_fnupa,Cabgolord,0.0720,,1000,42,https://docs.google.com/spreadsheets/d/16r_khFZJxguj1o1wSrDQO4vlJhSDhIdN8AbUJQbnDq0/edit#gid=0
season_003,Liga 2,12,person_killuasan,KilluaSan,0.0000,,1000,42,https://docs.google.com/spreadsheets/d/16r_khFZJxguj1o1wSrDQO4vlJhSDhIdN8AbUJQbnDq0/edit#gid=0
season_003,Liga 2,12,person_lauris,Lauris,0.0000,,1000,42,https://docs.google.com/spreadsheets/d/16r_khFZJxguj1o1wSrDQO4vlJhSDhIdN8AbUJQbnDq0/edit#gid=0
season_003,Liga 2,12,person_leinux,Leinux,0.0240,,1000,42,https://docs.google.com/spreadsheets/d/16r_khFZJxguj1o1wSrDQO4vlJhSDhIdN8AbUJQbnDq0/edit#gid=0
season_003,Liga 2,12,person_letskayze,LetsKayze,0.0000,,1000,42,https://docs.google.com/spreadsheets/d/16r_khFZJxguj1o1wSrDQO4vlJhSDhIdN8AbUJQbnDq0/edit#gid=0
season_003,Liga 2,12,person_lightgaming,LightGaming,0.8890,,1000,42,https://docs.google.com/spreadsheets/d/16r_khFZJxguj1o1wSrDQO4vlJhSDhIdN8AbUJQbnDq0/edit#gid=0
season_003,Liga 2,12,person_melevies,MeLevies,0.0100,,1000,42,https://docs.google.com/spreadsheets/d/16r_khFZJxguj1o1wSrDQO4vlJhSDhIdN8AbUJQbnDq0/edit#gid=0
season_003,Liga 2,12,person_pokebree,PokéBree,0.0000,,1000,42,https://docs.google.com/spreadsheets/d/16r_khFZJxguj1o1wSrDQO4vlJhSDhIdN8AbUJQbnDq0/edit#gid=0
season_003,Liga 2,12,person_pokeknight,PokéKnight,0.0000,,1000,42,https://docs.google.com/spreadsheets/d/16r_khFZJxguj1o1wSrDQO4vlJhSDhIdN8AbUJQbnDq0/edit#gid=0
season_003,Liga 2,12,person_professor_n,Professor N,0.0000,,1000,42,https://docs.google.com/spreadsheets/d/16r_khFZJxguj1o1wSrDQO4vlJhSDhIdN8AbUJQbnDq0/edit#gid=0
season_003,Liga 2,12,person_pyromanix,Pyromanix,0.0000,,1000,42,https://docs.google.com/spreadsheets/d/16r_khFZJxguj1o1wSrDQO4vlJhSDhIdN8AbUJQbnDq0/edit#gid=0
season_003,Liga 2,12,person_scarlet,Scarlet,0.0000,,1000,42,https://docs.google.com/spreadsheets/d/16r_khFZJxguj1o1wSrDQO4vlJhSDhIdN8AbUJQbnDq0/edit#gid=0
season_003,Liga 2,12,person_shiro,Shiro,0.0000,,1000,42,https://docs.google.com/spreadsheets/d/16r_khFZJxguj1o1wSrDQO4vlJhSDhIdN8AbUJQbnDq0/edit#gid=0
season_003,Liga 2,12,person_shizumania,Shizumania,0.0000,,1000,42,https://docs.google.com/spreadsheets/d/16r_khFZJxguj1o1wSrDQO4vlJhSDhIdN8AbUJQbnDq0/edit#gid=0
season_003,Liga 2,12,person_themiifii,TheMiiFii,0.0050,,1000,42,https://docs.google.com/spreadsheets/d/16r_khFZJxguj1o1wSrDQO4vlJhSDhIdN8AbUJQbnDq0/edit#gid=0
season_003,Liga 2,12,person_wolvx,WolvX,0.0000,,1000,42,https://docs.google.com/spreadsheets/d/16r_khFZJxguj1o1wSrDQO4vlJhSDhIdN8AbUJQbnDq0/edit#gid=0
season_003,Liga 2,13,person_blacklink,BlackLink,0.0000,,1000,42,https://docs.google.com/spreadsheets/d/16r_khFZJxguj1o1wSrDQO4vlJhSDhIdN8AbUJQbnDq0/edit#gid=0
season_003,Liga 2,13,person_bravebird,BraveBird,0.0020,,1000,42,https://docs.google.com/spreadsheets/d/16r_khFZJxguj1o1wSrDQO4vlJhSDhIdN8AbUJQbnDq0/edit#gid=0
season_003,Liga 2,13,person_burakio,Burakio,0.0000,,1000,42,https://docs.google.com/spreadsheets/d/16r_khFZJxguj1o1wSrDQO4vlJhSDhIdN8AbUJQbnDq0/edit#gid=0
season_003,Liga 2,13,person_crowdcontroller,CrowdController,0.0000,,1000,42,https://docs.google.com/spreadsheets/d/16r_khFZJxguj1o1wSrDQO4vlJhSDhIdN8AbUJQbnDq0/edit#gid=0
season_003,Liga 2,13,person_diaswordplay,DiaSwordPlay,0.0000,,1000,42,https://docs.google.com/spreadsheets/d/16r_khFZJxguj1o1wSrDQO4vlJhSDhIdN8AbUJQbnDq0/edit#gid=0
season_003,Liga 2,13,person_fnupa,Cabgolord,0.3670,,1000,42,https://docs.google.com/spreadsheets/d/16r_khFZJxguj1o1wSrDQO4vlJhSDhIdN8AbUJQbnDq0/edit#gid=0
season_003,Liga 2,13,person_killuasan,KilluaSan,0.0000,,1000,42,https://docs.google.com/spreadsheets/d/16r_khFZJxguj1o1wSrDQO4vlJhSDhIdN8AbUJQbnDq0/edit#gid=0
season_003,Liga 2,13,person_lauris,Lauris,0.0000,,1000,42,https://docs.google.com/spreadsheets/d/16r_khFZJxguj1o1wSrDQO4vlJhSDhIdN8AbUJQbnDq0/edit#gid=0
season_003,Liga 2,13,person_leinux,Leinux,0.0130,,1000,42,https://docs.google.com/spreadsheets/d/16r_khFZJxguj1o1wSrDQO4vlJhSDhIdN8AbUJQbnDq0/edit#gid=0
season_003,Liga 2,13,person_letskayze,LetsKayze,0.0000,,1000,42,https://docs.google.com/spreadsheets/d/16r_khFZJxguj1o1wSrDQO4vlJhSDhIdN8AbUJQbnDq0/edit#gid=0
season_003,Liga 2,13,person_lightgaming,LightGaming,0.6020,,1000,42,https://docs.google.com/spreadsheets/d/16r_khFZJxguj1o1wSrDQO4vlJhSDhIdN8AbUJQbnDq0/edit#gid=0
season_003,Liga 2,13,person_melevies,MeLevies,0.0140,,1000,42,https://docs.google.com/spreadsheets/d/16r_khFZJxguj1o1wSrDQO4vlJhSDhIdN8AbUJQbnDq0/edit#gid=0
season_003,Liga 2,13,person_pokebree,PokéBree,0.0010,,1000,42,https://docs.google.com/spreadsheets/d/16r_khFZJxguj1o1wSrDQO4vlJhSDhIdN8AbUJQbnDq0/edit#gid=0
season_003,Liga 2,13,person_pokeknight,PokéKnight,0.0000,,1000,42,https://docs.google.com/spreadsheets/d/16r_khFZJxguj1o1wSrDQO4vlJhSDhIdN8AbUJQbnDq0/edit#gid=0
season_003,Liga 2,13,person_professor_n,Professor N,0.0000,,1000,42,https://docs.google.com/spreadsheets/d/16r_khFZJxguj1o1wSrDQO4vlJhSDhIdN8AbUJQbnDq0/edit#gid=0
season_003,Liga 2,13,person_pyromanix,Pyromanix,0.0000,,1000,42,https://docs.google.com/spreadsheets/d/16r_khFZJxguj1o1wSrDQO4vlJhSDhIdN8AbUJQbnDq0/edit#gid=0
season_003,Liga 2,13,person_scarlet,Scarlet,0.0000,,1000,42,https://docs.google.com/spreadsheets/d/16r_khFZJxguj1o1wSrDQO4vlJhSDhIdN8AbUJQbnDq0/edit#gid=0
season_003,Liga 2,13,person_shiro,Shiro,0.0000,,1000,42,https://docs.google.com/spreadsheets/d/16r_khFZJxguj1o1wSrDQO4vlJhSDhIdN8AbUJQbnDq0/edit#gid=0
season_003,Liga 2,13,person_shizumania,Shizumania,0.0000,,1000,42,https://docs.google.com/spreadsheets/d/16r_khFZJxguj1o1wSrDQO4vlJhSDhIdN8AbUJQbnDq0/edit#gid=0
season_003,Liga 2,13,person_themiifii,TheMiiFii,0.0010,,1000,42,https://docs.google.com/spreadsheets/d/16r_khFZJxguj1o1wSrDQO4vlJhSDhIdN8AbUJQbnDq0/edit#gid=0
season_003,Liga 2,13,person_wolvx,WolvX,0.0000,,1000,42,https://docs.google.com/spreadsheets/d/16r_khFZJxguj1o1wSrDQO4vlJhSDhIdN8AbUJQbnDq0/edit#gid=0
season_003,Liga 2,14,person_blacklink,BlackLink,0.0000,,1000,42,https://docs.google.com/spreadsheets/d/16r_khFZJxguj1o1wSrDQO4vlJhSDhIdN8AbUJQbnDq0/edit#gid=0
season_003,Liga 2,14,person_bravebird,BraveBird,0.0030,,1000,42,https://docs.google.com/spreadsheets/d/16r_khFZJxguj1o1wSrDQO4vlJhSDhIdN8AbUJQbnDq0/edit#gid=0
season_003,Liga 2,14,person_burakio,Burakio,0.0000,,1000,42,https://docs.google.com/spreadsheets/d/16r_khFZJxguj1o1wSrDQO4vlJhSDhIdN8AbUJQbnDq0/edit#gid=0
season_003,Liga 2,14,person_crowdcontroller,CrowdController,0.0000,,1000,42,https://docs.google.com/spreadsheets/d/16r_khFZJxguj1o1wSrDQO4vlJhSDhIdN8AbUJQbnDq0/edit#gid=0
season_003,Liga 2,14,person_diaswordplay,DiaSwordPlay,0.0000,,1000,42,https://docs.google.com/spreadsheets/d/16r_khFZJxguj1o1wSrDQO4vlJhSDhIdN8AbUJQbnDq0/edit#gid=0
season_003,Liga 2,14,person_fnupa,Cabgolord,0.2920,,1000,42,https://docs.google.com/spreadsheets/d/16r_khFZJxguj1o1wSrDQO4vlJhSDhIdN8AbUJQbnDq0/edit#gid=0
season_003,Liga 2,14,person_killuasan,KilluaSan,0.0000,,1000,42,https://docs.google.com/spreadsheets/d/16r_khFZJxguj1o1wSrDQO4vlJhSDhIdN8AbUJQbnDq0/edit#gid=0
season_003,Liga 2,14,person_lauris,Lauris,0.0000,,1000,42,https://docs.google.com/spreadsheets/d/16r_khFZJxguj1o1wSrDQO4vlJhSDhIdN8AbUJQbnDq0/edit#gid=0
season_003,Liga 2,14,person_leinux,Leinux,0.0390,,1000,42,https://docs.google.com/spreadsheets/d/16r_khFZJxguj1o1wSrDQO4vlJhSDhIdN8AbUJQbnDq0/edit#gid=0
season_003,Liga 2,14,person_letskayze,LetsKayze,0.0000,,1000,42,https://docs.google.com/spreadsheets/d/16r_khFZJxguj1o1wSrDQO4vlJhSDhIdN8AbUJQbnDq0/edit#gid=0
season_003,Liga 2,14,person_lightgaming,LightGaming,0.5830,,1000,42,https://docs.google.com/spreadsheets/d/16r_khFZJxguj1o1wSrDQO4vlJhSDhIdN8AbUJQbnDq0/edit#gid=0
season_003,Liga 2,14,person_melevies,MeLevies,0.0720,,1000,42,https://docs.google.com/spreadsheets/d/16r_khFZJxguj1o1wSrDQO4vlJhSDhIdN8AbUJQbnDq0/edit#gid=0
season_003,Liga 2,14,person_pokebree,PokéBree,0.0040,,1000,42,https://docs.google.com/spreadsheets/d/16r_khFZJxguj1o1wSrDQO4vlJhSDhIdN8AbUJQbnDq0/edit#gid=0
season_003,Liga 2,14,person_pokeknight,PokéKnight,0.0000,,1000,42,https://docs.google.com/spreadsheets/d/16r_khFZJxguj1o1wSrDQO4vlJhSDhIdN8AbUJQbnDq0/edit#gid=0
season_003,Liga 2,14,person_professor_n,Professor N,0.0000,,1000,42,https://docs.google.com/spreadsheets/d/16r_khFZJxguj1o1wSrDQO4vlJhSDhIdN8AbUJQbnDq0/edit#gid=0
season_003,Liga 2,14,person_pyromanix,Pyromanix,0.0000,,1000,42,https://docs.google.com/spreadsheets/d/16r_khFZJxguj1o1wSrDQO4vlJhSDhIdN8AbUJQbnDq0/edit#gid=0
season_003,Liga 2,14,person_scarlet,Scarlet,0.0000,,1000,42,https://docs.google.com/spreadsheets/d/16r_khFZJxguj1o1wSrDQO4vlJhSDhIdN8AbUJQbnDq0/edit#gid=0
season_003,Liga 2,14,person_shiro,Shiro,0.0000,,1000,42,https://docs.google.com/spreadsheets/d/16r_khFZJxguj1o1wSrDQO4vlJhSDhIdN8AbUJQbnDq0/edit#gid=0
season_003,Liga 2,14,person_shizumania,Shizumania,0.0000,,1000,42,https://docs.google.com/spreadsheets/d/16r_khFZJxguj1o1wSrDQO4vlJhSDhIdN8AbUJQbnDq0/edit#gid=0
season_003,Liga 2,14,person_themiifii,TheMiiFii,0.0070,,1000,42,https://docs.google.com/spreadsheets/d/16r_khFZJxguj1o1wSrDQO4vlJhSDhIdN8AbUJQbnDq0/edit#gid=0
season_003,Liga 2,14,person_wolvx,WolvX,0.0000,,1000,42,https://docs.google.com/spreadsheets/d/16r_khFZJxguj1o1wSrDQO4vlJhSDhIdN8AbUJQbnDq0/edit#gid=0
season_003,Liga 2,15,person_blacklink,BlackLink,0.0000,,1000,42,https://docs.google.com/spreadsheets/d/16r_khFZJxguj1o1wSrDQO4vlJhSDhIdN8AbUJQbnDq0/edit#gid=0
season_003,Liga 2,15,person_bravebird,BraveBird,0.0000,,1000,42,https://docs.google.com/spreadsheets/d/16r_khFZJxguj1o1wSrDQO4vlJhSDhIdN8AbUJQbnDq0/edit#gid=0
season_003,Liga 2,15,person_burakio,Burakio,0.0000,,1000,42,https://docs.google.com/spreadsheets/d/16r_khFZJxguj1o1wSrDQO4vlJhSDhIdN8AbUJQbnDq0/edit#gid=0
season_003,Liga 2,15,person_crowdcontroller,CrowdController,0.0000,,1000,42,https://docs.google.com/spreadsheets/d/16r_khFZJxguj1o1wSrDQO4vlJhSDhIdN8AbUJQbnDq0/edit#gid=0
season_003,Liga 2,15,person_diaswordplay,DiaSwordPlay,0.0000,,1000,42,https://docs.google.com/spreadsheets/d/16r_khFZJxguj1o1wSrDQO4vlJhSDhIdN8AbUJQbnDq0/edit#gid=0
season_003,Liga 2,15,person_fnupa,Cabgolord,0.3290,,1000,42,https://docs.google.com/spreadsheets/d/16r_khFZJxguj1o1wSrDQO4vlJhSDhIdN8AbUJQbnDq0/edit#gid=0
season_003,Liga 2,15,person_killuasan,KilluaSan,0.0000,,1000,42,https://docs.google.com/spreadsheets/d/16r_khFZJxguj1o1wSrDQO4vlJhSDhIdN8AbUJQbnDq0/edit#gid=0
season_003,Liga 2,15,person_lauris,Lauris,0.0000,,1000,42,https://docs.google.com/spreadsheets/d/16r_khFZJxguj1o1wSrDQO4vlJhSDhIdN8AbUJQbnDq0/edit#gid=0
season_003,Liga 2,15,person_leinux,Leinux,0.0450,,1000,42,https://docs.google.com/spreadsheets/d/16r_khFZJxguj1o1wSrDQO4vlJhSDhIdN8AbUJQbnDq0/edit#gid=0
season_003,Liga 2,15,person_letskayze,LetsKayze,0.0000,,1000,42,https://docs.google.com/spreadsheets/d/16r_khFZJxguj1o1wSrDQO4vlJhSDhIdN8AbUJQbnDq0/edit#gid=0
season_003,Liga 2,15,person_lightgaming,LightGaming,0.5600,,1000,42,https://docs.google.com/spreadsheets/d/16r_khFZJxguj1o1wSrDQO4vlJhSDhIdN8AbUJQbnDq0/edit#gid=0
season_003,Liga 2,15,person_melevies,MeLevies,0.0660,,1000,42,https://docs.google.com/spreadsheets/d/16r_khFZJxguj1o1wSrDQO4vlJhSDhIdN8AbUJQbnDq0/edit#gid=0
season_003,Liga 2,15,person_pokebree,PokéBree,0.0000,,1000,42,https://docs.google.com/spreadsheets/d/16r_khFZJxguj1o1wSrDQO4vlJhSDhIdN8AbUJQbnDq0/edit#gid=0
season_003,Liga 2,15,person_pokeknight,PokéKnight,0.0000,,1000,42,https://docs.google.com/spreadsheets/d/16r_khFZJxguj1o1wSrDQO4vlJhSDhIdN8AbUJQbnDq0/edit#gid=0
season_003,Liga 2,15,person_professor_n,Professor N,0.0000,,1000,42,https://docs.google.com/spreadsheets/d/16r_khFZJxguj1o1wSrDQO4vlJhSDhIdN8AbUJQbnDq0/edit#gid=0
season_003,Liga 2,15,person_pyromanix,Pyromanix,0.0000,,1000,42,https://docs.google.com/spreadsheets/d/16r_khFZJxguj1o1wSrDQO4vlJhSDhIdN8AbUJQbnDq0/edit#gid=0
season_003,Liga 2,15,person_scarlet,Scarlet,0.0000,,1000,42,https://docs.google.com/spreadsheets/d/16r_khFZJxguj1o1wSrDQO4vlJhSDhIdN8AbUJQbnDq0/edit#gid=0
season_003,Liga 2,15,person_shiro,Shiro,0.0000,,1000,42,https://docs.google.com/spreadsheets/d/16r_khFZJxguj1o1wSrDQO4vlJhSDhIdN8AbUJQbnDq0/edit#gid=0
season_003,Liga 2,15,person_shizumania,Shizumania,0.0000,,1000,42,https://docs.google.com/spreadsheets/d/16r_khFZJxguj1o1wSrDQO4vlJhSDhIdN8AbUJQbnDq0/edit#gid=0
season_003,Liga 2,15,person_themiifii,TheMiiFii,0.0000,,1000,42,https://docs.google.com/spreadsheets/d/16r_khFZJxguj1o1wSrDQO4vlJhSDhIdN8AbUJQbnDq0/edit#gid=0
season_003,Liga 2,15,person_wolvx,WolvX,0.0000,,1000,42,https://docs.google.com/spreadsheets/d/16r_khFZJxguj1o1wSrDQO4vlJhSDhIdN8AbUJQbnDq0/edit#gid=0
season_003,Liga 2,16,person_blacklink,BlackLink,0.0000,,1000,42,https://docs.google.com/spreadsheets/d/16r_khFZJxguj1o1wSrDQO4vlJhSDhIdN8AbUJQbnDq0/edit#gid=0
season_003,Liga 2,16,person_bravebird,BraveBird,0.0000,,1000,42,https://docs.google.com/spreadsheets/d/16r_khFZJxguj1o1wSrDQO4vlJhSDhIdN8AbUJQbnDq0/edit#gid=0
season_003,Liga 2,16,person_burakio,Burakio,0.0000,,1000,42,https://docs.google.com/spreadsheets/d/16r_khFZJxguj1o1wSrDQO4vlJhSDhIdN8AbUJQbnDq0/edit#gid=0
season_003,Liga 2,16,person_crowdcontroller,CrowdController,0.0000,,1000,42,https://docs.google.com/spreadsheets/d/16r_khFZJxguj1o1wSrDQO4vlJhSDhIdN8AbUJQbnDq0/edit#gid=0
season_003,Liga 2,16,person_diaswordplay,DiaSwordPlay,0.0000,,1000,42,https://docs.google.com/spreadsheets/d/16r_khFZJxguj1o1wSrDQO4vlJhSDhIdN8AbUJQbnDq0/edit#gid=0
season_003,Liga 2,16,person_fnupa,Cabgolord,0.2640,,1000,42,https://docs.google.com/spreadsheets/d/16r_khFZJxguj1o1wSrDQO4vlJhSDhIdN8AbUJQbnDq0/edit#gid=0
season_003,Liga 2,16,person_killuasan,KilluaSan,0.0000,,1000,42,https://docs.google.com/spreadsheets/d/16r_khFZJxguj1o1wSrDQO4vlJhSDhIdN8AbUJQbnDq0/edit#gid=0
season_003,Liga 2,16,person_lauris,Lauris,0.0000,,1000,42,https://docs.google.com/spreadsheets/d/16r_khFZJxguj1o1wSrDQO4vlJhSDhIdN8AbUJQbnDq0/edit#gid=0
season_003,Liga 2,16,person_leinux,Leinux,0.0340,,1000,42,https://docs.google.com/spreadsheets/d/16r_khFZJxguj1o1wSrDQO4vlJhSDhIdN8AbUJQbnDq0/edit#gid=0
season_003,Liga 2,16,person_letskayze,LetsKayze,0.0000,,1000,42,https://docs.google.com/spreadsheets/d/16r_khFZJxguj1o1wSrDQO4vlJhSDhIdN8AbUJQbnDq0/edit#gid=0
season_003,Liga 2,16,person_lightgaming,LightGaming,0.5120,,1000,42,https://docs.google.com/spreadsheets/d/16r_khFZJxguj1o1wSrDQO4vlJhSDhIdN8AbUJQbnDq0/edit#gid=0
season_003,Liga 2,16,person_melevies,MeLevies,0.1900,,1000,42,https://docs.google.com/spreadsheets/d/16r_khFZJxguj1o1wSrDQO4vlJhSDhIdN8AbUJQbnDq0/edit#gid=0
season_003,Liga 2,16,person_pokebree,PokéBree,0.0000,,1000,42,https://docs.google.com/spreadsheets/d/16r_khFZJxguj1o1wSrDQO4vlJhSDhIdN8AbUJQbnDq0/edit#gid=0
season_003,Liga 2,16,person_pokeknight,PokéKnight,0.0000,,1000,42,https://docs.google.com/spreadsheets/d/16r_khFZJxguj1o1wSrDQO4vlJhSDhIdN8AbUJQbnDq0/edit#gid=0
season_003,Liga 2,16,person_professor_n,Professor N,0.0000,,1000,42,https://docs.google.com/spreadsheets/d/16r_khFZJxguj1o1wSrDQO4vlJhSDhIdN8AbUJQbnDq0/edit#gid=0
season_003,Liga 2,16,person_pyromanix,Pyromanix,0.0000,,1000,42,https://docs.google.com/spreadsheets/d/16r_khFZJxguj1o1wSrDQO4vlJhSDhIdN8AbUJQbnDq0/edit#gid=0
season_003,Liga 2,16,person_scarlet,Scarlet,0.0000,,1000,42,https://docs.google.com/spreadsheets/d/16r_khFZJxguj1o1wSrDQO4vlJhSDhIdN8AbUJQbnDq0/edit#gid=0
season_003,Liga 2,16,person_shiro,Shiro,0.0000,,1000,42,https://docs.google.com/spreadsheets/d/16r_khFZJxguj1o1wSrDQO4vlJhSDhIdN8AbUJQbnDq0/edit#gid=0
season_003,Liga 2,16,person_shizumania,Shizumania,0.0000,,1000,42,https://docs.google.com/spreadsheets/d/16r_khFZJxguj1o1wSrDQO4vlJhSDhIdN8AbUJQbnDq0/edit#gid=0
season_003,Liga 2,16,person_themiifii,TheMiiFii,0.0000,,1000,42,https://docs.google.com/spreadsheets/d/16r_khFZJxguj1o1wSrDQO4vlJhSDhIdN8AbUJQbnDq0/edit#gid=0
season_003,Liga 2,16,person_wolvx,WolvX,0.0000,,1000,42,https://docs.google.com/spreadsheets/d/16r_khFZJxguj1o1wSrDQO4vlJhSDhIdN8AbUJQbnDq0/edit#gid=0
season_003,Liga 2,17,person_blacklink,BlackLink,0.0000,,1000,42,https://docs.google.com/spreadsheets/d/16r_khFZJxguj1o1wSrDQO4vlJhSDhIdN8AbUJQbnDq0/edit#gid=0
season_003,Liga 2,17,person_bravebird,BraveBird,0.0000,,1000,42,https://docs.google.com/spreadsheets/d/16r_khFZJxguj1o1wSrDQO4vlJhSDhIdN8AbUJQbnDq0/edit#gid=0
season_003,Liga 2,17,person_burakio,Burakio,0.0000,,1000,42,https://docs.google.com/spreadsheets/d/16r_khFZJxguj1o1wSrDQO4vlJhSDhIdN8AbUJQbnDq0/edit#gid=0
season_003,Liga 2,17,person_crowdcontroller,CrowdController,0.0000,,1000,42,https://docs.google.com/spreadsheets/d/16r_khFZJxguj1o1wSrDQO4vlJhSDhIdN8AbUJQbnDq0/edit#gid=0
season_003,Liga 2,17,person_diaswordplay,DiaSwordPlay,0.0000,,1000,42,https://docs.google.com/spreadsheets/d/16r_khFZJxguj1o1wSrDQO4vlJhSDhIdN8AbUJQbnDq0/edit#gid=0
season_003,Liga 2,17,person_fnupa,Cabgolord,0.3140,,1000,42,https://docs.google.com/spreadsheets/d/16r_khFZJxguj1o1wSrDQO4vlJhSDhIdN8AbUJQbnDq0/edit#gid=0
season_003,Liga 2,17,person_killuasan,KilluaSan,0.0000,,1000,42,https://docs.google.com/spreadsheets/d/16r_khFZJxguj1o1wSrDQO4vlJhSDhIdN8AbUJQbnDq0/edit#gid=0
season_003,Liga 2,17,person_lauris,Lauris,0.0000,,1000,42,https://docs.google.com/spreadsheets/d/16r_khFZJxguj1o1wSrDQO4vlJhSDhIdN8AbUJQbnDq0/edit#gid=0
season_003,Liga 2,17,person_leinux,Leinux,0.0010,,1000,42,https://docs.google.com/spreadsheets/d/16r_khFZJxguj1o1wSrDQO4vlJhSDhIdN8AbUJQbnDq0/edit#gid=0
season_003,Liga 2,17,person_letskayze,LetsKayze,0.0000,,1000,42,https://docs.google.com/spreadsheets/d/16r_khFZJxguj1o1wSrDQO4vlJhSDhIdN8AbUJQbnDq0/edit#gid=0
season_003,Liga 2,17,person_lightgaming,LightGaming,0.5190,,1000,42,https://docs.google.com/spreadsheets/d/16r_khFZJxguj1o1wSrDQO4vlJhSDhIdN8AbUJQbnDq0/edit#gid=0
season_003,Liga 2,17,person_melevies,MeLevies,0.1660,,1000,42,https://docs.google.com/spreadsheets/d/16r_khFZJxguj1o1wSrDQO4vlJhSDhIdN8AbUJQbnDq0/edit#gid=0
season_003,Liga 2,17,person_pokebree,PokéBree,0.0000,,1000,42,https://docs.google.com/spreadsheets/d/16r_khFZJxguj1o1wSrDQO4vlJhSDhIdN8AbUJQbnDq0/edit#gid=0
season_003,Liga 2,17,person_pokeknight,PokéKnight,0.0000,,1000,42,https://docs.google.com/spreadsheets/d/16r_khFZJxguj1o1wSrDQO4vlJhSDhIdN8AbUJQbnDq0/edit#gid=0
season_003,Liga 2,17,person_professor_n,Professor N,0.0000,,1000,42,https://docs.google.com/spreadsheets/d/16r_khFZJxguj1o1wSrDQO4vlJhSDhIdN8AbUJQbnDq0/edit#gid=0
season_003,Liga 2,17,person_pyromanix,Pyromanix,0.0000,,1000,42,https://docs.google.com/spreadsheets/d/16r_khFZJxguj1o1wSrDQO4vlJhSDhIdN8AbUJQbnDq0/edit#gid=0
season_003,Liga 2,17,person_scarlet,Scarlet,0.0000,,1000,42,https://docs.google.com/spreadsheets/d/16r_khFZJxguj1o1wSrDQO4vlJhSDhIdN8AbUJQbnDq0/edit#gid=0
season_003,Liga 2,17,person_shiro,Shiro,0.0000,,1000,42,https://docs.google.com/spreadsheets/d/16r_khFZJxguj1o1wSrDQO4vlJhSDhIdN8AbUJQbnDq0/edit#gid=0
season_003,Liga 2,17,person_shizumania,Shizumania,0.0000,,1000,42,https://docs.google.com/spreadsheets/d/16r_khFZJxguj1o1wSrDQO4vlJhSDhIdN8AbUJQbnDq0/edit#gid=0
season_003,Liga 2,17,person_themiifii,TheMiiFii,0.0000,,1000,42,https://docs.google.com/spreadsheets/d/16r_khFZJxguj1o1wSrDQO4vlJhSDhIdN8AbUJQbnDq0/edit#gid=0
season_003,Liga 2,17,person_wolvx,WolvX,0.0000,,1000,42,https://docs.google.com/spreadsheets/d/16r_khFZJxguj1o1wSrDQO4vlJhSDhIdN8AbUJQbnDq0/edit#gid=0
season_003,Liga 2,18,person_blacklink,BlackLink,0.0000,,1000,42,https://docs.google.com/spreadsheets/d/16r_khFZJxguj1o1wSrDQO4vlJhSDhIdN8AbUJQbnDq0/edit#gid=0
season_003,Liga 2,18,person_bravebird,BraveBird,0.0000,,1000,42,https://docs.google.com/spreadsheets/d/16r_khFZJxguj1o1wSrDQO4vlJhSDhIdN8AbUJQbnDq0/edit#gid=0
season_003,Liga 2,18,person_burakio,Burakio,0.0000,,1000,42,https://docs.google.com/spreadsheets/d/16r_khFZJxguj1o1wSrDQO4vlJhSDhIdN8AbUJQbnDq0/edit#gid=0
season_003,Liga 2,18,person_crowdcontroller,CrowdController,0.0000,,1000,42,https://docs.google.com/spreadsheets/d/16r_khFZJxguj1o1wSrDQO4vlJhSDhIdN8AbUJQbnDq0/edit#gid=0
season_003,Liga 2,18,person_diaswordplay,DiaSwordPlay,0.0000,,1000,42,https://docs.google.com/spreadsheets/d/16r_khFZJxguj1o1wSrDQO4vlJhSDhIdN8AbUJQbnDq0/edit#gid=0
season_003,Liga 2,18,person_fnupa,Cabgolord,0.0580,,1000,42,https://docs.google.com/spreadsheets/d/16r_khFZJxguj1o1wSrDQO4vlJhSDhIdN8AbUJQbnDq0/edit#gid=0
season_003,Liga 2,18,person_killuasan,KilluaSan,0.0000,,1000,42,https://docs.google.com/spreadsheets/d/16r_khFZJxguj1o1wSrDQO4vlJhSDhIdN8AbUJQbnDq0/edit#gid=0
season_003,Liga 2,18,person_lauris,Lauris,0.0000,,1000,42,https://docs.google.com/spreadsheets/d/16r_khFZJxguj1o1wSrDQO4vlJhSDhIdN8AbUJQbnDq0/edit#gid=0
season_003,Liga 2,18,person_leinux,Leinux,0.0000,,1000,42,https://docs.google.com/spreadsheets/d/16r_khFZJxguj1o1wSrDQO4vlJhSDhIdN8AbUJQbnDq0/edit#gid=0
season_003,Liga 2,18,person_letskayze,LetsKayze,0.0000,,1000,42,https://docs.google.com/spreadsheets/d/16r_khFZJxguj1o1wSrDQO4vlJhSDhIdN8AbUJQbnDq0/edit#gid=0
season_003,Liga 2,18,person_lightgaming,LightGaming,0.7450,,1000,42,https://docs.google.com/spreadsheets/d/16r_khFZJxguj1o1wSrDQO4vlJhSDhIdN8AbUJQbnDq0/edit#gid=0
season_003,Liga 2,18,person_melevies,MeLevies,0.1970,,1000,42,https://docs.google.com/spreadsheets/d/16r_khFZJxguj1o1wSrDQO4vlJhSDhIdN8AbUJQbnDq0/edit#gid=0
season_003,Liga 2,18,person_pokebree,PokéBree,0.0000,,1000,42,https://docs.google.com/spreadsheets/d/16r_khFZJxguj1o1wSrDQO4vlJhSDhIdN8AbUJQbnDq0/edit#gid=0
season_003,Liga 2,18,person_pokeknight,PokéKnight,0.0000,,1000,42,https://docs.google.com/spreadsheets/d/16r_khFZJxguj1o1wSrDQO4vlJhSDhIdN8AbUJQbnDq0/edit#gid=0
season_003,Liga 2,18,person_professor_n,Professor N,0.0000,,1000,42,https://docs.google.com/spreadsheets/d/16r_khFZJxguj1o1wSrDQO4vlJhSDhIdN8AbUJQbnDq0/edit#gid=0
season_003,Liga 2,18,person_pyromanix,Pyromanix,0.0000,,1000,42,https://docs.google.com/spreadsheets/d/16r_khFZJxguj1o1wSrDQO4vlJhSDhIdN8AbUJQbnDq0/edit#gid=0
season_003,Liga 2,18,person_scarlet,Scarlet,0.0000,,1000,42,https://docs.google.com/spreadsheets/d/16r_khFZJxguj1o1wSrDQO4vlJhSDhIdN8AbUJQbnDq0/edit#gid=0
season_003,Liga 2,18,person_shiro,Shiro,0.0000,,1000,42,https://docs.google.com/spreadsheets/d/16r_khFZJxguj1o1wSrDQO4vlJhSDhIdN8AbUJQbnDq0/edit#gid=0
season_003,Liga 2,18,person_shizumania,Shizumania,0.0000,,1000,42,https://docs.google.com/spreadsheets/d/16r_khFZJxguj1o1wSrDQO4vlJhSDhIdN8AbUJQbnDq0/edit#gid=0
season_003,Liga 2,18,person_themiifii,TheMiiFii,0.0000,,1000,42,https://docs.google.com/spreadsheets/d/16r_khFZJxguj1o1wSrDQO4vlJhSDhIdN8AbUJQbnDq0/edit#gid=0
season_003,Liga 2,18,person_wolvx,WolvX,0.0000,,1000,42,https://docs.google.com/spreadsheets/d/16r_khFZJxguj1o1wSrDQO4vlJhSDhIdN8AbUJQbnDq0/edit#gid=0
season_003,Liga 2,19,person_blacklink,BlackLink,0.0000,,1000,42,https://docs.google.com/spreadsheets/d/16r_khFZJxguj1o1wSrDQO4vlJhSDhIdN8AbUJQbnDq0/edit#gid=0
season_003,Liga 2,19,person_bravebird,BraveBird,0.0000,,1000,42,https://docs.google.com/spreadsheets/d/16r_khFZJxguj1o1wSrDQO4vlJhSDhIdN8AbUJQbnDq0/edit#gid=0
season_003,Liga 2,19,person_burakio,Burakio,0.0000,,1000,42,https://docs.google.com/spreadsheets/d/16r_khFZJxguj1o1wSrDQO4vlJhSDhIdN8AbUJQbnDq0/edit#gid=0
season_003,Liga 2,19,person_crowdcontroller,CrowdController,0.0000,,1000,42,https://docs.google.com/spreadsheets/d/16r_khFZJxguj1o1wSrDQO4vlJhSDhIdN8AbUJQbnDq0/edit#gid=0
season_003,Liga 2,19,person_diaswordplay,DiaSwordPlay,0.0000,,1000,42,https://docs.google.com/spreadsheets/d/16r_khFZJxguj1o1wSrDQO4vlJhSDhIdN8AbUJQbnDq0/edit#gid=0
season_003,Liga 2,19,person_fnupa,Cabgolord,0.0130,,1000,42,https://docs.google.com/spreadsheets/d/16r_khFZJxguj1o1wSrDQO4vlJhSDhIdN8AbUJQbnDq0/edit#gid=0
season_003,Liga 2,19,person_killuasan,KilluaSan,0.0000,,1000,42,https://docs.google.com/spreadsheets/d/16r_khFZJxguj1o1wSrDQO4vlJhSDhIdN8AbUJQbnDq0/edit#gid=0
season_003,Liga 2,19,person_lauris,Lauris,0.0000,,1000,42,https://docs.google.com/spreadsheets/d/16r_khFZJxguj1o1wSrDQO4vlJhSDhIdN8AbUJQbnDq0/edit#gid=0
season_003,Liga 2,19,person_leinux,Leinux,0.0000,,1000,42,https://docs.google.com/spreadsheets/d/16r_khFZJxguj1o1wSrDQO4vlJhSDhIdN8AbUJQbnDq0/edit#gid=0
season_003,Liga 2,19,person_letskayze,LetsKayze,0.0000,,1000,42,https://docs.google.com/spreadsheets/d/16r_khFZJxguj1o1wSrDQO4vlJhSDhIdN8AbUJQbnDq0/edit#gid=0
season_003,Liga 2,19,person_lightgaming,LightGaming,0.8360,,1000,42,https://docs.google.com/spreadsheets/d/16r_khFZJxguj1o1wSrDQO4vlJhSDhIdN8AbUJQbnDq0/edit#gid=0
season_003,Liga 2,19,person_melevies,MeLevies,0.1510,,1000,42,https://docs.google.com/spreadsheets/d/16r_khFZJxguj1o1wSrDQO4vlJhSDhIdN8AbUJQbnDq0/edit#gid=0
season_003,Liga 2,19,person_pokebree,PokéBree,0.0000,,1000,42,https://docs.google.com/spreadsheets/d/16r_khFZJxguj1o1wSrDQO4vlJhSDhIdN8AbUJQbnDq0/edit#gid=0
season_003,Liga 2,19,person_pokeknight,PokéKnight,0.0000,,1000,42,https://docs.google.com/spreadsheets/d/16r_khFZJxguj1o1wSrDQO4vlJhSDhIdN8AbUJQbnDq0/edit#gid=0
season_003,Liga 2,19,person_professor_n,Professor N,0.0000,,1000,42,https://docs.google.com/spreadsheets/d/16r_khFZJxguj1o1wSrDQO4vlJhSDhIdN8AbUJQbnDq0/edit#gid=0
season_003,Liga 2,19,person_pyromanix,Pyromanix,0.0000,,1000,42,https://docs.google.com/spreadsheets/d/16r_khFZJxguj1o1wSrDQO4vlJhSDhIdN8AbUJQbnDq0/edit#gid=0
season_003,Liga 2,19,person_scarlet,Scarlet,0.0000,,1000,42,https://docs.google.com/spreadsheets/d/16r_khFZJxguj1o1wSrDQO4vlJhSDhIdN8AbUJQbnDq0/edit#gid=0
season_003,Liga 2,19,person_shiro,Shiro,0.0000,,1000,42,https://docs.google.com/spreadsheets/d/16r_khFZJxguj1o1wSrDQO4vlJhSDhIdN8AbUJQbnDq0/edit#gid=0
season_003,Liga 2,19,person_shizumania,Shizumania,0.0000,,1000,42,https://docs.google.com/spreadsheets/d/16r_khFZJxguj1o1wSrDQO4vlJhSDhIdN8AbUJQbnDq0/edit#gid=0
season_003,Liga 2,19,person_themiifii,TheMiiFii,0.0000,,1000,42,https://docs.google.com/spreadsheets/d/16r_khFZJxguj1o1wSrDQO4vlJhSDhIdN8AbUJQbnDq0/edit#gid=0
season_003,Liga 2,19,person_wolvx,WolvX,0.0000,,1000,42,https://docs.google.com/spreadsheets/d/16r_khFZJxguj1o1wSrDQO4vlJhSDhIdN8AbUJQbnDq0/edit#gid=0
season_003,Liga 2,20,person_blacklink,BlackLink,0.0000,,1000,42,https://docs.google.com/spreadsheets/d/16r_khFZJxguj1o1wSrDQO4vlJhSDhIdN8AbUJQbnDq0/edit#gid=0
season_003,Liga 2,20,person_bravebird,BraveBird,0.0000,,1000,42,https://docs.google.com/spreadsheets/d/16r_khFZJxguj1o1wSrDQO4vlJhSDhIdN8AbUJQbnDq0/edit#gid=0
season_003,Liga 2,20,person_burakio,Burakio,0.0000,,1000,42,https://docs.google.com/spreadsheets/d/16r_khFZJxguj1o1wSrDQO4vlJhSDhIdN8AbUJQbnDq0/edit#gid=0
season_003,Liga 2,20,person_crowdcontroller,CrowdController,0.0000,,1000,42,https://docs.google.com/spreadsheets/d/16r_khFZJxguj1o1wSrDQO4vlJhSDhIdN8AbUJQbnDq0/edit#gid=0
season_003,Liga 2,20,person_diaswordplay,DiaSwordPlay,0.0000,,1000,42,https://docs.google.com/spreadsheets/d/16r_khFZJxguj1o1wSrDQO4vlJhSDhIdN8AbUJQbnDq0/edit#gid=0
season_003,Liga 2,20,person_fnupa,Cabgolord,0.0010,,1000,42,https://docs.google.com/spreadsheets/d/16r_khFZJxguj1o1wSrDQO4vlJhSDhIdN8AbUJQbnDq0/edit#gid=0
season_003,Liga 2,20,person_killuasan,KilluaSan,0.0000,,1000,42,https://docs.google.com/spreadsheets/d/16r_khFZJxguj1o1wSrDQO4vlJhSDhIdN8AbUJQbnDq0/edit#gid=0
season_003,Liga 2,20,person_lauris,Lauris,0.0000,,1000,42,https://docs.google.com/spreadsheets/d/16r_khFZJxguj1o1wSrDQO4vlJhSDhIdN8AbUJQbnDq0/edit#gid=0
season_003,Liga 2,20,person_leinux,Leinux,0.0010,,1000,42,https://docs.google.com/spreadsheets/d/16r_khFZJxguj1o1wSrDQO4vlJhSDhIdN8AbUJQbnDq0/edit#gid=0
season_003,Liga 2,20,person_letskayze,LetsKayze,0.0000,,1000,42,https://docs.google.com/spreadsheets/d/16r_khFZJxguj1o1wSrDQO4vlJhSDhIdN8AbUJQbnDq0/edit#gid=0
season_003,Liga 2,20,person_lightgaming,LightGaming,0.7550,,1000,42,https://docs.google.com/spreadsheets/d/16r_khFZJxguj1o1wSrDQO4vlJhSDhIdN8AbUJQbnDq0/edit#gid=0
season_003,Liga 2,20,person_melevies,MeLevies,0.2430,,1000,42,https://docs.google.com/spreadsheets/d/16r_khFZJxguj1o1wSrDQO4vlJhSDhIdN8AbUJQbnDq0/edit#gid=0
season_003,Liga 2,20,person_pokebree,PokéBree,0.0000,,1000,42,https://docs.google.com/spreadsheets/d/16r_khFZJxguj1o1wSrDQO4vlJhSDhIdN8AbUJQbnDq0/edit#gid=0
season_003,Liga 2,20,person_pokeknight,PokéKnight,0.0000,,1000,42,https://docs.google.com/spreadsheets/d/16r_khFZJxguj1o1wSrDQO4vlJhSDhIdN8AbUJQbnDq0/edit#gid=0
season_003,Liga 2,20,person_professor_n,Professor N,0.0000,,1000,42,https://docs.google.com/spreadsheets/d/16r_khFZJxguj1o1wSrDQO4vlJhSDhIdN8AbUJQbnDq0/edit#gid=0
season_003,Liga 2,20,person_pyromanix,Pyromanix,0.0000,,1000,42,https://docs.google.com/spreadsheets/d/16r_khFZJxguj1o1wSrDQO4vlJhSDhIdN8AbUJQbnDq0/edit#gid=0
season_003,Liga 2,20,person_scarlet,Scarlet,0.0000,,1000,42,https://docs.google.com/spreadsheets/d/16r_khFZJxguj1o1wSrDQO4vlJhSDhIdN8AbUJQbnDq0/edit#gid=0
season_003,Liga 2,20,person_shiro,Shiro,0.0000,,1000,42,https://docs.google.com/spreadsheets/d/16r_khFZJxguj1o1wSrDQO4vlJhSDhIdN8AbUJQbnDq0/edit#gid=0
season_003,Liga 2,20,person_shizumania,Shizumania,0.0000,,1000,42,https://docs.google.com/spreadsheets/d/16r_khFZJxguj1o1wSrDQO4vlJhSDhIdN8AbUJQbnDq0/edit#gid=0
season_003,Liga 2,20,person_themiifii,TheMiiFii,0.0000,,1000,42,https://docs.google.com/spreadsheets/d/16r_khFZJxguj1o1wSrDQO4vlJhSDhIdN8AbUJQbnDq0/edit#gid=0
season_003,Liga 2,20,person_wolvx,WolvX,0.0000,,1000,42,https://docs.google.com/spreadsheets/d/16r_khFZJxguj1o1wSrDQO4vlJhSDhIdN8AbUJQbnDq0/edit#gid=0
season_003,Liga 2,21,person_blacklink,BlackLink,0.0000,,1000,42,https://docs.google.com/spreadsheets/d/16r_khFZJxguj1o1wSrDQO4vlJhSDhIdN8AbUJQbnDq0/edit#gid=0
season_003,Liga 2,21,person_bravebird,BraveBird,0.0000,,1000,42,https://docs.google.com/spreadsheets/d/16r_khFZJxguj1o1wSrDQO4vlJhSDhIdN8AbUJQbnDq0/edit#gid=0
season_003,Liga 2,21,person_burakio,Burakio,0.0000,,1000,42,https://docs.google.com/spreadsheets/d/16r_khFZJxguj1o1wSrDQO4vlJhSDhIdN8AbUJQbnDq0/edit#gid=0
season_003,Liga 2,21,person_crowdcontroller,CrowdController,0.0000,,1000,42,https://docs.google.com/spreadsheets/d/16r_khFZJxguj1o1wSrDQO4vlJhSDhIdN8AbUJQbnDq0/edit#gid=0
season_003,Liga 2,21,person_diaswordplay,DiaSwordPlay,0.0000,,1000,42,https://docs.google.com/spreadsheets/d/16r_khFZJxguj1o1wSrDQO4vlJhSDhIdN8AbUJQbnDq0/edit#gid=0
season_003,Liga 2,21,person_fnupa,Cabgolord,0.0000,,1000,42,https://docs.google.com/spreadsheets/d/16r_khFZJxguj1o1wSrDQO4vlJhSDhIdN8AbUJQbnDq0/edit#gid=0
season_003,Liga 2,21,person_killuasan,KilluaSan,0.0000,,1000,42,https://docs.google.com/spreadsheets/d/16r_khFZJxguj1o1wSrDQO4vlJhSDhIdN8AbUJQbnDq0/edit#gid=0
season_003,Liga 2,21,person_lauris,Lauris,0.0000,,1000,42,https://docs.google.com/spreadsheets/d/16r_khFZJxguj1o1wSrDQO4vlJhSDhIdN8AbUJQbnDq0/edit#gid=0
season_003,Liga 2,21,person_leinux,Leinux,0.0000,,1000,42,https://docs.google.com/spreadsheets/d/16r_khFZJxguj1o1wSrDQO4vlJhSDhIdN8AbUJQbnDq0/edit#gid=0
season_003,Liga 2,21,person_letskayze,LetsKayze,0.0000,,1000,42,https://docs.google.com/spreadsheets/d/16r_khFZJxguj1o1wSrDQO4vlJhSDhIdN8AbUJQbnDq0/edit#gid=0
season_003,Liga 2,21,person_lightgaming,LightGaming,0.9790,,1000,42,https://docs.google.com/spreadsheets/d/16r_khFZJxguj1o1wSrDQO4vlJhSDhIdN8AbUJQbnDq0/edit#gid=0
season_003,Liga 2,21,person_melevies,MeLevies,0.0210,,1000,42,https://docs.google.com/spreadsheets/d/16r_khFZJxguj1o1wSrDQO4vlJhSDhIdN8AbUJQbnDq0/edit#gid=0
season_003,Liga 2,21,person_pokebree,PokéBree,0.0000,,1000,42,https://docs.google.com/spreadsheets/d/16r_khFZJxguj1o1wSrDQO4vlJhSDhIdN8AbUJQbnDq0/edit#gid=0
season_003,Liga 2,21,person_pokeknight,PokéKnight,0.0000,,1000,42,https://docs.google.com/spreadsheets/d/16r_khFZJxguj1o1wSrDQO4vlJhSDhIdN8AbUJQbnDq0/edit#gid=0
season_003,Liga 2,21,person_professor_n,Professor N,0.0000,,1000,42,https://docs.google.com/spreadsheets/d/16r_khFZJxguj1o1wSrDQO4vlJhSDhIdN8AbUJQbnDq0/edit#gid=0
season_003,Liga 2,21,person_pyromanix,Pyromanix,0.0000,,1000,42,https://docs.google.com/spreadsheets/d/16r_khFZJxguj1o1wSrDQO4vlJhSDhIdN8AbUJQbnDq0/edit#gid=0
season_003,Liga 2,21,person_scarlet,Scarlet,0.0000,,1000,42,https://docs.google.com/spreadsheets/d/16r_khFZJxguj1o1wSrDQO4vlJhSDhIdN8AbUJQbnDq0/edit#gid=0
season_003,Liga 2,21,person_shiro,Shiro,0.0000,,1000,42,https://docs.google.com/spreadsheets/d/16r_khFZJxguj1o1wSrDQO4vlJhSDhIdN8AbUJQbnDq0/edit#gid=0
season_003,Liga 2,21,person_shizumania,Shizumania,0.0000,,1000,42,https://docs.google.com/spreadsheets/d/16r_khFZJxguj1o1wSrDQO4vlJhSDhIdN8AbUJQbnDq0/edit#gid=0
season_003,Liga 2,21,person_themiifii,TheMiiFii,0.0000,,1000,42,https://docs.google.com/spreadsheets/d/16r_khFZJxguj1o1wSrDQO4vlJhSDhIdN8AbUJQbnDq0/edit#gid=0
season_003,Liga 2,21,person_wolvx,WolvX,0.0000,,1000,42,https://docs.google.com/spreadsheets/d/16r_khFZJxguj1o1wSrDQO4vlJhSDhIdN8AbUJQbnDq0/edit#gid=0
season_003,Liga 2,22,person_blacklink,BlackLink,0.0000,,1000,42,https://docs.google.com/spreadsheets/d/16r_khFZJxguj1o1wSrDQO4vlJhSDhIdN8AbUJQbnDq0/edit#gid=0
season_003,Liga 2,22,person_bravebird,BraveBird,0.0000,,1000,42,https://docs.google.com/spreadsheets/d/16r_khFZJxguj1o1wSrDQO4vlJhSDhIdN8AbUJQbnDq0/edit#gid=0
season_003,Liga 2,22,person_burakio,Burakio,0.0000,,1000,42,https://docs.google.com/spreadsheets/d/16r_khFZJxguj1o1wSrDQO4vlJhSDhIdN8AbUJQbnDq0/edit#gid=0
season_003,Liga 2,22,person_crowdcontroller,CrowdController,0.0000,,1000,42,https://docs.google.com/spreadsheets/d/16r_khFZJxguj1o1wSrDQO4vlJhSDhIdN8AbUJQbnDq0/edit#gid=0
season_003,Liga 2,22,person_diaswordplay,DiaSwordPlay,0.0000,,1000,42,https://docs.google.com/spreadsheets/d/16r_khFZJxguj1o1wSrDQO4vlJhSDhIdN8AbUJQbnDq0/edit#gid=0
season_003,Liga 2,22,person_fnupa,Cabgolord,0.0000,,1000,42,https://docs.google.com/spreadsheets/d/16r_khFZJxguj1o1wSrDQO4vlJhSDhIdN8AbUJQbnDq0/edit#gid=0
season_003,Liga 2,22,person_killuasan,KilluaSan,0.0000,,1000,42,https://docs.google.com/spreadsheets/d/16r_khFZJxguj1o1wSrDQO4vlJhSDhIdN8AbUJQbnDq0/edit#gid=0
season_003,Liga 2,22,person_lauris,Lauris,0.0000,,1000,42,https://docs.google.com/spreadsheets/d/16r_khFZJxguj1o1wSrDQO4vlJhSDhIdN8AbUJQbnDq0/edit#gid=0
season_003,Liga 2,22,person_leinux,Leinux,0.0000,,1000,42,https://docs.google.com/spreadsheets/d/16r_khFZJxguj1o1wSrDQO4vlJhSDhIdN8AbUJQbnDq0/edit#gid=0
season_003,Liga 2,22,person_letskayze,LetsKayze,0.0000,,1000,42,https://docs.google.com/spreadsheets/d/16r_khFZJxguj1o1wSrDQO4vlJhSDhIdN8AbUJQbnDq0/edit#gid=0
season_003,Liga 2,22,person_lightgaming,LightGaming,0.9990,,1000,42,https://docs.google.com/spreadsheets/d/16r_khFZJxguj1o1wSrDQO4vlJhSDhIdN8AbUJQbnDq0/edit#gid=0
season_003,Liga 2,22,person_melevies,MeLevies,0.0010,,1000,42,https://docs.google.com/spreadsheets/d/16r_khFZJxguj1o1wSrDQO4vlJhSDhIdN8AbUJQbnDq0/edit#gid=0
season_003,Liga 2,22,person_pokebree,PokéBree,0.0000,,1000,42,https://docs.google.com/spreadsheets/d/16r_khFZJxguj1o1wSrDQO4vlJhSDhIdN8AbUJQbnDq0/edit#gid=0
season_003,Liga 2,22,person_pokeknight,PokéKnight,0.0000,,1000,42,https://docs.google.com/spreadsheets/d/16r_khFZJxguj1o1wSrDQO4vlJhSDhIdN8AbUJQbnDq0/edit#gid=0
season_003,Liga 2,22,person_professor_n,Professor N,0.0000,,1000,42,https://docs.google.com/spreadsheets/d/16r_khFZJxguj1o1wSrDQO4vlJhSDhIdN8AbUJQbnDq0/edit#gid=0
season_003,Liga 2,22,person_pyromanix,Pyromanix,0.0000,,1000,42,https://docs.google.com/spreadsheets/d/16r_khFZJxguj1o1wSrDQO4vlJhSDhIdN8AbUJQbnDq0/edit#gid=0
season_003,Liga 2,22,person_scarlet,Scarlet,0.0000,,1000,42,https://docs.google.com/spreadsheets/d/16r_khFZJxguj1o1wSrDQO4vlJhSDhIdN8AbUJQbnDq0/edit#gid=0
season_003,Liga 2,22,person_shiro,Shiro,0.0000,,1000,42,https://docs.google.com/spreadsheets/d/16r_khFZJxguj1o1wSrDQO4vlJhSDhIdN8AbUJQbnDq0/edit#gid=0
season_003,Liga 2,22,person_shizumania,Shizumania,0.0000,,1000,42,https://docs.google.com/spreadsheets/d/16r_khFZJxguj1o1wSrDQO4vlJhSDhIdN8AbUJQbnDq0/edit#gid=0
season_003,Liga 2,22,person_themiifii,TheMiiFii,0.0000,,1000,42,https://docs.google.com/spreadsheets/d/16r_khFZJxguj1o1wSrDQO4vlJhSDhIdN8AbUJQbnDq0/edit#gid=0
season_003,Liga 2,22,person_wolvx,WolvX,0.0000,,1000,42,https://docs.google.com/spreadsheets/d/16r_khFZJxguj1o1wSrDQO4vlJhSDhIdN8AbUJQbnDq0/edit#gid=0
season_003,Liga 2,23,person_blacklink,BlackLink,0.0000,,1000,42,https://docs.google.com/spreadsheets/d/16r_khFZJxguj1o1wSrDQO4vlJhSDhIdN8AbUJQbnDq0/edit#gid=0
season_003,Liga 2,23,person_bravebird,BraveBird,0.0000,,1000,42,https://docs.google.com/spreadsheets/d/16r_khFZJxguj1o1wSrDQO4vlJhSDhIdN8AbUJQbnDq0/edit#gid=0
season_003,Liga 2,23,person_burakio,Burakio,0.0000,,1000,42,https://docs.google.com/spreadsheets/d/16r_khFZJxguj1o1wSrDQO4vlJhSDhIdN8AbUJQbnDq0/edit#gid=0
season_003,Liga 2,23,person_crowdcontroller,CrowdController,0.0000,,1000,42,https://docs.google.com/spreadsheets/d/16r_khFZJxguj1o1wSrDQO4vlJhSDhIdN8AbUJQbnDq0/edit#gid=0
season_003,Liga 2,23,person_diaswordplay,DiaSwordPlay,0.0000,,1000,42,https://docs.google.com/spreadsheets/d/16r_khFZJxguj1o1wSrDQO4vlJhSDhIdN8AbUJQbnDq0/edit#gid=0
season_003,Liga 2,23,person_fnupa,Cabgolord,0.0000,,1000,42,https://docs.google.com/spreadsheets/d/16r_khFZJxguj1o1wSrDQO4vlJhSDhIdN8AbUJQbnDq0/edit#gid=0
season_003,Liga 2,23,person_killuasan,KilluaSan,0.0000,,1000,42,https://docs.google.com/spreadsheets/d/16r_khFZJxguj1o1wSrDQO4vlJhSDhIdN8AbUJQbnDq0/edit#gid=0
season_003,Liga 2,23,person_lauris,Lauris,0.0000,,1000,42,https://docs.google.com/spreadsheets/d/16r_khFZJxguj1o1wSrDQO4vlJhSDhIdN8AbUJQbnDq0/edit#gid=0
season_003,Liga 2,23,person_leinux,Leinux,0.0000,,1000,42,https://docs.google.com/spreadsheets/d/16r_khFZJxguj1o1wSrDQO4vlJhSDhIdN8AbUJQbnDq0/edit#gid=0
season_003,Liga 2,23,person_letskayze,LetsKayze,0.0000,,1000,42,https://docs.google.com/spreadsheets/d/16r_khFZJxguj1o1wSrDQO4vlJhSDhIdN8AbUJQbnDq0/edit#gid=0
season_003,Liga 2,23,person_lightgaming,LightGaming,1.0000,,1000,42,https://docs.google.com/spreadsheets/d/16r_khFZJxguj1o1wSrDQO4vlJhSDhIdN8AbUJQbnDq0/edit#gid=0
season_003,Liga 2,23,person_melevies,MeLevies,0.0000,,1000,42,https://docs.google.com/spreadsheets/d/16r_khFZJxguj1o1wSrDQO4vlJhSDhIdN8AbUJQbnDq0/edit#gid=0
season_003,Liga 2,23,person_pokebree,PokéBree,0.0000,,1000,42,https://docs.google.com/spreadsheets/d/16r_khFZJxguj1o1wSrDQO4vlJhSDhIdN8AbUJQbnDq0/edit#gid=0
season_003,Liga 2,23,person_pokeknight,PokéKnight,0.0000,,1000,42,https://docs.google.com/spreadsheets/d/16r_khFZJxguj1o1wSrDQO4vlJhSDhIdN8AbUJQbnDq0/edit#gid=0
season_003,Liga 2,23,person_professor_n,Professor N,0.0000,,1000,42,https://docs.google.com/spreadsheets/d/16r_khFZJxguj1o1wSrDQO4vlJhSDhIdN8AbUJQbnDq0/edit#gid=0
season_003,Liga 2,23,person_pyromanix,Pyromanix,0.0000,,1000,42,https://docs.google.com/spreadsheets/d/16r_khFZJxguj1o1wSrDQO4vlJhSDhIdN8AbUJQbnDq0/edit#gid=0
season_003,Liga 2,23,person_scarlet,Scarlet,0.0000,,1000,42,https://docs.google.com/spreadsheets/d/16r_khFZJxguj1o1wSrDQO4vlJhSDhIdN8AbUJQbnDq0/edit#gid=0
season_003,Liga 2,23,person_shiro,Shiro,0.0000,,1000,42,https://docs.google.com/spreadsheets/d/16r_khFZJxguj1o1wSrDQO4vlJhSDhIdN8AbUJQbnDq0/edit#gid=0
season_003,Liga 2,23,person_shizumania,Shizumania,0.0000,,1000,42,https://docs.google.com/spreadsheets/d/16r_khFZJxguj1o1wSrDQO4vlJhSDhIdN8AbUJQbnDq0/edit#gid=0
season_003,Liga 2,23,person_themiifii,TheMiiFii,0.0000,,1000,42,https://docs.google.com/spreadsheets/d/16r_khFZJxguj1o1wSrDQO4vlJhSDhIdN8AbUJQbnDq0/edit#gid=0
season_003,Liga 2,23,person_wolvx,WolvX,0.0000,,1000,42,https://docs.google.com/spreadsheets/d/16r_khFZJxguj1o1wSrDQO4vlJhSDhIdN8AbUJQbnDq0/edit#gid=0
season_003,Liga 2,24,person_blacklink,BlackLink,0.0000,,1000,42,https://docs.google.com/spreadsheets/d/16r_khFZJxguj1o1wSrDQO4vlJhSDhIdN8AbUJQbnDq0/edit#gid=0
season_003,Liga 2,24,person_bravebird,BraveBird,0.0000,,1000,42,https://docs.google.com/spreadsheets/d/16r_khFZJxguj1o1wSrDQO4vlJhSDhIdN8AbUJQbnDq0/edit#gid=0
season_003,Liga 2,24,person_burakio,Burakio,0.0000,,1000,42,https://docs.google.com/spreadsheets/d/16r_khFZJxguj1o1wSrDQO4vlJhSDhIdN8AbUJQbnDq0/edit#gid=0
season_003,Liga 2,24,person_crowdcontroller,CrowdController,0.0000,,1000,42,https://docs.google.com/spreadsheets/d/16r_khFZJxguj1o1wSrDQO4vlJhSDhIdN8AbUJQbnDq0/edit#gid=0
season_003,Liga 2,24,person_diaswordplay,DiaSwordPlay,0.0000,,1000,42,https://docs.google.com/spreadsheets/d/16r_khFZJxguj1o1wSrDQO4vlJhSDhIdN8AbUJQbnDq0/edit#gid=0
season_003,Liga 2,24,person_fnupa,Cabgolord,0.0000,,1000,42,https://docs.google.com/spreadsheets/d/16r_khFZJxguj1o1wSrDQO4vlJhSDhIdN8AbUJQbnDq0/edit#gid=0
season_003,Liga 2,24,person_killuasan,KilluaSan,0.0000,,1000,42,https://docs.google.com/spreadsheets/d/16r_khFZJxguj1o1wSrDQO4vlJhSDhIdN8AbUJQbnDq0/edit#gid=0
season_003,Liga 2,24,person_lauris,Lauris,0.0000,,1000,42,https://docs.google.com/spreadsheets/d/16r_khFZJxguj1o1wSrDQO4vlJhSDhIdN8AbUJQbnDq0/edit#gid=0
season_003,Liga 2,24,person_leinux,Leinux,0.0000,,1000,42,https://docs.google.com/spreadsheets/d/16r_khFZJxguj1o1wSrDQO4vlJhSDhIdN8AbUJQbnDq0/edit#gid=0
season_003,Liga 2,24,person_letskayze,LetsKayze,0.0000,,1000,42,https://docs.google.com/spreadsheets/d/16r_khFZJxguj1o1wSrDQO4vlJhSDhIdN8AbUJQbnDq0/edit#gid=0
season_003,Liga 2,24,person_lightgaming,LightGaming,1.0000,,1000,42,https://docs.google.com/spreadsheets/d/16r_khFZJxguj1o1wSrDQO4vlJhSDhIdN8AbUJQbnDq0/edit#gid=0
season_003,Liga 2,24,person_melevies,MeLevies,0.0000,,1000,42,https://docs.google.com/spreadsheets/d/16r_khFZJxguj1o1wSrDQO4vlJhSDhIdN8AbUJQbnDq0/edit#gid=0
season_003,Liga 2,24,person_pokebree,PokéBree,0.0000,,1000,42,https://docs.google.com/spreadsheets/d/16r_khFZJxguj1o1wSrDQO4vlJhSDhIdN8AbUJQbnDq0/edit#gid=0
season_003,Liga 2,24,person_pokeknight,PokéKnight,0.0000,,1000,42,https://docs.google.com/spreadsheets/d/16r_khFZJxguj1o1wSrDQO4vlJhSDhIdN8AbUJQbnDq0/edit#gid=0
season_003,Liga 2,24,person_professor_n,Professor N,0.0000,,1000,42,https://docs.google.com/spreadsheets/d/16r_khFZJxguj1o1wSrDQO4vlJhSDhIdN8AbUJQbnDq0/edit#gid=0
season_003,Liga 2,24,person_pyromanix,Pyromanix,0.0000,,1000,42,https://docs.google.com/spreadsheets/d/16r_khFZJxguj1o1wSrDQO4vlJhSDhIdN8AbUJQbnDq0/edit#gid=0
season_003,Liga 2,24,person_scarlet,Scarlet,0.0000,,1000,42,https://docs.google.com/spreadsheets/d/16r_khFZJxguj1o1wSrDQO4vlJhSDhIdN8AbUJQbnDq0/edit#gid=0
season_003,Liga 2,24,person_shiro,Shiro,0.0000,,1000,42,https://docs.google.com/spreadsheets/d/16r_khFZJxguj1o1wSrDQO4vlJhSDhIdN8AbUJQbnDq0/edit#gid=0
season_003,Liga 2,24,person_shizumania,Shizumania,0.0000,,1000,42,https://docs.google.com/spreadsheets/d/16r_khFZJxguj1o1wSrDQO4vlJhSDhIdN8AbUJQbnDq0/edit#gid=0
season_003,Liga 2,24,person_themiifii,TheMiiFii,0.0000,,1000,42,https://docs.google.com/spreadsheets/d/16r_khFZJxguj1o1wSrDQO4vlJhSDhIdN8AbUJQbnDq0/edit#gid=0
season_003,Liga 2,24,person_wolvx,WolvX,0.0000,,1000,42,https://docs.google.com/spreadsheets/d/16r_khFZJxguj1o1wSrDQO4vlJhSDhIdN8AbUJQbnDq0/edit#gid=0
season_003,Liga 2,25,person_blacklink,BlackLink,0.0000,,1000,42,https://docs.google.com/spreadsheets/d/16r_khFZJxguj1o1wSrDQO4vlJhSDhIdN8AbUJQbnDq0/edit#gid=0
season_003,Liga 2,25,person_bravebird,BraveBird,0.0000,,1000,42,https://docs.google.com/spreadsheets/d/16r_khFZJxguj1o1wSrDQO4vlJhSDhIdN8AbUJQbnDq0/edit#gid=0
season_003,Liga 2,25,person_burakio,Burakio,0.0000,,1000,42,https://docs.google.com/spreadsheets/d/16r_khFZJxguj1o1wSrDQO4vlJhSDhIdN8AbUJQbnDq0/edit#gid=0
season_003,Liga 2,25,person_crowdcontroller,CrowdController,0.0000,,1000,42,https://docs.google.com/spreadsheets/d/16r_khFZJxguj1o1wSrDQO4vlJhSDhIdN8AbUJQbnDq0/edit#gid=0
season_003,Liga 2,25,person_diaswordplay,DiaSwordPlay,0.0000,,1000,42,https://docs.google.com/spreadsheets/d/16r_khFZJxguj1o1wSrDQO4vlJhSDhIdN8AbUJQbnDq0/edit#gid=0
season_003,Liga 2,25,person_fnupa,Cabgolord,0.0000,,1000,42,https://docs.google.com/spreadsheets/d/16r_khFZJxguj1o1wSrDQO4vlJhSDhIdN8AbUJQbnDq0/edit#gid=0
season_003,Liga 2,25,person_killuasan,KilluaSan,0.0000,,1000,42,https://docs.google.com/spreadsheets/d/16r_khFZJxguj1o1wSrDQO4vlJhSDhIdN8AbUJQbnDq0/edit#gid=0
season_003,Liga 2,25,person_lauris,Lauris,0.0000,,1000,42,https://docs.google.com/spreadsheets/d/16r_khFZJxguj1o1wSrDQO4vlJhSDhIdN8AbUJQbnDq0/edit#gid=0
season_003,Liga 2,25,person_leinux,Leinux,0.0000,,1000,42,https://docs.google.com/spreadsheets/d/16r_khFZJxguj1o1wSrDQO4vlJhSDhIdN8AbUJQbnDq0/edit#gid=0
season_003,Liga 2,25,person_letskayze,LetsKayze,0.0000,,1000,42,https://docs.google.com/spreadsheets/d/16r_khFZJxguj1o1wSrDQO4vlJhSDhIdN8AbUJQbnDq0/edit#gid=0
season_003,Liga 2,25,person_lightgaming,LightGaming,1.0000,,1000,42,https://docs.google.com/spreadsheets/d/16r_khFZJxguj1o1wSrDQO4vlJhSDhIdN8AbUJQbnDq0/edit#gid=0
season_003,Liga 2,25,person_melevies,MeLevies,0.0000,,1000,42,https://docs.google.com/spreadsheets/d/16r_khFZJxguj1o1wSrDQO4vlJhSDhIdN8AbUJQbnDq0/edit#gid=0
season_003,Liga 2,25,person_pokebree,PokéBree,0.0000,,1000,42,https://docs.google.com/spreadsheets/d/16r_khFZJxguj1o1wSrDQO4vlJhSDhIdN8AbUJQbnDq0/edit#gid=0
season_003,Liga 2,25,person_pokeknight,PokéKnight,0.0000,,1000,42,https://docs.google.com/spreadsheets/d/16r_khFZJxguj1o1wSrDQO4vlJhSDhIdN8AbUJQbnDq0/edit#gid=0
season_003,Liga 2,25,person_professor_n,Professor N,0.0000,,1000,42,https://docs.google.com/spreadsheets/d/16r_khFZJxguj1o1wSrDQO4vlJhSDhIdN8AbUJQbnDq0/edit#gid=0
season_003,Liga 2,25,person_pyromanix,Pyromanix,0.0000,,1000,42,https://docs.google.com/spreadsheets/d/16r_khFZJxguj1o1wSrDQO4vlJhSDhIdN8AbUJQbnDq0/edit#gid=0
season_003,Liga 2,25,person_scarlet,Scarlet,0.0000,,1000,42,https://docs.google.com/spreadsheets/d/16r_khFZJxguj1o1wSrDQO4vlJhSDhIdN8AbUJQbnDq0/edit#gid=0
season_003,Liga 2,25,person_shiro,Shiro,0.0000,,1000,42,https://docs.google.com/spreadsheets/d/16r_khFZJxguj1o1wSrDQO4vlJhSDhIdN8AbUJQbnDq0/edit#gid=0
season_003,Liga 2,25,person_shizumania,Shizumania,0.0000,,1000,42,https://docs.google.com/spreadsheets/d/16r_khFZJxguj1o1wSrDQO4vlJhSDhIdN8AbUJQbnDq0/edit#gid=0
season_003,Liga 2,25,person_themiifii,TheMiiFii,0.0000,,1000,42,https://docs.google.com/spreadsheets/d/16r_khFZJxguj1o1wSrDQO4vlJhSDhIdN8AbUJQbnDq0/edit#gid=0
season_003,Liga 2,25,person_wolvx,WolvX,0.0000,,1000,42,https://docs.google.com/spreadsheets/d/16r_khFZJxguj1o1wSrDQO4vlJhSDhIdN8AbUJQbnDq0/edit#gid=0
season_003,Liga 2,26,person_blacklink,BlackLink,0.0000,,1000,42,https://docs.google.com/spreadsheets/d/16r_khFZJxguj1o1wSrDQO4vlJhSDhIdN8AbUJQbnDq0/edit#gid=0
season_003,Liga 2,26,person_bravebird,BraveBird,0.0000,,1000,42,https://docs.google.com/spreadsheets/d/16r_khFZJxguj1o1wSrDQO4vlJhSDhIdN8AbUJQbnDq0/edit#gid=0
season_003,Liga 2,26,person_burakio,Burakio,0.0000,,1000,42,https://docs.google.com/spreadsheets/d/16r_khFZJxguj1o1wSrDQO4vlJhSDhIdN8AbUJQbnDq0/edit#gid=0
season_003,Liga 2,26,person_crowdcontroller,CrowdController,0.0000,,1000,42,https://docs.google.com/spreadsheets/d/16r_khFZJxguj1o1wSrDQO4vlJhSDhIdN8AbUJQbnDq0/edit#gid=0
season_003,Liga 2,26,person_diaswordplay,DiaSwordPlay,0.0000,,1000,42,https://docs.google.com/spreadsheets/d/16r_khFZJxguj1o1wSrDQO4vlJhSDhIdN8AbUJQbnDq0/edit#gid=0
season_003,Liga 2,26,person_fnupa,Cabgolord,0.0000,,1000,42,https://docs.google.com/spreadsheets/d/16r_khFZJxguj1o1wSrDQO4vlJhSDhIdN8AbUJQbnDq0/edit#gid=0
season_003,Liga 2,26,person_killuasan,KilluaSan,0.0000,,1000,42,https://docs.google.com/spreadsheets/d/16r_khFZJxguj1o1wSrDQO4vlJhSDhIdN8AbUJQbnDq0/edit#gid=0
season_003,Liga 2,26,person_lauris,Lauris,0.0000,,1000,42,https://docs.google.com/spreadsheets/d/16r_khFZJxguj1o1wSrDQO4vlJhSDhIdN8AbUJQbnDq0/edit#gid=0
season_003,Liga 2,26,person_leinux,Leinux,0.0000,,1000,42,https://docs.google.com/spreadsheets/d/16r_khFZJxguj1o1wSrDQO4vlJhSDhIdN8AbUJQbnDq0/edit#gid=0
season_003,Liga 2,26,person_letskayze,LetsKayze,0.0000,,1000,42,https://docs.google.com/spreadsheets/d/16r_khFZJxguj1o1wSrDQO4vlJhSDhIdN8AbUJQbnDq0/edit#gid=0
season_003,Liga 2,26,person_lightgaming,LightGaming,1.0000,,1000,42,https://docs.google.com/spreadsheets/d/16r_khFZJxguj1o1wSrDQO4vlJhSDhIdN8AbUJQbnDq0/edit#gid=0
season_003,Liga 2,26,person_melevies,MeLevies,0.0000,,1000,42,https://docs.google.com/spreadsheets/d/16r_khFZJxguj1o1wSrDQO4vlJhSDhIdN8AbUJQbnDq0/edit#gid=0
season_003,Liga 2,26,person_pokebree,PokéBree,0.0000,,1000,42,https://docs.google.com/spreadsheets/d/16r_khFZJxguj1o1wSrDQO4vlJhSDhIdN8AbUJQbnDq0/edit#gid=0
season_003,Liga 2,26,person_pokeknight,PokéKnight,0.0000,,1000,42,https://docs.google.com/spreadsheets/d/16r_khFZJxguj1o1wSrDQO4vlJhSDhIdN8AbUJQbnDq0/edit#gid=0
season_003,Liga 2,26,person_professor_n,Professor N,0.0000,,1000,42,https://docs.google.com/spreadsheets/d/16r_khFZJxguj1o1wSrDQO4vlJhSDhIdN8AbUJQbnDq0/edit#gid=0
season_003,Liga 2,26,person_pyromanix,Pyromanix,0.0000,,1000,42,https://docs.google.com/spreadsheets/d/16r_khFZJxguj1o1wSrDQO4vlJhSDhIdN8AbUJQbnDq0/edit#gid=0
season_003,Liga 2,26,person_scarlet,Scarlet,0.0000,,1000,42,https://docs.google.com/spreadsheets/d/16r_khFZJxguj1o1wSrDQO4vlJhSDhIdN8AbUJQbnDq0/edit#gid=0
season_003,Liga 2,26,person_shiro,Shiro,0.0000,,1000,42,https://docs.google.com/spreadsheets/d/16r_khFZJxguj1o1wSrDQO4vlJhSDhIdN8AbUJQbnDq0/edit#gid=0
season_003,Liga 2,26,person_shizumania,Shizumania,0.0000,,1000,42,https://docs.google.com/spreadsheets/d/16r_khFZJxguj1o1wSrDQO4vlJhSDhIdN8AbUJQbnDq0/edit#gid=0
season_003,Liga 2,26,person_themiifii,TheMiiFii,0.0000,,1000,42,https://docs.google.com/spreadsheets/d/16r_khFZJxguj1o1wSrDQO4vlJhSDhIdN8AbUJQbnDq0/edit#gid=0
season_003,Liga 2,26,person_wolvx,WolvX,0.0000,,1000,42,https://docs.google.com/spreadsheets/d/16r_khFZJxguj1o1wSrDQO4vlJhSDhIdN8AbUJQbnDq0/edit#gid=0
season_004,Liga 2,1,person_asalakoren,Asalakoren,0.0150,,1000,42,https://docs.google.com/spreadsheets/d/1NKXigWOr5wX73nBCnJrqO0_OprQy7Q5ncRmxnsQencI/edit#gid=2071855674
season_004,Liga 2,1,person_barry_d_sin_of_speed,Barry D. Sin of Speed,0.1260,,1000,42,https://docs.google.com/spreadsheets/d/1NKXigWOr5wX73nBCnJrqO0_OprQy7Q5ncRmxnsQencI/edit#gid=2071855674
season_004,Liga 2,1,person_blacklink,BlackLink,0.1800,,1000,42,https://docs.google.com/spreadsheets/d/1NKXigWOr5wX73nBCnJrqO0_OprQy7Q5ncRmxnsQencI/edit#gid=2071855674
season_004,Liga 2,1,person_bravebird,BraveBird,0.0000,,1000,42,https://docs.google.com/spreadsheets/d/1NKXigWOr5wX73nBCnJrqO0_OprQy7Q5ncRmxnsQencI/edit#gid=2071855674
season_004,Liga 2,1,person_dauni_daunstar,Dauni,0.0130,,1000,42,https://docs.google.com/spreadsheets/d/1NKXigWOr5wX73nBCnJrqO0_OprQy7Q5ncRmxnsQencI/edit#gid=2071855674
season_004,Liga 2,1,person_glebber,Glebber,0.1260,,1000,42,https://docs.google.com/spreadsheets/d/1NKXigWOr5wX73nBCnJrqO0_OprQy7Q5ncRmxnsQencI/edit#gid=2071855674
season_004,Liga 2,1,person_leinux,Leinux,0.0550,,1000,42,https://docs.google.com/spreadsheets/d/1NKXigWOr5wX73nBCnJrqO0_OprQy7Q5ncRmxnsQencI/edit#gid=2071855674
season_004,Liga 2,1,person_professor_n,Professor N,0.2730,,1000,42,https://docs.google.com/spreadsheets/d/1NKXigWOr5wX73nBCnJrqO0_OprQy7Q5ncRmxnsQencI/edit#gid=2071855674
season_004,Liga 2,1,person_scoutley,Scoutley,0.0080,,1000,42,https://docs.google.com/spreadsheets/d/1NKXigWOr5wX73nBCnJrqO0_OprQy7Q5ncRmxnsQencI/edit#gid=2071855674
season_004,Liga 2,1,person_suishomaru,Suishomaru,0.1200,,1000,42,https://docs.google.com/spreadsheets/d/1NKXigWOr5wX73nBCnJrqO0_OprQy7Q5ncRmxnsQencI/edit#gid=2071855674
season_004,Liga 2,1,person_tabasco_tv,Tabasco TV,0.0840,,1000,42,https://docs.google.com/spreadsheets/d/1NKXigWOr5wX73nBCnJrqO0_OprQy7Q5ncRmxnsQencI/edit#gid=2071855674
season_004,Liga 2,1,person_themiifii,TheMiiFii,0.0000,,1000,42,https://docs.google.com/spreadsheets/d/1NKXigWOr5wX73nBCnJrqO0_OprQy7Q5ncRmxnsQencI/edit#gid=2071855674
season_004,Liga 2,2,person_asalakoren,Asalakoren,0.0040,,1000,42,https://docs.google.com/spreadsheets/d/1NKXigWOr5wX73nBCnJrqO0_OprQy7Q5ncRmxnsQencI/edit#gid=2071855674
season_004,Liga 2,2,person_barry_d_sin_of_speed,Barry D. Sin of Speed,0.0350,,1000,42,https://docs.google.com/spreadsheets/d/1NKXigWOr5wX73nBCnJrqO0_OprQy7Q5ncRmxnsQencI/edit#gid=2071855674
season_004,Liga 2,2,person_blacklink,BlackLink,0.0440,,1000,42,https://docs.google.com/spreadsheets/d/1NKXigWOr5wX73nBCnJrqO0_OprQy7Q5ncRmxnsQencI/edit#gid=2071855674
season_004,Liga 2,2,person_bravebird,BraveBird,0.0040,,1000,42,https://docs.google.com/spreadsheets/d/1NKXigWOr5wX73nBCnJrqO0_OprQy7Q5ncRmxnsQencI/edit#gid=2071855674
season_004,Liga 2,2,person_dauni_daunstar,Dauni,0.0280,,1000,42,https://docs.google.com/spreadsheets/d/1NKXigWOr5wX73nBCnJrqO0_OprQy7Q5ncRmxnsQencI/edit#gid=2071855674
season_004,Liga 2,2,person_glebber,Glebber,0.2290,,1000,42,https://docs.google.com/spreadsheets/d/1NKXigWOr5wX73nBCnJrqO0_OprQy7Q5ncRmxnsQencI/edit#gid=2071855674
season_004,Liga 2,2,person_leinux,Leinux,0.0190,,1000,42,https://docs.google.com/spreadsheets/d/1NKXigWOr5wX73nBCnJrqO0_OprQy7Q5ncRmxnsQencI/edit#gid=2071855674
season_004,Liga 2,2,person_professor_n,Professor N,0.3750,,1000,42,https://docs.google.com/spreadsheets/d/1NKXigWOr5wX73nBCnJrqO0_OprQy7Q5ncRmxnsQencI/edit#gid=2071855674
season_004,Liga 2,2,person_scoutley,Scoutley,0.0400,,1000,42,https://docs.google.com/spreadsheets/d/1NKXigWOr5wX73nBCnJrqO0_OprQy7Q5ncRmxnsQencI/edit#gid=2071855674
season_004,Liga 2,2,person_suishomaru,Suishomaru,0.1970,,1000,42,https://docs.google.com/spreadsheets/d/1NKXigWOr5wX73nBCnJrqO0_OprQy7Q5ncRmxnsQencI/edit#gid=2071855674
season_004,Liga 2,2,person_tabasco_tv,Tabasco TV,0.0250,,1000,42,https://docs.google.com/spreadsheets/d/1NKXigWOr5wX73nBCnJrqO0_OprQy7Q5ncRmxnsQencI/edit#gid=2071855674
season_004,Liga 2,2,person_themiifii,TheMiiFii,0.0000,,1000,42,https://docs.google.com/spreadsheets/d/1NKXigWOr5wX73nBCnJrqO0_OprQy7Q5ncRmxnsQencI/edit#gid=2071855674
season_004,Liga 2,3,person_asalakoren,Asalakoren,0.0010,,1000,42,https://docs.google.com/spreadsheets/d/1NKXigWOr5wX73nBCnJrqO0_OprQy7Q5ncRmxnsQencI/edit#gid=2071855674
season_004,Liga 2,3,person_barry_d_sin_of_speed,Barry D. Sin of Speed,0.0350,,1000,42,https://docs.google.com/spreadsheets/d/1NKXigWOr5wX73nBCnJrqO0_OprQy7Q5ncRmxnsQencI/edit#gid=2071855674
season_004,Liga 2,3,person_blacklink,BlackLink,0.0120,,1000,42,https://docs.google.com/spreadsheets/d/1NKXigWOr5wX73nBCnJrqO0_OprQy7Q5ncRmxnsQencI/edit#gid=2071855674
season_004,Liga 2,3,person_bravebird,BraveBird,0.0050,,1000,42,https://docs.google.com/spreadsheets/d/1NKXigWOr5wX73nBCnJrqO0_OprQy7Q5ncRmxnsQencI/edit#gid=2071855674
season_004,Liga 2,3,person_dauni_daunstar,Dauni,0.0060,,1000,42,https://docs.google.com/spreadsheets/d/1NKXigWOr5wX73nBCnJrqO0_OprQy7Q5ncRmxnsQencI/edit#gid=2071855674
season_004,Liga 2,3,person_glebber,Glebber,0.2930,,1000,42,https://docs.google.com/spreadsheets/d/1NKXigWOr5wX73nBCnJrqO0_OprQy7Q5ncRmxnsQencI/edit#gid=2071855674
season_004,Liga 2,3,person_leinux,Leinux,0.0020,,1000,42,https://docs.google.com/spreadsheets/d/1NKXigWOr5wX73nBCnJrqO0_OprQy7Q5ncRmxnsQencI/edit#gid=2071855674
season_004,Liga 2,3,person_professor_n,Professor N,0.3800,,1000,42,https://docs.google.com/spreadsheets/d/1NKXigWOr5wX73nBCnJrqO0_OprQy7Q5ncRmxnsQencI/edit#gid=2071855674
season_004,Liga 2,3,person_scoutley,Scoutley,0.0050,,1000,42,https://docs.google.com/spreadsheets/d/1NKXigWOr5wX73nBCnJrqO0_OprQy7Q5ncRmxnsQencI/edit#gid=2071855674
season_004,Liga 2,3,person_suishomaru,Suishomaru,0.2070,,1000,42,https://docs.google.com/spreadsheets/d/1NKXigWOr5wX73nBCnJrqO0_OprQy7Q5ncRmxnsQencI/edit#gid=2071855674
season_004,Liga 2,3,person_tabasco_tv,Tabasco TV,0.0540,,1000,42,https://docs.google.com/spreadsheets/d/1NKXigWOr5wX73nBCnJrqO0_OprQy7Q5ncRmxnsQencI/edit#gid=2071855674
season_004,Liga 2,3,person_themiifii,TheMiiFii,0.0000,,1000,42,https://docs.google.com/spreadsheets/d/1NKXigWOr5wX73nBCnJrqO0_OprQy7Q5ncRmxnsQencI/edit#gid=2071855674
season_004,Liga 2,4,person_asalakoren,Asalakoren,0.0000,,1000,42,https://docs.google.com/spreadsheets/d/1NKXigWOr5wX73nBCnJrqO0_OprQy7Q5ncRmxnsQencI/edit#gid=2071855674
season_004,Liga 2,4,person_barry_d_sin_of_speed,Barry D. Sin of Speed,0.0650,,1000,42,https://docs.google.com/spreadsheets/d/1NKXigWOr5wX73nBCnJrqO0_OprQy7Q5ncRmxnsQencI/edit#gid=2071855674
season_004,Liga 2,4,person_blacklink,BlackLink,0.0010,,1000,42,https://docs.google.com/spreadsheets/d/1NKXigWOr5wX73nBCnJrqO0_OprQy7Q5ncRmxnsQencI/edit#gid=2071855674
season_004,Liga 2,4,person_bravebird,BraveBird,0.0140,,1000,42,https://docs.google.com/spreadsheets/d/1NKXigWOr5wX73nBCnJrqO0_OprQy7Q5ncRmxnsQencI/edit#gid=2071855674
season_004,Liga 2,4,person_dauni_daunstar,Dauni,0.0080,,1000,42,https://docs.google.com/spreadsheets/d/1NKXigWOr5wX73nBCnJrqO0_OprQy7Q5ncRmxnsQencI/edit#gid=2071855674
season_004,Liga 2,4,person_glebber,Glebber,0.4030,,1000,42,https://docs.google.com/spreadsheets/d/1NKXigWOr5wX73nBCnJrqO0_OprQy7Q5ncRmxnsQencI/edit#gid=2071855674
season_004,Liga 2,4,person_leinux,Leinux,0.0000,,1000,42,https://docs.google.com/spreadsheets/d/1NKXigWOr5wX73nBCnJrqO0_OprQy7Q5ncRmxnsQencI/edit#gid=2071855674
season_004,Liga 2,4,person_professor_n,Professor N,0.4300,,1000,42,https://docs.google.com/spreadsheets/d/1NKXigWOr5wX73nBCnJrqO0_OprQy7Q5ncRmxnsQencI/edit#gid=2071855674
season_004,Liga 2,4,person_scoutley,Scoutley,0.0010,,1000,42,https://docs.google.com/spreadsheets/d/1NKXigWOr5wX73nBCnJrqO0_OprQy7Q5ncRmxnsQencI/edit#gid=2071855674
season_004,Liga 2,4,person_suishomaru,Suishomaru,0.0680,,1000,42,https://docs.google.com/spreadsheets/d/1NKXigWOr5wX73nBCnJrqO0_OprQy7Q5ncRmxnsQencI/edit#gid=2071855674
season_004,Liga 2,4,person_tabasco_tv,Tabasco TV,0.0100,,1000,42,https://docs.google.com/spreadsheets/d/1NKXigWOr5wX73nBCnJrqO0_OprQy7Q5ncRmxnsQencI/edit#gid=2071855674
season_004,Liga 2,4,person_themiifii,TheMiiFii,0.0000,,1000,42,https://docs.google.com/spreadsheets/d/1NKXigWOr5wX73nBCnJrqO0_OprQy7Q5ncRmxnsQencI/edit#gid=2071855674
season_004,Liga 2,5,person_asalakoren,Asalakoren,0.0000,,1000,42,https://docs.google.com/spreadsheets/d/1NKXigWOr5wX73nBCnJrqO0_OprQy7Q5ncRmxnsQencI/edit#gid=2071855674
season_004,Liga 2,5,person_barry_d_sin_of_speed,Barry D. Sin of Speed,0.0530,,1000,42,https://docs.google.com/spreadsheets/d/1NKXigWOr5wX73nBCnJrqO0_OprQy7Q5ncRmxnsQencI/edit#gid=2071855674
season_004,Liga 2,5,person_blacklink,BlackLink,0.0000,,1000,42,https://docs.google.com/spreadsheets/d/1NKXigWOr5wX73nBCnJrqO0_OprQy7Q5ncRmxnsQencI/edit#gid=2071855674
season_004,Liga 2,5,person_bravebird,BraveBird,0.0030,,1000,42,https://docs.google.com/spreadsheets/d/1NKXigWOr5wX73nBCnJrqO0_OprQy7Q5ncRmxnsQencI/edit#gid=2071855674
season_004,Liga 2,5,person_dauni_daunstar,Dauni,0.0190,,1000,42,https://docs.google.com/spreadsheets/d/1NKXigWOr5wX73nBCnJrqO0_OprQy7Q5ncRmxnsQencI/edit#gid=2071855674
season_004,Liga 2,5,person_glebber,Glebber,0.3960,,1000,42,https://docs.google.com/spreadsheets/d/1NKXigWOr5wX73nBCnJrqO0_OprQy7Q5ncRmxnsQencI/edit#gid=2071855674
season_004,Liga 2,5,person_leinux,Leinux,0.0000,,1000,42,https://docs.google.com/spreadsheets/d/1NKXigWOr5wX73nBCnJrqO0_OprQy7Q5ncRmxnsQencI/edit#gid=2071855674
season_004,Liga 2,5,person_professor_n,Professor N,0.4540,,1000,42,https://docs.google.com/spreadsheets/d/1NKXigWOr5wX73nBCnJrqO0_OprQy7Q5ncRmxnsQencI/edit#gid=2071855674
season_004,Liga 2,5,person_scoutley,Scoutley,0.0000,,1000,42,https://docs.google.com/spreadsheets/d/1NKXigWOr5wX73nBCnJrqO0_OprQy7Q5ncRmxnsQencI/edit#gid=2071855674
season_004,Liga 2,5,person_suishomaru,Suishomaru,0.0730,,1000,42,https://docs.google.com/spreadsheets/d/1NKXigWOr5wX73nBCnJrqO0_OprQy7Q5ncRmxnsQencI/edit#gid=2071855674
season_004,Liga 2,5,person_tabasco_tv,Tabasco TV,0.0020,,1000,42,https://docs.google.com/spreadsheets/d/1NKXigWOr5wX73nBCnJrqO0_OprQy7Q5ncRmxnsQencI/edit#gid=2071855674
season_004,Liga 2,5,person_themiifii,TheMiiFii,0.0000,,1000,42,https://docs.google.com/spreadsheets/d/1NKXigWOr5wX73nBCnJrqO0_OprQy7Q5ncRmxnsQencI/edit#gid=2071855674
season_004,Liga 2,6,person_asalakoren,Asalakoren,0.0000,,1000,42,https://docs.google.com/spreadsheets/d/1NKXigWOr5wX73nBCnJrqO0_OprQy7Q5ncRmxnsQencI/edit#gid=2071855674
season_004,Liga 2,6,person_barry_d_sin_of_speed,Barry D. Sin of Speed,0.1500,,1000,42,https://docs.google.com/spreadsheets/d/1NKXigWOr5wX73nBCnJrqO0_OprQy7Q5ncRmxnsQencI/edit#gid=2071855674
season_004,Liga 2,6,person_blacklink,BlackLink,0.0000,,1000,42,https://docs.google.com/spreadsheets/d/1NKXigWOr5wX73nBCnJrqO0_OprQy7Q5ncRmxnsQencI/edit#gid=2071855674
season_004,Liga 2,6,person_bravebird,BraveBird,0.0100,,1000,42,https://docs.google.com/spreadsheets/d/1NKXigWOr5wX73nBCnJrqO0_OprQy7Q5ncRmxnsQencI/edit#gid=2071855674
season_004,Liga 2,6,person_dauni_daunstar,Dauni,0.0450,,1000,42,https://docs.google.com/spreadsheets/d/1NKXigWOr5wX73nBCnJrqO0_OprQy7Q5ncRmxnsQencI/edit#gid=2071855674
season_004,Liga 2,6,person_glebber,Glebber,0.2690,,1000,42,https://docs.google.com/spreadsheets/d/1NKXigWOr5wX73nBCnJrqO0_OprQy7Q5ncRmxnsQencI/edit#gid=2071855674
season_004,Liga 2,6,person_leinux,Leinux,0.0000,,1000,42,https://docs.google.com/spreadsheets/d/1NKXigWOr5wX73nBCnJrqO0_OprQy7Q5ncRmxnsQencI/edit#gid=2071855674
season_004,Liga 2,6,person_professor_n,Professor N,0.3220,,1000,42,https://docs.google.com/spreadsheets/d/1NKXigWOr5wX73nBCnJrqO0_OprQy7Q5ncRmxnsQencI/edit#gid=2071855674
season_004,Liga 2,6,person_scoutley,Scoutley,0.0000,,1000,42,https://docs.google.com/spreadsheets/d/1NKXigWOr5wX73nBCnJrqO0_OprQy7Q5ncRmxnsQencI/edit#gid=2071855674
season_004,Liga 2,6,person_suishomaru,Suishomaru,0.1980,,1000,42,https://docs.google.com/spreadsheets/d/1NKXigWOr5wX73nBCnJrqO0_OprQy7Q5ncRmxnsQencI/edit#gid=2071855674
season_004,Liga 2,6,person_tabasco_tv,Tabasco TV,0.0060,,1000,42,https://docs.google.com/spreadsheets/d/1NKXigWOr5wX73nBCnJrqO0_OprQy7Q5ncRmxnsQencI/edit#gid=2071855674
season_004,Liga 2,6,person_themiifii,TheMiiFii,0.0000,,1000,42,https://docs.google.com/spreadsheets/d/1NKXigWOr5wX73nBCnJrqO0_OprQy7Q5ncRmxnsQencI/edit#gid=2071855674
season_004,Liga 2,7,person_asalakoren,Asalakoren,0.0000,,1000,42,https://docs.google.com/spreadsheets/d/1NKXigWOr5wX73nBCnJrqO0_OprQy7Q5ncRmxnsQencI/edit#gid=2071855674
season_004,Liga 2,7,person_barry_d_sin_of_speed,Barry D. Sin of Speed,0.2450,,1000,42,https://docs.google.com/spreadsheets/d/1NKXigWOr5wX73nBCnJrqO0_OprQy7Q5ncRmxnsQencI/edit#gid=2071855674
season_004,Liga 2,7,person_blacklink,BlackLink,0.0000,,1000,42,https://docs.google.com/spreadsheets/d/1NKXigWOr5wX73nBCnJrqO0_OprQy7Q5ncRmxnsQencI/edit#gid=2071855674
season_004,Liga 2,7,person_bravebird,BraveBird,0.0030,,1000,42,https://docs.google.com/spreadsheets/d/1NKXigWOr5wX73nBCnJrqO0_OprQy7Q5ncRmxnsQencI/edit#gid=2071855674
season_004,Liga 2,7,person_dauni_daunstar,Dauni,0.0090,,1000,42,https://docs.google.com/spreadsheets/d/1NKXigWOr5wX73nBCnJrqO0_OprQy7Q5ncRmxnsQencI/edit#gid=2071855674
season_004,Liga 2,7,person_glebber,Glebber,0.0690,,1000,42,https://docs.google.com/spreadsheets/d/1NKXigWOr5wX73nBCnJrqO0_OprQy7Q5ncRmxnsQencI/edit#gid=2071855674
season_004,Liga 2,7,person_leinux,Leinux,0.0000,,1000,42,https://docs.google.com/spreadsheets/d/1NKXigWOr5wX73nBCnJrqO0_OprQy7Q5ncRmxnsQencI/edit#gid=2071855674
season_004,Liga 2,7,person_professor_n,Professor N,0.5780,,1000,42,https://docs.google.com/spreadsheets/d/1NKXigWOr5wX73nBCnJrqO0_OprQy7Q5ncRmxnsQencI/edit#gid=2071855674
season_004,Liga 2,7,person_scoutley,Scoutley,0.0000,,1000,42,https://docs.google.com/spreadsheets/d/1NKXigWOr5wX73nBCnJrqO0_OprQy7Q5ncRmxnsQencI/edit#gid=2071855674
season_004,Liga 2,7,person_suishomaru,Suishomaru,0.0840,,1000,42,https://docs.google.com/spreadsheets/d/1NKXigWOr5wX73nBCnJrqO0_OprQy7Q5ncRmxnsQencI/edit#gid=2071855674
season_004,Liga 2,7,person_tabasco_tv,Tabasco TV,0.0120,,1000,42,https://docs.google.com/spreadsheets/d/1NKXigWOr5wX73nBCnJrqO0_OprQy7Q5ncRmxnsQencI/edit#gid=2071855674
season_004,Liga 2,7,person_themiifii,TheMiiFii,0.0000,,1000,42,https://docs.google.com/spreadsheets/d/1NKXigWOr5wX73nBCnJrqO0_OprQy7Q5ncRmxnsQencI/edit#gid=2071855674
season_004,Liga 2,8,person_asalakoren,Asalakoren,0.0000,,1000,42,https://docs.google.com/spreadsheets/d/1NKXigWOr5wX73nBCnJrqO0_OprQy7Q5ncRmxnsQencI/edit#gid=2071855674
season_004,Liga 2,8,person_barry_d_sin_of_speed,Barry D. Sin of Speed,0.1910,,1000,42,https://docs.google.com/spreadsheets/d/1NKXigWOr5wX73nBCnJrqO0_OprQy7Q5ncRmxnsQencI/edit#gid=2071855674
season_004,Liga 2,8,person_blacklink,BlackLink,0.0000,,1000,42,https://docs.google.com/spreadsheets/d/1NKXigWOr5wX73nBCnJrqO0_OprQy7Q5ncRmxnsQencI/edit#gid=2071855674
season_004,Liga 2,8,person_bravebird,BraveBird,0.0120,,1000,42,https://docs.google.com/spreadsheets/d/1NKXigWOr5wX73nBCnJrqO0_OprQy7Q5ncRmxnsQencI/edit#gid=2071855674
season_004,Liga 2,8,person_dauni_daunstar,Dauni,0.0370,,1000,42,https://docs.google.com/spreadsheets/d/1NKXigWOr5wX73nBCnJrqO0_OprQy7Q5ncRmxnsQencI/edit#gid=2071855674
season_004,Liga 2,8,person_glebber,Glebber,0.0380,,1000,42,https://docs.google.com/spreadsheets/d/1NKXigWOr5wX73nBCnJrqO0_OprQy7Q5ncRmxnsQencI/edit#gid=2071855674
season_004,Liga 2,8,person_leinux,Leinux,0.0000,,1000,42,https://docs.google.com/spreadsheets/d/1NKXigWOr5wX73nBCnJrqO0_OprQy7Q5ncRmxnsQencI/edit#gid=2071855674
season_004,Liga 2,8,person_professor_n,Professor N,0.4450,,1000,42,https://docs.google.com/spreadsheets/d/1NKXigWOr5wX73nBCnJrqO0_OprQy7Q5ncRmxnsQencI/edit#gid=2071855674
season_004,Liga 2,8,person_scoutley,Scoutley,0.0000,,1000,42,https://docs.google.com/spreadsheets/d/1NKXigWOr5wX73nBCnJrqO0_OprQy7Q5ncRmxnsQencI/edit#gid=2071855674
season_004,Liga 2,8,person_suishomaru,Suishomaru,0.2030,,1000,42,https://docs.google.com/spreadsheets/d/1NKXigWOr5wX73nBCnJrqO0_OprQy7Q5ncRmxnsQencI/edit#gid=2071855674
season_004,Liga 2,8,person_tabasco_tv,Tabasco TV,0.0680,,1000,42,https://docs.google.com/spreadsheets/d/1NKXigWOr5wX73nBCnJrqO0_OprQy7Q5ncRmxnsQencI/edit#gid=2071855674
season_004,Liga 2,8,person_themiifii,TheMiiFii,0.0060,,1000,42,https://docs.google.com/spreadsheets/d/1NKXigWOr5wX73nBCnJrqO0_OprQy7Q5ncRmxnsQencI/edit#gid=2071855674
season_004,Liga 2,9,person_asalakoren,Asalakoren,0.0000,,1000,42,https://docs.google.com/spreadsheets/d/1NKXigWOr5wX73nBCnJrqO0_OprQy7Q5ncRmxnsQencI/edit#gid=2071855674
season_004,Liga 2,9,person_barry_d_sin_of_speed,Barry D. Sin of Speed,0.0520,,1000,42,https://docs.google.com/spreadsheets/d/1NKXigWOr5wX73nBCnJrqO0_OprQy7Q5ncRmxnsQencI/edit#gid=2071855674
season_004,Liga 2,9,person_blacklink,BlackLink,0.0000,,1000,42,https://docs.google.com/spreadsheets/d/1NKXigWOr5wX73nBCnJrqO0_OprQy7Q5ncRmxnsQencI/edit#gid=2071855674
season_004,Liga 2,9,person_bravebird,BraveBird,0.0170,,1000,42,https://docs.google.com/spreadsheets/d/1NKXigWOr5wX73nBCnJrqO0_OprQy7Q5ncRmxnsQencI/edit#gid=2071855674
season_004,Liga 2,9,person_dauni_daunstar,Dauni,0.0090,,1000,42,https://docs.google.com/spreadsheets/d/1NKXigWOr5wX73nBCnJrqO0_OprQy7Q5ncRmxnsQencI/edit#gid=2071855674
season_004,Liga 2,9,person_glebber,Glebber,0.0850,,1000,42,https://docs.google.com/spreadsheets/d/1NKXigWOr5wX73nBCnJrqO0_OprQy7Q5ncRmxnsQencI/edit#gid=2071855674
season_004,Liga 2,9,person_leinux,Leinux,0.0000,,1000,42,https://docs.google.com/spreadsheets/d/1NKXigWOr5wX73nBCnJrqO0_OprQy7Q5ncRmxnsQencI/edit#gid=2071855674
season_004,Liga 2,9,person_professor_n,Professor N,0.4830,,1000,42,https://docs.google.com/spreadsheets/d/1NKXigWOr5wX73nBCnJrqO0_OprQy7Q5ncRmxnsQencI/edit#gid=2071855674
season_004,Liga 2,9,person_scoutley,Scoutley,0.0000,,1000,42,https://docs.google.com/spreadsheets/d/1NKXigWOr5wX73nBCnJrqO0_OprQy7Q5ncRmxnsQencI/edit#gid=2071855674
season_004,Liga 2,9,person_suishomaru,Suishomaru,0.2890,,1000,42,https://docs.google.com/spreadsheets/d/1NKXigWOr5wX73nBCnJrqO0_OprQy7Q5ncRmxnsQencI/edit#gid=2071855674
season_004,Liga 2,9,person_tabasco_tv,Tabasco TV,0.0650,,1000,42,https://docs.google.com/spreadsheets/d/1NKXigWOr5wX73nBCnJrqO0_OprQy7Q5ncRmxnsQencI/edit#gid=2071855674
season_004,Liga 2,9,person_themiifii,TheMiiFii,0.0000,,1000,42,https://docs.google.com/spreadsheets/d/1NKXigWOr5wX73nBCnJrqO0_OprQy7Q5ncRmxnsQencI/edit#gid=2071855674
season_004,Liga 2,10,person_asalakoren,Asalakoren,0.0000,,1000,42,https://docs.google.com/spreadsheets/d/1NKXigWOr5wX73nBCnJrqO0_OprQy7Q5ncRmxnsQencI/edit#gid=2071855674
season_004,Liga 2,10,person_barry_d_sin_of_speed,Barry D. Sin of Speed,0.1220,,1000,42,https://docs.google.com/spreadsheets/d/1NKXigWOr5wX73nBCnJrqO0_OprQy7Q5ncRmxnsQencI/edit#gid=2071855674
season_004,Liga 2,10,person_blacklink,BlackLink,0.0000,,1000,42,https://docs.google.com/spreadsheets/d/1NKXigWOr5wX73nBCnJrqO0_OprQy7Q5ncRmxnsQencI/edit#gid=2071855674
season_004,Liga 2,10,person_bravebird,BraveBird,0.0120,,1000,42,https://docs.google.com/spreadsheets/d/1NKXigWOr5wX73nBCnJrqO0_OprQy7Q5ncRmxnsQencI/edit#gid=2071855674
season_004,Liga 2,10,person_dauni_daunstar,Dauni,0.0420,,1000,42,https://docs.google.com/spreadsheets/d/1NKXigWOr5wX73nBCnJrqO0_OprQy7Q5ncRmxnsQencI/edit#gid=2071855674
season_004,Liga 2,10,person_glebber,Glebber,0.0470,,1000,42,https://docs.google.com/spreadsheets/d/1NKXigWOr5wX73nBCnJrqO0_OprQy7Q5ncRmxnsQencI/edit#gid=2071855674
season_004,Liga 2,10,person_leinux,Leinux,0.0000,,1000,42,https://docs.google.com/spreadsheets/d/1NKXigWOr5wX73nBCnJrqO0_OprQy7Q5ncRmxnsQencI/edit#gid=2071855674
season_004,Liga 2,10,person_professor_n,Professor N,0.2840,,1000,42,https://docs.google.com/spreadsheets/d/1NKXigWOr5wX73nBCnJrqO0_OprQy7Q5ncRmxnsQencI/edit#gid=2071855674
season_004,Liga 2,10,person_scoutley,Scoutley,0.0000,,1000,42,https://docs.google.com/spreadsheets/d/1NKXigWOr5wX73nBCnJrqO0_OprQy7Q5ncRmxnsQencI/edit#gid=2071855674
season_004,Liga 2,10,person_suishomaru,Suishomaru,0.2030,,1000,42,https://docs.google.com/spreadsheets/d/1NKXigWOr5wX73nBCnJrqO0_OprQy7Q5ncRmxnsQencI/edit#gid=2071855674
season_004,Liga 2,10,person_tabasco_tv,Tabasco TV,0.2870,,1000,42,https://docs.google.com/spreadsheets/d/1NKXigWOr5wX73nBCnJrqO0_OprQy7Q5ncRmxnsQencI/edit#gid=2071855674
season_004,Liga 2,10,person_themiifii,TheMiiFii,0.0030,,1000,42,https://docs.google.com/spreadsheets/d/1NKXigWOr5wX73nBCnJrqO0_OprQy7Q5ncRmxnsQencI/edit#gid=2071855674
season_004,Liga 2,11,person_asalakoren,Asalakoren,0.0000,,1000,42,https://docs.google.com/spreadsheets/d/1NKXigWOr5wX73nBCnJrqO0_OprQy7Q5ncRmxnsQencI/edit#gid=2071855674
season_004,Liga 2,11,person_barry_d_sin_of_speed,Barry D. Sin of Speed,0.0300,,1000,42,https://docs.google.com/spreadsheets/d/1NKXigWOr5wX73nBCnJrqO0_OprQy7Q5ncRmxnsQencI/edit#gid=2071855674
season_004,Liga 2,11,person_blacklink,BlackLink,0.0000,,1000,42,https://docs.google.com/spreadsheets/d/1NKXigWOr5wX73nBCnJrqO0_OprQy7Q5ncRmxnsQencI/edit#gid=2071855674
season_004,Liga 2,11,person_bravebird,BraveBird,0.0040,,1000,42,https://docs.google.com/spreadsheets/d/1NKXigWOr5wX73nBCnJrqO0_OprQy7Q5ncRmxnsQencI/edit#gid=2071855674
season_004,Liga 2,11,person_dauni_daunstar,Dauni,0.0580,,1000,42,https://docs.google.com/spreadsheets/d/1NKXigWOr5wX73nBCnJrqO0_OprQy7Q5ncRmxnsQencI/edit#gid=2071855674
season_004,Liga 2,11,person_glebber,Glebber,0.0030,,1000,42,https://docs.google.com/spreadsheets/d/1NKXigWOr5wX73nBCnJrqO0_OprQy7Q5ncRmxnsQencI/edit#gid=2071855674
season_004,Liga 2,11,person_leinux,Leinux,0.0000,,1000,42,https://docs.google.com/spreadsheets/d/1NKXigWOr5wX73nBCnJrqO0_OprQy7Q5ncRmxnsQencI/edit#gid=2071855674
season_004,Liga 2,11,person_professor_n,Professor N,0.3380,,1000,42,https://docs.google.com/spreadsheets/d/1NKXigWOr5wX73nBCnJrqO0_OprQy7Q5ncRmxnsQencI/edit#gid=2071855674
season_004,Liga 2,11,person_scoutley,Scoutley,0.0000,,1000,42,https://docs.google.com/spreadsheets/d/1NKXigWOr5wX73nBCnJrqO0_OprQy7Q5ncRmxnsQencI/edit#gid=2071855674
season_004,Liga 2,11,person_suishomaru,Suishomaru,0.1970,,1000,42,https://docs.google.com/spreadsheets/d/1NKXigWOr5wX73nBCnJrqO0_OprQy7Q5ncRmxnsQencI/edit#gid=2071855674
season_004,Liga 2,11,person_tabasco_tv,Tabasco TV,0.3610,,1000,42,https://docs.google.com/spreadsheets/d/1NKXigWOr5wX73nBCnJrqO0_OprQy7Q5ncRmxnsQencI/edit#gid=2071855674
season_004,Liga 2,11,person_themiifii,TheMiiFii,0.0090,,1000,42,https://docs.google.com/spreadsheets/d/1NKXigWOr5wX73nBCnJrqO0_OprQy7Q5ncRmxnsQencI/edit#gid=2071855674
season_004,Liga 2,12,person_asalakoren,Asalakoren,0.0000,,1000,42,https://docs.google.com/spreadsheets/d/1NKXigWOr5wX73nBCnJrqO0_OprQy7Q5ncRmxnsQencI/edit#gid=2071855674
season_004,Liga 2,12,person_barry_d_sin_of_speed,Barry D. Sin of Speed,0.0470,,1000,42,https://docs.google.com/spreadsheets/d/1NKXigWOr5wX73nBCnJrqO0_OprQy7Q5ncRmxnsQencI/edit#gid=2071855674
season_004,Liga 2,12,person_blacklink,BlackLink,0.0000,,1000,42,https://docs.google.com/spreadsheets/d/1NKXigWOr5wX73nBCnJrqO0_OprQy7Q5ncRmxnsQencI/edit#gid=2071855674
season_004,Liga 2,12,person_bravebird,BraveBird,0.0010,,1000,42,https://docs.google.com/spreadsheets/d/1NKXigWOr5wX73nBCnJrqO0_OprQy7Q5ncRmxnsQencI/edit#gid=2071855674
season_004,Liga 2,12,person_dauni_daunstar,Dauni,0.0180,,1000,42,https://docs.google.com/spreadsheets/d/1NKXigWOr5wX73nBCnJrqO0_OprQy7Q5ncRmxnsQencI/edit#gid=2071855674
season_004,Liga 2,12,person_glebber,Glebber,0.0060,,1000,42,https://docs.google.com/spreadsheets/d/1NKXigWOr5wX73nBCnJrqO0_OprQy7Q5ncRmxnsQencI/edit#gid=2071855674
season_004,Liga 2,12,person_leinux,Leinux,0.0000,,1000,42,https://docs.google.com/spreadsheets/d/1NKXigWOr5wX73nBCnJrqO0_OprQy7Q5ncRmxnsQencI/edit#gid=2071855674
season_004,Liga 2,12,person_professor_n,Professor N,0.5170,,1000,42,https://docs.google.com/spreadsheets/d/1NKXigWOr5wX73nBCnJrqO0_OprQy7Q5ncRmxnsQencI/edit#gid=2071855674
season_004,Liga 2,12,person_scoutley,Scoutley,0.0000,,1000,42,https://docs.google.com/spreadsheets/d/1NKXigWOr5wX73nBCnJrqO0_OprQy7Q5ncRmxnsQencI/edit#gid=2071855674
season_004,Liga 2,12,person_suishomaru,Suishomaru,0.2780,,1000,42,https://docs.google.com/spreadsheets/d/1NKXigWOr5wX73nBCnJrqO0_OprQy7Q5ncRmxnsQencI/edit#gid=2071855674
season_004,Liga 2,12,person_tabasco_tv,Tabasco TV,0.1320,,1000,42,https://docs.google.com/spreadsheets/d/1NKXigWOr5wX73nBCnJrqO0_OprQy7Q5ncRmxnsQencI/edit#gid=2071855674
season_004,Liga 2,12,person_themiifii,TheMiiFii,0.0010,,1000,42,https://docs.google.com/spreadsheets/d/1NKXigWOr5wX73nBCnJrqO0_OprQy7Q5ncRmxnsQencI/edit#gid=2071855674
season_004,Liga 2,13,person_asalakoren,Asalakoren,0.0000,,1000,42,https://docs.google.com/spreadsheets/d/1NKXigWOr5wX73nBCnJrqO0_OprQy7Q5ncRmxnsQencI/edit#gid=2071855674
season_004,Liga 2,13,person_barry_d_sin_of_speed,Barry D. Sin of Speed,0.0680,,1000,42,https://docs.google.com/spreadsheets/d/1NKXigWOr5wX73nBCnJrqO0_OprQy7Q5ncRmxnsQencI/edit#gid=2071855674
season_004,Liga 2,13,person_blacklink,BlackLink,0.0000,,1000,42,https://docs.google.com/spreadsheets/d/1NKXigWOr5wX73nBCnJrqO0_OprQy7Q5ncRmxnsQencI/edit#gid=2071855674
season_004,Liga 2,13,person_bravebird,BraveBird,0.0060,,1000,42,https://docs.google.com/spreadsheets/d/1NKXigWOr5wX73nBCnJrqO0_OprQy7Q5ncRmxnsQencI/edit#gid=2071855674
season_004,Liga 2,13,person_dauni_daunstar,Dauni,0.0000,,1000,42,https://docs.google.com/spreadsheets/d/1NKXigWOr5wX73nBCnJrqO0_OprQy7Q5ncRmxnsQencI/edit#gid=2071855674
season_004,Liga 2,13,person_glebber,Glebber,0.0140,,1000,42,https://docs.google.com/spreadsheets/d/1NKXigWOr5wX73nBCnJrqO0_OprQy7Q5ncRmxnsQencI/edit#gid=2071855674
season_004,Liga 2,13,person_leinux,Leinux,0.0000,,1000,42,https://docs.google.com/spreadsheets/d/1NKXigWOr5wX73nBCnJrqO0_OprQy7Q5ncRmxnsQencI/edit#gid=2071855674
season_004,Liga 2,13,person_professor_n,Professor N,0.2320,,1000,42,https://docs.google.com/spreadsheets/d/1NKXigWOr5wX73nBCnJrqO0_OprQy7Q5ncRmxnsQencI/edit#gid=2071855674
season_004,Liga 2,13,person_scoutley,Scoutley,0.0000,,1000,42,https://docs.google.com/spreadsheets/d/1NKXigWOr5wX73nBCnJrqO0_OprQy7Q5ncRmxnsQencI/edit#gid=2071855674
season_004,Liga 2,13,person_suishomaru,Suishomaru,0.3910,,1000,42,https://docs.google.com/spreadsheets/d/1NKXigWOr5wX73nBCnJrqO0_OprQy7Q5ncRmxnsQencI/edit#gid=2071855674
season_004,Liga 2,13,person_tabasco_tv,Tabasco TV,0.2840,,1000,42,https://docs.google.com/spreadsheets/d/1NKXigWOr5wX73nBCnJrqO0_OprQy7Q5ncRmxnsQencI/edit#gid=2071855674
season_004,Liga 2,13,person_themiifii,TheMiiFii,0.0050,,1000,42,https://docs.google.com/spreadsheets/d/1NKXigWOr5wX73nBCnJrqO0_OprQy7Q5ncRmxnsQencI/edit#gid=2071855674
season_004,Liga 2,14,person_asalakoren,Asalakoren,0.0000,,1000,42,https://docs.google.com/spreadsheets/d/1NKXigWOr5wX73nBCnJrqO0_OprQy7Q5ncRmxnsQencI/edit#gid=2071855674
season_004,Liga 2,14,person_barry_d_sin_of_speed,Barry D. Sin of Speed,0.0130,,1000,42,https://docs.google.com/spreadsheets/d/1NKXigWOr5wX73nBCnJrqO0_OprQy7Q5ncRmxnsQencI/edit#gid=2071855674
season_004,Liga 2,14,person_blacklink,BlackLink,0.0000,,1000,42,https://docs.google.com/spreadsheets/d/1NKXigWOr5wX73nBCnJrqO0_OprQy7Q5ncRmxnsQencI/edit#gid=2071855674
season_004,Liga 2,14,person_bravebird,BraveBird,0.0120,,1000,42,https://docs.google.com/spreadsheets/d/1NKXigWOr5wX73nBCnJrqO0_OprQy7Q5ncRmxnsQencI/edit#gid=2071855674
season_004,Liga 2,14,person_dauni_daunstar,Dauni,0.0010,,1000,42,https://docs.google.com/spreadsheets/d/1NKXigWOr5wX73nBCnJrqO0_OprQy7Q5ncRmxnsQencI/edit#gid=2071855674
season_004,Liga 2,14,person_glebber,Glebber,0.0070,,1000,42,https://docs.google.com/spreadsheets/d/1NKXigWOr5wX73nBCnJrqO0_OprQy7Q5ncRmxnsQencI/edit#gid=2071855674
season_004,Liga 2,14,person_leinux,Leinux,0.0000,,1000,42,https://docs.google.com/spreadsheets/d/1NKXigWOr5wX73nBCnJrqO0_OprQy7Q5ncRmxnsQencI/edit#gid=2071855674
season_004,Liga 2,14,person_professor_n,Professor N,0.2410,,1000,42,https://docs.google.com/spreadsheets/d/1NKXigWOr5wX73nBCnJrqO0_OprQy7Q5ncRmxnsQencI/edit#gid=2071855674
season_004,Liga 2,14,person_scoutley,Scoutley,0.0000,,1000,42,https://docs.google.com/spreadsheets/d/1NKXigWOr5wX73nBCnJrqO0_OprQy7Q5ncRmxnsQencI/edit#gid=2071855674
season_004,Liga 2,14,person_suishomaru,Suishomaru,0.3990,,1000,42,https://docs.google.com/spreadsheets/d/1NKXigWOr5wX73nBCnJrqO0_OprQy7Q5ncRmxnsQencI/edit#gid=2071855674
season_004,Liga 2,14,person_tabasco_tv,Tabasco TV,0.3260,,1000,42,https://docs.google.com/spreadsheets/d/1NKXigWOr5wX73nBCnJrqO0_OprQy7Q5ncRmxnsQencI/edit#gid=2071855674
season_004,Liga 2,14,person_themiifii,TheMiiFii,0.0010,,1000,42,https://docs.google.com/spreadsheets/d/1NKXigWOr5wX73nBCnJrqO0_OprQy7Q5ncRmxnsQencI/edit#gid=2071855674
season_004,Liga 2,15,person_asalakoren,Asalakoren,0.0000,,1000,42,https://docs.google.com/spreadsheets/d/1NKXigWOr5wX73nBCnJrqO0_OprQy7Q5ncRmxnsQencI/edit#gid=2071855674
season_004,Liga 2,15,person_barry_d_sin_of_speed,Barry D. Sin of Speed,0.0030,,1000,42,https://docs.google.com/spreadsheets/d/1NKXigWOr5wX73nBCnJrqO0_OprQy7Q5ncRmxnsQencI/edit#gid=2071855674
season_004,Liga 2,15,person_blacklink,BlackLink,0.0000,,1000,42,https://docs.google.com/spreadsheets/d/1NKXigWOr5wX73nBCnJrqO0_OprQy7Q5ncRmxnsQencI/edit#gid=2071855674
season_004,Liga 2,15,person_bravebird,BraveBird,0.0000,,1000,42,https://docs.google.com/spreadsheets/d/1NKXigWOr5wX73nBCnJrqO0_OprQy7Q5ncRmxnsQencI/edit#gid=2071855674
season_004,Liga 2,15,person_dauni_daunstar,Dauni,0.0030,,1000,42,https://docs.google.com/spreadsheets/d/1NKXigWOr5wX73nBCnJrqO0_OprQy7Q5ncRmxnsQencI/edit#gid=2071855674
season_004,Liga 2,15,person_glebber,Glebber,0.0020,,1000,42,https://docs.google.com/spreadsheets/d/1NKXigWOr5wX73nBCnJrqO0_OprQy7Q5ncRmxnsQencI/edit#gid=2071855674
season_004,Liga 2,15,person_leinux,Leinux,0.0000,,1000,42,https://docs.google.com/spreadsheets/d/1NKXigWOr5wX73nBCnJrqO0_OprQy7Q5ncRmxnsQencI/edit#gid=2071855674
season_004,Liga 2,15,person_professor_n,Professor N,0.2240,,1000,42,https://docs.google.com/spreadsheets/d/1NKXigWOr5wX73nBCnJrqO0_OprQy7Q5ncRmxnsQencI/edit#gid=2071855674
season_004,Liga 2,15,person_scoutley,Scoutley,0.0000,,1000,42,https://docs.google.com/spreadsheets/d/1NKXigWOr5wX73nBCnJrqO0_OprQy7Q5ncRmxnsQencI/edit#gid=2071855674
season_004,Liga 2,15,person_suishomaru,Suishomaru,0.4510,,1000,42,https://docs.google.com/spreadsheets/d/1NKXigWOr5wX73nBCnJrqO0_OprQy7Q5ncRmxnsQencI/edit#gid=2071855674
season_004,Liga 2,15,person_tabasco_tv,Tabasco TV,0.3170,,1000,42,https://docs.google.com/spreadsheets/d/1NKXigWOr5wX73nBCnJrqO0_OprQy7Q5ncRmxnsQencI/edit#gid=2071855674
season_004,Liga 2,15,person_themiifii,TheMiiFii,0.0000,,1000,42,https://docs.google.com/spreadsheets/d/1NKXigWOr5wX73nBCnJrqO0_OprQy7Q5ncRmxnsQencI/edit#gid=2071855674
season_004,Liga 2,16,person_asalakoren,Asalakoren,0.0000,,1000,42,https://docs.google.com/spreadsheets/d/1NKXigWOr5wX73nBCnJrqO0_OprQy7Q5ncRmxnsQencI/edit#gid=2071855674
season_004,Liga 2,16,person_barry_d_sin_of_speed,Barry D. Sin of Speed,0.0010,,1000,42,https://docs.google.com/spreadsheets/d/1NKXigWOr5wX73nBCnJrqO0_OprQy7Q5ncRmxnsQencI/edit#gid=2071855674
season_004,Liga 2,16,person_blacklink,BlackLink,0.0000,,1000,42,https://docs.google.com/spreadsheets/d/1NKXigWOr5wX73nBCnJrqO0_OprQy7Q5ncRmxnsQencI/edit#gid=2071855674
season_004,Liga 2,16,person_bravebird,BraveBird,0.0000,,1000,42,https://docs.google.com/spreadsheets/d/1NKXigWOr5wX73nBCnJrqO0_OprQy7Q5ncRmxnsQencI/edit#gid=2071855674
season_004,Liga 2,16,person_dauni_daunstar,Dauni,0.0000,,1000,42,https://docs.google.com/spreadsheets/d/1NKXigWOr5wX73nBCnJrqO0_OprQy7Q5ncRmxnsQencI/edit#gid=2071855674
season_004,Liga 2,16,person_glebber,Glebber,0.0000,,1000,42,https://docs.google.com/spreadsheets/d/1NKXigWOr5wX73nBCnJrqO0_OprQy7Q5ncRmxnsQencI/edit#gid=2071855674
season_004,Liga 2,16,person_leinux,Leinux,0.0000,,1000,42,https://docs.google.com/spreadsheets/d/1NKXigWOr5wX73nBCnJrqO0_OprQy7Q5ncRmxnsQencI/edit#gid=2071855674
season_004,Liga 2,16,person_professor_n,Professor N,0.0170,,1000,42,https://docs.google.com/spreadsheets/d/1NKXigWOr5wX73nBCnJrqO0_OprQy7Q5ncRmxnsQencI/edit#gid=2071855674
season_004,Liga 2,16,person_scoutley,Scoutley,0.0000,,1000,42,https://docs.google.com/spreadsheets/d/1NKXigWOr5wX73nBCnJrqO0_OprQy7Q5ncRmxnsQencI/edit#gid=2071855674
season_004,Liga 2,16,person_suishomaru,Suishomaru,0.5540,,1000,42,https://docs.google.com/spreadsheets/d/1NKXigWOr5wX73nBCnJrqO0_OprQy7Q5ncRmxnsQencI/edit#gid=2071855674
season_004,Liga 2,16,person_tabasco_tv,Tabasco TV,0.4280,,1000,42,https://docs.google.com/spreadsheets/d/1NKXigWOr5wX73nBCnJrqO0_OprQy7Q5ncRmxnsQencI/edit#gid=2071855674
season_004,Liga 2,16,person_themiifii,TheMiiFii,0.0000,,1000,42,https://docs.google.com/spreadsheets/d/1NKXigWOr5wX73nBCnJrqO0_OprQy7Q5ncRmxnsQencI/edit#gid=2071855674
season_004,Liga 2,17,person_asalakoren,Asalakoren,0.0000,,1000,42,https://docs.google.com/spreadsheets/d/1NKXigWOr5wX73nBCnJrqO0_OprQy7Q5ncRmxnsQencI/edit#gid=2071855674
season_004,Liga 2,17,person_barry_d_sin_of_speed,Barry D. Sin of Speed,0.0000,,1000,42,https://docs.google.com/spreadsheets/d/1NKXigWOr5wX73nBCnJrqO0_OprQy7Q5ncRmxnsQencI/edit#gid=2071855674
season_004,Liga 2,17,person_blacklink,BlackLink,0.0000,,1000,42,https://docs.google.com/spreadsheets/d/1NKXigWOr5wX73nBCnJrqO0_OprQy7Q5ncRmxnsQencI/edit#gid=2071855674
season_004,Liga 2,17,person_bravebird,BraveBird,0.0000,,1000,42,https://docs.google.com/spreadsheets/d/1NKXigWOr5wX73nBCnJrqO0_OprQy7Q5ncRmxnsQencI/edit#gid=2071855674
season_004,Liga 2,17,person_dauni_daunstar,Dauni,0.0000,,1000,42,https://docs.google.com/spreadsheets/d/1NKXigWOr5wX73nBCnJrqO0_OprQy7Q5ncRmxnsQencI/edit#gid=2071855674
season_004,Liga 2,17,person_glebber,Glebber,0.0000,,1000,42,https://docs.google.com/spreadsheets/d/1NKXigWOr5wX73nBCnJrqO0_OprQy7Q5ncRmxnsQencI/edit#gid=2071855674
season_004,Liga 2,17,person_leinux,Leinux,0.0000,,1000,42,https://docs.google.com/spreadsheets/d/1NKXigWOr5wX73nBCnJrqO0_OprQy7Q5ncRmxnsQencI/edit#gid=2071855674
season_004,Liga 2,17,person_professor_n,Professor N,0.0810,,1000,42,https://docs.google.com/spreadsheets/d/1NKXigWOr5wX73nBCnJrqO0_OprQy7Q5ncRmxnsQencI/edit#gid=2071855674
season_004,Liga 2,17,person_scoutley,Scoutley,0.0000,,1000,42,https://docs.google.com/spreadsheets/d/1NKXigWOr5wX73nBCnJrqO0_OprQy7Q5ncRmxnsQencI/edit#gid=2071855674
season_004,Liga 2,17,person_suishomaru,Suishomaru,0.2860,,1000,42,https://docs.google.com/spreadsheets/d/1NKXigWOr5wX73nBCnJrqO0_OprQy7Q5ncRmxnsQencI/edit#gid=2071855674
season_004,Liga 2,17,person_tabasco_tv,Tabasco TV,0.6330,,1000,42,https://docs.google.com/spreadsheets/d/1NKXigWOr5wX73nBCnJrqO0_OprQy7Q5ncRmxnsQencI/edit#gid=2071855674
season_004,Liga 2,17,person_themiifii,TheMiiFii,0.0000,,1000,42,https://docs.google.com/spreadsheets/d/1NKXigWOr5wX73nBCnJrqO0_OprQy7Q5ncRmxnsQencI/edit#gid=2071855674
season_004,Liga 2,18,person_asalakoren,Asalakoren,0.0000,,1000,42,https://docs.google.com/spreadsheets/d/1NKXigWOr5wX73nBCnJrqO0_OprQy7Q5ncRmxnsQencI/edit#gid=2071855674
season_004,Liga 2,18,person_barry_d_sin_of_speed,Barry D. Sin of Speed,0.0000,,1000,42,https://docs.google.com/spreadsheets/d/1NKXigWOr5wX73nBCnJrqO0_OprQy7Q5ncRmxnsQencI/edit#gid=2071855674
season_004,Liga 2,18,person_blacklink,BlackLink,0.0000,,1000,42,https://docs.google.com/spreadsheets/d/1NKXigWOr5wX73nBCnJrqO0_OprQy7Q5ncRmxnsQencI/edit#gid=2071855674
season_004,Liga 2,18,person_bravebird,BraveBird,0.0000,,1000,42,https://docs.google.com/spreadsheets/d/1NKXigWOr5wX73nBCnJrqO0_OprQy7Q5ncRmxnsQencI/edit#gid=2071855674
season_004,Liga 2,18,person_dauni_daunstar,Dauni,0.0000,,1000,42,https://docs.google.com/spreadsheets/d/1NKXigWOr5wX73nBCnJrqO0_OprQy7Q5ncRmxnsQencI/edit#gid=2071855674
season_004,Liga 2,18,person_glebber,Glebber,0.0000,,1000,42,https://docs.google.com/spreadsheets/d/1NKXigWOr5wX73nBCnJrqO0_OprQy7Q5ncRmxnsQencI/edit#gid=2071855674
season_004,Liga 2,18,person_leinux,Leinux,0.0000,,1000,42,https://docs.google.com/spreadsheets/d/1NKXigWOr5wX73nBCnJrqO0_OprQy7Q5ncRmxnsQencI/edit#gid=2071855674
season_004,Liga 2,18,person_professor_n,Professor N,0.0720,,1000,42,https://docs.google.com/spreadsheets/d/1NKXigWOr5wX73nBCnJrqO0_OprQy7Q5ncRmxnsQencI/edit#gid=2071855674
season_004,Liga 2,18,person_scoutley,Scoutley,0.0000,,1000,42,https://docs.google.com/spreadsheets/d/1NKXigWOr5wX73nBCnJrqO0_OprQy7Q5ncRmxnsQencI/edit#gid=2071855674
season_004,Liga 2,18,person_suishomaru,Suishomaru,0.3110,,1000,42,https://docs.google.com/spreadsheets/d/1NKXigWOr5wX73nBCnJrqO0_OprQy7Q5ncRmxnsQencI/edit#gid=2071855674
season_004,Liga 2,18,person_tabasco_tv,Tabasco TV,0.6170,,1000,42,https://docs.google.com/spreadsheets/d/1NKXigWOr5wX73nBCnJrqO0_OprQy7Q5ncRmxnsQencI/edit#gid=2071855674
season_004,Liga 2,18,person_themiifii,TheMiiFii,0.0000,,1000,42,https://docs.google.com/spreadsheets/d/1NKXigWOr5wX73nBCnJrqO0_OprQy7Q5ncRmxnsQencI/edit#gid=2071855674
season_004,Liga 2,19,person_asalakoren,Asalakoren,0.0000,,1000,42,https://docs.google.com/spreadsheets/d/1NKXigWOr5wX73nBCnJrqO0_OprQy7Q5ncRmxnsQencI/edit#gid=2071855674
season_004,Liga 2,19,person_barry_d_sin_of_speed,Barry D. Sin of Speed,0.0000,,1000,42,https://docs.google.com/spreadsheets/d/1NKXigWOr5wX73nBCnJrqO0_OprQy7Q5ncRmxnsQencI/edit#gid=2071855674
season_004,Liga 2,19,person_blacklink,BlackLink,0.0000,,1000,42,https://docs.google.com/spreadsheets/d/1NKXigWOr5wX73nBCnJrqO0_OprQy7Q5ncRmxnsQencI/edit#gid=2071855674
season_004,Liga 2,19,person_bravebird,BraveBird,0.0000,,1000,42,https://docs.google.com/spreadsheets/d/1NKXigWOr5wX73nBCnJrqO0_OprQy7Q5ncRmxnsQencI/edit#gid=2071855674
season_004,Liga 2,19,person_dauni_daunstar,Dauni,0.0000,,1000,42,https://docs.google.com/spreadsheets/d/1NKXigWOr5wX73nBCnJrqO0_OprQy7Q5ncRmxnsQencI/edit#gid=2071855674
season_004,Liga 2,19,person_glebber,Glebber,0.0000,,1000,42,https://docs.google.com/spreadsheets/d/1NKXigWOr5wX73nBCnJrqO0_OprQy7Q5ncRmxnsQencI/edit#gid=2071855674
season_004,Liga 2,19,person_leinux,Leinux,0.0000,,1000,42,https://docs.google.com/spreadsheets/d/1NKXigWOr5wX73nBCnJrqO0_OprQy7Q5ncRmxnsQencI/edit#gid=2071855674
season_004,Liga 2,19,person_professor_n,Professor N,0.0060,,1000,42,https://docs.google.com/spreadsheets/d/1NKXigWOr5wX73nBCnJrqO0_OprQy7Q5ncRmxnsQencI/edit#gid=2071855674
season_004,Liga 2,19,person_scoutley,Scoutley,0.0000,,1000,42,https://docs.google.com/spreadsheets/d/1NKXigWOr5wX73nBCnJrqO0_OprQy7Q5ncRmxnsQencI/edit#gid=2071855674
season_004,Liga 2,19,person_suishomaru,Suishomaru,0.1410,,1000,42,https://docs.google.com/spreadsheets/d/1NKXigWOr5wX73nBCnJrqO0_OprQy7Q5ncRmxnsQencI/edit#gid=2071855674
season_004,Liga 2,19,person_tabasco_tv,Tabasco TV,0.8530,,1000,42,https://docs.google.com/spreadsheets/d/1NKXigWOr5wX73nBCnJrqO0_OprQy7Q5ncRmxnsQencI/edit#gid=2071855674
season_004,Liga 2,19,person_themiifii,TheMiiFii,0.0000,,1000,42,https://docs.google.com/spreadsheets/d/1NKXigWOr5wX73nBCnJrqO0_OprQy7Q5ncRmxnsQencI/edit#gid=2071855674
season_004,Liga 2,20,person_asalakoren,Asalakoren,0.0000,,1000,42,https://docs.google.com/spreadsheets/d/1NKXigWOr5wX73nBCnJrqO0_OprQy7Q5ncRmxnsQencI/edit#gid=2071855674
season_004,Liga 2,20,person_barry_d_sin_of_speed,Barry D. Sin of Speed,0.0000,,1000,42,https://docs.google.com/spreadsheets/d/1NKXigWOr5wX73nBCnJrqO0_OprQy7Q5ncRmxnsQencI/edit#gid=2071855674
season_004,Liga 2,20,person_blacklink,BlackLink,0.0000,,1000,42,https://docs.google.com/spreadsheets/d/1NKXigWOr5wX73nBCnJrqO0_OprQy7Q5ncRmxnsQencI/edit#gid=2071855674
season_004,Liga 2,20,person_bravebird,BraveBird,0.0000,,1000,42,https://docs.google.com/spreadsheets/d/1NKXigWOr5wX73nBCnJrqO0_OprQy7Q5ncRmxnsQencI/edit#gid=2071855674
season_004,Liga 2,20,person_dauni_daunstar,Dauni,0.0000,,1000,42,https://docs.google.com/spreadsheets/d/1NKXigWOr5wX73nBCnJrqO0_OprQy7Q5ncRmxnsQencI/edit#gid=2071855674
season_004,Liga 2,20,person_glebber,Glebber,0.0000,,1000,42,https://docs.google.com/spreadsheets/d/1NKXigWOr5wX73nBCnJrqO0_OprQy7Q5ncRmxnsQencI/edit#gid=2071855674
season_004,Liga 2,20,person_leinux,Leinux,0.0000,,1000,42,https://docs.google.com/spreadsheets/d/1NKXigWOr5wX73nBCnJrqO0_OprQy7Q5ncRmxnsQencI/edit#gid=2071855674
season_004,Liga 2,20,person_professor_n,Professor N,0.0000,,1000,42,https://docs.google.com/spreadsheets/d/1NKXigWOr5wX73nBCnJrqO0_OprQy7Q5ncRmxnsQencI/edit#gid=2071855674
season_004,Liga 2,20,person_scoutley,Scoutley,0.0000,,1000,42,https://docs.google.com/spreadsheets/d/1NKXigWOr5wX73nBCnJrqO0_OprQy7Q5ncRmxnsQencI/edit#gid=2071855674
season_004,Liga 2,20,person_suishomaru,Suishomaru,0.1600,,1000,42,https://docs.google.com/spreadsheets/d/1NKXigWOr5wX73nBCnJrqO0_OprQy7Q5ncRmxnsQencI/edit#gid=2071855674
season_004,Liga 2,20,person_tabasco_tv,Tabasco TV,0.8400,,1000,42,https://docs.google.com/spreadsheets/d/1NKXigWOr5wX73nBCnJrqO0_OprQy7Q5ncRmxnsQencI/edit#gid=2071855674
season_004,Liga 2,20,person_themiifii,TheMiiFii,0.0000,,1000,42,https://docs.google.com/spreadsheets/d/1NKXigWOr5wX73nBCnJrqO0_OprQy7Q5ncRmxnsQencI/edit#gid=2071855674
season_004,Liga 2,21,person_asalakoren,Asalakoren,0.0000,,1000,42,https://docs.google.com/spreadsheets/d/1NKXigWOr5wX73nBCnJrqO0_OprQy7Q5ncRmxnsQencI/edit#gid=2071855674
season_004,Liga 2,21,person_barry_d_sin_of_speed,Barry D. Sin of Speed,0.0000,,1000,42,https://docs.google.com/spreadsheets/d/1NKXigWOr5wX73nBCnJrqO0_OprQy7Q5ncRmxnsQencI/edit#gid=2071855674
season_004,Liga 2,21,person_blacklink,BlackLink,0.0000,,1000,42,https://docs.google.com/spreadsheets/d/1NKXigWOr5wX73nBCnJrqO0_OprQy7Q5ncRmxnsQencI/edit#gid=2071855674
season_004,Liga 2,21,person_bravebird,BraveBird,0.0000,,1000,42,https://docs.google.com/spreadsheets/d/1NKXigWOr5wX73nBCnJrqO0_OprQy7Q5ncRmxnsQencI/edit#gid=2071855674
season_004,Liga 2,21,person_dauni_daunstar,Dauni,0.0000,,1000,42,https://docs.google.com/spreadsheets/d/1NKXigWOr5wX73nBCnJrqO0_OprQy7Q5ncRmxnsQencI/edit#gid=2071855674
season_004,Liga 2,21,person_glebber,Glebber,0.0000,,1000,42,https://docs.google.com/spreadsheets/d/1NKXigWOr5wX73nBCnJrqO0_OprQy7Q5ncRmxnsQencI/edit#gid=2071855674
season_004,Liga 2,21,person_leinux,Leinux,0.0000,,1000,42,https://docs.google.com/spreadsheets/d/1NKXigWOr5wX73nBCnJrqO0_OprQy7Q5ncRmxnsQencI/edit#gid=2071855674
season_004,Liga 2,21,person_professor_n,Professor N,0.0000,,1000,42,https://docs.google.com/spreadsheets/d/1NKXigWOr5wX73nBCnJrqO0_OprQy7Q5ncRmxnsQencI/edit#gid=2071855674
season_004,Liga 2,21,person_scoutley,Scoutley,0.0000,,1000,42,https://docs.google.com/spreadsheets/d/1NKXigWOr5wX73nBCnJrqO0_OprQy7Q5ncRmxnsQencI/edit#gid=2071855674
season_004,Liga 2,21,person_suishomaru,Suishomaru,0.0000,,1000,42,https://docs.google.com/spreadsheets/d/1NKXigWOr5wX73nBCnJrqO0_OprQy7Q5ncRmxnsQencI/edit#gid=2071855674
season_004,Liga 2,21,person_tabasco_tv,Tabasco TV,1.0000,,1000,42,https://docs.google.com/spreadsheets/d/1NKXigWOr5wX73nBCnJrqO0_OprQy7Q5ncRmxnsQencI/edit#gid=2071855674
season_004,Liga 2,21,person_themiifii,TheMiiFii,0.0000,,1000,42,https://docs.google.com/spreadsheets/d/1NKXigWOr5wX73nBCnJrqO0_OprQy7Q5ncRmxnsQencI/edit#gid=2071855674
season_004,Liga 2,22,person_asalakoren,Asalakoren,0.0000,,1000,42,https://docs.google.com/spreadsheets/d/1NKXigWOr5wX73nBCnJrqO0_OprQy7Q5ncRmxnsQencI/edit#gid=2071855674
season_004,Liga 2,22,person_barry_d_sin_of_speed,Barry D. Sin of Speed,0.0000,,1000,42,https://docs.google.com/spreadsheets/d/1NKXigWOr5wX73nBCnJrqO0_OprQy7Q5ncRmxnsQencI/edit#gid=2071855674
season_004,Liga 2,22,person_blacklink,BlackLink,0.0000,,1000,42,https://docs.google.com/spreadsheets/d/1NKXigWOr5wX73nBCnJrqO0_OprQy7Q5ncRmxnsQencI/edit#gid=2071855674
season_004,Liga 2,22,person_bravebird,BraveBird,0.0000,,1000,42,https://docs.google.com/spreadsheets/d/1NKXigWOr5wX73nBCnJrqO0_OprQy7Q5ncRmxnsQencI/edit#gid=2071855674
season_004,Liga 2,22,person_dauni_daunstar,Dauni,0.0000,,1000,42,https://docs.google.com/spreadsheets/d/1NKXigWOr5wX73nBCnJrqO0_OprQy7Q5ncRmxnsQencI/edit#gid=2071855674
season_004,Liga 2,22,person_glebber,Glebber,0.0000,,1000,42,https://docs.google.com/spreadsheets/d/1NKXigWOr5wX73nBCnJrqO0_OprQy7Q5ncRmxnsQencI/edit#gid=2071855674
season_004,Liga 2,22,person_leinux,Leinux,0.0000,,1000,42,https://docs.google.com/spreadsheets/d/1NKXigWOr5wX73nBCnJrqO0_OprQy7Q5ncRmxnsQencI/edit#gid=2071855674
season_004,Liga 2,22,person_professor_n,Professor N,0.0000,,1000,42,https://docs.google.com/spreadsheets/d/1NKXigWOr5wX73nBCnJrqO0_OprQy7Q5ncRmxnsQencI/edit#gid=2071855674
season_004,Liga 2,22,person_scoutley,Scoutley,0.0000,,1000,42,https://docs.google.com/spreadsheets/d/1NKXigWOr5wX73nBCnJrqO0_OprQy7Q5ncRmxnsQencI/edit#gid=2071855674
season_004,Liga 2,22,person_suishomaru,Suishomaru,0.0000,,1000,42,https://docs.google.com/spreadsheets/d/1NKXigWOr5wX73nBCnJrqO0_OprQy7Q5ncRmxnsQencI/edit#gid=2071855674
season_004,Liga 2,22,person_tabasco_tv,Tabasco TV,1.0000,,1000,42,https://docs.google.com/spreadsheets/d/1NKXigWOr5wX73nBCnJrqO0_OprQy7Q5ncRmxnsQencI/edit#gid=2071855674
season_004,Liga 2,22,person_themiifii,TheMiiFii,0.0000,,1000,42,https://docs.google.com/spreadsheets/d/1NKXigWOr5wX73nBCnJrqO0_OprQy7Q5ncRmxnsQencI/edit#gid=2071855674
season_004,Regular Season,1,person_art_n_gaming,Art'n'Gaming,0.0030,,1000,42,https://docs.google.com/spreadsheets/d/1u8AORkPkqIxR4GblUqU5faeTfuuKGjKrllUxnnUdRz0/edit#gid=992181004
season_004,Regular Season,1,person_bene,Bene,0.0100,,1000,42,https://docs.google.com/spreadsheets/d/1u8AORkPkqIxR4GblUqU5faeTfuuKGjKrllUxnnUdRz0/edit#gid=992181004
season_004,Regular Season,1,person_captaincrinch,CaptainCrinch,0.0590,,1000,42,https://docs.google.com/spreadsheets/d/1u8AORkPkqIxR4GblUqU5faeTfuuKGjKrllUxnnUdRz0/edit#gid=992181004
season_004,Regular Season,1,person_crowdcontroller,CrowdController,0.0040,,1000,42,https://docs.google.com/spreadsheets/d/1u8AORkPkqIxR4GblUqU5faeTfuuKGjKrllUxnnUdRz0/edit#gid=992181004
season_004,Regular Season,1,person_fnupa,Cabgolord,0.0020,,1000,42,https://docs.google.com/spreadsheets/d/1u8AORkPkqIxR4GblUqU5faeTfuuKGjKrllUxnnUdRz0/edit#gid=992181004
season_004,Regular Season,1,person_lauris,Lauris,0.0990,,1000,42,https://docs.google.com/spreadsheets/d/1u8AORkPkqIxR4GblUqU5faeTfuuKGjKrllUxnnUdRz0/edit#gid=992181004
season_004,Regular Season,1,person_melevies,MeLevies,0.0320,,1000,42,https://docs.google.com/spreadsheets/d/1u8AORkPkqIxR4GblUqU5faeTfuuKGjKrllUxnnUdRz0/edit#gid=992181004
season_004,Regular Season,1,person_minetube,Minetube,0.0650,,1000,42,https://docs.google.com/spreadsheets/d/1u8AORkPkqIxR4GblUqU5faeTfuuKGjKrllUxnnUdRz0/edit#gid=992181004
season_004,Regular Season,1,person_pokebazi,PokeBazi,0.0080,,1000,42,https://docs.google.com/spreadsheets/d/1u8AORkPkqIxR4GblUqU5faeTfuuKGjKrllUxnnUdRz0/edit#gid=992181004
season_004,Regular Season,1,person_present,PresentLP,0.6170,,1000,42,https://docs.google.com/spreadsheets/d/1u8AORkPkqIxR4GblUqU5faeTfuuKGjKrllUxnnUdRz0/edit#gid=992181004
season_004,Regular Season,1,person_regibang,RegiBang,0.1000,,1000,42,https://docs.google.com/spreadsheets/d/1u8AORkPkqIxR4GblUqU5faeTfuuKGjKrllUxnnUdRz0/edit#gid=992181004
season_004,Regular Season,1,person_surskittv,SurskitTV,0.0010,,1000,42,https://docs.google.com/spreadsheets/d/1u8AORkPkqIxR4GblUqU5faeTfuuKGjKrllUxnnUdRz0/edit#gid=992181004
season_004,Regular Season,2,person_art_n_gaming,Art'n'Gaming,0.0010,,1000,42,https://docs.google.com/spreadsheets/d/1u8AORkPkqIxR4GblUqU5faeTfuuKGjKrllUxnnUdRz0/edit#gid=992181004
season_004,Regular Season,2,person_bene,Bene,0.0460,,1000,42,https://docs.google.com/spreadsheets/d/1u8AORkPkqIxR4GblUqU5faeTfuuKGjKrllUxnnUdRz0/edit#gid=992181004
season_004,Regular Season,2,person_captaincrinch,CaptainCrinch,0.0170,,1000,42,https://docs.google.com/spreadsheets/d/1u8AORkPkqIxR4GblUqU5faeTfuuKGjKrllUxnnUdRz0/edit#gid=992181004
season_004,Regular Season,2,person_crowdcontroller,CrowdController,0.0020,,1000,42,https://docs.google.com/spreadsheets/d/1u8AORkPkqIxR4GblUqU5faeTfuuKGjKrllUxnnUdRz0/edit#gid=992181004
season_004,Regular Season,2,person_fnupa,Cabgolord,0.0000,,1000,42,https://docs.google.com/spreadsheets/d/1u8AORkPkqIxR4GblUqU5faeTfuuKGjKrllUxnnUdRz0/edit#gid=992181004
season_004,Regular Season,2,person_lauris,Lauris,0.0610,,1000,42,https://docs.google.com/spreadsheets/d/1u8AORkPkqIxR4GblUqU5faeTfuuKGjKrllUxnnUdRz0/edit#gid=992181004
season_004,Regular Season,2,person_melevies,MeLevies,0.1390,,1000,42,https://docs.google.com/spreadsheets/d/1u8AORkPkqIxR4GblUqU5faeTfuuKGjKrllUxnnUdRz0/edit#gid=992181004
season_004,Regular Season,2,person_minetube,Minetube,0.1800,,1000,42,https://docs.google.com/spreadsheets/d/1u8AORkPkqIxR4GblUqU5faeTfuuKGjKrllUxnnUdRz0/edit#gid=992181004
season_004,Regular Season,2,person_pokebazi,PokeBazi,0.0310,,1000,42,https://docs.google.com/spreadsheets/d/1u8AORkPkqIxR4GblUqU5faeTfuuKGjKrllUxnnUdRz0/edit#gid=992181004
season_004,Regular Season,2,person_present,PresentLP,0.2840,,1000,42,https://docs.google.com/spreadsheets/d/1u8AORkPkqIxR4GblUqU5faeTfuuKGjKrllUxnnUdRz0/edit#gid=992181004
season_004,Regular Season,2,person_regibang,RegiBang,0.2290,,1000,42,https://docs.google.com/spreadsheets/d/1u8AORkPkqIxR4GblUqU5faeTfuuKGjKrllUxnnUdRz0/edit#gid=992181004
season_004,Regular Season,2,person_surskittv,SurskitTV,0.0100,,1000,42,https://docs.google.com/spreadsheets/d/1u8AORkPkqIxR4GblUqU5faeTfuuKGjKrllUxnnUdRz0/edit#gid=992181004
season_004,Regular Season,3,person_art_n_gaming,Art'n'Gaming,0.0000,,1000,42,https://docs.google.com/spreadsheets/d/1u8AORkPkqIxR4GblUqU5faeTfuuKGjKrllUxnnUdRz0/edit#gid=992181004
season_004,Regular Season,3,person_bene,Bene,0.0730,,1000,42,https://docs.google.com/spreadsheets/d/1u8AORkPkqIxR4GblUqU5faeTfuuKGjKrllUxnnUdRz0/edit#gid=992181004
season_004,Regular Season,3,person_captaincrinch,CaptainCrinch,0.0070,,1000,42,https://docs.google.com/spreadsheets/d/1u8AORkPkqIxR4GblUqU5faeTfuuKGjKrllUxnnUdRz0/edit#gid=992181004
season_004,Regular Season,3,person_crowdcontroller,CrowdController,0.0010,,1000,42,https://docs.google.com/spreadsheets/d/1u8AORkPkqIxR4GblUqU5faeTfuuKGjKrllUxnnUdRz0/edit#gid=992181004
season_004,Regular Season,3,person_fnupa,Cabgolord,0.0010,,1000,42,https://docs.google.com/spreadsheets/d/1u8AORkPkqIxR4GblUqU5faeTfuuKGjKrllUxnnUdRz0/edit#gid=992181004
season_004,Regular Season,3,person_lauris,Lauris,0.0810,,1000,42,https://docs.google.com/spreadsheets/d/1u8AORkPkqIxR4GblUqU5faeTfuuKGjKrllUxnnUdRz0/edit#gid=992181004
season_004,Regular Season,3,person_melevies,MeLevies,0.1710,,1000,42,https://docs.google.com/spreadsheets/d/1u8AORkPkqIxR4GblUqU5faeTfuuKGjKrllUxnnUdRz0/edit#gid=992181004
season_004,Regular Season,3,person_minetube,Minetube,0.0540,,1000,42,https://docs.google.com/spreadsheets/d/1u8AORkPkqIxR4GblUqU5faeTfuuKGjKrllUxnnUdRz0/edit#gid=992181004
season_004,Regular Season,3,person_pokebazi,PokeBazi,0.0050,,1000,42,https://docs.google.com/spreadsheets/d/1u8AORkPkqIxR4GblUqU5faeTfuuKGjKrllUxnnUdRz0/edit#gid=992181004
season_004,Regular Season,3,person_present,PresentLP,0.2880,,1000,42,https://docs.google.com/spreadsheets/d/1u8AORkPkqIxR4GblUqU5faeTfuuKGjKrllUxnnUdRz0/edit#gid=992181004
season_004,Regular Season,3,person_regibang,RegiBang,0.3150,,1000,42,https://docs.google.com/spreadsheets/d/1u8AORkPkqIxR4GblUqU5faeTfuuKGjKrllUxnnUdRz0/edit#gid=992181004
season_004,Regular Season,3,person_surskittv,SurskitTV,0.0040,,1000,42,https://docs.google.com/spreadsheets/d/1u8AORkPkqIxR4GblUqU5faeTfuuKGjKrllUxnnUdRz0/edit#gid=992181004
season_004,Regular Season,4,person_art_n_gaming,Art'n'Gaming,0.0000,,1000,42,https://docs.google.com/spreadsheets/d/1u8AORkPkqIxR4GblUqU5faeTfuuKGjKrllUxnnUdRz0/edit#gid=992181004
season_004,Regular Season,4,person_bene,Bene,0.1050,,1000,42,https://docs.google.com/spreadsheets/d/1u8AORkPkqIxR4GblUqU5faeTfuuKGjKrllUxnnUdRz0/edit#gid=992181004
season_004,Regular Season,4,person_captaincrinch,CaptainCrinch,0.0210,,1000,42,https://docs.google.com/spreadsheets/d/1u8AORkPkqIxR4GblUqU5faeTfuuKGjKrllUxnnUdRz0/edit#gid=992181004
season_004,Regular Season,4,person_crowdcontroller,CrowdController,0.0010,,1000,42,https://docs.google.com/spreadsheets/d/1u8AORkPkqIxR4GblUqU5faeTfuuKGjKrllUxnnUdRz0/edit#gid=992181004
season_004,Regular Season,4,person_fnupa,Cabgolord,0.0030,,1000,42,https://docs.google.com/spreadsheets/d/1u8AORkPkqIxR4GblUqU5faeTfuuKGjKrllUxnnUdRz0/edit#gid=992181004
season_004,Regular Season,4,person_lauris,Lauris,0.0210,,1000,42,https://docs.google.com/spreadsheets/d/1u8AORkPkqIxR4GblUqU5faeTfuuKGjKrllUxnnUdRz0/edit#gid=992181004
season_004,Regular Season,4,person_melevies,MeLevies,0.2710,,1000,42,https://docs.google.com/spreadsheets/d/1u8AORkPkqIxR4GblUqU5faeTfuuKGjKrllUxnnUdRz0/edit#gid=992181004
season_004,Regular Season,4,person_minetube,Minetube,0.0130,,1000,42,https://docs.google.com/spreadsheets/d/1u8AORkPkqIxR4GblUqU5faeTfuuKGjKrllUxnnUdRz0/edit#gid=992181004
season_004,Regular Season,4,person_pokebazi,PokeBazi,0.0030,,1000,42,https://docs.google.com/spreadsheets/d/1u8AORkPkqIxR4GblUqU5faeTfuuKGjKrllUxnnUdRz0/edit#gid=992181004
season_004,Regular Season,4,person_present,PresentLP,0.0870,,1000,42,https://docs.google.com/spreadsheets/d/1u8AORkPkqIxR4GblUqU5faeTfuuKGjKrllUxnnUdRz0/edit#gid=992181004
season_004,Regular Season,4,person_regibang,RegiBang,0.4750,,1000,42,https://docs.google.com/spreadsheets/d/1u8AORkPkqIxR4GblUqU5faeTfuuKGjKrllUxnnUdRz0/edit#gid=992181004
season_004,Regular Season,4,person_surskittv,SurskitTV,0.0000,,1000,42,https://docs.google.com/spreadsheets/d/1u8AORkPkqIxR4GblUqU5faeTfuuKGjKrllUxnnUdRz0/edit#gid=992181004
season_004,Regular Season,5,person_art_n_gaming,Art'n'Gaming,0.0000,,1000,42,https://docs.google.com/spreadsheets/d/1u8AORkPkqIxR4GblUqU5faeTfuuKGjKrllUxnnUdRz0/edit#gid=992181004
season_004,Regular Season,5,person_bene,Bene,0.3100,,1000,42,https://docs.google.com/spreadsheets/d/1u8AORkPkqIxR4GblUqU5faeTfuuKGjKrllUxnnUdRz0/edit#gid=992181004
season_004,Regular Season,5,person_captaincrinch,CaptainCrinch,0.0340,,1000,42,https://docs.google.com/spreadsheets/d/1u8AORkPkqIxR4GblUqU5faeTfuuKGjKrllUxnnUdRz0/edit#gid=992181004
season_004,Regular Season,5,person_crowdcontroller,CrowdController,0.0020,,1000,42,https://docs.google.com/spreadsheets/d/1u8AORkPkqIxR4GblUqU5faeTfuuKGjKrllUxnnUdRz0/edit#gid=992181004
season_004,Regular Season,5,person_fnupa,Cabgolord,0.0040,,1000,42,https://docs.google.com/spreadsheets/d/1u8AORkPkqIxR4GblUqU5faeTfuuKGjKrllUxnnUdRz0/edit#gid=992181004
season_004,Regular Season,5,person_lauris,Lauris,0.0900,,1000,42,https://docs.google.com/spreadsheets/d/1u8AORkPkqIxR4GblUqU5faeTfuuKGjKrllUxnnUdRz0/edit#gid=992181004
season_004,Regular Season,5,person_melevies,MeLevies,0.1340,,1000,42,https://docs.google.com/spreadsheets/d/1u8AORkPkqIxR4GblUqU5faeTfuuKGjKrllUxnnUdRz0/edit#gid=992181004
season_004,Regular Season,5,person_minetube,Minetube,0.0440,,1000,42,https://docs.google.com/spreadsheets/d/1u8AORkPkqIxR4GblUqU5faeTfuuKGjKrllUxnnUdRz0/edit#gid=992181004
season_004,Regular Season,5,person_pokebazi,PokeBazi,0.0000,,1000,42,https://docs.google.com/spreadsheets/d/1u8AORkPkqIxR4GblUqU5faeTfuuKGjKrllUxnnUdRz0/edit#gid=992181004
season_004,Regular Season,5,person_present,PresentLP,0.0590,,1000,42,https://docs.google.com/spreadsheets/d/1u8AORkPkqIxR4GblUqU5faeTfuuKGjKrllUxnnUdRz0/edit#gid=992181004
season_004,Regular Season,5,person_regibang,RegiBang,0.3210,,1000,42,https://docs.google.com/spreadsheets/d/1u8AORkPkqIxR4GblUqU5faeTfuuKGjKrllUxnnUdRz0/edit#gid=992181004
season_004,Regular Season,5,person_surskittv,SurskitTV,0.0020,,1000,42,https://docs.google.com/spreadsheets/d/1u8AORkPkqIxR4GblUqU5faeTfuuKGjKrllUxnnUdRz0/edit#gid=992181004
season_004,Regular Season,6,person_art_n_gaming,Art'n'Gaming,0.0000,,1000,42,https://docs.google.com/spreadsheets/d/1u8AORkPkqIxR4GblUqU5faeTfuuKGjKrllUxnnUdRz0/edit#gid=992181004
season_004,Regular Season,6,person_bene,Bene,0.3620,,1000,42,https://docs.google.com/spreadsheets/d/1u8AORkPkqIxR4GblUqU5faeTfuuKGjKrllUxnnUdRz0/edit#gid=992181004
season_004,Regular Season,6,person_captaincrinch,CaptainCrinch,0.0070,,1000,42,https://docs.google.com/spreadsheets/d/1u8AORkPkqIxR4GblUqU5faeTfuuKGjKrllUxnnUdRz0/edit#gid=992181004
season_004,Regular Season,6,person_crowdcontroller,CrowdController,0.0000,,1000,42,https://docs.google.com/spreadsheets/d/1u8AORkPkqIxR4GblUqU5faeTfuuKGjKrllUxnnUdRz0/edit#gid=992181004
season_004,Regular Season,6,person_fnupa,Cabgolord,0.0020,,1000,42,https://docs.google.com/spreadsheets/d/1u8AORkPkqIxR4GblUqU5faeTfuuKGjKrllUxnnUdRz0/edit#gid=992181004
season_004,Regular Season,6,person_lauris,Lauris,0.0140,,1000,42,https://docs.google.com/spreadsheets/d/1u8AORkPkqIxR4GblUqU5faeTfuuKGjKrllUxnnUdRz0/edit#gid=992181004
season_004,Regular Season,6,person_melevies,MeLevies,0.1320,,1000,42,https://docs.google.com/spreadsheets/d/1u8AORkPkqIxR4GblUqU5faeTfuuKGjKrllUxnnUdRz0/edit#gid=992181004
season_004,Regular Season,6,person_minetube,Minetube,0.0450,,1000,42,https://docs.google.com/spreadsheets/d/1u8AORkPkqIxR4GblUqU5faeTfuuKGjKrllUxnnUdRz0/edit#gid=992181004
season_004,Regular Season,6,person_pokebazi,PokeBazi,0.0020,,1000,42,https://docs.google.com/spreadsheets/d/1u8AORkPkqIxR4GblUqU5faeTfuuKGjKrllUxnnUdRz0/edit#gid=992181004
season_004,Regular Season,6,person_present,PresentLP,0.0700,,1000,42,https://docs.google.com/spreadsheets/d/1u8AORkPkqIxR4GblUqU5faeTfuuKGjKrllUxnnUdRz0/edit#gid=992181004
season_004,Regular Season,6,person_regibang,RegiBang,0.3660,,1000,42,https://docs.google.com/spreadsheets/d/1u8AORkPkqIxR4GblUqU5faeTfuuKGjKrllUxnnUdRz0/edit#gid=992181004
season_004,Regular Season,6,person_surskittv,SurskitTV,0.0000,,1000,42,https://docs.google.com/spreadsheets/d/1u8AORkPkqIxR4GblUqU5faeTfuuKGjKrllUxnnUdRz0/edit#gid=992181004
season_004,Regular Season,7,person_art_n_gaming,Art'n'Gaming,0.0000,,1000,42,https://docs.google.com/spreadsheets/d/1u8AORkPkqIxR4GblUqU5faeTfuuKGjKrllUxnnUdRz0/edit#gid=992181004
season_004,Regular Season,7,person_bene,Bene,0.4980,,1000,42,https://docs.google.com/spreadsheets/d/1u8AORkPkqIxR4GblUqU5faeTfuuKGjKrllUxnnUdRz0/edit#gid=992181004
season_004,Regular Season,7,person_captaincrinch,CaptainCrinch,0.0120,,1000,42,https://docs.google.com/spreadsheets/d/1u8AORkPkqIxR4GblUqU5faeTfuuKGjKrllUxnnUdRz0/edit#gid=992181004
season_004,Regular Season,7,person_crowdcontroller,CrowdController,0.0000,,1000,42,https://docs.google.com/spreadsheets/d/1u8AORkPkqIxR4GblUqU5faeTfuuKGjKrllUxnnUdRz0/edit#gid=992181004
season_004,Regular Season,7,person_fnupa,Cabgolord,0.0000,,1000,42,https://docs.google.com/spreadsheets/d/1u8AORkPkqIxR4GblUqU5faeTfuuKGjKrllUxnnUdRz0/edit#gid=992181004
season_004,Regular Season,7,person_lauris,Lauris,0.0030,,1000,42,https://docs.google.com/spreadsheets/d/1u8AORkPkqIxR4GblUqU5faeTfuuKGjKrllUxnnUdRz0/edit#gid=992181004
season_004,Regular Season,7,person_melevies,MeLevies,0.0410,,1000,42,https://docs.google.com/spreadsheets/d/1u8AORkPkqIxR4GblUqU5faeTfuuKGjKrllUxnnUdRz0/edit#gid=992181004
season_004,Regular Season,7,person_minetube,Minetube,0.0100,,1000,42,https://docs.google.com/spreadsheets/d/1u8AORkPkqIxR4GblUqU5faeTfuuKGjKrllUxnnUdRz0/edit#gid=992181004
season_004,Regular Season,7,person_pokebazi,PokeBazi,0.0000,,1000,42,https://docs.google.com/spreadsheets/d/1u8AORkPkqIxR4GblUqU5faeTfuuKGjKrllUxnnUdRz0/edit#gid=992181004
season_004,Regular Season,7,person_present,PresentLP,0.0760,,1000,42,https://docs.google.com/spreadsheets/d/1u8AORkPkqIxR4GblUqU5faeTfuuKGjKrllUxnnUdRz0/edit#gid=992181004
season_004,Regular Season,7,person_regibang,RegiBang,0.3580,,1000,42,https://docs.google.com/spreadsheets/d/1u8AORkPkqIxR4GblUqU5faeTfuuKGjKrllUxnnUdRz0/edit#gid=992181004
season_004,Regular Season,7,person_surskittv,SurskitTV,0.0020,,1000,42,https://docs.google.com/spreadsheets/d/1u8AORkPkqIxR4GblUqU5faeTfuuKGjKrllUxnnUdRz0/edit#gid=992181004
season_004,Regular Season,8,person_art_n_gaming,Art'n'Gaming,0.0000,,1000,42,https://docs.google.com/spreadsheets/d/1u8AORkPkqIxR4GblUqU5faeTfuuKGjKrllUxnnUdRz0/edit#gid=992181004
season_004,Regular Season,8,person_bene,Bene,0.7650,,1000,42,https://docs.google.com/spreadsheets/d/1u8AORkPkqIxR4GblUqU5faeTfuuKGjKrllUxnnUdRz0/edit#gid=992181004
season_004,Regular Season,8,person_captaincrinch,CaptainCrinch,0.0040,,1000,42,https://docs.google.com/spreadsheets/d/1u8AORkPkqIxR4GblUqU5faeTfuuKGjKrllUxnnUdRz0/edit#gid=992181004
season_004,Regular Season,8,person_crowdcontroller,CrowdController,0.0000,,1000,42,https://docs.google.com/spreadsheets/d/1u8AORkPkqIxR4GblUqU5faeTfuuKGjKrllUxnnUdRz0/edit#gid=992181004
season_004,Regular Season,8,person_fnupa,Cabgolord,0.0000,,1000,42,https://docs.google.com/spreadsheets/d/1u8AORkPkqIxR4GblUqU5faeTfuuKGjKrllUxnnUdRz0/edit#gid=992181004
season_004,Regular Season,8,person_lauris,Lauris,0.0000,,1000,42,https://docs.google.com/spreadsheets/d/1u8AORkPkqIxR4GblUqU5faeTfuuKGjKrllUxnnUdRz0/edit#gid=992181004
season_004,Regular Season,8,person_melevies,MeLevies,0.0130,,1000,42,https://docs.google.com/spreadsheets/d/1u8AORkPkqIxR4GblUqU5faeTfuuKGjKrllUxnnUdRz0/edit#gid=992181004
season_004,Regular Season,8,person_minetube,Minetube,0.0350,,1000,42,https://docs.google.com/spreadsheets/d/1u8AORkPkqIxR4GblUqU5faeTfuuKGjKrllUxnnUdRz0/edit#gid=992181004
season_004,Regular Season,8,person_pokebazi,PokeBazi,0.0000,,1000,42,https://docs.google.com/spreadsheets/d/1u8AORkPkqIxR4GblUqU5faeTfuuKGjKrllUxnnUdRz0/edit#gid=992181004
season_004,Regular Season,8,person_present,PresentLP,0.0200,,1000,42,https://docs.google.com/spreadsheets/d/1u8AORkPkqIxR4GblUqU5faeTfuuKGjKrllUxnnUdRz0/edit#gid=992181004
season_004,Regular Season,8,person_regibang,RegiBang,0.1620,,1000,42,https://docs.google.com/spreadsheets/d/1u8AORkPkqIxR4GblUqU5faeTfuuKGjKrllUxnnUdRz0/edit#gid=992181004
season_004,Regular Season,8,person_surskittv,SurskitTV,0.0010,,1000,42,https://docs.google.com/spreadsheets/d/1u8AORkPkqIxR4GblUqU5faeTfuuKGjKrllUxnnUdRz0/edit#gid=992181004
season_004,Regular Season,9,person_art_n_gaming,Art'n'Gaming,0.0000,,1000,42,https://docs.google.com/spreadsheets/d/1u8AORkPkqIxR4GblUqU5faeTfuuKGjKrllUxnnUdRz0/edit#gid=992181004
season_004,Regular Season,9,person_bene,Bene,0.5240,,1000,42,https://docs.google.com/spreadsheets/d/1u8AORkPkqIxR4GblUqU5faeTfuuKGjKrllUxnnUdRz0/edit#gid=992181004
season_004,Regular Season,9,person_captaincrinch,CaptainCrinch,0.0230,,1000,42,https://docs.google.com/spreadsheets/d/1u8AORkPkqIxR4GblUqU5faeTfuuKGjKrllUxnnUdRz0/edit#gid=992181004
season_004,Regular Season,9,person_crowdcontroller,CrowdController,0.0000,,1000,42,https://docs.google.com/spreadsheets/d/1u8AORkPkqIxR4GblUqU5faeTfuuKGjKrllUxnnUdRz0/edit#gid=992181004
season_004,Regular Season,9,person_fnupa,Cabgolord,0.0000,,1000,42,https://docs.google.com/spreadsheets/d/1u8AORkPkqIxR4GblUqU5faeTfuuKGjKrllUxnnUdRz0/edit#gid=992181004
season_004,Regular Season,9,person_lauris,Lauris,0.0210,,1000,42,https://docs.google.com/spreadsheets/d/1u8AORkPkqIxR4GblUqU5faeTfuuKGjKrllUxnnUdRz0/edit#gid=992181004
season_004,Regular Season,9,person_melevies,MeLevies,0.0080,,1000,42,https://docs.google.com/spreadsheets/d/1u8AORkPkqIxR4GblUqU5faeTfuuKGjKrllUxnnUdRz0/edit#gid=992181004
season_004,Regular Season,9,person_minetube,Minetube,0.0210,,1000,42,https://docs.google.com/spreadsheets/d/1u8AORkPkqIxR4GblUqU5faeTfuuKGjKrllUxnnUdRz0/edit#gid=992181004
season_004,Regular Season,9,person_pokebazi,PokeBazi,0.0000,,1000,42,https://docs.google.com/spreadsheets/d/1u8AORkPkqIxR4GblUqU5faeTfuuKGjKrllUxnnUdRz0/edit#gid=992181004
season_004,Regular Season,9,person_present,PresentLP,0.0720,,1000,42,https://docs.google.com/spreadsheets/d/1u8AORkPkqIxR4GblUqU5faeTfuuKGjKrllUxnnUdRz0/edit#gid=992181004
season_004,Regular Season,9,person_regibang,RegiBang,0.3300,,1000,42,https://docs.google.com/spreadsheets/d/1u8AORkPkqIxR4GblUqU5faeTfuuKGjKrllUxnnUdRz0/edit#gid=992181004
season_004,Regular Season,9,person_surskittv,SurskitTV,0.0010,,1000,42,https://docs.google.com/spreadsheets/d/1u8AORkPkqIxR4GblUqU5faeTfuuKGjKrllUxnnUdRz0/edit#gid=992181004
season_004,Regular Season,10,person_art_n_gaming,Art'n'Gaming,0.0000,,1000,42,https://docs.google.com/spreadsheets/d/1u8AORkPkqIxR4GblUqU5faeTfuuKGjKrllUxnnUdRz0/edit#gid=992181004
season_004,Regular Season,10,person_bene,Bene,0.5420,,1000,42,https://docs.google.com/spreadsheets/d/1u8AORkPkqIxR4GblUqU5faeTfuuKGjKrllUxnnUdRz0/edit#gid=992181004
season_004,Regular Season,10,person_captaincrinch,CaptainCrinch,0.0200,,1000,42,https://docs.google.com/spreadsheets/d/1u8AORkPkqIxR4GblUqU5faeTfuuKGjKrllUxnnUdRz0/edit#gid=992181004
season_004,Regular Season,10,person_crowdcontroller,CrowdController,0.0000,,1000,42,https://docs.google.com/spreadsheets/d/1u8AORkPkqIxR4GblUqU5faeTfuuKGjKrllUxnnUdRz0/edit#gid=992181004
season_004,Regular Season,10,person_fnupa,Cabgolord,0.0000,,1000,42,https://docs.google.com/spreadsheets/d/1u8AORkPkqIxR4GblUqU5faeTfuuKGjKrllUxnnUdRz0/edit#gid=992181004
season_004,Regular Season,10,person_lauris,Lauris,0.0030,,1000,42,https://docs.google.com/spreadsheets/d/1u8AORkPkqIxR4GblUqU5faeTfuuKGjKrllUxnnUdRz0/edit#gid=992181004
season_004,Regular Season,10,person_melevies,MeLevies,0.0010,,1000,42,https://docs.google.com/spreadsheets/d/1u8AORkPkqIxR4GblUqU5faeTfuuKGjKrllUxnnUdRz0/edit#gid=992181004
season_004,Regular Season,10,person_minetube,Minetube,0.0190,,1000,42,https://docs.google.com/spreadsheets/d/1u8AORkPkqIxR4GblUqU5faeTfuuKGjKrllUxnnUdRz0/edit#gid=992181004
season_004,Regular Season,10,person_pokebazi,PokeBazi,0.0000,,1000,42,https://docs.google.com/spreadsheets/d/1u8AORkPkqIxR4GblUqU5faeTfuuKGjKrllUxnnUdRz0/edit#gid=992181004
season_004,Regular Season,10,person_present,PresentLP,0.0830,,1000,42,https://docs.google.com/spreadsheets/d/1u8AORkPkqIxR4GblUqU5faeTfuuKGjKrllUxnnUdRz0/edit#gid=992181004
season_004,Regular Season,10,person_regibang,RegiBang,0.3320,,1000,42,https://docs.google.com/spreadsheets/d/1u8AORkPkqIxR4GblUqU5faeTfuuKGjKrllUxnnUdRz0/edit#gid=992181004
season_004,Regular Season,10,person_surskittv,SurskitTV,0.0000,,1000,42,https://docs.google.com/spreadsheets/d/1u8AORkPkqIxR4GblUqU5faeTfuuKGjKrllUxnnUdRz0/edit#gid=992181004
season_004,Regular Season,11,person_art_n_gaming,Art'n'Gaming,0.0000,,1000,42,https://docs.google.com/spreadsheets/d/1u8AORkPkqIxR4GblUqU5faeTfuuKGjKrllUxnnUdRz0/edit#gid=992181004
season_004,Regular Season,11,person_bene,Bene,0.3850,,1000,42,https://docs.google.com/spreadsheets/d/1u8AORkPkqIxR4GblUqU5faeTfuuKGjKrllUxnnUdRz0/edit#gid=992181004
season_004,Regular Season,11,person_captaincrinch,CaptainCrinch,0.0020,,1000,42,https://docs.google.com/spreadsheets/d/1u8AORkPkqIxR4GblUqU5faeTfuuKGjKrllUxnnUdRz0/edit#gid=992181004
season_004,Regular Season,11,person_crowdcontroller,CrowdController,0.0000,,1000,42,https://docs.google.com/spreadsheets/d/1u8AORkPkqIxR4GblUqU5faeTfuuKGjKrllUxnnUdRz0/edit#gid=992181004
season_004,Regular Season,11,person_fnupa,Cabgolord,0.0000,,1000,42,https://docs.google.com/spreadsheets/d/1u8AORkPkqIxR4GblUqU5faeTfuuKGjKrllUxnnUdRz0/edit#gid=992181004
season_004,Regular Season,11,person_lauris,Lauris,0.0050,,1000,42,https://docs.google.com/spreadsheets/d/1u8AORkPkqIxR4GblUqU5faeTfuuKGjKrllUxnnUdRz0/edit#gid=992181004
season_004,Regular Season,11,person_melevies,MeLevies,0.0000,,1000,42,https://docs.google.com/spreadsheets/d/1u8AORkPkqIxR4GblUqU5faeTfuuKGjKrllUxnnUdRz0/edit#gid=992181004
season_004,Regular Season,11,person_minetube,Minetube,0.0180,,1000,42,https://docs.google.com/spreadsheets/d/1u8AORkPkqIxR4GblUqU5faeTfuuKGjKrllUxnnUdRz0/edit#gid=992181004
season_004,Regular Season,11,person_pokebazi,PokeBazi,0.0000,,1000,42,https://docs.google.com/spreadsheets/d/1u8AORkPkqIxR4GblUqU5faeTfuuKGjKrllUxnnUdRz0/edit#gid=992181004
season_004,Regular Season,11,person_present,PresentLP,0.0070,,1000,42,https://docs.google.com/spreadsheets/d/1u8AORkPkqIxR4GblUqU5faeTfuuKGjKrllUxnnUdRz0/edit#gid=992181004
season_004,Regular Season,11,person_regibang,RegiBang,0.5830,,1000,42,https://docs.google.com/spreadsheets/d/1u8AORkPkqIxR4GblUqU5faeTfuuKGjKrllUxnnUdRz0/edit#gid=992181004
season_004,Regular Season,11,person_surskittv,SurskitTV,0.0000,,1000,42,https://docs.google.com/spreadsheets/d/1u8AORkPkqIxR4GblUqU5faeTfuuKGjKrllUxnnUdRz0/edit#gid=992181004
season_004,Regular Season,12,person_art_n_gaming,Art'n'Gaming,0.0000,,1000,42,https://docs.google.com/spreadsheets/d/1u8AORkPkqIxR4GblUqU5faeTfuuKGjKrllUxnnUdRz0/edit#gid=992181004
season_004,Regular Season,12,person_bene,Bene,0.4310,,1000,42,https://docs.google.com/spreadsheets/d/1u8AORkPkqIxR4GblUqU5faeTfuuKGjKrllUxnnUdRz0/edit#gid=992181004
season_004,Regular Season,12,person_captaincrinch,CaptainCrinch,0.0010,,1000,42,https://docs.google.com/spreadsheets/d/1u8AORkPkqIxR4GblUqU5faeTfuuKGjKrllUxnnUdRz0/edit#gid=992181004
season_004,Regular Season,12,person_crowdcontroller,CrowdController,0.0000,,1000,42,https://docs.google.com/spreadsheets/d/1u8AORkPkqIxR4GblUqU5faeTfuuKGjKrllUxnnUdRz0/edit#gid=992181004
season_004,Regular Season,12,person_fnupa,Cabgolord,0.0000,,1000,42,https://docs.google.com/spreadsheets/d/1u8AORkPkqIxR4GblUqU5faeTfuuKGjKrllUxnnUdRz0/edit#gid=992181004
season_004,Regular Season,12,person_lauris,Lauris,0.0030,,1000,42,https://docs.google.com/spreadsheets/d/1u8AORkPkqIxR4GblUqU5faeTfuuKGjKrllUxnnUdRz0/edit#gid=992181004
season_004,Regular Season,12,person_melevies,MeLevies,0.0000,,1000,42,https://docs.google.com/spreadsheets/d/1u8AORkPkqIxR4GblUqU5faeTfuuKGjKrllUxnnUdRz0/edit#gid=992181004
season_004,Regular Season,12,person_minetube,Minetube,0.0000,,1000,42,https://docs.google.com/spreadsheets/d/1u8AORkPkqIxR4GblUqU5faeTfuuKGjKrllUxnnUdRz0/edit#gid=992181004
season_004,Regular Season,12,person_pokebazi,PokeBazi,0.0000,,1000,42,https://docs.google.com/spreadsheets/d/1u8AORkPkqIxR4GblUqU5faeTfuuKGjKrllUxnnUdRz0/edit#gid=992181004
season_004,Regular Season,12,person_present,PresentLP,0.0050,,1000,42,https://docs.google.com/spreadsheets/d/1u8AORkPkqIxR4GblUqU5faeTfuuKGjKrllUxnnUdRz0/edit#gid=992181004
season_004,Regular Season,12,person_regibang,RegiBang,0.5600,,1000,42,https://docs.google.com/spreadsheets/d/1u8AORkPkqIxR4GblUqU5faeTfuuKGjKrllUxnnUdRz0/edit#gid=992181004
season_004,Regular Season,12,person_surskittv,SurskitTV,0.0000,,1000,42,https://docs.google.com/spreadsheets/d/1u8AORkPkqIxR4GblUqU5faeTfuuKGjKrllUxnnUdRz0/edit#gid=992181004
season_004,Regular Season,13,person_art_n_gaming,Art'n'Gaming,0.0000,,1000,42,https://docs.google.com/spreadsheets/d/1u8AORkPkqIxR4GblUqU5faeTfuuKGjKrllUxnnUdRz0/edit#gid=992181004
season_004,Regular Season,13,person_bene,Bene,0.4750,,1000,42,https://docs.google.com/spreadsheets/d/1u8AORkPkqIxR4GblUqU5faeTfuuKGjKrllUxnnUdRz0/edit#gid=992181004
season_004,Regular Season,13,person_captaincrinch,CaptainCrinch,0.0010,,1000,42,https://docs.google.com/spreadsheets/d/1u8AORkPkqIxR4GblUqU5faeTfuuKGjKrllUxnnUdRz0/edit#gid=992181004
season_004,Regular Season,13,person_crowdcontroller,CrowdController,0.0000,,1000,42,https://docs.google.com/spreadsheets/d/1u8AORkPkqIxR4GblUqU5faeTfuuKGjKrllUxnnUdRz0/edit#gid=992181004
season_004,Regular Season,13,person_fnupa,Cabgolord,0.0000,,1000,42,https://docs.google.com/spreadsheets/d/1u8AORkPkqIxR4GblUqU5faeTfuuKGjKrllUxnnUdRz0/edit#gid=992181004
season_004,Regular Season,13,person_lauris,Lauris,0.0210,,1000,42,https://docs.google.com/spreadsheets/d/1u8AORkPkqIxR4GblUqU5faeTfuuKGjKrllUxnnUdRz0/edit#gid=992181004
season_004,Regular Season,13,person_melevies,MeLevies,0.0120,,1000,42,https://docs.google.com/spreadsheets/d/1u8AORkPkqIxR4GblUqU5faeTfuuKGjKrllUxnnUdRz0/edit#gid=992181004
season_004,Regular Season,13,person_minetube,Minetube,0.0010,,1000,42,https://docs.google.com/spreadsheets/d/1u8AORkPkqIxR4GblUqU5faeTfuuKGjKrllUxnnUdRz0/edit#gid=992181004
season_004,Regular Season,13,person_pokebazi,PokeBazi,0.0000,,1000,42,https://docs.google.com/spreadsheets/d/1u8AORkPkqIxR4GblUqU5faeTfuuKGjKrllUxnnUdRz0/edit#gid=992181004
season_004,Regular Season,13,person_present,PresentLP,0.0190,,1000,42,https://docs.google.com/spreadsheets/d/1u8AORkPkqIxR4GblUqU5faeTfuuKGjKrllUxnnUdRz0/edit#gid=992181004
season_004,Regular Season,13,person_regibang,RegiBang,0.4710,,1000,42,https://docs.google.com/spreadsheets/d/1u8AORkPkqIxR4GblUqU5faeTfuuKGjKrllUxnnUdRz0/edit#gid=992181004
season_004,Regular Season,13,person_surskittv,SurskitTV,0.0000,,1000,42,https://docs.google.com/spreadsheets/d/1u8AORkPkqIxR4GblUqU5faeTfuuKGjKrllUxnnUdRz0/edit#gid=992181004
season_004,Regular Season,14,person_art_n_gaming,Art'n'Gaming,0.0000,,1000,42,https://docs.google.com/spreadsheets/d/1u8AORkPkqIxR4GblUqU5faeTfuuKGjKrllUxnnUdRz0/edit#gid=992181004
season_004,Regular Season,14,person_bene,Bene,0.5210,,1000,42,https://docs.google.com/spreadsheets/d/1u8AORkPkqIxR4GblUqU5faeTfuuKGjKrllUxnnUdRz0/edit#gid=992181004
season_004,Regular Season,14,person_captaincrinch,CaptainCrinch,0.0000,,1000,42,https://docs.google.com/spreadsheets/d/1u8AORkPkqIxR4GblUqU5faeTfuuKGjKrllUxnnUdRz0/edit#gid=992181004
season_004,Regular Season,14,person_crowdcontroller,CrowdController,0.0000,,1000,42,https://docs.google.com/spreadsheets/d/1u8AORkPkqIxR4GblUqU5faeTfuuKGjKrllUxnnUdRz0/edit#gid=992181004
season_004,Regular Season,14,person_fnupa,Cabgolord,0.0000,,1000,42,https://docs.google.com/spreadsheets/d/1u8AORkPkqIxR4GblUqU5faeTfuuKGjKrllUxnnUdRz0/edit#gid=992181004
season_004,Regular Season,14,person_lauris,Lauris,0.0140,,1000,42,https://docs.google.com/spreadsheets/d/1u8AORkPkqIxR4GblUqU5faeTfuuKGjKrllUxnnUdRz0/edit#gid=992181004
season_004,Regular Season,14,person_melevies,MeLevies,0.0020,,1000,42,https://docs.google.com/spreadsheets/d/1u8AORkPkqIxR4GblUqU5faeTfuuKGjKrllUxnnUdRz0/edit#gid=992181004
season_004,Regular Season,14,person_minetube,Minetube,0.0000,,1000,42,https://docs.google.com/spreadsheets/d/1u8AORkPkqIxR4GblUqU5faeTfuuKGjKrllUxnnUdRz0/edit#gid=992181004
season_004,Regular Season,14,person_pokebazi,PokeBazi,0.0000,,1000,42,https://docs.google.com/spreadsheets/d/1u8AORkPkqIxR4GblUqU5faeTfuuKGjKrllUxnnUdRz0/edit#gid=992181004
season_004,Regular Season,14,person_present,PresentLP,0.0340,,1000,42,https://docs.google.com/spreadsheets/d/1u8AORkPkqIxR4GblUqU5faeTfuuKGjKrllUxnnUdRz0/edit#gid=992181004
season_004,Regular Season,14,person_regibang,RegiBang,0.4290,,1000,42,https://docs.google.com/spreadsheets/d/1u8AORkPkqIxR4GblUqU5faeTfuuKGjKrllUxnnUdRz0/edit#gid=992181004
season_004,Regular Season,14,person_surskittv,SurskitTV,0.0000,,1000,42,https://docs.google.com/spreadsheets/d/1u8AORkPkqIxR4GblUqU5faeTfuuKGjKrllUxnnUdRz0/edit#gid=992181004
season_004,Regular Season,15,person_art_n_gaming,Art'n'Gaming,0.0000,,1000,42,https://docs.google.com/spreadsheets/d/1u8AORkPkqIxR4GblUqU5faeTfuuKGjKrllUxnnUdRz0/edit#gid=992181004
season_004,Regular Season,15,person_bene,Bene,0.8040,,1000,42,https://docs.google.com/spreadsheets/d/1u8AORkPkqIxR4GblUqU5faeTfuuKGjKrllUxnnUdRz0/edit#gid=992181004
season_004,Regular Season,15,person_captaincrinch,CaptainCrinch,0.0000,,1000,42,https://docs.google.com/spreadsheets/d/1u8AORkPkqIxR4GblUqU5faeTfuuKGjKrllUxnnUdRz0/edit#gid=992181004
season_004,Regular Season,15,person_crowdcontroller,CrowdController,0.0000,,1000,42,https://docs.google.com/spreadsheets/d/1u8AORkPkqIxR4GblUqU5faeTfuuKGjKrllUxnnUdRz0/edit#gid=992181004
season_004,Regular Season,15,person_fnupa,Cabgolord,0.0000,,1000,42,https://docs.google.com/spreadsheets/d/1u8AORkPkqIxR4GblUqU5faeTfuuKGjKrllUxnnUdRz0/edit#gid=992181004
season_004,Regular Season,15,person_lauris,Lauris,0.0250,,1000,42,https://docs.google.com/spreadsheets/d/1u8AORkPkqIxR4GblUqU5faeTfuuKGjKrllUxnnUdRz0/edit#gid=992181004
season_004,Regular Season,15,person_melevies,MeLevies,0.0000,,1000,42,https://docs.google.com/spreadsheets/d/1u8AORkPkqIxR4GblUqU5faeTfuuKGjKrllUxnnUdRz0/edit#gid=992181004
season_004,Regular Season,15,person_minetube,Minetube,0.0000,,1000,42,https://docs.google.com/spreadsheets/d/1u8AORkPkqIxR4GblUqU5faeTfuuKGjKrllUxnnUdRz0/edit#gid=992181004
season_004,Regular Season,15,person_pokebazi,PokeBazi,0.0000,,1000,42,https://docs.google.com/spreadsheets/d/1u8AORkPkqIxR4GblUqU5faeTfuuKGjKrllUxnnUdRz0/edit#gid=992181004
season_004,Regular Season,15,person_present,PresentLP,0.0330,,1000,42,https://docs.google.com/spreadsheets/d/1u8AORkPkqIxR4GblUqU5faeTfuuKGjKrllUxnnUdRz0/edit#gid=992181004
season_004,Regular Season,15,person_regibang,RegiBang,0.1380,,1000,42,https://docs.google.com/spreadsheets/d/1u8AORkPkqIxR4GblUqU5faeTfuuKGjKrllUxnnUdRz0/edit#gid=992181004
season_004,Regular Season,15,person_surskittv,SurskitTV,0.0000,,1000,42,https://docs.google.com/spreadsheets/d/1u8AORkPkqIxR4GblUqU5faeTfuuKGjKrllUxnnUdRz0/edit#gid=992181004
season_004,Regular Season,16,person_art_n_gaming,Art'n'Gaming,0.0000,,1000,42,https://docs.google.com/spreadsheets/d/1u8AORkPkqIxR4GblUqU5faeTfuuKGjKrllUxnnUdRz0/edit#gid=992181004
season_004,Regular Season,16,person_bene,Bene,0.8680,,1000,42,https://docs.google.com/spreadsheets/d/1u8AORkPkqIxR4GblUqU5faeTfuuKGjKrllUxnnUdRz0/edit#gid=992181004
season_004,Regular Season,16,person_captaincrinch,CaptainCrinch,0.0000,,1000,42,https://docs.google.com/spreadsheets/d/1u8AORkPkqIxR4GblUqU5faeTfuuKGjKrllUxnnUdRz0/edit#gid=992181004
season_004,Regular Season,16,person_crowdcontroller,CrowdController,0.0000,,1000,42,https://docs.google.com/spreadsheets/d/1u8AORkPkqIxR4GblUqU5faeTfuuKGjKrllUxnnUdRz0/edit#gid=992181004
season_004,Regular Season,16,person_fnupa,Cabgolord,0.0000,,1000,42,https://docs.google.com/spreadsheets/d/1u8AORkPkqIxR4GblUqU5faeTfuuKGjKrllUxnnUdRz0/edit#gid=992181004
season_004,Regular Season,16,person_lauris,Lauris,0.0000,,1000,42,https://docs.google.com/spreadsheets/d/1u8AORkPkqIxR4GblUqU5faeTfuuKGjKrllUxnnUdRz0/edit#gid=992181004
season_004,Regular Season,16,person_melevies,MeLevies,0.0000,,1000,42,https://docs.google.com/spreadsheets/d/1u8AORkPkqIxR4GblUqU5faeTfuuKGjKrllUxnnUdRz0/edit#gid=992181004
season_004,Regular Season,16,person_minetube,Minetube,0.0000,,1000,42,https://docs.google.com/spreadsheets/d/1u8AORkPkqIxR4GblUqU5faeTfuuKGjKrllUxnnUdRz0/edit#gid=992181004
season_004,Regular Season,16,person_pokebazi,PokeBazi,0.0000,,1000,42,https://docs.google.com/spreadsheets/d/1u8AORkPkqIxR4GblUqU5faeTfuuKGjKrllUxnnUdRz0/edit#gid=992181004
season_004,Regular Season,16,person_present,PresentLP,0.0000,,1000,42,https://docs.google.com/spreadsheets/d/1u8AORkPkqIxR4GblUqU5faeTfuuKGjKrllUxnnUdRz0/edit#gid=992181004
season_004,Regular Season,16,person_regibang,RegiBang,0.1320,,1000,42,https://docs.google.com/spreadsheets/d/1u8AORkPkqIxR4GblUqU5faeTfuuKGjKrllUxnnUdRz0/edit#gid=992181004
season_004,Regular Season,16,person_surskittv,SurskitTV,0.0000,,1000,42,https://docs.google.com/spreadsheets/d/1u8AORkPkqIxR4GblUqU5faeTfuuKGjKrllUxnnUdRz0/edit#gid=992181004
season_004,Regular Season,17,person_art_n_gaming,Art'n'Gaming,0.0000,,1000,42,https://docs.google.com/spreadsheets/d/1u8AORkPkqIxR4GblUqU5faeTfuuKGjKrllUxnnUdRz0/edit#gid=992181004
season_004,Regular Season,17,person_bene,Bene,0.9730,,1000,42,https://docs.google.com/spreadsheets/d/1u8AORkPkqIxR4GblUqU5faeTfuuKGjKrllUxnnUdRz0/edit#gid=992181004
season_004,Regular Season,17,person_captaincrinch,CaptainCrinch,0.0000,,1000,42,https://docs.google.com/spreadsheets/d/1u8AORkPkqIxR4GblUqU5faeTfuuKGjKrllUxnnUdRz0/edit#gid=992181004
season_004,Regular Season,17,person_crowdcontroller,CrowdController,0.0000,,1000,42,https://docs.google.com/spreadsheets/d/1u8AORkPkqIxR4GblUqU5faeTfuuKGjKrllUxnnUdRz0/edit#gid=992181004
season_004,Regular Season,17,person_fnupa,Cabgolord,0.0000,,1000,42,https://docs.google.com/spreadsheets/d/1u8AORkPkqIxR4GblUqU5faeTfuuKGjKrllUxnnUdRz0/edit#gid=992181004
season_004,Regular Season,17,person_lauris,Lauris,0.0000,,1000,42,https://docs.google.com/spreadsheets/d/1u8AORkPkqIxR4GblUqU5faeTfuuKGjKrllUxnnUdRz0/edit#gid=992181004
season_004,Regular Season,17,person_melevies,MeLevies,0.0000,,1000,42,https://docs.google.com/spreadsheets/d/1u8AORkPkqIxR4GblUqU5faeTfuuKGjKrllUxnnUdRz0/edit#gid=992181004
season_004,Regular Season,17,person_minetube,Minetube,0.0000,,1000,42,https://docs.google.com/spreadsheets/d/1u8AORkPkqIxR4GblUqU5faeTfuuKGjKrllUxnnUdRz0/edit#gid=992181004
season_004,Regular Season,17,person_pokebazi,PokeBazi,0.0000,,1000,42,https://docs.google.com/spreadsheets/d/1u8AORkPkqIxR4GblUqU5faeTfuuKGjKrllUxnnUdRz0/edit#gid=992181004
season_004,Regular Season,17,person_present,PresentLP,0.0040,,1000,42,https://docs.google.com/spreadsheets/d/1u8AORkPkqIxR4GblUqU5faeTfuuKGjKrllUxnnUdRz0/edit#gid=992181004
season_004,Regular Season,17,person_regibang,RegiBang,0.0230,,1000,42,https://docs.google.com/spreadsheets/d/1u8AORkPkqIxR4GblUqU5faeTfuuKGjKrllUxnnUdRz0/edit#gid=992181004
season_004,Regular Season,17,person_surskittv,SurskitTV,0.0000,,1000,42,https://docs.google.com/spreadsheets/d/1u8AORkPkqIxR4GblUqU5faeTfuuKGjKrllUxnnUdRz0/edit#gid=992181004
season_004,Regular Season,18,person_art_n_gaming,Art'n'Gaming,0.0000,,1000,42,https://docs.google.com/spreadsheets/d/1u8AORkPkqIxR4GblUqU5faeTfuuKGjKrllUxnnUdRz0/edit#gid=992181004
season_004,Regular Season,18,person_bene,Bene,0.9980,,1000,42,https://docs.google.com/spreadsheets/d/1u8AORkPkqIxR4GblUqU5faeTfuuKGjKrllUxnnUdRz0/edit#gid=992181004
season_004,Regular Season,18,person_captaincrinch,CaptainCrinch,0.0000,,1000,42,https://docs.google.com/spreadsheets/d/1u8AORkPkqIxR4GblUqU5faeTfuuKGjKrllUxnnUdRz0/edit#gid=992181004
season_004,Regular Season,18,person_crowdcontroller,CrowdController,0.0000,,1000,42,https://docs.google.com/spreadsheets/d/1u8AORkPkqIxR4GblUqU5faeTfuuKGjKrllUxnnUdRz0/edit#gid=992181004
season_004,Regular Season,18,person_fnupa,Cabgolord,0.0000,,1000,42,https://docs.google.com/spreadsheets/d/1u8AORkPkqIxR4GblUqU5faeTfuuKGjKrllUxnnUdRz0/edit#gid=992181004
season_004,Regular Season,18,person_lauris,Lauris,0.0000,,1000,42,https://docs.google.com/spreadsheets/d/1u8AORkPkqIxR4GblUqU5faeTfuuKGjKrllUxnnUdRz0/edit#gid=992181004
season_004,Regular Season,18,person_melevies,MeLevies,0.0000,,1000,42,https://docs.google.com/spreadsheets/d/1u8AORkPkqIxR4GblUqU5faeTfuuKGjKrllUxnnUdRz0/edit#gid=992181004
season_004,Regular Season,18,person_minetube,Minetube,0.0000,,1000,42,https://docs.google.com/spreadsheets/d/1u8AORkPkqIxR4GblUqU5faeTfuuKGjKrllUxnnUdRz0/edit#gid=992181004
season_004,Regular Season,18,person_pokebazi,PokeBazi,0.0000,,1000,42,https://docs.google.com/spreadsheets/d/1u8AORkPkqIxR4GblUqU5faeTfuuKGjKrllUxnnUdRz0/edit#gid=992181004
season_004,Regular Season,18,person_present,PresentLP,0.0010,,1000,42,https://docs.google.com/spreadsheets/d/1u8AORkPkqIxR4GblUqU5faeTfuuKGjKrllUxnnUdRz0/edit#gid=992181004
season_004,Regular Season,18,person_regibang,RegiBang,0.0010,,1000,42,https://docs.google.com/spreadsheets/d/1u8AORkPkqIxR4GblUqU5faeTfuuKGjKrllUxnnUdRz0/edit#gid=992181004
season_004,Regular Season,18,person_surskittv,SurskitTV,0.0000,,1000,42,https://docs.google.com/spreadsheets/d/1u8AORkPkqIxR4GblUqU5faeTfuuKGjKrllUxnnUdRz0/edit#gid=992181004
season_004,Regular Season,19,person_art_n_gaming,Art'n'Gaming,0.0000,,1000,42,https://docs.google.com/spreadsheets/d/1u8AORkPkqIxR4GblUqU5faeTfuuKGjKrllUxnnUdRz0/edit#gid=992181004
season_004,Regular Season,19,person_bene,Bene,1.0000,,1000,42,https://docs.google.com/spreadsheets/d/1u8AORkPkqIxR4GblUqU5faeTfuuKGjKrllUxnnUdRz0/edit#gid=992181004
season_004,Regular Season,19,person_captaincrinch,CaptainCrinch,0.0000,,1000,42,https://docs.google.com/spreadsheets/d/1u8AORkPkqIxR4GblUqU5faeTfuuKGjKrllUxnnUdRz0/edit#gid=992181004
season_004,Regular Season,19,person_crowdcontroller,CrowdController,0.0000,,1000,42,https://docs.google.com/spreadsheets/d/1u8AORkPkqIxR4GblUqU5faeTfuuKGjKrllUxnnUdRz0/edit#gid=992181004
season_004,Regular Season,19,person_fnupa,Cabgolord,0.0000,,1000,42,https://docs.google.com/spreadsheets/d/1u8AORkPkqIxR4GblUqU5faeTfuuKGjKrllUxnnUdRz0/edit#gid=992181004
season_004,Regular Season,19,person_lauris,Lauris,0.0000,,1000,42,https://docs.google.com/spreadsheets/d/1u8AORkPkqIxR4GblUqU5faeTfuuKGjKrllUxnnUdRz0/edit#gid=992181004
season_004,Regular Season,19,person_melevies,MeLevies,0.0000,,1000,42,https://docs.google.com/spreadsheets/d/1u8AORkPkqIxR4GblUqU5faeTfuuKGjKrllUxnnUdRz0/edit#gid=992181004
season_004,Regular Season,19,person_minetube,Minetube,0.0000,,1000,42,https://docs.google.com/spreadsheets/d/1u8AORkPkqIxR4GblUqU5faeTfuuKGjKrllUxnnUdRz0/edit#gid=992181004
season_004,Regular Season,19,person_pokebazi,PokeBazi,0.0000,,1000,42,https://docs.google.com/spreadsheets/d/1u8AORkPkqIxR4GblUqU5faeTfuuKGjKrllUxnnUdRz0/edit#gid=992181004
season_004,Regular Season,19,person_present,PresentLP,0.0000,,1000,42,https://docs.google.com/spreadsheets/d/1u8AORkPkqIxR4GblUqU5faeTfuuKGjKrllUxnnUdRz0/edit#gid=992181004
season_004,Regular Season,19,person_regibang,RegiBang,0.0000,,1000,42,https://docs.google.com/spreadsheets/d/1u8AORkPkqIxR4GblUqU5faeTfuuKGjKrllUxnnUdRz0/edit#gid=992181004
season_004,Regular Season,19,person_surskittv,SurskitTV,0.0000,,1000,42,https://docs.google.com/spreadsheets/d/1u8AORkPkqIxR4GblUqU5faeTfuuKGjKrllUxnnUdRz0/edit#gid=992181004
season_004,Regular Season,20,person_art_n_gaming,Art'n'Gaming,0.0000,,1000,42,https://docs.google.com/spreadsheets/d/1u8AORkPkqIxR4GblUqU5faeTfuuKGjKrllUxnnUdRz0/edit#gid=992181004
season_004,Regular Season,20,person_bene,Bene,1.0000,,1000,42,https://docs.google.com/spreadsheets/d/1u8AORkPkqIxR4GblUqU5faeTfuuKGjKrllUxnnUdRz0/edit#gid=992181004
season_004,Regular Season,20,person_captaincrinch,CaptainCrinch,0.0000,,1000,42,https://docs.google.com/spreadsheets/d/1u8AORkPkqIxR4GblUqU5faeTfuuKGjKrllUxnnUdRz0/edit#gid=992181004
season_004,Regular Season,20,person_crowdcontroller,CrowdController,0.0000,,1000,42,https://docs.google.com/spreadsheets/d/1u8AORkPkqIxR4GblUqU5faeTfuuKGjKrllUxnnUdRz0/edit#gid=992181004
season_004,Regular Season,20,person_fnupa,Cabgolord,0.0000,,1000,42,https://docs.google.com/spreadsheets/d/1u8AORkPkqIxR4GblUqU5faeTfuuKGjKrllUxnnUdRz0/edit#gid=992181004
season_004,Regular Season,20,person_lauris,Lauris,0.0000,,1000,42,https://docs.google.com/spreadsheets/d/1u8AORkPkqIxR4GblUqU5faeTfuuKGjKrllUxnnUdRz0/edit#gid=992181004
season_004,Regular Season,20,person_melevies,MeLevies,0.0000,,1000,42,https://docs.google.com/spreadsheets/d/1u8AORkPkqIxR4GblUqU5faeTfuuKGjKrllUxnnUdRz0/edit#gid=992181004
season_004,Regular Season,20,person_minetube,Minetube,0.0000,,1000,42,https://docs.google.com/spreadsheets/d/1u8AORkPkqIxR4GblUqU5faeTfuuKGjKrllUxnnUdRz0/edit#gid=992181004
season_004,Regular Season,20,person_pokebazi,PokeBazi,0.0000,,1000,42,https://docs.google.com/spreadsheets/d/1u8AORkPkqIxR4GblUqU5faeTfuuKGjKrllUxnnUdRz0/edit#gid=992181004
season_004,Regular Season,20,person_present,PresentLP,0.0000,,1000,42,https://docs.google.com/spreadsheets/d/1u8AORkPkqIxR4GblUqU5faeTfuuKGjKrllUxnnUdRz0/edit#gid=992181004
season_004,Regular Season,20,person_regibang,RegiBang,0.0000,,1000,42,https://docs.google.com/spreadsheets/d/1u8AORkPkqIxR4GblUqU5faeTfuuKGjKrllUxnnUdRz0/edit#gid=992181004
season_004,Regular Season,20,person_surskittv,SurskitTV,0.0000,,1000,42,https://docs.google.com/spreadsheets/d/1u8AORkPkqIxR4GblUqU5faeTfuuKGjKrllUxnnUdRz0/edit#gid=992181004
season_004,Regular Season,21,person_art_n_gaming,Art'n'Gaming,0.0000,,1000,42,https://docs.google.com/spreadsheets/d/1u8AORkPkqIxR4GblUqU5faeTfuuKGjKrllUxnnUdRz0/edit#gid=992181004
season_004,Regular Season,21,person_bene,Bene,1.0000,,1000,42,https://docs.google.com/spreadsheets/d/1u8AORkPkqIxR4GblUqU5faeTfuuKGjKrllUxnnUdRz0/edit#gid=992181004
season_004,Regular Season,21,person_captaincrinch,CaptainCrinch,0.0000,,1000,42,https://docs.google.com/spreadsheets/d/1u8AORkPkqIxR4GblUqU5faeTfuuKGjKrllUxnnUdRz0/edit#gid=992181004
season_004,Regular Season,21,person_crowdcontroller,CrowdController,0.0000,,1000,42,https://docs.google.com/spreadsheets/d/1u8AORkPkqIxR4GblUqU5faeTfuuKGjKrllUxnnUdRz0/edit#gid=992181004
season_004,Regular Season,21,person_fnupa,Cabgolord,0.0000,,1000,42,https://docs.google.com/spreadsheets/d/1u8AORkPkqIxR4GblUqU5faeTfuuKGjKrllUxnnUdRz0/edit#gid=992181004
season_004,Regular Season,21,person_lauris,Lauris,0.0000,,1000,42,https://docs.google.com/spreadsheets/d/1u8AORkPkqIxR4GblUqU5faeTfuuKGjKrllUxnnUdRz0/edit#gid=992181004
season_004,Regular Season,21,person_melevies,MeLevies,0.0000,,1000,42,https://docs.google.com/spreadsheets/d/1u8AORkPkqIxR4GblUqU5faeTfuuKGjKrllUxnnUdRz0/edit#gid=992181004
season_004,Regular Season,21,person_minetube,Minetube,0.0000,,1000,42,https://docs.google.com/spreadsheets/d/1u8AORkPkqIxR4GblUqU5faeTfuuKGjKrllUxnnUdRz0/edit#gid=992181004
season_004,Regular Season,21,person_pokebazi,PokeBazi,0.0000,,1000,42,https://docs.google.com/spreadsheets/d/1u8AORkPkqIxR4GblUqU5faeTfuuKGjKrllUxnnUdRz0/edit#gid=992181004
season_004,Regular Season,21,person_present,PresentLP,0.0000,,1000,42,https://docs.google.com/spreadsheets/d/1u8AORkPkqIxR4GblUqU5faeTfuuKGjKrllUxnnUdRz0/edit#gid=992181004
season_004,Regular Season,21,person_regibang,RegiBang,0.0000,,1000,42,https://docs.google.com/spreadsheets/d/1u8AORkPkqIxR4GblUqU5faeTfuuKGjKrllUxnnUdRz0/edit#gid=992181004
season_004,Regular Season,21,person_surskittv,SurskitTV,0.0000,,1000,42,https://docs.google.com/spreadsheets/d/1u8AORkPkqIxR4GblUqU5faeTfuuKGjKrllUxnnUdRz0/edit#gid=992181004
season_004,Regular Season,22,person_art_n_gaming,Art'n'Gaming,0.0000,,1000,42,https://docs.google.com/spreadsheets/d/1u8AORkPkqIxR4GblUqU5faeTfuuKGjKrllUxnnUdRz0/edit#gid=992181004
season_004,Regular Season,22,person_bene,Bene,1.0000,,1000,42,https://docs.google.com/spreadsheets/d/1u8AORkPkqIxR4GblUqU5faeTfuuKGjKrllUxnnUdRz0/edit#gid=992181004
season_004,Regular Season,22,person_captaincrinch,CaptainCrinch,0.0000,,1000,42,https://docs.google.com/spreadsheets/d/1u8AORkPkqIxR4GblUqU5faeTfuuKGjKrllUxnnUdRz0/edit#gid=992181004
season_004,Regular Season,22,person_crowdcontroller,CrowdController,0.0000,,1000,42,https://docs.google.com/spreadsheets/d/1u8AORkPkqIxR4GblUqU5faeTfuuKGjKrllUxnnUdRz0/edit#gid=992181004
season_004,Regular Season,22,person_fnupa,Cabgolord,0.0000,,1000,42,https://docs.google.com/spreadsheets/d/1u8AORkPkqIxR4GblUqU5faeTfuuKGjKrllUxnnUdRz0/edit#gid=992181004
season_004,Regular Season,22,person_lauris,Lauris,0.0000,,1000,42,https://docs.google.com/spreadsheets/d/1u8AORkPkqIxR4GblUqU5faeTfuuKGjKrllUxnnUdRz0/edit#gid=992181004
season_004,Regular Season,22,person_melevies,MeLevies,0.0000,,1000,42,https://docs.google.com/spreadsheets/d/1u8AORkPkqIxR4GblUqU5faeTfuuKGjKrllUxnnUdRz0/edit#gid=992181004
season_004,Regular Season,22,person_minetube,Minetube,0.0000,,1000,42,https://docs.google.com/spreadsheets/d/1u8AORkPkqIxR4GblUqU5faeTfuuKGjKrllUxnnUdRz0/edit#gid=992181004
season_004,Regular Season,22,person_pokebazi,PokeBazi,0.0000,,1000,42,https://docs.google.com/spreadsheets/d/1u8AORkPkqIxR4GblUqU5faeTfuuKGjKrllUxnnUdRz0/edit#gid=992181004
season_004,Regular Season,22,person_present,PresentLP,0.0000,,1000,42,https://docs.google.com/spreadsheets/d/1u8AORkPkqIxR4GblUqU5faeTfuuKGjKrllUxnnUdRz0/edit#gid=992181004
season_004,Regular Season,22,person_regibang,RegiBang,0.0000,,1000,42,https://docs.google.com/spreadsheets/d/1u8AORkPkqIxR4GblUqU5faeTfuuKGjKrllUxnnUdRz0/edit#gid=992181004
season_004,Regular Season,22,person_surskittv,SurskitTV,0.0000,,1000,42,https://docs.google.com/spreadsheets/d/1u8AORkPkqIxR4GblUqU5faeTfuuKGjKrllUxnnUdRz0/edit#gid=992181004
season_005,Liga 1,1,person_art_n_gaming,Art'n'Gaming,0.0000,,1000,42,https://docs.google.com/spreadsheets/d/1nONaKwJcrN04APGKN-HrZ8yavwZdFkfnaA59Zp1sdBU/edit#gid=405850997
season_005,Liga 1,1,person_barry_d_sin_of_speed,Barry D. Sin of Speed,0.0030,,1000,42,https://docs.google.com/spreadsheets/d/1nONaKwJcrN04APGKN-HrZ8yavwZdFkfnaA59Zp1sdBU/edit#gid=405850997
season_005,Liga 1,1,person_bene,Bene,0.7500,,1000,42,https://docs.google.com/spreadsheets/d/1nONaKwJcrN04APGKN-HrZ8yavwZdFkfnaA59Zp1sdBU/edit#gid=405850997
season_005,Liga 1,1,person_captaincrinch,CaptainCrinch,0.0000,,1000,42,https://docs.google.com/spreadsheets/d/1nONaKwJcrN04APGKN-HrZ8yavwZdFkfnaA59Zp1sdBU/edit#gid=405850997
season_005,Liga 1,1,person_fnupa,Cabgolord,0.0080,,1000,42,https://docs.google.com/spreadsheets/d/1nONaKwJcrN04APGKN-HrZ8yavwZdFkfnaA59Zp1sdBU/edit#gid=405850997
season_005,Liga 1,1,person_glebber,Glebber,0.0130,,1000,42,https://docs.google.com/spreadsheets/d/1nONaKwJcrN04APGKN-HrZ8yavwZdFkfnaA59Zp1sdBU/edit#gid=405850997
season_005,Liga 1,1,person_lauris,Lauris,0.0040,,1000,42,https://docs.google.com/spreadsheets/d/1nONaKwJcrN04APGKN-HrZ8yavwZdFkfnaA59Zp1sdBU/edit#gid=405850997
season_005,Liga 1,1,person_melevies,MeLevies,0.0000,,1000,42,https://docs.google.com/spreadsheets/d/1nONaKwJcrN04APGKN-HrZ8yavwZdFkfnaA59Zp1sdBU/edit#gid=405850997
season_005,Liga 1,1,person_minetube,Minetube,0.0040,,1000,42,https://docs.google.com/spreadsheets/d/1nONaKwJcrN04APGKN-HrZ8yavwZdFkfnaA59Zp1sdBU/edit#gid=405850997
season_005,Liga 1,1,person_parsifani,Parsifani,0.0000,,1000,42,https://docs.google.com/spreadsheets/d/1nONaKwJcrN04APGKN-HrZ8yavwZdFkfnaA59Zp1sdBU/edit#gid=405850997
season_005,Liga 1,1,person_present,PresentLP,0.1400,,1000,42,https://docs.google.com/spreadsheets/d/1nONaKwJcrN04APGKN-HrZ8yavwZdFkfnaA59Zp1sdBU/edit#gid=405850997
season_005,Liga 1,1,person_professor_n,Professor N,0.0720,,1000,42,https://docs.google.com/spreadsheets/d/1nONaKwJcrN04APGKN-HrZ8yavwZdFkfnaA59Zp1sdBU/edit#gid=405850997
season_005,Liga 1,1,person_raizor,Raizor,0.0060,,1000,42,https://docs.google.com/spreadsheets/d/1nONaKwJcrN04APGKN-HrZ8yavwZdFkfnaA59Zp1sdBU/edit#gid=405850997
season_005,Liga 1,1,person_tabasco_tv,Tabasco TV,0.0000,,1000,42,https://docs.google.com/spreadsheets/d/1nONaKwJcrN04APGKN-HrZ8yavwZdFkfnaA59Zp1sdBU/edit#gid=405850997
season_005,Liga 1,2,person_art_n_gaming,Art'n'Gaming,0.0000,,1000,42,https://docs.google.com/spreadsheets/d/1nONaKwJcrN04APGKN-HrZ8yavwZdFkfnaA59Zp1sdBU/edit#gid=405850997
season_005,Liga 1,2,person_barry_d_sin_of_speed,Barry D. Sin of Speed,0.0000,,1000,42,https://docs.google.com/spreadsheets/d/1nONaKwJcrN04APGKN-HrZ8yavwZdFkfnaA59Zp1sdBU/edit#gid=405850997
season_005,Liga 1,2,person_bene,Bene,0.7680,,1000,42,https://docs.google.com/spreadsheets/d/1nONaKwJcrN04APGKN-HrZ8yavwZdFkfnaA59Zp1sdBU/edit#gid=405850997
season_005,Liga 1,2,person_captaincrinch,CaptainCrinch,0.0010,,1000,42,https://docs.google.com/spreadsheets/d/1nONaKwJcrN04APGKN-HrZ8yavwZdFkfnaA59Zp1sdBU/edit#gid=405850997
season_005,Liga 1,2,person_fnupa,Cabgolord,0.0010,,1000,42,https://docs.google.com/spreadsheets/d/1nONaKwJcrN04APGKN-HrZ8yavwZdFkfnaA59Zp1sdBU/edit#gid=405850997
season_005,Liga 1,2,person_glebber,Glebber,0.0070,,1000,42,https://docs.google.com/spreadsheets/d/1nONaKwJcrN04APGKN-HrZ8yavwZdFkfnaA59Zp1sdBU/edit#gid=405850997
season_005,Liga 1,2,person_lauris,Lauris,0.0060,,1000,42,https://docs.google.com/spreadsheets/d/1nONaKwJcrN04APGKN-HrZ8yavwZdFkfnaA59Zp1sdBU/edit#gid=405850997
season_005,Liga 1,2,person_melevies,MeLevies,0.0000,,1000,42,https://docs.google.com/spreadsheets/d/1nONaKwJcrN04APGKN-HrZ8yavwZdFkfnaA59Zp1sdBU/edit#gid=405850997
season_005,Liga 1,2,person_minetube,Minetube,0.0000,,1000,42,https://docs.google.com/spreadsheets/d/1nONaKwJcrN04APGKN-HrZ8yavwZdFkfnaA59Zp1sdBU/edit#gid=405850997
season_005,Liga 1,2,person_parsifani,Parsifani,0.0000,,1000,42,https://docs.google.com/spreadsheets/d/1nONaKwJcrN04APGKN-HrZ8yavwZdFkfnaA59Zp1sdBU/edit#gid=405850997
season_005,Liga 1,2,person_present,PresentLP,0.1470,,1000,42,https://docs.google.com/spreadsheets/d/1nONaKwJcrN04APGKN-HrZ8yavwZdFkfnaA59Zp1sdBU/edit#gid=405850997
season_005,Liga 1,2,person_professor_n,Professor N,0.0700,,1000,42,https://docs.google.com/spreadsheets/d/1nONaKwJcrN04APGKN-HrZ8yavwZdFkfnaA59Zp1sdBU/edit#gid=405850997
season_005,Liga 1,2,person_raizor,Raizor,0.0000,,1000,42,https://docs.google.com/spreadsheets/d/1nONaKwJcrN04APGKN-HrZ8yavwZdFkfnaA59Zp1sdBU/edit#gid=405850997
season_005,Liga 1,2,person_tabasco_tv,Tabasco TV,0.0000,,1000,42,https://docs.google.com/spreadsheets/d/1nONaKwJcrN04APGKN-HrZ8yavwZdFkfnaA59Zp1sdBU/edit#gid=405850997
season_005,Liga 1,3,person_art_n_gaming,Art'n'Gaming,0.0000,,1000,42,https://docs.google.com/spreadsheets/d/1nONaKwJcrN04APGKN-HrZ8yavwZdFkfnaA59Zp1sdBU/edit#gid=405850997
season_005,Liga 1,3,person_barry_d_sin_of_speed,Barry D. Sin of Speed,0.0050,,1000,42,https://docs.google.com/spreadsheets/d/1nONaKwJcrN04APGKN-HrZ8yavwZdFkfnaA59Zp1sdBU/edit#gid=405850997
season_005,Liga 1,3,person_bene,Bene,0.5280,,1000,42,https://docs.google.com/spreadsheets/d/1nONaKwJcrN04APGKN-HrZ8yavwZdFkfnaA59Zp1sdBU/edit#gid=405850997
season_005,Liga 1,3,person_captaincrinch,CaptainCrinch,0.0030,,1000,42,https://docs.google.com/spreadsheets/d/1nONaKwJcrN04APGKN-HrZ8yavwZdFkfnaA59Zp1sdBU/edit#gid=405850997
season_005,Liga 1,3,person_fnupa,Cabgolord,0.0000,,1000,42,https://docs.google.com/spreadsheets/d/1nONaKwJcrN04APGKN-HrZ8yavwZdFkfnaA59Zp1sdBU/edit#gid=405850997
season_005,Liga 1,3,person_glebber,Glebber,0.0240,,1000,42,https://docs.google.com/spreadsheets/d/1nONaKwJcrN04APGKN-HrZ8yavwZdFkfnaA59Zp1sdBU/edit#gid=405850997
season_005,Liga 1,3,person_lauris,Lauris,0.0220,,1000,42,https://docs.google.com/spreadsheets/d/1nONaKwJcrN04APGKN-HrZ8yavwZdFkfnaA59Zp1sdBU/edit#gid=405850997
season_005,Liga 1,3,person_melevies,MeLevies,0.0000,,1000,42,https://docs.google.com/spreadsheets/d/1nONaKwJcrN04APGKN-HrZ8yavwZdFkfnaA59Zp1sdBU/edit#gid=405850997
season_005,Liga 1,3,person_minetube,Minetube,0.0010,,1000,42,https://docs.google.com/spreadsheets/d/1nONaKwJcrN04APGKN-HrZ8yavwZdFkfnaA59Zp1sdBU/edit#gid=405850997
season_005,Liga 1,3,person_parsifani,Parsifani,0.0000,,1000,42,https://docs.google.com/spreadsheets/d/1nONaKwJcrN04APGKN-HrZ8yavwZdFkfnaA59Zp1sdBU/edit#gid=405850997
season_005,Liga 1,3,person_present,PresentLP,0.3400,,1000,42,https://docs.google.com/spreadsheets/d/1nONaKwJcrN04APGKN-HrZ8yavwZdFkfnaA59Zp1sdBU/edit#gid=405850997
season_005,Liga 1,3,person_professor_n,Professor N,0.0660,,1000,42,https://docs.google.com/spreadsheets/d/1nONaKwJcrN04APGKN-HrZ8yavwZdFkfnaA59Zp1sdBU/edit#gid=405850997
season_005,Liga 1,3,person_raizor,Raizor,0.0110,,1000,42,https://docs.google.com/spreadsheets/d/1nONaKwJcrN04APGKN-HrZ8yavwZdFkfnaA59Zp1sdBU/edit#gid=405850997
season_005,Liga 1,3,person_tabasco_tv,Tabasco TV,0.0000,,1000,42,https://docs.google.com/spreadsheets/d/1nONaKwJcrN04APGKN-HrZ8yavwZdFkfnaA59Zp1sdBU/edit#gid=405850997
season_005,Liga 1,4,person_art_n_gaming,Art'n'Gaming,0.0000,,1000,42,https://docs.google.com/spreadsheets/d/1nONaKwJcrN04APGKN-HrZ8yavwZdFkfnaA59Zp1sdBU/edit#gid=405850997
season_005,Liga 1,4,person_barry_d_sin_of_speed,Barry D. Sin of Speed,0.0120,,1000,42,https://docs.google.com/spreadsheets/d/1nONaKwJcrN04APGKN-HrZ8yavwZdFkfnaA59Zp1sdBU/edit#gid=405850997
season_005,Liga 1,4,person_bene,Bene,0.1730,,1000,42,https://docs.google.com/spreadsheets/d/1nONaKwJcrN04APGKN-HrZ8yavwZdFkfnaA59Zp1sdBU/edit#gid=405850997
season_005,Liga 1,4,person_captaincrinch,CaptainCrinch,0.0000,,1000,42,https://docs.google.com/spreadsheets/d/1nONaKwJcrN04APGKN-HrZ8yavwZdFkfnaA59Zp1sdBU/edit#gid=405850997
season_005,Liga 1,4,person_fnupa,Cabgolord,0.0000,,1000,42,https://docs.google.com/spreadsheets/d/1nONaKwJcrN04APGKN-HrZ8yavwZdFkfnaA59Zp1sdBU/edit#gid=405850997
season_005,Liga 1,4,person_glebber,Glebber,0.0040,,1000,42,https://docs.google.com/spreadsheets/d/1nONaKwJcrN04APGKN-HrZ8yavwZdFkfnaA59Zp1sdBU/edit#gid=405850997
season_005,Liga 1,4,person_lauris,Lauris,0.0390,,1000,42,https://docs.google.com/spreadsheets/d/1nONaKwJcrN04APGKN-HrZ8yavwZdFkfnaA59Zp1sdBU/edit#gid=405850997
season_005,Liga 1,4,person_melevies,MeLevies,0.0000,,1000,42,https://docs.google.com/spreadsheets/d/1nONaKwJcrN04APGKN-HrZ8yavwZdFkfnaA59Zp1sdBU/edit#gid=405850997
season_005,Liga 1,4,person_minetube,Minetube,0.0000,,1000,42,https://docs.google.com/spreadsheets/d/1nONaKwJcrN04APGKN-HrZ8yavwZdFkfnaA59Zp1sdBU/edit#gid=405850997
season_005,Liga 1,4,person_parsifani,Parsifani,0.0000,,1000,42,https://docs.google.com/spreadsheets/d/1nONaKwJcrN04APGKN-HrZ8yavwZdFkfnaA59Zp1sdBU/edit#gid=405850997
season_005,Liga 1,4,person_present,PresentLP,0.6490,,1000,42,https://docs.google.com/spreadsheets/d/1nONaKwJcrN04APGKN-HrZ8yavwZdFkfnaA59Zp1sdBU/edit#gid=405850997
season_005,Liga 1,4,person_professor_n,Professor N,0.1210,,1000,42,https://docs.google.com/spreadsheets/d/1nONaKwJcrN04APGKN-HrZ8yavwZdFkfnaA59Zp1sdBU/edit#gid=405850997
season_005,Liga 1,4,person_raizor,Raizor,0.0020,,1000,42,https://docs.google.com/spreadsheets/d/1nONaKwJcrN04APGKN-HrZ8yavwZdFkfnaA59Zp1sdBU/edit#gid=405850997
season_005,Liga 1,4,person_tabasco_tv,Tabasco TV,0.0000,,1000,42,https://docs.google.com/spreadsheets/d/1nONaKwJcrN04APGKN-HrZ8yavwZdFkfnaA59Zp1sdBU/edit#gid=405850997
season_005,Liga 1,5,person_art_n_gaming,Art'n'Gaming,0.0000,,1000,42,https://docs.google.com/spreadsheets/d/1nONaKwJcrN04APGKN-HrZ8yavwZdFkfnaA59Zp1sdBU/edit#gid=405850997
season_005,Liga 1,5,person_barry_d_sin_of_speed,Barry D. Sin of Speed,0.0340,,1000,42,https://docs.google.com/spreadsheets/d/1nONaKwJcrN04APGKN-HrZ8yavwZdFkfnaA59Zp1sdBU/edit#gid=405850997
season_005,Liga 1,5,person_bene,Bene,0.0520,,1000,42,https://docs.google.com/spreadsheets/d/1nONaKwJcrN04APGKN-HrZ8yavwZdFkfnaA59Zp1sdBU/edit#gid=405850997
season_005,Liga 1,5,person_captaincrinch,CaptainCrinch,0.0050,,1000,42,https://docs.google.com/spreadsheets/d/1nONaKwJcrN04APGKN-HrZ8yavwZdFkfnaA59Zp1sdBU/edit#gid=405850997
season_005,Liga 1,5,person_fnupa,Cabgolord,0.0000,,1000,42,https://docs.google.com/spreadsheets/d/1nONaKwJcrN04APGKN-HrZ8yavwZdFkfnaA59Zp1sdBU/edit#gid=405850997
season_005,Liga 1,5,person_glebber,Glebber,0.0020,,1000,42,https://docs.google.com/spreadsheets/d/1nONaKwJcrN04APGKN-HrZ8yavwZdFkfnaA59Zp1sdBU/edit#gid=405850997
season_005,Liga 1,5,person_lauris,Lauris,0.1430,,1000,42,https://docs.google.com/spreadsheets/d/1nONaKwJcrN04APGKN-HrZ8yavwZdFkfnaA59Zp1sdBU/edit#gid=405850997
season_005,Liga 1,5,person_melevies,MeLevies,0.0000,,1000,42,https://docs.google.com/spreadsheets/d/1nONaKwJcrN04APGKN-HrZ8yavwZdFkfnaA59Zp1sdBU/edit#gid=405850997
season_005,Liga 1,5,person_minetube,Minetube,0.0010,,1000,42,https://docs.google.com/spreadsheets/d/1nONaKwJcrN04APGKN-HrZ8yavwZdFkfnaA59Zp1sdBU/edit#gid=405850997
season_005,Liga 1,5,person_parsifani,Parsifani,0.0000,,1000,42,https://docs.google.com/spreadsheets/d/1nONaKwJcrN04APGKN-HrZ8yavwZdFkfnaA59Zp1sdBU/edit#gid=405850997
season_005,Liga 1,5,person_present,PresentLP,0.7200,,1000,42,https://docs.google.com/spreadsheets/d/1nONaKwJcrN04APGKN-HrZ8yavwZdFkfnaA59Zp1sdBU/edit#gid=405850997
season_005,Liga 1,5,person_professor_n,Professor N,0.0430,,1000,42,https://docs.google.com/spreadsheets/d/1nONaKwJcrN04APGKN-HrZ8yavwZdFkfnaA59Zp1sdBU/edit#gid=405850997
season_005,Liga 1,5,person_raizor,Raizor,0.0000,,1000,42,https://docs.google.com/spreadsheets/d/1nONaKwJcrN04APGKN-HrZ8yavwZdFkfnaA59Zp1sdBU/edit#gid=405850997
season_005,Liga 1,5,person_tabasco_tv,Tabasco TV,0.0000,,1000,42,https://docs.google.com/spreadsheets/d/1nONaKwJcrN04APGKN-HrZ8yavwZdFkfnaA59Zp1sdBU/edit#gid=405850997
season_005,Liga 1,6,person_art_n_gaming,Art'n'Gaming,0.0000,,1000,42,https://docs.google.com/spreadsheets/d/1nONaKwJcrN04APGKN-HrZ8yavwZdFkfnaA59Zp1sdBU/edit#gid=405850997
season_005,Liga 1,6,person_barry_d_sin_of_speed,Barry D. Sin of Speed,0.0020,,1000,42,https://docs.google.com/spreadsheets/d/1nONaKwJcrN04APGKN-HrZ8yavwZdFkfnaA59Zp1sdBU/edit#gid=405850997
season_005,Liga 1,6,person_bene,Bene,0.0560,,1000,42,https://docs.google.com/spreadsheets/d/1nONaKwJcrN04APGKN-HrZ8yavwZdFkfnaA59Zp1sdBU/edit#gid=405850997
season_005,Liga 1,6,person_captaincrinch,CaptainCrinch,0.0010,,1000,42,https://docs.google.com/spreadsheets/d/1nONaKwJcrN04APGKN-HrZ8yavwZdFkfnaA59Zp1sdBU/edit#gid=405850997
season_005,Liga 1,6,person_fnupa,Cabgolord,0.0000,,1000,42,https://docs.google.com/spreadsheets/d/1nONaKwJcrN04APGKN-HrZ8yavwZdFkfnaA59Zp1sdBU/edit#gid=405850997
season_005,Liga 1,6,person_glebber,Glebber,0.0000,,1000,42,https://docs.google.com/spreadsheets/d/1nONaKwJcrN04APGKN-HrZ8yavwZdFkfnaA59Zp1sdBU/edit#gid=405850997
season_005,Liga 1,6,person_lauris,Lauris,0.1650,,1000,42,https://docs.google.com/spreadsheets/d/1nONaKwJcrN04APGKN-HrZ8yavwZdFkfnaA59Zp1sdBU/edit#gid=405850997
season_005,Liga 1,6,person_melevies,MeLevies,0.0000,,1000,42,https://docs.google.com/spreadsheets/d/1nONaKwJcrN04APGKN-HrZ8yavwZdFkfnaA59Zp1sdBU/edit#gid=405850997
season_005,Liga 1,6,person_minetube,Minetube,0.0000,,1000,42,https://docs.google.com/spreadsheets/d/1nONaKwJcrN04APGKN-HrZ8yavwZdFkfnaA59Zp1sdBU/edit#gid=405850997
season_005,Liga 1,6,person_parsifani,Parsifani,0.0000,,1000,42,https://docs.google.com/spreadsheets/d/1nONaKwJcrN04APGKN-HrZ8yavwZdFkfnaA59Zp1sdBU/edit#gid=405850997
season_005,Liga 1,6,person_present,PresentLP,0.7060,,1000,42,https://docs.google.com/spreadsheets/d/1nONaKwJcrN04APGKN-HrZ8yavwZdFkfnaA59Zp1sdBU/edit#gid=405850997
season_005,Liga 1,6,person_professor_n,Professor N,0.0690,,1000,42,https://docs.google.com/spreadsheets/d/1nONaKwJcrN04APGKN-HrZ8yavwZdFkfnaA59Zp1sdBU/edit#gid=405850997
season_005,Liga 1,6,person_raizor,Raizor,0.0010,,1000,42,https://docs.google.com/spreadsheets/d/1nONaKwJcrN04APGKN-HrZ8yavwZdFkfnaA59Zp1sdBU/edit#gid=405850997
season_005,Liga 1,6,person_tabasco_tv,Tabasco TV,0.0000,,1000,42,https://docs.google.com/spreadsheets/d/1nONaKwJcrN04APGKN-HrZ8yavwZdFkfnaA59Zp1sdBU/edit#gid=405850997
season_005,Liga 1,7,person_art_n_gaming,Art'n'Gaming,0.0000,,1000,42,https://docs.google.com/spreadsheets/d/1nONaKwJcrN04APGKN-HrZ8yavwZdFkfnaA59Zp1sdBU/edit#gid=405850997
season_005,Liga 1,7,person_barry_d_sin_of_speed,Barry D. Sin of Speed,0.0030,,1000,42,https://docs.google.com/spreadsheets/d/1nONaKwJcrN04APGKN-HrZ8yavwZdFkfnaA59Zp1sdBU/edit#gid=405850997
season_005,Liga 1,7,person_bene,Bene,0.0490,,1000,42,https://docs.google.com/spreadsheets/d/1nONaKwJcrN04APGKN-HrZ8yavwZdFkfnaA59Zp1sdBU/edit#gid=405850997
season_005,Liga 1,7,person_captaincrinch,CaptainCrinch,0.0020,,1000,42,https://docs.google.com/spreadsheets/d/1nONaKwJcrN04APGKN-HrZ8yavwZdFkfnaA59Zp1sdBU/edit#gid=405850997
season_005,Liga 1,7,person_fnupa,Cabgolord,0.0000,,1000,42,https://docs.google.com/spreadsheets/d/1nONaKwJcrN04APGKN-HrZ8yavwZdFkfnaA59Zp1sdBU/edit#gid=405850997
season_005,Liga 1,7,person_glebber,Glebber,0.0000,,1000,42,https://docs.google.com/spreadsheets/d/1nONaKwJcrN04APGKN-HrZ8yavwZdFkfnaA59Zp1sdBU/edit#gid=405850997
season_005,Liga 1,7,person_lauris,Lauris,0.2010,,1000,42,https://docs.google.com/spreadsheets/d/1nONaKwJcrN04APGKN-HrZ8yavwZdFkfnaA59Zp1sdBU/edit#gid=405850997
season_005,Liga 1,7,person_melevies,MeLevies,0.0000,,1000,42,https://docs.google.com/spreadsheets/d/1nONaKwJcrN04APGKN-HrZ8yavwZdFkfnaA59Zp1sdBU/edit#gid=405850997
season_005,Liga 1,7,person_minetube,Minetube,0.0000,,1000,42,https://docs.google.com/spreadsheets/d/1nONaKwJcrN04APGKN-HrZ8yavwZdFkfnaA59Zp1sdBU/edit#gid=405850997
season_005,Liga 1,7,person_parsifani,Parsifani,0.0000,,1000,42,https://docs.google.com/spreadsheets/d/1nONaKwJcrN04APGKN-HrZ8yavwZdFkfnaA59Zp1sdBU/edit#gid=405850997
season_005,Liga 1,7,person_present,PresentLP,0.6760,,1000,42,https://docs.google.com/spreadsheets/d/1nONaKwJcrN04APGKN-HrZ8yavwZdFkfnaA59Zp1sdBU/edit#gid=405850997
season_005,Liga 1,7,person_professor_n,Professor N,0.0690,,1000,42,https://docs.google.com/spreadsheets/d/1nONaKwJcrN04APGKN-HrZ8yavwZdFkfnaA59Zp1sdBU/edit#gid=405850997
season_005,Liga 1,7,person_raizor,Raizor,0.0000,,1000,42,https://docs.google.com/spreadsheets/d/1nONaKwJcrN04APGKN-HrZ8yavwZdFkfnaA59Zp1sdBU/edit#gid=405850997
season_005,Liga 1,7,person_tabasco_tv,Tabasco TV,0.0000,,1000,42,https://docs.google.com/spreadsheets/d/1nONaKwJcrN04APGKN-HrZ8yavwZdFkfnaA59Zp1sdBU/edit#gid=405850997
season_005,Liga 1,8,person_art_n_gaming,Art'n'Gaming,0.0000,,1000,42,https://docs.google.com/spreadsheets/d/1nONaKwJcrN04APGKN-HrZ8yavwZdFkfnaA59Zp1sdBU/edit#gid=405850997
season_005,Liga 1,8,person_barry_d_sin_of_speed,Barry D. Sin of Speed,0.0000,,1000,42,https://docs.google.com/spreadsheets/d/1nONaKwJcrN04APGKN-HrZ8yavwZdFkfnaA59Zp1sdBU/edit#gid=405850997
season_005,Liga 1,8,person_bene,Bene,0.1300,,1000,42,https://docs.google.com/spreadsheets/d/1nONaKwJcrN04APGKN-HrZ8yavwZdFkfnaA59Zp1sdBU/edit#gid=405850997
season_005,Liga 1,8,person_captaincrinch,CaptainCrinch,0.0110,,1000,42,https://docs.google.com/spreadsheets/d/1nONaKwJcrN04APGKN-HrZ8yavwZdFkfnaA59Zp1sdBU/edit#gid=405850997
season_005,Liga 1,8,person_fnupa,Cabgolord,0.0000,,1000,42,https://docs.google.com/spreadsheets/d/1nONaKwJcrN04APGKN-HrZ8yavwZdFkfnaA59Zp1sdBU/edit#gid=405850997
season_005,Liga 1,8,person_glebber,Glebber,0.0000,,1000,42,https://docs.google.com/spreadsheets/d/1nONaKwJcrN04APGKN-HrZ8yavwZdFkfnaA59Zp1sdBU/edit#gid=405850997
season_005,Liga 1,8,person_lauris,Lauris,0.1030,,1000,42,https://docs.google.com/spreadsheets/d/1nONaKwJcrN04APGKN-HrZ8yavwZdFkfnaA59Zp1sdBU/edit#gid=405850997
season_005,Liga 1,8,person_melevies,MeLevies,0.0000,,1000,42,https://docs.google.com/spreadsheets/d/1nONaKwJcrN04APGKN-HrZ8yavwZdFkfnaA59Zp1sdBU/edit#gid=405850997
season_005,Liga 1,8,person_minetube,Minetube,0.0000,,1000,42,https://docs.google.com/spreadsheets/d/1nONaKwJcrN04APGKN-HrZ8yavwZdFkfnaA59Zp1sdBU/edit#gid=405850997
season_005,Liga 1,8,person_parsifani,Parsifani,0.0000,,1000,42,https://docs.google.com/spreadsheets/d/1nONaKwJcrN04APGKN-HrZ8yavwZdFkfnaA59Zp1sdBU/edit#gid=405850997
season_005,Liga 1,8,person_present,PresentLP,0.5290,,1000,42,https://docs.google.com/spreadsheets/d/1nONaKwJcrN04APGKN-HrZ8yavwZdFkfnaA59Zp1sdBU/edit#gid=405850997
season_005,Liga 1,8,person_professor_n,Professor N,0.2270,,1000,42,https://docs.google.com/spreadsheets/d/1nONaKwJcrN04APGKN-HrZ8yavwZdFkfnaA59Zp1sdBU/edit#gid=405850997
season_005,Liga 1,8,person_raizor,Raizor,0.0000,,1000,42,https://docs.google.com/spreadsheets/d/1nONaKwJcrN04APGKN-HrZ8yavwZdFkfnaA59Zp1sdBU/edit#gid=405850997
season_005,Liga 1,8,person_tabasco_tv,Tabasco TV,0.0000,,1000,42,https://docs.google.com/spreadsheets/d/1nONaKwJcrN04APGKN-HrZ8yavwZdFkfnaA59Zp1sdBU/edit#gid=405850997
season_005,Liga 1,9,person_art_n_gaming,Art'n'Gaming,0.0000,,1000,42,https://docs.google.com/spreadsheets/d/1nONaKwJcrN04APGKN-HrZ8yavwZdFkfnaA59Zp1sdBU/edit#gid=405850997
season_005,Liga 1,9,person_barry_d_sin_of_speed,Barry D. Sin of Speed,0.0000,,1000,42,https://docs.google.com/spreadsheets/d/1nONaKwJcrN04APGKN-HrZ8yavwZdFkfnaA59Zp1sdBU/edit#gid=405850997
season_005,Liga 1,9,person_bene,Bene,0.3690,,1000,42,https://docs.google.com/spreadsheets/d/1nONaKwJcrN04APGKN-HrZ8yavwZdFkfnaA59Zp1sdBU/edit#gid=405850997
season_005,Liga 1,9,person_captaincrinch,CaptainCrinch,0.0020,,1000,42,https://docs.google.com/spreadsheets/d/1nONaKwJcrN04APGKN-HrZ8yavwZdFkfnaA59Zp1sdBU/edit#gid=405850997
season_005,Liga 1,9,person_fnupa,Cabgolord,0.0000,,1000,42,https://docs.google.com/spreadsheets/d/1nONaKwJcrN04APGKN-HrZ8yavwZdFkfnaA59Zp1sdBU/edit#gid=405850997
season_005,Liga 1,9,person_glebber,Glebber,0.0010,,1000,42,https://docs.google.com/spreadsheets/d/1nONaKwJcrN04APGKN-HrZ8yavwZdFkfnaA59Zp1sdBU/edit#gid=405850997
season_005,Liga 1,9,person_lauris,Lauris,0.2360,,1000,42,https://docs.google.com/spreadsheets/d/1nONaKwJcrN04APGKN-HrZ8yavwZdFkfnaA59Zp1sdBU/edit#gid=405850997
season_005,Liga 1,9,person_melevies,MeLevies,0.0000,,1000,42,https://docs.google.com/spreadsheets/d/1nONaKwJcrN04APGKN-HrZ8yavwZdFkfnaA59Zp1sdBU/edit#gid=405850997
season_005,Liga 1,9,person_minetube,Minetube,0.0000,,1000,42,https://docs.google.com/spreadsheets/d/1nONaKwJcrN04APGKN-HrZ8yavwZdFkfnaA59Zp1sdBU/edit#gid=405850997
season_005,Liga 1,9,person_parsifani,Parsifani,0.0000,,1000,42,https://docs.google.com/spreadsheets/d/1nONaKwJcrN04APGKN-HrZ8yavwZdFkfnaA59Zp1sdBU/edit#gid=405850997
season_005,Liga 1,9,person_present,PresentLP,0.2590,,1000,42,https://docs.google.com/spreadsheets/d/1nONaKwJcrN04APGKN-HrZ8yavwZdFkfnaA59Zp1sdBU/edit#gid=405850997
season_005,Liga 1,9,person_professor_n,Professor N,0.1330,,1000,42,https://docs.google.com/spreadsheets/d/1nONaKwJcrN04APGKN-HrZ8yavwZdFkfnaA59Zp1sdBU/edit#gid=405850997
season_005,Liga 1,9,person_raizor,Raizor,0.0000,,1000,42,https://docs.google.com/spreadsheets/d/1nONaKwJcrN04APGKN-HrZ8yavwZdFkfnaA59Zp1sdBU/edit#gid=405850997
season_005,Liga 1,9,person_tabasco_tv,Tabasco TV,0.0000,,1000,42,https://docs.google.com/spreadsheets/d/1nONaKwJcrN04APGKN-HrZ8yavwZdFkfnaA59Zp1sdBU/edit#gid=405850997
season_005,Liga 1,10,person_art_n_gaming,Art'n'Gaming,0.0000,,1000,42,https://docs.google.com/spreadsheets/d/1nONaKwJcrN04APGKN-HrZ8yavwZdFkfnaA59Zp1sdBU/edit#gid=405850997
season_005,Liga 1,10,person_barry_d_sin_of_speed,Barry D. Sin of Speed,0.0000,,1000,42,https://docs.google.com/spreadsheets/d/1nONaKwJcrN04APGKN-HrZ8yavwZdFkfnaA59Zp1sdBU/edit#gid=405850997
season_005,Liga 1,10,person_bene,Bene,0.4430,,1000,42,https://docs.google.com/spreadsheets/d/1nONaKwJcrN04APGKN-HrZ8yavwZdFkfnaA59Zp1sdBU/edit#gid=405850997
season_005,Liga 1,10,person_captaincrinch,CaptainCrinch,0.0000,,1000,42,https://docs.google.com/spreadsheets/d/1nONaKwJcrN04APGKN-HrZ8yavwZdFkfnaA59Zp1sdBU/edit#gid=405850997
season_005,Liga 1,10,person_fnupa,Cabgolord,0.0000,,1000,42,https://docs.google.com/spreadsheets/d/1nONaKwJcrN04APGKN-HrZ8yavwZdFkfnaA59Zp1sdBU/edit#gid=405850997
season_005,Liga 1,10,person_glebber,Glebber,0.0000,,1000,42,https://docs.google.com/spreadsheets/d/1nONaKwJcrN04APGKN-HrZ8yavwZdFkfnaA59Zp1sdBU/edit#gid=405850997
season_005,Liga 1,10,person_lauris,Lauris,0.3380,,1000,42,https://docs.google.com/spreadsheets/d/1nONaKwJcrN04APGKN-HrZ8yavwZdFkfnaA59Zp1sdBU/edit#gid=405850997
season_005,Liga 1,10,person_melevies,MeLevies,0.0000,,1000,42,https://docs.google.com/spreadsheets/d/1nONaKwJcrN04APGKN-HrZ8yavwZdFkfnaA59Zp1sdBU/edit#gid=405850997
season_005,Liga 1,10,person_minetube,Minetube,0.0000,,1000,42,https://docs.google.com/spreadsheets/d/1nONaKwJcrN04APGKN-HrZ8yavwZdFkfnaA59Zp1sdBU/edit#gid=405850997
season_005,Liga 1,10,person_parsifani,Parsifani,0.0000,,1000,42,https://docs.google.com/spreadsheets/d/1nONaKwJcrN04APGKN-HrZ8yavwZdFkfnaA59Zp1sdBU/edit#gid=405850997
season_005,Liga 1,10,person_present,PresentLP,0.0630,,1000,42,https://docs.google.com/spreadsheets/d/1nONaKwJcrN04APGKN-HrZ8yavwZdFkfnaA59Zp1sdBU/edit#gid=405850997
season_005,Liga 1,10,person_professor_n,Professor N,0.1560,,1000,42,https://docs.google.com/spreadsheets/d/1nONaKwJcrN04APGKN-HrZ8yavwZdFkfnaA59Zp1sdBU/edit#gid=405850997
season_005,Liga 1,10,person_raizor,Raizor,0.0000,,1000,42,https://docs.google.com/spreadsheets/d/1nONaKwJcrN04APGKN-HrZ8yavwZdFkfnaA59Zp1sdBU/edit#gid=405850997
season_005,Liga 1,10,person_tabasco_tv,Tabasco TV,0.0000,,1000,42,https://docs.google.com/spreadsheets/d/1nONaKwJcrN04APGKN-HrZ8yavwZdFkfnaA59Zp1sdBU/edit#gid=405850997
season_005,Liga 1,11,person_art_n_gaming,Art'n'Gaming,0.0000,,1000,42,https://docs.google.com/spreadsheets/d/1nONaKwJcrN04APGKN-HrZ8yavwZdFkfnaA59Zp1sdBU/edit#gid=405850997
season_005,Liga 1,11,person_barry_d_sin_of_speed,Barry D. Sin of Speed,0.0000,,1000,42,https://docs.google.com/spreadsheets/d/1nONaKwJcrN04APGKN-HrZ8yavwZdFkfnaA59Zp1sdBU/edit#gid=405850997
season_005,Liga 1,11,person_bene,Bene,0.4550,,1000,42,https://docs.google.com/spreadsheets/d/1nONaKwJcrN04APGKN-HrZ8yavwZdFkfnaA59Zp1sdBU/edit#gid=405850997
season_005,Liga 1,11,person_captaincrinch,CaptainCrinch,0.0000,,1000,42,https://docs.google.com/spreadsheets/d/1nONaKwJcrN04APGKN-HrZ8yavwZdFkfnaA59Zp1sdBU/edit#gid=405850997
season_005,Liga 1,11,person_fnupa,Cabgolord,0.0000,,1000,42,https://docs.google.com/spreadsheets/d/1nONaKwJcrN04APGKN-HrZ8yavwZdFkfnaA59Zp1sdBU/edit#gid=405850997
season_005,Liga 1,11,person_glebber,Glebber,0.0030,,1000,42,https://docs.google.com/spreadsheets/d/1nONaKwJcrN04APGKN-HrZ8yavwZdFkfnaA59Zp1sdBU/edit#gid=405850997
season_005,Liga 1,11,person_lauris,Lauris,0.4850,,1000,42,https://docs.google.com/spreadsheets/d/1nONaKwJcrN04APGKN-HrZ8yavwZdFkfnaA59Zp1sdBU/edit#gid=405850997
season_005,Liga 1,11,person_melevies,MeLevies,0.0000,,1000,42,https://docs.google.com/spreadsheets/d/1nONaKwJcrN04APGKN-HrZ8yavwZdFkfnaA59Zp1sdBU/edit#gid=405850997
season_005,Liga 1,11,person_minetube,Minetube,0.0000,,1000,42,https://docs.google.com/spreadsheets/d/1nONaKwJcrN04APGKN-HrZ8yavwZdFkfnaA59Zp1sdBU/edit#gid=405850997
season_005,Liga 1,11,person_parsifani,Parsifani,0.0000,,1000,42,https://docs.google.com/spreadsheets/d/1nONaKwJcrN04APGKN-HrZ8yavwZdFkfnaA59Zp1sdBU/edit#gid=405850997
season_005,Liga 1,11,person_present,PresentLP,0.0110,,1000,42,https://docs.google.com/spreadsheets/d/1nONaKwJcrN04APGKN-HrZ8yavwZdFkfnaA59Zp1sdBU/edit#gid=405850997
season_005,Liga 1,11,person_professor_n,Professor N,0.0450,,1000,42,https://docs.google.com/spreadsheets/d/1nONaKwJcrN04APGKN-HrZ8yavwZdFkfnaA59Zp1sdBU/edit#gid=405850997
season_005,Liga 1,11,person_raizor,Raizor,0.0010,,1000,42,https://docs.google.com/spreadsheets/d/1nONaKwJcrN04APGKN-HrZ8yavwZdFkfnaA59Zp1sdBU/edit#gid=405850997
season_005,Liga 1,11,person_tabasco_tv,Tabasco TV,0.0000,,1000,42,https://docs.google.com/spreadsheets/d/1nONaKwJcrN04APGKN-HrZ8yavwZdFkfnaA59Zp1sdBU/edit#gid=405850997
season_005,Liga 1,12,person_art_n_gaming,Art'n'Gaming,0.0000,,1000,42,https://docs.google.com/spreadsheets/d/1nONaKwJcrN04APGKN-HrZ8yavwZdFkfnaA59Zp1sdBU/edit#gid=405850997
season_005,Liga 1,12,person_barry_d_sin_of_speed,Barry D. Sin of Speed,0.0000,,1000,42,https://docs.google.com/spreadsheets/d/1nONaKwJcrN04APGKN-HrZ8yavwZdFkfnaA59Zp1sdBU/edit#gid=405850997
season_005,Liga 1,12,person_bene,Bene,0.6580,,1000,42,https://docs.google.com/spreadsheets/d/1nONaKwJcrN04APGKN-HrZ8yavwZdFkfnaA59Zp1sdBU/edit#gid=405850997
season_005,Liga 1,12,person_captaincrinch,CaptainCrinch,0.0000,,1000,42,https://docs.google.com/spreadsheets/d/1nONaKwJcrN04APGKN-HrZ8yavwZdFkfnaA59Zp1sdBU/edit#gid=405850997
season_005,Liga 1,12,person_fnupa,Cabgolord,0.0000,,1000,42,https://docs.google.com/spreadsheets/d/1nONaKwJcrN04APGKN-HrZ8yavwZdFkfnaA59Zp1sdBU/edit#gid=405850997
season_005,Liga 1,12,person_glebber,Glebber,0.0040,,1000,42,https://docs.google.com/spreadsheets/d/1nONaKwJcrN04APGKN-HrZ8yavwZdFkfnaA59Zp1sdBU/edit#gid=405850997
season_005,Liga 1,12,person_lauris,Lauris,0.3110,,1000,42,https://docs.google.com/spreadsheets/d/1nONaKwJcrN04APGKN-HrZ8yavwZdFkfnaA59Zp1sdBU/edit#gid=405850997
season_005,Liga 1,12,person_melevies,MeLevies,0.0000,,1000,42,https://docs.google.com/spreadsheets/d/1nONaKwJcrN04APGKN-HrZ8yavwZdFkfnaA59Zp1sdBU/edit#gid=405850997
season_005,Liga 1,12,person_minetube,Minetube,0.0000,,1000,42,https://docs.google.com/spreadsheets/d/1nONaKwJcrN04APGKN-HrZ8yavwZdFkfnaA59Zp1sdBU/edit#gid=405850997
season_005,Liga 1,12,person_parsifani,Parsifani,0.0000,,1000,42,https://docs.google.com/spreadsheets/d/1nONaKwJcrN04APGKN-HrZ8yavwZdFkfnaA59Zp1sdBU/edit#gid=405850997
season_005,Liga 1,12,person_present,PresentLP,0.0200,,1000,42,https://docs.google.com/spreadsheets/d/1nONaKwJcrN04APGKN-HrZ8yavwZdFkfnaA59Zp1sdBU/edit#gid=405850997
season_005,Liga 1,12,person_professor_n,Professor N,0.0070,,1000,42,https://docs.google.com/spreadsheets/d/1nONaKwJcrN04APGKN-HrZ8yavwZdFkfnaA59Zp1sdBU/edit#gid=405850997
season_005,Liga 1,12,person_raizor,Raizor,0.0000,,1000,42,https://docs.google.com/spreadsheets/d/1nONaKwJcrN04APGKN-HrZ8yavwZdFkfnaA59Zp1sdBU/edit#gid=405850997
season_005,Liga 1,12,person_tabasco_tv,Tabasco TV,0.0000,,1000,42,https://docs.google.com/spreadsheets/d/1nONaKwJcrN04APGKN-HrZ8yavwZdFkfnaA59Zp1sdBU/edit#gid=405850997
season_005,Liga 1,13,person_art_n_gaming,Art'n'Gaming,0.0000,,1000,42,https://docs.google.com/spreadsheets/d/1nONaKwJcrN04APGKN-HrZ8yavwZdFkfnaA59Zp1sdBU/edit#gid=405850997
season_005,Liga 1,13,person_barry_d_sin_of_speed,Barry D. Sin of Speed,0.0000,,1000,42,https://docs.google.com/spreadsheets/d/1nONaKwJcrN04APGKN-HrZ8yavwZdFkfnaA59Zp1sdBU/edit#gid=405850997
season_005,Liga 1,13,person_bene,Bene,0.6610,,1000,42,https://docs.google.com/spreadsheets/d/1nONaKwJcrN04APGKN-HrZ8yavwZdFkfnaA59Zp1sdBU/edit#gid=405850997
season_005,Liga 1,13,person_captaincrinch,CaptainCrinch,0.0000,,1000,42,https://docs.google.com/spreadsheets/d/1nONaKwJcrN04APGKN-HrZ8yavwZdFkfnaA59Zp1sdBU/edit#gid=405850997
season_005,Liga 1,13,person_fnupa,Cabgolord,0.0000,,1000,42,https://docs.google.com/spreadsheets/d/1nONaKwJcrN04APGKN-HrZ8yavwZdFkfnaA59Zp1sdBU/edit#gid=405850997
season_005,Liga 1,13,person_glebber,Glebber,0.0000,,1000,42,https://docs.google.com/spreadsheets/d/1nONaKwJcrN04APGKN-HrZ8yavwZdFkfnaA59Zp1sdBU/edit#gid=405850997
season_005,Liga 1,13,person_lauris,Lauris,0.3290,,1000,42,https://docs.google.com/spreadsheets/d/1nONaKwJcrN04APGKN-HrZ8yavwZdFkfnaA59Zp1sdBU/edit#gid=405850997
season_005,Liga 1,13,person_melevies,MeLevies,0.0000,,1000,42,https://docs.google.com/spreadsheets/d/1nONaKwJcrN04APGKN-HrZ8yavwZdFkfnaA59Zp1sdBU/edit#gid=405850997
season_005,Liga 1,13,person_minetube,Minetube,0.0000,,1000,42,https://docs.google.com/spreadsheets/d/1nONaKwJcrN04APGKN-HrZ8yavwZdFkfnaA59Zp1sdBU/edit#gid=405850997
season_005,Liga 1,13,person_parsifani,Parsifani,0.0000,,1000,42,https://docs.google.com/spreadsheets/d/1nONaKwJcrN04APGKN-HrZ8yavwZdFkfnaA59Zp1sdBU/edit#gid=405850997
season_005,Liga 1,13,person_present,PresentLP,0.0030,,1000,42,https://docs.google.com/spreadsheets/d/1nONaKwJcrN04APGKN-HrZ8yavwZdFkfnaA59Zp1sdBU/edit#gid=405850997
season_005,Liga 1,13,person_professor_n,Professor N,0.0070,,1000,42,https://docs.google.com/spreadsheets/d/1nONaKwJcrN04APGKN-HrZ8yavwZdFkfnaA59Zp1sdBU/edit#gid=405850997
season_005,Liga 1,13,person_raizor,Raizor,0.0000,,1000,42,https://docs.google.com/spreadsheets/d/1nONaKwJcrN04APGKN-HrZ8yavwZdFkfnaA59Zp1sdBU/edit#gid=405850997
season_005,Liga 1,13,person_tabasco_tv,Tabasco TV,0.0000,,1000,42,https://docs.google.com/spreadsheets/d/1nONaKwJcrN04APGKN-HrZ8yavwZdFkfnaA59Zp1sdBU/edit#gid=405850997
season_005,Liga 1,14,person_art_n_gaming,Art'n'Gaming,0.0000,,1000,42,https://docs.google.com/spreadsheets/d/1nONaKwJcrN04APGKN-HrZ8yavwZdFkfnaA59Zp1sdBU/edit#gid=405850997
season_005,Liga 1,14,person_barry_d_sin_of_speed,Barry D. Sin of Speed,0.0000,,1000,42,https://docs.google.com/spreadsheets/d/1nONaKwJcrN04APGKN-HrZ8yavwZdFkfnaA59Zp1sdBU/edit#gid=405850997
season_005,Liga 1,14,person_bene,Bene,0.6450,,1000,42,https://docs.google.com/spreadsheets/d/1nONaKwJcrN04APGKN-HrZ8yavwZdFkfnaA59Zp1sdBU/edit#gid=405850997
season_005,Liga 1,14,person_captaincrinch,CaptainCrinch,0.0000,,1000,42,https://docs.google.com/spreadsheets/d/1nONaKwJcrN04APGKN-HrZ8yavwZdFkfnaA59Zp1sdBU/edit#gid=405850997
season_005,Liga 1,14,person_fnupa,Cabgolord,0.0000,,1000,42,https://docs.google.com/spreadsheets/d/1nONaKwJcrN04APGKN-HrZ8yavwZdFkfnaA59Zp1sdBU/edit#gid=405850997
season_005,Liga 1,14,person_glebber,Glebber,0.0000,,1000,42,https://docs.google.com/spreadsheets/d/1nONaKwJcrN04APGKN-HrZ8yavwZdFkfnaA59Zp1sdBU/edit#gid=405850997
season_005,Liga 1,14,person_lauris,Lauris,0.3440,,1000,42,https://docs.google.com/spreadsheets/d/1nONaKwJcrN04APGKN-HrZ8yavwZdFkfnaA59Zp1sdBU/edit#gid=405850997
season_005,Liga 1,14,person_melevies,MeLevies,0.0000,,1000,42,https://docs.google.com/spreadsheets/d/1nONaKwJcrN04APGKN-HrZ8yavwZdFkfnaA59Zp1sdBU/edit#gid=405850997
season_005,Liga 1,14,person_minetube,Minetube,0.0000,,1000,42,https://docs.google.com/spreadsheets/d/1nONaKwJcrN04APGKN-HrZ8yavwZdFkfnaA59Zp1sdBU/edit#gid=405850997
season_005,Liga 1,14,person_parsifani,Parsifani,0.0000,,1000,42,https://docs.google.com/spreadsheets/d/1nONaKwJcrN04APGKN-HrZ8yavwZdFkfnaA59Zp1sdBU/edit#gid=405850997
season_005,Liga 1,14,person_present,PresentLP,0.0000,,1000,42,https://docs.google.com/spreadsheets/d/1nONaKwJcrN04APGKN-HrZ8yavwZdFkfnaA59Zp1sdBU/edit#gid=405850997
season_005,Liga 1,14,person_professor_n,Professor N,0.0110,,1000,42,https://docs.google.com/spreadsheets/d/1nONaKwJcrN04APGKN-HrZ8yavwZdFkfnaA59Zp1sdBU/edit#gid=405850997
season_005,Liga 1,14,person_raizor,Raizor,0.0000,,1000,42,https://docs.google.com/spreadsheets/d/1nONaKwJcrN04APGKN-HrZ8yavwZdFkfnaA59Zp1sdBU/edit#gid=405850997
season_005,Liga 1,14,person_tabasco_tv,Tabasco TV,0.0000,,1000,42,https://docs.google.com/spreadsheets/d/1nONaKwJcrN04APGKN-HrZ8yavwZdFkfnaA59Zp1sdBU/edit#gid=405850997
season_005,Liga 1,15,person_art_n_gaming,Art'n'Gaming,0.0000,,1000,42,https://docs.google.com/spreadsheets/d/1nONaKwJcrN04APGKN-HrZ8yavwZdFkfnaA59Zp1sdBU/edit#gid=405850997
season_005,Liga 1,15,person_barry_d_sin_of_speed,Barry D. Sin of Speed,0.0000,,1000,42,https://docs.google.com/spreadsheets/d/1nONaKwJcrN04APGKN-HrZ8yavwZdFkfnaA59Zp1sdBU/edit#gid=405850997
season_005,Liga 1,15,person_bene,Bene,0.8090,,1000,42,https://docs.google.com/spreadsheets/d/1nONaKwJcrN04APGKN-HrZ8yavwZdFkfnaA59Zp1sdBU/edit#gid=405850997
season_005,Liga 1,15,person_captaincrinch,CaptainCrinch,0.0000,,1000,42,https://docs.google.com/spreadsheets/d/1nONaKwJcrN04APGKN-HrZ8yavwZdFkfnaA59Zp1sdBU/edit#gid=405850997
season_005,Liga 1,15,person_fnupa,Cabgolord,0.0000,,1000,42,https://docs.google.com/spreadsheets/d/1nONaKwJcrN04APGKN-HrZ8yavwZdFkfnaA59Zp1sdBU/edit#gid=405850997
season_005,Liga 1,15,person_glebber,Glebber,0.0020,,1000,42,https://docs.google.com/spreadsheets/d/1nONaKwJcrN04APGKN-HrZ8yavwZdFkfnaA59Zp1sdBU/edit#gid=405850997
season_005,Liga 1,15,person_lauris,Lauris,0.1880,,1000,42,https://docs.google.com/spreadsheets/d/1nONaKwJcrN04APGKN-HrZ8yavwZdFkfnaA59Zp1sdBU/edit#gid=405850997
season_005,Liga 1,15,person_melevies,MeLevies,0.0000,,1000,42,https://docs.google.com/spreadsheets/d/1nONaKwJcrN04APGKN-HrZ8yavwZdFkfnaA59Zp1sdBU/edit#gid=405850997
season_005,Liga 1,15,person_minetube,Minetube,0.0000,,1000,42,https://docs.google.com/spreadsheets/d/1nONaKwJcrN04APGKN-HrZ8yavwZdFkfnaA59Zp1sdBU/edit#gid=405850997
season_005,Liga 1,15,person_parsifani,Parsifani,0.0000,,1000,42,https://docs.google.com/spreadsheets/d/1nONaKwJcrN04APGKN-HrZ8yavwZdFkfnaA59Zp1sdBU/edit#gid=405850997
season_005,Liga 1,15,person_present,PresentLP,0.0000,,1000,42,https://docs.google.com/spreadsheets/d/1nONaKwJcrN04APGKN-HrZ8yavwZdFkfnaA59Zp1sdBU/edit#gid=405850997
season_005,Liga 1,15,person_professor_n,Professor N,0.0010,,1000,42,https://docs.google.com/spreadsheets/d/1nONaKwJcrN04APGKN-HrZ8yavwZdFkfnaA59Zp1sdBU/edit#gid=405850997
season_005,Liga 1,15,person_raizor,Raizor,0.0000,,1000,42,https://docs.google.com/spreadsheets/d/1nONaKwJcrN04APGKN-HrZ8yavwZdFkfnaA59Zp1sdBU/edit#gid=405850997
season_005,Liga 1,15,person_tabasco_tv,Tabasco TV,0.0000,,1000,42,https://docs.google.com/spreadsheets/d/1nONaKwJcrN04APGKN-HrZ8yavwZdFkfnaA59Zp1sdBU/edit#gid=405850997
season_005,Liga 1,16,person_art_n_gaming,Art'n'Gaming,0.0000,,1000,42,https://docs.google.com/spreadsheets/d/1nONaKwJcrN04APGKN-HrZ8yavwZdFkfnaA59Zp1sdBU/edit#gid=405850997
season_005,Liga 1,16,person_barry_d_sin_of_speed,Barry D. Sin of Speed,0.0000,,1000,42,https://docs.google.com/spreadsheets/d/1nONaKwJcrN04APGKN-HrZ8yavwZdFkfnaA59Zp1sdBU/edit#gid=405850997
season_005,Liga 1,16,person_bene,Bene,0.8070,,1000,42,https://docs.google.com/spreadsheets/d/1nONaKwJcrN04APGKN-HrZ8yavwZdFkfnaA59Zp1sdBU/edit#gid=405850997
season_005,Liga 1,16,person_captaincrinch,CaptainCrinch,0.0000,,1000,42,https://docs.google.com/spreadsheets/d/1nONaKwJcrN04APGKN-HrZ8yavwZdFkfnaA59Zp1sdBU/edit#gid=405850997
season_005,Liga 1,16,person_fnupa,Cabgolord,0.0000,,1000,42,https://docs.google.com/spreadsheets/d/1nONaKwJcrN04APGKN-HrZ8yavwZdFkfnaA59Zp1sdBU/edit#gid=405850997
season_005,Liga 1,16,person_glebber,Glebber,0.0000,,1000,42,https://docs.google.com/spreadsheets/d/1nONaKwJcrN04APGKN-HrZ8yavwZdFkfnaA59Zp1sdBU/edit#gid=405850997
season_005,Liga 1,16,person_lauris,Lauris,0.1930,,1000,42,https://docs.google.com/spreadsheets/d/1nONaKwJcrN04APGKN-HrZ8yavwZdFkfnaA59Zp1sdBU/edit#gid=405850997
season_005,Liga 1,16,person_melevies,MeLevies,0.0000,,1000,42,https://docs.google.com/spreadsheets/d/1nONaKwJcrN04APGKN-HrZ8yavwZdFkfnaA59Zp1sdBU/edit#gid=405850997
season_005,Liga 1,16,person_minetube,Minetube,0.0000,,1000,42,https://docs.google.com/spreadsheets/d/1nONaKwJcrN04APGKN-HrZ8yavwZdFkfnaA59Zp1sdBU/edit#gid=405850997
season_005,Liga 1,16,person_parsifani,Parsifani,0.0000,,1000,42,https://docs.google.com/spreadsheets/d/1nONaKwJcrN04APGKN-HrZ8yavwZdFkfnaA59Zp1sdBU/edit#gid=405850997
season_005,Liga 1,16,person_present,PresentLP,0.0000,,1000,42,https://docs.google.com/spreadsheets/d/1nONaKwJcrN04APGKN-HrZ8yavwZdFkfnaA59Zp1sdBU/edit#gid=405850997
season_005,Liga 1,16,person_professor_n,Professor N,0.0000,,1000,42,https://docs.google.com/spreadsheets/d/1nONaKwJcrN04APGKN-HrZ8yavwZdFkfnaA59Zp1sdBU/edit#gid=405850997
season_005,Liga 1,16,person_raizor,Raizor,0.0000,,1000,42,https://docs.google.com/spreadsheets/d/1nONaKwJcrN04APGKN-HrZ8yavwZdFkfnaA59Zp1sdBU/edit#gid=405850997
season_005,Liga 1,16,person_tabasco_tv,Tabasco TV,0.0000,,1000,42,https://docs.google.com/spreadsheets/d/1nONaKwJcrN04APGKN-HrZ8yavwZdFkfnaA59Zp1sdBU/edit#gid=405850997
season_005,Liga 1,17,person_art_n_gaming,Art'n'Gaming,0.0000,,1000,42,https://docs.google.com/spreadsheets/d/1nONaKwJcrN04APGKN-HrZ8yavwZdFkfnaA59Zp1sdBU/edit#gid=405850997
season_005,Liga 1,17,person_barry_d_sin_of_speed,Barry D. Sin of Speed,0.0000,,1000,42,https://docs.google.com/spreadsheets/d/1nONaKwJcrN04APGKN-HrZ8yavwZdFkfnaA59Zp1sdBU/edit#gid=405850997
season_005,Liga 1,17,person_bene,Bene,0.7730,,1000,42,https://docs.google.com/spreadsheets/d/1nONaKwJcrN04APGKN-HrZ8yavwZdFkfnaA59Zp1sdBU/edit#gid=405850997
season_005,Liga 1,17,person_captaincrinch,CaptainCrinch,0.0000,,1000,42,https://docs.google.com/spreadsheets/d/1nONaKwJcrN04APGKN-HrZ8yavwZdFkfnaA59Zp1sdBU/edit#gid=405850997
season_005,Liga 1,17,person_fnupa,Cabgolord,0.0000,,1000,42,https://docs.google.com/spreadsheets/d/1nONaKwJcrN04APGKN-HrZ8yavwZdFkfnaA59Zp1sdBU/edit#gid=405850997
season_005,Liga 1,17,person_glebber,Glebber,0.0000,,1000,42,https://docs.google.com/spreadsheets/d/1nONaKwJcrN04APGKN-HrZ8yavwZdFkfnaA59Zp1sdBU/edit#gid=405850997
season_005,Liga 1,17,person_lauris,Lauris,0.2270,,1000,42,https://docs.google.com/spreadsheets/d/1nONaKwJcrN04APGKN-HrZ8yavwZdFkfnaA59Zp1sdBU/edit#gid=405850997
season_005,Liga 1,17,person_melevies,MeLevies,0.0000,,1000,42,https://docs.google.com/spreadsheets/d/1nONaKwJcrN04APGKN-HrZ8yavwZdFkfnaA59Zp1sdBU/edit#gid=405850997
season_005,Liga 1,17,person_minetube,Minetube,0.0000,,1000,42,https://docs.google.com/spreadsheets/d/1nONaKwJcrN04APGKN-HrZ8yavwZdFkfnaA59Zp1sdBU/edit#gid=405850997
season_005,Liga 1,17,person_parsifani,Parsifani,0.0000,,1000,42,https://docs.google.com/spreadsheets/d/1nONaKwJcrN04APGKN-HrZ8yavwZdFkfnaA59Zp1sdBU/edit#gid=405850997
season_005,Liga 1,17,person_present,PresentLP,0.0000,,1000,42,https://docs.google.com/spreadsheets/d/1nONaKwJcrN04APGKN-HrZ8yavwZdFkfnaA59Zp1sdBU/edit#gid=405850997
season_005,Liga 1,17,person_professor_n,Professor N,0.0000,,1000,42,https://docs.google.com/spreadsheets/d/1nONaKwJcrN04APGKN-HrZ8yavwZdFkfnaA59Zp1sdBU/edit#gid=405850997
season_005,Liga 1,17,person_raizor,Raizor,0.0000,,1000,42,https://docs.google.com/spreadsheets/d/1nONaKwJcrN04APGKN-HrZ8yavwZdFkfnaA59Zp1sdBU/edit#gid=405850997
season_005,Liga 1,17,person_tabasco_tv,Tabasco TV,0.0000,,1000,42,https://docs.google.com/spreadsheets/d/1nONaKwJcrN04APGKN-HrZ8yavwZdFkfnaA59Zp1sdBU/edit#gid=405850997
season_005,Liga 1,18,person_art_n_gaming,Art'n'Gaming,0.0000,,1000,42,https://docs.google.com/spreadsheets/d/1nONaKwJcrN04APGKN-HrZ8yavwZdFkfnaA59Zp1sdBU/edit#gid=405850997
season_005,Liga 1,18,person_barry_d_sin_of_speed,Barry D. Sin of Speed,0.0000,,1000,42,https://docs.google.com/spreadsheets/d/1nONaKwJcrN04APGKN-HrZ8yavwZdFkfnaA59Zp1sdBU/edit#gid=405850997
season_005,Liga 1,18,person_bene,Bene,0.4600,,1000,42,https://docs.google.com/spreadsheets/d/1nONaKwJcrN04APGKN-HrZ8yavwZdFkfnaA59Zp1sdBU/edit#gid=405850997
season_005,Liga 1,18,person_captaincrinch,CaptainCrinch,0.0000,,1000,42,https://docs.google.com/spreadsheets/d/1nONaKwJcrN04APGKN-HrZ8yavwZdFkfnaA59Zp1sdBU/edit#gid=405850997
season_005,Liga 1,18,person_fnupa,Cabgolord,0.0000,,1000,42,https://docs.google.com/spreadsheets/d/1nONaKwJcrN04APGKN-HrZ8yavwZdFkfnaA59Zp1sdBU/edit#gid=405850997
season_005,Liga 1,18,person_glebber,Glebber,0.0000,,1000,42,https://docs.google.com/spreadsheets/d/1nONaKwJcrN04APGKN-HrZ8yavwZdFkfnaA59Zp1sdBU/edit#gid=405850997
season_005,Liga 1,18,person_lauris,Lauris,0.5400,,1000,42,https://docs.google.com/spreadsheets/d/1nONaKwJcrN04APGKN-HrZ8yavwZdFkfnaA59Zp1sdBU/edit#gid=405850997
season_005,Liga 1,18,person_melevies,MeLevies,0.0000,,1000,42,https://docs.google.com/spreadsheets/d/1nONaKwJcrN04APGKN-HrZ8yavwZdFkfnaA59Zp1sdBU/edit#gid=405850997
season_005,Liga 1,18,person_minetube,Minetube,0.0000,,1000,42,https://docs.google.com/spreadsheets/d/1nONaKwJcrN04APGKN-HrZ8yavwZdFkfnaA59Zp1sdBU/edit#gid=405850997
season_005,Liga 1,18,person_parsifani,Parsifani,0.0000,,1000,42,https://docs.google.com/spreadsheets/d/1nONaKwJcrN04APGKN-HrZ8yavwZdFkfnaA59Zp1sdBU/edit#gid=405850997
season_005,Liga 1,18,person_present,PresentLP,0.0000,,1000,42,https://docs.google.com/spreadsheets/d/1nONaKwJcrN04APGKN-HrZ8yavwZdFkfnaA59Zp1sdBU/edit#gid=405850997
season_005,Liga 1,18,person_professor_n,Professor N,0.0000,,1000,42,https://docs.google.com/spreadsheets/d/1nONaKwJcrN04APGKN-HrZ8yavwZdFkfnaA59Zp1sdBU/edit#gid=405850997
season_005,Liga 1,18,person_raizor,Raizor,0.0000,,1000,42,https://docs.google.com/spreadsheets/d/1nONaKwJcrN04APGKN-HrZ8yavwZdFkfnaA59Zp1sdBU/edit#gid=405850997
season_005,Liga 1,18,person_tabasco_tv,Tabasco TV,0.0000,,1000,42,https://docs.google.com/spreadsheets/d/1nONaKwJcrN04APGKN-HrZ8yavwZdFkfnaA59Zp1sdBU/edit#gid=405850997
season_005,Liga 1,19,person_art_n_gaming,Art'n'Gaming,0.0000,,1000,42,https://docs.google.com/spreadsheets/d/1nONaKwJcrN04APGKN-HrZ8yavwZdFkfnaA59Zp1sdBU/edit#gid=405850997
season_005,Liga 1,19,person_barry_d_sin_of_speed,Barry D. Sin of Speed,0.0000,,1000,42,https://docs.google.com/spreadsheets/d/1nONaKwJcrN04APGKN-HrZ8yavwZdFkfnaA59Zp1sdBU/edit#gid=405850997
season_005,Liga 1,19,person_bene,Bene,0.1290,,1000,42,https://docs.google.com/spreadsheets/d/1nONaKwJcrN04APGKN-HrZ8yavwZdFkfnaA59Zp1sdBU/edit#gid=405850997
season_005,Liga 1,19,person_captaincrinch,CaptainCrinch,0.0000,,1000,42,https://docs.google.com/spreadsheets/d/1nONaKwJcrN04APGKN-HrZ8yavwZdFkfnaA59Zp1sdBU/edit#gid=405850997
season_005,Liga 1,19,person_fnupa,Cabgolord,0.0000,,1000,42,https://docs.google.com/spreadsheets/d/1nONaKwJcrN04APGKN-HrZ8yavwZdFkfnaA59Zp1sdBU/edit#gid=405850997
season_005,Liga 1,19,person_glebber,Glebber,0.0000,,1000,42,https://docs.google.com/spreadsheets/d/1nONaKwJcrN04APGKN-HrZ8yavwZdFkfnaA59Zp1sdBU/edit#gid=405850997
season_005,Liga 1,19,person_lauris,Lauris,0.8710,,1000,42,https://docs.google.com/spreadsheets/d/1nONaKwJcrN04APGKN-HrZ8yavwZdFkfnaA59Zp1sdBU/edit#gid=405850997
season_005,Liga 1,19,person_melevies,MeLevies,0.0000,,1000,42,https://docs.google.com/spreadsheets/d/1nONaKwJcrN04APGKN-HrZ8yavwZdFkfnaA59Zp1sdBU/edit#gid=405850997
season_005,Liga 1,19,person_minetube,Minetube,0.0000,,1000,42,https://docs.google.com/spreadsheets/d/1nONaKwJcrN04APGKN-HrZ8yavwZdFkfnaA59Zp1sdBU/edit#gid=405850997
season_005,Liga 1,19,person_parsifani,Parsifani,0.0000,,1000,42,https://docs.google.com/spreadsheets/d/1nONaKwJcrN04APGKN-HrZ8yavwZdFkfnaA59Zp1sdBU/edit#gid=405850997
season_005,Liga 1,19,person_present,PresentLP,0.0000,,1000,42,https://docs.google.com/spreadsheets/d/1nONaKwJcrN04APGKN-HrZ8yavwZdFkfnaA59Zp1sdBU/edit#gid=405850997
season_005,Liga 1,19,person_professor_n,Professor N,0.0000,,1000,42,https://docs.google.com/spreadsheets/d/1nONaKwJcrN04APGKN-HrZ8yavwZdFkfnaA59Zp1sdBU/edit#gid=405850997
season_005,Liga 1,19,person_raizor,Raizor,0.0000,,1000,42,https://docs.google.com/spreadsheets/d/1nONaKwJcrN04APGKN-HrZ8yavwZdFkfnaA59Zp1sdBU/edit#gid=405850997
season_005,Liga 1,19,person_tabasco_tv,Tabasco TV,0.0000,,1000,42,https://docs.google.com/spreadsheets/d/1nONaKwJcrN04APGKN-HrZ8yavwZdFkfnaA59Zp1sdBU/edit#gid=405850997
season_005,Liga 1,20,person_art_n_gaming,Art'n'Gaming,0.0000,,1000,42,https://docs.google.com/spreadsheets/d/1nONaKwJcrN04APGKN-HrZ8yavwZdFkfnaA59Zp1sdBU/edit#gid=405850997
season_005,Liga 1,20,person_barry_d_sin_of_speed,Barry D. Sin of Speed,0.0000,,1000,42,https://docs.google.com/spreadsheets/d/1nONaKwJcrN04APGKN-HrZ8yavwZdFkfnaA59Zp1sdBU/edit#gid=405850997
season_005,Liga 1,20,person_bene,Bene,0.0000,,1000,42,https://docs.google.com/spreadsheets/d/1nONaKwJcrN04APGKN-HrZ8yavwZdFkfnaA59Zp1sdBU/edit#gid=405850997
season_005,Liga 1,20,person_captaincrinch,CaptainCrinch,0.0000,,1000,42,https://docs.google.com/spreadsheets/d/1nONaKwJcrN04APGKN-HrZ8yavwZdFkfnaA59Zp1sdBU/edit#gid=405850997
season_005,Liga 1,20,person_fnupa,Cabgolord,0.0000,,1000,42,https://docs.google.com/spreadsheets/d/1nONaKwJcrN04APGKN-HrZ8yavwZdFkfnaA59Zp1sdBU/edit#gid=405850997
season_005,Liga 1,20,person_glebber,Glebber,0.0000,,1000,42,https://docs.google.com/spreadsheets/d/1nONaKwJcrN04APGKN-HrZ8yavwZdFkfnaA59Zp1sdBU/edit#gid=405850997
season_005,Liga 1,20,person_lauris,Lauris,1.0000,,1000,42,https://docs.google.com/spreadsheets/d/1nONaKwJcrN04APGKN-HrZ8yavwZdFkfnaA59Zp1sdBU/edit#gid=405850997
season_005,Liga 1,20,person_melevies,MeLevies,0.0000,,1000,42,https://docs.google.com/spreadsheets/d/1nONaKwJcrN04APGKN-HrZ8yavwZdFkfnaA59Zp1sdBU/edit#gid=405850997
season_005,Liga 1,20,person_minetube,Minetube,0.0000,,1000,42,https://docs.google.com/spreadsheets/d/1nONaKwJcrN04APGKN-HrZ8yavwZdFkfnaA59Zp1sdBU/edit#gid=405850997
season_005,Liga 1,20,person_parsifani,Parsifani,0.0000,,1000,42,https://docs.google.com/spreadsheets/d/1nONaKwJcrN04APGKN-HrZ8yavwZdFkfnaA59Zp1sdBU/edit#gid=405850997
season_005,Liga 1,20,person_present,PresentLP,0.0000,,1000,42,https://docs.google.com/spreadsheets/d/1nONaKwJcrN04APGKN-HrZ8yavwZdFkfnaA59Zp1sdBU/edit#gid=405850997
season_005,Liga 1,20,person_professor_n,Professor N,0.0000,,1000,42,https://docs.google.com/spreadsheets/d/1nONaKwJcrN04APGKN-HrZ8yavwZdFkfnaA59Zp1sdBU/edit#gid=405850997
season_005,Liga 1,20,person_raizor,Raizor,0.0000,,1000,42,https://docs.google.com/spreadsheets/d/1nONaKwJcrN04APGKN-HrZ8yavwZdFkfnaA59Zp1sdBU/edit#gid=405850997
season_005,Liga 1,20,person_tabasco_tv,Tabasco TV,0.0000,,1000,42,https://docs.google.com/spreadsheets/d/1nONaKwJcrN04APGKN-HrZ8yavwZdFkfnaA59Zp1sdBU/edit#gid=405850997
season_005,Liga 1,21,person_art_n_gaming,Art'n'Gaming,0.0000,,1000,42,https://docs.google.com/spreadsheets/d/1nONaKwJcrN04APGKN-HrZ8yavwZdFkfnaA59Zp1sdBU/edit#gid=405850997
season_005,Liga 1,21,person_barry_d_sin_of_speed,Barry D. Sin of Speed,0.0000,,1000,42,https://docs.google.com/spreadsheets/d/1nONaKwJcrN04APGKN-HrZ8yavwZdFkfnaA59Zp1sdBU/edit#gid=405850997
season_005,Liga 1,21,person_bene,Bene,0.0000,,1000,42,https://docs.google.com/spreadsheets/d/1nONaKwJcrN04APGKN-HrZ8yavwZdFkfnaA59Zp1sdBU/edit#gid=405850997
season_005,Liga 1,21,person_captaincrinch,CaptainCrinch,0.0000,,1000,42,https://docs.google.com/spreadsheets/d/1nONaKwJcrN04APGKN-HrZ8yavwZdFkfnaA59Zp1sdBU/edit#gid=405850997
season_005,Liga 1,21,person_fnupa,Cabgolord,0.0000,,1000,42,https://docs.google.com/spreadsheets/d/1nONaKwJcrN04APGKN-HrZ8yavwZdFkfnaA59Zp1sdBU/edit#gid=405850997
season_005,Liga 1,21,person_glebber,Glebber,0.0000,,1000,42,https://docs.google.com/spreadsheets/d/1nONaKwJcrN04APGKN-HrZ8yavwZdFkfnaA59Zp1sdBU/edit#gid=405850997
season_005,Liga 1,21,person_lauris,Lauris,1.0000,,1000,42,https://docs.google.com/spreadsheets/d/1nONaKwJcrN04APGKN-HrZ8yavwZdFkfnaA59Zp1sdBU/edit#gid=405850997
season_005,Liga 1,21,person_melevies,MeLevies,0.0000,,1000,42,https://docs.google.com/spreadsheets/d/1nONaKwJcrN04APGKN-HrZ8yavwZdFkfnaA59Zp1sdBU/edit#gid=405850997
season_005,Liga 1,21,person_minetube,Minetube,0.0000,,1000,42,https://docs.google.com/spreadsheets/d/1nONaKwJcrN04APGKN-HrZ8yavwZdFkfnaA59Zp1sdBU/edit#gid=405850997
season_005,Liga 1,21,person_parsifani,Parsifani,0.0000,,1000,42,https://docs.google.com/spreadsheets/d/1nONaKwJcrN04APGKN-HrZ8yavwZdFkfnaA59Zp1sdBU/edit#gid=405850997
season_005,Liga 1,21,person_present,PresentLP,0.0000,,1000,42,https://docs.google.com/spreadsheets/d/1nONaKwJcrN04APGKN-HrZ8yavwZdFkfnaA59Zp1sdBU/edit#gid=405850997
season_005,Liga 1,21,person_professor_n,Professor N,0.0000,,1000,42,https://docs.google.com/spreadsheets/d/1nONaKwJcrN04APGKN-HrZ8yavwZdFkfnaA59Zp1sdBU/edit#gid=405850997
season_005,Liga 1,21,person_raizor,Raizor,0.0000,,1000,42,https://docs.google.com/spreadsheets/d/1nONaKwJcrN04APGKN-HrZ8yavwZdFkfnaA59Zp1sdBU/edit#gid=405850997
season_005,Liga 1,21,person_tabasco_tv,Tabasco TV,0.0000,,1000,42,https://docs.google.com/spreadsheets/d/1nONaKwJcrN04APGKN-HrZ8yavwZdFkfnaA59Zp1sdBU/edit#gid=405850997
season_005,Liga 1,22,person_art_n_gaming,Art'n'Gaming,0.0000,,1000,42,https://docs.google.com/spreadsheets/d/1nONaKwJcrN04APGKN-HrZ8yavwZdFkfnaA59Zp1sdBU/edit#gid=405850997
season_005,Liga 1,22,person_barry_d_sin_of_speed,Barry D. Sin of Speed,0.0000,,1000,42,https://docs.google.com/spreadsheets/d/1nONaKwJcrN04APGKN-HrZ8yavwZdFkfnaA59Zp1sdBU/edit#gid=405850997
season_005,Liga 1,22,person_bene,Bene,0.0000,,1000,42,https://docs.google.com/spreadsheets/d/1nONaKwJcrN04APGKN-HrZ8yavwZdFkfnaA59Zp1sdBU/edit#gid=405850997
season_005,Liga 1,22,person_captaincrinch,CaptainCrinch,0.0000,,1000,42,https://docs.google.com/spreadsheets/d/1nONaKwJcrN04APGKN-HrZ8yavwZdFkfnaA59Zp1sdBU/edit#gid=405850997
season_005,Liga 1,22,person_fnupa,Cabgolord,0.0000,,1000,42,https://docs.google.com/spreadsheets/d/1nONaKwJcrN04APGKN-HrZ8yavwZdFkfnaA59Zp1sdBU/edit#gid=405850997
season_005,Liga 1,22,person_glebber,Glebber,0.0000,,1000,42,https://docs.google.com/spreadsheets/d/1nONaKwJcrN04APGKN-HrZ8yavwZdFkfnaA59Zp1sdBU/edit#gid=405850997
season_005,Liga 1,22,person_lauris,Lauris,1.0000,,1000,42,https://docs.google.com/spreadsheets/d/1nONaKwJcrN04APGKN-HrZ8yavwZdFkfnaA59Zp1sdBU/edit#gid=405850997
season_005,Liga 1,22,person_melevies,MeLevies,0.0000,,1000,42,https://docs.google.com/spreadsheets/d/1nONaKwJcrN04APGKN-HrZ8yavwZdFkfnaA59Zp1sdBU/edit#gid=405850997
season_005,Liga 1,22,person_minetube,Minetube,0.0000,,1000,42,https://docs.google.com/spreadsheets/d/1nONaKwJcrN04APGKN-HrZ8yavwZdFkfnaA59Zp1sdBU/edit#gid=405850997
season_005,Liga 1,22,person_parsifani,Parsifani,0.0000,,1000,42,https://docs.google.com/spreadsheets/d/1nONaKwJcrN04APGKN-HrZ8yavwZdFkfnaA59Zp1sdBU/edit#gid=405850997
season_005,Liga 1,22,person_present,PresentLP,0.0000,,1000,42,https://docs.google.com/spreadsheets/d/1nONaKwJcrN04APGKN-HrZ8yavwZdFkfnaA59Zp1sdBU/edit#gid=405850997
season_005,Liga 1,22,person_professor_n,Professor N,0.0000,,1000,42,https://docs.google.com/spreadsheets/d/1nONaKwJcrN04APGKN-HrZ8yavwZdFkfnaA59Zp1sdBU/edit#gid=405850997
season_005,Liga 1,22,person_raizor,Raizor,0.0000,,1000,42,https://docs.google.com/spreadsheets/d/1nONaKwJcrN04APGKN-HrZ8yavwZdFkfnaA59Zp1sdBU/edit#gid=405850997
season_005,Liga 1,22,person_tabasco_tv,Tabasco TV,0.0000,,1000,42,https://docs.google.com/spreadsheets/d/1nONaKwJcrN04APGKN-HrZ8yavwZdFkfnaA59Zp1sdBU/edit#gid=405850997
season_005,Liga 2,1,person_asalakoren,Asalakoren,0.0000,,1000,42,https://docs.google.com/spreadsheets/d/1Jej38dwkqOARMHvKaUfQeHME0pLqP9GE6vPZQMUxMcg/edit#gid=2102144361
season_005,Liga 2,1,person_belmontgabriel,BelmontGabriel,0.1020,,1000,42,https://docs.google.com/spreadsheets/d/1Jej38dwkqOARMHvKaUfQeHME0pLqP9GE6vPZQMUxMcg/edit#gid=2102144361
season_005,Liga 2,1,person_blacklink,BlackLink,0.0000,,1000,42,https://docs.google.com/spreadsheets/d/1Jej38dwkqOARMHvKaUfQeHME0pLqP9GE6vPZQMUxMcg/edit#gid=2102144361
season_005,Liga 2,1,person_bravebird,BraveBird,0.0380,,1000,42,https://docs.google.com/spreadsheets/d/1Jej38dwkqOARMHvKaUfQeHME0pLqP9GE6vPZQMUxMcg/edit#gid=2102144361
season_005,Liga 2,1,person_craycom,Craycom,0.1260,,1000,42,https://docs.google.com/spreadsheets/d/1Jej38dwkqOARMHvKaUfQeHME0pLqP9GE6vPZQMUxMcg/edit#gid=2102144361
season_005,Liga 2,1,person_crowdcontroller,CrowdController,0.0040,,1000,42,https://docs.google.com/spreadsheets/d/1Jej38dwkqOARMHvKaUfQeHME0pLqP9GE6vPZQMUxMcg/edit#gid=2102144361
season_005,Liga 2,1,person_dauni_daunstar,Dauni,0.1530,,1000,42,https://docs.google.com/spreadsheets/d/1Jej38dwkqOARMHvKaUfQeHME0pLqP9GE6vPZQMUxMcg/edit#gid=2102144361
season_005,Liga 2,1,person_elektechn9ne,ElektechN9ne,0.1820,,1000,42,https://docs.google.com/spreadsheets/d/1Jej38dwkqOARMHvKaUfQeHME0pLqP9GE6vPZQMUxMcg/edit#gid=2102144361
season_005,Liga 2,1,person_oktopaul,Oktopaul,0.2670,,1000,42,https://docs.google.com/spreadsheets/d/1Jej38dwkqOARMHvKaUfQeHME0pLqP9GE6vPZQMUxMcg/edit#gid=2102144361
season_005,Liga 2,1,person_pokebazi,PokeBazi,0.0120,,1000,42,https://docs.google.com/spreadsheets/d/1Jej38dwkqOARMHvKaUfQeHME0pLqP9GE6vPZQMUxMcg/edit#gid=2102144361
season_005,Liga 2,1,person_scoutley,Scoutley,0.0000,,1000,42,https://docs.google.com/spreadsheets/d/1Jej38dwkqOARMHvKaUfQeHME0pLqP9GE6vPZQMUxMcg/edit#gid=2102144361
season_005,Liga 2,1,person_stratocopter_tv,Stratocopter TV,0.1160,,1000,42,https://docs.google.com/spreadsheets/d/1Jej38dwkqOARMHvKaUfQeHME0pLqP9GE6vPZQMUxMcg/edit#gid=2102144361
season_005,Liga 2,2,person_asalakoren,Asalakoren,0.0000,,1000,42,https://docs.google.com/spreadsheets/d/1Jej38dwkqOARMHvKaUfQeHME0pLqP9GE6vPZQMUxMcg/edit#gid=2102144361
season_005,Liga 2,2,person_belmontgabriel,BelmontGabriel,0.1140,,1000,42,https://docs.google.com/spreadsheets/d/1Jej38dwkqOARMHvKaUfQeHME0pLqP9GE6vPZQMUxMcg/edit#gid=2102144361
season_005,Liga 2,2,person_blacklink,BlackLink,0.0000,,1000,42,https://docs.google.com/spreadsheets/d/1Jej38dwkqOARMHvKaUfQeHME0pLqP9GE6vPZQMUxMcg/edit#gid=2102144361
season_005,Liga 2,2,person_bravebird,BraveBird,0.0810,,1000,42,https://docs.google.com/spreadsheets/d/1Jej38dwkqOARMHvKaUfQeHME0pLqP9GE6vPZQMUxMcg/edit#gid=2102144361
season_005,Liga 2,2,person_craycom,Craycom,0.1790,,1000,42,https://docs.google.com/spreadsheets/d/1Jej38dwkqOARMHvKaUfQeHME0pLqP9GE6vPZQMUxMcg/edit#gid=2102144361
season_005,Liga 2,2,person_crowdcontroller,CrowdController,0.0010,,1000,42,https://docs.google.com/spreadsheets/d/1Jej38dwkqOARMHvKaUfQeHME0pLqP9GE6vPZQMUxMcg/edit#gid=2102144361
season_005,Liga 2,2,person_dauni_daunstar,Dauni,0.0300,,1000,42,https://docs.google.com/spreadsheets/d/1Jej38dwkqOARMHvKaUfQeHME0pLqP9GE6vPZQMUxMcg/edit#gid=2102144361
season_005,Liga 2,2,person_elektechn9ne,ElektechN9ne,0.2240,,1000,42,https://docs.google.com/spreadsheets/d/1Jej38dwkqOARMHvKaUfQeHME0pLqP9GE6vPZQMUxMcg/edit#gid=2102144361
season_005,Liga 2,2,person_oktopaul,Oktopaul,0.1200,,1000,42,https://docs.google.com/spreadsheets/d/1Jej38dwkqOARMHvKaUfQeHME0pLqP9GE6vPZQMUxMcg/edit#gid=2102144361
season_005,Liga 2,2,person_pokebazi,PokeBazi,0.0020,,1000,42,https://docs.google.com/spreadsheets/d/1Jej38dwkqOARMHvKaUfQeHME0pLqP9GE6vPZQMUxMcg/edit#gid=2102144361
season_005,Liga 2,2,person_scoutley,Scoutley,0.0000,,1000,42,https://docs.google.com/spreadsheets/d/1Jej38dwkqOARMHvKaUfQeHME0pLqP9GE6vPZQMUxMcg/edit#gid=2102144361
season_005,Liga 2,2,person_stratocopter_tv,Stratocopter TV,0.2490,,1000,42,https://docs.google.com/spreadsheets/d/1Jej38dwkqOARMHvKaUfQeHME0pLqP9GE6vPZQMUxMcg/edit#gid=2102144361
season_005,Liga 2,3,person_asalakoren,Asalakoren,0.0000,,1000,42,https://docs.google.com/spreadsheets/d/1Jej38dwkqOARMHvKaUfQeHME0pLqP9GE6vPZQMUxMcg/edit#gid=2102144361
season_005,Liga 2,3,person_belmontgabriel,BelmontGabriel,0.1750,,1000,42,https://docs.google.com/spreadsheets/d/1Jej38dwkqOARMHvKaUfQeHME0pLqP9GE6vPZQMUxMcg/edit#gid=2102144361
season_005,Liga 2,3,person_blacklink,BlackLink,0.0000,,1000,42,https://docs.google.com/spreadsheets/d/1Jej38dwkqOARMHvKaUfQeHME0pLqP9GE6vPZQMUxMcg/edit#gid=2102144361
season_005,Liga 2,3,person_bravebird,BraveBird,0.0860,,1000,42,https://docs.google.com/spreadsheets/d/1Jej38dwkqOARMHvKaUfQeHME0pLqP9GE6vPZQMUxMcg/edit#gid=2102144361
season_005,Liga 2,3,person_craycom,Craycom,0.1640,,1000,42,https://docs.google.com/spreadsheets/d/1Jej38dwkqOARMHvKaUfQeHME0pLqP9GE6vPZQMUxMcg/edit#gid=2102144361
season_005,Liga 2,3,person_crowdcontroller,CrowdController,0.0000,,1000,42,https://docs.google.com/spreadsheets/d/1Jej38dwkqOARMHvKaUfQeHME0pLqP9GE6vPZQMUxMcg/edit#gid=2102144361
season_005,Liga 2,3,person_dauni_daunstar,Dauni,0.0130,,1000,42,https://docs.google.com/spreadsheets/d/1Jej38dwkqOARMHvKaUfQeHME0pLqP9GE6vPZQMUxMcg/edit#gid=2102144361
season_005,Liga 2,3,person_elektechn9ne,ElektechN9ne,0.2300,,1000,42,https://docs.google.com/spreadsheets/d/1Jej38dwkqOARMHvKaUfQeHME0pLqP9GE6vPZQMUxMcg/edit#gid=2102144361
season_005,Liga 2,3,person_oktopaul,Oktopaul,0.0300,,1000,42,https://docs.google.com/spreadsheets/d/1Jej38dwkqOARMHvKaUfQeHME0pLqP9GE6vPZQMUxMcg/edit#gid=2102144361
season_005,Liga 2,3,person_pokebazi,PokeBazi,0.0000,,1000,42,https://docs.google.com/spreadsheets/d/1Jej38dwkqOARMHvKaUfQeHME0pLqP9GE6vPZQMUxMcg/edit#gid=2102144361
season_005,Liga 2,3,person_scoutley,Scoutley,0.0000,,1000,42,https://docs.google.com/spreadsheets/d/1Jej38dwkqOARMHvKaUfQeHME0pLqP9GE6vPZQMUxMcg/edit#gid=2102144361
season_005,Liga 2,3,person_stratocopter_tv,Stratocopter TV,0.3020,,1000,42,https://docs.google.com/spreadsheets/d/1Jej38dwkqOARMHvKaUfQeHME0pLqP9GE6vPZQMUxMcg/edit#gid=2102144361
season_005,Liga 2,4,person_asalakoren,Asalakoren,0.0000,,1000,42,https://docs.google.com/spreadsheets/d/1Jej38dwkqOARMHvKaUfQeHME0pLqP9GE6vPZQMUxMcg/edit#gid=2102144361
season_005,Liga 2,4,person_belmontgabriel,BelmontGabriel,0.2960,,1000,42,https://docs.google.com/spreadsheets/d/1Jej38dwkqOARMHvKaUfQeHME0pLqP9GE6vPZQMUxMcg/edit#gid=2102144361
season_005,Liga 2,4,person_blacklink,BlackLink,0.0000,,1000,42,https://docs.google.com/spreadsheets/d/1Jej38dwkqOARMHvKaUfQeHME0pLqP9GE6vPZQMUxMcg/edit#gid=2102144361
season_005,Liga 2,4,person_bravebird,BraveBird,0.0250,,1000,42,https://docs.google.com/spreadsheets/d/1Jej38dwkqOARMHvKaUfQeHME0pLqP9GE6vPZQMUxMcg/edit#gid=2102144361
season_005,Liga 2,4,person_craycom,Craycom,0.2610,,1000,42,https://docs.google.com/spreadsheets/d/1Jej38dwkqOARMHvKaUfQeHME0pLqP9GE6vPZQMUxMcg/edit#gid=2102144361
season_005,Liga 2,4,person_crowdcontroller,CrowdController,0.0000,,1000,42,https://docs.google.com/spreadsheets/d/1Jej38dwkqOARMHvKaUfQeHME0pLqP9GE6vPZQMUxMcg/edit#gid=2102144361
season_005,Liga 2,4,person_dauni_daunstar,Dauni,0.0030,,1000,42,https://docs.google.com/spreadsheets/d/1Jej38dwkqOARMHvKaUfQeHME0pLqP9GE6vPZQMUxMcg/edit#gid=2102144361
season_005,Liga 2,4,person_elektechn9ne,ElektechN9ne,0.3400,,1000,42,https://docs.google.com/spreadsheets/d/1Jej38dwkqOARMHvKaUfQeHME0pLqP9GE6vPZQMUxMcg/edit#gid=2102144361
season_005,Liga 2,4,person_oktopaul,Oktopaul,0.0080,,1000,42,https://docs.google.com/spreadsheets/d/1Jej38dwkqOARMHvKaUfQeHME0pLqP9GE6vPZQMUxMcg/edit#gid=2102144361
season_005,Liga 2,4,person_pokebazi,PokeBazi,0.0010,,1000,42,https://docs.google.com/spreadsheets/d/1Jej38dwkqOARMHvKaUfQeHME0pLqP9GE6vPZQMUxMcg/edit#gid=2102144361
season_005,Liga 2,4,person_scoutley,Scoutley,0.0000,,1000,42,https://docs.google.com/spreadsheets/d/1Jej38dwkqOARMHvKaUfQeHME0pLqP9GE6vPZQMUxMcg/edit#gid=2102144361
season_005,Liga 2,4,person_stratocopter_tv,Stratocopter TV,0.0660,,1000,42,https://docs.google.com/spreadsheets/d/1Jej38dwkqOARMHvKaUfQeHME0pLqP9GE6vPZQMUxMcg/edit#gid=2102144361
season_005,Liga 2,5,person_asalakoren,Asalakoren,0.0000,,1000,42,https://docs.google.com/spreadsheets/d/1Jej38dwkqOARMHvKaUfQeHME0pLqP9GE6vPZQMUxMcg/edit#gid=2102144361
season_005,Liga 2,5,person_belmontgabriel,BelmontGabriel,0.1660,,1000,42,https://docs.google.com/spreadsheets/d/1Jej38dwkqOARMHvKaUfQeHME0pLqP9GE6vPZQMUxMcg/edit#gid=2102144361
season_005,Liga 2,5,person_blacklink,BlackLink,0.0000,,1000,42,https://docs.google.com/spreadsheets/d/1Jej38dwkqOARMHvKaUfQeHME0pLqP9GE6vPZQMUxMcg/edit#gid=2102144361
season_005,Liga 2,5,person_bravebird,BraveBird,0.0650,,1000,42,https://docs.google.com/spreadsheets/d/1Jej38dwkqOARMHvKaUfQeHME0pLqP9GE6vPZQMUxMcg/edit#gid=2102144361
season_005,Liga 2,5,person_craycom,Craycom,0.1290,,1000,42,https://docs.google.com/spreadsheets/d/1Jej38dwkqOARMHvKaUfQeHME0pLqP9GE6vPZQMUxMcg/edit#gid=2102144361
season_005,Liga 2,5,person_crowdcontroller,CrowdController,0.0040,,1000,42,https://docs.google.com/spreadsheets/d/1Jej38dwkqOARMHvKaUfQeHME0pLqP9GE6vPZQMUxMcg/edit#gid=2102144361
season_005,Liga 2,5,person_dauni_daunstar,Dauni,0.0010,,1000,42,https://docs.google.com/spreadsheets/d/1Jej38dwkqOARMHvKaUfQeHME0pLqP9GE6vPZQMUxMcg/edit#gid=2102144361
season_005,Liga 2,5,person_elektechn9ne,ElektechN9ne,0.5750,,1000,42,https://docs.google.com/spreadsheets/d/1Jej38dwkqOARMHvKaUfQeHME0pLqP9GE6vPZQMUxMcg/edit#gid=2102144361
season_005,Liga 2,5,person_oktopaul,Oktopaul,0.0170,,1000,42,https://docs.google.com/spreadsheets/d/1Jej38dwkqOARMHvKaUfQeHME0pLqP9GE6vPZQMUxMcg/edit#gid=2102144361
season_005,Liga 2,5,person_pokebazi,PokeBazi,0.0000,,1000,42,https://docs.google.com/spreadsheets/d/1Jej38dwkqOARMHvKaUfQeHME0pLqP9GE6vPZQMUxMcg/edit#gid=2102144361
season_005,Liga 2,5,person_scoutley,Scoutley,0.0000,,1000,42,https://docs.google.com/spreadsheets/d/1Jej38dwkqOARMHvKaUfQeHME0pLqP9GE6vPZQMUxMcg/edit#gid=2102144361
season_005,Liga 2,5,person_stratocopter_tv,Stratocopter TV,0.0430,,1000,42,https://docs.google.com/spreadsheets/d/1Jej38dwkqOARMHvKaUfQeHME0pLqP9GE6vPZQMUxMcg/edit#gid=2102144361
season_005,Liga 2,6,person_asalakoren,Asalakoren,0.0000,,1000,42,https://docs.google.com/spreadsheets/d/1Jej38dwkqOARMHvKaUfQeHME0pLqP9GE6vPZQMUxMcg/edit#gid=2102144361
season_005,Liga 2,6,person_belmontgabriel,BelmontGabriel,0.3470,,1000,42,https://docs.google.com/spreadsheets/d/1Jej38dwkqOARMHvKaUfQeHME0pLqP9GE6vPZQMUxMcg/edit#gid=2102144361
season_005,Liga 2,6,person_blacklink,BlackLink,0.0000,,1000,42,https://docs.google.com/spreadsheets/d/1Jej38dwkqOARMHvKaUfQeHME0pLqP9GE6vPZQMUxMcg/edit#gid=2102144361
season_005,Liga 2,6,person_bravebird,BraveBird,0.0290,,1000,42,https://docs.google.com/spreadsheets/d/1Jej38dwkqOARMHvKaUfQeHME0pLqP9GE6vPZQMUxMcg/edit#gid=2102144361
season_005,Liga 2,6,person_craycom,Craycom,0.2540,,1000,42,https://docs.google.com/spreadsheets/d/1Jej38dwkqOARMHvKaUfQeHME0pLqP9GE6vPZQMUxMcg/edit#gid=2102144361
season_005,Liga 2,6,person_crowdcontroller,CrowdController,0.0090,,1000,42,https://docs.google.com/spreadsheets/d/1Jej38dwkqOARMHvKaUfQeHME0pLqP9GE6vPZQMUxMcg/edit#gid=2102144361
season_005,Liga 2,6,person_dauni_daunstar,Dauni,0.0000,,1000,42,https://docs.google.com/spreadsheets/d/1Jej38dwkqOARMHvKaUfQeHME0pLqP9GE6vPZQMUxMcg/edit#gid=2102144361
season_005,Liga 2,6,person_elektechn9ne,ElektechN9ne,0.3400,,1000,42,https://docs.google.com/spreadsheets/d/1Jej38dwkqOARMHvKaUfQeHME0pLqP9GE6vPZQMUxMcg/edit#gid=2102144361
season_005,Liga 2,6,person_oktopaul,Oktopaul,0.0060,,1000,42,https://docs.google.com/spreadsheets/d/1Jej38dwkqOARMHvKaUfQeHME0pLqP9GE6vPZQMUxMcg/edit#gid=2102144361
season_005,Liga 2,6,person_pokebazi,PokeBazi,0.0010,,1000,42,https://docs.google.com/spreadsheets/d/1Jej38dwkqOARMHvKaUfQeHME0pLqP9GE6vPZQMUxMcg/edit#gid=2102144361
season_005,Liga 2,6,person_scoutley,Scoutley,0.0000,,1000,42,https://docs.google.com/spreadsheets/d/1Jej38dwkqOARMHvKaUfQeHME0pLqP9GE6vPZQMUxMcg/edit#gid=2102144361
season_005,Liga 2,6,person_stratocopter_tv,Stratocopter TV,0.0140,,1000,42,https://docs.google.com/spreadsheets/d/1Jej38dwkqOARMHvKaUfQeHME0pLqP9GE6vPZQMUxMcg/edit#gid=2102144361
season_005,Liga 2,7,person_asalakoren,Asalakoren,0.0000,,1000,42,https://docs.google.com/spreadsheets/d/1Jej38dwkqOARMHvKaUfQeHME0pLqP9GE6vPZQMUxMcg/edit#gid=2102144361
season_005,Liga 2,7,person_belmontgabriel,BelmontGabriel,0.1930,,1000,42,https://docs.google.com/spreadsheets/d/1Jej38dwkqOARMHvKaUfQeHME0pLqP9GE6vPZQMUxMcg/edit#gid=2102144361
season_005,Liga 2,7,person_blacklink,BlackLink,0.0000,,1000,42,https://docs.google.com/spreadsheets/d/1Jej38dwkqOARMHvKaUfQeHME0pLqP9GE6vPZQMUxMcg/edit#gid=2102144361
season_005,Liga 2,7,person_bravebird,BraveBird,0.0850,,1000,42,https://docs.google.com/spreadsheets/d/1Jej38dwkqOARMHvKaUfQeHME0pLqP9GE6vPZQMUxMcg/edit#gid=2102144361
season_005,Liga 2,7,person_craycom,Craycom,0.4270,,1000,42,https://docs.google.com/spreadsheets/d/1Jej38dwkqOARMHvKaUfQeHME0pLqP9GE6vPZQMUxMcg/edit#gid=2102144361
season_005,Liga 2,7,person_crowdcontroller,CrowdController,0.0220,,1000,42,https://docs.google.com/spreadsheets/d/1Jej38dwkqOARMHvKaUfQeHME0pLqP9GE6vPZQMUxMcg/edit#gid=2102144361
season_005,Liga 2,7,person_dauni_daunstar,Dauni,0.0070,,1000,42,https://docs.google.com/spreadsheets/d/1Jej38dwkqOARMHvKaUfQeHME0pLqP9GE6vPZQMUxMcg/edit#gid=2102144361
season_005,Liga 2,7,person_elektechn9ne,ElektechN9ne,0.2110,,1000,42,https://docs.google.com/spreadsheets/d/1Jej38dwkqOARMHvKaUfQeHME0pLqP9GE6vPZQMUxMcg/edit#gid=2102144361
season_005,Liga 2,7,person_oktopaul,Oktopaul,0.0060,,1000,42,https://docs.google.com/spreadsheets/d/1Jej38dwkqOARMHvKaUfQeHME0pLqP9GE6vPZQMUxMcg/edit#gid=2102144361
season_005,Liga 2,7,person_pokebazi,PokeBazi,0.0000,,1000,42,https://docs.google.com/spreadsheets/d/1Jej38dwkqOARMHvKaUfQeHME0pLqP9GE6vPZQMUxMcg/edit#gid=2102144361
season_005,Liga 2,7,person_scoutley,Scoutley,0.0000,,1000,42,https://docs.google.com/spreadsheets/d/1Jej38dwkqOARMHvKaUfQeHME0pLqP9GE6vPZQMUxMcg/edit#gid=2102144361
season_005,Liga 2,7,person_stratocopter_tv,Stratocopter TV,0.0490,,1000,42,https://docs.google.com/spreadsheets/d/1Jej38dwkqOARMHvKaUfQeHME0pLqP9GE6vPZQMUxMcg/edit#gid=2102144361
season_005,Liga 2,8,person_asalakoren,Asalakoren,0.0000,,1000,42,https://docs.google.com/spreadsheets/d/1Jej38dwkqOARMHvKaUfQeHME0pLqP9GE6vPZQMUxMcg/edit#gid=2102144361
season_005,Liga 2,8,person_belmontgabriel,BelmontGabriel,0.3590,,1000,42,https://docs.google.com/spreadsheets/d/1Jej38dwkqOARMHvKaUfQeHME0pLqP9GE6vPZQMUxMcg/edit#gid=2102144361
season_005,Liga 2,8,person_blacklink,BlackLink,0.0000,,1000,42,https://docs.google.com/spreadsheets/d/1Jej38dwkqOARMHvKaUfQeHME0pLqP9GE6vPZQMUxMcg/edit#gid=2102144361
season_005,Liga 2,8,person_bravebird,BraveBird,0.0860,,1000,42,https://docs.google.com/spreadsheets/d/1Jej38dwkqOARMHvKaUfQeHME0pLqP9GE6vPZQMUxMcg/edit#gid=2102144361
season_005,Liga 2,8,person_craycom,Craycom,0.1820,,1000,42,https://docs.google.com/spreadsheets/d/1Jej38dwkqOARMHvKaUfQeHME0pLqP9GE6vPZQMUxMcg/edit#gid=2102144361
season_005,Liga 2,8,person_crowdcontroller,CrowdController,0.0550,,1000,42,https://docs.google.com/spreadsheets/d/1Jej38dwkqOARMHvKaUfQeHME0pLqP9GE6vPZQMUxMcg/edit#gid=2102144361
season_005,Liga 2,8,person_dauni_daunstar,Dauni,0.0090,,1000,42,https://docs.google.com/spreadsheets/d/1Jej38dwkqOARMHvKaUfQeHME0pLqP9GE6vPZQMUxMcg/edit#gid=2102144361
season_005,Liga 2,8,person_elektechn9ne,ElektechN9ne,0.2930,,1000,42,https://docs.google.com/spreadsheets/d/1Jej38dwkqOARMHvKaUfQeHME0pLqP9GE6vPZQMUxMcg/edit#gid=2102144361
season_005,Liga 2,8,person_oktopaul,Oktopaul,0.0020,,1000,42,https://docs.google.com/spreadsheets/d/1Jej38dwkqOARMHvKaUfQeHME0pLqP9GE6vPZQMUxMcg/edit#gid=2102144361
season_005,Liga 2,8,person_pokebazi,PokeBazi,0.0000,,1000,42,https://docs.google.com/spreadsheets/d/1Jej38dwkqOARMHvKaUfQeHME0pLqP9GE6vPZQMUxMcg/edit#gid=2102144361
season_005,Liga 2,8,person_scoutley,Scoutley,0.0000,,1000,42,https://docs.google.com/spreadsheets/d/1Jej38dwkqOARMHvKaUfQeHME0pLqP9GE6vPZQMUxMcg/edit#gid=2102144361
season_005,Liga 2,8,person_stratocopter_tv,Stratocopter TV,0.0140,,1000,42,https://docs.google.com/spreadsheets/d/1Jej38dwkqOARMHvKaUfQeHME0pLqP9GE6vPZQMUxMcg/edit#gid=2102144361
season_005,Liga 2,9,person_asalakoren,Asalakoren,0.0000,,1000,42,https://docs.google.com/spreadsheets/d/1Jej38dwkqOARMHvKaUfQeHME0pLqP9GE6vPZQMUxMcg/edit#gid=2102144361
season_005,Liga 2,9,person_belmontgabriel,BelmontGabriel,0.1370,,1000,42,https://docs.google.com/spreadsheets/d/1Jej38dwkqOARMHvKaUfQeHME0pLqP9GE6vPZQMUxMcg/edit#gid=2102144361
season_005,Liga 2,9,person_blacklink,BlackLink,0.0000,,1000,42,https://docs.google.com/spreadsheets/d/1Jej38dwkqOARMHvKaUfQeHME0pLqP9GE6vPZQMUxMcg/edit#gid=2102144361
season_005,Liga 2,9,person_bravebird,BraveBird,0.1060,,1000,42,https://docs.google.com/spreadsheets/d/1Jej38dwkqOARMHvKaUfQeHME0pLqP9GE6vPZQMUxMcg/edit#gid=2102144361
season_005,Liga 2,9,person_craycom,Craycom,0.2360,,1000,42,https://docs.google.com/spreadsheets/d/1Jej38dwkqOARMHvKaUfQeHME0pLqP9GE6vPZQMUxMcg/edit#gid=2102144361
season_005,Liga 2,9,person_crowdcontroller,CrowdController,0.0570,,1000,42,https://docs.google.com/spreadsheets/d/1Jej38dwkqOARMHvKaUfQeHME0pLqP9GE6vPZQMUxMcg/edit#gid=2102144361
season_005,Liga 2,9,person_dauni_daunstar,Dauni,0.0090,,1000,42,https://docs.google.com/spreadsheets/d/1Jej38dwkqOARMHvKaUfQeHME0pLqP9GE6vPZQMUxMcg/edit#gid=2102144361
season_005,Liga 2,9,person_elektechn9ne,ElektechN9ne,0.4410,,1000,42,https://docs.google.com/spreadsheets/d/1Jej38dwkqOARMHvKaUfQeHME0pLqP9GE6vPZQMUxMcg/edit#gid=2102144361
season_005,Liga 2,9,person_oktopaul,Oktopaul,0.0000,,1000,42,https://docs.google.com/spreadsheets/d/1Jej38dwkqOARMHvKaUfQeHME0pLqP9GE6vPZQMUxMcg/edit#gid=2102144361
season_005,Liga 2,9,person_pokebazi,PokeBazi,0.0000,,1000,42,https://docs.google.com/spreadsheets/d/1Jej38dwkqOARMHvKaUfQeHME0pLqP9GE6vPZQMUxMcg/edit#gid=2102144361
season_005,Liga 2,9,person_scoutley,Scoutley,0.0000,,1000,42,https://docs.google.com/spreadsheets/d/1Jej38dwkqOARMHvKaUfQeHME0pLqP9GE6vPZQMUxMcg/edit#gid=2102144361
season_005,Liga 2,9,person_stratocopter_tv,Stratocopter TV,0.0140,,1000,42,https://docs.google.com/spreadsheets/d/1Jej38dwkqOARMHvKaUfQeHME0pLqP9GE6vPZQMUxMcg/edit#gid=2102144361
season_005,Liga 2,10,person_asalakoren,Asalakoren,0.0000,,1000,42,https://docs.google.com/spreadsheets/d/1Jej38dwkqOARMHvKaUfQeHME0pLqP9GE6vPZQMUxMcg/edit#gid=2102144361
season_005,Liga 2,10,person_belmontgabriel,BelmontGabriel,0.1440,,1000,42,https://docs.google.com/spreadsheets/d/1Jej38dwkqOARMHvKaUfQeHME0pLqP9GE6vPZQMUxMcg/edit#gid=2102144361
season_005,Liga 2,10,person_blacklink,BlackLink,0.0010,,1000,42,https://docs.google.com/spreadsheets/d/1Jej38dwkqOARMHvKaUfQeHME0pLqP9GE6vPZQMUxMcg/edit#gid=2102144361
season_005,Liga 2,10,person_bravebird,BraveBird,0.0350,,1000,42,https://docs.google.com/spreadsheets/d/1Jej38dwkqOARMHvKaUfQeHME0pLqP9GE6vPZQMUxMcg/edit#gid=2102144361
season_005,Liga 2,10,person_craycom,Craycom,0.1110,,1000,42,https://docs.google.com/spreadsheets/d/1Jej38dwkqOARMHvKaUfQeHME0pLqP9GE6vPZQMUxMcg/edit#gid=2102144361
season_005,Liga 2,10,person_crowdcontroller,CrowdController,0.0080,,1000,42,https://docs.google.com/spreadsheets/d/1Jej38dwkqOARMHvKaUfQeHME0pLqP9GE6vPZQMUxMcg/edit#gid=2102144361
season_005,Liga 2,10,person_dauni_daunstar,Dauni,0.0040,,1000,42,https://docs.google.com/spreadsheets/d/1Jej38dwkqOARMHvKaUfQeHME0pLqP9GE6vPZQMUxMcg/edit#gid=2102144361
season_005,Liga 2,10,person_elektechn9ne,ElektechN9ne,0.6930,,1000,42,https://docs.google.com/spreadsheets/d/1Jej38dwkqOARMHvKaUfQeHME0pLqP9GE6vPZQMUxMcg/edit#gid=2102144361
season_005,Liga 2,10,person_oktopaul,Oktopaul,0.0000,,1000,42,https://docs.google.com/spreadsheets/d/1Jej38dwkqOARMHvKaUfQeHME0pLqP9GE6vPZQMUxMcg/edit#gid=2102144361
season_005,Liga 2,10,person_pokebazi,PokeBazi,0.0010,,1000,42,https://docs.google.com/spreadsheets/d/1Jej38dwkqOARMHvKaUfQeHME0pLqP9GE6vPZQMUxMcg/edit#gid=2102144361
season_005,Liga 2,10,person_scoutley,Scoutley,0.0000,,1000,42,https://docs.google.com/spreadsheets/d/1Jej38dwkqOARMHvKaUfQeHME0pLqP9GE6vPZQMUxMcg/edit#gid=2102144361
season_005,Liga 2,10,person_stratocopter_tv,Stratocopter TV,0.0030,,1000,42,https://docs.google.com/spreadsheets/d/1Jej38dwkqOARMHvKaUfQeHME0pLqP9GE6vPZQMUxMcg/edit#gid=2102144361
season_005,Liga 2,11,person_asalakoren,Asalakoren,0.0000,,1000,42,https://docs.google.com/spreadsheets/d/1Jej38dwkqOARMHvKaUfQeHME0pLqP9GE6vPZQMUxMcg/edit#gid=2102144361
season_005,Liga 2,11,person_belmontgabriel,BelmontGabriel,0.2890,,1000,42,https://docs.google.com/spreadsheets/d/1Jej38dwkqOARMHvKaUfQeHME0pLqP9GE6vPZQMUxMcg/edit#gid=2102144361
season_005,Liga 2,11,person_blacklink,BlackLink,0.0000,,1000,42,https://docs.google.com/spreadsheets/d/1Jej38dwkqOARMHvKaUfQeHME0pLqP9GE6vPZQMUxMcg/edit#gid=2102144361
season_005,Liga 2,11,person_bravebird,BraveBird,0.0450,,1000,42,https://docs.google.com/spreadsheets/d/1Jej38dwkqOARMHvKaUfQeHME0pLqP9GE6vPZQMUxMcg/edit#gid=2102144361
season_005,Liga 2,11,person_craycom,Craycom,0.0350,,1000,42,https://docs.google.com/spreadsheets/d/1Jej38dwkqOARMHvKaUfQeHME0pLqP9GE6vPZQMUxMcg/edit#gid=2102144361
season_005,Liga 2,11,person_crowdcontroller,CrowdController,0.0040,,1000,42,https://docs.google.com/spreadsheets/d/1Jej38dwkqOARMHvKaUfQeHME0pLqP9GE6vPZQMUxMcg/edit#gid=2102144361
season_005,Liga 2,11,person_dauni_daunstar,Dauni,0.0050,,1000,42,https://docs.google.com/spreadsheets/d/1Jej38dwkqOARMHvKaUfQeHME0pLqP9GE6vPZQMUxMcg/edit#gid=2102144361
season_005,Liga 2,11,person_elektechn9ne,ElektechN9ne,0.6160,,1000,42,https://docs.google.com/spreadsheets/d/1Jej38dwkqOARMHvKaUfQeHME0pLqP9GE6vPZQMUxMcg/edit#gid=2102144361
season_005,Liga 2,11,person_oktopaul,Oktopaul,0.0010,,1000,42,https://docs.google.com/spreadsheets/d/1Jej38dwkqOARMHvKaUfQeHME0pLqP9GE6vPZQMUxMcg/edit#gid=2102144361
season_005,Liga 2,11,person_pokebazi,PokeBazi,0.0000,,1000,42,https://docs.google.com/spreadsheets/d/1Jej38dwkqOARMHvKaUfQeHME0pLqP9GE6vPZQMUxMcg/edit#gid=2102144361
season_005,Liga 2,11,person_scoutley,Scoutley,0.0000,,1000,42,https://docs.google.com/spreadsheets/d/1Jej38dwkqOARMHvKaUfQeHME0pLqP9GE6vPZQMUxMcg/edit#gid=2102144361
season_005,Liga 2,11,person_stratocopter_tv,Stratocopter TV,0.0050,,1000,42,https://docs.google.com/spreadsheets/d/1Jej38dwkqOARMHvKaUfQeHME0pLqP9GE6vPZQMUxMcg/edit#gid=2102144361
season_005,Liga 2,12,person_asalakoren,Asalakoren,0.0000,,1000,42,https://docs.google.com/spreadsheets/d/1Jej38dwkqOARMHvKaUfQeHME0pLqP9GE6vPZQMUxMcg/edit#gid=2102144361
season_005,Liga 2,12,person_belmontgabriel,BelmontGabriel,0.4500,,1000,42,https://docs.google.com/spreadsheets/d/1Jej38dwkqOARMHvKaUfQeHME0pLqP9GE6vPZQMUxMcg/edit#gid=2102144361
season_005,Liga 2,12,person_blacklink,BlackLink,0.0000,,1000,42,https://docs.google.com/spreadsheets/d/1Jej38dwkqOARMHvKaUfQeHME0pLqP9GE6vPZQMUxMcg/edit#gid=2102144361
season_005,Liga 2,12,person_bravebird,BraveBird,0.1170,,1000,42,https://docs.google.com/spreadsheets/d/1Jej38dwkqOARMHvKaUfQeHME0pLqP9GE6vPZQMUxMcg/edit#gid=2102144361
season_005,Liga 2,12,person_craycom,Craycom,0.0100,,1000,42,https://docs.google.com/spreadsheets/d/1Jej38dwkqOARMHvKaUfQeHME0pLqP9GE6vPZQMUxMcg/edit#gid=2102144361
season_005,Liga 2,12,person_crowdcontroller,CrowdController,0.0120,,1000,42,https://docs.google.com/spreadsheets/d/1Jej38dwkqOARMHvKaUfQeHME0pLqP9GE6vPZQMUxMcg/edit#gid=2102144361
season_005,Liga 2,12,person_dauni_daunstar,Dauni,0.0010,,1000,42,https://docs.google.com/spreadsheets/d/1Jej38dwkqOARMHvKaUfQeHME0pLqP9GE6vPZQMUxMcg/edit#gid=2102144361
season_005,Liga 2,12,person_elektechn9ne,ElektechN9ne,0.3880,,1000,42,https://docs.google.com/spreadsheets/d/1Jej38dwkqOARMHvKaUfQeHME0pLqP9GE6vPZQMUxMcg/edit#gid=2102144361
season_005,Liga 2,12,person_oktopaul,Oktopaul,0.0000,,1000,42,https://docs.google.com/spreadsheets/d/1Jej38dwkqOARMHvKaUfQeHME0pLqP9GE6vPZQMUxMcg/edit#gid=2102144361
season_005,Liga 2,12,person_pokebazi,PokeBazi,0.0000,,1000,42,https://docs.google.com/spreadsheets/d/1Jej38dwkqOARMHvKaUfQeHME0pLqP9GE6vPZQMUxMcg/edit#gid=2102144361
season_005,Liga 2,12,person_scoutley,Scoutley,0.0000,,1000,42,https://docs.google.com/spreadsheets/d/1Jej38dwkqOARMHvKaUfQeHME0pLqP9GE6vPZQMUxMcg/edit#gid=2102144361
season_005,Liga 2,12,person_stratocopter_tv,Stratocopter TV,0.0220,,1000,42,https://docs.google.com/spreadsheets/d/1Jej38dwkqOARMHvKaUfQeHME0pLqP9GE6vPZQMUxMcg/edit#gid=2102144361
season_005,Liga 2,13,person_asalakoren,Asalakoren,0.0000,,1000,42,https://docs.google.com/spreadsheets/d/1Jej38dwkqOARMHvKaUfQeHME0pLqP9GE6vPZQMUxMcg/edit#gid=2102144361
season_005,Liga 2,13,person_belmontgabriel,BelmontGabriel,0.4490,,1000,42,https://docs.google.com/spreadsheets/d/1Jej38dwkqOARMHvKaUfQeHME0pLqP9GE6vPZQMUxMcg/edit#gid=2102144361
season_005,Liga 2,13,person_blacklink,BlackLink,0.0000,,1000,42,https://docs.google.com/spreadsheets/d/1Jej38dwkqOARMHvKaUfQeHME0pLqP9GE6vPZQMUxMcg/edit#gid=2102144361
season_005,Liga 2,13,person_bravebird,BraveBird,0.1330,,1000,42,https://docs.google.com/spreadsheets/d/1Jej38dwkqOARMHvKaUfQeHME0pLqP9GE6vPZQMUxMcg/edit#gid=2102144361
season_005,Liga 2,13,person_craycom,Craycom,0.0000,,1000,42,https://docs.google.com/spreadsheets/d/1Jej38dwkqOARMHvKaUfQeHME0pLqP9GE6vPZQMUxMcg/edit#gid=2102144361
season_005,Liga 2,13,person_crowdcontroller,CrowdController,0.0170,,1000,42,https://docs.google.com/spreadsheets/d/1Jej38dwkqOARMHvKaUfQeHME0pLqP9GE6vPZQMUxMcg/edit#gid=2102144361
season_005,Liga 2,13,person_dauni_daunstar,Dauni,0.0000,,1000,42,https://docs.google.com/spreadsheets/d/1Jej38dwkqOARMHvKaUfQeHME0pLqP9GE6vPZQMUxMcg/edit#gid=2102144361
season_005,Liga 2,13,person_elektechn9ne,ElektechN9ne,0.3690,,1000,42,https://docs.google.com/spreadsheets/d/1Jej38dwkqOARMHvKaUfQeHME0pLqP9GE6vPZQMUxMcg/edit#gid=2102144361
season_005,Liga 2,13,person_oktopaul,Oktopaul,0.0000,,1000,42,https://docs.google.com/spreadsheets/d/1Jej38dwkqOARMHvKaUfQeHME0pLqP9GE6vPZQMUxMcg/edit#gid=2102144361
season_005,Liga 2,13,person_pokebazi,PokeBazi,0.0000,,1000,42,https://docs.google.com/spreadsheets/d/1Jej38dwkqOARMHvKaUfQeHME0pLqP9GE6vPZQMUxMcg/edit#gid=2102144361
season_005,Liga 2,13,person_scoutley,Scoutley,0.0000,,1000,42,https://docs.google.com/spreadsheets/d/1Jej38dwkqOARMHvKaUfQeHME0pLqP9GE6vPZQMUxMcg/edit#gid=2102144361
season_005,Liga 2,13,person_stratocopter_tv,Stratocopter TV,0.0320,,1000,42,https://docs.google.com/spreadsheets/d/1Jej38dwkqOARMHvKaUfQeHME0pLqP9GE6vPZQMUxMcg/edit#gid=2102144361
season_005,Liga 2,14,person_asalakoren,Asalakoren,0.0000,,1000,42,https://docs.google.com/spreadsheets/d/1Jej38dwkqOARMHvKaUfQeHME0pLqP9GE6vPZQMUxMcg/edit#gid=2102144361
season_005,Liga 2,14,person_belmontgabriel,BelmontGabriel,0.5330,,1000,42,https://docs.google.com/spreadsheets/d/1Jej38dwkqOARMHvKaUfQeHME0pLqP9GE6vPZQMUxMcg/edit#gid=2102144361
season_005,Liga 2,14,person_blacklink,BlackLink,0.0000,,1000,42,https://docs.google.com/spreadsheets/d/1Jej38dwkqOARMHvKaUfQeHME0pLqP9GE6vPZQMUxMcg/edit#gid=2102144361
season_005,Liga 2,14,person_bravebird,BraveBird,0.1400,,1000,42,https://docs.google.com/spreadsheets/d/1Jej38dwkqOARMHvKaUfQeHME0pLqP9GE6vPZQMUxMcg/edit#gid=2102144361
season_005,Liga 2,14,person_craycom,Craycom,0.0000,,1000,42,https://docs.google.com/spreadsheets/d/1Jej38dwkqOARMHvKaUfQeHME0pLqP9GE6vPZQMUxMcg/edit#gid=2102144361
season_005,Liga 2,14,person_crowdcontroller,CrowdController,0.0000,,1000,42,https://docs.google.com/spreadsheets/d/1Jej38dwkqOARMHvKaUfQeHME0pLqP9GE6vPZQMUxMcg/edit#gid=2102144361
season_005,Liga 2,14,person_dauni_daunstar,Dauni,0.0000,,1000,42,https://docs.google.com/spreadsheets/d/1Jej38dwkqOARMHvKaUfQeHME0pLqP9GE6vPZQMUxMcg/edit#gid=2102144361
season_005,Liga 2,14,person_elektechn9ne,ElektechN9ne,0.3270,,1000,42,https://docs.google.com/spreadsheets/d/1Jej38dwkqOARMHvKaUfQeHME0pLqP9GE6vPZQMUxMcg/edit#gid=2102144361
season_005,Liga 2,14,person_oktopaul,Oktopaul,0.0000,,1000,42,https://docs.google.com/spreadsheets/d/1Jej38dwkqOARMHvKaUfQeHME0pLqP9GE6vPZQMUxMcg/edit#gid=2102144361
season_005,Liga 2,14,person_pokebazi,PokeBazi,0.0000,,1000,42,https://docs.google.com/spreadsheets/d/1Jej38dwkqOARMHvKaUfQeHME0pLqP9GE6vPZQMUxMcg/edit#gid=2102144361
season_005,Liga 2,14,person_scoutley,Scoutley,0.0000,,1000,42,https://docs.google.com/spreadsheets/d/1Jej38dwkqOARMHvKaUfQeHME0pLqP9GE6vPZQMUxMcg/edit#gid=2102144361
season_005,Liga 2,14,person_stratocopter_tv,Stratocopter TV,0.0000,,1000,42,https://docs.google.com/spreadsheets/d/1Jej38dwkqOARMHvKaUfQeHME0pLqP9GE6vPZQMUxMcg/edit#gid=2102144361
season_005,Liga 2,15,person_asalakoren,Asalakoren,0.0000,,1000,42,https://docs.google.com/spreadsheets/d/1Jej38dwkqOARMHvKaUfQeHME0pLqP9GE6vPZQMUxMcg/edit#gid=2102144361
season_005,Liga 2,15,person_belmontgabriel,BelmontGabriel,0.5360,,1000,42,https://docs.google.com/spreadsheets/d/1Jej38dwkqOARMHvKaUfQeHME0pLqP9GE6vPZQMUxMcg/edit#gid=2102144361
season_005,Liga 2,15,person_blacklink,BlackLink,0.0000,,1000,42,https://docs.google.com/spreadsheets/d/1Jej38dwkqOARMHvKaUfQeHME0pLqP9GE6vPZQMUxMcg/edit#gid=2102144361
season_005,Liga 2,15,person_bravebird,BraveBird,0.1380,,1000,42,https://docs.google.com/spreadsheets/d/1Jej38dwkqOARMHvKaUfQeHME0pLqP9GE6vPZQMUxMcg/edit#gid=2102144361
season_005,Liga 2,15,person_craycom,Craycom,0.0000,,1000,42,https://docs.google.com/spreadsheets/d/1Jej38dwkqOARMHvKaUfQeHME0pLqP9GE6vPZQMUxMcg/edit#gid=2102144361
season_005,Liga 2,15,person_crowdcontroller,CrowdController,0.0000,,1000,42,https://docs.google.com/spreadsheets/d/1Jej38dwkqOARMHvKaUfQeHME0pLqP9GE6vPZQMUxMcg/edit#gid=2102144361
season_005,Liga 2,15,person_dauni_daunstar,Dauni,0.0000,,1000,42,https://docs.google.com/spreadsheets/d/1Jej38dwkqOARMHvKaUfQeHME0pLqP9GE6vPZQMUxMcg/edit#gid=2102144361
season_005,Liga 2,15,person_elektechn9ne,ElektechN9ne,0.3230,,1000,42,https://docs.google.com/spreadsheets/d/1Jej38dwkqOARMHvKaUfQeHME0pLqP9GE6vPZQMUxMcg/edit#gid=2102144361
season_005,Liga 2,15,person_oktopaul,Oktopaul,0.0000,,1000,42,https://docs.google.com/spreadsheets/d/1Jej38dwkqOARMHvKaUfQeHME0pLqP9GE6vPZQMUxMcg/edit#gid=2102144361
season_005,Liga 2,15,person_pokebazi,PokeBazi,0.0000,,1000,42,https://docs.google.com/spreadsheets/d/1Jej38dwkqOARMHvKaUfQeHME0pLqP9GE6vPZQMUxMcg/edit#gid=2102144361
season_005,Liga 2,15,person_scoutley,Scoutley,0.0000,,1000,42,https://docs.google.com/spreadsheets/d/1Jej38dwkqOARMHvKaUfQeHME0pLqP9GE6vPZQMUxMcg/edit#gid=2102144361
season_005,Liga 2,15,person_stratocopter_tv,Stratocopter TV,0.0030,,1000,42,https://docs.google.com/spreadsheets/d/1Jej38dwkqOARMHvKaUfQeHME0pLqP9GE6vPZQMUxMcg/edit#gid=2102144361
season_005,Liga 2,16,person_asalakoren,Asalakoren,0.0000,,1000,42,https://docs.google.com/spreadsheets/d/1Jej38dwkqOARMHvKaUfQeHME0pLqP9GE6vPZQMUxMcg/edit#gid=2102144361
season_005,Liga 2,16,person_belmontgabriel,BelmontGabriel,0.5250,,1000,42,https://docs.google.com/spreadsheets/d/1Jej38dwkqOARMHvKaUfQeHME0pLqP9GE6vPZQMUxMcg/edit#gid=2102144361
season_005,Liga 2,16,person_blacklink,BlackLink,0.0000,,1000,42,https://docs.google.com/spreadsheets/d/1Jej38dwkqOARMHvKaUfQeHME0pLqP9GE6vPZQMUxMcg/edit#gid=2102144361
season_005,Liga 2,16,person_bravebird,BraveBird,0.1250,,1000,42,https://docs.google.com/spreadsheets/d/1Jej38dwkqOARMHvKaUfQeHME0pLqP9GE6vPZQMUxMcg/edit#gid=2102144361
season_005,Liga 2,16,person_craycom,Craycom,0.0000,,1000,42,https://docs.google.com/spreadsheets/d/1Jej38dwkqOARMHvKaUfQeHME0pLqP9GE6vPZQMUxMcg/edit#gid=2102144361
season_005,Liga 2,16,person_crowdcontroller,CrowdController,0.0000,,1000,42,https://docs.google.com/spreadsheets/d/1Jej38dwkqOARMHvKaUfQeHME0pLqP9GE6vPZQMUxMcg/edit#gid=2102144361
season_005,Liga 2,16,person_dauni_daunstar,Dauni,0.0000,,1000,42,https://docs.google.com/spreadsheets/d/1Jej38dwkqOARMHvKaUfQeHME0pLqP9GE6vPZQMUxMcg/edit#gid=2102144361
season_005,Liga 2,16,person_elektechn9ne,ElektechN9ne,0.3500,,1000,42,https://docs.google.com/spreadsheets/d/1Jej38dwkqOARMHvKaUfQeHME0pLqP9GE6vPZQMUxMcg/edit#gid=2102144361
season_005,Liga 2,16,person_oktopaul,Oktopaul,0.0000,,1000,42,https://docs.google.com/spreadsheets/d/1Jej38dwkqOARMHvKaUfQeHME0pLqP9GE6vPZQMUxMcg/edit#gid=2102144361
season_005,Liga 2,16,person_pokebazi,PokeBazi,0.0000,,1000,42,https://docs.google.com/spreadsheets/d/1Jej38dwkqOARMHvKaUfQeHME0pLqP9GE6vPZQMUxMcg/edit#gid=2102144361
season_005,Liga 2,16,person_scoutley,Scoutley,0.0000,,1000,42,https://docs.google.com/spreadsheets/d/1Jej38dwkqOARMHvKaUfQeHME0pLqP9GE6vPZQMUxMcg/edit#gid=2102144361
season_005,Liga 2,16,person_stratocopter_tv,Stratocopter TV,0.0000,,1000,42,https://docs.google.com/spreadsheets/d/1Jej38dwkqOARMHvKaUfQeHME0pLqP9GE6vPZQMUxMcg/edit#gid=2102144361
season_005,Liga 2,17,person_asalakoren,Asalakoren,0.0000,,1000,42,https://docs.google.com/spreadsheets/d/1Jej38dwkqOARMHvKaUfQeHME0pLqP9GE6vPZQMUxMcg/edit#gid=2102144361
season_005,Liga 2,17,person_belmontgabriel,BelmontGabriel,0.6880,,1000,42,https://docs.google.com/spreadsheets/d/1Jej38dwkqOARMHvKaUfQeHME0pLqP9GE6vPZQMUxMcg/edit#gid=2102144361
season_005,Liga 2,17,person_blacklink,BlackLink,0.0000,,1000,42,https://docs.google.com/spreadsheets/d/1Jej38dwkqOARMHvKaUfQeHME0pLqP9GE6vPZQMUxMcg/edit#gid=2102144361
season_005,Liga 2,17,person_bravebird,BraveBird,0.0050,,1000,42,https://docs.google.com/spreadsheets/d/1Jej38dwkqOARMHvKaUfQeHME0pLqP9GE6vPZQMUxMcg/edit#gid=2102144361
season_005,Liga 2,17,person_craycom,Craycom,0.0000,,1000,42,https://docs.google.com/spreadsheets/d/1Jej38dwkqOARMHvKaUfQeHME0pLqP9GE6vPZQMUxMcg/edit#gid=2102144361
season_005,Liga 2,17,person_crowdcontroller,CrowdController,0.0000,,1000,42,https://docs.google.com/spreadsheets/d/1Jej38dwkqOARMHvKaUfQeHME0pLqP9GE6vPZQMUxMcg/edit#gid=2102144361
season_005,Liga 2,17,person_dauni_daunstar,Dauni,0.0000,,1000,42,https://docs.google.com/spreadsheets/d/1Jej38dwkqOARMHvKaUfQeHME0pLqP9GE6vPZQMUxMcg/edit#gid=2102144361
season_005,Liga 2,17,person_elektechn9ne,ElektechN9ne,0.3070,,1000,42,https://docs.google.com/spreadsheets/d/1Jej38dwkqOARMHvKaUfQeHME0pLqP9GE6vPZQMUxMcg/edit#gid=2102144361
season_005,Liga 2,17,person_oktopaul,Oktopaul,0.0000,,1000,42,https://docs.google.com/spreadsheets/d/1Jej38dwkqOARMHvKaUfQeHME0pLqP9GE6vPZQMUxMcg/edit#gid=2102144361
season_005,Liga 2,17,person_pokebazi,PokeBazi,0.0000,,1000,42,https://docs.google.com/spreadsheets/d/1Jej38dwkqOARMHvKaUfQeHME0pLqP9GE6vPZQMUxMcg/edit#gid=2102144361
season_005,Liga 2,17,person_scoutley,Scoutley,0.0000,,1000,42,https://docs.google.com/spreadsheets/d/1Jej38dwkqOARMHvKaUfQeHME0pLqP9GE6vPZQMUxMcg/edit#gid=2102144361
season_005,Liga 2,17,person_stratocopter_tv,Stratocopter TV,0.0000,,1000,42,https://docs.google.com/spreadsheets/d/1Jej38dwkqOARMHvKaUfQeHME0pLqP9GE6vPZQMUxMcg/edit#gid=2102144361
season_005,Liga 2,18,person_asalakoren,Asalakoren,0.0000,,1000,42,https://docs.google.com/spreadsheets/d/1Jej38dwkqOARMHvKaUfQeHME0pLqP9GE6vPZQMUxMcg/edit#gid=2102144361
season_005,Liga 2,18,person_belmontgabriel,BelmontGabriel,0.8970,,1000,42,https://docs.google.com/spreadsheets/d/1Jej38dwkqOARMHvKaUfQeHME0pLqP9GE6vPZQMUxMcg/edit#gid=2102144361
season_005,Liga 2,18,person_blacklink,BlackLink,0.0000,,1000,42,https://docs.google.com/spreadsheets/d/1Jej38dwkqOARMHvKaUfQeHME0pLqP9GE6vPZQMUxMcg/edit#gid=2102144361
season_005,Liga 2,18,person_bravebird,BraveBird,0.0070,,1000,42,https://docs.google.com/spreadsheets/d/1Jej38dwkqOARMHvKaUfQeHME0pLqP9GE6vPZQMUxMcg/edit#gid=2102144361
season_005,Liga 2,18,person_craycom,Craycom,0.0000,,1000,42,https://docs.google.com/spreadsheets/d/1Jej38dwkqOARMHvKaUfQeHME0pLqP9GE6vPZQMUxMcg/edit#gid=2102144361
season_005,Liga 2,18,person_crowdcontroller,CrowdController,0.0000,,1000,42,https://docs.google.com/spreadsheets/d/1Jej38dwkqOARMHvKaUfQeHME0pLqP9GE6vPZQMUxMcg/edit#gid=2102144361
season_005,Liga 2,18,person_dauni_daunstar,Dauni,0.0000,,1000,42,https://docs.google.com/spreadsheets/d/1Jej38dwkqOARMHvKaUfQeHME0pLqP9GE6vPZQMUxMcg/edit#gid=2102144361
season_005,Liga 2,18,person_elektechn9ne,ElektechN9ne,0.0960,,1000,42,https://docs.google.com/spreadsheets/d/1Jej38dwkqOARMHvKaUfQeHME0pLqP9GE6vPZQMUxMcg/edit#gid=2102144361
season_005,Liga 2,18,person_oktopaul,Oktopaul,0.0000,,1000,42,https://docs.google.com/spreadsheets/d/1Jej38dwkqOARMHvKaUfQeHME0pLqP9GE6vPZQMUxMcg/edit#gid=2102144361
season_005,Liga 2,18,person_pokebazi,PokeBazi,0.0000,,1000,42,https://docs.google.com/spreadsheets/d/1Jej38dwkqOARMHvKaUfQeHME0pLqP9GE6vPZQMUxMcg/edit#gid=2102144361
season_005,Liga 2,18,person_scoutley,Scoutley,0.0000,,1000,42,https://docs.google.com/spreadsheets/d/1Jej38dwkqOARMHvKaUfQeHME0pLqP9GE6vPZQMUxMcg/edit#gid=2102144361
season_005,Liga 2,18,person_stratocopter_tv,Stratocopter TV,0.0000,,1000,42,https://docs.google.com/spreadsheets/d/1Jej38dwkqOARMHvKaUfQeHME0pLqP9GE6vPZQMUxMcg/edit#gid=2102144361
season_005,Liga 2,19,person_asalakoren,Asalakoren,0.0000,,1000,42,https://docs.google.com/spreadsheets/d/1Jej38dwkqOARMHvKaUfQeHME0pLqP9GE6vPZQMUxMcg/edit#gid=2102144361
season_005,Liga 2,19,person_belmontgabriel,BelmontGabriel,0.9180,,1000,42,https://docs.google.com/spreadsheets/d/1Jej38dwkqOARMHvKaUfQeHME0pLqP9GE6vPZQMUxMcg/edit#gid=2102144361
season_005,Liga 2,19,person_blacklink,BlackLink,0.0000,,1000,42,https://docs.google.com/spreadsheets/d/1Jej38dwkqOARMHvKaUfQeHME0pLqP9GE6vPZQMUxMcg/edit#gid=2102144361
season_005,Liga 2,19,person_bravebird,BraveBird,0.0000,,1000,42,https://docs.google.com/spreadsheets/d/1Jej38dwkqOARMHvKaUfQeHME0pLqP9GE6vPZQMUxMcg/edit#gid=2102144361
season_005,Liga 2,19,person_craycom,Craycom,0.0000,,1000,42,https://docs.google.com/spreadsheets/d/1Jej38dwkqOARMHvKaUfQeHME0pLqP9GE6vPZQMUxMcg/edit#gid=2102144361
season_005,Liga 2,19,person_crowdcontroller,CrowdController,0.0000,,1000,42,https://docs.google.com/spreadsheets/d/1Jej38dwkqOARMHvKaUfQeHME0pLqP9GE6vPZQMUxMcg/edit#gid=2102144361
season_005,Liga 2,19,person_dauni_daunstar,Dauni,0.0000,,1000,42,https://docs.google.com/spreadsheets/d/1Jej38dwkqOARMHvKaUfQeHME0pLqP9GE6vPZQMUxMcg/edit#gid=2102144361
season_005,Liga 2,19,person_elektechn9ne,ElektechN9ne,0.0820,,1000,42,https://docs.google.com/spreadsheets/d/1Jej38dwkqOARMHvKaUfQeHME0pLqP9GE6vPZQMUxMcg/edit#gid=2102144361
season_005,Liga 2,19,person_oktopaul,Oktopaul,0.0000,,1000,42,https://docs.google.com/spreadsheets/d/1Jej38dwkqOARMHvKaUfQeHME0pLqP9GE6vPZQMUxMcg/edit#gid=2102144361
season_005,Liga 2,19,person_pokebazi,PokeBazi,0.0000,,1000,42,https://docs.google.com/spreadsheets/d/1Jej38dwkqOARMHvKaUfQeHME0pLqP9GE6vPZQMUxMcg/edit#gid=2102144361
season_005,Liga 2,19,person_scoutley,Scoutley,0.0000,,1000,42,https://docs.google.com/spreadsheets/d/1Jej38dwkqOARMHvKaUfQeHME0pLqP9GE6vPZQMUxMcg/edit#gid=2102144361
season_005,Liga 2,19,person_stratocopter_tv,Stratocopter TV,0.0000,,1000,42,https://docs.google.com/spreadsheets/d/1Jej38dwkqOARMHvKaUfQeHME0pLqP9GE6vPZQMUxMcg/edit#gid=2102144361
season_005,Liga 2,20,person_asalakoren,Asalakoren,0.0000,,1000,42,https://docs.google.com/spreadsheets/d/1Jej38dwkqOARMHvKaUfQeHME0pLqP9GE6vPZQMUxMcg/edit#gid=2102144361
season_005,Liga 2,20,person_belmontgabriel,BelmontGabriel,1.0000,,1000,42,https://docs.google.com/spreadsheets/d/1Jej38dwkqOARMHvKaUfQeHME0pLqP9GE6vPZQMUxMcg/edit#gid=2102144361
season_005,Liga 2,20,person_blacklink,BlackLink,0.0000,,1000,42,https://docs.google.com/spreadsheets/d/1Jej38dwkqOARMHvKaUfQeHME0pLqP9GE6vPZQMUxMcg/edit#gid=2102144361
season_005,Liga 2,20,person_bravebird,BraveBird,0.0000,,1000,42,https://docs.google.com/spreadsheets/d/1Jej38dwkqOARMHvKaUfQeHME0pLqP9GE6vPZQMUxMcg/edit#gid=2102144361
season_005,Liga 2,20,person_craycom,Craycom,0.0000,,1000,42,https://docs.google.com/spreadsheets/d/1Jej38dwkqOARMHvKaUfQeHME0pLqP9GE6vPZQMUxMcg/edit#gid=2102144361
season_005,Liga 2,20,person_crowdcontroller,CrowdController,0.0000,,1000,42,https://docs.google.com/spreadsheets/d/1Jej38dwkqOARMHvKaUfQeHME0pLqP9GE6vPZQMUxMcg/edit#gid=2102144361
season_005,Liga 2,20,person_dauni_daunstar,Dauni,0.0000,,1000,42,https://docs.google.com/spreadsheets/d/1Jej38dwkqOARMHvKaUfQeHME0pLqP9GE6vPZQMUxMcg/edit#gid=2102144361
season_005,Liga 2,20,person_elektechn9ne,ElektechN9ne,0.0000,,1000,42,https://docs.google.com/spreadsheets/d/1Jej38dwkqOARMHvKaUfQeHME0pLqP9GE6vPZQMUxMcg/edit#gid=2102144361
season_005,Liga 2,20,person_oktopaul,Oktopaul,0.0000,,1000,42,https://docs.google.com/spreadsheets/d/1Jej38dwkqOARMHvKaUfQeHME0pLqP9GE6vPZQMUxMcg/edit#gid=2102144361
season_005,Liga 2,20,person_pokebazi,PokeBazi,0.0000,,1000,42,https://docs.google.com/spreadsheets/d/1Jej38dwkqOARMHvKaUfQeHME0pLqP9GE6vPZQMUxMcg/edit#gid=2102144361
season_005,Liga 2,20,person_scoutley,Scoutley,0.0000,,1000,42,https://docs.google.com/spreadsheets/d/1Jej38dwkqOARMHvKaUfQeHME0pLqP9GE6vPZQMUxMcg/edit#gid=2102144361
season_005,Liga 2,20,person_stratocopter_tv,Stratocopter TV,0.0000,,1000,42,https://docs.google.com/spreadsheets/d/1Jej38dwkqOARMHvKaUfQeHME0pLqP9GE6vPZQMUxMcg/edit#gid=2102144361
season_005,Liga 2,21,person_asalakoren,Asalakoren,0.0000,,1000,42,https://docs.google.com/spreadsheets/d/1Jej38dwkqOARMHvKaUfQeHME0pLqP9GE6vPZQMUxMcg/edit#gid=2102144361
season_005,Liga 2,21,person_belmontgabriel,BelmontGabriel,1.0000,,1000,42,https://docs.google.com/spreadsheets/d/1Jej38dwkqOARMHvKaUfQeHME0pLqP9GE6vPZQMUxMcg/edit#gid=2102144361
season_005,Liga 2,21,person_blacklink,BlackLink,0.0000,,1000,42,https://docs.google.com/spreadsheets/d/1Jej38dwkqOARMHvKaUfQeHME0pLqP9GE6vPZQMUxMcg/edit#gid=2102144361
season_005,Liga 2,21,person_bravebird,BraveBird,0.0000,,1000,42,https://docs.google.com/spreadsheets/d/1Jej38dwkqOARMHvKaUfQeHME0pLqP9GE6vPZQMUxMcg/edit#gid=2102144361
season_005,Liga 2,21,person_craycom,Craycom,0.0000,,1000,42,https://docs.google.com/spreadsheets/d/1Jej38dwkqOARMHvKaUfQeHME0pLqP9GE6vPZQMUxMcg/edit#gid=2102144361
season_005,Liga 2,21,person_crowdcontroller,CrowdController,0.0000,,1000,42,https://docs.google.com/spreadsheets/d/1Jej38dwkqOARMHvKaUfQeHME0pLqP9GE6vPZQMUxMcg/edit#gid=2102144361
season_005,Liga 2,21,person_dauni_daunstar,Dauni,0.0000,,1000,42,https://docs.google.com/spreadsheets/d/1Jej38dwkqOARMHvKaUfQeHME0pLqP9GE6vPZQMUxMcg/edit#gid=2102144361
season_005,Liga 2,21,person_elektechn9ne,ElektechN9ne,0.0000,,1000,42,https://docs.google.com/spreadsheets/d/1Jej38dwkqOARMHvKaUfQeHME0pLqP9GE6vPZQMUxMcg/edit#gid=2102144361
season_005,Liga 2,21,person_oktopaul,Oktopaul,0.0000,,1000,42,https://docs.google.com/spreadsheets/d/1Jej38dwkqOARMHvKaUfQeHME0pLqP9GE6vPZQMUxMcg/edit#gid=2102144361
season_005,Liga 2,21,person_pokebazi,PokeBazi,0.0000,,1000,42,https://docs.google.com/spreadsheets/d/1Jej38dwkqOARMHvKaUfQeHME0pLqP9GE6vPZQMUxMcg/edit#gid=2102144361
season_005,Liga 2,21,person_scoutley,Scoutley,0.0000,,1000,42,https://docs.google.com/spreadsheets/d/1Jej38dwkqOARMHvKaUfQeHME0pLqP9GE6vPZQMUxMcg/edit#gid=2102144361
season_005,Liga 2,21,person_stratocopter_tv,Stratocopter TV,0.0000,,1000,42,https://docs.google.com/spreadsheets/d/1Jej38dwkqOARMHvKaUfQeHME0pLqP9GE6vPZQMUxMcg/edit#gid=2102144361
season_005,Liga 2,22,person_asalakoren,Asalakoren,0.0000,,1000,42,https://docs.google.com/spreadsheets/d/1Jej38dwkqOARMHvKaUfQeHME0pLqP9GE6vPZQMUxMcg/edit#gid=2102144361
season_005,Liga 2,22,person_belmontgabriel,BelmontGabriel,1.0000,,1000,42,https://docs.google.com/spreadsheets/d/1Jej38dwkqOARMHvKaUfQeHME0pLqP9GE6vPZQMUxMcg/edit#gid=2102144361
season_005,Liga 2,22,person_blacklink,BlackLink,0.0000,,1000,42,https://docs.google.com/spreadsheets/d/1Jej38dwkqOARMHvKaUfQeHME0pLqP9GE6vPZQMUxMcg/edit#gid=2102144361
season_005,Liga 2,22,person_bravebird,BraveBird,0.0000,,1000,42,https://docs.google.com/spreadsheets/d/1Jej38dwkqOARMHvKaUfQeHME0pLqP9GE6vPZQMUxMcg/edit#gid=2102144361
season_005,Liga 2,22,person_craycom,Craycom,0.0000,,1000,42,https://docs.google.com/spreadsheets/d/1Jej38dwkqOARMHvKaUfQeHME0pLqP9GE6vPZQMUxMcg/edit#gid=2102144361
season_005,Liga 2,22,person_crowdcontroller,CrowdController,0.0000,,1000,42,https://docs.google.com/spreadsheets/d/1Jej38dwkqOARMHvKaUfQeHME0pLqP9GE6vPZQMUxMcg/edit#gid=2102144361
season_005,Liga 2,22,person_dauni_daunstar,Dauni,0.0000,,1000,42,https://docs.google.com/spreadsheets/d/1Jej38dwkqOARMHvKaUfQeHME0pLqP9GE6vPZQMUxMcg/edit#gid=2102144361
season_005,Liga 2,22,person_elektechn9ne,ElektechN9ne,0.0000,,1000,42,https://docs.google.com/spreadsheets/d/1Jej38dwkqOARMHvKaUfQeHME0pLqP9GE6vPZQMUxMcg/edit#gid=2102144361
season_005,Liga 2,22,person_oktopaul,Oktopaul,0.0000,,1000,42,https://docs.google.com/spreadsheets/d/1Jej38dwkqOARMHvKaUfQeHME0pLqP9GE6vPZQMUxMcg/edit#gid=2102144361
season_005,Liga 2,22,person_pokebazi,PokeBazi,0.0000,,1000,42,https://docs.google.com/spreadsheets/d/1Jej38dwkqOARMHvKaUfQeHME0pLqP9GE6vPZQMUxMcg/edit#gid=2102144361
season_005,Liga 2,22,person_scoutley,Scoutley,0.0000,,1000,42,https://docs.google.com/spreadsheets/d/1Jej38dwkqOARMHvKaUfQeHME0pLqP9GE6vPZQMUxMcg/edit#gid=2102144361
season_005,Liga 2,22,person_stratocopter_tv,Stratocopter TV,0.0000,,1000,42,https://docs.google.com/spreadsheets/d/1Jej38dwkqOARMHvKaUfQeHME0pLqP9GE6vPZQMUxMcg/edit#gid=2102144361
season_006,Moon Conference,1,person_art_n_gaming,Art'n'Gaming,0.0060,0.5140,1000,42,https://docs.google.com/spreadsheets/d/11wxsKyCydVmDjp4kGLJAOLPM_LgwCLN2GYpbDQkNtkk/edit#gid=1758213758
season_006,Moon Conference,1,person_belmontgabriel,BelmontGabriel,0.2210,0.9320,1000,42,https://docs.google.com/spreadsheets/d/11wxsKyCydVmDjp4kGLJAOLPM_LgwCLN2GYpbDQkNtkk/edit#gid=1758213758
season_006,Moon Conference,1,person_bene,Bene,0.4870,0.9890,1000,42,https://docs.google.com/spreadsheets/d/11wxsKyCydVmDjp4kGLJAOLPM_LgwCLN2GYpbDQkNtkk/edit#gid=1758213758
season_006,Moon Conference,1,person_captaincrinch,CaptainCrinch,0.0110,0.4580,1000,42,https://docs.google.com/spreadsheets/d/11wxsKyCydVmDjp4kGLJAOLPM_LgwCLN2GYpbDQkNtkk/edit#gid=1758213758
season_006,Moon Conference,1,person_craycom,Craycom,0.0000,0.0540,1000,42,https://docs.google.com/spreadsheets/d/11wxsKyCydVmDjp4kGLJAOLPM_LgwCLN2GYpbDQkNtkk/edit#gid=1758213758
season_006,Moon Conference,1,person_dauni_daunstar,Dauni,0.0210,0.6290,1000,42,https://docs.google.com/spreadsheets/d/11wxsKyCydVmDjp4kGLJAOLPM_LgwCLN2GYpbDQkNtkk/edit#gid=1758213758
season_006,Moon Conference,1,person_elektechn9ne,ElektechN9ne,0.1360,0.8360,1000,42,https://docs.google.com/spreadsheets/d/11wxsKyCydVmDjp4kGLJAOLPM_LgwCLN2GYpbDQkNtkk/edit#gid=1758213758
season_006,Moon Conference,1,person_fnupa,Cabgolord,0.0000,0.0580,1000,42,https://docs.google.com/spreadsheets/d/11wxsKyCydVmDjp4kGLJAOLPM_LgwCLN2GYpbDQkNtkk/edit#gid=1758213758
season_006,Moon Conference,1,person_nestfloh,Nestfloh,0.0020,0.1680,1000,42,https://docs.google.com/spreadsheets/d/11wxsKyCydVmDjp4kGLJAOLPM_LgwCLN2GYpbDQkNtkk/edit#gid=1758213758
season_006,Moon Conference,1,person_regibang,RegiBang,0.0070,0.4010,1000,42,https://docs.google.com/spreadsheets/d/11wxsKyCydVmDjp4kGLJAOLPM_LgwCLN2GYpbDQkNtkk/edit#gid=1758213758
season_006,Moon Conference,1,person_stratocopter_tv,Stratocopter TV,0.0020,0.1170,1000,42,https://docs.google.com/spreadsheets/d/11wxsKyCydVmDjp4kGLJAOLPM_LgwCLN2GYpbDQkNtkk/edit#gid=1758213758
season_006,Moon Conference,1,person_tabasco_tv,Tabasco TV,0.1070,0.8440,1000,42,https://docs.google.com/spreadsheets/d/11wxsKyCydVmDjp4kGLJAOLPM_LgwCLN2GYpbDQkNtkk/edit#gid=1758213758
season_006,Moon Conference,2,person_art_n_gaming,Art'n'Gaming,0.0030,0.3610,1000,42,https://docs.google.com/spreadsheets/d/11wxsKyCydVmDjp4kGLJAOLPM_LgwCLN2GYpbDQkNtkk/edit#gid=1758213758
season_006,Moon Conference,2,person_belmontgabriel,BelmontGabriel,0.4310,0.9870,1000,42,https://docs.google.com/spreadsheets/d/11wxsKyCydVmDjp4kGLJAOLPM_LgwCLN2GYpbDQkNtkk/edit#gid=1758213758
season_006,Moon Conference,2,person_bene,Bene,0.2280,0.9750,1000,42,https://docs.google.com/spreadsheets/d/11wxsKyCydVmDjp4kGLJAOLPM_LgwCLN2GYpbDQkNtkk/edit#gid=1758213758
season_006,Moon Conference,2,person_captaincrinch,CaptainCrinch,0.0150,0.6270,1000,42,https://docs.google.com/spreadsheets/d/11wxsKyCydVmDjp4kGLJAOLPM_LgwCLN2GYpbDQkNtkk/edit#gid=1758213758
season_006,Moon Conference,2,person_craycom,Craycom,0.0000,0.0220,1000,42,https://docs.google.com/spreadsheets/d/11wxsKyCydVmDjp4kGLJAOLPM_LgwCLN2GYpbDQkNtkk/edit#gid=1758213758
season_006,Moon Conference,2,person_dauni_daunstar,Dauni,0.0040,0.3990,1000,42,https://docs.google.com/spreadsheets/d/11wxsKyCydVmDjp4kGLJAOLPM_LgwCLN2GYpbDQkNtkk/edit#gid=1758213758
season_006,Moon Conference,2,person_elektechn9ne,ElektechN9ne,0.2880,0.9380,1000,42,https://docs.google.com/spreadsheets/d/11wxsKyCydVmDjp4kGLJAOLPM_LgwCLN2GYpbDQkNtkk/edit#gid=1758213758
season_006,Moon Conference,2,person_fnupa,Cabgolord,0.0010,0.1530,1000,42,https://docs.google.com/spreadsheets/d/11wxsKyCydVmDjp4kGLJAOLPM_LgwCLN2GYpbDQkNtkk/edit#gid=1758213758
season_006,Moon Conference,2,person_nestfloh,Nestfloh,0.0020,0.2780,1000,42,https://docs.google.com/spreadsheets/d/11wxsKyCydVmDjp4kGLJAOLPM_LgwCLN2GYpbDQkNtkk/edit#gid=1758213758
season_006,Moon Conference,2,person_regibang,RegiBang,0.0000,0.2150,1000,42,https://docs.google.com/spreadsheets/d/11wxsKyCydVmDjp4kGLJAOLPM_LgwCLN2GYpbDQkNtkk/edit#gid=1758213758
season_006,Moon Conference,2,person_stratocopter_tv,Stratocopter TV,0.0020,0.3170,1000,42,https://docs.google.com/spreadsheets/d/11wxsKyCydVmDjp4kGLJAOLPM_LgwCLN2GYpbDQkNtkk/edit#gid=1758213758
season_006,Moon Conference,2,person_tabasco_tv,Tabasco TV,0.0260,0.7280,1000,42,https://docs.google.com/spreadsheets/d/11wxsKyCydVmDjp4kGLJAOLPM_LgwCLN2GYpbDQkNtkk/edit#gid=1758213758
season_006,Moon Conference,3,person_art_n_gaming,Art'n'Gaming,0.0100,0.6210,1000,42,https://docs.google.com/spreadsheets/d/11wxsKyCydVmDjp4kGLJAOLPM_LgwCLN2GYpbDQkNtkk/edit#gid=1758213758
season_006,Moon Conference,3,person_belmontgabriel,BelmontGabriel,0.6860,0.9920,1000,42,https://docs.google.com/spreadsheets/d/11wxsKyCydVmDjp4kGLJAOLPM_LgwCLN2GYpbDQkNtkk/edit#gid=1758213758
season_006,Moon Conference,3,person_bene,Bene,0.2320,0.9880,1000,42,https://docs.google.com/spreadsheets/d/11wxsKyCydVmDjp4kGLJAOLPM_LgwCLN2GYpbDQkNtkk/edit#gid=1758213758
season_006,Moon Conference,3,person_captaincrinch,CaptainCrinch,0.0050,0.4460,1000,42,https://docs.google.com/spreadsheets/d/11wxsKyCydVmDjp4kGLJAOLPM_LgwCLN2GYpbDQkNtkk/edit#gid=1758213758
season_006,Moon Conference,3,person_craycom,Craycom,0.0000,0.0730,1000,42,https://docs.google.com/spreadsheets/d/11wxsKyCydVmDjp4kGLJAOLPM_LgwCLN2GYpbDQkNtkk/edit#gid=1758213758
season_006,Moon Conference,3,person_dauni_daunstar,Dauni,0.0000,0.2050,1000,42,https://docs.google.com/spreadsheets/d/11wxsKyCydVmDjp4kGLJAOLPM_LgwCLN2GYpbDQkNtkk/edit#gid=1758213758
season_006,Moon Conference,3,person_elektechn9ne,ElektechN9ne,0.0320,0.9070,1000,42,https://docs.google.com/spreadsheets/d/11wxsKyCydVmDjp4kGLJAOLPM_LgwCLN2GYpbDQkNtkk/edit#gid=1758213758
season_006,Moon Conference,3,person_fnupa,Cabgolord,0.0000,0.1090,1000,42,https://docs.google.com/spreadsheets/d/11wxsKyCydVmDjp4kGLJAOLPM_LgwCLN2GYpbDQkNtkk/edit#gid=1758213758
season_006,Moon Conference,3,person_nestfloh,Nestfloh,0.0050,0.5630,1000,42,https://docs.google.com/spreadsheets/d/11wxsKyCydVmDjp4kGLJAOLPM_LgwCLN2GYpbDQkNtkk/edit#gid=1758213758
season_006,Moon Conference,3,person_regibang,RegiBang,0.0010,0.1040,1000,42,https://docs.google.com/spreadsheets/d/11wxsKyCydVmDjp4kGLJAOLPM_LgwCLN2GYpbDQkNtkk/edit#gid=1758213758
season_006,Moon Conference,3,person_stratocopter_tv,Stratocopter TV,0.0000,0.1230,1000,42,https://docs.google.com/spreadsheets/d/11wxsKyCydVmDjp4kGLJAOLPM_LgwCLN2GYpbDQkNtkk/edit#gid=1758213758
season_006,Moon Conference,3,person_tabasco_tv,Tabasco TV,0.0290,0.8690,1000,42,https://docs.google.com/spreadsheets/d/11wxsKyCydVmDjp4kGLJAOLPM_LgwCLN2GYpbDQkNtkk/edit#gid=1758213758
season_006,Moon Conference,4,person_art_n_gaming,Art'n'Gaming,0.0180,0.7250,1000,42,https://docs.google.com/spreadsheets/d/11wxsKyCydVmDjp4kGLJAOLPM_LgwCLN2GYpbDQkNtkk/edit#gid=1758213758
season_006,Moon Conference,4,person_belmontgabriel,BelmontGabriel,0.2340,0.9790,1000,42,https://docs.google.com/spreadsheets/d/11wxsKyCydVmDjp4kGLJAOLPM_LgwCLN2GYpbDQkNtkk/edit#gid=1758213758
season_006,Moon Conference,4,person_bene,Bene,0.6760,0.9920,1000,42,https://docs.google.com/spreadsheets/d/11wxsKyCydVmDjp4kGLJAOLPM_LgwCLN2GYpbDQkNtkk/edit#gid=1758213758
season_006,Moon Conference,4,person_captaincrinch,CaptainCrinch,0.0060,0.5760,1000,42,https://docs.google.com/spreadsheets/d/11wxsKyCydVmDjp4kGLJAOLPM_LgwCLN2GYpbDQkNtkk/edit#gid=1758213758
season_006,Moon Conference,4,person_craycom,Craycom,0.0000,0.0200,1000,42,https://docs.google.com/spreadsheets/d/11wxsKyCydVmDjp4kGLJAOLPM_LgwCLN2GYpbDQkNtkk/edit#gid=1758213758
season_006,Moon Conference,4,person_dauni_daunstar,Dauni,0.0030,0.4240,1000,42,https://docs.google.com/spreadsheets/d/11wxsKyCydVmDjp4kGLJAOLPM_LgwCLN2GYpbDQkNtkk/edit#gid=1758213758
season_006,Moon Conference,4,person_elektechn9ne,ElektechN9ne,0.0200,0.7470,1000,42,https://docs.google.com/spreadsheets/d/11wxsKyCydVmDjp4kGLJAOLPM_LgwCLN2GYpbDQkNtkk/edit#gid=1758213758
season_006,Moon Conference,4,person_fnupa,Cabgolord,0.0000,0.0330,1000,42,https://docs.google.com/spreadsheets/d/11wxsKyCydVmDjp4kGLJAOLPM_LgwCLN2GYpbDQkNtkk/edit#gid=1758213758
season_006,Moon Conference,4,person_nestfloh,Nestfloh,0.0340,0.7830,1000,42,https://docs.google.com/spreadsheets/d/11wxsKyCydVmDjp4kGLJAOLPM_LgwCLN2GYpbDQkNtkk/edit#gid=1758213758
season_006,Moon Conference,4,person_regibang,RegiBang,0.0000,0.1780,1000,42,https://docs.google.com/spreadsheets/d/11wxsKyCydVmDjp4kGLJAOLPM_LgwCLN2GYpbDQkNtkk/edit#gid=1758213758
season_006,Moon Conference,4,person_stratocopter_tv,Stratocopter TV,0.0000,0.0260,1000,42,https://docs.google.com/spreadsheets/d/11wxsKyCydVmDjp4kGLJAOLPM_LgwCLN2GYpbDQkNtkk/edit#gid=1758213758
season_006,Moon Conference,4,person_tabasco_tv,Tabasco TV,0.0090,0.5170,1000,42,https://docs.google.com/spreadsheets/d/11wxsKyCydVmDjp4kGLJAOLPM_LgwCLN2GYpbDQkNtkk/edit#gid=1758213758
season_006,Moon Conference,5,person_art_n_gaming,Art'n'Gaming,0.0270,0.8730,1000,42,https://docs.google.com/spreadsheets/d/11wxsKyCydVmDjp4kGLJAOLPM_LgwCLN2GYpbDQkNtkk/edit#gid=1758213758
season_006,Moon Conference,5,person_belmontgabriel,BelmontGabriel,0.1990,0.9920,1000,42,https://docs.google.com/spreadsheets/d/11wxsKyCydVmDjp4kGLJAOLPM_LgwCLN2GYpbDQkNtkk/edit#gid=1758213758
season_006,Moon Conference,5,person_bene,Bene,0.7500,1.0000,1000,42,https://docs.google.com/spreadsheets/d/11wxsKyCydVmDjp4kGLJAOLPM_LgwCLN2GYpbDQkNtkk/edit#gid=1758213758
season_006,Moon Conference,5,person_captaincrinch,CaptainCrinch,0.0000,0.3440,1000,42,https://docs.google.com/spreadsheets/d/11wxsKyCydVmDjp4kGLJAOLPM_LgwCLN2GYpbDQkNtkk/edit#gid=1758213758
season_006,Moon Conference,5,person_craycom,Craycom,0.0000,0.0050,1000,42,https://docs.google.com/spreadsheets/d/11wxsKyCydVmDjp4kGLJAOLPM_LgwCLN2GYpbDQkNtkk/edit#gid=1758213758
season_006,Moon Conference,5,person_dauni_daunstar,Dauni,0.0050,0.5990,1000,42,https://docs.google.com/spreadsheets/d/11wxsKyCydVmDjp4kGLJAOLPM_LgwCLN2GYpbDQkNtkk/edit#gid=1758213758
season_006,Moon Conference,5,person_elektechn9ne,ElektechN9ne,0.0140,0.9040,1000,42,https://docs.google.com/spreadsheets/d/11wxsKyCydVmDjp4kGLJAOLPM_LgwCLN2GYpbDQkNtkk/edit#gid=1758213758
season_006,Moon Conference,5,person_fnupa,Cabgolord,0.0000,0.0190,1000,42,https://docs.google.com/spreadsheets/d/11wxsKyCydVmDjp4kGLJAOLPM_LgwCLN2GYpbDQkNtkk/edit#gid=1758213758
season_006,Moon Conference,5,person_nestfloh,Nestfloh,0.0040,0.7030,1000,42,https://docs.google.com/spreadsheets/d/11wxsKyCydVmDjp4kGLJAOLPM_LgwCLN2GYpbDQkNtkk/edit#gid=1758213758
season_006,Moon Conference,5,person_regibang,RegiBang,0.0010,0.3130,1000,42,https://docs.google.com/spreadsheets/d/11wxsKyCydVmDjp4kGLJAOLPM_LgwCLN2GYpbDQkNtkk/edit#gid=1758213758
season_006,Moon Conference,5,person_stratocopter_tv,Stratocopter TV,0.0000,0.0070,1000,42,https://docs.google.com/spreadsheets/d/11wxsKyCydVmDjp4kGLJAOLPM_LgwCLN2GYpbDQkNtkk/edit#gid=1758213758
season_006,Moon Conference,5,person_tabasco_tv,Tabasco TV,0.0000,0.2410,1000,42,https://docs.google.com/spreadsheets/d/11wxsKyCydVmDjp4kGLJAOLPM_LgwCLN2GYpbDQkNtkk/edit#gid=1758213758
season_006,Moon Conference,6,person_art_n_gaming,Art'n'Gaming,0.1500,0.9540,1000,42,https://docs.google.com/spreadsheets/d/11wxsKyCydVmDjp4kGLJAOLPM_LgwCLN2GYpbDQkNtkk/edit#gid=1758213758
season_006,Moon Conference,6,person_belmontgabriel,BelmontGabriel,0.1210,0.9780,1000,42,https://docs.google.com/spreadsheets/d/11wxsKyCydVmDjp4kGLJAOLPM_LgwCLN2GYpbDQkNtkk/edit#gid=1758213758
season_006,Moon Conference,6,person_bene,Bene,0.5580,0.9970,1000,42,https://docs.google.com/spreadsheets/d/11wxsKyCydVmDjp4kGLJAOLPM_LgwCLN2GYpbDQkNtkk/edit#gid=1758213758
season_006,Moon Conference,6,person_captaincrinch,CaptainCrinch,0.0030,0.6040,1000,42,https://docs.google.com/spreadsheets/d/11wxsKyCydVmDjp4kGLJAOLPM_LgwCLN2GYpbDQkNtkk/edit#gid=1758213758
season_006,Moon Conference,6,person_craycom,Craycom,0.0000,0.0000,1000,42,https://docs.google.com/spreadsheets/d/11wxsKyCydVmDjp4kGLJAOLPM_LgwCLN2GYpbDQkNtkk/edit#gid=1758213758
season_006,Moon Conference,6,person_dauni_daunstar,Dauni,0.0350,0.8080,1000,42,https://docs.google.com/spreadsheets/d/11wxsKyCydVmDjp4kGLJAOLPM_LgwCLN2GYpbDQkNtkk/edit#gid=1758213758
season_006,Moon Conference,6,person_elektechn9ne,ElektechN9ne,0.1330,0.9590,1000,42,https://docs.google.com/spreadsheets/d/11wxsKyCydVmDjp4kGLJAOLPM_LgwCLN2GYpbDQkNtkk/edit#gid=1758213758
season_006,Moon Conference,6,person_fnupa,Cabgolord,0.0000,0.0480,1000,42,https://docs.google.com/spreadsheets/d/11wxsKyCydVmDjp4kGLJAOLPM_LgwCLN2GYpbDQkNtkk/edit#gid=1758213758
season_006,Moon Conference,6,person_nestfloh,Nestfloh,0.0000,0.4420,1000,42,https://docs.google.com/spreadsheets/d/11wxsKyCydVmDjp4kGLJAOLPM_LgwCLN2GYpbDQkNtkk/edit#gid=1758213758
season_006,Moon Conference,6,person_regibang,RegiBang,0.0000,0.1040,1000,42,https://docs.google.com/spreadsheets/d/11wxsKyCydVmDjp4kGLJAOLPM_LgwCLN2GYpbDQkNtkk/edit#gid=1758213758
season_006,Moon Conference,6,person_stratocopter_tv,Stratocopter TV,0.0000,0.0410,1000,42,https://docs.google.com/spreadsheets/d/11wxsKyCydVmDjp4kGLJAOLPM_LgwCLN2GYpbDQkNtkk/edit#gid=1758213758
season_006,Moon Conference,6,person_tabasco_tv,Tabasco TV,0.0000,0.0650,1000,42,https://docs.google.com/spreadsheets/d/11wxsKyCydVmDjp4kGLJAOLPM_LgwCLN2GYpbDQkNtkk/edit#gid=1758213758
season_006,Moon Conference,7,person_art_n_gaming,Art'n'Gaming,0.0460,0.9420,1000,42,https://docs.google.com/spreadsheets/d/11wxsKyCydVmDjp4kGLJAOLPM_LgwCLN2GYpbDQkNtkk/edit#gid=1758213758
season_006,Moon Conference,7,person_belmontgabriel,BelmontGabriel,0.0050,0.8900,1000,42,https://docs.google.com/spreadsheets/d/11wxsKyCydVmDjp4kGLJAOLPM_LgwCLN2GYpbDQkNtkk/edit#gid=1758213758
season_006,Moon Conference,7,person_bene,Bene,0.7770,0.9970,1000,42,https://docs.google.com/spreadsheets/d/11wxsKyCydVmDjp4kGLJAOLPM_LgwCLN2GYpbDQkNtkk/edit#gid=1758213758
season_006,Moon Conference,7,person_captaincrinch,CaptainCrinch,0.0000,0.2900,1000,42,https://docs.google.com/spreadsheets/d/11wxsKyCydVmDjp4kGLJAOLPM_LgwCLN2GYpbDQkNtkk/edit#gid=1758213758
season_006,Moon Conference,7,person_craycom,Craycom,0.0000,0.0000,1000,42,https://docs.google.com/spreadsheets/d/11wxsKyCydVmDjp4kGLJAOLPM_LgwCLN2GYpbDQkNtkk/edit#gid=1758213758
season_006,Moon Conference,7,person_dauni_daunstar,Dauni,0.0600,0.9390,1000,42,https://docs.google.com/spreadsheets/d/11wxsKyCydVmDjp4kGLJAOLPM_LgwCLN2GYpbDQkNtkk/edit#gid=1758213758
season_006,Moon Conference,7,person_elektechn9ne,ElektechN9ne,0.1110,0.9770,1000,42,https://docs.google.com/spreadsheets/d/11wxsKyCydVmDjp4kGLJAOLPM_LgwCLN2GYpbDQkNtkk/edit#gid=1758213758
season_006,Moon Conference,7,person_fnupa,Cabgolord,0.0000,0.0070,1000,42,https://docs.google.com/spreadsheets/d/11wxsKyCydVmDjp4kGLJAOLPM_LgwCLN2GYpbDQkNtkk/edit#gid=1758213758
season_006,Moon Conference,7,person_nestfloh,Nestfloh,0.0010,0.7090,1000,42,https://docs.google.com/spreadsheets/d/11wxsKyCydVmDjp4kGLJAOLPM_LgwCLN2GYpbDQkNtkk/edit#gid=1758213758
season_006,Moon Conference,7,person_regibang,RegiBang,0.0000,0.1620,1000,42,https://docs.google.com/spreadsheets/d/11wxsKyCydVmDjp4kGLJAOLPM_LgwCLN2GYpbDQkNtkk/edit#gid=1758213758
season_006,Moon Conference,7,person_stratocopter_tv,Stratocopter TV,0.0000,0.0100,1000,42,https://docs.google.com/spreadsheets/d/11wxsKyCydVmDjp4kGLJAOLPM_LgwCLN2GYpbDQkNtkk/edit#gid=1758213758
season_006,Moon Conference,7,person_tabasco_tv,Tabasco TV,0.0000,0.0770,1000,42,https://docs.google.com/spreadsheets/d/11wxsKyCydVmDjp4kGLJAOLPM_LgwCLN2GYpbDQkNtkk/edit#gid=1758213758
season_006,Moon Conference,8,person_art_n_gaming,Art'n'Gaming,0.2690,0.9940,1000,42,https://docs.google.com/spreadsheets/d/11wxsKyCydVmDjp4kGLJAOLPM_LgwCLN2GYpbDQkNtkk/edit#gid=1758213758
season_006,Moon Conference,8,person_belmontgabriel,BelmontGabriel,0.0000,0.5520,1000,42,https://docs.google.com/spreadsheets/d/11wxsKyCydVmDjp4kGLJAOLPM_LgwCLN2GYpbDQkNtkk/edit#gid=1758213758
season_006,Moon Conference,8,person_bene,Bene,0.4120,0.9850,1000,42,https://docs.google.com/spreadsheets/d/11wxsKyCydVmDjp4kGLJAOLPM_LgwCLN2GYpbDQkNtkk/edit#gid=1758213758
season_006,Moon Conference,8,person_captaincrinch,CaptainCrinch,0.0000,0.4290,1000,42,https://docs.google.com/spreadsheets/d/11wxsKyCydVmDjp4kGLJAOLPM_LgwCLN2GYpbDQkNtkk/edit#gid=1758213758
season_006,Moon Conference,8,person_craycom,Craycom,0.0000,0.0000,1000,42,https://docs.google.com/spreadsheets/d/11wxsKyCydVmDjp4kGLJAOLPM_LgwCLN2GYpbDQkNtkk/edit#gid=1758213758
season_006,Moon Conference,8,person_dauni_daunstar,Dauni,0.2610,0.9970,1000,42,https://docs.google.com/spreadsheets/d/11wxsKyCydVmDjp4kGLJAOLPM_LgwCLN2GYpbDQkNtkk/edit#gid=1758213758
season_006,Moon Conference,8,person_elektechn9ne,ElektechN9ne,0.0440,0.9160,1000,42,https://docs.google.com/spreadsheets/d/11wxsKyCydVmDjp4kGLJAOLPM_LgwCLN2GYpbDQkNtkk/edit#gid=1758213758
season_006,Moon Conference,8,person_fnupa,Cabgolord,0.0000,0.0000,1000,42,https://docs.google.com/spreadsheets/d/11wxsKyCydVmDjp4kGLJAOLPM_LgwCLN2GYpbDQkNtkk/edit#gid=1758213758
season_006,Moon Conference,8,person_nestfloh,Nestfloh,0.0140,0.8270,1000,42,https://docs.google.com/spreadsheets/d/11wxsKyCydVmDjp4kGLJAOLPM_LgwCLN2GYpbDQkNtkk/edit#gid=1758213758
season_006,Moon Conference,8,person_regibang,RegiBang,0.0000,0.0280,1000,42,https://docs.google.com/spreadsheets/d/11wxsKyCydVmDjp4kGLJAOLPM_LgwCLN2GYpbDQkNtkk/edit#gid=1758213758
season_006,Moon Conference,8,person_stratocopter_tv,Stratocopter TV,0.0000,0.0000,1000,42,https://docs.google.com/spreadsheets/d/11wxsKyCydVmDjp4kGLJAOLPM_LgwCLN2GYpbDQkNtkk/edit#gid=1758213758
season_006,Moon Conference,8,person_tabasco_tv,Tabasco TV,0.0000,0.2720,1000,42,https://docs.google.com/spreadsheets/d/11wxsKyCydVmDjp4kGLJAOLPM_LgwCLN2GYpbDQkNtkk/edit#gid=1758213758
season_006,Moon Conference,9,person_art_n_gaming,Art'n'Gaming,0.7800,1.0000,1000,42,https://docs.google.com/spreadsheets/d/11wxsKyCydVmDjp4kGLJAOLPM_LgwCLN2GYpbDQkNtkk/edit#gid=1758213758
season_006,Moon Conference,9,person_belmontgabriel,BelmontGabriel,0.0000,0.1820,1000,42,https://docs.google.com/spreadsheets/d/11wxsKyCydVmDjp4kGLJAOLPM_LgwCLN2GYpbDQkNtkk/edit#gid=1758213758
season_006,Moon Conference,9,person_bene,Bene,0.0040,0.9660,1000,42,https://docs.google.com/spreadsheets/d/11wxsKyCydVmDjp4kGLJAOLPM_LgwCLN2GYpbDQkNtkk/edit#gid=1758213758
season_006,Moon Conference,9,person_captaincrinch,CaptainCrinch,0.0000,0.1120,1000,42,https://docs.google.com/spreadsheets/d/11wxsKyCydVmDjp4kGLJAOLPM_LgwCLN2GYpbDQkNtkk/edit#gid=1758213758
season_006,Moon Conference,9,person_craycom,Craycom,0.0000,0.0000,1000,42,https://docs.google.com/spreadsheets/d/11wxsKyCydVmDjp4kGLJAOLPM_LgwCLN2GYpbDQkNtkk/edit#gid=1758213758
season_006,Moon Conference,9,person_dauni_daunstar,Dauni,0.0840,1.0000,1000,42,https://docs.google.com/spreadsheets/d/11wxsKyCydVmDjp4kGLJAOLPM_LgwCLN2GYpbDQkNtkk/edit#gid=1758213758
season_006,Moon Conference,9,person_elektechn9ne,ElektechN9ne,0.0810,1.0000,1000,42,https://docs.google.com/spreadsheets/d/11wxsKyCydVmDjp4kGLJAOLPM_LgwCLN2GYpbDQkNtkk/edit#gid=1758213758
season_006,Moon Conference,9,person_fnupa,Cabgolord,0.0000,0.0000,1000,42,https://docs.google.com/spreadsheets/d/11wxsKyCydVmDjp4kGLJAOLPM_LgwCLN2GYpbDQkNtkk/edit#gid=1758213758
season_006,Moon Conference,9,person_nestfloh,Nestfloh,0.0510,1.0000,1000,42,https://docs.google.com/spreadsheets/d/11wxsKyCydVmDjp4kGLJAOLPM_LgwCLN2GYpbDQkNtkk/edit#gid=1758213758
season_006,Moon Conference,9,person_regibang,RegiBang,0.0000,0.0610,1000,42,https://docs.google.com/spreadsheets/d/11wxsKyCydVmDjp4kGLJAOLPM_LgwCLN2GYpbDQkNtkk/edit#gid=1758213758
season_006,Moon Conference,9,person_stratocopter_tv,Stratocopter TV,0.0000,0.0000,1000,42,https://docs.google.com/spreadsheets/d/11wxsKyCydVmDjp4kGLJAOLPM_LgwCLN2GYpbDQkNtkk/edit#gid=1758213758
season_006,Moon Conference,9,person_tabasco_tv,Tabasco TV,0.0000,0.6790,1000,42,https://docs.google.com/spreadsheets/d/11wxsKyCydVmDjp4kGLJAOLPM_LgwCLN2GYpbDQkNtkk/edit#gid=1758213758
season_006,Moon Conference,10,person_art_n_gaming,Art'n'Gaming,0.5670,1.0000,1000,42,https://docs.google.com/spreadsheets/d/11wxsKyCydVmDjp4kGLJAOLPM_LgwCLN2GYpbDQkNtkk/edit#gid=1758213758
season_006,Moon Conference,10,person_belmontgabriel,BelmontGabriel,0.0000,0.5780,1000,42,https://docs.google.com/spreadsheets/d/11wxsKyCydVmDjp4kGLJAOLPM_LgwCLN2GYpbDQkNtkk/edit#gid=1758213758
season_006,Moon Conference,10,person_bene,Bene,0.0470,1.0000,1000,42,https://docs.google.com/spreadsheets/d/11wxsKyCydVmDjp4kGLJAOLPM_LgwCLN2GYpbDQkNtkk/edit#gid=1758213758
season_006,Moon Conference,10,person_captaincrinch,CaptainCrinch,0.0000,0.0000,1000,42,https://docs.google.com/spreadsheets/d/11wxsKyCydVmDjp4kGLJAOLPM_LgwCLN2GYpbDQkNtkk/edit#gid=1758213758
season_006,Moon Conference,10,person_craycom,Craycom,0.0000,0.0000,1000,42,https://docs.google.com/spreadsheets/d/11wxsKyCydVmDjp4kGLJAOLPM_LgwCLN2GYpbDQkNtkk/edit#gid=1758213758
season_006,Moon Conference,10,person_dauni_daunstar,Dauni,0.2870,1.0000,1000,42,https://docs.google.com/spreadsheets/d/11wxsKyCydVmDjp4kGLJAOLPM_LgwCLN2GYpbDQkNtkk/edit#gid=1758213758
season_006,Moon Conference,10,person_elektechn9ne,ElektechN9ne,0.0990,1.0000,1000,42,https://docs.google.com/spreadsheets/d/11wxsKyCydVmDjp4kGLJAOLPM_LgwCLN2GYpbDQkNtkk/edit#gid=1758213758
season_006,Moon Conference,10,person_fnupa,Cabgolord,0.0000,0.0000,1000,42,https://docs.google.com/spreadsheets/d/11wxsKyCydVmDjp4kGLJAOLPM_LgwCLN2GYpbDQkNtkk/edit#gid=1758213758
season_006,Moon Conference,10,person_nestfloh,Nestfloh,0.0000,1.0000,1000,42,https://docs.google.com/spreadsheets/d/11wxsKyCydVmDjp4kGLJAOLPM_LgwCLN2GYpbDQkNtkk/edit#gid=1758213758
season_006,Moon Conference,10,person_regibang,RegiBang,0.0000,0.2600,1000,42,https://docs.google.com/spreadsheets/d/11wxsKyCydVmDjp4kGLJAOLPM_LgwCLN2GYpbDQkNtkk/edit#gid=1758213758
season_006,Moon Conference,10,person_stratocopter_tv,Stratocopter TV,0.0000,0.0000,1000,42,https://docs.google.com/spreadsheets/d/11wxsKyCydVmDjp4kGLJAOLPM_LgwCLN2GYpbDQkNtkk/edit#gid=1758213758
season_006,Moon Conference,10,person_tabasco_tv,Tabasco TV,0.0000,0.1620,1000,42,https://docs.google.com/spreadsheets/d/11wxsKyCydVmDjp4kGLJAOLPM_LgwCLN2GYpbDQkNtkk/edit#gid=1758213758
season_006,Moon Conference,11,person_art_n_gaming,Art'n'Gaming,1.0000,1.0000,1000,42,https://docs.google.com/spreadsheets/d/11wxsKyCydVmDjp4kGLJAOLPM_LgwCLN2GYpbDQkNtkk/edit#gid=1758213758
season_006,Moon Conference,11,person_belmontgabriel,BelmontGabriel,0.0000,1.0000,1000,42,https://docs.google.com/spreadsheets/d/11wxsKyCydVmDjp4kGLJAOLPM_LgwCLN2GYpbDQkNtkk/edit#gid=1758213758
season_006,Moon Conference,11,person_bene,Bene,0.0000,1.0000,1000,42,https://docs.google.com/spreadsheets/d/11wxsKyCydVmDjp4kGLJAOLPM_LgwCLN2GYpbDQkNtkk/edit#gid=1758213758
season_006,Moon Conference,11,person_captaincrinch,CaptainCrinch,0.0000,0.0000,1000,42,https://docs.google.com/spreadsheets/d/11wxsKyCydVmDjp4kGLJAOLPM_LgwCLN2GYpbDQkNtkk/edit#gid=1758213758
season_006,Moon Conference,11,person_craycom,Craycom,0.0000,0.0000,1000,42,https://docs.google.com/spreadsheets/d/11wxsKyCydVmDjp4kGLJAOLPM_LgwCLN2GYpbDQkNtkk/edit#gid=1758213758
season_006,Moon Conference,11,person_dauni_daunstar,Dauni,0.0000,1.0000,1000,42,https://docs.google.com/spreadsheets/d/11wxsKyCydVmDjp4kGLJAOLPM_LgwCLN2GYpbDQkNtkk/edit#gid=1758213758
season_006,Moon Conference,11,person_elektechn9ne,ElektechN9ne,0.0000,1.0000,1000,42,https://docs.google.com/spreadsheets/d/11wxsKyCydVmDjp4kGLJAOLPM_LgwCLN2GYpbDQkNtkk/edit#gid=1758213758
season_006,Moon Conference,11,person_fnupa,Cabgolord,0.0000,0.0000,1000,42,https://docs.google.com/spreadsheets/d/11wxsKyCydVmDjp4kGLJAOLPM_LgwCLN2GYpbDQkNtkk/edit#gid=1758213758
season_006,Moon Conference,11,person_nestfloh,Nestfloh,0.0000,0.0000,1000,42,https://docs.google.com/spreadsheets/d/11wxsKyCydVmDjp4kGLJAOLPM_LgwCLN2GYpbDQkNtkk/edit#gid=1758213758
season_006,Moon Conference,11,person_regibang,RegiBang,0.0000,0.0000,1000,42,https://docs.google.com/spreadsheets/d/11wxsKyCydVmDjp4kGLJAOLPM_LgwCLN2GYpbDQkNtkk/edit#gid=1758213758
season_006,Moon Conference,11,person_stratocopter_tv,Stratocopter TV,0.0000,0.0000,1000,42,https://docs.google.com/spreadsheets/d/11wxsKyCydVmDjp4kGLJAOLPM_LgwCLN2GYpbDQkNtkk/edit#gid=1758213758
season_006,Moon Conference,11,person_tabasco_tv,Tabasco TV,0.0000,1.0000,1000,42,https://docs.google.com/spreadsheets/d/11wxsKyCydVmDjp4kGLJAOLPM_LgwCLN2GYpbDQkNtkk/edit#gid=1758213758
season_006,Moon Conference,100,person_art_n_gaming,Art'n'Gaming,0.1110,,1000,42,https://docs.google.com/spreadsheets/d/11wxsKyCydVmDjp4kGLJAOLPM_LgwCLN2GYpbDQkNtkk/edit#gid=1758213758
season_006,Moon Conference,100,person_belmontgabriel,BelmontGabriel,0.1550,,1000,42,https://docs.google.com/spreadsheets/d/11wxsKyCydVmDjp4kGLJAOLPM_LgwCLN2GYpbDQkNtkk/edit#gid=1758213758
season_006,Moon Conference,100,person_bene,Bene,0.0000,,1000,42,https://docs.google.com/spreadsheets/d/11wxsKyCydVmDjp4kGLJAOLPM_LgwCLN2GYpbDQkNtkk/edit#gid=1758213758
season_006,Moon Conference,100,person_captaincrinch,CaptainCrinch,0.0000,,1000,42,https://docs.google.com/spreadsheets/d/11wxsKyCydVmDjp4kGLJAOLPM_LgwCLN2GYpbDQkNtkk/edit#gid=1758213758
season_006,Moon Conference,100,person_craycom,Craycom,0.0000,,1000,42,https://docs.google.com/spreadsheets/d/11wxsKyCydVmDjp4kGLJAOLPM_LgwCLN2GYpbDQkNtkk/edit#gid=1758213758
season_006,Moon Conference,100,person_dauni_daunstar,Dauni,0.1100,,1000,42,https://docs.google.com/spreadsheets/d/11wxsKyCydVmDjp4kGLJAOLPM_LgwCLN2GYpbDQkNtkk/edit#gid=1758213758
season_006,Moon Conference,100,person_elektechn9ne,ElektechN9ne,0.1740,,1000,42,https://docs.google.com/spreadsheets/d/11wxsKyCydVmDjp4kGLJAOLPM_LgwCLN2GYpbDQkNtkk/edit#gid=1758213758
season_006,Moon Conference,100,person_fnupa,Cabgolord,0.0000,,1000,42,https://docs.google.com/spreadsheets/d/11wxsKyCydVmDjp4kGLJAOLPM_LgwCLN2GYpbDQkNtkk/edit#gid=1758213758
season_006,Moon Conference,100,person_nestfloh,Nestfloh,0.0000,,1000,42,https://docs.google.com/spreadsheets/d/11wxsKyCydVmDjp4kGLJAOLPM_LgwCLN2GYpbDQkNtkk/edit#gid=1758213758
season_006,Moon Conference,100,person_regibang,RegiBang,0.0000,,1000,42,https://docs.google.com/spreadsheets/d/11wxsKyCydVmDjp4kGLJAOLPM_LgwCLN2GYpbDQkNtkk/edit#gid=1758213758
season_006,Moon Conference,100,person_stratocopter_tv,Stratocopter TV,0.0000,,1000,42,https://docs.google.com/spreadsheets/d/11wxsKyCydVmDjp4kGLJAOLPM_LgwCLN2GYpbDQkNtkk/edit#gid=1758213758
season_006,Moon Conference,100,person_tabasco_tv,Tabasco TV,0.1250,,1000,42,https://docs.google.com/spreadsheets/d/11wxsKyCydVmDjp4kGLJAOLPM_LgwCLN2GYpbDQkNtkk/edit#gid=1758213758
season_006,Moon Conference,110,person_art_n_gaming,Art'n'Gaming,0.2610,,1000,42,https://docs.google.com/spreadsheets/d/11wxsKyCydVmDjp4kGLJAOLPM_LgwCLN2GYpbDQkNtkk/edit#gid=1758213758
season_006,Moon Conference,110,person_belmontgabriel,BelmontGabriel,0.0000,,1000,42,https://docs.google.com/spreadsheets/d/11wxsKyCydVmDjp4kGLJAOLPM_LgwCLN2GYpbDQkNtkk/edit#gid=1758213758
season_006,Moon Conference,110,person_bene,Bene,0.0000,,1000,42,https://docs.google.com/spreadsheets/d/11wxsKyCydVmDjp4kGLJAOLPM_LgwCLN2GYpbDQkNtkk/edit#gid=1758213758
season_006,Moon Conference,110,person_captaincrinch,CaptainCrinch,0.0000,,1000,42,https://docs.google.com/spreadsheets/d/11wxsKyCydVmDjp4kGLJAOLPM_LgwCLN2GYpbDQkNtkk/edit#gid=1758213758
season_006,Moon Conference,110,person_craycom,Craycom,0.0000,,1000,42,https://docs.google.com/spreadsheets/d/11wxsKyCydVmDjp4kGLJAOLPM_LgwCLN2GYpbDQkNtkk/edit#gid=1758213758
season_006,Moon Conference,110,person_dauni_daunstar,Dauni,0.2190,,1000,42,https://docs.google.com/spreadsheets/d/11wxsKyCydVmDjp4kGLJAOLPM_LgwCLN2GYpbDQkNtkk/edit#gid=1758213758
season_006,Moon Conference,110,person_elektechn9ne,ElektechN9ne,0.0000,,1000,42,https://docs.google.com/spreadsheets/d/11wxsKyCydVmDjp4kGLJAOLPM_LgwCLN2GYpbDQkNtkk/edit#gid=1758213758
season_006,Moon Conference,110,person_fnupa,Cabgolord,0.0000,,1000,42,https://docs.google.com/spreadsheets/d/11wxsKyCydVmDjp4kGLJAOLPM_LgwCLN2GYpbDQkNtkk/edit#gid=1758213758
season_006,Moon Conference,110,person_nestfloh,Nestfloh,0.0000,,1000,42,https://docs.google.com/spreadsheets/d/11wxsKyCydVmDjp4kGLJAOLPM_LgwCLN2GYpbDQkNtkk/edit#gid=1758213758
season_006,Moon Conference,110,person_regibang,RegiBang,0.0000,,1000,42,https://docs.google.com/spreadsheets/d/11wxsKyCydVmDjp4kGLJAOLPM_LgwCLN2GYpbDQkNtkk/edit#gid=1758213758
season_006,Moon Conference,110,person_stratocopter_tv,Stratocopter TV,0.0000,,1000,42,https://docs.google.com/spreadsheets/d/11wxsKyCydVmDjp4kGLJAOLPM_LgwCLN2GYpbDQkNtkk/edit#gid=1758213758
season_006,Moon Conference,110,person_tabasco_tv,Tabasco TV,0.0000,,1000,42,https://docs.google.com/spreadsheets/d/11wxsKyCydVmDjp4kGLJAOLPM_LgwCLN2GYpbDQkNtkk/edit#gid=1758213758
season_006,Moon Conference,120,person_art_n_gaming,Art'n'Gaming,0.0000,,1000,42,https://docs.google.com/spreadsheets/d/11wxsKyCydVmDjp4kGLJAOLPM_LgwCLN2GYpbDQkNtkk/edit#gid=1758213758
season_006,Moon Conference,120,person_belmontgabriel,BelmontGabriel,0.0000,,1000,42,https://docs.google.com/spreadsheets/d/11wxsKyCydVmDjp4kGLJAOLPM_LgwCLN2GYpbDQkNtkk/edit#gid=1758213758
season_006,Moon Conference,120,person_bene,Bene,0.0000,,1000,42,https://docs.google.com/spreadsheets/d/11wxsKyCydVmDjp4kGLJAOLPM_LgwCLN2GYpbDQkNtkk/edit#gid=1758213758
season_006,Moon Conference,120,person_captaincrinch,CaptainCrinch,0.0000,,1000,42,https://docs.google.com/spreadsheets/d/11wxsKyCydVmDjp4kGLJAOLPM_LgwCLN2GYpbDQkNtkk/edit#gid=1758213758
season_006,Moon Conference,120,person_craycom,Craycom,0.0000,,1000,42,https://docs.google.com/spreadsheets/d/11wxsKyCydVmDjp4kGLJAOLPM_LgwCLN2GYpbDQkNtkk/edit#gid=1758213758
season_006,Moon Conference,120,person_dauni_daunstar,Dauni,0.4980,,1000,42,https://docs.google.com/spreadsheets/d/11wxsKyCydVmDjp4kGLJAOLPM_LgwCLN2GYpbDQkNtkk/edit#gid=1758213758
season_006,Moon Conference,120,person_elektechn9ne,ElektechN9ne,0.0000,,1000,42,https://docs.google.com/spreadsheets/d/11wxsKyCydVmDjp4kGLJAOLPM_LgwCLN2GYpbDQkNtkk/edit#gid=1758213758
season_006,Moon Conference,120,person_fnupa,Cabgolord,0.0000,,1000,42,https://docs.google.com/spreadsheets/d/11wxsKyCydVmDjp4kGLJAOLPM_LgwCLN2GYpbDQkNtkk/edit#gid=1758213758
season_006,Moon Conference,120,person_nestfloh,Nestfloh,0.0000,,1000,42,https://docs.google.com/spreadsheets/d/11wxsKyCydVmDjp4kGLJAOLPM_LgwCLN2GYpbDQkNtkk/edit#gid=1758213758
season_006,Moon Conference,120,person_regibang,RegiBang,0.0000,,1000,42,https://docs.google.com/spreadsheets/d/11wxsKyCydVmDjp4kGLJAOLPM_LgwCLN2GYpbDQkNtkk/edit#gid=1758213758
season_006,Moon Conference,120,person_stratocopter_tv,Stratocopter TV,0.0000,,1000,42,https://docs.google.com/spreadsheets/d/11wxsKyCydVmDjp4kGLJAOLPM_LgwCLN2GYpbDQkNtkk/edit#gid=1758213758
season_006,Moon Conference,120,person_tabasco_tv,Tabasco TV,0.0000,,1000,42,https://docs.google.com/spreadsheets/d/11wxsKyCydVmDjp4kGLJAOLPM_LgwCLN2GYpbDQkNtkk/edit#gid=1758213758
season_006,Moon Conference,140,person_art_n_gaming,Art'n'Gaming,0.0000,,1000,42,https://docs.google.com/spreadsheets/d/11wxsKyCydVmDjp4kGLJAOLPM_LgwCLN2GYpbDQkNtkk/edit#gid=1758213758
season_006,Moon Conference,140,person_belmontgabriel,BelmontGabriel,0.0000,,1000,42,https://docs.google.com/spreadsheets/d/11wxsKyCydVmDjp4kGLJAOLPM_LgwCLN2GYpbDQkNtkk/edit#gid=1758213758
season_006,Moon Conference,140,person_bene,Bene,0.0000,,1000,42,https://docs.google.com/spreadsheets/d/11wxsKyCydVmDjp4kGLJAOLPM_LgwCLN2GYpbDQkNtkk/edit#gid=1758213758
season_006,Moon Conference,140,person_captaincrinch,CaptainCrinch,0.0000,,1000,42,https://docs.google.com/spreadsheets/d/11wxsKyCydVmDjp4kGLJAOLPM_LgwCLN2GYpbDQkNtkk/edit#gid=1758213758
season_006,Moon Conference,140,person_craycom,Craycom,0.0000,,1000,42,https://docs.google.com/spreadsheets/d/11wxsKyCydVmDjp4kGLJAOLPM_LgwCLN2GYpbDQkNtkk/edit#gid=1758213758
season_006,Moon Conference,140,person_dauni_daunstar,Dauni,0.0000,,1000,42,https://docs.google.com/spreadsheets/d/11wxsKyCydVmDjp4kGLJAOLPM_LgwCLN2GYpbDQkNtkk/edit#gid=1758213758
season_006,Moon Conference,140,person_elektechn9ne,ElektechN9ne,0.0000,,1000,42,https://docs.google.com/spreadsheets/d/11wxsKyCydVmDjp4kGLJAOLPM_LgwCLN2GYpbDQkNtkk/edit#gid=1758213758
season_006,Moon Conference,140,person_fnupa,Cabgolord,0.0000,,1000,42,https://docs.google.com/spreadsheets/d/11wxsKyCydVmDjp4kGLJAOLPM_LgwCLN2GYpbDQkNtkk/edit#gid=1758213758
season_006,Moon Conference,140,person_nestfloh,Nestfloh,0.0000,,1000,42,https://docs.google.com/spreadsheets/d/11wxsKyCydVmDjp4kGLJAOLPM_LgwCLN2GYpbDQkNtkk/edit#gid=1758213758
season_006,Moon Conference,140,person_regibang,RegiBang,0.0000,,1000,42,https://docs.google.com/spreadsheets/d/11wxsKyCydVmDjp4kGLJAOLPM_LgwCLN2GYpbDQkNtkk/edit#gid=1758213758
season_006,Moon Conference,140,person_stratocopter_tv,Stratocopter TV,0.0000,,1000,42,https://docs.google.com/spreadsheets/d/11wxsKyCydVmDjp4kGLJAOLPM_LgwCLN2GYpbDQkNtkk/edit#gid=1758213758
season_006,Moon Conference,140,person_tabasco_tv,Tabasco TV,0.0000,,1000,42,https://docs.google.com/spreadsheets/d/11wxsKyCydVmDjp4kGLJAOLPM_LgwCLN2GYpbDQkNtkk/edit#gid=1758213758
season_006,Sun Conference,1,person_asalakoren,Asalakoren,0.0000,0.0040,1000,42,https://docs.google.com/spreadsheets/d/11wxsKyCydVmDjp4kGLJAOLPM_LgwCLN2GYpbDQkNtkk/edit#gid=892995759
season_006,Sun Conference,1,person_barry_d_sin_of_speed,Barry D. Sin of Speed,0.0090,0.3730,1000,42,https://docs.google.com/spreadsheets/d/11wxsKyCydVmDjp4kGLJAOLPM_LgwCLN2GYpbDQkNtkk/edit#gid=892995759
season_006,Sun Conference,1,person_blacklink,BlackLink,0.0020,0.1890,1000,42,https://docs.google.com/spreadsheets/d/11wxsKyCydVmDjp4kGLJAOLPM_LgwCLN2GYpbDQkNtkk/edit#gid=892995759
season_006,Sun Conference,1,person_hydronic,Hydronic,0.0010,0.2230,1000,42,https://docs.google.com/spreadsheets/d/11wxsKyCydVmDjp4kGLJAOLPM_LgwCLN2GYpbDQkNtkk/edit#gid=892995759
season_006,Sun Conference,1,person_lauris,Lauris,0.6760,0.9980,1000,42,https://docs.google.com/spreadsheets/d/11wxsKyCydVmDjp4kGLJAOLPM_LgwCLN2GYpbDQkNtkk/edit#gid=892995759
season_006,Sun Conference,1,person_maxi_von_vogel,Maxi von Vogel,0.0240,0.6320,1000,42,https://docs.google.com/spreadsheets/d/11wxsKyCydVmDjp4kGLJAOLPM_LgwCLN2GYpbDQkNtkk/edit#gid=892995759
season_006,Sun Conference,1,person_minetube,Minetube,0.1160,0.8190,1000,42,https://docs.google.com/spreadsheets/d/11wxsKyCydVmDjp4kGLJAOLPM_LgwCLN2GYpbDQkNtkk/edit#gid=892995759
season_006,Sun Conference,1,person_parsifani,Parsifani,0.0020,0.4460,1000,42,https://docs.google.com/spreadsheets/d/11wxsKyCydVmDjp4kGLJAOLPM_LgwCLN2GYpbDQkNtkk/edit#gid=892995759
season_006,Sun Conference,1,person_pokebazi,PokeBazi,0.0270,0.6350,1000,42,https://docs.google.com/spreadsheets/d/11wxsKyCydVmDjp4kGLJAOLPM_LgwCLN2GYpbDQkNtkk/edit#gid=892995759
season_006,Sun Conference,1,person_present,PresentLP,0.0530,0.7570,1000,42,https://docs.google.com/spreadsheets/d/11wxsKyCydVmDjp4kGLJAOLPM_LgwCLN2GYpbDQkNtkk/edit#gid=892995759
season_006,Sun Conference,1,person_raizor,Raizor,0.0900,0.8180,1000,42,https://docs.google.com/spreadsheets/d/11wxsKyCydVmDjp4kGLJAOLPM_LgwCLN2GYpbDQkNtkk/edit#gid=892995759
season_006,Sun Conference,1,person_scoutley,Scoutley,0.0000,0.1060,1000,42,https://docs.google.com/spreadsheets/d/11wxsKyCydVmDjp4kGLJAOLPM_LgwCLN2GYpbDQkNtkk/edit#gid=892995759
season_006,Sun Conference,2,person_asalakoren,Asalakoren,0.0000,0.0000,1000,42,https://docs.google.com/spreadsheets/d/11wxsKyCydVmDjp4kGLJAOLPM_LgwCLN2GYpbDQkNtkk/edit#gid=892995759
season_006,Sun Conference,2,person_barry_d_sin_of_speed,Barry D. Sin of Speed,0.0660,0.6400,1000,42,https://docs.google.com/spreadsheets/d/11wxsKyCydVmDjp4kGLJAOLPM_LgwCLN2GYpbDQkNtkk/edit#gid=892995759
season_006,Sun Conference,2,person_blacklink,BlackLink,0.0000,0.0640,1000,42,https://docs.google.com/spreadsheets/d/11wxsKyCydVmDjp4kGLJAOLPM_LgwCLN2GYpbDQkNtkk/edit#gid=892995759
season_006,Sun Conference,2,person_hydronic,Hydronic,0.0110,0.3150,1000,42,https://docs.google.com/spreadsheets/d/11wxsKyCydVmDjp4kGLJAOLPM_LgwCLN2GYpbDQkNtkk/edit#gid=892995759
season_006,Sun Conference,2,person_lauris,Lauris,0.3310,0.9230,1000,42,https://docs.google.com/spreadsheets/d/11wxsKyCydVmDjp4kGLJAOLPM_LgwCLN2GYpbDQkNtkk/edit#gid=892995759
season_006,Sun Conference,2,person_maxi_von_vogel,Maxi von Vogel,0.1490,0.8200,1000,42,https://docs.google.com/spreadsheets/d/11wxsKyCydVmDjp4kGLJAOLPM_LgwCLN2GYpbDQkNtkk/edit#gid=892995759
season_006,Sun Conference,2,person_minetube,Minetube,0.2220,0.8970,1000,42,https://docs.google.com/spreadsheets/d/11wxsKyCydVmDjp4kGLJAOLPM_LgwCLN2GYpbDQkNtkk/edit#gid=892995759
season_006,Sun Conference,2,person_parsifani,Parsifani,0.0350,0.5410,1000,42,https://docs.google.com/spreadsheets/d/11wxsKyCydVmDjp4kGLJAOLPM_LgwCLN2GYpbDQkNtkk/edit#gid=892995759
season_006,Sun Conference,2,person_pokebazi,PokeBazi,0.0150,0.3770,1000,42,https://docs.google.com/spreadsheets/d/11wxsKyCydVmDjp4kGLJAOLPM_LgwCLN2GYpbDQkNtkk/edit#gid=892995759
season_006,Sun Conference,2,person_present,PresentLP,0.1370,0.8090,1000,42,https://docs.google.com/spreadsheets/d/11wxsKyCydVmDjp4kGLJAOLPM_LgwCLN2GYpbDQkNtkk/edit#gid=892995759
season_006,Sun Conference,2,person_raizor,Raizor,0.0340,0.5900,1000,42,https://docs.google.com/spreadsheets/d/11wxsKyCydVmDjp4kGLJAOLPM_LgwCLN2GYpbDQkNtkk/edit#gid=892995759
season_006,Sun Conference,2,person_scoutley,Scoutley,0.0000,0.0240,1000,42,https://docs.google.com/spreadsheets/d/11wxsKyCydVmDjp4kGLJAOLPM_LgwCLN2GYpbDQkNtkk/edit#gid=892995759
season_006,Sun Conference,3,person_asalakoren,Asalakoren,0.0000,0.0040,1000,42,https://docs.google.com/spreadsheets/d/11wxsKyCydVmDjp4kGLJAOLPM_LgwCLN2GYpbDQkNtkk/edit#gid=892995759
season_006,Sun Conference,3,person_barry_d_sin_of_speed,Barry D. Sin of Speed,0.1200,0.8400,1000,42,https://docs.google.com/spreadsheets/d/11wxsKyCydVmDjp4kGLJAOLPM_LgwCLN2GYpbDQkNtkk/edit#gid=892995759
season_006,Sun Conference,3,person_blacklink,BlackLink,0.0000,0.0130,1000,42,https://docs.google.com/spreadsheets/d/11wxsKyCydVmDjp4kGLJAOLPM_LgwCLN2GYpbDQkNtkk/edit#gid=892995759
season_006,Sun Conference,3,person_hydronic,Hydronic,0.0160,0.5490,1000,42,https://docs.google.com/spreadsheets/d/11wxsKyCydVmDjp4kGLJAOLPM_LgwCLN2GYpbDQkNtkk/edit#gid=892995759
season_006,Sun Conference,3,person_lauris,Lauris,0.0620,0.8440,1000,42,https://docs.google.com/spreadsheets/d/11wxsKyCydVmDjp4kGLJAOLPM_LgwCLN2GYpbDQkNtkk/edit#gid=892995759
season_006,Sun Conference,3,person_maxi_von_vogel,Maxi von Vogel,0.2320,0.9150,1000,42,https://docs.google.com/spreadsheets/d/11wxsKyCydVmDjp4kGLJAOLPM_LgwCLN2GYpbDQkNtkk/edit#gid=892995759
season_006,Sun Conference,3,person_minetube,Minetube,0.2990,0.9590,1000,42,https://docs.google.com/spreadsheets/d/11wxsKyCydVmDjp4kGLJAOLPM_LgwCLN2GYpbDQkNtkk/edit#gid=892995759
season_006,Sun Conference,3,person_parsifani,Parsifani,0.0040,0.2890,1000,42,https://docs.google.com/spreadsheets/d/11wxsKyCydVmDjp4kGLJAOLPM_LgwCLN2GYpbDQkNtkk/edit#gid=892995759
season_006,Sun Conference,3,person_pokebazi,PokeBazi,0.0000,0.2240,1000,42,https://docs.google.com/spreadsheets/d/11wxsKyCydVmDjp4kGLJAOLPM_LgwCLN2GYpbDQkNtkk/edit#gid=892995759
season_006,Sun Conference,3,person_present,PresentLP,0.2600,0.9590,1000,42,https://docs.google.com/spreadsheets/d/11wxsKyCydVmDjp4kGLJAOLPM_LgwCLN2GYpbDQkNtkk/edit#gid=892995759
season_006,Sun Conference,3,person_raizor,Raizor,0.0070,0.3990,1000,42,https://docs.google.com/spreadsheets/d/11wxsKyCydVmDjp4kGLJAOLPM_LgwCLN2GYpbDQkNtkk/edit#gid=892995759
season_006,Sun Conference,3,person_scoutley,Scoutley,0.0000,0.0050,1000,42,https://docs.google.com/spreadsheets/d/11wxsKyCydVmDjp4kGLJAOLPM_LgwCLN2GYpbDQkNtkk/edit#gid=892995759
season_006,Sun Conference,4,person_asalakoren,Asalakoren,0.0000,0.0020,1000,42,https://docs.google.com/spreadsheets/d/11wxsKyCydVmDjp4kGLJAOLPM_LgwCLN2GYpbDQkNtkk/edit#gid=892995759
season_006,Sun Conference,4,person_barry_d_sin_of_speed,Barry D. Sin of Speed,0.0560,0.7240,1000,42,https://docs.google.com/spreadsheets/d/11wxsKyCydVmDjp4kGLJAOLPM_LgwCLN2GYpbDQkNtkk/edit#gid=892995759
season_006,Sun Conference,4,person_blacklink,BlackLink,0.0000,0.0010,1000,42,https://docs.google.com/spreadsheets/d/11wxsKyCydVmDjp4kGLJAOLPM_LgwCLN2GYpbDQkNtkk/edit#gid=892995759
season_006,Sun Conference,4,person_hydronic,Hydronic,0.0070,0.3080,1000,42,https://docs.google.com/spreadsheets/d/11wxsKyCydVmDjp4kGLJAOLPM_LgwCLN2GYpbDQkNtkk/edit#gid=892995759
season_006,Sun Conference,4,person_lauris,Lauris,0.1070,0.9160,1000,42,https://docs.google.com/spreadsheets/d/11wxsKyCydVmDjp4kGLJAOLPM_LgwCLN2GYpbDQkNtkk/edit#gid=892995759
season_006,Sun Conference,4,person_maxi_von_vogel,Maxi von Vogel,0.1580,0.8930,1000,42,https://docs.google.com/spreadsheets/d/11wxsKyCydVmDjp4kGLJAOLPM_LgwCLN2GYpbDQkNtkk/edit#gid=892995759
season_006,Sun Conference,4,person_minetube,Minetube,0.1390,0.8440,1000,42,https://docs.google.com/spreadsheets/d/11wxsKyCydVmDjp4kGLJAOLPM_LgwCLN2GYpbDQkNtkk/edit#gid=892995759
season_006,Sun Conference,4,person_parsifani,Parsifani,0.0140,0.4150,1000,42,https://docs.google.com/spreadsheets/d/11wxsKyCydVmDjp4kGLJAOLPM_LgwCLN2GYpbDQkNtkk/edit#gid=892995759
season_006,Sun Conference,4,person_pokebazi,PokeBazi,0.0060,0.4050,1000,42,https://docs.google.com/spreadsheets/d/11wxsKyCydVmDjp4kGLJAOLPM_LgwCLN2GYpbDQkNtkk/edit#gid=892995759
season_006,Sun Conference,4,person_present,PresentLP,0.5000,0.9780,1000,42,https://docs.google.com/spreadsheets/d/11wxsKyCydVmDjp4kGLJAOLPM_LgwCLN2GYpbDQkNtkk/edit#gid=892995759
season_006,Sun Conference,4,person_raizor,Raizor,0.0130,0.4920,1000,42,https://docs.google.com/spreadsheets/d/11wxsKyCydVmDjp4kGLJAOLPM_LgwCLN2GYpbDQkNtkk/edit#gid=892995759
season_006,Sun Conference,4,person_scoutley,Scoutley,0.0000,0.0220,1000,42,https://docs.google.com/spreadsheets/d/11wxsKyCydVmDjp4kGLJAOLPM_LgwCLN2GYpbDQkNtkk/edit#gid=892995759
season_006,Sun Conference,5,person_asalakoren,Asalakoren,0.0000,0.0000,1000,42,https://docs.google.com/spreadsheets/d/11wxsKyCydVmDjp4kGLJAOLPM_LgwCLN2GYpbDQkNtkk/edit#gid=892995759
season_006,Sun Conference,5,person_barry_d_sin_of_speed,Barry D. Sin of Speed,0.2170,0.9200,1000,42,https://docs.google.com/spreadsheets/d/11wxsKyCydVmDjp4kGLJAOLPM_LgwCLN2GYpbDQkNtkk/edit#gid=892995759
season_006,Sun Conference,5,person_blacklink,BlackLink,0.0000,0.0020,1000,42,https://docs.google.com/spreadsheets/d/11wxsKyCydVmDjp4kGLJAOLPM_LgwCLN2GYpbDQkNtkk/edit#gid=892995759
season_006,Sun Conference,5,person_hydronic,Hydronic,0.0000,0.0690,1000,42,https://docs.google.com/spreadsheets/d/11wxsKyCydVmDjp4kGLJAOLPM_LgwCLN2GYpbDQkNtkk/edit#gid=892995759
season_006,Sun Conference,5,person_lauris,Lauris,0.4570,0.9870,1000,42,https://docs.google.com/spreadsheets/d/11wxsKyCydVmDjp4kGLJAOLPM_LgwCLN2GYpbDQkNtkk/edit#gid=892995759
season_006,Sun Conference,5,person_maxi_von_vogel,Maxi von Vogel,0.0210,0.6340,1000,42,https://docs.google.com/spreadsheets/d/11wxsKyCydVmDjp4kGLJAOLPM_LgwCLN2GYpbDQkNtkk/edit#gid=892995759
season_006,Sun Conference,5,person_minetube,Minetube,0.0280,0.5490,1000,42,https://docs.google.com/spreadsheets/d/11wxsKyCydVmDjp4kGLJAOLPM_LgwCLN2GYpbDQkNtkk/edit#gid=892995759
season_006,Sun Conference,5,person_parsifani,Parsifani,0.0440,0.7970,1000,42,https://docs.google.com/spreadsheets/d/11wxsKyCydVmDjp4kGLJAOLPM_LgwCLN2GYpbDQkNtkk/edit#gid=892995759
season_006,Sun Conference,5,person_pokebazi,PokeBazi,0.0340,0.5470,1000,42,https://docs.google.com/spreadsheets/d/11wxsKyCydVmDjp4kGLJAOLPM_LgwCLN2GYpbDQkNtkk/edit#gid=892995759
season_006,Sun Conference,5,person_present,PresentLP,0.1570,0.9250,1000,42,https://docs.google.com/spreadsheets/d/11wxsKyCydVmDjp4kGLJAOLPM_LgwCLN2GYpbDQkNtkk/edit#gid=892995759
season_006,Sun Conference,5,person_raizor,Raizor,0.0420,0.5630,1000,42,https://docs.google.com/spreadsheets/d/11wxsKyCydVmDjp4kGLJAOLPM_LgwCLN2GYpbDQkNtkk/edit#gid=892995759
season_006,Sun Conference,5,person_scoutley,Scoutley,0.0000,0.0070,1000,42,https://docs.google.com/spreadsheets/d/11wxsKyCydVmDjp4kGLJAOLPM_LgwCLN2GYpbDQkNtkk/edit#gid=892995759
season_006,Sun Conference,6,person_asalakoren,Asalakoren,0.0000,0.0000,1000,42,https://docs.google.com/spreadsheets/d/11wxsKyCydVmDjp4kGLJAOLPM_LgwCLN2GYpbDQkNtkk/edit#gid=892995759
season_006,Sun Conference,6,person_barry_d_sin_of_speed,Barry D. Sin of Speed,0.3630,0.9860,1000,42,https://docs.google.com/spreadsheets/d/11wxsKyCydVmDjp4kGLJAOLPM_LgwCLN2GYpbDQkNtkk/edit#gid=892995759
season_006,Sun Conference,6,person_blacklink,BlackLink,0.0000,0.0000,1000,42,https://docs.google.com/spreadsheets/d/11wxsKyCydVmDjp4kGLJAOLPM_LgwCLN2GYpbDQkNtkk/edit#gid=892995759
season_006,Sun Conference,6,person_hydronic,Hydronic,0.0020,0.2080,1000,42,https://docs.google.com/spreadsheets/d/11wxsKyCydVmDjp4kGLJAOLPM_LgwCLN2GYpbDQkNtkk/edit#gid=892995759
season_006,Sun Conference,6,person_lauris,Lauris,0.3720,0.9960,1000,42,https://docs.google.com/spreadsheets/d/11wxsKyCydVmDjp4kGLJAOLPM_LgwCLN2GYpbDQkNtkk/edit#gid=892995759
season_006,Sun Conference,6,person_maxi_von_vogel,Maxi von Vogel,0.0010,0.5100,1000,42,https://docs.google.com/spreadsheets/d/11wxsKyCydVmDjp4kGLJAOLPM_LgwCLN2GYpbDQkNtkk/edit#gid=892995759
season_006,Sun Conference,6,person_minetube,Minetube,0.0010,0.3770,1000,42,https://docs.google.com/spreadsheets/d/11wxsKyCydVmDjp4kGLJAOLPM_LgwCLN2GYpbDQkNtkk/edit#gid=892995759
season_006,Sun Conference,6,person_parsifani,Parsifani,0.0540,0.9100,1000,42,https://docs.google.com/spreadsheets/d/11wxsKyCydVmDjp4kGLJAOLPM_LgwCLN2GYpbDQkNtkk/edit#gid=892995759
season_006,Sun Conference,6,person_pokebazi,PokeBazi,0.0320,0.8250,1000,42,https://docs.google.com/spreadsheets/d/11wxsKyCydVmDjp4kGLJAOLPM_LgwCLN2GYpbDQkNtkk/edit#gid=892995759
season_006,Sun Conference,6,person_present,PresentLP,0.1730,0.9750,1000,42,https://docs.google.com/spreadsheets/d/11wxsKyCydVmDjp4kGLJAOLPM_LgwCLN2GYpbDQkNtkk/edit#gid=892995759
season_006,Sun Conference,6,person_raizor,Raizor,0.0020,0.2120,1000,42,https://docs.google.com/spreadsheets/d/11wxsKyCydVmDjp4kGLJAOLPM_LgwCLN2GYpbDQkNtkk/edit#gid=892995759
season_006,Sun Conference,6,person_scoutley,Scoutley,0.0000,0.0010,1000,42,https://docs.google.com/spreadsheets/d/11wxsKyCydVmDjp4kGLJAOLPM_LgwCLN2GYpbDQkNtkk/edit#gid=892995759
season_006,Sun Conference,7,person_asalakoren,Asalakoren,0.0000,0.0000,1000,42,https://docs.google.com/spreadsheets/d/11wxsKyCydVmDjp4kGLJAOLPM_LgwCLN2GYpbDQkNtkk/edit#gid=892995759
season_006,Sun Conference,7,person_barry_d_sin_of_speed,Barry D. Sin of Speed,0.3620,0.9990,1000,42,https://docs.google.com/spreadsheets/d/11wxsKyCydVmDjp4kGLJAOLPM_LgwCLN2GYpbDQkNtkk/edit#gid=892995759
season_006,Sun Conference,7,person_blacklink,BlackLink,0.0000,0.0000,1000,42,https://docs.google.com/spreadsheets/d/11wxsKyCydVmDjp4kGLJAOLPM_LgwCLN2GYpbDQkNtkk/edit#gid=892995759
season_006,Sun Conference,7,person_hydronic,Hydronic,0.0000,0.0470,1000,42,https://docs.google.com/spreadsheets/d/11wxsKyCydVmDjp4kGLJAOLPM_LgwCLN2GYpbDQkNtkk/edit#gid=892995759
season_006,Sun Conference,7,person_lauris,Lauris,0.3890,0.9990,1000,42,https://docs.google.com/spreadsheets/d/11wxsKyCydVmDjp4kGLJAOLPM_LgwCLN2GYpbDQkNtkk/edit#gid=892995759
season_006,Sun Conference,7,person_maxi_von_vogel,Maxi von Vogel,0.0000,0.8910,1000,42,https://docs.google.com/spreadsheets/d/11wxsKyCydVmDjp4kGLJAOLPM_LgwCLN2GYpbDQkNtkk/edit#gid=892995759
season_006,Sun Conference,7,person_minetube,Minetube,0.0000,0.2560,1000,42,https://docs.google.com/spreadsheets/d/11wxsKyCydVmDjp4kGLJAOLPM_LgwCLN2GYpbDQkNtkk/edit#gid=892995759
season_006,Sun Conference,7,person_parsifani,Parsifani,0.0000,0.8010,1000,42,https://docs.google.com/spreadsheets/d/11wxsKyCydVmDjp4kGLJAOLPM_LgwCLN2GYpbDQkNtkk/edit#gid=892995759
season_006,Sun Conference,7,person_pokebazi,PokeBazi,0.0410,0.9570,1000,42,https://docs.google.com/spreadsheets/d/11wxsKyCydVmDjp4kGLJAOLPM_LgwCLN2GYpbDQkNtkk/edit#gid=892995759
season_006,Sun Conference,7,person_present,PresentLP,0.2080,0.9990,1000,42,https://docs.google.com/spreadsheets/d/11wxsKyCydVmDjp4kGLJAOLPM_LgwCLN2GYpbDQkNtkk/edit#gid=892995759
season_006,Sun Conference,7,person_raizor,Raizor,0.0000,0.0510,1000,42,https://docs.google.com/spreadsheets/d/11wxsKyCydVmDjp4kGLJAOLPM_LgwCLN2GYpbDQkNtkk/edit#gid=892995759
season_006,Sun Conference,7,person_scoutley,Scoutley,0.0000,0.0000,1000,42,https://docs.google.com/spreadsheets/d/11wxsKyCydVmDjp4kGLJAOLPM_LgwCLN2GYpbDQkNtkk/edit#gid=892995759
season_006,Sun Conference,8,person_asalakoren,Asalakoren,0.0000,0.0000,1000,42,https://docs.google.com/spreadsheets/d/11wxsKyCydVmDjp4kGLJAOLPM_LgwCLN2GYpbDQkNtkk/edit#gid=892995759
season_006,Sun Conference,8,person_barry_d_sin_of_speed,Barry D. Sin of Speed,0.4030,1.0000,1000,42,https://docs.google.com/spreadsheets/d/11wxsKyCydVmDjp4kGLJAOLPM_LgwCLN2GYpbDQkNtkk/edit#gid=892995759
season_006,Sun Conference,8,person_blacklink,BlackLink,0.0000,0.0000,1000,42,https://docs.google.com/spreadsheets/d/11wxsKyCydVmDjp4kGLJAOLPM_LgwCLN2GYpbDQkNtkk/edit#gid=892995759
season_006,Sun Conference,8,person_hydronic,Hydronic,0.0000,0.0000,1000,42,https://docs.google.com/spreadsheets/d/11wxsKyCydVmDjp4kGLJAOLPM_LgwCLN2GYpbDQkNtkk/edit#gid=892995759
season_006,Sun Conference,8,person_lauris,Lauris,0.3940,1.0000,1000,42,https://docs.google.com/spreadsheets/d/11wxsKyCydVmDjp4kGLJAOLPM_LgwCLN2GYpbDQkNtkk/edit#gid=892995759
season_006,Sun Conference,8,person_maxi_von_vogel,Maxi von Vogel,0.0000,0.9950,1000,42,https://docs.google.com/spreadsheets/d/11wxsKyCydVmDjp4kGLJAOLPM_LgwCLN2GYpbDQkNtkk/edit#gid=892995759
season_006,Sun Conference,8,person_minetube,Minetube,0.0000,0.0310,1000,42,https://docs.google.com/spreadsheets/d/11wxsKyCydVmDjp4kGLJAOLPM_LgwCLN2GYpbDQkNtkk/edit#gid=892995759
season_006,Sun Conference,8,person_parsifani,Parsifani,0.0000,0.9730,1000,42,https://docs.google.com/spreadsheets/d/11wxsKyCydVmDjp4kGLJAOLPM_LgwCLN2GYpbDQkNtkk/edit#gid=892995759
season_006,Sun Conference,8,person_pokebazi,PokeBazi,0.0540,1.0000,1000,42,https://docs.google.com/spreadsheets/d/11wxsKyCydVmDjp4kGLJAOLPM_LgwCLN2GYpbDQkNtkk/edit#gid=892995759
season_006,Sun Conference,8,person_present,PresentLP,0.1490,1.0000,1000,42,https://docs.google.com/spreadsheets/d/11wxsKyCydVmDjp4kGLJAOLPM_LgwCLN2GYpbDQkNtkk/edit#gid=892995759
season_006,Sun Conference,8,person_raizor,Raizor,0.0000,0.0010,1000,42,https://docs.google.com/spreadsheets/d/11wxsKyCydVmDjp4kGLJAOLPM_LgwCLN2GYpbDQkNtkk/edit#gid=892995759
season_006,Sun Conference,8,person_scoutley,Scoutley,0.0000,0.0000,1000,42,https://docs.google.com/spreadsheets/d/11wxsKyCydVmDjp4kGLJAOLPM_LgwCLN2GYpbDQkNtkk/edit#gid=892995759
season_006,Sun Conference,9,person_asalakoren,Asalakoren,0.0000,0.0000,1000,42,https://docs.google.com/spreadsheets/d/11wxsKyCydVmDjp4kGLJAOLPM_LgwCLN2GYpbDQkNtkk/edit#gid=892995759
season_006,Sun Conference,9,person_barry_d_sin_of_speed,Barry D. Sin of Speed,0.6170,1.0000,1000,42,https://docs.google.com/spreadsheets/d/11wxsKyCydVmDjp4kGLJAOLPM_LgwCLN2GYpbDQkNtkk/edit#gid=892995759
season_006,Sun Conference,9,person_blacklink,BlackLink,0.0000,0.0000,1000,42,https://docs.google.com/spreadsheets/d/11wxsKyCydVmDjp4kGLJAOLPM_LgwCLN2GYpbDQkNtkk/edit#gid=892995759
season_006,Sun Conference,9,person_hydronic,Hydronic,0.0000,0.0000,1000,42,https://docs.google.com/spreadsheets/d/11wxsKyCydVmDjp4kGLJAOLPM_LgwCLN2GYpbDQkNtkk/edit#gid=892995759
season_006,Sun Conference,9,person_lauris,Lauris,0.0200,1.0000,1000,42,https://docs.google.com/spreadsheets/d/11wxsKyCydVmDjp4kGLJAOLPM_LgwCLN2GYpbDQkNtkk/edit#gid=892995759
season_006,Sun Conference,9,person_maxi_von_vogel,Maxi von Vogel,0.0000,1.0000,1000,42,https://docs.google.com/spreadsheets/d/11wxsKyCydVmDjp4kGLJAOLPM_LgwCLN2GYpbDQkNtkk/edit#gid=892995759
season_006,Sun Conference,9,person_minetube,Minetube,0.0000,0.0560,1000,42,https://docs.google.com/spreadsheets/d/11wxsKyCydVmDjp4kGLJAOLPM_LgwCLN2GYpbDQkNtkk/edit#gid=892995759
season_006,Sun Conference,9,person_parsifani,Parsifani,0.0000,0.9440,1000,42,https://docs.google.com/spreadsheets/d/11wxsKyCydVmDjp4kGLJAOLPM_LgwCLN2GYpbDQkNtkk/edit#gid=892995759
season_006,Sun Conference,9,person_pokebazi,PokeBazi,0.0540,1.0000,1000,42,https://docs.google.com/spreadsheets/d/11wxsKyCydVmDjp4kGLJAOLPM_LgwCLN2GYpbDQkNtkk/edit#gid=892995759
season_006,Sun Conference,9,person_present,PresentLP,0.3090,1.0000,1000,42,https://docs.google.com/spreadsheets/d/11wxsKyCydVmDjp4kGLJAOLPM_LgwCLN2GYpbDQkNtkk/edit#gid=892995759
season_006,Sun Conference,9,person_raizor,Raizor,0.0000,0.0000,1000,42,https://docs.google.com/spreadsheets/d/11wxsKyCydVmDjp4kGLJAOLPM_LgwCLN2GYpbDQkNtkk/edit#gid=892995759
season_006,Sun Conference,9,person_scoutley,Scoutley,0.0000,0.0000,1000,42,https://docs.google.com/spreadsheets/d/11wxsKyCydVmDjp4kGLJAOLPM_LgwCLN2GYpbDQkNtkk/edit#gid=892995759
season_006,Sun Conference,10,person_asalakoren,Asalakoren,0.0000,0.0000,1000,42,https://docs.google.com/spreadsheets/d/11wxsKyCydVmDjp4kGLJAOLPM_LgwCLN2GYpbDQkNtkk/edit#gid=892995759
season_006,Sun Conference,10,person_barry_d_sin_of_speed,Barry D. Sin of Speed,0.0910,1.0000,1000,42,https://docs.google.com/spreadsheets/d/11wxsKyCydVmDjp4kGLJAOLPM_LgwCLN2GYpbDQkNtkk/edit#gid=892995759
season_006,Sun Conference,10,person_blacklink,BlackLink,0.0000,0.0000,1000,42,https://docs.google.com/spreadsheets/d/11wxsKyCydVmDjp4kGLJAOLPM_LgwCLN2GYpbDQkNtkk/edit#gid=892995759
season_006,Sun Conference,10,person_hydronic,Hydronic,0.0000,0.0000,1000,42,https://docs.google.com/spreadsheets/d/11wxsKyCydVmDjp4kGLJAOLPM_LgwCLN2GYpbDQkNtkk/edit#gid=892995759
season_006,Sun Conference,10,person_lauris,Lauris,0.0350,1.0000,1000,42,https://docs.google.com/spreadsheets/d/11wxsKyCydVmDjp4kGLJAOLPM_LgwCLN2GYpbDQkNtkk/edit#gid=892995759
season_006,Sun Conference,10,person_maxi_von_vogel,Maxi von Vogel,0.0000,1.0000,1000,42,https://docs.google.com/spreadsheets/d/11wxsKyCydVmDjp4kGLJAOLPM_LgwCLN2GYpbDQkNtkk/edit#gid=892995759
season_006,Sun Conference,10,person_minetube,Minetube,0.0000,0.1490,1000,42,https://docs.google.com/spreadsheets/d/11wxsKyCydVmDjp4kGLJAOLPM_LgwCLN2GYpbDQkNtkk/edit#gid=892995759
season_006,Sun Conference,10,person_parsifani,Parsifani,0.0000,0.8510,1000,42,https://docs.google.com/spreadsheets/d/11wxsKyCydVmDjp4kGLJAOLPM_LgwCLN2GYpbDQkNtkk/edit#gid=892995759
season_006,Sun Conference,10,person_pokebazi,PokeBazi,0.3220,1.0000,1000,42,https://docs.google.com/spreadsheets/d/11wxsKyCydVmDjp4kGLJAOLPM_LgwCLN2GYpbDQkNtkk/edit#gid=892995759
season_006,Sun Conference,10,person_present,PresentLP,0.5520,1.0000,1000,42,https://docs.google.com/spreadsheets/d/11wxsKyCydVmDjp4kGLJAOLPM_LgwCLN2GYpbDQkNtkk/edit#gid=892995759
season_006,Sun Conference,10,person_raizor,Raizor,0.0000,0.0000,1000,42,https://docs.google.com/spreadsheets/d/11wxsKyCydVmDjp4kGLJAOLPM_LgwCLN2GYpbDQkNtkk/edit#gid=892995759
season_006,Sun Conference,10,person_scoutley,Scoutley,0.0000,0.0000,1000,42,https://docs.google.com/spreadsheets/d/11wxsKyCydVmDjp4kGLJAOLPM_LgwCLN2GYpbDQkNtkk/edit#gid=892995759
season_006,Sun Conference,11,person_asalakoren,Asalakoren,0.0000,0.0000,1000,42,https://docs.google.com/spreadsheets/d/11wxsKyCydVmDjp4kGLJAOLPM_LgwCLN2GYpbDQkNtkk/edit#gid=892995759
season_006,Sun Conference,11,person_barry_d_sin_of_speed,Barry D. Sin of Speed,0.0000,1.0000,1000,42,https://docs.google.com/spreadsheets/d/11wxsKyCydVmDjp4kGLJAOLPM_LgwCLN2GYpbDQkNtkk/edit#gid=892995759
season_006,Sun Conference,11,person_blacklink,BlackLink,0.0000,0.0000,1000,42,https://docs.google.com/spreadsheets/d/11wxsKyCydVmDjp4kGLJAOLPM_LgwCLN2GYpbDQkNtkk/edit#gid=892995759
season_006,Sun Conference,11,person_hydronic,Hydronic,0.0000,0.0000,1000,42,https://docs.google.com/spreadsheets/d/11wxsKyCydVmDjp4kGLJAOLPM_LgwCLN2GYpbDQkNtkk/edit#gid=892995759
season_006,Sun Conference,11,person_lauris,Lauris,0.0000,1.0000,1000,42,https://docs.google.com/spreadsheets/d/11wxsKyCydVmDjp4kGLJAOLPM_LgwCLN2GYpbDQkNtkk/edit#gid=892995759
season_006,Sun Conference,11,person_maxi_von_vogel,Maxi von Vogel,0.0000,1.0000,1000,42,https://docs.google.com/spreadsheets/d/11wxsKyCydVmDjp4kGLJAOLPM_LgwCLN2GYpbDQkNtkk/edit#gid=892995759
season_006,Sun Conference,11,person_minetube,Minetube,0.0000,1.0000,1000,42,https://docs.google.com/spreadsheets/d/11wxsKyCydVmDjp4kGLJAOLPM_LgwCLN2GYpbDQkNtkk/edit#gid=892995759
season_006,Sun Conference,11,person_parsifani,Parsifani,0.0000,0.0000,1000,42,https://docs.google.com/spreadsheets/d/11wxsKyCydVmDjp4kGLJAOLPM_LgwCLN2GYpbDQkNtkk/edit#gid=892995759
season_006,Sun Conference,11,person_pokebazi,PokeBazi,1.0000,1.0000,1000,42,https://docs.google.com/spreadsheets/d/11wxsKyCydVmDjp4kGLJAOLPM_LgwCLN2GYpbDQkNtkk/edit#gid=892995759
season_006,Sun Conference,11,person_present,PresentLP,0.0000,1.0000,1000,42,https://docs.google.com/spreadsheets/d/11wxsKyCydVmDjp4kGLJAOLPM_LgwCLN2GYpbDQkNtkk/edit#gid=892995759
season_006,Sun Conference,11,person_raizor,Raizor,0.0000,0.0000,1000,42,https://docs.google.com/spreadsheets/d/11wxsKyCydVmDjp4kGLJAOLPM_LgwCLN2GYpbDQkNtkk/edit#gid=892995759
season_006,Sun Conference,11,person_scoutley,Scoutley,0.0000,0.0000,1000,42,https://docs.google.com/spreadsheets/d/11wxsKyCydVmDjp4kGLJAOLPM_LgwCLN2GYpbDQkNtkk/edit#gid=892995759
season_006,Sun Conference,100,person_asalakoren,Asalakoren,0.0000,,1000,42,https://docs.google.com/spreadsheets/d/11wxsKyCydVmDjp4kGLJAOLPM_LgwCLN2GYpbDQkNtkk/edit#gid=892995759
season_006,Sun Conference,100,person_barry_d_sin_of_speed,Barry D. Sin of Speed,0.1390,,1000,42,https://docs.google.com/spreadsheets/d/11wxsKyCydVmDjp4kGLJAOLPM_LgwCLN2GYpbDQkNtkk/edit#gid=892995759
season_006,Sun Conference,100,person_blacklink,BlackLink,0.0000,,1000,42,https://docs.google.com/spreadsheets/d/11wxsKyCydVmDjp4kGLJAOLPM_LgwCLN2GYpbDQkNtkk/edit#gid=892995759
season_006,Sun Conference,100,person_hydronic,Hydronic,0.0000,,1000,42,https://docs.google.com/spreadsheets/d/11wxsKyCydVmDjp4kGLJAOLPM_LgwCLN2GYpbDQkNtkk/edit#gid=892995759
season_006,Sun Conference,100,person_lauris,Lauris,0.0000,,1000,42,https://docs.google.com/spreadsheets/d/11wxsKyCydVmDjp4kGLJAOLPM_LgwCLN2GYpbDQkNtkk/edit#gid=892995759
season_006,Sun Conference,100,person_maxi_von_vogel,Maxi von Vogel,0.0000,,1000,42,https://docs.google.com/spreadsheets/d/11wxsKyCydVmDjp4kGLJAOLPM_LgwCLN2GYpbDQkNtkk/edit#gid=892995759
season_006,Sun Conference,100,person_minetube,Minetube,0.1020,,1000,42,https://docs.google.com/spreadsheets/d/11wxsKyCydVmDjp4kGLJAOLPM_LgwCLN2GYpbDQkNtkk/edit#gid=892995759
season_006,Sun Conference,100,person_parsifani,Parsifani,0.0000,,1000,42,https://docs.google.com/spreadsheets/d/11wxsKyCydVmDjp4kGLJAOLPM_LgwCLN2GYpbDQkNtkk/edit#gid=892995759
season_006,Sun Conference,100,person_pokebazi,PokeBazi,0.1070,,1000,42,https://docs.google.com/spreadsheets/d/11wxsKyCydVmDjp4kGLJAOLPM_LgwCLN2GYpbDQkNtkk/edit#gid=892995759
season_006,Sun Conference,100,person_present,PresentLP,0.0000,,1000,42,https://docs.google.com/spreadsheets/d/11wxsKyCydVmDjp4kGLJAOLPM_LgwCLN2GYpbDQkNtkk/edit#gid=892995759
season_006,Sun Conference,100,person_raizor,Raizor,0.0000,,1000,42,https://docs.google.com/spreadsheets/d/11wxsKyCydVmDjp4kGLJAOLPM_LgwCLN2GYpbDQkNtkk/edit#gid=892995759
season_006,Sun Conference,100,person_scoutley,Scoutley,0.0000,,1000,42,https://docs.google.com/spreadsheets/d/11wxsKyCydVmDjp4kGLJAOLPM_LgwCLN2GYpbDQkNtkk/edit#gid=892995759
season_006,Sun Conference,110,person_asalakoren,Asalakoren,0.0000,,1000,42,https://docs.google.com/spreadsheets/d/11wxsKyCydVmDjp4kGLJAOLPM_LgwCLN2GYpbDQkNtkk/edit#gid=892995759
season_006,Sun Conference,110,person_barry_d_sin_of_speed,Barry D. Sin of Speed,0.2510,,1000,42,https://docs.google.com/spreadsheets/d/11wxsKyCydVmDjp4kGLJAOLPM_LgwCLN2GYpbDQkNtkk/edit#gid=892995759
season_006,Sun Conference,110,person_blacklink,BlackLink,0.0000,,1000,42,https://docs.google.com/spreadsheets/d/11wxsKyCydVmDjp4kGLJAOLPM_LgwCLN2GYpbDQkNtkk/edit#gid=892995759
season_006,Sun Conference,110,person_hydronic,Hydronic,0.0000,,1000,42,https://docs.google.com/spreadsheets/d/11wxsKyCydVmDjp4kGLJAOLPM_LgwCLN2GYpbDQkNtkk/edit#gid=892995759
season_006,Sun Conference,110,person_lauris,Lauris,0.0000,,1000,42,https://docs.google.com/spreadsheets/d/11wxsKyCydVmDjp4kGLJAOLPM_LgwCLN2GYpbDQkNtkk/edit#gid=892995759
season_006,Sun Conference,110,person_maxi_von_vogel,Maxi von Vogel,0.0000,,1000,42,https://docs.google.com/spreadsheets/d/11wxsKyCydVmDjp4kGLJAOLPM_LgwCLN2GYpbDQkNtkk/edit#gid=892995759
season_006,Sun Conference,110,person_minetube,Minetube,0.0000,,1000,42,https://docs.google.com/spreadsheets/d/11wxsKyCydVmDjp4kGLJAOLPM_LgwCLN2GYpbDQkNtkk/edit#gid=892995759
season_006,Sun Conference,110,person_parsifani,Parsifani,0.0000,,1000,42,https://docs.google.com/spreadsheets/d/11wxsKyCydVmDjp4kGLJAOLPM_LgwCLN2GYpbDQkNtkk/edit#gid=892995759
season_006,Sun Conference,110,person_pokebazi,PokeBazi,0.2770,,1000,42,https://docs.google.com/spreadsheets/d/11wxsKyCydVmDjp4kGLJAOLPM_LgwCLN2GYpbDQkNtkk/edit#gid=892995759
season_006,Sun Conference,110,person_present,PresentLP,0.0000,,1000,42,https://docs.google.com/spreadsheets/d/11wxsKyCydVmDjp4kGLJAOLPM_LgwCLN2GYpbDQkNtkk/edit#gid=892995759
season_006,Sun Conference,110,person_raizor,Raizor,0.0000,,1000,42,https://docs.google.com/spreadsheets/d/11wxsKyCydVmDjp4kGLJAOLPM_LgwCLN2GYpbDQkNtkk/edit#gid=892995759
season_006,Sun Conference,110,person_scoutley,Scoutley,0.0000,,1000,42,https://docs.google.com/spreadsheets/d/11wxsKyCydVmDjp4kGLJAOLPM_LgwCLN2GYpbDQkNtkk/edit#gid=892995759
season_006,Sun Conference,120,person_asalakoren,Asalakoren,0.0000,,1000,42,https://docs.google.com/spreadsheets/d/11wxsKyCydVmDjp4kGLJAOLPM_LgwCLN2GYpbDQkNtkk/edit#gid=892995759
season_006,Sun Conference,120,person_barry_d_sin_of_speed,Barry D. Sin of Speed,0.5240,,1000,42,https://docs.google.com/spreadsheets/d/11wxsKyCydVmDjp4kGLJAOLPM_LgwCLN2GYpbDQkNtkk/edit#gid=892995759
season_006,Sun Conference,120,person_blacklink,BlackLink,0.0000,,1000,42,https://docs.google.com/spreadsheets/d/11wxsKyCydVmDjp4kGLJAOLPM_LgwCLN2GYpbDQkNtkk/edit#gid=892995759
season_006,Sun Conference,120,person_hydronic,Hydronic,0.0000,,1000,42,https://docs.google.com/spreadsheets/d/11wxsKyCydVmDjp4kGLJAOLPM_LgwCLN2GYpbDQkNtkk/edit#gid=892995759
season_006,Sun Conference,120,person_lauris,Lauris,0.0000,,1000,42,https://docs.google.com/spreadsheets/d/11wxsKyCydVmDjp4kGLJAOLPM_LgwCLN2GYpbDQkNtkk/edit#gid=892995759
season_006,Sun Conference,120,person_maxi_von_vogel,Maxi von Vogel,0.0000,,1000,42,https://docs.google.com/spreadsheets/d/11wxsKyCydVmDjp4kGLJAOLPM_LgwCLN2GYpbDQkNtkk/edit#gid=892995759
season_006,Sun Conference,120,person_minetube,Minetube,0.0000,,1000,42,https://docs.google.com/spreadsheets/d/11wxsKyCydVmDjp4kGLJAOLPM_LgwCLN2GYpbDQkNtkk/edit#gid=892995759
season_006,Sun Conference,120,person_parsifani,Parsifani,0.0000,,1000,42,https://docs.google.com/spreadsheets/d/11wxsKyCydVmDjp4kGLJAOLPM_LgwCLN2GYpbDQkNtkk/edit#gid=892995759
season_006,Sun Conference,120,person_pokebazi,PokeBazi,0.0000,,1000,42,https://docs.google.com/spreadsheets/d/11wxsKyCydVmDjp4kGLJAOLPM_LgwCLN2GYpbDQkNtkk/edit#gid=892995759
season_006,Sun Conference,120,person_present,PresentLP,0.0000,,1000,42,https://docs.google.com/spreadsheets/d/11wxsKyCydVmDjp4kGLJAOLPM_LgwCLN2GYpbDQkNtkk/edit#gid=892995759
season_006,Sun Conference,120,person_raizor,Raizor,0.0000,,1000,42,https://docs.google.com/spreadsheets/d/11wxsKyCydVmDjp4kGLJAOLPM_LgwCLN2GYpbDQkNtkk/edit#gid=892995759
season_006,Sun Conference,120,person_scoutley,Scoutley,0.0000,,1000,42,https://docs.google.com/spreadsheets/d/11wxsKyCydVmDjp4kGLJAOLPM_LgwCLN2GYpbDQkNtkk/edit#gid=892995759
season_006,Sun Conference,140,person_asalakoren,Asalakoren,0.0000,,1000,42,https://docs.google.com/spreadsheets/d/11wxsKyCydVmDjp4kGLJAOLPM_LgwCLN2GYpbDQkNtkk/edit#gid=892995759
season_006,Sun Conference,140,person_barry_d_sin_of_speed,Barry D. Sin of Speed,1.0000,,1000,42,https://docs.google.com/spreadsheets/d/11wxsKyCydVmDjp4kGLJAOLPM_LgwCLN2GYpbDQkNtkk/edit#gid=892995759
season_006,Sun Conference,140,person_blacklink,BlackLink,0.0000,,1000,42,https://docs.google.com/spreadsheets/d/11wxsKyCydVmDjp4kGLJAOLPM_LgwCLN2GYpbDQkNtkk/edit#gid=892995759
season_006,Sun Conference,140,person_hydronic,Hydronic,0.0000,,1000,42,https://docs.google.com/spreadsheets/d/11wxsKyCydVmDjp4kGLJAOLPM_LgwCLN2GYpbDQkNtkk/edit#gid=892995759
season_006,Sun Conference,140,person_lauris,Lauris,0.0000,,1000,42,https://docs.google.com/spreadsheets/d/11wxsKyCydVmDjp4kGLJAOLPM_LgwCLN2GYpbDQkNtkk/edit#gid=892995759
season_006,Sun Conference,140,person_maxi_von_vogel,Maxi von Vogel,0.0000,,1000,42,https://docs.google.com/spreadsheets/d/11wxsKyCydVmDjp4kGLJAOLPM_LgwCLN2GYpbDQkNtkk/edit#gid=892995759
season_006,Sun Conference,140,person_minetube,Minetube,0.0000,,1000,42,https://docs.google.com/spreadsheets/d/11wxsKyCydVmDjp4kGLJAOLPM_LgwCLN2GYpbDQkNtkk/edit#gid=892995759
season_006,Sun Conference,140,person_parsifani,Parsifani,0.0000,,1000,42,https://docs.google.com/spreadsheets/d/11wxsKyCydVmDjp4kGLJAOLPM_LgwCLN2GYpbDQkNtkk/edit#gid=892995759
season_006,Sun Conference,140,person_pokebazi,PokeBazi,0.0000,,1000,42,https://docs.google.com/spreadsheets/d/11wxsKyCydVmDjp4kGLJAOLPM_LgwCLN2GYpbDQkNtkk/edit#gid=892995759
season_006,Sun Conference,140,person_present,PresentLP,0.0000,,1000,42,https://docs.google.com/spreadsheets/d/11wxsKyCydVmDjp4kGLJAOLPM_LgwCLN2GYpbDQkNtkk/edit#gid=892995759
season_006,Sun Conference,140,person_raizor,Raizor,0.0000,,1000,42,https://docs.google.com/spreadsheets/d/11wxsKyCydVmDjp4kGLJAOLPM_LgwCLN2GYpbDQkNtkk/edit#gid=892995759
season_006,Sun Conference,140,person_scoutley,Scoutley,0.0000,,1000,42,https://docs.google.com/spreadsheets/d/11wxsKyCydVmDjp4kGLJAOLPM_LgwCLN2GYpbDQkNtkk/edit#gid=892995759
season_007,Regular Season,1,person_barry_d_sin_of_speed,Barry D. Sin of Speed,0.0270,,1000,42,https://docs.google.com/spreadsheets/d/1nwiq_ggEj7QePeZGMR2xoi0bEHJr_ZGO24YCRdt93No/edit#gid=1358421537
season_007,Regular Season,1,person_belmontgabriel,BelmontGabriel,0.1100,,1000,42,https://docs.google.com/spreadsheets/d/1nwiq_ggEj7QePeZGMR2xoi0bEHJr_ZGO24YCRdt93No/edit#gid=1358421537
season_007,Regular Season,1,person_bene,Bene,0.4080,,1000,42,https://docs.google.com/spreadsheets/d/1nwiq_ggEj7QePeZGMR2xoi0bEHJr_ZGO24YCRdt93No/edit#gid=1358421537
season_007,Regular Season,1,person_blacklink,BlackLink,0.0000,,1000,42,https://docs.google.com/spreadsheets/d/1nwiq_ggEj7QePeZGMR2xoi0bEHJr_ZGO24YCRdt93No/edit#gid=1358421537
season_007,Regular Season,1,person_captaincrinch,CaptainCrinch,0.0310,,1000,42,https://docs.google.com/spreadsheets/d/1nwiq_ggEj7QePeZGMR2xoi0bEHJr_ZGO24YCRdt93No/edit#gid=1358421537
season_007,Regular Season,1,person_dauni_daunstar,Dauni,0.0130,,1000,42,https://docs.google.com/spreadsheets/d/1nwiq_ggEj7QePeZGMR2xoi0bEHJr_ZGO24YCRdt93No/edit#gid=1358421537
season_007,Regular Season,1,person_elektechn9ne,ElektechN9ne,0.1080,,1000,42,https://docs.google.com/spreadsheets/d/1nwiq_ggEj7QePeZGMR2xoi0bEHJr_ZGO24YCRdt93No/edit#gid=1358421537
season_007,Regular Season,1,person_hydronic,Hydronic,0.0000,,1000,42,https://docs.google.com/spreadsheets/d/1nwiq_ggEj7QePeZGMR2xoi0bEHJr_ZGO24YCRdt93No/edit#gid=1358421537
season_007,Regular Season,1,person_nestfloh,Nestfloh,0.0250,,1000,42,https://docs.google.com/spreadsheets/d/1nwiq_ggEj7QePeZGMR2xoi0bEHJr_ZGO24YCRdt93No/edit#gid=1358421537
season_007,Regular Season,1,person_pokebazi,PokeBazi,0.1080,,1000,42,https://docs.google.com/spreadsheets/d/1nwiq_ggEj7QePeZGMR2xoi0bEHJr_ZGO24YCRdt93No/edit#gid=1358421537
season_007,Regular Season,1,person_present,PresentLP,0.0340,,1000,42,https://docs.google.com/spreadsheets/d/1nwiq_ggEj7QePeZGMR2xoi0bEHJr_ZGO24YCRdt93No/edit#gid=1358421537
season_007,Regular Season,1,person_raizor,Raizor,0.0000,,1000,42,https://docs.google.com/spreadsheets/d/1nwiq_ggEj7QePeZGMR2xoi0bEHJr_ZGO24YCRdt93No/edit#gid=1358421537
season_007,Regular Season,1,person_regibang,RegiBang,0.0030,,1000,42,https://docs.google.com/spreadsheets/d/1nwiq_ggEj7QePeZGMR2xoi0bEHJr_ZGO24YCRdt93No/edit#gid=1358421537
season_007,Regular Season,1,person_tabasco_tv,Tabasco TV,0.1330,,1000,42,https://docs.google.com/spreadsheets/d/1nwiq_ggEj7QePeZGMR2xoi0bEHJr_ZGO24YCRdt93No/edit#gid=1358421537
season_007,Regular Season,2,person_barry_d_sin_of_speed,Barry D. Sin of Speed,0.0030,,1000,42,https://docs.google.com/spreadsheets/d/1nwiq_ggEj7QePeZGMR2xoi0bEHJr_ZGO24YCRdt93No/edit#gid=1358421537
season_007,Regular Season,2,person_belmontgabriel,BelmontGabriel,0.0500,,1000,42,https://docs.google.com/spreadsheets/d/1nwiq_ggEj7QePeZGMR2xoi0bEHJr_ZGO24YCRdt93No/edit#gid=1358421537
season_007,Regular Season,2,person_bene,Bene,0.2000,,1000,42,https://docs.google.com/spreadsheets/d/1nwiq_ggEj7QePeZGMR2xoi0bEHJr_ZGO24YCRdt93No/edit#gid=1358421537
season_007,Regular Season,2,person_blacklink,BlackLink,0.0110,,1000,42,https://docs.google.com/spreadsheets/d/1nwiq_ggEj7QePeZGMR2xoi0bEHJr_ZGO24YCRdt93No/edit#gid=1358421537
season_007,Regular Season,2,person_captaincrinch,CaptainCrinch,0.0840,,1000,42,https://docs.google.com/spreadsheets/d/1nwiq_ggEj7QePeZGMR2xoi0bEHJr_ZGO24YCRdt93No/edit#gid=1358421537
season_007,Regular Season,2,person_dauni_daunstar,Dauni,0.0710,,1000,42,https://docs.google.com/spreadsheets/d/1nwiq_ggEj7QePeZGMR2xoi0bEHJr_ZGO24YCRdt93No/edit#gid=1358421537
season_007,Regular Season,2,person_elektechn9ne,ElektechN9ne,0.0400,,1000,42,https://docs.google.com/spreadsheets/d/1nwiq_ggEj7QePeZGMR2xoi0bEHJr_ZGO24YCRdt93No/edit#gid=1358421537
season_007,Regular Season,2,person_hydronic,Hydronic,0.0010,,1000,42,https://docs.google.com/spreadsheets/d/1nwiq_ggEj7QePeZGMR2xoi0bEHJr_ZGO24YCRdt93No/edit#gid=1358421537
season_007,Regular Season,2,person_nestfloh,Nestfloh,0.1110,,1000,42,https://docs.google.com/spreadsheets/d/1nwiq_ggEj7QePeZGMR2xoi0bEHJr_ZGO24YCRdt93No/edit#gid=1358421537
season_007,Regular Season,2,person_pokebazi,PokeBazi,0.0530,,1000,42,https://docs.google.com/spreadsheets/d/1nwiq_ggEj7QePeZGMR2xoi0bEHJr_ZGO24YCRdt93No/edit#gid=1358421537
season_007,Regular Season,2,person_present,PresentLP,0.0190,,1000,42,https://docs.google.com/spreadsheets/d/1nwiq_ggEj7QePeZGMR2xoi0bEHJr_ZGO24YCRdt93No/edit#gid=1358421537
season_007,Regular Season,2,person_raizor,Raizor,0.0000,,1000,42,https://docs.google.com/spreadsheets/d/1nwiq_ggEj7QePeZGMR2xoi0bEHJr_ZGO24YCRdt93No/edit#gid=1358421537
season_007,Regular Season,2,person_regibang,RegiBang,0.0130,,1000,42,https://docs.google.com/spreadsheets/d/1nwiq_ggEj7QePeZGMR2xoi0bEHJr_ZGO24YCRdt93No/edit#gid=1358421537
season_007,Regular Season,2,person_tabasco_tv,Tabasco TV,0.3440,,1000,42,https://docs.google.com/spreadsheets/d/1nwiq_ggEj7QePeZGMR2xoi0bEHJr_ZGO24YCRdt93No/edit#gid=1358421537
season_007,Regular Season,3,person_barry_d_sin_of_speed,Barry D. Sin of Speed,0.0010,,1000,42,https://docs.google.com/spreadsheets/d/1nwiq_ggEj7QePeZGMR2xoi0bEHJr_ZGO24YCRdt93No/edit#gid=1358421537
season_007,Regular Season,3,person_belmontgabriel,BelmontGabriel,0.0100,,1000,42,https://docs.google.com/spreadsheets/d/1nwiq_ggEj7QePeZGMR2xoi0bEHJr_ZGO24YCRdt93No/edit#gid=1358421537
season_007,Regular Season,3,person_bene,Bene,0.2050,,1000,42,https://docs.google.com/spreadsheets/d/1nwiq_ggEj7QePeZGMR2xoi0bEHJr_ZGO24YCRdt93No/edit#gid=1358421537
season_007,Regular Season,3,person_blacklink,BlackLink,0.0150,,1000,42,https://docs.google.com/spreadsheets/d/1nwiq_ggEj7QePeZGMR2xoi0bEHJr_ZGO24YCRdt93No/edit#gid=1358421537
season_007,Regular Season,3,person_captaincrinch,CaptainCrinch,0.0110,,1000,42,https://docs.google.com/spreadsheets/d/1nwiq_ggEj7QePeZGMR2xoi0bEHJr_ZGO24YCRdt93No/edit#gid=1358421537
season_007,Regular Season,3,person_dauni_daunstar,Dauni,0.0750,,1000,42,https://docs.google.com/spreadsheets/d/1nwiq_ggEj7QePeZGMR2xoi0bEHJr_ZGO24YCRdt93No/edit#gid=1358421537
season_007,Regular Season,3,person_elektechn9ne,ElektechN9ne,0.0680,,1000,42,https://docs.google.com/spreadsheets/d/1nwiq_ggEj7QePeZGMR2xoi0bEHJr_ZGO24YCRdt93No/edit#gid=1358421537
season_007,Regular Season,3,person_hydronic,Hydronic,0.0010,,1000,42,https://docs.google.com/spreadsheets/d/1nwiq_ggEj7QePeZGMR2xoi0bEHJr_ZGO24YCRdt93No/edit#gid=1358421537
season_007,Regular Season,3,person_nestfloh,Nestfloh,0.1940,,1000,42,https://docs.google.com/spreadsheets/d/1nwiq_ggEj7QePeZGMR2xoi0bEHJr_ZGO24YCRdt93No/edit#gid=1358421537
season_007,Regular Season,3,person_pokebazi,PokeBazi,0.0690,,1000,42,https://docs.google.com/spreadsheets/d/1nwiq_ggEj7QePeZGMR2xoi0bEHJr_ZGO24YCRdt93No/edit#gid=1358421537
season_007,Regular Season,3,person_present,PresentLP,0.0020,,1000,42,https://docs.google.com/spreadsheets/d/1nwiq_ggEj7QePeZGMR2xoi0bEHJr_ZGO24YCRdt93No/edit#gid=1358421537
season_007,Regular Season,3,person_raizor,Raizor,0.0000,,1000,42,https://docs.google.com/spreadsheets/d/1nwiq_ggEj7QePeZGMR2xoi0bEHJr_ZGO24YCRdt93No/edit#gid=1358421537
season_007,Regular Season,3,person_regibang,RegiBang,0.0010,,1000,42,https://docs.google.com/spreadsheets/d/1nwiq_ggEj7QePeZGMR2xoi0bEHJr_ZGO24YCRdt93No/edit#gid=1358421537
season_007,Regular Season,3,person_tabasco_tv,Tabasco TV,0.3480,,1000,42,https://docs.google.com/spreadsheets/d/1nwiq_ggEj7QePeZGMR2xoi0bEHJr_ZGO24YCRdt93No/edit#gid=1358421537
season_007,Regular Season,4,person_barry_d_sin_of_speed,Barry D. Sin of Speed,0.0010,,1000,42,https://docs.google.com/spreadsheets/d/1nwiq_ggEj7QePeZGMR2xoi0bEHJr_ZGO24YCRdt93No/edit#gid=1358421537
season_007,Regular Season,4,person_belmontgabriel,BelmontGabriel,0.0220,,1000,42,https://docs.google.com/spreadsheets/d/1nwiq_ggEj7QePeZGMR2xoi0bEHJr_ZGO24YCRdt93No/edit#gid=1358421537
season_007,Regular Season,4,person_bene,Bene,0.0510,,1000,42,https://docs.google.com/spreadsheets/d/1nwiq_ggEj7QePeZGMR2xoi0bEHJr_ZGO24YCRdt93No/edit#gid=1358421537
season_007,Regular Season,4,person_blacklink,BlackLink,0.0040,,1000,42,https://docs.google.com/spreadsheets/d/1nwiq_ggEj7QePeZGMR2xoi0bEHJr_ZGO24YCRdt93No/edit#gid=1358421537
season_007,Regular Season,4,person_captaincrinch,CaptainCrinch,0.0020,,1000,42,https://docs.google.com/spreadsheets/d/1nwiq_ggEj7QePeZGMR2xoi0bEHJr_ZGO24YCRdt93No/edit#gid=1358421537
season_007,Regular Season,4,person_dauni_daunstar,Dauni,0.1400,,1000,42,https://docs.google.com/spreadsheets/d/1nwiq_ggEj7QePeZGMR2xoi0bEHJr_ZGO24YCRdt93No/edit#gid=1358421537
season_007,Regular Season,4,person_elektechn9ne,ElektechN9ne,0.1240,,1000,42,https://docs.google.com/spreadsheets/d/1nwiq_ggEj7QePeZGMR2xoi0bEHJr_ZGO24YCRdt93No/edit#gid=1358421537
season_007,Regular Season,4,person_hydronic,Hydronic,0.0000,,1000,42,https://docs.google.com/spreadsheets/d/1nwiq_ggEj7QePeZGMR2xoi0bEHJr_ZGO24YCRdt93No/edit#gid=1358421537
season_007,Regular Season,4,person_nestfloh,Nestfloh,0.4910,,1000,42,https://docs.google.com/spreadsheets/d/1nwiq_ggEj7QePeZGMR2xoi0bEHJr_ZGO24YCRdt93No/edit#gid=1358421537
season_007,Regular Season,4,person_pokebazi,PokeBazi,0.0280,,1000,42,https://docs.google.com/spreadsheets/d/1nwiq_ggEj7QePeZGMR2xoi0bEHJr_ZGO24YCRdt93No/edit#gid=1358421537
season_007,Regular Season,4,person_present,PresentLP,0.0070,,1000,42,https://docs.google.com/spreadsheets/d/1nwiq_ggEj7QePeZGMR2xoi0bEHJr_ZGO24YCRdt93No/edit#gid=1358421537
season_007,Regular Season,4,person_raizor,Raizor,0.0000,,1000,42,https://docs.google.com/spreadsheets/d/1nwiq_ggEj7QePeZGMR2xoi0bEHJr_ZGO24YCRdt93No/edit#gid=1358421537
season_007,Regular Season,4,person_regibang,RegiBang,0.0010,,1000,42,https://docs.google.com/spreadsheets/d/1nwiq_ggEj7QePeZGMR2xoi0bEHJr_ZGO24YCRdt93No/edit#gid=1358421537
season_007,Regular Season,4,person_tabasco_tv,Tabasco TV,0.1290,,1000,42,https://docs.google.com/spreadsheets/d/1nwiq_ggEj7QePeZGMR2xoi0bEHJr_ZGO24YCRdt93No/edit#gid=1358421537
season_007,Regular Season,5,person_barry_d_sin_of_speed,Barry D. Sin of Speed,0.0000,,1000,42,https://docs.google.com/spreadsheets/d/1nwiq_ggEj7QePeZGMR2xoi0bEHJr_ZGO24YCRdt93No/edit#gid=1358421537
season_007,Regular Season,5,person_belmontgabriel,BelmontGabriel,0.0290,,1000,42,https://docs.google.com/spreadsheets/d/1nwiq_ggEj7QePeZGMR2xoi0bEHJr_ZGO24YCRdt93No/edit#gid=1358421537
season_007,Regular Season,5,person_bene,Bene,0.0750,,1000,42,https://docs.google.com/spreadsheets/d/1nwiq_ggEj7QePeZGMR2xoi0bEHJr_ZGO24YCRdt93No/edit#gid=1358421537
season_007,Regular Season,5,person_blacklink,BlackLink,0.0000,,1000,42,https://docs.google.com/spreadsheets/d/1nwiq_ggEj7QePeZGMR2xoi0bEHJr_ZGO24YCRdt93No/edit#gid=1358421537
season_007,Regular Season,5,person_captaincrinch,CaptainCrinch,0.0000,,1000,42,https://docs.google.com/spreadsheets/d/1nwiq_ggEj7QePeZGMR2xoi0bEHJr_ZGO24YCRdt93No/edit#gid=1358421537
season_007,Regular Season,5,person_dauni_daunstar,Dauni,0.0280,,1000,42,https://docs.google.com/spreadsheets/d/1nwiq_ggEj7QePeZGMR2xoi0bEHJr_ZGO24YCRdt93No/edit#gid=1358421537
season_007,Regular Season,5,person_elektechn9ne,ElektechN9ne,0.0330,,1000,42,https://docs.google.com/spreadsheets/d/1nwiq_ggEj7QePeZGMR2xoi0bEHJr_ZGO24YCRdt93No/edit#gid=1358421537
season_007,Regular Season,5,person_hydronic,Hydronic,0.0040,,1000,42,https://docs.google.com/spreadsheets/d/1nwiq_ggEj7QePeZGMR2xoi0bEHJr_ZGO24YCRdt93No/edit#gid=1358421537
season_007,Regular Season,5,person_nestfloh,Nestfloh,0.6100,,1000,42,https://docs.google.com/spreadsheets/d/1nwiq_ggEj7QePeZGMR2xoi0bEHJr_ZGO24YCRdt93No/edit#gid=1358421537
season_007,Regular Season,5,person_pokebazi,PokeBazi,0.0010,,1000,42,https://docs.google.com/spreadsheets/d/1nwiq_ggEj7QePeZGMR2xoi0bEHJr_ZGO24YCRdt93No/edit#gid=1358421537
season_007,Regular Season,5,person_present,PresentLP,0.0060,,1000,42,https://docs.google.com/spreadsheets/d/1nwiq_ggEj7QePeZGMR2xoi0bEHJr_ZGO24YCRdt93No/edit#gid=1358421537
season_007,Regular Season,5,person_raizor,Raizor,0.0000,,1000,42,https://docs.google.com/spreadsheets/d/1nwiq_ggEj7QePeZGMR2xoi0bEHJr_ZGO24YCRdt93No/edit#gid=1358421537
season_007,Regular Season,5,person_regibang,RegiBang,0.0010,,1000,42,https://docs.google.com/spreadsheets/d/1nwiq_ggEj7QePeZGMR2xoi0bEHJr_ZGO24YCRdt93No/edit#gid=1358421537
season_007,Regular Season,5,person_tabasco_tv,Tabasco TV,0.2130,,1000,42,https://docs.google.com/spreadsheets/d/1nwiq_ggEj7QePeZGMR2xoi0bEHJr_ZGO24YCRdt93No/edit#gid=1358421537
season_007,Regular Season,6,person_barry_d_sin_of_speed,Barry D. Sin of Speed,0.0000,,1000,42,https://docs.google.com/spreadsheets/d/1nwiq_ggEj7QePeZGMR2xoi0bEHJr_ZGO24YCRdt93No/edit#gid=1358421537
season_007,Regular Season,6,person_belmontgabriel,BelmontGabriel,0.0520,,1000,42,https://docs.google.com/spreadsheets/d/1nwiq_ggEj7QePeZGMR2xoi0bEHJr_ZGO24YCRdt93No/edit#gid=1358421537
season_007,Regular Season,6,person_bene,Bene,0.0060,,1000,42,https://docs.google.com/spreadsheets/d/1nwiq_ggEj7QePeZGMR2xoi0bEHJr_ZGO24YCRdt93No/edit#gid=1358421537
season_007,Regular Season,6,person_blacklink,BlackLink,0.0000,,1000,42,https://docs.google.com/spreadsheets/d/1nwiq_ggEj7QePeZGMR2xoi0bEHJr_ZGO24YCRdt93No/edit#gid=1358421537
season_007,Regular Season,6,person_captaincrinch,CaptainCrinch,0.0000,,1000,42,https://docs.google.com/spreadsheets/d/1nwiq_ggEj7QePeZGMR2xoi0bEHJr_ZGO24YCRdt93No/edit#gid=1358421537
season_007,Regular Season,6,person_dauni_daunstar,Dauni,0.0290,,1000,42,https://docs.google.com/spreadsheets/d/1nwiq_ggEj7QePeZGMR2xoi0bEHJr_ZGO24YCRdt93No/edit#gid=1358421537
season_007,Regular Season,6,person_elektechn9ne,ElektechN9ne,0.0020,,1000,42,https://docs.google.com/spreadsheets/d/1nwiq_ggEj7QePeZGMR2xoi0bEHJr_ZGO24YCRdt93No/edit#gid=1358421537
season_007,Regular Season,6,person_hydronic,Hydronic,0.0000,,1000,42,https://docs.google.com/spreadsheets/d/1nwiq_ggEj7QePeZGMR2xoi0bEHJr_ZGO24YCRdt93No/edit#gid=1358421537
season_007,Regular Season,6,person_nestfloh,Nestfloh,0.6780,,1000,42,https://docs.google.com/spreadsheets/d/1nwiq_ggEj7QePeZGMR2xoi0bEHJr_ZGO24YCRdt93No/edit#gid=1358421537
season_007,Regular Season,6,person_pokebazi,PokeBazi,0.0000,,1000,42,https://docs.google.com/spreadsheets/d/1nwiq_ggEj7QePeZGMR2xoi0bEHJr_ZGO24YCRdt93No/edit#gid=1358421537
season_007,Regular Season,6,person_present,PresentLP,0.0070,,1000,42,https://docs.google.com/spreadsheets/d/1nwiq_ggEj7QePeZGMR2xoi0bEHJr_ZGO24YCRdt93No/edit#gid=1358421537
season_007,Regular Season,6,person_raizor,Raizor,0.0000,,1000,42,https://docs.google.com/spreadsheets/d/1nwiq_ggEj7QePeZGMR2xoi0bEHJr_ZGO24YCRdt93No/edit#gid=1358421537
season_007,Regular Season,6,person_regibang,RegiBang,0.0000,,1000,42,https://docs.google.com/spreadsheets/d/1nwiq_ggEj7QePeZGMR2xoi0bEHJr_ZGO24YCRdt93No/edit#gid=1358421537
season_007,Regular Season,6,person_tabasco_tv,Tabasco TV,0.2260,,1000,42,https://docs.google.com/spreadsheets/d/1nwiq_ggEj7QePeZGMR2xoi0bEHJr_ZGO24YCRdt93No/edit#gid=1358421537
season_007,Regular Season,7,person_barry_d_sin_of_speed,Barry D. Sin of Speed,0.0000,,1000,42,https://docs.google.com/spreadsheets/d/1nwiq_ggEj7QePeZGMR2xoi0bEHJr_ZGO24YCRdt93No/edit#gid=1358421537
season_007,Regular Season,7,person_belmontgabriel,BelmontGabriel,0.0250,,1000,42,https://docs.google.com/spreadsheets/d/1nwiq_ggEj7QePeZGMR2xoi0bEHJr_ZGO24YCRdt93No/edit#gid=1358421537
season_007,Regular Season,7,person_bene,Bene,0.0260,,1000,42,https://docs.google.com/spreadsheets/d/1nwiq_ggEj7QePeZGMR2xoi0bEHJr_ZGO24YCRdt93No/edit#gid=1358421537
season_007,Regular Season,7,person_blacklink,BlackLink,0.0000,,1000,42,https://docs.google.com/spreadsheets/d/1nwiq_ggEj7QePeZGMR2xoi0bEHJr_ZGO24YCRdt93No/edit#gid=1358421537
season_007,Regular Season,7,person_captaincrinch,CaptainCrinch,0.0010,,1000,42,https://docs.google.com/spreadsheets/d/1nwiq_ggEj7QePeZGMR2xoi0bEHJr_ZGO24YCRdt93No/edit#gid=1358421537
season_007,Regular Season,7,person_dauni_daunstar,Dauni,0.1880,,1000,42,https://docs.google.com/spreadsheets/d/1nwiq_ggEj7QePeZGMR2xoi0bEHJr_ZGO24YCRdt93No/edit#gid=1358421537
season_007,Regular Season,7,person_elektechn9ne,ElektechN9ne,0.0150,,1000,42,https://docs.google.com/spreadsheets/d/1nwiq_ggEj7QePeZGMR2xoi0bEHJr_ZGO24YCRdt93No/edit#gid=1358421537
season_007,Regular Season,7,person_hydronic,Hydronic,0.0000,,1000,42,https://docs.google.com/spreadsheets/d/1nwiq_ggEj7QePeZGMR2xoi0bEHJr_ZGO24YCRdt93No/edit#gid=1358421537
season_007,Regular Season,7,person_nestfloh,Nestfloh,0.5240,,1000,42,https://docs.google.com/spreadsheets/d/1nwiq_ggEj7QePeZGMR2xoi0bEHJr_ZGO24YCRdt93No/edit#gid=1358421537
season_007,Regular Season,7,person_pokebazi,PokeBazi,0.0010,,1000,42,https://docs.google.com/spreadsheets/d/1nwiq_ggEj7QePeZGMR2xoi0bEHJr_ZGO24YCRdt93No/edit#gid=1358421537
season_007,Regular Season,7,person_present,PresentLP,0.0320,,1000,42,https://docs.google.com/spreadsheets/d/1nwiq_ggEj7QePeZGMR2xoi0bEHJr_ZGO24YCRdt93No/edit#gid=1358421537
season_007,Regular Season,7,person_raizor,Raizor,0.0000,,1000,42,https://docs.google.com/spreadsheets/d/1nwiq_ggEj7QePeZGMR2xoi0bEHJr_ZGO24YCRdt93No/edit#gid=1358421537
season_007,Regular Season,7,person_regibang,RegiBang,0.0000,,1000,42,https://docs.google.com/spreadsheets/d/1nwiq_ggEj7QePeZGMR2xoi0bEHJr_ZGO24YCRdt93No/edit#gid=1358421537
season_007,Regular Season,7,person_tabasco_tv,Tabasco TV,0.1880,,1000,42,https://docs.google.com/spreadsheets/d/1nwiq_ggEj7QePeZGMR2xoi0bEHJr_ZGO24YCRdt93No/edit#gid=1358421537
season_007,Regular Season,8,person_barry_d_sin_of_speed,Barry D. Sin of Speed,0.0000,,1000,42,https://docs.google.com/spreadsheets/d/1nwiq_ggEj7QePeZGMR2xoi0bEHJr_ZGO24YCRdt93No/edit#gid=1358421537
season_007,Regular Season,8,person_belmontgabriel,BelmontGabriel,0.0010,,1000,42,https://docs.google.com/spreadsheets/d/1nwiq_ggEj7QePeZGMR2xoi0bEHJr_ZGO24YCRdt93No/edit#gid=1358421537
season_007,Regular Season,8,person_bene,Bene,0.0300,,1000,42,https://docs.google.com/spreadsheets/d/1nwiq_ggEj7QePeZGMR2xoi0bEHJr_ZGO24YCRdt93No/edit#gid=1358421537
season_007,Regular Season,8,person_blacklink,BlackLink,0.0000,,1000,42,https://docs.google.com/spreadsheets/d/1nwiq_ggEj7QePeZGMR2xoi0bEHJr_ZGO24YCRdt93No/edit#gid=1358421537
season_007,Regular Season,8,person_captaincrinch,CaptainCrinch,0.0000,,1000,42,https://docs.google.com/spreadsheets/d/1nwiq_ggEj7QePeZGMR2xoi0bEHJr_ZGO24YCRdt93No/edit#gid=1358421537
season_007,Regular Season,8,person_dauni_daunstar,Dauni,0.1580,,1000,42,https://docs.google.com/spreadsheets/d/1nwiq_ggEj7QePeZGMR2xoi0bEHJr_ZGO24YCRdt93No/edit#gid=1358421537
season_007,Regular Season,8,person_elektechn9ne,ElektechN9ne,0.0010,,1000,42,https://docs.google.com/spreadsheets/d/1nwiq_ggEj7QePeZGMR2xoi0bEHJr_ZGO24YCRdt93No/edit#gid=1358421537
season_007,Regular Season,8,person_hydronic,Hydronic,0.0000,,1000,42,https://docs.google.com/spreadsheets/d/1nwiq_ggEj7QePeZGMR2xoi0bEHJr_ZGO24YCRdt93No/edit#gid=1358421537
season_007,Regular Season,8,person_nestfloh,Nestfloh,0.6420,,1000,42,https://docs.google.com/spreadsheets/d/1nwiq_ggEj7QePeZGMR2xoi0bEHJr_ZGO24YCRdt93No/edit#gid=1358421537
season_007,Regular Season,8,person_pokebazi,PokeBazi,0.0000,,1000,42,https://docs.google.com/spreadsheets/d/1nwiq_ggEj7QePeZGMR2xoi0bEHJr_ZGO24YCRdt93No/edit#gid=1358421537
season_007,Regular Season,8,person_present,PresentLP,0.0020,,1000,42,https://docs.google.com/spreadsheets/d/1nwiq_ggEj7QePeZGMR2xoi0bEHJr_ZGO24YCRdt93No/edit#gid=1358421537
season_007,Regular Season,8,person_raizor,Raizor,0.0000,,1000,42,https://docs.google.com/spreadsheets/d/1nwiq_ggEj7QePeZGMR2xoi0bEHJr_ZGO24YCRdt93No/edit#gid=1358421537
season_007,Regular Season,8,person_regibang,RegiBang,0.0000,,1000,42,https://docs.google.com/spreadsheets/d/1nwiq_ggEj7QePeZGMR2xoi0bEHJr_ZGO24YCRdt93No/edit#gid=1358421537
season_007,Regular Season,8,person_tabasco_tv,Tabasco TV,0.1660,,1000,42,https://docs.google.com/spreadsheets/d/1nwiq_ggEj7QePeZGMR2xoi0bEHJr_ZGO24YCRdt93No/edit#gid=1358421537
season_007,Regular Season,9,person_barry_d_sin_of_speed,Barry D. Sin of Speed,0.0000,,1000,42,https://docs.google.com/spreadsheets/d/1nwiq_ggEj7QePeZGMR2xoi0bEHJr_ZGO24YCRdt93No/edit#gid=1358421537
season_007,Regular Season,9,person_belmontgabriel,BelmontGabriel,0.0000,,1000,42,https://docs.google.com/spreadsheets/d/1nwiq_ggEj7QePeZGMR2xoi0bEHJr_ZGO24YCRdt93No/edit#gid=1358421537
season_007,Regular Season,9,person_bene,Bene,0.0000,,1000,42,https://docs.google.com/spreadsheets/d/1nwiq_ggEj7QePeZGMR2xoi0bEHJr_ZGO24YCRdt93No/edit#gid=1358421537
season_007,Regular Season,9,person_blacklink,BlackLink,0.0000,,1000,42,https://docs.google.com/spreadsheets/d/1nwiq_ggEj7QePeZGMR2xoi0bEHJr_ZGO24YCRdt93No/edit#gid=1358421537
season_007,Regular Season,9,person_captaincrinch,CaptainCrinch,0.0000,,1000,42,https://docs.google.com/spreadsheets/d/1nwiq_ggEj7QePeZGMR2xoi0bEHJr_ZGO24YCRdt93No/edit#gid=1358421537
season_007,Regular Season,9,person_dauni_daunstar,Dauni,0.1240,,1000,42,https://docs.google.com/spreadsheets/d/1nwiq_ggEj7QePeZGMR2xoi0bEHJr_ZGO24YCRdt93No/edit#gid=1358421537
season_007,Regular Season,9,person_elektechn9ne,ElektechN9ne,0.0000,,1000,42,https://docs.google.com/spreadsheets/d/1nwiq_ggEj7QePeZGMR2xoi0bEHJr_ZGO24YCRdt93No/edit#gid=1358421537
season_007,Regular Season,9,person_hydronic,Hydronic,0.0000,,1000,42,https://docs.google.com/spreadsheets/d/1nwiq_ggEj7QePeZGMR2xoi0bEHJr_ZGO24YCRdt93No/edit#gid=1358421537
season_007,Regular Season,9,person_nestfloh,Nestfloh,0.7230,,1000,42,https://docs.google.com/spreadsheets/d/1nwiq_ggEj7QePeZGMR2xoi0bEHJr_ZGO24YCRdt93No/edit#gid=1358421537
season_007,Regular Season,9,person_pokebazi,PokeBazi,0.0000,,1000,42,https://docs.google.com/spreadsheets/d/1nwiq_ggEj7QePeZGMR2xoi0bEHJr_ZGO24YCRdt93No/edit#gid=1358421537
season_007,Regular Season,9,person_present,PresentLP,0.0000,,1000,42,https://docs.google.com/spreadsheets/d/1nwiq_ggEj7QePeZGMR2xoi0bEHJr_ZGO24YCRdt93No/edit#gid=1358421537
season_007,Regular Season,9,person_raizor,Raizor,0.0000,,1000,42,https://docs.google.com/spreadsheets/d/1nwiq_ggEj7QePeZGMR2xoi0bEHJr_ZGO24YCRdt93No/edit#gid=1358421537
season_007,Regular Season,9,person_regibang,RegiBang,0.0000,,1000,42,https://docs.google.com/spreadsheets/d/1nwiq_ggEj7QePeZGMR2xoi0bEHJr_ZGO24YCRdt93No/edit#gid=1358421537
season_007,Regular Season,9,person_tabasco_tv,Tabasco TV,0.1530,,1000,42,https://docs.google.com/spreadsheets/d/1nwiq_ggEj7QePeZGMR2xoi0bEHJr_ZGO24YCRdt93No/edit#gid=1358421537
season_007,Regular Season,10,person_barry_d_sin_of_speed,Barry D. Sin of Speed,0.0000,,1000,42,https://docs.google.com/spreadsheets/d/1nwiq_ggEj7QePeZGMR2xoi0bEHJr_ZGO24YCRdt93No/edit#gid=1358421537
season_007,Regular Season,10,person_belmontgabriel,BelmontGabriel,0.0000,,1000,42,https://docs.google.com/spreadsheets/d/1nwiq_ggEj7QePeZGMR2xoi0bEHJr_ZGO24YCRdt93No/edit#gid=1358421537
season_007,Regular Season,10,person_bene,Bene,0.0000,,1000,42,https://docs.google.com/spreadsheets/d/1nwiq_ggEj7QePeZGMR2xoi0bEHJr_ZGO24YCRdt93No/edit#gid=1358421537
season_007,Regular Season,10,person_blacklink,BlackLink,0.0000,,1000,42,https://docs.google.com/spreadsheets/d/1nwiq_ggEj7QePeZGMR2xoi0bEHJr_ZGO24YCRdt93No/edit#gid=1358421537
season_007,Regular Season,10,person_captaincrinch,CaptainCrinch,0.0000,,1000,42,https://docs.google.com/spreadsheets/d/1nwiq_ggEj7QePeZGMR2xoi0bEHJr_ZGO24YCRdt93No/edit#gid=1358421537
season_007,Regular Season,10,person_dauni_daunstar,Dauni,0.1270,,1000,42,https://docs.google.com/spreadsheets/d/1nwiq_ggEj7QePeZGMR2xoi0bEHJr_ZGO24YCRdt93No/edit#gid=1358421537
season_007,Regular Season,10,person_elektechn9ne,ElektechN9ne,0.0000,,1000,42,https://docs.google.com/spreadsheets/d/1nwiq_ggEj7QePeZGMR2xoi0bEHJr_ZGO24YCRdt93No/edit#gid=1358421537
season_007,Regular Season,10,person_hydronic,Hydronic,0.0000,,1000,42,https://docs.google.com/spreadsheets/d/1nwiq_ggEj7QePeZGMR2xoi0bEHJr_ZGO24YCRdt93No/edit#gid=1358421537
season_007,Regular Season,10,person_nestfloh,Nestfloh,0.8590,,1000,42,https://docs.google.com/spreadsheets/d/1nwiq_ggEj7QePeZGMR2xoi0bEHJr_ZGO24YCRdt93No/edit#gid=1358421537
season_007,Regular Season,10,person_pokebazi,PokeBazi,0.0000,,1000,42,https://docs.google.com/spreadsheets/d/1nwiq_ggEj7QePeZGMR2xoi0bEHJr_ZGO24YCRdt93No/edit#gid=1358421537
season_007,Regular Season,10,person_present,PresentLP,0.0000,,1000,42,https://docs.google.com/spreadsheets/d/1nwiq_ggEj7QePeZGMR2xoi0bEHJr_ZGO24YCRdt93No/edit#gid=1358421537
season_007,Regular Season,10,person_raizor,Raizor,0.0000,,1000,42,https://docs.google.com/spreadsheets/d/1nwiq_ggEj7QePeZGMR2xoi0bEHJr_ZGO24YCRdt93No/edit#gid=1358421537
season_007,Regular Season,10,person_regibang,RegiBang,0.0000,,1000,42,https://docs.google.com/spreadsheets/d/1nwiq_ggEj7QePeZGMR2xoi0bEHJr_ZGO24YCRdt93No/edit#gid=1358421537
season_007,Regular Season,10,person_tabasco_tv,Tabasco TV,0.0140,,1000,42,https://docs.google.com/spreadsheets/d/1nwiq_ggEj7QePeZGMR2xoi0bEHJr_ZGO24YCRdt93No/edit#gid=1358421537
season_007,Regular Season,11,person_barry_d_sin_of_speed,Barry D. Sin of Speed,0.0000,,1000,42,https://docs.google.com/spreadsheets/d/1nwiq_ggEj7QePeZGMR2xoi0bEHJr_ZGO24YCRdt93No/edit#gid=1358421537
season_007,Regular Season,11,person_belmontgabriel,BelmontGabriel,0.0000,,1000,42,https://docs.google.com/spreadsheets/d/1nwiq_ggEj7QePeZGMR2xoi0bEHJr_ZGO24YCRdt93No/edit#gid=1358421537
season_007,Regular Season,11,person_bene,Bene,0.0000,,1000,42,https://docs.google.com/spreadsheets/d/1nwiq_ggEj7QePeZGMR2xoi0bEHJr_ZGO24YCRdt93No/edit#gid=1358421537
season_007,Regular Season,11,person_blacklink,BlackLink,0.0000,,1000,42,https://docs.google.com/spreadsheets/d/1nwiq_ggEj7QePeZGMR2xoi0bEHJr_ZGO24YCRdt93No/edit#gid=1358421537
season_007,Regular Season,11,person_captaincrinch,CaptainCrinch,0.0000,,1000,42,https://docs.google.com/spreadsheets/d/1nwiq_ggEj7QePeZGMR2xoi0bEHJr_ZGO24YCRdt93No/edit#gid=1358421537
season_007,Regular Season,11,person_dauni_daunstar,Dauni,0.0910,,1000,42,https://docs.google.com/spreadsheets/d/1nwiq_ggEj7QePeZGMR2xoi0bEHJr_ZGO24YCRdt93No/edit#gid=1358421537
season_007,Regular Season,11,person_elektechn9ne,ElektechN9ne,0.0000,,1000,42,https://docs.google.com/spreadsheets/d/1nwiq_ggEj7QePeZGMR2xoi0bEHJr_ZGO24YCRdt93No/edit#gid=1358421537
season_007,Regular Season,11,person_hydronic,Hydronic,0.0000,,1000,42,https://docs.google.com/spreadsheets/d/1nwiq_ggEj7QePeZGMR2xoi0bEHJr_ZGO24YCRdt93No/edit#gid=1358421537
season_007,Regular Season,11,person_nestfloh,Nestfloh,0.9090,,1000,42,https://docs.google.com/spreadsheets/d/1nwiq_ggEj7QePeZGMR2xoi0bEHJr_ZGO24YCRdt93No/edit#gid=1358421537
season_007,Regular Season,11,person_pokebazi,PokeBazi,0.0000,,1000,42,https://docs.google.com/spreadsheets/d/1nwiq_ggEj7QePeZGMR2xoi0bEHJr_ZGO24YCRdt93No/edit#gid=1358421537
season_007,Regular Season,11,person_present,PresentLP,0.0000,,1000,42,https://docs.google.com/spreadsheets/d/1nwiq_ggEj7QePeZGMR2xoi0bEHJr_ZGO24YCRdt93No/edit#gid=1358421537
season_007,Regular Season,11,person_raizor,Raizor,0.0000,,1000,42,https://docs.google.com/spreadsheets/d/1nwiq_ggEj7QePeZGMR2xoi0bEHJr_ZGO24YCRdt93No/edit#gid=1358421537
season_007,Regular Season,11,person_regibang,RegiBang,0.0000,,1000,42,https://docs.google.com/spreadsheets/d/1nwiq_ggEj7QePeZGMR2xoi0bEHJr_ZGO24YCRdt93No/edit#gid=1358421537
season_007,Regular Season,11,person_tabasco_tv,Tabasco TV,0.0000,,1000,42,https://docs.google.com/spreadsheets/d/1nwiq_ggEj7QePeZGMR2xoi0bEHJr_ZGO24YCRdt93No/edit#gid=1358421537
season_007,Regular Season,12,person_barry_d_sin_of_speed,Barry D. Sin of Speed,0.0000,,1000,42,https://docs.google.com/spreadsheets/d/1nwiq_ggEj7QePeZGMR2xoi0bEHJr_ZGO24YCRdt93No/edit#gid=1358421537
season_007,Regular Season,12,person_belmontgabriel,BelmontGabriel,0.0000,,1000,42,https://docs.google.com/spreadsheets/d/1nwiq_ggEj7QePeZGMR2xoi0bEHJr_ZGO24YCRdt93No/edit#gid=1358421537
season_007,Regular Season,12,person_bene,Bene,0.0000,,1000,42,https://docs.google.com/spreadsheets/d/1nwiq_ggEj7QePeZGMR2xoi0bEHJr_ZGO24YCRdt93No/edit#gid=1358421537
season_007,Regular Season,12,person_blacklink,BlackLink,0.0000,,1000,42,https://docs.google.com/spreadsheets/d/1nwiq_ggEj7QePeZGMR2xoi0bEHJr_ZGO24YCRdt93No/edit#gid=1358421537
season_007,Regular Season,12,person_captaincrinch,CaptainCrinch,0.0000,,1000,42,https://docs.google.com/spreadsheets/d/1nwiq_ggEj7QePeZGMR2xoi0bEHJr_ZGO24YCRdt93No/edit#gid=1358421537
season_007,Regular Season,12,person_dauni_daunstar,Dauni,0.3800,,1000,42,https://docs.google.com/spreadsheets/d/1nwiq_ggEj7QePeZGMR2xoi0bEHJr_ZGO24YCRdt93No/edit#gid=1358421537
season_007,Regular Season,12,person_elektechn9ne,ElektechN9ne,0.0000,,1000,42,https://docs.google.com/spreadsheets/d/1nwiq_ggEj7QePeZGMR2xoi0bEHJr_ZGO24YCRdt93No/edit#gid=1358421537
season_007,Regular Season,12,person_hydronic,Hydronic,0.0000,,1000,42,https://docs.google.com/spreadsheets/d/1nwiq_ggEj7QePeZGMR2xoi0bEHJr_ZGO24YCRdt93No/edit#gid=1358421537
season_007,Regular Season,12,person_nestfloh,Nestfloh,0.6200,,1000,42,https://docs.google.com/spreadsheets/d/1nwiq_ggEj7QePeZGMR2xoi0bEHJr_ZGO24YCRdt93No/edit#gid=1358421537
season_007,Regular Season,12,person_pokebazi,PokeBazi,0.0000,,1000,42,https://docs.google.com/spreadsheets/d/1nwiq_ggEj7QePeZGMR2xoi0bEHJr_ZGO24YCRdt93No/edit#gid=1358421537
season_007,Regular Season,12,person_present,PresentLP,0.0000,,1000,42,https://docs.google.com/spreadsheets/d/1nwiq_ggEj7QePeZGMR2xoi0bEHJr_ZGO24YCRdt93No/edit#gid=1358421537
season_007,Regular Season,12,person_raizor,Raizor,0.0000,,1000,42,https://docs.google.com/spreadsheets/d/1nwiq_ggEj7QePeZGMR2xoi0bEHJr_ZGO24YCRdt93No/edit#gid=1358421537
season_007,Regular Season,12,person_regibang,RegiBang,0.0000,,1000,42,https://docs.google.com/spreadsheets/d/1nwiq_ggEj7QePeZGMR2xoi0bEHJr_ZGO24YCRdt93No/edit#gid=1358421537
season_007,Regular Season,12,person_tabasco_tv,Tabasco TV,0.0000,,1000,42,https://docs.google.com/spreadsheets/d/1nwiq_ggEj7QePeZGMR2xoi0bEHJr_ZGO24YCRdt93No/edit#gid=1358421537
season_007,Regular Season,13,person_barry_d_sin_of_speed,Barry D. Sin of Speed,0.0000,,1000,42,https://docs.google.com/spreadsheets/d/1nwiq_ggEj7QePeZGMR2xoi0bEHJr_ZGO24YCRdt93No/edit#gid=1358421537
season_007,Regular Season,13,person_belmontgabriel,BelmontGabriel,0.0000,,1000,42,https://docs.google.com/spreadsheets/d/1nwiq_ggEj7QePeZGMR2xoi0bEHJr_ZGO24YCRdt93No/edit#gid=1358421537
season_007,Regular Season,13,person_bene,Bene,0.0000,,1000,42,https://docs.google.com/spreadsheets/d/1nwiq_ggEj7QePeZGMR2xoi0bEHJr_ZGO24YCRdt93No/edit#gid=1358421537
season_007,Regular Season,13,person_blacklink,BlackLink,0.0000,,1000,42,https://docs.google.com/spreadsheets/d/1nwiq_ggEj7QePeZGMR2xoi0bEHJr_ZGO24YCRdt93No/edit#gid=1358421537
season_007,Regular Season,13,person_captaincrinch,CaptainCrinch,0.0000,,1000,42,https://docs.google.com/spreadsheets/d/1nwiq_ggEj7QePeZGMR2xoi0bEHJr_ZGO24YCRdt93No/edit#gid=1358421537
season_007,Regular Season,13,person_dauni_daunstar,Dauni,0.0000,,1000,42,https://docs.google.com/spreadsheets/d/1nwiq_ggEj7QePeZGMR2xoi0bEHJr_ZGO24YCRdt93No/edit#gid=1358421537
season_007,Regular Season,13,person_elektechn9ne,ElektechN9ne,0.0000,,1000,42,https://docs.google.com/spreadsheets/d/1nwiq_ggEj7QePeZGMR2xoi0bEHJr_ZGO24YCRdt93No/edit#gid=1358421537
season_007,Regular Season,13,person_hydronic,Hydronic,0.0000,,1000,42,https://docs.google.com/spreadsheets/d/1nwiq_ggEj7QePeZGMR2xoi0bEHJr_ZGO24YCRdt93No/edit#gid=1358421537
season_007,Regular Season,13,person_nestfloh,Nestfloh,1.0000,,1000,42,https://docs.google.com/spreadsheets/d/1nwiq_ggEj7QePeZGMR2xoi0bEHJr_ZGO24YCRdt93No/edit#gid=1358421537
season_007,Regular Season,13,person_pokebazi,PokeBazi,0.0000,,1000,42,https://docs.google.com/spreadsheets/d/1nwiq_ggEj7QePeZGMR2xoi0bEHJr_ZGO24YCRdt93No/edit#gid=1358421537
season_007,Regular Season,13,person_present,PresentLP,0.0000,,1000,42,https://docs.google.com/spreadsheets/d/1nwiq_ggEj7QePeZGMR2xoi0bEHJr_ZGO24YCRdt93No/edit#gid=1358421537
season_007,Regular Season,13,person_raizor,Raizor,0.0000,,1000,42,https://docs.google.com/spreadsheets/d/1nwiq_ggEj7QePeZGMR2xoi0bEHJr_ZGO24YCRdt93No/edit#gid=1358421537
season_007,Regular Season,13,person_regibang,RegiBang,0.0000,,1000,42,https://docs.google.com/spreadsheets/d/1nwiq_ggEj7QePeZGMR2xoi0bEHJr_ZGO24YCRdt93No/edit#gid=1358421537
season_007,Regular Season,13,person_tabasco_tv,Tabasco TV,0.0000,,1000,42,https://docs.google.com/spreadsheets/d/1nwiq_ggEj7QePeZGMR2xoi0bEHJr_ZGO24YCRdt93No/edit#gid=1358421537
season_008,Liga 1,1,person_belmontgabriel,BelmontGabriel,0.0030,,1000,42,https://docs.google.com/spreadsheets/d/1B2uTMvWlAHb7WlpupJV1A2Hbi3K3U1vCyoFV0wCapcw/edit#gid=1432574016
season_008,Liga 1,1,person_bene,Bene,0.2840,,1000,42,https://docs.google.com/spreadsheets/d/1B2uTMvWlAHb7WlpupJV1A2Hbi3K3U1vCyoFV0wCapcw/edit#gid=1432574016
season_008,Liga 1,1,person_dauni_daunstar,Dauni,0.1500,,1000,42,https://docs.google.com/spreadsheets/d/1B2uTMvWlAHb7WlpupJV1A2Hbi3K3U1vCyoFV0wCapcw/edit#gid=1432574016
season_008,Liga 1,1,person_elektechn9ne,ElektechN9ne,0.0690,,1000,42,https://docs.google.com/spreadsheets/d/1B2uTMvWlAHb7WlpupJV1A2Hbi3K3U1vCyoFV0wCapcw/edit#gid=1432574016
season_008,Liga 1,1,person_hydronic,Hydronic,0.0020,,1000,42,https://docs.google.com/spreadsheets/d/1B2uTMvWlAHb7WlpupJV1A2Hbi3K3U1vCyoFV0wCapcw/edit#gid=1432574016
season_008,Liga 1,1,person_nestfloh,Nestfloh,0.3540,,1000,42,https://docs.google.com/spreadsheets/d/1B2uTMvWlAHb7WlpupJV1A2Hbi3K3U1vCyoFV0wCapcw/edit#gid=1432574016
season_008,Liga 1,1,person_present,PresentLP,0.1070,,1000,42,https://docs.google.com/spreadsheets/d/1B2uTMvWlAHb7WlpupJV1A2Hbi3K3U1vCyoFV0wCapcw/edit#gid=1432574016
season_008,Liga 1,1,person_regibang,RegiBang,0.0310,,1000,42,https://docs.google.com/spreadsheets/d/1B2uTMvWlAHb7WlpupJV1A2Hbi3K3U1vCyoFV0wCapcw/edit#gid=1432574016
season_008,Liga 1,2,person_belmontgabriel,BelmontGabriel,0.0000,,1000,42,https://docs.google.com/spreadsheets/d/1B2uTMvWlAHb7WlpupJV1A2Hbi3K3U1vCyoFV0wCapcw/edit#gid=1432574016
season_008,Liga 1,2,person_bene,Bene,0.4260,,1000,42,https://docs.google.com/spreadsheets/d/1B2uTMvWlAHb7WlpupJV1A2Hbi3K3U1vCyoFV0wCapcw/edit#gid=1432574016
season_008,Liga 1,2,person_dauni_daunstar,Dauni,0.1850,,1000,42,https://docs.google.com/spreadsheets/d/1B2uTMvWlAHb7WlpupJV1A2Hbi3K3U1vCyoFV0wCapcw/edit#gid=1432574016
season_008,Liga 1,2,person_elektechn9ne,ElektechN9ne,0.2400,,1000,42,https://docs.google.com/spreadsheets/d/1B2uTMvWlAHb7WlpupJV1A2Hbi3K3U1vCyoFV0wCapcw/edit#gid=1432574016
season_008,Liga 1,2,person_hydronic,Hydronic,0.0020,,1000,42,https://docs.google.com/spreadsheets/d/1B2uTMvWlAHb7WlpupJV1A2Hbi3K3U1vCyoFV0wCapcw/edit#gid=1432574016
season_008,Liga 1,2,person_nestfloh,Nestfloh,0.0980,,1000,42,https://docs.google.com/spreadsheets/d/1B2uTMvWlAHb7WlpupJV1A2Hbi3K3U1vCyoFV0wCapcw/edit#gid=1432574016
season_008,Liga 1,2,person_present,PresentLP,0.0420,,1000,42,https://docs.google.com/spreadsheets/d/1B2uTMvWlAHb7WlpupJV1A2Hbi3K3U1vCyoFV0wCapcw/edit#gid=1432574016
season_008,Liga 1,2,person_regibang,RegiBang,0.0070,,1000,42,https://docs.google.com/spreadsheets/d/1B2uTMvWlAHb7WlpupJV1A2Hbi3K3U1vCyoFV0wCapcw/edit#gid=1432574016
season_008,Liga 1,3,person_belmontgabriel,BelmontGabriel,0.0000,,1000,42,https://docs.google.com/spreadsheets/d/1B2uTMvWlAHb7WlpupJV1A2Hbi3K3U1vCyoFV0wCapcw/edit#gid=1432574016
season_008,Liga 1,3,person_bene,Bene,0.3930,,1000,42,https://docs.google.com/spreadsheets/d/1B2uTMvWlAHb7WlpupJV1A2Hbi3K3U1vCyoFV0wCapcw/edit#gid=1432574016
season_008,Liga 1,3,person_dauni_daunstar,Dauni,0.2350,,1000,42,https://docs.google.com/spreadsheets/d/1B2uTMvWlAHb7WlpupJV1A2Hbi3K3U1vCyoFV0wCapcw/edit#gid=1432574016
season_008,Liga 1,3,person_elektechn9ne,ElektechN9ne,0.2870,,1000,42,https://docs.google.com/spreadsheets/d/1B2uTMvWlAHb7WlpupJV1A2Hbi3K3U1vCyoFV0wCapcw/edit#gid=1432574016
season_008,Liga 1,3,person_hydronic,Hydronic,0.0010,,1000,42,https://docs.google.com/spreadsheets/d/1B2uTMvWlAHb7WlpupJV1A2Hbi3K3U1vCyoFV0wCapcw/edit#gid=1432574016
season_008,Liga 1,3,person_nestfloh,Nestfloh,0.0230,,1000,42,https://docs.google.com/spreadsheets/d/1B2uTMvWlAHb7WlpupJV1A2Hbi3K3U1vCyoFV0wCapcw/edit#gid=1432574016
season_008,Liga 1,3,person_present,PresentLP,0.0580,,1000,42,https://docs.google.com/spreadsheets/d/1B2uTMvWlAHb7WlpupJV1A2Hbi3K3U1vCyoFV0wCapcw/edit#gid=1432574016
season_008,Liga 1,3,person_regibang,RegiBang,0.0030,,1000,42,https://docs.google.com/spreadsheets/d/1B2uTMvWlAHb7WlpupJV1A2Hbi3K3U1vCyoFV0wCapcw/edit#gid=1432574016
season_008,Liga 1,4,person_belmontgabriel,BelmontGabriel,0.0000,,1000,42,https://docs.google.com/spreadsheets/d/1B2uTMvWlAHb7WlpupJV1A2Hbi3K3U1vCyoFV0wCapcw/edit#gid=1432574016
season_008,Liga 1,4,person_bene,Bene,0.6830,,1000,42,https://docs.google.com/spreadsheets/d/1B2uTMvWlAHb7WlpupJV1A2Hbi3K3U1vCyoFV0wCapcw/edit#gid=1432574016
season_008,Liga 1,4,person_dauni_daunstar,Dauni,0.0750,,1000,42,https://docs.google.com/spreadsheets/d/1B2uTMvWlAHb7WlpupJV1A2Hbi3K3U1vCyoFV0wCapcw/edit#gid=1432574016
season_008,Liga 1,4,person_elektechn9ne,ElektechN9ne,0.0770,,1000,42,https://docs.google.com/spreadsheets/d/1B2uTMvWlAHb7WlpupJV1A2Hbi3K3U1vCyoFV0wCapcw/edit#gid=1432574016
season_008,Liga 1,4,person_hydronic,Hydronic,0.0000,,1000,42,https://docs.google.com/spreadsheets/d/1B2uTMvWlAHb7WlpupJV1A2Hbi3K3U1vCyoFV0wCapcw/edit#gid=1432574016
season_008,Liga 1,4,person_nestfloh,Nestfloh,0.0030,,1000,42,https://docs.google.com/spreadsheets/d/1B2uTMvWlAHb7WlpupJV1A2Hbi3K3U1vCyoFV0wCapcw/edit#gid=1432574016
season_008,Liga 1,4,person_present,PresentLP,0.1580,,1000,42,https://docs.google.com/spreadsheets/d/1B2uTMvWlAHb7WlpupJV1A2Hbi3K3U1vCyoFV0wCapcw/edit#gid=1432574016
season_008,Liga 1,4,person_regibang,RegiBang,0.0040,,1000,42,https://docs.google.com/spreadsheets/d/1B2uTMvWlAHb7WlpupJV1A2Hbi3K3U1vCyoFV0wCapcw/edit#gid=1432574016
season_008,Liga 1,5,person_belmontgabriel,BelmontGabriel,0.0000,,1000,42,https://docs.google.com/spreadsheets/d/1B2uTMvWlAHb7WlpupJV1A2Hbi3K3U1vCyoFV0wCapcw/edit#gid=1432574016
season_008,Liga 1,5,person_bene,Bene,0.7800,,1000,42,https://docs.google.com/spreadsheets/d/1B2uTMvWlAHb7WlpupJV1A2Hbi3K3U1vCyoFV0wCapcw/edit#gid=1432574016
season_008,Liga 1,5,person_dauni_daunstar,Dauni,0.0780,,1000,42,https://docs.google.com/spreadsheets/d/1B2uTMvWlAHb7WlpupJV1A2Hbi3K3U1vCyoFV0wCapcw/edit#gid=1432574016
season_008,Liga 1,5,person_elektechn9ne,ElektechN9ne,0.0170,,1000,42,https://docs.google.com/spreadsheets/d/1B2uTMvWlAHb7WlpupJV1A2Hbi3K3U1vCyoFV0wCapcw/edit#gid=1432574016
season_008,Liga 1,5,person_hydronic,Hydronic,0.0000,,1000,42,https://docs.google.com/spreadsheets/d/1B2uTMvWlAHb7WlpupJV1A2Hbi3K3U1vCyoFV0wCapcw/edit#gid=1432574016
season_008,Liga 1,5,person_nestfloh,Nestfloh,0.0000,,1000,42,https://docs.google.com/spreadsheets/d/1B2uTMvWlAHb7WlpupJV1A2Hbi3K3U1vCyoFV0wCapcw/edit#gid=1432574016
season_008,Liga 1,5,person_present,PresentLP,0.1210,,1000,42,https://docs.google.com/spreadsheets/d/1B2uTMvWlAHb7WlpupJV1A2Hbi3K3U1vCyoFV0wCapcw/edit#gid=1432574016
season_008,Liga 1,5,person_regibang,RegiBang,0.0040,,1000,42,https://docs.google.com/spreadsheets/d/1B2uTMvWlAHb7WlpupJV1A2Hbi3K3U1vCyoFV0wCapcw/edit#gid=1432574016
season_008,Liga 1,6,person_belmontgabriel,BelmontGabriel,0.0000,,1000,42,https://docs.google.com/spreadsheets/d/1B2uTMvWlAHb7WlpupJV1A2Hbi3K3U1vCyoFV0wCapcw/edit#gid=1432574016
season_008,Liga 1,6,person_bene,Bene,0.9190,,1000,42,https://docs.google.com/spreadsheets/d/1B2uTMvWlAHb7WlpupJV1A2Hbi3K3U1vCyoFV0wCapcw/edit#gid=1432574016
season_008,Liga 1,6,person_dauni_daunstar,Dauni,0.0130,,1000,42,https://docs.google.com/spreadsheets/d/1B2uTMvWlAHb7WlpupJV1A2Hbi3K3U1vCyoFV0wCapcw/edit#gid=1432574016
season_008,Liga 1,6,person_elektechn9ne,ElektechN9ne,0.0330,,1000,42,https://docs.google.com/spreadsheets/d/1B2uTMvWlAHb7WlpupJV1A2Hbi3K3U1vCyoFV0wCapcw/edit#gid=1432574016
season_008,Liga 1,6,person_hydronic,Hydronic,0.0010,,1000,42,https://docs.google.com/spreadsheets/d/1B2uTMvWlAHb7WlpupJV1A2Hbi3K3U1vCyoFV0wCapcw/edit#gid=1432574016
season_008,Liga 1,6,person_nestfloh,Nestfloh,0.0000,,1000,42,https://docs.google.com/spreadsheets/d/1B2uTMvWlAHb7WlpupJV1A2Hbi3K3U1vCyoFV0wCapcw/edit#gid=1432574016
season_008,Liga 1,6,person_present,PresentLP,0.0340,,1000,42,https://docs.google.com/spreadsheets/d/1B2uTMvWlAHb7WlpupJV1A2Hbi3K3U1vCyoFV0wCapcw/edit#gid=1432574016
season_008,Liga 1,6,person_regibang,RegiBang,0.0000,,1000,42,https://docs.google.com/spreadsheets/d/1B2uTMvWlAHb7WlpupJV1A2Hbi3K3U1vCyoFV0wCapcw/edit#gid=1432574016
season_008,Liga 1,7,person_belmontgabriel,BelmontGabriel,0.0000,,1000,42,https://docs.google.com/spreadsheets/d/1B2uTMvWlAHb7WlpupJV1A2Hbi3K3U1vCyoFV0wCapcw/edit#gid=1432574016
season_008,Liga 1,7,person_bene,Bene,0.8620,,1000,42,https://docs.google.com/spreadsheets/d/1B2uTMvWlAHb7WlpupJV1A2Hbi3K3U1vCyoFV0wCapcw/edit#gid=1432574016
season_008,Liga 1,7,person_dauni_daunstar,Dauni,0.0660,,1000,42,https://docs.google.com/spreadsheets/d/1B2uTMvWlAHb7WlpupJV1A2Hbi3K3U1vCyoFV0wCapcw/edit#gid=1432574016
season_008,Liga 1,7,person_elektechn9ne,ElektechN9ne,0.0180,,1000,42,https://docs.google.com/spreadsheets/d/1B2uTMvWlAHb7WlpupJV1A2Hbi3K3U1vCyoFV0wCapcw/edit#gid=1432574016
season_008,Liga 1,7,person_hydronic,Hydronic,0.0000,,1000,42,https://docs.google.com/spreadsheets/d/1B2uTMvWlAHb7WlpupJV1A2Hbi3K3U1vCyoFV0wCapcw/edit#gid=1432574016
season_008,Liga 1,7,person_nestfloh,Nestfloh,0.0070,,1000,42,https://docs.google.com/spreadsheets/d/1B2uTMvWlAHb7WlpupJV1A2Hbi3K3U1vCyoFV0wCapcw/edit#gid=1432574016
season_008,Liga 1,7,person_present,PresentLP,0.0470,,1000,42,https://docs.google.com/spreadsheets/d/1B2uTMvWlAHb7WlpupJV1A2Hbi3K3U1vCyoFV0wCapcw/edit#gid=1432574016
season_008,Liga 1,7,person_regibang,RegiBang,0.0000,,1000,42,https://docs.google.com/spreadsheets/d/1B2uTMvWlAHb7WlpupJV1A2Hbi3K3U1vCyoFV0wCapcw/edit#gid=1432574016
season_008,Liga 1,8,person_belmontgabriel,BelmontGabriel,0.0000,,1000,42,https://docs.google.com/spreadsheets/d/1B2uTMvWlAHb7WlpupJV1A2Hbi3K3U1vCyoFV0wCapcw/edit#gid=1432574016
season_008,Liga 1,8,person_bene,Bene,0.9200,,1000,42,https://docs.google.com/spreadsheets/d/1B2uTMvWlAHb7WlpupJV1A2Hbi3K3U1vCyoFV0wCapcw/edit#gid=1432574016
season_008,Liga 1,8,person_dauni_daunstar,Dauni,0.0080,,1000,42,https://docs.google.com/spreadsheets/d/1B2uTMvWlAHb7WlpupJV1A2Hbi3K3U1vCyoFV0wCapcw/edit#gid=1432574016
season_008,Liga 1,8,person_elektechn9ne,ElektechN9ne,0.0350,,1000,42,https://docs.google.com/spreadsheets/d/1B2uTMvWlAHb7WlpupJV1A2Hbi3K3U1vCyoFV0wCapcw/edit#gid=1432574016
season_008,Liga 1,8,person_hydronic,Hydronic,0.0000,,1000,42,https://docs.google.com/spreadsheets/d/1B2uTMvWlAHb7WlpupJV1A2Hbi3K3U1vCyoFV0wCapcw/edit#gid=1432574016
season_008,Liga 1,8,person_nestfloh,Nestfloh,0.0050,,1000,42,https://docs.google.com/spreadsheets/d/1B2uTMvWlAHb7WlpupJV1A2Hbi3K3U1vCyoFV0wCapcw/edit#gid=1432574016
season_008,Liga 1,8,person_present,PresentLP,0.0320,,1000,42,https://docs.google.com/spreadsheets/d/1B2uTMvWlAHb7WlpupJV1A2Hbi3K3U1vCyoFV0wCapcw/edit#gid=1432574016
season_008,Liga 1,8,person_regibang,RegiBang,0.0000,,1000,42,https://docs.google.com/spreadsheets/d/1B2uTMvWlAHb7WlpupJV1A2Hbi3K3U1vCyoFV0wCapcw/edit#gid=1432574016
season_008,Liga 1,9,person_belmontgabriel,BelmontGabriel,0.0000,,1000,42,https://docs.google.com/spreadsheets/d/1B2uTMvWlAHb7WlpupJV1A2Hbi3K3U1vCyoFV0wCapcw/edit#gid=1432574016
season_008,Liga 1,9,person_bene,Bene,0.9860,,1000,42,https://docs.google.com/spreadsheets/d/1B2uTMvWlAHb7WlpupJV1A2Hbi3K3U1vCyoFV0wCapcw/edit#gid=1432574016
season_008,Liga 1,9,person_dauni_daunstar,Dauni,0.0050,,1000,42,https://docs.google.com/spreadsheets/d/1B2uTMvWlAHb7WlpupJV1A2Hbi3K3U1vCyoFV0wCapcw/edit#gid=1432574016
season_008,Liga 1,9,person_elektechn9ne,ElektechN9ne,0.0030,,1000,42,https://docs.google.com/spreadsheets/d/1B2uTMvWlAHb7WlpupJV1A2Hbi3K3U1vCyoFV0wCapcw/edit#gid=1432574016
season_008,Liga 1,9,person_hydronic,Hydronic,0.0000,,1000,42,https://docs.google.com/spreadsheets/d/1B2uTMvWlAHb7WlpupJV1A2Hbi3K3U1vCyoFV0wCapcw/edit#gid=1432574016
season_008,Liga 1,9,person_nestfloh,Nestfloh,0.0050,,1000,42,https://docs.google.com/spreadsheets/d/1B2uTMvWlAHb7WlpupJV1A2Hbi3K3U1vCyoFV0wCapcw/edit#gid=1432574016
season_008,Liga 1,9,person_present,PresentLP,0.0010,,1000,42,https://docs.google.com/spreadsheets/d/1B2uTMvWlAHb7WlpupJV1A2Hbi3K3U1vCyoFV0wCapcw/edit#gid=1432574016
season_008,Liga 1,9,person_regibang,RegiBang,0.0000,,1000,42,https://docs.google.com/spreadsheets/d/1B2uTMvWlAHb7WlpupJV1A2Hbi3K3U1vCyoFV0wCapcw/edit#gid=1432574016
season_008,Liga 1,10,person_belmontgabriel,BelmontGabriel,0.0000,,1000,42,https://docs.google.com/spreadsheets/d/1B2uTMvWlAHb7WlpupJV1A2Hbi3K3U1vCyoFV0wCapcw/edit#gid=1432574016
season_008,Liga 1,10,person_bene,Bene,0.9950,,1000,42,https://docs.google.com/spreadsheets/d/1B2uTMvWlAHb7WlpupJV1A2Hbi3K3U1vCyoFV0wCapcw/edit#gid=1432574016
season_008,Liga 1,10,person_dauni_daunstar,Dauni,0.0020,,1000,42,https://docs.google.com/spreadsheets/d/1B2uTMvWlAHb7WlpupJV1A2Hbi3K3U1vCyoFV0wCapcw/edit#gid=1432574016
season_008,Liga 1,10,person_elektechn9ne,ElektechN9ne,0.0030,,1000,42,https://docs.google.com/spreadsheets/d/1B2uTMvWlAHb7WlpupJV1A2Hbi3K3U1vCyoFV0wCapcw/edit#gid=1432574016
season_008,Liga 1,10,person_hydronic,Hydronic,0.0000,,1000,42,https://docs.google.com/spreadsheets/d/1B2uTMvWlAHb7WlpupJV1A2Hbi3K3U1vCyoFV0wCapcw/edit#gid=1432574016
season_008,Liga 1,10,person_nestfloh,Nestfloh,0.0000,,1000,42,https://docs.google.com/spreadsheets/d/1B2uTMvWlAHb7WlpupJV1A2Hbi3K3U1vCyoFV0wCapcw/edit#gid=1432574016
season_008,Liga 1,10,person_present,PresentLP,0.0000,,1000,42,https://docs.google.com/spreadsheets/d/1B2uTMvWlAHb7WlpupJV1A2Hbi3K3U1vCyoFV0wCapcw/edit#gid=1432574016
season_008,Liga 1,10,person_regibang,RegiBang,0.0000,,1000,42,https://docs.google.com/spreadsheets/d/1B2uTMvWlAHb7WlpupJV1A2Hbi3K3U1vCyoFV0wCapcw/edit#gid=1432574016
season_008,Liga 1,11,person_belmontgabriel,BelmontGabriel,0.0000,,1000,42,https://docs.google.com/spreadsheets/d/1B2uTMvWlAHb7WlpupJV1A2Hbi3K3U1vCyoFV0wCapcw/edit#gid=1432574016
season_008,Liga 1,11,person_bene,Bene,1.0000,,1000,42,https://docs.google.com/spreadsheets/d/1B2uTMvWlAHb7WlpupJV1A2Hbi3K3U1vCyoFV0wCapcw/edit#gid=1432574016
season_008,Liga 1,11,person_dauni_daunstar,Dauni,0.0000,,1000,42,https://docs.google.com/spreadsheets/d/1B2uTMvWlAHb7WlpupJV1A2Hbi3K3U1vCyoFV0wCapcw/edit#gid=1432574016
season_008,Liga 1,11,person_elektechn9ne,ElektechN9ne,0.0000,,1000,42,https://docs.google.com/spreadsheets/d/1B2uTMvWlAHb7WlpupJV1A2Hbi3K3U1vCyoFV0wCapcw/edit#gid=1432574016
season_008,Liga 1,11,person_hydronic,Hydronic,0.0000,,1000,42,https://docs.google.com/spreadsheets/d/1B2uTMvWlAHb7WlpupJV1A2Hbi3K3U1vCyoFV0wCapcw/edit#gid=1432574016
season_008,Liga 1,11,person_nestfloh,Nestfloh,0.0000,,1000,42,https://docs.google.com/spreadsheets/d/1B2uTMvWlAHb7WlpupJV1A2Hbi3K3U1vCyoFV0wCapcw/edit#gid=1432574016
season_008,Liga 1,11,person_present,PresentLP,0.0000,,1000,42,https://docs.google.com/spreadsheets/d/1B2uTMvWlAHb7WlpupJV1A2Hbi3K3U1vCyoFV0wCapcw/edit#gid=1432574016
season_008,Liga 1,11,person_regibang,RegiBang,0.0000,,1000,42,https://docs.google.com/spreadsheets/d/1B2uTMvWlAHb7WlpupJV1A2Hbi3K3U1vCyoFV0wCapcw/edit#gid=1432574016
season_008,Liga 1,12,person_belmontgabriel,BelmontGabriel,0.0000,,1000,42,https://docs.google.com/spreadsheets/d/1B2uTMvWlAHb7WlpupJV1A2Hbi3K3U1vCyoFV0wCapcw/edit#gid=1432574016
season_008,Liga 1,12,person_bene,Bene,1.0000,,1000,42,https://docs.google.com/spreadsheets/d/1B2uTMvWlAHb7WlpupJV1A2Hbi3K3U1vCyoFV0wCapcw/edit#gid=1432574016
season_008,Liga 1,12,person_dauni_daunstar,Dauni,0.0000,,1000,42,https://docs.google.com/spreadsheets/d/1B2uTMvWlAHb7WlpupJV1A2Hbi3K3U1vCyoFV0wCapcw/edit#gid=1432574016
season_008,Liga 1,12,person_elektechn9ne,ElektechN9ne,0.0000,,1000,42,https://docs.google.com/spreadsheets/d/1B2uTMvWlAHb7WlpupJV1A2Hbi3K3U1vCyoFV0wCapcw/edit#gid=1432574016
season_008,Liga 1,12,person_hydronic,Hydronic,0.0000,,1000,42,https://docs.google.com/spreadsheets/d/1B2uTMvWlAHb7WlpupJV1A2Hbi3K3U1vCyoFV0wCapcw/edit#gid=1432574016
season_008,Liga 1,12,person_nestfloh,Nestfloh,0.0000,,1000,42,https://docs.google.com/spreadsheets/d/1B2uTMvWlAHb7WlpupJV1A2Hbi3K3U1vCyoFV0wCapcw/edit#gid=1432574016
season_008,Liga 1,12,person_present,PresentLP,0.0000,,1000,42,https://docs.google.com/spreadsheets/d/1B2uTMvWlAHb7WlpupJV1A2Hbi3K3U1vCyoFV0wCapcw/edit#gid=1432574016
season_008,Liga 1,12,person_regibang,RegiBang,0.0000,,1000,42,https://docs.google.com/spreadsheets/d/1B2uTMvWlAHb7WlpupJV1A2Hbi3K3U1vCyoFV0wCapcw/edit#gid=1432574016
season_008,Liga 1,13,person_belmontgabriel,BelmontGabriel,0.0000,,1000,42,https://docs.google.com/spreadsheets/d/1B2uTMvWlAHb7WlpupJV1A2Hbi3K3U1vCyoFV0wCapcw/edit#gid=1432574016
season_008,Liga 1,13,person_bene,Bene,1.0000,,1000,42,https://docs.google.com/spreadsheets/d/1B2uTMvWlAHb7WlpupJV1A2Hbi3K3U1vCyoFV0wCapcw/edit#gid=1432574016
season_008,Liga 1,13,person_dauni_daunstar,Dauni,0.0000,,1000,42,https://docs.google.com/spreadsheets/d/1B2uTMvWlAHb7WlpupJV1A2Hbi3K3U1vCyoFV0wCapcw/edit#gid=1432574016
season_008,Liga 1,13,person_elektechn9ne,ElektechN9ne,0.0000,,1000,42,https://docs.google.com/spreadsheets/d/1B2uTMvWlAHb7WlpupJV1A2Hbi3K3U1vCyoFV0wCapcw/edit#gid=1432574016
season_008,Liga 1,13,person_hydronic,Hydronic,0.0000,,1000,42,https://docs.google.com/spreadsheets/d/1B2uTMvWlAHb7WlpupJV1A2Hbi3K3U1vCyoFV0wCapcw/edit#gid=1432574016
season_008,Liga 1,13,person_nestfloh,Nestfloh,0.0000,,1000,42,https://docs.google.com/spreadsheets/d/1B2uTMvWlAHb7WlpupJV1A2Hbi3K3U1vCyoFV0wCapcw/edit#gid=1432574016
season_008,Liga 1,13,person_present,PresentLP,0.0000,,1000,42,https://docs.google.com/spreadsheets/d/1B2uTMvWlAHb7WlpupJV1A2Hbi3K3U1vCyoFV0wCapcw/edit#gid=1432574016
season_008,Liga 1,13,person_regibang,RegiBang,0.0000,,1000,42,https://docs.google.com/spreadsheets/d/1B2uTMvWlAHb7WlpupJV1A2Hbi3K3U1vCyoFV0wCapcw/edit#gid=1432574016
season_008,Liga 1,14,person_belmontgabriel,BelmontGabriel,0.0000,,1000,42,https://docs.google.com/spreadsheets/d/1B2uTMvWlAHb7WlpupJV1A2Hbi3K3U1vCyoFV0wCapcw/edit#gid=1432574016
season_008,Liga 1,14,person_bene,Bene,1.0000,,1000,42,https://docs.google.com/spreadsheets/d/1B2uTMvWlAHb7WlpupJV1A2Hbi3K3U1vCyoFV0wCapcw/edit#gid=1432574016
season_008,Liga 1,14,person_dauni_daunstar,Dauni,0.0000,,1000,42,https://docs.google.com/spreadsheets/d/1B2uTMvWlAHb7WlpupJV1A2Hbi3K3U1vCyoFV0wCapcw/edit#gid=1432574016
season_008,Liga 1,14,person_elektechn9ne,ElektechN9ne,0.0000,,1000,42,https://docs.google.com/spreadsheets/d/1B2uTMvWlAHb7WlpupJV1A2Hbi3K3U1vCyoFV0wCapcw/edit#gid=1432574016
season_008,Liga 1,14,person_hydronic,Hydronic,0.0000,,1000,42,https://docs.google.com/spreadsheets/d/1B2uTMvWlAHb7WlpupJV1A2Hbi3K3U1vCyoFV0wCapcw/edit#gid=1432574016
season_008,Liga 1,14,person_nestfloh,Nestfloh,0.0000,,1000,42,https://docs.google.com/spreadsheets/d/1B2uTMvWlAHb7WlpupJV1A2Hbi3K3U1vCyoFV0wCapcw/edit#gid=1432574016
season_008,Liga 1,14,person_present,PresentLP,0.0000,,1000,42,https://docs.google.com/spreadsheets/d/1B2uTMvWlAHb7WlpupJV1A2Hbi3K3U1vCyoFV0wCapcw/edit#gid=1432574016
season_008,Liga 1,14,person_regibang,RegiBang,0.0000,,1000,42,https://docs.google.com/spreadsheets/d/1B2uTMvWlAHb7WlpupJV1A2Hbi3K3U1vCyoFV0wCapcw/edit#gid=1432574016
season_008,Liga 2,1,person_barry_d_sin_of_speed,Barry D. Sin of Speed,0.3090,,1000,42,https://docs.google.com/spreadsheets/d/1B2uTMvWlAHb7WlpupJV1A2Hbi3K3U1vCyoFV0wCapcw/edit#gid=306702305
season_008,Liga 2,1,person_blacklink,BlackLink,0.0080,,1000,42,https://docs.google.com/spreadsheets/d/1B2uTMvWlAHb7WlpupJV1A2Hbi3K3U1vCyoFV0wCapcw/edit#gid=306702305
season_008,Liga 2,1,person_blocki,Blocki,0.1880,,1000,42,https://docs.google.com/spreadsheets/d/1B2uTMvWlAHb7WlpupJV1A2Hbi3K3U1vCyoFV0wCapcw/edit#gid=306702305
season_008,Liga 2,1,person_king_blex,KingBlex,0.2680,,1000,42,https://docs.google.com/spreadsheets/d/1B2uTMvWlAHb7WlpupJV1A2Hbi3K3U1vCyoFV0wCapcw/edit#gid=306702305
season_008,Liga 2,1,person_maxi_von_vogel,Maxi von Vogel,0.0860,,1000,42,https://docs.google.com/spreadsheets/d/1B2uTMvWlAHb7WlpupJV1A2Hbi3K3U1vCyoFV0wCapcw/edit#gid=306702305
season_008,Liga 2,1,person_og_dnz,OGDNZ,0.0400,,1000,42,https://docs.google.com/spreadsheets/d/1B2uTMvWlAHb7WlpupJV1A2Hbi3K3U1vCyoFV0wCapcw/edit#gid=306702305
season_008,Liga 2,1,person_pokgalaxy,Pokgalaxy,0.0260,,1000,42,https://docs.google.com/spreadsheets/d/1B2uTMvWlAHb7WlpupJV1A2Hbi3K3U1vCyoFV0wCapcw/edit#gid=306702305
season_008,Liga 2,1,person_raizor,Raizor,0.0750,,1000,42,https://docs.google.com/spreadsheets/d/1B2uTMvWlAHb7WlpupJV1A2Hbi3K3U1vCyoFV0wCapcw/edit#gid=306702305
season_008,Liga 2,2,person_barry_d_sin_of_speed,Barry D. Sin of Speed,0.1530,,1000,42,https://docs.google.com/spreadsheets/d/1B2uTMvWlAHb7WlpupJV1A2Hbi3K3U1vCyoFV0wCapcw/edit#gid=306702305
season_008,Liga 2,2,person_blacklink,BlackLink,0.0020,,1000,42,https://docs.google.com/spreadsheets/d/1B2uTMvWlAHb7WlpupJV1A2Hbi3K3U1vCyoFV0wCapcw/edit#gid=306702305
season_008,Liga 2,2,person_blocki,Blocki,0.3350,,1000,42,https://docs.google.com/spreadsheets/d/1B2uTMvWlAHb7WlpupJV1A2Hbi3K3U1vCyoFV0wCapcw/edit#gid=306702305
season_008,Liga 2,2,person_king_blex,KingBlex,0.3700,,1000,42,https://docs.google.com/spreadsheets/d/1B2uTMvWlAHb7WlpupJV1A2Hbi3K3U1vCyoFV0wCapcw/edit#gid=306702305
season_008,Liga 2,2,person_maxi_von_vogel,Maxi von Vogel,0.0140,,1000,42,https://docs.google.com/spreadsheets/d/1B2uTMvWlAHb7WlpupJV1A2Hbi3K3U1vCyoFV0wCapcw/edit#gid=306702305
season_008,Liga 2,2,person_og_dnz,OGDNZ,0.0520,,1000,42,https://docs.google.com/spreadsheets/d/1B2uTMvWlAHb7WlpupJV1A2Hbi3K3U1vCyoFV0wCapcw/edit#gid=306702305
season_008,Liga 2,2,person_pokgalaxy,Pokgalaxy,0.0560,,1000,42,https://docs.google.com/spreadsheets/d/1B2uTMvWlAHb7WlpupJV1A2Hbi3K3U1vCyoFV0wCapcw/edit#gid=306702305
season_008,Liga 2,2,person_raizor,Raizor,0.0180,,1000,42,https://docs.google.com/spreadsheets/d/1B2uTMvWlAHb7WlpupJV1A2Hbi3K3U1vCyoFV0wCapcw/edit#gid=306702305
season_008,Liga 2,3,person_barry_d_sin_of_speed,Barry D. Sin of Speed,0.0510,,1000,42,https://docs.google.com/spreadsheets/d/1B2uTMvWlAHb7WlpupJV1A2Hbi3K3U1vCyoFV0wCapcw/edit#gid=306702305
season_008,Liga 2,3,person_blacklink,BlackLink,0.0120,,1000,42,https://docs.google.com/spreadsheets/d/1B2uTMvWlAHb7WlpupJV1A2Hbi3K3U1vCyoFV0wCapcw/edit#gid=306702305
season_008,Liga 2,3,person_blocki,Blocki,0.1160,,1000,42,https://docs.google.com/spreadsheets/d/1B2uTMvWlAHb7WlpupJV1A2Hbi3K3U1vCyoFV0wCapcw/edit#gid=306702305
season_008,Liga 2,3,person_king_blex,KingBlex,0.6520,,1000,42,https://docs.google.com/spreadsheets/d/1B2uTMvWlAHb7WlpupJV1A2Hbi3K3U1vCyoFV0wCapcw/edit#gid=306702305
season_008,Liga 2,3,person_maxi_von_vogel,Maxi von Vogel,0.0590,,1000,42,https://docs.google.com/spreadsheets/d/1B2uTMvWlAHb7WlpupJV1A2Hbi3K3U1vCyoFV0wCapcw/edit#gid=306702305
season_008,Liga 2,3,person_og_dnz,OGDNZ,0.0250,,1000,42,https://docs.google.com/spreadsheets/d/1B2uTMvWlAHb7WlpupJV1A2Hbi3K3U1vCyoFV0wCapcw/edit#gid=306702305
season_008,Liga 2,3,person_pokgalaxy,Pokgalaxy,0.0220,,1000,42,https://docs.google.com/spreadsheets/d/1B2uTMvWlAHb7WlpupJV1A2Hbi3K3U1vCyoFV0wCapcw/edit#gid=306702305
season_008,Liga 2,3,person_raizor,Raizor,0.0630,,1000,42,https://docs.google.com/spreadsheets/d/1B2uTMvWlAHb7WlpupJV1A2Hbi3K3U1vCyoFV0wCapcw/edit#gid=306702305
season_008,Liga 2,4,person_barry_d_sin_of_speed,Barry D. Sin of Speed,0.0050,,1000,42,https://docs.google.com/spreadsheets/d/1B2uTMvWlAHb7WlpupJV1A2Hbi3K3U1vCyoFV0wCapcw/edit#gid=306702305
season_008,Liga 2,4,person_blacklink,BlackLink,0.0180,,1000,42,https://docs.google.com/spreadsheets/d/1B2uTMvWlAHb7WlpupJV1A2Hbi3K3U1vCyoFV0wCapcw/edit#gid=306702305
season_008,Liga 2,4,person_blocki,Blocki,0.1470,,1000,42,https://docs.google.com/spreadsheets/d/1B2uTMvWlAHb7WlpupJV1A2Hbi3K3U1vCyoFV0wCapcw/edit#gid=306702305
season_008,Liga 2,4,person_king_blex,KingBlex,0.7270,,1000,42,https://docs.google.com/spreadsheets/d/1B2uTMvWlAHb7WlpupJV1A2Hbi3K3U1vCyoFV0wCapcw/edit#gid=306702305
season_008,Liga 2,4,person_maxi_von_vogel,Maxi von Vogel,0.0080,,1000,42,https://docs.google.com/spreadsheets/d/1B2uTMvWlAHb7WlpupJV1A2Hbi3K3U1vCyoFV0wCapcw/edit#gid=306702305
season_008,Liga 2,4,person_og_dnz,OGDNZ,0.0030,,1000,42,https://docs.google.com/spreadsheets/d/1B2uTMvWlAHb7WlpupJV1A2Hbi3K3U1vCyoFV0wCapcw/edit#gid=306702305
season_008,Liga 2,4,person_pokgalaxy,Pokgalaxy,0.0010,,1000,42,https://docs.google.com/spreadsheets/d/1B2uTMvWlAHb7WlpupJV1A2Hbi3K3U1vCyoFV0wCapcw/edit#gid=306702305
season_008,Liga 2,4,person_raizor,Raizor,0.0910,,1000,42,https://docs.google.com/spreadsheets/d/1B2uTMvWlAHb7WlpupJV1A2Hbi3K3U1vCyoFV0wCapcw/edit#gid=306702305
season_008,Liga 2,5,person_barry_d_sin_of_speed,Barry D. Sin of Speed,0.0370,,1000,42,https://docs.google.com/spreadsheets/d/1B2uTMvWlAHb7WlpupJV1A2Hbi3K3U1vCyoFV0wCapcw/edit#gid=306702305
season_008,Liga 2,5,person_blacklink,BlackLink,0.1120,,1000,42,https://docs.google.com/spreadsheets/d/1B2uTMvWlAHb7WlpupJV1A2Hbi3K3U1vCyoFV0wCapcw/edit#gid=306702305
season_008,Liga 2,5,person_blocki,Blocki,0.1290,,1000,42,https://docs.google.com/spreadsheets/d/1B2uTMvWlAHb7WlpupJV1A2Hbi3K3U1vCyoFV0wCapcw/edit#gid=306702305
season_008,Liga 2,5,person_king_blex,KingBlex,0.6060,,1000,42,https://docs.google.com/spreadsheets/d/1B2uTMvWlAHb7WlpupJV1A2Hbi3K3U1vCyoFV0wCapcw/edit#gid=306702305
season_008,Liga 2,5,person_maxi_von_vogel,Maxi von Vogel,0.0340,,1000,42,https://docs.google.com/spreadsheets/d/1B2uTMvWlAHb7WlpupJV1A2Hbi3K3U1vCyoFV0wCapcw/edit#gid=306702305
season_008,Liga 2,5,person_og_dnz,OGDNZ,0.0190,,1000,42,https://docs.google.com/spreadsheets/d/1B2uTMvWlAHb7WlpupJV1A2Hbi3K3U1vCyoFV0wCapcw/edit#gid=306702305
season_008,Liga 2,5,person_pokgalaxy,Pokgalaxy,0.0010,,1000,42,https://docs.google.com/spreadsheets/d/1B2uTMvWlAHb7WlpupJV1A2Hbi3K3U1vCyoFV0wCapcw/edit#gid=306702305
season_008,Liga 2,5,person_raizor,Raizor,0.0620,,1000,42,https://docs.google.com/spreadsheets/d/1B2uTMvWlAHb7WlpupJV1A2Hbi3K3U1vCyoFV0wCapcw/edit#gid=306702305
season_008,Liga 2,6,person_barry_d_sin_of_speed,Barry D. Sin of Speed,0.0750,,1000,42,https://docs.google.com/spreadsheets/d/1B2uTMvWlAHb7WlpupJV1A2Hbi3K3U1vCyoFV0wCapcw/edit#gid=306702305
season_008,Liga 2,6,person_blacklink,BlackLink,0.0290,,1000,42,https://docs.google.com/spreadsheets/d/1B2uTMvWlAHb7WlpupJV1A2Hbi3K3U1vCyoFV0wCapcw/edit#gid=306702305
season_008,Liga 2,6,person_blocki,Blocki,0.2780,,1000,42,https://docs.google.com/spreadsheets/d/1B2uTMvWlAHb7WlpupJV1A2Hbi3K3U1vCyoFV0wCapcw/edit#gid=306702305
season_008,Liga 2,6,person_king_blex,KingBlex,0.4080,,1000,42,https://docs.google.com/spreadsheets/d/1B2uTMvWlAHb7WlpupJV1A2Hbi3K3U1vCyoFV0wCapcw/edit#gid=306702305
season_008,Liga 2,6,person_maxi_von_vogel,Maxi von Vogel,0.0130,,1000,42,https://docs.google.com/spreadsheets/d/1B2uTMvWlAHb7WlpupJV1A2Hbi3K3U1vCyoFV0wCapcw/edit#gid=306702305
season_008,Liga 2,6,person_og_dnz,OGDNZ,0.0410,,1000,42,https://docs.google.com/spreadsheets/d/1B2uTMvWlAHb7WlpupJV1A2Hbi3K3U1vCyoFV0wCapcw/edit#gid=306702305
season_008,Liga 2,6,person_pokgalaxy,Pokgalaxy,0.0000,,1000,42,https://docs.google.com/spreadsheets/d/1B2uTMvWlAHb7WlpupJV1A2Hbi3K3U1vCyoFV0wCapcw/edit#gid=306702305
season_008,Liga 2,6,person_raizor,Raizor,0.1560,,1000,42,https://docs.google.com/spreadsheets/d/1B2uTMvWlAHb7WlpupJV1A2Hbi3K3U1vCyoFV0wCapcw/edit#gid=306702305
season_008,Liga 2,7,person_barry_d_sin_of_speed,Barry D. Sin of Speed,0.1130,,1000,42,https://docs.google.com/spreadsheets/d/1B2uTMvWlAHb7WlpupJV1A2Hbi3K3U1vCyoFV0wCapcw/edit#gid=306702305
season_008,Liga 2,7,person_blacklink,BlackLink,0.0040,,1000,42,https://docs.google.com/spreadsheets/d/1B2uTMvWlAHb7WlpupJV1A2Hbi3K3U1vCyoFV0wCapcw/edit#gid=306702305
season_008,Liga 2,7,person_blocki,Blocki,0.3580,,1000,42,https://docs.google.com/spreadsheets/d/1B2uTMvWlAHb7WlpupJV1A2Hbi3K3U1vCyoFV0wCapcw/edit#gid=306702305
season_008,Liga 2,7,person_king_blex,KingBlex,0.4760,,1000,42,https://docs.google.com/spreadsheets/d/1B2uTMvWlAHb7WlpupJV1A2Hbi3K3U1vCyoFV0wCapcw/edit#gid=306702305
season_008,Liga 2,7,person_maxi_von_vogel,Maxi von Vogel,0.0130,,1000,42,https://docs.google.com/spreadsheets/d/1B2uTMvWlAHb7WlpupJV1A2Hbi3K3U1vCyoFV0wCapcw/edit#gid=306702305
season_008,Liga 2,7,person_og_dnz,OGDNZ,0.0070,,1000,42,https://docs.google.com/spreadsheets/d/1B2uTMvWlAHb7WlpupJV1A2Hbi3K3U1vCyoFV0wCapcw/edit#gid=306702305
season_008,Liga 2,7,person_pokgalaxy,Pokgalaxy,0.0000,,1000,42,https://docs.google.com/spreadsheets/d/1B2uTMvWlAHb7WlpupJV1A2Hbi3K3U1vCyoFV0wCapcw/edit#gid=306702305
season_008,Liga 2,7,person_raizor,Raizor,0.0290,,1000,42,https://docs.google.com/spreadsheets/d/1B2uTMvWlAHb7WlpupJV1A2Hbi3K3U1vCyoFV0wCapcw/edit#gid=306702305
season_008,Liga 2,8,person_barry_d_sin_of_speed,Barry D. Sin of Speed,0.1880,,1000,42,https://docs.google.com/spreadsheets/d/1B2uTMvWlAHb7WlpupJV1A2Hbi3K3U1vCyoFV0wCapcw/edit#gid=306702305
season_008,Liga 2,8,person_blacklink,BlackLink,0.0000,,1000,42,https://docs.google.com/spreadsheets/d/1B2uTMvWlAHb7WlpupJV1A2Hbi3K3U1vCyoFV0wCapcw/edit#gid=306702305
season_008,Liga 2,8,person_blocki,Blocki,0.0790,,1000,42,https://docs.google.com/spreadsheets/d/1B2uTMvWlAHb7WlpupJV1A2Hbi3K3U1vCyoFV0wCapcw/edit#gid=306702305
season_008,Liga 2,8,person_king_blex,KingBlex,0.6570,,1000,42,https://docs.google.com/spreadsheets/d/1B2uTMvWlAHb7WlpupJV1A2Hbi3K3U1vCyoFV0wCapcw/edit#gid=306702305
season_008,Liga 2,8,person_maxi_von_vogel,Maxi von Vogel,0.0000,,1000,42,https://docs.google.com/spreadsheets/d/1B2uTMvWlAHb7WlpupJV1A2Hbi3K3U1vCyoFV0wCapcw/edit#gid=306702305
season_008,Liga 2,8,person_og_dnz,OGDNZ,0.0170,,1000,42,https://docs.google.com/spreadsheets/d/1B2uTMvWlAHb7WlpupJV1A2Hbi3K3U1vCyoFV0wCapcw/edit#gid=306702305
season_008,Liga 2,8,person_pokgalaxy,Pokgalaxy,0.0000,,1000,42,https://docs.google.com/spreadsheets/d/1B2uTMvWlAHb7WlpupJV1A2Hbi3K3U1vCyoFV0wCapcw/edit#gid=306702305
season_008,Liga 2,8,person_raizor,Raizor,0.0590,,1000,42,https://docs.google.com/spreadsheets/d/1B2uTMvWlAHb7WlpupJV1A2Hbi3K3U1vCyoFV0wCapcw/edit#gid=306702305
season_008,Liga 2,9,person_barry_d_sin_of_speed,Barry D. Sin of Speed,0.0990,,1000,42,https://docs.google.com/spreadsheets/d/1B2uTMvWlAHb7WlpupJV1A2Hbi3K3U1vCyoFV0wCapcw/edit#gid=306702305
season_008,Liga 2,9,person_blacklink,BlackLink,0.0040,,1000,42,https://docs.google.com/spreadsheets/d/1B2uTMvWlAHb7WlpupJV1A2Hbi3K3U1vCyoFV0wCapcw/edit#gid=306702305
season_008,Liga 2,9,person_blocki,Blocki,0.3190,,1000,42,https://docs.google.com/spreadsheets/d/1B2uTMvWlAHb7WlpupJV1A2Hbi3K3U1vCyoFV0wCapcw/edit#gid=306702305
season_008,Liga 2,9,person_king_blex,KingBlex,0.4650,,1000,42,https://docs.google.com/spreadsheets/d/1B2uTMvWlAHb7WlpupJV1A2Hbi3K3U1vCyoFV0wCapcw/edit#gid=306702305
season_008,Liga 2,9,person_maxi_von_vogel,Maxi von Vogel,0.0060,,1000,42,https://docs.google.com/spreadsheets/d/1B2uTMvWlAHb7WlpupJV1A2Hbi3K3U1vCyoFV0wCapcw/edit#gid=306702305
season_008,Liga 2,9,person_og_dnz,OGDNZ,0.0850,,1000,42,https://docs.google.com/spreadsheets/d/1B2uTMvWlAHb7WlpupJV1A2Hbi3K3U1vCyoFV0wCapcw/edit#gid=306702305
season_008,Liga 2,9,person_pokgalaxy,Pokgalaxy,0.0000,,1000,42,https://docs.google.com/spreadsheets/d/1B2uTMvWlAHb7WlpupJV1A2Hbi3K3U1vCyoFV0wCapcw/edit#gid=306702305
season_008,Liga 2,9,person_raizor,Raizor,0.0220,,1000,42,https://docs.google.com/spreadsheets/d/1B2uTMvWlAHb7WlpupJV1A2Hbi3K3U1vCyoFV0wCapcw/edit#gid=306702305
season_008,Liga 2,10,person_barry_d_sin_of_speed,Barry D. Sin of Speed,0.0080,,1000,42,https://docs.google.com/spreadsheets/d/1B2uTMvWlAHb7WlpupJV1A2Hbi3K3U1vCyoFV0wCapcw/edit#gid=306702305
season_008,Liga 2,10,person_blacklink,BlackLink,0.0070,,1000,42,https://docs.google.com/spreadsheets/d/1B2uTMvWlAHb7WlpupJV1A2Hbi3K3U1vCyoFV0wCapcw/edit#gid=306702305
season_008,Liga 2,10,person_blocki,Blocki,0.0920,,1000,42,https://docs.google.com/spreadsheets/d/1B2uTMvWlAHb7WlpupJV1A2Hbi3K3U1vCyoFV0wCapcw/edit#gid=306702305
season_008,Liga 2,10,person_king_blex,KingBlex,0.7990,,1000,42,https://docs.google.com/spreadsheets/d/1B2uTMvWlAHb7WlpupJV1A2Hbi3K3U1vCyoFV0wCapcw/edit#gid=306702305
season_008,Liga 2,10,person_maxi_von_vogel,Maxi von Vogel,0.0020,,1000,42,https://docs.google.com/spreadsheets/d/1B2uTMvWlAHb7WlpupJV1A2Hbi3K3U1vCyoFV0wCapcw/edit#gid=306702305
season_008,Liga 2,10,person_og_dnz,OGDNZ,0.0190,,1000,42,https://docs.google.com/spreadsheets/d/1B2uTMvWlAHb7WlpupJV1A2Hbi3K3U1vCyoFV0wCapcw/edit#gid=306702305
season_008,Liga 2,10,person_pokgalaxy,Pokgalaxy,0.0000,,1000,42,https://docs.google.com/spreadsheets/d/1B2uTMvWlAHb7WlpupJV1A2Hbi3K3U1vCyoFV0wCapcw/edit#gid=306702305
season_008,Liga 2,10,person_raizor,Raizor,0.0730,,1000,42,https://docs.google.com/spreadsheets/d/1B2uTMvWlAHb7WlpupJV1A2Hbi3K3U1vCyoFV0wCapcw/edit#gid=306702305
season_008,Liga 2,11,person_barry_d_sin_of_speed,Barry D. Sin of Speed,0.0120,,1000,42,https://docs.google.com/spreadsheets/d/1B2uTMvWlAHb7WlpupJV1A2Hbi3K3U1vCyoFV0wCapcw/edit#gid=306702305
season_008,Liga 2,11,person_blacklink,BlackLink,0.0000,,1000,42,https://docs.google.com/spreadsheets/d/1B2uTMvWlAHb7WlpupJV1A2Hbi3K3U1vCyoFV0wCapcw/edit#gid=306702305
season_008,Liga 2,11,person_blocki,Blocki,0.0040,,1000,42,https://docs.google.com/spreadsheets/d/1B2uTMvWlAHb7WlpupJV1A2Hbi3K3U1vCyoFV0wCapcw/edit#gid=306702305
season_008,Liga 2,11,person_king_blex,KingBlex,0.9390,,1000,42,https://docs.google.com/spreadsheets/d/1B2uTMvWlAHb7WlpupJV1A2Hbi3K3U1vCyoFV0wCapcw/edit#gid=306702305
season_008,Liga 2,11,person_maxi_von_vogel,Maxi von Vogel,0.0120,,1000,42,https://docs.google.com/spreadsheets/d/1B2uTMvWlAHb7WlpupJV1A2Hbi3K3U1vCyoFV0wCapcw/edit#gid=306702305
season_008,Liga 2,11,person_og_dnz,OGDNZ,0.0230,,1000,42,https://docs.google.com/spreadsheets/d/1B2uTMvWlAHb7WlpupJV1A2Hbi3K3U1vCyoFV0wCapcw/edit#gid=306702305
season_008,Liga 2,11,person_pokgalaxy,Pokgalaxy,0.0000,,1000,42,https://docs.google.com/spreadsheets/d/1B2uTMvWlAHb7WlpupJV1A2Hbi3K3U1vCyoFV0wCapcw/edit#gid=306702305
season_008,Liga 2,11,person_raizor,Raizor,0.0100,,1000,42,https://docs.google.com/spreadsheets/d/1B2uTMvWlAHb7WlpupJV1A2Hbi3K3U1vCyoFV0wCapcw/edit#gid=306702305
season_008,Liga 2,12,person_barry_d_sin_of_speed,Barry D. Sin of Speed,0.0000,,1000,42,https://docs.google.com/spreadsheets/d/1B2uTMvWlAHb7WlpupJV1A2Hbi3K3U1vCyoFV0wCapcw/edit#gid=306702305
season_008,Liga 2,12,person_blacklink,BlackLink,0.0000,,1000,42,https://docs.google.com/spreadsheets/d/1B2uTMvWlAHb7WlpupJV1A2Hbi3K3U1vCyoFV0wCapcw/edit#gid=306702305
season_008,Liga 2,12,person_blocki,Blocki,0.0000,,1000,42,https://docs.google.com/spreadsheets/d/1B2uTMvWlAHb7WlpupJV1A2Hbi3K3U1vCyoFV0wCapcw/edit#gid=306702305
season_008,Liga 2,12,person_king_blex,KingBlex,1.0000,,1000,42,https://docs.google.com/spreadsheets/d/1B2uTMvWlAHb7WlpupJV1A2Hbi3K3U1vCyoFV0wCapcw/edit#gid=306702305
season_008,Liga 2,12,person_maxi_von_vogel,Maxi von Vogel,0.0000,,1000,42,https://docs.google.com/spreadsheets/d/1B2uTMvWlAHb7WlpupJV1A2Hbi3K3U1vCyoFV0wCapcw/edit#gid=306702305
season_008,Liga 2,12,person_og_dnz,OGDNZ,0.0000,,1000,42,https://docs.google.com/spreadsheets/d/1B2uTMvWlAHb7WlpupJV1A2Hbi3K3U1vCyoFV0wCapcw/edit#gid=306702305
season_008,Liga 2,12,person_pokgalaxy,Pokgalaxy,0.0000,,1000,42,https://docs.google.com/spreadsheets/d/1B2uTMvWlAHb7WlpupJV1A2Hbi3K3U1vCyoFV0wCapcw/edit#gid=306702305
season_008,Liga 2,12,person_raizor,Raizor,0.0000,,1000,42,https://docs.google.com/spreadsheets/d/1B2uTMvWlAHb7WlpupJV1A2Hbi3K3U1vCyoFV0wCapcw/edit#gid=306702305
season_008,Liga 2,13,person_barry_d_sin_of_speed,Barry D. Sin of Speed,0.0000,,1000,42,https://docs.google.com/spreadsheets/d/1B2uTMvWlAHb7WlpupJV1A2Hbi3K3U1vCyoFV0wCapcw/edit#gid=306702305
season_008,Liga 2,13,person_blacklink,BlackLink,0.0000,,1000,42,https://docs.google.com/spreadsheets/d/1B2uTMvWlAHb7WlpupJV1A2Hbi3K3U1vCyoFV0wCapcw/edit#gid=306702305
season_008,Liga 2,13,person_blocki,Blocki,0.0000,,1000,42,https://docs.google.com/spreadsheets/d/1B2uTMvWlAHb7WlpupJV1A2Hbi3K3U1vCyoFV0wCapcw/edit#gid=306702305
season_008,Liga 2,13,person_king_blex,KingBlex,1.0000,,1000,42,https://docs.google.com/spreadsheets/d/1B2uTMvWlAHb7WlpupJV1A2Hbi3K3U1vCyoFV0wCapcw/edit#gid=306702305
season_008,Liga 2,13,person_maxi_von_vogel,Maxi von Vogel,0.0000,,1000,42,https://docs.google.com/spreadsheets/d/1B2uTMvWlAHb7WlpupJV1A2Hbi3K3U1vCyoFV0wCapcw/edit#gid=306702305
season_008,Liga 2,13,person_og_dnz,OGDNZ,0.0000,,1000,42,https://docs.google.com/spreadsheets/d/1B2uTMvWlAHb7WlpupJV1A2Hbi3K3U1vCyoFV0wCapcw/edit#gid=306702305
season_008,Liga 2,13,person_pokgalaxy,Pokgalaxy,0.0000,,1000,42,https://docs.google.com/spreadsheets/d/1B2uTMvWlAHb7WlpupJV1A2Hbi3K3U1vCyoFV0wCapcw/edit#gid=306702305
season_008,Liga 2,13,person_raizor,Raizor,0.0000,,1000,42,https://docs.google.com/spreadsheets/d/1B2uTMvWlAHb7WlpupJV1A2Hbi3K3U1vCyoFV0wCapcw/edit#gid=306702305
season_008,Liga 2,14,person_barry_d_sin_of_speed,Barry D. Sin of Speed,0.0000,,1000,42,https://docs.google.com/spreadsheets/d/1B2uTMvWlAHb7WlpupJV1A2Hbi3K3U1vCyoFV0wCapcw/edit#gid=306702305
season_008,Liga 2,14,person_blacklink,BlackLink,0.0000,,1000,42,https://docs.google.com/spreadsheets/d/1B2uTMvWlAHb7WlpupJV1A2Hbi3K3U1vCyoFV0wCapcw/edit#gid=306702305
season_008,Liga 2,14,person_blocki,Blocki,0.0000,,1000,42,https://docs.google.com/spreadsheets/d/1B2uTMvWlAHb7WlpupJV1A2Hbi3K3U1vCyoFV0wCapcw/edit#gid=306702305
season_008,Liga 2,14,person_king_blex,KingBlex,1.0000,,1000,42,https://docs.google.com/spreadsheets/d/1B2uTMvWlAHb7WlpupJV1A2Hbi3K3U1vCyoFV0wCapcw/edit#gid=306702305
season_008,Liga 2,14,person_maxi_von_vogel,Maxi von Vogel,0.0000,,1000,42,https://docs.google.com/spreadsheets/d/1B2uTMvWlAHb7WlpupJV1A2Hbi3K3U1vCyoFV0wCapcw/edit#gid=306702305
season_008,Liga 2,14,person_og_dnz,OGDNZ,0.0000,,1000,42,https://docs.google.com/spreadsheets/d/1B2uTMvWlAHb7WlpupJV1A2Hbi3K3U1vCyoFV0wCapcw/edit#gid=306702305
season_008,Liga 2,14,person_pokgalaxy,Pokgalaxy,0.0000,,1000,42,https://docs.google.com/spreadsheets/d/1B2uTMvWlAHb7WlpupJV1A2Hbi3K3U1vCyoFV0wCapcw/edit#gid=306702305
season_008,Liga 2,14,person_raizor,Raizor,0.0000,,1000,42,https://docs.google.com/spreadsheets/d/1B2uTMvWlAHb7WlpupJV1A2Hbi3K3U1vCyoFV0wCapcw/edit#gid=306702305
season_009,Tag Team,1,person_barry_d_sin_of_speed,Barry D. Sin of Speed,0.0090,,1000,42,https://docs.google.com/spreadsheets/d/1uo7-E_E2jbehB2hbBurpPayP_0fKY5sPZcFgZmfLydY/edit#gid=1037187549
season_009,Tag Team,1,person_belmontgabriel,BelmontGabriel,0.0000,,1000,42,https://docs.google.com/spreadsheets/d/1uo7-E_E2jbehB2hbBurpPayP_0fKY5sPZcFgZmfLydY/edit#gid=1037187549
season_009,Tag Team,1,person_bene,Bene,0.5150,,1000,42,https://docs.google.com/spreadsheets/d/1uo7-E_E2jbehB2hbBurpPayP_0fKY5sPZcFgZmfLydY/edit#gid=1037187549
season_009,Tag Team,1,person_blacklink,BlackLink,0.0000,,1000,42,https://docs.google.com/spreadsheets/d/1uo7-E_E2jbehB2hbBurpPayP_0fKY5sPZcFgZmfLydY/edit#gid=1037187549
season_009,Tag Team,1,person_blocki,Blocki,0.0310,,1000,42,https://docs.google.com/spreadsheets/d/1uo7-E_E2jbehB2hbBurpPayP_0fKY5sPZcFgZmfLydY/edit#gid=1037187549
season_009,Tag Team,1,person_dauni_daunstar,Dauni,0.1620,,1000,42,https://docs.google.com/spreadsheets/d/1uo7-E_E2jbehB2hbBurpPayP_0fKY5sPZcFgZmfLydY/edit#gid=1037187549
season_009,Tag Team,1,person_el_scizor,El Scizor,0.0000,,1000,42,https://docs.google.com/spreadsheets/d/1uo7-E_E2jbehB2hbBurpPayP_0fKY5sPZcFgZmfLydY/edit#gid=1037187549
season_009,Tag Team,1,person_elektechn9ne,ElektechN9ne,0.0000,,1000,42,https://docs.google.com/spreadsheets/d/1uo7-E_E2jbehB2hbBurpPayP_0fKY5sPZcFgZmfLydY/edit#gid=1037187549
season_009,Tag Team,1,person_hydronic,Hydronic,0.0070,,1000,42,https://docs.google.com/spreadsheets/d/1uo7-E_E2jbehB2hbBurpPayP_0fKY5sPZcFgZmfLydY/edit#gid=1037187549
season_009,Tag Team,1,person_king_blex,KingBlex,0.0000,,1000,42,https://docs.google.com/spreadsheets/d/1uo7-E_E2jbehB2hbBurpPayP_0fKY5sPZcFgZmfLydY/edit#gid=1037187549
season_009,Tag Team,1,person_maxi_von_vogel,Maxi von Vogel,0.0000,,1000,42,https://docs.google.com/spreadsheets/d/1uo7-E_E2jbehB2hbBurpPayP_0fKY5sPZcFgZmfLydY/edit#gid=1037187549
season_009,Tag Team,1,person_minetube,Minetube,0.0180,,1000,42,https://docs.google.com/spreadsheets/d/1uo7-E_E2jbehB2hbBurpPayP_0fKY5sPZcFgZmfLydY/edit#gid=1037187549
season_009,Tag Team,1,person_nestfloh,Nestfloh,0.2560,,1000,42,https://docs.google.com/spreadsheets/d/1uo7-E_E2jbehB2hbBurpPayP_0fKY5sPZcFgZmfLydY/edit#gid=1037187549
season_009,Tag Team,1,person_og_dnz,OGDNZ,0.0000,,1000,42,https://docs.google.com/spreadsheets/d/1uo7-E_E2jbehB2hbBurpPayP_0fKY5sPZcFgZmfLydY/edit#gid=1037187549
season_009,Tag Team,1,person_pokgalaxy,Pokgalaxy,0.0000,,1000,42,https://docs.google.com/spreadsheets/d/1uo7-E_E2jbehB2hbBurpPayP_0fKY5sPZcFgZmfLydY/edit#gid=1037187549
season_009,Tag Team,1,person_present,PresentLP,0.0020,,1000,42,https://docs.google.com/spreadsheets/d/1uo7-E_E2jbehB2hbBurpPayP_0fKY5sPZcFgZmfLydY/edit#gid=1037187549
season_009,Tag Team,1,person_raizor,Raizor,0.0000,,1000,42,https://docs.google.com/spreadsheets/d/1uo7-E_E2jbehB2hbBurpPayP_0fKY5sPZcFgZmfLydY/edit#gid=1037187549
season_009,Tag Team,2,person_barry_d_sin_of_speed,Barry D. Sin of Speed,0.0010,,1000,42,https://docs.google.com/spreadsheets/d/1uo7-E_E2jbehB2hbBurpPayP_0fKY5sPZcFgZmfLydY/edit#gid=1037187549
season_009,Tag Team,2,person_belmontgabriel,BelmontGabriel,0.0000,,1000,42,https://docs.google.com/spreadsheets/d/1uo7-E_E2jbehB2hbBurpPayP_0fKY5sPZcFgZmfLydY/edit#gid=1037187549
season_009,Tag Team,2,person_bene,Bene,0.6270,,1000,42,https://docs.google.com/spreadsheets/d/1uo7-E_E2jbehB2hbBurpPayP_0fKY5sPZcFgZmfLydY/edit#gid=1037187549
season_009,Tag Team,2,person_blacklink,BlackLink,0.0000,,1000,42,https://docs.google.com/spreadsheets/d/1uo7-E_E2jbehB2hbBurpPayP_0fKY5sPZcFgZmfLydY/edit#gid=1037187549
season_009,Tag Team,2,person_blocki,Blocki,0.0520,,1000,42,https://docs.google.com/spreadsheets/d/1uo7-E_E2jbehB2hbBurpPayP_0fKY5sPZcFgZmfLydY/edit#gid=1037187549
season_009,Tag Team,2,person_dauni_daunstar,Dauni,0.2640,,1000,42,https://docs.google.com/spreadsheets/d/1uo7-E_E2jbehB2hbBurpPayP_0fKY5sPZcFgZmfLydY/edit#gid=1037187549
season_009,Tag Team,2,person_el_scizor,El Scizor,0.0000,,1000,42,https://docs.google.com/spreadsheets/d/1uo7-E_E2jbehB2hbBurpPayP_0fKY5sPZcFgZmfLydY/edit#gid=1037187549
season_009,Tag Team,2,person_elektechn9ne,ElektechN9ne,0.0030,,1000,42,https://docs.google.com/spreadsheets/d/1uo7-E_E2jbehB2hbBurpPayP_0fKY5sPZcFgZmfLydY/edit#gid=1037187549
season_009,Tag Team,2,person_hydronic,Hydronic,0.0080,,1000,42,https://docs.google.com/spreadsheets/d/1uo7-E_E2jbehB2hbBurpPayP_0fKY5sPZcFgZmfLydY/edit#gid=1037187549
season_009,Tag Team,2,person_king_blex,KingBlex,0.0010,,1000,42,https://docs.google.com/spreadsheets/d/1uo7-E_E2jbehB2hbBurpPayP_0fKY5sPZcFgZmfLydY/edit#gid=1037187549
season_009,Tag Team,2,person_maxi_von_vogel,Maxi von Vogel,0.0000,,1000,42,https://docs.google.com/spreadsheets/d/1uo7-E_E2jbehB2hbBurpPayP_0fKY5sPZcFgZmfLydY/edit#gid=1037187549
season_009,Tag Team,2,person_minetube,Minetube,0.0010,,1000,42,https://docs.google.com/spreadsheets/d/1uo7-E_E2jbehB2hbBurpPayP_0fKY5sPZcFgZmfLydY/edit#gid=1037187549
season_009,Tag Team,2,person_nestfloh,Nestfloh,0.0430,,1000,42,https://docs.google.com/spreadsheets/d/1uo7-E_E2jbehB2hbBurpPayP_0fKY5sPZcFgZmfLydY/edit#gid=1037187549
season_009,Tag Team,2,person_og_dnz,OGDNZ,0.0000,,1000,42,https://docs.google.com/spreadsheets/d/1uo7-E_E2jbehB2hbBurpPayP_0fKY5sPZcFgZmfLydY/edit#gid=1037187549
season_009,Tag Team,2,person_pokgalaxy,Pokgalaxy,0.0000,,1000,42,https://docs.google.com/spreadsheets/d/1uo7-E_E2jbehB2hbBurpPayP_0fKY5sPZcFgZmfLydY/edit#gid=1037187549
season_009,Tag Team,2,person_present,PresentLP,0.0000,,1000,42,https://docs.google.com/spreadsheets/d/1uo7-E_E2jbehB2hbBurpPayP_0fKY5sPZcFgZmfLydY/edit#gid=1037187549
season_009,Tag Team,2,person_raizor,Raizor,0.0000,,1000,42,https://docs.google.com/spreadsheets/d/1uo7-E_E2jbehB2hbBurpPayP_0fKY5sPZcFgZmfLydY/edit#gid=1037187549
season_009,Tag Team,3,person_barry_d_sin_of_speed,Barry D. Sin of Speed,0.0000,,1000,42,https://docs.google.com/spreadsheets/d/1uo7-E_E2jbehB2hbBurpPayP_0fKY5sPZcFgZmfLydY/edit#gid=1037187549
season_009,Tag Team,3,person_belmontgabriel,BelmontGabriel,0.0000,,1000,42,https://docs.google.com/spreadsheets/d/1uo7-E_E2jbehB2hbBurpPayP_0fKY5sPZcFgZmfLydY/edit#gid=1037187549
season_009,Tag Team,3,person_bene,Bene,0.3870,,1000,42,https://docs.google.com/spreadsheets/d/1uo7-E_E2jbehB2hbBurpPayP_0fKY5sPZcFgZmfLydY/edit#gid=1037187549
season_009,Tag Team,3,person_blacklink,BlackLink,0.0000,,1000,42,https://docs.google.com/spreadsheets/d/1uo7-E_E2jbehB2hbBurpPayP_0fKY5sPZcFgZmfLydY/edit#gid=1037187549
season_009,Tag Team,3,person_blocki,Blocki,0.1930,,1000,42,https://docs.google.com/spreadsheets/d/1uo7-E_E2jbehB2hbBurpPayP_0fKY5sPZcFgZmfLydY/edit#gid=1037187549
season_009,Tag Team,3,person_dauni_daunstar,Dauni,0.1340,,1000,42,https://docs.google.com/spreadsheets/d/1uo7-E_E2jbehB2hbBurpPayP_0fKY5sPZcFgZmfLydY/edit#gid=1037187549
season_009,Tag Team,3,person_el_scizor,El Scizor,0.0000,,1000,42,https://docs.google.com/spreadsheets/d/1uo7-E_E2jbehB2hbBurpPayP_0fKY5sPZcFgZmfLydY/edit#gid=1037187549
season_009,Tag Team,3,person_elektechn9ne,ElektechN9ne,0.0000,,1000,42,https://docs.google.com/spreadsheets/d/1uo7-E_E2jbehB2hbBurpPayP_0fKY5sPZcFgZmfLydY/edit#gid=1037187549
season_009,Tag Team,3,person_hydronic,Hydronic,0.0810,,1000,42,https://docs.google.com/spreadsheets/d/1uo7-E_E2jbehB2hbBurpPayP_0fKY5sPZcFgZmfLydY/edit#gid=1037187549
season_009,Tag Team,3,person_king_blex,KingBlex,0.0200,,1000,42,https://docs.google.com/spreadsheets/d/1uo7-E_E2jbehB2hbBurpPayP_0fKY5sPZcFgZmfLydY/edit#gid=1037187549
season_009,Tag Team,3,person_maxi_von_vogel,Maxi von Vogel,0.0000,,1000,42,https://docs.google.com/spreadsheets/d/1uo7-E_E2jbehB2hbBurpPayP_0fKY5sPZcFgZmfLydY/edit#gid=1037187549
season_009,Tag Team,3,person_minetube,Minetube,0.0060,,1000,42,https://docs.google.com/spreadsheets/d/1uo7-E_E2jbehB2hbBurpPayP_0fKY5sPZcFgZmfLydY/edit#gid=1037187549
season_009,Tag Team,3,person_nestfloh,Nestfloh,0.1750,,1000,42,https://docs.google.com/spreadsheets/d/1uo7-E_E2jbehB2hbBurpPayP_0fKY5sPZcFgZmfLydY/edit#gid=1037187549
season_009,Tag Team,3,person_og_dnz,OGDNZ,0.0000,,1000,42,https://docs.google.com/spreadsheets/d/1uo7-E_E2jbehB2hbBurpPayP_0fKY5sPZcFgZmfLydY/edit#gid=1037187549
season_009,Tag Team,3,person_pokgalaxy,Pokgalaxy,0.0010,,1000,42,https://docs.google.com/spreadsheets/d/1uo7-E_E2jbehB2hbBurpPayP_0fKY5sPZcFgZmfLydY/edit#gid=1037187549
season_009,Tag Team,3,person_present,PresentLP,0.0030,,1000,42,https://docs.google.com/spreadsheets/d/1uo7-E_E2jbehB2hbBurpPayP_0fKY5sPZcFgZmfLydY/edit#gid=1037187549
season_009,Tag Team,3,person_raizor,Raizor,0.0000,,1000,42,https://docs.google.com/spreadsheets/d/1uo7-E_E2jbehB2hbBurpPayP_0fKY5sPZcFgZmfLydY/edit#gid=1037187549
season_009,Tag Team,4,person_barry_d_sin_of_speed,Barry D. Sin of Speed,0.0010,,1000,42,https://docs.google.com/spreadsheets/d/1uo7-E_E2jbehB2hbBurpPayP_0fKY5sPZcFgZmfLydY/edit#gid=1037187549
season_009,Tag Team,4,person_belmontgabriel,BelmontGabriel,0.0000,,1000,42,https://docs.google.com/spreadsheets/d/1uo7-E_E2jbehB2hbBurpPayP_0fKY5sPZcFgZmfLydY/edit#gid=1037187549
season_009,Tag Team,4,person_bene,Bene,0.4370,,1000,42,https://docs.google.com/spreadsheets/d/1uo7-E_E2jbehB2hbBurpPayP_0fKY5sPZcFgZmfLydY/edit#gid=1037187549
season_009,Tag Team,4,person_blacklink,BlackLink,0.0000,,1000,42,https://docs.google.com/spreadsheets/d/1uo7-E_E2jbehB2hbBurpPayP_0fKY5sPZcFgZmfLydY/edit#gid=1037187549
season_009,Tag Team,4,person_blocki,Blocki,0.0500,,1000,42,https://docs.google.com/spreadsheets/d/1uo7-E_E2jbehB2hbBurpPayP_0fKY5sPZcFgZmfLydY/edit#gid=1037187549
season_009,Tag Team,4,person_dauni_daunstar,Dauni,0.2150,,1000,42,https://docs.google.com/spreadsheets/d/1uo7-E_E2jbehB2hbBurpPayP_0fKY5sPZcFgZmfLydY/edit#gid=1037187549
season_009,Tag Team,4,person_el_scizor,El Scizor,0.0000,,1000,42,https://docs.google.com/spreadsheets/d/1uo7-E_E2jbehB2hbBurpPayP_0fKY5sPZcFgZmfLydY/edit#gid=1037187549
season_009,Tag Team,4,person_elektechn9ne,ElektechN9ne,0.0000,,1000,42,https://docs.google.com/spreadsheets/d/1uo7-E_E2jbehB2hbBurpPayP_0fKY5sPZcFgZmfLydY/edit#gid=1037187549
season_009,Tag Team,4,person_hydronic,Hydronic,0.0100,,1000,42,https://docs.google.com/spreadsheets/d/1uo7-E_E2jbehB2hbBurpPayP_0fKY5sPZcFgZmfLydY/edit#gid=1037187549
season_009,Tag Team,4,person_king_blex,KingBlex,0.0500,,1000,42,https://docs.google.com/spreadsheets/d/1uo7-E_E2jbehB2hbBurpPayP_0fKY5sPZcFgZmfLydY/edit#gid=1037187549
season_009,Tag Team,4,person_maxi_von_vogel,Maxi von Vogel,0.0000,,1000,42,https://docs.google.com/spreadsheets/d/1uo7-E_E2jbehB2hbBurpPayP_0fKY5sPZcFgZmfLydY/edit#gid=1037187549
season_009,Tag Team,4,person_minetube,Minetube,0.0010,,1000,42,https://docs.google.com/spreadsheets/d/1uo7-E_E2jbehB2hbBurpPayP_0fKY5sPZcFgZmfLydY/edit#gid=1037187549
season_009,Tag Team,4,person_nestfloh,Nestfloh,0.2290,,1000,42,https://docs.google.com/spreadsheets/d/1uo7-E_E2jbehB2hbBurpPayP_0fKY5sPZcFgZmfLydY/edit#gid=1037187549
season_009,Tag Team,4,person_og_dnz,OGDNZ,0.0000,,1000,42,https://docs.google.com/spreadsheets/d/1uo7-E_E2jbehB2hbBurpPayP_0fKY5sPZcFgZmfLydY/edit#gid=1037187549
season_009,Tag Team,4,person_pokgalaxy,Pokgalaxy,0.0000,,1000,42,https://docs.google.com/spreadsheets/d/1uo7-E_E2jbehB2hbBurpPayP_0fKY5sPZcFgZmfLydY/edit#gid=1037187549
season_009,Tag Team,4,person_present,PresentLP,0.0070,,1000,42,https://docs.google.com/spreadsheets/d/1uo7-E_E2jbehB2hbBurpPayP_0fKY5sPZcFgZmfLydY/edit#gid=1037187549
season_009,Tag Team,4,person_raizor,Raizor,0.0000,,1000,42,https://docs.google.com/spreadsheets/d/1uo7-E_E2jbehB2hbBurpPayP_0fKY5sPZcFgZmfLydY/edit#gid=1037187549
season_009,Tag Team,5,person_barry_d_sin_of_speed,Barry D. Sin of Speed,0.0000,,1000,42,https://docs.google.com/spreadsheets/d/1uo7-E_E2jbehB2hbBurpPayP_0fKY5sPZcFgZmfLydY/edit#gid=1037187549
season_009,Tag Team,5,person_belmontgabriel,BelmontGabriel,0.0000,,1000,42,https://docs.google.com/spreadsheets/d/1uo7-E_E2jbehB2hbBurpPayP_0fKY5sPZcFgZmfLydY/edit#gid=1037187549
season_009,Tag Team,5,person_bene,Bene,0.4680,,1000,42,https://docs.google.com/spreadsheets/d/1uo7-E_E2jbehB2hbBurpPayP_0fKY5sPZcFgZmfLydY/edit#gid=1037187549
season_009,Tag Team,5,person_blacklink,BlackLink,0.0000,,1000,42,https://docs.google.com/spreadsheets/d/1uo7-E_E2jbehB2hbBurpPayP_0fKY5sPZcFgZmfLydY/edit#gid=1037187549
season_009,Tag Team,5,person_blocki,Blocki,0.0050,,1000,42,https://docs.google.com/spreadsheets/d/1uo7-E_E2jbehB2hbBurpPayP_0fKY5sPZcFgZmfLydY/edit#gid=1037187549
season_009,Tag Team,5,person_dauni_daunstar,Dauni,0.1980,,1000,42,https://docs.google.com/spreadsheets/d/1uo7-E_E2jbehB2hbBurpPayP_0fKY5sPZcFgZmfLydY/edit#gid=1037187549
season_009,Tag Team,5,person_el_scizor,El Scizor,0.0000,,1000,42,https://docs.google.com/spreadsheets/d/1uo7-E_E2jbehB2hbBurpPayP_0fKY5sPZcFgZmfLydY/edit#gid=1037187549
season_009,Tag Team,5,person_elektechn9ne,ElektechN9ne,0.0000,,1000,42,https://docs.google.com/spreadsheets/d/1uo7-E_E2jbehB2hbBurpPayP_0fKY5sPZcFgZmfLydY/edit#gid=1037187549
season_009,Tag Team,5,person_hydronic,Hydronic,0.0010,,1000,42,https://docs.google.com/spreadsheets/d/1uo7-E_E2jbehB2hbBurpPayP_0fKY5sPZcFgZmfLydY/edit#gid=1037187549
season_009,Tag Team,5,person_king_blex,KingBlex,0.0030,,1000,42,https://docs.google.com/spreadsheets/d/1uo7-E_E2jbehB2hbBurpPayP_0fKY5sPZcFgZmfLydY/edit#gid=1037187549
season_009,Tag Team,5,person_maxi_von_vogel,Maxi von Vogel,0.0000,,1000,42,https://docs.google.com/spreadsheets/d/1uo7-E_E2jbehB2hbBurpPayP_0fKY5sPZcFgZmfLydY/edit#gid=1037187549
season_009,Tag Team,5,person_minetube,Minetube,0.0010,,1000,42,https://docs.google.com/spreadsheets/d/1uo7-E_E2jbehB2hbBurpPayP_0fKY5sPZcFgZmfLydY/edit#gid=1037187549
season_009,Tag Team,5,person_nestfloh,Nestfloh,0.3220,,1000,42,https://docs.google.com/spreadsheets/d/1uo7-E_E2jbehB2hbBurpPayP_0fKY5sPZcFgZmfLydY/edit#gid=1037187549
season_009,Tag Team,5,person_og_dnz,OGDNZ,0.0000,,1000,42,https://docs.google.com/spreadsheets/d/1uo7-E_E2jbehB2hbBurpPayP_0fKY5sPZcFgZmfLydY/edit#gid=1037187549
season_009,Tag Team,5,person_pokgalaxy,Pokgalaxy,0.0000,,1000,42,https://docs.google.com/spreadsheets/d/1uo7-E_E2jbehB2hbBurpPayP_0fKY5sPZcFgZmfLydY/edit#gid=1037187549
season_009,Tag Team,5,person_present,PresentLP,0.0020,,1000,42,https://docs.google.com/spreadsheets/d/1uo7-E_E2jbehB2hbBurpPayP_0fKY5sPZcFgZmfLydY/edit#gid=1037187549
season_009,Tag Team,5,person_raizor,Raizor,0.0000,,1000,42,https://docs.google.com/spreadsheets/d/1uo7-E_E2jbehB2hbBurpPayP_0fKY5sPZcFgZmfLydY/edit#gid=1037187549
season_009,Tag Team,6,person_barry_d_sin_of_speed,Barry D. Sin of Speed,0.0000,,1000,42,https://docs.google.com/spreadsheets/d/1uo7-E_E2jbehB2hbBurpPayP_0fKY5sPZcFgZmfLydY/edit#gid=1037187549
season_009,Tag Team,6,person_belmontgabriel,BelmontGabriel,0.0000,,1000,42,https://docs.google.com/spreadsheets/d/1uo7-E_E2jbehB2hbBurpPayP_0fKY5sPZcFgZmfLydY/edit#gid=1037187549
season_009,Tag Team,6,person_bene,Bene,0.3820,,1000,42,https://docs.google.com/spreadsheets/d/1uo7-E_E2jbehB2hbBurpPayP_0fKY5sPZcFgZmfLydY/edit#gid=1037187549
season_009,Tag Team,6,person_blacklink,BlackLink,0.0000,,1000,42,https://docs.google.com/spreadsheets/d/1uo7-E_E2jbehB2hbBurpPayP_0fKY5sPZcFgZmfLydY/edit#gid=1037187549
season_009,Tag Team,6,person_blocki,Blocki,0.0080,,1000,42,https://docs.google.com/spreadsheets/d/1uo7-E_E2jbehB2hbBurpPayP_0fKY5sPZcFgZmfLydY/edit#gid=1037187549
season_009,Tag Team,6,person_dauni_daunstar,Dauni,0.2520,,1000,42,https://docs.google.com/spreadsheets/d/1uo7-E_E2jbehB2hbBurpPayP_0fKY5sPZcFgZmfLydY/edit#gid=1037187549
season_009,Tag Team,6,person_el_scizor,El Scizor,0.0000,,1000,42,https://docs.google.com/spreadsheets/d/1uo7-E_E2jbehB2hbBurpPayP_0fKY5sPZcFgZmfLydY/edit#gid=1037187549
season_009,Tag Team,6,person_elektechn9ne,ElektechN9ne,0.0000,,1000,42,https://docs.google.com/spreadsheets/d/1uo7-E_E2jbehB2hbBurpPayP_0fKY5sPZcFgZmfLydY/edit#gid=1037187549
season_009,Tag Team,6,person_hydronic,Hydronic,0.0000,,1000,42,https://docs.google.com/spreadsheets/d/1uo7-E_E2jbehB2hbBurpPayP_0fKY5sPZcFgZmfLydY/edit#gid=1037187549
season_009,Tag Team,6,person_king_blex,KingBlex,0.0000,,1000,42,https://docs.google.com/spreadsheets/d/1uo7-E_E2jbehB2hbBurpPayP_0fKY5sPZcFgZmfLydY/edit#gid=1037187549
season_009,Tag Team,6,person_maxi_von_vogel,Maxi von Vogel,0.0000,,1000,42,https://docs.google.com/spreadsheets/d/1uo7-E_E2jbehB2hbBurpPayP_0fKY5sPZcFgZmfLydY/edit#gid=1037187549
season_009,Tag Team,6,person_minetube,Minetube,0.0000,,1000,42,https://docs.google.com/spreadsheets/d/1uo7-E_E2jbehB2hbBurpPayP_0fKY5sPZcFgZmfLydY/edit#gid=1037187549
season_009,Tag Team,6,person_nestfloh,Nestfloh,0.3480,,1000,42,https://docs.google.com/spreadsheets/d/1uo7-E_E2jbehB2hbBurpPayP_0fKY5sPZcFgZmfLydY/edit#gid=1037187549
season_009,Tag Team,6,person_og_dnz,OGDNZ,0.0000,,1000,42,https://docs.google.com/spreadsheets/d/1uo7-E_E2jbehB2hbBurpPayP_0fKY5sPZcFgZmfLydY/edit#gid=1037187549
season_009,Tag Team,6,person_pokgalaxy,Pokgalaxy,0.0000,,1000,42,https://docs.google.com/spreadsheets/d/1uo7-E_E2jbehB2hbBurpPayP_0fKY5sPZcFgZmfLydY/edit#gid=1037187549
season_009,Tag Team,6,person_present,PresentLP,0.0100,,1000,42,https://docs.google.com/spreadsheets/d/1uo7-E_E2jbehB2hbBurpPayP_0fKY5sPZcFgZmfLydY/edit#gid=1037187549
season_009,Tag Team,6,person_raizor,Raizor,0.0000,,1000,42,https://docs.google.com/spreadsheets/d/1uo7-E_E2jbehB2hbBurpPayP_0fKY5sPZcFgZmfLydY/edit#gid=1037187549
season_009,Tag Team,7,person_barry_d_sin_of_speed,Barry D. Sin of Speed,0.0000,,1000,42,https://docs.google.com/spreadsheets/d/1uo7-E_E2jbehB2hbBurpPayP_0fKY5sPZcFgZmfLydY/edit#gid=1037187549
season_009,Tag Team,7,person_belmontgabriel,BelmontGabriel,0.0000,,1000,42,https://docs.google.com/spreadsheets/d/1uo7-E_E2jbehB2hbBurpPayP_0fKY5sPZcFgZmfLydY/edit#gid=1037187549
season_009,Tag Team,7,person_bene,Bene,0.1070,,1000,42,https://docs.google.com/spreadsheets/d/1uo7-E_E2jbehB2hbBurpPayP_0fKY5sPZcFgZmfLydY/edit#gid=1037187549
season_009,Tag Team,7,person_blacklink,BlackLink,0.0000,,1000,42,https://docs.google.com/spreadsheets/d/1uo7-E_E2jbehB2hbBurpPayP_0fKY5sPZcFgZmfLydY/edit#gid=1037187549
season_009,Tag Team,7,person_blocki,Blocki,0.0010,,1000,42,https://docs.google.com/spreadsheets/d/1uo7-E_E2jbehB2hbBurpPayP_0fKY5sPZcFgZmfLydY/edit#gid=1037187549
season_009,Tag Team,7,person_dauni_daunstar,Dauni,0.3000,,1000,42,https://docs.google.com/spreadsheets/d/1uo7-E_E2jbehB2hbBurpPayP_0fKY5sPZcFgZmfLydY/edit#gid=1037187549
season_009,Tag Team,7,person_el_scizor,El Scizor,0.0000,,1000,42,https://docs.google.com/spreadsheets/d/1uo7-E_E2jbehB2hbBurpPayP_0fKY5sPZcFgZmfLydY/edit#gid=1037187549
season_009,Tag Team,7,person_elektechn9ne,ElektechN9ne,0.0000,,1000,42,https://docs.google.com/spreadsheets/d/1uo7-E_E2jbehB2hbBurpPayP_0fKY5sPZcFgZmfLydY/edit#gid=1037187549
season_009,Tag Team,7,person_hydronic,Hydronic,0.0000,,1000,42,https://docs.google.com/spreadsheets/d/1uo7-E_E2jbehB2hbBurpPayP_0fKY5sPZcFgZmfLydY/edit#gid=1037187549
season_009,Tag Team,7,person_king_blex,KingBlex,0.0000,,1000,42,https://docs.google.com/spreadsheets/d/1uo7-E_E2jbehB2hbBurpPayP_0fKY5sPZcFgZmfLydY/edit#gid=1037187549
season_009,Tag Team,7,person_maxi_von_vogel,Maxi von Vogel,0.0000,,1000,42,https://docs.google.com/spreadsheets/d/1uo7-E_E2jbehB2hbBurpPayP_0fKY5sPZcFgZmfLydY/edit#gid=1037187549
season_009,Tag Team,7,person_minetube,Minetube,0.0000,,1000,42,https://docs.google.com/spreadsheets/d/1uo7-E_E2jbehB2hbBurpPayP_0fKY5sPZcFgZmfLydY/edit#gid=1037187549
season_009,Tag Team,7,person_nestfloh,Nestfloh,0.5730,,1000,42,https://docs.google.com/spreadsheets/d/1uo7-E_E2jbehB2hbBurpPayP_0fKY5sPZcFgZmfLydY/edit#gid=1037187549
season_009,Tag Team,7,person_og_dnz,OGDNZ,0.0000,,1000,42,https://docs.google.com/spreadsheets/d/1uo7-E_E2jbehB2hbBurpPayP_0fKY5sPZcFgZmfLydY/edit#gid=1037187549
season_009,Tag Team,7,person_pokgalaxy,Pokgalaxy,0.0000,,1000,42,https://docs.google.com/spreadsheets/d/1uo7-E_E2jbehB2hbBurpPayP_0fKY5sPZcFgZmfLydY/edit#gid=1037187549
season_009,Tag Team,7,person_present,PresentLP,0.0190,,1000,42,https://docs.google.com/spreadsheets/d/1uo7-E_E2jbehB2hbBurpPayP_0fKY5sPZcFgZmfLydY/edit#gid=1037187549
season_009,Tag Team,7,person_raizor,Raizor,0.0000,,1000,42,https://docs.google.com/spreadsheets/d/1uo7-E_E2jbehB2hbBurpPayP_0fKY5sPZcFgZmfLydY/edit#gid=1037187549
season_009,Tag Team,8,person_barry_d_sin_of_speed,Barry D. Sin of Speed,0.0000,,1000,42,https://docs.google.com/spreadsheets/d/1uo7-E_E2jbehB2hbBurpPayP_0fKY5sPZcFgZmfLydY/edit#gid=1037187549
season_009,Tag Team,8,person_belmontgabriel,BelmontGabriel,0.0000,,1000,42,https://docs.google.com/spreadsheets/d/1uo7-E_E2jbehB2hbBurpPayP_0fKY5sPZcFgZmfLydY/edit#gid=1037187549
season_009,Tag Team,8,person_bene,Bene,0.2100,,1000,42,https://docs.google.com/spreadsheets/d/1uo7-E_E2jbehB2hbBurpPayP_0fKY5sPZcFgZmfLydY/edit#gid=1037187549
season_009,Tag Team,8,person_blacklink,BlackLink,0.0000,,1000,42,https://docs.google.com/spreadsheets/d/1uo7-E_E2jbehB2hbBurpPayP_0fKY5sPZcFgZmfLydY/edit#gid=1037187549
season_009,Tag Team,8,person_blocki,Blocki,0.0000,,1000,42,https://docs.google.com/spreadsheets/d/1uo7-E_E2jbehB2hbBurpPayP_0fKY5sPZcFgZmfLydY/edit#gid=1037187549
season_009,Tag Team,8,person_dauni_daunstar,Dauni,0.0480,,1000,42,https://docs.google.com/spreadsheets/d/1uo7-E_E2jbehB2hbBurpPayP_0fKY5sPZcFgZmfLydY/edit#gid=1037187549
season_009,Tag Team,8,person_el_scizor,El Scizor,0.0000,,1000,42,https://docs.google.com/spreadsheets/d/1uo7-E_E2jbehB2hbBurpPayP_0fKY5sPZcFgZmfLydY/edit#gid=1037187549
season_009,Tag Team,8,person_elektechn9ne,ElektechN9ne,0.0000,,1000,42,https://docs.google.com/spreadsheets/d/1uo7-E_E2jbehB2hbBurpPayP_0fKY5sPZcFgZmfLydY/edit#gid=1037187549
season_009,Tag Team,8,person_hydronic,Hydronic,0.0000,,1000,42,https://docs.google.com/spreadsheets/d/1uo7-E_E2jbehB2hbBurpPayP_0fKY5sPZcFgZmfLydY/edit#gid=1037187549
season_009,Tag Team,8,person_king_blex,KingBlex,0.0000,,1000,42,https://docs.google.com/spreadsheets/d/1uo7-E_E2jbehB2hbBurpPayP_0fKY5sPZcFgZmfLydY/edit#gid=1037187549
season_009,Tag Team,8,person_maxi_von_vogel,Maxi von Vogel,0.0000,,1000,42,https://docs.google.com/spreadsheets/d/1uo7-E_E2jbehB2hbBurpPayP_0fKY5sPZcFgZmfLydY/edit#gid=1037187549
season_009,Tag Team,8,person_minetube,Minetube,0.0000,,1000,42,https://docs.google.com/spreadsheets/d/1uo7-E_E2jbehB2hbBurpPayP_0fKY5sPZcFgZmfLydY/edit#gid=1037187549
season_009,Tag Team,8,person_nestfloh,Nestfloh,0.7060,,1000,42,https://docs.google.com/spreadsheets/d/1uo7-E_E2jbehB2hbBurpPayP_0fKY5sPZcFgZmfLydY/edit#gid=1037187549
season_009,Tag Team,8,person_og_dnz,OGDNZ,0.0000,,1000,42,https://docs.google.com/spreadsheets/d/1uo7-E_E2jbehB2hbBurpPayP_0fKY5sPZcFgZmfLydY/edit#gid=1037187549
season_009,Tag Team,8,person_pokgalaxy,Pokgalaxy,0.0000,,1000,42,https://docs.google.com/spreadsheets/d/1uo7-E_E2jbehB2hbBurpPayP_0fKY5sPZcFgZmfLydY/edit#gid=1037187549
season_009,Tag Team,8,person_present,PresentLP,0.0360,,1000,42,https://docs.google.com/spreadsheets/d/1uo7-E_E2jbehB2hbBurpPayP_0fKY5sPZcFgZmfLydY/edit#gid=1037187549
season_009,Tag Team,8,person_raizor,Raizor,0.0000,,1000,42,https://docs.google.com/spreadsheets/d/1uo7-E_E2jbehB2hbBurpPayP_0fKY5sPZcFgZmfLydY/edit#gid=1037187549
season_009,Tag Team,9,person_barry_d_sin_of_speed,Barry D. Sin of Speed,0.0000,,1000,42,https://docs.google.com/spreadsheets/d/1uo7-E_E2jbehB2hbBurpPayP_0fKY5sPZcFgZmfLydY/edit#gid=1037187549
season_009,Tag Team,9,person_belmontgabriel,BelmontGabriel,0.0000,,1000,42,https://docs.google.com/spreadsheets/d/1uo7-E_E2jbehB2hbBurpPayP_0fKY5sPZcFgZmfLydY/edit#gid=1037187549
season_009,Tag Team,9,person_bene,Bene,0.6420,,1000,42,https://docs.google.com/spreadsheets/d/1uo7-E_E2jbehB2hbBurpPayP_0fKY5sPZcFgZmfLydY/edit#gid=1037187549
season_009,Tag Team,9,person_blacklink,BlackLink,0.0000,,1000,42,https://docs.google.com/spreadsheets/d/1uo7-E_E2jbehB2hbBurpPayP_0fKY5sPZcFgZmfLydY/edit#gid=1037187549
season_009,Tag Team,9,person_blocki,Blocki,0.0000,,1000,42,https://docs.google.com/spreadsheets/d/1uo7-E_E2jbehB2hbBurpPayP_0fKY5sPZcFgZmfLydY/edit#gid=1037187549
season_009,Tag Team,9,person_dauni_daunstar,Dauni,0.1260,,1000,42,https://docs.google.com/spreadsheets/d/1uo7-E_E2jbehB2hbBurpPayP_0fKY5sPZcFgZmfLydY/edit#gid=1037187549
season_009,Tag Team,9,person_el_scizor,El Scizor,0.0000,,1000,42,https://docs.google.com/spreadsheets/d/1uo7-E_E2jbehB2hbBurpPayP_0fKY5sPZcFgZmfLydY/edit#gid=1037187549
season_009,Tag Team,9,person_elektechn9ne,ElektechN9ne,0.0000,,1000,42,https://docs.google.com/spreadsheets/d/1uo7-E_E2jbehB2hbBurpPayP_0fKY5sPZcFgZmfLydY/edit#gid=1037187549
season_009,Tag Team,9,person_hydronic,Hydronic,0.0000,,1000,42,https://docs.google.com/spreadsheets/d/1uo7-E_E2jbehB2hbBurpPayP_0fKY5sPZcFgZmfLydY/edit#gid=1037187549
season_009,Tag Team,9,person_king_blex,KingBlex,0.0000,,1000,42,https://docs.google.com/spreadsheets/d/1uo7-E_E2jbehB2hbBurpPayP_0fKY5sPZcFgZmfLydY/edit#gid=1037187549
season_009,Tag Team,9,person_maxi_von_vogel,Maxi von Vogel,0.0000,,1000,42,https://docs.google.com/spreadsheets/d/1uo7-E_E2jbehB2hbBurpPayP_0fKY5sPZcFgZmfLydY/edit#gid=1037187549
season_009,Tag Team,9,person_minetube,Minetube,0.0000,,1000,42,https://docs.google.com/spreadsheets/d/1uo7-E_E2jbehB2hbBurpPayP_0fKY5sPZcFgZmfLydY/edit#gid=1037187549
season_009,Tag Team,9,person_nestfloh,Nestfloh,0.2280,,1000,42,https://docs.google.com/spreadsheets/d/1uo7-E_E2jbehB2hbBurpPayP_0fKY5sPZcFgZmfLydY/edit#gid=1037187549
season_009,Tag Team,9,person_og_dnz,OGDNZ,0.0000,,1000,42,https://docs.google.com/spreadsheets/d/1uo7-E_E2jbehB2hbBurpPayP_0fKY5sPZcFgZmfLydY/edit#gid=1037187549
season_009,Tag Team,9,person_pokgalaxy,Pokgalaxy,0.0000,,1000,42,https://docs.google.com/spreadsheets/d/1uo7-E_E2jbehB2hbBurpPayP_0fKY5sPZcFgZmfLydY/edit#gid=1037187549
season_009,Tag Team,9,person_present,PresentLP,0.0040,,1000,42,https://docs.google.com/spreadsheets/d/1uo7-E_E2jbehB2hbBurpPayP_0fKY5sPZcFgZmfLydY/edit#gid=1037187549
season_009,Tag Team,9,person_raizor,Raizor,0.0000,,1000,42,https://docs.google.com/spreadsheets/d/1uo7-E_E2jbehB2hbBurpPayP_0fKY5sPZcFgZmfLydY/edit#gid=1037187549
season_009,Tag Team,10,person_barry_d_sin_of_speed,Barry D. Sin of Speed,0.0000,,1000,42,https://docs.google.com/spreadsheets/d/1uo7-E_E2jbehB2hbBurpPayP_0fKY5sPZcFgZmfLydY/edit#gid=1037187549
season_009,Tag Team,10,person_belmontgabriel,BelmontGabriel,0.0000,,1000,42,https://docs.google.com/spreadsheets/d/1uo7-E_E2jbehB2hbBurpPayP_0fKY5sPZcFgZmfLydY/edit#gid=1037187549
season_009,Tag Team,10,person_bene,Bene,0.9200,,1000,42,https://docs.google.com/spreadsheets/d/1uo7-E_E2jbehB2hbBurpPayP_0fKY5sPZcFgZmfLydY/edit#gid=1037187549
season_009,Tag Team,10,person_blacklink,BlackLink,0.0000,,1000,42,https://docs.google.com/spreadsheets/d/1uo7-E_E2jbehB2hbBurpPayP_0fKY5sPZcFgZmfLydY/edit#gid=1037187549
season_009,Tag Team,10,person_blocki,Blocki,0.0000,,1000,42,https://docs.google.com/spreadsheets/d/1uo7-E_E2jbehB2hbBurpPayP_0fKY5sPZcFgZmfLydY/edit#gid=1037187549
season_009,Tag Team,10,person_dauni_daunstar,Dauni,0.0290,,1000,42,https://docs.google.com/spreadsheets/d/1uo7-E_E2jbehB2hbBurpPayP_0fKY5sPZcFgZmfLydY/edit#gid=1037187549
season_009,Tag Team,10,person_el_scizor,El Scizor,0.0000,,1000,42,https://docs.google.com/spreadsheets/d/1uo7-E_E2jbehB2hbBurpPayP_0fKY5sPZcFgZmfLydY/edit#gid=1037187549
season_009,Tag Team,10,person_elektechn9ne,ElektechN9ne,0.0000,,1000,42,https://docs.google.com/spreadsheets/d/1uo7-E_E2jbehB2hbBurpPayP_0fKY5sPZcFgZmfLydY/edit#gid=1037187549
season_009,Tag Team,10,person_hydronic,Hydronic,0.0000,,1000,42,https://docs.google.com/spreadsheets/d/1uo7-E_E2jbehB2hbBurpPayP_0fKY5sPZcFgZmfLydY/edit#gid=1037187549
season_009,Tag Team,10,person_king_blex,KingBlex,0.0000,,1000,42,https://docs.google.com/spreadsheets/d/1uo7-E_E2jbehB2hbBurpPayP_0fKY5sPZcFgZmfLydY/edit#gid=1037187549
season_009,Tag Team,10,person_maxi_von_vogel,Maxi von Vogel,0.0000,,1000,42,https://docs.google.com/spreadsheets/d/1uo7-E_E2jbehB2hbBurpPayP_0fKY5sPZcFgZmfLydY/edit#gid=1037187549
season_009,Tag Team,10,person_minetube,Minetube,0.0000,,1000,42,https://docs.google.com/spreadsheets/d/1uo7-E_E2jbehB2hbBurpPayP_0fKY5sPZcFgZmfLydY/edit#gid=1037187549
season_009,Tag Team,10,person_nestfloh,Nestfloh,0.0400,,1000,42,https://docs.google.com/spreadsheets/d/1uo7-E_E2jbehB2hbBurpPayP_0fKY5sPZcFgZmfLydY/edit#gid=1037187549
season_009,Tag Team,10,person_og_dnz,OGDNZ,0.0000,,1000,42,https://docs.google.com/spreadsheets/d/1uo7-E_E2jbehB2hbBurpPayP_0fKY5sPZcFgZmfLydY/edit#gid=1037187549
season_009,Tag Team,10,person_pokgalaxy,Pokgalaxy,0.0000,,1000,42,https://docs.google.com/spreadsheets/d/1uo7-E_E2jbehB2hbBurpPayP_0fKY5sPZcFgZmfLydY/edit#gid=1037187549
season_009,Tag Team,10,person_present,PresentLP,0.0110,,1000,42,https://docs.google.com/spreadsheets/d/1uo7-E_E2jbehB2hbBurpPayP_0fKY5sPZcFgZmfLydY/edit#gid=1037187549
season_009,Tag Team,10,person_raizor,Raizor,0.0000,,1000,42,https://docs.google.com/spreadsheets/d/1uo7-E_E2jbehB2hbBurpPayP_0fKY5sPZcFgZmfLydY/edit#gid=1037187549
season_009,Tag Team,11,person_barry_d_sin_of_speed,Barry D. Sin of Speed,0.0000,,1000,42,https://docs.google.com/spreadsheets/d/1uo7-E_E2jbehB2hbBurpPayP_0fKY5sPZcFgZmfLydY/edit#gid=1037187549
season_009,Tag Team,11,person_belmontgabriel,BelmontGabriel,0.0000,,1000,42,https://docs.google.com/spreadsheets/d/1uo7-E_E2jbehB2hbBurpPayP_0fKY5sPZcFgZmfLydY/edit#gid=1037187549
season_009,Tag Team,11,person_bene,Bene,0.9990,,1000,42,https://docs.google.com/spreadsheets/d/1uo7-E_E2jbehB2hbBurpPayP_0fKY5sPZcFgZmfLydY/edit#gid=1037187549
season_009,Tag Team,11,person_blacklink,BlackLink,0.0000,,1000,42,https://docs.google.com/spreadsheets/d/1uo7-E_E2jbehB2hbBurpPayP_0fKY5sPZcFgZmfLydY/edit#gid=1037187549
season_009,Tag Team,11,person_blocki,Blocki,0.0000,,1000,42,https://docs.google.com/spreadsheets/d/1uo7-E_E2jbehB2hbBurpPayP_0fKY5sPZcFgZmfLydY/edit#gid=1037187549
season_009,Tag Team,11,person_dauni_daunstar,Dauni,0.0010,,1000,42,https://docs.google.com/spreadsheets/d/1uo7-E_E2jbehB2hbBurpPayP_0fKY5sPZcFgZmfLydY/edit#gid=1037187549
season_009,Tag Team,11,person_el_scizor,El Scizor,0.0000,,1000,42,https://docs.google.com/spreadsheets/d/1uo7-E_E2jbehB2hbBurpPayP_0fKY5sPZcFgZmfLydY/edit#gid=1037187549
season_009,Tag Team,11,person_elektechn9ne,ElektechN9ne,0.0000,,1000,42,https://docs.google.com/spreadsheets/d/1uo7-E_E2jbehB2hbBurpPayP_0fKY5sPZcFgZmfLydY/edit#gid=1037187549
season_009,Tag Team,11,person_hydronic,Hydronic,0.0000,,1000,42,https://docs.google.com/spreadsheets/d/1uo7-E_E2jbehB2hbBurpPayP_0fKY5sPZcFgZmfLydY/edit#gid=1037187549
season_009,Tag Team,11,person_king_blex,KingBlex,0.0000,,1000,42,https://docs.google.com/spreadsheets/d/1uo7-E_E2jbehB2hbBurpPayP_0fKY5sPZcFgZmfLydY/edit#gid=1037187549
season_009,Tag Team,11,person_maxi_von_vogel,Maxi von Vogel,0.0000,,1000,42,https://docs.google.com/spreadsheets/d/1uo7-E_E2jbehB2hbBurpPayP_0fKY5sPZcFgZmfLydY/edit#gid=1037187549
season_009,Tag Team,11,person_minetube,Minetube,0.0000,,1000,42,https://docs.google.com/spreadsheets/d/1uo7-E_E2jbehB2hbBurpPayP_0fKY5sPZcFgZmfLydY/edit#gid=1037187549
season_009,Tag Team,11,person_nestfloh,Nestfloh,0.0000,,1000,42,https://docs.google.com/spreadsheets/d/1uo7-E_E2jbehB2hbBurpPayP_0fKY5sPZcFgZmfLydY/edit#gid=1037187549
season_009,Tag Team,11,person_og_dnz,OGDNZ,0.0000,,1000,42,https://docs.google.com/spreadsheets/d/1uo7-E_E2jbehB2hbBurpPayP_0fKY5sPZcFgZmfLydY/edit#gid=1037187549
season_009,Tag Team,11,person_pokgalaxy,Pokgalaxy,0.0000,,1000,42,https://docs.google.com/spreadsheets/d/1uo7-E_E2jbehB2hbBurpPayP_0fKY5sPZcFgZmfLydY/edit#gid=1037187549
season_009,Tag Team,11,person_present,PresentLP,0.0000,,1000,42,https://docs.google.com/spreadsheets/d/1uo7-E_E2jbehB2hbBurpPayP_0fKY5sPZcFgZmfLydY/edit#gid=1037187549
season_009,Tag Team,11,person_raizor,Raizor,0.0000,,1000,42,https://docs.google.com/spreadsheets/d/1uo7-E_E2jbehB2hbBurpPayP_0fKY5sPZcFgZmfLydY/edit#gid=1037187549
season_009,Tag Team,12,person_barry_d_sin_of_speed,Barry D. Sin of Speed,0.0000,,1000,42,https://docs.google.com/spreadsheets/d/1uo7-E_E2jbehB2hbBurpPayP_0fKY5sPZcFgZmfLydY/edit#gid=1037187549
season_009,Tag Team,12,person_belmontgabriel,BelmontGabriel,0.0000,,1000,42,https://docs.google.com/spreadsheets/d/1uo7-E_E2jbehB2hbBurpPayP_0fKY5sPZcFgZmfLydY/edit#gid=1037187549
season_009,Tag Team,12,person_bene,Bene,0.9820,,1000,42,https://docs.google.com/spreadsheets/d/1uo7-E_E2jbehB2hbBurpPayP_0fKY5sPZcFgZmfLydY/edit#gid=1037187549
season_009,Tag Team,12,person_blacklink,BlackLink,0.0000,,1000,42,https://docs.google.com/spreadsheets/d/1uo7-E_E2jbehB2hbBurpPayP_0fKY5sPZcFgZmfLydY/edit#gid=1037187549
season_009,Tag Team,12,person_blocki,Blocki,0.0000,,1000,42,https://docs.google.com/spreadsheets/d/1uo7-E_E2jbehB2hbBurpPayP_0fKY5sPZcFgZmfLydY/edit#gid=1037187549
season_009,Tag Team,12,person_dauni_daunstar,Dauni,0.0000,,1000,42,https://docs.google.com/spreadsheets/d/1uo7-E_E2jbehB2hbBurpPayP_0fKY5sPZcFgZmfLydY/edit#gid=1037187549
season_009,Tag Team,12,person_el_scizor,El Scizor,0.0000,,1000,42,https://docs.google.com/spreadsheets/d/1uo7-E_E2jbehB2hbBurpPayP_0fKY5sPZcFgZmfLydY/edit#gid=1037187549
season_009,Tag Team,12,person_elektechn9ne,ElektechN9ne,0.0000,,1000,42,https://docs.google.com/spreadsheets/d/1uo7-E_E2jbehB2hbBurpPayP_0fKY5sPZcFgZmfLydY/edit#gid=1037187549
season_009,Tag Team,12,person_hydronic,Hydronic,0.0000,,1000,42,https://docs.google.com/spreadsheets/d/1uo7-E_E2jbehB2hbBurpPayP_0fKY5sPZcFgZmfLydY/edit#gid=1037187549
season_009,Tag Team,12,person_king_blex,KingBlex,0.0000,,1000,42,https://docs.google.com/spreadsheets/d/1uo7-E_E2jbehB2hbBurpPayP_0fKY5sPZcFgZmfLydY/edit#gid=1037187549
season_009,Tag Team,12,person_maxi_von_vogel,Maxi von Vogel,0.0000,,1000,42,https://docs.google.com/spreadsheets/d/1uo7-E_E2jbehB2hbBurpPayP_0fKY5sPZcFgZmfLydY/edit#gid=1037187549
season_009,Tag Team,12,person_minetube,Minetube,0.0000,,1000,42,https://docs.google.com/spreadsheets/d/1uo7-E_E2jbehB2hbBurpPayP_0fKY5sPZcFgZmfLydY/edit#gid=1037187549
season_009,Tag Team,12,person_nestfloh,Nestfloh,0.0180,,1000,42,https://docs.google.com/spreadsheets/d/1uo7-E_E2jbehB2hbBurpPayP_0fKY5sPZcFgZmfLydY/edit#gid=1037187549
season_009,Tag Team,12,person_og_dnz,OGDNZ,0.0000,,1000,42,https://docs.google.com/spreadsheets/d/1uo7-E_E2jbehB2hbBurpPayP_0fKY5sPZcFgZmfLydY/edit#gid=1037187549
season_009,Tag Team,12,person_pokgalaxy,Pokgalaxy,0.0000,,1000,42,https://docs.google.com/spreadsheets/d/1uo7-E_E2jbehB2hbBurpPayP_0fKY5sPZcFgZmfLydY/edit#gid=1037187549
season_009,Tag Team,12,person_present,PresentLP,0.0000,,1000,42,https://docs.google.com/spreadsheets/d/1uo7-E_E2jbehB2hbBurpPayP_0fKY5sPZcFgZmfLydY/edit#gid=1037187549
season_009,Tag Team,12,person_raizor,Raizor,0.0000,,1000,42,https://docs.google.com/spreadsheets/d/1uo7-E_E2jbehB2hbBurpPayP_0fKY5sPZcFgZmfLydY/edit#gid=1037187549
season_009,Tag Team,13,person_barry_d_sin_of_speed,Barry D. Sin of Speed,0.0000,,1000,42,https://docs.google.com/spreadsheets/d/1uo7-E_E2jbehB2hbBurpPayP_0fKY5sPZcFgZmfLydY/edit#gid=1037187549
season_009,Tag Team,13,person_belmontgabriel,BelmontGabriel,0.0000,,1000,42,https://docs.google.com/spreadsheets/d/1uo7-E_E2jbehB2hbBurpPayP_0fKY5sPZcFgZmfLydY/edit#gid=1037187549
season_009,Tag Team,13,person_bene,Bene,1.0000,,1000,42,https://docs.google.com/spreadsheets/d/1uo7-E_E2jbehB2hbBurpPayP_0fKY5sPZcFgZmfLydY/edit#gid=1037187549
season_009,Tag Team,13,person_blacklink,BlackLink,0.0000,,1000,42,https://docs.google.com/spreadsheets/d/1uo7-E_E2jbehB2hbBurpPayP_0fKY5sPZcFgZmfLydY/edit#gid=1037187549
season_009,Tag Team,13,person_blocki,Blocki,0.0000,,1000,42,https://docs.google.com/spreadsheets/d/1uo7-E_E2jbehB2hbBurpPayP_0fKY5sPZcFgZmfLydY/edit#gid=1037187549
season_009,Tag Team,13,person_dauni_daunstar,Dauni,0.0000,,1000,42,https://docs.google.com/spreadsheets/d/1uo7-E_E2jbehB2hbBurpPayP_0fKY5sPZcFgZmfLydY/edit#gid=1037187549
season_009,Tag Team,13,person_el_scizor,El Scizor,0.0000,,1000,42,https://docs.google.com/spreadsheets/d/1uo7-E_E2jbehB2hbBurpPayP_0fKY5sPZcFgZmfLydY/edit#gid=1037187549
season_009,Tag Team,13,person_elektechn9ne,ElektechN9ne,0.0000,,1000,42,https://docs.google.com/spreadsheets/d/1uo7-E_E2jbehB2hbBurpPayP_0fKY5sPZcFgZmfLydY/edit#gid=1037187549
season_009,Tag Team,13,person_hydronic,Hydronic,0.0000,,1000,42,https://docs.google.com/spreadsheets/d/1uo7-E_E2jbehB2hbBurpPayP_0fKY5sPZcFgZmfLydY/edit#gid=1037187549
season_009,Tag Team,13,person_king_blex,KingBlex,0.0000,,1000,42,https://docs.google.com/spreadsheets/d/1uo7-E_E2jbehB2hbBurpPayP_0fKY5sPZcFgZmfLydY/edit#gid=1037187549
season_009,Tag Team,13,person_maxi_von_vogel,Maxi von Vogel,0.0000,,1000,42,https://docs.google.com/spreadsheets/d/1uo7-E_E2jbehB2hbBurpPayP_0fKY5sPZcFgZmfLydY/edit#gid=1037187549
season_009,Tag Team,13,person_minetube,Minetube,0.0000,,1000,42,https://docs.google.com/spreadsheets/d/1uo7-E_E2jbehB2hbBurpPayP_0fKY5sPZcFgZmfLydY/edit#gid=1037187549
season_009,Tag Team,13,person_nestfloh,Nestfloh,0.0000,,1000,42,https://docs.google.com/spreadsheets/d/1uo7-E_E2jbehB2hbBurpPayP_0fKY5sPZcFgZmfLydY/edit#gid=1037187549
season_009,Tag Team,13,person_og_dnz,OGDNZ,0.0000,,1000,42,https://docs.google.com/spreadsheets/d/1uo7-E_E2jbehB2hbBurpPayP_0fKY5sPZcFgZmfLydY/edit#gid=1037187549
season_009,Tag Team,13,person_pokgalaxy,Pokgalaxy,0.0000,,1000,42,https://docs.google.com/spreadsheets/d/1uo7-E_E2jbehB2hbBurpPayP_0fKY5sPZcFgZmfLydY/edit#gid=1037187549
season_009,Tag Team,13,person_present,PresentLP,0.0000,,1000,42,https://docs.google.com/spreadsheets/d/1uo7-E_E2jbehB2hbBurpPayP_0fKY5sPZcFgZmfLydY/edit#gid=1037187549
season_009,Tag Team,13,person_raizor,Raizor,0.0000,,1000,42,https://docs.google.com/spreadsheets/d/1uo7-E_E2jbehB2hbBurpPayP_0fKY5sPZcFgZmfLydY/edit#gid=1037187549
season_009,Tag Team,14,person_barry_d_sin_of_speed,Barry D. Sin of Speed,0.0000,,1000,42,https://docs.google.com/spreadsheets/d/1uo7-E_E2jbehB2hbBurpPayP_0fKY5sPZcFgZmfLydY/edit#gid=1037187549
season_009,Tag Team,14,person_belmontgabriel,BelmontGabriel,0.0000,,1000,42,https://docs.google.com/spreadsheets/d/1uo7-E_E2jbehB2hbBurpPayP_0fKY5sPZcFgZmfLydY/edit#gid=1037187549
season_009,Tag Team,14,person_bene,Bene,1.0000,,1000,42,https://docs.google.com/spreadsheets/d/1uo7-E_E2jbehB2hbBurpPayP_0fKY5sPZcFgZmfLydY/edit#gid=1037187549
season_009,Tag Team,14,person_blacklink,BlackLink,0.0000,,1000,42,https://docs.google.com/spreadsheets/d/1uo7-E_E2jbehB2hbBurpPayP_0fKY5sPZcFgZmfLydY/edit#gid=1037187549
season_009,Tag Team,14,person_blocki,Blocki,0.0000,,1000,42,https://docs.google.com/spreadsheets/d/1uo7-E_E2jbehB2hbBurpPayP_0fKY5sPZcFgZmfLydY/edit#gid=1037187549
season_009,Tag Team,14,person_dauni_daunstar,Dauni,0.0000,,1000,42,https://docs.google.com/spreadsheets/d/1uo7-E_E2jbehB2hbBurpPayP_0fKY5sPZcFgZmfLydY/edit#gid=1037187549
season_009,Tag Team,14,person_el_scizor,El Scizor,0.0000,,1000,42,https://docs.google.com/spreadsheets/d/1uo7-E_E2jbehB2hbBurpPayP_0fKY5sPZcFgZmfLydY/edit#gid=1037187549
season_009,Tag Team,14,person_elektechn9ne,ElektechN9ne,0.0000,,1000,42,https://docs.google.com/spreadsheets/d/1uo7-E_E2jbehB2hbBurpPayP_0fKY5sPZcFgZmfLydY/edit#gid=1037187549
season_009,Tag Team,14,person_hydronic,Hydronic,0.0000,,1000,42,https://docs.google.com/spreadsheets/d/1uo7-E_E2jbehB2hbBurpPayP_0fKY5sPZcFgZmfLydY/edit#gid=1037187549
season_009,Tag Team,14,person_king_blex,KingBlex,0.0000,,1000,42,https://docs.google.com/spreadsheets/d/1uo7-E_E2jbehB2hbBurpPayP_0fKY5sPZcFgZmfLydY/edit#gid=1037187549
season_009,Tag Team,14,person_maxi_von_vogel,Maxi von Vogel,0.0000,,1000,42,https://docs.google.com/spreadsheets/d/1uo7-E_E2jbehB2hbBurpPayP_0fKY5sPZcFgZmfLydY/edit#gid=1037187549
season_009,Tag Team,14,person_minetube,Minetube,0.0000,,1000,42,https://docs.google.com/spreadsheets/d/1uo7-E_E2jbehB2hbBurpPayP_0fKY5sPZcFgZmfLydY/edit#gid=1037187549
season_009,Tag Team,14,person_nestfloh,Nestfloh,0.0000,,1000,42,https://docs.google.com/spreadsheets/d/1uo7-E_E2jbehB2hbBurpPayP_0fKY5sPZcFgZmfLydY/edit#gid=1037187549
season_009,Tag Team,14,person_og_dnz,OGDNZ,0.0000,,1000,42,https://docs.google.com/spreadsheets/d/1uo7-E_E2jbehB2hbBurpPayP_0fKY5sPZcFgZmfLydY/edit#gid=1037187549
season_009,Tag Team,14,person_pokgalaxy,Pokgalaxy,0.0000,,1000,42,https://docs.google.com/spreadsheets/d/1uo7-E_E2jbehB2hbBurpPayP_0fKY5sPZcFgZmfLydY/edit#gid=1037187549
season_009,Tag Team,14,person_present,PresentLP,0.0000,,1000,42,https://docs.google.com/spreadsheets/d/1uo7-E_E2jbehB2hbBurpPayP_0fKY5sPZcFgZmfLydY/edit#gid=1037187549
season_009,Tag Team,14,person_raizor,Raizor,0.0000,,1000,42,https://docs.google.com/spreadsheets/d/1uo7-E_E2jbehB2hbBurpPayP_0fKY5sPZcFgZmfLydY/edit#gid=1037187549
season_010,Regular Season,1,person_bene,Bene,0.6200,0.9980,1000,42,https://docs.google.com/spreadsheets/d/13smsrG2BGYxr_omJWcgr-sUDr39bvOJPNL5RPt4DSow/edit#gid=1215904780
season_010,Regular Season,1,person_blocki,Blocki,0.0040,0.3280,1000,42,https://docs.google.com/spreadsheets/d/13smsrG2BGYxr_omJWcgr-sUDr39bvOJPNL5RPt4DSow/edit#gid=1215904780
season_010,Regular Season,1,person_dauni_daunstar,Dauni,0.0300,0.7720,1000,42,https://docs.google.com/spreadsheets/d/13smsrG2BGYxr_omJWcgr-sUDr39bvOJPNL5RPt4DSow/edit#gid=1215904780
season_010,Regular Season,1,person_domji,Domji,0.0000,0.1140,1000,42,https://docs.google.com/spreadsheets/d/13smsrG2BGYxr_omJWcgr-sUDr39bvOJPNL5RPt4DSow/edit#gid=1215904780
season_010,Regular Season,1,person_king_blex,KingBlex,0.0450,0.7580,1000,42,https://docs.google.com/spreadsheets/d/13smsrG2BGYxr_omJWcgr-sUDr39bvOJPNL5RPt4DSow/edit#gid=1215904780
season_010,Regular Season,1,person_minetube,Minetube,0.0100,0.6120,1000,42,https://docs.google.com/spreadsheets/d/13smsrG2BGYxr_omJWcgr-sUDr39bvOJPNL5RPt4DSow/edit#gid=1215904780
season_010,Regular Season,1,person_nestfloh,Nestfloh,0.2400,0.9620,1000,42,https://docs.google.com/spreadsheets/d/13smsrG2BGYxr_omJWcgr-sUDr39bvOJPNL5RPt4DSow/edit#gid=1215904780
season_010,Regular Season,1,person_og_dnz,OGDNZ,0.0020,0.1530,1000,42,https://docs.google.com/spreadsheets/d/13smsrG2BGYxr_omJWcgr-sUDr39bvOJPNL5RPt4DSow/edit#gid=1215904780
season_010,Regular Season,1,person_pokgalaxy,Pokgalaxy,0.0010,0.1330,1000,42,https://docs.google.com/spreadsheets/d/13smsrG2BGYxr_omJWcgr-sUDr39bvOJPNL5RPt4DSow/edit#gid=1215904780
season_010,Regular Season,1,person_present,PresentLP,0.0010,0.3330,1000,42,https://docs.google.com/spreadsheets/d/13smsrG2BGYxr_omJWcgr-sUDr39bvOJPNL5RPt4DSow/edit#gid=1215904780
season_010,Regular Season,1,person_raizor,Raizor,0.0110,0.5270,1000,42,https://docs.google.com/spreadsheets/d/13smsrG2BGYxr_omJWcgr-sUDr39bvOJPNL5RPt4DSow/edit#gid=1215904780
season_010,Regular Season,1,person_robinvgc,RobinVGC,0.0160,0.5430,1000,42,https://docs.google.com/spreadsheets/d/13smsrG2BGYxr_omJWcgr-sUDr39bvOJPNL5RPt4DSow/edit#gid=1215904780
season_010,Regular Season,1,person_sirazoa,Sirazoa,0.0190,0.6060,1000,42,https://docs.google.com/spreadsheets/d/13smsrG2BGYxr_omJWcgr-sUDr39bvOJPNL5RPt4DSow/edit#gid=1215904780
season_010,Regular Season,1,person_snomnie,Snomnie,0.0010,0.1610,1000,42,https://docs.google.com/spreadsheets/d/13smsrG2BGYxr_omJWcgr-sUDr39bvOJPNL5RPt4DSow/edit#gid=1215904780
season_010,Regular Season,2,person_bene,Bene,0.6890,1.0000,1000,42,https://docs.google.com/spreadsheets/d/13smsrG2BGYxr_omJWcgr-sUDr39bvOJPNL5RPt4DSow/edit#gid=1215904780
season_010,Regular Season,2,person_blocki,Blocki,0.0000,0.2020,1000,42,https://docs.google.com/spreadsheets/d/13smsrG2BGYxr_omJWcgr-sUDr39bvOJPNL5RPt4DSow/edit#gid=1215904780
season_010,Regular Season,2,person_dauni_daunstar,Dauni,0.0280,0.9040,1000,42,https://docs.google.com/spreadsheets/d/13smsrG2BGYxr_omJWcgr-sUDr39bvOJPNL5RPt4DSow/edit#gid=1215904780
season_010,Regular Season,2,person_domji,Domji,0.0010,0.3090,1000,42,https://docs.google.com/spreadsheets/d/13smsrG2BGYxr_omJWcgr-sUDr39bvOJPNL5RPt4DSow/edit#gid=1215904780
season_010,Regular Season,2,person_king_blex,KingBlex,0.0050,0.6530,1000,42,https://docs.google.com/spreadsheets/d/13smsrG2BGYxr_omJWcgr-sUDr39bvOJPNL5RPt4DSow/edit#gid=1215904780
season_010,Regular Season,2,person_minetube,Minetube,0.0240,0.8150,1000,42,https://docs.google.com/spreadsheets/d/13smsrG2BGYxr_omJWcgr-sUDr39bvOJPNL5RPt4DSow/edit#gid=1215904780
season_010,Regular Season,2,person_nestfloh,Nestfloh,0.2080,0.9760,1000,42,https://docs.google.com/spreadsheets/d/13smsrG2BGYxr_omJWcgr-sUDr39bvOJPNL5RPt4DSow/edit#gid=1215904780
season_010,Regular Season,2,person_og_dnz,OGDNZ,0.0000,0.0540,1000,42,https://docs.google.com/spreadsheets/d/13smsrG2BGYxr_omJWcgr-sUDr39bvOJPNL5RPt4DSow/edit#gid=1215904780
season_010,Regular Season,2,person_pokgalaxy,Pokgalaxy,0.0010,0.0530,1000,42,https://docs.google.com/spreadsheets/d/13smsrG2BGYxr_omJWcgr-sUDr39bvOJPNL5RPt4DSow/edit#gid=1215904780
season_010,Regular Season,2,person_present,PresentLP,0.0010,0.4620,1000,42,https://docs.google.com/spreadsheets/d/13smsrG2BGYxr_omJWcgr-sUDr39bvOJPNL5RPt4DSow/edit#gid=1215904780
season_010,Regular Season,2,person_raizor,Raizor,0.0010,0.3930,1000,42,https://docs.google.com/spreadsheets/d/13smsrG2BGYxr_omJWcgr-sUDr39bvOJPNL5RPt4DSow/edit#gid=1215904780
season_010,Regular Season,2,person_robinvgc,RobinVGC,0.0400,0.7490,1000,42,https://docs.google.com/spreadsheets/d/13smsrG2BGYxr_omJWcgr-sUDr39bvOJPNL5RPt4DSow/edit#gid=1215904780
season_010,Regular Season,2,person_sirazoa,Sirazoa,0.0020,0.3590,1000,42,https://docs.google.com/spreadsheets/d/13smsrG2BGYxr_omJWcgr-sUDr39bvOJPNL5RPt4DSow/edit#gid=1215904780
season_010,Regular Season,2,person_snomnie,Snomnie,0.0000,0.0710,1000,42,https://docs.google.com/spreadsheets/d/13smsrG2BGYxr_omJWcgr-sUDr39bvOJPNL5RPt4DSow/edit#gid=1215904780
season_010,Regular Season,3,person_bene,Bene,0.8640,1.0000,1000,42,https://docs.google.com/spreadsheets/d/13smsrG2BGYxr_omJWcgr-sUDr39bvOJPNL5RPt4DSow/edit#gid=1215904780
season_010,Regular Season,3,person_blocki,Blocki,0.0000,0.0880,1000,42,https://docs.google.com/spreadsheets/d/13smsrG2BGYxr_omJWcgr-sUDr39bvOJPNL5RPt4DSow/edit#gid=1215904780
season_010,Regular Season,3,person_dauni_daunstar,Dauni,0.0390,0.9480,1000,42,https://docs.google.com/spreadsheets/d/13smsrG2BGYxr_omJWcgr-sUDr39bvOJPNL5RPt4DSow/edit#gid=1215904780
season_010,Regular Season,3,person_domji,Domji,0.0010,0.2100,1000,42,https://docs.google.com/spreadsheets/d/13smsrG2BGYxr_omJWcgr-sUDr39bvOJPNL5RPt4DSow/edit#gid=1215904780
season_010,Regular Season,3,person_king_blex,KingBlex,0.0170,0.8570,1000,42,https://docs.google.com/spreadsheets/d/13smsrG2BGYxr_omJWcgr-sUDr39bvOJPNL5RPt4DSow/edit#gid=1215904780
season_010,Regular Season,3,person_minetube,Minetube,0.0240,0.8760,1000,42,https://docs.google.com/spreadsheets/d/13smsrG2BGYxr_omJWcgr-sUDr39bvOJPNL5RPt4DSow/edit#gid=1215904780
season_010,Regular Season,3,person_nestfloh,Nestfloh,0.0240,0.9140,1000,42,https://docs.google.com/spreadsheets/d/13smsrG2BGYxr_omJWcgr-sUDr39bvOJPNL5RPt4DSow/edit#gid=1215904780
season_010,Regular Season,3,person_og_dnz,OGDNZ,0.0000,0.0270,1000,42,https://docs.google.com/spreadsheets/d/13smsrG2BGYxr_omJWcgr-sUDr39bvOJPNL5RPt4DSow/edit#gid=1215904780
season_010,Regular Season,3,person_pokgalaxy,Pokgalaxy,0.0000,0.2050,1000,42,https://docs.google.com/spreadsheets/d/13smsrG2BGYxr_omJWcgr-sUDr39bvOJPNL5RPt4DSow/edit#gid=1215904780
season_010,Regular Season,3,person_present,PresentLP,0.0000,0.3020,1000,42,https://docs.google.com/spreadsheets/d/13smsrG2BGYxr_omJWcgr-sUDr39bvOJPNL5RPt4DSow/edit#gid=1215904780
season_010,Regular Season,3,person_raizor,Raizor,0.0020,0.2890,1000,42,https://docs.google.com/spreadsheets/d/13smsrG2BGYxr_omJWcgr-sUDr39bvOJPNL5RPt4DSow/edit#gid=1215904780
season_010,Regular Season,3,person_robinvgc,RobinVGC,0.0290,0.8970,1000,42,https://docs.google.com/spreadsheets/d/13smsrG2BGYxr_omJWcgr-sUDr39bvOJPNL5RPt4DSow/edit#gid=1215904780
season_010,Regular Season,3,person_sirazoa,Sirazoa,0.0000,0.1130,1000,42,https://docs.google.com/spreadsheets/d/13smsrG2BGYxr_omJWcgr-sUDr39bvOJPNL5RPt4DSow/edit#gid=1215904780
season_010,Regular Season,3,person_snomnie,Snomnie,0.0000,0.2740,1000,42,https://docs.google.com/spreadsheets/d/13smsrG2BGYxr_omJWcgr-sUDr39bvOJPNL5RPt4DSow/edit#gid=1215904780
season_010,Regular Season,4,person_bene,Bene,0.9380,1.0000,1000,42,https://docs.google.com/spreadsheets/d/13smsrG2BGYxr_omJWcgr-sUDr39bvOJPNL5RPt4DSow/edit#gid=1215904780
season_010,Regular Season,4,person_blocki,Blocki,0.0000,0.0390,1000,42,https://docs.google.com/spreadsheets/d/13smsrG2BGYxr_omJWcgr-sUDr39bvOJPNL5RPt4DSow/edit#gid=1215904780
season_010,Regular Season,4,person_dauni_daunstar,Dauni,0.0400,0.9830,1000,42,https://docs.google.com/spreadsheets/d/13smsrG2BGYxr_omJWcgr-sUDr39bvOJPNL5RPt4DSow/edit#gid=1215904780
season_010,Regular Season,4,person_domji,Domji,0.0010,0.3600,1000,42,https://docs.google.com/spreadsheets/d/13smsrG2BGYxr_omJWcgr-sUDr39bvOJPNL5RPt4DSow/edit#gid=1215904780
season_010,Regular Season,4,person_king_blex,KingBlex,0.0000,0.5270,1000,42,https://docs.google.com/spreadsheets/d/13smsrG2BGYxr_omJWcgr-sUDr39bvOJPNL5RPt4DSow/edit#gid=1215904780
season_010,Regular Season,4,person_minetube,Minetube,0.0080,0.8520,1000,42,https://docs.google.com/spreadsheets/d/13smsrG2BGYxr_omJWcgr-sUDr39bvOJPNL5RPt4DSow/edit#gid=1215904780
season_010,Regular Season,4,person_nestfloh,Nestfloh,0.0070,0.7740,1000,42,https://docs.google.com/spreadsheets/d/13smsrG2BGYxr_omJWcgr-sUDr39bvOJPNL5RPt4DSow/edit#gid=1215904780
season_010,Regular Season,4,person_og_dnz,OGDNZ,0.0000,0.0440,1000,42,https://docs.google.com/spreadsheets/d/13smsrG2BGYxr_omJWcgr-sUDr39bvOJPNL5RPt4DSow/edit#gid=1215904780
season_010,Regular Season,4,person_pokgalaxy,Pokgalaxy,0.0000,0.0490,1000,42,https://docs.google.com/spreadsheets/d/13smsrG2BGYxr_omJWcgr-sUDr39bvOJPNL5RPt4DSow/edit#gid=1215904780
season_010,Regular Season,4,person_present,PresentLP,0.0030,0.6410,1000,42,https://docs.google.com/spreadsheets/d/13smsrG2BGYxr_omJWcgr-sUDr39bvOJPNL5RPt4DSow/edit#gid=1215904780
season_010,Regular Season,4,person_raizor,Raizor,0.0000,0.5160,1000,42,https://docs.google.com/spreadsheets/d/13smsrG2BGYxr_omJWcgr-sUDr39bvOJPNL5RPt4DSow/edit#gid=1215904780
season_010,Regular Season,4,person_robinvgc,RobinVGC,0.0020,0.7840,1000,42,https://docs.google.com/spreadsheets/d/13smsrG2BGYxr_omJWcgr-sUDr39bvOJPNL5RPt4DSow/edit#gid=1215904780
season_010,Regular Season,4,person_sirazoa,Sirazoa,0.0010,0.2870,1000,42,https://docs.google.com/spreadsheets/d/13smsrG2BGYxr_omJWcgr-sUDr39bvOJPNL5RPt4DSow/edit#gid=1215904780
season_010,Regular Season,4,person_snomnie,Snomnie,0.0000,0.1440,1000,42,https://docs.google.com/spreadsheets/d/13smsrG2BGYxr_omJWcgr-sUDr39bvOJPNL5RPt4DSow/edit#gid=1215904780
season_010,Regular Season,5,person_bene,Bene,0.8160,1.0000,1000,42,https://docs.google.com/spreadsheets/d/13smsrG2BGYxr_omJWcgr-sUDr39bvOJPNL5RPt4DSow/edit#gid=1215904780
season_010,Regular Season,5,person_blocki,Blocki,0.0000,0.0090,1000,42,https://docs.google.com/spreadsheets/d/13smsrG2BGYxr_omJWcgr-sUDr39bvOJPNL5RPt4DSow/edit#gid=1215904780
season_010,Regular Season,5,person_dauni_daunstar,Dauni,0.0400,0.9360,1000,42,https://docs.google.com/spreadsheets/d/13smsrG2BGYxr_omJWcgr-sUDr39bvOJPNL5RPt4DSow/edit#gid=1215904780
season_010,Regular Season,5,person_domji,Domji,0.0000,0.1320,1000,42,https://docs.google.com/spreadsheets/d/13smsrG2BGYxr_omJWcgr-sUDr39bvOJPNL5RPt4DSow/edit#gid=1215904780
season_010,Regular Season,5,person_king_blex,KingBlex,0.0000,0.3000,1000,42,https://docs.google.com/spreadsheets/d/13smsrG2BGYxr_omJWcgr-sUDr39bvOJPNL5RPt4DSow/edit#gid=1215904780
season_010,Regular Season,5,person_minetube,Minetube,0.0660,0.9430,1000,42,https://docs.google.com/spreadsheets/d/13smsrG2BGYxr_omJWcgr-sUDr39bvOJPNL5RPt4DSow/edit#gid=1215904780
season_010,Regular Season,5,person_nestfloh,Nestfloh,0.0370,0.8920,1000,42,https://docs.google.com/spreadsheets/d/13smsrG2BGYxr_omJWcgr-sUDr39bvOJPNL5RPt4DSow/edit#gid=1215904780
season_010,Regular Season,5,person_og_dnz,OGDNZ,0.0010,0.1120,1000,42,https://docs.google.com/spreadsheets/d/13smsrG2BGYxr_omJWcgr-sUDr39bvOJPNL5RPt4DSow/edit#gid=1215904780
season_010,Regular Season,5,person_pokgalaxy,Pokgalaxy,0.0000,0.1950,1000,42,https://docs.google.com/spreadsheets/d/13smsrG2BGYxr_omJWcgr-sUDr39bvOJPNL5RPt4DSow/edit#gid=1215904780
season_010,Regular Season,5,person_present,PresentLP,0.0210,0.8380,1000,42,https://docs.google.com/spreadsheets/d/13smsrG2BGYxr_omJWcgr-sUDr39bvOJPNL5RPt4DSow/edit#gid=1215904780
season_010,Regular Season,5,person_raizor,Raizor,0.0090,0.7370,1000,42,https://docs.google.com/spreadsheets/d/13smsrG2BGYxr_omJWcgr-sUDr39bvOJPNL5RPt4DSow/edit#gid=1215904780
season_010,Regular Season,5,person_robinvgc,RobinVGC,0.0080,0.5230,1000,42,https://docs.google.com/spreadsheets/d/13smsrG2BGYxr_omJWcgr-sUDr39bvOJPNL5RPt4DSow/edit#gid=1215904780
season_010,Regular Season,5,person_sirazoa,Sirazoa,0.0010,0.1220,1000,42,https://docs.google.com/spreadsheets/d/13smsrG2BGYxr_omJWcgr-sUDr39bvOJPNL5RPt4DSow/edit#gid=1215904780
season_010,Regular Season,5,person_snomnie,Snomnie,0.0010,0.2610,1000,42,https://docs.google.com/spreadsheets/d/13smsrG2BGYxr_omJWcgr-sUDr39bvOJPNL5RPt4DSow/edit#gid=1215904780
season_010,Regular Season,6,person_bene,Bene,0.3280,0.9990,1000,42,https://docs.google.com/spreadsheets/d/13smsrG2BGYxr_omJWcgr-sUDr39bvOJPNL5RPt4DSow/edit#gid=1215904780
season_010,Regular Season,6,person_blocki,Blocki,0.0000,0.0120,1000,42,https://docs.google.com/spreadsheets/d/13smsrG2BGYxr_omJWcgr-sUDr39bvOJPNL5RPt4DSow/edit#gid=1215904780
season_010,Regular Season,6,person_dauni_daunstar,Dauni,0.0140,0.7750,1000,42,https://docs.google.com/spreadsheets/d/13smsrG2BGYxr_omJWcgr-sUDr39bvOJPNL5RPt4DSow/edit#gid=1215904780
season_010,Regular Season,6,person_domji,Domji,0.0010,0.2480,1000,42,https://docs.google.com/spreadsheets/d/13smsrG2BGYxr_omJWcgr-sUDr39bvOJPNL5RPt4DSow/edit#gid=1215904780
season_010,Regular Season,6,person_king_blex,KingBlex,0.0000,0.1030,1000,42,https://docs.google.com/spreadsheets/d/13smsrG2BGYxr_omJWcgr-sUDr39bvOJPNL5RPt4DSow/edit#gid=1215904780
season_010,Regular Season,6,person_minetube,Minetube,0.2360,0.9740,1000,42,https://docs.google.com/spreadsheets/d/13smsrG2BGYxr_omJWcgr-sUDr39bvOJPNL5RPt4DSow/edit#gid=1215904780
season_010,Regular Season,6,person_nestfloh,Nestfloh,0.2930,0.9780,1000,42,https://docs.google.com/spreadsheets/d/13smsrG2BGYxr_omJWcgr-sUDr39bvOJPNL5RPt4DSow/edit#gid=1215904780
season_010,Regular Season,6,person_og_dnz,OGDNZ,0.0000,0.0250,1000,42,https://docs.google.com/spreadsheets/d/13smsrG2BGYxr_omJWcgr-sUDr39bvOJPNL5RPt4DSow/edit#gid=1215904780
season_010,Regular Season,6,person_pokgalaxy,Pokgalaxy,0.0000,0.0720,1000,42,https://docs.google.com/spreadsheets/d/13smsrG2BGYxr_omJWcgr-sUDr39bvOJPNL5RPt4DSow/edit#gid=1215904780
season_010,Regular Season,6,person_present,PresentLP,0.1100,0.9430,1000,42,https://docs.google.com/spreadsheets/d/13smsrG2BGYxr_omJWcgr-sUDr39bvOJPNL5RPt4DSow/edit#gid=1215904780
season_010,Regular Season,6,person_raizor,Raizor,0.0020,0.4940,1000,42,https://docs.google.com/spreadsheets/d/13smsrG2BGYxr_omJWcgr-sUDr39bvOJPNL5RPt4DSow/edit#gid=1215904780
season_010,Regular Season,6,person_robinvgc,RobinVGC,0.0150,0.7630,1000,42,https://docs.google.com/spreadsheets/d/13smsrG2BGYxr_omJWcgr-sUDr39bvOJPNL5RPt4DSow/edit#gid=1215904780
season_010,Regular Season,6,person_sirazoa,Sirazoa,0.0010,0.5030,1000,42,https://docs.google.com/spreadsheets/d/13smsrG2BGYxr_omJWcgr-sUDr39bvOJPNL5RPt4DSow/edit#gid=1215904780
season_010,Regular Season,6,person_snomnie,Snomnie,0.0000,0.1110,1000,42,https://docs.google.com/spreadsheets/d/13smsrG2BGYxr_omJWcgr-sUDr39bvOJPNL5RPt4DSow/edit#gid=1215904780
season_010,Regular Season,7,person_bene,Bene,0.2770,1.0000,1000,42,https://docs.google.com/spreadsheets/d/13smsrG2BGYxr_omJWcgr-sUDr39bvOJPNL5RPt4DSow/edit#gid=1215904780
season_010,Regular Season,7,person_blocki,Blocki,0.0000,0.0390,1000,42,https://docs.google.com/spreadsheets/d/13smsrG2BGYxr_omJWcgr-sUDr39bvOJPNL5RPt4DSow/edit#gid=1215904780
season_010,Regular Season,7,person_dauni_daunstar,Dauni,0.0000,0.6580,1000,42,https://docs.google.com/spreadsheets/d/13smsrG2BGYxr_omJWcgr-sUDr39bvOJPNL5RPt4DSow/edit#gid=1215904780
season_010,Regular Season,7,person_domji,Domji,0.0000,0.1690,1000,42,https://docs.google.com/spreadsheets/d/13smsrG2BGYxr_omJWcgr-sUDr39bvOJPNL5RPt4DSow/edit#gid=1215904780
season_010,Regular Season,7,person_king_blex,KingBlex,0.0000,0.0800,1000,42,https://docs.google.com/spreadsheets/d/13smsrG2BGYxr_omJWcgr-sUDr39bvOJPNL5RPt4DSow/edit#gid=1215904780
season_010,Regular Season,7,person_minetube,Minetube,0.2830,0.9970,1000,42,https://docs.google.com/spreadsheets/d/13smsrG2BGYxr_omJWcgr-sUDr39bvOJPNL5RPt4DSow/edit#gid=1215904780
season_010,Regular Season,7,person_nestfloh,Nestfloh,0.2960,0.9900,1000,42,https://docs.google.com/spreadsheets/d/13smsrG2BGYxr_omJWcgr-sUDr39bvOJPNL5RPt4DSow/edit#gid=1215904780
season_010,Regular Season,7,person_og_dnz,OGDNZ,0.0000,0.0190,1000,42,https://docs.google.com/spreadsheets/d/13smsrG2BGYxr_omJWcgr-sUDr39bvOJPNL5RPt4DSow/edit#gid=1215904780
season_010,Regular Season,7,person_pokgalaxy,Pokgalaxy,0.0000,0.3720,1000,42,https://docs.google.com/spreadsheets/d/13smsrG2BGYxr_omJWcgr-sUDr39bvOJPNL5RPt4DSow/edit#gid=1215904780
season_010,Regular Season,7,person_present,PresentLP,0.1220,0.9880,1000,42,https://docs.google.com/spreadsheets/d/13smsrG2BGYxr_omJWcgr-sUDr39bvOJPNL5RPt4DSow/edit#gid=1215904780
season_010,Regular Season,7,person_raizor,Raizor,0.0000,0.3330,1000,42,https://docs.google.com/spreadsheets/d/13smsrG2BGYxr_omJWcgr-sUDr39bvOJPNL5RPt4DSow/edit#gid=1215904780
season_010,Regular Season,7,person_robinvgc,RobinVGC,0.0220,0.9560,1000,42,https://docs.google.com/spreadsheets/d/13smsrG2BGYxr_omJWcgr-sUDr39bvOJPNL5RPt4DSow/edit#gid=1215904780
season_010,Regular Season,7,person_sirazoa,Sirazoa,0.0000,0.3220,1000,42,https://docs.google.com/spreadsheets/d/13smsrG2BGYxr_omJWcgr-sUDr39bvOJPNL5RPt4DSow/edit#gid=1215904780
season_010,Regular Season,7,person_snomnie,Snomnie,0.0000,0.0770,1000,42,https://docs.google.com/spreadsheets/d/13smsrG2BGYxr_omJWcgr-sUDr39bvOJPNL5RPt4DSow/edit#gid=1215904780
season_010,Regular Season,8,person_bene,Bene,0.0340,0.9920,1000,42,https://docs.google.com/spreadsheets/d/13smsrG2BGYxr_omJWcgr-sUDr39bvOJPNL5RPt4DSow/edit#gid=1215904780
season_010,Regular Season,8,person_blocki,Blocki,0.0000,0.0050,1000,42,https://docs.google.com/spreadsheets/d/13smsrG2BGYxr_omJWcgr-sUDr39bvOJPNL5RPt4DSow/edit#gid=1215904780
season_010,Regular Season,8,person_dauni_daunstar,Dauni,0.0000,0.7620,1000,42,https://docs.google.com/spreadsheets/d/13smsrG2BGYxr_omJWcgr-sUDr39bvOJPNL5RPt4DSow/edit#gid=1215904780
season_010,Regular Season,8,person_domji,Domji,0.0000,0.0710,1000,42,https://docs.google.com/spreadsheets/d/13smsrG2BGYxr_omJWcgr-sUDr39bvOJPNL5RPt4DSow/edit#gid=1215904780
season_010,Regular Season,8,person_king_blex,KingBlex,0.0000,0.0160,1000,42,https://docs.google.com/spreadsheets/d/13smsrG2BGYxr_omJWcgr-sUDr39bvOJPNL5RPt4DSow/edit#gid=1215904780
season_010,Regular Season,8,person_minetube,Minetube,0.4570,1.0000,1000,42,https://docs.google.com/spreadsheets/d/13smsrG2BGYxr_omJWcgr-sUDr39bvOJPNL5RPt4DSow/edit#gid=1215904780
season_010,Regular Season,8,person_nestfloh,Nestfloh,0.3900,0.9990,1000,42,https://docs.google.com/spreadsheets/d/13smsrG2BGYxr_omJWcgr-sUDr39bvOJPNL5RPt4DSow/edit#gid=1215904780
season_010,Regular Season,8,person_og_dnz,OGDNZ,0.0000,0.0760,1000,42,https://docs.google.com/spreadsheets/d/13smsrG2BGYxr_omJWcgr-sUDr39bvOJPNL5RPt4DSow/edit#gid=1215904780
season_010,Regular Season,8,person_pokgalaxy,Pokgalaxy,0.0000,0.5060,1000,42,https://docs.google.com/spreadsheets/d/13smsrG2BGYxr_omJWcgr-sUDr39bvOJPNL5RPt4DSow/edit#gid=1215904780
season_010,Regular Season,8,person_present,PresentLP,0.0160,0.9690,1000,42,https://docs.google.com/spreadsheets/d/13smsrG2BGYxr_omJWcgr-sUDr39bvOJPNL5RPt4DSow/edit#gid=1215904780
season_010,Regular Season,8,person_raizor,Raizor,0.0000,0.5200,1000,42,https://docs.google.com/spreadsheets/d/13smsrG2BGYxr_omJWcgr-sUDr39bvOJPNL5RPt4DSow/edit#gid=1215904780
season_010,Regular Season,8,person_robinvgc,RobinVGC,0.1030,0.9960,1000,42,https://docs.google.com/spreadsheets/d/13smsrG2BGYxr_omJWcgr-sUDr39bvOJPNL5RPt4DSow/edit#gid=1215904780
season_010,Regular Season,8,person_sirazoa,Sirazoa,0.0000,0.0800,1000,42,https://docs.google.com/spreadsheets/d/13smsrG2BGYxr_omJWcgr-sUDr39bvOJPNL5RPt4DSow/edit#gid=1215904780
season_010,Regular Season,8,person_snomnie,Snomnie,0.0000,0.0080,1000,42,https://docs.google.com/spreadsheets/d/13smsrG2BGYxr_omJWcgr-sUDr39bvOJPNL5RPt4DSow/edit#gid=1215904780
season_010,Regular Season,9,person_bene,Bene,0.0260,0.9990,1000,42,https://docs.google.com/spreadsheets/d/13smsrG2BGYxr_omJWcgr-sUDr39bvOJPNL5RPt4DSow/edit#gid=1215904780
season_010,Regular Season,9,person_blocki,Blocki,0.0000,0.0030,1000,42,https://docs.google.com/spreadsheets/d/13smsrG2BGYxr_omJWcgr-sUDr39bvOJPNL5RPt4DSow/edit#gid=1215904780
season_010,Regular Season,9,person_dauni_daunstar,Dauni,0.0000,0.8840,1000,42,https://docs.google.com/spreadsheets/d/13smsrG2BGYxr_omJWcgr-sUDr39bvOJPNL5RPt4DSow/edit#gid=1215904780
season_010,Regular Season,9,person_domji,Domji,0.0000,0.0150,1000,42,https://docs.google.com/spreadsheets/d/13smsrG2BGYxr_omJWcgr-sUDr39bvOJPNL5RPt4DSow/edit#gid=1215904780
season_010,Regular Season,9,person_king_blex,KingBlex,0.0000,0.0010,1000,42,https://docs.google.com/spreadsheets/d/13smsrG2BGYxr_omJWcgr-sUDr39bvOJPNL5RPt4DSow/edit#gid=1215904780
season_010,Regular Season,9,person_minetube,Minetube,0.1900,1.0000,1000,42,https://docs.google.com/spreadsheets/d/13smsrG2BGYxr_omJWcgr-sUDr39bvOJPNL5RPt4DSow/edit#gid=1215904780
season_010,Regular Season,9,person_nestfloh,Nestfloh,0.5810,1.0000,1000,42,https://docs.google.com/spreadsheets/d/13smsrG2BGYxr_omJWcgr-sUDr39bvOJPNL5RPt4DSow/edit#gid=1215904780
season_010,Regular Season,9,person_og_dnz,OGDNZ,0.0000,0.0130,1000,42,https://docs.google.com/spreadsheets/d/13smsrG2BGYxr_omJWcgr-sUDr39bvOJPNL5RPt4DSow/edit#gid=1215904780
season_010,Regular Season,9,person_pokgalaxy,Pokgalaxy,0.0000,0.3150,1000,42,https://docs.google.com/spreadsheets/d/13smsrG2BGYxr_omJWcgr-sUDr39bvOJPNL5RPt4DSow/edit#gid=1215904780
season_010,Regular Season,9,person_present,PresentLP,0.0390,0.9940,1000,42,https://docs.google.com/spreadsheets/d/13smsrG2BGYxr_omJWcgr-sUDr39bvOJPNL5RPt4DSow/edit#gid=1215904780
season_010,Regular Season,9,person_raizor,Raizor,0.0000,0.7510,1000,42,https://docs.google.com/spreadsheets/d/13smsrG2BGYxr_omJWcgr-sUDr39bvOJPNL5RPt4DSow/edit#gid=1215904780
season_010,Regular Season,9,person_robinvgc,RobinVGC,0.1640,1.0000,1000,42,https://docs.google.com/spreadsheets/d/13smsrG2BGYxr_omJWcgr-sUDr39bvOJPNL5RPt4DSow/edit#gid=1215904780
season_010,Regular Season,9,person_sirazoa,Sirazoa,0.0000,0.0050,1000,42,https://docs.google.com/spreadsheets/d/13smsrG2BGYxr_omJWcgr-sUDr39bvOJPNL5RPt4DSow/edit#gid=1215904780
season_010,Regular Season,9,person_snomnie,Snomnie,0.0000,0.0200,1000,42,https://docs.google.com/spreadsheets/d/13smsrG2BGYxr_omJWcgr-sUDr39bvOJPNL5RPt4DSow/edit#gid=1215904780
season_010,Regular Season,10,person_bene,Bene,0.0210,1.0000,1000,42,https://docs.google.com/spreadsheets/d/13smsrG2BGYxr_omJWcgr-sUDr39bvOJPNL5RPt4DSow/edit#gid=1215904780
season_010,Regular Season,10,person_blocki,Blocki,0.0000,0.0000,1000,42,https://docs.google.com/spreadsheets/d/13smsrG2BGYxr_omJWcgr-sUDr39bvOJPNL5RPt4DSow/edit#gid=1215904780
season_010,Regular Season,10,person_dauni_daunstar,Dauni,0.0000,0.6840,1000,42,https://docs.google.com/spreadsheets/d/13smsrG2BGYxr_omJWcgr-sUDr39bvOJPNL5RPt4DSow/edit#gid=1215904780
season_010,Regular Season,10,person_domji,Domji,0.0000,0.0390,1000,42,https://docs.google.com/spreadsheets/d/13smsrG2BGYxr_omJWcgr-sUDr39bvOJPNL5RPt4DSow/edit#gid=1215904780
season_010,Regular Season,10,person_king_blex,KingBlex,0.0000,0.0000,1000,42,https://docs.google.com/spreadsheets/d/13smsrG2BGYxr_omJWcgr-sUDr39bvOJPNL5RPt4DSow/edit#gid=1215904780
season_010,Regular Season,10,person_minetube,Minetube,0.3350,1.0000,1000,42,https://docs.google.com/spreadsheets/d/13smsrG2BGYxr_omJWcgr-sUDr39bvOJPNL5RPt4DSow/edit#gid=1215904780
season_010,Regular Season,10,person_nestfloh,Nestfloh,0.0850,1.0000,1000,42,https://docs.google.com/spreadsheets/d/13smsrG2BGYxr_omJWcgr-sUDr39bvOJPNL5RPt4DSow/edit#gid=1215904780
season_010,Regular Season,10,person_og_dnz,OGDNZ,0.0000,0.0220,1000,42,https://docs.google.com/spreadsheets/d/13smsrG2BGYxr_omJWcgr-sUDr39bvOJPNL5RPt4DSow/edit#gid=1215904780
season_010,Regular Season,10,person_pokgalaxy,Pokgalaxy,0.0000,0.6650,1000,42,https://docs.google.com/spreadsheets/d/13smsrG2BGYxr_omJWcgr-sUDr39bvOJPNL5RPt4DSow/edit#gid=1215904780
season_010,Regular Season,10,person_present,PresentLP,0.0940,1.0000,1000,42,https://docs.google.com/spreadsheets/d/13smsrG2BGYxr_omJWcgr-sUDr39bvOJPNL5RPt4DSow/edit#gid=1215904780
season_010,Regular Season,10,person_raizor,Raizor,0.0000,0.5890,1000,42,https://docs.google.com/spreadsheets/d/13smsrG2BGYxr_omJWcgr-sUDr39bvOJPNL5RPt4DSow/edit#gid=1215904780
season_010,Regular Season,10,person_robinvgc,RobinVGC,0.4650,1.0000,1000,42,https://docs.google.com/spreadsheets/d/13smsrG2BGYxr_omJWcgr-sUDr39bvOJPNL5RPt4DSow/edit#gid=1215904780
season_010,Regular Season,10,person_sirazoa,Sirazoa,0.0000,0.0010,1000,42,https://docs.google.com/spreadsheets/d/13smsrG2BGYxr_omJWcgr-sUDr39bvOJPNL5RPt4DSow/edit#gid=1215904780
season_010,Regular Season,10,person_snomnie,Snomnie,0.0000,0.0000,1000,42,https://docs.google.com/spreadsheets/d/13smsrG2BGYxr_omJWcgr-sUDr39bvOJPNL5RPt4DSow/edit#gid=1215904780
season_010,Regular Season,11,person_bene,Bene,0.2970,1.0000,1000,42,https://docs.google.com/spreadsheets/d/13smsrG2BGYxr_omJWcgr-sUDr39bvOJPNL5RPt4DSow/edit#gid=1215904780
season_010,Regular Season,11,person_blocki,Blocki,0.0000,0.0000,1000,42,https://docs.google.com/spreadsheets/d/13smsrG2BGYxr_omJWcgr-sUDr39bvOJPNL5RPt4DSow/edit#gid=1215904780
season_010,Regular Season,11,person_dauni_daunstar,Dauni,0.0000,0.8530,1000,42,https://docs.google.com/spreadsheets/d/13smsrG2BGYxr_omJWcgr-sUDr39bvOJPNL5RPt4DSow/edit#gid=1215904780
season_010,Regular Season,11,person_domji,Domji,0.0000,0.0540,1000,42,https://docs.google.com/spreadsheets/d/13smsrG2BGYxr_omJWcgr-sUDr39bvOJPNL5RPt4DSow/edit#gid=1215904780
season_010,Regular Season,11,person_king_blex,KingBlex,0.0000,0.0000,1000,42,https://docs.google.com/spreadsheets/d/13smsrG2BGYxr_omJWcgr-sUDr39bvOJPNL5RPt4DSow/edit#gid=1215904780
season_010,Regular Season,11,person_minetube,Minetube,0.0410,1.0000,1000,42,https://docs.google.com/spreadsheets/d/13smsrG2BGYxr_omJWcgr-sUDr39bvOJPNL5RPt4DSow/edit#gid=1215904780
season_010,Regular Season,11,person_nestfloh,Nestfloh,0.2000,1.0000,1000,42,https://docs.google.com/spreadsheets/d/13smsrG2BGYxr_omJWcgr-sUDr39bvOJPNL5RPt4DSow/edit#gid=1215904780
season_010,Regular Season,11,person_og_dnz,OGDNZ,0.0000,0.0000,1000,42,https://docs.google.com/spreadsheets/d/13smsrG2BGYxr_omJWcgr-sUDr39bvOJPNL5RPt4DSow/edit#gid=1215904780
season_010,Regular Season,11,person_pokgalaxy,Pokgalaxy,0.0000,0.3120,1000,42,https://docs.google.com/spreadsheets/d/13smsrG2BGYxr_omJWcgr-sUDr39bvOJPNL5RPt4DSow/edit#gid=1215904780
season_010,Regular Season,11,person_present,PresentLP,0.3050,1.0000,1000,42,https://docs.google.com/spreadsheets/d/13smsrG2BGYxr_omJWcgr-sUDr39bvOJPNL5RPt4DSow/edit#gid=1215904780
season_010,Regular Season,11,person_raizor,Raizor,0.0000,0.7810,1000,42,https://docs.google.com/spreadsheets/d/13smsrG2BGYxr_omJWcgr-sUDr39bvOJPNL5RPt4DSow/edit#gid=1215904780
season_010,Regular Season,11,person_robinvgc,RobinVGC,0.1570,1.0000,1000,42,https://docs.google.com/spreadsheets/d/13smsrG2BGYxr_omJWcgr-sUDr39bvOJPNL5RPt4DSow/edit#gid=1215904780
season_010,Regular Season,11,person_sirazoa,Sirazoa,0.0000,0.0000,1000,42,https://docs.google.com/spreadsheets/d/13smsrG2BGYxr_omJWcgr-sUDr39bvOJPNL5RPt4DSow/edit#gid=1215904780
season_010,Regular Season,11,person_snomnie,Snomnie,0.0000,0.0000,1000,42,https://docs.google.com/spreadsheets/d/13smsrG2BGYxr_omJWcgr-sUDr39bvOJPNL5RPt4DSow/edit#gid=1215904780
season_010,Regular Season,12,person_bene,Bene,0.0000,1.0000,1000,42,https://docs.google.com/spreadsheets/d/13smsrG2BGYxr_omJWcgr-sUDr39bvOJPNL5RPt4DSow/edit#gid=1215904780
season_010,Regular Season,12,person_blocki,Blocki,0.0000,0.0000,1000,42,https://docs.google.com/spreadsheets/d/13smsrG2BGYxr_omJWcgr-sUDr39bvOJPNL5RPt4DSow/edit#gid=1215904780
season_010,Regular Season,12,person_dauni_daunstar,Dauni,0.0000,1.0000,1000,42,https://docs.google.com/spreadsheets/d/13smsrG2BGYxr_omJWcgr-sUDr39bvOJPNL5RPt4DSow/edit#gid=1215904780
season_010,Regular Season,12,person_domji,Domji,0.0000,0.0000,1000,42,https://docs.google.com/spreadsheets/d/13smsrG2BGYxr_omJWcgr-sUDr39bvOJPNL5RPt4DSow/edit#gid=1215904780
season_010,Regular Season,12,person_king_blex,KingBlex,0.0000,0.0000,1000,42,https://docs.google.com/spreadsheets/d/13smsrG2BGYxr_omJWcgr-sUDr39bvOJPNL5RPt4DSow/edit#gid=1215904780
season_010,Regular Season,12,person_minetube,Minetube,0.1390,1.0000,1000,42,https://docs.google.com/spreadsheets/d/13smsrG2BGYxr_omJWcgr-sUDr39bvOJPNL5RPt4DSow/edit#gid=1215904780
season_010,Regular Season,12,person_nestfloh,Nestfloh,0.0000,1.0000,1000,42,https://docs.google.com/spreadsheets/d/13smsrG2BGYxr_omJWcgr-sUDr39bvOJPNL5RPt4DSow/edit#gid=1215904780
season_010,Regular Season,12,person_og_dnz,OGDNZ,0.0000,0.0000,1000,42,https://docs.google.com/spreadsheets/d/13smsrG2BGYxr_omJWcgr-sUDr39bvOJPNL5RPt4DSow/edit#gid=1215904780
season_010,Regular Season,12,person_pokgalaxy,Pokgalaxy,0.0000,0.0000,1000,42,https://docs.google.com/spreadsheets/d/13smsrG2BGYxr_omJWcgr-sUDr39bvOJPNL5RPt4DSow/edit#gid=1215904780
season_010,Regular Season,12,person_present,PresentLP,0.8610,1.0000,1000,42,https://docs.google.com/spreadsheets/d/13smsrG2BGYxr_omJWcgr-sUDr39bvOJPNL5RPt4DSow/edit#gid=1215904780
season_010,Regular Season,12,person_raizor,Raizor,0.0000,1.0000,1000,42,https://docs.google.com/spreadsheets/d/13smsrG2BGYxr_omJWcgr-sUDr39bvOJPNL5RPt4DSow/edit#gid=1215904780
season_010,Regular Season,12,person_robinvgc,RobinVGC,0.0000,1.0000,1000,42,https://docs.google.com/spreadsheets/d/13smsrG2BGYxr_omJWcgr-sUDr39bvOJPNL5RPt4DSow/edit#gid=1215904780
season_010,Regular Season,12,person_sirazoa,Sirazoa,0.0000,0.0000,1000,42,https://docs.google.com/spreadsheets/d/13smsrG2BGYxr_omJWcgr-sUDr39bvOJPNL5RPt4DSow/edit#gid=1215904780
season_010,Regular Season,12,person_snomnie,Snomnie,0.0000,0.0000,1000,42,https://docs.google.com/spreadsheets/d/13smsrG2BGYxr_omJWcgr-sUDr39bvOJPNL5RPt4DSow/edit#gid=1215904780
season_010,Regular Season,13,person_bene,Bene,0.0000,1.0000,1000,42,https://docs.google.com/spreadsheets/d/13smsrG2BGYxr_omJWcgr-sUDr39bvOJPNL5RPt4DSow/edit#gid=1215904780
season_010,Regular Season,13,person_blocki,Blocki,0.0000,0.0000,1000,42,https://docs.google.com/spreadsheets/d/13smsrG2BGYxr_omJWcgr-sUDr39bvOJPNL5RPt4DSow/edit#gid=1215904780
season_010,Regular Season,13,person_dauni_daunstar,Dauni,0.0000,1.0000,1000,42,https://docs.google.com/spreadsheets/d/13smsrG2BGYxr_omJWcgr-sUDr39bvOJPNL5RPt4DSow/edit#gid=1215904780
season_010,Regular Season,13,person_domji,Domji,0.0000,0.0000,1000,42,https://docs.google.com/spreadsheets/d/13smsrG2BGYxr_omJWcgr-sUDr39bvOJPNL5RPt4DSow/edit#gid=1215904780
season_010,Regular Season,13,person_king_blex,KingBlex,0.0000,0.0000,1000,42,https://docs.google.com/spreadsheets/d/13smsrG2BGYxr_omJWcgr-sUDr39bvOJPNL5RPt4DSow/edit#gid=1215904780
season_010,Regular Season,13,person_minetube,Minetube,0.0000,1.0000,1000,42,https://docs.google.com/spreadsheets/d/13smsrG2BGYxr_omJWcgr-sUDr39bvOJPNL5RPt4DSow/edit#gid=1215904780
season_010,Regular Season,13,person_nestfloh,Nestfloh,0.0000,1.0000,1000,42,https://docs.google.com/spreadsheets/d/13smsrG2BGYxr_omJWcgr-sUDr39bvOJPNL5RPt4DSow/edit#gid=1215904780
season_010,Regular Season,13,person_og_dnz,OGDNZ,0.0000,0.0000,1000,42,https://docs.google.com/spreadsheets/d/13smsrG2BGYxr_omJWcgr-sUDr39bvOJPNL5RPt4DSow/edit#gid=1215904780
season_010,Regular Season,13,person_pokgalaxy,Pokgalaxy,0.0000,0.0000,1000,42,https://docs.google.com/spreadsheets/d/13smsrG2BGYxr_omJWcgr-sUDr39bvOJPNL5RPt4DSow/edit#gid=1215904780
season_010,Regular Season,13,person_present,PresentLP,1.0000,1.0000,1000,42,https://docs.google.com/spreadsheets/d/13smsrG2BGYxr_omJWcgr-sUDr39bvOJPNL5RPt4DSow/edit#gid=1215904780
season_010,Regular Season,13,person_raizor,Raizor,0.0000,1.0000,1000,42,https://docs.google.com/spreadsheets/d/13smsrG2BGYxr_omJWcgr-sUDr39bvOJPNL5RPt4DSow/edit#gid=1215904780
season_010,Regular Season,13,person_robinvgc,RobinVGC,0.0000,1.0000,1000,42,https://docs.google.com/spreadsheets/d/13smsrG2BGYxr_omJWcgr-sUDr39bvOJPNL5RPt4DSow/edit#gid=1215904780
season_010,Regular Season,13,person_sirazoa,Sirazoa,0.0000,0.0000,1000,42,https://docs.google.com/spreadsheets/d/13smsrG2BGYxr_omJWcgr-sUDr39bvOJPNL5RPt4DSow/edit#gid=1215904780
season_010,Regular Season,13,person_snomnie,Snomnie,0.0000,0.0000,1000,42,https://docs.google.com/spreadsheets/d/13smsrG2BGYxr_omJWcgr-sUDr39bvOJPNL5RPt4DSow/edit#gid=1215904780
season_010,Regular Season,110,person_bene,Bene,0.4210,,1000,42,https://docs.google.com/spreadsheets/d/13smsrG2BGYxr_omJWcgr-sUDr39bvOJPNL5RPt4DSow/edit#gid=1215904780
season_010,Regular Season,110,person_blocki,Blocki,0.0000,,1000,42,https://docs.google.com/spreadsheets/d/13smsrG2BGYxr_omJWcgr-sUDr39bvOJPNL5RPt4DSow/edit#gid=1215904780
season_010,Regular Season,110,person_dauni_daunstar,Dauni,0.0000,,1000,42,https://docs.google.com/spreadsheets/d/13smsrG2BGYxr_omJWcgr-sUDr39bvOJPNL5RPt4DSow/edit#gid=1215904780
season_010,Regular Season,110,person_domji,Domji,0.0000,,1000,42,https://docs.google.com/spreadsheets/d/13smsrG2BGYxr_omJWcgr-sUDr39bvOJPNL5RPt4DSow/edit#gid=1215904780
season_010,Regular Season,110,person_king_blex,KingBlex,0.0000,,1000,42,https://docs.google.com/spreadsheets/d/13smsrG2BGYxr_omJWcgr-sUDr39bvOJPNL5RPt4DSow/edit#gid=1215904780
season_010,Regular Season,110,person_minetube,Minetube,0.2100,,1000,42,https://docs.google.com/spreadsheets/d/13smsrG2BGYxr_omJWcgr-sUDr39bvOJPNL5RPt4DSow/edit#gid=1215904780
season_010,Regular Season,110,person_nestfloh,Nestfloh,0.0000,,1000,42,https://docs.google.com/spreadsheets/d/13smsrG2BGYxr_omJWcgr-sUDr39bvOJPNL5RPt4DSow/edit#gid=1215904780
season_010,Regular Season,110,person_og_dnz,OGDNZ,0.0000,,1000,42,https://docs.google.com/spreadsheets/d/13smsrG2BGYxr_omJWcgr-sUDr39bvOJPNL5RPt4DSow/edit#gid=1215904780
season_010,Regular Season,110,person_pokgalaxy,Pokgalaxy,0.0000,,1000,42,https://docs.google.com/spreadsheets/d/13smsrG2BGYxr_omJWcgr-sUDr39bvOJPNL5RPt4DSow/edit#gid=1215904780
season_010,Regular Season,110,person_present,PresentLP,0.2310,,1000,42,https://docs.google.com/spreadsheets/d/13smsrG2BGYxr_omJWcgr-sUDr39bvOJPNL5RPt4DSow/edit#gid=1215904780
season_010,Regular Season,110,person_raizor,Raizor,0.1380,,1000,42,https://docs.google.com/spreadsheets/d/13smsrG2BGYxr_omJWcgr-sUDr39bvOJPNL5RPt4DSow/edit#gid=1215904780
season_010,Regular Season,110,person_robinvgc,RobinVGC,0.0000,,1000,42,https://docs.google.com/spreadsheets/d/13smsrG2BGYxr_omJWcgr-sUDr39bvOJPNL5RPt4DSow/edit#gid=1215904780
season_010,Regular Season,110,person_sirazoa,Sirazoa,0.0000,,1000,42,https://docs.google.com/spreadsheets/d/13smsrG2BGYxr_omJWcgr-sUDr39bvOJPNL5RPt4DSow/edit#gid=1215904780
season_010,Regular Season,110,person_snomnie,Snomnie,0.0000,,1000,42,https://docs.google.com/spreadsheets/d/13smsrG2BGYxr_omJWcgr-sUDr39bvOJPNL5RPt4DSow/edit#gid=1215904780
season_010,Regular Season,120,person_bene,Bene,0.6990,,1000,42,https://docs.google.com/spreadsheets/d/13smsrG2BGYxr_omJWcgr-sUDr39bvOJPNL5RPt4DSow/edit#gid=1215904780
season_010,Regular Season,120,person_blocki,Blocki,0.0000,,1000,42,https://docs.google.com/spreadsheets/d/13smsrG2BGYxr_omJWcgr-sUDr39bvOJPNL5RPt4DSow/edit#gid=1215904780
season_010,Regular Season,120,person_dauni_daunstar,Dauni,0.0000,,1000,42,https://docs.google.com/spreadsheets/d/13smsrG2BGYxr_omJWcgr-sUDr39bvOJPNL5RPt4DSow/edit#gid=1215904780
season_010,Regular Season,120,person_domji,Domji,0.0000,,1000,42,https://docs.google.com/spreadsheets/d/13smsrG2BGYxr_omJWcgr-sUDr39bvOJPNL5RPt4DSow/edit#gid=1215904780
season_010,Regular Season,120,person_king_blex,KingBlex,0.0000,,1000,42,https://docs.google.com/spreadsheets/d/13smsrG2BGYxr_omJWcgr-sUDr39bvOJPNL5RPt4DSow/edit#gid=1215904780
season_010,Regular Season,120,person_minetube,Minetube,0.0000,,1000,42,https://docs.google.com/spreadsheets/d/13smsrG2BGYxr_omJWcgr-sUDr39bvOJPNL5RPt4DSow/edit#gid=1215904780
season_010,Regular Season,120,person_nestfloh,Nestfloh,0.0000,,1000,42,https://docs.google.com/spreadsheets/d/13smsrG2BGYxr_omJWcgr-sUDr39bvOJPNL5RPt4DSow/edit#gid=1215904780
season_010,Regular Season,120,person_og_dnz,OGDNZ,0.0000,,1000,42,https://docs.google.com/spreadsheets/d/13smsrG2BGYxr_omJWcgr-sUDr39bvOJPNL5RPt4DSow/edit#gid=1215904780
season_010,Regular Season,120,person_pokgalaxy,Pokgalaxy,0.0000,,1000,42,https://docs.google.com/spreadsheets/d/13smsrG2BGYxr_omJWcgr-sUDr39bvOJPNL5RPt4DSow/edit#gid=1215904780
season_010,Regular Season,120,person_present,PresentLP,0.0000,,1000,42,https://docs.google.com/spreadsheets/d/13smsrG2BGYxr_omJWcgr-sUDr39bvOJPNL5RPt4DSow/edit#gid=1215904780
season_010,Regular Season,120,person_raizor,Raizor,0.3010,,1000,42,https://docs.google.com/spreadsheets/d/13smsrG2BGYxr_omJWcgr-sUDr39bvOJPNL5RPt4DSow/edit#gid=1215904780
season_010,Regular Season,120,person_robinvgc,RobinVGC,0.0000,,1000,42,https://docs.google.com/spreadsheets/d/13smsrG2BGYxr_omJWcgr-sUDr39bvOJPNL5RPt4DSow/edit#gid=1215904780
season_010,Regular Season,120,person_sirazoa,Sirazoa,0.0000,,1000,42,https://docs.google.com/spreadsheets/d/13smsrG2BGYxr_omJWcgr-sUDr39bvOJPNL5RPt4DSow/edit#gid=1215904780
season_010,Regular Season,120,person_snomnie,Snomnie,0.0000,,1000,42,https://docs.google.com/spreadsheets/d/13smsrG2BGYxr_omJWcgr-sUDr39bvOJPNL5RPt4DSow/edit#gid=1215904780
season_010,Regular Season,140,person_bene,Bene,1.0000,,1000,42,https://docs.google.com/spreadsheets/d/13smsrG2BGYxr_omJWcgr-sUDr39bvOJPNL5RPt4DSow/edit#gid=1215904780
season_010,Regular Season,140,person_blocki,Blocki,0.0000,,1000,42,https://docs.google.com/spreadsheets/d/13smsrG2BGYxr_omJWcgr-sUDr39bvOJPNL5RPt4DSow/edit#gid=1215904780
season_010,Regular Season,140,person_dauni_daunstar,Dauni,0.0000,,1000,42,https://docs.google.com/spreadsheets/d/13smsrG2BGYxr_omJWcgr-sUDr39bvOJPNL5RPt4DSow/edit#gid=1215904780
season_010,Regular Season,140,person_domji,Domji,0.0000,,1000,42,https://docs.google.com/spreadsheets/d/13smsrG2BGYxr_omJWcgr-sUDr39bvOJPNL5RPt4DSow/edit#gid=1215904780
season_010,Regular Season,140,person_king_blex,KingBlex,0.0000,,1000,42,https://docs.google.com/spreadsheets/d/13smsrG2BGYxr_omJWcgr-sUDr39bvOJPNL5RPt4DSow/edit#gid=1215904780
season_010,Regular Season,140,person_minetube,Minetube,0.0000,,1000,42,https://docs.google.com/spreadsheets/d/13smsrG2BGYxr_omJWcgr-sUDr39bvOJPNL5RPt4DSow/edit#gid=1215904780
season_010,Regular Season,140,person_nestfloh,Nestfloh,0.0000,,1000,42,https://docs.google.com/spreadsheets/d/13smsrG2BGYxr_omJWcgr-sUDr39bvOJPNL5RPt4DSow/edit#gid=1215904780
season_010,Regular Season,140,person_og_dnz,OGDNZ,0.0000,,1000,42,https://docs.google.com/spreadsheets/d/13smsrG2BGYxr_omJWcgr-sUDr39bvOJPNL5RPt4DSow/edit#gid=1215904780
season_010,Regular Season,140,person_pokgalaxy,Pokgalaxy,0.0000,,1000,42,https://docs.google.com/spreadsheets/d/13smsrG2BGYxr_omJWcgr-sUDr39bvOJPNL5RPt4DSow/edit#gid=1215904780
season_010,Regular Season,140,person_present,PresentLP,0.0000,,1000,42,https://docs.google.com/spreadsheets/d/13smsrG2BGYxr_omJWcgr-sUDr39bvOJPNL5RPt4DSow/edit#gid=1215904780
season_010,Regular Season,140,person_raizor,Raizor,0.0000,,1000,42,https://docs.google.com/spreadsheets/d/13smsrG2BGYxr_omJWcgr-sUDr39bvOJPNL5RPt4DSow/edit#gid=1215904780
season_010,Regular Season,140,person_robinvgc,RobinVGC,0.0000,,1000,42,https://docs.google.com/spreadsheets/d/13smsrG2BGYxr_omJWcgr-sUDr39bvOJPNL5RPt4DSow/edit#gid=1215904780
season_010,Regular Season,140,person_sirazoa,Sirazoa,0.0000,,1000,42,https://docs.google.com/spreadsheets/d/13smsrG2BGYxr_omJWcgr-sUDr39bvOJPNL5RPt4DSow/edit#gid=1215904780
season_010,Regular Season,140,person_snomnie,Snomnie,0.0000,,1000,42,https://docs.google.com/spreadsheets/d/13smsrG2BGYxr_omJWcgr-sUDr39bvOJPNL5RPt4DSow/edit#gid=1215904780
